date,stock_id,close
2017-01-03,1101,18.32
2017-01-04,1101,18.37
2017-01-05,1101,18.37
2017-01-06,1101,18.37
2017-01-09,1101,18.19
2017-01-10,1101,18.22
2017-01-11,1101,18.66
2017-01-12,1101,18.92
2017-01-13,1101,18.77
2017-01-16,1101,18.66
2017-01-17,1101,18.53
2017-01-18,1101,18.48
2017-01-19,1101,18.06
2017-01-20,1101,18.22
2017-01-23,1101,18.64
2017-01-24,1101,18.45
2017-01-03,1102,17.09
2017-01-04,1102,16.99
2017-01-05,1102,17.09
2017-01-06,1102,17.09
2017-01-09,1102,16.96
2017-01-10,1102,16.89
2017-01-11,1102,17.18
2017-01-12,1102,17.54
2017-01-13,1102,17.57
2017-01-16,1102,17.35
2017-01-17,1102,17.41
2017-01-18,1102,17.12
2017-01-19,1102,16.96
2017-01-20,1102,16.89
2017-01-23,1102,17.05
2017-01-24,1102,17.25
2017-01-03,1104,14.23
2017-01-04,1104,14.23
2017-01-05,1104,14.26
2017-01-06,1104,14.18
2017-01-09,1104,14.18
2017-01-10,1104,14.15
2017-01-11,1104,14.21
2017-01-12,1104,14.21
2017-01-13,1104,14.15
2017-01-16,1104,14.15
2017-01-17,1104,14.21
2017-01-18,1104,14.23
2017-01-19,1104,14.23
2017-01-20,1104,14.21
2017-01-23,1104,14.21
2017-01-24,1104,14.23
2017-01-03,1110,14.66
2017-01-04,1110,14.56
2017-01-05,1110,14.56
2017-01-06,1110,14.52
2017-01-09,1110,14.42
2017-01-10,1110,14.42
2017-01-11,1110,14.28
2017-01-12,1110,14.33
2017-01-13,1110,14.47
2017-01-17,1110,14.42
2017-01-18,1110,14.66
2017-01-19,1110,14.56
2017-01-20,1110,14.52
2017-01-23,1110,14.42
2017-01-24,1110,14.8
2017-01-03,1201,15.19
2017-01-04,1201,15.02
2017-01-05,1201,15.06
2017-01-06,1201,15.02
2017-01-09,1201,15.11
2017-01-10,1201,14.98
2017-01-11,1201,15.5
2017-01-12,1201,15.58
2017-01-13,1201,15.32
2017-01-16,1201,15.19
2017-01-17,1201,15.41
2017-01-18,1201,15.37
2017-01-19,1201,15.84
2017-01-20,1201,15.75
2017-01-23,1201,15.71
2017-01-24,1201,15.8
2017-01-03,1203,17.31
2017-01-04,1203,17.39
2017-01-05,1203,17.39
2017-01-06,1203,17.54
2017-01-09,1203,17.5
2017-01-10,1203,17.39
2017-01-11,1203,17.35
2017-01-12,1203,17.39
2017-01-13,1203,17.35
2017-01-16,1203,17.39
2017-01-17,1203,17.5
2017-01-18,1203,17.66
2017-01-19,1203,17.58
2017-01-20,1203,17.58
2017-01-23,1203,17.58
2017-01-24,1203,17.5
2017-01-03,1210,17.3
2017-01-04,1210,17.27
2017-01-05,1210,17.21
2017-01-06,1210,17.09
2017-01-09,1210,16.86
2017-01-10,1210,16.77
2017-01-11,1210,16.92
2017-01-12,1210,16.92
2017-01-13,1210,16.92
2017-01-16,1210,16.77
2017-01-17,1210,16.86
2017-01-18,1210,17.06
2017-01-19,1210,17.03
2017-01-20,1210,17.09
2017-01-23,1210,17.06
2017-01-24,1210,17.09
2017-01-03,1213,16.35
2017-01-04,1213,16.35
2017-01-05,1213,16.35
2017-01-06,1213,16.4
2017-01-09,1213,16.35
2017-01-10,1213,16.3
2017-01-11,1213,16.35
2017-01-12,1213,16.3
2017-01-13,1213,16.35
2017-01-16,1213,16.35
2017-01-17,1213,16.4
2017-01-18,1213,16.45
2017-01-19,1213,16.4
2017-01-20,1213,16.45
2017-01-23,1213,16.54
2017-01-24,1213,16.59
2017-01-03,1215,27.86
2017-01-04,1215,28.77
2017-01-05,1215,28.83
2017-01-06,1215,28.92
2017-01-09,1215,28.68
2017-01-10,1215,28.28
2017-01-11,1215,28.55
2017-01-12,1215,28.65
2017-01-13,1215,28.74
2017-01-16,1215,28.31
2017-01-17,1215,28.31
2017-01-18,1215,29.67
2017-01-19,1215,28.62
2017-01-20,1215,28.01
2017-01-23,1215,28.31
2017-01-24,1215,28.01
2017-01-03,1216,39.82
2017-01-04,1216,39.59
2017-01-05,1216,40.42
2017-01-06,1216,40.42
2017-01-09,1216,40.49
2017-01-10,1216,40.12
2017-01-11,1216,40.34
2017-01-12,1216,40.64
2017-01-13,1216,41.09
2017-01-16,1216,40.72
2017-01-17,1216,40.94
2017-01-18,1216,40.34
2017-01-19,1216,40.79
2017-01-20,1216,40.57
2017-01-23,1216,40.72
2017-01-24,1216,39.97
2017-01-03,1218,11.15
2017-01-04,1218,11.22
2017-01-05,1218,11.22
2017-01-06,1218,11.19
2017-01-09,1218,11.22
2017-01-10,1218,11.19
2017-01-11,1218,11.19
2017-01-12,1218,11.3
2017-01-13,1218,11.22
2017-01-16,1218,11.11
2017-01-17,1218,11.22
2017-01-18,1218,11.19
2017-01-19,1218,11.15
2017-01-20,1218,11.19
2017-01-23,1218,11.22
2017-01-24,1218,11.19
2017-01-03,1219,11.59
2017-01-04,1219,11.55
2017-01-05,1219,11.59
2017-01-06,1219,11.55
2017-01-09,1219,11.44
2017-01-10,1219,11.59
2017-01-11,1219,11.62
2017-01-12,1219,11.62
2017-01-13,1219,11.55
2017-01-16,1219,11.59
2017-01-17,1219,11.51
2017-01-18,1219,11.62
2017-01-19,1219,11.62
2017-01-20,1219,11.55
2017-01-23,1219,11.66
2017-01-24,1219,11.62
2017-01-03,1225,37.78
2017-01-04,1225,37.7
2017-01-05,1225,37.82
2017-01-06,1225,37.7
2017-01-09,1225,37.74
2017-01-10,1225,37.7
2017-01-11,1225,37.39
2017-01-12,1225,37.7
2017-01-13,1225,37.7
2017-01-16,1225,37.43
2017-01-17,1225,37.39
2017-01-18,1225,37.39
2017-01-19,1225,37.43
2017-01-20,1225,37.7
2017-01-23,1225,37.7
2017-01-03,1227,54.82
2017-01-04,1227,54.89
2017-01-05,1227,55.03
2017-01-06,1227,55.18
2017-01-09,1227,54.53
2017-01-10,1227,54.17
2017-01-11,1227,54.96
2017-01-12,1227,54.96
2017-01-13,1227,54.96
2017-01-16,1227,54.39
2017-01-17,1227,54.39
2017-01-18,1227,54.24
2017-01-19,1227,54.6
2017-01-20,1227,54.24
2017-01-23,1227,54.89
2017-01-24,1227,55.25
2017-01-03,1231,14.19
2017-01-04,1231,14.35
2017-01-05,1231,14.39
2017-01-06,1231,14.32
2017-01-09,1231,14.44
2017-01-10,1231,14.35
2017-01-11,1231,14.44
2017-01-12,1231,14.44
2017-01-13,1231,14.59
2017-01-16,1231,14.5
2017-01-17,1231,14.5
2017-01-18,1231,14.48
2017-01-19,1231,14.46
2017-01-20,1231,14.37
2017-01-23,1231,14.3
2017-01-24,1231,14.3
2017-01-03,1232,57.02
2017-01-04,1232,57.15
2017-01-05,1232,57.29
2017-01-06,1232,57.42
2017-01-09,1232,57.42
2017-01-10,1232,57.22
2017-01-11,1232,57.22
2017-01-12,1232,57.22
2017-01-13,1232,57.36
2017-01-16,1232,57.56
2017-01-17,1232,57.49
2017-01-18,1232,57.56
2017-01-19,1232,57.29
2017-01-20,1232,57.15
2017-01-23,1232,57.49
2017-01-24,1232,57.49
2017-01-03,1233,26.57
2017-01-04,1233,26.64
2017-01-05,1233,26.68
2017-01-06,1233,26.64
2017-01-09,1233,26.78
2017-01-10,1233,26.86
2017-01-11,1233,26.82
2017-01-12,1233,26.78
2017-01-13,1233,26.78
2017-01-16,1233,26.78
2017-01-17,1233,26.86
2017-01-18,1233,26.97
2017-01-19,1233,26.97
2017-01-20,1233,27.0
2017-01-23,1233,26.78
2017-01-24,1233,26.64
2017-01-03,1234,21.5
2017-01-04,1234,21.53
2017-01-05,1234,21.5
2017-01-06,1234,21.5
2017-01-09,1234,21.6
2017-01-10,1234,21.5
2017-01-11,1234,21.53
2017-01-12,1234,21.53
2017-01-13,1234,21.57
2017-01-16,1234,21.63
2017-01-17,1234,21.63
2017-01-18,1234,21.63
2017-01-19,1234,21.63
2017-01-20,1234,21.6
2017-01-23,1234,21.57
2017-01-24,1234,21.63
2017-01-03,1235,10.43
2017-01-04,1235,10.43
2017-01-05,1235,10.45
2017-01-06,1235,10.63
2017-01-09,1235,10.66
2017-01-10,1235,10.59
2017-01-11,1235,10.57
2017-01-12,1235,10.61
2017-01-13,1235,10.61
2017-01-16,1235,10.63
2017-01-17,1235,10.63
2017-01-18,1235,10.63
2017-01-19,1235,10.61
2017-01-20,1235,10.61
2017-01-23,1235,10.63
2017-01-24,1235,10.66
2017-01-03,1236,17.12
2017-01-04,1236,17.12
2017-01-05,1236,17.21
2017-01-06,1236,17.21
2017-01-09,1236,17.26
2017-01-10,1236,17.21
2017-01-11,1236,17.21
2017-01-12,1236,17.21
2017-01-13,1236,17.21
2017-01-16,1236,17.12
2017-01-17,1236,17.07
2017-01-18,1236,17.02
2017-01-19,1236,17.02
2017-01-20,1236,17.07
2017-01-23,1236,17.07
2017-01-24,1236,17.21
2017-01-03,1256,81.92
2017-01-04,1256,83.26
2017-01-05,1256,83.26
2017-01-06,1256,83.59
2017-01-09,1256,83.59
2017-01-10,1256,83.59
2017-01-11,1256,83.59
2017-01-12,1256,83.59
2017-01-13,1256,84.26
2017-01-16,1256,83.59
2017-01-17,1256,84.6
2017-01-18,1256,84.6
2017-01-19,1256,83.59
2017-01-20,1256,83.59
2017-01-23,1256,84.6
2017-01-24,1256,83.93
2017-01-03,1258,36.71
2017-01-04,1258,36.85
2017-01-05,1258,37.13
2017-01-06,1258,37.09
2017-01-09,1258,36.95
2017-01-10,1258,37.23
2017-01-11,1258,37.13
2017-01-12,1258,37.04
2017-01-13,1258,36.8
2017-01-16,1258,36.8
2017-01-17,1258,37.13
2017-01-18,1258,37.51
2017-01-19,1258,37.28
2017-01-20,1258,37.28
2017-01-23,1258,37.28
2017-01-24,1258,37.47
2017-01-03,1259,55.07
2017-01-04,1259,54.49
2017-01-05,1259,54.49
2017-01-06,1259,54.49
2017-01-09,1259,55.36
2017-01-10,1259,55.36
2017-01-11,1259,54.86
2017-01-12,1259,54.64
2017-01-13,1259,54.64
2017-01-16,1259,55.22
2017-01-17,1259,54.35
2017-01-18,1259,54.35
2017-01-19,1259,54.42
2017-01-20,1259,54.35
2017-01-23,1259,54.42
2017-01-24,1259,54.35
2017-01-03,1262,131.07
2017-01-04,1262,130.62
2017-01-05,1262,132.87
2017-01-06,1262,131.97
2017-01-09,1262,129.27
2017-01-10,1262,135.12
2017-01-11,1262,136.92
2017-01-12,1262,137.37
2017-01-13,1262,137.37
2017-01-16,1262,135.12
2017-01-17,1262,134.22
2017-01-18,1262,138.72
2017-01-19,1262,137.82
2017-01-20,1262,137.37
2017-01-23,1262,138.27
2017-01-24,1262,137.82
2017-01-03,1264,111.03
2017-01-04,1264,111.03
2017-01-05,1264,111.3
2017-01-06,1264,111.03
2017-01-09,1264,111.03
2017-01-10,1264,111.58
2017-01-11,1264,112.13
2017-01-12,1264,112.13
2017-01-13,1264,111.58
2017-01-16,1264,111.03
2017-01-17,1264,111.03
2017-01-18,1264,111.86
2017-01-19,1264,112.13
2017-01-20,1264,112.13
2017-01-23,1264,112.69
2017-01-24,1264,112.69
2017-01-03,1268,112.71
2017-01-04,1268,110.96
2017-01-05,1268,112.71
2017-01-06,1268,112.37
2017-01-09,1268,112.71
2017-01-10,1268,112.71
2017-01-11,1268,112.71
2017-01-12,1268,110.33
2017-01-13,1268,112.72
2017-01-16,1268,113.76
2017-01-17,1268,111.32
2017-01-18,1268,111.32
2017-01-19,1268,111.32
2017-01-20,1268,112.36
2017-01-23,1268,112.36
2017-01-24,1268,112.36
2017-01-03,1301,62.06
2017-01-04,1301,62.19
2017-01-05,1301,62.26
2017-01-06,1301,62.33
2017-01-09,1301,62.13
2017-01-10,1301,61.64
2017-01-11,1301,61.51
2017-01-12,1301,62.54
2017-01-13,1301,62.68
2017-01-16,1301,61.57
2017-01-17,1301,61.99
2017-01-18,1301,60.33
2017-01-19,1301,60.61
2017-01-20,1301,60.95
2017-01-23,1301,61.78
2017-01-24,1301,62.13
2017-01-03,1303,47.74
2017-01-04,1303,48.08
2017-01-05,1303,49.22
2017-01-06,1303,49.22
2017-01-09,1303,49.49
2017-01-10,1303,49.02
2017-01-11,1303,48.55
2017-01-12,1303,49.22
2017-01-13,1303,49.22
2017-01-16,1303,48.75
2017-01-17,1303,48.95
2017-01-18,1303,49.35
2017-01-19,1303,48.55
2017-01-20,1303,48.55
2017-01-23,1303,49.29
2017-01-24,1303,49.29
2017-01-03,1304,11.77
2017-01-04,1304,11.81
2017-01-05,1304,11.7
2017-01-06,1304,11.66
2017-01-09,1304,11.44
2017-01-10,1304,11.59
2017-01-11,1304,11.59
2017-01-12,1304,11.62
2017-01-13,1304,11.55
2017-01-16,1304,11.29
2017-01-17,1304,11.4
2017-01-18,1304,11.51
2017-01-19,1304,11.4
2017-01-20,1304,11.4
2017-01-23,1304,11.51
2017-01-24,1304,11.66
2017-01-03,1305,13.86
2017-01-04,1305,14.23
2017-01-05,1305,14.06
2017-01-06,1305,14.09
2017-01-09,1305,13.45
2017-01-10,1305,13.45
2017-01-11,1305,13.6
2017-01-12,1305,13.8
2017-01-13,1305,14.0
2017-01-16,1305,14.12
2017-01-17,1305,14.46
2017-01-18,1305,14.03
2017-01-19,1305,13.8
2017-01-20,1305,13.86
2017-01-23,1305,13.86
2017-01-24,1305,13.97
2017-01-03,1307,26.0
2017-01-04,1307,26.11
2017-01-05,1307,26.19
2017-01-06,1307,26.11
2017-01-09,1307,26.08
2017-01-10,1307,26.11
2017-01-11,1307,26.11
2017-01-12,1307,26.22
2017-01-13,1307,26.19
2017-01-16,1307,26.11
2017-01-17,1307,26.11
2017-01-18,1307,26.45
2017-01-19,1307,26.45
2017-01-20,1307,26.52
2017-01-23,1307,26.48
2017-01-24,1307,26.59
2017-01-03,1308,12.22
2017-01-04,1308,12.16
2017-01-05,1308,12.09
2017-01-06,1308,12.22
2017-01-09,1308,12.03
2017-01-10,1308,12.44
2017-01-11,1308,12.44
2017-01-12,1308,12.54
2017-01-13,1308,12.48
2017-01-16,1308,12.16
2017-01-17,1308,12.29
2017-01-18,1308,12.38
2017-01-19,1308,12.22
2017-01-20,1308,12.25
2017-01-23,1308,12.29
2017-01-24,1308,12.35
2017-01-03,1310,13.75
2017-01-04,1310,13.85
2017-01-05,1310,13.92
2017-01-06,1310,13.78
2017-01-09,1310,13.64
2017-01-10,1310,13.78
2017-01-11,1310,13.82
2017-01-12,1310,13.85
2017-01-13,1310,13.85
2017-01-16,1310,13.5
2017-01-17,1310,14.34
2017-01-18,1310,14.34
2017-01-19,1310,14.2
2017-01-20,1310,14.2
2017-01-23,1310,14.23
2017-01-24,1310,14.37
2017-01-03,1312,16.36
2017-01-04,1312,16.32
2017-01-05,1312,16.24
2017-01-06,1312,16.56
2017-01-09,1312,16.28
2017-01-10,1312,16.32
2017-01-11,1312,16.36
2017-01-12,1312,16.56
2017-01-13,1312,16.56
2017-01-16,1312,15.41
2017-01-17,1312,15.93
2017-01-18,1312,16.0
2017-01-19,1312,15.81
2017-01-20,1312,16.0
2017-01-23,1312,16.16
2017-01-24,1312,16.0
2017-01-03,1312A,19.57
2017-01-04,1312A,19.57
2017-01-05,1312A,19.57
2017-01-06,1312A,19.57
2017-01-10,1312A,19.57
2017-01-11,1312A,19.57
2017-01-12,1312A,19.57
2017-01-16,1312A,19.53
2017-01-18,1312A,19.53
2017-01-19,1312A,19.57
2017-01-20,1312A,19.57
2017-01-24,1312A,19.72
2017-01-03,1315,35.54
2017-01-04,1315,35.68
2017-01-05,1315,35.68
2017-01-06,1315,35.61
2017-01-09,1315,35.47
2017-01-10,1315,35.54
2017-01-11,1315,35.68
2017-01-12,1315,35.61
2017-01-13,1315,35.54
2017-01-16,1315,35.54
2017-01-17,1315,35.68
2017-01-18,1315,35.89
2017-01-19,1315,35.96
2017-01-20,1315,35.82
2017-01-23,1315,35.82
2017-01-24,1315,36.46
2017-01-03,1316,11.71
2017-01-04,1316,11.6
2017-01-05,1316,11.6
2017-01-06,1316,11.65
2017-01-09,1316,12.08
2017-01-10,1316,12.13
2017-01-11,1316,12.19
2017-01-24,1316,13.37
2017-01-03,1319,44.99
2017-01-04,1319,44.71
2017-01-05,1319,44.78
2017-01-06,1319,45.35
2017-01-09,1319,44.42
2017-01-10,1319,42.92
2017-01-11,1319,40.64
2017-01-12,1319,41.35
2017-01-13,1319,40.35
2017-01-16,1319,40.64
2017-01-17,1319,41.99
2017-01-18,1319,41.49
2017-01-19,1319,41.64
2017-01-20,1319,41.35
2017-01-23,1319,40.64
2017-01-24,1319,41.14
2017-01-03,1321,23.21
2017-01-04,1321,23.25
2017-01-05,1321,23.35
2017-01-06,1321,23.4
2017-01-09,1321,23.4
2017-01-10,1321,23.35
2017-01-11,1321,23.25
2017-01-12,1321,23.25
2017-01-13,1321,23.3
2017-01-16,1321,23.21
2017-01-17,1321,23.44
2017-01-18,1321,23.58
2017-01-19,1321,23.63
2017-01-20,1321,23.63
2017-01-23,1321,24.53
2017-01-24,1321,24.62
2017-01-03,1323,22.5
2017-01-04,1323,22.94
2017-01-05,1323,22.94
2017-01-06,1323,22.67
2017-01-09,1323,22.67
2017-01-10,1323,22.67
2017-01-11,1323,22.4
2017-01-12,1323,22.37
2017-01-13,1323,22.23
2017-01-16,1323,21.93
2017-01-17,1323,22.3
2017-01-18,1323,22.23
2017-01-19,1323,22.33
2017-01-20,1323,22.33
2017-01-23,1323,22.27
2017-01-24,1323,22.3
2017-01-03,1324,10.83
2017-01-04,1324,10.95
2017-01-05,1324,10.87
2017-01-06,1324,10.87
2017-01-09,1324,10.91
2017-01-10,1324,10.91
2017-01-11,1324,10.95
2017-01-12,1324,10.7
2017-01-13,1324,10.74
2017-01-16,1324,10.83
2017-01-18,1324,10.87
2017-01-19,1324,10.87
2017-01-20,1324,10.87
2017-01-23,1324,10.91
2017-01-24,1324,10.87
2017-01-03,1325,14.63
2017-01-04,1325,14.66
2017-01-05,1325,14.66
2017-01-06,1325,14.66
2017-01-09,1325,14.66
2017-01-10,1325,14.63
2017-01-11,1325,14.63
2017-01-12,1325,14.59
2017-01-13,1325,14.59
2017-01-16,1325,14.59
2017-01-17,1325,14.59
2017-01-18,1325,14.59
2017-01-19,1325,14.63
2017-01-20,1325,14.63
2017-01-23,1325,14.63
2017-01-24,1325,14.66
2017-01-03,1326,68.05
2017-01-04,1326,67.98
2017-01-05,1326,68.54
2017-01-06,1326,68.33
2017-01-09,1326,67.98
2017-01-10,1326,66.86
2017-01-11,1326,66.93
2017-01-12,1326,68.54
2017-01-13,1326,69.03
2017-01-16,1326,68.19
2017-01-17,1326,68.47
2017-01-18,1326,66.02
2017-01-19,1326,66.23
2017-01-20,1326,67.14
2017-01-23,1326,67.7
2017-01-24,1326,67.7
2017-01-03,1337,17.34
2017-01-04,1337,17.69
2017-01-05,1337,17.69
2017-01-06,1337,17.79
2017-01-09,1337,17.44
2017-01-10,1337,17.89
2017-01-11,1337,17.79
2017-01-12,1337,17.79
2017-01-13,1337,17.89
2017-01-16,1337,17.44
2017-01-17,1337,17.24
2017-01-18,1337,17.54
2017-01-19,1337,17.49
2017-01-20,1337,17.24
2017-01-23,1337,17.29
2017-01-24,1337,17.24
2017-01-03,1338,63.13
2017-01-04,1338,62.79
2017-01-05,1338,63.26
2017-01-06,1338,63.6
2017-01-09,1338,62.79
2017-01-10,1338,62.52
2017-01-11,1338,61.92
2017-01-12,1338,62.25
2017-01-13,1338,61.44
2017-01-16,1338,60.7
2017-01-17,1338,61.58
2017-01-18,1338,60.97
2017-01-19,1338,61.04
2017-01-20,1338,60.77
2017-01-23,1338,60.97
2017-01-24,1338,61.11
2017-01-03,1339,26.48
2017-01-04,1339,26.44
2017-01-05,1339,27.35
2017-01-06,1339,27.38
2017-01-09,1339,27.62
2017-01-10,1339,27.08
2017-01-11,1339,26.64
2017-01-12,1339,26.68
2017-01-13,1339,26.48
2017-01-16,1339,26.48
2017-01-17,1339,26.54
2017-01-18,1339,26.54
2017-01-19,1339,26.54
2017-01-20,1339,26.37
2017-01-23,1339,26.1
2017-01-24,1339,26.34
2017-01-03,1340,39.62
2017-01-04,1340,40.48
2017-01-05,1340,40.56
2017-01-06,1340,40.48
2017-01-09,1340,39.91
2017-01-10,1340,39.69
2017-01-11,1340,40.27
2017-01-12,1340,40.56
2017-01-13,1340,40.99
2017-01-16,1340,40.41
2017-01-17,1340,40.41
2017-01-18,1340,40.34
2017-01-19,1340,40.7
2017-01-20,1340,40.27
2017-01-23,1340,40.05
2017-01-24,1340,40.12
2017-01-03,1402,17.15
2017-01-04,1402,17.12
2017-01-05,1402,17.4
2017-01-06,1402,17.47
2017-01-09,1402,17.26
2017-01-10,1402,17.4
2017-01-11,1402,17.47
2017-01-12,1402,17.68
2017-01-13,1402,17.65
2017-01-16,1402,17.51
2017-01-17,1402,17.51
2017-01-18,1402,17.79
2017-01-19,1402,17.82
2017-01-20,1402,17.72
2017-01-23,1402,18.28
2017-01-24,1402,18.35
2017-01-03,1410,20.07
2017-01-04,1410,20.07
2017-01-05,1410,20.16
2017-01-06,1410,20.16
2017-01-09,1410,20.12
2017-01-11,1410,20.07
2017-01-12,1410,20.16
2017-01-13,1410,20.32
2017-01-16,1410,20.28
2017-01-17,1410,20.16
2017-01-18,1410,21.4
2017-01-19,1410,21.06
2017-01-20,1410,20.86
2017-01-23,1410,21.48
2017-01-24,1410,21.65
2017-01-03,1416,16.74
2017-01-04,1416,16.61
2017-01-05,1416,16.65
2017-01-06,1416,16.71
2017-01-09,1416,16.74
2017-01-10,1416,16.77
2017-01-11,1416,17.5
2017-01-12,1416,17.46
2017-01-13,1416,17.59
2017-01-16,1416,17.59
2017-01-17,1416,17.5
2017-01-18,1416,17.43
2017-01-19,1416,17.33
2017-01-20,1416,17.3
2017-01-23,1416,17.27
2017-01-24,1416,17.23
2017-01-03,1419,31.28
2017-01-04,1419,31.24
2017-01-05,1419,31.2
2017-01-06,1419,31.52
2017-01-09,1419,31.32
2017-01-10,1419,31.32
2017-01-11,1419,31.28
2017-01-12,1419,31.24
2017-01-13,1419,31.28
2017-01-16,1419,31.28
2017-01-17,1419,31.28
2017-01-18,1419,31.32
2017-01-19,1419,31.59
2017-01-20,1419,31.36
2017-01-23,1419,31.24
2017-01-24,1419,31.63
2017-01-03,1432,29.01
2017-01-04,1432,29.1
2017-01-05,1432,29.28
2017-01-06,1432,29.1
2017-01-09,1432,28.92
2017-01-10,1432,28.75
2017-01-11,1432,28.39
2017-01-12,1432,28.56
2017-01-13,1432,28.39
2017-01-16,1432,28.21
2017-01-17,1432,28.21
2017-01-18,1432,28.13
2017-01-19,1432,28.13
2017-01-20,1432,28.39
2017-01-23,1432,28.3
2017-01-24,1432,28.3
2017-01-03,1434,20.27
2017-01-04,1434,20.51
2017-01-05,1434,20.51
2017-01-06,1434,20.71
2017-01-09,1434,20.57
2017-01-10,1434,20.57
2017-01-11,1434,20.64
2017-01-12,1434,20.78
2017-01-13,1434,20.88
2017-01-16,1434,20.88
2017-01-17,1434,20.88
2017-01-18,1434,20.51
2017-01-19,1434,20.54
2017-01-20,1434,20.51
2017-01-23,1434,20.85
2017-01-24,1434,20.57
2017-01-03,1436,18.43
2017-01-04,1436,18.47
2017-01-05,1436,18.5
2017-01-06,1436,18.5
2017-01-09,1436,18.47
2017-01-10,1436,18.45
2017-01-11,1436,18.52
2017-01-12,1436,18.54
2017-01-13,1436,18.38
2017-01-16,1436,18.43
2017-01-17,1436,18.45
2017-01-18,1436,18.38
2017-01-19,1436,18.43
2017-01-20,1436,18.78
2017-01-23,1436,18.85
2017-01-24,1436,18.83
2017-01-03,1437,12.3
2017-01-04,1437,12.38
2017-01-05,1437,12.38
2017-01-06,1437,12.56
2017-01-09,1437,12.56
2017-01-10,1437,12.64
2017-01-11,1437,12.67
2017-01-12,1437,12.64
2017-01-13,1437,12.41
2017-01-16,1437,12.19
2017-01-17,1437,12.23
2017-01-18,1437,12.34
2017-01-19,1437,12.27
2017-01-20,1437,12.38
2017-01-23,1437,12.45
2017-01-24,1437,12.79
2017-01-03,1439,13.06
2017-01-04,1439,13.06
2017-01-05,1439,13.15
2017-01-06,1439,13.02
2017-01-09,1439,12.78
2017-01-10,1439,12.78
2017-01-11,1439,12.65
2017-01-12,1439,12.86
2017-01-13,1439,12.78
2017-01-16,1439,12.78
2017-01-17,1439,13.02
2017-01-18,1439,14.31
2017-01-19,1439,13.89
2017-01-20,1439,13.64
2017-01-23,1439,14.39
2017-01-24,1439,15.79
2017-01-03,1440,9.96
2017-01-04,1440,9.88
2017-01-05,1440,10.0
2017-01-06,1440,10.33
2017-01-09,1440,10.37
2017-01-10,1440,10.21
2017-01-11,1440,10.29
2017-01-12,1440,10.37
2017-01-13,1440,10.37
2017-01-16,1440,10.41
2017-01-17,1440,10.69
2017-01-18,1440,11.39
2017-01-19,1440,11.3
2017-01-20,1440,11.18
2017-01-23,1440,11.02
2017-01-24,1440,11.14
2017-01-03,1441,14.05
2017-01-04,1441,14.05
2017-01-05,1441,14.26
2017-01-06,1441,14.14
2017-01-09,1441,14.01
2017-01-10,1441,14.07
2017-01-11,1441,14.1
2017-01-12,1441,14.1
2017-01-13,1441,14.1
2017-01-16,1441,14.07
2017-01-17,1441,14.1
2017-01-18,1441,14.5
2017-01-19,1441,14.41
2017-01-20,1441,14.34
2017-01-23,1441,14.7
2017-01-24,1441,14.79
2017-01-03,1442,11.05
2017-01-04,1442,11.12
2017-01-05,1442,11.05
2017-01-06,1442,11.12
2017-01-09,1442,11.09
2017-01-10,1442,11.05
2017-01-11,1442,11.05
2017-01-12,1442,11.02
2017-01-13,1442,10.99
2017-01-16,1442,10.99
2017-01-17,1442,10.96
2017-01-18,1442,10.96
2017-01-19,1442,10.93
2017-01-20,1442,10.96
2017-01-23,1442,10.9
2017-01-24,1442,10.96
2017-01-03,1446,16.6
2017-01-04,1446,16.33
2017-01-05,1446,16.37
2017-01-06,1446,16.83
2017-01-09,1446,16.51
2017-01-10,1446,16.47
2017-01-11,1446,16.19
2017-01-12,1446,16.1
2017-01-13,1446,16.01
2017-01-16,1446,16.01
2017-01-17,1446,16.19
2017-01-18,1446,16.33
2017-01-19,1446,16.33
2017-01-20,1446,16.19
2017-01-23,1446,16.33
2017-01-24,1446,16.28
2017-01-03,1449,11.7
2017-01-04,1449,11.89
2017-01-05,1449,11.61
2017-01-06,1449,11.7
2017-01-09,1449,11.55
2017-01-10,1449,11.58
2017-01-11,1449,11.66
2017-01-12,1449,11.78
2017-01-13,1449,11.8
2017-01-16,1449,11.75
2017-01-17,1449,11.63
2017-01-18,1449,11.87
2017-01-19,1449,13.03
2017-01-20,1449,14.32
2017-01-23,1449,15.74
2017-01-24,1449,16.12
2017-01-03,1451,25.15
2017-01-04,1451,25.2
2017-01-05,1451,25.3
2017-01-06,1451,25.25
2017-01-09,1451,25.2
2017-01-10,1451,25.2
2017-01-11,1451,25.3
2017-01-12,1451,25.46
2017-01-13,1451,25.51
2017-01-16,1451,25.46
2017-01-17,1451,25.35
2017-01-18,1451,25.56
2017-01-19,1451,25.51
2017-01-20,1451,25.4
2017-01-23,1451,25.46
2017-01-24,1451,25.4
2017-01-03,1452,12.4
2017-01-04,1452,12.74
2017-01-05,1452,12.71
2017-01-06,1452,12.74
2017-01-09,1452,12.62
2017-01-10,1452,12.8
2017-01-11,1452,12.65
2017-01-12,1452,12.62
2017-01-13,1452,12.53
2017-01-16,1452,12.4
2017-01-17,1452,12.46
2017-01-18,1452,12.83
2017-01-19,1452,12.74
2017-01-20,1452,12.59
2017-01-23,1452,12.59
2017-01-24,1452,12.59
2017-01-05,1456,7.91
2017-01-06,1456,8.01
2017-01-09,1456,8.01
2017-01-10,1456,8.01
2017-01-11,1456,8.82
2017-01-12,1456,9.65
2017-01-13,1456,10.61
2017-01-16,1456,11.66
2017-01-17,1456,12.8
2017-01-18,1456,14.07
2017-01-19,1456,13.02
2017-01-20,1456,13.93
2017-01-23,1456,13.21
2017-01-24,1456,12.8
2017-01-03,1460,18.77
2017-01-04,1460,18.82
2017-01-05,1460,18.88
2017-01-06,1460,18.77
2017-01-09,1460,18.49
2017-01-10,1460,18.55
2017-01-11,1460,18.6
2017-01-12,1460,18.49
2017-01-13,1460,18.27
2017-01-16,1460,18.44
2017-01-17,1460,18.27
2017-01-18,1460,18.49
2017-01-19,1460,18.38
2017-01-20,1460,18.33
2017-01-23,1460,18.38
2017-01-24,1460,18.71
2017-01-03,1463,12.9
2017-01-04,1463,12.96
2017-01-05,1463,12.9
2017-01-06,1463,13.05
2017-01-09,1463,12.81
2017-01-10,1463,12.9
2017-01-11,1463,12.84
2017-01-12,1463,12.87
2017-01-13,1463,12.66
2017-01-16,1463,12.54
2017-01-17,1463,12.48
2017-01-18,1463,12.54
2017-01-19,1463,12.51
2017-01-20,1463,12.51
2017-01-23,1463,12.87
2017-01-24,1463,12.72
2017-01-03,1464,15.57
2017-01-04,1464,15.7
2017-01-05,1464,15.7
2017-01-06,1464,15.6
2017-01-09,1464,15.39
2017-01-10,1464,15.48
2017-01-11,1464,15.57
2017-01-12,1464,15.54
2017-01-13,1464,15.33
2017-01-16,1464,15.33
2017-01-17,1464,15.39
2017-01-18,1464,15.6
2017-01-19,1464,15.67
2017-01-20,1464,15.63
2017-01-23,1464,15.51
2017-01-24,1464,15.54
2017-01-03,1466,12.46
2017-01-04,1466,12.42
2017-01-05,1466,12.55
2017-01-06,1466,12.51
2017-01-09,1466,12.37
2017-01-10,1466,12.32
2017-01-11,1466,12.32
2017-01-12,1466,12.46
2017-01-13,1466,12.46
2017-01-16,1466,12.46
2017-01-17,1466,12.28
2017-01-18,1466,12.51
2017-01-19,1466,12.46
2017-01-20,1466,12.46
2017-01-23,1466,12.74
2017-01-24,1466,12.83
2017-01-03,1467,9.82
2017-01-04,1467,9.82
2017-01-05,1467,9.92
2017-01-06,1467,10.01
2017-01-09,1467,10.15
2017-01-10,1467,10.11
2017-01-11,1467,9.92
2017-01-12,1467,9.96
2017-01-13,1467,9.87
2017-01-16,1467,9.87
2017-01-17,1467,9.96
2017-01-18,1467,10.15
2017-01-19,1467,10.01
2017-01-20,1467,10.11
2017-01-23,1467,10.2
2017-01-24,1467,10.2
2017-01-03,1469,13.5
2017-01-04,1469,13.5
2017-01-05,1469,13.6
2017-01-06,1469,13.6
2017-01-09,1469,13.7
2017-01-16,1469,14.35
2017-01-18,1469,13.8
2017-01-03,1470,14.75
2017-01-04,1470,14.75
2017-01-05,1470,15.1
2017-01-10,1470,15.14
2017-01-12,1470,15.17
2017-01-18,1470,15.06
2017-01-19,1470,14.36
2017-01-20,1470,14.52
2017-01-23,1470,14.59
2017-01-03,1472,64.45
2017-01-04,1472,64.45
2017-01-05,1472,65.26
2017-01-06,1472,64.45
2017-01-09,1472,63.9
2017-01-10,1472,63.62
2017-01-11,1472,63.36
2017-01-12,1472,63.62
2017-01-13,1472,63.08
2017-01-16,1472,62.81
2017-01-17,1472,62.26
2017-01-18,1472,65.54
2017-01-19,1472,64.45
2017-01-20,1472,63.36
2017-01-23,1472,61.98
2017-01-24,1472,59.53
2017-01-03,1473,22.68
2017-01-04,1473,22.76
2017-01-05,1473,22.8
2017-01-06,1473,22.8
2017-01-09,1473,22.68
2017-01-10,1473,22.57
2017-01-11,1473,22.49
2017-01-12,1473,22.53
2017-01-13,1473,22.45
2017-01-16,1473,22.38
2017-01-17,1473,22.38
2017-01-18,1473,22.38
2017-01-19,1473,22.34
2017-01-20,1473,22.34
2017-01-23,1473,22.49
2017-01-24,1473,22.45
2017-01-03,1475,20.95
2017-01-04,1475,21.2
2017-01-05,1475,21.2
2017-01-06,1475,21.42
2017-01-09,1475,21.04
2017-01-10,1475,20.87
2017-01-11,1475,20.87
2017-01-12,1475,20.85
2017-01-16,1475,20.82
2017-01-17,1475,20.82
2017-01-18,1475,20.68
2017-01-19,1475,20.41
2017-01-20,1475,20.44
2017-01-23,1475,20.72
2017-01-24,1475,20.98
2017-01-03,1476,264.1
2017-01-04,1476,256.27
2017-01-05,1476,252.75
2017-01-06,1476,250.4
2017-01-09,1476,242.58
2017-01-10,1476,258.23
2017-01-11,1476,255.88
2017-01-12,1476,259.79
2017-01-13,1476,260.18
2017-01-16,1476,253.53
2017-01-17,1476,253.92
2017-01-18,1476,261.36
2017-01-19,1476,255.88
2017-01-20,1476,254.31
2017-01-23,1476,255.1
2017-01-24,1476,254.31
2017-01-03,1477,78.07
2017-01-04,1477,77.76
2017-01-05,1477,76.54
2017-01-06,1477,74.71
2017-01-09,1477,73.49
2017-01-10,1477,74.71
2017-01-11,1477,74.71
2017-01-12,1477,75.32
2017-01-13,1477,73.8
2017-01-16,1477,73.8
2017-01-17,1477,74.41
2017-01-18,1477,73.8
2017-01-19,1477,71.66
2017-01-20,1477,71.36
2017-01-23,1477,71.36
2017-01-24,1477,70.75
2017-01-03,1503,33.1
2017-01-04,1503,33.1
2017-01-05,1503,33.14
2017-01-06,1503,33.14
2017-01-09,1503,32.74
2017-01-10,1503,32.74
2017-01-11,1503,33.06
2017-01-12,1503,32.78
2017-01-13,1503,32.74
2017-01-16,1503,33.14
2017-01-17,1503,33.19
2017-01-18,1503,33.27
2017-01-19,1503,33.02
2017-01-20,1503,33.31
2017-01-23,1503,33.02
2017-01-24,1503,33.23
2017-01-03,1504,19.82
2017-01-04,1504,19.85
2017-01-05,1504,19.99
2017-01-06,1504,19.92
2017-01-09,1504,19.92
2017-01-10,1504,19.89
2017-01-11,1504,19.96
2017-01-12,1504,20.03
2017-01-13,1504,20.1
2017-01-16,1504,19.96
2017-01-17,1504,20.07
2017-01-18,1504,20.03
2017-01-19,1504,19.89
2017-01-20,1504,19.89
2017-01-23,1504,20.03
2017-01-24,1504,20.14
2017-01-03,1506,13.98
2017-01-04,1506,13.93
2017-01-05,1506,13.88
2017-01-06,1506,14.07
2017-01-09,1506,14.12
2017-01-10,1506,14.07
2017-01-11,1506,14.17
2017-01-12,1506,14.17
2017-01-13,1506,14.22
2017-01-16,1506,14.41
2017-01-17,1506,14.36
2017-01-18,1506,14.07
2017-01-19,1506,13.98
2017-01-20,1506,13.59
2017-01-23,1506,13.5
2017-01-24,1506,13.35
2017-01-03,1507,37.03
2017-01-04,1507,36.95
2017-01-05,1507,36.95
2017-01-06,1507,37.2
2017-01-09,1507,37.03
2017-01-10,1507,36.99
2017-01-11,1507,37.07
2017-01-12,1507,37.36
2017-01-13,1507,37.28
2017-01-16,1507,36.95
2017-01-17,1507,37.11
2017-01-18,1507,36.95
2017-01-19,1507,37.03
2017-01-20,1507,36.95
2017-01-23,1507,36.86
2017-01-24,1507,37.2
2017-01-03,1512,59.95
2017-01-04,1512,60.15
2017-01-05,1512,58.75
2017-01-06,1512,58.95
2017-01-09,1512,59.75
2017-01-10,1512,59.05
2017-01-11,1512,58.95
2017-01-12,1512,58.85
2017-01-13,1512,59.35
2017-01-16,1512,65.24
2017-01-17,1512,71.64
2017-01-18,1512,69.04
2017-01-19,1512,66.94
2017-01-20,1512,67.94
2017-01-23,1512,65.94
2017-01-24,1512,67.74
2017-01-03,1513,14.17
2017-01-04,1513,14.17
2017-01-05,1513,14.76
2017-01-06,1513,15.01
2017-01-09,1513,14.94
2017-01-10,1513,15.01
2017-01-11,1513,15.34
2017-01-12,1513,15.3
2017-01-13,1513,15.34
2017-01-16,1513,15.01
2017-01-17,1513,14.86
2017-01-18,1513,14.97
2017-01-19,1513,14.79
2017-01-20,1513,15.05
2017-01-23,1513,15.23
2017-01-24,1513,15.23
2017-01-03,1515,11.1
2017-01-04,1515,11.18
2017-01-05,1515,11.18
2017-01-06,1515,11.4
2017-01-09,1515,11.48
2017-01-10,1515,11.25
2017-01-11,1515,11.1
2017-01-12,1515,11.03
2017-01-13,1515,11.18
2017-01-16,1515,11.07
2017-01-17,1515,11.14
2017-01-18,1515,11.14
2017-01-19,1515,11.33
2017-01-20,1515,11.29
2017-01-23,1515,11.22
2017-01-24,1515,11.29
2017-01-03,1516,10.8
2017-01-04,1516,10.74
2017-01-05,1516,11.79
2017-01-06,1516,12.95
2017-01-09,1516,12.85
2017-01-10,1516,12.24
2017-01-11,1516,12.05
2017-01-12,1516,12.79
2017-01-13,1516,12.76
2017-01-16,1516,12.53
2017-01-17,1516,12.69
2017-01-18,1516,12.66
2017-01-19,1516,12.6
2017-01-20,1516,12.44
2017-01-23,1516,12.72
2017-01-24,1516,12.69
2017-01-03,1519,14.96
2017-01-04,1519,15.04
2017-01-05,1519,15.09
2017-01-06,1519,15.21
2017-01-09,1519,15.13
2017-01-10,1519,15.04
2017-01-11,1519,15.04
2017-01-12,1519,15.04
2017-01-13,1519,14.96
2017-01-16,1519,14.79
2017-01-17,1519,14.83
2017-01-18,1519,14.88
2017-01-19,1519,14.79
2017-01-20,1519,14.79
2017-01-23,1519,14.92
2017-01-24,1519,15.13
2017-01-03,1521,55.89
2017-01-04,1521,55.69
2017-01-05,1521,55.76
2017-01-06,1521,55.83
2017-01-09,1521,56.58
2017-01-10,1521,56.51
2017-01-11,1521,55.48
2017-01-12,1521,55.83
2017-01-13,1521,56.51
2017-01-16,1521,55.96
2017-01-17,1521,55.96
2017-01-18,1521,56.51
2017-01-19,1521,56.44
2017-01-20,1521,56.1
2017-01-23,1521,55.69
2017-01-24,1521,55.07
2017-01-03,1522,23.52
2017-01-04,1522,23.55
2017-01-05,1522,23.59
2017-01-06,1522,23.69
2017-01-09,1522,23.39
2017-01-10,1522,23.22
2017-01-11,1522,23.52
2017-01-12,1522,23.49
2017-01-13,1522,23.65
2017-01-16,1522,23.26
2017-01-17,1522,23.42
2017-01-18,1522,23.78
2017-01-19,1522,24.18
2017-01-20,1522,23.69
2017-01-23,1522,23.55
2017-01-24,1522,23.55
2017-01-03,1525,82.41
2017-01-04,1525,82.78
2017-01-05,1525,83.88
2017-01-06,1525,83.88
2017-01-09,1525,84.61
2017-01-10,1525,83.14
2017-01-11,1525,81.68
2017-01-12,1525,80.58
2017-01-13,1525,80.21
2017-01-16,1525,80.95
2017-01-17,1525,80.21
2017-01-18,1525,80.58
2017-01-19,1525,80.21
2017-01-20,1525,79.48
2017-01-23,1525,78.75
2017-01-24,1525,78.02
2017-01-03,1526,10.25
2017-01-04,1526,10.32
2017-01-05,1526,10.32
2017-01-06,1526,10.32
2017-01-09,1526,10.38
2017-01-10,1526,10.38
2017-01-11,1526,10.42
2017-01-12,1526,10.42
2017-01-13,1526,10.28
2017-01-16,1526,10.14
2017-01-17,1526,10.18
2017-01-18,1526,10.25
2017-01-19,1526,10.25
2017-01-20,1526,10.25
2017-01-23,1526,10.21
2017-01-24,1526,10.32
2017-01-03,1527,62.88
2017-01-04,1527,61.52
2017-01-05,1527,60.84
2017-01-06,1527,62.27
2017-01-09,1527,62.61
2017-01-10,1527,62.27
2017-01-11,1527,64.51
2017-01-12,1527,62.4
2017-01-13,1527,62.88
2017-01-16,1527,61.73
2017-01-17,1527,61.73
2017-01-18,1527,62.88
2017-01-19,1527,62.47
2017-01-20,1527,62.27
2017-01-23,1527,63.15
2017-01-24,1527,63.83
2017-01-03,1530,18.39
2017-01-04,1530,18.51
2017-01-05,1530,18.58
2017-01-06,1530,18.51
2017-01-09,1530,18.39
2017-01-10,1530,18.58
2017-01-11,1530,18.71
2017-01-12,1530,18.64
2017-01-13,1530,18.58
2017-01-16,1530,18.71
2017-01-17,1530,18.77
2017-01-18,1530,18.71
2017-01-19,1530,19.16
2017-01-20,1530,19.35
2017-01-23,1530,19.8
2017-01-24,1530,19.77
2017-01-03,1531,11.92
2017-01-04,1531,11.96
2017-01-05,1531,11.96
2017-01-06,1531,12.07
2017-01-09,1531,12.11
2017-01-10,1531,12.11
2017-01-11,1531,12.22
2017-01-12,1531,12.22
2017-01-13,1531,12.11
2017-01-16,1531,12.14
2017-01-17,1531,12.22
2017-01-18,1531,12.18
2017-01-19,1531,12.26
2017-01-20,1531,12.26
2017-01-23,1531,12.22
2017-01-24,1531,12.18
2017-01-03,1532,21.43
2017-01-04,1532,21.36
2017-01-05,1532,21.4
2017-01-06,1532,21.33
2017-01-09,1532,20.99
2017-01-10,1532,21.16
2017-01-11,1532,21.13
2017-01-12,1532,21.09
2017-01-13,1532,21.13
2017-01-16,1532,21.03
2017-01-17,1532,20.96
2017-01-18,1532,21.3
2017-01-19,1532,21.23
2017-01-20,1532,21.03
2017-01-23,1532,20.96
2017-01-24,1532,21.26
2017-01-03,1533,40.44
2017-01-04,1533,40.62
2017-01-05,1533,41.57
2017-01-06,1533,41.43
2017-01-09,1533,40.72
2017-01-10,1533,40.72
2017-01-11,1533,40.44
2017-01-12,1533,40.62
2017-01-13,1533,40.2
2017-01-16,1533,40.25
2017-01-17,1533,40.01
2017-01-18,1533,39.3
2017-01-19,1533,39.59
2017-01-20,1533,39.25
2017-01-23,1533,39.77
2017-01-24,1533,39.68
2017-01-03,1535,33.58
2017-01-04,1535,33.54
2017-01-05,1535,34.93
2017-01-06,1535,34.93
2017-01-09,1535,34.5
2017-01-10,1535,34.47
2017-01-11,1535,34.22
2017-01-12,1535,34.26
2017-01-13,1535,34.11
2017-01-16,1535,34.11
2017-01-17,1535,34.29
2017-01-18,1535,34.72
2017-01-19,1535,34.65
2017-01-20,1535,34.65
2017-01-23,1535,34.75
2017-01-24,1535,34.75
2017-01-03,1536,101.1
2017-01-04,1536,101.1
2017-01-05,1536,103.49
2017-01-06,1536,105.48
2017-01-09,1536,103.49
2017-01-10,1536,100.7
2017-01-11,1536,97.52
2017-01-12,1536,98.31
2017-01-13,1536,97.52
2017-01-16,1536,96.72
2017-01-17,1536,96.72
2017-01-18,1536,99.11
2017-01-19,1536,99.91
2017-01-20,1536,102.69
2017-01-23,1536,103.09
2017-01-24,1536,103.09
2017-01-03,1537,95.72
2017-01-04,1537,96.33
2017-01-05,1537,97.55
2017-01-06,1537,98.77
2017-01-09,1537,98.77
2017-01-10,1537,98.16
2017-01-11,1537,96.64
2017-01-12,1537,95.42
2017-01-13,1537,96.33
2017-01-16,1537,96.64
2017-01-17,1537,97.25
2017-01-18,1537,96.33
2017-01-19,1537,95.42
2017-01-20,1537,96.64
2017-01-23,1537,96.33
2017-01-24,1537,95.72
2017-01-03,1538,31.8
2017-01-04,1538,31.75
2017-01-05,1538,31.86
2017-01-06,1538,31.53
2017-01-09,1538,31.59
2017-01-10,1538,31.15
2017-01-11,1538,31.37
2017-01-12,1538,31.59
2017-01-13,1538,31.42
2017-01-16,1538,31.31
2017-01-17,1538,32.13
2017-01-18,1538,33.71
2017-01-19,1538,33.06
2017-01-20,1538,32.4
2017-01-23,1538,32.35
2017-01-24,1538,33.11
2017-01-03,1539,19.82
2017-01-04,1539,19.82
2017-01-05,1539,19.78
2017-01-06,1539,19.68
2017-01-09,1539,19.54
2017-01-10,1539,19.61
2017-01-11,1539,20.21
2017-01-12,1539,19.89
2017-01-13,1539,20.0
2017-01-16,1539,19.75
2017-01-17,1539,19.61
2017-01-18,1539,19.32
2017-01-19,1539,19.32
2017-01-20,1539,19.22
2017-01-23,1539,19.5
2017-01-24,1539,19.32
2017-01-03,1541,38.59
2017-01-04,1541,41.09
2017-01-05,1541,41.31
2017-01-06,1541,41.75
2017-01-09,1541,41.6
2017-01-10,1541,42.49
2017-01-11,1541,44.84
2017-01-12,1541,44.62
2017-01-13,1541,45.57
2017-01-16,1541,44.76
2017-01-17,1541,45.06
2017-01-18,1541,44.98
2017-01-19,1541,43.88
2017-01-20,1541,44.18
2017-01-23,1541,44.91
2017-01-24,1541,45.57
2017-01-03,1558,95.67
2017-01-04,1558,96.27
2017-01-05,1558,97.17
2017-01-06,1558,98.07
2017-01-09,1558,97.17
2017-01-10,1558,97.77
2017-01-11,1558,98.37
2017-01-12,1558,97.47
2017-01-13,1558,97.47
2017-01-16,1558,96.57
2017-01-17,1558,97.17
2017-01-18,1558,97.77
2017-01-19,1558,98.07
2017-01-20,1558,97.47
2017-01-23,1558,98.07
2017-01-24,1558,96.87
2017-01-03,1560,47.17
2017-01-04,1560,46.8
2017-01-05,1560,48.2
2017-01-06,1560,48.43
2017-01-09,1560,47.17
2017-01-10,1560,47.46
2017-01-11,1560,46.87
2017-01-12,1560,47.32
2017-01-13,1560,45.91
2017-01-16,1560,46.2
2017-01-17,1560,46.65
2017-01-18,1560,47.83
2017-01-19,1560,47.83
2017-01-20,1560,47.54
2017-01-23,1560,48.13
2017-01-24,1560,47.69
2017-01-03,1563,170.13
2017-01-04,1563,169.97
2017-01-05,1563,170.55
2017-01-06,1563,175.97
2017-01-09,1563,177.13
2017-01-10,1563,177.2
2017-01-11,1563,175.95
2017-01-12,1563,174.22
2017-01-13,1563,174.48
2017-01-16,1563,175.1
2017-01-17,1563,172.58
2017-01-18,1563,170.13
2017-01-19,1563,169.01
2017-01-20,1563,168.62
2017-01-23,1563,170.81
2017-01-24,1563,173.06
2017-01-03,1565,410.98
2017-01-04,1565,407.62
2017-01-05,1565,412.99
2017-01-06,1565,414.33
2017-01-09,1565,406.95
2017-01-10,1565,411.65
2017-01-11,1565,406.28
2017-01-12,1565,405.61
2017-01-13,1565,404.94
2017-01-16,1565,397.57
2017-01-17,1565,392.87
2017-01-18,1565,395.56
2017-01-19,1565,392.87
2017-01-20,1565,390.19
2017-01-23,1565,396.9
2017-01-24,1565,397.57
2017-01-03,1568,24.82
2017-01-04,1568,24.78
2017-01-05,1568,26.03
2017-01-06,1568,26.03
2017-01-09,1568,25.8
2017-01-10,1568,25.35
2017-01-11,1568,25.12
2017-01-12,1568,25.01
2017-01-13,1568,24.33
2017-01-16,1568,23.42
2017-01-17,1568,23.69
2017-01-18,1568,23.76
2017-01-19,1568,24.03
2017-01-20,1568,24.14
2017-01-23,1568,24.56
2017-01-24,1568,24.52
2017-01-03,1569,23.64
2017-01-04,1569,23.64
2017-01-05,1569,23.24
2017-01-06,1569,23.06
2017-01-09,1569,22.52
2017-01-10,1569,21.69
2017-01-11,1569,21.54
2017-01-12,1569,21.51
2017-01-13,1569,21.58
2017-01-16,1569,21.04
2017-01-17,1569,20.31
2017-01-18,1569,21.4
2017-01-19,1569,21.43
2017-01-20,1569,21.43
2017-01-23,1569,21.4
2017-01-24,1569,21.33
2017-01-03,1580,85.97
2017-01-04,1580,86.27
2017-01-05,1580,87.49
2017-01-06,1580,87.79
2017-01-09,1580,89.62
2017-01-10,1580,89.31
2017-01-11,1580,88.1
2017-01-12,1580,88.1
2017-01-13,1580,86.88
2017-01-16,1580,86.27
2017-01-17,1580,85.67
2017-01-18,1580,86.58
2017-01-19,1580,85.97
2017-01-20,1580,86.58
2017-01-23,1580,86.88
2017-01-24,1580,86.27
2017-01-03,1582,44.91
2017-01-04,1582,44.76
2017-01-05,1582,45.76
2017-01-06,1582,45.55
2017-01-09,1582,45.55
2017-01-10,1582,45.4
2017-01-11,1582,43.56
2017-01-12,1582,43.62
2017-01-13,1582,44.34
2017-01-16,1582,44.34
2017-01-17,1582,44.48
2017-01-18,1582,44.48
2017-01-19,1582,44.12
2017-01-20,1582,44.26
2017-01-23,1582,44.55
2017-01-24,1582,44.91
2017-01-03,1583,36.76
2017-01-04,1583,36.63
2017-01-05,1583,36.83
2017-01-06,1583,37.23
2017-01-09,1583,37.56
2017-01-10,1583,37.43
2017-01-11,1583,38.49
2017-01-12,1583,37.69
2017-01-13,1583,37.76
2017-01-17,1583,38.09
2017-01-18,1583,38.56
2017-01-19,1583,38.29
2017-01-20,1583,38.36
2017-01-23,1583,38.82
2017-01-24,1583,38.82
2017-01-03,1584,11.86
2017-01-04,1584,12.07
2017-01-05,1584,12.23
2017-01-06,1584,11.99
2017-01-09,1584,12.07
2017-01-10,1584,12.11
2017-01-11,1584,13.3
2017-01-12,1584,12.89
2017-01-13,1584,12.85
2017-01-16,1584,12.77
2017-01-17,1584,12.97
2017-01-18,1584,12.69
2017-01-19,1584,13.14
2017-01-20,1584,13.1
2017-01-23,1584,13.14
2017-01-24,1584,13.02
2017-01-03,1586,19.56
2017-01-04,1586,19.44
2017-01-05,1586,19.11
2017-01-06,1586,19.31
2017-01-09,1586,19.23
2017-01-10,1586,18.78
2017-01-11,1586,18.74
2017-01-12,1586,18.62
2017-01-13,1586,18.62
2017-01-16,1586,18.29
2017-01-17,1586,18.05
2017-01-18,1586,18.17
2017-01-19,1586,18.13
2017-01-20,1586,18.01
2017-01-23,1586,18.5
2017-01-24,1586,18.78
2017-01-04,1587,15.78
2017-01-05,1587,16.2
2017-01-09,1587,16.2
2017-01-10,1587,16.13
2017-01-11,1587,16.2
2017-01-12,1587,16.2
2017-01-13,1587,15.73
2017-01-16,1587,15.93
2017-01-17,1587,15.6
2017-01-18,1587,15.86
2017-01-19,1587,16.2
2017-01-20,1587,16.34
2017-01-23,1587,16.34
2017-01-24,1587,16.34
2017-01-03,1589,91.79
2017-01-04,1589,93.11
2017-01-05,1589,92.67
2017-01-06,1589,93.99
2017-01-09,1589,92.67
2017-01-10,1589,92.67
2017-01-11,1589,92.23
2017-01-12,1589,90.9
2017-01-13,1589,91.79
2017-01-16,1589,91.79
2017-01-17,1589,91.35
2017-01-18,1589,92.67
2017-01-19,1589,91.79
2017-01-20,1589,92.23
2017-01-23,1589,92.67
2017-01-24,1589,91.79
2017-01-03,1590,215.39
2017-01-04,1590,210.67
2017-01-05,1590,209.81
2017-01-06,1590,216.25
2017-01-09,1590,214.96
2017-01-10,1590,215.39
2017-01-11,1590,212.82
2017-01-12,1590,216.25
2017-01-13,1590,213.67
2017-01-16,1590,211.53
2017-01-17,1590,210.24
2017-01-18,1590,216.25
2017-01-19,1590,217.11
2017-01-20,1590,220.11
2017-01-23,1590,221.83
2017-01-24,1590,222.68
2017-01-04,1591,18.21
2017-01-05,1591,18.17
2017-01-06,1591,17.79
2017-01-09,1591,16.61
2017-01-10,1591,16.68
2017-01-11,1591,16.64
2017-01-12,1591,16.72
2017-01-13,1591,16.68
2017-01-16,1591,16.64
2017-01-17,1591,16.61
2017-01-18,1591,16.64
2017-01-19,1591,16.53
2017-01-20,1591,16.3
2017-01-23,1591,16.57
2017-01-24,1591,16.45
2017-01-03,1592,47.52
2017-01-04,1592,47.97
2017-01-05,1592,49.04
2017-01-06,1592,52.16
2017-01-09,1592,50.73
2017-01-10,1592,49.04
2017-01-11,1592,45.11
2017-01-12,1592,46.18
2017-01-13,1592,45.56
2017-01-16,1592,44.22
2017-01-17,1592,44.45
2017-01-18,1592,45.47
2017-01-19,1592,44.58
2017-01-20,1592,44.49
2017-01-23,1592,44.85
2017-01-24,1592,44.05
2017-01-03,1593,22.94
2017-01-04,1593,23.11
2017-01-05,1593,23.11
2017-01-06,1593,22.82
2017-01-09,1593,23.03
2017-01-11,1593,22.79
2017-01-12,1593,22.94
2017-01-13,1593,22.88
2017-01-16,1593,22.88
2017-01-17,1593,22.88
2017-01-18,1593,22.71
2017-01-20,1593,22.71
2017-01-23,1593,22.74
2017-01-24,1593,22.74
2017-01-03,1595,27.36
2017-01-04,1595,27.67
2017-01-05,1595,27.81
2017-01-06,1595,28.01
2017-01-09,1595,28.01
2017-01-10,1595,27.98
2017-01-11,1595,27.67
2017-01-12,1595,27.81
2017-01-13,1595,27.87
2017-01-16,1595,27.87
2017-01-17,1595,27.74
2017-01-18,1595,28.01
2017-01-19,1595,27.94
2017-01-20,1595,27.91
2017-01-23,1595,27.81
2017-01-24,1595,28.22
2017-01-03,1597,18.95
2017-01-04,1597,19.04
2017-01-05,1597,18.89
2017-01-06,1597,18.81
2017-01-09,1597,18.83
2017-01-10,1597,18.66
2017-01-11,1597,18.69
2017-01-12,1597,18.78
2017-01-13,1597,18.57
2017-01-16,1597,18.1
2017-01-17,1597,18.63
2017-01-18,1597,18.57
2017-01-19,1597,18.6
2017-01-20,1597,18.6
2017-01-23,1597,18.25
2017-01-24,1597,18.28
2017-01-03,1598,26.92
2017-01-04,1598,27.87
2017-01-05,1598,27.51
2017-01-06,1598,27.87
2017-01-09,1598,27.61
2017-01-10,1598,27.31
2017-01-11,1598,26.52
2017-01-12,1598,26.88
2017-01-13,1598,26.88
2017-01-16,1598,27.38
2017-01-17,1598,27.38
2017-01-18,1598,27.51
2017-01-19,1598,27.25
2017-01-20,1598,27.41
2017-01-23,1598,27.31
2017-01-24,1598,27.38
2017-01-03,1599,25.1
2017-01-04,1599,25.15
2017-01-05,1599,25.15
2017-01-06,1599,25.15
2017-01-09,1599,24.9
2017-01-10,1599,24.9
2017-01-11,1599,25.0
2017-01-12,1599,24.85
2017-01-13,1599,24.82
2017-01-16,1599,24.8
2017-01-17,1599,24.75
2017-01-18,1599,24.87
2017-01-19,1599,24.85
2017-01-20,1599,24.75
2017-01-23,1599,24.8
2017-01-24,1599,24.9
2017-01-03,1603,19.14
2017-01-04,1603,18.47
2017-01-05,1603,18.43
2017-01-06,1603,18.22
2017-01-09,1603,17.64
2017-01-10,1603,17.6
2017-01-11,1603,17.6
2017-01-12,1603,17.6
2017-01-13,1603,17.72
2017-01-16,1603,17.97
2017-01-17,1603,18.14
2017-01-18,1603,18.26
2017-01-19,1603,18.1
2017-01-20,1603,17.85
2017-01-23,1603,18.14
2017-01-24,1603,18.97
2017-01-03,1604,10.92
2017-01-04,1604,10.95
2017-01-05,1604,10.87
2017-01-06,1604,10.81
2017-01-09,1604,10.72
2017-01-10,1604,10.74
2017-01-11,1604,10.72
2017-01-12,1604,10.95
2017-01-13,1604,10.92
2017-01-16,1604,10.92
2017-01-17,1604,10.89
2017-01-18,1604,10.92
2017-01-19,1604,10.81
2017-01-20,1604,10.81
2017-01-23,1604,10.74
2017-01-24,1604,10.72
2017-01-03,1614,18.78
2017-01-04,1614,18.66
2017-01-05,1614,18.78
2017-01-06,1614,18.74
2017-01-09,1614,18.78
2017-01-10,1614,18.82
2017-01-11,1614,18.82
2017-01-12,1614,18.78
2017-01-13,1614,18.78
2017-01-16,1614,18.7
2017-01-17,1614,18.74
2017-01-18,1614,18.82
2017-01-19,1614,18.78
2017-01-20,1614,18.86
2017-01-23,1614,19.01
2017-01-24,1614,19.17
2017-01-03,1626,20.05
2017-01-04,1626,20.09
2017-01-05,1626,20.01
2017-01-06,1626,20.05
2017-01-09,1626,20.32
2017-01-10,1626,20.17
2017-01-11,1626,20.05
2017-01-12,1626,19.9
2017-01-13,1626,20.01
2017-01-16,1626,19.9
2017-01-17,1626,19.94
2017-01-18,1626,19.94
2017-01-19,1626,19.78
2017-01-20,1626,19.82
2017-01-23,1626,19.78
2017-01-24,1626,19.86
2017-01-03,1701,14.14
2017-01-04,1701,14.14
2017-01-05,1701,14.14
2017-01-06,1701,14.1
2017-01-09,1701,14.1
2017-01-10,1701,14.06
2017-01-11,1701,14.06
2017-01-12,1701,14.02
2017-01-13,1701,14.06
2017-01-16,1701,13.98
2017-01-17,1701,13.98
2017-01-18,1701,14.06
2017-01-19,1701,14.06
2017-01-20,1701,14.1
2017-01-23,1701,14.02
2017-01-24,1701,14.06
2017-01-03,1702,40.91
2017-01-04,1702,40.85
2017-01-05,1702,41.78
2017-01-06,1702,41.98
2017-01-09,1702,41.65
2017-01-10,1702,41.98
2017-01-11,1702,42.12
2017-01-12,1702,42.52
2017-01-13,1702,42.52
2017-01-16,1702,42.18
2017-01-17,1702,42.25
2017-01-18,1702,42.25
2017-01-19,1702,42.52
2017-01-20,1702,42.65
2017-01-23,1702,42.65
2017-01-24,1702,42.85
2017-01-03,1704,38.38
2017-01-04,1704,38.51
2017-01-05,1704,39.61
2017-01-06,1704,39.12
2017-01-09,1704,38.2
2017-01-10,1704,38.73
2017-01-11,1704,40.22
2017-01-12,1704,38.9
2017-01-13,1704,38.77
2017-01-16,1704,38.16
2017-01-17,1704,37.76
2017-01-18,1704,38.29
2017-01-19,1704,37.8
2017-01-20,1704,37.8
2017-01-23,1704,38.55
2017-01-24,1704,38.95
2017-01-03,1707,119.56
2017-01-04,1707,123.82
2017-01-05,1707,130.2
2017-01-06,1707,128.43
2017-01-09,1707,122.04
2017-01-10,1707,124.88
2017-01-11,1707,120.62
2017-01-12,1707,121.69
2017-01-13,1707,121.69
2017-01-16,1707,122.04
2017-01-17,1707,123.46
2017-01-18,1707,123.46
2017-01-19,1707,126.66
2017-01-20,1707,127.01
2017-01-23,1707,127.01
2017-01-24,1707,126.66
2017-01-03,1708,14.74
2017-01-04,1708,14.82
2017-01-05,1708,14.9
2017-01-06,1708,15.17
2017-01-09,1708,15.15
2017-01-10,1708,14.87
2017-01-11,1708,14.85
2017-01-12,1708,14.85
2017-01-13,1708,14.82
2017-01-16,1708,15.09
2017-01-17,1708,15.09
2017-01-18,1708,15.12
2017-01-19,1708,15.45
2017-01-20,1708,15.8
2017-01-23,1708,16.26
2017-01-24,1708,15.96
2017-01-03,1709,10.43
2017-01-04,1709,10.43
2017-01-05,1709,10.46
2017-01-06,1709,10.43
2017-01-09,1709,10.46
2017-01-10,1709,10.46
2017-01-11,1709,10.52
2017-01-12,1709,10.52
2017-01-13,1709,10.49
2017-01-16,1709,10.4
2017-01-17,1709,10.4
2017-01-18,1709,10.43
2017-01-19,1709,10.49
2017-01-20,1709,10.46
2017-01-23,1709,10.49
2017-01-24,1709,10.46
2017-01-03,1710,19.61
2017-01-04,1710,19.57
2017-01-05,1710,20.21
2017-01-06,1710,20.05
2017-01-09,1710,20.09
2017-01-10,1710,19.85
2017-01-11,1710,20.3
2017-01-12,1710,20.25
2017-01-13,1710,20.42
2017-01-16,1710,20.34
2017-01-17,1710,21.39
2017-01-18,1710,21.23
2017-01-19,1710,21.39
2017-01-20,1710,21.23
2017-01-23,1710,21.63
2017-01-24,1710,22.44
2017-01-03,1711,16.81
2017-01-04,1711,16.81
2017-01-05,1711,16.77
2017-01-06,1711,16.85
2017-01-09,1711,16.64
2017-01-10,1711,16.68
2017-01-11,1711,16.77
2017-01-12,1711,16.81
2017-01-13,1711,16.68
2017-01-16,1711,16.64
2017-01-17,1711,16.73
2017-01-18,1711,16.77
2017-01-19,1711,16.68
2017-01-20,1711,16.68
2017-01-23,1711,16.64
2017-01-24,1711,16.68
2017-01-03,1713,11.57
2017-01-04,1713,11.57
2017-01-05,1713,11.57
2017-01-06,1713,11.73
2017-01-09,1713,11.73
2017-01-10,1713,11.73
2017-01-11,1713,11.73
2017-01-12,1713,11.8
2017-01-13,1713,11.77
2017-01-16,1713,11.73
2017-01-17,1713,11.61
2017-01-18,1713,11.73
2017-01-19,1713,11.65
2017-01-20,1713,11.69
2017-01-23,1713,11.69
2017-01-24,1713,11.65
2017-01-03,1715,10.89
2017-01-04,1715,11.08
2017-01-05,1715,11.03
2017-01-06,1715,11.08
2017-01-09,1715,11.08
2017-01-10,1715,11.13
2017-01-11,1715,11.13
2017-01-12,1715,11.28
2017-01-13,1715,11.18
2017-01-16,1715,11.18
2017-01-17,1715,11.33
2017-01-18,1715,11.38
2017-01-19,1715,11.33
2017-01-20,1715,11.43
2017-01-23,1715,11.33
2017-01-24,1715,11.28
2017-01-03,1717,23.05
2017-01-04,1717,23.08
2017-01-05,1717,23.25
2017-01-06,1717,23.25
2017-01-09,1717,23.33
2017-01-10,1717,23.18
2017-01-11,1717,23.08
2017-01-12,1717,23.12
2017-01-13,1717,23.08
2017-01-16,1717,22.9
2017-01-17,1717,22.9
2017-01-18,1717,23.05
2017-01-19,1717,23.18
2017-01-20,1717,23.39
2017-01-23,1717,23.43
2017-01-24,1717,23.57
2017-01-03,1720,24.04
2017-01-04,1720,24.08
2017-01-05,1720,24.01
2017-01-06,1720,23.97
2017-01-09,1720,23.75
2017-01-10,1720,23.75
2017-01-11,1720,23.97
2017-01-12,1720,23.82
2017-01-13,1720,23.71
2017-01-16,1720,23.57
2017-01-17,1720,23.6
2017-01-18,1720,23.86
2017-01-19,1720,23.86
2017-01-20,1720,23.68
2017-01-23,1720,23.79
2017-01-24,1720,23.71
2017-01-03,1721,13.21
2017-01-04,1721,13.29
2017-01-05,1721,13.51
2017-01-06,1721,13.34
2017-01-09,1721,13.29
2017-01-10,1721,13.25
2017-01-11,1721,13.12
2017-01-12,1721,13.16
2017-01-13,1721,13.12
2017-01-16,1721,13.07
2017-01-17,1721,13.03
2017-01-18,1721,13.21
2017-01-19,1721,13.12
2017-01-20,1721,13.16
2017-01-23,1721,13.16
2017-01-24,1721,13.21
2017-01-03,1722,28.22
2017-01-04,1722,28.46
2017-01-05,1722,28.5
2017-01-06,1722,28.57
2017-01-09,1722,28.39
2017-01-10,1722,28.36
2017-01-11,1722,28.5
2017-01-12,1722,28.6
2017-01-13,1722,28.71
2017-01-16,1722,28.29
2017-01-17,1722,28.39
2017-01-18,1722,28.36
2017-01-19,1722,28.29
2017-01-20,1722,28.15
2017-01-23,1722,28.39
2017-01-24,1722,28.53
2017-01-03,1723,89.3
2017-01-04,1723,90.04
2017-01-05,1723,89.3
2017-01-06,1723,88.19
2017-01-09,1723,87.82
2017-01-10,1723,88.56
2017-01-11,1723,88.93
2017-01-12,1723,90.41
2017-01-13,1723,90.78
2017-01-16,1723,89.3
2017-01-17,1723,88.93
2017-01-18,1723,90.04
2017-01-19,1723,90.04
2017-01-20,1723,90.04
2017-01-23,1723,90.78
2017-01-24,1723,90.41
2017-01-03,1724,13.64
2017-01-04,1724,13.68
2017-01-05,1724,13.64
2017-01-06,1724,13.68
2017-01-09,1724,13.35
2017-01-10,1724,13.44
2017-01-11,1724,13.44
2017-01-12,1724,13.39
2017-01-13,1724,13.39
2017-01-16,1724,13.44
2017-01-17,1724,13.39
2017-01-18,1724,13.31
2017-01-19,1724,13.39
2017-01-20,1724,13.35
2017-01-23,1724,13.44
2017-01-24,1724,13.39
2017-01-03,1726,52.49
2017-01-04,1726,52.62
2017-01-05,1726,52.49
2017-01-06,1726,52.49
2017-01-09,1726,52.42
2017-01-10,1726,52.49
2017-01-11,1726,52.75
2017-01-12,1726,52.62
2017-01-13,1726,52.75
2017-01-16,1726,52.49
2017-01-17,1726,52.55
2017-01-18,1726,52.88
2017-01-19,1726,52.81
2017-01-20,1726,52.68
2017-01-23,1726,53.21
2017-01-24,1726,53.08
2017-01-03,1727,10.93
2017-01-04,1727,10.93
2017-01-05,1727,10.85
2017-01-06,1727,11.01
2017-01-09,1727,11.05
2017-01-10,1727,11.22
2017-01-11,1727,11.22
2017-01-12,1727,11.18
2017-01-13,1727,11.1
2017-01-16,1727,10.97
2017-01-17,1727,11.1
2017-01-18,1727,11.14
2017-01-19,1727,11.14
2017-01-20,1727,11.14
2017-01-23,1727,11.14
2017-01-24,1727,11.18
2017-01-03,1729,62.7
2017-01-04,1729,62.7
2017-01-05,1729,63.0
2017-01-06,1729,63.5
2017-01-09,1729,63.0
2017-01-10,1729,63.0
2017-01-11,1729,62.5
2017-01-12,1729,62.5
2017-01-13,1729,62.4
2017-01-16,1729,62.6
2017-01-17,1729,62.6
2017-01-18,1729,62.8
2017-01-19,1729,62.9
2017-01-20,1729,63.5
2017-01-23,1729,64.0
2017-01-24,1729,64.3
2017-01-03,1730,25.42
2017-01-04,1730,25.45
2017-01-05,1730,25.58
2017-01-06,1730,25.52
2017-01-09,1730,25.55
2017-01-10,1730,25.45
2017-01-11,1730,25.45
2017-01-12,1730,25.45
2017-01-13,1730,25.45
2017-01-16,1730,25.48
2017-01-17,1730,25.45
2017-01-18,1730,25.48
2017-01-19,1730,25.52
2017-01-20,1730,25.52
2017-01-23,1730,25.55
2017-01-24,1730,25.48
2017-01-03,1732,13.18
2017-01-04,1732,13.33
2017-01-05,1732,13.28
2017-01-06,1732,13.18
2017-01-09,1732,13.18
2017-01-10,1732,13.18
2017-01-11,1732,13.14
2017-01-12,1732,13.09
2017-01-13,1732,13.14
2017-01-16,1732,13.09
2017-01-17,1732,13.04
2017-01-18,1732,13.14
2017-01-19,1732,13.04
2017-01-20,1732,12.99
2017-01-23,1732,12.99
2017-01-24,1732,12.94
2017-01-03,1733,28.23
2017-01-04,1733,28.16
2017-01-05,1733,28.06
2017-01-06,1733,28.06
2017-01-09,1733,28.2
2017-01-10,1733,27.55
2017-01-11,1733,27.38
2017-01-12,1733,27.31
2017-01-13,1733,27.17
2017-01-16,1733,26.9
2017-01-17,1733,26.97
2017-01-18,1733,27.31
2017-01-19,1733,27.24
2017-01-20,1733,27.17
2017-01-23,1733,27.31
2017-01-24,1733,27.28
2017-01-03,1734,19.69
2017-01-04,1734,19.78
2017-01-05,1734,19.98
2017-01-06,1734,19.98
2017-01-09,1734,19.86
2017-01-10,1734,19.74
2017-01-11,1734,19.74
2017-01-12,1734,19.78
2017-01-13,1734,19.69
2017-01-16,1734,19.65
2017-01-17,1734,19.69
2017-01-18,1734,19.69
2017-01-19,1734,19.65
2017-01-20,1734,19.69
2017-01-23,1734,19.57
2017-01-24,1734,19.57
2017-01-03,1736,41.24
2017-01-04,1736,41.55
2017-01-05,1736,41.82
2017-01-06,1736,41.73
2017-01-09,1736,41.6
2017-01-10,1736,41.55
2017-01-11,1736,41.55
2017-01-12,1736,41.37
2017-01-13,1736,41.24
2017-01-16,1736,40.66
2017-01-17,1736,40.61
2017-01-18,1736,40.52
2017-01-19,1736,40.52
2017-01-20,1736,40.3
2017-01-23,1736,40.3
2017-01-24,1736,40.57
2017-01-03,1737,20.41
2017-01-04,1737,20.51
2017-01-05,1737,20.48
2017-01-06,1737,20.55
2017-01-09,1737,20.48
2017-01-10,1737,20.37
2017-01-11,1737,20.37
2017-01-12,1737,20.48
2017-01-13,1737,20.37
2017-01-16,1737,20.44
2017-01-17,1737,20.41
2017-01-18,1737,20.44
2017-01-19,1737,20.51
2017-01-20,1737,20.48
2017-01-23,1737,20.55
2017-01-24,1737,20.62
2017-01-03,1742,14.78
2017-01-04,1742,15.05
2017-01-05,1742,14.99
2017-01-06,1742,14.99
2017-01-09,1742,14.72
2017-01-10,1742,14.78
2017-01-11,1742,14.78
2017-01-12,1742,14.78
2017-01-13,1742,14.99
2017-01-16,1742,14.78
2017-01-17,1742,14.78
2017-01-18,1742,15.32
2017-01-19,1742,15.05
2017-01-20,1742,15.18
2017-01-23,1742,15.52
2017-01-24,1742,15.99
2017-01-03,1752,28.83
2017-01-04,1752,28.66
2017-01-05,1752,28.28
2017-01-06,1752,28.14
2017-01-09,1752,27.76
2017-01-10,1752,27.59
2017-01-11,1752,27.49
2017-01-12,1752,27.42
2017-01-13,1752,27.04
2017-01-16,1752,27.11
2017-01-17,1752,27.49
2017-01-18,1752,28.31
2017-01-19,1752,28.31
2017-01-20,1752,28.0
2017-01-23,1752,27.93
2017-01-24,1752,27.83
2017-01-03,1760,64.25
2017-01-04,1760,66.39
2017-01-05,1760,68.26
2017-01-06,1760,68.09
2017-01-09,1760,69.01
2017-01-10,1760,69.12
2017-01-11,1760,68.22
2017-01-12,1760,68.69
2017-01-13,1760,69.56
2017-01-16,1760,68.85
2017-01-17,1760,68.08
2017-01-18,1760,68.17
2017-01-19,1760,68.01
2017-01-20,1760,67.75
2017-01-23,1760,69.62
2017-01-24,1760,69.34
2017-01-03,1762,23.31
2017-01-04,1762,23.4
2017-01-05,1762,23.48
2017-01-06,1762,23.53
2017-01-09,1762,23.1
2017-01-10,1762,23.83
2017-01-11,1762,23.61
2017-01-12,1762,23.48
2017-01-13,1762,23.53
2017-01-16,1762,23.18
2017-01-17,1762,23.31
2017-01-18,1762,23.44
2017-01-19,1762,23.36
2017-01-20,1762,23.01
2017-01-23,1762,23.18
2017-01-24,1762,23.18
2017-01-03,1773,20.37
2017-01-04,1773,20.45
2017-01-05,1773,20.37
2017-01-06,1773,20.45
2017-01-09,1773,20.34
2017-01-10,1773,20.56
2017-01-11,1773,20.37
2017-01-12,1773,20.52
2017-01-13,1773,20.56
2017-01-16,1773,20.37
2017-01-17,1773,20.19
2017-01-18,1773,20.37
2017-01-19,1773,20.37
2017-01-20,1773,20.41
2017-01-23,1773,20.3
2017-01-24,1773,20.19
2017-01-03,1776,14.41
2017-01-04,1776,14.48
2017-01-05,1776,14.55
2017-01-06,1776,14.58
2017-01-09,1776,14.65
2017-01-10,1776,14.58
2017-01-11,1776,14.31
2017-01-12,1776,14.25
2017-01-13,1776,14.28
2017-01-17,1776,14.18
2017-01-18,1776,14.28
2017-01-19,1776,14.28
2017-01-20,1776,14.48
2017-01-23,1776,14.45
2017-01-24,1776,14.31
2017-01-03,1777,69.13
2017-01-04,1777,68.42
2017-01-05,1777,68.42
2017-01-06,1777,68.78
2017-01-09,1777,67.99
2017-01-10,1777,66.43
2017-01-11,1777,66.15
2017-01-12,1777,66.36
2017-01-13,1777,67.21
2017-01-16,1777,66.64
2017-01-17,1777,67.14
2017-01-18,1777,67.14
2017-01-19,1777,66.64
2017-01-20,1777,66.71
2017-01-23,1777,66.22
2017-01-24,1777,66.43
2017-01-03,1781,19.6
2017-01-04,1781,19.7
2017-01-05,1781,19.5
2017-01-06,1781,19.8
2017-01-09,1781,19.8
2017-01-10,1781,19.7
2017-01-11,1781,19.7
2017-01-12,1781,19.7
2017-01-13,1781,19.6
2017-01-16,1781,19.2
2017-01-17,1781,19.25
2017-01-18,1781,19.05
2017-01-19,1781,19.05
2017-01-20,1781,18.55
2017-01-23,1781,18.8
2017-01-24,1781,18.8
2017-01-03,1783,18.56
2017-01-04,1783,18.48
2017-01-05,1783,18.72
2017-01-06,1783,18.6
2017-01-09,1783,18.6
2017-01-10,1783,18.99
2017-01-11,1783,19.27
2017-01-12,1783,19.27
2017-01-13,1783,19.38
2017-01-16,1783,19.3
2017-01-17,1783,19.3
2017-01-18,1783,19.3
2017-01-19,1783,19.19
2017-01-20,1783,19.19
2017-01-23,1783,19.19
2017-01-24,1783,19.07
2017-01-03,1784,26.85
2017-01-04,1784,26.76
2017-01-05,1784,27.25
2017-01-06,1784,27.21
2017-01-09,1784,27.21
2017-01-10,1784,26.94
2017-01-11,1784,26.85
2017-01-12,1784,26.76
2017-01-13,1784,26.58
2017-01-16,1784,26.31
2017-01-17,1784,26.27
2017-01-18,1784,26.4
2017-01-19,1784,26.36
2017-01-20,1784,26.36
2017-01-23,1784,26.27
2017-01-24,1784,26.4
2017-01-03,1785,9.12
2017-01-04,1785,10.0
2017-01-05,1785,10.99
2017-01-06,1785,12.08
2017-01-09,1785,13.22
2017-01-10,1785,13.17
2017-01-11,1785,11.89
2017-01-12,1785,12.08
2017-01-13,1785,12.74
2017-01-16,1785,13.08
2017-01-17,1785,14.35
2017-01-18,1785,15.11
2017-01-19,1785,15.06
2017-01-20,1785,15.16
2017-01-23,1785,15.63
2017-01-24,1785,16.3
2017-01-03,1786,40.83
2017-01-04,1786,40.97
2017-01-05,1786,40.53
2017-01-06,1786,40.97
2017-01-09,1786,40.46
2017-01-10,1786,40.39
2017-01-11,1786,39.36
2017-01-12,1786,39.58
2017-01-13,1786,39.58
2017-01-16,1786,38.85
2017-01-17,1786,39.22
2017-01-18,1786,38.56
2017-01-19,1786,38.26
2017-01-20,1786,37.61
2017-01-23,1786,37.09
2017-01-24,1786,37.24
2017-01-03,1788,56.62
2017-01-04,1788,56.87
2017-01-05,1788,57.49
2017-01-06,1788,57.86
2017-01-09,1788,58.23
2017-01-10,1788,58.11
2017-01-11,1788,58.11
2017-01-12,1788,58.11
2017-01-13,1788,57.55
2017-01-16,1788,57.49
2017-01-17,1788,57.49
2017-01-18,1788,57.8
2017-01-19,1788,58.11
2017-01-20,1788,58.11
2017-01-23,1788,58.41
2017-01-24,1788,58.41
2017-01-03,1789,33.24
2017-01-04,1789,33.29
2017-01-05,1789,33.8
2017-01-06,1789,33.93
2017-01-09,1789,33.71
2017-01-10,1789,33.84
2017-01-11,1789,33.76
2017-01-12,1789,33.46
2017-01-13,1789,33.11
2017-01-16,1789,32.81
2017-01-17,1789,32.73
2017-01-18,1789,32.9
2017-01-19,1789,32.73
2017-01-20,1789,32.86
2017-01-23,1789,32.86
2017-01-24,1789,32.86
2017-01-03,1795,56.54
2017-01-04,1795,57.59
2017-01-05,1795,58.16
2017-01-06,1795,57.31
2017-01-09,1795,55.78
2017-01-10,1795,56.64
2017-01-11,1795,56.35
2017-01-12,1795,56.07
2017-01-13,1795,56.35
2017-01-16,1795,55.3
2017-01-17,1795,55.3
2017-01-18,1795,55.59
2017-01-19,1795,56.35
2017-01-20,1795,59.12
2017-01-23,1795,59.31
2017-01-24,1795,58.64
2017-01-03,1796,75.27
2017-01-04,1796,74.29
2017-01-05,1796,74.47
2017-01-06,1796,74.73
2017-01-09,1796,67.58
2017-01-10,1796,68.55
2017-01-11,1796,69.98
2017-01-12,1796,69.98
2017-01-13,1796,69.98
2017-01-16,1796,68.99
2017-01-17,1796,68.41
2017-01-18,1796,68.37
2017-01-19,1796,69.35
2017-01-20,1796,70.82
2017-01-23,1796,69.53
2017-01-24,1796,69.98
2017-01-03,1799,29.17
2017-01-04,1799,29.31
2017-01-05,1799,30.09
2017-01-06,1799,29.8
2017-01-09,1799,29.66
2017-01-10,1799,29.66
2017-01-11,1799,29.17
2017-01-12,1799,29.31
2017-01-13,1799,29.03
2017-01-16,1799,29.03
2017-01-17,1799,28.75
2017-01-18,1799,29.24
2017-01-19,1799,28.96
2017-01-20,1799,28.96
2017-01-23,1799,29.24
2017-01-24,1799,29.24
2017-01-03,1802,11.34
2017-01-04,1802,11.3
2017-01-05,1802,11.39
2017-01-06,1802,11.26
2017-01-09,1802,11.17
2017-01-10,1802,10.96
2017-01-11,1802,10.96
2017-01-12,1802,11.04
2017-01-13,1802,10.91
2017-01-16,1802,10.87
2017-01-17,1802,11.47
2017-01-18,1802,11.26
2017-01-19,1802,11.26
2017-01-20,1802,11.3
2017-01-23,1802,11.21
2017-01-24,1802,11.3
2017-01-03,1809,10.7
2017-01-04,1809,10.74
2017-01-05,1809,10.74
2017-01-06,1809,10.74
2017-01-09,1809,10.7
2017-01-10,1809,10.66
2017-01-11,1809,10.66
2017-01-12,1809,10.66
2017-01-13,1809,10.61
2017-01-16,1809,10.61
2017-01-17,1809,10.61
2017-01-18,1809,10.66
2017-01-19,1809,10.66
2017-01-20,1809,10.7
2017-01-23,1809,10.7
2017-01-24,1809,11.09
2017-01-03,1813,17.84
2017-01-04,1813,17.99
2017-01-05,1813,18.03
2017-01-06,1813,18.11
2017-01-09,1813,18.07
2017-01-10,1813,17.95
2017-01-11,1813,18.03
2017-01-12,1813,18.15
2017-01-13,1813,18.18
2017-01-16,1813,18.18
2017-01-17,1813,18.42
2017-01-18,1813,18.42
2017-01-19,1813,18.34
2017-01-20,1813,18.3
2017-01-23,1813,18.61
2017-01-24,1813,18.38
2017-01-03,1815,10.42
2017-01-04,1815,10.5
2017-01-05,1815,10.5
2017-01-06,1815,10.5
2017-01-09,1815,10.54
2017-01-10,1815,10.5
2017-01-11,1815,10.42
2017-01-12,1815,10.62
2017-01-13,1815,10.58
2017-01-16,1815,10.66
2017-01-17,1815,11.05
2017-01-18,1815,11.37
2017-01-19,1815,11.33
2017-01-20,1815,11.53
2017-01-23,1815,11.41
2017-01-24,1815,11.49
2017-01-03,1817,22.28
2017-01-04,1817,22.19
2017-01-05,1817,22.19
2017-01-06,1817,22.19
2017-01-09,1817,22.13
2017-01-10,1817,22.22
2017-01-11,1817,22.07
2017-01-12,1817,22.07
2017-01-13,1817,22.13
2017-01-16,1817,22.01
2017-01-17,1817,22.1
2017-01-18,1817,22.25
2017-01-19,1817,22.16
2017-01-20,1817,22.04
2017-01-23,1817,22.04
2017-01-24,1817,22.04
2017-01-03,1902,10.91
2017-01-04,1902,10.96
2017-01-05,1902,11.49
2017-01-06,1902,11.39
2017-01-09,1902,11.25
2017-01-10,1902,11.15
2017-01-11,1902,10.91
2017-01-12,1902,10.96
2017-01-13,1902,10.86
2017-01-16,1902,11.0
2017-01-17,1902,11.2
2017-01-18,1902,10.96
2017-01-19,1902,10.91
2017-01-20,1902,11.97
2017-01-23,1902,13.13
2017-01-24,1902,13.66
2017-01-03,1903,32.5
2017-01-04,1903,32.7
2017-01-05,1903,33.0
2017-01-06,1903,32.7
2017-01-09,1903,32.6
2017-01-10,1903,32.6
2017-01-11,1903,32.6
2017-01-12,1903,32.0
2017-01-13,1903,32.3
2017-01-16,1903,31.9
2017-01-17,1903,32.0
2017-01-18,1903,32.2
2017-01-19,1903,31.6
2017-01-20,1903,32.15
2017-01-23,1903,32.85
2017-01-24,1903,33.55
2017-01-03,1906,13.0
2017-01-04,1906,12.96
2017-01-05,1906,13.38
2017-01-06,1906,14.7
2017-01-09,1906,15.49
2017-01-10,1906,15.72
2017-01-11,1906,15.42
2017-01-12,1906,15.23
2017-01-13,1906,15.0
2017-01-16,1906,16.48
2017-01-17,1906,18.1
2017-01-18,1906,17.91
2017-01-19,1906,17.42
2017-01-20,1906,19.16
2017-01-23,1906,21.05
2017-01-24,1906,21.05
2017-01-03,1909,12.79
2017-01-04,1909,13.01
2017-01-05,1909,13.75
2017-01-06,1909,15.1
2017-01-09,1909,15.13
2017-01-10,1909,16.18
2017-01-11,1909,15.51
2017-01-12,1909,15.36
2017-01-13,1909,15.25
2017-01-16,1909,15.62
2017-01-17,1909,16.66
2017-01-18,1909,17.22
2017-01-19,1909,16.85
2017-01-20,1909,17.74
2017-01-23,1909,18.3
2017-01-24,1909,18.34
2017-01-03,2002,18.43
2017-01-04,2002,18.62
2017-01-05,2002,18.74
2017-01-06,2002,18.62
2017-01-09,2002,18.51
2017-01-10,2002,18.51
2017-01-11,2002,18.89
2017-01-12,2002,18.92
2017-01-13,2002,18.96
2017-01-16,2002,18.77
2017-01-17,2002,18.77
2017-01-18,2002,18.92
2017-01-19,2002,18.92
2017-01-20,2002,18.92
2017-01-23,2002,19.04
2017-01-24,2002,19.07
2017-01-03,2002A,32.71
2017-01-04,2002A,32.79
2017-01-09,2002A,32.63
2017-01-10,2002A,32.63
2017-01-11,2002A,32.71
2017-01-12,2002A,32.79
2017-01-13,2002A,32.83
2017-01-16,2002A,32.79
2017-01-17,2002A,32.71
2017-01-18,2002A,32.91
2017-01-19,2002A,32.87
2017-01-20,2002A,32.87
2017-01-23,2002A,32.83
2017-01-24,2002A,32.87
2017-01-03,2006,18.9
2017-01-04,2006,19.08
2017-01-05,2006,19.08
2017-01-06,2006,18.82
2017-01-09,2006,18.73
2017-01-10,2006,18.55
2017-01-11,2006,18.73
2017-01-12,2006,18.9
2017-01-13,2006,18.82
2017-01-16,2006,18.73
2017-01-17,2006,18.9
2017-01-18,2006,18.86
2017-01-19,2006,18.77
2017-01-20,2006,18.82
2017-01-23,2006,18.9
2017-01-24,2006,18.99
2017-01-03,2013,16.51
2017-01-04,2013,16.51
2017-01-05,2013,16.43
2017-01-06,2013,16.51
2017-01-09,2013,16.59
2017-01-10,2013,16.67
2017-01-11,2013,16.67
2017-01-12,2013,16.71
2017-01-13,2013,16.63
2017-01-16,2013,16.36
2017-01-17,2013,16.43
2017-01-18,2013,16.55
2017-01-19,2013,16.59
2017-01-20,2013,16.51
2017-01-23,2013,16.59
2017-01-24,2013,16.59
2017-01-03,2015,27.27
2017-01-04,2015,27.2
2017-01-05,2015,27.24
2017-01-06,2015,27.45
2017-01-09,2015,27.45
2017-01-10,2015,27.57
2017-01-11,2015,27.81
2017-01-12,2015,27.9
2017-01-13,2015,27.96
2017-01-16,2015,27.75
2017-01-17,2015,28.54
2017-01-18,2015,29.18
2017-01-19,2015,29.12
2017-01-20,2015,29.0
2017-01-23,2015,29.09
2017-01-24,2015,29.09
2017-01-03,2025,4875.57
2017-01-04,2025,4997.03
2017-01-05,2025,5101.13
2017-01-06,2025,5031.73
2017-01-09,2025,5031.73
2017-01-10,2025,4892.92
2017-01-11,2025,5014.38
2017-01-12,2025,-162.32
2017-01-13,2025,-159.01
2017-01-16,2025,-154.59
2017-01-17,2025,-153.49
2017-01-18,2025,-156.25
2017-01-19,2025,-155.15
2017-01-20,2025,-155.15
2017-01-23,2025,-154.59
2017-01-24,2025,-154.04
2017-01-03,2029,22.61
2017-01-04,2029,23.6
2017-01-05,2029,23.9
2017-01-06,2029,23.57
2017-01-09,2029,23.17
2017-01-10,2029,23.24
2017-01-11,2029,23.57
2017-01-12,2029,23.54
2017-01-13,2029,24.43
2017-01-16,2029,22.64
2017-01-17,2029,23.5
2017-01-18,2029,23.3
2017-01-19,2029,22.91
2017-01-20,2029,22.71
2017-01-23,2029,23.21
2017-01-24,2029,23.34
2017-01-03,2031,13.51
2017-01-04,2031,13.73
2017-01-05,2031,13.8
2017-01-06,2031,13.92
2017-01-09,2031,13.76
2017-01-10,2031,13.73
2017-01-11,2031,13.83
2017-01-12,2031,13.7
2017-01-13,2031,13.67
2017-01-16,2031,13.45
2017-01-17,2031,13.8
2017-01-18,2031,13.76
2017-01-19,2031,13.86
2017-01-20,2031,13.76
2017-01-23,2031,14.05
2017-01-24,2031,14.14
2017-01-03,2034,15.69
2017-01-04,2034,15.63
2017-01-05,2034,15.89
2017-01-06,2034,15.72
2017-01-09,2034,15.54
2017-01-10,2034,15.69
2017-01-11,2034,15.69
2017-01-12,2034,15.72
2017-01-13,2034,15.83
2017-01-16,2034,15.74
2017-01-17,2034,15.98
2017-01-18,2034,16.18
2017-01-19,2034,16.21
2017-01-20,2034,16.12
2017-01-23,2034,16.12
2017-01-24,2034,16.29
2017-01-03,2035,46.95
2017-01-05,2035,46.2
2017-01-06,2035,46.15
2017-01-10,2035,46.2
2017-01-12,2035,46.25
2017-01-17,2035,47.1
2017-01-18,2035,47.35
2017-01-19,2035,47.35
2017-01-20,2035,47.7
2017-01-23,2035,47.9
2017-01-03,2049,112.05
2017-01-04,2049,115.84
2017-01-05,2049,115.08
2017-01-06,2049,115.84
2017-01-09,2049,116.22
2017-01-10,2049,115.84
2017-01-11,2049,116.22
2017-01-12,2049,116.59
2017-01-13,2049,115.84
2017-01-16,2049,115.84
2017-01-17,2049,116.97
2017-01-18,2049,118.49
2017-01-19,2049,117.35
2017-01-20,2049,118.11
2017-01-23,2049,121.52
2017-01-24,2049,121.89
2017-01-03,2059,350.71
2017-01-04,2059,351.56
2017-01-05,2059,349.01
2017-01-06,2059,349.43
2017-01-09,2059,344.75
2017-01-10,2059,340.49
2017-01-11,2059,358.37
2017-01-12,2059,353.69
2017-01-13,2059,354.11
2017-01-16,2059,352.84
2017-01-17,2059,357.52
2017-01-18,2059,353.26
2017-01-19,2059,356.24
2017-01-20,2059,353.26
2017-01-23,2059,352.41
2017-01-24,2059,354.54
2017-01-03,2062,33.5
2017-01-04,2062,33.5
2017-01-05,2062,33.54
2017-01-06,2062,33.54
2017-01-09,2062,33.21
2017-01-10,2062,33.79
2017-01-11,2062,33.54
2017-01-12,2062,33.67
2017-01-13,2062,33.79
2017-01-16,2062,34.16
2017-01-17,2062,33.96
2017-01-18,2062,34.83
2017-01-19,2062,35.37
2017-01-20,2062,35.53
2017-01-23,2062,36.4
2017-01-24,2062,36.07
2017-01-03,2063,14.85
2017-01-04,2063,14.74
2017-01-10,2063,15.13
2017-01-11,2063,15.24
2017-01-12,2063,15.34
2017-01-13,2063,15.29
2017-01-17,2063,15.29
2017-01-18,2063,15.29
2017-01-19,2063,14.74
2017-01-20,2063,14.88
2017-01-23,2063,15.24
2017-01-24,2063,15.21
2017-01-03,2064,11.14
2017-01-04,2064,11.17
2017-01-05,2064,11.24
2017-01-06,2064,11.41
2017-01-09,2064,11.24
2017-01-10,2064,11.34
2017-01-11,2064,11.24
2017-01-12,2064,11.34
2017-01-13,2064,11.27
2017-01-16,2064,11.34
2017-01-18,2064,11.31
2017-01-19,2064,11.21
2017-01-20,2064,11.34
2017-01-24,2064,11.34
2017-01-03,2065,16.83
2017-01-04,2065,16.62
2017-01-05,2065,16.62
2017-01-09,2065,16.83
2017-01-11,2065,16.24
2017-01-13,2065,16.83
2017-01-16,2065,16.7
2017-01-17,2065,16.7
2017-01-18,2065,16.7
2017-01-19,2065,16.7
2017-01-23,2065,17.04
2017-01-24,2065,17.49
2017-01-03,2066,83.42
2017-01-04,2066,84.55
2017-01-05,2066,83.8
2017-01-06,2066,84.18
2017-01-09,2066,83.8
2017-01-10,2066,81.92
2017-01-11,2066,81.92
2017-01-12,2066,81.17
2017-01-13,2066,81.17
2017-01-16,2066,80.79
2017-01-17,2066,80.79
2017-01-18,2066,81.92
2017-01-19,2066,81.55
2017-01-20,2066,81.55
2017-01-23,2066,81.55
2017-01-24,2066,82.67
2017-01-03,2067,12.69
2017-01-04,2067,12.78
2017-01-05,2067,12.83
2017-01-06,2067,13.02
2017-01-09,2067,13.07
2017-01-10,2067,12.97
2017-01-11,2067,13.07
2017-01-12,2067,13.12
2017-01-13,2067,13.12
2017-01-16,2067,13.12
2017-01-17,2067,13.07
2017-01-18,2067,12.88
2017-01-19,2067,12.93
2017-01-20,2067,12.93
2017-01-23,2067,12.88
2017-01-24,2067,12.83
2017-01-03,2069,12.91
2017-01-04,2069,12.94
2017-01-05,2069,12.97
2017-01-06,2069,13.4
2017-01-09,2069,13.87
2017-01-10,2069,14.01
2017-01-11,2069,14.07
2017-01-12,2069,14.04
2017-01-13,2069,14.04
2017-01-16,2069,14.04
2017-01-17,2069,13.75
2017-01-18,2069,13.81
2017-01-19,2069,13.64
2017-01-20,2069,14.1
2017-01-23,2069,14.33
2017-01-24,2069,14.25
2017-01-03,2070,52.31
2017-01-04,2070,52.7
2017-01-05,2070,52.77
2017-01-06,2070,53.38
2017-01-09,2070,53.84
2017-01-10,2070,53.46
2017-01-11,2070,53.68
2017-01-12,2070,53.46
2017-01-13,2070,53.69
2017-01-16,2070,53.31
2017-01-17,2070,53.46
2017-01-18,2070,53.31
2017-01-19,2070,53.46
2017-01-20,2070,53.46
2017-01-23,2070,53.23
2017-01-24,2070,53.46
2017-01-03,2101,25.45
2017-01-04,2101,25.58
2017-01-05,2101,25.67
2017-01-06,2101,25.8
2017-01-09,2101,25.75
2017-01-10,2101,25.49
2017-01-11,2101,25.62
2017-01-12,2101,25.58
2017-01-13,2101,25.62
2017-01-16,2101,25.58
2017-01-17,2101,25.8
2017-01-18,2101,25.8
2017-01-19,2101,25.71
2017-01-20,2101,25.71
2017-01-23,2101,25.58
2017-01-24,2101,25.75
2017-01-03,2102,12.8
2017-01-04,2102,12.9
2017-01-05,2102,13.29
2017-01-06,2102,13.24
2017-01-09,2102,13.44
2017-01-10,2102,13.39
2017-01-11,2102,13.49
2017-01-12,2102,13.44
2017-01-13,2102,13.39
2017-01-16,2102,13.19
2017-01-17,2102,13.34
2017-01-19,2102,13.0
2017-01-20,2102,14.29
2017-01-23,2102,15.68
2017-01-24,2102,16.57
2017-01-03,2103,25.17
2017-01-04,2103,25.43
2017-01-05,2103,25.76
2017-01-06,2103,25.54
2017-01-09,2103,25.84
2017-01-10,2103,26.02
2017-01-11,2103,26.58
2017-01-12,2103,26.84
2017-01-13,2103,26.51
2017-01-16,2103,28.03
2017-01-17,2103,28.97
2017-01-18,2103,28.03
2017-01-19,2103,27.55
2017-01-20,2103,27.59
2017-01-23,2103,27.33
2017-01-24,2103,26.92
2017-01-03,2104,18.7
2017-01-04,2104,18.73
2017-01-05,2104,18.86
2017-01-06,2104,18.83
2017-01-09,2104,18.73
2017-01-10,2104,18.89
2017-01-11,2104,18.79
2017-01-12,2104,18.7
2017-01-13,2104,18.63
2017-01-16,2104,18.63
2017-01-17,2104,18.79
2017-01-18,2104,18.6
2017-01-19,2104,18.6
2017-01-20,2104,18.53
2017-01-23,2104,18.24
2017-01-24,2104,18.37
2017-01-03,2105,44.07
2017-01-04,2105,44.29
2017-01-05,2105,44.29
2017-01-06,2105,44.94
2017-01-09,2105,45.37
2017-01-10,2105,44.72
2017-01-11,2105,45.8
2017-01-12,2105,45.8
2017-01-13,2105,45.65
2017-01-16,2105,45.22
2017-01-17,2105,45.44
2017-01-18,2105,44.79
2017-01-19,2105,44.86
2017-01-20,2105,44.36
2017-01-23,2105,44.79
2017-01-24,2105,44.65
2017-01-03,2106,33.46
2017-01-04,2106,33.35
2017-01-05,2106,33.46
2017-01-06,2106,33.9
2017-01-09,2106,33.84
2017-01-10,2106,33.7
2017-01-11,2106,33.9
2017-01-12,2106,33.77
2017-01-13,2106,33.49
2017-01-16,2106,33.01
2017-01-17,2106,33.04
2017-01-18,2106,33.21
2017-01-19,2106,32.94
2017-01-20,2106,32.84
2017-01-23,2106,32.9
2017-01-24,2106,33.08
2017-01-03,2107,11.72
2017-01-04,2107,11.68
2017-01-05,2107,11.68
2017-01-06,2107,11.65
2017-01-09,2107,11.54
2017-01-10,2107,11.54
2017-01-11,2107,11.57
2017-01-12,2107,11.65
2017-01-13,2107,11.54
2017-01-16,2107,11.25
2017-01-17,2107,11.29
2017-01-18,2107,11.18
2017-01-19,2107,11.18
2017-01-20,2107,11.25
2017-01-23,2107,11.25
2017-01-24,2107,11.4
2017-01-03,2108,12.84
2017-01-04,2108,12.9
2017-01-05,2108,12.96
2017-01-06,2108,12.93
2017-01-09,2108,13.14
2017-01-10,2108,13.05
2017-01-11,2108,13.2
2017-01-12,2108,13.14
2017-01-13,2108,13.14
2017-01-16,2108,12.93
2017-01-17,2108,13.61
2017-01-18,2108,13.43
2017-01-19,2108,13.34
2017-01-20,2108,13.43
2017-01-23,2108,13.37
2017-01-24,2108,13.34
2017-01-03,2114,41.23
2017-01-04,2114,41.34
2017-01-05,2114,41.07
2017-01-06,2114,40.86
2017-01-09,2114,41.45
2017-01-10,2114,41.39
2017-01-11,2114,41.23
2017-01-12,2114,41.23
2017-01-13,2114,41.23
2017-01-16,2114,40.76
2017-01-17,2114,40.81
2017-01-18,2114,40.86
2017-01-19,2114,41.13
2017-01-20,2114,41.02
2017-01-23,2114,40.97
2017-01-24,2114,41.23
2017-01-03,2115,28.23
2017-01-04,2115,28.28
2017-01-05,2115,28.89
2017-01-06,2115,29.19
2017-01-09,2115,28.79
2017-01-10,2115,28.79
2017-01-11,2115,28.79
2017-01-12,2115,28.79
2017-01-13,2115,28.59
2017-01-16,2115,27.43
2017-01-17,2115,27.28
2017-01-18,2115,27.28
2017-01-19,2115,26.98
2017-01-20,2115,26.93
2017-01-23,2115,26.98
2017-01-24,2115,26.98
2017-01-03,2201,35.72
2017-01-04,2201,35.72
2017-01-05,2201,35.86
2017-01-06,2201,35.99
2017-01-09,2201,35.86
2017-01-10,2201,35.86
2017-01-11,2201,36.06
2017-01-12,2201,35.79
2017-01-13,2201,35.99
2017-01-16,2201,35.93
2017-01-17,2201,36.19
2017-01-18,2201,35.99
2017-01-19,2201,36.19
2017-01-20,2201,36.19
2017-01-23,2201,36.53
2017-01-24,2201,36.72
2017-01-03,2204,33.64
2017-01-04,2204,34.28
2017-01-05,2204,34.35
2017-01-06,2204,34.35
2017-01-09,2204,34.35
2017-01-10,2204,34.67
2017-01-11,2204,35.95
2017-01-12,2204,36.08
2017-01-13,2204,36.14
2017-01-16,2204,36.2
2017-01-17,2204,36.33
2017-01-18,2204,36.84
2017-01-19,2204,36.84
2017-01-20,2204,36.59
2017-01-23,2204,36.39
2017-01-24,2204,36.72
2017-01-03,2206,15.29
2017-01-04,2206,15.29
2017-01-05,2206,15.33
2017-01-06,2206,15.29
2017-01-09,2206,15.26
2017-01-10,2206,15.26
2017-01-11,2206,15.4
2017-01-12,2206,15.26
2017-01-13,2206,15.29
2017-01-16,2206,15.14
2017-01-17,2206,15.18
2017-01-18,2206,15.18
2017-01-19,2206,15.07
2017-01-20,2206,15.11
2017-01-23,2206,15.07
2017-01-24,2206,15.22
2017-01-03,2207,294.33
2017-01-04,2207,295.54
2017-01-05,2207,294.73
2017-01-06,2207,295.14
2017-01-09,2207,293.92
2017-01-10,2207,295.54
2017-01-11,2207,294.73
2017-01-12,2207,296.35
2017-01-13,2207,296.35
2017-01-16,2207,293.12
2017-01-17,2207,296.35
2017-01-18,2207,292.71
2017-01-19,2207,290.69
2017-01-20,2207,287.46
2017-01-23,2207,288.27
2017-01-24,2207,289.08
2017-01-03,2208,25.8
2017-01-04,2208,25.7
2017-01-05,2208,25.52
2017-01-06,2208,25.43
2017-01-09,2208,25.24
2017-01-10,2208,25.61
2017-01-11,2208,25.61
2017-01-12,2208,25.61
2017-01-13,2208,25.52
2017-01-16,2208,25.43
2017-01-17,2208,25.43
2017-01-18,2208,25.52
2017-01-19,2208,25.61
2017-01-20,2208,25.7
2017-01-23,2208,25.8
2017-01-24,2208,25.8
2017-01-03,2221,12.58
2017-01-04,2221,12.85
2017-01-05,2221,12.79
2017-01-06,2221,12.79
2017-01-09,2221,12.73
2017-01-10,2221,13.03
2017-01-11,2221,12.88
2017-01-12,2221,12.94
2017-01-13,2221,13.03
2017-01-16,2221,12.73
2017-01-17,2221,12.14
2017-01-18,2221,11.45
2017-01-19,2221,11.78
2017-01-20,2221,11.66
2017-01-23,2221,11.66
2017-01-24,2221,11.69
2017-01-03,2227,121.34
2017-01-04,2227,121.64
2017-01-05,2227,121.95
2017-01-06,2227,121.95
2017-01-09,2227,121.03
2017-01-10,2227,120.72
2017-01-11,2227,119.8
2017-01-12,2227,120.72
2017-01-13,2227,121.34
2017-01-16,2227,120.42
2017-01-17,2227,120.72
2017-01-18,2227,121.34
2017-01-19,2227,120.72
2017-01-20,2227,120.11
2017-01-23,2227,120.42
2017-01-24,2227,121.34
2017-01-03,2228,119.19
2017-01-04,2228,123.09
2017-01-05,2228,124.51
2017-01-06,2228,124.15
2017-01-09,2228,124.15
2017-01-10,2228,122.38
2017-01-11,2228,124.15
2017-01-12,2228,124.15
2017-01-13,2228,122.73
2017-01-16,2228,120.96
2017-01-17,2228,123.09
2017-01-18,2228,125.57
2017-01-19,2228,125.93
2017-01-20,2228,125.93
2017-01-23,2228,125.93
2017-01-24,2228,125.93
2017-01-03,2230,9.9
2017-01-04,2230,10.01
2017-01-05,2230,9.97
2017-01-06,2230,10.08
2017-01-09,2230,10.11
2017-01-10,2230,10.04
2017-01-11,2230,10.11
2017-01-12,2230,10.11
2017-01-13,2230,10.11
2017-01-16,2230,10.04
2017-01-17,2230,10.04
2017-01-18,2230,10.11
2017-01-19,2230,9.97
2017-01-20,2230,10.04
2017-01-23,2230,10.11
2017-01-24,2230,10.22
2017-01-03,2231,141.19
2017-01-04,2231,140.64
2017-01-05,2231,140.64
2017-01-06,2231,141.19
2017-01-09,2231,139.0
2017-01-10,2231,138.72
2017-01-11,2231,135.98
2017-01-12,2231,135.98
2017-01-13,2231,134.06
2017-01-16,2231,135.98
2017-01-17,2231,136.26
2017-01-18,2231,135.43
2017-01-19,2231,136.53
2017-01-20,2231,135.43
2017-01-23,2231,137.08
2017-01-24,2231,135.43
2017-01-03,2233,57.72
2017-01-04,2233,57.42
2017-01-05,2233,56.23
2017-01-06,2233,57.12
2017-01-09,2233,56.29
2017-01-10,2233,56.11
2017-01-11,2233,57.0
2017-01-12,2233,57.0
2017-01-13,2233,56.41
2017-01-16,2233,56.17
2017-01-17,2233,56.23
2017-01-18,2233,55.7
2017-01-19,2233,55.28
2017-01-20,2233,54.68
2017-01-23,2233,55.64
2017-01-24,2233,55.34
2017-01-03,2235,71.95
2017-01-04,2235,71.95
2017-01-05,2235,71.95
2017-01-06,2235,70.76
2017-01-09,2235,69.57
2017-01-10,2235,68.97
2017-01-11,2235,68.38
2017-01-12,2235,67.78
2017-01-13,2235,68.08
2017-01-16,2235,69.57
2017-01-17,2235,70.76
2017-01-18,2235,71.95
2017-01-19,2235,71.05
2017-01-20,2235,72.24
2017-01-23,2235,71.35
2017-01-24,2235,71.35
2017-01-03,2236,35.21
2017-01-04,2236,34.73
2017-01-05,2236,35.39
2017-01-06,2236,35.21
2017-01-09,2236,35.21
2017-01-10,2236,35.75
2017-01-11,2236,35.51
2017-01-12,2236,35.51
2017-01-13,2236,35.45
2017-01-16,2236,35.57
2017-01-17,2236,35.69
2017-01-18,2236,35.57
2017-01-19,2236,35.39
2017-01-20,2236,35.21
2017-01-23,2236,34.73
2017-01-24,2236,34.66
2017-01-03,2239,150.0
2017-01-04,2239,149.21
2017-01-05,2239,147.61
2017-01-06,2239,147.61
2017-01-09,2239,154.39
2017-01-10,2239,152.0
2017-01-11,2239,151.2
2017-01-12,2239,149.6
2017-01-13,2239,146.01
2017-01-16,2239,146.81
2017-01-17,2239,148.41
2017-01-18,2239,150.0
2017-01-19,2239,146.81
2017-01-20,2239,147.21
2017-01-23,2239,147.21
2017-01-24,2239,148.01
2017-01-03,2241,81.12
2017-01-04,2241,82.57
2017-01-05,2241,81.13
2017-01-06,2241,82.58
2017-01-09,2241,82.67
2017-01-10,2241,82.86
2017-01-11,2241,81.74
2017-01-12,2241,80.97
2017-01-13,2241,85.75
2017-01-16,2241,84.89
2017-01-17,2241,85.25
2017-01-18,2241,84.79
2017-01-19,2241,86.6
2017-01-20,2241,87.68
2017-01-23,2241,89.9
2017-01-24,2241,89.22
2017-01-03,2301,28.29
2017-01-04,2301,29.17
2017-01-05,2301,28.82
2017-01-06,2301,28.85
2017-01-09,2301,28.93
2017-01-10,2301,28.67
2017-01-11,2301,29.32
2017-01-12,2301,28.79
2017-01-13,2301,29.14
2017-01-16,2301,28.55
2017-01-17,2301,28.87
2017-01-18,2301,28.49
2017-01-19,2301,28.14
2017-01-20,2301,27.96
2017-01-23,2301,28.52
2017-01-24,2301,27.79
2017-01-03,2308,124.05
2017-01-04,2308,123.27
2017-01-05,2308,124.44
2017-01-06,2308,126.4
2017-01-09,2308,126.4
2017-01-10,2308,125.62
2017-01-11,2308,127.97
2017-01-12,2308,132.66
2017-01-13,2308,132.27
2017-01-16,2308,131.49
2017-01-17,2308,132.27
2017-01-18,2308,131.49
2017-01-19,2308,131.88
2017-01-20,2308,133.45
2017-01-23,2308,135.79
2017-01-24,2308,136.18
2017-01-03,2311,31.54
2017-01-04,2311,31.54
2017-01-05,2311,31.98
2017-01-06,2311,32.79
2017-01-09,2311,32.89
2017-01-10,2311,33.08
2017-01-11,2311,32.7
2017-01-12,2311,33.32
2017-01-13,2311,33.37
2017-01-16,2311,33.18
2017-01-17,2311,33.32
2017-01-18,2311,33.27
2017-01-19,2311,32.75
2017-01-20,2311,32.07
2017-01-23,2311,32.41
2017-01-24,2311,32.99
2017-01-03,2312,9.86
2017-01-04,2312,9.86
2017-01-05,2312,10.02
2017-01-06,2312,10.06
2017-01-09,2312,10.06
2017-01-10,2312,9.98
2017-01-11,2312,10.1
2017-01-12,2312,10.1
2017-01-13,2312,10.27
2017-01-16,2312,10.27
2017-01-17,2312,10.27
2017-01-18,2312,10.31
2017-01-19,2312,10.27
2017-01-20,2312,10.31
2017-01-23,2312,10.35
2017-01-24,2312,10.35
2017-01-03,2313,11.4
2017-01-04,2313,11.44
2017-01-05,2313,11.51
2017-01-06,2313,11.69
2017-01-09,2313,11.73
2017-01-10,2313,11.55
2017-01-11,2313,11.77
2017-01-12,2313,11.69
2017-01-13,2313,11.69
2017-01-16,2313,11.62
2017-01-17,2313,11.77
2017-01-18,2313,11.77
2017-01-19,2313,11.91
2017-01-20,2313,12.06
2017-01-23,2313,12.17
2017-01-24,2313,12.17
2017-01-03,2314,23.87
2017-01-04,2314,23.87
2017-01-05,2314,23.48
2017-01-06,2314,23.96
2017-01-09,2314,24.25
2017-01-10,2314,24.35
2017-01-11,2314,24.44
2017-01-12,2314,24.11
2017-01-13,2314,24.11
2017-01-16,2314,23.67
2017-01-17,2314,23.72
2017-01-18,2314,23.53
2017-01-19,2314,23.63
2017-01-20,2314,23.53
2017-01-23,2314,23.63
2017-01-24,2314,23.48
2017-01-03,2316,19.12
2017-01-04,2316,18.91
2017-01-05,2316,18.96
2017-01-06,2316,18.91
2017-01-09,2316,18.74
2017-01-10,2316,18.85
2017-01-11,2316,18.8
2017-01-12,2316,18.74
2017-01-13,2316,18.74
2017-01-16,2316,18.37
2017-01-17,2316,18.37
2017-01-18,2316,18.42
2017-01-19,2316,18.48
2017-01-20,2316,18.58
2017-01-23,2316,18.64
2017-01-24,2316,19.12
2017-01-03,2317,74.94
2017-01-04,2317,74.85
2017-01-05,2317,74.68
2017-01-06,2317,74.5
2017-01-09,2317,74.23
2017-01-10,2317,74.68
2017-01-11,2317,74.85
2017-01-12,2317,74.94
2017-01-13,2317,74.85
2017-01-16,2317,74.23
2017-01-17,2317,74.68
2017-01-18,2317,74.05
2017-01-19,2317,74.23
2017-01-20,2317,74.14
2017-01-23,2317,74.68
2017-01-24,2317,74.41
2017-01-03,2321,55.59
2017-01-04,2321,56.84
2017-01-05,2321,57.26
2017-01-06,2321,56.42
2017-01-09,2321,57.67
2017-01-10,2321,56.84
2017-01-11,2321,57.26
2017-01-12,2321,56.42
2017-01-13,2321,56.21
2017-01-16,2321,61.84
2017-01-17,2321,67.87
2017-01-18,2321,74.54
2017-01-19,2321,81.82
2017-01-20,2321,81.2
2017-01-23,2321,79.32
2017-01-24,2321,86.4
2017-01-03,2324,11.25
2017-01-04,2324,11.25
2017-01-05,2324,11.34
2017-01-06,2324,11.31
2017-01-09,2324,11.25
2017-01-10,2324,11.28
2017-01-11,2324,11.25
2017-01-12,2324,11.16
2017-01-13,2324,11.31
2017-01-16,2324,11.46
2017-01-17,2324,11.46
2017-01-18,2324,11.43
2017-01-19,2324,11.4
2017-01-20,2324,11.37
2017-01-23,2324,11.4
2017-01-24,2324,11.37
2017-01-03,2325,45.98
2017-01-04,2325,45.84
2017-01-05,2325,46.22
2017-01-06,2325,45.98
2017-01-09,2325,45.69
2017-01-10,2325,45.84
2017-01-11,2325,45.98
2017-01-12,2325,46.42
2017-01-13,2325,46.37
2017-01-16,2325,46.03
2017-01-17,2325,46.13
2017-01-18,2325,46.03
2017-01-19,2325,46.03
2017-01-20,2325,45.93
2017-01-23,2325,46.18
2017-01-24,2325,46.03
2017-01-03,2327,53.43
2017-01-04,2327,53.62
2017-01-05,2327,54.34
2017-01-06,2327,55.15
2017-01-09,2327,55.61
2017-01-10,2327,56.06
2017-01-11,2327,57.77
2017-01-12,2327,59.86
2017-01-13,2327,58.59
2017-01-16,2327,57.32
2017-01-17,2327,57.5
2017-01-18,2327,58.14
2017-01-19,2327,59.58
2017-01-20,2327,63.29
2017-01-23,2327,63.29
2017-01-24,2327,68.71
2017-01-03,2328,18.41
2017-01-04,2328,18.74
2017-01-05,2328,18.45
2017-01-06,2328,18.26
2017-01-09,2328,18.3
2017-01-10,2328,18.63
2017-01-11,2328,18.52
2017-01-12,2328,18.74
2017-01-13,2328,18.74
2017-01-16,2328,18.23
2017-01-17,2328,18.3
2017-01-18,2328,18.59
2017-01-19,2328,18.37
2017-01-20,2328,18.34
2017-01-23,2328,18.63
2017-01-24,2328,18.48
2017-01-03,2329,13.95
2017-01-04,2329,13.95
2017-01-05,2329,14.07
2017-01-06,2329,13.95
2017-01-09,2329,13.82
2017-01-10,2329,13.69
2017-01-11,2329,13.63
2017-01-12,2329,13.69
2017-01-13,2329,13.76
2017-01-16,2329,13.69
2017-01-17,2329,13.82
2017-01-18,2329,14.07
2017-01-19,2329,13.95
2017-01-20,2329,13.82
2017-01-23,2329,13.95
2017-01-24,2329,14.13
2017-01-03,2330,145.42
2017-01-04,2330,145.42
2017-01-05,2330,145.82
2017-01-06,2330,146.22
2017-01-09,2330,146.22
2017-01-10,2330,146.22
2017-01-11,2330,144.63
2017-01-12,2330,146.61
2017-01-13,2330,144.23
2017-01-16,2330,142.64
2017-01-17,2330,143.83
2017-01-18,2330,143.83
2017-01-19,2330,143.44
2017-01-20,2330,143.83
2017-01-23,2330,147.01
2017-01-24,2330,147.41
2017-01-03,2331,13.34
2017-01-04,2331,13.34
2017-01-05,2331,13.42
2017-01-06,2331,14.48
2017-01-09,2331,14.23
2017-01-10,2331,14.35
2017-01-11,2331,14.39
2017-01-12,2331,14.65
2017-01-13,2331,14.65
2017-01-16,2331,14.48
2017-01-17,2331,14.61
2017-01-18,2331,16.04
2017-01-19,2331,15.45
2017-01-20,2331,15.32
2017-01-23,2331,15.7
2017-01-24,2331,15.83
2017-01-03,2340,13.22
2017-01-04,2340,13.22
2017-01-05,2340,13.46
2017-01-06,2340,13.41
2017-01-09,2340,13.32
2017-01-10,2340,13.18
2017-01-11,2340,12.8
2017-01-12,2340,12.85
2017-01-13,2340,12.89
2017-01-16,2340,12.85
2017-01-17,2340,13.36
2017-01-18,2340,13.36
2017-01-19,2340,13.32
2017-01-20,2340,13.32
2017-01-23,2340,13.27
2017-01-24,2340,13.32
2017-01-03,2342,12.88
2017-01-04,2342,12.84
2017-01-05,2342,12.66
2017-01-06,2342,13.02
2017-01-09,2342,12.75
2017-01-10,2342,12.79
2017-01-11,2342,12.61
2017-01-12,2342,12.7
2017-01-13,2342,12.7
2017-01-16,2342,12.57
2017-01-17,2342,12.79
2017-01-18,2342,12.57
2017-01-19,2342,12.66
2017-01-20,2342,12.66
2017-01-23,2342,12.7
2017-01-24,2342,13.24
2017-01-03,2345,41.33
2017-01-04,2345,42.77
2017-01-05,2345,43.17
2017-01-06,2345,43.89
2017-01-09,2345,42.77
2017-01-10,2345,44.37
2017-01-11,2345,45.65
2017-01-12,2345,45.17
2017-01-13,2345,45.49
2017-01-16,2345,45.41
2017-01-17,2345,44.61
2017-01-18,2345,43.65
2017-01-19,2345,44.13
2017-01-20,2345,43.41
2017-01-23,2345,45.41
2017-01-24,2345,45.17
2017-01-03,2347,20.11
2017-01-04,2347,19.96
2017-01-05,2347,20.02
2017-01-06,2347,20.14
2017-01-09,2347,20.08
2017-01-10,2347,20.05
2017-01-11,2347,20.05
2017-01-12,2347,20.39
2017-01-13,2347,20.39
2017-01-16,2347,20.3
2017-01-17,2347,20.3
2017-01-18,2347,20.11
2017-01-19,2347,20.08
2017-01-20,2347,20.11
2017-01-23,2347,20.3
2017-01-24,2347,20.27
2017-01-03,2349,12.93
2017-01-04,2349,12.93
2017-01-05,2349,13.11
2017-01-06,2349,13.03
2017-01-09,2349,12.93
2017-01-10,2349,12.8
2017-01-11,2349,12.67
2017-01-12,2349,12.85
2017-01-13,2349,12.75
2017-01-16,2349,12.62
2017-01-17,2349,12.62
2017-01-18,2349,12.6
2017-01-19,2349,12.65
2017-01-20,2349,13.08
2017-01-23,2349,13.23
2017-01-24,2349,13.13
2017-01-03,2351,33.37
2017-01-04,2351,33.29
2017-01-05,2351,33.5
2017-01-06,2351,33.29
2017-01-09,2351,34.3
2017-01-10,2351,34.46
2017-01-11,2351,34.55
2017-01-12,2351,36.16
2017-01-13,2351,35.63
2017-01-16,2351,36.24
2017-01-17,2351,36.32
2017-01-18,2351,36.48
2017-01-19,2351,35.88
2017-01-20,2351,36.04
2017-01-23,2351,36.28
2017-01-24,2351,37.01
2017-01-03,2352,10.64
2017-01-04,2352,10.71
2017-01-05,2352,10.81
2017-01-06,2352,10.91
2017-01-09,2352,10.91
2017-01-10,2352,10.95
2017-01-11,2352,11.12
2017-01-12,2352,11.05
2017-01-13,2352,11.05
2017-01-16,2352,11.02
2017-01-17,2352,11.05
2017-01-18,2352,11.36
2017-01-19,2352,11.19
2017-01-20,2352,11.12
2017-01-23,2352,11.29
2017-01-24,2352,11.29
2017-01-03,2354,63.58
2017-01-04,2354,63.58
2017-01-05,2354,63.43
2017-01-06,2354,63.21
2017-01-09,2354,63.65
2017-01-10,2354,63.58
2017-01-11,2354,63.65
2017-01-12,2354,63.06
2017-01-13,2354,63.51
2017-01-16,2354,62.98
2017-01-17,2354,63.58
2017-01-18,2354,63.73
2017-01-19,2354,63.88
2017-01-20,2354,62.91
2017-01-23,2354,64.84
2017-01-24,2354,65.36
2017-01-03,2355,47.49
2017-01-04,2355,48.19
2017-01-05,2355,48.04
2017-01-06,2355,47.8
2017-01-09,2355,48.19
2017-01-10,2355,48.27
2017-01-11,2355,48.04
2017-01-12,2355,48.19
2017-01-13,2355,47.72
2017-01-16,2355,46.79
2017-01-17,2355,47.65
2017-01-18,2355,47.41
2017-01-19,2355,47.88
2017-01-20,2355,47.88
2017-01-23,2355,47.96
2017-01-24,2355,48.11
2017-01-03,2356,14.4
2017-01-04,2356,14.47
2017-01-05,2356,14.69
2017-01-06,2356,14.66
2017-01-09,2356,15.32
2017-01-10,2356,15.35
2017-01-11,2356,15.38
2017-01-12,2356,15.45
2017-01-13,2356,15.28
2017-01-16,2356,15.05
2017-01-17,2356,15.28
2017-01-18,2356,15.55
2017-01-19,2356,15.55
2017-01-20,2356,15.19
2017-01-23,2356,15.41
2017-01-24,2356,15.38
2017-01-03,2357,147.01
2017-01-04,2357,147.01
2017-01-05,2357,148.11
2017-01-06,2357,148.66
2017-01-09,2357,148.11
2017-01-10,2357,148.93
2017-01-11,2357,150.04
2017-01-12,2357,151.96
2017-01-13,2357,152.51
2017-01-16,2357,151.41
2017-01-17,2357,151.41
2017-01-18,2357,149.76
2017-01-19,2357,149.21
2017-01-20,2357,150.59
2017-01-23,2357,152.51
2017-01-24,2357,150.31
2017-01-03,2358,13.64
2017-01-04,2358,13.64
2017-01-05,2358,13.47
2017-01-06,2358,13.25
2017-01-09,2358,13.3
2017-01-10,2358,13.12
2017-01-11,2358,12.95
2017-01-12,2358,12.82
2017-01-13,2358,12.52
2017-01-16,2358,12.43
2017-01-17,2358,13.04
2017-01-18,2358,12.78
2017-01-19,2358,12.39
2017-01-20,2358,12.43
2017-01-23,2358,12.65
2017-01-24,2358,12.86
2017-01-03,2359,11.2
2017-01-04,2359,11.16
2017-01-05,2359,11.2
2017-01-06,2359,11.05
2017-01-09,2359,10.9
2017-01-10,2359,10.87
2017-01-11,2359,10.9
2017-01-12,2359,10.87
2017-01-13,2359,11.12
2017-01-16,2359,11.01
2017-01-17,2359,11.75
2017-01-18,2359,11.45
2017-01-19,2359,11.42
2017-01-20,2359,11.31
2017-01-23,2359,11.27
2017-01-24,2359,11.34
2017-01-03,2360,59.27
2017-01-04,2360,59.59
2017-01-05,2360,60.75
2017-01-06,2360,62.7
2017-01-09,2360,62.47
2017-01-10,2360,64.18
2017-01-11,2360,64.88
2017-01-12,2360,65.51
2017-01-13,2360,64.57
2017-01-16,2360,63.48
2017-01-17,2360,63.87
2017-01-18,2360,63.87
2017-01-19,2360,63.79
2017-01-20,2360,63.79
2017-01-23,2360,63.79
2017-01-24,2360,63.79
2017-01-03,2362,20.25
2017-01-04,2362,20.32
2017-01-05,2362,21.05
2017-01-06,2362,20.8
2017-01-09,2362,20.76
2017-01-10,2362,20.69
2017-01-11,2362,20.69
2017-01-12,2362,20.69
2017-01-13,2362,20.58
2017-01-16,2362,19.96
2017-01-17,2362,20.07
2017-01-18,2362,20.03
2017-01-19,2362,20.03
2017-01-20,2362,19.99
2017-01-23,2362,20.1
2017-01-24,2362,20.14
2017-01-03,2364,12.01
2017-01-04,2364,11.81
2017-01-05,2364,11.81
2017-01-06,2364,12.15
2017-01-09,2364,11.81
2017-01-10,2364,12.24
2017-01-11,2364,12.19
2017-01-12,2364,12.15
2017-01-13,2364,11.91
2017-01-16,2364,12.19
2017-01-17,2364,12.1
2017-01-18,2364,11.86
2017-01-19,2364,12.1
2017-01-20,2364,12.1
2017-01-23,2364,12.15
2017-01-24,2364,12.24
2017-01-03,2368,10.18
2017-01-04,2368,10.28
2017-01-05,2368,10.24
2017-01-06,2368,10.33
2017-01-09,2368,10.14
2017-01-10,2368,10.04
2017-01-11,2368,10.04
2017-01-12,2368,10.04
2017-01-13,2368,9.99
2017-01-16,2368,9.99
2017-01-17,2368,10.04
2017-01-18,2368,10.08
2017-01-19,2368,10.18
2017-01-20,2368,10.14
2017-01-23,2368,10.33
2017-01-24,2368,10.18
2017-01-03,2371,10.23
2017-01-04,2371,10.22
2017-01-05,2371,10.22
2017-01-06,2371,10.28
2017-01-09,2371,10.33
2017-01-10,2371,11.34
2017-01-11,2371,12.46
2017-01-12,2371,13.1
2017-01-13,2371,13.1
2017-01-16,2371,13.95
2017-01-17,2371,13.79
2017-01-18,2371,14.64
2017-01-19,2371,14.96
2017-01-20,2371,14.8
2017-01-23,2371,16.24
2017-01-24,2371,17.84
2017-01-03,2373,44.8
2017-01-04,2373,45.05
2017-01-05,2373,44.96
2017-01-06,2373,45.05
2017-01-09,2373,45.05
2017-01-10,2373,45.13
2017-01-11,2373,45.22
2017-01-12,2373,45.3
2017-01-13,2373,45.13
2017-01-16,2373,44.96
2017-01-17,2373,45.13
2017-01-18,2373,45.13
2017-01-19,2373,45.13
2017-01-20,2373,45.05
2017-01-23,2373,45.3
2017-01-24,2373,45.47
2017-01-03,2374,12.98
2017-01-04,2374,12.94
2017-01-05,2374,12.94
2017-01-06,2374,12.94
2017-01-09,2374,12.79
2017-01-10,2374,12.52
2017-01-11,2374,12.63
2017-01-12,2374,12.52
2017-01-13,2374,12.59
2017-01-16,2374,12.63
2017-01-17,2374,12.67
2017-01-18,2374,12.86
2017-01-19,2374,12.9
2017-01-20,2374,12.86
2017-01-23,2374,12.82
2017-01-24,2374,12.98
2017-01-03,2375,21.95
2017-01-04,2375,21.95
2017-01-05,2375,22.02
2017-01-06,2375,22.22
2017-01-09,2375,22.29
2017-01-10,2375,21.95
2017-01-11,2375,21.88
2017-01-12,2375,21.88
2017-01-13,2375,21.88
2017-01-16,2375,21.88
2017-01-17,2375,21.82
2017-01-18,2375,21.68
2017-01-19,2375,22.88
2017-01-20,2375,22.08
2017-01-23,2375,21.95
2017-01-24,2375,22.36
2017-01-03,2376,27.88
2017-01-04,2376,27.75
2017-01-05,2376,28.79
2017-01-06,2376,28.4
2017-01-09,2376,27.91
2017-01-10,2376,27.95
2017-01-11,2376,27.46
2017-01-12,2376,27.36
2017-01-13,2376,27.88
2017-01-16,2376,27.42
2017-01-17,2376,27.65
2017-01-18,2376,27.42
2017-01-19,2376,27.07
2017-01-20,2376,26.64
2017-01-23,2376,26.77
2017-01-24,2376,26.71
2017-01-03,2377,49.83
2017-01-04,2377,49.96
2017-01-05,2377,51.1
2017-01-06,2377,50.9
2017-01-09,2377,49.9
2017-01-10,2377,51.3
2017-01-11,2377,52.64
2017-01-12,2377,52.64
2017-01-13,2377,52.97
2017-01-16,2377,52.24
2017-01-17,2377,53.17
2017-01-18,2377,51.23
2017-01-19,2377,50.5
2017-01-20,2377,49.36
2017-01-23,2377,50.03
2017-01-24,2377,50.56
2017-01-03,2379,72.05
2017-01-04,2379,70.99
2017-01-05,2379,71.69
2017-01-06,2379,71.34
2017-01-09,2379,71.34
2017-01-10,2379,71.69
2017-01-11,2379,73.11
2017-01-12,2379,74.17
2017-01-13,2379,75.58
2017-01-16,2379,75.93
2017-01-17,2379,76.99
2017-01-18,2379,76.29
2017-01-19,2379,76.64
2017-01-20,2379,77.7
2017-01-23,2379,76.64
2017-01-24,2379,76.99
2017-01-03,2382,37.95
2017-01-04,2382,37.95
2017-01-05,2382,37.95
2017-01-06,2382,38.2
2017-01-09,2382,38.96
2017-01-10,2382,38.9
2017-01-11,2382,39.85
2017-01-12,2382,40.17
2017-01-13,2382,40.48
2017-01-16,2382,40.17
2017-01-17,2382,40.23
2017-01-18,2382,40.17
2017-01-19,2382,40.48
2017-01-20,2382,40.04
2017-01-23,2382,40.17
2017-01-24,2382,40.23
2017-01-03,2383,67.41
2017-01-04,2383,72.25
2017-01-05,2383,74.44
2017-01-06,2383,72.1
2017-01-09,2383,71.79
2017-01-10,2383,72.93
2017-01-11,2383,72.32
2017-01-12,2383,76.71
2017-01-13,2383,75.12
2017-01-16,2383,74.74
2017-01-17,2383,75.5
2017-01-18,2383,76.33
2017-01-19,2383,75.04
2017-01-20,2383,76.71
2017-01-23,2383,84.26
2017-01-24,2383,82.75
2017-01-03,2385,42.58
2017-01-04,2385,42.47
2017-01-05,2385,42.58
2017-01-06,2385,42.12
2017-01-09,2385,41.95
2017-01-10,2385,42.01
2017-01-11,2385,41.78
2017-01-12,2385,41.61
2017-01-13,2385,41.78
2017-01-16,2385,41.21
2017-01-17,2385,41.44
2017-01-18,2385,41.44
2017-01-19,2385,41.61
2017-01-20,2385,41.21
2017-01-23,2385,42.41
2017-01-24,2385,42.07
2017-01-03,2387,12.62
2017-01-04,2387,12.65
2017-01-05,2387,12.77
2017-01-06,2387,12.77
2017-01-09,2387,12.58
2017-01-10,2387,12.58
2017-01-11,2387,12.54
2017-01-12,2387,12.51
2017-01-13,2387,12.47
2017-01-16,2387,12.65
2017-01-17,2387,13.1
2017-01-18,2387,13.55
2017-01-19,2387,13.51
2017-01-20,2387,13.55
2017-01-23,2387,13.55
2017-01-24,2387,13.58
2017-01-03,2388,9.67
2017-01-04,2388,9.87
2017-01-05,2388,9.92
2017-01-06,2388,9.87
2017-01-09,2388,10.83
2017-01-10,2388,10.64
2017-01-11,2388,10.69
2017-01-12,2388,10.64
2017-01-13,2388,11.26
2017-01-16,2388,11.07
2017-01-17,2388,11.17
2017-01-18,2388,11.22
2017-01-19,2388,11.12
2017-01-20,2388,10.97
2017-01-23,2388,10.83
2017-01-24,2388,10.78
2017-01-03,2390,15.98
2017-01-04,2390,15.89
2017-01-05,2390,15.93
2017-01-06,2390,16.03
2017-01-09,2390,15.79
2017-01-10,2390,15.75
2017-01-11,2390,15.65
2017-01-12,2390,15.65
2017-01-13,2390,15.41
2017-01-16,2390,15.32
2017-01-17,2390,15.46
2017-01-18,2390,15.46
2017-01-19,2390,15.41
2017-01-20,2390,15.5
2017-01-23,2390,15.55
2017-01-24,2390,15.41
2017-01-03,2392,25.16
2017-01-04,2392,25.23
2017-01-05,2392,25.33
2017-01-06,2392,25.19
2017-01-09,2392,25.16
2017-01-10,2392,25.26
2017-01-11,2392,25.26
2017-01-12,2392,25.47
2017-01-13,2392,25.4
2017-01-16,2392,25.12
2017-01-17,2392,24.99
2017-01-18,2392,24.92
2017-01-19,2392,24.78
2017-01-20,2392,24.71
2017-01-23,2392,24.68
2017-01-24,2392,24.99
2017-01-03,2393,29.18
2017-01-04,2393,29.37
2017-01-05,2393,30.17
2017-01-06,2393,29.98
2017-01-09,2393,30.2
2017-01-10,2393,30.58
2017-01-11,2393,30.58
2017-01-12,2393,30.55
2017-01-13,2393,30.77
2017-01-16,2393,30.8
2017-01-17,2393,30.86
2017-01-18,2393,30.86
2017-01-19,2393,30.8
2017-01-20,2393,31.15
2017-01-23,2393,31.02
2017-01-24,2393,31.05
2017-01-03,2395,154.7
2017-01-04,2395,153.17
2017-01-05,2395,155.01
2017-01-06,2395,157.46
2017-01-09,2395,157.77
2017-01-10,2395,157.46
2017-01-11,2395,158.07
2017-01-12,2395,160.52
2017-01-13,2395,162.97
2017-01-16,2395,160.52
2017-01-17,2395,161.44
2017-01-18,2395,161.14
2017-01-19,2395,161.75
2017-01-20,2395,162.36
2017-01-23,2395,163.28
2017-01-24,2395,162.36
2017-01-03,2397,31.36
2017-01-04,2397,31.24
2017-01-05,2397,31.24
2017-01-06,2397,31.6
2017-01-09,2397,31.78
2017-01-10,2397,31.48
2017-01-11,2397,31.18
2017-01-12,2397,30.94
2017-01-13,2397,31.12
2017-01-16,2397,30.88
2017-01-17,2397,30.82
2017-01-18,2397,30.82
2017-01-19,2397,30.52
2017-01-20,2397,30.52
2017-01-23,2397,30.4
2017-01-24,2397,30.16
2017-01-03,2402,13.31
2017-01-04,2402,13.23
2017-01-05,2402,13.31
2017-01-06,2402,13.77
2017-01-09,2402,13.73
2017-01-10,2402,13.73
2017-01-11,2402,13.97
2017-01-12,2402,13.73
2017-01-13,2402,13.64
2017-01-16,2402,14.1
2017-01-17,2402,13.56
2017-01-18,2402,13.6
2017-01-19,2402,13.52
2017-01-20,2402,13.35
2017-01-23,2402,13.39
2017-01-24,2402,13.39
2017-01-03,2404,34.44
2017-01-04,2404,34.34
2017-01-05,2404,34.44
2017-01-06,2404,34.65
2017-01-09,2404,34.44
2017-01-10,2404,34.58
2017-01-11,2404,35.13
2017-01-12,2404,35.34
2017-01-13,2404,35.2
2017-01-16,2404,34.93
2017-01-17,2404,34.99
2017-01-18,2404,35.34
2017-01-19,2404,35.34
2017-01-20,2404,35.13
2017-01-23,2404,35.34
2017-01-24,2404,35.34
2017-01-03,2406,38.5
2017-01-04,2406,38.89
2017-01-05,2406,38.42
2017-01-06,2406,38.18
2017-01-09,2406,35.98
2017-01-10,2406,36.61
2017-01-11,2406,36.53
2017-01-12,2406,37.0
2017-01-13,2406,36.85
2017-01-16,2406,36.22
2017-01-17,2406,36.07
2017-01-18,2406,36.38
2017-01-19,2406,37.16
2017-01-20,2406,36.69
2017-01-23,2406,37.63
2017-01-24,2406,37.32
2017-01-03,2408,34.15
2017-01-04,2408,34.44
2017-01-05,2408,34.98
2017-01-06,2408,35.23
2017-01-09,2408,35.16
2017-01-10,2408,34.51
2017-01-11,2408,34.58
2017-01-12,2408,34.08
2017-01-13,2408,33.5
2017-01-16,2408,33.61
2017-01-17,2408,34.48
2017-01-18,2408,34.62
2017-01-19,2408,34.84
2017-01-20,2408,34.55
2017-01-23,2408,34.33
2017-01-24,2408,34.69
2017-01-03,2412,74.42
2017-01-04,2412,75.15
2017-01-05,2412,75.88
2017-01-06,2412,74.79
2017-01-09,2412,74.06
2017-01-10,2412,74.06
2017-01-11,2412,73.7
2017-01-12,2412,74.06
2017-01-13,2412,74.06
2017-01-16,2412,74.06
2017-01-17,2412,74.42
2017-01-18,2412,73.7
2017-01-19,2412,73.33
2017-01-20,2412,73.7
2017-01-23,2412,73.7
2017-01-24,2412,74.06
2017-01-03,2413,11.53
2017-01-04,2413,11.48
2017-01-05,2413,11.57
2017-01-06,2413,11.48
2017-01-09,2413,11.38
2017-01-10,2413,11.19
2017-01-11,2413,11.38
2017-01-12,2413,11.38
2017-01-13,2413,11.53
2017-01-16,2413,11.33
2017-01-17,2413,11.53
2017-01-18,2413,11.38
2017-01-19,2413,11.43
2017-01-20,2413,11.38
2017-01-23,2413,11.48
2017-01-24,2413,11.48
2017-01-03,2414,10.87
2017-01-04,2414,10.84
2017-01-05,2414,10.78
2017-01-06,2414,10.81
2017-01-09,2414,10.87
2017-01-10,2414,10.87
2017-01-11,2414,10.84
2017-01-12,2414,10.84
2017-01-13,2414,10.87
2017-01-16,2414,10.87
2017-01-17,2414,10.81
2017-01-18,2414,10.87
2017-01-19,2414,10.81
2017-01-20,2414,10.84
2017-01-23,2414,10.9
2017-01-24,2414,10.9
2017-01-03,2415,17.84
2017-01-04,2415,18.47
2017-01-05,2415,18.54
2017-01-06,2415,18.5
2017-01-09,2415,19.34
2017-01-10,2415,19.42
2017-01-11,2415,21.09
2017-01-12,2415,20.73
2017-01-13,2415,20.51
2017-01-16,2415,19.78
2017-01-17,2415,20.25
2017-01-18,2415,19.74
2017-01-19,2415,19.78
2017-01-20,2415,19.85
2017-01-23,2415,20.91
2017-01-24,2415,20.99
2017-01-03,2417,11.69
2017-01-04,2417,11.84
2017-01-05,2417,11.58
2017-01-06,2417,11.58
2017-01-09,2417,11.42
2017-01-10,2417,11.11
2017-01-11,2417,10.95
2017-01-12,2417,10.9
2017-01-13,2417,11.16
2017-01-16,2417,11.26
2017-01-17,2417,11.11
2017-01-18,2417,11.05
2017-01-19,2417,11.26
2017-01-20,2417,11.11
2017-01-23,2417,11.11
2017-01-24,2417,11.01
2017-01-03,2419,15.32
2017-01-04,2419,15.48
2017-01-05,2419,15.55
2017-01-06,2419,15.37
2017-01-09,2419,15.52
2017-01-10,2419,15.86
2017-01-11,2419,15.59
2017-01-12,2419,15.48
2017-01-13,2419,15.55
2017-01-16,2419,15.44
2017-01-17,2419,15.4
2017-01-18,2419,15.4
2017-01-19,2419,15.29
2017-01-20,2419,15.29
2017-01-23,2419,15.22
2017-01-24,2419,15.1
2017-01-03,2420,20.7
2017-01-04,2420,20.73
2017-01-05,2420,20.9
2017-01-06,2420,21.11
2017-01-09,2420,21.45
2017-01-10,2420,21.37
2017-01-11,2420,20.76
2017-01-12,2420,20.76
2017-01-13,2420,20.96
2017-01-16,2420,20.96
2017-01-17,2420,20.93
2017-01-18,2420,21.05
2017-01-19,2420,21.11
2017-01-20,2420,20.81
2017-01-23,2420,20.81
2017-01-24,2420,20.79
2017-01-03,2421,18.43
2017-01-04,2421,18.84
2017-01-05,2421,18.87
2017-01-06,2421,18.77
2017-01-09,2421,19.18
2017-01-10,2421,18.46
2017-01-11,2421,19.79
2017-01-12,2421,19.59
2017-01-13,2421,19.9
2017-01-16,2421,20.27
2017-01-17,2421,20.13
2017-01-18,2421,19.86
2017-01-19,2421,20.41
2017-01-20,2421,20.41
2017-01-23,2421,20.71
2017-01-24,2421,20.65
2017-01-03,2423,11.71
2017-01-04,2423,11.71
2017-01-05,2423,11.74
2017-01-06,2423,11.77
2017-01-09,2423,11.65
2017-01-10,2423,11.95
2017-01-11,2423,11.86
2017-01-12,2423,11.89
2017-01-13,2423,11.92
2017-01-16,2423,11.95
2017-01-17,2423,11.95
2017-01-18,2423,11.92
2017-01-19,2423,12.04
2017-01-20,2423,12.04
2017-01-23,2423,12.1
2017-01-24,2423,12.04
2017-01-03,2424,35.0
2017-01-04,2424,35.0
2017-01-05,2424,36.25
2017-01-09,2424,36.0
2017-01-11,2424,38.83
2017-01-12,2424,36.91
2017-01-13,2424,37.58
2017-01-16,2424,37.58
2017-01-17,2424,38.33
2017-01-18,2424,38.5
2017-01-19,2424,38.58
2017-01-20,2424,38.0
2017-01-23,2424,40.5
2017-01-24,2424,40.66
2017-01-03,2425,17.31
2017-01-04,2425,17.31
2017-01-05,2425,17.31
2017-01-06,2425,17.22
2017-01-09,2425,17.18
2017-01-10,2425,17.05
2017-01-11,2425,17.0
2017-01-12,2425,17.22
2017-01-13,2425,17.13
2017-01-16,2425,17.13
2017-01-17,2425,17.13
2017-01-18,2425,17.39
2017-01-19,2425,17.87
2017-01-20,2425,17.52
2017-01-23,2425,17.44
2017-01-24,2425,17.35
2017-01-03,2428,47.33
2017-01-04,2428,47.33
2017-01-05,2428,47.99
2017-01-06,2428,48.88
2017-01-09,2428,49.03
2017-01-10,2428,50.37
2017-01-11,2428,49.85
2017-01-12,2428,49.4
2017-01-13,2428,49.48
2017-01-16,2428,49.25
2017-01-17,2428,49.25
2017-01-18,2428,49.48
2017-01-19,2428,49.92
2017-01-20,2428,49.25
2017-01-23,2428,49.62
2017-01-24,2428,50.07
2017-01-03,2429,16.96
2017-01-04,2429,16.85
2017-01-05,2429,16.75
2017-01-06,2429,17.21
2017-01-11,2429,16.6
2017-01-12,2429,17.11
2017-01-13,2429,16.18
2017-01-16,2429,16.44
2017-01-17,2429,16.24
2017-01-18,2429,16.54
2017-01-23,2429,16.14
2017-01-24,2429,16.14
2017-01-03,2430,23.89
2017-01-04,2430,23.85
2017-01-05,2430,23.73
2017-01-06,2430,23.77
2017-01-09,2430,23.56
2017-01-10,2430,23.61
2017-01-11,2430,23.56
2017-01-12,2430,23.41
2017-01-13,2430,23.41
2017-01-16,2430,23.41
2017-01-17,2430,23.41
2017-01-18,2430,23.65
2017-01-19,2430,23.56
2017-01-20,2430,23.24
2017-01-23,2430,23.2
2017-01-24,2430,23.12
2017-01-03,2431,12.67
2017-01-04,2431,12.54
2017-01-05,2431,12.45
2017-01-06,2431,12.49
2017-01-09,2431,12.58
2017-01-10,2431,12.45
2017-01-11,2431,12.23
2017-01-12,2431,12.23
2017-01-13,2431,12.14
2017-01-16,2431,12.05
2017-01-17,2431,12.05
2017-01-18,2431,12.27
2017-01-19,2431,12.23
2017-01-20,2431,12.14
2017-01-23,2431,12.05
2017-01-24,2431,12.14
2017-01-03,2433,21.49
2017-01-04,2433,21.7
2017-01-05,2433,21.86
2017-01-06,2433,21.89
2017-01-09,2433,21.81
2017-01-10,2433,21.76
2017-01-11,2433,21.84
2017-01-12,2433,21.84
2017-01-13,2433,21.73
2017-01-16,2433,21.76
2017-01-17,2433,21.81
2017-01-18,2433,21.95
2017-01-19,2433,21.78
2017-01-20,2433,21.89
2017-01-23,2433,21.89
2017-01-24,2433,21.89
2017-01-03,2434,36.23
2017-01-04,2434,35.58
2017-01-05,2434,35.58
2017-01-06,2434,36.03
2017-01-09,2434,35.77
2017-01-10,2434,35.84
2017-01-11,2434,35.32
2017-01-12,2434,38.7
2017-01-13,2434,37.07
2017-01-16,2434,36.81
2017-01-17,2434,36.1
2017-01-18,2434,38.31
2017-01-19,2434,37.66
2017-01-20,2434,37.14
2017-01-23,2434,37.72
2017-01-24,2434,37.07
2017-01-03,2436,18.95
2017-01-04,2436,19.17
2017-01-05,2436,19.25
2017-01-06,2436,19.17
2017-01-09,2436,18.9
2017-01-10,2436,18.86
2017-01-11,2436,18.86
2017-01-12,2436,18.86
2017-01-13,2436,18.86
2017-01-16,2436,18.59
2017-01-17,2436,18.81
2017-01-18,2436,18.86
2017-01-19,2436,18.86
2017-01-20,2436,19.3
2017-01-23,2436,19.21
2017-01-24,2436,20.09
2017-01-03,2437,47.0
2017-01-04,2437,47.05
2017-01-05,2437,47.0
2017-01-06,2437,47.0
2017-01-09,2437,47.0
2017-01-10,2437,47.15
2017-01-11,2437,47.1
2017-01-12,2437,47.45
2017-01-13,2437,47.3
2017-01-16,2437,47.0
2017-01-17,2437,47.2
2017-01-18,2437,47.3
2017-01-19,2437,47.2
2017-01-20,2437,47.8
2017-01-24,2437,52.5
2017-01-03,2438,15.82
2017-01-04,2438,15.45
2017-01-05,2438,15.79
2017-01-06,2438,16.13
2017-01-09,2438,15.58
2017-01-10,2438,15.71
2017-01-11,2438,15.66
2017-01-12,2438,15.12
2017-01-13,2438,15.5
2017-01-16,2438,15.31
2017-01-17,2438,15.42
2017-01-18,2438,15.41
2017-01-19,2438,15.11
2017-01-20,2438,15.03
2017-01-23,2438,15.03
2017-01-24,2438,14.93
2017-01-03,2439,78.58
2017-01-04,2439,77.62
2017-01-05,2439,76.98
2017-01-06,2439,76.34
2017-01-09,2439,75.38
2017-01-10,2439,77.3
2017-01-11,2439,77.3
2017-01-12,2439,76.98
2017-01-13,2439,76.98
2017-01-16,2439,78.26
2017-01-17,2439,78.9
2017-01-18,2439,84.36
2017-01-19,2439,84.36
2017-01-20,2439,82.43
2017-01-23,2439,84.68
2017-01-24,2439,83.39
2017-01-03,2441,24.96
2017-01-04,2441,24.83
2017-01-05,2441,25.02
2017-01-06,2441,24.96
2017-01-09,2441,25.34
2017-01-10,2441,25.44
2017-01-11,2441,25.41
2017-01-12,2441,25.47
2017-01-13,2441,25.53
2017-01-16,2441,25.15
2017-01-17,2441,25.34
2017-01-18,2441,25.21
2017-01-19,2441,25.18
2017-01-20,2441,25.41
2017-01-23,2441,25.5
2017-01-24,2441,25.44
2017-01-03,2444,11.11
2017-01-04,2444,11.16
2017-01-05,2444,11.26
2017-01-06,2444,11.36
2017-01-09,2444,11.31
2017-01-10,2444,10.96
2017-01-11,2444,10.91
2017-01-12,2444,10.91
2017-01-13,2444,11.01
2017-01-16,2444,10.96
2017-01-17,2444,11.01
2017-01-18,2444,11.11
2017-01-19,2444,11.11
2017-01-20,2444,11.01
2017-01-23,2444,11.11
2017-01-24,2444,10.96
2017-01-03,2448,22.29
2017-01-04,2448,22.67
2017-01-05,2448,23.98
2017-01-06,2448,23.98
2017-01-09,2448,23.54
2017-01-10,2448,23.69
2017-01-11,2448,23.21
2017-01-12,2448,22.92
2017-01-13,2448,22.96
2017-01-16,2448,22.58
2017-01-17,2448,22.53
2017-01-18,2448,22.92
2017-01-19,2448,22.92
2017-01-20,2448,22.72
2017-01-23,2448,22.63
2017-01-24,2448,22.72
2017-01-03,2449,17.28
2017-01-04,2449,17.38
2017-01-05,2449,17.64
2017-01-06,2449,17.77
2017-01-09,2449,17.51
2017-01-10,2449,17.58
2017-01-11,2449,17.68
2017-01-12,2449,17.51
2017-01-13,2449,17.22
2017-01-16,2449,17.35
2017-01-17,2449,17.41
2017-01-18,2449,17.61
2017-01-19,2449,17.41
2017-01-20,2449,17.35
2017-01-23,2449,17.35
2017-01-24,2449,17.71
2017-01-03,2450,31.89
2017-01-04,2450,31.71
2017-01-05,2450,31.53
2017-01-06,2450,31.53
2017-01-09,2450,31.77
2017-01-10,2450,31.53
2017-01-11,2450,31.65
2017-01-12,2450,31.83
2017-01-13,2450,31.71
2017-01-16,2450,31.41
2017-01-17,2450,31.41
2017-01-18,2450,31.35
2017-01-19,2450,31.47
2017-01-20,2450,31.23
2017-01-23,2450,30.92
2017-01-24,2450,31.47
2017-01-03,2451,50.83
2017-01-04,2451,51.37
2017-01-05,2451,51.54
2017-01-06,2451,51.13
2017-01-09,2451,51.37
2017-01-10,2451,51.49
2017-01-11,2451,51.43
2017-01-12,2451,51.19
2017-01-13,2451,51.6
2017-01-16,2451,50.59
2017-01-17,2451,50.53
2017-01-18,2451,50.65
2017-01-19,2451,50.59
2017-01-20,2451,50.59
2017-01-23,2451,51.25
2017-01-24,2451,50.77
2017-01-03,2454,142.72
2017-01-04,2454,141.41
2017-01-05,2454,142.72
2017-01-06,2454,144.03
2017-01-09,2454,142.07
2017-01-10,2454,140.43
2017-01-11,2454,141.08
2017-01-12,2454,142.07
2017-01-13,2454,140.76
2017-01-16,2454,137.81
2017-01-17,2454,139.77
2017-01-18,2454,138.47
2017-01-19,2454,139.45
2017-01-20,2454,138.47
2017-01-23,2454,140.43
2017-01-24,2454,139.77
2017-01-03,2455,37.54
2017-01-04,2455,37.54
2017-01-05,2455,37.89
2017-01-06,2455,38.28
2017-01-09,2455,37.97
2017-01-10,2455,38.2
2017-01-11,2455,38.62
2017-01-12,2455,38.31
2017-01-13,2455,37.85
2017-01-16,2455,37.62
2017-01-17,2455,37.5
2017-01-18,2455,37.73
2017-01-19,2455,37.46
2017-01-20,2455,37.23
2017-01-23,2455,37.0
2017-01-24,2455,37.89
2017-01-03,2456,78.42
2017-01-04,2456,78.75
2017-01-05,2456,78.86
2017-01-06,2456,78.75
2017-01-09,2456,78.53
2017-01-10,2456,77.75
2017-01-11,2456,78.53
2017-01-12,2456,78.75
2017-01-13,2456,78.53
2017-01-16,2456,77.64
2017-01-17,2456,77.86
2017-01-18,2456,78.3
2017-01-19,2456,78.97
2017-01-20,2456,78.97
2017-01-24,2456,84.83
2017-01-03,2457,12.45
2017-01-04,2457,12.26
2017-01-05,2457,12.21
2017-01-06,2457,12.21
2017-01-09,2457,11.17
2017-01-10,2457,11.17
2017-01-11,2457,11.12
2017-01-12,2457,11.07
2017-01-13,2457,11.03
2017-01-16,2457,11.18
2017-01-17,2457,11.03
2017-01-18,2457,10.94
2017-01-19,2457,11.18
2017-01-20,2457,11.08
2017-01-23,2457,10.89
2017-01-24,2457,10.84
2017-01-03,2458,30.25
2017-01-04,2458,29.94
2017-01-05,2458,29.73
2017-01-06,2458,30.29
2017-01-09,2458,30.46
2017-01-10,2458,30.03
2017-01-11,2458,29.9
2017-01-12,2458,29.99
2017-01-13,2458,29.9
2017-01-16,2458,29.34
2017-01-17,2458,29.47
2017-01-18,2458,29.38
2017-01-19,2458,29.51
2017-01-20,2458,29.34
2017-01-23,2458,29.38
2017-01-24,2458,29.68
2017-01-03,2459,19.43
2017-01-04,2459,19.38
2017-01-05,2459,19.46
2017-01-06,2459,19.38
2017-01-09,2459,19.32
2017-01-10,2459,19.29
2017-01-11,2459,19.24
2017-01-12,2459,19.29
2017-01-13,2459,19.24
2017-01-16,2459,19.27
2017-01-17,2459,19.32
2017-01-18,2459,19.18
2017-01-19,2459,19.29
2017-01-20,2459,19.21
2017-01-23,2459,19.13
2017-01-24,2459,19.21
2017-01-03,2460,10.07
2017-01-04,2460,9.98
2017-01-05,2460,10.12
2017-01-06,2460,10.17
2017-01-09,2460,10.12
2017-01-10,2460,10.66
2017-01-11,2460,10.71
2017-01-12,2460,10.52
2017-01-13,2460,10.66
2017-01-16,2460,10.76
2017-01-17,2460,10.81
2017-01-18,2460,11.2
2017-01-19,2460,11.11
2017-01-20,2460,11.06
2017-01-23,2460,11.15
2017-01-24,2460,11.2
2017-01-03,2461,12.91
2017-01-04,2461,12.81
2017-01-05,2461,12.74
2017-01-06,2461,12.84
2017-01-09,2461,11.61
2017-01-10,2461,11.74
2017-01-11,2461,11.88
2017-01-12,2461,11.51
2017-01-13,2461,11.44
2017-01-16,2461,11.35
2017-01-17,2461,11.31
2017-01-18,2461,11.41
2017-01-19,2461,11.28
2017-01-20,2461,11.35
2017-01-23,2461,11.25
2017-01-24,2461,11.18
2017-01-03,2462,17.22
2017-01-04,2462,17.17
2017-01-05,2462,17.13
2017-01-06,2462,17.22
2017-01-09,2462,17.17
2017-01-10,2462,17.17
2017-01-11,2462,17.22
2017-01-12,2462,17.22
2017-01-13,2462,17.17
2017-01-16,2462,17.22
2017-01-17,2462,17.22
2017-01-18,2462,17.3
2017-01-19,2462,17.17
2017-01-20,2462,17.13
2017-01-23,2462,17.17
2017-01-24,2462,17.46
2017-01-03,2464,25.51
2017-01-04,2464,25.87
2017-01-05,2464,26.04
2017-01-06,2464,26.14
2017-01-09,2464,26.07
2017-01-10,2464,25.87
2017-01-11,2464,25.61
2017-01-12,2464,25.71
2017-01-13,2464,25.38
2017-01-16,2464,25.38
2017-01-17,2464,25.31
2017-01-18,2464,25.51
2017-01-19,2464,25.28
2017-01-20,2464,25.28
2017-01-23,2464,25.58
2017-01-24,2464,25.54
2017-01-03,2465,14.16
2017-01-04,2465,13.86
2017-01-05,2465,14.11
2017-01-06,2465,13.95
2017-01-09,2465,14.02
2017-01-10,2465,14.06
2017-01-11,2465,13.85
2017-01-12,2465,13.9
2017-01-13,2465,13.92
2017-01-16,2465,13.86
2017-01-17,2465,13.77
2017-01-18,2465,13.72
2017-01-19,2465,13.9
2017-01-20,2465,13.83
2017-01-23,2465,13.81
2017-01-24,2465,13.86
2017-01-03,2466,32.01
2017-01-04,2466,32.1
2017-01-05,2466,32.24
2017-01-06,2466,32.24
2017-01-09,2466,32.24
2017-01-10,2466,32.19
2017-01-11,2466,32.24
2017-01-12,2466,32.29
2017-01-13,2466,32.51
2017-01-16,2466,32.56
2017-01-17,2466,32.7
2017-01-18,2466,32.7
2017-01-19,2466,32.6
2017-01-20,2466,32.6
2017-01-23,2466,32.74
2017-01-24,2466,32.79
2017-01-03,2467,12.4
2017-01-04,2467,12.99
2017-01-05,2467,12.69
2017-01-06,2467,12.57
2017-01-09,2467,12.28
2017-01-10,2467,12.28
2017-01-11,2467,12.16
2017-01-12,2467,11.92
2017-01-13,2467,11.86
2017-01-16,2467,12.16
2017-01-17,2467,11.84
2017-01-18,2467,11.86
2017-01-19,2467,11.48
2017-01-20,2467,11.33
2017-01-23,2467,11.39
2017-01-24,2467,11.27
2017-01-03,2472,26.4
2017-01-04,2472,26.84
2017-01-05,2472,26.88
2017-01-06,2472,27.08
2017-01-09,2472,27.01
2017-01-10,2472,26.84
2017-01-11,2472,26.74
2017-01-12,2472,26.47
2017-01-13,2472,26.37
2017-01-16,2472,26.06
2017-01-17,2472,26.13
2017-01-18,2472,26.2
2017-01-19,2472,26.47
2017-01-20,2472,26.37
2017-01-23,2472,26.74
2017-01-24,2472,26.88
2017-01-03,2474,145.91
2017-01-04,2474,144.94
2017-01-05,2474,143.32
2017-01-06,2474,144.29
2017-01-09,2474,144.94
2017-01-10,2474,144.29
2017-01-11,2474,141.38
2017-01-12,2474,138.79
2017-01-13,2474,139.76
2017-01-16,2474,141.7
2017-01-17,2474,144.29
2017-01-18,2474,143.32
2017-01-19,2474,150.44
2017-01-20,2474,156.91
2017-01-23,2474,157.88
2017-01-24,2474,165.0
2017-01-03,2476,17.43
2017-01-04,2476,17.43
2017-01-05,2476,17.37
2017-01-06,2476,17.57
2017-01-09,2476,17.64
2017-01-10,2476,17.64
2017-01-11,2476,17.57
2017-01-12,2476,17.47
2017-01-13,2476,17.57
2017-01-16,2476,17.53
2017-01-17,2476,17.64
2017-01-18,2476,17.53
2017-01-19,2476,17.57
2017-01-20,2476,17.77
2017-01-23,2476,17.74
2017-01-24,2476,17.7
2017-01-03,2477,14.98
2017-01-04,2477,14.94
2017-01-05,2477,14.81
2017-01-06,2477,14.85
2017-01-09,2477,14.81
2017-01-10,2477,14.94
2017-01-11,2477,15.37
2017-01-12,2477,15.24
2017-01-13,2477,15.2
2017-01-16,2477,14.81
2017-01-17,2477,14.72
2017-01-18,2477,14.77
2017-01-19,2477,14.68
2017-01-20,2477,14.46
2017-01-23,2477,14.59
2017-01-24,2477,14.81
2017-01-03,2478,17.0
2017-01-04,2478,17.04
2017-01-05,2478,17.09
2017-01-06,2478,17.09
2017-01-09,2478,17.09
2017-01-10,2478,17.13
2017-01-11,2478,17.58
2017-01-12,2478,17.94
2017-01-13,2478,17.84
2017-01-16,2478,17.53
2017-01-17,2478,17.67
2017-01-18,2478,17.84
2017-01-19,2478,17.89
2017-01-20,2478,19.68
2017-01-23,2478,21.64
2017-01-24,2478,23.78
2017-01-03,2480,18.99
2017-01-04,2480,19.3
2017-01-05,2480,19.26
2017-01-06,2480,19.26
2017-01-09,2480,19.23
2017-01-10,2480,19.23
2017-01-11,2480,19.26
2017-01-12,2480,19.26
2017-01-13,2480,19.33
2017-01-16,2480,19.26
2017-01-17,2480,19.12
2017-01-18,2480,19.26
2017-01-19,2480,19.3
2017-01-20,2480,19.36
2017-01-23,2480,19.26
2017-01-24,2480,19.3
2017-01-03,2481,14.09
2017-01-04,2481,14.17
2017-01-05,2481,14.17
2017-01-06,2481,14.17
2017-01-09,2481,14.17
2017-01-10,2481,14.04
2017-01-11,2481,13.96
2017-01-12,2481,14.04
2017-01-13,2481,14.17
2017-01-16,2481,13.79
2017-01-17,2481,13.83
2017-01-18,2481,14.0
2017-01-19,2481,14.13
2017-01-20,2481,14.17
2017-01-23,2481,14.09
2017-01-24,2481,14.26
2017-01-03,2482,11.72
2017-01-04,2482,11.72
2017-01-05,2482,11.72
2017-01-06,2482,11.77
2017-01-09,2482,11.81
2017-01-10,2482,11.9
2017-01-11,2482,11.81
2017-01-12,2482,11.86
2017-01-13,2482,11.81
2017-01-16,2482,11.81
2017-01-17,2482,11.86
2017-01-18,2482,11.86
2017-01-19,2482,11.72
2017-01-20,2482,11.72
2017-01-23,2482,11.63
2017-01-24,2482,11.72
2017-01-03,2483,11.62
2017-01-04,2483,11.62
2017-01-05,2483,11.65
2017-01-06,2483,11.75
2017-01-09,2483,11.68
2017-01-10,2483,11.62
2017-01-11,2483,11.68
2017-01-12,2483,11.62
2017-01-13,2483,11.68
2017-01-16,2483,11.55
2017-01-17,2483,11.58
2017-01-18,2483,11.58
2017-01-19,2483,11.62
2017-01-20,2483,11.62
2017-01-23,2483,11.65
2017-01-24,2483,11.62
2017-01-03,2484,12.3
2017-01-04,2484,12.43
2017-01-05,2484,12.43
2017-01-06,2484,13.13
2017-01-09,2484,12.76
2017-01-10,2484,13.06
2017-01-11,2484,13.6
2017-01-12,2484,13.33
2017-01-13,2484,13.63
2017-01-16,2484,13.27
2017-01-17,2484,13.13
2017-01-18,2484,13.3
2017-01-19,2484,13.3
2017-01-20,2484,13.0
2017-01-23,2484,13.0
2017-01-24,2484,12.93
2017-01-03,2485,30.8
2017-01-04,2485,30.84
2017-01-05,2485,30.61
2017-01-06,2485,30.61
2017-01-09,2485,31.12
2017-01-10,2485,30.89
2017-01-11,2485,30.61
2017-01-12,2485,30.43
2017-01-13,2485,30.06
2017-01-16,2485,29.19
2017-01-17,2485,29.33
2017-01-18,2485,29.14
2017-01-19,2485,29.14
2017-01-20,2485,28.77
2017-01-23,2485,28.82
2017-01-24,2485,28.96
2017-01-03,2488,26.21
2017-01-04,2488,26.27
2017-01-05,2488,26.3
2017-01-06,2488,26.42
2017-01-09,2488,25.16
2017-01-10,2488,25.31
2017-01-11,2488,25.4
2017-01-12,2488,25.16
2017-01-13,2488,25.1
2017-01-16,2488,25.25
2017-01-17,2488,25.37
2017-01-18,2488,25.31
2017-01-19,2488,25.52
2017-01-20,2488,25.13
2017-01-23,2488,25.04
2017-01-24,2488,24.79
2017-01-03,2489,20.14
2017-01-04,2489,20.05
2017-01-05,2489,20.18
2017-01-06,2489,20.41
2017-01-09,2489,20.59
2017-01-10,2489,20.23
2017-01-11,2489,20.32
2017-01-12,2489,20.14
2017-01-13,2489,19.96
2017-01-16,2489,19.87
2017-01-17,2489,20.05
2017-01-18,2489,19.87
2017-01-19,2489,19.96
2017-01-20,2489,20.32
2017-01-23,2489,20.23
2017-01-24,2489,20.18
2017-01-03,2492,27.39
2017-01-04,2492,27.19
2017-01-05,2492,27.19
2017-01-06,2492,27.47
2017-01-09,2492,27.19
2017-01-10,2492,27.15
2017-01-11,2492,27.12
2017-01-12,2492,27.15
2017-01-13,2492,27.39
2017-01-16,2492,27.5
2017-01-17,2492,27.39
2017-01-18,2492,28.41
2017-01-19,2492,29.87
2017-01-20,2492,29.95
2017-01-23,2492,30.9
2017-01-24,2492,30.38
2017-01-03,2493,15.55
2017-01-04,2493,15.58
2017-01-05,2493,15.52
2017-01-06,2493,15.55
2017-01-09,2493,15.61
2017-01-10,2493,15.61
2017-01-11,2493,15.55
2017-01-12,2493,15.49
2017-01-13,2493,15.52
2017-01-16,2493,15.49
2017-01-17,2493,15.52
2017-01-18,2493,15.61
2017-01-19,2493,15.64
2017-01-20,2493,15.64
2017-01-23,2493,15.64
2017-01-24,2493,15.61
2017-01-03,2495,12.9
2017-01-04,2495,12.86
2017-01-05,2495,12.78
2017-01-06,2495,12.86
2017-01-09,2495,12.74
2017-01-10,2495,12.86
2017-01-11,2495,12.74
2017-01-12,2495,12.74
2017-01-13,2495,12.7
2017-01-16,2495,12.5
2017-01-17,2495,12.5
2017-01-18,2495,12.66
2017-01-19,2495,12.58
2017-01-20,2495,12.58
2017-01-23,2495,12.58
2017-01-24,2495,12.54
2017-01-03,2496,53.1
2017-01-04,2496,52.07
2017-01-05,2496,52.07
2017-01-06,2496,52.07
2017-01-10,2496,52.07
2017-01-11,2496,51.55
2017-01-12,2496,51.55
2017-01-13,2496,51.55
2017-01-23,2496,51.55
2017-01-24,2496,51.55
2017-01-03,2497,30.99
2017-01-04,2497,31.32
2017-01-05,2497,31.8
2017-01-06,2497,31.75
2017-01-09,2497,31.7
2017-01-10,2497,31.51
2017-01-11,2497,31.18
2017-01-12,2497,30.94
2017-01-13,2497,30.99
2017-01-16,2497,30.85
2017-01-17,2497,30.71
2017-01-18,2497,30.66
2017-01-19,2497,30.99
2017-01-20,2497,30.8
2017-01-23,2497,30.52
2017-01-24,2497,30.52
2017-01-03,2498,78.32
2017-01-04,2498,80.89
2017-01-05,2498,80.4
2017-01-06,2498,80.3
2017-01-09,2498,78.32
2017-01-10,2498,77.73
2017-01-11,2498,78.52
2017-01-12,2498,78.62
2017-01-13,2498,78.22
2017-01-16,2498,77.92
2017-01-17,2498,78.62
2017-01-18,2498,81.19
2017-01-19,2498,79.51
2017-01-20,2498,78.72
2017-01-23,2498,77.83
2017-01-24,2498,78.42
2017-01-03,2499,13.0
2017-01-04,2499,13.1
2017-01-05,2499,13.55
2017-01-06,2499,13.35
2017-01-09,2499,13.15
2017-01-10,2499,13.0
2017-01-11,2499,12.95
2017-01-12,2499,13.0
2017-01-13,2499,13.0
2017-01-16,2499,12.95
2017-01-17,2499,12.9
2017-01-18,2499,13.0
2017-01-19,2499,12.95
2017-01-20,2499,13.0
2017-01-23,2499,13.0
2017-01-24,2499,13.1
2017-01-03,2501,11.7
2017-01-04,2501,11.7
2017-01-05,2501,11.7
2017-01-06,2501,11.7
2017-01-09,2501,11.66
2017-01-10,2501,11.66
2017-01-11,2501,11.79
2017-01-12,2501,11.79
2017-01-13,2501,11.79
2017-01-16,2501,11.66
2017-01-17,2501,11.63
2017-01-18,2501,11.73
2017-01-19,2501,11.63
2017-01-20,2501,11.66
2017-01-23,2501,11.86
2017-01-24,2501,12.12
2017-01-03,2505,15.05
2017-01-04,2505,14.8
2017-01-05,2505,14.8
2017-01-06,2505,14.92
2017-01-09,2505,14.86
2017-01-10,2505,14.73
2017-01-11,2505,14.92
2017-01-12,2505,14.98
2017-01-13,2505,14.98
2017-01-16,2505,14.86
2017-01-17,2505,14.86
2017-01-18,2505,15.11
2017-01-19,2505,15.05
2017-01-20,2505,15.05
2017-01-23,2505,15.11
2017-01-24,2505,15.17
2017-01-03,2514,16.94
2017-01-04,2514,16.94
2017-01-05,2514,17.04
2017-01-06,2514,17.04
2017-01-09,2514,17.09
2017-01-10,2514,17.09
2017-01-11,2514,16.89
2017-01-12,2514,17.09
2017-01-13,2514,16.94
2017-01-16,2514,16.94
2017-01-17,2514,16.99
2017-01-18,2514,17.09
2017-01-19,2514,16.84
2017-01-20,2514,16.89
2017-01-23,2514,16.94
2017-01-24,2514,16.94
2017-01-03,2520,11.98
2017-01-04,2520,11.98
2017-01-05,2520,12.13
2017-01-06,2520,12.13
2017-01-09,2520,12.19
2017-01-10,2520,12.19
2017-01-11,2520,12.01
2017-01-12,2520,12.01
2017-01-13,2520,11.8
2017-01-16,2520,11.37
2017-01-17,2520,11.49
2017-01-18,2520,11.61
2017-01-19,2520,11.83
2017-01-20,2520,11.73
2017-01-23,2520,11.7
2017-01-24,2520,11.95
2017-01-03,2524,19.41
2017-01-04,2524,19.36
2017-01-05,2524,19.41
2017-01-06,2524,19.36
2017-01-09,2524,19.54
2017-01-10,2524,19.59
2017-01-11,2524,19.54
2017-01-12,2524,19.77
2017-01-13,2524,19.54
2017-01-16,2524,19.63
2017-01-17,2524,19.68
2017-01-18,2524,19.73
2017-01-19,2524,19.68
2017-01-20,2524,19.59
2017-01-23,2524,19.86
2017-01-24,2524,20.23
2017-01-03,2527,11.96
2017-01-04,2527,11.96
2017-01-05,2527,11.93
2017-01-06,2527,11.9
2017-01-09,2527,11.9
2017-01-10,2527,11.84
2017-01-11,2527,11.96
2017-01-12,2527,11.96
2017-01-13,2527,11.93
2017-01-16,2527,11.87
2017-01-17,2527,11.8
2017-01-18,2527,12.06
2017-01-19,2527,12.53
2017-01-20,2527,13.76
2017-01-23,2527,14.01
2017-01-24,2527,13.57
2017-01-03,2530,10.61
2017-01-04,2530,10.53
2017-01-05,2530,10.53
2017-01-06,2530,10.61
2017-01-09,2530,10.53
2017-01-10,2530,10.49
2017-01-11,2530,10.53
2017-01-12,2530,10.45
2017-01-13,2530,10.45
2017-01-16,2530,10.42
2017-01-17,2530,10.45
2017-01-18,2530,10.45
2017-01-19,2530,10.49
2017-01-20,2530,10.49
2017-01-23,2530,10.42
2017-01-24,2530,10.42
2017-01-03,2534,14.89
2017-01-04,2534,14.77
2017-01-05,2534,15.09
2017-01-06,2534,15.21
2017-01-09,2534,15.29
2017-01-10,2534,15.25
2017-01-11,2534,14.97
2017-01-12,2534,15.13
2017-01-13,2534,15.21
2017-01-16,2534,15.09
2017-01-17,2534,15.17
2017-01-18,2534,15.21
2017-01-19,2534,15.13
2017-01-20,2534,15.13
2017-01-23,2534,15.21
2017-01-24,2534,15.45
2017-01-03,2535,13.05
2017-01-04,2535,13.32
2017-01-05,2535,13.15
2017-01-06,2535,13.18
2017-01-09,2535,13.39
2017-01-10,2535,13.35
2017-01-11,2535,13.22
2017-01-12,2535,13.18
2017-01-13,2535,13.15
2017-01-16,2535,13.08
2017-01-17,2535,12.91
2017-01-18,2535,13.05
2017-01-19,2535,13.08
2017-01-20,2535,13.08
2017-01-23,2535,12.91
2017-01-24,2535,13.05
2017-01-03,2536,17.91
2017-01-04,2536,17.91
2017-01-05,2536,17.87
2017-01-06,2536,17.84
2017-01-09,2536,17.87
2017-01-10,2536,18.01
2017-01-11,2536,17.7
2017-01-12,2536,17.7
2017-01-13,2536,17.77
2017-01-16,2536,17.7
2017-01-17,2536,17.53
2017-01-18,2536,17.73
2017-01-19,2536,17.73
2017-01-20,2536,17.8
2017-01-23,2536,17.84
2017-01-24,2536,17.8
2017-01-03,2542,19.24
2017-01-04,2542,19.35
2017-01-05,2542,19.46
2017-01-06,2542,19.58
2017-01-09,2542,19.56
2017-01-10,2542,19.5
2017-01-11,2542,19.54
2017-01-12,2542,19.9
2017-01-13,2542,19.86
2017-01-16,2542,19.58
2017-01-17,2542,19.71
2017-01-18,2542,19.56
2017-01-19,2542,19.67
2017-01-20,2542,19.56
2017-01-23,2542,19.75
2017-01-24,2542,19.82
2017-01-03,2545,18.6
2017-01-04,2545,18.6
2017-01-05,2545,18.43
2017-01-06,2545,18.36
2017-01-09,2545,18.36
2017-01-10,2545,18.27
2017-01-11,2545,18.1
2017-01-12,2545,18.08
2017-01-13,2545,17.99
2017-01-16,2545,17.78
2017-01-17,2545,17.75
2017-01-18,2545,17.73
2017-01-19,2545,17.71
2017-01-20,2545,17.68
2017-01-23,2545,17.66
2017-01-24,2545,18.01
2017-01-03,2548,30.88
2017-01-04,2548,30.83
2017-01-05,2548,30.88
2017-01-06,2548,30.88
2017-01-09,2548,31.13
2017-01-10,2548,31.03
2017-01-11,2548,31.28
2017-01-12,2548,31.33
2017-01-13,2548,31.28
2017-01-16,2548,30.67
2017-01-17,2548,30.72
2017-01-18,2548,30.62
2017-01-19,2548,30.57
2017-01-20,2548,30.57
2017-01-23,2548,30.83
2017-01-24,2548,31.23
2017-01-03,2596,11.15
2017-01-04,2596,11.06
2017-01-05,2596,11.35
2017-01-06,2596,11.32
2017-01-09,2596,11.32
2017-01-10,2596,11.49
2017-01-11,2596,11.18
2017-01-12,2596,11.0
2017-01-13,2596,11.0
2017-01-16,2596,10.89
2017-01-17,2596,10.8
2017-01-18,2596,10.95
2017-01-19,2596,10.98
2017-01-20,2596,10.86
2017-01-23,2596,10.83
2017-01-24,2596,11.09
2017-01-03,2597,10.56
2017-01-04,2597,10.67
2017-01-05,2597,10.73
2017-01-06,2597,10.66
2017-01-09,2597,10.69
2017-01-10,2597,10.67
2017-01-11,2597,10.76
2017-01-12,2597,10.73
2017-01-13,2597,10.79
2017-01-16,2597,10.76
2017-01-17,2597,10.73
2017-01-18,2597,10.69
2017-01-19,2597,10.62
2017-01-20,2597,10.67
2017-01-23,2597,10.72
2017-01-24,2597,10.76
2017-01-03,2603,10.75
2017-01-04,2603,10.79
2017-01-05,2603,10.7
2017-01-06,2603,11.03
2017-01-09,2603,11.12
2017-01-10,2603,11.12
2017-01-11,2603,11.58
2017-01-12,2603,11.72
2017-01-13,2603,11.63
2017-01-16,2603,11.4
2017-01-17,2603,11.63
2017-01-18,2603,11.82
2017-01-19,2603,11.96
2017-01-20,2603,11.86
2017-01-23,2603,11.96
2017-01-24,2603,11.96
2017-01-03,2605,15.26
2017-01-04,2605,15.38
2017-01-05,2605,15.53
2017-01-06,2605,15.69
2017-01-09,2605,15.5
2017-01-10,2605,15.5
2017-01-11,2605,15.89
2017-01-12,2605,15.77
2017-01-13,2605,15.69
2017-01-16,2605,15.65
2017-01-17,2605,15.61
2017-01-18,2605,15.73
2017-01-19,2605,16.28
2017-01-20,2605,16.39
2017-01-23,2605,16.39
2017-01-24,2605,16.39
2017-01-03,2606,16.39
2017-01-04,2606,16.32
2017-01-05,2606,16.19
2017-01-06,2606,16.45
2017-01-09,2606,16.35
2017-01-10,2606,16.35
2017-01-11,2606,16.78
2017-01-12,2606,16.71
2017-01-13,2606,16.71
2017-01-16,2606,16.65
2017-01-17,2606,16.81
2017-01-18,2606,16.87
2017-01-19,2606,17.66
2017-01-20,2606,17.56
2017-01-23,2606,17.82
2017-01-24,2606,17.82
2017-01-03,2607,10.12
2017-01-04,2607,10.12
2017-01-05,2607,10.19
2017-01-06,2607,10.27
2017-01-09,2607,10.27
2017-01-10,2607,10.31
2017-01-11,2607,10.39
2017-01-12,2607,10.31
2017-01-13,2607,10.27
2017-01-16,2607,10.23
2017-01-17,2607,10.31
2017-01-18,2607,10.35
2017-01-19,2607,10.35
2017-01-20,2607,10.31
2017-01-23,2607,10.51
2017-01-24,2607,11.53
2017-01-03,2608,30.42
2017-01-04,2608,30.21
2017-01-05,2608,30.18
2017-01-06,2608,30.14
2017-01-09,2608,30.11
2017-01-10,2608,30.18
2017-01-11,2608,30.18
2017-01-12,2608,30.35
2017-01-13,2608,30.79
2017-01-16,2608,30.42
2017-01-17,2608,30.42
2017-01-18,2608,30.69
2017-01-19,2608,30.55
2017-01-20,2608,30.08
2017-01-23,2608,30.08
2017-01-24,2608,30.28
2017-01-03,2612,19.27
2017-01-04,2612,19.19
2017-01-05,2612,19.45
2017-01-06,2612,19.66
2017-01-09,2612,19.41
2017-01-10,2612,19.01
2017-01-11,2612,19.45
2017-01-12,2612,19.16
2017-01-13,2612,19.09
2017-01-16,2612,19.19
2017-01-17,2612,19.09
2017-01-18,2612,19.27
2017-01-19,2612,20.82
2017-01-20,2612,20.28
2017-01-23,2612,20.1
2017-01-24,2612,20.17
2017-01-03,2613,10.0
2017-01-04,2613,10.0
2017-01-05,2613,10.07
2017-01-06,2613,10.11
2017-01-09,2613,10.07
2017-01-10,2613,10.11
2017-01-11,2613,10.07
2017-01-12,2613,10.15
2017-01-13,2613,10.15
2017-01-16,2613,10.03
2017-01-17,2613,10.0
2017-01-18,2613,10.0
2017-01-19,2613,10.15
2017-01-20,2613,10.11
2017-01-23,2613,10.15
2017-01-24,2613,10.69
2017-01-03,2614,10.57
2017-01-04,2614,10.52
2017-01-05,2614,10.69
2017-01-06,2614,10.75
2017-01-09,2614,10.59
2017-01-10,2614,10.64
2017-01-11,2614,10.52
2017-01-12,2614,10.59
2017-01-13,2614,10.55
2017-01-16,2614,10.55
2017-01-17,2614,10.69
2017-01-18,2614,10.75
2017-01-19,2614,10.85
2017-01-20,2614,10.85
2017-01-23,2614,10.86
2017-01-24,2614,10.95
2017-01-03,2616,17.45
2017-01-04,2616,17.51
2017-01-05,2616,17.54
2017-01-06,2616,17.51
2017-01-09,2616,17.42
2017-01-10,2616,17.98
2017-01-11,2616,17.95
2017-01-12,2616,17.98
2017-01-13,2616,18.01
2017-01-16,2616,17.83
2017-01-17,2616,17.98
2017-01-18,2616,18.08
2017-01-19,2616,18.01
2017-01-20,2616,18.01
2017-01-23,2616,18.04
2017-01-24,2616,18.04
2017-01-03,2618,10.91
2017-01-04,2618,10.91
2017-01-05,2618,11.13
2017-01-06,2618,11.05
2017-01-09,2618,11.05
2017-01-10,2618,11.09
2017-01-11,2618,11.28
2017-01-12,2618,11.24
2017-01-13,2618,11.24
2017-01-16,2618,11.2
2017-01-17,2618,11.32
2017-01-18,2618,11.24
2017-01-19,2618,11.17
2017-01-20,2618,11.2
2017-01-23,2618,11.2
2017-01-24,2618,11.28
2017-01-03,2633,14.95
2017-01-04,2633,14.91
2017-01-05,2633,15.23
2017-01-06,2633,15.39
2017-01-09,2633,15.27
2017-01-10,2633,15.31
2017-01-11,2633,15.27
2017-01-12,2633,15.31
2017-01-13,2633,15.35
2017-01-16,2633,15.35
2017-01-17,2633,15.31
2017-01-18,2633,15.19
2017-01-19,2633,15.07
2017-01-20,2633,15.07
2017-01-23,2633,15.15
2017-01-24,2633,15.15
2017-01-03,2634,30.18
2017-01-04,2634,30.46
2017-01-05,2634,30.46
2017-01-06,2634,30.5
2017-01-09,2634,30.11
2017-01-10,2634,30.3
2017-01-11,2634,30.3
2017-01-12,2634,30.11
2017-01-13,2634,30.18
2017-01-16,2634,30.38
2017-01-17,2634,30.38
2017-01-18,2634,30.5
2017-01-19,2634,30.61
2017-01-20,2634,30.61
2017-01-23,2634,30.58
2017-01-24,2634,30.54
2017-01-03,2636,11.25
2017-01-04,2636,11.02
2017-01-05,2636,11.2
2017-01-06,2636,11.2
2017-01-09,2636,11.25
2017-01-10,2636,11.1
2017-01-11,2636,11.12
2017-01-12,2636,11.1
2017-01-13,2636,10.97
2017-01-16,2636,10.74
2017-01-17,2636,10.71
2017-01-18,2636,10.63
2017-01-19,2636,10.58
2017-01-20,2636,10.56
2017-01-23,2636,10.71
2017-01-24,2636,10.61
2017-01-03,2637,17.6
2017-01-04,2637,17.69
2017-01-05,2637,17.69
2017-01-06,2637,17.72
2017-01-09,2637,17.75
2017-01-10,2637,17.66
2017-01-11,2637,17.77
2017-01-12,2637,17.77
2017-01-13,2637,17.66
2017-01-16,2637,17.69
2017-01-17,2637,17.75
2017-01-18,2637,17.72
2017-01-19,2637,17.77
2017-01-20,2637,17.77
2017-01-23,2637,17.77
2017-01-24,2637,17.75
2017-01-03,2640,26.37
2017-01-04,2640,26.09
2017-01-05,2640,26.99
2017-01-06,2640,26.91
2017-01-09,2640,26.64
2017-01-10,2640,26.64
2017-01-11,2640,26.31
2017-01-12,2640,26.39
2017-01-13,2640,26.58
2017-01-16,2640,26.48
2017-01-17,2640,26.86
2017-01-18,2640,26.91
2017-01-19,2640,26.77
2017-01-20,2640,26.77
2017-01-23,2640,26.64
2017-01-24,2640,26.64
2017-01-03,2641,10.94
2017-01-04,2641,10.94
2017-01-05,2641,10.89
2017-01-06,2641,10.89
2017-01-09,2641,11.32
2017-01-10,2641,11.09
2017-01-11,2641,10.75
2017-01-12,2641,10.46
2017-01-13,2641,10.5
2017-01-16,2641,10.36
2017-01-17,2641,10.17
2017-01-18,2641,10.31
2017-01-19,2641,10.27
2017-01-20,2641,10.17
2017-01-23,2641,9.64
2017-01-24,2641,9.62
2017-01-03,2642,19.59
2017-01-04,2642,19.43
2017-01-05,2642,19.51
2017-01-06,2642,19.51
2017-01-09,2642,19.39
2017-01-10,2642,19.59
2017-01-11,2642,19.55
2017-01-12,2642,19.43
2017-01-13,2642,19.47
2017-01-16,2642,19.43
2017-01-17,2642,19.63
2017-01-18,2642,19.63
2017-01-19,2642,19.71
2017-01-20,2642,19.59
2017-01-23,2642,19.59
2017-01-24,2642,19.35
2017-01-03,2643,27.96
2017-01-04,2643,28.62
2017-01-05,2643,28.4
2017-01-06,2643,28.79
2017-01-09,2643,29.89
2017-01-10,2643,28.13
2017-01-11,2643,28.02
2017-01-12,2643,27.79
2017-01-13,2643,27.74
2017-01-16,2643,27.85
2017-01-17,2643,27.52
2017-01-18,2643,27.46
2017-01-19,2643,27.52
2017-01-20,2643,27.33
2017-01-23,2643,27.19
2017-01-24,2643,27.27
2017-01-03,2701,10.43
2017-01-04,2701,10.43
2017-01-05,2701,10.51
2017-01-06,2701,10.55
2017-01-09,2701,10.47
2017-01-10,2701,10.47
2017-01-11,2701,10.47
2017-01-12,2701,10.47
2017-01-13,2701,10.47
2017-01-16,2701,10.47
2017-01-17,2701,10.47
2017-01-18,2701,10.55
2017-01-19,2701,10.51
2017-01-20,2701,10.55
2017-01-23,2701,10.55
2017-01-24,2701,10.62
2017-01-03,2704,21.28
2017-01-04,2704,21.32
2017-01-05,2704,21.51
2017-01-06,2704,21.55
2017-01-09,2704,21.37
2017-01-10,2704,21.41
2017-01-11,2704,21.41
2017-01-12,2704,21.41
2017-01-13,2704,21.37
2017-01-16,2704,21.28
2017-01-17,2704,21.28
2017-01-18,2704,21.37
2017-01-19,2704,21.32
2017-01-20,2704,21.28
2017-01-23,2704,21.32
2017-01-24,2704,21.41
2017-01-03,2705,14.83
2017-01-04,2705,14.83
2017-01-05,2705,14.87
2017-01-06,2705,14.87
2017-01-09,2705,14.82
2017-01-10,2705,14.76
2017-01-11,2705,14.82
2017-01-12,2705,14.78
2017-01-13,2705,14.62
2017-01-16,2705,14.6
2017-01-17,2705,14.6
2017-01-18,2705,14.67
2017-01-19,2705,14.73
2017-01-20,2705,14.82
2017-01-23,2705,14.82
2017-01-24,2705,14.78
2017-01-03,2706,12.51
2017-01-04,2706,12.51
2017-01-05,2706,12.51
2017-01-06,2706,12.51
2017-01-09,2706,12.47
2017-01-10,2706,12.51
2017-01-11,2706,12.55
2017-01-12,2706,12.59
2017-01-13,2706,12.62
2017-01-16,2706,12.62
2017-01-17,2706,12.66
2017-01-18,2706,12.7
2017-01-19,2706,12.7
2017-01-20,2706,12.74
2017-01-23,2706,12.74
2017-01-24,2706,12.78
2017-01-03,2707,104.38
2017-01-04,2707,104.38
2017-01-05,2707,104.08
2017-01-06,2707,103.77
2017-01-09,2707,104.08
2017-01-10,2707,104.08
2017-01-11,2707,104.08
2017-01-12,2707,104.38
2017-01-13,2707,104.08
2017-01-16,2707,103.77
2017-01-17,2707,103.77
2017-01-18,2707,103.77
2017-01-19,2707,103.46
2017-01-20,2707,103.46
2017-01-23,2707,103.15
2017-01-24,2707,102.53
2017-01-03,2712,24.79
2017-01-05,2712,24.17
2017-01-06,2712,24.17
2017-01-09,2712,24.13
2017-01-10,2712,24.22
2017-01-11,2712,24.22
2017-01-12,2712,24.22
2017-01-13,2712,24.22
2017-01-16,2712,24.22
2017-01-17,2712,24.22
2017-01-18,2712,24.36
2017-01-19,2712,24.27
2017-01-20,2712,24.32
2017-01-23,2712,24.36
2017-01-24,2712,24.13
2017-01-06,2718,20.8
2017-01-03,2719,49.93
2017-01-04,2719,50.81
2017-01-05,2719,50.81
2017-01-06,2719,51.48
2017-01-09,2719,50.59
2017-01-10,2719,50.81
2017-01-11,2719,50.81
2017-01-12,2719,50.59
2017-01-13,2719,50.81
2017-01-16,2719,51.26
2017-01-17,2719,51.48
2017-01-18,2719,53.02
2017-01-19,2719,55.01
2017-01-20,2719,53.47
2017-01-23,2719,52.8
2017-01-24,2719,53.47
2017-01-03,2722,32.02
2017-01-04,2722,32.1
2017-01-05,2722,32.02
2017-01-09,2722,31.83
2017-01-10,2722,31.67
2017-01-12,2722,31.63
2017-01-18,2722,32.06
2017-01-23,2722,31.79
2017-01-24,2722,31.83
2017-01-03,2723,155.95
2017-01-04,2723,154.35
2017-01-05,2723,162.33
2017-01-06,2723,165.2
2017-01-09,2723,163.28
2017-01-10,2723,164.88
2017-01-11,2723,159.45
2017-01-12,2723,155.95
2017-01-13,2723,156.27
2017-01-16,2723,154.67
2017-01-17,2723,154.03
2017-01-18,2723,154.99
2017-01-19,2723,152.44
2017-01-20,2723,156.27
2017-01-23,2723,166.47
2017-01-24,2723,174.76
2017-01-03,2724,13.1
2017-01-04,2724,13.2
2017-01-05,2724,13.2
2017-01-06,2724,13.2
2017-01-09,2724,13.2
2017-01-10,2724,13.2
2017-01-11,2724,13.4
2017-01-12,2724,13.4
2017-01-16,2724,13.22
2017-01-17,2724,13.2
2017-01-18,2724,13.22
2017-01-19,2724,13.2
2017-01-20,2724,13.2
2017-01-23,2724,13.2
2017-01-24,2724,13.2
2017-01-03,2726,80.05
2017-01-04,2726,77.98
2017-01-05,2726,76.14
2017-01-06,2726,77.85
2017-01-09,2726,76.87
2017-01-10,2726,77.49
2017-01-11,2726,77.73
2017-01-12,2726,78.34
2017-01-13,2726,77.85
2017-01-16,2726,78.21
2017-01-17,2726,78.34
2017-01-18,2726,78.34
2017-01-19,2726,78.34
2017-01-20,2726,77.85
2017-01-23,2726,78.21
2017-01-24,2726,78.21
2017-01-03,2727,89.45
2017-01-04,2727,92.16
2017-01-05,2727,92.84
2017-01-06,2727,94.19
2017-01-09,2727,91.82
2017-01-10,2727,92.16
2017-01-11,2727,94.53
2017-01-12,2727,95.21
2017-01-13,2727,97.58
2017-01-16,2727,95.21
2017-01-17,2727,95.89
2017-01-18,2727,95.55
2017-01-19,2727,96.23
2017-01-20,2727,94.53
2017-01-23,2727,94.19
2017-01-24,2727,94.87
2017-01-03,2729,96.02
2017-01-04,2729,95.8
2017-01-05,2729,96.02
2017-01-06,2729,95.58
2017-01-09,2729,95.8
2017-01-10,2729,95.8
2017-01-11,2729,96.24
2017-01-12,2729,96.46
2017-01-13,2729,96.46
2017-01-16,2729,96.02
2017-01-17,2729,95.37
2017-01-18,2729,95.8
2017-01-19,2729,95.8
2017-01-20,2729,96.24
2017-01-23,2729,97.33
2017-01-24,2729,97.11
2017-01-03,2731,62.9
2017-01-04,2731,62.82
2017-01-05,2731,62.75
2017-01-06,2731,62.37
2017-01-09,2731,63.66
2017-01-10,2731,62.9
2017-01-11,2731,62.21
2017-01-12,2731,61.91
2017-01-13,2731,61.91
2017-01-16,2731,62.29
2017-01-17,2731,61.68
2017-01-18,2731,62.67
2017-01-19,2731,62.67
2017-01-20,2731,62.52
2017-01-23,2731,62.37
2017-01-24,2731,62.14
2017-01-03,2732,51.14
2017-01-04,2732,51.34
2017-01-05,2732,51.53
2017-01-06,2732,51.4
2017-01-09,2732,50.55
2017-01-10,2732,50.82
2017-01-11,2732,50.75
2017-01-12,2732,50.75
2017-01-13,2732,50.75
2017-01-16,2732,50.75
2017-01-17,2732,50.69
2017-01-18,2732,52.45
2017-01-19,2732,52.38
2017-01-20,2732,51.79
2017-01-23,2732,51.21
2017-01-24,2732,51.4
2017-01-03,2734,13.92
2017-01-04,2734,13.92
2017-01-05,2734,13.83
2017-01-06,2734,13.79
2017-01-09,2734,14.68
2017-01-10,2734,14.34
2017-01-11,2734,14.09
2017-01-12,2734,13.92
2017-01-13,2734,13.83
2017-01-17,2734,13.83
2017-01-18,2734,13.96
2017-01-19,2734,14.0
2017-01-20,2734,13.54
2017-01-23,2734,13.58
2017-01-24,2734,13.58
2017-01-03,2736,20.3
2017-01-04,2736,20.35
2017-01-05,2736,20.03
2017-01-06,2736,20.08
2017-01-09,2736,20.12
2017-01-10,2736,20.08
2017-01-11,2736,19.94
2017-01-12,2736,19.81
2017-01-13,2736,19.81
2017-01-16,2736,19.72
2017-01-17,2736,20.03
2017-01-18,2736,19.68
2017-01-19,2736,19.68
2017-01-20,2736,19.81
2017-01-23,2736,19.81
2017-01-24,2736,19.81
2017-01-03,2739,32.91
2017-01-04,2739,32.66
2017-01-05,2739,32.81
2017-01-06,2739,32.66
2017-01-09,2739,32.86
2017-01-10,2739,32.86
2017-01-11,2739,32.86
2017-01-12,2739,32.81
2017-01-13,2739,32.86
2017-01-16,2739,33.18
2017-01-17,2739,33.38
2017-01-18,2739,33.65
2017-01-19,2739,33.6
2017-01-20,2739,33.75
2017-01-23,2739,34.17
2017-01-24,2739,34.06
2017-01-03,2740,100.85
2017-01-04,2740,100.5
2017-01-06,2740,100.5
2017-01-10,2740,99.98
2017-01-12,2740,96.33
2017-01-13,2740,97.03
2017-01-16,2740,96.33
2017-01-18,2740,96.33
2017-01-19,2740,98.42
2017-01-20,2740,95.63
2017-01-23,2740,95.63
2017-01-24,2740,97.37
2017-01-03,2743,12.48
2017-01-04,2743,12.95
2017-01-05,2743,12.95
2017-01-09,2743,12.26
2017-01-10,2743,12.39
2017-01-11,2743,12.39
2017-01-16,2743,12.29
2017-01-19,2743,12.39
2017-01-24,2743,12.55
2017-01-04,2745,21.03
2017-01-05,2745,20.86
2017-01-06,2745,20.86
2017-01-12,2745,20.44
2017-01-03,2748,32.43
2017-01-04,2748,33.24
2017-01-05,2748,33.17
2017-01-06,2748,33.64
2017-01-09,2748,33.91
2017-01-10,2748,33.84
2017-01-11,2748,34.31
2017-01-12,2748,34.78
2017-01-13,2748,35.39
2017-01-16,2748,35.79
2017-01-17,2748,36.6
2017-01-18,2748,35.39
2017-01-19,2748,35.59
2017-01-20,2748,35.45
2017-01-23,2748,35.05
2017-01-24,2748,35.59
2017-01-03,2801,11.11
2017-01-04,2801,11.05
2017-01-05,2801,11.11
2017-01-06,2801,11.14
2017-01-09,2801,11.11
2017-01-10,2801,11.14
2017-01-11,2801,11.21
2017-01-12,2801,11.37
2017-01-13,2801,11.37
2017-01-16,2801,11.34
2017-01-17,2801,11.27
2017-01-18,2801,11.27
2017-01-19,2801,11.24
2017-01-20,2801,11.27
2017-01-23,2801,11.31
2017-01-24,2801,11.27
2017-01-03,2809,19.6
2017-01-04,2809,19.56
2017-01-05,2809,20.08
2017-01-06,2809,19.8
2017-01-09,2809,19.63
2017-01-10,2809,19.84
2017-01-11,2809,19.87
2017-01-12,2809,19.87
2017-01-13,2809,19.98
2017-01-16,2809,19.8
2017-01-17,2809,19.67
2017-01-18,2809,19.7
2017-01-19,2809,19.67
2017-01-20,2809,19.74
2017-01-23,2809,19.84
2017-01-24,2809,19.98
2017-01-03,2816,10.69
2017-01-04,2816,10.62
2017-01-05,2816,10.55
2017-01-06,2816,10.44
2017-01-09,2816,10.55
2017-01-10,2816,10.48
2017-01-11,2816,10.48
2017-01-12,2816,10.55
2017-01-13,2816,10.62
2017-01-16,2816,10.37
2017-01-17,2816,10.3
2017-01-18,2816,10.37
2017-01-19,2816,10.34
2017-01-20,2816,10.44
2017-01-23,2816,10.62
2017-01-24,2816,10.55
2017-01-03,2823,22.5
2017-01-04,2823,22.5
2017-01-05,2823,22.58
2017-01-06,2823,22.19
2017-01-09,2823,22.36
2017-01-10,2823,22.4
2017-01-11,2823,22.29
2017-01-12,2823,21.83
2017-01-13,2823,21.2
2017-01-16,2823,20.95
2017-01-17,2823,21.06
2017-01-18,2823,21.38
2017-01-19,2823,21.23
2017-01-20,2823,21.41
2017-01-23,2823,21.52
2017-01-24,2823,21.59
2017-01-03,2832,12.48
2017-01-04,2832,12.48
2017-01-05,2832,12.48
2017-01-06,2832,12.48
2017-01-09,2832,12.51
2017-01-10,2832,12.51
2017-01-11,2832,12.45
2017-01-12,2832,12.38
2017-01-13,2832,12.38
2017-01-16,2832,12.03
2017-01-17,2832,12.09
2017-01-18,2832,12.12
2017-01-19,2832,12.15
2017-01-20,2832,12.22
2017-01-23,2832,12.22
2017-01-24,2832,12.25
2017-01-03,2841,10.15
2017-01-04,2841,10.1
2017-01-05,2841,10.15
2017-01-06,2841,10.2
2017-01-09,2841,10.1
2017-01-10,2841,10.15
2017-01-11,2841,10.1
2017-01-12,2841,10.05
2017-01-13,2841,10.05
2017-01-16,2841,10.05
2017-01-17,2841,10.0
2017-01-18,2841,10.0
2017-01-19,2841,9.99
2017-01-20,2841,10.0
2017-01-23,2841,10.0
2017-01-24,2841,10.1
2017-01-03,2850,15.97
2017-01-04,2850,15.94
2017-01-05,2850,15.91
2017-01-06,2850,15.85
2017-01-09,2850,15.85
2017-01-10,2850,15.79
2017-01-11,2850,15.88
2017-01-12,2850,15.94
2017-01-13,2850,15.94
2017-01-16,2850,15.79
2017-01-17,2850,15.82
2017-01-18,2850,15.79
2017-01-19,2850,15.7
2017-01-20,2850,15.7
2017-01-23,2850,15.7
2017-01-24,2850,15.67
2017-01-03,2867,12.23
2017-01-04,2867,12.37
2017-01-05,2867,12.48
2017-01-06,2867,12.45
2017-01-09,2867,12.37
2017-01-10,2867,12.27
2017-01-11,2867,12.34
2017-01-12,2867,12.37
2017-01-13,2867,12.41
2017-01-16,2867,12.19
2017-01-17,2867,12.19
2017-01-18,2867,12.19
2017-01-19,2867,12.23
2017-01-20,2867,12.23
2017-01-23,2867,12.23
2017-01-24,2867,12.41
2017-01-03,2881,28.86
2017-01-04,2881,28.69
2017-01-05,2881,28.86
2017-01-06,2881,28.97
2017-01-09,2881,29.02
2017-01-10,2881,29.19
2017-01-11,2881,29.02
2017-01-12,2881,29.31
2017-01-13,2881,28.8
2017-01-16,2881,28.3
2017-01-17,2881,28.8
2017-01-18,2881,28.35
2017-01-19,2881,28.18
2017-01-20,2881,28.35
2017-01-23,2881,28.46
2017-01-24,2881,28.41
2017-01-03,2881A,45.11
2017-01-04,2881A,45.25
2017-01-05,2881A,45.18
2017-01-06,2881A,45.25
2017-01-09,2881A,45.25
2017-01-10,2881A,45.33
2017-01-11,2881A,45.33
2017-01-12,2881A,45.33
2017-01-13,2881A,45.33
2017-01-16,2881A,45.33
2017-01-17,2881A,45.4
2017-01-18,2881A,45.47
2017-01-19,2881A,45.47
2017-01-20,2881A,45.55
2017-01-23,2881A,45.55
2017-01-24,2881A,45.62
2017-01-03,2882,33.27
2017-01-04,2882,33.21
2017-01-05,2882,33.55
2017-01-06,2882,33.79
2017-01-09,2882,33.97
2017-01-10,2882,34.11
2017-01-11,2882,33.97
2017-01-12,2882,33.76
2017-01-13,2882,33.55
2017-01-16,2882,32.79
2017-01-17,2882,32.93
2017-01-18,2882,32.55
2017-01-19,2882,32.48
2017-01-20,2882,32.69
2017-01-23,2882,32.86
2017-01-24,2882,32.93
2017-01-18,2882A,46.24
2017-01-19,2882A,46.4
2017-01-20,2882A,46.4
2017-01-23,2882A,46.4
2017-01-24,2882A,46.32
2017-01-03,2886,15.65
2017-01-04,2886,15.89
2017-01-05,2886,16.02
2017-01-06,2886,16.06
2017-01-09,2886,15.82
2017-01-10,2886,15.99
2017-01-11,2886,16.06
2017-01-12,2886,16.19
2017-01-13,2886,16.19
2017-01-16,2886,15.99
2017-01-17,2886,15.92
2017-01-18,2886,15.79
2017-01-19,2886,15.85
2017-01-20,2886,15.79
2017-01-23,2886,15.96
2017-01-24,2886,15.79
2017-01-03,2891,12.05
2017-01-04,2891,12.12
2017-01-05,2891,12.26
2017-01-06,2891,12.26
2017-01-09,2891,12.26
2017-01-10,2891,12.26
2017-01-11,2891,12.26
2017-01-12,2891,12.26
2017-01-13,2891,12.22
2017-01-16,2891,12.05
2017-01-17,2891,12.09
2017-01-18,2891,12.05
2017-01-19,2891,11.95
2017-01-20,2891,11.95
2017-01-23,2891,12.05
2017-01-24,2891,12.12
2017-01-03,2892,11.14
2017-01-04,2892,11.2
2017-01-05,2892,11.3
2017-01-06,2892,11.3
2017-01-09,2892,11.27
2017-01-10,2892,11.3
2017-01-11,2892,11.33
2017-01-12,2892,11.36
2017-01-13,2892,11.36
2017-01-16,2892,11.3
2017-01-17,2892,11.33
2017-01-18,2892,11.3
2017-01-19,2892,11.23
2017-01-20,2892,11.23
2017-01-23,2892,11.33
2017-01-24,2892,11.33
2017-01-03,2901,22.97
2017-01-04,2901,22.93
2017-01-05,2901,22.97
2017-01-06,2901,22.88
2017-01-09,2901,22.88
2017-01-10,2901,22.84
2017-01-11,2901,22.79
2017-01-12,2901,22.93
2017-01-13,2901,22.88
2017-01-16,2901,22.7
2017-01-17,2901,22.7
2017-01-18,2901,23.43
2017-01-19,2901,23.11
2017-01-20,2901,23.2
2017-01-23,2901,23.24
2017-01-24,2901,23.24
2017-01-03,2903,10.47
2017-01-04,2903,10.44
2017-01-05,2903,10.44
2017-01-06,2903,10.44
2017-01-09,2903,10.44
2017-01-10,2903,10.44
2017-01-11,2903,10.38
2017-01-12,2903,10.47
2017-01-13,2903,10.44
2017-01-16,2903,10.44
2017-01-17,2903,10.44
2017-01-18,2903,10.47
2017-01-19,2903,10.41
2017-01-20,2903,10.41
2017-01-23,2903,10.44
2017-01-24,2903,10.61
2017-01-03,2904,14.73
2017-01-04,2904,14.79
2017-01-05,2904,14.79
2017-01-06,2904,14.82
2017-01-09,2904,14.76
2017-01-10,2904,14.67
2017-01-11,2904,14.7
2017-01-12,2904,14.7
2017-01-13,2904,14.7
2017-01-16,2904,14.73
2017-01-17,2904,14.73
2017-01-18,2904,14.73
2017-01-19,2904,14.79
2017-01-20,2904,14.76
2017-01-23,2904,14.7
2017-01-24,2904,14.73
2017-01-03,2905,13.8
2017-01-04,2905,13.8
2017-01-05,2905,13.74
2017-01-06,2905,13.71
2017-01-09,2905,13.68
2017-01-10,2905,13.5
2017-01-11,2905,13.56
2017-01-12,2905,14.04
2017-01-13,2905,13.8
2017-01-16,2905,13.68
2017-01-17,2905,13.68
2017-01-18,2905,13.98
2017-01-19,2905,13.89
2017-01-20,2905,13.92
2017-01-23,2905,13.95
2017-01-24,2905,13.92
2017-01-03,2908,13.05
2017-01-04,2908,12.82
2017-01-05,2908,12.78
2017-01-06,2908,12.82
2017-01-09,2908,12.91
2017-01-10,2908,12.88
2017-01-11,2908,12.91
2017-01-12,2908,12.98
2017-01-13,2908,12.95
2017-01-16,2908,12.88
2017-01-17,2908,12.95
2017-01-18,2908,12.98
2017-01-19,2908,12.98
2017-01-20,2908,12.98
2017-01-23,2908,13.01
2017-01-24,2908,13.05
2017-01-03,2910,34.48
2017-01-04,2910,32.8
2017-01-05,2910,31.87
2017-01-06,2910,31.56
2017-01-09,2910,29.17
2017-01-10,2910,26.48
2017-01-11,2910,24.44
2017-01-12,2910,23.96
2017-01-13,2910,24.75
2017-01-16,2910,24.75
2017-01-17,2910,24.84
2017-01-18,2910,26.08
2017-01-19,2910,25.81
2017-01-20,2910,25.59
2017-01-23,2910,25.59
2017-01-24,2910,24.13
2017-01-03,2911,20.16
2017-01-04,2911,19.99
2017-01-05,2911,20.53
2017-01-06,2911,20.53
2017-01-09,2911,20.08
2017-01-10,2911,20.44
2017-01-11,2911,20.35
2017-01-12,2911,20.08
2017-01-13,2911,20.16
2017-01-16,2911,20.08
2017-01-17,2911,19.8
2017-01-18,2911,19.89
2017-01-19,2911,19.8
2017-01-20,2911,19.99
2017-01-23,2911,19.89
2017-01-24,2911,19.8
2017-01-03,2912,178.17
2017-01-04,2912,174.73
2017-01-05,2912,176.64
2017-01-06,2912,173.59
2017-01-09,2912,173.97
2017-01-10,2912,174.73
2017-01-11,2912,174.73
2017-01-12,2912,178.17
2017-01-13,2912,176.64
2017-01-16,2912,175.11
2017-01-17,2912,179.7
2017-01-18,2912,176.26
2017-01-19,2912,175.5
2017-01-20,2912,173.97
2017-01-23,2912,177.03
2017-01-24,2912,178.56
2017-01-03,2913,13.03
2017-01-04,2913,12.94
2017-01-05,2913,13.07
2017-01-06,2913,13.03
2017-01-09,2913,12.98
2017-01-10,2913,12.98
2017-01-11,2913,13.03
2017-01-12,2913,13.07
2017-01-13,2913,13.17
2017-01-16,2913,13.07
2017-01-17,2913,13.07
2017-01-18,2913,13.12
2017-01-19,2913,13.12
2017-01-20,2913,13.07
2017-01-23,2913,13.26
2017-01-24,2913,14.09
2017-01-03,2915,42.8
2017-01-04,2915,43.36
2017-01-05,2915,43.36
2017-01-06,2915,42.88
2017-01-09,2915,44.96
2017-01-10,2915,46.07
2017-01-11,2915,45.03
2017-01-12,2915,44.96
2017-01-13,2915,44.55
2017-01-16,2915,43.28
2017-01-17,2915,44.0
2017-01-18,2915,43.68
2017-01-19,2915,45.27
2017-01-20,2915,45.12
2017-01-23,2915,45.83
2017-01-24,2915,46.07
2017-01-03,2923,15.56
2017-01-04,2923,15.56
2017-01-05,2923,15.37
2017-01-06,2923,15.45
2017-01-09,2923,15.52
2017-01-10,2923,15.3
2017-01-11,2923,15.22
2017-01-12,2923,15.37
2017-01-13,2923,15.22
2017-01-16,2923,15.22
2017-01-17,2923,15.07
2017-01-18,2923,15.52
2017-01-19,2923,15.3
2017-01-20,2923,15.45
2017-01-23,2923,15.45
2017-01-24,2923,15.6
2017-01-05,2924,53.52
2017-01-09,2924,53.52
2017-01-10,2924,53.52
2017-01-11,2924,53.52
2017-01-12,2924,53.52
2017-01-16,2924,53.62
2017-01-17,2924,53.62
2017-01-18,2924,53.52
2017-01-19,2924,53.62
2017-01-24,2924,53.72
2017-01-03,2926,125.89
2017-01-04,2926,126.69
2017-01-05,2926,126.69
2017-01-06,2926,125.89
2017-01-09,2926,125.49
2017-01-10,2926,124.29
2017-01-11,2926,123.49
2017-01-12,2926,121.88
2017-01-13,2926,119.08
2017-01-16,2926,119.08
2017-01-17,2926,118.27
2017-01-18,2926,119.88
2017-01-19,2926,120.68
2017-01-20,2926,120.68
2017-01-23,2926,123.08
2017-01-24,2926,123.08
2017-01-03,2928,64.2
2017-01-04,2928,63.92
2017-01-05,2928,63.46
2017-01-06,2928,66.34
2017-01-09,2928,65.13
2017-01-10,2928,65.41
2017-01-11,2928,62.62
2017-01-12,2928,62.72
2017-01-13,2928,62.62
2017-01-16,2928,61.23
2017-01-17,2928,61.6
2017-01-18,2928,63.37
2017-01-19,2928,63.55
2017-01-20,2928,63.55
2017-01-23,2928,64.2
2017-01-24,2928,64.67
2017-01-03,2929,61.14
2017-01-04,2929,60.85
2017-01-05,2929,61.72
2017-01-06,2929,63.76
2017-01-09,2929,63.18
2017-01-10,2929,63.18
2017-01-11,2929,63.76
2017-01-12,2929,63.47
2017-01-13,2929,63.18
2017-01-16,2929,62.59
2017-01-17,2929,62.88
2017-01-18,2929,62.3
2017-01-19,2929,62.59
2017-01-20,2929,62.01
2017-01-23,2929,62.3
2017-01-24,2929,62.3
2017-01-03,2936,41.59
2017-01-04,2936,43.03
2017-01-05,2936,45.81
2017-01-06,2936,45.63
2017-01-09,2936,44.24
2017-01-10,2936,42.4
2017-01-11,2936,40.69
2017-01-12,2936,40.51
2017-01-13,2936,40.78
2017-01-16,2936,40.42
2017-01-17,2936,40.33
2017-01-18,2936,42.04
2017-01-19,2936,41.23
2017-01-20,2936,42.04
2017-01-23,2936,41.91
2017-01-24,2936,41.5
2017-01-03,2937,17.85
2017-01-04,2937,18.72
2017-01-05,2937,18.42
2017-01-06,2937,18.28
2017-01-09,2937,18.4
2017-01-12,2937,17.92
2017-01-13,2937,17.97
2017-01-16,2937,18.1
2017-01-17,2937,18.1
2017-01-19,2937,18.41
2017-01-20,2937,18.1
2017-01-23,2937,18.03
2017-01-03,3003,29.25
2017-01-04,3003,29.48
2017-01-05,3003,29.83
2017-01-06,3003,29.86
2017-01-09,3003,29.79
2017-01-10,3003,29.67
2017-01-11,3003,29.75
2017-01-12,3003,30.97
2017-01-13,3003,30.97
2017-01-16,3003,30.7
2017-01-17,3003,30.86
2017-01-18,3003,31.77
2017-01-19,3003,30.97
2017-01-20,3003,30.82
2017-01-23,3003,31.24
2017-01-24,3003,31.24
2017-01-03,3004,39.42
2017-01-04,3004,39.46
2017-01-05,3004,39.58
2017-01-06,3004,39.62
2017-01-09,3004,39.62
2017-01-10,3004,39.58
2017-01-11,3004,39.3
2017-01-12,3004,39.62
2017-01-13,3004,39.62
2017-01-16,3004,39.38
2017-01-17,3004,41.22
2017-01-18,3004,40.5
2017-01-19,3004,42.18
2017-01-20,3004,42.58
2017-01-23,3004,43.07
2017-01-24,3004,42.99
2017-01-03,3005,22.91
2017-01-04,3005,23.05
2017-01-05,3005,23.4
2017-01-06,3005,23.14
2017-01-09,3005,24.08
2017-01-10,3005,24.55
2017-01-11,3005,25.89
2017-01-12,3005,25.54
2017-01-13,3005,25.83
2017-01-16,3005,25.48
2017-01-17,3005,25.31
2017-01-18,3005,26.92
2017-01-19,3005,26.59
2017-01-20,3005,26.51
2017-01-23,3005,27.44
2017-01-24,3005,27.24
2017-01-03,3006,24.6
2017-01-04,3006,24.49
2017-01-05,3006,25.15
2017-01-06,3006,25.08
2017-01-09,3006,24.49
2017-01-10,3006,24.23
2017-01-11,3006,24.12
2017-01-12,3006,24.12
2017-01-13,3006,23.94
2017-01-16,3006,24.01
2017-01-17,3006,24.08
2017-01-18,3006,24.49
2017-01-19,3006,24.34
2017-01-20,3006,24.05
2017-01-23,3006,24.75
2017-01-24,3006,24.6
2017-01-03,3008,2995.93
2017-01-04,3008,2984.09
2017-01-05,3008,3197.24
2017-01-06,3008,3272.24
2017-01-09,3008,3165.66
2017-01-10,3008,3264.34
2017-01-11,3008,3291.97
2017-01-12,3008,3347.24
2017-01-13,3008,3347.24
2017-01-16,3008,3355.13
2017-01-17,3008,3473.55
2017-01-18,3008,3509.07
2017-01-19,3008,3390.65
2017-01-20,3008,3465.65
2017-01-23,3008,3438.02
2017-01-24,3008,3513.02
2017-01-03,3010,27.7
2017-01-04,3010,27.7
2017-01-05,3010,27.61
2017-01-06,3010,27.67
2017-01-09,3010,27.67
2017-01-10,3010,27.85
2017-01-11,3010,28.09
2017-01-12,3010,28.21
2017-01-13,3010,28.18
2017-01-16,3010,27.85
2017-01-17,3010,28.03
2017-01-18,3010,27.97
2017-01-19,3010,28.06
2017-01-20,3010,28.0
2017-01-23,3010,27.91
2017-01-24,3010,28.03
2017-01-03,3013,15.71
2017-01-04,3013,15.63
2017-01-05,3013,16.72
2017-01-06,3013,16.5
2017-01-09,3013,16.33
2017-01-10,3013,15.93
2017-01-11,3013,15.8
2017-01-12,3013,15.54
2017-01-13,3013,15.63
2017-01-16,3013,15.41
2017-01-17,3013,15.76
2017-01-18,3013,15.76
2017-01-19,3013,15.54
2017-01-20,3013,15.58
2017-01-23,3013,15.28
2017-01-24,3013,14.97
2017-01-03,3014,16.2
2017-01-04,3014,16.31
2017-01-05,3014,16.42
2017-01-06,3014,16.39
2017-01-09,3014,16.26
2017-01-10,3014,15.88
2017-01-11,3014,15.88
2017-01-12,3014,15.83
2017-01-13,3014,15.64
2017-01-16,3014,15.64
2017-01-17,3014,15.67
2017-01-18,3014,15.77
2017-01-19,3014,15.96
2017-01-20,3014,15.99
2017-01-23,3014,15.96
2017-01-24,3014,15.94
2017-01-03,3015,13.34
2017-01-04,3015,13.43
2017-01-05,3015,13.54
2017-01-06,3015,13.62
2017-01-09,3015,13.46
2017-01-10,3015,13.32
2017-01-11,3015,13.34
2017-01-12,3015,13.4
2017-01-13,3015,13.34
2017-01-16,3015,13.32
2017-01-17,3015,13.43
2017-01-18,3015,13.48
2017-01-19,3015,13.4
2017-01-20,3015,13.43
2017-01-23,3015,13.4
2017-01-24,3015,13.34
2017-01-03,3016,17.4
2017-01-04,3016,19.12
2017-01-05,3016,20.3
2017-01-06,3016,20.39
2017-01-09,3016,19.8
2017-01-10,3016,20.48
2017-01-11,3016,19.8
2017-01-12,3016,19.12
2017-01-13,3016,19.21
2017-01-16,3016,19.07
2017-01-17,3016,18.94
2017-01-18,3016,19.12
2017-01-19,3016,19.57
2017-01-20,3016,19.12
2017-01-23,3016,19.21
2017-01-24,3016,18.94
2017-01-03,3017,19.67
2017-01-04,3017,19.52
2017-01-05,3017,19.59
2017-01-06,3017,19.59
2017-01-09,3017,19.75
2017-01-10,3017,19.44
2017-01-11,3017,19.09
2017-01-12,3017,19.09
2017-01-13,3017,19.24
2017-01-16,3017,19.17
2017-01-17,3017,19.32
2017-01-18,3017,19.17
2017-01-19,3017,19.09
2017-01-20,3017,19.17
2017-01-23,3017,19.17
2017-01-24,3017,19.17
2017-01-03,3018,34.35
2017-01-04,3018,34.64
2017-01-05,3018,34.74
2017-01-06,3018,34.55
2017-01-09,3018,34.26
2017-01-10,3018,34.07
2017-01-11,3018,34.55
2017-01-12,3018,34.64
2017-01-13,3018,34.45
2017-01-16,3018,34.64
2017-01-17,3018,34.64
2017-01-18,3018,34.45
2017-01-19,3018,34.16
2017-01-20,3018,34.35
2017-01-23,3018,34.83
2017-01-24,3018,34.83
2017-01-03,3019,23.91
2017-01-04,3019,23.99
2017-01-05,3019,24.06
2017-01-06,3019,25.23
2017-01-09,3019,24.68
2017-01-10,3019,24.65
2017-01-11,3019,24.53
2017-01-12,3019,24.95
2017-01-13,3019,25.23
2017-01-16,3019,26.08
2017-01-17,3019,28.67
2017-01-18,3019,31.07
2017-01-19,3019,29.79
2017-01-20,3019,30.49
2017-01-23,3019,31.88
2017-01-24,3019,30.91
2017-01-03,3022,54.59
2017-01-04,3022,55.31
2017-01-05,3022,55.97
2017-01-06,3022,55.73
2017-01-09,3022,55.85
2017-01-10,3022,56.21
2017-01-11,3022,56.03
2017-01-12,3022,56.21
2017-01-13,3022,55.67
2017-01-16,3022,54.53
2017-01-17,3022,55.01
2017-01-18,3022,54.89
2017-01-19,3022,54.65
2017-01-20,3022,54.41
2017-01-23,3022,55.67
2017-01-24,3022,55.25
2017-01-03,3023,52.76
2017-01-04,3023,52.92
2017-01-05,3023,54.66
2017-01-06,3023,54.58
2017-01-09,3023,54.28
2017-01-10,3023,54.51
2017-01-11,3023,53.82
2017-01-12,3023,53.98
2017-01-13,3023,53.07
2017-01-16,3023,51.78
2017-01-17,3023,51.48
2017-01-18,3023,51.4
2017-01-19,3023,51.55
2017-01-20,3023,51.48
2017-01-23,3023,51.7
2017-01-24,3023,52.01
2017-01-03,3025,11.89
2017-01-04,3025,11.94
2017-01-05,3025,11.99
2017-01-06,3025,11.99
2017-01-09,3025,11.73
2017-01-10,3025,11.68
2017-01-11,3025,11.53
2017-01-12,3025,11.58
2017-01-13,3025,11.58
2017-01-16,3025,11.63
2017-01-17,3025,11.53
2017-01-18,3025,11.58
2017-01-19,3025,11.58
2017-01-20,3025,11.53
2017-01-23,3025,11.48
2017-01-24,3025,11.84
2017-01-03,3026,24.07
2017-01-04,3026,23.84
2017-01-05,3026,23.92
2017-01-06,3026,23.99
2017-01-09,3026,23.92
2017-01-10,3026,23.88
2017-01-11,3026,23.99
2017-01-12,3026,24.07
2017-01-13,3026,24.07
2017-01-16,3026,23.96
2017-01-17,3026,24.07
2017-01-18,3026,24.1
2017-01-19,3026,24.1
2017-01-20,3026,24.03
2017-01-23,3026,24.1
2017-01-24,3026,24.1
2017-01-03,3027,12.02
2017-01-04,3027,12.07
2017-01-05,3027,12.17
2017-01-06,3027,12.26
2017-01-09,3027,12.31
2017-01-10,3027,12.31
2017-01-11,3027,12.36
2017-01-12,3027,12.65
2017-01-13,3027,13.33
2017-01-16,3027,13.76
2017-01-17,3027,14.06
2017-01-18,3027,14.1
2017-01-19,3027,14.35
2017-01-20,3027,14.25
2017-01-23,3027,14.44
2017-01-24,3027,15.66
2017-01-03,3029,10.43
2017-01-04,3029,10.55
2017-01-05,3029,10.64
2017-01-06,3029,10.78
2017-01-09,3029,10.72
2017-01-10,3029,10.7
2017-01-11,3029,10.75
2017-01-12,3029,10.7
2017-01-13,3029,10.72
2017-01-16,3029,10.61
2017-01-17,3029,10.67
2017-01-18,3029,10.67
2017-01-19,3029,10.72
2017-01-20,3029,10.64
2017-01-23,3029,10.61
2017-01-24,3029,10.84
2017-01-03,3030,23.4
2017-01-04,3030,23.46
2017-01-05,3030,23.68
2017-01-06,3030,23.43
2017-01-09,3030,23.31
2017-01-10,3030,23.25
2017-01-11,3030,23.03
2017-01-12,3030,23.06
2017-01-13,3030,23.06
2017-01-16,3030,23.03
2017-01-17,3030,22.94
2017-01-18,3030,22.91
2017-01-19,3030,22.88
2017-01-20,3030,22.85
2017-01-23,3030,22.85
2017-01-24,3030,23.28
2017-01-03,3032,23.09
2017-01-04,3032,23.12
2017-01-05,3032,23.31
2017-01-06,3032,24.07
2017-01-09,3032,23.46
2017-01-10,3032,23.52
2017-01-11,3032,25.87
2017-01-12,3032,26.84
2017-01-13,3032,26.78
2017-01-16,3032,26.38
2017-01-17,3032,26.44
2017-01-18,3032,26.63
2017-01-19,3032,26.93
2017-01-20,3032,26.72
2017-01-23,3032,26.35
2017-01-24,3032,25.87
2017-01-03,3034,61.02
2017-01-04,3034,61.31
2017-01-05,3034,62.16
2017-01-06,3034,62.73
2017-01-09,3034,61.02
2017-01-10,3034,62.73
2017-01-11,3034,62.73
2017-01-12,3034,63.59
2017-01-13,3034,64.16
2017-01-16,3034,63.87
2017-01-17,3034,63.3
2017-01-18,3034,63.3
2017-01-19,3034,61.88
2017-01-20,3034,61.88
2017-01-23,3034,63.3
2017-01-24,3034,63.02
2017-01-03,3035,25.14
2017-01-04,3035,25.8
2017-01-05,3035,25.71
2017-01-06,3035,25.84
2017-01-09,3035,26.04
2017-01-10,3035,25.88
2017-01-11,3035,26.16
2017-01-12,3035,25.92
2017-01-13,3035,25.59
2017-01-16,3035,25.63
2017-01-17,3035,25.8
2017-01-18,3035,25.63
2017-01-19,3035,25.67
2017-01-20,3035,26.04
2017-01-23,3035,26.16
2017-01-24,3035,26.29
2017-01-03,3036,27.08
2017-01-04,3036,26.93
2017-01-05,3036,26.93
2017-01-06,3036,26.93
2017-01-09,3036,26.71
2017-01-10,3036,26.8
2017-01-11,3036,26.99
2017-01-12,3036,26.9
2017-01-13,3036,27.05
2017-01-16,3036,27.02
2017-01-17,3036,26.96
2017-01-18,3036,26.93
2017-01-19,3036,26.96
2017-01-20,3036,26.9
2017-01-23,3036,26.93
2017-01-24,3036,27.08
2017-01-03,3037,10.27
2017-01-04,3037,10.44
2017-01-05,3037,10.52
2017-01-06,3037,10.56
2017-01-09,3037,10.4
2017-01-10,3037,10.27
2017-01-11,3037,10.35
2017-01-12,3037,10.48
2017-01-13,3037,10.44
2017-01-16,3037,10.23
2017-01-17,3037,10.27
2017-01-18,3037,10.23
2017-01-19,3037,10.19
2017-01-20,3037,10.19
2017-01-23,3037,10.27
2017-01-24,3037,10.23
2017-01-03,3040,19.47
2017-01-04,3040,19.52
2017-01-05,3040,20.81
2017-01-06,3040,20.29
2017-01-09,3040,20.37
2017-01-10,3040,21.01
2017-01-11,3040,20.55
2017-01-12,3040,20.55
2017-01-13,3040,20.55
2017-01-16,3040,20.63
2017-01-17,3040,20.68
2017-01-18,3040,20.73
2017-01-19,3040,20.73
2017-01-20,3040,20.71
2017-01-23,3040,20.71
2017-01-24,3040,20.55
2017-01-03,3041,41.23
2017-01-04,3041,41.36
2017-01-05,3041,42.15
2017-01-06,3041,42.02
2017-01-09,3041,42.15
2017-01-10,3041,41.62
2017-01-11,3041,41.88
2017-01-12,3041,41.88
2017-01-13,3041,41.75
2017-01-16,3041,41.36
2017-01-17,3041,41.23
2017-01-18,3041,41.49
2017-01-19,3041,41.36
2017-01-20,3041,41.1
2017-01-23,3041,41.88
2017-01-24,3041,43.19
2017-01-03,3042,24.38
2017-01-04,3042,24.29
2017-01-05,3042,24.35
2017-01-06,3042,24.53
2017-01-09,3042,24.32
2017-01-10,3042,24.38
2017-01-11,3042,24.53
2017-01-12,3042,24.59
2017-01-13,3042,24.65
2017-01-16,3042,24.41
2017-01-17,3042,24.53
2017-01-18,3042,24.56
2017-01-19,3042,25.13
2017-01-20,3042,25.1
2017-01-23,3042,25.1
2017-01-24,3042,25.4
2017-01-03,3043,10.9
2017-01-04,3043,10.55
2017-01-05,3043,10.8
2017-01-06,3043,10.75
2017-01-09,3043,10.55
2017-01-10,3043,10.75
2017-01-11,3043,11.45
2017-01-12,3043,11.5
2017-01-13,3043,11.5
2017-01-16,3043,11.9
2017-01-17,3043,11.9
2017-01-18,3043,11.9
2017-01-19,3043,12.0
2017-01-20,3043,12.15
2017-01-23,3043,12.0
2017-01-24,3043,11.6
2017-01-03,3044,47.15
2017-01-04,3044,47.73
2017-01-05,3044,49.16
2017-01-06,3044,48.71
2017-01-09,3044,47.41
2017-01-10,3044,48.25
2017-01-11,3044,48.58
2017-01-12,3044,48.64
2017-01-13,3044,48.71
2017-01-16,3044,49.35
2017-01-17,3044,51.3
2017-01-18,3044,50.52
2017-01-19,3044,48.58
2017-01-20,3044,48.58
2017-01-23,3044,48.25
2017-01-24,3044,49.42
2017-01-03,3045,73.13
2017-01-04,3045,74.53
2017-01-05,3045,75.23
2017-01-06,3045,74.18
2017-01-09,3045,73.83
2017-01-10,3045,73.83
2017-01-11,3045,74.88
2017-01-12,3045,74.53
2017-01-13,3045,75.23
2017-01-16,3045,74.88
2017-01-17,3045,75.23
2017-01-18,3045,74.88
2017-01-19,3045,73.83
2017-01-20,3045,73.48
2017-01-23,3045,73.83
2017-01-24,3045,73.13
2017-01-03,3046,14.2
2017-01-04,3046,14.24
2017-01-05,3046,14.33
2017-01-06,3046,14.2
2017-01-09,3046,14.0
2017-01-10,3046,14.09
2017-01-11,3046,13.85
2017-01-12,3046,15.24
2017-01-13,3046,16.73
2017-01-16,3046,18.12
2017-01-17,3046,17.44
2017-01-18,3046,17.32
2017-01-19,3046,16.53
2017-01-20,3046,17.23
2017-01-23,3046,17.23
2017-01-24,3046,17.17
2017-01-03,3054,24.69
2017-01-04,3054,24.46
2017-01-05,3054,24.64
2017-01-06,3054,24.74
2017-01-09,3054,24.58
2017-01-10,3054,24.4
2017-01-11,3054,23.89
2017-01-12,3054,23.89
2017-01-13,3054,23.95
2017-01-16,3054,24.52
2017-01-17,3054,24.46
2017-01-18,3054,24.46
2017-01-19,3054,24.01
2017-01-20,3054,24.12
2017-01-23,3054,23.78
2017-01-24,3054,24.12
2017-01-03,3055,14.15
2017-01-04,3055,14.15
2017-01-05,3055,14.15
2017-01-06,3055,14.23
2017-01-09,3055,14.39
2017-01-10,3055,14.31
2017-01-11,3055,14.31
2017-01-12,3055,14.39
2017-01-13,3055,14.23
2017-01-16,3055,14.15
2017-01-17,3055,14.19
2017-01-18,3055,14.23
2017-01-19,3055,14.23
2017-01-20,3055,14.11
2017-01-23,3055,14.11
2017-01-24,3055,14.11
2017-01-03,3057,29.89
2017-01-04,3057,29.89
2017-01-05,3057,29.89
2017-01-06,3057,30.37
2017-01-09,3057,29.31
2017-01-10,3057,29.41
2017-01-11,3057,29.6
2017-01-12,3057,29.12
2017-01-13,3057,29.31
2017-01-16,3057,28.74
2017-01-17,3057,28.74
2017-01-18,3057,28.64
2017-01-19,3057,28.93
2017-01-20,3057,28.64
2017-01-23,3057,28.55
2017-01-24,3057,28.55
2017-01-03,3059,18.57
2017-01-04,3059,18.74
2017-01-05,3059,18.91
2017-01-06,3059,18.95
2017-01-09,3059,18.86
2017-01-10,3059,18.61
2017-01-11,3059,18.74
2017-01-12,3059,19.2
2017-01-13,3059,19.2
2017-01-16,3059,19.2
2017-01-17,3059,19.7
2017-01-18,3059,21.67
2017-01-19,3059,20.75
2017-01-20,3059,20.87
2017-01-23,3059,21.0
2017-01-24,3059,20.33
2017-01-03,3060,30.65
2017-01-04,3060,30.59
2017-01-05,3060,30.45
2017-01-06,3060,31.79
2017-01-09,3060,32.64
2017-01-10,3060,33.09
2017-01-11,3060,32.44
2017-01-12,3060,32.74
2017-01-13,3060,32.64
2017-01-16,3060,32.29
2017-01-17,3060,32.25
2017-01-18,3060,32.94
2017-01-19,3060,32.84
2017-01-20,3060,33.84
2017-01-23,3060,33.74
2017-01-24,3060,33.99
2017-01-03,3062,17.4
2017-01-04,3062,17.49
2017-01-05,3062,17.49
2017-01-06,3062,17.4
2017-01-09,3062,17.08
2017-01-10,3062,17.17
2017-01-11,3062,17.22
2017-01-12,3062,17.22
2017-01-13,3062,17.22
2017-01-16,3062,16.95
2017-01-17,3062,17.08
2017-01-18,3062,17.17
2017-01-19,3062,17.08
2017-01-20,3062,17.08
2017-01-23,3062,17.08
2017-01-24,3062,17.17
2017-01-03,3064,288.3
2017-01-04,3064,285.15
2017-01-05,3064,285.15
2017-01-06,3064,283.58
2017-01-09,3064,280.44
2017-01-10,3064,277.82
2017-01-11,3064,275.72
2017-01-12,3064,275.72
2017-01-13,3064,275.72
2017-01-16,3064,275.19
2017-01-17,3064,274.67
2017-01-18,3064,275.72
2017-01-19,3064,273.1
2017-01-20,3064,271.53
2017-01-23,3064,271.53
2017-01-24,3064,268.38
2017-01-04,3067,12.9
2017-01-05,3067,12.9
2017-01-09,3067,12.9
2017-01-10,3067,12.7
2017-01-11,3067,12.3
2017-01-12,3067,12.3
2017-01-13,3067,12.1
2017-01-16,3067,12.8
2017-01-17,3067,12.6
2017-01-18,3067,12.8
2017-01-20,3067,12.65
2017-01-23,3067,13.2
2017-01-24,3067,12.6
2017-01-03,3073,20.02
2017-01-04,3073,19.84
2017-01-05,3073,20.11
2017-01-06,3073,22.07
2017-01-09,3073,21.32
2017-01-10,3073,20.49
2017-01-11,3073,20.21
2017-01-12,3073,20.11
2017-01-13,3073,20.02
2017-01-16,3073,19.66
2017-01-17,3073,19.47
2017-01-18,3073,19.56
2017-01-19,3073,19.47
2017-01-20,3073,19.75
2017-01-23,3073,19.47
2017-01-24,3073,19.47
2017-01-03,3078,19.17
2017-01-04,3078,18.96
2017-01-05,3078,19.02
2017-01-06,3078,19.17
2017-01-09,3078,18.68
2017-01-10,3078,17.53
2017-01-11,3078,17.35
2017-01-12,3078,17.01
2017-01-13,3078,17.08
2017-01-16,3078,17.01
2017-01-17,3078,17.01
2017-01-18,3078,17.14
2017-01-19,3078,17.01
2017-01-20,3078,17.01
2017-01-23,3078,17.08
2017-01-24,3078,17.08
2017-01-03,3081,224.66
2017-01-04,3081,228.91
2017-01-05,3081,238.68
2017-01-06,3081,232.73
2017-01-09,3081,226.78
2017-01-10,3081,228.06
2017-01-11,3081,222.11
2017-01-12,3081,215.32
2017-01-13,3081,219.99
2017-01-16,3081,216.17
2017-01-17,3081,219.14
2017-01-18,3081,225.09
2017-01-19,3081,225.94
2017-01-20,3081,234.43
2017-01-23,3081,234.43
2017-01-24,3081,234.43
2017-01-03,3083,41.65
2017-01-04,3083,40.85
2017-01-05,3083,42.0
2017-01-06,3083,41.85
2017-01-09,3083,43.05
2017-01-10,3083,42.8
2017-01-11,3083,42.9
2017-01-12,3083,44.5
2017-01-13,3083,43.5
2017-01-16,3083,43.2
2017-01-17,3083,42.9
2017-01-18,3083,44.1
2017-01-19,3083,43.2
2017-01-20,3083,43.2
2017-01-23,3083,42.5
2017-01-24,3083,41.7
2017-01-03,3085,131.58
2017-01-04,3085,132.35
2017-01-05,3085,132.35
2017-01-06,3085,132.73
2017-01-09,3085,129.68
2017-01-10,3085,131.58
2017-01-11,3085,127.78
2017-01-12,3085,128.54
2017-01-13,3085,131.58
2017-01-16,3085,132.35
2017-01-17,3085,133.49
2017-01-18,3085,133.87
2017-01-19,3085,133.11
2017-01-20,3085,133.49
2017-01-23,3085,131.2
2017-01-24,3085,133.11
2017-01-03,3086,54.78
2017-01-04,3086,54.84
2017-01-05,3086,54.71
2017-01-06,3086,53.78
2017-01-09,3086,53.59
2017-01-10,3086,53.05
2017-01-11,3086,52.12
2017-01-12,3086,52.33
2017-01-13,3086,53.72
2017-01-16,3086,53.05
2017-01-17,3086,53.05
2017-01-18,3086,53.05
2017-01-19,3086,54.98
2017-01-20,3086,54.98
2017-01-23,3086,55.04
2017-01-24,3086,53.85
2017-01-03,3088,33.47
2017-01-04,3088,33.82
2017-01-05,3088,33.82
2017-01-06,3088,33.7
2017-01-09,3088,33.25
2017-01-10,3088,32.61
2017-01-11,3088,32.44
2017-01-12,3088,32.44
2017-01-13,3088,32.1
2017-01-16,3088,31.53
2017-01-17,3088,31.81
2017-01-18,3088,31.81
2017-01-19,3088,31.98
2017-01-20,3088,31.64
2017-01-23,3088,31.7
2017-01-24,3088,31.7
2017-01-03,3089,33.35
2017-01-04,3089,32.76
2017-01-05,3089,32.76
2017-01-06,3089,32.76
2017-01-09,3089,31.01
2017-01-10,3089,31.13
2017-01-11,3089,31.13
2017-01-12,3089,31.59
2017-01-13,3089,31.59
2017-01-16,3089,31.59
2017-01-17,3089,32.65
2017-01-18,3089,33.23
2017-01-19,3089,33.23
2017-01-20,3089,34.4
2017-01-23,3089,37.21
2017-01-24,3089,37.33
2017-01-03,3090,12.2
2017-01-04,3090,12.22
2017-01-05,3090,12.22
2017-01-06,3090,12.25
2017-01-09,3090,12.15
2017-01-10,3090,12.17
2017-01-11,3090,12.15
2017-01-12,3090,12.2
2017-01-13,3090,12.2
2017-01-16,3090,12.2
2017-01-17,3090,12.2
2017-01-18,3090,12.2
2017-01-19,3090,12.2
2017-01-20,3090,12.17
2017-01-23,3090,12.17
2017-01-24,3090,12.2
2017-01-03,3092,17.94
2017-01-04,3092,17.97
2017-01-05,3092,18.3
2017-01-06,3092,18.33
2017-01-09,3092,18.27
2017-01-10,3092,18.16
2017-01-11,3092,17.94
2017-01-12,3092,17.94
2017-01-13,3092,18.19
2017-01-16,3092,19.37
2017-01-17,3092,19.59
2017-01-18,3092,19.97
2017-01-19,3092,19.48
2017-01-20,3092,19.64
2017-01-23,3092,19.92
2017-01-24,3092,19.72
2017-01-03,3093,20.89
2017-01-04,3093,19.89
2017-01-05,3093,19.8
2017-01-06,3093,19.67
2017-01-09,3093,19.67
2017-01-10,3093,19.64
2017-01-11,3093,19.46
2017-01-12,3093,19.46
2017-01-13,3093,19.42
2017-01-16,3093,19.52
2017-01-17,3093,19.64
2017-01-18,3093,19.52
2017-01-19,3093,19.64
2017-01-20,3093,19.74
2017-01-23,3093,19.7
2017-01-24,3093,19.67
2017-01-03,3094,16.07
2017-01-04,3094,16.67
2017-01-05,3094,16.56
2017-01-06,3094,16.48
2017-01-09,3094,16.41
2017-01-10,3094,16.22
2017-01-11,3094,16.11
2017-01-12,3094,16.11
2017-01-13,3094,15.99
2017-01-16,3094,15.95
2017-01-17,3094,15.95
2017-01-18,3094,16.07
2017-01-19,3094,16.22
2017-01-20,3094,16.11
2017-01-23,3094,16.11
2017-01-24,3094,16.14
2017-01-03,3095,28.3
2017-01-04,3095,28.74
2017-01-05,3095,28.41
2017-01-06,3095,28.74
2017-01-09,3095,29.29
2017-01-10,3095,29.29
2017-01-11,3095,29.29
2017-01-12,3095,31.69
2017-01-13,3095,30.6
2017-01-16,3095,30.6
2017-01-17,3095,30.38
2017-01-18,3095,29.4
2017-01-19,3095,29.18
2017-01-20,3095,28.96
2017-01-23,3095,30.05
2017-01-24,3095,30.6
2017-01-03,3105,72.19
2017-01-04,3105,72.1
2017-01-05,3105,71.78
2017-01-06,3105,72.35
2017-01-09,3105,72.59
2017-01-10,3105,72.19
2017-01-11,3105,70.98
2017-01-12,3105,70.49
2017-01-13,3105,70.17
2017-01-16,3105,69.2
2017-01-17,3105,70.41
2017-01-18,3105,71.54
2017-01-19,3105,71.3
2017-01-20,3105,71.38
2017-01-23,3105,74.2
2017-01-24,3105,75.65
2017-01-03,3115,15.26
2017-01-04,3115,14.86
2017-01-05,3115,14.72
2017-01-06,3115,14.38
2017-01-09,3115,13.91
2017-01-10,3115,13.84
2017-01-11,3115,13.98
2017-01-12,3115,13.7
2017-01-13,3115,13.98
2017-01-16,3115,13.98
2017-01-17,3115,14.25
2017-01-18,3115,13.84
2017-01-19,3115,14.25
2017-01-20,3115,13.7
2017-01-23,3115,13.7
2017-01-24,3115,14.18
2017-01-03,3118,19.27
2017-01-04,3118,19.27
2017-01-05,3118,19.27
2017-01-06,3118,19.24
2017-01-09,3118,19.02
2017-01-10,3118,19.3
2017-01-11,3118,19.14
2017-01-12,3118,19.17
2017-01-13,3118,19.17
2017-01-16,3118,18.98
2017-01-17,3118,18.86
2017-01-18,3118,18.92
2017-01-19,3118,18.8
2017-01-20,3118,19.05
2017-01-23,3118,18.86
2017-01-24,3118,18.98
2017-01-03,3122,14.13
2017-01-04,3122,13.87
2017-01-05,3122,13.82
2017-01-06,3122,13.56
2017-01-09,3122,13.42
2017-01-10,3122,13.38
2017-01-11,3122,13.33
2017-01-12,3122,13.33
2017-01-13,3122,13.42
2017-01-16,3122,13.33
2017-01-17,3122,13.33
2017-01-18,3122,13.33
2017-01-19,3122,13.42
2017-01-20,3122,13.33
2017-01-23,3122,13.29
2017-01-24,3122,13.38
2017-01-03,3130,83.44
2017-01-04,3130,83.14
2017-01-05,3130,83.44
2017-01-06,3130,84.33
2017-01-09,3130,84.03
2017-01-10,3130,84.03
2017-01-11,3130,82.84
2017-01-12,3130,83.14
2017-01-13,3130,83.44
2017-01-16,3130,83.44
2017-01-17,3130,83.14
2017-01-18,3130,82.54
2017-01-19,3130,83.14
2017-01-23,3130,83.44
2017-01-24,3130,82.84
2017-01-03,3131,134.53
2017-01-04,3131,133.82
2017-01-05,3131,134.18
2017-01-06,3131,136.32
2017-01-09,3131,134.53
2017-01-10,3131,122.04
2017-01-11,3131,120.26
2017-01-12,3131,119.9
2017-01-13,3131,119.19
2017-01-16,3131,118.12
2017-01-17,3131,119.19
2017-01-18,3131,118.12
2017-01-19,3131,117.41
2017-01-20,3131,115.26
2017-01-23,3131,115.98
2017-01-24,3131,119.9
2017-01-03,3138,10.15
2017-01-04,3138,9.87
2017-01-05,3138,10.13
2017-01-09,3138,9.97
2017-01-10,3138,10.34
2017-01-11,3138,9.6
2017-01-12,3138,9.78
2017-01-13,3138,9.51
2017-01-16,3138,9.7
2017-01-17,3138,9.79
2017-01-18,3138,9.65
2017-01-19,3138,10.68
2017-01-20,3138,10.43
2017-01-23,3138,10.32
2017-01-24,3138,10.32
2017-01-03,3141,32.39
2017-01-04,3141,33.57
2017-01-05,3141,33.69
2017-01-06,3141,33.57
2017-01-09,3141,32.15
2017-01-10,3141,31.66
2017-01-11,3141,31.7
2017-01-12,3141,31.82
2017-01-13,3141,31.74
2017-01-16,3141,30.85
2017-01-17,3141,31.7
2017-01-18,3141,31.82
2017-01-19,3141,31.74
2017-01-20,3141,31.58
2017-01-23,3141,31.17
2017-01-24,3141,31.46
2017-01-03,3144,13.92
2017-01-04,3144,14.13
2017-01-05,3144,14.42
2017-01-06,3144,15.85
2017-01-09,3144,15.18
2017-01-10,3144,15.26
2017-01-11,3144,15.1
2017-01-12,3144,15.14
2017-01-13,3144,14.89
2017-01-16,3144,14.42
2017-01-17,3144,14.55
2017-01-18,3144,14.72
2017-01-19,3144,15.18
2017-01-20,3144,14.84
2017-01-23,3144,15.26
2017-01-24,3144,16.27
2017-01-06,3147,11.27
2017-01-12,3147,11.2
2017-01-03,3149,28.89
2017-01-04,3149,29.24
2017-01-05,3149,32.12
2017-01-06,3149,31.07
2017-01-09,3149,29.94
2017-01-10,3149,30.08
2017-01-11,3149,29.38
2017-01-12,3149,29.45
2017-01-13,3149,29.38
2017-01-16,3149,28.68
2017-01-17,3149,28.53
2017-01-18,3149,28.53
2017-01-19,3149,28.4
2017-01-20,3149,28.32
2017-01-23,3149,27.48
2017-01-24,3149,27.48
2017-01-03,3152,193.07
2017-01-04,3152,203.19
2017-01-05,3152,209.42
2017-01-06,3152,203.58
2017-01-09,3152,203.97
2017-01-10,3152,205.92
2017-01-11,3152,206.31
2017-01-12,3152,203.97
2017-01-13,3152,207.08
2017-01-16,3152,209.81
2017-01-17,3152,208.64
2017-01-18,3152,205.14
2017-01-19,3152,205.92
2017-01-20,3152,203.97
2017-01-23,3152,202.41
2017-01-24,3152,201.64
2017-01-03,3163,35.95
2017-01-04,3163,36.1
2017-01-05,3163,36.41
2017-01-06,3163,36.67
2017-01-09,3163,36.82
2017-01-10,3163,36.78
2017-01-11,3163,37.54
2017-01-12,3163,37.28
2017-01-13,3163,37.43
2017-01-16,3163,36.86
2017-01-17,3163,36.9
2017-01-18,3163,37.09
2017-01-19,3163,36.6
2017-01-20,3163,36.37
2017-01-23,3163,36.78
2017-01-24,3163,36.41
2017-01-03,3164,18.16
2017-01-04,3164,17.92
2017-01-05,3164,17.73
2017-01-06,3164,17.77
2017-01-09,3164,18.04
2017-01-10,3164,17.69
2017-01-11,3164,17.22
2017-01-12,3164,17.15
2017-01-13,3164,16.91
2017-01-16,3164,16.79
2017-01-17,3164,17.03
2017-01-18,3164,17.22
2017-01-19,3164,16.91
2017-01-20,3164,16.64
2017-01-23,3164,16.64
2017-01-24,3164,16.76
2017-01-03,3167,17.14
2017-01-04,3167,17.14
2017-01-05,3167,17.28
2017-01-06,3167,17.08
2017-01-09,3167,18.79
2017-01-10,3167,18.46
2017-01-11,3167,18.33
2017-01-12,3167,18.13
2017-01-13,3167,17.9
2017-01-16,3167,17.54
2017-01-17,3167,18.39
2017-01-18,3167,18.49
2017-01-19,3167,19.05
2017-01-20,3167,18.98
2017-01-23,3167,19.15
2017-01-24,3167,19.51
2017-01-03,3169,16.79
2017-01-04,3169,16.9
2017-01-05,3169,17.13
2017-01-06,3169,18.26
2017-01-09,3169,17.58
2017-01-10,3169,17.51
2017-01-11,3169,17.47
2017-01-12,3169,17.51
2017-01-13,3169,17.28
2017-01-16,3169,17.69
2017-01-17,3169,17.99
2017-01-18,3169,17.96
2017-01-19,3169,17.96
2017-01-20,3169,17.58
2017-01-23,3169,17.51
2017-01-24,3169,17.44
2017-01-03,3171,21.34
2017-01-04,3171,21.29
2017-01-05,3171,21.69
2017-01-06,3171,21.97
2017-01-09,3171,22.09
2017-01-10,3171,21.97
2017-01-11,3171,22.09
2017-01-12,3171,22.43
2017-01-13,3171,22.2
2017-01-16,3171,21.97
2017-01-17,3171,21.85
2017-01-18,3171,21.92
2017-01-19,3171,21.97
2017-01-20,3171,21.85
2017-01-23,3171,21.63
2017-01-24,3171,21.4
2017-01-03,3176,78.3
2017-01-04,3176,78.0
2017-01-05,3176,77.8
2017-01-06,3176,77.3
2017-01-09,3176,76.2
2017-01-10,3176,76.2
2017-01-11,3176,74.3
2017-01-12,3176,73.4
2017-01-13,3176,73.3
2017-01-16,3176,72.3
2017-01-17,3176,71.9
2017-01-18,3176,73.2
2017-01-19,3176,72.1
2017-01-20,3176,72.1
2017-01-23,3176,72.2
2017-01-24,3176,71.6
2017-01-03,3178,37.15
2017-01-04,3178,37.34
2017-01-05,3178,37.2
2017-01-06,3178,37.59
2017-01-09,3178,38.03
2017-01-10,3178,38.46
2017-01-11,3178,37.59
2017-01-12,3178,38.46
2017-01-13,3178,41.96
2017-01-16,3178,40.21
2017-01-17,3178,40.65
2017-01-18,3178,40.21
2017-01-19,3178,41.96
2017-01-20,3178,41.96
2017-01-23,3178,43.71
2017-01-24,3178,43.71
2017-01-03,3188,11.95
2017-01-04,3188,11.95
2017-01-05,3188,11.99
2017-01-06,3188,13.19
2017-01-09,3188,13.86
2017-01-10,3188,13.97
2017-01-11,3188,13.97
2017-01-12,3188,13.45
2017-01-13,3188,13.15
2017-01-16,3188,13.82
2017-01-17,3188,13.59
2017-01-18,3188,13.63
2017-01-19,3188,13.63
2017-01-20,3188,13.59
2017-01-23,3188,13.78
2017-01-24,3188,13.59
2017-01-03,3189,56.68
2017-01-04,3189,56.92
2017-01-05,3189,56.84
2017-01-06,3189,56.44
2017-01-09,3189,55.88
2017-01-10,3189,56.44
2017-01-11,3189,56.12
2017-01-12,3189,56.6
2017-01-13,3189,56.44
2017-01-16,3189,56.44
2017-01-17,3189,57.0
2017-01-18,3189,57.0
2017-01-19,3189,56.92
2017-01-20,3189,56.84
2017-01-23,3189,57.0
2017-01-24,3189,57.24
2017-01-03,3191,23.6
2017-01-04,3191,23.7
2017-01-05,3191,23.7
2017-01-06,3191,23.7
2017-01-09,3191,23.5
2017-01-10,3191,23.6
2017-01-11,3191,23.4
2017-01-12,3191,23.2
2017-01-13,3191,22.6
2017-01-16,3191,22.7
2017-01-17,3191,22.5
2017-01-18,3191,22.5
2017-01-19,3191,23.3
2017-01-20,3191,22.6
2017-01-23,3191,22.3
2017-01-24,3191,22.5
2017-01-03,3202,12.46
2017-01-04,3202,12.56
2017-01-05,3202,12.46
2017-01-06,3202,12.31
2017-01-09,3202,12.31
2017-01-10,3202,12.36
2017-01-11,3202,12.22
2017-01-12,3202,12.17
2017-01-13,3202,12.02
2017-01-16,3202,11.72
2017-01-17,3202,11.53
2017-01-18,3202,11.43
2017-01-19,3202,12.12
2017-01-20,3202,12.12
2017-01-23,3202,11.97
2017-01-24,3202,11.82
2017-01-03,3205,121.5
2017-01-04,3205,121.04
2017-01-05,3205,120.11
2017-01-06,3205,121.96
2017-01-09,3205,113.65
2017-01-10,3205,113.65
2017-01-11,3205,109.95
2017-01-12,3205,116.88
2017-01-13,3205,114.57
2017-01-16,3205,111.8
2017-01-17,3205,113.65
2017-01-18,3205,114.57
2017-01-19,3205,114.11
2017-01-20,3205,115.03
2017-01-23,3205,115.03
2017-01-24,3205,111.8
2017-01-03,3206,13.33
2017-01-04,3206,13.77
2017-01-05,3206,13.71
2017-01-06,3206,13.86
2017-01-09,3206,14.04
2017-01-10,3206,13.28
2017-01-11,3206,13.22
2017-01-12,3206,13.13
2017-01-13,3206,13.16
2017-01-16,3206,12.95
2017-01-17,3206,13.04
2017-01-18,3206,13.3
2017-01-19,3206,13.04
2017-01-20,3206,13.04
2017-01-23,3206,13.04
2017-01-24,3206,13.1
2017-01-03,3207,11.2
2017-01-04,3207,11.2
2017-01-06,3207,11.2
2017-01-09,3207,11.04
2017-01-10,3207,11.04
2017-01-11,3207,10.98
2017-01-12,3207,10.88
2017-01-13,3207,10.56
2017-01-16,3207,11.09
2017-01-17,3207,10.88
2017-01-18,3207,11.09
2017-01-19,3207,11.51
2017-01-20,3207,11.71
2017-01-23,3207,11.51
2017-01-24,3207,12.03
2017-01-03,3209,12.83
2017-01-04,3209,13.07
2017-01-05,3209,13.39
2017-01-06,3209,13.57
2017-01-09,3209,13.33
2017-01-10,3209,13.23
2017-01-11,3209,13.12
2017-01-12,3209,13.15
2017-01-13,3209,13.1
2017-01-16,3209,13.02
2017-01-17,3209,13.1
2017-01-18,3209,13.15
2017-01-19,3209,13.07
2017-01-20,3209,13.04
2017-01-23,3209,13.07
2017-01-24,3209,13.04
2017-01-03,3211,18.91
2017-01-04,3211,19.06
2017-01-05,3211,19.08
2017-01-06,3211,19.03
2017-01-09,3211,18.7
2017-01-10,3211,18.53
2017-01-11,3211,18.53
2017-01-12,3211,18.55
2017-01-13,3211,18.8
2017-01-16,3211,18.6
2017-01-17,3211,18.63
2017-01-18,3211,18.73
2017-01-19,3211,18.73
2017-01-20,3211,18.75
2017-01-23,3211,18.7
2017-01-24,3211,18.7
2017-01-03,3213,20.61
2017-01-04,3213,20.98
2017-01-05,3213,20.93
2017-01-06,3213,20.98
2017-01-09,3213,21.7
2017-01-10,3213,21.62
2017-01-11,3213,21.4
2017-01-12,3213,21.56
2017-01-13,3213,21.96
2017-01-16,3213,22.36
2017-01-17,3213,22.41
2017-01-18,3213,22.49
2017-01-19,3213,22.73
2017-01-20,3213,22.52
2017-01-23,3213,22.49
2017-01-24,3213,22.28
2017-01-03,3217,12.55
2017-01-04,3217,12.87
2017-01-05,3217,13.29
2017-01-06,3217,14.14
2017-01-09,3217,14.47
2017-01-10,3217,14.97
2017-01-11,3217,14.74
2017-01-12,3217,14.68
2017-01-13,3217,14.65
2017-01-16,3217,14.32
2017-01-17,3217,15.39
2017-01-18,3217,15.5
2017-01-19,3217,15.09
2017-01-20,3217,15.03
2017-01-23,3217,14.68
2017-01-24,3217,14.56
2017-01-03,3218,15.35
2017-01-04,3218,15.14
2017-01-05,3218,15.38
2017-01-06,3218,15.21
2017-01-09,3218,15.61
2017-01-10,3218,15.45
2017-01-11,3218,15.48
2017-01-12,3218,15.55
2017-01-13,3218,15.55
2017-01-16,3218,15.21
2017-01-17,3218,15.14
2017-01-18,3218,15.41
2017-01-19,3218,15.35
2017-01-20,3218,15.24
2017-01-23,3218,15.45
2017-01-24,3218,15.31
2017-01-03,3219,20.07
2017-01-04,3219,20.31
2017-01-05,3219,20.93
2017-01-06,3219,21.17
2017-01-09,3219,20.98
2017-01-10,3219,20.93
2017-01-11,3219,20.45
2017-01-12,3219,20.74
2017-01-13,3219,20.88
2017-01-16,3219,21.07
2017-01-17,3219,20.22
2017-01-18,3219,20.22
2017-01-20,3219,21.03
2017-01-23,3219,21.03
2017-01-24,3219,20.98
2017-01-03,3221,16.72
2017-01-04,3221,17.16
2017-01-05,3221,17.3
2017-01-06,3221,17.27
2017-01-09,3221,18.25
2017-01-10,3221,17.99
2017-01-11,3221,18.07
2017-01-12,3221,17.92
2017-01-13,3221,17.88
2017-01-16,3221,17.67
2017-01-17,3221,17.78
2017-01-18,3221,17.88
2017-01-19,3221,17.85
2017-01-20,3221,17.74
2017-01-23,3221,17.59
2017-01-24,3221,17.49
2017-01-03,3224,33.88
2017-01-04,3224,34.4
2017-01-05,3224,33.93
2017-01-06,3224,34.35
2017-01-09,3224,34.63
2017-01-10,3224,36.18
2017-01-11,3224,35.94
2017-01-12,3224,34.63
2017-01-13,3224,34.16
2017-01-16,3224,33.88
2017-01-17,3224,36.04
2017-01-18,3224,35.57
2017-01-19,3224,34.91
2017-01-20,3224,35.85
2017-01-23,3224,38.19
2017-01-24,3224,38.38
2017-01-03,3226,46.5
2017-01-04,3226,46.29
2017-01-05,3226,46.29
2017-01-06,3226,46.21
2017-01-09,3226,45.56
2017-01-10,3226,44.41
2017-01-11,3226,44.77
2017-01-12,3226,45.2
2017-01-13,3226,44.69
2017-01-16,3226,45.78
2017-01-17,3226,45.92
2017-01-18,3226,45.92
2017-01-19,3226,45.92
2017-01-20,3226,46.86
2017-01-23,3226,47.01
2017-01-24,3226,47.01
2017-01-03,3227,45.88
2017-01-04,3227,46.22
2017-01-05,3227,46.15
2017-01-06,3227,45.88
2017-01-09,3227,45.47
2017-01-10,3227,45.81
2017-01-11,3227,45.61
2017-01-12,3227,46.28
2017-01-13,3227,46.49
2017-01-16,3227,46.28
2017-01-17,3227,46.28
2017-01-18,3227,46.76
2017-01-19,3227,46.62
2017-01-20,3227,46.89
2017-01-23,3227,46.89
2017-01-24,3227,46.89
2017-01-03,3228,14.32
2017-01-04,3228,14.6
2017-01-05,3228,14.56
2017-01-06,3228,14.46
2017-01-09,3228,14.07
2017-01-10,3228,14.12
2017-01-11,3228,14.17
2017-01-12,3228,14.07
2017-01-13,3228,14.27
2017-01-16,3228,13.98
2017-01-17,3228,13.69
2017-01-18,3228,14.46
2017-01-19,3228,14.27
2017-01-20,3228,14.17
2017-01-23,3228,14.07
2017-01-24,3228,14.17
2017-01-03,3229,33.19
2017-01-04,3229,33.19
2017-01-05,3229,33.04
2017-01-06,3229,33.33
2017-01-09,3229,33.62
2017-01-10,3229,33.33
2017-01-11,3229,32.75
2017-01-12,3229,33.04
2017-01-13,3229,33.04
2017-01-16,3229,32.61
2017-01-17,3229,32.32
2017-01-18,3229,32.32
2017-01-19,3229,31.88
2017-01-20,3229,30.87
2017-01-23,3229,30.43
2017-01-24,3229,29.13
2017-01-03,3231,15.06
2017-01-04,3231,14.91
2017-01-05,3231,14.73
2017-01-06,3231,15.12
2017-01-09,3231,15.06
2017-01-10,3231,14.97
2017-01-11,3231,16.09
2017-01-12,3231,16.12
2017-01-13,3231,16.09
2017-01-16,3231,16.09
2017-01-17,3231,16.36
2017-01-18,3231,16.27
2017-01-19,3231,15.85
2017-01-20,3231,15.94
2017-01-23,3231,16.06
2017-01-24,3231,16.06
2017-01-03,3232,16.06
2017-01-04,3232,15.9
2017-01-05,3232,15.94
2017-01-06,3232,15.9
2017-01-09,3232,15.9
2017-01-10,3232,15.86
2017-01-11,3232,15.78
2017-01-12,3232,15.66
2017-01-13,3232,15.18
2017-01-16,3232,15.22
2017-01-17,3232,15.14
2017-01-18,3232,15.14
2017-01-19,3232,15.5
2017-01-20,3232,15.46
2017-01-23,3232,15.38
2017-01-24,3232,15.3
2017-01-03,3234,52.04
2017-01-04,3234,52.12
2017-01-05,3234,52.21
2017-01-06,3234,51.77
2017-01-09,3234,48.54
2017-01-10,3234,48.72
2017-01-11,3234,47.37
2017-01-12,3234,47.55
2017-01-13,3234,48.0
2017-01-16,3234,47.91
2017-01-17,3234,48.0
2017-01-18,3234,48.27
2017-01-19,3234,49.7
2017-01-20,3234,48.9
2017-01-23,3234,48.98
2017-01-24,3234,48.54
2017-01-03,3236,12.32
2017-01-04,3236,12.52
2017-01-05,3236,12.7
2017-01-06,3236,12.7
2017-01-09,3236,12.81
2017-01-10,3236,12.58
2017-01-11,3236,12.49
2017-01-12,3236,12.55
2017-01-13,3236,12.58
2017-01-16,3236,12.47
2017-01-17,3236,12.55
2017-01-18,3236,12.47
2017-01-19,3236,12.52
2017-01-20,3236,12.32
2017-01-23,3236,12.49
2017-01-24,3236,12.38
2017-01-03,3252,21.59
2017-01-04,3252,21.18
2017-01-05,3252,20.73
2017-01-06,3252,20.91
2017-01-09,3252,20.91
2017-01-10,3252,20.5
2017-01-11,3252,20.5
2017-01-12,3252,20.46
2017-01-13,3252,20.41
2017-01-16,3252,20.14
2017-01-17,3252,20.14
2017-01-18,3252,20.46
2017-01-19,3252,21.18
2017-01-20,3252,21.64
2017-01-23,3252,21.64
2017-01-24,3252,21.82
2017-01-03,3257,21.45
2017-01-04,3257,21.33
2017-01-05,3257,21.33
2017-01-06,3257,21.54
2017-01-09,3257,21.69
2017-01-10,3257,21.51
2017-01-11,3257,21.39
2017-01-12,3257,21.45
2017-01-13,3257,21.63
2017-01-16,3257,21.57
2017-01-17,3257,21.69
2017-01-18,3257,21.98
2017-01-19,3257,21.8
2017-01-20,3257,21.6
2017-01-23,3257,21.63
2017-01-24,3257,21.71
2017-01-03,3259,35.38
2017-01-04,3259,36.4
2017-01-05,3259,36.76
2017-01-06,3259,36.49
2017-01-09,3259,34.01
2017-01-10,3259,34.56
2017-01-11,3259,34.01
2017-01-12,3259,34.01
2017-01-13,3259,33.45
2017-01-16,3259,33.36
2017-01-17,3259,33.73
2017-01-18,3259,34.64
2017-01-19,3259,34.18
2017-01-20,3259,33.09
2017-01-23,3259,33.09
2017-01-24,3259,33.18
2017-01-03,3260,33.11
2017-01-04,3260,32.98
2017-01-05,3260,33.42
2017-01-06,3260,33.11
2017-01-09,3260,33.04
2017-01-10,3260,33.04
2017-01-11,3260,33.3
2017-01-12,3260,32.72
2017-01-13,3260,31.96
2017-01-16,3260,31.83
2017-01-17,3260,33.42
2017-01-18,3260,33.23
2017-01-19,3260,33.04
2017-01-20,3260,32.85
2017-01-23,3260,33.11
2017-01-24,3260,33.23
2017-01-03,3264,15.64
2017-01-04,3264,15.9
2017-01-05,3264,16.0
2017-01-06,3264,15.71
2017-01-09,3264,15.57
2017-01-10,3264,15.67
2017-01-11,3264,15.87
2017-01-12,3264,15.9
2017-01-13,3264,15.64
2017-01-16,3264,15.22
2017-01-17,3264,15.48
2017-01-18,3264,15.54
2017-01-19,3264,15.35
2017-01-20,3264,15.25
2017-01-23,3264,15.15
2017-01-24,3264,15.15
2017-01-03,3265,14.87
2017-01-04,3265,14.9
2017-01-05,3265,15.16
2017-01-06,3265,15.35
2017-01-09,3265,15.22
2017-01-10,3265,15.03
2017-01-11,3265,15.16
2017-01-12,3265,15.26
2017-01-13,3265,15.29
2017-01-16,3265,15.16
2017-01-17,3265,15.48
2017-01-18,3265,16.0
2017-01-19,3265,15.97
2017-01-20,3265,16.52
2017-01-23,3265,16.3
2017-01-24,3265,15.87
2017-01-03,3266,10.32
2017-01-04,3266,10.32
2017-01-05,3266,10.37
2017-01-06,3266,10.41
2017-01-09,3266,10.41
2017-01-10,3266,10.32
2017-01-11,3266,10.37
2017-01-12,3266,10.32
2017-01-13,3266,10.23
2017-01-16,3266,10.28
2017-01-17,3266,10.32
2017-01-18,3266,10.41
2017-01-19,3266,10.46
2017-01-20,3266,10.55
2017-01-23,3266,10.41
2017-01-24,3266,10.32
2017-01-03,3268,10.46
2017-01-04,3268,10.56
2017-01-05,3268,10.6
2017-01-06,3268,10.74
2017-01-09,3268,10.79
2017-01-10,3268,10.88
2017-01-11,3268,10.79
2017-01-12,3268,10.46
2017-01-13,3268,10.51
2017-01-16,3268,10.79
2017-01-17,3268,10.84
2017-01-18,3268,10.84
2017-01-19,3268,10.74
2017-01-20,3268,10.46
2017-01-24,3268,10.56
2017-01-03,3272,35.84
2017-01-04,3272,36.96
2017-01-05,3272,36.89
2017-01-06,3272,36.47
2017-01-09,3272,35.76
2017-01-10,3272,33.75
2017-01-11,3272,33.93
2017-01-12,3272,34.21
2017-01-13,3272,34.04
2017-01-16,3272,33.72
2017-01-17,3272,34.39
2017-01-18,3272,34.14
2017-01-19,3272,34.42
2017-01-20,3272,34.42
2017-01-23,3272,34.42
2017-01-24,3272,34.04
2017-01-03,3276,9.8
2017-01-04,3276,9.94
2017-01-05,3276,9.98
2017-01-06,3276,9.94
2017-01-09,3276,10.29
2017-01-10,3276,10.47
2017-01-11,3276,10.82
2017-01-12,3276,10.65
2017-01-13,3276,10.74
2017-01-16,3276,10.38
2017-01-17,3276,10.56
2017-01-18,3276,10.6
2017-01-19,3276,10.47
2017-01-20,3276,10.65
2017-01-23,3276,11.05
2017-01-24,3276,10.78
2017-01-03,3284,16.98
2017-01-04,3284,16.77
2017-01-05,3284,16.85
2017-01-06,3284,17.35
2017-01-09,3284,17.27
2017-01-10,3284,16.44
2017-01-11,3284,16.44
2017-01-12,3284,16.35
2017-01-13,3284,16.6
2017-01-16,3284,16.56
2017-01-17,3284,16.6
2017-01-18,3284,16.56
2017-01-19,3284,16.56
2017-01-20,3284,16.64
2017-01-23,3284,16.35
2017-01-24,3284,16.6
2017-01-03,3285,17.31
2017-01-04,3285,17.39
2017-01-05,3285,17.96
2017-01-06,3285,17.92
2017-01-09,3285,17.64
2017-01-10,3285,17.64
2017-01-11,3285,17.15
2017-01-12,3285,17.1
2017-01-13,3285,16.78
2017-01-16,3285,16.66
2017-01-17,3285,16.7
2017-01-18,3285,16.74
2017-01-19,3285,16.74
2017-01-20,3285,16.82
2017-01-23,3285,16.62
2017-01-24,3285,16.57
2017-01-05,3288,15.86
2017-01-06,3288,15.07
2017-01-09,3288,15.48
2017-01-10,3288,14.77
2017-01-11,3288,14.69
2017-01-12,3288,14.69
2017-01-13,3288,13.94
2017-01-16,3288,14.99
2017-01-17,3288,13.71
2017-01-18,3288,13.71
2017-01-20,3288,14.96
2017-01-03,3289,72.63
2017-01-04,3289,72.41
2017-01-05,3289,75.7
2017-01-06,3289,74.6
2017-01-09,3289,72.41
2017-01-10,3289,73.14
2017-01-11,3289,72.41
2017-01-12,3289,72.41
2017-01-13,3289,71.68
2017-01-16,3289,69.56
2017-01-17,3289,68.02
2017-01-18,3289,68.02
2017-01-19,3289,67.66
2017-01-20,3289,67.66
2017-01-23,3289,67.14
2017-01-24,3289,68.39
2017-01-03,3290,12.89
2017-01-04,3290,13.14
2017-01-05,3290,13.18
2017-01-06,3290,13.18
2017-01-09,3290,13.01
2017-01-10,3290,12.97
2017-01-11,3290,12.93
2017-01-12,3290,12.85
2017-01-13,3290,12.69
2017-01-16,3290,12.57
2017-01-17,3290,12.61
2017-01-18,3290,12.61
2017-01-19,3290,12.73
2017-01-20,3290,12.69
2017-01-23,3290,12.65
2017-01-24,3290,12.44
2017-01-03,3293,66.7
2017-01-04,3293,67.87
2017-01-05,3293,67.54
2017-01-06,3293,67.54
2017-01-09,3293,66.2
2017-01-10,3293,64.87
2017-01-11,3293,64.04
2017-01-12,3293,65.04
2017-01-13,3293,65.87
2017-01-16,3293,67.7
2017-01-17,3293,67.04
2017-01-18,3293,68.53
2017-01-19,3293,67.37
2017-01-20,3293,67.2
2017-01-23,3293,67.37
2017-01-24,3293,68.53
2017-01-03,3294,14.22
2017-01-04,3294,14.09
2017-01-05,3294,14.61
2017-01-06,3294,14.48
2017-01-09,3294,14.65
2017-01-10,3294,14.53
2017-01-11,3294,14.44
2017-01-12,3294,14.44
2017-01-13,3294,14.78
2017-01-16,3294,14.48
2017-01-17,3294,14.27
2017-01-18,3294,14.18
2017-01-19,3294,14.09
2017-01-20,3294,14.09
2017-01-23,3294,14.31
2017-01-24,3294,14.31
2017-01-03,3296,10.76
2017-01-04,3296,10.8
2017-01-05,3296,11.02
2017-01-06,3296,11.36
2017-01-09,3296,11.19
2017-01-10,3296,11.15
2017-01-11,3296,11.44
2017-01-12,3296,11.62
2017-01-13,3296,11.62
2017-01-16,3296,11.4
2017-01-17,3296,11.49
2017-01-18,3296,11.57
2017-01-19,3296,11.66
2017-01-20,3296,11.7
2017-01-23,3296,11.74
2017-01-24,3296,12.0
2017-01-03,3297,15.36
2017-01-04,3297,15.27
2017-01-05,3297,15.32
2017-01-06,3297,15.32
2017-01-09,3297,15.32
2017-01-10,3297,15.41
2017-01-11,3297,15.5
2017-01-12,3297,15.41
2017-01-13,3297,15.0
2017-01-16,3297,15.36
2017-01-17,3297,16.04
2017-01-18,3297,15.59
2017-01-19,3297,15.63
2017-01-20,3297,15.32
2017-01-23,3297,15.41
2017-01-24,3297,15.68
2017-01-03,3303,11.41
2017-01-04,3303,11.38
2017-01-05,3303,11.38
2017-01-06,3303,11.44
2017-01-09,3303,12.03
2017-01-10,3303,11.91
2017-01-11,3303,12.0
2017-01-12,3303,11.97
2017-01-13,3303,12.09
2017-01-16,3303,11.67
2017-01-17,3303,11.61
2017-01-18,3303,11.61
2017-01-19,3303,11.67
2017-01-20,3303,11.58
2017-01-23,3303,11.58
2017-01-24,3303,11.7
2017-01-03,3305,21.1
2017-01-04,3305,21.34
2017-01-05,3305,21.44
2017-01-06,3305,23.27
2017-01-09,3305,23.11
2017-01-10,3305,23.44
2017-01-11,3305,23.01
2017-01-12,3305,22.84
2017-01-13,3305,22.51
2017-01-16,3305,22.04
2017-01-17,3305,22.24
2017-01-18,3305,22.11
2017-01-19,3305,22.04
2017-01-20,3305,22.17
2017-01-23,3305,21.57
2017-01-24,3305,21.64
2017-01-03,3306,22.43
2017-01-04,3306,22.22
2017-01-05,3306,21.97
2017-01-06,3306,21.76
2017-01-09,3306,21.34
2017-01-10,3306,21.09
2017-01-11,3306,21.3
2017-01-12,3306,21.34
2017-01-13,3306,21.09
2017-01-16,3306,20.68
2017-01-17,3306,20.84
2017-01-18,3306,21.14
2017-01-19,3306,20.97
2017-01-20,3306,20.72
2017-01-23,3306,21.01
2017-01-24,3306,20.84
2017-01-03,3308,11.86
2017-01-04,3308,11.77
2017-01-05,3308,11.86
2017-01-06,3308,11.67
2017-01-09,3308,11.4
2017-01-10,3308,11.49
2017-01-11,3308,11.33
2017-01-12,3308,11.67
2017-01-13,3308,11.53
2017-01-16,3308,11.5
2017-01-17,3308,11.49
2017-01-18,3308,11.5
2017-01-19,3308,11.83
2017-01-20,3308,11.73
2017-01-23,3308,12.39
2017-01-24,3308,12.27
2017-01-03,3310,18.35
2017-01-04,3310,18.13
2017-01-05,3310,18.9
2017-01-06,3310,19.35
2017-01-09,3310,19.8
2017-01-10,3310,18.76
2017-01-11,3310,18.39
2017-01-12,3310,18.94
2017-01-13,3310,19.08
2017-01-16,3310,18.71
2017-01-17,3310,18.8
2017-01-18,3310,18.67
2017-01-19,3310,20.53
2017-01-20,3310,21.3
2017-01-23,3310,22.66
2017-01-24,3310,23.75
2017-01-03,3311,21.3
2017-01-04,3311,21.51
2017-01-05,3311,21.51
2017-01-06,3311,21.51
2017-01-09,3311,21.16
2017-01-10,3311,21.23
2017-01-11,3311,21.02
2017-01-12,3311,21.94
2017-01-13,3311,22.22
2017-01-16,3311,22.22
2017-01-17,3311,22.01
2017-01-18,3311,22.29
2017-01-19,3311,22.43
2017-01-20,3311,22.99
2017-01-23,3311,23.13
2017-01-24,3311,23.13
2017-01-03,3313,23.24
2017-01-04,3313,25.53
2017-01-05,3313,23.77
2017-01-06,3313,23.91
2017-01-09,3313,23.62
2017-01-10,3313,23.77
2017-01-11,3313,23.67
2017-01-12,3313,23.72
2017-01-13,3313,23.81
2017-01-16,3313,23.77
2017-01-17,3313,24.05
2017-01-18,3313,23.81
2017-01-19,3313,24.19
2017-01-20,3313,25.05
2017-01-23,3313,24.76
2017-01-24,3313,24.91
2017-01-03,3315,16.7
2017-01-04,3315,16.7
2017-01-05,3315,16.7
2017-01-06,3315,16.8
2017-01-09,3315,16.75
2017-01-10,3315,16.85
2017-01-11,3315,16.95
2017-01-12,3315,17.0
2017-01-13,3315,17.0
2017-01-16,3315,16.95
2017-01-17,3315,16.8
2017-01-18,3315,16.9
2017-01-19,3315,16.85
2017-01-20,3315,16.75
2017-01-23,3315,16.7
2017-01-24,3315,16.7
2017-01-03,3321,35.15
2017-01-04,3321,35.64
2017-01-05,3321,35.76
2017-01-06,3321,35.27
2017-01-09,3321,35.02
2017-01-10,3321,34.66
2017-01-11,3321,34.78
2017-01-12,3321,36.26
2017-01-13,3321,35.64
2017-01-16,3321,35.15
2017-01-17,3321,35.52
2017-01-18,3321,35.27
2017-01-19,3321,35.15
2017-01-20,3321,35.02
2017-01-23,3321,35.15
2017-01-24,3321,35.15
2017-01-03,3323,12.0
2017-01-04,3323,12.0
2017-01-05,3323,12.11
2017-01-06,3323,13.31
2017-01-09,3323,12.62
2017-01-10,3323,12.45
2017-01-11,3323,12.55
2017-01-12,3323,12.42
2017-01-13,3323,12.28
2017-01-16,3323,12.11
2017-01-17,3323,12.18
2017-01-18,3323,12.45
2017-01-19,3323,12.66
2017-01-20,3323,12.45
2017-01-23,3323,12.62
2017-01-24,3323,12.48
2017-01-03,3324,77.11
2017-01-04,3324,77.11
2017-01-05,3324,74.72
2017-01-06,3324,74.96
2017-01-09,3324,75.2
2017-01-10,3324,74.72
2017-01-11,3324,74.25
2017-01-12,3324,74.32
2017-01-13,3324,74.48
2017-01-16,3324,73.93
2017-01-17,3324,75.12
2017-01-18,3324,74.25
2017-01-19,3324,73.13
2017-01-20,3324,73.29
2017-01-23,3324,73.61
2017-01-24,3324,73.85
2017-01-03,3325,21.46
2017-01-04,3325,21.13
2017-01-05,3325,20.8
2017-01-06,3325,21.17
2017-01-09,3325,20.96
2017-01-10,3325,20.71
2017-01-11,3325,19.88
2017-01-12,3325,19.84
2017-01-13,3325,20.71
2017-01-16,3325,20.67
2017-01-17,3325,20.13
2017-01-18,3325,20.21
2017-01-19,3325,20.13
2017-01-20,3325,19.96
2017-01-23,3325,20.34
2017-01-24,3325,20.09
2017-01-03,3332,25.35
2017-01-04,3332,25.28
2017-01-05,3332,25.28
2017-01-06,3332,25.31
2017-01-09,3332,25.74
2017-01-10,3332,24.96
2017-01-11,3332,25.31
2017-01-13,3332,25.63
2017-01-16,3332,25.81
2017-01-17,3332,24.96
2017-01-18,3332,24.99
2017-01-23,3332,24.99
2017-01-24,3332,24.78
2017-01-03,3338,24.38
2017-01-04,3338,24.63
2017-01-05,3338,24.92
2017-01-06,3338,24.63
2017-01-09,3338,24.45
2017-01-10,3338,23.7
2017-01-11,3338,23.44
2017-01-12,3338,23.84
2017-01-13,3338,23.84
2017-01-16,3338,23.08
2017-01-17,3338,23.66
2017-01-18,3338,23.59
2017-01-19,3338,23.12
2017-01-20,3338,23.12
2017-01-23,3338,22.87
2017-01-24,3338,22.72
2017-01-03,3339,12.86
2017-01-05,3339,12.14
2017-01-06,3339,12.33
2017-01-09,3339,11.71
2017-01-10,3339,11.76
2017-01-11,3339,12.29
2017-01-12,3339,11.97
2017-01-13,3339,12.04
2017-01-16,3339,11.84
2017-01-17,3339,12.35
2017-01-18,3339,12.2
2017-01-19,3339,12.75
2017-01-20,3339,12.65
2017-01-24,3339,12.14
2017-01-03,3346,46.89
2017-01-04,3346,47.36
2017-01-05,3346,52.05
2017-01-06,3346,55.96
2017-01-09,3346,56.42
2017-01-10,3346,60.1
2017-01-11,3346,66.04
2017-01-12,3346,65.96
2017-01-13,3346,64.08
2017-01-16,3346,66.82
2017-01-17,3346,66.66
2017-01-18,3346,65.26
2017-01-19,3346,64.55
2017-01-20,3346,63.3
2017-01-23,3346,64.71
2017-01-24,3346,63.15
2017-01-03,3349,20.83
2017-01-17,3349,19.05
2017-01-19,3349,18.87
2017-01-20,3349,18.79
2017-01-03,3356,39.49
2017-01-04,3356,39.0
2017-01-05,3356,39.25
2017-01-06,3356,38.79
2017-01-09,3356,37.64
2017-01-10,3356,37.48
2017-01-11,3356,36.69
2017-01-12,3356,36.28
2017-01-13,3356,35.82
2017-01-16,3356,35.12
2017-01-17,3356,35.16
2017-01-18,3356,35.29
2017-01-19,3356,35.21
2017-01-20,3356,35.95
2017-01-23,3356,35.66
2017-01-24,3356,35.49
2017-01-03,3357,18.83
2017-01-04,3357,18.67
2017-01-05,3357,18.75
2017-01-09,3357,18.75
2017-01-10,3357,18.82
2017-01-11,3357,18.75
2017-01-12,3357,18.68
2017-01-13,3357,18.84
2017-01-16,3357,19.06
2017-01-17,3357,19.11
2017-01-18,3357,19.6
2017-01-19,3357,20.05
2017-01-23,3357,20.22
2017-01-24,3357,19.86
2017-01-03,3360,14.6
2017-01-04,3360,15.33
2017-01-05,3360,15.12
2017-01-06,3360,15.19
2017-01-09,3360,14.33
2017-01-10,3360,13.67
2017-01-11,3360,13.67
2017-01-12,3360,13.6
2017-01-13,3360,13.67
2017-01-16,3360,13.64
2017-01-17,3360,13.91
2017-01-18,3360,14.57
2017-01-19,3360,14.15
2017-01-20,3360,13.98
2017-01-23,3360,13.95
2017-01-24,3360,13.81
2017-01-03,3362,21.55
2017-01-04,3362,22.1
2017-01-05,3362,22.69
2017-01-06,3362,23.55
2017-01-09,3362,22.78
2017-01-10,3362,22.33
2017-01-11,3362,22.19
2017-01-12,3362,22.33
2017-01-13,3362,22.46
2017-01-16,3362,22.19
2017-01-17,3362,22.69
2017-01-18,3362,23.55
2017-01-19,3362,22.78
2017-01-20,3362,22.37
2017-01-23,3362,22.28
2017-01-24,3362,21.96
2017-01-03,3363,20.65
2017-01-04,3363,20.65
2017-01-05,3363,20.69
2017-01-06,3363,20.61
2017-01-09,3363,20.57
2017-01-10,3363,20.61
2017-01-11,3363,21.18
2017-01-12,3363,20.99
2017-01-13,3363,21.52
2017-01-16,3363,22.02
2017-01-17,3363,22.06
2017-01-18,3363,21.94
2017-01-19,3363,22.32
2017-01-20,3363,22.59
2017-01-23,3363,22.21
2017-01-24,3363,22.17
2017-01-03,3372,15.69
2017-01-04,3372,15.54
2017-01-05,3372,15.69
2017-01-06,3372,15.58
2017-01-09,3372,15.44
2017-01-10,3372,15.44
2017-01-11,3372,15.46
2017-01-12,3372,15.44
2017-01-13,3372,15.38
2017-01-16,3372,15.35
2017-01-17,3372,15.31
2017-01-18,3372,15.29
2017-01-19,3372,15.29
2017-01-20,3372,15.35
2017-01-23,3372,15.48
2017-01-24,3372,15.48
2017-01-03,3373,14.0
2017-01-04,3373,14.07
2017-01-05,3373,14.07
2017-01-06,3373,14.14
2017-01-09,3373,13.59
2017-01-10,3373,13.49
2017-01-11,3373,13.42
2017-01-12,3373,13.42
2017-01-13,3373,13.25
2017-01-16,3373,13.25
2017-01-17,3373,13.32
2017-01-18,3373,13.22
2017-01-19,3373,13.22
2017-01-20,3373,13.25
2017-01-23,3373,13.15
2017-01-24,3373,13.25
2017-01-03,3374,30.12
2017-01-04,3374,30.25
2017-01-05,3374,33.27
2017-01-06,3374,33.22
2017-01-09,3374,32.4
2017-01-10,3374,32.67
2017-01-11,3374,33.86
2017-01-12,3374,33.54
2017-01-13,3374,32.86
2017-01-16,3374,31.81
2017-01-17,3374,32.03
2017-01-18,3374,31.99
2017-01-19,3374,33.08
2017-01-20,3374,32.76
2017-01-23,3374,33.54
2017-01-24,3374,33.4
2017-01-03,3376,57.54
2017-01-04,3376,57.54
2017-01-05,3376,58.73
2017-01-06,3376,58.52
2017-01-09,3376,58.03
2017-01-10,3376,58.38
2017-01-11,3376,58.17
2017-01-12,3376,58.03
2017-01-13,3376,57.82
2017-01-16,3376,58.1
2017-01-17,3376,58.52
2017-01-18,3376,59.42
2017-01-19,3376,59.56
2017-01-20,3376,59.56
2017-01-23,3376,60.54
2017-01-24,3376,61.79
2017-01-03,3380,14.44
2017-01-04,3380,14.58
2017-01-05,3380,14.87
2017-01-06,3380,14.8
2017-01-09,3380,14.4
2017-01-10,3380,14.62
2017-01-11,3380,14.55
2017-01-12,3380,14.55
2017-01-13,3380,14.62
2017-01-16,3380,14.33
2017-01-17,3380,14.18
2017-01-18,3380,14.4
2017-01-19,3380,14.44
2017-01-20,3380,14.29
2017-01-23,3380,14.22
2017-01-24,3380,14.33
2017-01-03,3383,11.24
2017-01-04,3383,11.42
2017-01-05,3383,11.95
2017-01-06,3383,11.46
2017-01-09,3383,10.89
2017-01-10,3383,10.85
2017-01-11,3383,11.11
2017-01-12,3383,11.07
2017-01-13,3383,11.2
2017-01-16,3383,11.16
2017-01-17,3383,11.42
2017-01-18,3383,11.33
2017-01-19,3383,11.33
2017-01-20,3383,11.33
2017-01-23,3383,12.43
2017-01-24,3383,13.66
2017-01-03,3388,35.31
2017-01-04,3388,35.14
2017-01-05,3388,35.14
2017-01-06,3388,35.2
2017-01-09,3388,35.43
2017-01-10,3388,35.54
2017-01-11,3388,35.31
2017-01-12,3388,35.48
2017-01-13,3388,35.43
2017-01-16,3388,35.25
2017-01-17,3388,35.31
2017-01-18,3388,35.31
2017-01-19,3388,35.37
2017-01-20,3388,35.37
2017-01-23,3388,35.31
2017-01-24,3388,35.37
2017-01-03,3390,11.53
2017-01-04,3390,11.61
2017-01-05,3390,11.57
2017-01-06,3390,11.42
2017-01-09,3390,11.46
2017-01-10,3390,11.46
2017-01-11,3390,11.42
2017-01-12,3390,11.38
2017-01-13,3390,11.38
2017-01-16,3390,11.42
2017-01-17,3390,11.38
2017-01-18,3390,11.38
2017-01-19,3390,11.34
2017-01-20,3390,11.19
2017-01-23,3390,11.34
2017-01-24,3390,11.31
2017-01-03,3402,13.03
2017-01-04,3402,13.03
2017-01-05,3402,13.0
2017-01-06,3402,13.05
2017-01-09,3402,13.17
2017-01-10,3402,13.08
2017-01-11,3402,13.17
2017-01-12,3402,13.2
2017-01-13,3402,13.2
2017-01-16,3402,13.14
2017-01-17,3402,13.31
2017-01-18,3402,13.25
2017-01-19,3402,13.14
2017-01-20,3402,13.2
2017-01-23,3402,13.17
2017-01-24,3402,13.11
2017-01-03,3406,95.56
2017-01-04,3406,95.13
2017-01-05,3406,97.31
2017-01-06,3406,95.13
2017-01-09,3406,92.07
2017-01-10,3406,93.38
2017-01-11,3406,91.64
2017-01-12,3406,93.82
2017-01-13,3406,102.98
2017-01-16,3406,103.42
2017-01-17,3406,113.45
2017-01-18,3406,124.8
2017-01-19,3406,126.98
2017-01-20,3406,129.6
2017-01-23,3406,142.25
2017-01-24,3406,156.22
2017-01-03,3413,54.31
2017-01-04,3413,54.37
2017-01-05,3413,54.37
2017-01-06,3413,54.44
2017-01-09,3413,53.87
2017-01-10,3413,54.12
2017-01-11,3413,54.19
2017-01-12,3413,54.12
2017-01-13,3413,54.0
2017-01-16,3413,53.3
2017-01-17,3413,53.62
2017-01-18,3413,54.82
2017-01-19,3413,54.44
2017-01-20,3413,54.69
2017-01-23,3413,55.45
2017-01-24,3413,55.26
2017-01-03,3416,36.23
2017-01-04,3416,35.78
2017-01-05,3416,36.04
2017-01-06,3416,35.84
2017-01-09,3416,34.99
2017-01-10,3416,34.99
2017-01-11,3416,34.6
2017-01-12,3416,34.6
2017-01-13,3416,34.6
2017-01-16,3416,34.27
2017-01-17,3416,34.53
2017-01-18,3416,35.19
2017-01-19,3416,35.32
2017-01-20,3416,35.19
2017-01-23,3416,35.51
2017-01-24,3416,35.58
2017-01-03,3419,16.1
2017-01-04,3419,15.87
2017-01-05,3419,16.06
2017-01-06,3419,16.06
2017-01-09,3419,16.1
2017-01-10,3419,15.96
2017-01-11,3419,15.73
2017-01-12,3419,15.59
2017-01-13,3419,15.82
2017-01-16,3419,15.63
2017-01-17,3419,15.54
2017-01-18,3419,15.68
2017-01-19,3419,15.59
2017-01-20,3419,15.49
2017-01-23,3419,15.49
2017-01-24,3419,15.82
2017-01-03,3426,25.44
2017-01-04,3426,25.55
2017-01-05,3426,25.6
2017-01-06,3426,26.58
2017-01-09,3426,26.58
2017-01-10,3426,26.6
2017-01-11,3426,26.41
2017-01-12,3426,26.36
2017-01-13,3426,26.58
2017-01-16,3426,26.36
2017-01-17,3426,26.12
2017-01-18,3426,26.79
2017-01-19,3426,26.74
2017-01-20,3426,26.79
2017-01-23,3426,26.85
2017-01-24,3426,27.01
2017-01-04,3430,13.99
2017-01-17,3430,14.08
2017-01-18,3430,13.82
2017-01-19,3430,13.77
2017-01-20,3430,13.82
2017-01-23,3430,13.73
2017-01-24,3430,13.73
2017-01-03,3432,20.24
2017-01-04,3432,20.08
2017-01-05,3432,20.08
2017-01-06,3432,19.75
2017-01-09,3432,19.67
2017-01-10,3432,19.83
2017-01-11,3432,19.5
2017-01-12,3432,19.34
2017-01-13,3432,19.5
2017-01-16,3432,19.25
2017-01-17,3432,19.01
2017-01-18,3432,19.17
2017-01-19,3432,19.34
2017-01-20,3432,19.34
2017-01-23,3432,19.25
2017-01-24,3432,19.34
2017-01-03,3437,21.28
2017-01-04,3437,21.37
2017-01-05,3437,21.94
2017-01-06,3437,21.79
2017-01-09,3437,21.61
2017-01-10,3437,21.65
2017-01-11,3437,21.56
2017-01-12,3437,21.46
2017-01-13,3437,21.37
2017-01-16,3437,21.18
2017-01-17,3437,21.18
2017-01-18,3437,21.14
2017-01-19,3437,21.18
2017-01-20,3437,21.09
2017-01-23,3437,21.18
2017-01-24,3437,21.28
2017-01-03,3438,19.52
2017-01-04,3438,19.63
2017-01-05,3438,19.63
2017-01-06,3438,19.41
2017-01-09,3438,19.75
2017-01-10,3438,19.85
2017-01-11,3438,19.63
2017-01-12,3438,19.85
2017-01-13,3438,19.96
2017-01-16,3438,19.85
2017-01-17,3438,19.75
2017-01-18,3438,19.91
2017-01-19,3438,19.91
2017-01-20,3438,19.85
2017-01-23,3438,19.91
2017-01-24,3438,19.75
2017-01-03,3441,11.95
2017-01-04,3441,13.01
2017-01-05,3441,13.04
2017-01-06,3441,13.04
2017-01-09,3441,14.32
2017-01-10,3441,14.78
2017-01-11,3441,14.48
2017-01-12,3441,14.55
2017-01-13,3441,14.55
2017-01-16,3441,14.81
2017-01-17,3441,15.04
2017-01-18,3441,15.98
2017-01-19,3441,15.42
2017-01-20,3441,15.53
2017-01-23,3441,16.59
2017-01-24,3441,14.93
2017-01-03,3443,67.4
2017-01-04,3443,68.33
2017-01-05,3443,68.76
2017-01-06,3443,69.19
2017-01-09,3443,68.33
2017-01-10,3443,68.25
2017-01-11,3443,68.93
2017-01-12,3443,68.16
2017-01-13,3443,67.74
2017-01-16,3443,67.48
2017-01-17,3443,68.08
2017-01-18,3443,67.99
2017-01-19,3443,67.65
2017-01-20,3443,67.91
2017-01-23,3443,68.33
2017-01-24,3443,68.16
2017-01-03,3444,12.65
2017-01-04,3444,12.58
2017-01-05,3444,12.58
2017-01-06,3444,12.28
2017-01-09,3444,12.75
2017-01-10,3444,12.75
2017-01-11,3444,12.75
2017-01-12,3444,12.71
2017-01-13,3444,12.65
2017-01-16,3444,12.71
2017-01-17,3444,12.75
2017-01-18,3444,12.68
2017-01-19,3444,12.68
2017-01-20,3444,12.31
2017-01-23,3444,12.31
2017-01-24,3444,12.28
2017-01-03,3450,79.22
2017-01-04,3450,78.91
2017-01-05,3450,78.01
2017-01-06,3450,76.19
2017-01-09,3450,74.68
2017-01-10,3450,76.8
2017-01-11,3450,75.89
2017-01-12,3450,75.89
2017-01-13,3450,74.98
2017-01-16,3450,73.47
2017-01-17,3450,74.08
2017-01-18,3450,75.59
2017-01-19,3450,75.29
2017-01-20,3450,75.89
2017-01-23,3450,75.29
2017-01-24,3450,75.29
2017-01-03,3454,59.78
2017-01-04,3454,59.57
2017-01-05,3454,59.57
2017-01-06,3454,58.5
2017-01-09,3454,59.28
2017-01-10,3454,59.14
2017-01-11,3454,58.57
2017-01-12,3454,58.57
2017-01-13,3454,58.22
2017-01-16,3454,57.36
2017-01-17,3454,57.86
2017-01-18,3454,57.93
2017-01-19,3454,57.79
2017-01-20,3454,58.0
2017-01-23,3454,58.0
2017-01-24,3454,57.93
2017-01-03,3455,26.69
2017-01-04,3455,26.4
2017-01-05,3455,25.96
2017-01-06,3455,26.22
2017-01-09,3455,26.46
2017-01-10,3455,25.7
2017-01-11,3455,25.21
2017-01-12,3455,25.56
2017-01-13,3455,25.76
2017-01-16,3455,25.93
2017-01-17,3455,25.61
2017-01-18,3455,25.96
2017-01-19,3455,25.9
2017-01-20,3455,26.05
2017-01-23,3455,25.9
2017-01-24,3455,25.41
2017-01-04,3466,15.52
2017-01-05,3466,15.74
2017-01-06,3466,15.7
2017-01-09,3466,15.79
2017-01-10,3466,15.74
2017-01-11,3466,15.74
2017-01-12,3466,15.65
2017-01-13,3466,15.61
2017-01-16,3466,15.56
2017-01-17,3466,15.79
2017-01-18,3466,15.79
2017-01-20,3466,15.52
2017-01-23,3466,15.7
2017-01-03,3479,37.52
2017-01-04,3479,37.4
2017-01-05,3479,37.28
2017-01-06,3479,37.28
2017-01-09,3479,36.54
2017-01-10,3479,36.91
2017-01-11,3479,35.99
2017-01-12,3479,36.05
2017-01-13,3479,35.68
2017-01-16,3479,35.2
2017-01-17,3479,35.26
2017-01-18,3479,35.44
2017-01-19,3479,35.81
2017-01-20,3479,35.56
2017-01-23,3479,35.81
2017-01-24,3479,35.93
2017-01-03,3481,9.83
2017-01-04,3481,9.87
2017-01-05,3481,10.2
2017-01-06,3481,10.52
2017-01-09,3481,10.44
2017-01-10,3481,10.4
2017-01-11,3481,10.36
2017-01-12,3481,10.44
2017-01-13,3481,10.56
2017-01-16,3481,10.4
2017-01-17,3481,10.44
2017-01-18,3481,10.73
2017-01-19,3481,10.68
2017-01-20,3481,10.64
2017-01-23,3481,10.64
2017-01-24,3481,10.73
2017-01-03,3483,14.8
2017-01-04,3483,15.15
2017-01-05,3483,15.27
2017-01-06,3483,15.68
2017-01-09,3483,15.88
2017-01-10,3483,15.48
2017-01-11,3483,15.45
2017-01-12,3483,15.27
2017-01-13,3483,15.1
2017-01-16,3483,14.66
2017-01-17,3483,14.8
2017-01-18,3483,14.63
2017-01-19,3483,14.69
2017-01-20,3483,14.72
2017-01-23,3483,14.72
2017-01-24,3483,14.66
2017-01-03,3484,25.97
2017-01-04,3484,26.04
2017-01-05,3484,26.04
2017-01-06,3484,26.73
2017-01-09,3484,26.3
2017-01-10,3484,26.21
2017-01-11,3484,26.07
2017-01-12,3484,25.94
2017-01-13,3484,25.64
2017-01-16,3484,25.45
2017-01-17,3484,25.48
2017-01-18,3484,25.41
2017-01-19,3484,25.58
2017-01-20,3484,25.51
2017-01-23,3484,25.28
2017-01-24,3484,25.64
2017-01-03,3490,30.42
2017-01-04,3490,30.46
2017-01-05,3490,30.49
2017-01-06,3490,32.31
2017-01-09,3490,32.31
2017-01-10,3490,31.76
2017-01-11,3490,30.73
2017-01-12,3490,30.77
2017-01-13,3490,30.49
2017-01-16,3490,30.15
2017-01-17,3490,30.38
2017-01-18,3490,30.89
2017-01-19,3490,29.87
2017-01-20,3490,30.03
2017-01-23,3490,30.18
2017-01-24,3490,30.3
2017-01-03,3491,51.96
2017-01-04,3491,52.58
2017-01-05,3491,53.66
2017-01-06,3491,55.91
2017-01-09,3491,56.21
2017-01-10,3491,56.68
2017-01-11,3491,55.36
2017-01-12,3491,55.13
2017-01-13,3491,54.51
2017-01-16,3491,56.83
2017-01-17,3491,56.76
2017-01-18,3491,55.83
2017-01-19,3491,55.98
2017-01-20,3491,55.67
2017-01-23,3491,58.23
2017-01-24,3491,56.83
2017-01-03,3492,22.21
2017-01-04,3492,22.5
2017-01-05,3492,22.21
2017-01-06,3492,22.36
2017-01-09,3492,22.71
2017-01-10,3492,22.43
2017-01-11,3492,22.6
2017-01-12,3492,22.85
2017-01-13,3492,22.53
2017-01-16,3492,22.28
2017-01-17,3492,22.18
2017-01-18,3492,22.21
2017-01-19,3492,21.89
2017-01-20,3492,21.93
2017-01-23,3492,21.93
2017-01-24,3492,21.82
2017-01-03,3494,54.08
2017-01-04,3494,54.08
2017-01-05,3494,54.08
2017-01-06,3494,54.3
2017-01-09,3494,53.43
2017-01-10,3494,53.21
2017-01-11,3494,53.0
2017-01-12,3494,53.43
2017-01-13,3494,52.78
2017-01-16,3494,54.08
2017-01-17,3494,53.65
2017-01-18,3494,53.21
2017-01-19,3494,52.78
2017-01-20,3494,52.57
2017-01-23,3494,52.78
2017-01-24,3494,52.35
2017-01-03,3498,65.1
2017-01-04,3498,68.14
2017-01-05,3498,68.14
2017-01-06,3498,67.17
2017-01-09,3498,65.1
2017-01-10,3498,65.47
2017-01-11,3498,64.01
2017-01-12,3498,66.81
2017-01-13,3498,68.02
2017-01-16,3498,66.32
2017-01-17,3498,65.59
2017-01-18,3498,65.95
2017-01-19,3498,65.22
2017-01-20,3498,65.34
2017-01-23,3498,65.34
2017-01-24,3498,64.37
2017-01-03,3499,15.72
2017-01-04,3499,15.72
2017-01-05,3499,15.58
2017-01-06,3499,15.9
2017-01-09,3499,15.77
2017-01-10,3499,15.67
2017-01-11,3499,15.53
2017-01-12,3499,15.58
2017-01-13,3499,15.53
2017-01-16,3499,15.3
2017-01-17,3499,15.4
2017-01-18,3499,15.21
2017-01-19,3499,15.12
2017-01-20,3499,15.21
2017-01-23,3499,14.8
2017-01-24,3499,14.89
2017-01-03,3501,31.75
2017-01-04,3501,31.81
2017-01-05,3501,31.62
2017-01-06,3501,31.68
2017-01-09,3501,31.93
2017-01-10,3501,31.38
2017-01-11,3501,31.19
2017-01-12,3501,31.31
2017-01-13,3501,31.38
2017-01-16,3501,31.13
2017-01-17,3501,30.95
2017-01-18,3501,31.01
2017-01-19,3501,31.13
2017-01-20,3501,31.44
2017-01-23,3501,31.5
2017-01-24,3501,31.31
2017-01-03,3504,25.86
2017-01-04,3504,26.06
2017-01-05,3504,26.11
2017-01-06,3504,26.46
2017-01-09,3504,25.86
2017-01-10,3504,25.37
2017-01-11,3504,26.16
2017-01-12,3504,25.86
2017-01-13,3504,26.36
2017-01-16,3504,25.86
2017-01-17,3504,27.85
2017-01-18,3504,27.36
2017-01-19,3504,28.15
2017-01-20,3504,27.71
2017-01-23,3504,27.85
2017-01-24,3504,27.75
2017-01-03,3508,15.75
2017-01-04,3508,16.1
2017-01-05,3508,15.95
2017-01-06,3508,15.75
2017-01-09,3508,15.5
2017-01-10,3508,15.35
2017-01-11,3508,15.4
2017-01-12,3508,15.4
2017-01-13,3508,15.45
2017-01-16,3508,15.35
2017-01-17,3508,15.3
2017-01-18,3508,15.55
2017-01-19,3508,15.4
2017-01-20,3508,15.5
2017-01-23,3508,15.6
2017-01-24,3508,15.35
2017-01-03,3511,15.51
2017-01-04,3511,17.06
2017-01-05,3511,16.77
2017-01-06,3511,16.52
2017-01-09,3511,15.89
2017-01-10,3511,15.93
2017-01-11,3511,15.97
2017-01-12,3511,16.52
2017-01-13,3511,17.36
2017-01-16,3511,17.23
2017-01-17,3511,17.1
2017-01-18,3511,17.36
2017-01-19,3511,17.06
2017-01-20,3511,16.98
2017-01-23,3511,16.77
2017-01-24,3511,16.6
2017-01-03,3512,16.01
2017-01-04,3512,15.8
2017-01-05,3512,15.95
2017-01-06,3512,16.01
2017-01-09,3512,16.01
2017-01-10,3512,15.76
2017-01-11,3512,15.76
2017-01-12,3512,15.89
2017-01-13,3512,16.13
2017-01-16,3512,15.95
2017-01-17,3512,15.95
2017-01-18,3512,15.83
2017-01-19,3512,15.76
2017-01-20,3512,16.13
2017-01-23,3512,16.07
2017-01-24,3512,16.1
2017-01-03,3514,18.7
2017-01-04,3514,19.19
2017-01-05,3514,19.43
2017-01-06,3514,19.39
2017-01-09,3514,19.0
2017-01-10,3514,19.43
2017-01-11,3514,19.78
2017-01-12,3514,20.21
2017-01-13,3514,20.46
2017-01-16,3514,20.41
2017-01-17,3514,20.07
2017-01-18,3514,19.58
2017-01-19,3514,20.6
2017-01-20,3514,20.8
2017-01-23,3514,20.75
2017-01-24,3514,20.65
2017-01-03,3515,24.24
2017-01-04,3515,24.6
2017-01-05,3515,24.63
2017-01-06,3515,24.83
2017-01-09,3515,24.8
2017-01-10,3515,24.7
2017-01-11,3515,24.67
2017-01-12,3515,25.09
2017-01-13,3515,25.02
2017-01-16,3515,24.89
2017-01-17,3515,24.86
2017-01-18,3515,24.86
2017-01-19,3515,24.89
2017-01-20,3515,24.73
2017-01-23,3515,24.83
2017-01-24,3515,24.67
2017-01-03,3516,10.31
2017-01-04,3516,10.49
2017-01-05,3516,10.49
2017-01-06,3516,10.68
2017-01-09,3516,10.43
2017-01-10,3516,10.43
2017-01-11,3516,10.56
2017-01-12,3516,10.61
2017-01-13,3516,10.59
2017-01-16,3516,10.51
2017-01-17,3516,10.49
2017-01-18,3516,10.43
2017-01-19,3516,10.49
2017-01-20,3516,10.62
2017-01-24,3516,10.43
2017-01-03,3518,19.26
2017-01-04,3518,19.26
2017-01-05,3518,19.3
2017-01-06,3518,19.79
2017-01-09,3518,19.26
2017-01-10,3518,19.17
2017-01-11,3518,19.17
2017-01-12,3518,19.21
2017-01-13,3518,18.99
2017-01-16,3518,18.33
2017-01-17,3518,18.46
2017-01-18,3518,18.72
2017-01-19,3518,18.41
2017-01-20,3518,18.81
2017-01-23,3518,18.46
2017-01-24,3518,18.41
2017-01-03,3519,16.25
2017-01-04,3519,16.45
2017-01-05,3519,16.35
2017-01-06,3519,16.3
2017-01-09,3519,15.55
2017-01-10,3519,15.6
2017-01-11,3519,15.6
2017-01-12,3519,16.1
2017-01-13,3519,16.0
2017-01-16,3519,16.0
2017-01-17,3519,16.05
2017-01-18,3519,16.65
2017-01-19,3519,17.35
2017-01-20,3519,17.5
2017-01-23,3519,17.6
2017-01-24,3519,17.15
2017-01-03,3520,164.98
2017-01-04,3520,165.7
2017-01-05,3520,165.33
2017-01-06,3520,165.52
2017-01-09,3520,170.14
2017-01-10,3520,185.78
2017-01-11,3520,182.23
2017-01-12,3520,181.34
2017-01-13,3520,181.34
2017-01-16,3520,175.12
2017-01-17,3520,175.47
2017-01-18,3520,175.47
2017-01-19,3520,177.79
2017-01-20,3520,179.56
2017-01-23,3520,184.89
2017-01-24,3520,190.23
2017-01-03,3522,70.96
2017-01-04,3522,70.87
2017-01-05,3522,70.72
2017-01-06,3522,70.09
2017-01-09,3522,68.75
2017-01-10,3522,69.06
2017-01-11,3522,69.29
2017-01-12,3522,69.61
2017-01-13,3522,69.61
2017-01-16,3522,69.77
2017-01-17,3522,70.56
2017-01-18,3522,71.74
2017-01-19,3522,71.97
2017-01-20,3522,72.84
2017-01-23,3522,73.24
2017-01-24,3522,73.08
2017-01-03,3523,45.82
2017-01-04,3523,45.49
2017-01-05,3523,45.49
2017-01-06,3523,45.65
2017-01-09,3523,45.49
2017-01-10,3523,44.99
2017-01-11,3523,45.15
2017-01-12,3523,44.99
2017-01-13,3523,45.15
2017-01-16,3523,44.99
2017-01-17,3523,45.99
2017-01-18,3523,45.65
2017-01-19,3523,45.82
2017-01-20,3523,45.82
2017-01-23,3523,45.65
2017-01-24,3523,45.65
2017-01-03,3526,61.34
2017-01-04,3526,60.0
2017-01-05,3526,59.66
2017-01-06,3526,59.83
2017-01-09,3526,59.07
2017-01-10,3526,57.81
2017-01-11,3526,57.23
2017-01-12,3526,56.3
2017-01-13,3526,57.81
2017-01-16,3526,56.47
2017-01-17,3526,57.14
2017-01-18,3526,57.65
2017-01-19,3526,57.39
2017-01-20,3526,56.97
2017-01-23,3526,56.89
2017-01-24,3526,56.64
2017-01-03,3527,47.99
2017-01-04,3527,48.19
2017-01-05,3527,48.33
2017-01-06,3527,47.92
2017-01-09,3527,47.52
2017-01-10,3527,47.52
2017-01-11,3527,46.37
2017-01-12,3527,46.17
2017-01-13,3527,46.44
2017-01-16,3527,46.24
2017-01-17,3527,46.17
2017-01-18,3527,46.64
2017-01-19,3527,47.38
2017-01-20,3527,47.18
2017-01-23,3527,47.11
2017-01-24,3527,47.04
2017-01-03,3528,16.85
2017-01-04,3528,16.96
2017-01-05,3528,16.99
2017-01-06,3528,17.4
2017-01-09,3528,17.31
2017-01-10,3528,17.26
2017-01-11,3528,17.26
2017-01-12,3528,17.2
2017-01-13,3528,17.17
2017-01-16,3528,17.05
2017-01-17,3528,17.17
2017-01-18,3528,17.14
2017-01-19,3528,17.14
2017-01-20,3528,17.14
2017-01-23,3528,17.08
2017-01-24,3528,17.08
2017-01-03,3529,351.09
2017-01-04,3529,344.4
2017-01-05,3529,346.63
2017-01-06,3529,351.09
2017-01-09,3529,355.1
2017-01-10,3529,376.52
2017-01-11,3529,413.1
2017-01-12,3529,402.39
2017-01-13,3529,394.81
2017-01-16,3529,379.19
2017-01-17,3529,370.27
2017-01-18,3529,373.84
2017-01-19,3529,361.35
2017-01-20,3529,357.78
2017-01-23,3529,354.66
2017-01-24,3529,356.89
2017-01-03,3530,107.15
2017-01-04,3530,105.8
2017-01-05,3530,105.44
2017-01-06,3530,105.35
2017-01-09,3530,108.05
2017-01-10,3530,107.61
2017-01-11,3530,112.94
2017-01-12,3530,109.41
2017-01-13,3530,109.41
2017-01-16,3530,108.97
2017-01-17,3530,109.86
2017-01-18,3530,109.4
2017-01-19,3530,107.17
2017-01-20,3530,107.15
2017-01-23,3530,110.16
2017-01-24,3530,107.24
2017-01-03,3531,10.84
2017-01-04,3531,11.0
2017-01-05,3531,11.06
2017-01-06,3531,12.15
2017-01-09,3531,12.22
2017-01-10,3531,12.03
2017-01-11,3531,11.87
2017-01-12,3531,11.84
2017-01-13,3531,11.69
2017-01-16,3531,11.44
2017-01-17,3531,11.59
2017-01-18,3531,11.5
2017-01-19,3531,11.69
2017-01-20,3531,11.81
2017-01-23,3531,11.75
2017-01-24,3531,12.03
2017-01-03,3532,101.42
2017-01-04,3532,101.57
2017-01-05,3532,101.57
2017-01-06,3532,101.1
2017-01-09,3532,97.69
2017-01-10,3532,100.18
2017-01-11,3532,97.85
2017-01-12,3532,98.31
2017-01-13,3532,99.24
2017-01-16,3532,100.02
2017-01-17,3532,98.62
2017-01-18,3532,104.83
2017-01-19,3532,111.66
2017-01-20,3532,108.56
2017-01-23,3532,110.27
2017-01-24,3532,107.32
2017-01-03,3533,78.7
2017-01-04,3533,78.45
2017-01-05,3533,78.7
2017-01-06,3533,79.92
2017-01-09,3533,80.0
2017-01-10,3533,78.29
2017-01-11,3533,77.31
2017-01-12,3533,77.31
2017-01-13,3533,80.25
2017-01-16,3533,80.41
2017-01-17,3533,80.98
2017-01-18,3533,80.82
2017-01-19,3533,81.96
2017-01-20,3533,83.59
2017-01-23,3533,82.37
2017-01-24,3533,82.37
2017-01-03,3535,15.75
2017-01-04,3535,15.7
2017-01-05,3535,15.61
2017-01-06,3535,15.75
2017-01-09,3535,15.61
2017-01-10,3535,15.52
2017-01-11,3535,15.03
2017-01-12,3535,15.21
2017-01-13,3535,15.39
2017-01-16,3535,15.34
2017-01-17,3535,15.39
2017-01-18,3535,16.25
2017-01-19,3535,15.93
2017-01-20,3535,16.02
2017-01-23,3535,16.02
2017-01-24,3535,16.16
2017-01-03,3536,17.39
2017-01-04,3536,17.44
2017-01-05,3536,17.68
2017-01-06,3536,17.73
2017-01-09,3536,17.68
2017-01-10,3536,17.58
2017-01-11,3536,17.68
2017-01-12,3536,17.53
2017-01-13,3536,17.34
2017-01-16,3536,17.34
2017-01-17,3536,17.29
2017-01-18,3536,17.29
2017-01-19,3536,17.29
2017-01-20,3536,17.29
2017-01-23,3536,17.34
2017-01-24,3536,18.56
2017-01-03,3537,10.94
2017-01-04,3537,11.1
2017-01-05,3537,11.18
2017-01-06,3537,11.1
2017-01-09,3537,11.1
2017-01-10,3537,10.92
2017-01-11,3537,11.05
2017-01-12,3537,11.08
2017-01-13,3537,11.1
2017-01-16,3537,11.02
2017-01-17,3537,10.97
2017-01-18,3537,10.94
2017-01-19,3537,11.1
2017-01-20,3537,11.05
2017-01-23,3537,11.29
2017-01-24,3537,11.21
2017-01-03,3540,14.69
2017-01-04,3540,14.75
2017-01-05,3540,14.95
2017-01-06,3540,14.95
2017-01-09,3540,14.85
2017-01-10,3540,14.89
2017-01-11,3540,14.42
2017-01-12,3540,14.42
2017-01-13,3540,14.72
2017-01-16,3540,14.52
2017-01-17,3540,14.49
2017-01-18,3540,15.15
2017-01-19,3540,14.75
2017-01-20,3540,14.65
2017-01-23,3540,14.42
2017-01-24,3540,14.42
2017-01-03,3541,73.67
2017-01-04,3541,73.67
2017-01-05,3541,73.95
2017-01-06,3541,81.09
2017-01-09,3541,81.09
2017-01-10,3541,78.52
2017-01-11,3541,77.66
2017-01-12,3541,77.66
2017-01-13,3541,75.38
2017-01-16,3541,73.67
2017-01-17,3541,74.52
2017-01-18,3541,74.52
2017-01-19,3541,73.95
2017-01-20,3541,73.1
2017-01-23,3541,73.67
2017-01-24,3541,73.67
2017-01-03,3543,10.87
2017-01-04,3543,10.76
2017-01-05,3543,10.64
2017-01-06,3543,10.64
2017-01-09,3543,10.64
2017-01-10,3543,10.71
2017-01-11,3543,10.64
2017-01-12,3543,10.62
2017-01-13,3543,10.79
2017-01-16,3543,10.76
2017-01-17,3543,10.79
2017-01-18,3543,10.84
2017-01-19,3543,10.82
2017-01-20,3543,10.76
2017-01-23,3543,10.67
2017-01-24,3543,10.78
2017-01-03,3545,35.47
2017-01-04,3545,34.88
2017-01-05,3545,34.93
2017-01-06,3545,34.54
2017-01-09,3545,34.68
2017-01-10,3545,35.13
2017-01-11,3545,34.68
2017-01-12,3545,34.48
2017-01-13,3545,34.98
2017-01-16,3545,34.34
2017-01-17,3545,34.58
2017-01-18,3545,35.67
2017-01-19,3545,36.07
2017-01-20,3545,35.87
2017-01-23,3545,35.92
2017-01-24,3545,35.82
2017-01-03,3546,34.85
2017-01-04,3546,34.59
2017-01-05,3546,34.81
2017-01-06,3546,34.9
2017-01-09,3546,35.11
2017-01-10,3546,34.59
2017-01-11,3546,34.59
2017-01-12,3546,38.03
2017-01-13,3546,37.16
2017-01-16,3546,37.55
2017-01-17,3546,38.2
2017-01-18,3546,39.37
2017-01-19,3546,37.9
2017-01-20,3546,37.85
2017-01-23,3546,37.77
2017-01-24,3546,36.94
2017-01-03,3548,42.98
2017-01-04,3548,43.19
2017-01-05,3548,43.46
2017-01-06,3548,43.19
2017-01-09,3548,43.53
2017-01-10,3548,43.46
2017-01-11,3548,43.26
2017-01-12,3548,43.26
2017-01-13,3548,43.74
2017-01-16,3548,43.19
2017-01-17,3548,43.12
2017-01-18,3548,43.26
2017-01-19,3548,45.54
2017-01-20,3548,44.57
2017-01-23,3548,44.57
2017-01-24,3548,45.06
2017-01-03,3550,10.37
2017-01-04,3550,10.37
2017-01-05,3550,10.4
2017-01-06,3550,10.54
2017-01-09,3550,10.54
2017-01-10,3550,10.57
2017-01-11,3550,10.57
2017-01-12,3550,10.57
2017-01-13,3550,10.47
2017-01-16,3550,10.54
2017-01-17,3550,10.54
2017-01-18,3550,10.57
2017-01-19,3550,10.68
2017-01-20,3550,10.64
2017-01-23,3550,10.57
2017-01-24,3550,10.5
2017-01-03,3551,21.47
2017-01-04,3551,21.32
2017-01-05,3551,21.5
2017-01-06,3551,21.43
2017-01-09,3551,21.36
2017-01-10,3551,21.58
2017-01-11,3551,21.58
2017-01-12,3551,21.54
2017-01-13,3551,21.4
2017-01-16,3551,21.47
2017-01-17,3551,21.4
2017-01-18,3551,21.47
2017-01-19,3551,21.47
2017-01-20,3551,21.4
2017-01-23,3551,21.43
2017-01-24,3551,21.22
2017-01-03,3552,244.39
2017-01-04,3552,242.36
2017-01-05,3552,243.98
2017-01-06,3552,246.02
2017-01-09,3552,233.0
2017-01-10,3552,235.44
2017-01-11,3552,234.22
2017-01-12,3552,237.48
2017-01-13,3552,237.48
2017-01-16,3552,241.95
2017-01-17,3552,242.36
2017-01-18,3552,243.98
2017-01-19,3552,242.76
2017-01-20,3552,239.92
2017-01-23,3552,243.98
2017-01-24,3552,239.1
2017-01-03,3555,93.82
2017-01-04,3555,93.41
2017-01-05,3555,90.99
2017-01-06,3555,94.08
2017-01-09,3555,96.09
2017-01-10,3555,97.44
2017-01-11,3555,95.02
2017-01-12,3555,93.41
2017-01-13,3555,92.33
2017-01-16,3555,93.14
2017-01-17,3555,92.73
2017-01-18,3555,92.47
2017-01-19,3555,92.6
2017-01-20,3555,92.73
2017-01-23,3555,92.87
2017-01-24,3555,94.08
2017-01-03,3556,26.38
2017-01-04,3556,26.49
2017-01-05,3556,26.62
2017-01-06,3556,26.41
2017-01-09,3556,25.91
2017-01-10,3556,25.75
2017-01-11,3556,25.72
2017-01-12,3556,25.83
2017-01-13,3556,25.85
2017-01-16,3556,25.56
2017-01-17,3556,25.75
2017-01-18,3556,25.91
2017-01-19,3556,25.96
2017-01-20,3556,25.8
2017-01-23,3556,25.88
2017-01-24,3556,25.67
2017-01-03,3558,102.32
2017-01-04,3558,105.99
2017-01-05,3558,109.32
2017-01-06,3558,107.66
2017-01-09,3558,109.99
2017-01-10,3558,110.99
2017-01-11,3558,107.99
2017-01-12,3558,107.99
2017-01-13,3558,106.66
2017-01-16,3558,104.99
2017-01-17,3558,105.66
2017-01-18,3558,107.32
2017-01-19,3558,104.32
2017-01-20,3558,104.66
2017-01-23,3558,105.32
2017-01-24,3558,105.32
2017-01-03,3559,23.45
2017-01-04,3559,23.45
2017-01-05,3559,23.45
2017-01-06,3559,23.4
2017-01-09,3559,23.45
2017-01-10,3559,23.4
2017-01-11,3559,23.4
2017-01-12,3559,23.4
2017-01-13,3559,23.4
2017-01-16,3559,23.4
2017-01-17,3559,23.4
2017-01-18,3559,23.4
2017-01-19,3559,23.45
2017-01-20,3559,23.4
2017-01-23,3559,23.4
2017-01-24,3559,23.5
2017-01-03,3561,15.05
2017-01-04,3561,14.95
2017-01-05,3561,14.9
2017-01-06,3561,14.9
2017-01-09,3561,14.6
2017-01-10,3561,14.65
2017-01-11,3561,14.5
2017-01-12,3561,14.6
2017-01-13,3561,14.55
2017-01-16,3561,14.45
2017-01-17,3561,14.4
2017-01-18,3561,14.5
2017-01-19,3561,15.0
2017-01-20,3561,15.0
2017-01-23,3561,15.2
2017-01-24,3561,15.0
2017-01-03,3563,43.07
2017-01-04,3563,42.51
2017-01-05,3563,41.8
2017-01-06,3563,41.45
2017-01-09,3563,41.02
2017-01-10,3563,40.67
2017-01-11,3563,41.38
2017-01-12,3563,41.09
2017-01-13,3563,40.88
2017-01-16,3563,41.38
2017-01-17,3563,41.59
2017-01-18,3563,41.31
2017-01-19,3563,41.24
2017-01-20,3563,41.31
2017-01-23,3563,41.45
2017-01-24,3563,41.59
2017-01-03,3564,36.55
2017-01-04,3564,36.43
2017-01-05,3564,36.75
2017-01-06,3564,36.07
2017-01-09,3564,36.11
2017-01-10,3564,36.11
2017-01-11,3564,35.68
2017-01-12,3564,35.68
2017-01-13,3564,35.6
2017-01-16,3564,35.68
2017-01-17,3564,35.76
2017-01-18,3564,35.83
2017-01-19,3564,35.79
2017-01-20,3564,35.52
2017-01-23,3564,35.52
2017-01-24,3564,35.79
2017-01-03,3567,12.57
2017-01-04,3567,12.72
2017-01-05,3567,12.65
2017-01-06,3567,12.86
2017-01-09,3567,12.75
2017-01-10,3567,12.67
2017-01-11,3567,12.67
2017-01-12,3567,12.41
2017-01-13,3567,12.14
2017-01-16,3567,12.22
2017-01-17,3567,12.17
2017-01-18,3567,12.06
2017-01-19,3567,12.27
2017-01-20,3567,12.19
2017-01-23,3567,12.19
2017-01-24,3567,12.3
2017-01-03,3570,32.83
2017-01-04,3570,32.32
2017-01-05,3570,32.64
2017-01-06,3570,32.83
2017-01-09,3570,32.51
2017-01-10,3570,32.51
2017-01-11,3570,32.07
2017-01-12,3570,32.2
2017-01-13,3570,32.51
2017-01-17,3570,32.45
2017-01-18,3570,32.83
2017-01-19,3570,32.51
2017-01-20,3570,32.26
2017-01-23,3570,32.2
2017-01-24,3570,31.95
2017-01-03,3576,26.18
2017-01-04,3576,26.7
2017-01-05,3576,26.61
2017-01-06,3576,26.61
2017-01-09,3576,26.18
2017-01-10,3576,26.09
2017-01-11,3576,26.0
2017-01-12,3576,26.09
2017-01-13,3576,26.09
2017-01-16,3576,25.91
2017-01-17,3576,25.84
2017-01-18,3576,25.91
2017-01-19,3576,26.61
2017-01-20,3576,27.13
2017-01-23,3576,27.56
2017-01-24,3576,27.56
2017-01-03,3577,20.29
2017-01-04,3577,20.17
2017-01-05,3577,20.23
2017-01-06,3577,20.31
2017-01-09,3577,20.17
2017-01-10,3577,19.95
2017-01-11,3577,19.72
2017-01-12,3577,19.58
2017-01-13,3577,19.66
2017-01-16,3577,19.35
2017-01-17,3577,19.72
2017-01-18,3577,19.78
2017-01-19,3577,19.72
2017-01-20,3577,19.72
2017-01-23,3577,20.0
2017-01-24,3577,20.06
2017-01-03,3579,10.8
2017-01-04,3579,11.85
2017-01-05,3579,12.5
2017-01-06,3579,12.1
2017-01-09,3579,11.8
2017-01-10,3579,11.8
2017-01-11,3579,11.7
2017-01-12,3579,12.85
2017-01-13,3579,13.15
2017-01-16,3579,13.05
2017-01-17,3579,12.75
2017-01-18,3579,13.0
2017-01-19,3579,13.2
2017-01-20,3579,12.95
2017-01-23,3579,13.0
2017-01-24,3579,13.1
2017-01-03,3580,45.14
2017-01-04,3580,45.14
2017-01-05,3580,40.66
2017-01-06,3580,41.62
2017-01-09,3580,40.78
2017-01-10,3580,41.62
2017-01-11,3580,43.29
2017-01-12,3580,44.24
2017-01-13,3580,45.14
2017-01-16,3580,45.73
2017-01-17,3580,47.1
2017-01-18,3580,47.82
2017-01-19,3580,44.9
2017-01-20,3580,45.97
2017-01-23,3580,46.09
2017-01-24,3580,44.96
2017-01-03,3581,11.73
2017-01-04,3581,11.73
2017-01-05,3581,11.81
2017-01-06,3581,12.02
2017-01-09,3581,12.1
2017-01-10,3581,12.1
2017-01-11,3581,12.5
2017-01-12,3581,12.28
2017-01-13,3581,12.24
2017-01-16,3581,12.13
2017-01-17,3581,12.06
2017-01-18,3581,12.31
2017-01-19,3581,12.13
2017-01-20,3581,12.21
2017-01-23,3581,12.1
2017-01-24,3581,11.88
2017-01-03,3583,45.96
2017-01-04,3583,46.28
2017-01-05,3583,46.2
2017-01-06,3583,46.2
2017-01-09,3583,46.04
2017-01-10,3583,45.96
2017-01-11,3583,45.73
2017-01-12,3583,45.88
2017-01-13,3583,45.96
2017-01-16,3583,45.65
2017-01-17,3583,45.49
2017-01-18,3583,45.96
2017-01-19,3583,45.65
2017-01-20,3583,46.12
2017-01-23,3583,45.65
2017-01-24,3583,45.73
2017-01-03,3587,62.93
2017-01-04,3587,64.41
2017-01-05,3587,65.67
2017-01-06,3587,64.41
2017-01-09,3587,66.04
2017-01-10,3587,65.82
2017-01-11,3587,66.93
2017-01-12,3587,67.89
2017-01-13,3587,67.01
2017-01-16,3587,66.34
2017-01-17,3587,67.75
2017-01-18,3587,67.01
2017-01-19,3587,65.45
2017-01-20,3587,65.53
2017-01-23,3587,66.41
2017-01-24,3587,66.56
2017-01-03,3588,22.51
2017-01-04,3588,22.42
2017-01-05,3588,22.57
2017-01-06,3588,22.26
2017-01-09,3588,22.01
2017-01-10,3588,21.25
2017-01-11,3588,21.1
2017-01-12,3588,20.94
2017-01-13,3588,21.0
2017-01-16,3588,20.81
2017-01-17,3588,21.03
2017-01-18,3588,21.35
2017-01-19,3588,22.35
2017-01-20,3588,22.38
2017-01-23,3588,22.48
2017-01-24,3588,22.38
2017-01-03,3591,11.16
2017-01-04,3591,11.21
2017-01-05,3591,12.29
2017-01-06,3591,12.21
2017-01-09,3591,11.88
2017-01-10,3591,12.04
2017-01-11,3591,12.0
2017-01-12,3591,11.96
2017-01-13,3591,12.0
2017-01-16,3591,12.0
2017-01-17,3591,11.92
2017-01-18,3591,11.75
2017-01-19,3591,11.88
2017-01-20,3591,11.92
2017-01-23,3591,12.0
2017-01-24,3591,11.96
2017-01-03,3592,37.99
2017-01-04,3592,38.22
2017-01-05,3592,38.25
2017-01-06,3592,38.93
2017-01-09,3592,39.62
2017-01-10,3592,39.83
2017-01-11,3592,39.52
2017-01-12,3592,40.4
2017-01-13,3592,40.52
2017-01-16,3592,39.88
2017-01-17,3592,39.32
2017-01-18,3592,39.39
2017-01-19,3592,39.34
2017-01-20,3592,38.86
2017-01-23,3592,38.69
2017-01-24,3592,38.37
2017-01-03,3593,12.15
2017-01-04,3593,12.4
2017-01-05,3593,12.99
2017-01-06,3593,12.83
2017-01-09,3593,12.51
2017-01-10,3593,12.33
2017-01-11,3593,12.3
2017-01-12,3593,12.51
2017-01-13,3593,12.65
2017-01-16,3593,12.87
2017-01-17,3593,12.94
2017-01-18,3593,12.99
2017-01-19,3593,13.01
2017-01-20,3593,12.83
2017-01-23,3593,12.96
2017-01-24,3593,12.92
2017-01-03,3594,19.82
2017-01-04,3594,19.9
2017-01-05,3594,20.41
2017-01-06,3594,20.11
2017-01-09,3594,20.33
2017-01-10,3594,19.82
2017-01-11,3594,19.82
2017-01-12,3594,19.9
2017-01-13,3594,19.69
2017-01-16,3594,19.69
2017-01-17,3594,19.65
2017-01-18,3594,19.65
2017-01-19,3594,19.82
2017-01-20,3594,19.86
2017-01-23,3594,19.65
2017-01-24,3594,19.9
2017-01-03,3596,35.91
2017-01-04,3596,36.35
2017-01-05,3596,36.35
2017-01-06,3596,36.04
2017-01-09,3596,35.66
2017-01-10,3596,37.23
2017-01-11,3596,37.67
2017-01-12,3596,37.79
2017-01-13,3596,38.8
2017-01-16,3596,38.99
2017-01-17,3596,39.55
2017-01-18,3596,39.18
2017-01-19,3596,38.48
2017-01-20,3596,38.61
2017-01-23,3596,38.61
2017-01-24,3596,38.42
2017-01-05,3597,11.01
2017-01-10,3597,10.53
2017-01-11,3597,10.53
2017-01-17,3597,10.79
2017-01-03,3605,21.03
2017-01-04,3605,20.99
2017-01-05,3605,20.86
2017-01-06,3605,20.78
2017-01-09,3605,20.49
2017-01-10,3605,20.49
2017-01-11,3605,20.04
2017-01-12,3605,19.96
2017-01-13,3605,20.04
2017-01-16,3605,19.75
2017-01-17,3605,19.83
2017-01-18,3605,20.53
2017-01-19,3605,20.29
2017-01-20,3605,20.16
2017-01-23,3605,20.37
2017-01-24,3605,20.58
2017-01-03,3607,23.93
2017-01-04,3607,24.04
2017-01-05,3607,24.04
2017-01-06,3607,23.97
2017-01-09,3607,23.9
2017-01-10,3607,24.04
2017-01-11,3607,23.54
2017-01-12,3607,22.97
2017-01-13,3607,22.54
2017-01-16,3607,22.28
2017-01-17,3607,22.39
2017-01-18,3607,22.36
2017-01-19,3607,22.18
2017-01-20,3607,22.32
2017-01-23,3607,22.36
2017-01-24,3607,22.14
2017-01-03,3609,13.89
2017-01-04,3609,13.89
2017-01-05,3609,13.85
2017-01-06,3609,13.8
2017-01-09,3609,13.89
2017-01-10,3609,13.89
2017-01-11,3609,13.52
2017-01-12,3609,14.03
2017-01-13,3609,13.66
2017-01-16,3609,13.66
2017-01-17,3609,13.62
2017-01-18,3609,13.71
2017-01-19,3609,13.89
2017-01-20,3609,14.4
2017-01-23,3609,14.45
2017-01-24,3609,14.82
2017-01-03,3611,136.14
2017-01-04,3611,135.87
2017-01-05,3611,139.49
2017-01-06,3611,140.32
2017-01-09,3611,138.93
2017-01-10,3611,138.37
2017-01-11,3611,138.93
2017-01-12,3611,139.76
2017-01-13,3611,136.98
2017-01-16,3611,135.31
2017-01-17,3611,134.47
2017-01-18,3611,136.42
2017-01-19,3611,138.37
2017-01-20,3611,138.37
2017-01-23,3611,138.37
2017-01-24,3611,139.21
2017-01-03,3615,23.16
2017-01-04,3615,23.35
2017-01-05,3615,22.74
2017-01-06,3615,22.79
2017-01-09,3615,22.79
2017-01-10,3615,22.1
2017-01-11,3615,22.1
2017-01-12,3615,21.86
2017-01-13,3615,22.98
2017-01-16,3615,22.32
2017-01-17,3615,22.1
2017-01-18,3615,22.38
2017-01-19,3615,22.19
2017-01-20,3615,22.05
2017-01-23,3615,21.68
2017-01-24,3615,21.59
2017-01-03,3617,62.77
2017-01-04,3617,63.15
2017-01-05,3617,62.83
2017-01-06,3617,63.21
2017-01-09,3617,62.39
2017-01-10,3617,60.68
2017-01-11,3617,61.19
2017-01-12,3617,62.52
2017-01-13,3617,65.42
2017-01-16,3617,64.48
2017-01-17,3617,65.11
2017-01-18,3617,63.84
2017-01-19,3617,64.48
2017-01-20,3617,63.84
2017-01-23,3617,63.53
2017-01-24,3617,63.84
2017-01-03,3623,47.95
2017-01-04,3623,47.78
2017-01-05,3623,47.68
2017-01-06,3623,47.78
2017-01-09,3623,47.5
2017-01-10,3623,46.86
2017-01-11,3623,46.59
2017-01-12,3623,46.59
2017-01-13,3623,46.86
2017-01-16,3623,46.77
2017-01-17,3623,46.31
2017-01-18,3623,45.17
2017-01-19,3623,44.3
2017-01-20,3623,44.26
2017-01-23,3623,44.39
2017-01-24,3623,44.03
2017-01-03,3624,15.59
2017-01-04,3624,15.51
2017-01-05,3624,15.62
2017-01-06,3624,15.66
2017-01-09,3624,15.62
2017-01-10,3624,15.7
2017-01-11,3624,15.59
2017-01-12,3624,15.51
2017-01-13,3624,15.47
2017-01-16,3624,15.43
2017-01-17,3624,15.4
2017-01-18,3624,15.36
2017-01-19,3624,15.55
2017-01-20,3624,15.43
2017-01-23,3624,15.55
2017-01-24,3624,15.59
2017-01-03,3625,22.01
2017-01-04,3625,22.14
2017-01-05,3625,22.32
2017-01-06,3625,22.49
2017-01-09,3625,22.53
2017-01-10,3625,22.36
2017-01-11,3625,22.1
2017-01-12,3625,21.66
2017-01-13,3625,21.66
2017-01-16,3625,21.97
2017-01-17,3625,22.01
2017-01-18,3625,22.01
2017-01-19,3625,22.62
2017-01-20,3625,22.62
2017-01-23,3625,22.4
2017-01-24,3625,22.27
2017-01-03,3628,26.09
2017-01-04,3628,26.12
2017-01-05,3628,25.92
2017-01-06,3628,25.99
2017-01-09,3628,26.19
2017-01-10,3628,27.23
2017-01-11,3628,27.13
2017-01-12,3628,27.09
2017-01-13,3628,27.13
2017-01-16,3628,27.09
2017-01-17,3628,27.09
2017-01-18,3628,27.26
2017-01-19,3628,27.43
2017-01-20,3628,27.23
2017-01-23,3628,27.06
2017-01-24,3628,27.19
2017-01-03,3629,36.13
2017-01-04,3629,36.59
2017-01-06,3629,36.59
2017-01-09,3629,36.51
2017-01-10,3629,38.11
2017-01-12,3629,36.59
2017-01-13,3629,35.82
2017-01-16,3629,37.35
2017-01-17,3629,36.28
2017-01-18,3629,34.53
2017-01-19,3629,34.22
2017-01-20,3629,33.84
2017-01-23,3629,32.39
2017-01-24,3629,33.08
2017-01-03,3630,20.1
2017-01-04,3630,20.2
2017-01-05,3630,22.22
2017-01-06,3630,22.17
2017-01-09,3630,21.55
2017-01-10,3630,21.31
2017-01-11,3630,21.45
2017-01-12,3630,21.21
2017-01-13,3630,21.88
2017-01-16,3630,21.64
2017-01-17,3630,21.84
2017-01-18,3630,21.93
2017-01-19,3630,21.88
2017-01-20,3630,21.69
2017-01-23,3630,21.69
2017-01-24,3630,21.26
2017-01-03,3631,23.32
2017-01-04,3631,23.32
2017-01-05,3631,22.93
2017-01-06,3631,22.93
2017-01-09,3631,22.78
2017-01-10,3631,23.03
2017-01-11,3631,23.03
2017-01-12,3631,21.89
2017-01-13,3631,21.79
2017-01-16,3631,21.99
2017-01-17,3631,22.68
2017-01-18,3631,23.42
2017-01-19,3631,24.06
2017-01-20,3631,24.01
2017-01-23,3631,23.77
2017-01-24,3631,23.22
2017-01-03,3632,24.13
2017-01-04,3632,24.0
2017-01-05,3632,23.88
2017-01-06,3632,24.06
2017-01-09,3632,23.81
2017-01-10,3632,23.62
2017-01-11,3632,23.55
2017-01-12,3632,23.49
2017-01-13,3632,23.55
2017-01-16,3632,23.55
2017-01-17,3632,23.55
2017-01-18,3632,23.3
2017-01-19,3632,23.55
2017-01-20,3632,23.62
2017-01-23,3632,23.3
2017-01-24,3632,22.98
2017-01-03,3642,25.65
2017-01-04,3642,25.25
2017-01-05,3642,25.2
2017-01-06,3642,24.9
2017-01-09,3642,24.8
2017-01-10,3642,24.8
2017-01-11,3642,24.85
2017-01-12,3642,25.3
2017-01-13,3642,25.05
2017-01-16,3642,25.65
2017-01-17,3642,25.7
2017-01-18,3642,25.65
2017-01-19,3642,25.5
2017-01-20,3642,25.65
2017-01-23,3642,25.5
2017-01-24,3642,24.8
2017-01-03,3645,25.14
2017-01-04,3645,25.06
2017-01-05,3645,26.55
2017-01-06,3645,26.35
2017-01-09,3645,26.35
2017-01-10,3645,26.2
2017-01-11,3645,26.24
2017-01-12,3645,26.12
2017-01-13,3645,25.69
2017-01-16,3645,25.45
2017-01-17,3645,25.41
2017-01-18,3645,25.37
2017-01-19,3645,25.53
2017-01-20,3645,25.41
2017-01-23,3645,25.33
2017-01-24,3645,25.37
2017-01-03,3646,16.34
2017-01-04,3646,16.47
2017-01-05,3646,16.05
2017-01-06,3646,15.39
2017-01-09,3646,15.2
2017-01-10,3646,15.07
2017-01-11,3646,15.07
2017-01-12,3646,14.68
2017-01-13,3646,14.64
2017-01-16,3646,14.74
2017-01-17,3646,16.21
2017-01-18,3646,15.69
2017-01-19,3646,15.26
2017-01-20,3646,15.39
2017-01-23,3646,15.3
2017-01-24,3646,15.03
2017-01-03,3652,24.52
2017-01-04,3652,24.25
2017-01-05,3652,24.97
2017-01-06,3652,24.67
2017-01-09,3652,23.46
2017-01-10,3652,23.53
2017-01-11,3652,23.08
2017-01-12,3652,22.25
2017-01-13,3652,22.4
2017-01-16,3652,21.6
2017-01-17,3652,21.04
2017-01-18,3652,20.88
2017-01-19,3652,20.96
2017-01-20,3652,20.81
2017-01-23,3652,20.81
2017-01-24,3652,20.77
2017-01-03,3653,36.91
2017-01-04,3653,37.34
2017-01-05,3653,40.34
2017-01-06,3653,39.57
2017-01-09,3653,38.38
2017-01-10,3653,38.49
2017-01-11,3653,38.26
2017-01-12,3653,38.57
2017-01-13,3653,38.34
2017-01-16,3653,38.49
2017-01-17,3653,38.57
2017-01-18,3653,38.49
2017-01-19,3653,38.26
2017-01-20,3653,38.3
2017-01-23,3653,38.57
2017-01-24,3653,37.99
2017-01-03,3661,28.85
2017-01-04,3661,28.38
2017-01-05,3661,28.71
2017-01-06,3661,28.62
2017-01-09,3661,28.15
2017-01-10,3661,28.52
2017-01-11,3661,28.15
2017-01-12,3661,28.19
2017-01-13,3661,27.58
2017-01-16,3661,26.93
2017-01-17,3661,27.21
2017-01-18,3661,28.1
2017-01-19,3661,28.1
2017-01-20,3661,28.05
2017-01-23,3661,27.54
2017-01-24,3661,27.96
2017-01-03,3663,14.83
2017-01-04,3663,14.87
2017-01-05,3663,15.11
2017-01-06,3663,15.43
2017-01-09,3663,15.87
2017-01-10,3663,15.63
2017-01-11,3663,16.11
2017-01-12,3663,15.71
2017-01-13,3663,15.43
2017-01-16,3663,15.47
2017-01-17,3663,15.23
2017-01-18,3663,15.59
2017-01-19,3663,15.63
2017-01-20,3663,15.27
2017-01-23,3663,15.39
2017-01-24,3663,15.11
2017-01-03,3664,18.93
2017-01-04,3664,19.11
2017-01-05,3664,19.17
2017-01-06,3664,19.28
2017-01-09,3664,19.11
2017-01-10,3664,18.93
2017-01-11,3664,18.93
2017-01-12,3664,19.05
2017-01-13,3664,18.93
2017-01-16,3664,18.87
2017-01-17,3664,18.57
2017-01-18,3664,18.87
2017-01-19,3664,18.81
2017-01-20,3664,18.93
2017-01-23,3664,19.05
2017-01-24,3664,19.05
2017-01-03,3665,128.28
2017-01-04,3665,129.04
2017-01-05,3665,131.33
2017-01-06,3665,133.61
2017-01-09,3665,130.57
2017-01-10,3665,131.33
2017-01-11,3665,129.8
2017-01-12,3665,129.8
2017-01-13,3665,128.28
2017-01-16,3665,129.04
2017-01-17,3665,129.42
2017-01-18,3665,127.9
2017-01-19,3665,125.24
2017-01-20,3665,126.38
2017-01-23,3665,124.09
2017-01-24,3665,125.62
2017-01-03,3666,19.63
2017-01-04,3666,19.67
2017-01-05,3666,19.59
2017-01-06,3666,19.42
2017-01-09,3666,19.34
2017-01-10,3666,19.55
2017-01-11,3666,19.59
2017-01-12,3666,19.59
2017-01-13,3666,19.8
2017-01-16,3666,19.67
2017-01-17,3666,19.59
2017-01-18,3666,19.67
2017-01-19,3666,19.46
2017-01-20,3666,19.51
2017-01-23,3666,19.46
2017-01-24,3666,19.3
2017-01-03,3669,13.99
2017-01-04,3669,13.99
2017-01-05,3669,14.37
2017-01-06,3669,14.37
2017-01-09,3669,14.34
2017-01-10,3669,14.2
2017-01-11,3669,14.16
2017-01-12,3669,14.48
2017-01-13,3669,15.35
2017-01-16,3669,15.07
2017-01-17,3669,15.0
2017-01-18,3669,14.9
2017-01-19,3669,14.86
2017-01-20,3669,14.69
2017-01-23,3669,14.86
2017-01-24,3669,14.97
2017-01-03,3672,24.59
2017-01-04,3672,24.55
2017-01-05,3672,24.88
2017-01-06,3672,24.97
2017-01-09,3672,24.97
2017-01-10,3672,24.67
2017-01-11,3672,25.01
2017-01-12,3672,25.01
2017-01-13,3672,25.01
2017-01-16,3672,25.01
2017-01-17,3672,24.84
2017-01-18,3672,25.01
2017-01-19,3672,25.01
2017-01-20,3672,25.01
2017-01-23,3672,25.05
2017-01-24,3672,25.01
2017-01-03,3673,50.75
2017-01-04,3673,50.75
2017-01-05,3673,50.92
2017-01-06,3673,51.18
2017-01-09,3673,51.45
2017-01-10,3673,50.75
2017-01-11,3673,49.6
2017-01-12,3673,50.04
2017-01-13,3673,49.78
2017-01-16,3673,49.87
2017-01-17,3673,49.96
2017-01-18,3673,50.75
2017-01-19,3673,50.22
2017-01-20,3673,51.27
2017-01-23,3673,51.18
2017-01-24,3673,51.18
2017-01-03,3675,21.85
2017-01-04,3675,21.82
2017-01-05,3675,21.92
2017-01-06,3675,22.3
2017-01-09,3675,22.16
2017-01-10,3675,22.33
2017-01-11,3675,22.33
2017-01-12,3675,22.02
2017-01-13,3675,21.68
2017-01-16,3675,21.06
2017-01-17,3675,21.17
2017-01-18,3675,21.13
2017-01-19,3675,21.78
2017-01-20,3675,22.74
2017-01-23,3675,22.57
2017-01-24,3675,22.57
2017-01-03,3679,42.91
2017-01-04,3679,43.52
2017-01-05,3679,44.75
2017-01-06,3679,44.75
2017-01-09,3679,43.89
2017-01-10,3679,44.13
2017-01-11,3679,43.77
2017-01-12,3679,43.95
2017-01-13,3679,44.19
2017-01-16,3679,43.83
2017-01-17,3679,44.19
2017-01-18,3679,44.01
2017-01-19,3679,44.07
2017-01-20,3679,43.95
2017-01-23,3679,43.83
2017-01-24,3679,44.07
2017-01-03,3680,28.47
2017-01-04,3680,28.21
2017-01-05,3680,28.13
2017-01-06,3680,28.55
2017-01-09,3680,28.3
2017-01-10,3680,28.89
2017-01-11,3680,28.97
2017-01-12,3680,28.89
2017-01-13,3680,28.51
2017-01-16,3680,28.17
2017-01-17,3680,28.51
2017-01-18,3680,28.51
2017-01-19,3680,29.48
2017-01-20,3680,28.51
2017-01-23,3680,28.55
2017-01-24,3680,28.21
2017-01-03,3682,15.86
2017-01-04,3682,15.94
2017-01-05,3682,15.79
2017-01-06,3682,15.79
2017-01-09,3682,15.63
2017-01-10,3682,15.71
2017-01-11,3682,15.71
2017-01-12,3682,15.71
2017-01-13,3682,15.86
2017-01-16,3682,15.63
2017-01-17,3682,15.63
2017-01-18,3682,15.63
2017-01-19,3682,15.63
2017-01-20,3682,15.56
2017-01-23,3682,15.56
2017-01-24,3682,15.48
2017-01-03,3684,15.98
2017-01-04,3684,15.98
2017-01-05,3684,15.98
2017-01-06,3684,15.88
2017-01-09,3684,15.98
2017-01-10,3684,16.08
2017-01-11,3684,16.26
2017-01-12,3684,16.24
2017-01-13,3684,16.01
2017-01-16,3684,15.98
2017-01-17,3684,15.98
2017-01-18,3684,16.14
2017-01-19,3684,16.08
2017-01-20,3684,16.21
2017-01-23,3684,16.24
2017-01-24,3684,16.16
2017-01-03,3685,50.35
2017-01-04,3685,55.31
2017-01-05,3685,59.9
2017-01-06,3685,60.38
2017-01-09,3685,55.6
2017-01-10,3685,55.03
2017-01-11,3685,53.12
2017-01-12,3685,52.73
2017-01-13,3685,52.54
2017-01-16,3685,52.93
2017-01-17,3685,54.26
2017-01-18,3685,53.88
2017-01-19,3685,53.5
2017-01-20,3685,53.69
2017-01-23,3685,53.21
2017-01-24,3685,52.54
2017-01-03,3687,41.67
2017-01-04,3687,41.11
2017-01-05,3687,41.86
2017-01-06,3687,41.58
2017-01-09,3687,42.23
2017-01-10,3687,41.72
2017-01-11,3687,41.3
2017-01-12,3687,41.72
2017-01-13,3687,42.28
2017-01-16,3687,41.95
2017-01-17,3687,41.77
2017-01-18,3687,42.61
2017-01-19,3687,41.81
2017-01-20,3687,41.53
2017-01-23,3687,41.3
2017-01-24,3687,41.44
2017-01-03,3689,25.13
2017-01-04,3689,26.19
2017-01-05,3689,26.12
2017-01-06,3689,26.47
2017-01-09,3689,25.94
2017-01-10,3689,26.12
2017-01-11,3689,26.76
2017-01-12,3689,26.83
2017-01-13,3689,26.54
2017-01-16,3689,25.84
2017-01-17,3689,27.39
2017-01-18,3689,26.83
2017-01-19,3689,26.4
2017-01-20,3689,26.47
2017-01-23,3689,26.86
2017-01-24,3689,27.36
2017-01-03,3691,326.22
2017-01-04,3691,321.19
2017-01-05,3691,322.86
2017-01-06,3691,323.28
2017-01-09,3691,290.96
2017-01-10,3691,293.89
2017-01-11,3691,277.94
2017-01-12,3691,284.24
2017-01-13,3691,284.66
2017-01-16,3691,283.82
2017-01-17,3691,282.98
2017-01-18,3691,287.18
2017-01-19,3691,290.96
2017-01-20,3691,292.22
2017-01-23,3691,290.12
2017-01-24,3691,293.06
2017-01-03,3693,57.15
2017-01-04,3693,58.02
2017-01-05,3693,58.19
2017-01-06,3693,58.8
2017-01-09,3693,57.59
2017-01-10,3693,57.41
2017-01-11,3693,57.59
2017-01-12,3693,56.81
2017-01-13,3693,57.24
2017-01-16,3693,56.81
2017-01-17,3693,57.07
2017-01-18,3693,56.63
2017-01-19,3693,56.89
2017-01-20,3693,56.11
2017-01-23,3693,55.68
2017-01-24,3693,56.29
2017-01-03,3694,13.77
2017-01-04,3694,14.16
2017-01-05,3694,14.16
2017-01-06,3694,14.01
2017-01-09,3694,14.16
2017-01-10,3694,13.96
2017-01-11,3694,13.87
2017-01-12,3694,13.77
2017-01-13,3694,13.87
2017-01-16,3694,14.16
2017-01-17,3694,14.01
2017-01-18,3694,13.92
2017-01-19,3694,13.77
2017-01-20,3694,13.82
2017-01-23,3694,13.72
2017-01-24,3694,13.87
2017-01-03,3698,13.07
2017-01-04,3698,13.12
2017-01-05,3698,13.71
2017-01-06,3698,13.61
2017-01-09,3698,13.37
2017-01-10,3698,13.17
2017-01-11,3698,13.17
2017-01-12,3698,13.46
2017-01-13,3698,13.27
2017-01-16,3698,12.98
2017-01-17,3698,13.12
2017-01-18,3698,13.17
2017-01-19,3698,13.12
2017-01-20,3698,13.61
2017-01-23,3698,13.51
2017-01-24,3698,13.42
2017-01-03,3701,13.44
2017-01-04,3701,13.34
2017-01-05,3701,13.34
2017-01-06,3701,13.29
2017-01-09,3701,12.98
2017-01-10,3701,12.22
2017-01-11,3701,12.26
2017-01-12,3701,12.12
2017-01-13,3701,12.03
2017-01-16,3701,11.6
2017-01-17,3701,12.57
2017-01-18,3701,11.76
2017-01-19,3701,12.14
2017-01-20,3701,11.85
2017-01-23,3701,11.83
2017-01-24,3701,12.18
2017-01-03,3702,26.18
2017-01-04,3702,26.36
2017-01-05,3702,26.36
2017-01-06,3702,26.39
2017-01-09,3702,26.25
2017-01-10,3702,26.18
2017-01-11,3702,26.0
2017-01-12,3702,26.28
2017-01-13,3702,26.11
2017-01-16,3702,25.9
2017-01-17,3702,26.04
2017-01-18,3702,25.87
2017-01-19,3702,25.87
2017-01-20,3702,25.83
2017-01-23,3702,25.83
2017-01-24,3702,25.94
2017-01-03,3704,13.68
2017-01-04,3704,13.58
2017-01-05,3704,13.77
2017-01-06,3704,13.96
2017-01-09,3704,13.77
2017-01-10,3704,13.63
2017-01-11,3704,13.53
2017-01-12,3704,13.44
2017-01-13,3704,13.49
2017-01-16,3704,13.35
2017-01-17,3704,13.3
2017-01-18,3704,13.3
2017-01-19,3704,13.3
2017-01-20,3704,13.53
2017-01-23,3704,13.53
2017-01-24,3704,13.72
2017-01-03,3705,30.32
2017-01-04,3705,30.38
2017-01-05,3705,30.29
2017-01-06,3705,30.15
2017-01-09,3705,30.12
2017-01-10,3705,30.05
2017-01-11,3705,30.12
2017-01-12,3705,30.15
2017-01-13,3705,30.05
2017-01-16,3705,29.92
2017-01-17,3705,30.02
2017-01-18,3705,30.22
2017-01-19,3705,30.19
2017-01-20,3705,30.05
2017-01-23,3705,29.95
2017-01-24,3705,30.05
2017-01-03,3706,14.64
2017-01-04,3706,15.11
2017-01-05,3706,15.14
2017-01-06,3706,15.14
2017-01-09,3706,15.09
2017-01-10,3706,15.52
2017-01-11,3706,15.68
2017-01-12,3706,15.63
2017-01-13,3706,15.47
2017-01-16,3706,15.18
2017-01-17,3706,15.23
2017-01-18,3706,15.66
2017-01-19,3706,15.87
2017-01-20,3706,15.9
2017-01-23,3706,15.92
2017-01-24,3706,16.35
2017-01-03,3708,54.02
2017-01-04,3708,53.95
2017-01-05,3708,54.09
2017-01-06,3708,55.84
2017-01-09,3708,54.02
2017-01-10,3708,54.67
2017-01-11,3708,53.29
2017-01-12,3708,53.14
2017-01-13,3708,53.43
2017-01-16,3708,52.85
2017-01-17,3708,52.92
2017-01-18,3708,53.51
2017-01-19,3708,53.58
2017-01-20,3708,53.43
2017-01-23,3708,53.65
2017-01-24,3708,52.92
2017-01-03,4102,15.15
2017-01-04,4102,15.15
2017-01-05,4102,15.33
2017-01-06,4102,15.42
2017-01-09,4102,15.47
2017-01-10,4102,15.33
2017-01-11,4102,15.47
2017-01-12,4102,15.56
2017-01-13,4102,15.51
2017-01-16,4102,15.42
2017-01-17,4102,15.33
2017-01-18,4102,15.29
2017-01-19,4102,15.33
2017-01-20,4102,15.33
2017-01-23,4102,15.29
2017-01-24,4102,15.33
2017-01-03,4104,24.54
2017-01-04,4104,24.49
2017-01-05,4104,24.51
2017-01-06,4104,24.54
2017-01-09,4104,24.35
2017-01-10,4104,24.22
2017-01-11,4104,24.09
2017-01-12,4104,24.06
2017-01-13,4104,24.09
2017-01-16,4104,24.03
2017-01-17,4104,24.03
2017-01-18,4104,24.11
2017-01-19,4104,24.06
2017-01-20,4104,24.03
2017-01-23,4104,24.0
2017-01-24,4104,24.14
2017-01-03,4105,66.52
2017-01-04,4105,65.86
2017-01-05,4105,66.52
2017-01-06,4105,67.17
2017-01-09,4105,65.54
2017-01-10,4105,64.63
2017-01-11,4105,63.52
2017-01-12,4105,64.56
2017-01-13,4105,64.23
2017-01-16,4105,63.45
2017-01-17,4105,63.26
2017-01-18,4105,66.19
2017-01-19,4105,65.54
2017-01-20,4105,65.54
2017-01-23,4105,66.19
2017-01-24,4105,66.52
2017-01-03,4106,28.04
2017-01-04,4106,27.95
2017-01-05,4106,27.83
2017-01-06,4106,27.83
2017-01-09,4106,27.46
2017-01-10,4106,27.29
2017-01-11,4106,27.25
2017-01-12,4106,27.09
2017-01-13,4106,26.43
2017-01-16,4106,26.51
2017-01-17,4106,26.59
2017-01-18,4106,26.67
2017-01-19,4106,26.63
2017-01-20,4106,26.84
2017-01-23,4106,26.63
2017-01-24,4106,26.76
2017-01-03,4107,89.05
2017-01-04,4107,89.05
2017-01-05,4107,91.3
2017-01-06,4107,89.8
2017-01-09,4107,89.05
2017-01-10,4107,88.67
2017-01-11,4107,87.55
2017-01-12,4107,87.17
2017-01-13,4107,85.67
2017-01-16,4107,84.16
2017-01-17,4107,82.29
2017-01-18,4107,84.16
2017-01-19,4107,82.29
2017-01-20,4107,81.53
2017-01-23,4107,83.41
2017-01-24,4107,84.54
2017-01-03,4108,29.68
2017-01-04,4108,29.58
2017-01-05,4108,29.53
2017-01-06,4108,29.48
2017-01-09,4108,29.05
2017-01-10,4108,29.1
2017-01-11,4108,28.9
2017-01-12,4108,28.86
2017-01-13,4108,28.71
2017-01-16,4108,28.33
2017-01-17,4108,28.37
2017-01-18,4108,28.57
2017-01-19,4108,28.47
2017-01-20,4108,28.66
2017-01-23,4108,28.71
2017-01-24,4108,28.71
2017-01-03,4109,21.63
2017-01-04,4109,22.28
2017-01-05,4109,22.39
2017-01-06,4109,22.5
2017-01-09,4109,22.01
2017-01-10,4109,21.96
2017-01-11,4109,21.96
2017-01-12,4109,22.07
2017-01-13,4109,21.68
2017-01-16,4109,21.68
2017-01-17,4109,21.63
2017-01-18,4109,21.53
2017-01-19,4109,21.58
2017-01-20,4109,21.31
2017-01-23,4109,21.53
2017-01-24,4109,21.63
2017-01-03,4111,16.48
2017-01-04,4111,16.4
2017-01-05,4111,16.51
2017-01-06,4111,16.44
2017-01-09,4111,16.33
2017-01-10,4111,16.44
2017-01-11,4111,16.48
2017-01-12,4111,16.37
2017-01-13,4111,16.33
2017-01-16,4111,16.33
2017-01-17,4111,16.4
2017-01-18,4111,16.44
2017-01-19,4111,16.48
2017-01-20,4111,16.22
2017-01-23,4111,16.25
2017-01-24,4111,16.29
2017-01-03,4114,10.89
2017-01-04,4114,10.89
2017-01-05,4114,10.91
2017-01-06,4114,10.93
2017-01-09,4114,10.93
2017-01-10,4114,10.93
2017-01-11,4114,10.91
2017-01-12,4114,10.82
2017-01-13,4114,10.84
2017-01-16,4114,10.89
2017-01-17,4114,10.89
2017-01-18,4114,10.89
2017-01-19,4114,10.93
2017-01-20,4114,10.91
2017-01-23,4114,10.87
2017-01-24,4114,10.89
2017-01-03,4116,29.17
2017-01-04,4116,29.09
2017-01-05,4116,29.13
2017-01-06,4116,29.47
2017-01-09,4116,29.13
2017-01-10,4116,29.25
2017-01-11,4116,29.09
2017-01-12,4116,29.05
2017-01-13,4116,28.98
2017-01-16,4116,29.02
2017-01-17,4116,28.71
2017-01-18,4116,28.79
2017-01-19,4116,28.63
2017-01-20,4116,28.75
2017-01-23,4116,28.71
2017-01-24,4116,28.94
2017-01-03,4119,44.05
2017-01-04,4119,43.99
2017-01-05,4119,44.05
2017-01-06,4119,44.28
2017-01-09,4119,43.47
2017-01-10,4119,42.66
2017-01-11,4119,42.6
2017-01-12,4119,42.37
2017-01-13,4119,42.37
2017-01-16,4119,42.13
2017-01-17,4119,42.13
2017-01-18,4119,42.37
2017-01-19,4119,42.31
2017-01-20,4119,42.07
2017-01-23,4119,42.07
2017-01-24,4119,42.37
2017-01-03,4120,48.92
2017-01-04,4120,48.52
2017-01-05,4120,48.6
2017-01-06,4120,48.6
2017-01-09,4120,48.44
2017-01-10,4120,48.92
2017-01-11,4120,48.52
2017-01-12,4120,48.12
2017-01-13,4120,48.2
2017-01-16,4120,48.92
2017-01-17,4120,48.84
2017-01-18,4120,49.0
2017-01-19,4120,48.44
2017-01-20,4120,48.44
2017-01-23,4120,48.04
2017-01-24,4120,47.8
2017-01-03,4123,26.72
2017-01-04,4123,26.77
2017-01-05,4123,27.07
2017-01-06,4123,27.81
2017-01-09,4123,27.29
2017-01-10,4123,27.07
2017-01-11,4123,26.63
2017-01-12,4123,26.72
2017-01-13,4123,26.42
2017-01-16,4123,26.29
2017-01-17,4123,26.42
2017-01-18,4123,26.29
2017-01-19,4123,26.29
2017-01-20,4123,26.24
2017-01-23,4123,26.24
2017-01-24,4123,26.29
2017-01-03,4126,49.2
2017-01-04,4126,49.08
2017-01-05,4126,49.08
2017-01-06,4126,49.5
2017-01-09,4126,48.85
2017-01-10,4126,48.14
2017-01-11,4126,47.5
2017-01-12,4126,47.26
2017-01-13,4126,46.62
2017-01-16,4126,46.74
2017-01-17,4126,46.56
2017-01-18,4126,46.97
2017-01-19,4126,46.91
2017-01-20,4126,46.91
2017-01-23,4126,46.91
2017-01-24,4126,46.97
2017-01-03,4127,17.6
2017-01-04,4127,17.5
2017-01-05,4127,17.5
2017-01-06,4127,18.24
2017-01-09,4127,18.14
2017-01-10,4127,18.09
2017-01-11,4127,18.19
2017-01-12,4127,17.15
2017-01-13,4127,17.1
2017-01-16,4127,16.95
2017-01-17,4127,16.91
2017-01-18,4127,17.05
2017-01-19,4127,17.0
2017-01-20,4127,16.81
2017-01-23,4127,16.86
2017-01-24,4127,16.81
2017-01-03,4128,16.65
2017-01-04,4128,16.62
2017-01-05,4128,16.62
2017-01-06,4128,16.58
2017-01-09,4128,16.29
2017-01-10,4128,16.47
2017-01-11,4128,16.47
2017-01-12,4128,16.4
2017-01-13,4128,16.29
2017-01-16,4128,16.26
2017-01-17,4128,16.11
2017-01-18,4128,16.15
2017-01-19,4128,16.0
2017-01-20,4128,16.04
2017-01-23,4128,16.04
2017-01-24,4128,16.08
2017-01-03,4129,47.47
2017-01-04,4129,47.63
2017-01-05,4129,48.89
2017-01-06,4129,49.28
2017-01-09,4129,49.6
2017-01-10,4129,49.12
2017-01-11,4129,48.73
2017-01-12,4129,48.73
2017-01-13,4129,48.26
2017-01-16,4129,48.26
2017-01-17,4129,48.02
2017-01-18,4129,48.49
2017-01-19,4129,48.26
2017-01-20,4129,49.12
2017-01-23,4129,48.57
2017-01-24,4129,48.34
2017-01-03,4130,31.64
2017-01-04,4130,31.72
2017-01-05,4130,31.76
2017-01-06,4130,31.68
2017-01-09,4130,30.96
2017-01-10,4130,30.88
2017-01-11,4130,30.44
2017-01-12,4130,30.52
2017-01-13,4130,30.12
2017-01-16,4130,30.32
2017-01-17,4130,30.32
2017-01-18,4130,30.4
2017-01-19,4130,30.36
2017-01-20,4130,30.88
2017-01-23,4130,30.64
2017-01-24,4130,30.32
2017-01-03,4131,14.51
2017-01-05,4131,14.11
2017-01-06,4131,14.26
2017-01-09,4131,14.23
2017-01-10,4131,14.87
2017-01-11,4131,14.28
2017-01-12,4131,14.87
2017-01-16,4131,14.36
2017-01-17,4131,15.5
2017-01-18,4131,15.71
2017-01-19,4131,15.12
2017-01-20,4131,15.45
2017-01-23,4131,15.45
2017-01-24,4131,16.24
2017-01-03,4133,30.39
2017-01-04,4133,30.55
2017-01-05,4133,30.47
2017-01-06,4133,30.51
2017-01-09,4133,30.05
2017-01-10,4133,29.59
2017-01-11,4133,29.8
2017-01-12,4133,29.51
2017-01-13,4133,29.64
2017-01-16,4133,29.39
2017-01-17,4133,29.39
2017-01-18,4133,29.39
2017-01-19,4133,29.47
2017-01-20,4133,30.01
2017-01-23,4133,29.84
2017-01-24,4133,30.3
2017-01-03,4137,100.53
2017-01-04,4137,104.53
2017-01-05,4137,105.19
2017-01-06,4137,103.86
2017-01-09,4137,99.87
2017-01-10,4137,101.2
2017-01-11,4137,98.53
2017-01-12,4137,99.53
2017-01-13,4137,98.53
2017-01-16,4137,97.87
2017-01-17,4137,97.87
2017-01-18,4137,98.53
2017-01-19,4137,96.87
2017-01-20,4137,97.54
2017-01-23,4137,98.2
2017-01-24,4137,97.54
2017-01-03,4138,26.32
2017-01-04,4138,26.42
2017-01-05,4138,26.23
2017-01-06,4138,26.52
2017-01-09,4138,26.32
2017-01-10,4138,26.32
2017-01-11,4138,26.18
2017-01-12,4138,26.23
2017-01-13,4138,26.08
2017-01-16,4138,25.73
2017-01-17,4138,25.64
2017-01-18,4138,25.98
2017-01-19,4138,25.73
2017-01-20,4138,25.69
2017-01-23,4138,25.83
2017-01-24,4138,25.73
2017-01-03,4139,25.89
2017-01-04,4139,26.06
2017-01-05,4139,25.98
2017-01-06,4139,25.64
2017-01-09,4139,25.64
2017-01-10,4139,25.47
2017-01-11,4139,25.47
2017-01-12,4139,25.13
2017-01-13,4139,25.13
2017-01-16,4139,25.13
2017-01-17,4139,24.62
2017-01-18,4139,23.98
2017-01-19,4139,23.98
2017-01-20,4139,24.71
2017-01-23,4139,23.98
2017-01-24,4139,23.98
2017-01-03,4141,31.87
2017-01-04,4141,31.73
2017-01-05,4141,31.87
2017-01-06,4141,32.11
2017-01-09,4141,31.77
2017-01-10,4141,31.77
2017-01-11,4141,31.44
2017-01-12,4141,31.39
2017-01-13,4141,31.34
2017-01-16,4141,30.81
2017-01-17,4141,30.43
2017-01-18,4141,31.05
2017-01-19,4141,30.96
2017-01-20,4141,30.72
2017-01-23,4141,30.62
2017-01-24,4141,30.77
2017-01-03,4142,21.22
2017-01-04,4142,21.36
2017-01-05,4142,21.31
2017-01-06,4142,21.26
2017-01-09,4142,21.22
2017-01-10,4142,21.17
2017-01-11,4142,20.98
2017-01-12,4142,20.98
2017-01-13,4142,20.94
2017-01-16,4142,20.89
2017-01-17,4142,20.84
2017-01-18,4142,20.8
2017-01-19,4142,20.8
2017-01-20,4142,20.89
2017-01-23,4142,20.94
2017-01-24,4142,20.89
2017-01-03,4144,45.61
2017-01-04,4144,45.42
2017-01-05,4144,45.93
2017-01-06,4144,45.75
2017-01-09,4144,45.19
2017-01-10,4144,45.47
2017-01-11,4144,45.93
2017-01-12,4144,45.84
2017-01-13,4144,45.93
2017-01-16,4144,45.79
2017-01-17,4144,45.93
2017-01-18,4144,45.93
2017-01-19,4144,45.84
2017-01-20,4144,45.61
2017-01-23,4144,45.33
2017-01-24,4144,45.01
2017-01-03,4147,163.08
2017-01-04,4147,162.1
2017-01-05,4147,165.04
2017-01-06,4147,166.03
2017-01-09,4147,166.03
2017-01-10,4147,162.1
2017-01-11,4147,156.69
2017-01-12,4147,158.66
2017-01-13,4147,156.69
2017-01-16,4147,155.22
2017-01-17,4147,155.22
2017-01-18,4147,157.68
2017-01-19,4147,158.66
2017-01-20,4147,158.17
2017-01-23,4147,158.66
2017-01-24,4147,157.68
2017-01-03,4152,113.98
2017-01-04,4152,115.96
2017-01-05,4152,115.96
2017-01-06,4152,114.97
2017-01-09,4152,115.96
2017-01-10,4152,114.97
2017-01-11,4152,115.46
2017-01-12,4152,115.46
2017-01-13,4152,120.91
2017-01-16,4152,115.96
2017-01-17,4152,116.45
2017-01-18,4152,116.45
2017-01-19,4152,115.96
2017-01-20,4152,118.93
2017-01-23,4152,116.45
2017-01-24,4152,117.45
2017-01-03,4153,34.21
2017-01-04,4153,34.45
2017-01-05,4153,35.4
2017-01-06,4153,35.6
2017-01-09,4153,34.98
2017-01-10,4153,34.55
2017-01-11,4153,34.26
2017-01-12,4153,34.11
2017-01-13,4153,33.73
2017-01-16,4153,33.64
2017-01-17,4153,33.82
2017-01-18,4153,33.78
2017-01-19,4153,34.45
2017-01-20,4153,34.07
2017-01-23,4153,34.07
2017-01-24,4153,33.82
2017-01-03,4154,28.82
2017-01-04,4154,28.89
2017-01-05,4154,28.68
2017-01-06,4154,28.89
2017-01-10,4154,28.89
2017-01-11,4154,29.18
2017-01-12,4154,28.39
2017-01-13,4154,29.54
2017-01-16,4154,29.69
2017-01-17,4154,29.4
2017-01-18,4154,29.04
2017-01-19,4154,29.04
2017-01-20,4154,28.89
2017-01-23,4154,29.11
2017-01-24,4154,29.26
2017-01-03,4155,17.53
2017-01-04,4155,17.46
2017-01-05,4155,17.43
2017-01-06,4155,17.46
2017-01-09,4155,17.88
2017-01-10,4155,18.18
2017-01-11,4155,17.82
2017-01-12,4155,17.88
2017-01-13,4155,18.18
2017-01-16,4155,18.12
2017-01-17,4155,17.93
2017-01-18,4155,17.54
2017-01-19,4155,18.06
2017-01-20,4155,17.82
2017-01-23,4155,17.87
2017-01-24,4155,17.84
2017-01-03,4157,27.15
2017-01-04,4157,27.25
2017-01-05,4157,27.4
2017-01-06,4157,27.25
2017-01-09,4157,26.95
2017-01-10,4157,26.95
2017-01-11,4157,27.0
2017-01-12,4157,26.95
2017-01-13,4157,26.8
2017-01-16,4157,26.6
2017-01-17,4157,26.6
2017-01-18,4157,26.85
2017-01-19,4157,27.1
2017-01-20,4157,26.9
2017-01-23,4157,26.65
2017-01-24,4157,26.5
2017-01-03,4160,23.32
2017-01-04,4160,23.32
2017-01-05,4160,23.36
2017-01-06,4160,23.44
2017-01-09,4160,23.19
2017-01-10,4160,23.07
2017-01-11,4160,23.19
2017-01-12,4160,23.11
2017-01-16,4160,22.82
2017-01-17,4160,22.86
2017-01-18,4160,23.07
2017-01-19,4160,22.86
2017-01-20,4160,22.82
2017-01-23,4160,22.69
2017-01-24,4160,23.19
2017-01-03,4161,46.95
2017-01-04,4161,47.36
2017-01-05,4161,47.77
2017-01-06,4161,48.34
2017-01-09,4161,48.1
2017-01-10,4161,48.01
2017-01-11,4161,48.26
2017-01-12,4161,47.52
2017-01-13,4161,48.01
2017-01-16,4161,47.11
2017-01-17,4161,46.87
2017-01-18,4161,47.28
2017-01-19,4161,47.03
2017-01-20,4161,46.95
2017-01-23,4161,46.54
2017-01-24,4161,49.08
2017-01-03,4162,128.34
2017-01-04,4162,132.94
2017-01-05,4162,135.06
2017-01-06,4162,134.0
2017-01-09,4162,132.23
2017-01-10,4162,131.17
2017-01-11,4162,132.23
2017-01-12,4162,132.94
2017-01-13,4162,132.94
2017-01-16,4162,134.0
2017-01-17,4162,132.94
2017-01-18,4162,133.65
2017-01-19,4162,131.88
2017-01-20,4162,131.88
2017-01-23,4162,132.94
2017-01-24,4162,134.35
2017-01-03,4163,92.26
2017-01-04,4163,93.79
2017-01-05,4163,93.49
2017-01-06,4163,96.25
2017-01-09,4163,92.26
2017-01-10,4163,92.26
2017-01-11,4163,92.57
2017-01-12,4163,92.26
2017-01-13,4163,92.26
2017-01-16,4163,91.96
2017-01-17,4163,91.96
2017-01-18,4163,92.87
2017-01-19,4163,92.87
2017-01-20,4163,92.26
2017-01-23,4163,92.87
2017-01-24,4163,92.87
2017-01-03,4164,31.31
2017-01-04,4164,31.07
2017-01-05,4164,31.1
2017-01-06,4164,31.45
2017-01-09,4164,31.31
2017-01-10,4164,31.14
2017-01-11,4164,30.47
2017-01-12,4164,30.08
2017-01-13,4164,29.87
2017-01-16,4164,29.73
2017-01-17,4164,29.73
2017-01-18,4164,29.73
2017-01-19,4164,29.59
2017-01-20,4164,29.66
2017-01-23,4164,29.83
2017-01-24,4164,29.76
2017-01-03,4167,25.05
2017-01-04,4167,24.73
2017-01-05,4167,24.77
2017-01-06,4167,24.64
2017-01-09,4167,24.36
2017-01-10,4167,24.5
2017-01-11,4167,24.23
2017-01-12,4167,23.95
2017-01-13,4167,23.95
2017-01-16,4167,23.91
2017-01-17,4167,23.91
2017-01-18,4167,24.04
2017-01-19,4167,23.77
2017-01-20,4167,23.68
2017-01-23,4167,23.63
2017-01-24,4167,23.63
2017-01-03,4168,32.74
2017-01-04,4168,32.99
2017-01-05,4168,34.92
2017-01-06,4168,34.03
2017-01-09,4168,33.34
2017-01-10,4168,33.49
2017-01-11,4168,32.74
2017-01-12,4168,32.49
2017-01-13,4168,32.05
2017-01-16,4168,31.6
2017-01-17,4168,31.6
2017-01-18,4168,31.85
2017-01-19,4168,31.7
2017-01-20,4168,31.85
2017-01-23,4168,31.85
2017-01-24,4168,31.55
2017-01-03,4171,12.36
2017-01-04,4171,12.05
2017-01-05,4171,11.96
2017-01-06,4171,12.08
2017-01-09,4171,12.17
2017-01-10,4171,12.17
2017-01-11,4171,12.08
2017-01-12,4171,11.99
2017-01-13,4171,12.17
2017-01-16,4171,12.17
2017-01-17,4171,12.11
2017-01-18,4171,12.08
2017-01-19,4171,11.87
2017-01-20,4171,11.99
2017-01-23,4171,11.93
2017-01-24,4171,12.17
2017-01-03,4173,12.27
2017-01-04,4173,12.34
2017-01-05,4173,12.34
2017-01-06,4173,12.34
2017-01-09,4173,12.17
2017-01-10,4173,12.21
2017-01-11,4173,12.21
2017-01-12,4173,12.21
2017-01-13,4173,12.11
2017-01-16,4173,12.04
2017-01-17,4173,12.08
2017-01-18,4173,11.95
2017-01-19,4173,12.04
2017-01-20,4173,12.08
2017-01-23,4173,11.95
2017-01-24,4173,11.85
2017-01-03,4174,276.55
2017-01-04,4174,272.67
2017-01-05,4174,288.65
2017-01-06,4174,288.17
2017-01-09,4174,292.53
2017-01-10,4174,285.26
2017-01-11,4174,257.17
2017-01-12,4174,263.47
2017-01-13,4174,262.5
2017-01-16,4174,264.92
2017-01-17,4174,263.47
2017-01-18,4174,271.22
2017-01-19,4174,267.34
2017-01-20,4174,268.8
2017-01-23,4174,281.87
2017-01-24,4174,280.91
2017-01-03,4175,46.44
2017-01-05,4175,47.15
2017-01-06,4175,46.91
2017-01-09,4175,46.56
2017-01-10,4175,46.62
2017-01-11,4175,46.62
2017-01-12,4175,46.62
2017-01-13,4175,46.73
2017-01-16,4175,46.73
2017-01-17,4175,46.73
2017-01-18,4175,46.26
2017-01-19,4175,45.84
2017-01-20,4175,45.96
2017-01-23,4175,45.79
2017-01-24,4175,45.96
2017-01-03,4183,18.31
2017-01-05,4183,17.79
2017-01-06,4183,18.64
2017-01-11,4183,17.73
2017-01-12,4183,18.26
2017-01-13,4183,18.31
2017-01-16,4183,19.42
2017-01-17,4183,18.81
2017-01-18,4183,18.83
2017-01-19,4183,18.64
2017-01-20,4183,18.83
2017-01-23,4183,18.09
2017-01-24,4183,18.5
2017-01-03,4188,29.4
2017-01-04,4188,29.4
2017-01-05,4188,29.4
2017-01-06,4188,29.69
2017-01-09,4188,29.21
2017-01-10,4188,29.3
2017-01-11,4188,29.21
2017-01-12,4188,29.21
2017-01-13,4188,29.11
2017-01-16,4188,29.11
2017-01-17,4188,28.72
2017-01-18,4188,28.62
2017-01-19,4188,28.77
2017-01-20,4188,28.82
2017-01-23,4188,28.82
2017-01-24,4188,28.62
2017-01-03,4190,63.2
2017-01-04,4190,63.5
2017-01-05,4190,64.71
2017-01-06,4190,64.25
2017-01-09,4190,63.43
2017-01-10,4190,64.56
2017-01-11,4190,63.95
2017-01-12,4190,63.5
2017-01-13,4190,63.13
2017-01-16,4190,63.28
2017-01-17,4190,63.2
2017-01-18,4190,63.58
2017-01-19,4190,63.28
2017-01-20,4190,63.43
2017-01-23,4190,63.2
2017-01-24,4190,62.98
2017-01-03,4192,104.48
2017-01-04,4192,105.2
2017-01-05,4192,106.31
2017-01-06,4192,116.78
2017-01-09,4192,112.37
2017-01-10,4192,111.64
2017-01-11,4192,110.72
2017-01-12,4192,110.17
2017-01-13,4192,107.96
2017-01-16,4192,104.48
2017-01-17,4192,105.03
2017-01-18,4192,105.03
2017-01-19,4192,104.29
2017-01-20,4192,105.58
2017-01-23,4192,105.94
2017-01-24,4192,108.33
2017-01-03,4198,458.33
2017-01-04,4198,466.67
2017-01-05,4198,462.5
2017-01-06,4198,454.17
2017-01-09,4198,440.83
2017-01-10,4198,432.5
2017-01-11,4198,431.67
2017-01-12,4198,416.67
2017-01-13,4198,404.17
2017-01-16,4198,403.33
2017-01-17,4198,401.67
2017-01-18,4198,441.67
2017-01-19,4198,485.83
2017-01-20,4198,463.33
2017-01-23,4198,464.17
2017-01-24,4198,443.33
2017-01-03,4205,31.92
2017-01-04,4205,31.88
2017-01-05,4205,31.5
2017-01-06,4205,31.5
2017-01-09,4205,31.66
2017-01-10,4205,31.37
2017-01-11,4205,31.5
2017-01-12,4205,31.82
2017-01-13,4205,31.82
2017-01-16,4205,31.79
2017-01-17,4205,31.79
2017-01-18,4205,31.95
2017-01-19,4205,31.88
2017-01-20,4205,31.82
2017-01-23,4205,31.82
2017-01-24,4205,31.75
2017-01-03,4303,10.21
2017-01-04,4303,10.29
2017-01-05,4303,10.24
2017-01-06,4303,10.12
2017-01-09,4303,10.07
2017-01-10,4303,10.09
2017-01-11,4303,10.12
2017-01-12,4303,10.26
2017-01-13,4303,10.46
2017-01-16,4303,10.32
2017-01-17,4303,10.32
2017-01-18,4303,10.26
2017-01-19,4303,10.21
2017-01-20,4303,10.21
2017-01-23,4303,10.82
2017-01-24,4303,10.51
2017-01-03,4304,11.44
2017-01-04,4304,11.17
2017-01-05,4304,10.79
2017-01-06,4304,11.4
2017-01-09,4304,11.07
2017-01-10,4304,11.83
2017-01-11,4304,11.86
2017-01-12,4304,12.5
2017-01-13,4304,12.15
2017-01-16,4304,12.1
2017-01-17,4304,12.08
2017-01-18,4304,12.04
2017-01-19,4304,12.54
2017-01-20,4304,12.37
2017-01-23,4304,11.7
2017-01-24,4304,11.71
2017-01-04,4305,18.98
2017-01-06,4305,19.11
2017-01-09,4305,18.62
2017-01-10,4305,18.98
2017-01-12,4305,18.59
2017-01-13,4305,19.04
2017-01-23,4305,19.76
2017-01-24,4305,19.21
2017-01-03,4401,59.16
2017-01-04,4401,58.94
2017-01-05,4401,58.65
2017-01-06,4401,58.15
2017-01-09,4401,57.5
2017-01-10,4401,57.78
2017-01-11,4401,57.78
2017-01-12,4401,57.86
2017-01-13,4401,56.7
2017-01-16,4401,57.06
2017-01-17,4401,56.99
2017-01-18,4401,57.06
2017-01-19,4401,57.28
2017-01-20,4401,56.92
2017-01-23,4401,57.21
2017-01-24,4401,57.21
2017-01-03,4414,66.59
2017-01-04,4414,66.78
2017-01-05,4414,66.59
2017-01-06,4414,67.16
2017-01-09,4414,69.62
2017-01-10,4414,70.0
2017-01-11,4414,70.95
2017-01-12,4414,71.89
2017-01-13,4414,75.68
2017-01-16,4414,75.87
2017-01-17,4414,72.84
2017-01-18,4414,73.97
2017-01-19,4414,75.11
2017-01-20,4414,74.35
2017-01-23,4414,73.97
2017-01-24,4414,73.21
2017-01-04,4416,52.37
2017-01-06,4416,53.01
2017-01-10,4416,52.3
2017-01-11,4416,52.37
2017-01-12,4416,53.52
2017-01-17,4416,52.94
2017-01-18,4416,52.94
2017-01-23,4416,53.01
2017-01-24,4416,52.3
2017-01-03,4417,23.46
2017-01-04,4417,23.54
2017-01-05,4417,23.54
2017-01-06,4417,23.4
2017-01-09,4417,22.92
2017-01-10,4417,22.78
2017-01-11,4417,23.09
2017-01-12,4417,22.95
2017-01-13,4417,22.9
2017-01-16,4417,22.76
2017-01-17,4417,22.87
2017-01-18,4417,22.92
2017-01-19,4417,22.87
2017-01-20,4417,22.67
2017-01-23,4417,22.87
2017-01-24,4417,22.64
2017-01-03,4426,67.52
2017-01-04,4426,67.2
2017-01-05,4426,66.57
2017-01-06,4426,66.57
2017-01-09,4426,66.89
2017-01-10,4426,68.47
2017-01-11,4426,61.65
2017-01-12,4426,58.81
2017-01-13,4426,56.98
2017-01-16,4426,56.67
2017-01-17,4426,56.48
2017-01-18,4426,56.79
2017-01-19,4426,56.35
2017-01-20,4426,53.01
2017-01-23,4426,54.33
2017-01-24,4426,53.01
2017-01-03,4429,23.0
2017-01-04,4429,22.41
2017-01-05,4429,22.36
2017-01-06,4429,22.75
2017-01-09,4429,22.16
2017-01-10,4429,22.26
2017-01-11,4429,22.26
2017-01-13,4429,22.75
2017-01-16,4429,22.85
2017-01-17,4429,23.0
2017-01-18,4429,23.24
2017-01-19,4429,23.44
2017-01-20,4429,23.0
2017-01-23,4429,23.24
2017-01-24,4429,23.0
2017-01-04,4430,18.39
2017-01-05,4430,18.35
2017-01-06,4430,18.35
2017-01-09,4430,19.04
2017-01-10,4430,18.47
2017-01-11,4430,18.31
2017-01-13,4430,18.54
2017-01-16,4430,18.58
2017-01-17,4430,18.27
2017-01-18,4430,18.31
2017-01-19,4430,18.35
2017-01-20,4430,18.31
2017-01-23,4430,18.5
2017-01-24,4430,18.54
2017-01-03,4432,38.33
2017-01-04,4432,38.29
2017-01-05,4432,38.79
2017-01-06,4432,38.2
2017-01-09,4432,38.12
2017-01-10,4432,38.37
2017-01-11,4432,37.86
2017-01-12,4432,38.03
2017-01-13,4432,38.03
2017-01-16,4432,37.86
2017-01-17,4432,37.99
2017-01-18,4432,37.61
2017-01-19,4432,37.7
2017-01-20,4432,37.86
2017-01-23,4432,38.03
2017-01-24,4432,38.03
2017-01-03,4433,15.61
2017-01-04,4433,15.67
2017-01-05,4433,15.61
2017-01-06,4433,15.77
2017-01-09,4433,15.51
2017-01-10,4433,15.51
2017-01-11,4433,15.41
2017-01-12,4433,15.61
2017-01-13,4433,15.51
2017-01-16,4433,15.64
2017-01-17,4433,15.51
2017-01-18,4433,15.67
2017-01-19,4433,15.51
2017-01-20,4433,15.77
2017-01-23,4433,16.03
2017-01-24,4433,17.12
2017-01-03,4438,103.77
2017-01-04,4438,102.35
2017-01-05,4438,101.99
2017-01-06,4438,101.28
2017-01-09,4438,99.85
2017-01-10,4438,99.49
2017-01-11,4438,98.42
2017-01-12,4438,97.35
2017-01-13,4438,97.0
2017-01-16,4438,99.85
2017-01-17,4438,99.14
2017-01-18,4438,98.78
2017-01-19,4438,97.71
2017-01-20,4438,98.78
2017-01-23,4438,98.07
2017-01-24,4438,97.71
2017-01-03,4502,32.95
2017-01-04,4502,32.38
2017-01-05,4502,32.3
2017-01-06,4502,32.22
2017-01-09,4502,32.06
2017-01-10,4502,31.13
2017-01-11,4502,31.17
2017-01-12,4502,31.29
2017-01-13,4502,31.73
2017-01-16,4502,31.73
2017-01-17,4502,31.57
2017-01-18,4502,31.49
2017-01-19,4502,31.25
2017-01-20,4502,31.0
2017-01-23,4502,32.26
2017-01-24,4502,31.57
2017-01-03,4503,20.94
2017-01-04,4503,20.51
2017-01-05,4503,20.7
2017-01-06,4503,20.94
2017-01-09,4503,20.89
2017-01-10,4503,20.61
2017-01-11,4503,20.51
2017-01-12,4503,20.14
2017-01-13,4503,20.42
2017-01-16,4503,20.61
2017-01-17,4503,20.61
2017-01-18,4503,20.61
2017-01-19,4503,21.36
2017-01-20,4503,21.97
2017-01-23,4503,22.01
2017-01-24,4503,22.15
2017-01-03,4506,26.49
2017-01-04,4506,26.49
2017-01-05,4506,26.6
2017-01-06,4506,26.83
2017-01-09,4506,26.64
2017-01-10,4506,26.52
2017-01-11,4506,27.36
2017-01-12,4506,27.25
2017-01-13,4506,27.28
2017-01-16,4506,27.28
2017-01-17,4506,27.32
2017-01-18,4506,27.28
2017-01-19,4506,27.28
2017-01-20,4506,27.25
2017-01-23,4506,27.1
2017-01-24,4506,27.13
2017-01-03,4510,14.24
2017-01-04,4510,14.24
2017-01-05,4510,14.36
2017-01-06,4510,14.28
2017-01-09,4510,14.36
2017-01-10,4510,14.56
2017-01-11,4510,14.4
2017-01-12,4510,14.28
2017-01-13,4510,14.24
2017-01-16,4510,14.16
2017-01-17,4510,14.2
2017-01-18,4510,14.03
2017-01-19,4510,14.03
2017-01-20,4510,14.03
2017-01-23,4510,14.12
2017-01-24,4510,13.99
2017-01-03,4523,17.87
2017-01-04,4523,18.12
2017-01-05,4523,18.17
2017-01-06,4523,18.02
2017-01-09,4523,17.82
2017-01-10,4523,17.87
2017-01-11,4523,17.82
2017-01-12,4523,17.87
2017-01-13,4523,17.87
2017-01-16,4523,17.82
2017-01-17,4523,18.02
2017-01-18,4523,17.92
2017-01-19,4523,17.82
2017-01-20,4523,17.82
2017-01-23,4523,17.97
2017-01-24,4523,17.97
2017-01-03,4526,19.56
2017-01-04,4526,19.47
2017-01-05,4526,19.47
2017-01-06,4526,19.56
2017-01-09,4526,19.47
2017-01-10,4526,19.56
2017-01-11,4526,19.65
2017-01-12,4526,19.65
2017-01-13,4526,19.7
2017-01-16,4526,19.47
2017-01-17,4526,19.52
2017-01-18,4526,19.65
2017-01-19,4526,19.7
2017-01-20,4526,19.65
2017-01-23,4526,19.7
2017-01-24,4526,19.75
2017-01-03,4527,16.0
2017-01-04,4527,16.11
2017-01-05,4527,16.28
2017-01-06,4527,16.36
2017-01-09,4527,16.28
2017-01-10,4527,16.47
2017-01-11,4527,16.47
2017-01-12,4527,16.33
2017-01-13,4527,16.22
2017-01-16,4527,16.28
2017-01-17,4527,16.36
2017-01-18,4527,16.31
2017-01-19,4527,16.28
2017-01-20,4527,16.19
2017-01-23,4527,16.22
2017-01-24,4527,16.22
2017-01-03,4528,31.5
2017-01-04,4528,31.18
2017-01-05,4528,31.57
2017-01-06,4528,32.06
2017-01-09,4528,31.88
2017-01-10,4528,31.85
2017-01-11,4528,31.95
2017-01-12,4528,31.99
2017-01-13,4528,32.09
2017-01-16,4528,31.85
2017-01-17,4528,31.78
2017-01-18,4528,31.64
2017-01-19,4528,30.7
2017-01-20,4528,30.7
2017-01-23,4528,31.11
2017-01-24,4528,31.32
2017-01-03,4529,38.25
2017-01-04,4529,38.3
2017-01-05,4529,39.0
2017-01-06,4529,36.85
2017-01-09,4529,37.0
2017-01-10,4529,36.3
2017-01-11,4529,35.9
2017-01-12,4529,36.2
2017-01-13,4529,36.5
2017-01-16,4529,36.3
2017-01-17,4529,36.8
2017-01-18,4529,36.6
2017-01-19,4529,36.5
2017-01-20,4529,36.45
2017-01-23,4529,36.25
2017-01-24,4529,36.55
2017-01-03,4532,21.02
2017-01-04,4532,20.92
2017-01-05,4532,21.22
2017-01-06,4532,20.99
2017-01-09,4532,21.05
2017-01-10,4532,21.41
2017-01-11,4532,21.51
2017-01-12,4532,21.51
2017-01-13,4532,21.67
2017-01-16,4532,21.28
2017-01-17,4532,21.31
2017-01-18,4532,21.28
2017-01-19,4532,21.22
2017-01-20,4532,21.12
2017-01-23,4532,21.09
2017-01-24,4532,21.02
2017-01-03,4533,10.45
2017-01-04,4533,10.45
2017-01-05,4533,10.6
2017-01-06,4533,10.6
2017-01-09,4533,10.56
2017-01-10,4533,10.68
2017-01-11,4533,10.64
2017-01-12,4533,10.49
2017-01-13,4533,10.56
2017-01-16,4533,10.45
2017-01-17,4533,10.56
2017-01-18,4533,10.49
2017-01-19,4533,10.6
2017-01-20,4533,10.68
2017-01-23,4533,10.71
2017-01-24,4533,10.71
2017-01-03,4534,25.38
2017-01-04,4534,25.73
2017-01-05,4534,25.69
2017-01-06,4534,25.82
2017-01-09,4534,25.29
2017-01-10,4534,25.29
2017-01-11,4534,23.89
2017-01-12,4534,23.28
2017-01-13,4534,23.28
2017-01-16,4534,23.28
2017-01-17,4534,22.97
2017-01-18,4534,21.75
2017-01-19,4534,21.66
2017-01-20,4534,21.44
2017-01-23,4534,20.48
2017-01-24,4534,21.0
2017-01-03,4535,29.24
2017-01-04,4535,29.47
2017-01-05,4535,29.84
2017-01-06,4535,30.25
2017-01-09,4535,30.11
2017-01-10,4535,30.15
2017-01-11,4535,30.18
2017-01-12,4535,30.18
2017-01-13,4535,30.21
2017-01-16,4535,30.21
2017-01-17,4535,30.15
2017-01-18,4535,30.18
2017-01-19,4535,30.15
2017-01-20,4535,29.98
2017-01-23,4535,30.18
2017-01-24,4535,30.25
2017-01-03,4536,67.04
2017-01-04,4536,67.71
2017-01-05,4536,67.37
2017-01-06,4536,67.04
2017-01-09,4536,67.71
2017-01-10,4536,69.04
2017-01-11,4536,69.04
2017-01-12,4536,69.04
2017-01-13,4536,68.71
2017-01-16,4536,68.71
2017-01-17,4536,68.71
2017-01-18,4536,69.04
2017-01-19,4536,69.37
2017-01-20,4536,69.37
2017-01-23,4536,69.71
2017-01-24,4536,70.04
2017-01-09,4538,13.82
2017-01-10,4538,14.09
2017-01-11,4538,14.09
2017-01-12,4538,14.47
2017-01-13,4538,14.61
2017-01-16,4538,14.68
2017-01-17,4538,14.58
2017-01-18,4538,14.61
2017-01-19,4538,14.58
2017-01-20,4538,14.55
2017-01-23,4538,14.55
2017-01-24,4538,14.55
2017-01-03,4540,16.12
2017-01-04,4540,17.87
2017-01-05,4540,22.52
2017-01-06,4540,21.57
2017-01-09,4540,22.7
2017-01-10,4540,23.06
2017-01-11,4540,21.74
2017-01-12,4540,21.74
2017-01-13,4540,21.79
2017-01-16,4540,22.43
2017-01-17,4540,21.74
2017-01-18,4540,21.57
2017-01-19,4540,20.87
2017-01-20,4540,20.33
2017-01-23,4540,20.22
2017-01-24,4540,20.0
2017-01-03,4541,21.76
2017-01-04,4541,21.72
2017-01-05,4541,21.6
2017-01-06,4541,21.56
2017-01-09,4541,21.36
2017-01-10,4541,21.27
2017-01-11,4541,21.36
2017-01-12,4541,21.36
2017-01-13,4541,21.36
2017-01-16,4541,21.36
2017-01-17,4541,21.4
2017-01-18,4541,21.4
2017-01-19,4541,21.44
2017-01-20,4541,21.36
2017-01-23,4541,21.52
2017-01-24,4541,21.44
2017-01-03,4542,13.09
2017-01-04,4542,12.91
2017-01-05,4542,12.95
2017-01-06,4542,12.73
2017-01-09,4542,12.73
2017-01-10,4542,12.07
2017-01-11,4542,12.69
2017-01-12,4542,12.47
2017-01-13,4542,13.02
2017-01-16,4542,13.24
2017-01-17,4542,14.11
2017-01-18,4542,14.37
2017-01-19,4542,14.15
2017-01-20,4542,13.57
2017-01-23,4542,12.8
2017-01-24,4542,13.09
2017-01-03,4543,16.02
2017-01-04,4543,16.02
2017-01-05,4543,16.13
2017-01-06,4543,16.13
2017-01-09,4543,16.21
2017-01-10,4543,15.75
2017-01-11,4543,15.86
2017-01-12,4543,15.86
2017-01-13,4543,15.63
2017-01-16,4543,15.79
2017-01-17,4543,15.71
2017-01-18,4543,15.82
2017-01-19,4543,16.44
2017-01-20,4543,16.29
2017-01-23,4543,16.13
2017-01-24,4543,16.13
2017-01-03,4545,32.18
2017-01-04,4545,32.22
2017-01-05,4545,32.18
2017-01-06,4545,32.6
2017-01-09,4545,33.05
2017-01-10,4545,32.79
2017-01-11,4545,32.71
2017-01-12,4545,35.98
2017-01-13,4545,36.93
2017-01-16,4545,35.25
2017-01-17,4545,34.76
2017-01-18,4545,36.28
2017-01-19,4545,36.55
2017-01-20,4545,36.09
2017-01-23,4545,35.41
2017-01-24,4545,35.1
2017-01-03,4549,43.89
2017-01-04,4549,43.59
2017-01-05,4549,43.15
2017-01-06,4549,43.05
2017-01-09,4549,43.1
2017-01-10,4549,42.81
2017-01-11,4549,42.61
2017-01-12,4549,41.97
2017-01-13,4549,42.17
2017-01-16,4549,42.46
2017-01-17,4549,42.22
2017-01-18,4549,41.92
2017-01-19,4549,41.43
2017-01-20,4549,42.12
2017-01-23,4549,42.71
2017-01-24,4549,42.81
2017-01-03,4550,12.42
2017-01-04,4550,12.42
2017-01-05,4550,12.45
2017-01-06,4550,12.39
2017-01-09,4550,12.29
2017-01-10,4550,12.23
2017-01-11,4550,12.13
2017-01-12,4550,12.18
2017-01-13,4550,12.15
2017-01-16,4550,12.18
2017-01-17,4550,12.21
2017-01-18,4550,12.21
2017-01-19,4550,12.21
2017-01-20,4550,12.18
2017-01-23,4550,12.07
2017-01-24,4550,12.02
2017-01-03,4551,103.63
2017-01-04,4551,104.81
2017-01-05,4551,107.97
2017-01-06,4551,106.78
2017-01-09,4551,105.6
2017-01-10,4551,105.6
2017-01-11,4551,105.21
2017-01-12,4551,108.36
2017-01-13,4551,106.78
2017-01-16,4551,107.97
2017-01-17,4551,108.75
2017-01-18,4551,108.75
2017-01-19,4551,108.36
2017-01-20,4551,107.97
2017-01-23,4551,110.33
2017-01-24,4551,110.33
2017-01-03,4552,64.35
2017-01-04,4552,63.78
2017-01-05,4552,64.93
2017-01-06,4552,67.83
2017-01-09,4552,68.12
2017-01-10,4552,67.54
2017-01-11,4552,66.38
2017-01-12,4552,66.67
2017-01-13,4552,66.67
2017-01-16,4552,65.8
2017-01-17,4552,65.22
2017-01-18,4552,65.22
2017-01-19,4552,64.35
2017-01-20,4552,62.62
2017-01-23,4552,62.33
2017-01-24,4552,63.2
2017-01-03,4554,39.32
2017-01-04,4554,39.0
2017-01-05,4554,38.76
2017-01-06,4554,38.48
2017-01-09,4554,38.44
2017-01-10,4554,37.84
2017-01-11,4554,37.04
2017-01-12,4554,38.28
2017-01-13,4554,37.8
2017-01-16,4554,37.32
2017-01-17,4554,36.84
2017-01-18,4554,36.48
2017-01-19,4554,36.84
2017-01-20,4554,36.76
2017-01-23,4554,37.36
2017-01-24,4554,41.08
2017-01-03,4555,47.54
2017-01-04,4555,47.94
2017-01-05,4555,48.65
2017-01-06,4555,48.57
2017-01-09,4555,50.07
2017-01-10,4555,50.63
2017-01-11,4555,50.39
2017-01-12,4555,49.99
2017-01-13,4555,49.52
2017-01-16,4555,48.09
2017-01-17,4555,48.09
2017-01-18,4555,48.25
2017-01-19,4555,48.65
2017-01-20,4555,48.25
2017-01-23,4555,48.89
2017-01-24,4555,49.04
2017-01-03,4556,24.89
2017-01-04,4556,25.87
2017-01-06,4556,25.44
2017-01-09,4556,25.02
2017-01-10,4556,25.27
2017-01-11,4556,24.93
2017-01-12,4556,25.61
2017-01-13,4556,27.14
2017-01-16,4556,27.99
2017-01-17,4556,27.56
2017-01-18,4556,27.73
2017-01-19,4556,27.9
2017-01-20,4556,27.9
2017-01-23,4556,27.77
2017-01-24,4556,27.99
2017-01-03,4557,39.53
2017-01-04,4557,39.42
2017-01-05,4557,40.06
2017-01-06,4557,40.17
2017-01-09,4557,40.11
2017-01-10,4557,40.06
2017-01-11,4557,40.22
2017-01-12,4557,41.67
2017-01-13,4557,41.67
2017-01-16,4557,41.51
2017-01-17,4557,41.4
2017-01-18,4557,41.88
2017-01-19,4557,41.24
2017-01-20,4557,41.19
2017-01-23,4557,41.99
2017-01-24,4557,41.51
2017-01-06,4558,14.54
2017-01-16,4558,14.41
2017-01-17,4558,14.27
2017-01-19,4558,14.53
2017-01-24,4558,14.27
2017-01-04,4560,30.6
2017-01-05,4560,29.58
2017-01-12,4560,29.4
2017-01-17,4560,29.92
2017-01-20,4560,30.26
2017-01-23,4560,30.47
2017-01-03,4561,28.21
2017-01-04,4561,26.71
2017-01-05,4561,27.75
2017-01-06,4561,29.37
2017-01-09,4561,28.18
2017-01-10,4561,26.99
2017-01-11,4561,26.23
2017-01-12,4561,26.31
2017-01-13,4561,26.39
2017-01-16,4561,25.92
2017-01-17,4561,25.07
2017-01-18,4561,24.95
2017-01-19,4561,26.38
2017-01-20,4561,25.51
2017-01-23,4561,25.44
2017-01-24,4561,25.91
2017-01-03,4562,40.53
2017-01-04,4562,39.64
2017-01-05,4562,39.21
2017-01-06,4562,38.77
2017-01-09,4562,38.77
2017-01-10,4562,39.64
2017-01-11,4562,38.85
2017-01-12,4562,38.6
2017-01-13,4562,38.77
2017-01-16,4562,38.77
2017-01-17,4562,39.21
2017-01-18,4562,38.47
2017-01-23,4562,39.65
2017-01-24,4562,39.82
2017-01-04,4563,57.99
2017-01-09,4563,57.9
2017-01-10,4563,57.9
2017-01-11,4563,58.17
2017-01-12,4563,58.79
2017-01-13,4563,59.88
2017-01-16,4563,59.87
2017-01-17,4563,59.97
2017-01-18,4563,60.14
2017-01-19,4563,59.78
2017-01-20,4563,59.34
2017-01-23,4563,59.69
2017-01-24,4563,59.69
2017-01-23,4564,31.38
2017-01-24,4564,31.63
2017-01-03,4702,24.89
2017-01-05,4702,24.58
2017-01-06,4702,24.86
2017-01-10,4702,25.02
2017-01-11,4702,24.27
2017-01-12,4702,23.8
2017-01-13,4702,24.05
2017-01-16,4702,24.3
2017-01-17,4702,24.18
2017-01-18,4702,23.96
2017-01-19,4702,23.96
2017-01-20,4702,23.68
2017-01-23,4702,24.05
2017-01-24,4702,23.96
2017-01-03,4706,17.0
2017-01-04,4706,17.0
2017-01-05,4706,16.96
2017-01-06,4706,16.96
2017-01-09,4706,17.03
2017-01-10,4706,17.07
2017-01-11,4706,16.89
2017-01-12,4706,17.0
2017-01-13,4706,16.96
2017-01-16,4706,17.0
2017-01-17,4706,16.82
2017-01-18,4706,16.32
2017-01-19,4706,16.32
2017-01-20,4706,16.21
2017-01-23,4706,16.07
2017-01-24,4706,16.1
2017-01-03,4711,13.92
2017-01-04,4711,14.02
2017-01-05,4711,14.02
2017-01-06,4711,14.02
2017-01-09,4711,13.86
2017-01-10,4711,13.89
2017-01-11,4711,13.82
2017-01-12,4711,13.92
2017-01-13,4711,13.82
2017-01-16,4711,13.63
2017-01-17,4711,13.63
2017-01-18,4711,13.36
2017-01-19,4711,13.4
2017-01-20,4711,13.43
2017-01-23,4711,13.69
2017-01-24,4711,13.99
2017-01-03,4712,18.8
2017-01-04,4712,18.7
2017-01-05,4712,18.6
2017-01-06,4712,18.65
2017-01-09,4712,18.0
2017-01-10,4712,17.8
2017-01-11,4712,17.8
2017-01-12,4712,17.5
2017-01-13,4712,16.85
2017-01-16,4712,17.5
2017-01-17,4712,17.15
2017-01-18,4712,17.4
2017-01-19,4712,16.8
2017-01-20,4712,16.5
2017-01-23,4712,17.05
2017-01-24,4712,17.0
2017-01-03,4714,10.59
2017-01-04,4714,10.63
2017-01-05,4714,10.41
2017-01-06,4714,9.99
2017-01-09,4714,10.09
2017-01-10,4714,9.74
2017-01-11,4714,9.56
2017-01-12,4714,9.99
2017-01-13,4714,10.31
2017-01-16,4714,9.99
2017-01-17,4714,9.81
2017-01-18,4714,9.84
2017-01-19,4714,9.88
2017-01-20,4714,9.84
2017-01-23,4714,9.7
2017-01-24,4714,9.77
2017-01-03,4720,12.0
2017-01-04,4720,12.08
2017-01-05,4720,12.12
2017-01-06,4720,12.08
2017-01-09,4720,12.12
2017-01-10,4720,12.16
2017-01-11,4720,12.08
2017-01-12,4720,12.04
2017-01-13,4720,12.08
2017-01-16,4720,11.96
2017-01-17,4720,12.0
2017-01-18,4720,12.04
2017-01-19,4720,12.08
2017-01-20,4720,12.0
2017-01-23,4720,12.0
2017-01-24,4720,12.0
2017-01-03,4721,24.01
2017-01-04,4721,24.89
2017-01-05,4721,24.85
2017-01-06,4721,24.74
2017-01-09,4721,24.35
2017-01-10,4721,25.47
2017-01-11,4721,25.12
2017-01-12,4721,25.47
2017-01-13,4721,25.39
2017-01-16,4721,24.74
2017-01-17,4721,24.66
2017-01-18,4721,24.51
2017-01-19,4721,24.58
2017-01-20,4721,24.74
2017-01-23,4721,24.81
2017-01-24,4721,25.12
2017-01-03,4722,20.41
2017-01-04,4722,20.65
2017-01-05,4722,20.68
2017-01-06,4722,20.95
2017-01-09,4722,21.1
2017-01-10,4722,21.01
2017-01-11,4722,20.89
2017-01-12,4722,20.83
2017-01-13,4722,20.8
2017-01-16,4722,20.77
2017-01-17,4722,21.19
2017-01-18,4722,21.04
2017-01-19,4722,20.98
2017-01-20,4722,20.86
2017-01-23,4722,20.83
2017-01-24,4722,20.8
2017-01-03,4725,52.96
2017-01-04,4725,53.52
2017-01-05,4725,52.52
2017-01-06,4725,53.63
2017-01-09,4725,51.97
2017-01-10,4725,51.31
2017-01-11,4725,50.64
2017-01-12,4725,50.64
2017-01-13,4725,51.09
2017-01-16,4725,49.21
2017-01-17,4725,49.32
2017-01-18,4725,49.21
2017-01-19,4725,49.54
2017-01-20,4725,49.76
2017-01-23,4725,49.09
2017-01-24,4725,49.87
2017-01-03,4726,34.2
2017-01-04,4726,34.55
2017-01-05,4726,37.9
2017-01-06,4726,38.5
2017-01-09,4726,37.85
2017-01-10,4726,36.9
2017-01-11,4726,36.7
2017-01-12,4726,36.5
2017-01-13,4726,35.8
2017-01-16,4726,36.0
2017-01-17,4726,35.5
2017-01-18,4726,35.65
2017-01-19,4726,35.5
2017-01-20,4726,37.5
2017-01-23,4726,37.65
2017-01-24,4726,37.1
2017-01-03,4728,34.83
2017-01-04,4728,34.62
2017-01-05,4728,34.87
2017-01-06,4728,34.62
2017-01-09,4728,34.95
2017-01-10,4728,34.95
2017-01-11,4728,34.91
2017-01-12,4728,35.0
2017-01-13,4728,34.91
2017-01-16,4728,34.83
2017-01-17,4728,34.91
2017-01-18,4728,35.0
2017-01-19,4728,34.79
2017-01-20,4728,34.91
2017-01-23,4728,35.33
2017-01-24,4728,34.83
2017-01-03,4729,22.1
2017-01-04,4729,22.47
2017-01-05,4729,22.05
2017-01-06,4729,22.23
2017-01-09,4729,21.86
2017-01-10,4729,21.44
2017-01-11,4729,21.44
2017-01-12,4729,21.2
2017-01-13,4729,21.01
2017-01-16,4729,20.47
2017-01-17,4729,20.71
2017-01-18,4729,21.08
2017-01-19,4729,21.01
2017-01-20,4729,20.96
2017-01-23,4729,20.96
2017-01-24,4729,20.71
2017-01-03,4735,22.12
2017-01-04,4735,22.28
2017-01-05,4735,22.89
2017-01-06,4735,22.49
2017-01-09,4735,22.31
2017-01-10,4735,22.37
2017-01-11,4735,22.4
2017-01-12,4735,22.12
2017-01-13,4735,22.0
2017-01-16,4735,22.03
2017-01-17,4735,22.0
2017-01-18,4735,21.97
2017-01-19,4735,21.91
2017-01-20,4735,22.12
2017-01-23,4735,22.15
2017-01-24,4735,22.37
2017-01-03,4736,63.17
2017-01-04,4736,64.05
2017-01-05,4736,64.34
2017-01-06,4736,66.68
2017-01-09,4736,65.22
2017-01-10,4736,66.09
2017-01-11,4736,65.22
2017-01-12,4736,65.51
2017-01-13,4736,65.22
2017-01-16,4736,63.46
2017-01-17,4736,63.46
2017-01-18,4736,63.75
2017-01-19,4736,63.17
2017-01-20,4736,63.46
2017-01-23,4736,63.17
2017-01-24,4736,62.88
2017-01-03,4737,40.67
2017-01-04,4737,42.55
2017-01-05,4737,42.55
2017-01-06,4737,42.7
2017-01-09,4737,42.12
2017-01-10,4737,41.61
2017-01-11,4737,40.88
2017-01-12,4737,41.1
2017-01-13,4737,41.32
2017-01-16,4737,40.74
2017-01-17,4737,41.32
2017-01-18,4737,41.68
2017-01-19,4737,41.68
2017-01-20,4737,41.61
2017-01-23,4737,41.9
2017-01-24,4737,42.19
2017-01-03,4739,30.78
2017-01-04,4739,31.38
2017-01-05,4739,31.56
2017-01-06,4739,31.41
2017-01-09,4739,31.15
2017-01-10,4739,31.45
2017-01-11,4739,31.23
2017-01-12,4739,31.34
2017-01-13,4739,31.04
2017-01-16,4739,30.85
2017-01-17,4739,30.7
2017-01-18,4739,30.7
2017-01-19,4739,30.89
2017-01-20,4739,31.26
2017-01-23,4739,31.79
2017-01-24,4739,32.43
2017-01-03,4741,55.6
2017-01-04,4741,57.62
2017-01-05,4741,58.24
2017-01-06,4741,57.91
2017-01-09,4741,58.21
2017-01-10,4741,57.84
2017-01-11,4741,55.55
2017-01-12,4741,55.36
2017-01-13,4741,55.0
2017-01-16,4741,55.29
2017-01-17,4741,54.49
2017-01-18,4741,55.58
2017-01-19,4741,56.34
2017-01-20,4741,56.84
2017-01-23,4741,57.7
2017-01-24,4741,57.55
2017-01-03,4743,29.7
2017-01-04,4743,29.7
2017-01-05,4743,29.87
2017-01-06,4743,29.78
2017-01-09,4743,29.52
2017-01-10,4743,29.17
2017-01-11,4743,29.52
2017-01-12,4743,29.26
2017-01-13,4743,29.12
2017-01-16,4743,28.55
2017-01-17,4743,27.81
2017-01-18,4743,28.73
2017-01-19,4743,28.25
2017-01-20,4743,28.11
2017-01-23,4743,28.25
2017-01-24,4743,28.33
2017-01-03,4744,28.44
2017-01-04,4744,28.53
2017-01-05,4744,28.47
2017-01-06,4744,28.5
2017-01-09,4744,28.88
2017-01-10,4744,28.59
2017-01-11,4744,28.15
2017-01-12,4744,27.82
2017-01-13,4744,27.87
2017-01-16,4744,28.39
2017-01-17,4744,28.18
2017-01-18,4744,28.09
2017-01-19,4744,28.24
2017-01-20,4744,28.4
2017-01-23,4744,28.77
2017-01-24,4744,28.84
2017-01-03,4745,27.35
2017-01-04,4745,27.3
2017-01-05,4745,27.66
2017-01-06,4745,28.05
2017-01-09,4745,27.74
2017-01-10,4745,27.66
2017-01-11,4745,26.66
2017-01-12,4745,26.55
2017-01-13,4745,26.52
2017-01-16,4745,26.55
2017-01-17,4745,26.6
2017-01-18,4745,26.6
2017-01-19,4745,26.58
2017-01-20,4745,26.38
2017-01-23,4745,26.38
2017-01-24,4745,26.33
2017-01-03,4746,82.2
2017-01-04,4746,82.03
2017-01-05,4746,81.86
2017-01-06,4746,82.36
2017-01-09,4746,82.28
2017-01-10,4746,82.11
2017-01-11,4746,82.03
2017-01-12,4746,81.61
2017-01-13,4746,82.03
2017-01-16,4746,83.03
2017-01-17,4746,82.45
2017-01-18,4746,84.87
2017-01-19,4746,83.53
2017-01-20,4746,82.7
2017-01-23,4746,82.53
2017-01-24,4746,81.61
2017-01-03,4747,23.01
2017-01-04,4747,23.01
2017-01-05,4747,23.26
2017-01-06,4747,23.14
2017-01-09,4747,23.04
2017-01-10,4747,23.14
2017-01-11,4747,23.17
2017-01-12,4747,23.08
2017-01-13,4747,23.08
2017-01-16,4747,23.23
2017-01-17,4747,23.23
2017-01-18,4747,23.26
2017-01-19,4747,23.8
2017-01-20,4747,23.3
2017-01-23,4747,23.36
2017-01-24,4747,23.26
2017-01-03,4754,19.93
2017-01-04,4754,19.86
2017-01-05,4754,19.89
2017-01-06,4754,19.86
2017-01-09,4754,19.74
2017-01-10,4754,19.3
2017-01-11,4754,19.11
2017-01-12,4754,19.0
2017-01-13,4754,18.85
2017-01-16,4754,18.71
2017-01-17,4754,18.56
2017-01-18,4754,18.47
2017-01-19,4754,18.47
2017-01-20,4754,18.73
2017-01-23,4754,18.47
2017-01-24,4754,18.55
2017-01-03,4755,20.42
2017-01-04,4755,20.62
2017-01-05,4755,20.42
2017-01-06,4755,20.35
2017-01-09,4755,19.82
2017-01-10,4755,19.76
2017-01-11,4755,19.69
2017-01-12,4755,19.59
2017-01-13,4755,19.36
2017-01-16,4755,19.42
2017-01-17,4755,19.62
2017-01-18,4755,19.46
2017-01-19,4755,19.49
2017-01-20,4755,19.59
2017-01-23,4755,19.76
2017-01-24,4755,19.76
2017-01-03,4760,14.41
2017-01-04,4760,14.19
2017-01-05,4760,14.27
2017-01-06,4760,13.89
2017-01-09,4760,14.27
2017-01-10,4760,13.84
2017-01-11,4760,13.78
2017-01-12,4760,14.13
2017-01-13,4760,14.88
2017-01-16,4760,14.28
2017-01-17,4760,14.29
2017-01-18,4760,14.27
2017-01-19,4760,14.79
2017-01-23,4760,13.77
2017-01-24,4760,14.14
2017-01-03,4763,51.17
2017-01-04,4763,51.38
2017-01-05,4763,53.1
2017-01-06,4763,52.67
2017-01-09,4763,53.53
2017-01-10,4763,55.9
2017-01-11,4763,56.54
2017-01-12,4763,57.83
2017-01-13,4763,58.48
2017-01-16,4763,56.97
2017-01-17,4763,57.62
2017-01-18,4763,57.62
2017-01-19,4763,56.11
2017-01-20,4763,55.25
2017-01-23,4763,56.11
2017-01-24,4763,56.76
2017-01-03,4764,44.58
2017-01-04,4764,44.58
2017-01-05,4764,43.95
2017-01-06,4764,44.02
2017-01-09,4764,44.65
2017-01-10,4764,44.65
2017-01-11,4764,46.05
2017-01-12,4764,46.4
2017-01-13,4764,47.09
2017-01-16,4764,47.3
2017-01-17,4764,46.05
2017-01-18,4764,46.05
2017-01-19,4764,46.74
2017-01-20,4764,47.44
2017-01-24,4764,47.44
2017-01-03,4803,105.71
2017-01-04,4803,103.95
2017-01-05,4803,104.24
2017-01-06,4803,100.42
2017-01-09,4803,98.37
2017-01-10,4803,99.54
2017-01-11,4803,98.66
2017-01-12,4803,100.13
2017-01-13,4803,99.84
2017-01-16,4803,97.78
2017-01-17,4803,98.66
2017-01-18,4803,96.61
2017-01-19,4803,95.72
2017-01-20,4803,95.72
2017-01-23,4803,96.31
2017-01-24,4803,94.84
2017-01-03,4804,73.36
2017-01-04,4804,74.38
2017-01-05,4804,74.75
2017-01-06,4804,75.12
2017-01-09,4804,73.36
2017-01-10,4804,72.81
2017-01-11,4804,71.7
2017-01-12,4804,72.63
2017-01-13,4804,72.72
2017-01-16,4804,71.98
2017-01-17,4804,72.44
2017-01-18,4804,71.52
2017-01-19,4804,70.5
2017-01-20,4804,70.97
2017-01-23,4804,71.52
2017-01-24,4804,71.52
2017-01-03,4806,56.52
2017-01-04,4806,56.26
2017-01-05,4806,55.17
2017-01-06,4806,54.66
2017-01-09,4806,54.32
2017-01-10,4806,53.98
2017-01-11,4806,54.15
2017-01-12,4806,54.15
2017-01-13,4806,54.91
2017-01-16,4806,54.74
2017-01-17,4806,54.83
2017-01-18,4806,54.49
2017-01-19,4806,53.81
2017-01-20,4806,54.41
2017-01-23,4806,54.07
2017-01-24,4806,55.59
2017-01-03,4807,82.57
2017-01-04,4807,82.93
2017-01-09,4807,81.86
2017-01-10,4807,80.79
2017-01-11,4807,81.06
2017-01-12,4807,80.77
2017-01-13,4807,81.86
2017-01-16,4807,80.41
2017-01-17,4807,79.7
2017-01-20,4807,78.98
2017-01-23,4807,78.98
2017-01-03,4904,49.55
2017-01-04,4904,50.31
2017-01-05,4904,50.65
2017-01-06,4904,50.65
2017-01-09,4904,50.58
2017-01-10,4904,50.51
2017-01-11,4904,50.58
2017-01-12,4904,50.58
2017-01-13,4904,50.93
2017-01-16,4904,51.27
2017-01-17,4904,51.07
2017-01-18,4904,51.21
2017-01-19,4904,51.21
2017-01-20,4904,51.0
2017-01-23,4904,51.41
2017-01-24,4904,51.41
2017-01-03,4905,41.12
2017-01-04,4905,41.26
2017-01-05,4905,42.0
2017-01-06,4905,41.45
2017-01-09,4905,41.03
2017-01-10,4905,40.85
2017-01-11,4905,40.53
2017-01-12,4905,40.44
2017-01-13,4905,40.85
2017-01-16,4905,40.81
2017-01-17,4905,41.08
2017-01-18,4905,40.89
2017-01-19,4905,40.67
2017-01-20,4905,40.71
2017-01-23,4905,40.71
2017-01-24,4905,40.76
2017-01-03,4906,17.41
2017-01-04,4906,17.6
2017-01-05,4906,18.0
2017-01-06,4906,17.7
2017-01-09,4906,17.74
2017-01-10,4906,17.96
2017-01-11,4906,17.63
2017-01-12,4906,17.6
2017-01-13,4906,17.81
2017-01-16,4906,17.41
2017-01-17,4906,16.9
2017-01-18,4906,17.41
2017-01-19,4906,17.81
2017-01-20,4906,17.92
2017-01-23,4906,17.89
2017-01-24,4906,17.78
2017-01-03,4908,12.47
2017-01-04,4908,12.5
2017-01-05,4908,12.47
2017-01-06,4908,12.5
2017-01-09,4908,12.36
2017-01-10,4908,12.32
2017-01-11,4908,12.29
2017-01-12,4908,12.5
2017-01-13,4908,12.43
2017-01-16,4908,12.39
2017-01-17,4908,12.39
2017-01-18,4908,12.43
2017-01-19,4908,12.87
2017-01-20,4908,12.9
2017-01-23,4908,12.9
2017-01-24,4908,12.9
2017-01-03,4909,18.27
2017-01-04,4909,18.36
2017-01-05,4909,18.61
2017-01-06,4909,18.53
2017-01-09,4909,18.95
2017-01-10,4909,18.7
2017-01-11,4909,18.61
2017-01-12,4909,18.48
2017-01-13,4909,18.53
2017-01-16,4909,18.57
2017-01-17,4909,18.57
2017-01-18,4909,18.61
2017-01-19,4909,18.7
2017-01-20,4909,18.61
2017-01-23,4909,18.7
2017-01-24,4909,18.65
2017-01-03,4911,74.7
2017-01-04,4911,75.64
2017-01-05,4911,74.7
2017-01-06,4911,74.24
2017-01-09,4911,73.86
2017-01-10,4911,73.86
2017-01-11,4911,73.3
2017-01-12,4911,73.3
2017-01-13,4911,73.77
2017-01-16,4911,74.05
2017-01-17,4911,73.77
2017-01-18,4911,73.3
2017-01-19,4911,73.3
2017-01-20,4911,72.84
2017-01-23,4911,72.74
2017-01-24,4911,73.21
2017-01-03,4912,46.73
2017-01-04,4912,46.85
2017-01-05,4912,49.07
2017-01-06,4912,49.55
2017-01-09,4912,50.33
2017-01-10,4912,50.63
2017-01-11,4912,50.93
2017-01-12,4912,51.59
2017-01-13,4912,52.01
2017-01-16,4912,52.61
2017-01-17,4912,51.65
2017-01-18,4912,51.65
2017-01-19,4912,51.77
2017-01-20,4912,51.77
2017-01-23,4912,56.94
2017-01-24,4912,61.86
2017-01-03,4915,27.75
2017-01-04,4915,27.3
2017-01-05,4915,27.24
2017-01-06,4915,27.62
2017-01-09,4915,28.0
2017-01-10,4915,27.75
2017-01-11,4915,27.72
2017-01-12,4915,28.0
2017-01-13,4915,28.22
2017-01-16,4915,27.75
2017-01-17,4915,27.75
2017-01-18,4915,28.54
2017-01-19,4915,28.03
2017-01-20,4915,28.0
2017-01-23,4915,28.13
2017-01-24,4915,28.29
2017-01-03,4916,22.87
2017-01-04,4916,22.87
2017-01-05,4916,23.01
2017-01-06,4916,22.87
2017-01-09,4916,23.5
2017-01-10,4916,23.12
2017-01-11,4916,23.08
2017-01-12,4916,22.77
2017-01-13,4916,22.31
2017-01-16,4916,22.66
2017-01-17,4916,22.56
2017-01-18,4916,22.91
2017-01-19,4916,23.15
2017-01-20,4916,23.08
2017-01-23,4916,22.94
2017-01-24,4916,23.08
2017-01-03,4919,26.93
2017-01-04,4919,27.28
2017-01-05,4919,27.38
2017-01-06,4919,27.62
2017-01-09,4919,27.28
2017-01-10,4919,27.14
2017-01-11,4919,27.28
2017-01-12,4919,27.24
2017-01-13,4919,26.93
2017-01-16,4919,26.3
2017-01-17,4919,27.52
2017-01-18,4919,27.69
2017-01-19,4919,27.8
2017-01-20,4919,28.74
2017-01-23,4919,28.74
2017-01-24,4919,28.81
2017-01-03,4927,21.68
2017-01-04,4927,21.75
2017-01-05,4927,21.75
2017-01-06,4927,21.72
2017-01-09,4927,21.75
2017-01-10,4927,21.68
2017-01-11,4927,21.72
2017-01-12,4927,21.65
2017-01-13,4927,22.07
2017-01-16,4927,22.72
2017-01-17,4927,22.47
2017-01-18,4927,22.11
2017-01-19,4927,22.11
2017-01-20,4927,21.9
2017-01-23,4927,21.97
2017-01-24,4927,21.97
2017-01-03,4930,12.0
2017-01-04,4930,12.05
2017-01-05,4930,12.28
2017-01-06,4930,12.28
2017-01-09,4930,12.28
2017-01-10,4930,12.13
2017-01-11,4930,12.19
2017-01-12,4930,12.28
2017-01-13,4930,12.28
2017-01-16,4930,12.19
2017-01-17,4930,12.13
2017-01-18,4930,12.32
2017-01-19,4930,12.23
2017-01-20,4930,12.28
2017-01-23,4930,12.36
2017-01-24,4930,12.46
2017-01-03,4933,14.06
2017-01-04,4933,14.03
2017-01-05,4933,14.65
2017-01-06,4933,14.59
2017-01-09,4933,14.25
2017-01-10,4933,14.22
2017-01-11,4933,14.19
2017-01-12,4933,14.28
2017-01-13,4933,14.13
2017-01-16,4933,14.16
2017-01-17,4933,14.28
2017-01-18,4933,14.19
2017-01-19,4933,14.28
2017-01-20,4933,14.37
2017-01-23,4933,15.8
2017-01-24,4933,16.76
2017-01-03,4934,25.41
2017-01-04,4934,25.75
2017-01-05,4934,25.75
2017-01-06,4934,25.66
2017-01-09,4934,25.23
2017-01-10,4934,26.2
2017-01-11,4934,25.84
2017-01-12,4934,25.84
2017-01-13,4934,25.75
2017-01-16,4934,25.49
2017-01-17,4934,25.14
2017-01-18,4934,25.49
2017-01-19,4934,25.75
2017-01-20,4934,25.66
2017-01-23,4934,25.75
2017-01-24,4934,25.49
2017-01-03,4935,44.87
2017-01-04,4935,44.81
2017-01-05,4935,44.54
2017-01-06,4935,45.33
2017-01-09,4935,43.89
2017-01-10,4935,43.75
2017-01-11,4935,43.49
2017-01-12,4935,43.43
2017-01-13,4935,42.83
2017-01-16,4935,42.37
2017-01-17,4935,43.49
2017-01-18,4935,43.36
2017-01-19,4935,44.87
2017-01-20,4935,43.69
2017-01-23,4935,41.78
2017-01-24,4935,40.27
2017-01-03,4938,46.24
2017-01-04,4938,46.71
2017-01-05,4938,46.0
2017-01-06,4938,46.0
2017-01-09,4938,45.94
2017-01-10,4938,46.47
2017-01-11,4938,43.64
2017-01-12,4938,42.88
2017-01-13,4938,43.29
2017-01-16,4938,43.52
2017-01-17,4938,43.35
2017-01-18,4938,43.35
2017-01-19,4938,43.94
2017-01-20,4938,43.64
2017-01-23,4938,44.06
2017-01-24,4938,44.29
2017-01-03,4942,16.3
2017-01-04,4942,16.33
2017-01-05,4942,16.27
2017-01-06,4942,16.05
2017-01-09,4942,16.15
2017-01-10,4942,16.27
2017-01-11,4942,16.43
2017-01-12,4942,16.36
2017-01-13,4942,16.18
2017-01-16,4942,16.15
2017-01-17,4942,16.05
2017-01-18,4942,16.21
2017-01-19,4942,16.21
2017-01-20,4942,16.24
2017-01-23,4942,16.3
2017-01-24,4942,16.21
2017-01-03,4943,90.97
2017-01-04,4943,89.07
2017-01-05,4943,87.46
2017-01-06,4943,91.99
2017-01-09,4943,89.07
2017-01-10,4943,96.37
2017-01-11,4943,103.67
2017-01-12,4943,107.32
2017-01-13,4943,109.51
2017-01-16,4943,107.46
2017-01-17,4943,109.51
2017-01-18,4943,116.81
2017-01-19,4943,114.62
2017-01-20,4943,110.24
2017-01-23,4943,114.62
2017-01-24,4943,113.17
2017-01-03,4944,49.36
2017-01-04,4944,50.04
2017-01-05,4944,55.01
2017-01-06,4944,55.68
2017-01-09,4944,54.64
2017-01-10,4944,53.17
2017-01-11,4944,53.35
2017-01-12,4944,55.31
2017-01-13,4944,55.13
2017-01-16,4944,54.09
2017-01-17,4944,54.33
2017-01-18,4944,54.51
2017-01-19,4944,58.26
2017-01-20,4944,60.16
2017-01-23,4944,58.44
2017-01-24,4944,56.48
2017-01-03,4946,170.14
2017-01-04,4946,171.78
2017-01-05,4946,174.79
2017-01-06,4946,172.88
2017-01-09,4946,173.7
2017-01-10,4946,172.33
2017-01-11,4946,169.58
2017-01-12,4946,174.52
2017-01-13,4946,171.78
2017-01-16,4946,170.68
2017-01-17,4946,170.4
2017-01-18,4946,177.82
2017-01-19,4946,173.7
2017-01-20,4946,171.5
2017-01-23,4946,169.03
2017-01-24,4946,165.74
2017-01-03,4950,17.94
2017-01-04,4950,17.94
2017-01-05,4950,18.17
2017-01-06,4950,17.94
2017-01-09,4950,18.13
2017-01-10,4950,18.08
2017-01-11,4950,17.27
2017-01-12,4950,17.23
2017-01-13,4950,17.32
2017-01-16,4950,17.18
2017-01-17,4950,17.18
2017-01-18,4950,17.32
2017-01-19,4950,17.32
2017-01-20,4950,17.23
2017-01-23,4950,17.51
2017-01-24,4950,17.51
2017-01-03,4951,12.18
2017-01-04,4951,12.06
2017-01-05,4951,12.15
2017-01-06,4951,11.98
2017-01-09,4951,12.36
2017-01-12,4951,11.96
2017-01-13,4951,12.31
2017-01-16,4951,12.23
2017-01-17,4951,12.21
2017-01-19,4951,12.02
2017-01-23,4951,12.4
2017-01-24,4951,12.03
2017-01-03,4952,21.27
2017-01-04,4952,21.55
2017-01-05,4952,21.86
2017-01-06,4952,22.14
2017-01-09,4952,21.75
2017-01-10,4952,21.66
2017-01-11,4952,21.86
2017-01-12,4952,21.69
2017-01-13,4952,21.69
2017-01-16,4952,21.66
2017-01-17,4952,21.86
2017-01-18,4952,21.98
2017-01-19,4952,21.98
2017-01-20,4952,21.95
2017-01-23,4952,21.86
2017-01-24,4952,21.95
2017-01-03,4953,12.29
2017-01-04,4953,12.49
2017-01-05,4953,12.49
2017-01-06,4953,12.29
2017-01-09,4953,12.32
2017-01-10,4953,12.29
2017-01-11,4953,12.29
2017-01-12,4953,12.27
2017-01-13,4953,12.27
2017-01-16,4953,12.27
2017-01-17,4953,12.21
2017-01-18,4953,12.27
2017-01-19,4953,12.24
2017-01-20,4953,12.15
2017-01-23,4953,12.32
2017-01-24,4953,12.32
2017-01-03,4956,21.06
2017-01-04,4956,21.3
2017-01-05,4956,21.21
2017-01-06,4956,21.06
2017-01-09,4956,19.73
2017-01-10,4956,19.73
2017-01-11,4956,19.2
2017-01-12,4956,19.49
2017-01-13,4956,19.3
2017-01-16,4956,19.01
2017-01-17,4956,19.25
2017-01-18,4956,19.06
2017-01-19,4956,19.01
2017-01-20,4956,19.01
2017-01-23,4956,19.06
2017-01-24,4956,19.2
2017-01-03,4958,43.87
2017-01-04,4958,43.87
2017-01-05,4958,44.08
2017-01-06,4958,44.36
2017-01-09,4958,44.08
2017-01-10,4958,44.36
2017-01-11,4958,44.91
2017-01-12,4958,45.87
2017-01-13,4958,45.46
2017-01-16,4958,44.56
2017-01-17,4958,45.39
2017-01-18,4958,45.18
2017-01-19,4958,45.32
2017-01-20,4958,44.84
2017-01-23,4958,45.25
2017-01-24,4958,44.97
2017-01-03,4960,13.21
2017-01-04,4960,13.54
2017-01-05,4960,14.26
2017-01-06,4960,14.22
2017-01-09,4960,13.69
2017-01-10,4960,13.45
2017-01-11,4960,13.64
2017-01-12,4960,13.45
2017-01-13,4960,13.3
2017-01-16,4960,12.73
2017-01-17,4960,12.59
2017-01-18,4960,13.83
2017-01-19,4960,13.4
2017-01-20,4960,13.49
2017-01-23,4960,13.3
2017-01-24,4960,13.16
2017-01-03,4961,34.94
2017-01-04,4961,35.06
2017-01-05,4961,35.41
2017-01-06,4961,35.18
2017-01-09,4961,34.99
2017-01-10,4961,34.61
2017-01-11,4961,34.34
2017-01-12,4961,34.25
2017-01-13,4961,34.14
2017-01-16,4961,34.11
2017-01-17,4961,34.14
2017-01-18,4961,34.25
2017-01-19,4961,34.29
2017-01-20,4961,34.29
2017-01-23,4961,34.27
2017-01-24,4961,34.16
2017-01-03,4966,262.45
2017-01-04,4966,262.45
2017-01-05,4966,265.77
2017-01-06,4966,270.35
2017-01-09,4966,260.37
2017-01-10,4966,259.95
2017-01-11,4966,259.12
2017-01-12,4966,259.95
2017-01-13,4966,259.12
2017-01-16,4966,254.96
2017-01-17,4966,256.21
2017-01-18,4966,258.29
2017-01-19,4966,260.37
2017-01-20,4966,260.78
2017-01-23,4966,263.7
2017-01-24,4966,267.85
2017-01-03,4968,34.21
2017-01-04,4968,34.75
2017-01-05,4968,35.4
2017-01-06,4968,34.93
2017-01-09,4968,34.51
2017-01-10,4968,34.69
2017-01-11,4968,34.63
2017-01-12,4968,36.23
2017-01-13,4968,37.9
2017-01-16,4968,37.07
2017-01-17,4968,38.07
2017-01-18,4968,38.67
2017-01-19,4968,38.25
2017-01-20,4968,38.02
2017-01-23,4968,38.43
2017-01-24,4968,38.02
2017-01-03,4971,70.24
2017-01-04,4971,73.13
2017-01-05,4971,72.7
2017-01-06,4971,73.47
2017-01-09,4971,72.7
2017-01-10,4971,71.68
2017-01-11,4971,71.09
2017-01-12,4971,71.09
2017-01-13,4971,71.43
2017-01-16,4971,69.05
2017-01-17,4971,69.81
2017-01-18,4971,69.39
2017-01-19,4971,69.3
2017-01-20,4971,69.22
2017-01-23,4971,69.56
2017-01-24,4971,69.98
2017-01-03,4972,20.03
2017-01-04,4972,19.97
2017-01-05,4972,20.0
2017-01-06,4972,20.03
2017-01-09,4972,20.08
2017-01-10,4972,20.03
2017-01-11,4972,20.03
2017-01-12,4972,20.14
2017-01-13,4972,20.14
2017-01-16,4972,20.14
2017-01-17,4972,20.11
2017-01-18,4972,20.29
2017-01-19,4972,20.26
2017-01-20,4972,20.14
2017-01-23,4972,20.29
2017-01-24,4972,20.29
2017-01-03,4973,12.14
2017-01-04,4973,12.26
2017-01-05,4973,12.41
2017-01-06,4973,12.38
2017-01-09,4973,12.35
2017-01-10,4973,12.32
2017-01-11,4973,11.96
2017-01-12,4973,11.96
2017-01-13,4973,11.96
2017-01-16,4973,12.02
2017-01-17,4973,11.96
2017-01-18,4973,12.05
2017-01-19,4973,11.99
2017-01-20,4973,12.02
2017-01-23,4973,11.99
2017-01-24,4973,12.02
2017-01-03,4974,18.95
2017-01-04,4974,18.89
2017-01-05,4974,19.28
2017-01-06,4974,19.06
2017-01-09,4974,18.92
2017-01-10,4974,18.89
2017-01-11,4974,18.92
2017-01-12,4974,19.03
2017-01-13,4974,19.28
2017-01-16,4974,21.19
2017-01-17,4974,22.99
2017-01-18,4974,22.71
2017-01-19,4974,22.41
2017-01-20,4974,22.35
2017-01-23,4974,22.44
2017-01-24,4974,22.21
2017-01-03,4976,22.21
2017-01-04,4976,23.15
2017-01-05,4976,24.13
2017-01-06,4976,23.76
2017-01-09,4976,23.76
2017-01-10,4976,23.43
2017-01-11,4976,22.54
2017-01-12,4976,22.35
2017-01-13,4976,22.35
2017-01-16,4976,22.21
2017-01-17,4976,22.87
2017-01-18,4976,23.38
2017-01-19,4976,23.85
2017-01-20,4976,24.41
2017-01-23,4976,24.04
2017-01-24,4976,24.32
2017-01-03,4977,56.78
2017-01-04,4977,56.27
2017-01-05,4977,57.42
2017-01-06,4977,60.31
2017-01-09,4977,58.06
2017-01-10,4977,58.19
2017-01-11,4977,56.46
2017-01-12,4977,56.85
2017-01-13,4977,56.72
2017-01-16,4977,55.37
2017-01-17,4977,56.78
2017-01-18,4977,56.14
2017-01-19,4977,56.46
2017-01-20,4977,57.04
2017-01-23,4977,56.52
2017-01-24,4977,57.74
2017-01-03,4979,33.25
2017-01-04,4979,32.68
2017-01-05,4979,33.68
2017-01-06,4979,33.25
2017-01-09,4979,32.21
2017-01-10,4979,32.49
2017-01-11,4979,31.97
2017-01-12,4979,32.21
2017-01-13,4979,31.73
2017-01-16,4979,31.68
2017-01-17,4979,32.25
2017-01-18,4979,32.16
2017-01-19,4979,33.06
2017-01-20,4979,32.78
2017-01-23,4979,33.35
2017-01-24,4979,32.82
2017-01-03,4984,53.63
2017-01-04,4984,53.19
2017-01-05,4984,53.81
2017-01-06,4984,53.19
2017-01-09,4984,54.17
2017-01-10,4984,54.61
2017-01-11,4984,59.3
2017-01-12,4984,59.74
2017-01-13,4984,61.69
2017-01-16,4984,61.6
2017-01-17,4984,61.95
2017-01-18,4984,63.19
2017-01-19,4984,61.69
2017-01-20,4984,61.51
2017-01-23,4984,61.33
2017-01-24,4984,61.95
2017-01-03,4987,22.36
2017-01-04,4987,22.2
2017-01-05,4987,22.29
2017-01-06,4987,22.24
2017-01-09,4987,22.2
2017-01-10,4987,22.0
2017-01-11,4987,22.77
2017-01-12,4987,22.58
2017-01-13,4987,22.48
2017-01-16,4987,22.17
2017-01-17,4987,22.39
2017-01-18,4987,22.32
2017-01-19,4987,22.46
2017-01-20,4987,22.51
2017-01-23,4987,24.75
2017-01-24,4987,24.22
2017-01-03,4991,60.04
2017-01-04,4991,60.04
2017-01-05,4991,59.95
2017-01-06,4991,60.71
2017-01-09,4991,59.57
2017-01-10,4991,59.1
2017-01-11,4991,57.68
2017-01-12,4991,57.12
2017-01-13,4991,56.27
2017-01-16,4991,56.27
2017-01-17,4991,56.36
2017-01-18,4991,55.42
2017-01-19,4991,54.47
2017-01-20,4991,52.49
2017-01-23,4991,53.15
2017-01-24,4991,53.15
2017-01-03,4994,88.73
2017-01-04,4994,88.34
2017-01-05,4994,88.09
2017-01-06,4994,86.55
2017-01-09,4994,86.81
2017-01-10,4994,85.14
2017-01-11,4994,84.11
2017-01-12,4994,86.29
2017-01-13,4994,85.9
2017-01-16,4994,85.65
2017-01-17,4994,86.29
2017-01-18,4994,94.88
2017-01-19,4994,94.37
2017-01-20,4994,91.55
2017-01-23,4994,93.73
2017-01-24,4994,92.32
2017-01-03,4995,17.62
2017-01-04,4995,17.53
2017-01-05,4995,17.47
2017-01-06,4995,17.47
2017-01-09,4995,17.47
2017-01-10,4995,17.7
2017-01-11,4995,17.73
2017-01-12,4995,17.93
2017-01-13,4995,17.76
2017-01-16,4995,17.39
2017-01-17,4995,17.64
2017-01-18,4995,17.64
2017-01-19,4995,17.64
2017-01-20,4995,17.7
2017-01-23,4995,17.73
2017-01-24,4995,17.53
2017-01-03,4999,32.36
2017-01-04,4999,32.54
2017-01-05,4999,32.54
2017-01-06,4999,32.91
2017-01-09,4999,32.85
2017-01-10,4999,32.85
2017-01-11,4999,32.97
2017-01-12,4999,33.09
2017-01-13,4999,33.09
2017-01-16,4999,33.03
2017-01-17,4999,33.03
2017-01-18,4999,32.97
2017-01-19,4999,33.21
2017-01-20,4999,32.91
2017-01-23,4999,32.91
2017-01-24,4999,32.91
2017-01-03,5007,34.7
2017-01-04,5007,34.0
2017-01-05,5007,33.87
2017-01-06,5007,34.32
2017-01-09,5007,34.0
2017-01-10,5007,34.06
2017-01-11,5007,34.06
2017-01-12,5007,33.87
2017-01-13,5007,33.75
2017-01-16,5007,33.3
2017-01-17,5007,33.56
2017-01-18,5007,33.3
2017-01-19,5007,33.3
2017-01-20,5007,33.3
2017-01-23,5007,33.3
2017-01-24,5007,33.56
2017-01-03,5009,13.74
2017-01-04,5009,13.92
2017-01-05,5009,13.81
2017-01-06,5009,13.67
2017-01-09,5009,13.74
2017-01-10,5009,13.81
2017-01-11,5009,13.88
2017-01-12,5009,13.99
2017-01-13,5009,14.1
2017-01-16,5009,14.17
2017-01-17,5009,14.35
2017-01-18,5009,14.63
2017-01-19,5009,14.92
2017-01-20,5009,14.78
2017-01-23,5009,14.99
2017-01-24,5009,15.06
2017-01-03,5011,13.12
2017-01-04,5011,12.83
2017-01-05,5011,12.79
2017-01-06,5011,12.42
2017-01-09,5011,12.68
2017-01-10,5011,12.53
2017-01-11,5011,12.09
2017-01-12,5011,12.38
2017-01-13,5011,12.61
2017-01-17,5011,12.35
2017-01-19,5011,12.61
2017-01-20,5011,12.53
2017-01-23,5011,12.27
2017-01-24,5011,12.31
2017-01-03,5013,19.71
2017-01-04,5013,19.68
2017-01-05,5013,19.71
2017-01-06,5013,19.71
2017-01-09,5013,19.95
2017-01-10,5013,19.95
2017-01-11,5013,21.93
2017-01-12,5013,21.93
2017-01-13,5013,21.35
2017-01-16,5013,20.4
2017-01-17,5013,20.26
2017-01-18,5013,20.06
2017-01-19,5013,20.33
2017-01-20,5013,20.4
2017-01-23,5013,20.23
2017-01-24,5013,20.47
2017-01-03,5015,11.23
2017-01-04,5015,11.28
2017-01-05,5015,11.35
2017-01-06,5015,11.4
2017-01-09,5015,11.38
2017-01-10,5015,11.35
2017-01-11,5015,11.4
2017-01-12,5015,11.45
2017-01-13,5015,11.74
2017-01-16,5015,11.84
2017-01-17,5015,11.88
2017-01-18,5015,11.84
2017-01-19,5015,11.84
2017-01-20,5015,11.74
2017-01-23,5015,11.74
2017-01-24,5015,11.67
2017-01-03,5016,19.51
2017-01-04,5016,19.75
2017-01-05,5016,19.63
2017-01-06,5016,19.66
2017-01-09,5016,19.66
2017-01-10,5016,20.24
2017-01-11,5016,19.92
2017-01-12,5016,19.51
2017-01-13,5016,19.16
2017-01-16,5016,19.11
2017-01-17,5016,19.16
2017-01-18,5016,19.28
2017-01-19,5016,19.22
2017-01-20,5016,19.25
2017-01-23,5016,19.4
2017-01-24,5016,19.28
2017-01-03,5102,11.06
2017-01-04,5102,11.02
2017-01-05,5102,11.02
2017-01-06,5102,11.02
2017-01-09,5102,11.02
2017-01-10,5102,10.98
2017-01-11,5102,11.06
2017-01-12,5102,11.37
2017-01-13,5102,11.37
2017-01-16,5102,11.41
2017-01-17,5102,11.53
2017-01-18,5102,11.45
2017-01-19,5102,11.49
2017-01-20,5102,11.45
2017-01-23,5102,11.49
2017-01-24,5102,11.33
2017-01-03,5201,23.24
2017-01-04,5201,23.21
2017-01-05,5201,22.61
2017-01-06,5201,22.91
2017-01-09,5201,22.69
2017-01-10,5201,22.35
2017-01-11,5201,22.24
2017-01-12,5201,22.2
2017-01-13,5201,21.12
2017-01-16,5201,19.04
2017-01-17,5201,17.14
2017-01-18,5201,15.55
2017-01-19,5201,15.92
2017-01-20,5201,15.62
2017-01-23,5201,14.06
2017-01-24,5201,14.84
2017-01-03,5202,21.52
2017-01-04,5202,20.75
2017-01-05,5202,20.29
2017-01-06,5202,21.38
2017-01-09,5202,22.02
2017-01-10,5202,21.38
2017-01-11,5202,22.2
2017-01-12,5202,22.11
2017-01-13,5202,21.66
2017-01-16,5202,20.93
2017-01-17,5202,20.97
2017-01-18,5202,20.84
2017-01-19,5202,20.93
2017-01-20,5202,20.93
2017-01-23,5202,21.75
2017-01-24,5202,23.88
2017-01-03,5203,59.19
2017-01-04,5203,58.95
2017-01-05,5203,58.71
2017-01-06,5203,57.74
2017-01-09,5203,57.1
2017-01-10,5203,57.18
2017-01-11,5203,56.38
2017-01-12,5203,56.54
2017-01-13,5203,56.38
2017-01-16,5203,56.38
2017-01-17,5203,56.14
2017-01-18,5203,55.82
2017-01-19,5203,54.93
2017-01-20,5203,55.17
2017-01-23,5203,54.45
2017-01-24,5203,56.46
2017-01-16,5205,15.35
2017-01-05,5209,21.58
2017-01-06,5209,21.76
2017-01-09,5209,21.82
2017-01-11,5209,21.58
2017-01-12,5209,21.6
2017-01-16,5209,21.5
2017-01-17,5209,22.11
2017-01-19,5209,21.63
2017-01-23,5209,22.09
2017-01-24,5209,21.82
2017-01-03,5211,17.15
2017-01-04,5211,17.41
2017-01-05,5211,17.32
2017-01-06,5211,17.36
2017-01-09,5211,17.28
2017-01-10,5211,17.32
2017-01-11,5211,17.24
2017-01-12,5211,17.32
2017-01-13,5211,17.24
2017-01-16,5211,17.36
2017-01-17,5211,17.28
2017-01-18,5211,17.28
2017-01-19,5211,17.28
2017-01-20,5211,17.28
2017-01-23,5211,17.28
2017-01-24,5211,17.24
2017-01-03,5212,12.31
2017-01-04,5212,12.57
2017-01-05,5212,12.01
2017-01-06,5212,12.67
2017-01-09,5212,12.34
2017-01-10,5212,12.05
2017-01-11,5212,11.69
2017-01-12,5212,11.33
2017-01-13,5212,11.59
2017-01-16,5212,11.29
2017-01-17,5212,11.39
2017-01-18,5212,11.39
2017-01-19,5212,11.33
2017-01-20,5212,11.36
2017-01-23,5212,11.39
2017-01-24,5212,11.46
2017-01-03,5215,15.73
2017-01-04,5215,15.48
2017-01-05,5215,15.59
2017-01-06,5215,15.59
2017-01-09,5215,15.82
2017-01-10,5215,15.9
2017-01-11,5215,15.93
2017-01-12,5215,15.79
2017-01-13,5215,15.98
2017-01-16,5215,15.98
2017-01-17,5215,16.49
2017-01-18,5215,16.65
2017-01-19,5215,16.51
2017-01-20,5215,16.6
2017-01-23,5215,16.57
2017-01-24,5215,16.77
2017-01-03,5220,17.43
2017-01-04,5220,18.04
2017-01-05,5220,18.61
2017-01-06,5220,19.27
2017-01-09,5220,19.16
2017-01-10,5220,19.4
2017-01-11,5220,19.47
2017-01-12,5220,19.4
2017-01-13,5220,19.4
2017-01-16,5220,19.52
2017-01-17,5220,19.34
2017-01-18,5220,18.79
2017-01-19,5220,18.85
2017-01-20,5220,19.47
2017-01-23,5220,20.26
2017-01-24,5220,20.94
2017-01-03,5222,47.9
2017-01-04,5222,52.48
2017-01-05,5222,52.48
2017-01-06,5222,53.61
2017-01-09,5222,55.5
2017-01-10,5222,53.99
2017-01-11,5222,55.12
2017-01-12,5222,54.44
2017-01-13,5222,55.12
2017-01-16,5222,55.87
2017-01-17,5222,54.74
2017-01-18,5222,54.59
2017-01-19,5222,54.37
2017-01-20,5222,55.87
2017-01-23,5222,55.87
2017-01-24,5222,54.74
2017-01-03,5225,21.89
2017-01-04,5225,21.89
2017-01-05,5225,21.89
2017-01-06,5225,21.89
2017-01-09,5225,21.85
2017-01-10,5225,21.89
2017-01-11,5225,22.13
2017-01-12,5225,21.89
2017-01-13,5225,21.96
2017-01-16,5225,21.78
2017-01-17,5225,21.89
2017-01-18,5225,21.96
2017-01-19,5225,21.89
2017-01-20,5225,21.89
2017-01-23,5225,21.78
2017-01-24,5225,21.89
2017-01-16,5228,18.92
2017-01-18,5228,19.33
2017-01-19,5228,18.85
2017-01-23,5228,18.37
2017-01-24,5228,18.27
2017-01-03,5230,33.17
2017-01-04,5230,33.38
2017-01-05,5230,33.74
2017-01-06,5230,34.07
2017-01-09,5230,33.78
2017-01-10,5230,33.38
2017-01-11,5230,33.02
2017-01-12,5230,33.2
2017-01-13,5230,33.17
2017-01-16,5230,33.06
2017-01-17,5230,32.63
2017-01-18,5230,32.92
2017-01-19,5230,32.45
2017-01-20,5230,32.23
2017-01-23,5230,32.38
2017-01-24,5230,32.23
2017-01-03,5234,21.69
2017-01-04,5234,21.81
2017-01-05,5234,21.96
2017-01-06,5234,24.14
2017-01-09,5234,23.54
2017-01-10,5234,23.3
2017-01-11,5234,23.27
2017-01-12,5234,23.09
2017-01-13,5234,22.91
2017-01-16,5234,22.79
2017-01-17,5234,22.82
2017-01-18,5234,22.94
2017-01-19,5234,22.79
2017-01-20,5234,23.03
2017-01-23,5234,23.3
2017-01-24,5234,23.3
2017-01-03,5243,29.23
2017-01-04,5243,29.46
2017-01-05,5243,29.46
2017-01-06,5243,29.64
2017-01-09,5243,29.12
2017-01-10,5243,29.16
2017-01-11,5243,29.19
2017-01-12,5243,29.23
2017-01-13,5243,29.12
2017-01-16,5243,29.04
2017-01-17,5243,29.53
2017-01-18,5243,29.46
2017-01-19,5243,29.34
2017-01-20,5243,29.38
2017-01-23,5243,29.34
2017-01-24,5243,29.38
2017-01-03,5245,85.14
2017-01-04,5245,85.14
2017-01-05,5245,89.08
2017-01-06,5245,90.15
2017-01-09,5245,87.65
2017-01-10,5245,87.29
2017-01-11,5245,87.29
2017-01-12,5245,87.65
2017-01-13,5245,90.15
2017-01-16,5245,88.01
2017-01-17,5245,88.36
2017-01-18,5245,86.22
2017-01-19,5245,85.14
2017-01-20,5245,84.43
2017-01-23,5245,84.79
2017-01-24,5245,85.86
2017-01-03,5251,27.07
2017-01-04,5251,27.39
2017-01-05,5251,27.62
2017-01-06,5251,27.21
2017-01-09,5251,26.21
2017-01-10,5251,26.07
2017-01-11,5251,26.03
2017-01-12,5251,26.12
2017-01-13,5251,26.12
2017-01-16,5251,25.98
2017-01-17,5251,25.98
2017-01-18,5251,25.71
2017-01-19,5251,25.75
2017-01-20,5251,25.71
2017-01-23,5251,25.98
2017-01-24,5251,25.57
2017-01-03,5258,30.58
2017-01-04,5258,30.66
2017-01-05,5258,30.35
2017-01-06,5258,30.43
2017-01-09,5258,30.66
2017-01-10,5258,29.82
2017-01-11,5258,28.98
2017-01-12,5258,31.88
2017-01-13,5258,33.94
2017-01-16,5258,32.11
2017-01-17,5258,31.0
2017-01-18,5258,31.27
2017-01-19,5258,31.04
2017-01-20,5258,33.14
2017-01-23,5258,36.41
2017-01-24,5258,37.86
2017-01-03,5259,9.38
2017-01-04,5259,9.76
2017-01-05,5259,9.54
2017-01-06,5259,10.08
2017-01-09,5259,10.0
2017-01-10,5259,10.0
2017-01-11,5259,9.8
2017-01-12,5259,10.2
2017-01-13,5259,10.4
2017-01-16,5259,10.6
2017-01-17,5259,10.64
2017-01-18,5259,10.52
2017-01-19,5259,10.32
2017-01-20,5259,10.12
2017-01-23,5259,10.84
2017-01-24,5259,10.7
2017-01-03,5263,150.67
2017-01-04,5263,154.57
2017-01-05,5263,155.28
2017-01-06,5263,154.57
2017-01-09,5263,156.7
2017-01-10,5263,157.41
2017-01-11,5263,159.89
2017-01-12,5263,161.66
2017-01-13,5263,160.25
2017-01-16,5263,159.54
2017-01-17,5263,161.66
2017-01-18,5263,161.31
2017-01-19,5263,156.7
2017-01-20,5263,156.35
2017-01-23,5263,156.7
2017-01-24,5263,159.54
2017-01-03,5264,74.73
2017-01-04,5264,74.73
2017-01-05,5264,74.47
2017-01-06,5264,75.16
2017-01-09,5264,75.51
2017-01-10,5264,75.43
2017-01-11,5264,77.26
2017-01-12,5264,76.21
2017-01-13,5264,75.51
2017-01-16,5264,75.08
2017-01-17,5264,75.86
2017-01-18,5264,75.69
2017-01-19,5264,77.87
2017-01-20,5264,75.95
2017-01-23,5264,76.39
2017-01-24,5264,83.54
2017-01-03,5269,230.1
2017-01-04,5269,227.59
2017-01-05,5269,250.18
2017-01-06,5269,255.2
2017-01-09,5269,247.26
2017-01-10,5269,243.49
2017-01-11,5269,251.44
2017-01-12,5269,259.39
2017-01-13,5269,252.69
2017-01-16,5269,245.16
2017-01-17,5269,248.51
2017-01-18,5269,244.33
2017-01-19,5269,240.56
2017-01-20,5269,263.57
2017-01-23,5269,256.46
2017-01-24,5269,257.71
2017-01-03,5272,35.36
2017-01-04,5272,35.45
2017-01-05,5272,35.54
2017-01-06,5272,35.32
2017-01-09,5272,34.75
2017-01-10,5272,34.71
2017-01-11,5272,33.75
2017-01-12,5272,33.57
2017-01-13,5272,33.57
2017-01-16,5272,33.18
2017-01-17,5272,33.27
2017-01-18,5272,33.57
2017-01-19,5272,33.75
2017-01-20,5272,33.75
2017-01-23,5272,33.36
2017-01-24,5272,33.31
2017-01-03,5274,373.41
2017-01-04,5274,372.62
2017-01-05,5274,373.41
2017-01-06,5274,354.86
2017-01-09,5274,355.25
2017-01-10,5274,356.44
2017-01-11,5274,350.52
2017-01-12,5274,357.62
2017-01-13,5274,356.44
2017-01-16,5274,329.99
2017-01-17,5274,353.67
2017-01-18,5274,352.49
2017-01-19,5274,353.28
2017-01-20,5274,343.81
2017-01-23,5274,325.25
2017-01-24,5274,323.28
2017-01-03,5276,19.04
2017-01-04,5276,19.04
2017-01-05,5276,19.04
2017-01-06,5276,19.04
2017-01-09,5276,19.13
2017-01-10,5276,19.13
2017-01-11,5276,19.17
2017-01-12,5276,19.17
2017-01-13,5276,19.29
2017-01-16,5276,19.45
2017-01-17,5276,19.62
2017-01-18,5276,19.58
2017-01-19,5276,19.91
2017-01-20,5276,19.95
2017-01-23,5276,19.99
2017-01-24,5276,20.36
2017-01-03,5281,22.91
2017-01-04,5281,22.51
2017-01-05,5281,22.51
2017-01-06,5281,22.33
2017-01-09,5281,22.19
2017-01-10,5281,21.66
2017-01-11,5281,21.83
2017-01-12,5281,21.83
2017-01-13,5281,21.92
2017-01-16,5281,21.61
2017-01-17,5281,21.66
2017-01-18,5281,21.66
2017-01-19,5281,21.66
2017-01-20,5281,21.97
2017-01-23,5281,22.46
2017-01-24,5281,22.19
2017-01-03,5283,48.04
2017-01-04,5283,47.74
2017-01-05,5283,52.14
2017-01-06,5283,53.28
2017-01-09,5283,52.96
2017-01-10,5283,52.01
2017-01-11,5283,52.17
2017-01-12,5283,52.52
2017-01-13,5283,52.01
2017-01-16,5283,51.75
2017-01-17,5283,52.0
2017-01-18,5283,52.23
2017-01-19,5283,52.01
2017-01-20,5283,51.69
2017-01-23,5283,49.48
2017-01-24,5283,50.42
2017-01-03,5284,38.89
2017-01-04,5284,38.48
2017-01-05,5284,38.75
2017-01-06,5284,38.82
2017-01-09,5284,38.89
2017-01-10,5284,38.95
2017-01-11,5284,38.95
2017-01-12,5284,38.61
2017-01-13,5284,39.02
2017-01-16,5284,38.95
2017-01-17,5284,39.09
2017-01-18,5284,39.02
2017-01-19,5284,38.95
2017-01-20,5284,38.89
2017-01-23,5284,38.61
2017-01-24,5284,38.27
2017-01-03,5285,23.77
2017-01-04,5285,23.91
2017-01-05,5285,24.25
2017-01-06,5285,24.12
2017-01-09,5285,23.74
2017-01-10,5285,23.77
2017-01-11,5285,23.64
2017-01-12,5285,23.84
2017-01-13,5285,23.88
2017-01-16,5285,23.77
2017-01-17,5285,23.95
2017-01-18,5285,24.83
2017-01-19,5285,25.14
2017-01-20,5285,25.76
2017-01-23,5285,25.28
2017-01-24,5285,24.63
2017-01-03,5287,88.9
2017-01-04,5287,87.78
2017-01-05,5287,88.9
2017-01-06,5287,90.02
2017-01-09,5287,87.78
2017-01-10,5287,87.33
2017-01-11,5287,87.56
2017-01-12,5287,86.89
2017-01-13,5287,85.99
2017-01-16,5287,86.21
2017-01-17,5287,88.9
2017-01-18,5287,87.56
2017-01-19,5287,89.57
2017-01-20,5287,88.01
2017-01-23,5287,87.78
2017-01-24,5287,86.89
2017-01-03,5288,59.24
2017-01-04,5288,58.79
2017-01-05,5288,58.87
2017-01-06,5288,58.87
2017-01-09,5288,57.03
2017-01-10,5288,56.08
2017-01-11,5288,55.71
2017-01-12,5288,55.79
2017-01-13,5288,57.25
2017-01-16,5288,56.67
2017-01-17,5288,56.74
2017-01-18,5288,57.03
2017-01-19,5288,56.89
2017-01-20,5288,57.25
2017-01-23,5288,57.47
2017-01-24,5288,58.13
2017-01-03,5289,50.32
2017-01-04,5289,50.62
2017-01-05,5289,52.62
2017-01-06,5289,51.97
2017-01-09,5289,50.74
2017-01-10,5289,50.44
2017-01-11,5289,49.68
2017-01-12,5289,49.5
2017-01-13,5289,49.62
2017-01-16,5289,48.56
2017-01-17,5289,48.79
2017-01-18,5289,48.56
2017-01-19,5289,48.5
2017-01-20,5289,48.44
2017-01-23,5289,48.2
2017-01-24,5289,48.26
2017-01-03,5291,10.43
2017-01-04,5291,10.39
2017-01-05,5291,10.39
2017-01-06,5291,10.39
2017-01-09,5291,10.39
2017-01-10,5291,10.35
2017-01-11,5291,10.2
2017-01-12,5291,10.28
2017-01-13,5291,10.39
2017-01-16,5291,10.39
2017-01-17,5291,10.2
2017-01-18,5291,10.35
2017-01-19,5291,10.35
2017-01-20,5291,10.35
2017-01-23,5291,10.35
2017-01-24,5291,10.5
2017-01-03,5299,14.04
2017-01-04,5299,13.89
2017-01-05,5299,13.89
2017-01-06,5299,13.46
2017-01-09,5299,12.06
2017-01-10,5299,12.56
2017-01-11,5299,12.7
2017-01-12,5299,12.7
2017-01-13,5299,12.58
2017-01-16,5299,12.06
2017-01-17,5299,12.68
2017-01-18,5299,12.25
2017-01-19,5299,12.28
2017-01-23,5299,12.36
2017-01-03,5301,39.9
2017-01-04,5301,39.9
2017-01-05,5301,39.9
2017-01-06,5301,38.87
2017-01-09,5301,38.43
2017-01-10,5301,38.13
2017-01-11,5301,38.43
2017-01-12,5301,38.5
2017-01-13,5301,38.43
2017-01-16,5301,38.28
2017-01-17,5301,38.21
2017-01-18,5301,38.43
2017-01-19,5301,38.13
2017-01-20,5301,38.06
2017-01-23,5301,39.9
2017-01-24,5301,38.87
2017-01-03,5305,20.62
2017-01-04,5305,20.66
2017-01-05,5305,21.49
2017-01-06,5305,21.23
2017-01-09,5305,21.49
2017-01-10,5305,21.57
2017-01-11,5305,21.96
2017-01-12,5305,21.92
2017-01-13,5305,22.14
2017-01-16,5305,22.05
2017-01-17,5305,21.88
2017-01-18,5305,22.66
2017-01-19,5305,24.91
2017-01-20,5305,25.21
2017-01-23,5305,25.95
2017-01-24,5305,25.21
2017-01-03,5306,79.58
2017-01-04,5306,80.27
2017-01-05,5306,80.96
2017-01-06,5306,80.96
2017-01-09,5306,83.03
2017-01-10,5306,83.38
2017-01-11,5306,84.42
2017-01-12,5306,85.8
2017-01-13,5306,85.8
2017-01-16,5306,84.76
2017-01-17,5306,85.11
2017-01-18,5306,85.11
2017-01-19,5306,85.11
2017-01-20,5306,84.76
2017-01-23,5306,86.49
2017-01-24,5306,88.22
2017-01-03,5309,14.98
2017-01-04,5309,15.33
2017-01-05,5309,15.26
2017-01-06,5309,15.33
2017-01-09,5309,15.12
2017-01-10,5309,15.18
2017-01-11,5309,14.44
2017-01-12,5309,14.31
2017-01-13,5309,14.38
2017-01-16,5309,14.24
2017-01-17,5309,14.58
2017-01-18,5309,14.44
2017-01-19,5309,14.65
2017-01-20,5309,14.51
2017-01-23,5309,14.38
2017-01-24,5309,14.17
2017-01-03,5310,54.28
2017-01-04,5310,54.28
2017-01-05,5310,55.16
2017-01-06,5310,55.05
2017-01-09,5310,54.72
2017-01-10,5310,54.72
2017-01-11,5310,54.94
2017-01-12,5310,55.38
2017-01-13,5310,55.38
2017-01-16,5310,55.16
2017-01-17,5310,54.94
2017-01-18,5310,55.38
2017-01-19,5310,54.94
2017-01-20,5310,55.16
2017-01-23,5310,55.38
2017-01-24,5310,57.79
2017-01-03,5312,43.93
2017-01-04,5312,44.1
2017-01-05,5312,44.28
2017-01-06,5312,44.04
2017-01-09,5312,43.69
2017-01-10,5312,44.04
2017-01-11,5312,44.22
2017-01-12,5312,44.1
2017-01-13,5312,43.93
2017-01-16,5312,43.93
2017-01-17,5312,44.04
2017-01-18,5312,44.04
2017-01-19,5312,44.1
2017-01-20,5312,44.22
2017-01-23,5312,44.04
2017-01-24,5312,44.16
2017-01-03,5314,20.31
2017-01-04,5314,19.78
2017-01-05,5314,19.78
2017-01-06,5314,19.74
2017-01-09,5314,19.42
2017-01-10,5314,19.46
2017-01-11,5314,19.46
2017-01-12,5314,19.58
2017-01-13,5314,19.58
2017-01-16,5314,19.38
2017-01-17,5314,19.82
2017-01-18,5314,20.5
2017-01-19,5314,20.5
2017-01-20,5314,20.91
2017-01-23,5314,20.95
2017-01-24,5314,20.95
2017-01-03,5315,13.88
2017-01-04,5315,13.86
2017-01-05,5315,13.99
2017-01-06,5315,15.38
2017-01-09,5315,15.2
2017-01-10,5315,15.01
2017-01-11,5315,15.01
2017-01-12,5315,15.01
2017-01-13,5315,14.63
2017-01-16,5315,14.47
2017-01-17,5315,14.55
2017-01-18,5315,14.61
2017-01-19,5315,14.66
2017-01-20,5315,14.58
2017-01-23,5315,14.53
2017-01-24,5315,14.39
2017-01-04,5321,18.32
2017-01-05,5321,18.32
2017-01-06,5321,18.26
2017-01-10,5321,18.62
2017-01-12,5321,19.13
2017-01-17,5321,18.62
2017-01-18,5321,18.1
2017-01-19,5321,18.29
2017-01-24,5321,19.33
2017-01-03,5324,11.82
2017-01-04,5324,11.96
2017-01-05,5324,11.91
2017-01-06,5324,11.86
2017-01-09,5324,11.86
2017-01-10,5324,11.96
2017-01-11,5324,11.86
2017-01-12,5324,11.86
2017-01-13,5324,11.86
2017-01-16,5324,11.72
2017-01-17,5324,11.57
2017-01-18,5324,11.57
2017-01-19,5324,11.67
2017-01-20,5324,11.67
2017-01-23,5324,11.82
2017-01-24,5324,11.72
2017-01-04,5345,25.34
2017-01-05,5345,25.62
2017-01-06,5345,25.16
2017-01-10,5345,25.84
2017-01-11,5345,25.41
2017-01-12,5345,25.09
2017-01-13,5345,25.09
2017-01-16,5345,25.09
2017-01-17,5345,25.31
2017-01-18,5345,25.25
2017-01-19,5345,25.22
2017-01-20,5345,24.47
2017-01-23,5345,25.09
2017-01-03,5347,36.53
2017-01-04,5347,36.59
2017-01-05,5347,36.66
2017-01-06,5347,36.72
2017-01-09,5347,36.79
2017-01-10,5347,36.79
2017-01-11,5347,37.31
2017-01-12,5347,37.9
2017-01-13,5347,37.44
2017-01-16,5347,36.59
2017-01-17,5347,36.46
2017-01-18,5347,36.85
2017-01-19,5347,36.46
2017-01-20,5347,36.27
2017-01-23,5347,36.27
2017-01-24,5347,36.79
2017-01-03,5349,29.88
2017-01-04,5349,30.02
2017-01-05,5349,30.45
2017-01-06,5349,30.07
2017-01-09,5349,28.78
2017-01-10,5349,28.87
2017-01-11,5349,28.82
2017-01-12,5349,28.97
2017-01-13,5349,28.73
2017-01-16,5349,28.68
2017-01-17,5349,28.63
2017-01-18,5349,28.63
2017-01-19,5349,28.92
2017-01-20,5349,29.02
2017-01-23,5349,28.87
2017-01-24,5349,28.73
2017-01-03,5351,21.7
2017-01-04,5351,21.87
2017-01-05,5351,21.96
2017-01-06,5351,21.78
2017-01-09,5351,21.52
2017-01-10,5351,21.61
2017-01-11,5351,21.52
2017-01-12,5351,21.52
2017-01-13,5351,21.61
2017-01-16,5351,21.18
2017-01-17,5351,21.44
2017-01-18,5351,21.52
2017-01-19,5351,21.26
2017-01-20,5351,21.52
2017-01-23,5351,21.44
2017-01-24,5351,21.35
2017-01-03,5356,28.01
2017-01-04,5356,27.7
2017-01-05,5356,27.63
2017-01-06,5356,28.01
2017-01-09,5356,27.6
2017-01-10,5356,27.57
2017-01-11,5356,27.7
2017-01-12,5356,27.79
2017-01-13,5356,27.63
2017-01-16,5356,27.38
2017-01-17,5356,27.57
2017-01-18,5356,28.42
2017-01-19,5356,28.04
2017-01-20,5356,28.17
2017-01-23,5356,28.11
2017-01-24,5356,28.07
2017-01-03,5364,18.64
2017-01-09,5364,18.64
2017-01-10,5364,18.24
2017-01-11,5364,17.84
2017-01-12,5364,18.64
2017-01-13,5364,18.64
2017-01-17,5364,18.37
2017-01-18,5364,18.37
2017-01-19,5364,19.39
2017-01-20,5364,18.99
2017-01-23,5364,18.77
2017-01-03,5371,19.41
2017-01-04,5371,19.44
2017-01-05,5371,19.78
2017-01-06,5371,19.53
2017-01-09,5371,19.38
2017-01-10,5371,19.44
2017-01-11,5371,19.44
2017-01-12,5371,19.38
2017-01-13,5371,19.38
2017-01-16,5371,19.27
2017-01-17,5371,19.3
2017-01-18,5371,19.33
2017-01-19,5371,19.41
2017-01-20,5371,19.21
2017-01-23,5371,19.38
2017-01-24,5371,19.44
2017-01-03,5383,11.32
2017-01-04,5383,11.33
2017-01-05,5383,11.32
2017-01-06,5383,11.23
2017-01-09,5383,11.29
2017-01-10,5383,11.31
2017-01-11,5383,11.35
2017-01-12,5383,11.41
2017-01-13,5383,11.32
2017-01-16,5383,11.29
2017-01-17,5383,11.23
2017-01-18,5383,11.16
2017-01-19,5383,11.41
2017-01-20,5383,11.41
2017-01-23,5383,11.42
2017-01-24,5383,11.41
2017-01-03,5386,20.49
2017-01-04,5386,21.85
2017-01-05,5386,21.22
2017-01-06,5386,21.44
2017-01-09,5386,21.56
2017-01-10,5386,21.6
2017-01-11,5386,21.6
2017-01-12,5386,21.73
2017-01-13,5386,21.67
2017-01-16,5386,22.69
2017-01-17,5386,24.92
2017-01-18,5386,27.37
2017-01-19,5386,30.09
2017-01-20,5386,28.44
2017-01-23,5386,28.76
2017-01-24,5386,30.45
2017-01-03,5388,53.86
2017-01-04,5388,54.41
2017-01-05,5388,55.65
2017-01-06,5388,55.65
2017-01-09,5388,55.17
2017-01-10,5388,55.38
2017-01-11,5388,55.24
2017-01-12,5388,55.45
2017-01-13,5388,54.96
2017-01-16,5388,54.2
2017-01-17,5388,54.0
2017-01-18,5388,55.03
2017-01-19,5388,54.62
2017-01-20,5388,54.41
2017-01-23,5388,55.03
2017-01-24,5388,55.1
2017-01-03,5392,33.1
2017-01-04,5392,33.28
2017-01-05,5392,33.43
2017-01-06,5392,33.32
2017-01-09,5392,33.07
2017-01-10,5392,32.93
2017-01-11,5392,33.21
2017-01-12,5392,33.25
2017-01-13,5392,33.43
2017-01-16,5392,33.5
2017-01-17,5392,33.64
2017-01-18,5392,33.86
2017-01-19,5392,35.04
2017-01-20,5392,34.54
2017-01-23,5392,34.11
2017-01-24,5392,34.11
2017-01-03,5398,40.26
2017-01-04,5398,40.6
2017-01-05,5398,40.93
2017-01-06,5398,40.79
2017-01-09,5398,41.13
2017-01-10,5398,41.32
2017-01-11,5398,40.89
2017-01-12,5398,40.55
2017-01-13,5398,40.55
2017-01-16,5398,40.31
2017-01-17,5398,40.6
2017-01-18,5398,40.6
2017-01-19,5398,39.92
2017-01-20,5398,40.12
2017-01-23,5398,39.49
2017-01-24,5398,40.02
2017-01-03,5403,15.19
2017-01-04,5403,15.19
2017-01-05,5403,15.17
2017-01-06,5403,15.44
2017-01-09,5403,15.47
2017-01-10,5403,15.39
2017-01-11,5403,15.59
2017-01-12,5403,15.44
2017-01-13,5403,15.47
2017-01-16,5403,15.39
2017-01-17,5403,15.42
2017-01-18,5403,15.39
2017-01-19,5403,15.44
2017-01-20,5403,15.42
2017-01-23,5403,15.42
2017-01-24,5403,15.42
2017-01-03,5425,25.7
2017-01-04,5425,25.7
2017-01-05,5425,26.17
2017-01-06,5425,26.32
2017-01-09,5425,26.21
2017-01-10,5425,26.17
2017-01-11,5425,26.17
2017-01-12,5425,25.88
2017-01-13,5425,26.06
2017-01-16,5425,25.48
2017-01-17,5425,25.63
2017-01-18,5425,25.88
2017-01-19,5425,25.96
2017-01-20,5425,26.21
2017-01-23,5425,26.03
2017-01-24,5425,26.32
2017-01-03,5426,10.42
2017-01-04,5426,10.46
2017-01-05,5426,10.46
2017-01-06,5426,10.5
2017-01-09,5426,10.42
2017-01-10,5426,10.37
2017-01-11,5426,10.37
2017-01-12,5426,10.42
2017-01-13,5426,10.42
2017-01-16,5426,10.37
2017-01-17,5426,10.42
2017-01-18,5426,10.42
2017-01-19,5426,10.46
2017-01-20,5426,10.46
2017-01-23,5426,10.46
2017-01-24,5426,10.46
2017-01-03,5432,19.08
2017-01-04,5432,18.75
2017-01-05,5432,18.52
2017-01-06,5432,18.52
2017-01-09,5432,18.19
2017-01-10,5432,18.19
2017-01-11,5432,18.66
2017-01-13,5432,18.43
2017-01-16,5432,18.85
2017-01-17,5432,18.85
2017-01-18,5432,18.85
2017-01-19,5432,18.89
2017-01-20,5432,18.75
2017-01-24,5432,18.66
2017-01-03,5434,54.88
2017-01-04,5434,54.69
2017-01-05,5434,54.88
2017-01-06,5434,55.14
2017-01-09,5434,55.46
2017-01-10,5434,54.82
2017-01-11,5434,55.71
2017-01-12,5434,56.03
2017-01-13,5434,56.41
2017-01-16,5434,56.1
2017-01-17,5434,57.24
2017-01-18,5434,56.99
2017-01-19,5434,57.18
2017-01-20,5434,56.67
2017-01-23,5434,56.29
2017-01-24,5434,55.9
2017-01-03,5439,18.32
2017-01-04,5439,18.88
2017-01-05,5439,18.65
2017-01-06,5439,18.65
2017-01-09,5439,18.65
2017-01-10,5439,18.71
2017-01-11,5439,18.71
2017-01-12,5439,18.68
2017-01-13,5439,18.91
2017-01-16,5439,18.75
2017-01-17,5439,18.32
2017-01-18,5439,18.13
2017-01-19,5439,18.0
2017-01-20,5439,18.07
2017-01-23,5439,18.2
2017-01-24,5439,18.0
2017-01-03,5443,13.66
2017-01-04,5443,13.69
2017-01-05,5443,14.05
2017-01-06,5443,14.01
2017-01-09,5443,13.82
2017-01-10,5443,13.75
2017-01-11,5443,14.4
2017-01-12,5443,14.14
2017-01-13,5443,14.27
2017-01-16,5443,14.5
2017-01-17,5443,14.79
2017-01-18,5443,14.57
2017-01-19,5443,14.31
2017-01-20,5443,14.31
2017-01-23,5443,14.31
2017-01-24,5443,14.34
2017-01-03,5457,21.83
2017-01-04,5457,22.01
2017-01-05,5457,21.96
2017-01-06,5457,23.16
2017-01-09,5457,23.24
2017-01-10,5457,22.98
2017-01-11,5457,22.89
2017-01-12,5457,22.8
2017-01-13,5457,22.71
2017-01-16,5457,22.36
2017-01-17,5457,22.71
2017-01-18,5457,22.93
2017-01-19,5457,22.98
2017-01-20,5457,23.42
2017-01-23,5457,25.01
2017-01-24,5457,24.88
2017-01-03,5460,10.18
2017-01-04,5460,10.26
2017-01-05,5460,10.4
2017-01-06,5460,10.35
2017-01-09,5460,10.35
2017-01-10,5460,10.26
2017-01-11,5460,10.22
2017-01-12,5460,10.22
2017-01-13,5460,10.26
2017-01-16,5460,10.22
2017-01-17,5460,10.22
2017-01-18,5460,10.26
2017-01-19,5460,10.26
2017-01-20,5460,10.22
2017-01-23,5460,10.22
2017-01-24,5460,10.22
2017-01-03,5464,11.19
2017-01-04,5464,11.19
2017-01-05,5464,11.23
2017-01-06,5464,11.19
2017-01-09,5464,11.23
2017-01-10,5464,11.15
2017-01-11,5464,11.19
2017-01-12,5464,11.15
2017-01-13,5464,11.15
2017-01-16,5464,11.11
2017-01-17,5464,11.0
2017-01-18,5464,11.04
2017-01-19,5464,11.04
2017-01-20,5464,11.0
2017-01-23,5464,11.04
2017-01-24,5464,11.08
2017-01-03,5465,9.75
2017-01-04,5465,9.75
2017-01-05,5465,9.86
2017-01-06,5465,9.78
2017-01-09,5465,9.78
2017-01-10,5465,9.71
2017-01-11,5465,9.93
2017-01-12,5465,10.45
2017-01-13,5465,10.6
2017-01-16,5465,10.6
2017-01-17,5465,10.6
2017-01-18,5465,10.74
2017-01-19,5465,10.74
2017-01-20,5465,10.74
2017-01-23,5465,10.7
2017-01-24,5465,10.7
2017-01-03,5468,17.72
2017-01-04,5468,17.06
2017-01-05,5468,18.36
2017-01-09,5468,18.36
2017-01-10,5468,18.26
2017-01-11,5468,17.6
2017-01-12,5468,18.14
2017-01-13,5468,18.22
2017-01-16,5468,17.41
2017-01-17,5468,18.14
2017-01-18,5468,19.21
2017-01-19,5468,19.27
2017-01-20,5468,19.84
2017-01-23,5468,18.61
2017-01-24,5468,19.55
2017-01-03,5469,13.6
2017-01-04,5469,13.63
2017-01-05,5469,13.75
2017-01-06,5469,13.71
2017-01-09,5469,13.25
2017-01-10,5469,13.17
2017-01-11,5469,13.82
2017-01-12,5469,14.28
2017-01-13,5469,14.13
2017-01-16,5469,13.6
2017-01-17,5469,13.55
2017-01-18,5469,13.6
2017-01-19,5469,13.48
2017-01-20,5469,13.32
2017-01-23,5469,13.32
2017-01-24,5469,13.25
2017-01-03,5471,19.94
2017-01-04,5471,19.84
2017-01-05,5471,19.9
2017-01-06,5471,19.9
2017-01-09,5471,20.68
2017-01-10,5471,20.34
2017-01-11,5471,20.18
2017-01-12,5471,20.06
2017-01-13,5471,19.9
2017-01-16,5471,19.84
2017-01-17,5471,19.9
2017-01-18,5471,19.87
2017-01-19,5471,19.78
2017-01-20,5471,19.81
2017-01-23,5471,19.94
2017-01-24,5471,19.9
2017-01-03,5474,41.28
2017-01-04,5474,41.28
2017-01-05,5474,41.68
2017-01-06,5474,41.57
2017-01-09,5474,41.22
2017-01-10,5474,40.94
2017-01-11,5474,41.57
2017-01-12,5474,41.62
2017-01-13,5474,41.28
2017-01-16,5474,40.59
2017-01-17,5474,40.65
2017-01-18,5474,40.88
2017-01-19,5474,40.65
2017-01-20,5474,40.65
2017-01-23,5474,40.19
2017-01-24,5474,39.96
2017-01-03,5478,41.3
2017-01-04,5478,41.43
2017-01-05,5478,41.43
2017-01-06,5478,41.43
2017-01-09,5478,41.88
2017-01-10,5478,41.88
2017-01-11,5478,42.14
2017-01-12,5478,43.56
2017-01-13,5478,43.18
2017-01-16,5478,42.85
2017-01-17,5478,42.72
2017-01-18,5478,43.11
2017-01-19,5478,42.01
2017-01-20,5478,41.43
2017-01-23,5478,40.98
2017-01-24,5478,41.04
2017-01-03,5481,17.19
2017-01-04,5481,17.19
2017-01-05,5481,17.33
2017-01-06,5481,17.08
2017-01-09,5481,16.74
2017-01-10,5481,16.69
2017-01-11,5481,16.63
2017-01-12,5481,16.63
2017-01-13,5481,16.63
2017-01-16,5481,16.59
2017-01-17,5481,16.63
2017-01-18,5481,16.69
2017-01-19,5481,16.39
2017-01-20,5481,16.53
2017-01-23,5481,16.39
2017-01-24,5481,16.39
2017-01-03,5483,24.11
2017-01-04,5483,24.37
2017-01-05,5483,24.65
2017-01-06,5483,24.8
2017-01-09,5483,24.62
2017-01-10,5483,24.37
2017-01-11,5483,24.11
2017-01-12,5483,24.29
2017-01-13,5483,24.62
2017-01-16,5483,24.73
2017-01-17,5483,24.51
2017-01-18,5483,24.76
2017-01-19,5483,27.21
2017-01-20,5483,27.47
2017-01-23,5483,28.48
2017-01-24,5483,28.69
2017-01-03,5487,18.09
2017-01-04,5487,18.25
2017-01-05,5487,18.21
2017-01-06,5487,18.25
2017-01-09,5487,18.36
2017-01-10,5487,18.4
2017-01-11,5487,18.48
2017-01-12,5487,18.56
2017-01-13,5487,18.71
2017-01-16,5487,18.86
2017-01-17,5487,18.94
2017-01-18,5487,19.02
2017-01-19,5487,18.86
2017-01-20,5487,18.94
2017-01-23,5487,18.86
2017-01-24,5487,18.94
2017-01-03,5489,31.53
2017-01-04,5489,31.09
2017-01-05,5489,30.3
2017-01-06,5489,29.58
2017-01-09,5489,29.11
2017-01-10,5489,29.22
2017-01-11,5489,29.04
2017-01-12,5489,29.58
2017-01-13,5489,29.79
2017-01-16,5489,29.58
2017-01-17,5489,29.65
2017-01-18,5489,29.43
2017-01-19,5489,29.07
2017-01-20,5489,28.96
2017-01-23,5489,28.78
2017-01-24,5489,28.78
2017-01-03,5490,41.61
2017-01-04,5490,43.01
2017-01-05,5490,42.86
2017-01-06,5490,43.6
2017-01-09,5490,42.86
2017-01-10,5490,42.64
2017-01-11,5490,42.2
2017-01-12,5490,42.42
2017-01-13,5490,42.42
2017-01-16,5490,41.1
2017-01-17,5490,41.32
2017-01-18,5490,41.91
2017-01-19,5490,41.61
2017-01-20,5490,43.08
2017-01-23,5490,43.89
2017-01-24,5490,44.33
2017-01-03,5493,20.21
2017-01-04,5493,20.5
2017-01-05,5493,20.43
2017-01-06,5493,20.63
2017-01-09,5493,20.43
2017-01-10,5493,20.5
2017-01-11,5493,20.5
2017-01-12,5493,20.47
2017-01-13,5493,20.4
2017-01-16,5493,20.5
2017-01-17,5493,20.37
2017-01-18,5493,20.53
2017-01-19,5493,20.47
2017-01-20,5493,20.47
2017-01-23,5493,20.47
2017-01-24,5493,20.5
2017-01-03,5508,10.83
2017-01-04,5508,10.95
2017-01-05,5508,10.86
2017-01-06,5508,10.95
2017-01-09,5508,10.95
2017-01-10,5508,11.52
2017-01-11,5508,11.38
2017-01-12,5508,11.45
2017-01-13,5508,11.4
2017-01-16,5508,11.43
2017-01-17,5508,11.4
2017-01-18,5508,11.45
2017-01-19,5508,11.45
2017-01-20,5508,11.64
2017-01-23,5508,11.55
2017-01-24,5508,11.67
2017-01-03,5511,15.17
2017-01-04,5511,15.11
2017-01-05,5511,15.11
2017-01-06,5511,14.98
2017-01-09,5511,14.98
2017-01-10,5511,14.82
2017-01-11,5511,14.98
2017-01-12,5511,14.85
2017-01-13,5511,14.92
2017-01-16,5511,14.88
2017-01-18,5511,14.95
2017-01-19,5511,14.98
2017-01-20,5511,14.79
2017-01-23,5511,14.82
2017-01-24,5511,14.95
2017-01-03,5520,18.1
2017-01-04,5520,18.66
2017-01-05,5520,18.4
2017-01-06,5520,18.06
2017-01-09,5520,18.06
2017-01-10,5520,18.06
2017-01-11,5520,18.1
2017-01-12,5520,18.06
2017-01-13,5520,18.06
2017-01-16,5520,18.06
2017-01-17,5520,18.1
2017-01-18,5520,18.06
2017-01-19,5520,18.06
2017-01-20,5520,18.13
2017-01-23,5520,18.13
2017-01-24,5520,18.19
2017-01-03,5522,19.05
2017-01-04,5522,19.07
2017-01-05,5522,18.99
2017-01-06,5522,18.97
2017-01-09,5522,18.99
2017-01-10,5522,18.97
2017-01-11,5522,18.99
2017-01-12,5522,19.1
2017-01-13,5522,19.12
2017-01-16,5522,19.15
2017-01-17,5522,19.18
2017-01-18,5522,18.99
2017-01-19,5522,19.05
2017-01-20,5522,19.05
2017-01-23,5522,19.05
2017-01-24,5522,19.1
2017-01-03,5529,17.38
2017-01-04,5529,16.91
2017-01-05,5529,17.17
2017-01-06,5529,17.26
2017-01-09,5529,17.54
2017-01-11,5529,17.38
2017-01-12,5529,17.38
2017-01-13,5529,17.4
2017-01-16,5529,16.81
2017-01-17,5529,16.91
2017-01-18,5529,16.91
2017-01-19,5529,17.14
2017-01-20,5529,16.91
2017-01-23,5529,17.4
2017-01-24,5529,17.43
2017-01-03,5530,45.11
2017-01-04,5530,45.19
2017-01-05,5530,45.11
2017-01-06,5530,44.87
2017-01-09,5530,44.95
2017-01-10,5530,44.63
2017-01-11,5530,44.63
2017-01-12,5530,44.71
2017-01-13,5530,44.63
2017-01-16,5530,44.3
2017-01-17,5530,44.39
2017-01-18,5530,44.47
2017-01-19,5530,44.71
2017-01-20,5530,44.79
2017-01-23,5530,44.63
2017-01-24,5530,45.03
2017-01-03,5533,10.39
2017-01-04,5533,10.29
2017-01-05,5533,10.26
2017-01-06,5533,10.32
2017-01-09,5533,10.35
2017-01-10,5533,10.26
2017-01-11,5533,10.35
2017-01-12,5533,10.29
2017-01-13,5533,10.26
2017-01-16,5533,10.29
2017-01-17,5533,10.29
2017-01-18,5533,10.35
2017-01-19,5533,10.26
2017-01-20,5533,10.32
2017-01-23,5533,10.29
2017-01-24,5533,10.42
2017-01-03,5534,36.69
2017-01-04,5534,36.69
2017-01-05,5534,36.52
2017-01-06,5534,36.52
2017-01-09,5534,36.52
2017-01-10,5534,37.09
2017-01-11,5534,36.8
2017-01-12,5534,36.75
2017-01-13,5534,35.95
2017-01-16,5534,35.83
2017-01-17,5534,35.95
2017-01-18,5534,36.46
2017-01-19,5534,36.63
2017-01-20,5534,36.46
2017-01-23,5534,36.52
2017-01-24,5534,37.15
2017-01-03,5536,44.81
2017-01-04,5536,45.2
2017-01-05,5536,45.39
2017-01-06,5536,45.29
2017-01-09,5536,45.34
2017-01-10,5536,45.63
2017-01-11,5536,45.29
2017-01-12,5536,45.29
2017-01-13,5536,45.29
2017-01-16,5536,45.24
2017-01-17,5536,45.1
2017-01-18,5536,44.86
2017-01-19,5536,45.0
2017-01-20,5536,45.05
2017-01-23,5536,45.0
2017-01-24,5536,45.24
2017-01-03,5538,17.09
2017-01-04,5538,17.48
2017-01-05,5538,17.48
2017-01-06,5538,17.33
2017-01-09,5538,17.3
2017-01-10,5538,17.24
2017-01-11,5538,16.94
2017-01-12,5538,17.36
2017-01-13,5538,17.12
2017-01-16,5538,17.36
2017-01-17,5538,17.36
2017-01-18,5538,17.42
2017-01-19,5538,17.03
2017-01-20,5538,17.18
2017-01-23,5538,16.91
2017-01-24,5538,17.54
2017-01-03,5543,19.17
2017-01-04,5543,19.17
2017-01-05,5543,18.93
2017-01-06,5543,18.34
2017-01-09,5543,18.93
2017-01-10,5543,19.01
2017-01-11,5543,18.97
2017-01-12,5543,18.93
2017-01-13,5543,19.01
2017-01-16,5543,19.01
2017-01-17,5543,18.85
2017-01-18,5543,19.13
2017-01-19,5543,18.97
2017-01-20,5543,18.97
2017-01-23,5543,19.01
2017-01-24,5543,19.01
2017-01-05,5601,21.93
2017-01-11,5601,21.93
2017-01-17,5601,21.89
2017-01-18,5601,21.89
2017-01-20,5601,21.93
2017-01-24,5601,22.12
2017-01-03,5604,16.97
2017-01-04,5604,17.08
2017-01-05,5604,17.74
2017-01-06,5604,17.52
2017-01-10,5604,17.25
2017-01-12,5604,17.38
2017-01-13,5604,17.68
2017-01-17,5604,17.74
2017-01-19,5604,17.57
2017-01-20,5604,17.98
2017-01-24,5604,17.68
2017-01-03,5607,10.13
2017-01-04,5607,10.16
2017-01-05,5607,10.27
2017-01-06,5607,10.31
2017-01-09,5607,10.24
2017-01-10,5607,10.24
2017-01-11,5607,10.41
2017-01-12,5607,10.48
2017-01-13,5607,10.34
2017-01-16,5607,10.27
2017-01-17,5607,10.34
2017-01-18,5607,10.41
2017-01-19,5607,10.45
2017-01-20,5607,10.41
2017-01-23,5607,10.48
2017-01-24,5607,10.77
2017-01-03,5608,10.69
2017-01-04,5608,10.73
2017-01-05,5608,10.88
2017-01-06,5608,10.92
2017-01-09,5608,10.88
2017-01-10,5608,10.83
2017-01-11,5608,10.86
2017-01-12,5608,10.81
2017-01-13,5608,10.83
2017-01-16,5608,10.86
2017-01-17,5608,10.91
2017-01-18,5608,10.91
2017-01-19,5608,11.13
2017-01-20,5608,11.06
2017-01-23,5608,11.03
2017-01-24,5608,11.08
2017-01-03,5703,24.15
2017-01-04,5703,24.11
2017-01-05,5703,24.11
2017-01-06,5703,24.11
2017-01-09,5703,24.01
2017-01-10,5703,24.01
2017-01-11,5703,24.06
2017-01-12,5703,24.01
2017-01-13,5703,23.96
2017-01-16,5703,24.25
2017-01-18,5703,24.01
2017-01-19,5703,24.11
2017-01-20,5703,24.01
2017-01-23,5703,24.3
2017-01-24,5703,24.3
2017-01-03,5704,20.9
2017-01-04,5704,21.03
2017-01-05,5704,20.9
2017-01-06,5704,20.86
2017-01-09,5704,20.17
2017-01-10,5704,20.62
2017-01-11,5704,20.58
2017-01-16,5704,21.11
2017-01-17,5704,20.54
2017-01-18,5704,21.64
2017-01-19,5704,21.03
2017-01-23,5704,20.7
2017-01-24,5704,20.66
2017-01-03,5706,17.62
2017-01-04,5706,17.67
2017-01-05,5706,17.87
2017-01-06,5706,17.8
2017-01-09,5706,17.67
2017-01-10,5706,17.62
2017-01-11,5706,17.64
2017-01-12,5706,17.69
2017-01-13,5706,17.69
2017-01-16,5706,17.72
2017-01-17,5706,17.72
2017-01-18,5706,17.82
2017-01-19,5706,17.82
2017-01-20,5706,17.8
2017-01-23,5706,17.8
2017-01-24,5706,17.77
2017-01-03,5871,33.8
2017-01-04,5871,33.98
2017-01-05,5871,34.11
2017-01-06,5871,34.11
2017-01-09,5871,34.11
2017-01-10,5871,33.92
2017-01-11,5871,33.98
2017-01-12,5871,34.17
2017-01-13,5871,34.23
2017-01-16,5871,34.04
2017-01-17,5871,34.11
2017-01-18,5871,34.04
2017-01-19,5871,33.86
2017-01-20,5871,33.8
2017-01-23,5871,33.92
2017-01-24,5871,34.29
2017-01-03,5876,20.42
2017-01-04,5876,20.57
2017-01-05,5876,20.54
2017-01-06,5876,20.63
2017-01-09,5876,20.65
2017-01-10,5876,20.58
2017-01-11,5876,20.54
2017-01-12,5876,20.58
2017-01-13,5876,20.69
2017-01-16,5876,20.61
2017-01-17,5876,20.6
2017-01-18,5876,21.07
2017-01-19,5876,21.13
2017-01-20,5876,21.18
2017-01-23,5876,21.27
2017-01-24,5876,21.32
2017-01-03,5878,24.53
2017-01-04,5878,24.59
2017-01-05,5878,24.56
2017-01-06,5878,24.53
2017-01-09,5878,24.53
2017-01-10,5878,24.7
2017-01-11,5878,24.82
2017-01-12,5878,24.62
2017-01-13,5878,24.73
2017-01-16,5878,24.85
2017-01-17,5878,24.76
2017-01-18,5878,24.79
2017-01-20,5878,24.85
2017-01-23,5878,24.88
2017-01-03,5902,10.63
2017-01-04,5902,10.59
2017-01-06,5902,10.5
2017-01-10,5902,10.5
2017-01-11,5902,10.24
2017-01-13,5902,10.46
2017-01-18,5902,10.41
2017-01-19,5902,10.41
2017-01-20,5902,10.59
2017-01-23,5902,10.63
2017-01-24,5902,10.71
2017-01-03,5903,165.19
2017-01-04,5903,168.4
2017-01-05,5903,167.59
2017-01-06,5903,168.4
2017-01-09,5903,168.4
2017-01-10,5903,168.4
2017-01-11,5903,167.59
2017-01-12,5903,168.4
2017-01-13,5903,168.4
2017-01-16,5903,166.79
2017-01-17,5903,168.4
2017-01-18,5903,166.39
2017-01-19,5903,167.59
2017-01-20,5903,166.39
2017-01-23,5903,168.4
2017-01-24,5903,166.79
2017-01-03,5904,245.6
2017-01-04,5904,247.91
2017-01-05,5904,249.23
2017-01-06,5904,252.86
2017-01-09,5904,255.82
2017-01-10,5904,257.14
2017-01-11,5904,257.14
2017-01-12,5904,254.51
2017-01-13,5904,256.48
2017-01-16,5904,253.85
2017-01-17,5904,254.84
2017-01-18,5904,252.86
2017-01-19,5904,251.21
2017-01-20,5904,249.89
2017-01-23,5904,250.55
2017-01-24,5904,252.2
2017-01-03,5907,16.39
2017-01-04,5907,16.54
2017-01-05,5907,16.69
2017-01-06,5907,17.03
2017-01-09,5907,17.15
2017-01-10,5907,17.07
2017-01-11,5907,17.26
2017-01-12,5907,17.26
2017-01-13,5907,17.41
2017-01-16,5907,17.34
2017-01-17,5907,17.71
2017-01-18,5907,17.79
2017-01-19,5907,18.17
2017-01-20,5907,18.13
2017-01-23,5907,18.13
2017-01-24,5907,18.51
2017-01-03,6023,22.07
2017-01-04,6023,22.16
2017-01-05,6023,22.16
2017-01-06,6023,22.33
2017-01-09,6023,22.42
2017-01-10,6023,22.24
2017-01-11,6023,22.22
2017-01-12,6023,22.3
2017-01-13,6023,22.36
2017-01-16,6023,22.27
2017-01-17,6023,22.27
2017-01-18,6023,22.3
2017-01-19,6023,22.33
2017-01-20,6023,22.33
2017-01-23,6023,22.45
2017-01-24,6023,22.54
2017-01-03,6024,18.63
2017-01-04,6024,18.65
2017-01-05,6024,18.75
2017-01-06,6024,18.78
2017-01-09,6024,18.78
2017-01-10,6024,18.7
2017-01-11,6024,18.55
2017-01-12,6024,18.55
2017-01-13,6024,18.57
2017-01-16,6024,18.5
2017-01-17,6024,18.5
2017-01-18,6024,18.7
2017-01-19,6024,18.65
2017-01-20,6024,18.6
2017-01-23,6024,18.65
2017-01-24,6024,18.7
2017-01-03,6101,19.63
2017-01-04,6101,19.53
2017-01-05,6101,19.48
2017-01-06,6101,19.98
2017-01-09,6101,19.53
2017-01-10,6101,19.73
2017-01-11,6101,19.63
2017-01-12,6101,19.53
2017-01-13,6101,19.93
2017-01-16,6101,19.93
2017-01-17,6101,19.38
2017-01-18,6101,19.73
2017-01-19,6101,19.83
2017-01-20,6101,20.03
2017-01-23,6101,20.37
2017-01-24,6101,22.37
2017-01-11,6103,98.6
2017-01-13,6103,90.71
2017-01-16,6103,90.71
2017-01-19,6103,97.28
2017-01-20,6103,88.74
2017-01-03,6104,27.86
2017-01-04,6104,27.69
2017-01-05,6104,27.79
2017-01-06,6104,27.45
2017-01-09,6104,27.07
2017-01-10,6104,26.97
2017-01-11,6104,26.63
2017-01-12,6104,27.45
2017-01-13,6104,27.07
2017-01-16,6104,26.83
2017-01-17,6104,27.14
2017-01-18,6104,27.31
2017-01-19,6104,27.62
2017-01-20,6104,28.2
2017-01-23,6104,27.93
2017-01-24,6104,27.86
2017-01-03,6108,18.61
2017-01-04,6108,18.55
2017-01-05,6108,18.84
2017-01-06,6108,18.81
2017-01-09,6108,18.48
2017-01-10,6108,18.74
2017-01-11,6108,18.15
2017-01-12,6108,17.92
2017-01-13,6108,17.42
2017-01-16,6108,17.72
2017-01-17,6108,17.82
2017-01-18,6108,18.08
2017-01-19,6108,18.48
2017-01-20,6108,18.28
2017-01-23,6108,17.95
2017-01-24,6108,17.89
2017-01-03,6109,12.38
2017-01-04,6109,12.33
2017-01-05,6109,12.33
2017-01-06,6109,12.38
2017-01-09,6109,12.38
2017-01-10,6109,12.52
2017-01-11,6109,12.57
2017-01-12,6109,12.57
2017-01-13,6109,12.38
2017-01-16,6109,12.28
2017-01-17,6109,12.28
2017-01-18,6109,12.28
2017-01-19,6109,12.23
2017-01-20,6109,12.62
2017-01-23,6109,12.28
2017-01-24,6109,12.38
2017-01-03,6111,51.17
2017-01-04,6111,51.62
2017-01-05,6111,51.62
2017-01-06,6111,51.62
2017-01-09,6111,51.62
2017-01-10,6111,51.62
2017-01-11,6111,51.62
2017-01-12,6111,51.84
2017-01-13,6111,52.07
2017-01-16,6111,51.62
2017-01-17,6111,51.62
2017-01-18,6111,51.84
2017-01-19,6111,51.84
2017-01-20,6111,52.07
2017-01-23,6111,51.39
2017-01-24,6111,51.39
2017-01-03,6112,13.91
2017-01-04,6112,13.94
2017-01-05,6112,13.96
2017-01-06,6112,14.09
2017-01-09,6112,14.12
2017-01-10,6112,14.22
2017-01-11,6112,14.22
2017-01-12,6112,14.12
2017-01-13,6112,14.09
2017-01-16,6112,13.99
2017-01-17,6112,13.99
2017-01-18,6112,14.04
2017-01-19,6112,14.17
2017-01-20,6112,14.17
2017-01-23,6112,14.14
2017-01-24,6112,14.12
2017-01-03,6114,39.69
2017-01-04,6114,40.12
2017-01-05,6114,40.12
2017-01-06,6114,41.26
2017-01-09,6114,41.68
2017-01-10,6114,42.11
2017-01-11,6114,40.9
2017-01-12,6114,40.83
2017-01-13,6114,39.55
2017-01-16,6114,39.05
2017-01-17,6114,38.9
2017-01-18,6114,39.26
2017-01-19,6114,39.12
2017-01-20,6114,38.9
2017-01-23,6114,39.4
2017-01-24,6114,38.83
2017-01-03,6115,24.17
2017-01-04,6115,24.06
2017-01-05,6115,24.14
2017-01-06,6115,24.17
2017-01-09,6115,24.12
2017-01-10,6115,24.03
2017-01-11,6115,24.03
2017-01-12,6115,24.01
2017-01-13,6115,24.01
2017-01-16,6115,24.01
2017-01-17,6115,24.09
2017-01-18,6115,24.03
2017-01-19,6115,24.06
2017-01-20,6115,24.09
2017-01-23,6115,24.22
2017-01-24,6115,24.28
2017-01-03,6117,12.31
2017-01-04,6117,12.36
2017-01-05,6117,12.22
2017-01-06,6117,12.36
2017-01-09,6117,12.27
2017-01-10,6117,12.27
2017-01-11,6117,12.31
2017-01-12,6117,12.5
2017-01-13,6117,12.59
2017-01-16,6117,12.59
2017-01-17,6117,12.64
2017-01-18,6117,12.78
2017-01-19,6117,12.82
2017-01-20,6117,12.64
2017-01-23,6117,12.73
2017-01-24,6117,12.82
2017-01-03,6120,11.91
2017-01-04,6120,12.0
2017-01-05,6120,11.95
2017-01-06,6120,12.23
2017-01-09,6120,12.09
2017-01-10,6120,12.09
2017-01-11,6120,12.05
2017-01-12,6120,12.09
2017-01-13,6120,12.09
2017-01-16,6120,12.0
2017-01-17,6120,12.05
2017-01-18,6120,12.05
2017-01-19,6120,11.95
2017-01-20,6120,11.91
2017-01-23,6120,11.81
2017-01-24,6120,11.95
2017-01-03,6121,87.21
2017-01-04,6121,87.96
2017-01-05,6121,87.68
2017-01-06,6121,88.62
2017-01-09,6121,87.4
2017-01-10,6121,88.62
2017-01-11,6121,88.43
2017-01-12,6121,88.33
2017-01-13,6121,88.15
2017-01-16,6121,88.24
2017-01-17,6121,88.43
2017-01-18,6121,88.33
2017-01-19,6121,89.27
2017-01-20,6121,88.43
2017-01-23,6121,88.05
2017-01-24,6121,87.59
2017-01-03,6123,14.96
2017-01-04,6123,15.08
2017-01-05,6123,15.08
2017-01-06,6123,15.28
2017-01-09,6123,15.33
2017-01-10,6123,15.22
2017-01-11,6123,15.17
2017-01-12,6123,15.4
2017-01-13,6123,15.49
2017-01-16,6123,15.4
2017-01-17,6123,15.52
2017-01-18,6123,15.52
2017-01-19,6123,15.98
2017-01-20,6123,15.79
2017-01-23,6123,15.79
2017-01-24,6123,15.61
2017-01-03,6124,30.1
2017-01-04,6124,30.7
2017-01-05,6124,29.45
2017-01-06,6124,29.5
2017-01-09,6124,29.4
2017-01-10,6124,28.6
2017-01-11,6124,28.5
2017-01-12,6124,28.5
2017-01-13,6124,28.25
2017-01-16,6124,29.0
2017-01-17,6124,29.15
2017-01-18,6124,29.0
2017-01-19,6124,28.95
2017-01-20,6124,28.7
2017-01-23,6124,28.75
2017-01-24,6124,28.9
2017-01-03,6127,12.84
2017-01-04,6127,13.12
2017-01-05,6127,13.03
2017-01-06,6127,13.17
2017-01-09,6127,12.98
2017-01-10,6127,12.74
2017-01-11,6127,12.79
2017-01-12,6127,12.84
2017-01-13,6127,12.88
2017-01-16,6127,12.84
2017-01-17,6127,13.12
2017-01-18,6127,12.98
2017-01-19,6127,13.03
2017-01-20,6127,13.12
2017-01-23,6127,12.79
2017-01-24,6127,12.26
2017-01-03,6128,23.36
2017-01-04,6128,23.41
2017-01-05,6128,23.41
2017-01-06,6128,23.41
2017-01-09,6128,23.58
2017-01-10,6128,23.69
2017-01-11,6128,23.52
2017-01-12,6128,23.52
2017-01-13,6128,23.5
2017-01-16,6128,23.5
2017-01-17,6128,23.61
2017-01-18,6128,23.61
2017-01-19,6128,23.58
2017-01-20,6128,23.61
2017-01-23,6128,23.78
2017-01-24,6128,23.75
2017-01-03,6130,25.9
2017-01-04,6130,25.8
2017-01-05,6130,25.9
2017-01-06,6130,25.85
2017-01-09,6130,25.9
2017-01-10,6130,25.76
2017-01-11,6130,25.8
2017-01-12,6130,28.35
2017-01-13,6130,31.17
2017-01-16,6130,34.27
2017-01-17,6130,33.76
2017-01-18,6130,33.3
2017-01-19,6130,33.57
2017-01-20,6130,36.9
2017-01-23,6130,40.56
2017-01-24,6130,44.58
2017-01-03,6131,44.15
2017-01-04,6131,43.81
2017-01-05,6131,43.13
2017-01-06,6131,42.62
2017-01-09,6131,42.62
2017-01-10,6131,42.45
2017-01-11,6131,42.62
2017-01-12,6131,42.62
2017-01-13,6131,42.96
2017-01-16,6131,42.62
2017-01-17,6131,42.79
2017-01-18,6131,43.47
2017-01-19,6131,43.3
2017-01-20,6131,43.3
2017-01-23,6131,44.32
2017-01-24,6131,45.85
2017-01-03,6134,12.8
2017-01-04,6134,12.9
2017-01-05,6134,14.16
2017-01-06,6134,14.64
2017-01-09,6134,14.23
2017-01-10,6134,14.23
2017-01-11,6134,14.02
2017-01-12,6134,14.16
2017-01-13,6134,14.16
2017-01-16,6134,14.16
2017-01-17,6134,13.95
2017-01-18,6134,14.3
2017-01-19,6134,14.51
2017-01-20,6134,14.44
2017-01-23,6134,14.3
2017-01-24,6134,14.09
2017-01-03,6136,13.1
2017-01-04,6136,13.1
2017-01-05,6136,13.15
2017-01-06,6136,13.18
2017-01-09,6136,13.15
2017-01-10,6136,13.15
2017-01-11,6136,13.23
2017-01-12,6136,13.29
2017-01-13,6136,13.23
2017-01-16,6136,13.26
2017-01-17,6136,13.31
2017-01-18,6136,13.23
2017-01-19,6136,13.23
2017-01-20,6136,13.23
2017-01-23,6136,13.23
2017-01-24,6136,13.2
2017-01-03,6138,30.08
2017-01-04,6138,29.95
2017-01-05,6138,29.99
2017-01-06,6138,30.59
2017-01-09,6138,28.47
2017-01-10,6138,28.33
2017-01-11,6138,28.23
2017-01-12,6138,28.23
2017-01-13,6138,28.14
2017-01-16,6138,27.64
2017-01-17,6138,27.77
2017-01-18,6138,28.19
2017-01-19,6138,28.28
2017-01-20,6138,28.01
2017-01-23,6138,28.23
2017-01-24,6138,28.14
2017-01-03,6139,25.57
2017-01-04,6139,26.03
2017-01-05,6139,25.68
2017-01-06,6139,25.61
2017-01-09,6139,25.01
2017-01-10,6139,25.85
2017-01-11,6139,26.55
2017-01-12,6139,25.71
2017-01-13,6139,25.82
2017-01-16,6139,26.2
2017-01-17,6139,26.17
2017-01-18,6139,25.89
2017-01-19,6139,25.22
2017-01-20,6139,25.12
2017-01-23,6139,25.22
2017-01-24,6139,24.45
2017-01-03,6141,9.81
2017-01-04,6141,10.05
2017-01-05,6141,10.01
2017-01-06,6141,9.87
2017-01-09,6141,10.19
2017-01-10,6141,11.19
2017-01-11,6141,11.09
2017-01-12,6141,10.85
2017-01-13,6141,10.81
2017-01-16,6141,10.95
2017-01-17,6141,11.28
2017-01-18,6141,11.47
2017-01-19,6141,11.52
2017-01-20,6141,11.61
2017-01-23,6141,11.61
2017-01-24,6141,11.47
2017-01-03,6143,48.02
2017-01-04,6143,48.5
2017-01-05,6143,47.62
2017-01-06,6143,47.55
2017-01-09,6143,47.28
2017-01-10,6143,46.39
2017-01-11,6143,45.92
2017-01-12,6143,46.19
2017-01-13,6143,47.35
2017-01-16,6143,46.19
2017-01-17,6143,46.8
2017-01-18,6143,46.73
2017-01-19,6143,47.28
2017-01-20,6143,46.67
2017-01-23,6143,46.39
2017-01-24,6143,45.71
2017-01-04,6144,19.48
2017-01-05,6144,19.1
2017-01-09,6144,19.08
2017-01-10,6144,18.87
2017-01-19,6144,18.05
2017-01-23,6144,18.34
2017-01-24,6144,18.53
2017-01-03,6145,10.55
2017-01-04,6145,10.55
2017-01-05,6145,11.1
2017-01-06,6145,11.1
2017-01-09,6145,10.4
2017-01-10,6145,10.25
2017-01-11,6145,10.15
2017-01-12,6145,9.91
2017-01-13,6145,10.3
2017-01-16,6145,10.85
2017-01-17,6145,10.55
2017-01-18,6145,10.5
2017-01-19,6145,10.4
2017-01-20,6145,10.4
2017-01-23,6145,10.3
2017-01-24,6145,10.2
2017-01-03,6146,106.06
2017-01-04,6146,107.3
2017-01-05,6146,107.3
2017-01-06,6146,107.92
2017-01-09,6146,107.92
2017-01-10,6146,108.23
2017-01-11,6146,107.92
2017-01-12,6146,107.3
2017-01-13,6146,106.06
2017-01-16,6146,105.74
2017-01-17,6146,105.74
2017-01-18,6146,106.37
2017-01-19,6146,106.37
2017-01-20,6146,106.06
2017-01-23,6146,106.37
2017-01-24,6146,108.54
2017-01-03,6147,27.07
2017-01-04,6147,27.01
2017-01-05,6147,27.01
2017-01-06,6147,27.48
2017-01-09,6147,27.42
2017-01-10,6147,26.93
2017-01-11,6147,26.75
2017-01-12,6147,26.38
2017-01-13,6147,26.26
2017-01-16,6147,26.38
2017-01-17,6147,26.41
2017-01-18,6147,26.52
2017-01-19,6147,26.64
2017-01-20,6147,26.38
2017-01-23,6147,26.29
2017-01-24,6147,26.23
2017-01-03,6150,11.69
2017-01-04,6150,11.65
2017-01-05,6150,11.72
2017-01-06,6150,11.79
2017-01-09,6150,11.79
2017-01-10,6150,12.65
2017-01-11,6150,12.01
2017-01-12,6150,11.97
2017-01-13,6150,11.97
2017-01-16,6150,11.87
2017-01-17,6150,11.87
2017-01-18,6150,11.83
2017-01-19,6150,11.94
2017-01-20,6150,11.97
2017-01-23,6150,11.94
2017-01-24,6150,11.9
2017-01-03,6151,14.26
2017-01-04,6151,14.31
2017-01-05,6151,14.23
2017-01-06,6151,14.18
2017-01-09,6151,14.37
2017-01-10,6151,14.2
2017-01-11,6151,14.12
2017-01-12,6151,14.09
2017-01-13,6151,13.88
2017-01-16,6151,13.66
2017-01-17,6151,13.79
2017-01-18,6151,13.74
2017-01-19,6151,13.74
2017-01-20,6151,13.77
2017-01-23,6151,13.74
2017-01-24,6151,13.74
2017-01-03,6153,15.41
2017-01-04,6153,15.32
2017-01-05,6153,15.53
2017-01-06,6153,15.45
2017-01-09,6153,15.28
2017-01-10,6153,15.32
2017-01-11,6153,15.23
2017-01-12,6153,15.15
2017-01-13,6153,15.23
2017-01-16,6153,15.19
2017-01-17,6153,15.19
2017-01-18,6153,15.19
2017-01-19,6153,15.15
2017-01-20,6153,14.93
2017-01-23,6153,15.02
2017-01-24,6153,15.11
2017-01-03,6154,10.46
2017-01-04,6154,10.4
2017-01-05,6154,10.53
2017-01-06,6154,10.46
2017-01-09,6154,10.34
2017-01-10,6154,10.4
2017-01-11,6154,10.46
2017-01-12,6154,10.43
2017-01-13,6154,10.49
2017-01-16,6154,10.49
2017-01-17,6154,10.4
2017-01-18,6154,10.4
2017-01-19,6154,10.43
2017-01-20,6154,10.46
2017-01-23,6154,10.53
2017-01-24,6154,10.65
2017-01-03,6155,12.46
2017-01-04,6155,12.46
2017-01-05,6155,12.53
2017-01-06,6155,12.57
2017-01-09,6155,12.57
2017-01-10,6155,12.43
2017-01-11,6155,12.43
2017-01-12,6155,12.67
2017-01-13,6155,12.57
2017-01-16,6155,12.39
2017-01-17,6155,12.43
2017-01-18,6155,12.46
2017-01-19,6155,12.57
2017-01-20,6155,12.64
2017-01-23,6155,12.6
2017-01-24,6155,12.46
2017-01-03,6156,12.64
2017-01-04,6156,12.64
2017-01-05,6156,12.49
2017-01-06,6156,12.49
2017-01-09,6156,12.49
2017-01-10,6156,12.45
2017-01-11,6156,12.52
2017-01-12,6156,12.64
2017-01-13,6156,13.37
2017-01-16,6156,13.72
2017-01-17,6156,14.07
2017-01-18,6156,14.15
2017-01-19,6156,15.54
2017-01-20,6156,16.62
2017-01-23,6156,16.62
2017-01-24,6156,18.13
2017-01-03,6158,19.97
2017-01-04,6158,20.31
2017-01-05,6158,20.66
2017-01-06,6158,20.83
2017-01-09,6158,20.49
2017-01-10,6158,20.6
2017-01-11,6158,20.77
2017-01-12,6158,20.77
2017-01-13,6158,21.23
2017-01-16,6158,20.95
2017-01-17,6158,21.34
2017-01-18,6158,21.46
2017-01-19,6158,21.06
2017-01-20,6158,20.89
2017-01-23,6158,20.95
2017-01-24,6158,21.34
2017-01-03,6160,24.57
2017-01-04,6160,24.61
2017-01-05,6160,24.26
2017-01-06,6160,24.04
2017-01-09,6160,24.04
2017-01-10,6160,24.04
2017-01-11,6160,23.86
2017-01-12,6160,23.38
2017-01-13,6160,22.99
2017-01-16,6160,22.99
2017-01-17,6160,22.86
2017-01-18,6160,22.37
2017-01-19,6160,22.81
2017-01-20,6160,22.64
2017-01-23,6160,22.33
2017-01-24,6160,22.2
2017-01-03,6161,11.87
2017-01-04,6161,11.82
2017-01-05,6161,11.82
2017-01-06,6161,11.57
2017-01-09,6161,11.62
2017-01-10,6161,11.67
2017-01-11,6161,11.26
2017-01-12,6161,11.42
2017-01-13,6161,11.32
2017-01-16,6161,11.52
2017-01-17,6161,11.67
2017-01-18,6161,11.82
2017-01-19,6161,11.72
2017-01-20,6161,11.87
2017-01-23,6161,11.87
2017-01-24,6161,11.72
2017-01-03,6163,9.28
2017-01-04,6163,10.2
2017-01-05,6163,10.6
2017-01-06,6163,10.55
2017-01-09,6163,10.6
2017-01-10,6163,10.68
2017-01-11,6163,10.73
2017-01-12,6163,10.33
2017-01-13,6163,10.29
2017-01-16,6163,10.11
2017-01-17,6163,10.07
2017-01-18,6163,10.02
2017-01-19,6163,9.85
2017-01-20,6163,9.8
2017-01-23,6163,10.68
2017-01-24,6163,10.55
2017-01-03,6164,13.82
2017-01-04,6164,13.77
2017-01-05,6164,13.68
2017-01-06,6164,13.44
2017-01-09,6164,13.16
2017-01-10,6164,13.11
2017-01-11,6164,12.92
2017-01-12,6164,13.06
2017-01-13,6164,13.25
2017-01-16,6164,13.21
2017-01-17,6164,13.3
2017-01-18,6164,13.3
2017-01-19,6164,13.3
2017-01-20,6164,13.3
2017-01-23,6164,13.16
2017-01-24,6164,13.11
2017-01-03,6165,15.54
2017-01-04,6165,15.1
2017-01-05,6165,15.35
2017-01-06,6165,15.25
2017-01-09,6165,13.76
2017-01-10,6165,13.86
2017-01-11,6165,13.86
2017-01-12,6165,13.76
2017-01-13,6165,13.56
2017-01-16,6165,13.37
2017-01-17,6165,13.61
2017-01-18,6165,13.37
2017-01-19,6165,13.32
2017-01-20,6165,13.07
2017-01-23,6165,13.17
2017-01-24,6165,13.52
2017-01-03,6166,51.59
2017-01-04,6166,52.26
2017-01-05,6166,51.34
2017-01-06,6166,50.92
2017-01-09,6166,50.5
2017-01-10,6166,51.76
2017-01-11,6166,51.01
2017-01-12,6166,51.09
2017-01-13,6166,51.76
2017-01-16,6166,51.76
2017-01-17,6166,54.09
2017-01-18,6166,54.6
2017-01-19,6166,59.94
2017-01-20,6166,58.27
2017-01-23,6166,59.94
2017-01-24,6166,59.85
2017-01-03,6169,42.86
2017-01-04,6169,42.38
2017-01-05,6169,42.54
2017-01-06,6169,42.86
2017-01-09,6169,42.86
2017-01-10,6169,42.22
2017-01-11,6169,42.14
2017-01-12,6169,42.86
2017-01-13,6169,42.94
2017-01-16,6169,43.65
2017-01-17,6169,43.89
2017-01-18,6169,45.24
2017-01-19,6169,43.01
2017-01-20,6169,43.65
2017-01-23,6169,43.09
2017-01-24,6169,42.7
2017-01-03,6172,11.31
2017-01-04,6172,11.45
2017-01-05,6172,11.35
2017-01-06,6172,10.61
2017-01-09,6172,10.61
2017-01-10,6172,10.81
2017-01-11,6172,10.56
2017-01-12,6172,9.77
2017-01-13,6172,10.22
2017-01-16,6172,11.01
2017-01-17,6172,10.86
2017-01-18,6172,10.61
2017-01-19,6172,10.47
2017-01-20,6172,10.32
2017-01-23,6172,9.87
2017-01-24,6172,10.86
2017-01-03,6173,12.12
2017-01-04,6173,12.2
2017-01-05,6173,12.32
2017-01-06,6173,12.27
2017-01-09,6173,12.04
2017-01-10,6173,11.96
2017-01-11,6173,11.96
2017-01-12,6173,11.96
2017-01-13,6173,11.89
2017-01-16,6173,11.8
2017-01-17,6173,11.92
2017-01-18,6173,12.12
2017-01-19,6173,12.47
2017-01-20,6173,12.35
2017-01-23,6173,12.24
2017-01-24,6173,12.27
2017-01-03,6174,10.55
2017-01-04,6174,10.34
2017-01-05,6174,10.37
2017-01-06,6174,10.45
2017-01-09,6174,10.3
2017-01-10,6174,10.3
2017-01-11,6174,10.37
2017-01-12,6174,10.45
2017-01-13,6174,10.3
2017-01-16,6174,10.3
2017-01-17,6174,10.34
2017-01-18,6174,10.27
2017-01-19,6174,10.52
2017-01-20,6174,10.95
2017-01-23,6174,10.99
2017-01-24,6174,10.99
2017-01-03,6175,9.48
2017-01-04,6175,9.62
2017-01-05,6175,9.65
2017-01-06,6175,9.62
2017-01-09,6175,10.55
2017-01-10,6175,11.04
2017-01-11,6175,11.35
2017-01-12,6175,11.46
2017-01-13,6175,11.66
2017-01-16,6175,11.49
2017-01-17,6175,12.29
2017-01-18,6175,12.36
2017-01-19,6175,12.5
2017-01-20,6175,12.67
2017-01-23,6175,12.57
2017-01-24,6175,12.46
2017-01-03,6176,29.53
2017-01-04,6176,29.9
2017-01-05,6176,30.01
2017-01-06,6176,30.59
2017-01-09,6176,29.85
2017-01-10,6176,29.96
2017-01-11,6176,29.96
2017-01-12,6176,29.96
2017-01-13,6176,29.9
2017-01-16,6176,29.43
2017-01-17,6176,29.48
2017-01-18,6176,29.43
2017-01-19,6176,29.8
2017-01-20,6176,29.9
2017-01-23,6176,30.06
2017-01-24,6176,29.85
2017-01-03,6179,34.54
2017-01-04,6179,34.34
2017-01-05,6179,34.82
2017-01-06,6179,35.79
2017-01-09,6179,36.13
2017-01-10,6179,35.86
2017-01-11,6179,36.13
2017-01-12,6179,36.83
2017-01-13,6179,36.97
2017-01-16,6179,38.14
2017-01-17,6179,38.49
2017-01-18,6179,38.28
2017-01-19,6179,37.73
2017-01-20,6179,37.73
2017-01-23,6179,37.73
2017-01-24,6179,37.87
2017-01-03,6180,17.93
2017-01-04,6180,17.84
2017-01-05,6180,17.84
2017-01-06,6180,17.93
2017-01-09,6180,17.84
2017-01-10,6180,17.72
2017-01-11,6180,17.72
2017-01-12,6180,17.96
2017-01-13,6180,17.84
2017-01-16,6180,17.78
2017-01-17,6180,17.75
2017-01-18,6180,17.96
2017-01-19,6180,17.72
2017-01-20,6180,17.72
2017-01-23,6180,17.66
2017-01-24,6180,17.48
2017-01-03,6182,10.94
2017-01-04,6182,10.87
2017-01-05,6182,11.02
2017-01-06,6182,10.79
2017-01-09,6182,10.75
2017-01-10,6182,10.52
2017-01-11,6182,10.52
2017-01-12,6182,10.64
2017-01-13,6182,10.56
2017-01-16,6182,10.56
2017-01-17,6182,10.48
2017-01-18,6182,10.71
2017-01-19,6182,10.98
2017-01-20,6182,10.71
2017-01-23,6182,11.06
2017-01-24,6182,10.83
2017-01-03,6183,18.89
2017-01-04,6183,18.85
2017-01-05,6183,19.11
2017-01-06,6183,19.22
2017-01-09,6183,19.18
2017-01-10,6183,19.03
2017-01-11,6183,19.18
2017-01-12,6183,19.18
2017-01-13,6183,19.22
2017-01-16,6183,19.36
2017-01-17,6183,19.4
2017-01-18,6183,19.4
2017-01-19,6183,19.4
2017-01-20,6183,19.4
2017-01-23,6183,19.29
2017-01-24,6183,19.47
2017-01-03,6184,19.45
2017-01-04,6184,19.42
2017-01-05,6184,19.45
2017-01-06,6184,19.48
2017-01-09,6184,19.48
2017-01-10,6184,19.54
2017-01-11,6184,20.13
2017-01-12,6184,19.84
2017-01-13,6184,19.66
2017-01-16,6184,19.66
2017-01-17,6184,19.54
2017-01-18,6184,19.57
2017-01-19,6184,19.6
2017-01-20,6184,19.66
2017-01-23,6184,19.54
2017-01-24,6184,19.6
2017-01-03,6185,14.88
2017-01-04,6185,14.88
2017-01-05,6185,14.81
2017-01-06,6185,14.94
2017-01-09,6185,14.7
2017-01-10,6185,14.46
2017-01-11,6185,14.53
2017-01-12,6185,14.64
2017-01-13,6185,14.57
2017-01-16,6185,14.53
2017-01-17,6185,14.74
2017-01-18,6185,14.7
2017-01-19,6185,14.91
2017-01-20,6185,14.91
2017-01-23,6185,14.81
2017-01-24,6185,14.7
2017-01-03,6187,38.43
2017-01-04,6187,38.36
2017-01-05,6187,40.09
2017-01-06,6187,39.66
2017-01-09,6187,39.08
2017-01-10,6187,39.3
2017-01-11,6187,40.74
2017-01-12,6187,41.32
2017-01-13,6187,42.69
2017-01-16,6187,42.83
2017-01-17,6187,41.82
2017-01-18,6187,42.18
2017-01-19,6187,41.75
2017-01-20,6187,41.53
2017-01-23,6187,42.9
2017-01-24,6187,42.83
2017-01-03,6188,21.74
2017-01-04,6188,21.43
2017-01-05,6188,21.36
2017-01-06,6188,21.32
2017-01-09,6188,21.22
2017-01-10,6188,21.01
2017-01-11,6188,21.43
2017-01-12,6188,21.39
2017-01-13,6188,21.04
2017-01-16,6188,20.97
2017-01-17,6188,20.94
2017-01-18,6188,21.18
2017-01-19,6188,21.77
2017-01-20,6188,21.18
2017-01-23,6188,21.04
2017-01-24,6188,21.53
2017-01-03,6189,17.41
2017-01-04,6189,17.46
2017-01-05,6189,17.46
2017-01-06,6189,17.52
2017-01-09,6189,17.38
2017-01-10,6189,17.35
2017-01-11,6189,17.43
2017-01-12,6189,17.49
2017-01-13,6189,17.46
2017-01-16,6189,17.38
2017-01-17,6189,17.41
2017-01-18,6189,17.41
2017-01-19,6189,17.43
2017-01-20,6189,17.38
2017-01-23,6189,17.38
2017-01-24,6189,17.35
2017-01-03,6192,46.34
2017-01-04,6192,46.78
2017-01-05,6192,46.96
2017-01-06,6192,46.78
2017-01-09,6192,46.61
2017-01-10,6192,46.08
2017-01-11,6192,45.19
2017-01-12,6192,45.64
2017-01-13,6192,45.28
2017-01-16,6192,45.28
2017-01-17,6192,45.01
2017-01-18,6192,45.46
2017-01-19,6192,44.83
2017-01-20,6192,45.19
2017-01-23,6192,45.1
2017-01-24,6192,45.19
2017-01-03,6194,14.75
2017-01-04,6194,14.7
2017-01-05,6194,14.84
2017-01-06,6194,14.99
2017-01-09,6194,14.89
2017-01-10,6194,15.33
2017-01-11,6194,15.23
2017-01-12,6194,15.19
2017-01-13,6194,14.89
2017-01-16,6194,14.89
2017-01-17,6194,14.84
2017-01-18,6194,14.75
2017-01-19,6194,14.84
2017-01-20,6194,14.95
2017-01-23,6194,14.99
2017-01-24,6194,15.09
2017-01-03,6195,26.31
2017-01-04,6195,26.72
2017-01-05,6195,26.7
2017-01-06,6195,26.64
2017-01-09,6195,26.45
2017-01-10,6195,26.78
2017-01-11,6195,26.59
2017-01-12,6195,26.53
2017-01-13,6195,26.53
2017-01-16,6195,26.42
2017-01-17,6195,26.53
2017-01-18,6195,26.5
2017-01-19,6195,26.47
2017-01-20,6195,26.23
2017-01-23,6195,26.47
2017-01-24,6195,26.47
2017-01-03,6196,20.01
2017-01-04,6196,20.53
2017-01-05,6196,20.46
2017-01-06,6196,20.64
2017-01-09,6196,20.43
2017-01-10,6196,20.22
2017-01-11,6196,20.57
2017-01-12,6196,20.64
2017-01-13,6196,20.5
2017-01-16,6196,20.57
2017-01-17,6196,20.61
2017-01-18,6196,20.75
2017-01-19,6196,20.82
2017-01-20,6196,21.06
2017-01-23,6196,21.2
2017-01-24,6196,21.06
2017-01-03,6197,21.83
2017-01-04,6197,21.83
2017-01-05,6197,22.06
2017-01-06,6197,22.02
2017-01-09,6197,21.71
2017-01-10,6197,21.67
2017-01-11,6197,21.87
2017-01-12,6197,21.98
2017-01-13,6197,21.94
2017-01-16,6197,22.09
2017-01-17,6197,22.28
2017-01-18,6197,22.21
2017-01-19,6197,22.44
2017-01-20,6197,22.59
2017-01-23,6197,22.82
2017-01-24,6197,22.9
2017-01-03,6198,21.67
2017-01-05,6198,21.48
2017-01-06,6198,21.99
2017-01-09,6198,20.48
2017-01-10,6198,20.66
2017-01-11,6198,21.76
2017-01-12,6198,21.8
2017-01-13,6198,21.76
2017-01-16,6198,21.76
2017-01-17,6198,21.76
2017-01-18,6198,23.31
2017-01-19,6198,22.44
2017-01-20,6198,21.39
2017-01-23,6198,21.94
2017-01-24,6198,21.03
2017-01-03,6199,16.99
2017-01-05,6199,17.09
2017-01-10,6199,17.28
2017-01-11,6199,17.28
2017-01-18,6199,18.24
2017-01-03,6201,18.61
2017-01-04,6201,18.8
2017-01-05,6201,18.64
2017-01-06,6201,18.7
2017-01-09,6201,18.58
2017-01-10,6201,18.73
2017-01-11,6201,18.7
2017-01-12,6201,18.67
2017-01-13,6201,18.67
2017-01-16,6201,18.64
2017-01-17,6201,18.64
2017-01-18,6201,18.98
2017-01-19,6201,18.98
2017-01-20,6201,19.1
2017-01-23,6201,19.16
2017-01-24,6201,18.92
2017-01-03,6202,31.62
2017-01-04,6202,31.49
2017-01-05,6202,31.65
2017-01-06,6202,31.78
2017-01-09,6202,31.75
2017-01-10,6202,31.52
2017-01-11,6202,32.07
2017-01-12,6202,31.78
2017-01-13,6202,31.75
2017-01-16,6202,31.46
2017-01-17,6202,31.62
2017-01-18,6202,31.56
2017-01-19,6202,31.52
2017-01-20,6202,31.46
2017-01-23,6202,31.62
2017-01-24,6202,31.75
2017-01-03,6203,19.49
2017-01-04,6203,19.64
2017-01-05,6203,19.71
2017-01-06,6203,19.71
2017-01-09,6203,19.55
2017-01-10,6203,19.55
2017-01-11,6203,19.55
2017-01-12,6203,19.55
2017-01-13,6203,19.36
2017-01-16,6203,19.27
2017-01-17,6203,19.24
2017-01-18,6203,19.21
2017-01-19,6203,19.05
2017-01-20,6203,19.24
2017-01-23,6203,19.3
2017-01-24,6203,19.27
2017-01-03,6204,11.54
2017-01-04,6204,11.31
2017-01-05,6204,11.4
2017-01-06,6204,11.43
2017-01-09,6204,11.4
2017-01-10,6204,11.4
2017-01-11,6204,11.34
2017-01-12,6204,11.34
2017-01-13,6204,11.34
2017-01-16,6204,11.2
2017-01-17,6204,11.34
2017-01-18,6204,11.26
2017-01-19,6204,11.34
2017-01-20,6204,11.31
2017-01-23,6204,11.26
2017-01-24,6204,11.34
2017-01-03,6205,20.3
2017-01-04,6205,20.61
2017-01-05,6205,20.78
2017-01-06,6205,20.99
2017-01-09,6205,20.78
2017-01-10,6205,20.75
2017-01-11,6205,20.47
2017-01-12,6205,20.54
2017-01-13,6205,20.47
2017-01-16,6205,20.33
2017-01-17,6205,20.33
2017-01-18,6205,20.44
2017-01-19,6205,20.44
2017-01-20,6205,20.37
2017-01-23,6205,20.37
2017-01-24,6205,20.61
2017-01-03,6206,59.92
2017-01-04,6206,60.42
2017-01-05,6206,59.98
2017-01-06,6206,60.17
2017-01-09,6206,60.48
2017-01-10,6206,60.54
2017-01-11,6206,60.54
2017-01-12,6206,60.98
2017-01-13,6206,61.17
2017-01-16,6206,61.17
2017-01-17,6206,61.48
2017-01-18,6206,61.8
2017-01-19,6206,62.05
2017-01-20,6206,62.11
2017-01-23,6206,61.42
2017-01-24,6206,61.23
2017-01-03,6207,14.58
2017-01-04,6207,14.86
2017-01-05,6207,15.1
2017-01-06,6207,16.22
2017-01-09,6207,16.39
2017-01-10,6207,16.15
2017-01-11,6207,15.94
2017-01-12,6207,16.08
2017-01-13,6207,15.9
2017-01-16,6207,15.9
2017-01-17,6207,15.97
2017-01-18,6207,16.64
2017-01-19,6207,16.67
2017-01-20,6207,16.53
2017-01-23,6207,16.77
2017-01-24,6207,16.77
2017-01-03,6208,11.67
2017-01-04,6208,11.67
2017-01-05,6208,11.71
2017-01-06,6208,11.76
2017-01-09,6208,12.31
2017-01-10,6208,12.1
2017-01-11,6208,11.88
2017-01-12,6208,11.92
2017-01-13,6208,11.88
2017-01-16,6208,11.76
2017-01-17,6208,11.88
2017-01-18,6208,11.88
2017-01-19,6208,11.84
2017-01-20,6208,11.88
2017-01-23,6208,11.84
2017-01-24,6208,11.84
2017-01-03,6209,18.65
2017-01-04,6209,18.7
2017-01-05,6209,18.88
2017-01-06,6209,19.11
2017-01-09,6209,18.88
2017-01-10,6209,18.52
2017-01-11,6209,18.38
2017-01-12,6209,18.43
2017-01-13,6209,18.75
2017-01-16,6209,19.06
2017-01-17,6209,20.11
2017-01-18,6209,19.93
2017-01-19,6209,19.66
2017-01-20,6209,19.48
2017-01-23,6209,19.52
2017-01-24,6209,19.16
2017-01-03,6210,21.44
2017-01-04,6210,21.44
2017-01-05,6210,21.44
2017-01-06,6210,21.44
2017-01-09,6210,21.5
2017-01-10,6210,21.44
2017-01-11,6210,20.81
2017-01-12,6210,20.6
2017-01-13,6210,20.63
2017-01-16,6210,20.78
2017-01-17,6210,20.81
2017-01-18,6210,20.85
2017-01-19,6210,20.78
2017-01-20,6210,20.5
2017-01-23,6210,20.57
2017-01-24,6210,20.63
2017-01-03,6212,22.13
2017-01-05,6212,21.45
2017-01-06,6212,21.49
2017-01-09,6212,21.42
2017-01-10,6212,22.42
2017-01-11,6212,21.42
2017-01-12,6212,21.78
2017-01-16,6212,21.78
2017-01-17,6212,21.99
2017-01-19,6212,21.74
2017-01-20,6212,21.42
2017-01-23,6212,21.42
2017-01-24,6212,21.6
2017-01-03,6213,23.37
2017-01-04,6213,23.86
2017-01-05,6213,26.19
2017-01-06,6213,26.43
2017-01-09,6213,25.91
2017-01-10,6213,26.19
2017-01-11,6213,25.98
2017-01-12,6213,26.54
2017-01-13,6213,26.33
2017-01-16,6213,25.46
2017-01-17,6213,25.32
2017-01-18,6213,25.67
2017-01-19,6213,26.99
2017-01-20,6213,28.31
2017-01-23,6213,29.57
2017-01-24,6213,29.04
2017-01-03,6214,33.97
2017-01-04,6214,33.79
2017-01-05,6214,34.03
2017-01-06,6214,34.84
2017-01-09,6214,34.78
2017-01-10,6214,34.43
2017-01-11,6214,34.9
2017-01-12,6214,34.55
2017-01-13,6214,34.43
2017-01-16,6214,33.5
2017-01-17,6214,33.68
2017-01-18,6214,33.91
2017-01-19,6214,33.97
2017-01-20,6214,33.79
2017-01-23,6214,34.03
2017-01-24,6214,35.13
2017-01-03,6216,18.13
2017-01-04,6216,18.1
2017-01-05,6216,18.22
2017-01-06,6216,18.25
2017-01-09,6216,18.31
2017-01-10,6216,18.31
2017-01-11,6216,18.52
2017-01-12,6216,18.74
2017-01-13,6216,18.61
2017-01-16,6216,19.07
2017-01-17,6216,19.07
2017-01-18,6216,19.67
2017-01-19,6216,19.34
2017-01-20,6216,19.61
2017-01-23,6216,19.52
2017-01-24,6216,19.61
2017-01-03,6217,25.15
2017-01-04,6217,25.6
2017-01-05,6217,25.74
2017-01-06,6217,25.36
2017-01-09,6217,25.08
2017-01-10,6217,24.94
2017-01-11,6217,24.67
2017-01-12,6217,24.87
2017-01-13,6217,24.67
2017-01-16,6217,24.49
2017-01-17,6217,26.26
2017-01-18,6217,25.57
2017-01-19,6217,25.5
2017-01-20,6217,25.29
2017-01-23,6217,25.22
2017-01-24,6217,25.36
2017-01-03,6218,13.13
2017-01-04,6218,13.17
2017-01-05,6218,13.17
2017-01-06,6218,13.17
2017-01-09,6218,13.17
2017-01-10,6218,13.17
2017-01-11,6218,13.13
2017-01-12,6218,12.96
2017-01-13,6218,12.96
2017-01-16,6218,13.06
2017-01-17,6218,13.06
2017-01-18,6218,12.96
2017-01-19,6218,12.96
2017-01-20,6218,12.96
2017-01-23,6218,12.89
2017-01-24,6218,12.89
2017-01-03,6219,13.83
2017-01-04,6219,13.83
2017-01-05,6219,13.83
2017-01-06,6219,13.83
2017-01-09,6219,14.08
2017-01-10,6219,13.83
2017-01-11,6219,13.83
2017-01-12,6219,13.83
2017-01-13,6219,13.83
2017-01-16,6219,13.64
2017-01-17,6219,13.77
2017-01-18,6219,13.83
2017-01-19,6219,13.77
2017-01-20,6219,13.77
2017-01-23,6219,13.45
2017-01-24,6219,13.64
2017-01-03,6220,39.25
2017-01-04,6220,43.12
2017-01-05,6220,41.68
2017-01-06,6220,42.53
2017-01-09,6220,41.68
2017-01-10,6220,41.42
2017-01-11,6220,39.97
2017-01-12,6220,40.76
2017-01-13,6220,39.58
2017-01-16,6220,39.25
2017-01-17,6220,40.69
2017-01-18,6220,40.43
2017-01-19,6220,40.3
2017-01-20,6220,40.23
2017-01-23,6220,40.43
2017-01-24,6220,39.84
2017-01-03,6223,65.75
2017-01-04,6223,66.06
2017-01-05,6223,68.51
2017-01-06,6223,68.28
2017-01-09,6223,68.74
2017-01-10,6223,68.74
2017-01-11,6223,69.9
2017-01-12,6223,76.81
2017-01-13,6223,76.04
2017-01-16,6223,74.2
2017-01-17,6223,76.04
2017-01-18,6223,80.65
2017-01-19,6223,78.35
2017-01-20,6223,79.11
2017-01-23,6223,78.35
2017-01-24,6223,79.11
2017-01-03,6224,37.76
2017-01-04,6224,37.76
2017-01-05,6224,37.76
2017-01-06,6224,37.83
2017-01-09,6224,37.89
2017-01-10,6224,37.83
2017-01-11,6224,37.7
2017-01-12,6224,37.63
2017-01-13,6224,37.7
2017-01-16,6224,37.38
2017-01-17,6224,37.31
2017-01-18,6224,37.44
2017-01-19,6224,37.57
2017-01-20,6224,37.31
2017-01-23,6224,37.51
2017-01-24,6224,37.57
2017-01-03,6225,99.25
2017-01-04,6225,102.49
2017-01-06,6225,107.61
2017-01-09,6225,97.1
2017-01-10,6225,101.14
2017-01-12,6225,97.1
2017-01-13,6225,97.1
2017-01-16,6225,101.14
2017-01-17,6225,100.87
2017-01-19,6225,101.14
2017-01-20,6225,97.63
2017-01-23,6225,99.25
2017-01-03,6227,14.77
2017-01-04,6227,15.58
2017-01-05,6227,16.34
2017-01-06,6227,15.8
2017-01-09,6227,15.05
2017-01-10,6227,14.83
2017-01-11,6227,15.17
2017-01-12,6227,14.86
2017-01-13,6227,14.61
2017-01-16,6227,14.2
2017-01-17,6227,14.42
2017-01-18,6227,14.51
2017-01-19,6227,14.42
2017-01-20,6227,14.32
2017-01-23,6227,14.23
2017-01-24,6227,14.29
2017-01-03,6228,23.37
2017-01-04,6228,23.07
2017-01-05,6228,23.17
2017-01-06,6228,23.07
2017-01-09,6228,23.37
2017-01-10,6228,22.97
2017-01-11,6228,22.87
2017-01-12,6228,22.57
2017-01-13,6228,22.57
2017-01-16,6228,22.67
2017-01-17,6228,23.07
2017-01-18,6228,22.97
2017-01-19,6228,23.66
2017-01-20,6228,23.47
2017-01-23,6228,23.27
2017-01-24,6228,23.27
2017-01-03,6230,111.57
2017-01-04,6230,112.84
2017-01-05,6230,112.42
2017-01-06,6230,115.37
2017-01-09,6230,123.4
2017-01-10,6230,126.78
2017-01-11,6230,124.25
2017-01-12,6230,124.25
2017-01-13,6230,125.94
2017-01-16,6230,125.94
2017-01-17,6230,128.47
2017-01-18,6230,130.59
2017-01-19,6230,126.78
2017-01-20,6230,127.63
2017-01-23,6230,129.74
2017-01-24,6230,129.32
2017-01-03,6231,15.61
2017-01-04,6231,15.58
2017-01-05,6231,15.68
2017-01-06,6231,15.64
2017-01-09,6231,15.61
2017-01-10,6231,15.45
2017-01-11,6231,15.51
2017-01-12,6231,15.51
2017-01-13,6231,15.58
2017-01-16,6231,15.48
2017-01-17,6231,15.51
2017-01-18,6231,15.55
2017-01-19,6231,15.48
2017-01-20,6231,15.51
2017-01-23,6231,15.51
2017-01-24,6231,15.38
2017-01-03,6234,13.12
2017-01-04,6234,12.74
2017-01-05,6234,12.78
2017-01-06,6234,12.82
2017-01-09,6234,12.63
2017-01-10,6234,12.82
2017-01-11,6234,12.59
2017-01-12,6234,12.63
2017-01-13,6234,12.7
2017-01-16,6234,12.44
2017-01-17,6234,12.55
2017-01-18,6234,12.44
2017-01-19,6234,12.44
2017-01-20,6234,12.51
2017-01-23,6234,12.48
2017-01-24,6234,12.59
2017-01-03,6235,15.37
2017-01-04,6235,15.37
2017-01-05,6235,15.07
2017-01-06,6235,15.11
2017-01-09,6235,14.89
2017-01-10,6235,14.82
2017-01-11,6235,14.7
2017-01-12,6235,14.67
2017-01-13,6235,14.67
2017-01-16,6235,14.37
2017-01-17,6235,14.45
2017-01-18,6235,14.85
2017-01-19,6235,14.96
2017-01-20,6235,14.7
2017-01-23,6235,14.7
2017-01-24,6235,14.56
2017-01-03,6236,23.0
2017-01-05,6236,22.0
2017-01-09,6236,22.4
2017-01-11,6236,20.7
2017-01-12,6236,21.65
2017-01-13,6236,21.0
2017-01-16,6236,19.9
2017-01-17,6236,20.5
2017-01-18,6236,20.75
2017-01-19,6236,20.4
2017-01-20,6236,19.6
2017-01-23,6236,19.25
2017-01-24,6236,20.0
2017-01-03,6237,24.1
2017-01-04,6237,24.56
2017-01-05,6237,24.51
2017-01-06,6237,24.38
2017-01-09,6237,24.38
2017-01-10,6237,24.29
2017-01-11,6237,24.69
2017-01-12,6237,24.69
2017-01-13,6237,24.69
2017-01-16,6237,24.69
2017-01-17,6237,24.65
2017-01-18,6237,24.6
2017-01-19,6237,24.6
2017-01-20,6237,24.65
2017-01-23,6237,24.83
2017-01-24,6237,24.65
2017-01-03,6238,173.92
2017-01-04,6238,181.9
2017-01-05,6238,182.32
2017-01-06,6238,182.74
2017-01-09,6238,176.44
2017-01-10,6238,181.9
2017-01-11,6238,181.48
2017-01-12,6238,177.28
2017-01-13,6238,176.44
2017-01-16,6238,174.76
2017-01-17,6238,175.6
2017-01-18,6238,181.06
2017-01-19,6238,178.54
2017-01-20,6238,176.44
2017-01-23,6238,181.48
2017-01-24,6238,180.22
2017-01-03,6239,56.54
2017-01-04,6239,56.61
2017-01-05,6239,56.15
2017-01-06,6239,56.15
2017-01-09,6239,56.8
2017-01-10,6239,55.89
2017-01-11,6239,55.95
2017-01-12,6239,56.54
2017-01-13,6239,55.76
2017-01-16,6239,55.24
2017-01-17,6239,55.1
2017-01-18,6239,54.78
2017-01-19,6239,54.26
2017-01-20,6239,54.84
2017-01-23,6239,55.1
2017-01-24,6239,55.82
2017-01-03,6240,31.6
2017-01-04,6240,30.6
2017-01-05,6240,30.55
2017-01-06,6240,30.65
2017-01-09,6240,29.3
2017-01-10,6240,29.6
2017-01-11,6240,28.35
2017-01-12,6240,29.15
2017-01-13,6240,29.45
2017-01-16,6240,28.2
2017-01-17,6240,28.6
2017-01-18,6240,29.9
2017-01-19,6240,29.2
2017-01-20,6240,29.3
2017-01-23,6240,28.85
2017-01-24,6240,29.0
2017-01-03,6241,13.79
2017-01-04,6241,13.93
2017-01-05,6241,13.84
2017-01-06,6241,13.84
2017-01-09,6241,13.89
2017-01-10,6241,14.21
2017-01-11,6241,14.21
2017-01-12,6241,14.07
2017-01-13,6241,14.03
2017-01-16,6241,13.98
2017-01-17,6241,14.21
2017-01-18,6241,14.12
2017-01-19,6241,14.17
2017-01-20,6241,13.84
2017-01-23,6241,13.98
2017-01-24,6241,13.98
2017-01-03,6242,26.59
2017-01-04,6242,26.32
2017-01-05,6242,26.11
2017-01-06,6242,26.11
2017-01-09,6242,25.95
2017-01-10,6242,25.84
2017-01-11,6242,25.78
2017-01-12,6242,25.89
2017-01-13,6242,25.78
2017-01-18,6242,25.52
2017-01-23,6242,25.68
2017-01-24,6242,25.68
2017-01-03,6243,26.19
2017-01-04,6243,26.19
2017-01-05,6243,26.65
2017-01-06,6243,26.19
2017-01-09,6243,26.01
2017-01-10,6243,26.1
2017-01-11,6243,26.19
2017-01-12,6243,26.19
2017-01-13,6243,25.82
2017-01-16,6243,25.91
2017-01-17,6243,25.82
2017-01-18,6243,26.01
2017-01-19,6243,26.19
2017-01-20,6243,26.19
2017-01-23,6243,26.01
2017-01-24,6243,26.1
2017-01-03,6244,40.87
2017-01-04,6244,41.74
2017-01-05,6244,41.59
2017-01-06,6244,42.1
2017-01-09,6244,40.81
2017-01-10,6244,40.81
2017-01-11,6244,40.3
2017-01-12,6244,40.66
2017-01-13,6244,41.09
2017-01-16,6244,40.59
2017-01-17,6244,40.87
2017-01-18,6244,40.87
2017-01-19,6244,43.24
2017-01-20,6244,42.67
2017-01-23,6244,42.82
2017-01-24,6244,42.88
2017-01-03,6245,24.78
2017-01-04,6245,24.58
2017-01-05,6245,24.43
2017-01-06,6245,24.46
2017-01-09,6245,25.16
2017-01-10,6245,25.16
2017-01-11,6245,25.02
2017-01-12,6245,24.99
2017-01-13,6245,25.28
2017-01-16,6245,25.31
2017-01-17,6245,25.4
2017-01-18,6245,25.83
2017-01-19,6245,25.63
2017-01-20,6245,25.4
2017-01-23,6245,26.19
2017-01-24,6245,25.89
2017-01-03,6246,13.56
2017-01-04,6246,13.82
2017-01-05,6246,14.09
2017-01-06,6246,13.79
2017-01-09,6246,13.79
2017-01-10,6246,13.79
2017-01-11,6246,13.79
2017-01-12,6246,14.78
2017-01-17,6246,15.84
2017-01-18,6246,15.84
2017-01-19,6246,15.8
2017-01-20,6246,15.61
2017-01-03,6248,11.89
2017-01-04,6248,12.0
2017-01-05,6248,12.09
2017-01-06,6248,12.06
2017-01-09,6248,12.12
2017-01-10,6248,12.03
2017-01-11,6248,11.83
2017-01-12,6248,12.03
2017-01-13,6248,12.03
2017-01-16,6248,12.03
2017-01-17,6248,12.15
2017-01-18,6248,12.18
2017-01-19,6248,12.21
2017-01-20,6248,12.24
2017-01-23,6248,12.71
2017-01-24,6248,12.95
2017-01-03,6257,13.79
2017-01-04,6257,13.79
2017-01-05,6257,14.03
2017-01-06,6257,14.03
2017-01-09,6257,14.03
2017-01-10,6257,14.0
2017-01-11,6257,14.09
2017-01-12,6257,14.12
2017-01-13,6257,14.15
2017-01-16,6257,14.0
2017-01-17,6257,14.06
2017-01-18,6257,14.09
2017-01-19,6257,14.03
2017-01-20,6257,14.06
2017-01-23,6257,14.06
2017-01-24,6257,14.15
2017-01-03,6259,17.26
2017-01-04,6259,17.56
2017-01-05,6259,17.44
2017-01-06,6259,17.44
2017-01-09,6259,17.73
2017-01-11,6259,17.26
2017-01-12,6259,17.8
2017-01-13,6259,18.16
2017-01-16,6259,18.16
2017-01-17,6259,18.16
2017-01-18,6259,17.86
2017-01-19,6259,17.86
2017-01-20,6259,17.86
2017-01-23,6259,17.86
2017-01-24,6259,17.73
2017-01-03,6261,27.94
2017-01-04,6261,28.21
2017-01-05,6261,28.33
2017-01-06,6261,28.03
2017-01-09,6261,27.67
2017-01-10,6261,27.46
2017-01-11,6261,27.43
2017-01-12,6261,27.43
2017-01-13,6261,27.13
2017-01-16,6261,26.95
2017-01-17,6261,26.95
2017-01-18,6261,27.04
2017-01-19,6261,26.92
2017-01-20,6261,27.1
2017-01-23,6261,27.01
2017-01-24,6261,26.92
2017-01-03,6263,28.02
2017-01-04,6263,28.02
2017-01-05,6263,27.94
2017-01-06,6263,27.41
2017-01-09,6263,27.32
2017-01-10,6263,27.76
2017-01-11,6263,27.85
2017-01-12,6263,27.85
2017-01-13,6263,27.76
2017-01-16,6263,27.73
2017-01-17,6263,27.97
2017-01-18,6263,28.05
2017-01-19,6263,27.99
2017-01-20,6263,27.94
2017-01-23,6263,27.94
2017-01-24,6263,27.88
2017-01-03,6269,56.69
2017-01-04,6269,57.02
2017-01-05,6269,57.09
2017-01-06,6269,57.68
2017-01-09,6269,58.21
2017-01-10,6269,58.55
2017-01-11,6269,59.08
2017-01-12,6269,58.81
2017-01-13,6269,58.81
2017-01-16,6269,57.48
2017-01-17,6269,58.48
2017-01-18,6269,58.08
2017-01-19,6269,58.08
2017-01-20,6269,58.15
2017-01-23,6269,60.07
2017-01-24,6269,59.47
2017-01-03,6271,91.88
2017-01-04,6271,94.42
2017-01-05,6271,92.72
2017-01-06,6271,92.72
2017-01-09,6271,90.61
2017-01-10,6271,92.72
2017-01-11,6271,100.35
2017-01-12,6271,99.5
2017-01-13,6271,97.38
2017-01-16,6271,97.81
2017-01-17,6271,97.38
2017-01-18,6271,99.07
2017-01-19,6271,98.23
2017-01-20,6271,97.38
2017-01-23,6271,101.61
2017-01-24,6271,100.35
2017-01-03,6274,25.66
2017-01-04,6274,26.66
2017-01-05,6274,27.84
2017-01-06,6274,28.05
2017-01-09,6274,27.11
2017-01-10,6274,28.74
2017-01-11,6274,28.29
2017-01-12,6274,28.54
2017-01-13,6274,28.4
2017-01-16,6274,27.77
2017-01-17,6274,28.19
2017-01-18,6274,28.33
2017-01-19,6274,28.19
2017-01-20,6274,29.16
2017-01-23,6274,30.55
2017-01-24,6274,29.61
2017-01-03,6275,10.98
2017-01-04,6275,11.24
2017-01-05,6275,10.98
2017-01-06,6275,11.05
2017-01-09,6275,11.17
2017-01-10,6275,11.09
2017-01-11,6275,10.9
2017-01-12,6275,11.02
2017-01-13,6275,11.02
2017-01-16,6275,10.9
2017-01-17,6275,11.02
2017-01-18,6275,11.05
2017-01-19,6275,11.02
2017-01-20,6275,11.02
2017-01-23,6275,11.21
2017-01-24,6275,11.13
2017-01-03,6276,9.51
2017-01-04,6276,9.61
2017-01-05,6276,9.85
2017-01-06,6276,9.64
2017-01-09,6276,9.56
2017-01-10,6276,9.69
2017-01-11,6276,9.58
2017-01-12,6276,9.48
2017-01-13,6276,9.55
2017-01-16,6276,9.53
2017-01-17,6276,9.53
2017-01-18,6276,9.93
2017-01-19,6276,10.91
2017-01-20,6276,10.62
2017-01-23,6276,11.26
2017-01-24,6276,12.07
2017-01-03,6277,45.95
2017-01-04,6277,45.95
2017-01-05,6277,45.95
2017-01-06,6277,45.66
2017-01-09,6277,45.61
2017-01-10,6277,45.61
2017-01-11,6277,45.61
2017-01-12,6277,45.66
2017-01-13,6277,45.55
2017-01-16,6277,45.43
2017-01-17,6277,45.83
2017-01-18,6277,45.78
2017-01-19,6277,45.78
2017-01-20,6277,45.83
2017-01-23,6277,45.89
2017-01-24,6277,46.0
2017-01-03,6278,18.64
2017-01-04,6278,18.78
2017-01-05,6278,18.82
2017-01-06,6278,18.68
2017-01-09,6278,18.53
2017-01-10,6278,18.43
2017-01-11,6278,18.43
2017-01-12,6278,18.53
2017-01-13,6278,18.5
2017-01-16,6278,18.43
2017-01-17,6278,18.53
2017-01-18,6278,18.53
2017-01-19,6278,18.36
2017-01-20,6278,18.32
2017-01-23,6278,18.29
2017-01-24,6278,18.36
2017-01-03,6279,98.93
2017-01-04,6279,98.25
2017-01-05,6279,99.95
2017-01-06,6279,100.97
2017-01-09,6279,98.59
2017-01-10,6279,98.25
2017-01-11,6279,97.23
2017-01-12,6279,96.89
2017-01-13,6279,95.87
2017-01-16,6279,96.89
2017-01-17,6279,97.57
2017-01-18,6279,97.91
2017-01-19,6279,97.23
2017-01-20,6279,98.59
2017-01-23,6279,99.95
2017-01-24,6279,99.95
2017-01-03,6281,37.05
2017-01-04,6281,37.05
2017-01-05,6281,37.05
2017-01-06,6281,37.0
2017-01-09,6281,36.94
2017-01-10,6281,36.47
2017-01-11,6281,36.7
2017-01-12,6281,36.58
2017-01-13,6281,36.52
2017-01-16,6281,36.52
2017-01-17,6281,36.52
2017-01-18,6281,36.82
2017-01-19,6281,36.64
2017-01-20,6281,36.58
2017-01-23,6281,36.82
2017-01-24,6281,36.76
2017-01-03,6282,16.75
2017-01-04,6282,16.75
2017-01-05,6282,16.68
2017-01-06,6282,16.68
2017-01-09,6282,16.4
2017-01-10,6282,16.33
2017-01-11,6282,16.65
2017-01-12,6282,16.79
2017-01-13,6282,16.61
2017-01-16,6282,16.36
2017-01-17,6282,16.36
2017-01-18,6282,16.36
2017-01-19,6282,16.4
2017-01-20,6282,16.33
2017-01-23,6282,16.54
2017-01-24,6282,16.61
2017-01-03,6283,26.11
2017-01-04,6283,26.59
2017-01-05,6283,27.48
2017-01-06,6283,28.05
2017-01-09,6283,28.33
2017-01-10,6283,27.91
2017-01-11,6283,28.24
2017-01-12,6283,28.62
2017-01-13,6283,30.7
2017-01-16,6283,32.21
2017-01-17,6283,35.13
2017-01-18,6283,36.65
2017-01-19,6283,35.7
2017-01-20,6283,36.17
2017-01-23,6283,36.22
2017-01-24,6283,35.89
2017-01-03,6284,16.82
2017-01-04,6284,16.87
2017-01-05,6284,16.87
2017-01-06,6284,16.99
2017-01-09,6284,17.12
2017-01-10,6284,17.5
2017-01-11,6284,17.25
2017-01-12,6284,17.63
2017-01-13,6284,17.38
2017-01-16,6284,16.95
2017-01-17,6284,16.87
2017-01-18,6284,17.08
2017-01-19,6284,17.08
2017-01-20,6284,17.25
2017-01-23,6284,17.25
2017-01-24,6284,17.29
2017-01-03,6285,59.18
2017-01-04,6285,59.52
2017-01-05,6285,60.6
2017-01-06,6285,60.81
2017-01-09,6285,61.22
2017-01-10,6285,61.22
2017-01-11,6285,61.35
2017-01-12,6285,60.67
2017-01-13,6285,61.89
2017-01-16,6285,61.76
2017-01-17,6285,61.69
2017-01-18,6285,61.62
2017-01-19,6285,61.62
2017-01-20,6285,60.94
2017-01-23,6285,60.81
2017-01-24,6285,60.74
2017-01-03,6289,12.72
2017-01-04,6289,13.05
2017-01-05,6289,13.05
2017-01-06,6289,13.05
2017-01-09,6289,12.78
2017-01-10,6289,12.52
2017-01-11,6289,12.12
2017-01-12,6289,11.85
2017-01-13,6289,11.85
2017-01-16,6289,11.59
2017-01-17,6289,12.45
2017-01-18,6289,11.79
2017-01-19,6289,12.12
2017-01-20,6289,12.25
2017-01-23,6289,12.72
2017-01-24,6289,12.92
2017-01-03,6290,20.58
2017-01-04,6290,20.4
2017-01-05,6290,20.29
2017-01-06,6290,20.22
2017-01-09,6290,20.29
2017-01-10,6290,20.04
2017-01-11,6290,19.57
2017-01-12,6290,19.49
2017-01-13,6290,19.31
2017-01-16,6290,19.93
2017-01-17,6290,20.11
2017-01-18,6290,20.15
2017-01-19,6290,20.07
2017-01-20,6290,20.26
2017-01-23,6290,20.15
2017-01-24,6290,20.18
2017-01-03,6291,19.39
2017-01-04,6291,20.68
2017-01-09,6291,20.68
2017-01-10,6291,20.68
2017-01-11,6291,20.68
2017-01-13,6291,20.68
2017-01-18,6291,21.97
2017-01-19,6291,21.32
2017-01-23,6291,21.65
2017-01-24,6291,21.65
2017-01-03,6292,14.55
2017-01-04,6292,14.58
2017-01-05,6292,14.63
2017-01-06,6292,14.68
2017-01-09,6292,14.68
2017-01-10,6292,16.14
2017-01-11,6292,17.07
2017-01-12,6292,16.95
2017-01-13,6292,17.22
2017-01-16,6292,16.95
2017-01-17,6292,16.74
2017-01-18,6292,16.49
2017-01-19,6292,16.34
2017-01-20,6292,15.94
2017-01-23,6292,15.94
2017-01-24,6292,16.04
2017-01-03,6294,56.58
2017-01-04,6294,56.82
2017-01-05,6294,56.58
2017-01-06,6294,58.01
2017-01-09,6294,57.29
2017-01-10,6294,57.77
2017-01-11,6294,57.53
2017-01-12,6294,57.77
2017-01-13,6294,57.77
2017-01-16,6294,57.29
2017-01-17,6294,57.29
2017-01-18,6294,57.77
2017-01-19,6294,57.77
2017-01-20,6294,57.06
2017-01-23,6294,58.01
2017-01-24,6294,58.01
2017-01-03,6404,41.36
2017-01-04,6404,42.14
2017-01-05,6404,42.01
2017-01-06,6404,42.14
2017-01-09,6404,39.41
2017-01-10,6404,39.54
2017-01-11,6404,37.46
2017-01-12,6404,37.98
2017-01-13,6404,38.11
2017-01-16,6404,37.59
2017-01-17,6404,37.59
2017-01-18,6404,39.15
2017-01-19,6404,38.5
2017-01-20,6404,38.5
2017-01-23,6404,38.37
2017-01-24,6404,38.37
2017-01-03,6405,12.89
2017-01-04,6405,12.85
2017-01-05,6405,12.85
2017-01-06,6405,12.89
2017-01-09,6405,12.69
2017-01-10,6405,12.53
2017-01-11,6405,12.61
2017-01-12,6405,12.41
2017-01-13,6405,12.3
2017-01-16,6405,12.45
2017-01-17,6405,12.45
2017-01-18,6405,12.33
2017-01-19,6405,12.49
2017-01-20,6405,12.41
2017-01-23,6405,12.14
2017-01-24,6405,12.41
2017-01-03,6409,328.49
2017-01-04,6409,332.91
2017-01-05,6409,342.49
2017-01-06,6409,342.49
2017-01-09,6409,337.33
2017-01-10,6409,332.91
2017-01-11,6409,332.55
2017-01-12,6409,324.08
2017-01-13,6409,321.87
2017-01-16,6409,319.66
2017-01-17,6409,320.02
2017-01-18,6409,326.28
2017-01-19,6409,322.23
2017-01-20,6409,322.97
2017-01-23,6409,319.29
2017-01-24,6409,312.66
2017-01-03,6411,35.6
2017-01-04,6411,34.89
2017-01-05,6411,34.95
2017-01-06,6411,34.65
2017-01-09,6411,33.81
2017-01-10,6411,33.99
2017-01-11,6411,33.4
2017-01-12,6411,34.47
2017-01-13,6411,34.35
2017-01-16,6411,33.81
2017-01-17,6411,34.05
2017-01-18,6411,35.24
2017-01-19,6411,36.2
2017-01-20,6411,38.04
2017-01-23,6411,40.66
2017-01-24,6411,39.83
2017-01-03,6412,30.23
2017-01-04,6412,30.07
2017-01-05,6412,30.14
2017-01-06,6412,29.34
2017-01-09,6412,29.28
2017-01-10,6412,28.97
2017-01-11,6412,29.34
2017-01-12,6412,29.4
2017-01-13,6412,29.43
2017-01-16,6412,28.97
2017-01-17,6412,28.94
2017-01-18,6412,28.94
2017-01-19,6412,28.73
2017-01-20,6412,28.85
2017-01-23,6412,28.73
2017-01-24,6412,28.6
2017-01-03,6414,301.67
2017-01-04,6414,297.07
2017-01-05,6414,299.55
2017-01-06,6414,297.07
2017-01-09,6414,302.73
2017-01-10,6414,307.68
2017-01-11,6414,311.93
2017-01-12,6414,312.63
2017-01-13,6414,306.27
2017-01-16,6414,303.44
2017-01-17,6414,322.89
2017-01-18,6414,319.0
2017-01-19,6414,319.0
2017-01-20,6414,319.71
2017-01-23,6414,318.65
2017-01-24,6414,316.88
2017-01-03,6415,435.58
2017-01-04,6415,452.56
2017-01-05,6415,458.21
2017-01-06,6415,460.1
2017-01-09,6415,449.26
2017-01-10,6415,447.84
2017-01-11,6415,454.44
2017-01-12,6415,451.61
2017-01-13,6415,443.13
2017-01-16,6415,437.47
2017-01-17,6415,443.6
2017-01-18,6415,453.97
2017-01-19,6415,452.56
2017-01-20,6415,452.08
2017-01-23,6415,444.07
2017-01-24,6415,447.84
2017-01-03,6416,86.31
2017-01-04,6416,86.63
2017-01-05,6416,87.94
2017-01-06,6416,87.94
2017-01-09,6416,85.5
2017-01-10,6416,86.31
2017-01-11,6416,86.72
2017-01-12,6416,85.74
2017-01-13,6416,86.31
2017-01-16,6416,85.99
2017-01-17,6416,86.71
2017-01-18,6416,85.49
2017-01-19,6416,85.5
2017-01-20,6416,85.99
2017-01-23,6416,87.13
2017-01-24,6416,87.1
2017-01-03,6417,32.15
2017-01-04,6417,30.9
2017-01-05,6417,30.82
2017-01-06,6417,31.48
2017-01-09,6417,31.44
2017-01-10,6417,30.73
2017-01-11,6417,30.98
2017-01-12,6417,30.98
2017-01-13,6417,30.98
2017-01-16,6417,31.02
2017-01-17,6417,31.48
2017-01-18,6417,31.48
2017-01-19,6417,32.48
2017-01-20,6417,32.48
2017-01-23,6417,31.86
2017-01-24,6417,32.15
2017-01-05,6418,11.65
2017-01-06,6418,12.51
2017-01-09,6418,12.92
2017-01-10,6418,12.87
2017-01-11,6418,13.09
2017-01-12,6418,13.11
2017-01-16,6418,13.07
2017-01-24,6418,13.07
2017-01-03,6419,26.71
2017-01-04,6419,26.98
2017-01-05,6419,27.08
2017-01-06,6419,27.08
2017-01-09,6419,26.43
2017-01-10,6419,26.43
2017-01-11,6419,26.43
2017-01-12,6419,26.8
2017-01-13,6419,27.08
2017-01-16,6419,26.43
2017-01-17,6419,26.25
2017-01-18,6419,26.25
2017-01-19,6419,26.07
2017-01-20,6419,26.07
2017-01-23,6419,26.07
2017-01-24,6419,27.17
2017-01-03,6422,63.91
2017-01-04,6422,64.19
2017-01-05,6422,65.59
2017-01-06,6422,64.75
2017-01-09,6422,65.12
2017-01-10,6422,64.66
2017-01-11,6422,63.33
2017-01-12,6422,62.76
2017-01-13,6422,62.66
2017-01-16,6422,62.66
2017-01-17,6422,63.14
2017-01-18,6422,63.52
2017-01-19,6422,63.8
2017-01-20,6422,63.61
2017-01-23,6422,66.75
2017-01-24,6422,65.99
2017-01-03,6423,49.44
2017-01-04,6423,49.94
2017-01-05,6423,49.16
2017-01-06,6423,49.05
2017-01-09,6423,48.83
2017-01-10,6423,49.45
2017-01-11,6423,49.12
2017-01-12,6423,48.96
2017-01-13,6423,48.73
2017-01-16,6423,48.49
2017-01-17,6423,48.63
2017-01-18,6423,48.1
2017-01-19,6423,48.3
2017-01-20,6423,50.57
2017-01-23,6423,50.57
2017-01-24,6423,50.57
2017-01-03,6425,18.72
2017-01-04,6425,18.4
2017-01-10,6425,18.48
2017-01-11,6425,19.36
2017-01-12,6425,19.29
2017-01-13,6425,18.43
2017-01-19,6425,19.32
2017-01-20,6425,19.12
2017-01-23,6425,18.72
2017-01-03,6426,46.29
2017-01-04,6426,47.47
2017-01-05,6426,47.78
2017-01-06,6426,47.47
2017-01-09,6426,46.84
2017-01-10,6426,47.23
2017-01-11,6426,51.33
2017-01-12,6426,52.9
2017-01-13,6426,57.78
2017-01-16,6426,55.58
2017-01-17,6426,55.34
2017-01-18,6426,57.47
2017-01-19,6426,55.5
2017-01-20,6426,57.94
2017-01-23,6426,63.68
2017-01-24,6426,62.19
2017-01-03,6432,16.73
2017-01-04,6432,16.93
2017-01-05,6432,16.87
2017-01-06,6432,17.14
2017-01-09,6432,16.93
2017-01-10,6432,16.97
2017-01-11,6432,16.97
2017-01-12,6432,16.73
2017-01-13,6432,16.66
2017-01-16,6432,16.73
2017-01-17,6432,16.76
2017-01-18,6432,16.59
2017-01-19,6432,16.66
2017-01-20,6432,16.8
2017-01-23,6432,16.93
2017-01-24,6432,16.73
2017-01-03,6435,24.99
2017-01-04,6435,24.99
2017-01-05,6435,25.09
2017-01-06,6435,25.75
2017-01-09,6435,26.05
2017-01-10,6435,25.59
2017-01-11,6435,25.55
2017-01-12,6435,25.55
2017-01-13,6435,25.36
2017-01-16,6435,24.96
2017-01-17,6435,24.93
2017-01-18,6435,25.16
2017-01-19,6435,25.29
2017-01-20,6435,25.36
2017-01-23,6435,25.55
2017-01-24,6435,25.36
2017-01-03,6438,34.41
2017-01-04,6438,34.44
2017-01-05,6438,34.37
2017-01-06,6438,34.07
2017-01-09,6438,34.17
2017-01-10,6438,33.87
2017-01-11,6438,33.97
2017-01-12,6438,33.65
2017-01-13,6438,34.08
2017-01-16,6438,34.17
2017-01-17,6438,34.6
2017-01-18,6438,33.99
2017-01-19,6438,34.02
2017-01-20,6438,33.13
2017-01-23,6438,32.67
2017-01-24,6438,33.64
2017-01-03,6441,43.7
2017-01-04,6441,43.83
2017-01-05,6441,44.07
2017-01-06,6441,44.63
2017-01-10,6441,44.34
2017-01-11,6441,44.35
2017-01-12,6441,43.99
2017-01-16,6441,44.92
2017-01-17,6441,44.39
2017-01-18,6441,45.07
2017-01-19,6441,45.07
2017-01-20,6441,45.21
2017-01-23,6441,45.43
2017-01-24,6441,44.79
2017-01-03,6442,32.71
2017-01-04,6442,33.16
2017-01-05,6442,33.71
2017-01-06,6442,33.5
2017-01-09,6442,32.78
2017-01-10,6442,32.81
2017-01-11,6442,32.36
2017-01-12,6442,32.33
2017-01-13,6442,32.16
2017-01-16,6442,32.02
2017-01-17,6442,32.02
2017-01-18,6442,32.16
2017-01-19,6442,31.98
2017-01-20,6442,31.74
2017-01-23,6442,31.33
2017-01-24,6442,31.36
2017-01-03,6443,13.9
2017-01-04,6443,14.37
2017-01-05,6443,14.24
2017-01-06,6443,14.17
2017-01-09,6443,13.7
2017-01-10,6443,13.7
2017-01-11,6443,13.64
2017-01-12,6443,13.64
2017-01-13,6443,13.7
2017-01-16,6443,13.64
2017-01-17,6443,13.64
2017-01-18,6443,13.77
2017-01-19,6443,14.03
2017-01-20,6443,14.11
2017-01-23,6443,14.17
2017-01-24,6443,14.17
2017-01-03,6446,149.55
2017-01-04,6446,151.0
2017-01-05,6446,152.45
2017-01-06,6446,151.48
2017-01-09,6446,150.52
2017-01-10,6446,151.97
2017-01-11,6446,145.69
2017-01-12,6446,143.77
2017-01-13,6446,137.49
2017-01-16,6446,136.53
2017-01-17,6446,136.53
2017-01-18,6446,139.91
2017-01-19,6446,137.49
2017-01-20,6446,137.01
2017-01-23,6446,138.94
2017-01-24,6446,138.94
2017-01-03,6449,21.8
2017-01-04,6449,22.62
2017-01-05,6449,22.54
2017-01-06,6449,22.58
2017-01-09,6449,22.79
2017-01-10,6449,22.65
2017-01-11,6449,22.79
2017-01-12,6449,22.94
2017-01-13,6449,22.97
2017-01-16,6449,22.44
2017-01-17,6449,22.72
2017-01-18,6449,22.87
2017-01-19,6449,23.15
2017-01-20,6449,23.19
2017-01-23,6449,22.97
2017-01-24,6449,22.79
2017-01-03,6451,82.93
2017-01-04,6451,82.19
2017-01-05,6451,82.93
2017-01-06,6451,83.75
2017-01-09,6451,79.71
2017-01-10,6451,80.12
2017-01-11,6451,77.98
2017-01-12,6451,78.31
2017-01-13,6451,77.81
2017-01-16,6451,75.91
2017-01-17,6451,77.65
2017-01-18,6451,76.9
2017-01-19,6451,77.07
2017-01-20,6451,76.74
2017-01-23,6451,78.47
2017-01-24,6451,77.07
2017-01-03,6452,269.79
2017-01-04,6452,269.79
2017-01-05,6452,278.48
2017-01-06,6452,275.26
2017-01-09,6452,270.76
2017-01-10,6452,273.97
2017-01-11,6452,270.44
2017-01-12,6452,272.69
2017-01-13,6452,273.65
2017-01-16,6452,276.55
2017-01-17,6452,273.97
2017-01-18,6452,276.87
2017-01-19,6452,273.97
2017-01-20,6452,273.97
2017-01-23,6452,273.97
2017-01-24,6452,278.48
2017-01-03,6456,68.95
2017-01-04,6456,70.01
2017-01-05,6456,69.55
2017-01-06,6456,69.48
2017-01-09,6456,69.48
2017-01-10,6456,69.02
2017-01-11,6456,67.21
2017-01-12,6456,68.42
2017-01-13,6456,67.96
2017-01-16,6456,68.19
2017-01-17,6456,69.18
2017-01-18,6456,68.95
2017-01-19,6456,70.46
2017-01-20,6456,73.95
2017-01-23,6456,73.19
2017-01-24,6456,75.08
2017-01-03,6457,19.02
2017-01-04,6457,19.34
2017-01-05,6457,19.41
2017-01-06,6457,19.63
2017-01-09,6457,19.6
2017-01-10,6457,19.22
2017-01-11,6457,19.6
2017-01-12,6457,19.54
2017-01-13,6457,19.92
2017-01-16,6457,20.12
2017-01-17,6457,19.86
2017-01-18,6457,20.05
2017-01-19,6457,20.15
2017-01-20,6457,20.05
2017-01-23,6457,19.86
2017-01-24,6457,19.79
2017-01-03,6461,32.49
2017-01-04,6461,32.4
2017-01-05,6461,32.39
2017-01-06,6461,32.58
2017-01-09,6461,32.29
2017-01-10,6461,31.84
2017-01-11,6461,32.39
2017-01-12,6461,32.49
2017-01-13,6461,31.94
2017-01-16,6461,32.04
2017-01-17,6461,32.4
2017-01-18,6461,31.94
2017-01-19,6461,31.85
2017-01-20,6461,31.92
2017-01-23,6461,31.93
2017-01-24,6461,31.56
2017-01-03,6462,174.57
2017-01-04,6462,165.27
2017-01-05,6462,168.02
2017-01-06,6462,170.78
2017-01-09,6462,172.16
2017-01-10,6462,172.5
2017-01-11,6462,180.08
2017-01-12,6462,181.11
2017-01-13,6462,178.35
2017-01-16,6462,176.29
2017-01-17,6462,179.39
2017-01-18,6462,183.52
2017-01-19,6462,182.14
2017-01-20,6462,179.73
2017-01-23,6462,175.94
2017-01-24,6462,181.11
2017-01-03,6464,83.14
2017-01-04,6464,83.14
2017-01-05,6464,82.81
2017-01-06,6464,83.14
2017-01-09,6464,82.81
2017-01-10,6464,82.81
2017-01-11,6464,82.81
2017-01-12,6464,82.81
2017-01-13,6464,82.81
2017-01-17,6464,82.81
2017-01-18,6464,83.81
2017-01-19,6464,83.14
2017-01-20,6464,82.81
2017-01-23,6464,82.81
2017-01-24,6464,82.81
2017-01-03,6465,64.09
2017-01-04,6465,64.19
2017-01-05,6465,64.19
2017-01-06,6465,65.67
2017-01-09,6465,68.83
2017-01-10,6465,66.26
2017-01-11,6465,65.87
2017-01-12,6465,66.07
2017-01-13,6465,65.77
2017-01-16,6465,66.07
2017-01-17,6465,65.18
2017-01-18,6465,65.47
2017-01-19,6465,65.37
2017-01-20,6465,65.77
2017-01-23,6465,66.36
2017-01-24,6465,66.56
2017-01-03,6469,17.25
2017-01-04,6469,17.33
2017-01-05,6469,17.47
2017-01-06,6469,17.47
2017-01-09,6469,17.47
2017-01-10,6469,17.51
2017-01-11,6469,17.91
2017-01-12,6469,17.84
2017-01-13,6469,17.69
2017-01-16,6469,17.73
2017-01-17,6469,17.6
2017-01-18,6469,17.69
2017-01-19,6469,17.73
2017-01-20,6469,17.58
2017-01-23,6469,17.73
2017-01-24,6469,17.82
2017-01-03,6470,27.81
2017-01-04,6470,28.22
2017-01-05,6470,29.09
2017-01-06,6470,29.55
2017-01-09,6470,29.84
2017-01-10,6470,30.07
2017-01-11,6470,29.84
2017-01-12,6470,29.55
2017-01-13,6470,29.61
2017-01-16,6470,29.61
2017-01-17,6470,29.67
2017-01-18,6470,29.67
2017-01-19,6470,29.32
2017-01-20,6470,28.97
2017-01-23,6470,28.97
2017-01-24,6470,29.09
2017-01-04,6472,17.89
2017-01-05,6472,17.89
2017-01-09,6472,18.23
2017-01-18,6472,18.23
2017-01-20,6472,17.95
2017-01-23,6472,17.73
2017-01-24,6472,17.73
2017-01-03,6477,14.93
2017-01-04,6477,15.14
2017-01-05,6477,15.22
2017-01-06,6477,15.22
2017-01-09,6477,15.18
2017-01-10,6477,15.3
2017-01-11,6477,15.06
2017-01-12,6477,15.38
2017-01-13,6477,15.18
2017-01-16,6477,15.06
2017-01-17,6477,15.22
2017-01-18,6477,15.06
2017-01-19,6477,15.14
2017-01-20,6477,15.06
2017-01-23,6477,15.1
2017-01-24,6477,15.22
2017-01-03,6482,28.11
2017-01-04,6482,28.17
2017-01-05,6482,28.17
2017-01-06,6482,28.28
2017-01-09,6482,27.97
2017-01-10,6482,28.05
2017-01-11,6482,28.61
2017-01-12,6482,28.78
2017-01-13,6482,28.56
2017-01-16,6482,28.28
2017-01-17,6482,28.03
2017-01-18,6482,28.05
2017-01-19,6482,28.05
2017-01-20,6482,27.77
2017-01-23,6482,28.0
2017-01-24,6482,28.28
2017-01-03,6485,37.79
2017-01-04,6485,37.53
2017-01-05,6485,37.53
2017-01-06,6485,36.81
2017-01-09,6485,36.22
2017-01-10,6485,34.05
2017-01-11,6485,33.6
2017-01-12,6485,34.12
2017-01-13,6485,34.25
2017-01-16,6485,34.25
2017-01-17,6485,34.58
2017-01-18,6485,34.58
2017-01-19,6485,34.64
2017-01-20,6485,34.45
2017-01-23,6485,34.64
2017-01-24,6485,34.32
2017-01-03,6486,23.6
2017-01-04,6486,23.72
2017-01-05,6486,23.72
2017-01-06,6486,23.66
2017-01-09,6486,22.31
2017-01-10,6486,21.96
2017-01-11,6486,22.18
2017-01-12,6486,22.15
2017-01-13,6486,22.15
2017-01-16,6486,22.02
2017-01-17,6486,22.21
2017-01-18,6486,22.15
2017-01-19,6486,22.15
2017-01-20,6486,22.02
2017-01-23,6486,22.47
2017-01-24,6486,22.44
2017-01-03,6488,84.04
2017-01-04,6488,86.24
2017-01-05,6488,85.5
2017-01-06,6488,84.04
2017-01-09,6488,82.22
2017-01-10,6488,80.75
2017-01-11,6488,78.93
2017-01-12,6488,81.49
2017-01-13,6488,84.04
2017-01-16,6488,86.24
2017-01-17,6488,88.43
2017-01-18,6488,93.91
2017-01-19,6488,100.49
2017-01-20,6488,97.93
2017-01-23,6488,107.43
2017-01-24,6488,104.51
2017-01-03,6491,58.49
2017-01-04,6491,59.01
2017-01-05,6491,59.88
2017-01-06,6491,61.18
2017-01-09,6491,61.62
2017-01-10,6491,60.75
2017-01-11,6491,62.05
2017-01-12,6491,61.62
2017-01-13,6491,65.09
2017-01-16,6491,69.86
2017-01-17,6491,68.56
2017-01-18,6491,67.69
2017-01-19,6491,69.43
2017-01-20,6491,69.43
2017-01-23,6491,69.43
2017-01-24,6491,69.86
2017-01-03,6492,185.55
2017-01-04,6492,192.5
2017-01-05,6492,189.75
2017-01-06,6492,192.65
2017-01-09,6492,191.43
2017-01-10,6492,193.36
2017-01-11,6492,189.95
2017-01-12,6492,189.26
2017-01-13,6492,188.19
2017-01-16,6492,185.65
2017-01-17,6492,185.56
2017-01-18,6492,185.65
2017-01-19,6492,186.04
2017-01-20,6492,185.56
2017-01-23,6492,188.0
2017-01-24,6492,189.17
2017-01-03,6494,19.4
2017-01-04,6494,19.29
2017-01-05,6494,19.7
2017-01-06,6494,20.57
2017-01-09,6494,20.28
2017-01-10,6494,20.16
2017-01-11,6494,20.14
2017-01-12,6494,20.37
2017-01-13,6494,20.4
2017-01-16,6494,20.72
2017-01-17,6494,20.46
2017-01-18,6494,20.4
2017-01-19,6494,20.34
2017-01-20,6494,20.34
2017-01-23,6494,20.54
2017-01-24,6494,20.43
2017-01-03,6496,47.34
2017-01-04,6496,47.19
2017-01-05,6496,47.49
2017-01-06,6496,47.56
2017-01-09,6496,47.34
2017-01-10,6496,47.19
2017-01-11,6496,47.19
2017-01-12,6496,46.44
2017-01-13,6496,46.51
2017-01-16,6496,46.44
2017-01-17,6496,45.69
2017-01-18,6496,46.14
2017-01-19,6496,45.61
2017-01-20,6496,45.24
2017-01-23,6496,45.61
2017-01-24,6496,45.31
2017-01-03,6499,91.33
2017-01-04,6499,91.64
2017-01-05,6499,92.6
2017-01-06,6499,91.01
2017-01-09,6499,85.28
2017-01-10,6499,77.64
2017-01-11,6499,77.32
2017-01-12,6499,76.05
2017-01-13,6499,76.05
2017-01-16,6499,75.73
2017-01-17,6499,75.73
2017-01-18,6499,74.46
2017-01-19,6499,67.46
2017-01-20,6499,63.51
2017-01-23,6499,63.64
2017-01-24,6499,64.28
2017-01-03,6504,118.36
2017-01-04,6504,117.97
2017-01-05,6504,117.97
2017-01-06,6504,117.58
2017-01-09,6504,116.41
2017-01-10,6504,116.8
2017-01-11,6504,116.41
2017-01-12,6504,116.8
2017-01-13,6504,116.02
2017-01-16,6504,114.45
2017-01-17,6504,115.63
2017-01-18,6504,117.19
2017-01-19,6504,116.8
2017-01-20,6504,117.19
2017-01-23,6504,116.8
2017-01-24,6504,116.8
2017-01-03,6505,81.84
2017-01-04,6505,81.84
2017-01-05,6505,82.96
2017-01-06,6505,81.46
2017-01-09,6505,81.46
2017-01-10,6505,81.09
2017-01-11,6505,80.34
2017-01-12,6505,80.72
2017-01-13,6505,80.72
2017-01-16,6505,78.1
2017-01-17,6505,78.1
2017-01-18,6505,78.47
2017-01-19,6505,77.73
2017-01-20,6505,77.73
2017-01-23,6505,79.22
2017-01-24,6505,79.59
2017-01-03,6506,14.73
2017-01-04,6506,14.73
2017-01-05,6506,14.76
2017-01-06,6506,14.73
2017-01-09,6506,14.76
2017-01-10,6506,14.88
2017-01-11,6506,14.88
2017-01-12,6506,14.76
2017-01-13,6506,14.55
2017-01-16,6506,14.29
2017-01-17,6506,14.44
2017-01-18,6506,14.38
2017-01-19,6506,14.44
2017-01-20,6506,14.58
2017-01-23,6506,14.44
2017-01-24,6506,14.38
2017-01-03,6508,15.6
2017-01-04,6508,15.66
2017-01-05,6508,15.72
2017-01-06,6508,15.72
2017-01-09,6508,15.75
2017-01-10,6508,15.75
2017-01-11,6508,15.63
2017-01-12,6508,15.72
2017-01-13,6508,15.72
2017-01-16,6508,15.72
2017-01-17,6508,15.72
2017-01-18,6508,15.78
2017-01-19,6508,15.87
2017-01-20,6508,15.99
2017-01-23,6508,16.05
2017-01-24,6508,16.14
2017-01-03,6509,15.21
2017-01-04,6509,16.24
2017-01-05,6509,16.03
2017-01-06,6509,15.66
2017-01-09,6509,15.41
2017-01-10,6509,15.29
2017-01-11,6509,15.25
2017-01-12,6509,15.17
2017-01-13,6509,15.17
2017-01-16,6509,15.04
2017-01-17,6509,15.17
2017-01-18,6509,15.13
2017-01-19,6509,15.21
2017-01-20,6509,15.17
2017-01-23,6509,15.04
2017-01-24,6509,15.04
2017-01-03,6510,1072.36
2017-01-04,6510,1046.31
2017-01-05,6510,1054.99
2017-01-06,6510,1059.33
2017-01-09,6510,1050.65
2017-01-10,6510,1028.94
2017-01-11,6510,1015.92
2017-01-12,6510,1054.99
2017-01-13,6510,1020.26
2017-01-16,6510,1007.23
2017-01-17,6510,994.21
2017-01-18,6510,1011.58
2017-01-19,6510,989.87
2017-01-20,6510,976.84
2017-01-23,6510,963.82
2017-01-24,6510,963.82
2017-01-03,6512,26.7
2017-01-04,6512,26.62
2017-01-05,6512,26.36
2017-01-06,6512,26.75
2017-01-09,6512,25.84
2017-01-10,6512,25.67
2017-01-11,6512,25.54
2017-01-12,6512,25.49
2017-01-13,6512,25.41
2017-01-16,6512,25.06
2017-01-17,6512,24.89
2017-01-18,6512,24.63
2017-01-19,6512,24.67
2017-01-20,6512,24.89
2017-01-23,6512,24.67
2017-01-24,6512,24.8
2017-01-03,6514,18.97
2017-01-04,6514,18.74
2017-01-05,6514,18.61
2017-01-06,6514,18.99
2017-01-09,6514,19.12
2017-01-10,6514,19.02
2017-01-11,6514,18.97
2017-01-12,6514,19.19
2017-01-13,6514,18.82
2017-01-16,6514,19.19
2017-01-17,6514,21.09
2017-01-18,6514,21.5
2017-01-19,6514,21.62
2017-01-20,6514,21.6
2017-01-23,6514,21.29
2017-01-24,6514,21.24
2017-01-03,6516,216.55
2017-01-04,6516,222.03
2017-01-05,6516,224.01
2017-01-06,6516,219.04
2017-01-09,6516,218.04
2017-01-10,6516,211.57
2017-01-11,6516,215.86
2017-01-12,6516,215.86
2017-01-13,6516,206.6
2017-01-16,6516,200.05
2017-01-17,6516,210.57
2017-01-18,6516,208.09
2017-01-19,6516,204.37
2017-01-20,6516,194.65
2017-01-23,6516,203.11
2017-01-24,6516,200.62
2017-01-03,6523,90.01
2017-01-04,6523,90.01
2017-01-05,6523,91.3
2017-01-06,6523,91.55
2017-01-09,6523,90.27
2017-01-10,6523,90.01
2017-01-11,6523,88.22
2017-01-12,6523,86.17
2017-01-13,6523,85.4
2017-01-16,6523,84.88
2017-01-17,6523,82.83
2017-01-18,6523,82.83
2017-01-19,6523,82.83
2017-01-20,6523,82.32
2017-01-23,6523,82.58
2017-01-24,6523,82.58
2017-01-03,6525,26.3
2017-01-04,6525,26.15
2017-01-05,6525,26.04
2017-01-06,6525,26.1
2017-01-09,6525,25.99
2017-01-10,6525,25.94
2017-01-11,6525,25.84
2017-01-12,6525,25.89
2017-01-13,6525,25.89
2017-01-16,6525,25.79
2017-01-17,6525,25.89
2017-01-18,6525,26.15
2017-01-19,6525,26.45
2017-01-20,6525,26.95
2017-01-23,6525,26.75
2017-01-24,6525,27.5
2017-01-03,6526,68.89
2017-01-04,6526,76.11
2017-01-05,6526,77.07
2017-01-06,6526,77.46
2017-01-09,6526,77.56
2017-01-10,6526,75.9
2017-01-11,6526,74.76
2017-01-12,6526,75.72
2017-01-13,6526,75.71
2017-01-16,6526,80.08
2017-01-17,6526,83.98
2017-01-18,6526,87.36
2017-01-19,6526,88.81
2017-01-20,6526,90.75
2017-01-23,6526,90.28
2017-01-24,6526,92.99
2017-01-03,6527,34.66
2017-01-04,6527,34.86
2017-01-05,6527,34.86
2017-01-06,6527,34.9
2017-01-09,6527,33.29
2017-01-11,6527,33.53
2017-01-12,6527,34.58
2017-01-17,6527,34.77
2017-01-18,6527,33.45
2017-01-19,6527,33.34
2017-01-20,6527,33.45
2017-01-23,6527,33.46
2017-01-24,6527,33.45
2017-01-03,6531,59.4
2017-01-04,6531,59.31
2017-01-05,6531,59.31
2017-01-06,6531,59.15
2017-01-09,6531,58.67
2017-01-10,6531,59.8
2017-01-11,6531,59.56
2017-01-12,6531,59.48
2017-01-13,6531,65.4
2017-01-16,6531,66.94
2017-01-17,6531,67.19
2017-01-18,6531,70.03
2017-01-19,6531,67.59
2017-01-20,6531,67.02
2017-01-23,6531,65.72
2017-01-24,6531,66.29
2017-01-03,6532,15.92
2017-01-04,6532,16.16
2017-01-05,6532,16.71
2017-01-06,6532,16.23
2017-01-09,6532,15.78
2017-01-10,6532,15.85
2017-01-11,6532,15.88
2017-01-12,6532,15.71
2017-01-13,6532,15.71
2017-01-16,6532,15.6
2017-01-17,6532,15.64
2017-01-18,6532,16.05
2017-01-19,6532,16.05
2017-01-20,6532,15.67
2017-01-23,6532,16.26
2017-01-24,6532,16.12
2017-01-03,6533,65.54
2017-01-04,6533,65.64
2017-01-05,6533,68.15
2017-01-06,6533,70.09
2017-01-09,6533,72.79
2017-01-10,6533,72.85
2017-01-11,6533,71.02
2017-01-12,6533,71.71
2017-01-13,6533,74.38
2017-01-16,6533,75.88
2017-01-17,6533,74.85
2017-01-18,6533,74.63
2017-01-19,6533,74.95
2017-01-20,6533,72.98
2017-01-23,6533,72.79
2017-01-24,6533,74.0
2017-01-03,6534,299.33
2017-01-04,6534,314.94
2017-01-05,6534,325.04
2017-01-06,6534,325.03
2017-01-09,6534,323.2
2017-01-10,6534,320.45
2017-01-11,6534,330.54
2017-01-12,6534,332.37
2017-01-13,6534,327.97
2017-01-16,6534,330.54
2017-01-17,6534,325.95
2017-01-18,6534,328.71
2017-01-19,6534,327.97
2017-01-20,6534,326.87
2017-01-23,6534,325.4
2017-01-24,6534,325.94
2017-01-03,6535,43.7
2017-01-04,6535,43.8
2017-01-05,6535,44.04
2017-01-06,6535,44.14
2017-01-09,6535,43.75
2017-01-10,6535,42.9
2017-01-11,6535,40.27
2017-01-12,6535,38.49
2017-01-13,6535,38.69
2017-01-16,6535,39.28
2017-01-17,6535,38.54
2017-01-18,6535,38.04
2017-01-19,6535,37.94
2017-01-20,6535,38.29
2017-01-23,6535,38.09
2017-01-24,6535,38.49
2017-01-03,6538,35.85
2017-01-04,6538,35.57
2017-01-05,6538,34.64
2017-01-06,6538,34.58
2017-01-09,6538,34.09
2017-01-10,6538,34.47
2017-01-11,6538,34.36
2017-01-12,6538,34.14
2017-01-13,6538,33.98
2017-01-16,6538,34.09
2017-01-17,6538,34.2
2017-01-18,6538,33.92
2017-01-19,6538,33.65
2017-01-20,6538,33.98
2017-01-23,6538,33.87
2017-01-24,6538,34.09
2017-01-03,6541,420.05
2017-01-04,6541,424.22
2017-01-05,6541,425.73
2017-01-06,6541,420.05
2017-01-09,6541,417.24
2017-01-10,6541,410.12
2017-01-11,6541,397.34
2017-01-12,6541,402.97
2017-01-13,6541,391.73
2017-01-16,6541,396.15
2017-01-17,6541,394.5
2017-01-18,6541,385.99
2017-01-19,6541,379.18
2017-01-20,6541,374.64
2017-01-23,6541,377.56
2017-01-24,6541,376.34
2017-01-03,6542,78.45
2017-01-04,6542,77.86
2017-01-05,6542,78.37
2017-01-06,6542,76.67
2017-01-09,6542,76.16
2017-01-10,6542,76.25
2017-01-11,6542,77.52
2017-01-12,6542,77.01
2017-01-13,6542,76.84
2017-01-16,6542,75.4
2017-01-17,6542,74.55
2017-01-18,6542,77.94
2017-01-19,6542,77.09
2017-01-20,6542,77.09
2017-01-23,6542,76.25
2017-01-24,6542,76.67
2017-01-03,6546,11.29
2017-01-04,6546,11.16
2017-01-05,6546,11.2
2017-01-06,6546,11.66
2017-01-09,6546,11.62
2017-01-10,6546,11.46
2017-01-11,6546,11.37
2017-01-12,6546,11.56
2017-01-13,6546,11.58
2017-01-16,6546,11.7
2017-01-17,6546,11.37
2017-01-18,6546,12.17
2017-01-19,6546,12.36
2017-01-20,6546,13.09
2017-01-23,6546,12.95
2017-01-24,6546,12.7
2017-01-03,6547,19.9
2017-01-04,6547,19.83
2017-01-05,6547,19.83
2017-01-06,6547,20.28
2017-01-09,6547,19.7
2017-01-10,6547,19.54
2017-01-11,6547,19.6
2017-01-12,6547,19.57
2017-01-13,6547,19.5
2017-01-16,6547,19.47
2017-01-17,6547,19.44
2017-01-18,6547,19.47
2017-01-19,6547,19.44
2017-01-20,6547,19.39
2017-01-23,6547,19.14
2017-01-24,6547,19.21
2017-01-03,6548,192.31
2017-01-04,6548,194.39
2017-01-05,6548,192.31
2017-01-06,6548,191.62
2017-01-09,6548,191.62
2017-01-10,6548,190.58
2017-01-11,6548,190.24
2017-01-12,6548,189.89
2017-01-13,6548,189.55
2017-01-16,6548,188.85
2017-01-17,6548,189.2
2017-01-18,6548,194.73
2017-01-19,6548,201.31
2017-01-20,6548,202.0
2017-01-23,6548,200.27
2017-01-24,6548,198.54
2017-01-03,6550,44.42
2017-01-04,6550,44.34
2017-01-05,6550,44.13
2017-01-06,6550,44.09
2017-01-09,6550,43.46
2017-01-10,6550,42.05
2017-01-11,6550,39.88
2017-01-12,6550,38.97
2017-01-13,6550,39.14
2017-01-16,6550,38.86
2017-01-17,6550,39.56
2017-01-18,6550,39.51
2017-01-19,6550,40.68
2017-01-20,6550,41.85
2017-01-23,6550,42.26
2017-01-24,6550,41.79
2017-01-03,6552,35.93
2017-01-04,6552,36.11
2017-01-05,6552,35.59
2017-01-06,6552,35.55
2017-01-09,6552,34.47
2017-01-10,6552,32.42
2017-01-11,6552,32.32
2017-01-12,6552,30.75
2017-01-13,6552,30.42
2017-01-16,6552,30.02
2017-01-17,6552,28.51
2017-01-18,6552,30.56
2017-01-19,6552,29.29
2017-01-20,6552,28.9
2017-01-23,6552,28.8
2017-01-24,6552,28.51
2017-01-03,6556,33.84
2017-01-04,6556,33.5
2017-01-10,6556,34.06
2017-01-11,6556,33.64
2017-01-12,6556,33.84
2017-01-13,6556,33.73
2017-01-16,6556,33.85
2017-01-17,6556,33.85
2017-01-18,6556,33.64
2017-01-19,6556,33.85
2017-01-20,6556,33.92
2017-01-23,6556,33.95
2017-01-03,6558,18.5
2017-01-04,6558,18.17
2017-01-05,6558,18.3
2017-01-06,6558,18.79
2017-01-09,6558,18.35
2017-01-10,6558,18.43
2017-01-11,6558,18.9
2017-01-12,6558,19.24
2017-01-13,6558,19.99
2017-01-16,6558,19.43
2017-01-17,6558,19.15
2017-01-18,6558,19.14
2017-01-19,6558,19.24
2017-01-20,6558,19.15
2017-01-23,6558,18.87
2017-01-24,6558,19.09
2017-01-03,6560,20.54
2017-01-04,6560,19.93
2017-01-05,6560,20.24
2017-01-06,6560,19.83
2017-01-09,6560,20.24
2017-01-10,6560,20.74
2017-01-11,6560,20.87
2017-01-12,6560,21.25
2017-01-13,6560,24.83
2017-01-16,6560,26.31
2017-01-17,6560,26.28
2017-01-18,6560,24.89
2017-01-19,6560,25.29
2017-01-20,6560,25.29
2017-01-23,6560,26.43
2017-01-24,6560,35.21
2017-01-03,6568,93.4
2017-01-04,6568,94.36
2017-01-05,6568,94.68
2017-01-06,6568,92.43
2017-01-09,6568,88.26
2017-01-10,6568,88.26
2017-01-11,6568,89.22
2017-01-12,6568,87.94
2017-01-13,6568,87.3
2017-01-16,6568,88.9
2017-01-17,6568,92.76
2017-01-18,6568,94.04
2017-01-19,6568,91.15
2017-01-20,6568,91.15
2017-01-23,6568,91.79
2017-01-24,6568,91.79
2017-01-03,6569,80.99
2017-01-04,6569,81.18
2017-01-05,6569,83.79
2017-01-06,6569,83.79
2017-01-09,6569,87.91
2017-01-10,6569,87.35
2017-01-11,6569,88.1
2017-01-12,6569,87.35
2017-01-13,6569,84.92
2017-01-16,6569,84.54
2017-01-17,6569,82.86
2017-01-18,6569,83.98
2017-01-19,6569,83.42
2017-01-20,6569,83.61
2017-01-23,6569,84.54
2017-01-24,6569,83.42
2017-01-03,6570,17.97
2017-01-05,6570,17.97
2017-01-06,6570,18.28
2017-01-09,6570,17.36
2017-01-10,6570,17.66
2017-01-11,6570,17.66
2017-01-12,6570,17.48
2017-01-13,6570,17.61
2017-01-16,6570,17.61
2017-01-17,6570,17.11
2017-01-18,6570,17.67
2017-01-19,6570,17.35
2017-01-20,6570,17.35
2017-01-23,6570,17.69
2017-01-24,6570,17.69
2017-01-03,6574,112.75
2017-01-04,6574,111.66
2017-01-09,6574,110.57
2017-01-10,6574,110.2
2017-01-11,6574,112.03
2017-01-12,6574,112.76
2017-01-13,6574,112.76
2017-01-16,6574,112.75
2017-01-17,6574,112.03
2017-01-18,6574,112.03
2017-01-19,6574,110.94
2017-01-20,6574,110.93
2017-01-23,6574,117.15
2017-01-24,6574,115.32
2017-01-03,6576,66.11
2017-01-04,6576,72.25
2017-01-05,6576,72.82
2017-01-06,6576,72.73
2017-01-09,6576,72.25
2017-01-10,6576,71.99
2017-01-11,6576,71.78
2017-01-12,6576,68.95
2017-01-13,6576,68.95
2017-01-16,6576,68.0
2017-01-17,6576,72.94
2017-01-18,6576,67.9
2017-01-19,6576,66.3
2017-01-20,6576,66.59
2017-01-23,6576,66.87
2017-01-24,6576,66.87
2017-01-03,6577,27.58
2017-01-04,6577,27.62
2017-01-05,6577,27.62
2017-01-06,6577,27.38
2017-01-09,6577,26.96
2017-01-10,6577,26.96
2017-01-11,6577,27.34
2017-01-12,6577,27.34
2017-01-13,6577,28.1
2017-01-16,6577,28.1
2017-01-17,6577,27.53
2017-01-18,6577,26.52
2017-01-19,6577,27.15
2017-01-20,6577,26.96
2017-01-23,6577,26.88
2017-01-24,6577,27.34
2017-01-03,6578,24.19
2017-01-04,6578,24.59
2017-01-05,6578,24.61
2017-01-06,6578,24.84
2017-01-09,6578,24.84
2017-01-10,6578,24.14
2017-01-11,6578,24.52
2017-01-12,6578,24.52
2017-01-13,6578,24.52
2017-01-16,6578,24.52
2017-01-17,6578,24.99
2017-01-18,6578,24.75
2017-01-19,6578,24.94
2017-01-20,6578,24.75
2017-01-23,6578,24.97
2017-01-24,6578,24.87
2017-01-03,6579,75.37
2017-01-04,6579,74.79
2017-01-05,6579,74.79
2017-01-09,6579,80.27
2017-01-10,6579,79.31
2017-01-11,6579,77.76
2017-01-12,6579,77.37
2017-01-13,6579,75.44
2017-01-17,6579,75.76
2017-01-18,6579,76.08
2017-01-19,6579,75.11
2017-01-20,6579,75.44
2017-01-23,6579,78.65
2017-01-24,6579,77.37
2017-01-03,6581,56.3
2017-01-04,6581,51.51
2017-01-05,6581,53.79
2017-01-06,6581,56.41
2017-01-09,6581,53.79
2017-01-10,6581,55.5
2017-01-11,6581,54.12
2017-01-12,6581,54.24
2017-01-13,6581,56.95
2017-01-16,6581,56.81
2017-01-17,6581,59.28
2017-01-18,6581,59.2
2017-01-19,6581,57.15
2017-01-20,6581,54.8
2017-01-23,6581,55.8
2017-01-24,6581,56.27
2017-01-03,6582,55.69
2017-01-04,6582,53.81
2017-01-05,6582,53.81
2017-01-06,6582,53.51
2017-01-09,6582,51.93
2017-01-10,6582,52.56
2017-01-11,6582,53.19
2017-01-12,6582,52.57
2017-01-13,6582,56.46
2017-01-16,6582,54.44
2017-01-17,6582,54.13
2017-01-19,6582,54.44
2017-01-20,6582,54.13
2017-01-24,6582,53.5
2017-01-03,6584,101.38
2017-01-05,6584,102.36
2017-01-06,6584,101.87
2017-01-09,6584,102.85
2017-01-11,6584,102.85
2017-01-12,6584,101.87
2017-01-13,6584,101.87
2017-01-17,6584,102.36
2017-01-18,6584,102.65
2017-01-19,6584,102.26
2017-01-20,6584,101.87
2017-01-23,6584,101.38
2017-01-03,6585,53.95
2017-01-04,6585,53.83
2017-01-05,6585,53.83
2017-01-10,6585,53.83
2017-01-18,6585,53.53
2017-01-20,6585,53.57
2017-01-03,6588,85.58
2017-01-04,6588,86.55
2017-01-05,6588,91.35
2017-01-06,6588,94.01
2017-01-09,6588,92.68
2017-01-10,6588,92.38
2017-01-11,6588,94.78
2017-01-12,6588,97.87
2017-01-13,6588,107.32
2017-01-16,6588,112.64
2017-01-17,6588,108.61
2017-01-18,6588,109.1
2017-01-19,6588,106.88
2017-01-20,6588,109.65
2017-01-23,6588,117.42
2017-01-24,6588,118.85
2017-01-03,6589,34.26
2017-01-04,6589,35.9
2017-01-05,6589,36.52
2017-01-06,6589,36.99
2017-01-09,6589,39.53
2017-01-10,6589,40.9
2017-01-11,6589,39.71
2017-01-12,6589,39.08
2017-01-13,6589,39.08
2017-01-16,6589,39.32
2017-01-17,6589,39.31
2017-01-18,6589,39.43
2017-01-19,6589,38.99
2017-01-20,6589,38.76
2017-01-23,6589,38.26
2017-01-24,6589,38.17
2017-01-09,6590,18.86
2017-01-19,6590,19.82
2017-01-20,6590,19.82
2017-01-23,6590,19.82
2017-01-24,6590,20.26
2017-01-03,6591,65.32
2017-01-04,6591,70.2
2017-01-05,6591,67.39
2017-01-06,6591,67.38
2017-01-09,6591,69.43
2017-01-10,6591,66.35
2017-01-11,6591,67.79
2017-01-12,6591,77.96
2017-01-13,6591,88.0
2017-01-16,6591,83.19
2017-01-17,6591,85.26
2017-01-18,6591,86.2
2017-01-19,6591,84.43
2017-01-20,6591,82.72
2017-01-23,6591,82.15
2017-01-24,6591,78.93
2017-01-03,6593,30.45
2017-01-04,6593,29.42
2017-01-09,6593,28.87
2017-01-13,6593,26.89
2017-01-19,6593,28.3
2017-01-20,6593,26.22
2017-01-23,6593,26.22
2017-01-03,6596,34.89
2017-01-06,6596,34.04
2017-01-11,6596,33.43
2017-01-16,6596,31.43
2017-01-17,6596,31.67
2017-01-18,6596,31.38
2017-01-03,6605,65.48
2017-01-04,6605,65.33
2017-01-05,6605,65.1
2017-01-06,6605,64.79
2017-01-09,6605,64.87
2017-01-10,6605,64.87
2017-01-11,6605,64.48
2017-01-12,6605,64.41
2017-01-13,6605,64.33
2017-01-16,6605,64.02
2017-01-17,6605,63.64
2017-01-18,6605,63.56
2017-01-19,6605,64.41
2017-01-20,6605,63.26
2017-01-23,6605,63.64
2017-01-24,6605,64.02
2017-01-03,6609,14.64
2017-01-04,6609,14.57
2017-01-05,6609,14.89
2017-01-06,6609,14.89
2017-01-09,6609,14.71
2017-01-10,6609,14.82
2017-01-11,6609,14.78
2017-01-12,6609,14.64
2017-01-13,6609,14.78
2017-01-16,6609,14.68
2017-01-17,6609,14.75
2017-01-18,6609,14.78
2017-01-19,6609,14.75
2017-01-20,6609,14.78
2017-01-23,6609,14.89
2017-01-24,6609,14.85
2017-01-03,6612,43.0
2017-01-04,6612,40.74
2017-01-05,6612,41.43
2017-01-06,6612,41.59
2017-01-11,6612,39.87
2017-01-12,6612,40.57
2017-01-13,6612,40.83
2017-01-16,6612,42.13
2017-01-18,6612,40.83
2017-01-19,6612,40.83
2017-01-20,6612,40.39
2017-01-23,6612,39.35
2017-01-24,6612,39.96
2017-01-03,6613,47.46
2017-01-04,6613,47.24
2017-01-05,6613,47.71
2017-01-06,6613,48.2
2017-01-09,6613,50.94
2017-01-10,6613,51.74
2017-01-11,6613,52.43
2017-01-12,6613,52.21
2017-01-13,6613,53.86
2017-01-16,6613,56.26
2017-01-17,6613,56.43
2017-01-18,6613,55.86
2017-01-19,6613,56.76
2017-01-20,6613,56.54
2017-01-23,6613,54.67
2017-01-24,6613,53.75
2017-01-06,6615,72.88
2017-01-09,6615,62.67
2017-01-10,6615,57.56
2017-01-11,6615,69.57
2017-01-12,6615,66.26
2017-01-13,6615,65.43
2017-01-16,6615,71.23
2017-01-17,6615,66.67
2017-01-18,6615,66.26
2017-01-19,6615,67.66
2017-01-20,6615,68.57
2017-01-23,6615,68.74
2017-01-24,6615,66.26
2017-01-03,6803,109.94
2017-01-04,6803,109.62
2017-01-05,6803,110.57
2017-01-06,6803,110.25
2017-01-09,6803,109.94
2017-01-10,6803,109.94
2017-01-11,6803,109.94
2017-01-12,6803,110.25
2017-01-13,6803,109.94
2017-01-16,6803,109.31
2017-01-17,6803,110.57
2017-01-18,6803,109.94
2017-01-19,6803,109.94
2017-01-20,6803,109.31
2017-01-23,6803,109.62
2017-01-24,6803,110.25
2017-01-03,7402,38.34
2017-01-04,7402,38.46
2017-01-05,7402,38.91
2017-01-06,7402,38.63
2017-01-09,7402,39.49
2017-01-11,7402,38.11
2017-01-12,7402,38.8
2017-01-13,7402,38.17
2017-01-16,7402,38.17
2017-01-17,7402,38.34
2017-01-18,7402,38.06
2017-01-19,7402,38.28
2017-01-20,7402,38.34
2017-01-23,7402,38.63
2017-01-24,7402,39.49
2017-01-03,8011,18.41
2017-01-04,8011,18.45
2017-01-05,8011,18.76
2017-01-06,8011,18.58
2017-01-09,8011,17.96
2017-01-10,8011,18.01
2017-01-11,8011,18.18
2017-01-12,8011,18.36
2017-01-13,8011,17.96
2017-01-16,8011,17.83
2017-01-17,8011,17.57
2017-01-18,8011,17.74
2017-01-19,8011,17.65
2017-01-20,8011,17.48
2017-01-23,8011,17.61
2017-01-24,8011,17.48
2017-01-03,8016,54.61
2017-01-04,8016,53.22
2017-01-05,8016,53.22
2017-01-06,8016,53.54
2017-01-09,8016,49.26
2017-01-10,8016,50.6
2017-01-11,8016,50.97
2017-01-12,8016,50.97
2017-01-13,8016,49.69
2017-01-16,8016,49.58
2017-01-17,8016,50.65
2017-01-18,8016,50.22
2017-01-19,8016,50.6
2017-01-20,8016,50.28
2017-01-23,8016,50.28
2017-01-24,8016,50.44
2017-01-03,8021,13.91
2017-01-04,8021,14.19
2017-01-05,8021,14.22
2017-01-06,8021,14.22
2017-01-09,8021,14.15
2017-01-10,8021,14.19
2017-01-11,8021,14.19
2017-01-12,8021,14.26
2017-01-13,8021,14.33
2017-01-16,8021,14.11
2017-01-17,8021,14.19
2017-01-18,8021,14.26
2017-01-19,8021,14.19
2017-01-20,8021,14.19
2017-01-23,8021,14.15
2017-01-24,8021,14.11
2017-01-03,8027,12.83
2017-01-04,8027,12.78
2017-01-05,8027,12.6
2017-01-06,8027,12.78
2017-01-09,8027,14.06
2017-01-10,8027,13.56
2017-01-11,8027,13.61
2017-01-12,8027,14.93
2017-01-13,8027,15.93
2017-01-16,8027,15.52
2017-01-17,8027,16.25
2017-01-18,8027,16.21
2017-01-19,8027,15.89
2017-01-20,8027,15.75
2017-01-23,8027,15.84
2017-01-24,8027,16.62
2017-01-03,8028,15.91
2017-01-04,8028,15.62
2017-01-05,8028,15.66
2017-01-06,8028,16.04
2017-01-09,8028,15.92
2017-01-10,8028,16.19
2017-01-11,8028,15.9
2017-01-12,8028,15.84
2017-01-13,8028,15.95
2017-01-16,8028,15.69
2017-01-17,8028,15.83
2017-01-18,8028,15.83
2017-01-19,8028,15.86
2017-01-20,8028,15.91
2017-01-23,8028,16.14
2017-01-24,8028,16.34
2017-01-03,8032,15.82
2017-01-04,8032,15.82
2017-01-05,8032,15.85
2017-01-06,8032,15.88
2017-01-09,8032,15.66
2017-01-10,8032,15.88
2017-01-12,8032,15.88
2017-01-16,8032,15.75
2017-01-17,8032,15.72
2017-01-18,8032,15.88
2017-01-19,8032,15.97
2017-01-20,8032,15.97
2017-01-23,8032,15.94
2017-01-24,8032,15.88
2017-01-03,8038,53.0
2017-01-04,8038,53.88
2017-01-05,8038,54.17
2017-01-06,8038,52.6
2017-01-09,8038,51.92
2017-01-10,8038,51.92
2017-01-11,8038,48.59
2017-01-12,8038,49.08
2017-01-13,8038,49.17
2017-01-16,8038,48.2
2017-01-17,8038,48.29
2017-01-18,8038,47.41
2017-01-19,8038,47.61
2017-01-20,8038,49.27
2017-01-23,8038,49.08
2017-01-24,8038,49.57
2017-01-03,8039,21.2
2017-01-04,8039,21.63
2017-01-05,8039,21.6
2017-01-06,8039,22.15
2017-01-09,8039,22.46
2017-01-10,8039,22.24
2017-01-11,8039,22.37
2017-01-12,8039,22.55
2017-01-13,8039,22.4
2017-01-16,8039,22.43
2017-01-17,8039,22.43
2017-01-18,8039,22.4
2017-01-19,8039,22.43
2017-01-20,8039,22.61
2017-01-23,8039,22.77
2017-01-24,8039,22.77
2017-01-03,8042,40.57
2017-01-04,8042,41.11
2017-01-05,8042,41.11
2017-01-06,8042,40.7
2017-01-09,8042,40.03
2017-01-10,8042,39.83
2017-01-11,8042,38.61
2017-01-12,8042,38.88
2017-01-13,8042,38.48
2017-01-16,8042,38.41
2017-01-17,8042,38.95
2017-01-18,8042,38.75
2017-01-19,8042,39.35
2017-01-20,8042,38.88
2017-01-23,8042,39.29
2017-01-24,8042,39.22
2017-01-03,8043,12.84
2017-01-04,8043,12.76
2017-01-05,8043,12.84
2017-01-06,8043,12.87
2017-01-09,8043,13.22
2017-01-10,8043,13.11
2017-01-11,8043,13.19
2017-01-12,8043,13.19
2017-01-13,8043,13.22
2017-01-16,8043,13.15
2017-01-17,8043,13.26
2017-01-18,8043,13.38
2017-01-19,8043,13.38
2017-01-20,8043,13.46
2017-01-23,8043,13.57
2017-01-24,8043,13.54
2017-01-03,8044,251.45
2017-01-04,8044,252.34
2017-01-05,8044,255.44
2017-01-06,8044,254.55
2017-01-09,8044,252.34
2017-01-10,8044,257.21
2017-01-11,8044,248.36
2017-01-12,8044,247.03
2017-01-13,8044,253.67
2017-01-16,8044,249.68
2017-01-17,8044,250.13
2017-01-18,8044,247.47
2017-01-19,8044,242.16
2017-01-20,8044,229.32
2017-01-23,8044,229.32
2017-01-24,8044,228.88
2017-01-03,8046,19.89
2017-01-04,8046,20.09
2017-01-05,8046,20.38
2017-01-06,8046,20.38
2017-01-09,8046,20.17
2017-01-10,8046,20.17
2017-01-11,8046,20.01
2017-01-12,8046,20.21
2017-01-13,8046,20.13
2017-01-16,8046,19.73
2017-01-17,8046,19.81
2017-01-18,8046,19.89
2017-01-19,8046,19.85
2017-01-20,8046,19.81
2017-01-23,8046,19.97
2017-01-24,8046,20.09
2017-01-03,8048,13.2
2017-01-04,8048,13.2
2017-01-05,8048,13.47
2017-01-06,8048,13.47
2017-01-09,8048,13.15
2017-01-10,8048,12.96
2017-01-11,8048,12.88
2017-01-12,8048,13.12
2017-01-13,8048,12.88
2017-01-16,8048,12.61
2017-01-17,8048,12.64
2017-01-18,8048,12.67
2017-01-19,8048,12.56
2017-01-20,8048,13.02
2017-01-23,8048,13.2
2017-01-24,8048,13.15
2017-01-03,8050,37.99
2017-01-04,8050,38.59
2017-01-05,8050,38.53
2017-01-06,8050,38.17
2017-01-09,8050,38.11
2017-01-10,8050,37.87
2017-01-11,8050,37.44
2017-01-12,8050,36.84
2017-01-13,8050,36.48
2017-01-16,8050,36.6
2017-01-17,8050,36.72
2017-01-18,8050,36.54
2017-01-19,8050,36.84
2017-01-20,8050,36.54
2017-01-23,8050,36.6
2017-01-24,8050,36.54
2017-01-03,8054,14.29
2017-01-04,8054,14.33
2017-01-05,8054,14.44
2017-01-06,8054,14.36
2017-01-09,8054,14.14
2017-01-10,8054,14.1
2017-01-11,8054,13.95
2017-01-12,8054,14.02
2017-01-13,8054,14.06
2017-01-16,8054,14.14
2017-01-17,8054,14.06
2017-01-18,8054,14.1
2017-01-19,8054,14.14
2017-01-20,8054,13.99
2017-01-23,8054,14.02
2017-01-24,8054,14.02
2017-01-03,8059,15.48
2017-01-04,8059,15.53
2017-01-05,8059,14.84
2017-01-06,8059,14.84
2017-01-09,8059,14.89
2017-01-10,8059,13.71
2017-01-11,8059,13.71
2017-01-12,8059,13.57
2017-01-13,8059,13.76
2017-01-16,8059,13.42
2017-01-17,8059,13.22
2017-01-18,8059,13.71
2017-01-19,8059,13.76
2017-01-20,8059,13.86
2017-01-23,8059,13.66
2017-01-24,8059,13.61
2017-01-03,8064,11.5
2017-01-04,8064,11.71
2017-01-05,8064,11.5
2017-01-06,8064,11.5
2017-01-09,8064,11.74
2017-01-10,8064,11.6
2017-01-11,8064,11.6
2017-01-12,8064,11.67
2017-01-13,8064,11.78
2017-01-16,8064,11.71
2017-01-17,8064,11.57
2017-01-18,8064,11.57
2017-01-19,8064,11.53
2017-01-20,8064,11.53
2017-01-23,8064,11.43
2017-01-24,8064,11.39
2017-01-03,8066,50.64
2017-01-04,8066,50.38
2017-01-05,8066,50.48
2017-01-06,8066,50.64
2017-01-09,8066,50.64
2017-01-10,8066,50.64
2017-01-11,8066,50.59
2017-01-12,8066,50.59
2017-01-13,8066,50.64
2017-01-16,8066,50.48
2017-01-17,8066,50.64
2017-01-18,8066,50.89
2017-01-19,8066,52.42
2017-01-20,8066,52.42
2017-01-23,8066,52.42
2017-01-24,8066,52.42
2017-01-09,8067,11.26
2017-01-11,8067,11.18
2017-01-12,8067,11.98
2017-01-13,8067,11.78
2017-01-17,8067,11.26
2017-01-18,8067,11.39
2017-01-19,8067,11.39
2017-01-20,8067,11.39
2017-01-23,8067,11.52
2017-01-03,8068,34.17
2017-01-04,8068,35.14
2017-01-05,8068,33.97
2017-01-06,8068,32.03
2017-01-09,8068,30.96
2017-01-10,8068,30.53
2017-01-11,8068,33.54
2017-01-12,8068,36.88
2017-01-13,8068,40.57
2017-01-16,8068,40.86
2017-01-17,8068,37.52
2017-01-18,8068,36.01
2017-01-19,8068,34.94
2017-01-20,8068,35.91
2017-01-23,8068,35.28
2017-01-24,8068,35.23
2017-01-03,8069,17.71
2017-01-04,8069,17.48
2017-01-05,8069,17.56
2017-01-06,8069,17.59
2017-01-09,8069,17.71
2017-01-10,8069,17.4
2017-01-11,8069,17.33
2017-01-12,8069,17.36
2017-01-13,8069,17.4
2017-01-16,8069,17.52
2017-01-17,8069,19.23
2017-01-18,8069,19.04
2017-01-19,8069,18.85
2017-01-20,8069,18.7
2017-01-23,8069,19.23
2017-01-24,8069,18.93
2017-01-03,8070,72.7
2017-01-04,8070,72.7
2017-01-05,8070,73.54
2017-01-06,8070,73.26
2017-01-09,8070,72.14
2017-01-10,8070,72.42
2017-01-11,8070,72.42
2017-01-12,8070,71.86
2017-01-13,8070,71.86
2017-01-16,8070,71.3
2017-01-17,8070,71.02
2017-01-18,8070,71.58
2017-01-19,8070,72.42
2017-01-20,8070,72.7
2017-01-23,8070,73.26
2017-01-24,8070,72.42
2017-01-03,8072,20.83
2017-01-04,8072,20.69
2017-01-05,8072,20.69
2017-01-06,8072,20.59
2017-01-09,8072,20.5
2017-01-10,8072,20.4
2017-01-11,8072,20.17
2017-01-12,8072,20.21
2017-01-13,8072,20.4
2017-01-16,8072,20.5
2017-01-17,8072,20.69
2017-01-18,8072,20.55
2017-01-19,8072,20.59
2017-01-20,8072,20.64
2017-01-23,8072,20.69
2017-01-24,8072,20.64
2017-01-03,8074,19.19
2017-01-04,8074,19.22
2017-01-05,8074,19.19
2017-01-06,8074,18.98
2017-01-09,8074,19.1
2017-01-10,8074,19.41
2017-01-11,8074,19.22
2017-01-12,8074,19.5
2017-01-13,8074,19.89
2017-01-16,8074,19.77
2017-01-17,8074,20.17
2017-01-18,8074,19.99
2017-01-19,8074,19.59
2017-01-20,8074,19.41
2017-01-23,8074,19.44
2017-01-24,8074,19.47
2017-01-03,8076,42.1
2017-01-04,8076,42.72
2017-01-05,8076,42.45
2017-01-06,8076,42.31
2017-01-09,8076,41.47
2017-01-10,8076,41.54
2017-01-11,8076,41.4
2017-01-12,8076,41.96
2017-01-13,8076,41.82
2017-01-16,8076,40.99
2017-01-17,8076,40.99
2017-01-18,8076,41.33
2017-01-19,8076,40.78
2017-01-20,8076,41.06
2017-01-23,8076,41.06
2017-01-24,8076,41.33
2017-01-03,8077,125.0
2017-01-04,8077,125.0
2017-01-06,8077,122.5
2017-01-11,8077,122.5
2017-01-12,8077,110.5
2017-01-13,8077,115.0
2017-01-16,8077,119.5
2017-01-17,8077,120.0
2017-01-20,8077,120.0
2017-01-23,8077,114.5
2017-01-24,8077,115.0
2017-01-03,8080,75.25
2017-01-04,8080,74.25
2017-01-05,8080,74.25
2017-01-06,8080,75.0
2017-01-09,8080,74.75
2017-01-10,8080,74.25
2017-01-11,8080,74.25
2017-01-12,8080,74.25
2017-01-13,8080,73.75
2017-01-16,8080,73.75
2017-01-17,8080,74.25
2017-01-18,8080,73.75
2017-01-19,8080,73.5
2017-01-20,8080,74.5
2017-01-23,8080,74.25
2017-01-24,8080,73.75
2017-01-03,8081,39.95
2017-01-04,8081,40.35
2017-01-05,8081,39.95
2017-01-06,8081,39.49
2017-01-09,8081,39.2
2017-01-10,8081,39.26
2017-01-11,8081,38.98
2017-01-12,8081,39.15
2017-01-13,8081,38.69
2017-01-16,8081,38.4
2017-01-17,8081,38.46
2017-01-18,8081,38.58
2017-01-19,8081,38.58
2017-01-20,8081,38.8
2017-01-23,8081,39.15
2017-01-24,8081,39.2
2017-01-03,8083,92.81
2017-01-04,8083,93.41
2017-01-05,8083,94.9
2017-01-06,8083,94.6
2017-01-09,8083,94.0
2017-01-10,8083,93.71
2017-01-11,8083,93.41
2017-01-12,8083,94.0
2017-01-13,8083,93.11
2017-01-16,8083,93.11
2017-01-17,8083,94.0
2017-01-18,8083,93.71
2017-01-19,8083,94.0
2017-01-20,8083,94.0
2017-01-23,8083,94.3
2017-01-24,8083,94.0
2017-01-03,8084,32.6
2017-01-04,8084,32.6
2017-01-05,8084,32.6
2017-01-06,8084,32.5
2017-01-09,8084,32.5
2017-01-10,8084,32.6
2017-01-11,8084,32.0
2017-01-12,8084,32.5
2017-01-13,8084,32.6
2017-01-16,8084,32.6
2017-01-17,8084,32.6
2017-01-18,8084,32.6
2017-01-19,8084,32.7
2017-01-20,8084,33.0
2017-01-23,8084,33.4
2017-01-24,8084,33.1
2017-01-03,8086,42.9
2017-01-04,8086,42.98
2017-01-05,8086,43.15
2017-01-06,8086,42.9
2017-01-09,8086,41.91
2017-01-10,8086,41.37
2017-01-11,8086,41.03
2017-01-12,8086,41.57
2017-01-13,8086,41.16
2017-01-16,8086,41.45
2017-01-17,8086,41.57
2017-01-18,8086,42.32
2017-01-19,8086,42.65
2017-01-20,8086,42.07
2017-01-23,8086,43.48
2017-01-24,8086,43.32
2017-01-03,8088,13.22
2017-01-04,8088,13.25
2017-01-05,8088,13.41
2017-01-06,8088,13.41
2017-01-09,8088,13.15
2017-01-10,8088,13.09
2017-01-11,8088,13.02
2017-01-12,8088,12.96
2017-01-13,8088,12.63
2017-01-16,8088,12.76
2017-01-17,8088,12.96
2017-01-18,8088,12.76
2017-01-19,8088,12.73
2017-01-20,8088,12.6
2017-01-23,8088,12.67
2017-01-24,8088,12.83
2017-01-03,8091,45.23
2017-01-04,8091,44.82
2017-01-05,8091,45.15
2017-01-06,8091,44.74
2017-01-09,8091,44.99
2017-01-10,8091,44.49
2017-01-11,8091,44.33
2017-01-12,8091,43.83
2017-01-13,8091,43.34
2017-01-16,8091,42.93
2017-01-17,8091,43.51
2017-01-18,8091,43.51
2017-01-19,8091,43.59
2017-01-20,8091,43.34
2017-01-23,8091,43.43
2017-01-24,8091,43.43
2017-01-03,8096,12.09
2017-01-04,8096,12.97
2017-01-05,8096,12.97
2017-01-06,8096,12.7
2017-01-09,8096,12.57
2017-01-10,8096,12.66
2017-01-11,8096,12.27
2017-01-12,8096,12.22
2017-01-13,8096,12.18
2017-01-16,8096,12.01
2017-01-17,8096,12.09
2017-01-18,8096,12.7
2017-01-19,8096,12.53
2017-01-20,8096,12.49
2017-01-23,8096,12.49
2017-01-24,8096,12.27
2017-01-03,8097,10.58
2017-01-04,8097,10.54
2017-01-05,8097,10.62
2017-01-06,8097,10.3
2017-01-09,8097,10.18
2017-01-10,8097,10.3
2017-01-11,8097,9.93
2017-01-12,8097,10.38
2017-01-13,8097,10.58
2017-01-16,8097,10.22
2017-01-17,8097,9.53
2017-01-18,8097,9.61
2017-01-19,8097,9.65
2017-01-20,8097,9.77
2017-01-23,8097,9.65
2017-01-24,8097,9.61
2017-01-03,8099,11.45
2017-01-04,8099,11.52
2017-01-05,8099,11.48
2017-01-06,8099,11.52
2017-01-09,8099,11.42
2017-01-10,8099,11.52
2017-01-11,8099,11.55
2017-01-12,8099,12.7
2017-01-13,8099,12.11
2017-01-16,8099,12.24
2017-01-17,8099,11.85
2017-01-18,8099,11.88
2017-01-19,8099,11.94
2017-01-20,8099,11.85
2017-01-23,8099,11.91
2017-01-24,8099,11.91
2017-01-03,8101,29.36
2017-01-04,8101,29.53
2017-01-05,8101,29.7
2017-01-06,8101,29.47
2017-01-09,8101,29.36
2017-01-10,8101,29.3
2017-01-11,8101,29.19
2017-01-12,8101,29.93
2017-01-13,8101,29.87
2017-01-16,8101,29.7
2017-01-17,8101,29.65
2017-01-18,8101,29.7
2017-01-19,8101,29.36
2017-01-20,8101,29.42
2017-01-23,8101,29.19
2017-01-24,8101,29.25
2017-01-03,8103,18.84
2017-01-04,8103,18.71
2017-01-05,8103,19.01
2017-01-06,8103,19.01
2017-01-09,8103,19.01
2017-01-10,8103,19.04
2017-01-11,8103,19.25
2017-01-12,8103,19.08
2017-01-13,8103,19.08
2017-01-16,8103,18.74
2017-01-17,8103,18.78
2017-01-18,8103,18.84
2017-01-19,8103,18.84
2017-01-20,8103,18.94
2017-01-23,8103,19.11
2017-01-24,8103,19.55
2017-01-03,8104,111.93
2017-01-04,8104,111.56
2017-01-05,8104,111.75
2017-01-06,8104,114.29
2017-01-09,8104,113.1
2017-01-10,8104,112.71
2017-01-11,8104,114.29
2017-01-12,8104,115.88
2017-01-13,8104,116.66
2017-01-16,8104,114.69
2017-01-17,8104,114.68
2017-01-18,8104,113.47
2017-01-19,8104,113.09
2017-01-20,8104,112.31
2017-01-23,8104,114.27
2017-01-24,8104,114.12
2017-01-03,8105,15.28
2017-01-04,8105,15.23
2017-01-05,8105,15.52
2017-01-06,8105,15.94
2017-01-09,8105,15.94
2017-01-10,8105,16.22
2017-01-11,8105,16.32
2017-01-12,8105,16.13
2017-01-13,8105,16.08
2017-01-16,8105,16.04
2017-01-17,8105,15.94
2017-01-18,8105,16.41
2017-01-19,8105,16.37
2017-01-20,8105,16.32
2017-01-23,8105,16.46
2017-01-24,8105,16.79
2017-01-03,8107,20.33
2017-01-04,8107,20.51
2017-01-05,8107,20.24
2017-01-06,8107,20.2
2017-01-09,8107,20.15
2017-01-10,8107,20.15
2017-01-11,8107,20.15
2017-01-12,8107,20.24
2017-01-13,8107,20.11
2017-01-16,8107,19.79
2017-01-17,8107,20.15
2017-01-18,8107,20.15
2017-01-19,8107,20.15
2017-01-20,8107,20.15
2017-01-23,8107,20.24
2017-01-24,8107,20.38
2017-01-03,8109,32.03
2017-01-04,8109,31.98
2017-01-05,8109,31.78
2017-01-06,8109,31.78
2017-01-09,8109,31.73
2017-01-10,8109,31.78
2017-01-11,8109,31.68
2017-01-12,8109,31.63
2017-01-13,8109,31.63
2017-01-16,8109,31.38
2017-01-17,8109,31.73
2017-01-18,8109,31.38
2017-01-19,8109,31.48
2017-01-20,8109,31.43
2017-01-23,8109,31.48
2017-01-24,8109,31.68
2017-01-03,8110,9.98
2017-01-04,8110,10.03
2017-01-05,8110,10.11
2017-01-06,8110,10.2
2017-01-09,8110,10.24
2017-01-10,8110,10.2
2017-01-11,8110,10.11
2017-01-12,8110,10.2
2017-01-13,8110,10.15
2017-01-16,8110,9.98
2017-01-17,8110,10.11
2017-01-18,8110,10.2
2017-01-19,8110,10.15
2017-01-20,8110,10.2
2017-01-23,8110,10.41
2017-01-24,8110,10.37
2017-01-03,8112,11.6
2017-01-04,8112,11.76
2017-01-05,8112,11.92
2017-01-06,8112,11.94
2017-01-09,8112,12.07
2017-01-10,8112,11.8
2017-01-11,8112,11.85
2017-01-12,8112,11.78
2017-01-13,8112,11.67
2017-01-16,8112,11.78
2017-01-17,8112,11.74
2017-01-18,8112,11.8
2017-01-19,8112,11.8
2017-01-20,8112,11.71
2017-01-23,8112,11.71
2017-01-24,8112,11.83
2017-01-03,8114,116.69
2017-01-04,8114,117.36
2017-01-05,8114,117.02
2017-01-06,8114,121.37
2017-01-09,8114,123.04
2017-01-10,8114,120.37
2017-01-11,8114,118.7
2017-01-12,8114,118.7
2017-01-13,8114,118.36
2017-01-16,8114,117.69
2017-01-17,8114,117.02
2017-01-18,8114,116.69
2017-01-19,8114,116.36
2017-01-20,8114,116.02
2017-01-23,8114,116.02
2017-01-24,8114,116.36
2017-01-03,8121,11.35
2017-01-04,8121,11.54
2017-01-05,8121,12.28
2017-01-06,8121,12.1
2017-01-09,8121,12.14
2017-01-10,8121,12.19
2017-01-11,8121,11.87
2017-01-12,8121,11.91
2017-01-13,8121,11.91
2017-01-16,8121,11.45
2017-01-17,8121,11.59
2017-01-18,8121,11.63
2017-01-19,8121,12.0
2017-01-20,8121,11.82
2017-01-23,8121,11.68
2017-01-24,8121,11.45
2017-01-03,8131,14.24
2017-01-04,8131,14.27
2017-01-05,8131,14.33
2017-01-06,8131,14.3
2017-01-09,8131,13.97
2017-01-10,8131,14.06
2017-01-11,8131,14.09
2017-01-12,8131,14.0
2017-01-13,8131,14.03
2017-01-16,8131,14.0
2017-01-17,8131,14.06
2017-01-18,8131,14.06
2017-01-19,8131,14.09
2017-01-20,8131,14.09
2017-01-23,8131,14.12
2017-01-24,8131,14.12
2017-01-03,8147,26.77
2017-01-04,8147,26.7
2017-01-05,8147,27.23
2017-01-06,8147,28.07
2017-01-09,8147,28.07
2017-01-10,8147,27.95
2017-01-11,8147,27.73
2017-01-12,8147,27.76
2017-01-13,8147,27.46
2017-01-16,8147,27.46
2017-01-17,8147,27.08
2017-01-18,8147,27.23
2017-01-19,8147,27.23
2017-01-20,8147,27.15
2017-01-23,8147,27.53
2017-01-24,8147,27.15
2017-01-03,8150,17.78
2017-01-04,8150,17.5
2017-01-05,8150,18.11
2017-01-06,8150,18.83
2017-01-09,8150,18.58
2017-01-10,8150,18.29
2017-01-11,8150,19.19
2017-01-12,8150,19.04
2017-01-13,8150,18.4
2017-01-16,8150,17.9
2017-01-17,8150,18.0
2017-01-18,8150,18.03
2017-01-19,8150,17.97
2017-01-20,8150,18.03
2017-01-23,8150,18.29
2017-01-24,8150,17.78
2017-01-03,8155,18.16
2017-01-04,8155,18.29
2017-01-05,8155,18.64
2017-01-06,8155,18.68
2017-01-09,8155,18.74
2017-01-10,8155,19.38
2017-01-11,8155,19.19
2017-01-12,8155,19.25
2017-01-13,8155,19.41
2017-01-16,8155,19.19
2017-01-17,8155,19.19
2017-01-18,8155,19.16
2017-01-19,8155,19.19
2017-01-20,8155,19.12
2017-01-23,8155,19.09
2017-01-24,8155,19.06
2017-01-03,8163,12.06
2017-01-04,8163,12.18
2017-01-05,8163,12.29
2017-01-06,8163,11.92
2017-01-09,8163,11.63
2017-01-10,8163,11.66
2017-01-11,8163,11.46
2017-01-12,8163,11.55
2017-01-13,8163,11.72
2017-01-16,8163,11.49
2017-01-17,8163,11.49
2017-01-18,8163,11.63
2017-01-19,8163,11.69
2017-01-20,8163,11.58
2017-01-23,8163,11.58
2017-01-24,8163,11.46
2017-01-03,8183,12.17
2017-01-04,8183,12.25
2017-01-05,8183,12.4
2017-01-06,8183,12.63
2017-01-09,8183,13.52
2017-01-10,8183,13.52
2017-01-11,8183,13.48
2017-01-12,8183,13.25
2017-01-13,8183,13.25
2017-01-16,8183,12.94
2017-01-17,8183,13.36
2017-01-18,8183,13.4
2017-01-19,8183,13.67
2017-01-20,8183,14.25
2017-01-23,8183,14.44
2017-01-24,8183,14.25
2017-01-03,8210,34.45
2017-01-04,8210,34.52
2017-01-05,8210,34.45
2017-01-06,8210,34.65
2017-01-09,8210,34.38
2017-01-10,8210,33.91
2017-01-11,8210,33.78
2017-01-12,8210,33.65
2017-01-13,8210,33.45
2017-01-16,8210,34.11
2017-01-17,8210,33.65
2017-01-18,8210,33.58
2017-01-19,8210,33.98
2017-01-20,8210,34.18
2017-01-23,8210,34.25
2017-01-24,8210,34.72
2017-01-03,8213,18.24
2017-01-04,8213,18.33
2017-01-05,8213,18.63
2017-01-06,8213,18.6
2017-01-09,8213,18.27
2017-01-10,8213,18.36
2017-01-11,8213,18.02
2017-01-12,8213,18.05
2017-01-13,8213,17.99
2017-01-16,8213,17.99
2017-01-17,8213,18.05
2017-01-18,8213,18.11
2017-01-19,8213,18.05
2017-01-20,8213,17.96
2017-01-23,8213,17.96
2017-01-24,8213,18.05
2017-01-03,8215,11.35
2017-01-04,8215,11.16
2017-01-05,8215,11.31
2017-01-06,8215,11.72
2017-01-09,8215,11.42
2017-01-10,8215,11.12
2017-01-11,8215,11.01
2017-01-12,8215,11.05
2017-01-13,8215,11.01
2017-01-16,8215,10.78
2017-01-17,8215,10.71
2017-01-18,8215,11.05
2017-01-19,8215,10.89
2017-01-20,8215,10.82
2017-01-23,8215,10.78
2017-01-24,8215,10.78
2017-01-03,8222,21.36
2017-01-04,8222,21.8
2017-01-05,8222,21.76
2017-01-06,8222,22.59
2017-01-09,8222,22.64
2017-01-10,8222,22.24
2017-01-11,8222,21.71
2017-01-12,8222,21.54
2017-01-13,8222,21.45
2017-01-16,8222,21.06
2017-01-17,8222,21.45
2017-01-18,8222,21.19
2017-01-19,8222,21.28
2017-01-20,8222,21.23
2017-01-23,8222,21.01
2017-01-24,8222,20.92
2017-01-03,8234,24.6
2017-01-04,8234,25.47
2017-01-05,8234,25.47
2017-01-06,8234,25.62
2017-01-09,8234,26.26
2017-01-10,8234,25.77
2017-01-11,8234,25.69
2017-01-12,8234,25.58
2017-01-13,8234,25.5
2017-01-16,8234,25.28
2017-01-17,8234,25.28
2017-01-18,8234,25.35
2017-01-19,8234,26.03
2017-01-20,8234,25.66
2017-01-23,8234,25.62
2017-01-24,8234,25.5
2017-01-03,8240,12.38
2017-01-04,8240,13.6
2017-01-05,8240,14.26
2017-01-06,8240,13.7
2017-01-09,8240,13.67
2017-01-10,8240,13.32
2017-01-11,8240,13.18
2017-01-12,8240,13.32
2017-01-13,8240,13.21
2017-01-16,8240,13.04
2017-01-17,8240,13.18
2017-01-18,8240,13.07
2017-01-19,8240,12.97
2017-01-20,8240,13.14
2017-01-23,8240,13.04
2017-01-24,8240,12.97
2017-01-03,8249,14.87
2017-01-04,8249,14.87
2017-01-05,8249,14.91
2017-01-06,8249,15.02
2017-01-09,8249,14.87
2017-01-10,8249,15.13
2017-01-11,8249,15.16
2017-01-12,8249,15.55
2017-01-13,8249,15.91
2017-01-16,8249,16.05
2017-01-17,8249,16.52
2017-01-18,8249,16.94
2017-01-19,8249,16.72
2017-01-20,8249,16.66
2017-01-23,8249,16.84
2017-01-24,8249,16.72
2017-01-03,8255,70.38
2017-01-04,8255,72.11
2017-01-05,8255,72.81
2017-01-06,8255,72.11
2017-01-09,8255,72.11
2017-01-10,8255,72.46
2017-01-11,8255,72.11
2017-01-12,8255,72.11
2017-01-13,8255,71.76
2017-01-16,8255,71.07
2017-01-17,8255,70.72
2017-01-18,8255,71.42
2017-01-19,8255,71.42
2017-01-20,8255,72.81
2017-01-23,8255,76.97
2017-01-24,8255,76.27
2017-01-03,8261,16.55
2017-01-04,8261,16.78
2017-01-05,8261,17.05
2017-01-06,8261,17.16
2017-01-09,8261,17.27
2017-01-10,8261,17.24
2017-01-11,8261,17.16
2017-01-12,8261,17.24
2017-01-13,8261,17.27
2017-01-16,8261,17.12
2017-01-17,8261,17.12
2017-01-18,8261,17.16
2017-01-19,8261,17.27
2017-01-20,8261,17.05
2017-01-23,8261,17.01
2017-01-24,8261,16.78
2017-01-03,8271,19.69
2017-01-04,8271,19.66
2017-01-05,8271,19.72
2017-01-06,8271,19.72
2017-01-09,8271,19.72
2017-01-10,8271,19.69
2017-01-11,8271,19.69
2017-01-12,8271,19.69
2017-01-13,8271,19.57
2017-01-16,8271,19.39
2017-01-17,8271,19.6
2017-01-18,8271,19.6
2017-01-19,8271,19.42
2017-01-20,8271,19.33
2017-01-23,8271,19.48
2017-01-24,8271,19.36
2017-01-03,8277,10.45
2017-01-04,8277,10.4
2017-01-05,8277,10.5
2017-01-06,8277,10.5
2017-01-09,8277,10.85
2017-01-10,8277,10.65
2017-01-11,8277,10.8
2017-01-12,8277,10.6
2017-01-13,8277,10.6
2017-01-16,8277,10.6
2017-01-17,8277,10.6
2017-01-18,8277,10.55
2017-01-19,8277,10.55
2017-01-20,8277,10.35
2017-01-23,8277,10.4
2017-01-24,8277,10.3
2017-01-03,8279,71.22
2017-01-04,8279,71.22
2017-01-05,8279,74.03
2017-01-06,8279,72.27
2017-01-09,8279,71.22
2017-01-10,8279,70.52
2017-01-11,8279,70.52
2017-01-12,8279,68.76
2017-01-13,8279,66.31
2017-01-16,8279,66.24
2017-01-17,8279,66.52
2017-01-18,8279,66.45
2017-01-19,8279,65.75
2017-01-20,8279,64.34
2017-01-23,8279,64.06
2017-01-24,8279,64.69
2017-01-04,8284,19.93
2017-01-05,8284,19.88
2017-01-06,8284,19.86
2017-01-09,8284,19.86
2017-01-10,8284,19.86
2017-01-11,8284,20.08
2017-01-13,8284,20.43
2017-01-16,8284,19.95
2017-01-03,8291,11.42
2017-01-04,8291,11.6
2017-01-05,8291,11.62
2017-01-06,8291,11.62
2017-01-09,8291,11.96
2017-01-10,8291,11.6
2017-01-11,8291,11.98
2017-01-12,8291,11.8
2017-01-13,8291,12.0
2017-01-16,8291,11.6
2017-01-17,8291,11.6
2017-01-18,8291,11.6
2017-01-19,8291,11.32
2017-01-20,8291,11.36
2017-01-23,8291,11.44
2017-01-03,8299,165.0
2017-01-04,8299,167.62
2017-01-05,8299,168.27
2017-01-06,8299,168.27
2017-01-09,8299,166.96
2017-01-10,8299,161.4
2017-01-11,8299,160.74
2017-01-12,8299,163.36
2017-01-13,8299,164.34
2017-01-16,8299,161.4
2017-01-17,8299,162.71
2017-01-18,8299,163.36
2017-01-19,8299,163.69
2017-01-20,8299,162.71
2017-01-23,8299,163.69
2017-01-24,8299,161.72
2017-01-03,8341,81.12
2017-01-04,8341,80.77
2017-01-05,8341,82.17
2017-01-06,8341,83.92
2017-01-09,8341,86.02
2017-01-10,8341,85.67
2017-01-11,8341,83.92
2017-01-12,8341,84.27
2017-01-13,8341,82.17
2017-01-16,8341,82.17
2017-01-17,8341,84.27
2017-01-18,8341,84.97
2017-01-19,8341,83.92
2017-01-20,8341,83.22
2017-01-23,8341,84.62
2017-01-24,8341,83.92
2017-01-03,8342,35.95
2017-01-04,8342,35.95
2017-01-05,8342,35.9
2017-01-06,8342,36.08
2017-01-09,8342,36.02
2017-01-10,8342,35.49
2017-01-11,8342,35.38
2017-01-12,8342,34.91
2017-01-13,8342,34.74
2017-01-16,8342,34.74
2017-01-17,8342,34.5
2017-01-18,8342,34.32
2017-01-19,8342,35.37
2017-01-20,8342,35.2
2017-01-23,8342,35.2
2017-01-24,8342,34.63
2017-01-03,8349,40.0
2017-01-04,8349,39.27
2017-01-05,8349,39.43
2017-01-06,8349,39.48
2017-01-09,8349,39.06
2017-01-10,8349,39.01
2017-01-11,8349,38.8
2017-01-12,8349,38.54
2017-01-13,8349,41.09
2017-01-16,8349,41.82
2017-01-17,8349,42.45
2017-01-18,8349,42.19
2017-01-19,8349,43.44
2017-01-20,8349,44.11
2017-01-23,8349,44.69
2017-01-24,8349,45.83
2017-01-03,8354,11.07
2017-01-04,8354,10.98
2017-01-05,8354,11.11
2017-01-06,8354,11.11
2017-01-09,8354,10.98
2017-01-10,8354,10.98
2017-01-11,8354,10.72
2017-01-12,8354,10.75
2017-01-13,8354,10.75
2017-01-16,8354,10.79
2017-01-17,8354,10.79
2017-01-18,8354,10.79
2017-01-19,8354,10.79
2017-01-20,8354,10.79
2017-01-23,8354,10.79
2017-01-24,8354,10.72
2017-01-03,8358,26.81
2017-01-04,8358,28.22
2017-01-05,8358,28.78
2017-01-06,8358,28.35
2017-01-09,8358,26.97
2017-01-10,8358,27.4
2017-01-11,8358,26.74
2017-01-12,8358,27.1
2017-01-13,8358,27.1
2017-01-16,8358,26.64
2017-01-17,8358,26.64
2017-01-18,8358,27.3
2017-01-19,8358,27.43
2017-01-20,8358,27.63
2017-01-23,8358,27.59
2017-01-24,8358,27.5
2017-01-03,8374,17.41
2017-01-04,8374,17.37
2017-01-05,8374,17.24
2017-01-06,8374,17.02
2017-01-09,8374,16.85
2017-01-10,8374,16.54
2017-01-11,8374,16.19
2017-01-12,8374,16.36
2017-01-13,8374,16.1
2017-01-16,8374,15.8
2017-01-17,8374,15.88
2017-01-18,8374,15.88
2017-01-19,8374,15.75
2017-01-20,8374,15.62
2017-01-23,8374,16.63
2017-01-24,8374,16.32
2017-01-03,8383,29.05
2017-01-04,8383,30.02
2017-01-05,8383,29.79
2017-01-06,8383,30.43
2017-01-09,8383,30.02
2017-01-10,8383,30.14
2017-01-11,8383,28.41
2017-01-12,8383,29.2
2017-01-13,8383,28.97
2017-01-16,8383,28.56
2017-01-17,8383,28.73
2017-01-18,8383,28.76
2017-01-19,8383,29.11
2017-01-20,8383,29.0
2017-01-23,8383,29.32
2017-01-24,8383,29.29
2017-01-03,8390,13.1
2017-01-04,8390,13.1
2017-01-05,8390,13.34
2017-01-06,8390,13.53
2017-01-09,8390,13.43
2017-01-10,8390,14.05
2017-01-11,8390,13.72
2017-01-12,8390,13.81
2017-01-13,8390,13.81
2017-01-16,8390,13.81
2017-01-17,8390,13.91
2017-01-18,8390,13.81
2017-01-19,8390,13.81
2017-01-20,8390,13.81
2017-01-23,8390,13.86
2017-01-24,8390,14.01
2017-01-03,8403,21.35
2017-01-04,8403,21.47
2017-01-05,8403,21.32
2017-01-06,8403,21.53
2017-01-09,8403,21.23
2017-01-10,8403,21.14
2017-01-11,8403,20.84
2017-01-12,8403,20.72
2017-01-13,8403,20.54
2017-01-16,8403,20.48
2017-01-17,8403,20.51
2017-01-18,8403,20.69
2017-01-19,8403,20.75
2017-01-20,8403,20.66
2017-01-23,8403,20.66
2017-01-24,8403,20.54
2017-01-03,8404,22.87
2017-01-04,8404,22.93
2017-01-05,8404,23.37
2017-01-06,8404,23.24
2017-01-09,8404,23.0
2017-01-10,8404,22.93
2017-01-11,8404,23.03
2017-01-12,8404,22.96
2017-01-13,8404,22.9
2017-01-16,8404,22.9
2017-01-17,8404,23.12
2017-01-18,8404,23.15
2017-01-19,8404,23.03
2017-01-20,8404,23.09
2017-01-23,8404,23.03
2017-01-24,8404,23.09
2017-01-03,8406,275.57
2017-01-04,8406,264.83
2017-01-05,8406,263.18
2017-01-06,8406,262.35
2017-01-09,8406,258.63
2017-01-10,8406,256.57
2017-01-11,8406,255.33
2017-01-12,8406,262.35
2017-01-13,8406,260.7
2017-01-16,8406,260.7
2017-01-17,8406,259.87
2017-01-18,8406,256.98
2017-01-19,8406,256.15
2017-01-20,8406,257.81
2017-01-23,8406,259.87
2017-01-24,8406,255.33
2017-01-03,8409,24.86
2017-01-04,8409,23.83
2017-01-05,8409,23.54
2017-01-06,8409,23.15
2017-01-09,8409,22.81
2017-01-10,8409,22.22
2017-01-11,8409,22.56
2017-01-12,8409,22.42
2017-01-13,8409,22.18
2017-01-16,8409,21.93
2017-01-17,8409,22.13
2017-01-18,8409,21.98
2017-01-19,8409,23.15
2017-01-20,8409,22.66
2017-01-23,8409,22.32
2017-01-24,8409,22.42
2017-01-03,8410,17.84
2017-01-04,8410,17.88
2017-01-05,8410,18.02
2017-01-06,8410,17.95
2017-01-09,8410,17.84
2017-01-10,8410,18.59
2017-01-11,8410,18.45
2017-01-12,8410,18.52
2017-01-13,8410,18.59
2017-01-16,8410,18.31
2017-01-17,8410,18.41
2017-01-18,8410,18.59
2017-01-19,8410,18.63
2017-01-20,8410,18.31
2017-01-23,8410,18.09
2017-01-24,8410,17.95
2017-01-03,8411,27.85
2017-01-04,8411,27.89
2017-01-05,8411,27.49
2017-01-06,8411,27.73
2017-01-09,8411,27.45
2017-01-10,8411,27.65
2017-01-11,8411,27.53
2017-01-12,8411,27.49
2017-01-13,8411,28.38
2017-01-16,8411,28.02
2017-01-17,8411,27.77
2017-01-18,8411,27.53
2017-01-19,8411,27.0
2017-01-20,8411,26.76
2017-01-23,8411,26.67
2017-01-24,8411,26.71
2017-01-03,8415,10.37
2017-01-04,8415,10.37
2017-01-05,8415,10.48
2017-01-06,8415,10.48
2017-01-09,8415,10.48
2017-01-10,8415,10.57
2017-01-11,8415,10.48
2017-01-12,8415,10.48
2017-01-13,8415,10.46
2017-01-16,8415,10.46
2017-01-17,8415,10.46
2017-01-18,8415,10.54
2017-01-19,8415,10.54
2017-01-20,8415,10.6
2017-01-23,8415,10.57
2017-01-24,8415,10.54
2017-01-03,8416,47.73
2017-01-04,8416,48.44
2017-01-05,8416,48.39
2017-01-06,8416,47.95
2017-01-09,8416,47.78
2017-01-10,8416,47.73
2017-01-11,8416,48.61
2017-01-12,8416,48.5
2017-01-13,8416,48.5
2017-01-16,8416,48.33
2017-01-17,8416,49.82
2017-01-18,8416,49.6
2017-01-19,8416,49.6
2017-01-20,8416,49.32
2017-01-23,8416,49.32
2017-01-24,8416,48.99
2017-01-03,8418,11.41
2017-01-04,8418,11.56
2017-01-05,8418,11.66
2017-01-06,8418,11.26
2017-01-09,8418,10.87
2017-01-10,8418,10.87
2017-01-11,8418,11.01
2017-01-12,8418,10.77
2017-01-13,8418,10.62
2017-01-16,8418,10.77
2017-01-17,8418,10.82
2017-01-18,8418,10.82
2017-01-19,8418,10.77
2017-01-20,8418,11.16
2017-01-23,8418,11.31
2017-01-24,8418,12.3
2017-01-03,8420,15.99
2017-01-04,8420,15.99
2017-01-05,8420,16.24
2017-01-06,8420,16.06
2017-01-09,8420,16.06
2017-01-10,8420,15.91
2017-01-11,8420,15.77
2017-01-12,8420,15.81
2017-01-13,8420,15.84
2017-01-16,8420,15.7
2017-01-17,8420,15.7
2017-01-18,8420,15.7
2017-01-19,8420,15.66
2017-01-20,8420,15.55
2017-01-23,8420,15.59
2017-01-24,8420,15.55
2017-01-03,8421,15.45
2017-01-04,8421,15.41
2017-01-05,8421,15.41
2017-01-06,8421,15.94
2017-01-09,8421,15.78
2017-01-10,8421,15.57
2017-01-11,8421,15.66
2017-01-12,8421,15.7
2017-01-13,8421,15.94
2017-01-16,8421,15.62
2017-01-17,8421,15.62
2017-01-18,8421,16.1
2017-01-19,8421,16.02
2017-01-20,8421,16.27
2017-01-23,8421,16.51
2017-01-24,8421,16.51
2017-01-03,8422,97.41
2017-01-04,8422,97.11
2017-01-05,8422,97.11
2017-01-06,8422,97.11
2017-01-09,8422,95.92
2017-01-10,8422,96.52
2017-01-11,8422,96.81
2017-01-12,8422,96.22
2017-01-13,8422,97.41
2017-01-16,8422,96.81
2017-01-17,8422,96.52
2017-01-18,8422,97.11
2017-01-19,8422,97.41
2017-01-20,8422,96.81
2017-01-23,8422,97.41
2017-01-24,8422,97.41
2017-01-03,8424,18.07
2017-01-04,8424,18.26
2017-01-05,8424,18.32
2017-01-06,8424,18.43
2017-01-09,8424,18.6
2017-01-10,8424,18.43
2017-01-11,8424,18.54
2017-01-12,8424,18.57
2017-01-13,8424,18.6
2017-01-16,8424,18.35
2017-01-17,8424,18.43
2017-01-18,8424,18.54
2017-01-19,8424,18.35
2017-01-20,8424,18.51
2017-01-23,8424,18.4
2017-01-24,8424,18.4
2017-01-03,8426,39.1
2017-01-04,8426,38.95
2017-01-05,8426,38.81
2017-01-06,8426,38.95
2017-01-09,8426,38.88
2017-01-10,8426,37.58
2017-01-11,8426,37.36
2017-01-12,8426,37.36
2017-01-13,8426,37.44
2017-01-16,8426,37.51
2017-01-17,8426,37.58
2017-01-18,8426,37.44
2017-01-19,8426,36.79
2017-01-20,8426,37.22
2017-01-23,8426,37.22
2017-01-24,8426,37.15
2017-01-03,8427,59.79
2017-01-04,8427,59.51
2017-01-05,8427,59.97
2017-01-06,8427,59.69
2017-01-09,8427,61.7
2017-01-10,8427,61.15
2017-01-11,8427,59.79
2017-01-12,8427,59.6
2017-01-13,8427,59.15
2017-01-16,8427,59.15
2017-01-17,8427,59.24
2017-01-18,8427,59.51
2017-01-19,8427,59.24
2017-01-20,8427,57.96
2017-01-23,8427,57.59
2017-01-24,8427,57.5
2017-01-03,8429,31.92
2017-01-04,8429,32.01
2017-01-05,8429,33.0
2017-01-06,8429,32.78
2017-01-09,8429,32.23
2017-01-10,8429,31.51
2017-01-11,8429,31.6
2017-01-12,8429,31.69
2017-01-13,8429,31.51
2017-01-16,8429,31.2
2017-01-17,8429,31.2
2017-01-18,8429,31.38
2017-01-19,8429,31.74
2017-01-20,8429,31.42
2017-01-23,8429,31.2
2017-01-24,8429,31.2
2017-01-03,8431,50.18
2017-01-04,8431,51.31
2017-01-05,8431,51.02
2017-01-06,8431,50.65
2017-01-09,8431,50.46
2017-01-10,8431,50.65
2017-01-11,8431,49.33
2017-01-12,8431,49.7
2017-01-13,8431,49.42
2017-01-16,8431,48.76
2017-01-17,8431,49.52
2017-01-18,8431,49.7
2017-01-19,8431,50.36
2017-01-20,8431,49.7
2017-01-23,8431,49.7
2017-01-24,8431,49.99
2017-01-03,8432,53.88
2017-01-04,8432,54.1
2017-01-05,8432,54.18
2017-01-06,8432,54.18
2017-01-09,8432,53.65
2017-01-10,8432,53.43
2017-01-11,8432,52.54
2017-01-12,8432,52.32
2017-01-13,8432,52.02
2017-01-16,8432,51.05
2017-01-17,8432,50.38
2017-01-18,8432,50.9
2017-01-19,8432,50.98
2017-01-20,8432,50.98
2017-01-23,8432,50.53
2017-01-24,8432,50.23
2017-01-03,8433,91.34
2017-01-04,8433,92.52
2017-01-05,8433,93.69
2017-01-06,8433,93.69
2017-01-09,8433,93.1
2017-01-10,8433,91.04
2017-01-11,8433,89.27
2017-01-12,8433,89.27
2017-01-13,8433,89.27
2017-01-16,8433,88.1
2017-01-17,8433,88.98
2017-01-18,8433,87.51
2017-01-19,8433,88.69
2017-01-20,8433,88.39
2017-01-23,8433,87.8
2017-01-24,8433,87.51
2017-01-03,8435,23.27
2017-01-04,8435,23.53
2017-01-05,8435,24.02
2017-01-06,8435,23.85
2017-01-09,8435,23.99
2017-01-10,8435,24.22
2017-01-11,8435,24.13
2017-01-12,8435,24.19
2017-01-13,8435,23.96
2017-01-16,8435,24.02
2017-01-17,8435,23.9
2017-01-18,8435,23.9
2017-01-19,8435,24.02
2017-01-20,8435,24.08
2017-01-23,8435,24.59
2017-01-24,8435,24.62
2017-01-03,8436,84.9
2017-01-04,8436,84.64
2017-01-05,8436,81.79
2017-01-06,8436,79.97
2017-01-09,8436,75.56
2017-01-10,8436,75.04
2017-01-11,8436,76.86
2017-01-12,8436,78.41
2017-01-13,8436,78.41
2017-01-16,8436,77.89
2017-01-17,8436,78.41
2017-01-18,8436,79.45
2017-01-19,8436,79.19
2017-01-20,8436,80.23
2017-01-23,8436,79.45
2017-01-24,8436,79.97
2017-01-03,8437,109.04
2017-01-04,8437,108.16
2017-01-05,8437,106.41
2017-01-06,8437,104.95
2017-01-09,8437,104.07
2017-01-10,8437,102.61
2017-01-11,8437,102.61
2017-01-12,8437,100.27
2017-01-13,8437,100.56
2017-01-16,8437,100.85
2017-01-17,8437,102.9
2017-01-18,8437,102.02
2017-01-19,8437,102.02
2017-01-20,8437,102.9
2017-01-23,8437,102.61
2017-01-24,8437,102.61
2017-01-16,8438,21.15
2017-01-03,8442,35.41
2017-01-04,8442,35.34
2017-01-05,8442,35.48
2017-01-06,8442,35.34
2017-01-09,8442,35.34
2017-01-10,8442,35.34
2017-01-11,8442,35.26
2017-01-12,8442,35.26
2017-01-13,8442,35.3
2017-01-16,8442,35.26
2017-01-17,8442,35.34
2017-01-18,8442,35.3
2017-01-19,8442,35.19
2017-01-20,8442,35.15
2017-01-23,8442,35.3
2017-01-24,8442,35.3
2017-01-03,8443,15.57
2017-01-04,8443,15.66
2017-01-05,8443,15.7
2017-01-06,8443,15.7
2017-01-09,8443,15.7
2017-01-10,8443,15.84
2017-01-11,8443,15.7
2017-01-12,8443,15.7
2017-01-13,8443,15.7
2017-01-16,8443,15.62
2017-01-17,8443,15.7
2017-01-18,8443,15.79
2017-01-19,8443,15.79
2017-01-20,8443,15.79
2017-01-23,8443,15.7
2017-01-24,8443,15.7
2017-01-03,8444,150.18
2017-01-04,8444,152.96
2017-01-05,8444,150.97
2017-01-06,8444,150.97
2017-01-09,8444,148.99
2017-01-10,8444,148.99
2017-01-11,8444,152.56
2017-01-12,8444,152.56
2017-01-13,8444,151.37
2017-01-16,8444,151.37
2017-01-17,8444,160.11
2017-01-18,8444,156.54
2017-01-19,8444,158.92
2017-01-20,8444,157.73
2017-01-23,8444,157.33
2017-01-24,8444,154.95
2017-01-03,8446,54.8
2017-01-04,8446,54.56
2017-01-05,8446,54.8
2017-01-06,8446,55.04
2017-01-09,8446,55.52
2017-01-10,8446,54.8
2017-01-11,8446,54.8
2017-01-12,8446,55.04
2017-01-13,8446,55.04
2017-01-16,8446,55.04
2017-01-17,8446,55.52
2017-01-18,8446,55.28
2017-01-19,8446,55.04
2017-01-20,8446,55.04
2017-01-23,8446,55.28
2017-01-24,8446,55.04
2017-01-03,8450,76.1
2017-01-04,8450,77.57
2017-01-05,8450,76.96
2017-01-06,8450,76.45
2017-01-09,8450,77.4
2017-01-10,8450,74.72
2017-01-11,8450,74.98
2017-01-12,8450,74.03
2017-01-13,8450,72.39
2017-01-16,8450,71.09
2017-01-17,8450,71.26
2017-01-18,8450,71.35
2017-01-19,8450,71.87
2017-01-20,8450,70.92
2017-01-23,8450,71.0
2017-01-24,8450,70.92
2017-01-03,8454,84.55
2017-01-04,8454,83.68
2017-01-05,8454,83.68
2017-01-06,8454,83.68
2017-01-09,8454,83.03
2017-01-10,8454,83.25
2017-01-11,8454,83.03
2017-01-12,8454,83.03
2017-01-13,8454,82.81
2017-01-16,8454,82.37
2017-01-17,8454,83.03
2017-01-18,8454,82.81
2017-01-19,8454,82.37
2017-01-20,8454,82.37
2017-01-23,8454,82.37
2017-01-24,8454,82.16
2017-01-03,8455,39.34
2017-01-04,8455,35.44
2017-01-05,8455,33.05
2017-01-06,8455,31.0
2017-01-09,8455,31.53
2017-01-10,8455,30.7
2017-01-11,8455,29.68
2017-01-12,8455,29.87
2017-01-13,8455,31.19
2017-01-16,8455,30.17
2017-01-17,8455,29.73
2017-01-18,8455,29.29
2017-01-19,8455,29.29
2017-01-20,8455,29.24
2017-01-23,8455,28.9
2017-01-24,8455,28.9
2017-01-03,8462,39.61
2017-01-04,8462,39.61
2017-01-05,8462,39.9
2017-01-06,8462,39.61
2017-01-09,8462,39.56
2017-01-10,8462,39.75
2017-01-11,8462,39.66
2017-01-12,8462,39.51
2017-01-13,8462,39.42
2017-01-16,8462,39.18
2017-01-17,8462,39.47
2017-01-18,8462,39.23
2017-01-19,8462,39.85
2017-01-20,8462,39.37
2017-01-23,8462,39.27
2017-01-24,8462,39.42
2017-01-03,8463,13.66
2017-01-04,8463,13.66
2017-01-05,8463,13.78
2017-01-06,8463,13.78
2017-01-09,8463,13.78
2017-01-10,8463,13.54
2017-01-11,8463,13.62
2017-01-12,8463,13.58
2017-01-13,8463,13.66
2017-01-16,8463,13.46
2017-01-17,8463,13.46
2017-01-18,8463,13.5
2017-01-19,8463,13.78
2017-01-20,8463,13.78
2017-01-23,8463,13.86
2017-01-24,8463,13.86
2017-01-03,8464,237.47
2017-01-04,8464,233.4
2017-01-05,8464,235.62
2017-01-06,8464,223.05
2017-01-09,8464,213.43
2017-01-10,8464,217.87
2017-01-11,8464,209.36
2017-01-12,8464,210.84
2017-01-13,8464,212.69
2017-01-16,8464,218.98
2017-01-17,8464,218.98
2017-01-18,8464,218.98
2017-01-19,8464,215.28
2017-01-20,8464,214.17
2017-01-23,8464,209.36
2017-01-24,8464,216.39
2017-01-03,8466,82.52
2017-01-04,8466,81.49
2017-01-05,8466,80.46
2017-01-06,8466,80.46
2017-01-09,8466,79.77
2017-01-10,8466,79.77
2017-01-11,8466,80.8
2017-01-12,8466,81.83
2017-01-13,8466,83.21
2017-01-16,8466,81.49
2017-01-17,8466,81.83
2017-01-18,8466,82.52
2017-01-19,8466,82.18
2017-01-20,8466,82.52
2017-01-23,8466,81.49
2017-01-24,8466,82.86
2017-01-03,8467,24.95
2017-01-04,8467,24.79
2017-01-05,8467,24.72
2017-01-06,8467,24.64
2017-01-09,8467,24.64
2017-01-10,8467,24.11
2017-01-11,8467,24.26
2017-01-12,8467,24.64
2017-01-13,8467,24.64
2017-01-16,8467,24.64
2017-01-17,8467,24.64
2017-01-18,8467,24.72
2017-01-19,8467,24.72
2017-01-23,8467,24.87
2017-01-24,8467,24.87
2017-01-03,8472,34.45
2017-01-04,8472,34.45
2017-01-05,8472,34.52
2017-01-06,8472,34.75
2017-01-09,8472,34.83
2017-01-10,8472,34.52
2017-01-11,8472,34.52
2017-01-12,8472,34.37
2017-01-13,8472,34.37
2017-01-16,8472,34.14
2017-01-17,8472,34.29
2017-01-18,8472,34.06
2017-01-19,8472,34.06
2017-01-20,8472,33.6
2017-01-23,8472,33.52
2017-01-24,8472,32.99
2017-01-03,8473,37.02
2017-01-04,8473,36.74
2017-01-05,8473,37.02
2017-01-06,8473,37.38
2017-01-09,8473,37.1
2017-01-10,8473,37.1
2017-01-11,8473,37.45
2017-01-12,8473,38.31
2017-01-13,8473,38.24
2017-01-16,8473,37.88
2017-01-17,8473,37.59
2017-01-18,8473,37.74
2017-01-19,8473,38.8
2017-01-20,8473,38.38
2017-01-23,8473,38.52
2017-01-24,8473,38.45
2017-01-03,8476,35.61
2017-01-04,8476,36.8
2017-01-05,8476,36.8
2017-01-06,8476,36.91
2017-01-09,8476,36.26
2017-01-10,8476,36.46
2017-01-11,8476,36.26
2017-01-12,8476,36.12
2017-01-13,8476,34.76
2017-01-16,8476,34.76
2017-01-17,8476,34.42
2017-01-18,8476,34.42
2017-01-19,8476,34.76
2017-01-20,8476,34.76
2017-01-23,8476,34.86
2017-01-24,8476,34.62
2017-01-03,8477,43.8
2017-01-04,8477,43.86
2017-01-05,8477,44.72
2017-01-06,8477,44.06
2017-01-09,8477,43.86
2017-01-10,8477,43.53
2017-01-11,8477,43.53
2017-01-12,8477,43.73
2017-01-13,8477,43.8
2017-01-16,8477,43.53
2017-01-17,8477,43.6
2017-01-18,8477,43.86
2017-01-19,8477,43.73
2017-01-20,8477,42.41
2017-01-23,8477,42.28
2017-01-24,8477,40.04
2017-01-04,8478,106.96
2017-01-06,8478,106.96
2017-01-09,8478,111.05
2017-01-10,8478,107.37
2017-01-11,8478,112.3
2017-01-12,8478,110.25
2017-01-13,8478,110.25
2017-01-18,8478,109.42
2017-01-20,8478,109.42
2017-01-24,8478,107.78
2017-01-03,8480,87.1
2017-01-04,8480,86.06
2017-01-05,8480,86.41
2017-01-06,8480,87.1
2017-01-09,8480,87.1
2017-01-10,8480,86.76
2017-01-11,8480,88.01
2017-01-13,8480,87.45
2017-01-16,8480,87.45
2017-01-17,8480,75.31
2017-01-18,8480,74.61
2017-01-19,8480,77.39
2017-01-20,8480,76.35
2017-01-23,8480,77.73
2017-01-24,8480,78.08
2017-01-03,8481,30.5
2017-01-04,8481,30.02
2017-01-05,8481,30.44
2017-01-06,8481,29.96
2017-01-09,8481,30.24
2017-01-10,8481,30.13
2017-01-11,8481,30.13
2017-01-12,8481,30.1
2017-01-13,8481,30.24
2017-01-16,8481,30.47
2017-01-17,8481,30.24
2017-01-18,8481,30.52
2017-01-19,8481,30.24
2017-01-20,8481,29.82
2017-01-23,8481,29.96
2017-01-24,8481,30.06
2017-01-03,8488,35.15
2017-01-04,8488,35.48
2017-01-05,8488,36.29
2017-01-06,8488,36.12
2017-01-09,8488,36.12
2017-01-10,8488,35.96
2017-01-11,8488,36.04
2017-01-12,8488,36.08
2017-01-13,8488,36.61
2017-01-16,8488,36.89
2017-01-17,8488,36.85
2017-01-18,8488,36.85
2017-01-19,8488,36.85
2017-01-20,8488,36.97
2017-01-23,8488,36.69
2017-01-24,8488,36.69
2017-01-03,8489,61.79
2017-01-04,8489,61.77
2017-01-05,8489,61.77
2017-01-06,8489,60.59
2017-01-09,8489,61.18
2017-01-10,8489,60.83
2017-01-11,8489,59.99
2017-01-12,8489,60.59
2017-01-13,8489,60.58
2017-01-16,8489,66.89
2017-01-17,8489,68.09
2017-01-18,8489,67.79
2017-01-19,8489,67.19
2017-01-20,8489,66.59
2017-01-23,8489,68.06
2017-01-24,8489,65.99
2017-01-03,8497,58.85
2017-01-04,8497,58.18
2017-01-05,8497,58.39
2017-01-09,8497,58.22
2017-01-10,8497,57.98
2017-01-11,8497,57.98
2017-01-16,8497,58.38
2017-01-20,8497,57.98
2017-01-23,8497,58.39
2017-01-24,8497,59.27
2017-01-03,8905,10.33
2017-01-04,8905,10.33
2017-01-05,8905,10.39
2017-01-06,8905,10.49
2017-01-09,8905,10.59
2017-01-10,8905,10.13
2017-01-11,8905,10.13
2017-01-12,8905,10.1
2017-01-13,8905,10.0
2017-01-16,8905,9.87
2017-01-17,8905,9.84
2017-01-18,8905,9.94
2017-01-19,8905,9.94
2017-01-20,8905,10.1
2017-01-23,8905,10.03
2017-01-24,8905,10.0
2017-01-04,8908,11.78
2017-01-05,8908,11.41
2017-01-09,8908,11.49
2017-01-10,8908,11.82
2017-01-12,8908,11.57
2017-01-13,8908,11.57
2017-01-19,8908,11.82
2017-01-20,8908,11.43
2017-01-03,8916,26.46
2017-01-04,8916,26.72
2017-01-05,8916,26.64
2017-01-06,8916,26.64
2017-01-09,8916,26.49
2017-01-10,8916,26.43
2017-01-11,8916,26.03
2017-01-12,8916,26.64
2017-01-13,8916,26.38
2017-01-16,8916,26.12
2017-01-17,8916,26.03
2017-01-18,8916,26.26
2017-01-19,8916,26.52
2017-01-20,8916,26.49
2017-01-23,8916,26.29
2017-01-24,8916,26.12
2017-01-04,8917,29.9
2017-01-05,8917,30.14
2017-01-06,8917,30.08
2017-01-09,8917,30.14
2017-01-13,8917,30.38
2017-01-18,8917,29.77
2017-01-23,8917,29.26
2017-01-06,8921,12.04
2017-01-12,8921,13.28
2017-01-19,8921,12.95
2017-01-10,8923,11.16
2017-01-03,8926,13.87
2017-01-04,8926,13.81
2017-01-05,8926,13.84
2017-01-06,8926,13.87
2017-01-09,8926,13.81
2017-01-10,8926,13.81
2017-01-11,8926,13.84
2017-01-12,8926,13.96
2017-01-13,8926,14.06
2017-01-16,8926,14.06
2017-01-17,8926,14.06
2017-01-18,8926,14.06
2017-01-19,8926,14.09
2017-01-20,8926,14.0
2017-01-23,8926,14.03
2017-01-24,8926,14.03
2017-01-03,8928,16.09
2017-01-04,8928,16.42
2017-01-05,8928,16.42
2017-01-06,8928,16.48
2017-01-09,8928,16.19
2017-01-10,8928,16.93
2017-01-11,8928,17.03
2017-01-12,8928,16.74
2017-01-13,8928,16.96
2017-01-16,8928,16.61
2017-01-17,8928,16.42
2017-01-18,8928,16.42
2017-01-19,8928,16.61
2017-01-20,8928,16.22
2017-01-23,8928,16.51
2017-01-24,8928,16.64
2017-01-03,8929,19.0
2017-01-04,8929,18.58
2017-01-05,8929,18.26
2017-01-06,8929,18.74
2017-01-09,8929,18.74
2017-01-10,8929,18.49
2017-01-11,8929,18.36
2017-01-12,8929,18.3
2017-01-13,8929,18.55
2017-01-16,8929,18.46
2017-01-17,8929,18.36
2017-01-18,8929,18.46
2017-01-19,8929,18.39
2017-01-20,8929,18.26
2017-01-23,8929,18.33
2017-01-24,8929,18.49
2017-01-03,8931,15.9
2017-01-04,8931,15.94
2017-01-05,8931,16.05
2017-01-06,8931,16.05
2017-01-09,8931,16.05
2017-01-10,8931,16.05
2017-01-11,8931,16.01
2017-01-12,8931,15.83
2017-01-13,8931,15.83
2017-01-16,8931,15.86
2017-01-17,8931,16.01
2017-01-18,8931,16.52
2017-01-19,8931,16.52
2017-01-20,8931,16.92
2017-01-23,8931,16.88
2017-01-24,8931,16.99
2017-01-03,8933,14.8
2017-01-04,8933,14.66
2017-01-05,8933,14.6
2017-01-06,8933,14.47
2017-01-09,8933,14.53
2017-01-10,8933,14.66
2017-01-11,8933,14.74
2017-01-12,8933,15.0
2017-01-13,8933,15.13
2017-01-16,8933,15.13
2017-01-17,8933,15.2
2017-01-18,8933,15.79
2017-01-19,8933,15.33
2017-01-20,8933,15.06
2017-01-23,8933,15.13
2017-01-24,8933,15.26
2017-01-03,8934,30.5
2017-01-04,8934,30.3
2017-01-05,8934,30.0
2017-01-06,8934,29.95
2017-01-09,8934,29.9
2017-01-11,8934,29.8
2017-01-12,8934,29.75
2017-01-13,8934,29.5
2017-01-16,8934,30.95
2017-01-17,8934,29.95
2017-01-20,8934,29.0
2017-01-23,8934,28.95
2017-01-24,8934,28.7
2017-01-03,8936,16.06
2017-01-04,8936,16.94
2017-01-05,8936,16.81
2017-01-06,8936,16.94
2017-01-09,8936,16.72
2017-01-10,8936,16.41
2017-01-11,8936,15.97
2017-01-12,8936,16.37
2017-01-13,8936,16.77
2017-01-16,8936,16.41
2017-01-17,8936,16.37
2017-01-18,8936,16.63
2017-01-19,8936,16.77
2017-01-20,8936,17.25
2017-01-23,8936,17.43
2017-01-24,8936,17.56
2017-01-03,8937,10.16
2017-01-04,8937,10.25
2017-01-05,8937,10.25
2017-01-06,8937,10.35
2017-01-09,8937,10.25
2017-01-10,8937,10.16
2017-01-11,8937,9.96
2017-01-12,8937,9.96
2017-01-13,8937,9.91
2017-01-16,8937,9.81
2017-01-17,8937,9.77
2017-01-18,8937,9.86
2017-01-19,8937,10.06
2017-01-20,8937,10.25
2017-01-23,8937,10.25
2017-01-24,8937,10.4
2017-01-03,8938,14.66
2017-01-04,8938,14.96
2017-01-05,8938,14.96
2017-01-06,8938,16.02
2017-01-09,8938,16.39
2017-01-10,8938,15.96
2017-01-11,8938,15.9
2017-01-12,8938,15.51
2017-01-13,8938,15.93
2017-01-16,8938,15.75
2017-01-17,8938,16.05
2017-01-18,8938,15.87
2017-01-19,8938,16.08
2017-01-20,8938,15.81
2017-01-23,8938,15.63
2017-01-24,8938,15.75
2017-01-03,8940,14.6
2017-01-04,8940,14.3
2017-01-05,8940,14.1
2017-01-06,8940,14.3
2017-01-09,8940,14.4
2017-01-10,8940,14.2
2017-01-11,8940,14.25
2017-01-12,8940,14.2
2017-01-13,8940,14.2
2017-01-16,8940,14.1
2017-01-17,8940,14.1
2017-01-18,8940,14.45
2017-01-19,8940,14.2
2017-01-20,8940,14.2
2017-01-23,8940,14.4
2017-01-24,8940,14.25
2017-01-03,8941,24.4
2017-01-04,8941,24.4
2017-01-05,8941,24.4
2017-01-06,8941,24.44
2017-01-09,8941,24.11
2017-01-10,8941,24.22
2017-01-11,8941,24.29
2017-01-12,8941,24.07
2017-01-13,8941,24.0
2017-01-16,8941,24.87
2017-01-17,8941,23.96
2017-01-18,8941,24.11
2017-01-19,8941,24.29
2017-01-20,8941,24.07
2017-01-23,8941,24.04
2017-01-24,8941,24.04
2017-01-03,8942,38.39
2017-01-04,8942,38.25
2017-01-05,8942,38.64
2017-01-06,8942,37.91
2017-01-09,8942,37.43
2017-01-10,8942,37.86
2017-01-11,8942,37.86
2017-01-12,8942,38.06
2017-01-13,8942,37.62
2017-01-16,8942,36.9
2017-01-17,8942,36.71
2017-01-18,8942,36.8
2017-01-19,8942,37.38
2017-01-20,8942,37.33
2017-01-23,8942,37.38
2017-01-24,8942,36.66
2017-01-03,8996,43.34
2017-01-04,8996,43.88
2017-01-05,8996,43.57
2017-01-06,8996,43.34
2017-01-09,8996,43.18
2017-01-10,8996,43.18
2017-01-11,8996,43.11
2017-01-12,8996,43.11
2017-01-13,8996,43.42
2017-01-16,8996,42.95
2017-01-17,8996,42.8
2017-01-18,8996,42.72
2017-01-19,8996,42.33
2017-01-20,8996,42.41
2017-01-23,8996,42.33
2017-01-24,8996,42.17
2017-01-03,9802,42.18
2017-01-04,9802,41.98
2017-01-05,9802,41.98
2017-01-06,9802,42.18
2017-01-09,9802,42.11
2017-01-10,9802,42.24
2017-01-11,9802,41.65
2017-01-12,9802,41.39
2017-01-13,9802,41.39
2017-01-16,9802,40.41
2017-01-17,9802,41.78
2017-01-18,9802,41.46
2017-01-19,9802,40.87
2017-01-20,9802,40.67
2017-01-23,9802,40.67
2017-01-24,9802,40.54
2017-01-03,9904,29.27
2017-01-04,9904,29.63
2017-01-05,9904,29.74
2017-01-06,9904,29.85
2017-01-09,9904,28.65
2017-01-10,9904,28.87
2017-01-11,9904,29.05
2017-01-12,9904,28.84
2017-01-13,9904,29.16
2017-01-16,9904,28.98
2017-01-17,9904,29.09
2017-01-18,9904,28.95
2017-01-19,9904,28.55
2017-01-20,9904,28.55
2017-01-23,9904,28.91
2017-01-24,9904,28.69
2017-01-03,9905,15.12
2017-01-04,9905,15.05
2017-01-05,9905,15.05
2017-01-06,9905,15.08
2017-01-09,9905,15.15
2017-01-10,9905,15.18
2017-01-11,9905,15.21
2017-01-12,9905,15.21
2017-01-13,9905,15.21
2017-01-16,9905,15.24
2017-01-17,9905,15.27
2017-01-18,9905,15.33
2017-01-19,9905,15.4
2017-01-20,9905,15.52
2017-01-23,9905,15.43
2017-01-24,9905,15.52
2017-01-03,9906,15.14
2017-01-04,9906,15.03
2017-01-05,9906,15.03
2017-01-06,9906,14.96
2017-01-09,9906,14.71
2017-01-10,9906,14.71
2017-01-11,9906,14.49
2017-01-12,9906,14.49
2017-01-13,9906,14.23
2017-01-16,9906,14.09
2017-01-17,9906,14.41
2017-01-18,9906,14.38
2017-01-19,9906,14.38
2017-01-20,9906,14.45
2017-01-23,9906,14.23
2017-01-24,9906,14.2
2017-01-03,9907,10.2
2017-01-04,9907,10.17
2017-01-05,9907,10.2
2017-01-06,9907,10.24
2017-01-09,9907,10.2
2017-01-10,9907,10.2
2017-01-11,9907,10.2
2017-01-12,9907,10.31
2017-01-13,9907,10.35
2017-01-16,9907,10.31
2017-01-17,9907,10.39
2017-01-18,9907,10.42
2017-01-19,9907,10.64
2017-01-20,9907,10.57
2017-01-23,9907,10.68
2017-01-24,9907,10.9
2017-01-03,9908,18.26
2017-01-04,9908,18.22
2017-01-05,9908,18.26
2017-01-06,9908,18.33
2017-01-09,9908,18.33
2017-01-10,9908,18.26
2017-01-11,9908,18.15
2017-01-12,9908,18.15
2017-01-13,9908,18.15
2017-01-16,9908,18.11
2017-01-17,9908,18.11
2017-01-18,9908,18.18
2017-01-19,9908,18.11
2017-01-20,9908,18.0
2017-01-23,9908,18.11
2017-01-24,9908,18.11
2017-01-03,9910,73.98
2017-01-04,9910,76.4
2017-01-05,9910,78.21
2017-01-06,9910,78.21
2017-01-09,9910,78.21
2017-01-10,9910,78.51
2017-01-11,9910,78.51
2017-01-12,9910,79.72
2017-01-13,9910,78.81
2017-01-16,9910,80.93
2017-01-17,9910,83.95
2017-01-18,9910,83.64
2017-01-19,9910,83.04
2017-01-20,9910,81.83
2017-01-23,9910,80.93
2017-01-24,9910,82.13
2017-01-03,9911,19.9
2017-01-04,9911,19.6
2017-01-05,9911,19.84
2017-01-06,9911,20.11
2017-01-09,9911,19.3
2017-01-10,9911,19.12
2017-01-11,9911,19.0
2017-01-12,9911,19.12
2017-01-13,9911,19.0
2017-01-16,9911,18.67
2017-01-17,9911,18.46
2017-01-18,9911,18.94
2017-01-19,9911,18.85
2017-01-20,9911,18.46
2017-01-23,9911,18.22
2017-01-24,9911,18.13
2017-01-03,9914,119.84
2017-01-04,9914,120.67
2017-01-05,9914,121.08
2017-01-06,9914,132.65
2017-01-09,9914,138.02
2017-01-10,9914,135.13
2017-01-11,9914,132.65
2017-01-12,9914,137.61
2017-01-13,9914,134.72
2017-01-16,9914,131.83
2017-01-17,9914,135.13
2017-01-18,9914,133.06
2017-01-19,9914,137.2
2017-01-20,9914,134.72
2017-01-23,9914,134.3
2017-01-24,9914,134.3
2017-01-03,9917,58.57
2017-01-04,9917,58.37
2017-01-05,9917,58.64
2017-01-06,9917,58.44
2017-01-09,9917,58.51
2017-01-10,9917,58.64
2017-01-11,9917,58.91
2017-01-12,9917,58.91
2017-01-13,9917,58.57
2017-01-16,9917,58.37
2017-01-17,9917,58.57
2017-01-18,9917,58.64
2017-01-19,9917,58.04
2017-01-20,9917,57.84
2017-01-23,9917,57.84
2017-01-24,9917,58.17
2017-01-03,9918,24.08
2017-01-04,9918,24.01
2017-01-05,9918,24.01
2017-01-06,9918,24.01
2017-01-09,9918,24.01
2017-01-10,9918,24.01
2017-01-18,9918,24.01
2017-01-19,9918,23.93
2017-01-20,9918,23.89
2017-01-23,9918,23.97
2017-01-24,9918,23.97
2017-01-03,9921,144.91
2017-01-04,9921,145.7
2017-01-05,9921,152.05
2017-01-06,9921,155.23
2017-01-09,9921,156.42
2017-01-10,9921,155.62
2017-01-11,9921,155.23
2017-01-12,9921,157.21
2017-01-13,9921,154.04
2017-01-16,9921,151.26
2017-01-17,9921,155.23
2017-01-18,9921,152.05
2017-01-19,9921,148.48
2017-01-20,9921,160.39
2017-01-23,9921,161.18
2017-01-24,9921,162.77
2017-01-03,9924,24.43
2017-01-04,9924,24.37
2017-01-05,9924,24.23
2017-01-06,9924,24.37
2017-01-09,9924,24.14
2017-01-10,9924,24.14
2017-01-11,9924,24.26
2017-01-12,9924,24.17
2017-01-13,9924,24.14
2017-01-16,9924,24.05
2017-01-17,9924,24.34
2017-01-18,9924,25.26
2017-01-19,9924,24.95
2017-01-20,9924,24.86
2017-01-23,9924,24.77
2017-01-24,9924,24.72
2017-01-03,9925,27.48
2017-01-04,9925,27.45
2017-01-05,9925,27.45
2017-01-06,9925,27.38
2017-01-09,9925,27.42
2017-01-10,9925,27.28
2017-01-11,9925,27.31
2017-01-12,9925,27.31
2017-01-13,9925,27.38
2017-01-16,9925,27.21
2017-01-17,9925,27.31
2017-01-18,9925,27.28
2017-01-19,9925,27.24
2017-01-20,9925,27.24
2017-01-23,9925,27.24
2017-01-24,9925,27.42
2017-01-03,9926,30.41
2017-01-04,9926,30.41
2017-01-06,9926,30.52
2017-01-10,9926,30.41
2017-01-11,9926,30.41
2017-01-12,9926,30.38
2017-01-16,9926,30.52
2017-01-17,9926,30.52
2017-01-18,9926,30.82
2017-01-19,9926,30.74
2017-01-20,9926,30.49
2017-01-23,9926,30.49
2017-01-03,9927,24.62
2017-01-04,9927,25.19
2017-01-05,9927,25.23
2017-01-06,9927,24.98
2017-01-09,9927,24.91
2017-01-10,9927,25.12
2017-01-11,9927,25.52
2017-01-12,9927,25.27
2017-01-13,9927,25.34
2017-01-16,9927,25.59
2017-01-17,9927,25.7
2017-01-18,9927,25.63
2017-01-19,9927,25.55
2017-01-20,9927,25.59
2017-01-23,9927,25.8
2017-01-24,9927,25.84
2017-01-16,9928,19.73
2017-01-19,9928,17.77
2017-01-20,9928,18.12
2017-01-23,9928,18.35
2017-01-24,9928,19.13
2017-01-03,9929,12.12
2017-01-04,9929,12.18
2017-01-05,9929,12.56
2017-01-06,9929,12.5
2017-01-09,9929,12.22
2017-01-10,9929,12.45
2017-01-11,9929,12.45
2017-01-13,9929,12.12
2017-01-16,9929,12.45
2017-01-18,9929,12.34
2017-01-19,9929,12.34
2017-01-20,9929,12.28
2017-01-23,9929,12.12
2017-01-24,9929,12.39
2017-01-03,9930,34.25
2017-01-04,9930,34.25
2017-01-05,9930,34.51
2017-01-06,9930,34.38
2017-01-09,9930,34.25
2017-01-10,9930,34.31
2017-01-11,9930,34.05
2017-01-12,9930,34.12
2017-01-13,9930,34.05
2017-01-16,9930,34.05
2017-01-17,9930,34.05
2017-01-18,9930,34.44
2017-01-19,9930,34.25
2017-01-20,9930,34.44
2017-01-23,9930,34.25
2017-01-24,9930,34.31
2017-01-05,9931,20.21
2017-01-06,9931,19.99
2017-01-12,9931,19.92
2017-01-13,9931,20.08
2017-01-18,9931,20.18
2017-01-20,9931,19.99
2017-01-23,9931,20.24
2017-01-24,9931,20.08
2017-01-03,9933,32.39
2017-01-04,9933,32.36
2017-01-05,9933,32.19
2017-01-06,9933,32.45
2017-01-09,9933,32.06
2017-01-10,9933,32.75
2017-01-11,9933,32.02
2017-01-12,9933,32.26
2017-01-13,9933,31.99
2017-01-16,9933,31.66
2017-01-17,9933,31.79
2017-01-18,9933,32.02
2017-01-19,9933,31.79
2017-01-20,9933,31.79
2017-01-23,9933,31.79
2017-01-24,9933,32.32
2017-01-03,9934,11.17
2017-01-04,9934,11.27
2017-01-05,9934,11.27
2017-01-06,9934,11.14
2017-01-09,9934,11.27
2017-01-10,9934,10.94
2017-01-11,9934,10.84
2017-01-12,9934,10.87
2017-01-13,9934,10.94
2017-01-16,9934,10.73
2017-01-17,9934,10.8
2017-01-18,9934,10.94
2017-01-19,9934,10.9
2017-01-20,9934,10.87
2017-01-23,9934,10.94
2017-01-24,9934,10.84
2017-01-03,9937,29.07
2017-01-04,9937,29.0
2017-01-05,9937,29.22
2017-01-06,9937,29.18
2017-01-09,9937,29.18
2017-01-10,9937,29.0
2017-01-11,9937,28.82
2017-01-12,9937,29.11
2017-01-13,9937,28.82
2017-01-16,9937,28.49
2017-01-17,9937,28.38
2017-01-18,9937,28.89
2017-01-19,9937,28.38
2017-01-20,9937,28.23
2017-01-23,9937,28.09
2017-01-24,9937,28.05
2017-01-03,9938,74.01
2017-01-04,9938,75.18
2017-01-05,9938,74.63
2017-01-06,9938,74.94
2017-01-09,9938,73.32
2017-01-10,9938,73.24
2017-01-11,9938,72.77
2017-01-12,9938,73.08
2017-01-13,9938,71.84
2017-01-16,9938,73.32
2017-01-17,9938,74.79
2017-01-18,9938,74.56
2017-01-19,9938,74.01
2017-01-20,9938,73.63
2017-01-23,9938,73.63
2017-01-24,9938,73.86
2017-01-03,9939,36.43
2017-01-04,9939,36.71
2017-01-05,9939,36.98
2017-01-06,9939,37.25
2017-01-09,9939,36.84
2017-01-10,9939,37.19
2017-01-11,9939,37.6
2017-01-12,9939,37.39
2017-01-13,9939,37.05
2017-01-16,9939,36.36
2017-01-17,9939,36.43
2017-01-18,9939,36.64
2017-01-19,9939,36.5
2017-01-20,9939,36.29
2017-01-23,9939,36.29
2017-01-24,9939,36.64
2017-01-03,9940,17.28
2017-01-04,9940,17.28
2017-01-05,9940,17.33
2017-01-06,9940,17.28
2017-01-09,9940,17.31
2017-01-10,9940,17.31
2017-01-11,9940,17.71
2017-01-12,9940,17.74
2017-01-13,9940,17.55
2017-01-16,9940,17.12
2017-01-17,9940,17.17
2017-01-18,9940,17.41
2017-01-19,9940,17.2
2017-01-20,9940,17.23
2017-01-23,9940,17.15
2017-01-24,9940,17.33
2017-01-03,9941,31.58
2017-01-04,9941,31.71
2017-01-05,9941,32.08
2017-01-06,9941,31.87
2017-01-09,9941,31.91
2017-01-10,9941,32.36
2017-01-11,9941,32.44
2017-01-12,9941,32.49
2017-01-13,9941,32.36
2017-01-16,9941,32.03
2017-01-17,9941,32.44
2017-01-18,9941,32.61
2017-01-19,9941,33.35
2017-01-20,9941,33.26
2017-01-23,9941,33.18
2017-01-24,9941,33.59
2017-01-03,9942,54.71
2017-01-04,9942,54.38
2017-01-05,9942,53.99
2017-01-06,9942,54.97
2017-01-09,9942,55.24
2017-01-10,9942,55.04
2017-01-11,9942,54.84
2017-01-12,9942,54.84
2017-01-13,9942,54.78
2017-01-16,9942,54.32
2017-01-17,9942,54.38
2017-01-18,9942,54.25
2017-01-19,9942,53.79
2017-01-20,9942,53.99
2017-01-23,9942,53.85
2017-01-24,9942,54.05
2017-01-03,9943,35.95
2017-01-04,9943,36.02
2017-01-05,9943,35.95
2017-01-06,9943,35.81
2017-01-09,9943,35.95
2017-01-10,9943,35.81
2017-01-11,9943,35.95
2017-01-12,9943,35.81
2017-01-13,9943,35.67
2017-01-16,9943,35.88
2017-01-17,9943,35.67
2017-01-18,9943,35.74
2017-01-19,9943,35.67
2017-01-20,9943,35.53
2017-01-23,9943,35.95
2017-01-24,9943,35.88
2017-01-03,9944,17.27
2017-01-04,9944,17.1
2017-01-05,9944,17.27
2017-01-06,9944,17.1
2017-01-09,9944,17.19
2017-01-10,9944,17.02
2017-01-11,9944,17.02
2017-01-12,9944,17.02
2017-01-13,9944,17.06
2017-01-16,9944,17.06
2017-01-17,9944,17.02
2017-01-18,9944,17.27
2017-01-19,9944,17.14
2017-01-20,9944,16.94
2017-01-23,9944,16.94
2017-01-24,9944,16.94
2017-01-03,9945,15.54
2017-01-04,9945,15.58
2017-01-05,9945,15.6
2017-01-06,9945,15.69
2017-01-09,9945,15.86
2017-01-10,9945,15.9
2017-01-11,9945,15.98
2017-01-12,9945,16.07
2017-01-13,9945,16.03
2017-01-16,9945,15.77
2017-01-17,9945,15.81
2017-01-18,9945,15.75
2017-01-19,9945,15.77
2017-01-20,9945,15.9
2017-01-23,9945,16.09
2017-01-24,9945,16.09
2017-01-03,9949,11.2
2017-01-04,9949,11.25
2017-01-05,9949,11.3
2017-01-06,9949,11.4
2017-01-09,9949,11.4
2017-01-11,9949,11.4
2017-01-12,9949,11.45
2017-01-13,9949,11.15
2017-01-16,9949,11.15
2017-01-17,9949,11.15
2017-01-18,9949,11.15
2017-01-20,9949,11.15
2017-01-23,9949,11.2
2017-01-24,9949,11.35
2017-01-03,9950,14.2
2017-01-04,9950,13.87
2017-01-05,9950,13.96
2017-01-06,9950,14.06
2017-01-09,9950,14.15
2017-01-11,9950,13.96
2017-01-12,9950,13.87
2017-01-13,9950,13.82
2017-01-16,9950,14.1
2017-01-17,9950,14.44
2017-01-18,9950,14.44
2017-01-20,9950,14.39
2017-01-23,9950,14.77
2017-01-24,9950,14.77
2017-01-03,9951,129.57
2017-01-04,9951,130.95
2017-01-05,9951,130.26
2017-01-06,9951,128.88
2017-01-09,9951,130.6
2017-01-10,9951,130.95
2017-01-11,9951,129.22
2017-01-12,9951,129.57
2017-01-13,9951,130.6
2017-01-16,9951,127.85
2017-01-17,9951,127.16
2017-01-18,9951,126.12
2017-01-19,9951,127.5
2017-01-20,9951,126.81
2017-01-23,9951,126.12
2017-01-24,9951,126.12
2017-01-03,9955,15.9
2017-01-04,9955,15.9
2017-01-05,9955,16.1
2017-01-06,9955,16.3
2017-01-09,9955,16.25
2017-01-10,9955,16.25
2017-01-11,9955,16.1
2017-01-12,9955,16.55
2017-01-13,9955,16.4
2017-01-16,9955,16.25
2017-01-17,9955,16.3
2017-01-18,9955,16.55
2017-01-19,9955,16.5
2017-01-20,9955,16.6
2017-01-23,9955,16.45
2017-01-24,9955,16.5
2017-01-03,9960,28.85
2017-01-04,9960,28.78
2017-01-05,9960,27.88
2017-01-06,9960,28.66
2017-01-09,9960,28.63
2017-01-10,9960,28.92
2017-01-11,9960,28.96
2017-01-12,9960,29.74
2017-01-13,9960,29.82
2017-01-16,9960,30.08
2017-01-17,9960,29.93
2017-01-18,9960,29.82
2017-01-19,9960,29.37
2017-01-20,9960,28.03
2017-01-23,9960,26.66
2017-01-24,9960,24.72
