date,stock_id,market_value
2005-01-03,2611,1373678309.0
2005-01-04,2611,1404721832.0
2005-01-05,2611,1350395573.0
2005-01-06,2611,1342634679.0
2005-01-07,2611,1342634679.0
2005-01-10,2611,1334873785.0
2005-01-11,2611,1334873785.0
2005-01-12,2611,1319351997.0
2005-01-13,2611,1327112891.0
2005-01-14,2611,1327112891.0
2005-01-17,2611,1342634679.0
2005-01-18,2611,1311591103.0
2005-01-19,2611,1319351997.0
2005-01-20,2611,1311591103.0
2005-01-21,2611,1303830209.0
2005-01-24,2611,1280547527.0
2005-01-25,2611,1272786632.0
2005-01-26,2611,1272786632.0
2005-01-27,2611,1280547527.0
2005-01-28,2611,1296069315.0
2005-01-31,2611,1272786632.0
2005-02-01,2611,1280547527.0
2005-02-02,2611,1272786632.0
2005-02-03,2611,1288308421.0
2005-02-14,2611,1288308421.0
2005-02-15,2611,1257264844.0
2005-02-16,2611,1257264844.0
2005-02-17,2611,1257264844.0
2005-02-18,2611,1288308421.0
2005-02-21,2611,1319351997.0
2005-02-22,2611,1311591103.0
2005-02-23,2611,1288308421.0
2005-02-24,2611,1280547527.0
2005-02-25,2611,1280547527.0
2005-03-01,2611,1311591103.0
2005-03-02,2611,1303830209.0
2005-03-03,2611,1334873785.0
2005-03-04,2611,1334873785.0
2005-03-07,2611,1334873785.0
2005-03-08,2611,1288308421.0
2005-03-09,2611,1303830209.0
2005-03-10,2611,1296069315.0
2005-03-11,2611,1288308421.0
2005-03-14,2611,1272786632.0
2005-03-15,2611,1257264844.0
2005-03-16,2611,1269682275.0
2005-03-17,2611,1226221268.0
2005-03-18,2611,1226221268.0
2005-03-21,2611,1218460374.0
2005-03-22,2611,1210699480.0
2005-03-23,2611,1202938586.0
2005-03-24,2611,1179655903.0
2005-03-25,2611,1184312440.0
2005-03-28,2611,1210699480.0
2005-03-29,2611,1218460374.0
2005-03-30,2611,1233982162.0
2005-03-31,2611,1241743056.0
2005-04-01,2611,1233982162.0
2005-04-04,2611,1249503950.0
2005-04-06,2611,1249503950.0
2005-04-07,2611,1240190877.0
2005-04-08,2611,1237086520.0
2005-04-11,2611,1224669089.0
2005-04-12,2611,1223116910.0
2005-04-13,2611,1226221268.0
2005-04-14,2611,1210699480.0
2005-04-15,2611,1207595122.0
2005-04-18,2611,1202938586.0
2005-04-19,2611,1201386407.0
2005-04-20,2611,1171895009.0
2005-04-21,2611,1171895009.0
2005-04-22,2611,1171895009.0
2005-04-25,2611,1179655903.0
2005-04-26,2611,1185864618.0
2005-04-27,2611,1192073334.0
2005-04-28,2611,1227773447.0
2005-04-29,2611,1233982162.0
2005-05-03,2611,1249503950.0
2005-05-04,2611,1263473559.0
2005-05-05,2611,1265025738.0
2005-05-06,2611,1269682275.0
2005-05-09,2611,1272786632.0
2005-05-10,2611,1272786632.0
2005-05-11,2611,1288308421.0
2005-05-12,2611,1292964957.0
2005-05-13,2611,1294517136.0
2005-05-16,2611,1278995348.0
2005-05-17,2611,1285204063.0
2005-05-18,2611,1285204063.0
2005-05-19,2611,1285204063.0
2005-05-20,2611,1288308421.0
2005-05-23,2611,1282099705.0
2005-05-24,2611,1286756242.0
2005-05-25,2611,1288308421.0
2005-05-26,2611,1288308421.0
2005-05-27,2611,1288308421.0
2005-05-30,2611,1288308421.0
2005-05-31,2611,1288308421.0
2005-06-01,2611,1288308421.0
2005-06-02,2611,1272786632.0
2005-06-03,2611,1280547527.0
2005-06-06,2611,1268130096.0
2005-06-07,2611,1268130096.0
2005-06-08,2611,1271234454.0
2005-06-09,2611,1272786632.0
2005-06-10,2611,1278995348.0
2005-06-13,2611,1272786632.0
2005-06-14,2611,1359708646.0
2005-06-15,2611,1350395573.0
2005-06-16,2611,1347291216.0
2005-06-17,2611,1347291216.0
2005-06-20,2611,1358156468.0
2005-06-21,2611,1353499931.0
2005-06-22,2611,1420243620.0
2005-06-23,2611,1465256806.0
2005-06-24,2611,1452839376.0
2005-06-27,2611,1451287197.0
2005-06-28,2611,1451287197.0
2005-06-29,2611,1445078481.0
2005-06-30,2611,1404721832.0
2005-07-01,2611,1423347978.0
2005-07-04,2611,1432661051.0
2005-07-05,2611,1401617474.0
2005-07-06,2611,1407826190.0
2005-07-07,2611,1381439150.0
2005-07-08,2611,1379886971.0
2005-07-11,2611,1395408759.0
2005-07-12,2611,1390752223.0
2005-07-13,2611,1404721832.0
2005-07-14,2611,1392304402.0
2005-07-15,2611,1381439150.0
2005-07-19,2611,1381439150.0
2005-07-20,2611,1365917362.0
2005-07-21,2611,1342634679.0
2005-07-22,2611,1319351997.0
2005-07-25,2611,1348843395.0
2005-07-26,2611,1350395573.0
2005-07-27,2611,1347291216.0
2005-07-28,2611,1345739037.0
2005-07-29,2611,1334873785.0
2005-08-01,2611,1334873785.0
2005-08-02,2611,1350395573.0
2005-08-03,2611,1350395573.0
2005-08-04,2611,1347291216.0
2005-08-08,2611,1351947752.0
2005-08-09,2611,1364365183.0
2005-08-10,2611,1362813004.0
2005-08-11,2611,1348843395.0
2005-08-12,2611,1348843395.0
2005-08-15,2611,1361260825.0
2005-08-16,2611,1361260825.0
2005-08-17,2611,1361260825.0
2005-08-18,2611,1344186858.0
2005-08-19,2611,1347291216.0
2005-08-22,2611,1347291216.0
2005-08-23,2611,1334873785.0
2005-08-24,2611,1331769428.0
2005-08-25,2611,1319351997.0
2005-08-26,2611,1283651884.0
2005-08-29,2611,1294517136.0
2005-08-30,2611,1288308421.0
2005-08-31,2611,1282099705.0
2005-09-02,2611,1272786632.0
2005-09-05,2611,1265025738.0
2005-09-06,2611,1265025738.0
2005-09-07,2611,1265025738.0
2005-09-08,2611,1271234454.0
2005-09-09,2611,1260369202.0
2005-09-12,2611,1260369202.0
2005-09-13,2611,1249503950.0
2005-09-14,2611,1241743056.0
2005-09-15,2611,1210699480.0
2005-09-16,2611,1207595122.0
2005-09-19,2611,1209147301.0
2005-09-20,2611,1226221268.0
2005-09-21,2611,1224669089.0
2005-09-22,2611,1196729870.0
2005-09-23,2611,1198282049.0
2005-09-26,2611,1195177691.0
2005-09-27,2611,1193625513.0
2005-09-28,2611,1171895009.0
2005-09-29,2611,1171895009.0
2005-09-30,2611,1176551546.0
2005-10-03,2611,1176551546.0
2005-10-04,2611,1174999367.0
2005-10-05,2611,1176551546.0
2005-10-06,2611,1187416797.0
2005-10-07,2611,1185864618.0
2005-10-11,2611,1179655903.0
2005-10-12,2611,1168790651.0
2005-10-13,2611,1165686294.0
2005-10-14,2611,1164134115.0
2005-10-17,2611,1161029757.0
2005-10-18,2611,1147060148.0
2005-10-19,2611,1147060148.0
2005-10-20,2611,1150164506.0
2005-10-21,2611,1150164506.0
2005-10-24,2611,1178103724.0
2005-10-25,2611,1179655903.0
2005-10-26,2611,1187416797.0
2005-10-27,2611,1187416797.0
2005-10-28,2611,1185864618.0
2005-10-31,2611,1179655903.0
2005-11-01,2611,1179655903.0
2005-11-02,2611,1153268863.0
2005-11-03,2611,1150164506.0
2005-11-04,2611,1156373221.0
2005-11-07,2611,1162581936.0
2005-11-08,2611,1162581936.0
2005-11-09,2611,1162581936.0
2005-11-10,2611,1162581936.0
2005-11-11,2611,1151716684.0
2005-11-14,2611,1161029757.0
2005-11-15,2611,1164134115.0
2005-11-16,2611,1156373221.0
2005-11-17,2611,1154821042.0
2005-11-18,2611,1154821042.0
2005-11-21,2611,1162581936.0
2005-11-22,2611,1162581936.0
2005-11-23,2611,1157925400.0
2005-11-24,2611,1153268863.0
2005-11-25,2611,1162581936.0
2005-11-28,2611,1162581936.0
2005-11-29,2611,1202938586.0
2005-11-30,2611,1233982162.0
2005-12-01,2611,1210699480.0
2005-12-02,2611,1210699480.0
2005-12-05,2611,1218460374.0
2005-12-06,2611,1238638698.0
2005-12-07,2611,1257264844.0
2005-12-08,2611,1241743056.0
2005-12-09,2611,1265025738.0
2005-12-12,2611,1271234454.0
2005-12-13,2611,1265025738.0
2005-12-14,2611,1261921381.0
2005-12-15,2611,1261921381.0
2005-12-16,2611,1269682275.0
2005-12-19,2611,1288308421.0
2005-12-20,2611,1280547527.0
2005-12-21,2611,1286756242.0
2005-12-22,2611,1283651884.0
2005-12-23,2611,1282099705.0
2005-12-26,2611,1288308421.0
2005-12-27,2611,1286756242.0
2005-12-28,2611,1282099705.0
2005-12-29,2611,1274338811.0
2005-12-30,2611,1277443169.0
2006-01-02,2611,1272786632.0
2006-01-03,2611,1285204063.0
2006-01-04,2611,1286756242.0
2006-01-05,2611,1286756242.0
2006-01-06,2611,1275890990.0
2006-01-09,2611,1271234454.0
2006-01-10,2611,1269682275.0
2006-01-11,2611,1265025738.0
2006-01-12,2611,1260369202.0
2006-01-13,2611,1255712665.0
2006-01-16,2611,1260369202.0
2006-01-17,2611,1257264844.0
2006-01-18,2611,1254160487.0
2006-01-19,2611,1269682275.0
2006-01-20,2611,1271234454.0
2006-01-23,2611,1255712665.0
2006-01-24,2611,1241743056.0
2006-01-25,2611,1319351997.0
2006-02-03,2611,1345739037.0
2006-02-06,2611,1350395573.0
2006-02-07,2611,1350395573.0
2006-02-08,2611,1347291216.0
2006-02-09,2611,1347291216.0
2006-02-10,2611,1350395573.0
2006-02-13,2611,1347291216.0
2006-02-14,2611,1348843395.0
2006-02-15,2611,1345739037.0
2006-02-16,2611,1344186858.0
2006-02-17,2611,1337978143.0
2006-02-20,2611,1325560712.0
2006-02-21,2611,1319351997.0
2006-02-22,2611,1325560712.0
2006-02-23,2611,1319351997.0
2006-02-24,2611,1317799818.0
2006-02-27,2611,1314695461.0
2006-03-01,2611,1314695461.0
2006-03-02,2611,1313143282.0
2006-03-03,2611,1313143282.0
2006-03-06,2611,1311591103.0
2006-03-07,2611,1310038924.0
2006-03-08,2611,1310038924.0
2006-03-09,2611,1317799818.0
2006-03-10,2611,1311591103.0
2006-03-13,2611,1314695461.0
2006-03-14,2611,1306934566.0
2006-03-15,2611,1274338811.0
2006-03-16,2611,1266577917.0
2006-03-17,2611,1263473559.0
2006-03-20,2611,1263473559.0
2006-03-21,2611,1271234454.0
2006-03-22,2611,1277443169.0
2006-03-23,2611,1272786632.0
2006-03-24,2611,1280547527.0
2006-03-27,2611,1302278030.0
2006-03-28,2611,1294517136.0
2006-03-29,2611,1288308421.0
2006-03-30,2611,1288308421.0
2006-03-31,2611,1288308421.0
2006-04-03,2611,1288308421.0
2006-04-04,2611,1286756242.0
2006-04-06,2611,1286756242.0
2006-04-07,2611,1286756242.0
2006-04-10,2611,1303830209.0
2006-04-11,2611,1303830209.0
2006-04-12,2611,1303830209.0
2006-04-13,2611,1316247639.0
2006-04-14,2611,1316247639.0
2006-04-17,2611,1339530322.0
2006-04-18,2611,1355052110.0
2006-04-19,2611,1350395573.0
2006-04-20,2611,1345739037.0
2006-04-21,2611,1347291216.0
2006-04-24,2611,1345739037.0
2006-04-25,2611,1432661051.0
2006-04-26,2611,1421795799.0
2006-04-27,2611,1418691441.0
2006-04-28,2611,1451287197.0
2006-05-02,2611,1552178820.0
2006-05-03,2611,1660831337.0
2006-05-04,2611,1769483855.0
2006-05-05,2611,1885897266.0
2006-05-08,2611,2017832466.0
2006-05-09,2611,2157528560.0
2006-05-10,2611,2157528560.0
2006-05-11,2611,2010071572.0
2006-05-12,2611,2048876042.0
2006-05-15,2611,2048876042.0
2006-05-16,2611,2002310678.0
2006-05-17,2611,1870375478.0
2006-05-18,2611,1947984419.0
2006-05-19,2611,1924701737.0
2006-05-22,2611,1816049219.0
2006-05-23,2611,1940223525.0
2006-05-24,2611,1916940843.0
2006-05-25,2611,2048876042.0
2006-05-26,2611,2110963195.0
2006-05-29,2611,2258420183.0
2006-05-30,2611,2103202301.0
2006-06-01,2611,2118724089.0
2006-06-02,2611,2266181077.0
2006-06-05,2611,2110963195.0
2006-06-06,2611,2103202301.0
2006-06-07,2611,2017832466.0
2006-06-08,2611,1878136372.0
2006-06-09,2611,1909179949.0
2006-06-12,2611,1955745313.0
2006-06-13,2611,1955745313.0
2006-06-14,2611,2087680513.0
2006-06-15,2611,2103202301.0
2006-06-16,2611,2173050348.0
2006-06-19,2611,2320507336.0
2006-06-20,2611,2297224654.0
2006-06-21,2611,2142006772.0
2006-06-22,2611,2211854819.0
2006-06-23,2611,2359311806.0
2006-06-26,2611,2359311806.0
2006-06-27,2611,2351550912.0
2006-06-28,2611,2351550912.0
2006-06-29,2611,2421398959.0
2006-06-30,2611,2281702865.0
2006-07-03,2611,2297224654.0
2006-07-04,2611,2297224654.0
2006-07-05,2611,2242898395.0
2006-07-06,2611,2250659289.0
2006-07-07,2611,2204093924.0
2006-07-10,2611,2235137501.0
2006-07-11,2611,2188572136.0
2006-07-12,2611,2142006772.0
2006-07-13,2611,2118724089.0
2006-07-14,2611,2103202301.0
2006-07-17,2611,1963506207.0
2006-07-18,2611,1979027996.0
2006-07-19,2611,1994549784.0
2006-07-20,2611,2017832466.0
2006-07-21,2611,2025593360.0
2006-07-24,2611,1955745313.0
2006-07-25,2611,2033354254.0
2006-07-26,2611,1986788890.0
2006-07-27,2611,2025593360.0
2006-07-28,2611,2033354254.0
2006-07-31,2611,1940223525.0
2006-08-01,2611,2072158725.0
2006-08-02,2611,2134245878.0
2006-08-03,2611,2118724089.0
2006-08-04,2611,2126484983.0
2006-08-07,2611,2041115148.0
2006-08-08,2611,2041115148.0
2006-08-09,2611,2033354254.0
2006-08-10,2611,1994549784.0
2006-08-11,2611,1955745313.0
2006-08-14,2611,1947984419.0
2006-08-15,2611,1986788890.0
2006-08-16,2611,2002310678.0
2006-08-17,2611,2033354254.0
2006-08-18,2611,2064397831.0
2006-08-21,2611,1955745313.0
2006-08-22,2611,1986788890.0
2006-08-23,2611,1955745313.0
2006-08-24,2611,1947984419.0
2006-08-25,2611,1909179949.0
2006-08-28,2611,1862614584.0
2006-08-29,2611,1878136372.0
2006-08-30,2611,1893658160.0
2006-08-31,2611,1901419055.0
2006-09-01,2611,1878136372.0
2006-09-04,2611,1924701737.0
2006-09-05,2611,1901419055.0
2006-09-06,2611,1885897266.0
2006-09-07,2611,1893658160.0
2006-09-08,2611,1878136372.0
2006-09-11,2611,1885897266.0
2006-09-12,2611,1847092796.0
2006-09-13,2611,1870375478.0
2006-09-14,2611,1761722961.0
2006-09-15,2611,1761722961.0
2006-09-18,2611,1800527431.0
2006-09-19,2611,1831571008.0
2006-09-20,2611,1854853690.0
2006-09-21,2611,1979027996.0
2006-09-22,2611,1847092796.0
2006-09-25,2611,1870375478.0
2006-09-26,2611,1831571008.0
2006-09-27,2611,1862614584.0
2006-09-28,2611,1792766537.0
2006-09-29,2611,1816049219.0
2006-10-02,2611,1878136372.0
2006-10-03,2611,1839331902.0
2006-10-04,2611,1839331902.0
2006-10-05,2611,1862614584.0
2006-10-11,2611,1924701737.0
2006-10-12,2611,1924701737.0
2006-10-13,2611,1955745313.0
2006-10-16,2611,2126484983.0
2006-10-17,2611,2157528560.0
2006-10-18,2611,2103202301.0
2006-10-19,2611,2048876042.0
2006-10-20,2611,1971267101.0
2006-10-23,2611,1971267101.0
2006-10-24,2611,1940223525.0
2006-10-25,2611,1963506207.0
2006-10-26,2611,1963506207.0
2006-10-27,2611,1932462631.0
2006-10-30,2611,1924701737.0
2006-10-31,2611,1940223525.0
2006-11-01,2611,1924701737.0
2006-11-02,2611,1932462631.0
2006-11-03,2611,1986788890.0
2006-11-06,2611,1955745313.0
2006-11-07,2611,1963506207.0
2006-11-08,2611,1979027996.0
2006-11-09,2611,1971267101.0
2006-11-10,2611,1971267101.0
2006-11-13,2611,2048876042.0
2006-11-14,2611,2002310678.0
2006-11-15,2611,2041115148.0
2006-11-16,2611,2002310678.0
2006-11-17,2611,2142006772.0
2006-11-20,2611,2204093924.0
2006-11-21,2611,2204093924.0
2006-11-22,2611,2250659289.0
2006-11-23,2611,2242898395.0
2006-11-24,2611,2304985548.0
2006-11-27,2611,2336029124.0
2006-11-28,2611,2343790018.0
2006-11-29,2611,2297224654.0
2006-11-30,2611,2336029124.0
2006-12-01,2611,2499007900.0
2006-12-04,2611,2669747570.0
2006-12-05,2611,2638703994.0
2006-12-06,2611,2762878300.0
2006-12-07,2611,2902574393.0
2006-12-08,2611,2949139758.0
2006-12-11,2611,3073314064.0
2006-12-12,2611,2925857076.0
2006-12-13,2611,2793921876.0
2006-12-14,2611,2747356511.0
2006-12-15,2611,2762878300.0
2006-12-18,2611,2793921876.0
2006-12-19,2611,2770639194.0
2006-12-20,2611,2770639194.0
2006-12-21,2611,2693030253.0
2006-12-22,2611,2716312935.0
2006-12-25,2611,2801682770.0
2006-12-26,2611,2832726347.0
2006-12-27,2611,2770639194.0
2006-12-28,2611,2747356511.0
2006-12-29,2611,2933617970.0
2007-01-02,2611,2863769923.0
2007-01-03,2611,2809443664.0
2007-01-04,2611,2731834723.0
2007-01-05,2611,2739595617.0
2007-01-08,2611,2700791147.0
2007-01-09,2611,2778400088.0
2007-01-10,2611,2685269359.0
2007-01-11,2611,2499007900.0
2007-01-12,2611,2506768794.0
2007-01-15,2611,2467964324.0
2007-01-16,2611,2506768794.0
2007-01-17,2611,2599899524.0
2007-01-18,2611,2607660418.0
2007-01-19,2611,2576616841.0
2007-01-22,2611,2537812371.0
2007-01-23,2611,2553334159.0
2007-01-24,2611,2553334159.0
2007-01-25,2611,2584377735.0
2007-01-26,2611,2568855947.0
2007-01-29,2611,2568855947.0
2007-01-30,2611,2623182206.0
2007-01-31,2611,2576616841.0
2007-02-01,2611,2755117406.0
2007-02-02,2611,2762878300.0
2007-02-05,2611,2949139758.0
2007-02-06,2611,2972422440.0
2007-02-07,2611,2856009029.0
2007-02-08,2611,2902574393.0
2007-02-09,2611,3104357640.0
2007-02-12,2611,3011226911.0
2007-02-13,2611,3166444793.0
2007-02-14,2611,3150923005.0
2007-02-26,2611,3104357640.0
2007-02-27,2611,3174205687.0
2007-03-01,2611,3306140887.0
2007-03-02,2611,3414793404.0
2007-03-05,2611,3150923005.0
2007-03-06,2611,3143162111.0
2007-03-07,2611,3150923005.0
2007-03-08,2611,3174205687.0
2007-03-09,2611,3127640322.0
2007-03-12,2611,3119879428.0
2007-03-13,2611,3150923005.0
2007-03-14,2611,3050031381.0
2007-03-15,2611,3073314064.0
2007-03-16,2611,3197488369.0
2007-03-19,2611,3150923005.0
2007-03-20,2611,3197488369.0
2007-03-21,2611,3205249263.0
2007-03-22,2611,3181966581.0
2007-03-23,2611,3150923005.0
2007-03-26,2611,3088835852.0
2007-03-27,2611,3088835852.0
2007-03-28,2611,3104357640.0
2007-03-29,2611,3127640322.0
2007-03-30,2611,3135401216.0
2007-04-02,2611,3135401216.0
2007-04-03,2611,3158683899.0
2007-04-04,2611,3158683899.0
2007-04-09,2611,3189727475.0
2007-04-10,2611,3282858204.0
2007-04-11,2611,3197488369.0
2007-04-12,2611,3197488369.0
2007-04-13,2611,3166444793.0
2007-04-16,2611,3228531946.0
2007-04-17,2611,3298379993.0
2007-04-18,2611,3267336416.0
2007-04-19,2611,3259575522.0
2007-04-20,2611,3228531946.0
2007-04-23,2611,3104357640.0
2007-04-24,2611,3104357640.0
2007-04-25,2611,3065553170.0
2007-04-26,2611,3050031381.0
2007-04-27,2611,3050031381.0
2007-04-30,2611,2840487241.0
2007-05-02,2611,2801682770.0
2007-05-03,2611,2770639194.0
2007-05-04,2611,2801682770.0
2007-05-07,2611,2980183334.0
2007-05-08,2611,2980183334.0
2007-05-09,2611,2980183334.0
2007-05-10,2611,2995705123.0
2007-05-11,2611,2972422440.0
2007-05-14,2611,2949139758.0
2007-05-15,2611,2995705123.0
2007-05-16,2611,3018987805.0
2007-05-17,2611,3026748699.0
2007-05-18,2611,3003466017.0
2007-05-21,2611,3011226911.0
2007-05-22,2611,3018987805.0
2007-05-23,2611,3018987805.0
2007-05-24,2611,2972422440.0
2007-05-25,2611,2964661546.0
2007-05-28,2611,2956900652.0
2007-05-29,2611,2980183334.0
2007-05-30,2611,2956900652.0
2007-05-31,2611,2956900652.0
2007-06-01,2611,2964661546.0
2007-06-04,2611,2933617970.0
2007-06-05,2611,2941378864.0
2007-06-06,2611,2956900652.0
2007-06-07,2611,2925857076.0
2007-06-08,2611,2925857076.0
2007-06-11,2611,2949139758.0
2007-06-12,2611,2949139758.0
2007-06-13,2611,2995705123.0
2007-06-14,2611,3011226911.0
2007-06-15,2611,3026748699.0
2007-06-20,2611,3073314064.0
2007-06-21,2611,3088835852.0
2007-06-22,2611,3127640322.0
2007-06-25,2611,3275097310.0
2007-06-26,2611,3267336416.0
2007-06-27,2611,3228531946.0
2007-06-28,2611,3259575522.0
2007-06-29,2611,3414793404.0
2007-07-02,2611,3647620227.0
2007-07-03,2611,3818359897.0
2007-07-04,2611,3678663803.0
2007-07-05,2611,3709707380.0
2007-07-06,2611,3686424698.0
2007-07-09,2611,3616576651.0
2007-07-10,2611,3632098439.0
2007-07-11,2611,3577772180.0
2007-07-12,2611,3655381121.0
2007-07-13,2611,3725229168.0
2007-07-16,2611,3818359897.0
2007-07-17,2611,3934773309.0
2007-07-18,2611,3802838109.0
2007-07-19,2611,3740750956.0
2007-07-20,2611,3725229168.0
2007-07-23,2611,3655381121.0
2007-07-24,2611,3655381121.0
2007-07-25,2611,3725229168.0
2007-07-26,2611,3647620227.0
2007-07-27,2611,3694185592.0
2007-07-30,2611,3709707380.0
2007-07-31,2611,3965816885.0
2007-08-01,2611,3810599003.0
2007-08-02,2611,3927012415.0
2007-08-03,2611,3880447050.0
2007-08-06,2611,3833881685.0
2007-08-07,2611,3616576651.0
2007-08-08,2611,3795077215.0
2007-08-09,2611,3484641451.0
2007-08-10,2611,3414793404.0
2007-08-13,2611,3492402345.0
2007-08-14,2611,3554489498.0
2007-08-15,2611,3484641451.0
2007-08-16,2611,3337184463.0
2007-08-17,2611,3313901781.0
2007-08-20,2611,3399271616.0
2007-08-21,2611,3399271616.0
2007-08-22,2611,3337184463.0
2007-08-23,2611,3337184463.0
2007-08-24,2611,3244053734.0
2007-08-27,2611,3337184463.0
2007-08-28,2611,3329423569.0
2007-08-29,2611,3259575522.0
2007-08-30,2611,3228531946.0
2007-08-31,2611,3267336416.0
2007-09-03,2611,3150923005.0
2007-09-04,2611,3042270487.0
2007-09-05,2611,2964661546.0
2007-09-06,2611,3026748699.0
2007-09-07,2611,3057792275.0
2007-09-10,2611,3104357640.0
2007-09-11,2611,3073314064.0
2007-09-12,2611,3224806698.0
2007-09-13,2611,3191900508.0
2007-09-14,2611,3241259794.0
2007-09-17,2611,3134314674.0
2007-09-19,2611,3134314674.0
2007-09-20,2611,3101408483.0
2007-09-21,2611,3167220865.0
2007-09-26,2611,3274165985.0
2007-09-27,2611,3265939437.0
2007-09-28,2611,3224806698.0
2007-10-01,2611,3372884557.0
2007-10-02,2611,3422243843.0
2007-10-03,2611,3356431462.0
2007-10-04,2611,3265939437.0
2007-10-05,2611,3265939437.0
2007-10-08,2611,3233033246.0
2007-10-09,2611,3076728840.0
2007-10-11,2611,3167220865.0
2007-10-12,2611,3150767769.0
2007-10-15,2611,3150767769.0
2007-10-16,2611,3142541221.0
2007-10-17,2611,3117861578.0
2007-10-18,2611,3043822649.0
2007-10-19,2611,3208353603.0
2007-10-22,2611,3126088126.0
2007-10-23,2611,3093181935.0
2007-10-24,2611,3117861578.0
2007-10-25,2611,3142541221.0
2007-10-26,2611,3158994317.0
2007-10-29,2611,3142541221.0
2007-10-30,2611,3142541221.0
2007-10-31,2611,3142541221.0
2007-11-01,2611,3126088126.0
2007-11-02,2611,3060275744.0
2007-11-05,2611,3035596101.0
2007-11-06,2611,3043822649.0
2007-11-07,2611,3010916458.0
2007-11-08,2611,3060275744.0
2007-11-09,2611,3060275744.0
2007-11-12,2611,3043822649.0
2007-11-13,2611,3076728840.0
2007-11-14,2611,3126088126.0
2007-11-15,2611,3126088126.0
2007-11-16,2611,3126088126.0
2007-11-19,2611,3142541221.0
2007-11-20,2611,3142541221.0
2007-11-21,2611,3142541221.0
2007-11-22,2611,3142541221.0
2007-11-23,2611,3134314674.0
2007-11-26,2611,3158994317.0
2007-11-27,2611,3150767769.0
2007-11-28,2611,3126088126.0
2007-11-29,2611,3117861578.0
2007-11-30,2611,3117861578.0
2007-12-03,2611,3109635031.0
2007-12-04,2611,3052049197.0
2007-12-05,2611,3043822649.0
2007-12-06,2611,3068502292.0
2007-12-07,2611,3093181935.0
2007-12-10,2611,3035596101.0
2007-12-11,2611,2978010267.0
2007-12-12,2611,2986236815.0
2007-12-13,2611,2969783720.0
2007-12-14,2611,2862838600.0
2007-12-17,2611,2698307646.0
2007-12-18,2611,2731213836.0
2007-12-19,2611,2871065147.0
2007-12-20,2611,2829932409.0
2007-12-21,2611,2829932409.0
2007-12-24,2611,2862838600.0
2007-12-25,2611,2805252766.0
2007-12-26,2611,2788799670.0
2007-12-27,2611,2788799670.0
2007-12-28,2611,2961557172.0
2007-12-31,2611,2945104077.0
2008-01-02,2611,2978010267.0
2008-01-03,2611,2912197886.0
2008-01-04,2611,2928650981.0
2008-01-07,2611,2945104077.0
2008-01-08,2611,2879291695.0
2008-01-09,2611,2862838600.0
2008-01-10,2611,2813479313.0
2008-01-11,2611,2871065147.0
2008-01-14,2611,3068502292.0
2008-01-15,2611,3126088126.0
2008-01-16,2611,3084955388.0
2008-01-17,2611,3043822649.0
2008-01-18,2611,3241259794.0
2008-01-21,2611,3241259794.0
2008-01-22,2611,3126088126.0
2008-01-23,2611,3043822649.0
2008-01-24,2611,3019143006.0
2008-01-25,2611,3010916458.0
2008-01-28,2611,2994463363.0
2008-01-29,2611,2986236815.0
2008-01-30,2611,2986236815.0
2008-01-31,2611,2953330624.0
2008-02-01,2611,3093181935.0
2008-02-12,2611,3109635031.0
2008-02-13,2611,3068502292.0
2008-02-14,2611,3060275744.0
2008-02-15,2611,3068502292.0
2008-02-18,2611,3068502292.0
2008-02-19,2611,3052049197.0
2008-02-20,2611,3052049197.0
2008-02-21,2611,3043822649.0
2008-02-22,2611,3043822649.0
2008-02-25,2611,3109635031.0
2008-02-26,2611,3093181935.0
2008-02-27,2611,3093181935.0
2008-02-29,2611,3307072175.0
2008-03-03,2611,3537415511.0
2008-03-04,2611,3570321702.0
2008-03-05,2611,3726626108.0
2008-03-06,2611,3701946465.0
2008-03-07,2611,3562095154.0
2008-03-10,2611,3520962416.0
2008-03-11,2611,3562095154.0
2008-03-12,2611,3520962416.0
2008-03-13,2611,3455150034.0
2008-03-14,2611,3389337652.0
2008-03-17,2611,3414017296.0
2008-03-18,2611,3537415511.0
2008-03-19,2611,3414017296.0
2008-03-20,2611,3438696939.0
2008-03-21,2611,3504509320.0
2008-03-24,2611,3743079204.0
2008-03-25,2611,3743079204.0
2008-03-26,2611,3701946465.0
2008-03-27,2611,3775985394.0
2008-03-28,2611,3833571228.0
2008-03-31,2611,3800665037.0
2008-04-01,2611,3636134083.0
2008-04-02,2611,3603227893.0
2008-04-03,2611,3553868606.0
2008-04-07,2611,3636134083.0
2008-04-08,2611,3611454440.0
2008-04-09,2611,3685493370.0
2008-04-10,2611,3718399560.0
2008-04-11,2611,3915836705.0
2008-04-14,2611,4187312779.0
2008-04-15,2611,4162633136.0
2008-04-16,2611,4088594207.0
2008-04-17,2611,4162633136.0
2008-04-18,2611,4137953493.0
2008-04-21,2611,4113273850.0
2008-04-22,2611,4063914564.0
2008-04-23,2611,4080367659.0
2008-04-24,2611,4080367659.0
2008-04-25,2611,4088594207.0
2008-04-28,2611,4080367659.0
2008-04-29,2611,3948742896.0
2008-04-30,2611,3899383610.0
2008-05-02,2611,3882930514.0
2008-05-05,2611,3874703967.0
2008-05-06,2611,3874703967.0
2008-05-07,2611,3866477419.0
2008-05-08,2611,3833571228.0
2008-05-09,2611,3915836705.0
2008-05-12,2611,3825344681.0
2008-05-13,2611,3833571228.0
2008-05-14,2611,3808891585.0
2008-05-15,2611,3874703967.0
2008-05-16,2611,3981649087.0
2008-05-19,2611,3981649087.0
2008-05-20,2611,3866477419.0
2008-05-21,2611,3882930514.0
2008-05-22,2611,3998102182.0
2008-05-23,2611,4022781825.0
2008-05-26,2611,3948742896.0
2008-05-27,2611,4072141112.0
2008-05-28,2611,4022781825.0
2008-05-29,2611,3981649087.0
2008-05-30,2611,3882930514.0
2008-06-02,2611,3866477419.0
2008-06-03,2611,3792438490.0
2008-06-04,2611,3825344681.0
2008-06-05,2611,3833571228.0
2008-06-06,2611,3899383610.0
2008-06-09,2611,3866477419.0
2008-06-10,2611,3866477419.0
2008-06-11,2611,3734852656.0
2008-06-12,2611,3537415511.0
2008-06-13,2611,3537415511.0
2008-06-16,2611,3553868606.0
2008-06-17,2611,3652587179.0
2008-06-18,2611,3652587179.0
2008-06-19,2611,3553868606.0
2008-06-20,2611,3479829677.0
2008-06-23,2611,3414017296.0
2008-06-24,2611,3200127055.0
2008-06-25,2611,3290619080.0
2008-06-26,2611,3290619080.0
2008-06-27,2611,3224806698.0
2008-06-30,2611,3191900508.0
2008-07-01,2611,3101408483.0
2008-07-02,2611,3158994317.0
2008-07-03,2611,3265939437.0
2008-07-04,2611,3142541221.0
2008-07-07,2611,3109635031.0
2008-07-08,2611,3060275744.0
2008-07-09,2611,2961557172.0
2008-07-10,2611,2961557172.0
2008-07-11,2611,2978010267.0
2008-07-14,2611,2961557172.0
2008-07-15,2611,2920424434.0
2008-07-16,2611,2871065147.0
2008-07-17,2611,2879291695.0
2008-07-18,2611,2879291695.0
2008-07-21,2611,2813479313.0
2008-07-22,2611,2879291695.0
2008-07-23,2611,2953330624.0
2008-07-24,2611,2945104077.0
2008-07-25,2611,2903971338.0
2008-07-29,2611,2879291695.0
2008-07-30,2611,2797026218.0
2008-07-31,2611,2780573123.0
2008-08-01,2611,2739440384.0
2008-08-04,2611,2739440384.0
2008-08-05,2611,2698307646.0
2008-08-06,2611,2706534193.0
2008-08-07,2611,2706534193.0
2008-08-08,2611,2648948359.0
2008-08-11,2611,2797026218.0
2008-08-12,2611,2862838600.0
2008-08-13,2611,2854612052.0
2008-08-14,2611,2895744790.0
2008-08-15,2611,2887518243.0
2008-08-18,2611,2879291695.0
2008-08-19,2611,2879291695.0
2008-08-20,2611,2879291695.0
2008-08-21,2611,2829932409.0
2008-08-22,2611,2788799670.0
2008-08-25,2611,2797026218.0
2008-08-26,2611,2813479313.0
2008-08-27,2611,2829932409.0
2008-08-28,2611,2829932409.0
2008-08-29,2611,2821705861.0
2008-09-01,2611,2722987289.0
2008-09-02,2611,2632495264.0
2008-09-03,2611,2632495264.0
2008-09-04,2611,2616042169.0
2008-09-05,2611,2616042169.0
2008-09-08,2611,2681854550.0
2008-09-09,2611,2616042169.0
2008-09-10,2611,2632495264.0
2008-09-11,2611,2599589073.0
2008-09-12,2611,2583135978.0
2008-09-15,2611,2410378476.0
2008-09-16,2611,2196488236.0
2008-09-17,2611,2196488236.0
2008-09-18,2611,2188261688.0
2008-09-19,2611,2303433356.0
2008-09-22,2611,2311659904.0
2008-09-23,2611,2295206808.0
2008-09-24,2611,2278753713.0
2008-09-25,2611,2278753713.0
2008-09-26,2611,2278753713.0
2008-09-30,2611,2270527165.0
2008-10-01,2611,2254074070.0
2008-10-02,2611,2221167879.0
2008-10-03,2611,2180035141.0
2008-10-06,2611,2163582045.0
2008-10-07,2611,2418605014.0
2008-10-08,2611,2358139889.0
2008-10-09,2611,2358139889.0
2008-10-13,2611,2280399013.0
2008-10-14,2611,2245847513.0
2008-10-15,2611,2237209638.0
2008-10-16,2611,2228571763.0
2008-10-17,2611,2211296013.0
2008-10-20,2611,2228571763.0
2008-10-21,2611,2211296013.0
2008-10-22,2611,2176744513.0
2008-10-23,2611,2107641512.0
2008-10-24,2611,2038538512.0
2008-10-27,2611,1900332511.0
2008-10-28,2611,1986711262.0
2008-10-29,2611,1986711262.0
2008-10-30,2611,2099003637.0
2008-10-31,2611,2142193012.0
2008-11-03,2611,2194020263.0
2008-11-04,2611,2176744513.0
2008-11-05,2611,2168106638.0
2008-11-06,2611,2142193012.0
2008-11-07,2611,2142193012.0
2008-11-10,2611,2081727887.0
2008-11-11,2611,2038538512.0
2008-11-12,2611,2012624887.0
2008-11-13,2611,1874418886.0
2008-11-14,2611,1891694636.0
2008-11-18,2611,1822591636.0
2008-11-19,2611,1874418886.0
2008-11-20,2611,1857143136.0
2008-11-21,2611,1874418886.0
2008-11-24,2611,1900332511.0
2008-11-25,2611,1883056761.0
2008-11-26,2611,1839867386.0
2008-11-27,2611,1960797636.0
2008-11-28,2611,1978073386.0
2008-12-01,2611,1960797636.0
2008-12-02,2611,2021262762.0
2008-12-03,2611,2021262762.0
2008-12-04,2611,2021262762.0
2008-12-05,2611,1934884011.0
2008-12-08,2611,1986711262.0
2008-12-09,2611,2012624887.0
2008-12-10,2611,2021262762.0
2008-12-11,2611,2124917262.0
2008-12-12,2611,2124917262.0
2008-12-15,2611,2090365762.0
2008-12-16,2611,2107641512.0
2008-12-17,2611,2107641512.0
2008-12-18,2611,2107641512.0
2008-12-19,2611,2090365762.0
2008-12-22,2611,2073090012.0
2008-12-23,2611,2064452137.0
2008-12-24,2611,2073090012.0
2008-12-25,2611,2064452137.0
2008-12-26,2611,2055814262.0
2008-12-29,2611,2038538512.0
2008-12-30,2611,2038538512.0
2008-12-31,2611,1995349137.0
2009-01-05,2611,1995349137.0
2009-01-06,2611,2038538512.0
2009-01-07,2611,2021262762.0
2009-01-08,2611,1978073386.0
2009-01-09,2611,1969435511.0
2009-01-12,2611,1978073386.0
2009-01-13,2611,1952159761.0
2009-01-14,2611,1917608261.0
2009-01-15,2611,1865781011.0
2009-01-16,2611,1995349137.0
2009-01-19,2611,1969435511.0
2009-01-20,2611,2099003637.0
2009-01-21,2611,2038538512.0
2009-02-02,2611,2029900637.0
2009-02-03,2611,2029900637.0
2009-02-04,2611,2029900637.0
2009-02-05,2611,1960797636.0
2009-02-06,2611,1986711262.0
2009-02-09,2611,1952159761.0
2009-02-10,2611,1943521886.0
2009-02-11,2611,1934884011.0
2009-02-12,2611,1926246136.0
2009-02-13,2611,1917608261.0
2009-02-16,2611,1934884011.0
2009-02-17,2611,1934884011.0
2009-02-18,2611,1943521886.0
2009-02-19,2611,1943521886.0
2009-02-20,2611,1934884011.0
2009-02-23,2611,1969435511.0
2009-02-24,2611,1952159761.0
2009-02-25,2611,1969435511.0
2009-02-26,2611,1969435511.0
2009-02-27,2611,1969435511.0
2009-03-02,2611,1952159761.0
2009-03-03,2611,1952159761.0
2009-03-04,2611,1952159761.0
2009-03-05,2611,1969435511.0
2009-03-06,2611,1960797636.0
2009-03-09,2611,1978073386.0
2009-03-10,2611,2003987012.0
2009-03-11,2611,2003987012.0
2009-03-12,2611,2047176387.0
2009-03-13,2611,2176744513.0
2009-03-16,2611,2323588388.0
2009-03-17,2611,2453156514.0
2009-03-18,2611,2349502014.0
2009-03-19,2611,2211296013.0
2009-03-20,2611,2289036888.0
2009-03-23,2611,2280399013.0
2009-03-24,2611,2297674763.0
2009-03-25,2611,2314950513.0
2009-03-26,2611,2306312638.0
2009-03-27,2611,2271761138.0
2009-03-30,2611,2280399013.0
2009-03-31,2611,2366777764.0
2009-04-01,2611,2392691389.0
2009-04-02,2611,2384053514.0
2009-04-03,2611,2418605014.0
2009-04-06,2611,2427242889.0
2009-04-07,2611,2435880764.0
2009-04-08,2611,2479070139.0
2009-04-09,2611,2651827640.0
2009-04-10,2611,2712292766.0
2009-04-13,2611,2841860891.0
2009-04-14,2611,2669103390.0
2009-04-15,2611,2608638265.0
2009-04-16,2611,2660465515.0
2009-04-17,2611,2591362515.0
2009-04-20,2611,2418605014.0
2009-04-21,2611,2548173140.0
2009-04-22,2611,2565448890.0
2009-04-23,2611,2513621640.0
2009-04-24,2611,2539535265.0
2009-04-27,2611,2401329264.0
2009-04-28,2611,2245847513.0
2009-04-29,2611,2211296013.0
2009-04-30,2611,2358139889.0
2009-05-04,2611,2461794389.0
2009-05-05,2611,2453156514.0
2009-05-06,2611,2539535265.0
2009-05-07,2611,2574086765.0
2009-05-08,2611,2548173140.0
2009-05-11,2611,2556811015.0
2009-05-12,2611,2504983765.0
2009-05-13,2611,2453156514.0
2009-05-14,2611,2453156514.0
2009-05-15,2611,2504983765.0
2009-05-18,2611,2625914015.0
2009-05-19,2611,2608638265.0
2009-05-20,2611,2591362515.0
2009-05-21,2611,2703654891.0
2009-05-22,2611,2720930641.0
2009-05-25,2611,2720930641.0
2009-05-26,2611,2591362515.0
2009-05-27,2611,2660465515.0
2009-06-01,2611,2669103390.0
2009-06-02,2611,2677741266.0
2009-06-03,2611,2591362515.0
2009-06-04,2611,2591362515.0
2009-06-05,2611,2530897390.0
2009-06-08,2611,2539535265.0
2009-06-09,2611,2504983765.0
2009-06-10,2611,2608638265.0
2009-06-11,2611,2608638265.0
2009-06-15,2611,2418605014.0
2009-06-16,2611,2384053514.0
2009-06-17,2611,2375415639.0
2009-06-18,2611,2384053514.0
2009-06-19,2611,2392691389.0
2009-06-22,2611,2392691389.0
2009-06-23,2611,2401329264.0
2009-06-24,2611,2470432264.0
2009-06-25,2611,2522259515.0
2009-06-26,2611,2522259515.0
2009-06-29,2611,2513621640.0
2009-06-30,2611,2513621640.0
2009-07-01,2611,2513621640.0
2009-07-02,2611,2530897390.0
2009-07-03,2611,2608638265.0
2009-07-06,2611,2608638265.0
2009-07-07,2611,2600000390.0
2009-07-08,2611,2634551890.0
2009-07-09,2611,2617276140.0
2009-07-10,2611,2565448890.0
2009-07-13,2611,2479070139.0
2009-07-14,2611,2496345889.0
2009-07-15,2611,2496345889.0
2009-07-16,2611,2479070139.0
2009-07-17,2611,2461794389.0
2009-07-20,2611,2496345889.0
2009-07-21,2611,2496345889.0
2009-07-22,2611,2479070139.0
2009-07-23,2611,2470432264.0
2009-07-24,2611,2427242889.0
2009-07-27,2611,2470432264.0
2009-07-28,2611,2504983765.0
2009-07-29,2611,2496345889.0
2009-07-30,2611,2487708014.0
2009-07-31,2611,2496345889.0
2009-08-03,2611,2496345889.0
2009-08-04,2611,2522259515.0
2009-08-05,2611,2487708014.0
2009-08-06,2611,2479070139.0
2009-08-10,2611,2470432264.0
2009-08-11,2611,2444518639.0
2009-08-12,2611,2470432264.0
2009-08-13,2611,2461794389.0
2009-08-14,2611,2470432264.0
2009-08-17,2611,2444518639.0
2009-08-18,2611,2409967139.0
2009-08-19,2611,2384053514.0
2009-08-20,2611,2401329264.0
2009-08-21,2611,2358139889.0
2009-08-24,2611,2375415639.0
2009-08-25,2611,2375415639.0
2009-08-26,2611,2314950513.0
2009-08-27,2611,2297674763.0
2009-08-28,2611,2297674763.0
2009-08-31,2611,2271761138.0
2009-09-01,2611,2228571763.0
2009-09-02,2611,2254485388.0
2009-09-03,2611,2254485388.0
2009-09-04,2611,2254485388.0
2009-09-07,2611,2280399013.0
2009-09-08,2611,2314950513.0
2009-09-09,2611,2280399013.0
2009-09-10,2611,2340864139.0
2009-09-11,2611,2384053514.0
2009-09-14,2611,2280399013.0
2009-09-15,2611,2245847513.0
2009-09-16,2611,2323588388.0
2009-09-17,2611,2306312638.0
2009-09-18,2611,2297674763.0
2009-09-21,2611,2245847513.0
2009-09-22,2611,2228571763.0
2009-09-23,2611,2219933888.0
2009-09-24,2611,2219933888.0
2009-09-25,2611,2263123263.0
2009-09-28,2611,2237209638.0
2009-09-29,2611,2237209638.0
2009-09-30,2611,2245847513.0
2009-10-01,2611,2211296013.0
2009-10-02,2611,2124917262.0
2009-10-05,2611,2168106638.0
2009-10-06,2611,2124917262.0
2009-10-07,2611,2142193012.0
2009-10-08,2611,2168106638.0
2009-10-09,2611,2168106638.0
2009-10-12,2611,2211296013.0
2009-10-13,2611,2159468763.0
2009-10-14,2611,2159468763.0
2009-10-15,2611,2202658138.0
2009-10-16,2611,2194020263.0
2009-10-19,2611,2176744513.0
2009-10-20,2611,2194020263.0
2009-10-21,2611,2303721275.0
2009-10-22,2611,2312791044.0
2009-10-23,2611,2312791044.0
2009-10-26,2611,2285581738.0
2009-10-27,2611,2258372431.0
2009-10-28,2611,2267442200.0
2009-10-29,2611,2267442200.0
2009-10-30,2611,2249302662.0
2009-11-02,2611,2203953818.0
2009-11-03,2611,2231163125.0
2009-11-04,2611,2267442200.0
2009-11-05,2611,2258372431.0
2009-11-06,2611,2267442200.0
2009-11-09,2611,2267442200.0
2009-11-10,2611,2249302662.0
2009-11-11,2611,2267442200.0
2009-11-12,2611,2340000350.0
2009-11-13,2611,2330930582.0
2009-11-16,2611,2358139888.0
2009-11-17,2611,2358139888.0
2009-11-18,2611,2448837576.0
2009-11-19,2611,2448837576.0
2009-11-20,2611,2466977114.0
2009-11-23,2611,2466977114.0
2009-11-24,2611,2476046882.0
2009-11-25,2611,2466977114.0
2009-11-26,2611,2430698038.0
2009-11-27,2611,2403488732.0
2009-11-30,2611,2539535264.0
2009-12-01,2611,2476046882.0
2009-12-02,2611,2476046882.0
2009-12-03,2611,2630232952.0
2009-12-04,2611,2657442258.0
2009-12-07,2611,2802558559.0
2009-12-08,2611,2793488790.0
2009-12-09,2611,2847907403.0
2009-12-10,2611,2711860871.0
2009-12-11,2611,2757209715.0
2009-12-14,2611,2684651565.0
2009-12-15,2611,2720930640.0
2009-12-16,2611,2648372490.0
2009-12-17,2611,2675581796.0
2009-12-18,2611,2739070178.0
2009-12-21,2611,2766279484.0
2009-12-22,2611,2702791102.0
2009-12-23,2611,2693721334.0
2009-12-24,2611,2630232952.0
2009-12-25,2611,2657442258.0
2009-12-28,2611,2593953877.0
2009-12-29,2611,2575814339.0
2009-12-30,2611,2548605033.0
2009-12-31,2611,2575814339.0
2010-01-04,2611,2621163183.0
2010-01-05,2611,2630232952.0
2010-01-06,2611,2630232952.0
2010-01-07,2611,2593953877.0
2010-01-08,2611,2621163183.0
2010-01-11,2611,2648372490.0
2010-01-12,2611,2657442258.0
2010-01-13,2611,2639302721.0
2010-01-14,2611,2621163183.0
2010-01-15,2611,2621163183.0
2010-01-18,2611,2621163183.0
2010-01-19,2611,2630232952.0
2010-01-20,2611,2666512027.0
2010-01-21,2611,2593953877.0
2010-01-22,2611,2521395726.0
2010-01-25,2611,2503256189.0
2010-01-26,2611,2376279426.0
2010-01-27,2611,2294651506.0
2010-01-28,2611,2367209657.0
2010-01-29,2611,2376279426.0
2010-02-01,2611,2394418963.0
2010-02-02,2611,2385349194.0
2010-02-03,2611,2376279426.0
2010-02-04,2611,2349070119.0
2010-02-05,2611,2249302662.0
2010-02-08,2611,2185814281.0
2010-02-09,2611,2176744512.0
2010-02-10,2611,2213023587.0
2010-02-22,2611,2213023587.0
2010-02-23,2611,2222093356.0
2010-02-24,2611,2213023587.0
2010-02-25,2611,2176744512.0
2010-02-26,2611,2158604974.0
2010-03-01,2611,2167674743.0
2010-03-02,2611,2203953818.0
2010-03-03,2611,2203953818.0
2010-03-04,2611,2176744512.0
2010-03-05,2611,2203953818.0
2010-03-08,2611,2176744512.0
2010-03-09,2611,2194884050.0
2010-03-10,2611,2340000350.0
2010-03-11,2611,2321860813.0
2010-03-12,2611,2276511969.0
2010-03-15,2611,2303721275.0
2010-03-16,2611,2340000350.0
2010-03-17,2611,2358139888.0
2010-03-18,2611,2349070119.0
2010-03-19,2611,2512325958.0
2010-03-22,2611,2684651565.0
2010-03-23,2611,2784419022.0
2010-03-24,2611,2802558559.0
2010-03-25,2611,2838837634.0
2010-03-26,2611,2856977172.0
2010-03-29,2611,2866046941.0
2010-03-30,2611,2856977172.0
2010-03-31,2611,2856977172.0
2010-04-01,2611,2784419022.0
2010-04-02,2611,2974884166.0
2010-04-06,2611,3174419080.0
2010-04-07,2611,3319535381.0
2010-04-08,2611,3283256306.0
2010-04-09,2611,3274186537.0
2010-04-12,2611,3274186537.0
2010-04-13,2611,3183488849.0
2010-04-14,2611,3174419080.0
2010-04-15,2611,3183488849.0
2010-04-16,2611,3047442317.0
2010-04-19,2611,3256046999.0
2010-04-20,2611,3246977230.0
2010-04-21,2611,3355814456.0
2010-04-22,2611,3337674918.0
2010-04-23,2611,3328605150.0
2010-04-26,2611,3156279542.0
2010-04-27,2611,3011163242.0
2010-04-28,2611,2866046941.0
2010-04-29,2611,2866046941.0
2010-04-30,2611,2748139946.0
2010-05-03,2611,2684651565.0
2010-05-04,2611,2621163183.0
2010-05-05,2611,2457907345.0
2010-05-06,2611,2466977114.0
2010-05-07,2611,2340000350.0
2010-05-10,2611,2457907345.0
2010-05-11,2611,2421628270.0
2010-05-12,2611,2358139888.0
2010-05-13,2611,2421628270.0
2010-05-14,2611,2430698038.0
2010-05-17,2611,2303721275.0
2010-05-18,2611,2312791044.0
2010-05-19,2611,2321860813.0
2010-05-20,2611,2330930582.0
2010-05-21,2611,2203953818.0
2010-05-24,2611,2213023587.0
2010-05-25,2611,2158604974.0
2010-05-26,2611,2140465437.0
2010-05-27,2611,2176744512.0
2010-05-28,2611,2249302662.0
2010-05-31,2611,2321860813.0
2010-06-01,2611,2267442200.0
2010-06-02,2611,2240232894.0
2010-06-03,2611,2267442200.0
2010-06-04,2611,2267442200.0
2010-06-07,2611,2231163125.0
2010-06-08,2611,2194884050.0
2010-06-09,2611,2222093356.0
2010-06-10,2611,2203953818.0
2010-06-11,2611,2203953818.0
2010-06-14,2611,2213023587.0
2010-06-15,2611,2367209657.0
2010-06-17,2611,2330930582.0
2010-06-18,2611,2312791044.0
2010-06-21,2611,2385349194.0
2010-06-22,2611,2412558501.0
2010-06-23,2611,2448837576.0
2010-06-24,2611,2394418963.0
2010-06-25,2611,2330930582.0
2010-06-28,2611,2340000350.0
2010-06-29,2611,2285581738.0
2010-06-30,2611,2267442200.0
2010-07-01,2611,2349070119.0
2010-07-02,2611,2321860813.0
2010-07-05,2611,2330930582.0
2010-07-06,2611,2394418963.0
2010-07-07,2611,2557674802.0
2010-07-08,2611,2730000409.0
2010-07-09,2611,2666512027.0
2010-07-12,2611,2630232952.0
2010-07-13,2611,2648372490.0
2010-07-14,2611,2584884108.0
2010-07-15,2611,2548605033.0
2010-07-16,2611,2548605033.0
2010-07-19,2611,2575814339.0
2010-07-20,2611,2557674802.0
2010-07-21,2611,2521395726.0
2010-07-22,2611,2521395726.0
2010-07-23,2611,2539535264.0
2010-07-26,2611,2575814339.0
2010-07-27,2611,2530465495.0
2010-07-28,2611,2548605033.0
2010-07-29,2611,2521395726.0
2010-07-30,2611,2466977114.0
2010-08-02,2611,2466977114.0
2010-08-03,2611,2575814339.0
2010-08-04,2611,2748139946.0
2010-08-05,2611,2612093414.0
2010-08-06,2611,2584884108.0
2010-08-09,2611,2521395726.0
2010-08-10,2611,2648372490.0
2010-08-11,2611,2648372490.0
2010-08-12,2611,2603023646.0
2010-08-13,2611,2603023646.0
2010-08-16,2611,2775349253.0
2010-08-17,2611,2820698097.0
2010-08-18,2611,2866046941.0
2010-08-19,2611,2866046941.0
2010-08-20,2611,2983953935.0
2010-08-23,2611,2911395785.0
2010-08-24,2611,2829767866.0
2010-08-25,2611,2657442258.0
2010-08-26,2611,2666512027.0
2010-08-27,2611,2684651565.0
2010-08-30,2611,2612093414.0
2010-08-31,2611,2448837576.0
2010-09-01,2611,2612093414.0
2010-09-02,2611,2793488790.0
2010-09-03,2611,2748139946.0
2010-09-06,2611,2748139946.0
2010-09-07,2611,2784419022.0
2010-09-08,2611,2956744629.0
2010-09-09,2611,2920465554.0
2010-09-10,2611,2847907403.0
2010-09-13,2611,3038372548.0
2010-09-14,2611,2938605091.0
2010-09-15,2611,2947674860.0
2010-09-16,2611,2947674860.0
2010-09-17,2611,2911395785.0
2010-09-20,2611,2884186478.0
2010-09-21,2611,2856977172.0
2010-09-23,2611,2829767866.0
2010-09-24,2611,2838837634.0
2010-09-27,2611,2757209715.0
2010-09-28,2611,2739070178.0
2010-09-29,2611,2775349253.0
2010-09-30,2611,2730000409.0
2010-10-01,2611,2748139946.0
2010-10-04,2611,2802558559.0
2010-10-05,2611,2766279484.0
2010-10-06,2611,2793488790.0
2010-10-07,2611,2757209715.0
2010-10-08,2611,2793216693.0
2010-10-11,2611,2718481798.0
2010-10-12,2611,2653088765.0
2010-10-13,2611,2615721318.0
2010-10-14,2611,2643746904.0
2010-10-15,2611,2709139937.0
2010-10-18,2611,2625063180.0
2010-10-19,2611,2643746904.0
2010-10-20,2611,2643746904.0
2010-10-21,2611,2643746904.0
2010-10-22,2611,2615721318.0
2010-10-25,2611,2625063180.0
2010-10-26,2611,2643746904.0
2010-10-27,2611,2625063180.0
2010-10-28,2611,2615721318.0
2010-10-29,2611,2587695732.0
2010-11-01,2611,2559670147.0
2010-11-02,2611,2569012009.0
2010-11-03,2611,2419542219.0
2010-11-04,2611,2466251528.0
2010-11-05,2611,2540986423.0
2010-11-08,2611,2484935252.0
2010-11-09,2611,2475593390.0
2010-11-10,2611,2466251528.0
2010-11-11,2611,2475593390.0
2010-11-12,2611,2456909667.0
2010-11-15,2611,2438225943.0
2010-11-16,2611,2410200357.0
2010-11-17,2611,2410200357.0
2010-11-18,2611,2428884081.0
2010-11-19,2611,2400858495.0
2010-11-22,2611,2419542219.0
2010-11-23,2611,2419542219.0
2010-11-24,2611,2400858495.0
2010-11-25,2611,2447567805.0
2010-11-26,2611,2419542219.0
2010-11-29,2611,2447567805.0
2010-11-30,2611,2438225943.0
2010-12-01,2611,2475593390.0
2010-12-02,2611,2503618976.0
2010-12-03,2611,2531644561.0
2010-12-06,2611,2634405042.0
2010-12-07,2611,2569012009.0
2010-12-08,2611,2578353871.0
2010-12-09,2611,2597037594.0
2010-12-10,2611,2531644561.0
2010-12-13,2611,2550328285.0
2010-12-14,2611,2550328285.0
2010-12-15,2611,2559670147.0
2010-12-16,2611,2578353871.0
2010-12-17,2611,2755849246.0
2010-12-20,2611,2877293450.0
2010-12-21,2611,2849267864.0
2010-12-22,2611,2821242279.0
2010-12-23,2611,2905319035.0
2010-12-24,2611,2858609726.0
2010-12-27,2611,2858609726.0
2010-12-28,2611,2821242279.0
2010-12-29,2611,2802558555.0
2010-12-30,2611,2783874831.0
2010-12-31,2611,2793216693.0
2011-01-03,2611,2980053930.0
2011-01-04,2611,2858609726.0
2011-01-05,2611,2793216693.0
2011-01-06,2611,2793216693.0
2011-01-07,2611,2746507384.0
2011-01-10,2611,2755849246.0
2011-01-11,2611,2774532969.0
2011-01-12,2611,2765191108.0
2011-01-13,2611,2765191108.0
2011-01-14,2611,2746507384.0
2011-01-17,2611,2727823660.0
2011-01-18,2611,2727823660.0
2011-01-19,2611,2737165522.0
2011-01-20,2611,2727823660.0
2011-01-21,2611,2802558555.0
2011-01-24,2611,2746507384.0
2011-01-25,2611,2746507384.0
2011-01-26,2611,2727823660.0
2011-01-27,2611,2737165522.0
2011-01-28,2611,2746507384.0
2011-02-08,2611,2774532969.0
2011-02-09,2611,2727823660.0
2011-02-10,2611,2718481798.0
2011-02-11,2611,2643746904.0
2011-02-14,2611,2653088765.0
2011-02-15,2611,2662430627.0
2011-02-16,2611,2671772489.0
2011-02-17,2611,2662430627.0
2011-02-18,2611,2690456213.0
2011-02-21,2611,2699798075.0
2011-02-22,2611,2578353871.0
2011-02-23,2611,2578353871.0
2011-02-24,2611,2615721318.0
2011-02-25,2611,2625063180.0
2011-03-01,2611,2643746904.0
2011-03-02,2611,2653088765.0
2011-03-03,2611,2634405042.0
2011-03-04,2611,2615721318.0
2011-03-07,2611,2578353871.0
2011-03-08,2611,2578353871.0
2011-03-09,2611,2587695732.0
2011-03-10,2611,2550328285.0
2011-03-11,2611,2540986423.0
2011-03-14,2611,2494277114.0
2011-03-15,2611,2335465463.0
2011-03-16,2611,2391516634.0
2011-03-17,2611,2307439877.0
2011-03-18,2611,2372832910.0
2011-03-21,2611,2428884081.0
2011-03-22,2611,2428884081.0
2011-03-23,2611,2382174772.0
2011-03-24,2611,2382174772.0
2011-03-25,2611,2391516634.0
2011-03-28,2611,2372832910.0
2011-03-29,2611,2382174772.0
2011-03-30,2611,2382174772.0
2011-03-31,2611,2382174772.0
2011-04-01,2611,2382174772.0
2011-04-06,2611,2382174772.0
2011-04-07,2611,2447567805.0
2011-04-08,2611,2512960838.0
2011-04-11,2611,2456909667.0
2011-04-12,2611,2475593390.0
2011-04-13,2611,2466251528.0
2011-04-14,2611,2466251528.0
2011-04-15,2611,2428884081.0
2011-04-18,2611,2419542219.0
2011-04-19,2611,2410200357.0
2011-04-20,2611,2456909667.0
2011-04-21,2611,2456909667.0
2011-04-22,2611,2466251528.0
2011-04-25,2611,2484935252.0
2011-04-26,2611,2466251528.0
2011-04-27,2611,2428884081.0
2011-04-28,2611,2428884081.0
2011-04-29,2611,2391516634.0
2011-05-03,2611,2391516634.0
2011-05-04,2611,2391516634.0
2011-05-05,2611,2382174772.0
2011-05-06,2611,2447567805.0
2011-05-09,2611,2438225943.0
2011-05-10,2611,2438225943.0
2011-05-11,2611,2400858495.0
2011-05-12,2611,2400858495.0
2011-05-13,2611,2410200357.0
2011-05-16,2611,2447567805.0
2011-05-17,2611,2400858495.0
2011-05-18,2611,2419542219.0
2011-05-19,2611,2391516634.0
2011-05-20,2611,2438225943.0
2011-05-23,2611,2428884081.0
2011-05-24,2611,2400858495.0
2011-05-25,2611,2419542219.0
2011-05-26,2611,2428884081.0
2011-05-27,2611,2428884081.0
2011-05-30,2611,2410200357.0
2011-05-31,2611,2428884081.0
2011-06-01,2611,2428884081.0
2011-06-02,2611,2597037594.0
2011-06-03,2611,2569012009.0
2011-06-07,2611,2578353871.0
2011-06-08,2611,2578353871.0
2011-06-09,2611,2522302700.0
2011-06-10,2611,2475593390.0
2011-06-13,2611,2559670147.0
2011-06-14,2611,2578353871.0
2011-06-15,2611,2503618976.0
2011-06-16,2611,2484935252.0
2011-06-17,2611,2512960838.0
2011-06-20,2611,2456909667.0
2011-06-21,2611,2438225943.0
2011-06-22,2611,2484935252.0
2011-06-23,2611,2653088765.0
2011-06-24,2611,2653088765.0
2011-06-27,2611,2578353871.0
2011-06-28,2611,2540986423.0
2011-06-29,2611,2540986423.0
2011-06-30,2611,2578353871.0
2011-07-01,2611,2569012009.0
2011-07-04,2611,2531644561.0
2011-07-05,2611,2531644561.0
2011-07-06,2611,2503618976.0
2011-07-07,2611,2512960838.0
2011-07-08,2611,2503618976.0
2011-07-11,2611,2494277114.0
2011-07-12,2611,2428884081.0
2011-07-13,2611,2438225943.0
2011-07-14,2611,2400858495.0
2011-07-15,2611,2410200357.0
2011-07-18,2611,2419542219.0
2011-07-19,2611,2428884081.0
2011-07-20,2611,2456909667.0
2011-07-21,2611,2438225943.0
2011-07-22,2611,2447567805.0
2011-07-25,2611,2438225943.0
2011-07-26,2611,2410200357.0
2011-07-27,2611,2410200357.0
2011-07-28,2611,2438225943.0
2011-07-29,2611,2428884081.0
2011-08-01,2611,2456909667.0
2011-08-02,2611,2447567805.0
2011-08-03,2611,2382174772.0
2011-08-04,2611,2391516634.0
2011-08-05,2611,2232704982.0
2011-08-08,2611,2214021258.0
2011-08-09,2611,2195337535.0
2011-08-10,2611,2232704982.0
2011-08-11,2611,2223363120.0
2011-08-12,2611,2232704982.0
2011-08-15,2611,2251388706.0
2011-08-16,2611,2176653811.0
2011-08-17,2611,2204679397.0
2011-08-18,2611,2167311949.0
2011-08-19,2611,2167311949.0
2011-08-22,2611,2111260778.0
2011-08-23,2611,2148628226.0
2011-08-24,2611,2101918916.0
2011-08-25,2611,2083235193.0
2011-08-26,2611,2092577054.0
2011-08-29,2611,2092577054.0
2011-08-30,2611,2101918916.0
2011-08-31,2611,2092577054.0
2011-09-01,2611,2083235193.0
2011-09-02,2611,2092577054.0
2011-09-05,2611,2157970067.0
2011-09-06,2611,2099116338.0
2011-09-07,2611,2099116338.0
2011-09-08,2611,2089307383.0
2011-09-09,2611,2108925293.0
2011-09-13,2611,2089307383.0
2011-09-14,2611,2099116338.0
2011-09-15,2611,2118734248.0
2011-09-16,2611,2128543202.0
2011-09-19,2611,2079498428.0
2011-09-20,2611,2079498428.0
2011-09-21,2611,2099116338.0
2011-09-22,2611,2089307383.0
2011-09-23,2611,1991217835.0
2011-09-26,2611,1942173060.0
2011-09-27,2611,1951982015.0
2011-09-28,2611,1961790970.0
2011-09-29,2611,1981408880.0
2011-09-30,2611,1981408880.0
2011-10-03,2611,1981408880.0
2011-10-04,2611,1961790970.0
2011-10-05,2611,1961790970.0
2011-10-06,2611,1944134851.0
2011-10-07,2611,1944134851.0
2011-10-11,2611,1959829179.0
2011-10-12,2611,1957867388.0
2011-10-13,2611,2001026789.0
2011-10-14,2611,1991217835.0
2011-10-17,2611,2001026789.0
2011-10-18,2611,2001026789.0
2011-10-19,2611,1991217835.0
2011-10-20,2611,1953943806.0
2011-10-21,2611,1955905597.0
2011-10-24,2611,1981408880.0
2011-10-25,2611,2001026789.0
2011-10-26,2611,2010835744.0
2011-10-27,2611,2020644699.0
2011-10-28,2611,2050071564.0
2011-10-31,2611,2059880519.0
2011-11-01,2611,2079498428.0
2011-11-02,2611,2079498428.0
2011-11-03,2611,2059880519.0
2011-11-04,2611,2118734248.0
2011-11-07,2611,2138352157.0
2011-11-08,2611,2108925293.0
2011-11-09,2611,2059880519.0
2011-11-10,2611,2020644699.0
2011-11-11,2611,2040262609.0
2011-11-14,2611,2059880519.0
2011-11-15,2611,2059880519.0
2011-11-16,2611,1991217835.0
2011-11-17,2611,2040262609.0
2011-11-18,2611,2040262609.0
2011-11-21,2611,1991217835.0
2011-11-22,2611,1961790970.0
2011-11-23,2611,1922555151.0
2011-11-24,2611,1842121721.0
2011-11-25,2611,1922555151.0
2011-11-28,2611,1961790970.0
2011-11-29,2611,1981408880.0
2011-11-30,2611,1961790970.0
2011-12-01,2611,2020644699.0
2011-12-02,2611,2010835744.0
2011-12-05,2611,2020644699.0
2011-12-06,2611,2010835744.0
2011-12-07,2611,2020644699.0
2011-12-08,2611,2020644699.0
2011-12-09,2611,2108925293.0
2011-12-12,2611,2108925293.0
2011-12-13,2611,2059880519.0
2011-12-14,2611,2059880519.0
2011-12-15,2611,2059880519.0
2011-12-16,2611,2059880519.0
2011-12-19,2611,2050071564.0
2011-12-20,2611,2059880519.0
2011-12-21,2611,2079498428.0
2011-12-22,2611,2079498428.0
2011-12-23,2611,2099116338.0
2011-12-26,2611,2089307383.0
2011-12-27,2611,2069689473.0
2011-12-28,2611,2059880519.0
2011-12-29,2611,2050071564.0
2011-12-30,2611,2079498428.0
2012-01-02,2611,2059880519.0
2012-01-03,2611,2079498428.0
2012-01-04,2611,2020644699.0
2012-01-05,2611,2040262609.0
2012-01-06,2611,1991217835.0
2012-01-09,2611,1981408880.0
2012-01-10,2611,2050071564.0
2012-01-11,2611,2040262609.0
2012-01-12,2611,2030453654.0
2012-01-13,2611,1971599925.0
2012-01-16,2611,2001026789.0
2012-01-17,2611,2138352157.0
2012-01-18,2611,2069689473.0
2012-01-30,2611,2040262609.0
2012-01-31,2611,2040262609.0
2012-02-01,2611,2118734248.0
2012-02-02,2611,2157970067.0
2012-02-03,2611,2187396932.0
2012-02-06,2611,2305104390.0
2012-02-07,2611,2324722299.0
2012-02-08,2611,2373767074.0
2012-02-09,2611,2491474532.0
2012-02-10,2611,2550328261.0
2012-02-13,2611,2569946171.0
2012-02-14,2611,2579755126.0
2012-02-15,2611,2579755126.0
2012-02-16,2611,2569946171.0
2012-02-17,2611,2648417810.0
2012-02-20,2611,2824978997.0
2012-02-21,2611,2844596907.0
2012-02-22,2611,2903450636.0
2012-02-23,2611,3040776004.0
2012-02-24,2611,3021158094.0
2012-02-29,2611,3070202868.0
2012-03-01,2611,3197719281.0
2012-03-02,2611,3266381965.0
2012-03-05,2611,3256573010.0
2012-03-06,2611,3158483462.0
2012-03-07,2611,3070202868.0
2012-03-08,2611,3070202868.0
2012-03-09,2611,3109438687.0
2012-03-12,2611,3050584958.0
2012-03-13,2611,3050584958.0
2012-03-14,2611,3021158094.0
2012-03-15,2611,2962304365.0
2012-03-16,2611,2864214816.0
2012-03-19,2611,2824978997.0
2012-03-20,2611,2903450636.0
2012-03-21,2611,3021158094.0
2012-03-22,2611,2981922274.0
2012-03-23,2611,2981922274.0
2012-03-26,2611,2962304365.0
2012-03-27,2611,2942686455.0
2012-03-28,2611,2923068545.0
2012-03-29,2611,2795552132.0
2012-03-30,2611,2923068545.0
2012-04-02,2611,2923068545.0
2012-04-03,2611,2903450636.0
2012-04-05,2611,2864214816.0
2012-04-06,2611,2874023771.0
2012-04-09,2611,2844596907.0
2012-04-10,2611,2864214816.0
2012-04-11,2611,2864214816.0
2012-04-12,2611,2893641681.0
2012-04-13,2611,2913259590.0
2012-04-16,2611,2913259590.0
2012-04-17,2611,2893641681.0
2012-04-18,2611,2874023771.0
2012-04-19,2611,2874023771.0
2012-04-20,2611,2864214816.0
2012-04-23,2611,2864214816.0
2012-04-24,2611,2864214816.0
2012-04-25,2611,2923068545.0
2012-04-26,2611,2864214816.0
2012-04-27,2611,2844596907.0
2012-04-30,2611,2874023771.0
2012-05-02,2611,2883832726.0
2012-05-03,2611,3080011823.0
2012-05-04,2611,3178101371.0
2012-05-07,2611,3217337191.0
2012-05-08,2611,3197719281.0
2012-05-09,2611,3227146146.0
2012-05-10,2611,3060393913.0
2012-05-11,2611,3119247642.0
2012-05-14,2611,2972113320.0
2012-05-15,2611,2962304365.0
2012-05-16,2611,2864214816.0
2012-05-17,2611,2844596907.0
2012-05-18,2611,2844596907.0
2012-05-21,2611,2844596907.0
2012-05-22,2611,2834787952.0
2012-05-23,2611,2834787952.0
2012-05-24,2611,2834787952.0
2012-05-25,2611,2834787952.0
2012-05-28,2611,2834787952.0
2012-05-29,2611,2923068545.0
2012-05-30,2611,2893641681.0
2012-05-31,2611,2893641681.0
2012-06-01,2611,2874023771.0
2012-06-04,2611,2854405861.0
2012-06-05,2611,2815170042.0
2012-06-06,2611,2815170042.0
2012-06-07,2611,2815170042.0
2012-06-08,2611,2805361087.0
2012-06-11,2611,2815170042.0
2012-06-12,2611,2785743177.0
2012-06-13,2611,2815170042.0
2012-06-14,2611,2795552132.0
2012-06-15,2611,2815170042.0
2012-06-18,2611,2883832726.0
2012-06-19,2611,2824978997.0
2012-06-20,2611,2795552132.0
2012-06-21,2611,2775934223.0
2012-06-22,2611,2775934223.0
2012-06-25,2611,2785743177.0
2012-06-26,2611,2766125268.0
2012-06-27,2611,2795552132.0
2012-06-28,2611,2766125268.0
2012-06-29,2611,2795552132.0
2012-07-02,2611,2766125268.0
2012-07-03,2611,2785743177.0
2012-07-04,2611,2766125268.0
2012-07-05,2611,2746507358.0
2012-07-06,2611,2717080493.0
2012-07-09,2611,2646553629.0
2012-07-10,2611,2636894674.0
2012-07-11,2611,2675530493.0
2012-07-12,2611,2656212584.0
2012-07-13,2611,2646553629.0
2012-07-16,2611,2617576764.0
2012-07-17,2611,2636894674.0
2012-07-18,2611,2627235719.0
2012-07-19,2611,2714166313.0
2012-07-20,2611,2694848403.0
2012-07-23,2611,2656212584.0
2012-07-24,2611,2656212584.0
2012-07-25,2611,2675530493.0
2012-07-26,2611,2675530493.0
2012-07-27,2611,2694848403.0
2012-07-30,2611,2723825268.0
2012-07-31,2611,2723825268.0
2012-08-01,2611,2704507358.0
2012-08-03,2611,2714166313.0
2012-08-06,2611,2733484223.0
2012-08-07,2611,2839732726.0
2012-08-08,2611,2801096907.0
2012-08-09,2611,2810755861.0
2012-08-10,2611,2801096907.0
2012-08-13,2611,2820414816.0
2012-08-14,2611,2839732726.0
2012-08-15,2611,2839732726.0
2012-08-16,2611,2878368545.0
2012-08-17,2611,2974958094.0
2012-08-20,2611,2917004365.0
2012-08-21,2611,2907345410.0
2012-08-22,2611,2994276004.0
2012-08-23,2611,3003934958.0
2012-08-24,2611,3003934958.0
2012-08-27,2611,3071547642.0
2012-08-28,2611,3042570778.0
2012-08-29,2611,3042570778.0
2012-08-30,2611,3032911823.0
2012-08-31,2611,2839732726.0
2012-09-03,2611,2897686455.0
2012-09-04,2611,2945981229.0
2012-09-05,2611,2994276004.0
2012-09-06,2611,3013593913.0
2012-09-07,2611,3003934958.0
2012-09-10,2611,3071547642.0
2012-09-11,2611,3003934958.0
2012-09-12,2611,2984617049.0
2012-09-13,2611,2984617049.0
2012-09-14,2611,3013593913.0
2012-09-17,2611,3042570778.0
2012-09-18,2611,2994276004.0
2012-09-19,2611,2994276004.0
2012-09-20,2611,3032911823.0
2012-09-21,2611,3032911823.0
2012-09-24,2611,3090865552.0
2012-09-25,2611,3052229733.0
2012-09-26,2611,3023252868.0
2012-09-27,2611,3013593913.0
2012-09-28,2611,2994276004.0
2012-10-01,2611,2917004365.0
2012-10-02,2611,2917004365.0
2012-10-03,2611,2888027500.0
2012-10-04,2611,2839732726.0
2012-10-05,2611,2830073771.0
2012-10-08,2611,2743143177.0
2012-10-09,2611,2743143177.0
2012-10-11,2611,2675530493.0
2012-10-12,2611,2694848403.0
2012-10-15,2611,2675530493.0
2012-10-16,2611,2685189448.0
2012-10-17,2611,2675530493.0
2012-10-18,2611,2685189448.0
2012-10-19,2611,2675530493.0
2012-10-22,2611,2685189448.0
2012-10-23,2611,2704507358.0
2012-10-24,2611,2694848403.0
2012-10-25,2611,2704507358.0
2012-10-26,2611,2694848403.0
2012-10-29,2611,2685189448.0
2012-10-30,2611,2704507358.0
2012-10-31,2611,2694848403.0
2012-11-01,2611,2704507358.0
2012-11-02,2611,2694848403.0
2012-11-05,2611,2694848403.0
2012-11-06,2611,2704507358.0
2012-11-07,2611,2694848403.0
2012-11-08,2611,2685189448.0
2012-11-09,2611,2685189448.0
2012-11-21,2611,2551349464.0
2012-11-22,2611,2481924988.0
2012-11-23,2611,2490603048.0
2012-11-26,2611,2490603048.0
2012-11-27,2611,2507959167.0
2012-11-28,2611,2499281107.0
2012-11-29,2611,2507959167.0
2012-11-30,2611,2516637226.0
2012-12-03,2611,2516637226.0
2012-12-04,2611,2533993345.0
2012-12-05,2611,2533993345.0
2012-12-06,2611,2499281107.0
2012-12-07,2611,2507959167.0
2012-12-10,2611,2507959167.0
2012-12-11,2611,2507959167.0
2012-12-12,2611,2516637226.0
2012-12-13,2611,2516637226.0
2012-12-14,2611,2516637226.0
2012-12-17,2611,2516637226.0
2012-12-18,2611,2577383642.0
2012-12-19,2611,2568705582.0
2012-12-20,2611,2542671404.0
2012-12-21,2611,2516637226.0
2012-12-24,2611,2646808117.0
2012-12-25,2611,2594739761.0
2012-12-26,2611,2664164236.0
2012-12-27,2611,2664164236.0
2012-12-28,2611,2629451998.0
2013-01-02,2611,2612095879.0
2013-01-03,2611,2603417820.0
2013-01-04,2611,2612095879.0
2013-01-07,2611,2603417820.0
2013-01-08,2611,2568705582.0
2013-01-09,2611,2577383642.0
2013-01-10,2611,2638130058.0
2013-01-11,2611,2603417820.0
2013-01-14,2611,2594739761.0
2013-01-15,2611,2568705582.0
2013-01-16,2611,2603417820.0
2013-01-17,2611,2533993345.0
2013-01-18,2611,2551349464.0
2013-01-21,2611,2586061701.0
2013-01-22,2611,2620773939.0
2013-01-23,2611,2586061701.0
2013-01-24,2611,2560027523.0
2013-01-25,2611,2594739761.0
2013-01-28,2611,2560027523.0
2013-01-29,2611,2568705582.0
2013-01-30,2611,2612095879.0
2013-01-31,2611,2612095879.0
2013-02-01,2611,2620773939.0
2013-02-04,2611,2620773939.0
2013-02-05,2611,2577383642.0
2013-02-06,2611,2568705582.0
2013-02-18,2611,2560027523.0
2013-02-19,2611,2568705582.0
2013-02-20,2611,2586061701.0
2013-02-21,2611,2568705582.0
2013-02-22,2611,2551349464.0
2013-02-25,2611,2551349464.0
2013-02-26,2611,2542671404.0
2013-02-27,2611,2533993345.0
2013-03-01,2611,2542671404.0
2013-03-04,2611,2525315285.0
2013-03-05,2611,2551349464.0
2013-03-06,2611,2560027523.0
2013-03-07,2611,2620773939.0
2013-03-08,2611,2603417820.0
2013-03-11,2611,2577383642.0
2013-03-12,2611,2551349464.0
2013-03-13,2611,2551349464.0
2013-03-14,2611,2586061701.0
2013-03-15,2611,2577383642.0
2013-03-18,2611,2551349464.0
2013-03-19,2611,2568705582.0
2013-03-20,2611,2638130058.0
2013-03-21,2611,2603417820.0
2013-03-22,2611,2681520355.0
2013-03-25,2611,2577383642.0
2013-03-26,2611,2560027523.0
2013-03-27,2611,2577383642.0
2013-03-28,2611,2560027523.0
2013-03-29,2611,2560027523.0
2013-04-01,2611,2612095879.0
2013-04-02,2611,2690198414.0
2013-04-03,2611,2655486176.0
2013-04-08,2611,2586061701.0
2013-04-09,2611,2577383642.0
2013-04-10,2611,2568705582.0
2013-04-11,2611,2568705582.0
2013-04-12,2611,2655486176.0
2013-04-15,2611,2629451998.0
2013-04-16,2611,2612095879.0
2013-04-17,2611,2620773939.0
2013-04-18,2611,2612095879.0
2013-04-19,2611,2603417820.0
2013-04-22,2611,2586061701.0
2013-04-23,2611,2612095879.0
2013-04-24,2611,2612095879.0
2013-04-25,2611,2534643322.0
2013-04-26,2611,2526109170.0
2013-04-29,2611,2526109170.0
2013-04-30,2611,2543177475.0
2013-05-02,2611,2526109170.0
2013-05-03,2611,2534643322.0
2013-05-06,2611,2517575017.0
2013-05-07,2611,2551711627.0
2013-05-08,2611,2543177475.0
2013-05-09,2611,2560245780.0
2013-05-10,2611,2534643322.0
2013-05-13,2611,2526109170.0
2013-05-14,2611,2534643322.0
2013-05-15,2611,2534643322.0
2013-05-16,2611,2543177475.0
2013-05-17,2611,2543177475.0
2013-05-20,2611,2543177475.0
2013-05-21,2611,2543177475.0
2013-05-22,2611,2551711627.0
2013-05-23,2611,2543177475.0
2013-05-24,2611,2526109170.0
2013-05-27,2611,2526109170.0
2013-05-28,2611,2534643322.0
2013-05-29,2611,2526109170.0
2013-05-30,2611,2526109170.0
2013-05-31,2611,2517575017.0
2013-06-03,2611,2500506712.0
2013-06-04,2611,2509040864.0
2013-06-05,2611,2509040864.0
2013-06-06,2611,2526109170.0
2013-06-07,2611,2534643322.0
2013-06-10,2611,2543177475.0
2013-06-11,2611,2509040864.0
2013-06-13,2611,2491972559.0
2013-06-14,2611,2466370101.0
2013-06-17,2611,2449301796.0
2013-06-18,2611,2449301796.0
2013-06-19,2611,2483438407.0
2013-06-20,2611,2466370101.0
2013-06-21,2611,2457835949.0
2013-06-24,2611,2491972559.0
2013-06-25,2611,2457835949.0
2013-06-26,2611,2491972559.0
2013-06-27,2611,2457835949.0
2013-06-28,2611,2474904254.0
2013-07-01,2611,2466370101.0
2013-07-02,2611,2406631033.0
2013-07-03,2611,2432233491.0
2013-07-04,2611,2389562728.0
2013-07-05,2611,2398096881.0
2013-07-08,2611,2406631033.0
2013-07-09,2611,2381028575.0
2013-07-10,2611,2389562728.0
2013-07-11,2611,2423699338.0
2013-07-12,2611,2449301796.0
2013-07-15,2611,2457835949.0
2013-07-16,2611,2466370101.0
2013-07-17,2611,2474904254.0
2013-07-18,2611,2457835949.0
2013-07-19,2611,2432233491.0
2013-07-22,2611,2432233491.0
2013-07-23,2611,2423699338.0
2013-07-24,2611,2415165186.0
2013-07-25,2611,2423699338.0
2013-07-26,2611,2423699338.0
2013-07-29,2611,2423699338.0
2013-07-30,2611,2449301796.0
2013-07-31,2611,2423699338.0
2013-08-01,2611,2381028575.0
2013-08-02,2611,2389562728.0
2013-08-05,2611,2398096881.0
2013-08-06,2611,2389562728.0
2013-08-07,2611,2355426118.0
2013-08-08,2611,2329823660.0
2013-08-09,2611,2295687049.0
2013-08-12,2611,2312755355.0
2013-08-13,2611,2355426118.0
2013-08-14,2611,2355426118.0
2013-08-15,2611,2363960270.0
2013-08-16,2611,2389562728.0
2013-08-19,2611,2372494423.0
2013-08-20,2611,2355426118.0
2013-08-22,2611,2363960270.0
2013-08-23,2611,2415165186.0
2013-08-26,2611,2398096881.0
2013-08-27,2611,2338357812.0
2013-08-28,2611,2321289507.0
2013-08-29,2611,2304221202.0
2013-08-30,2611,2304221202.0
2013-09-02,2611,2253016286.0
2013-09-03,2611,2082333234.0
2013-09-04,2611,2099401540.0
2013-09-05,2611,2107935692.0
2013-09-06,2611,2099401540.0
2013-09-09,2611,2073799082.0
2013-09-10,2611,2099401540.0
2013-09-11,2611,2090867387.0
2013-09-12,2611,2116469845.0
2013-09-13,2611,2116469845.0
2013-09-16,2611,2107935692.0
2013-09-17,2611,2107935692.0
2013-09-18,2611,2107935692.0
2013-09-23,2611,2082333234.0
2013-09-24,2611,2107935692.0
2013-09-25,2611,2195410749.0
2013-09-26,2611,2186449889.0
2013-09-27,2611,2195410749.0
2013-09-30,2611,2186449889.0
2013-10-01,2611,2213332469.0
2013-10-02,2611,2213332469.0
2013-10-03,2611,2222293330.0
2013-10-04,2611,2222293330.0
2013-10-07,2611,2195410749.0
2013-10-08,2611,2213332469.0
2013-10-09,2611,2204371609.0
2013-10-11,2611,2204371609.0
2013-10-14,2611,2213332469.0
2013-10-15,2611,2204371609.0
2013-10-16,2611,2222293330.0
2013-10-17,2611,2240215050.0
2013-10-18,2611,2213332469.0
2013-10-21,2611,2204371609.0
2013-10-22,2611,2195410749.0
2013-10-23,2611,2186449889.0
2013-10-24,2611,2186449889.0
2013-10-25,2611,2159567308.0
2013-10-28,2611,2150606448.0
2013-10-29,2611,2123723867.0
2013-10-30,2611,2123723867.0
2013-10-31,2611,2114763007.0
2013-11-01,2611,2114763007.0
2013-11-04,2611,2096841287.0
2013-11-05,2611,2078919566.0
2013-11-07,2611,2087880427.0
2013-11-08,2611,2007232685.0
2013-11-11,2611,2007232685.0
2013-11-12,2611,2007232685.0
2013-11-13,2611,1998271825.0
2013-11-14,2611,1980350104.0
2013-11-15,2611,1980350104.0
2013-11-18,2611,1971389244.0
2013-11-19,2611,1971389244.0
2013-11-20,2611,1971389244.0
2013-11-21,2611,1890741502.0
2013-11-22,2611,1890741502.0
2013-11-25,2611,1890741502.0
2013-11-26,2611,1926584943.0
2013-11-27,2611,1944506663.0
2013-11-28,2611,1944506663.0
2013-11-29,2611,1971389244.0
2013-12-02,2611,1971389244.0
2013-12-03,2611,2052036986.0
2013-12-04,2611,2052036986.0
2013-12-05,2611,2025154405.0
2013-12-06,2611,2034115265.0
2013-12-09,2611,2007232685.0
2013-12-10,2611,1980350104.0
2013-12-11,2611,2016193545.0
2013-12-12,2611,2007232685.0
2013-12-13,2611,2007232685.0
2013-12-16,2611,1989310964.0
2013-12-17,2611,2025154405.0
2013-12-18,2611,1998271825.0
2013-12-19,2611,2007232685.0
2013-12-20,2611,2007232685.0
2013-12-23,2611,2007232685.0
2013-12-24,2611,1998271825.0
2013-12-25,2611,1989310964.0
2013-12-26,2611,1998271825.0
2013-12-27,2611,2043076126.0
2013-12-30,2611,2034115265.0
2013-12-31,2611,2078919566.0
2014-01-02,2611,2007232685.0
2014-01-03,2611,1998271825.0
2014-01-06,2611,1989310964.0
2014-01-07,2611,1998271825.0
2014-01-08,2611,2034115265.0
2014-01-09,2611,1998271825.0
2014-01-10,2611,2016193545.0
2014-01-13,2611,2043076126.0
2014-01-14,2611,2016193545.0
2014-01-15,2611,2034115265.0
2014-01-16,2611,2016193545.0
2014-01-17,2611,2007232685.0
2014-01-20,2611,2007232685.0
2014-01-21,2611,1998271825.0
2014-01-22,2611,2007232685.0
2014-01-23,2611,1989310964.0
2014-01-24,2611,1971389244.0
2014-01-27,2611,1944506663.0
2014-02-05,2611,1908663223.0
2014-02-06,2611,1917624083.0
2014-02-10,2611,1971389244.0
2014-02-11,2611,1962428384.0
2014-02-12,2611,1953467524.0
2014-02-13,2611,1944506663.0
2014-02-14,2611,1917624083.0
2014-02-17,2611,1953467524.0
2014-02-18,2611,1926584943.0
2014-02-19,2611,1926584943.0
2014-02-20,2611,1917624083.0
2014-02-21,2611,1944506663.0
2014-02-24,2611,1935545803.0
2014-02-25,2611,1908663223.0
2014-02-26,2611,1917624083.0
2014-02-27,2611,1917624083.0
2014-03-03,2611,1935545803.0
2014-03-04,2611,1953467524.0
2014-03-05,2611,1944506663.0
2014-03-06,2611,1935545803.0
2014-03-07,2611,1935545803.0
2014-03-10,2611,1926584943.0
2014-03-11,2611,1944506663.0
2014-03-12,2611,1926584943.0
2014-03-13,2611,1935545803.0
2014-03-14,2611,1926584943.0
2014-03-17,2611,1908663223.0
2014-03-18,2611,1899702362.0
2014-03-19,2611,1890741502.0
2014-03-20,2611,1908663223.0
2014-03-21,2611,1908663223.0
2014-03-24,2611,1863858922.0
2014-03-25,2611,1917624083.0
2014-03-26,2611,2034115265.0
2014-03-27,2611,2025154405.0
2014-03-28,2611,2060997846.0
2014-03-31,2611,2087880427.0
2014-04-01,2611,2069958706.0
2014-04-02,2611,2069958706.0
2014-04-03,2611,2069958706.0
2014-04-07,2611,2052036986.0
2014-04-08,2611,2052036986.0
2014-04-09,2611,2034115265.0
2014-04-10,2611,2034115265.0
2014-04-11,2611,2043076126.0
2014-04-14,2611,2043076126.0
2014-04-15,2611,2052036986.0
2014-04-16,2611,2043076126.0
2014-04-17,2611,2043076126.0
2014-04-18,2611,2025154405.0
2014-04-21,2611,2016193545.0
2014-04-22,2611,2025154405.0
2014-04-23,2611,2007232685.0
2014-04-24,2611,2007232685.0
2014-04-25,2611,1962428384.0
2014-04-28,2611,1962428384.0
2014-04-29,2611,1989310964.0
2014-04-30,2611,1998271825.0
2014-05-02,2611,1989310964.0
2014-05-05,2611,1971389244.0
2014-05-06,2611,1962428384.0
2014-05-07,2611,1971389244.0
2014-05-08,2611,1944506663.0
2014-05-09,2611,1944506663.0
2014-05-12,2611,1935545803.0
2014-05-13,2611,1944506663.0
2014-05-14,2611,1944506663.0
2014-05-15,2611,1908663223.0
2014-05-16,2611,1944506663.0
2014-05-19,2611,1953467524.0
2014-05-20,2611,1944506663.0
2014-05-21,2611,1953467524.0
2014-05-22,2611,1953467524.0
2014-05-23,2611,1953467524.0
2014-05-26,2611,1962428384.0
2014-05-27,2611,1971389244.0
2014-05-28,2611,1971389244.0
2014-05-29,2611,1944506663.0
2014-05-30,2611,1953467524.0
2014-06-03,2611,1962428384.0
2014-06-04,2611,1953467524.0
2014-06-05,2611,1953467524.0
2014-06-06,2611,1926584943.0
2014-06-09,2611,1935545803.0
2014-06-10,2611,1935545803.0
2014-06-11,2611,1935545803.0
2014-06-12,2611,1908663223.0
2014-06-13,2611,1926584943.0
2014-06-16,2611,1917624083.0
2014-06-17,2611,1926584943.0
2014-06-18,2611,1935545803.0
2014-06-19,2611,1917624083.0
2014-06-20,2611,1908663223.0
2014-06-23,2611,1890741502.0
2014-06-24,2611,1836976341.0
2014-06-25,2611,1872819782.0
2014-06-26,2611,1890741502.0
2014-06-27,2611,1899702362.0
2014-06-30,2611,1908663223.0
2014-07-01,2611,1890741502.0
2014-07-02,2611,1881780642.0
2014-07-03,2611,1881780642.0
2014-07-04,2611,1890741502.0
2014-07-07,2611,1890741502.0
2014-07-08,2611,1881780642.0
2014-07-09,2611,1872819782.0
2014-07-10,2611,1785726341.0
2014-07-11,2611,1768304621.0
2014-07-14,2611,1768304621.0
2014-07-15,2611,1768304621.0
2014-07-16,2611,1759593760.0
2014-07-17,2611,1768304621.0
2014-07-18,2611,1777015481.0
2014-07-21,2611,1768304621.0
2014-07-22,2611,1768304621.0
2014-07-24,2611,1777015481.0
2014-07-25,2611,1768304621.0
2014-07-28,2611,1759593760.0
2014-07-29,2611,1768304621.0
2014-07-30,2611,1785726341.0
2014-07-31,2611,1785726341.0
2014-08-01,2611,1785726341.0
2014-08-04,2611,1785726341.0
2014-08-05,2611,1777015481.0
2014-08-06,2611,1759593760.0
2014-08-07,2611,1750882900.0
2014-08-08,2611,1759593760.0
2014-08-11,2611,1759593760.0
2014-08-12,2611,1750882900.0
2014-08-13,2611,1759593760.0
2014-08-14,2611,1742172040.0
2014-08-15,2611,1733461180.0
2014-08-18,2611,1707328599.0
2014-08-19,2611,1689906879.0
2014-08-20,2611,1724750320.0
2014-08-22,2611,1733461180.0
2014-08-25,2611,1777015481.0
2014-08-26,2611,1768304621.0
2014-08-27,2611,1750882900.0
2014-08-28,2611,1750882900.0
2014-08-29,2611,1777015481.0
2014-09-01,2611,1777015481.0
2014-09-02,2611,1759593760.0
2014-09-03,2611,1759593760.0
2014-09-04,2611,1759593760.0
2014-09-05,2611,1742172040.0
2014-09-09,2611,1742172040.0
2014-09-10,2611,1740429868.0
2014-09-11,2611,1742172040.0
2014-09-12,2611,1742172040.0
2014-09-15,2611,1740429868.0
2014-09-16,2611,1729976836.0
2014-09-17,2611,1724750320.0
2014-09-18,2611,1719523803.0
2014-09-19,2611,1721265976.0
2014-09-22,2611,1716039459.0
2014-09-23,2611,1724750320.0
2014-09-24,2611,1724750320.0
2014-09-25,2611,1723008148.0
2014-09-26,2611,1700359911.0
2014-09-29,2611,1702102083.0
2014-09-30,2611,1710812943.0
2014-10-01,2611,1686422535.0
2014-10-02,2611,1655063438.0
2014-10-03,2611,1665516470.0
2014-10-06,2611,1675969502.0
2014-10-07,2611,1672485158.0
2014-10-08,2611,1670742986.0
2014-10-09,2611,1663774298.0
2014-10-13,2611,1628930857.0
2014-10-14,2611,1627188685.0
2014-10-15,2611,1597571761.0
2014-10-16,2611,1567954836.0
2014-10-17,2611,1515689675.0
2014-10-20,2611,1520916191.0
2014-10-21,2611,1520916191.0
2014-10-22,2611,1520916191.0
2014-10-23,2611,1522658363.0
2014-10-24,2611,1505236643.0
2014-10-27,2611,1550533116.0
2014-10-28,2611,1541822255.0
2014-10-29,2611,1526142707.0
2014-10-30,2611,1519174019.0
2014-10-31,2611,1536595739.0
2014-11-03,2611,1519174019.0
2014-11-04,2611,1531369223.0
2014-11-05,2611,1560986148.0
2014-11-06,2611,1562728320.0
2014-11-07,2611,1567954836.0
2014-11-10,2611,1567954836.0
2014-11-11,2611,1538337911.0
2014-11-12,2611,1519174019.0
2014-11-13,2611,1519174019.0
2014-11-14,2611,1541822255.0
2014-11-17,2611,1552275288.0
2014-11-18,2611,1538337911.0
2014-11-19,2611,1529627051.0
2014-11-20,2611,1533111395.0
2014-11-21,2611,1547048772.0
2014-11-24,2611,1554017460.0
2014-11-25,2611,1559243976.0
2014-11-26,2611,1559243976.0
2014-11-27,2611,1564470492.0
2014-11-28,2611,1597571761.0
2014-12-01,2611,1641126062.0
2014-12-02,2611,1604540449.0
2014-12-03,2611,1628930857.0
2014-12-04,2611,1609766965.0
2014-12-05,2611,1620219997.0
2014-12-08,2611,1733461180.0
2014-12-09,2611,1846702362.0
2014-12-10,2611,1829280642.0
2014-12-11,2611,1829280642.0
2014-12-12,2611,1777015481.0
2014-12-15,2611,1803148061.0
2014-12-16,2611,1811858922.0
2014-12-17,2611,1750882900.0
2014-12-18,2611,1759593760.0
2014-12-19,2611,1811858922.0
2014-12-22,2611,1785726341.0
2014-12-23,2611,1742172040.0
2014-12-24,2611,1759593760.0
2014-12-25,2611,1777015481.0
2014-12-26,2611,1768304621.0
2014-12-29,2611,1907678384.0
2014-12-30,2611,1916389244.0
2014-12-31,2611,2047052147.0
2015-01-05,2611,2186425910.0
2015-01-06,2611,2299667093.0
2015-01-07,2611,2308377953.0
2015-01-08,2611,2247401932.0
2015-01-09,2611,2273534512.0
2015-01-12,2611,2186425910.0
2015-01-13,2611,2186425910.0
2015-01-14,2611,2195136770.0
2015-01-15,2611,2116739029.0
2015-01-16,2611,2090606448.0
2015-01-19,2611,2020919566.0
2015-01-20,2611,2160293330.0
2015-01-21,2611,2099317308.0
2015-01-22,2611,2090606448.0
2015-01-23,2611,2108028168.0
2015-01-26,2611,2151582469.0
2015-01-27,2611,2116739029.0
2015-01-28,2611,2073184728.0
2015-01-29,2611,2055763007.0
2015-01-30,2611,2047052147.0
2015-02-02,2611,1942521825.0
2015-02-03,2611,1916389244.0
2015-02-04,2611,1890256663.0
2015-02-05,2611,1933810964.0
2015-02-06,2611,1890256663.0
2015-02-09,2611,1846702362.0
2015-02-10,2611,1855413223.0
2015-02-11,2611,1890256663.0
2015-02-12,2611,1881545803.0
2015-02-13,2611,1855413223.0
2015-02-24,2611,1855413223.0
2015-02-25,2611,1872834943.0
2015-02-26,2611,1864124083.0
2015-03-02,2611,1890256663.0
2015-03-03,2611,1881545803.0
2015-03-04,2611,1864124083.0
2015-03-05,2611,1872834943.0
2015-03-06,2611,1881545803.0
2015-03-09,2611,1846702362.0
2015-03-10,2611,1837991502.0
2015-03-11,2611,1855413223.0
2015-03-12,2611,1977365265.0
2015-03-13,2611,2064473867.0
2015-03-16,2611,2020919566.0
2015-03-17,2611,2108028168.0
2015-03-18,2611,2116739029.0
2015-03-19,2611,2047052147.0
2015-03-20,2611,2047052147.0
2015-03-23,2611,2012208706.0
2015-03-24,2611,1994786986.0
2015-03-25,2611,1959943545.0
2015-03-26,2611,1942521825.0
2015-03-27,2611,1864124083.0
2015-03-30,2611,1881545803.0
2015-03-31,2611,1925100104.0
2015-04-01,2611,1890256663.0
2015-04-02,2611,1890256663.0
2015-04-07,2611,1898967524.0
2015-04-08,2611,1916389244.0
2015-04-09,2611,1968654405.0
2015-04-10,2611,1959043545.0
2015-04-13,2611,1932922964.0
2015-04-14,2611,1924216104.0
2015-04-15,2611,1906802384.0
2015-04-16,2611,1871974943.0
2015-04-17,2611,1889388663.0
2015-04-20,2611,1845854362.0
2015-04-21,2611,1828440642.0
2015-04-22,2611,1828440642.0
2015-04-23,2611,1845854362.0
2015-04-24,2611,1802320061.0
2015-04-27,2611,1793613201.0
2015-04-28,2611,1802320061.0
2015-04-29,2611,1811026922.0
2015-04-30,2611,1811026922.0
2015-05-04,2611,1776199481.0
2015-05-05,2611,1776199481.0
2015-05-06,2611,1793613201.0
2015-05-07,2611,1776199481.0
2015-05-08,2611,1750078900.0
2015-05-11,2611,1669975786.0
2015-05-12,2611,1704803227.0
2015-05-13,2611,1711768715.0
2015-05-14,2611,1694354995.0
2015-05-15,2611,1671717158.0
2015-05-18,2611,1682165391.0
2015-05-19,2611,1680424019.0
2015-05-20,2611,1678682647.0
2015-05-21,2611,1654303438.0
2015-05-22,2611,1645596578.0
2015-05-25,2611,1669975786.0
2015-05-26,2611,1652562066.0
2015-05-27,2611,1636889718.0
2015-05-28,2611,1647337950.0
2015-05-29,2611,1638631090.0
2015-06-01,2611,1645596578.0
2015-06-02,2611,1633406974.0
2015-06-03,2611,1589872673.0
2015-06-04,2611,1553303860.0
2015-06-05,2611,1521959163.0
2015-06-08,2611,1528924651.0
2015-06-09,2611,1511510931.0
2015-06-10,2611,1521959163.0
2015-06-11,2611,1523700535.0
2015-06-12,2611,1523700535.0
2015-06-15,2611,1520217791.0
2015-06-16,2611,1605545021.0
2015-06-17,2611,1582907184.0
2015-06-18,2611,1622958741.0
2015-06-22,2611,1628182857.0
2015-06-23,2611,1638631090.0
2015-06-24,2611,1650820694.0
2015-06-25,2611,1656044810.0
2015-06-26,2611,1652562066.0
2015-06-29,2611,1656044810.0
2015-06-30,2611,1642113834.0
2015-07-01,2611,1649079322.0
2015-07-02,2611,1680424019.0
2015-07-03,2611,1671717158.0
2015-07-06,2611,1678682647.0
2015-07-07,2611,1737889296.0
2015-07-08,2611,1685648135.0
2015-07-09,2611,1701320483.0
2015-07-13,2611,1699579111.0
2015-07-14,2611,1701320483.0
2015-07-15,2611,1723958320.0
2015-07-16,2611,1725699692.0
2015-07-17,2611,1720475576.0
2015-07-20,2611,1703061855.0
2015-07-21,2611,1689130879.0
2015-07-22,2611,1645596578.0
2015-07-23,2611,1628182857.0
2015-07-24,2611,1628182857.0
2015-07-27,2611,1602062277.0
2015-07-28,2611,1593355417.0
2015-07-29,2611,1574200324.0
2015-07-30,2611,1584648556.0
2015-07-31,2611,1549821116.0
2015-08-03,2611,1534148767.0
2015-08-04,2611,1532407395.0
2015-08-05,2611,1534148767.0
2015-08-06,2611,1544596999.0
2015-08-07,2611,1541114255.0
2015-08-10,2611,1562010720.0
2015-08-11,2611,1544596999.0
2015-08-12,2611,1527183279.0
2015-08-13,2611,1528924651.0
2015-08-14,2611,1525441907.0
2015-08-17,2611,1527183279.0
2015-08-18,2611,1514993675.0
2015-08-19,2611,1480166234.0
2015-08-20,2611,1478424862.0
2015-08-21,2611,1412252724.0
2015-08-24,2611,1271201589.0
2015-08-25,2611,1396580376.0
2015-08-26,2611,1393097632.0
2015-08-27,2611,1389614888.0
2015-08-28,2611,1405287236.0
2015-08-31,2611,1325456471.0
2015-09-01,2611,1337506075.0
2015-09-02,2611,1328899215.0
2015-09-03,2611,1334063331.0
2015-09-04,2611,1330620587.0
2015-09-07,2611,1315128239.0
2015-09-08,2611,1318570983.0
2015-09-09,2611,1328899215.0
2015-09-10,2611,1327177843.0
2015-09-11,2611,1322013727.0
2015-09-14,2611,1320292355.0
2015-09-15,2611,1311685494.0
2015-09-16,2611,1318570983.0
2015-09-17,2611,1327177843.0
2015-09-18,2611,1339227447.0
2015-09-21,2611,1322013727.0
2015-09-22,2611,1355785999.0
2015-09-23,2611,1339980203.0
2015-09-24,2611,1338224004.0
2015-09-25,2611,1332955405.0
2015-09-30,2611,1332955405.0
2015-10-01,2611,1348761201.0
2015-10-02,2611,1348761201.0
2015-10-05,2611,1357542198.0
2015-10-06,2611,1369835594.0
2015-10-07,2611,1382128991.0
2015-10-08,2611,1390909988.0
2015-10-12,2611,1394422387.0
2015-10-13,2611,1387397589.0
2015-10-14,2611,1396178587.0
2015-10-15,2611,1397934786.0
2015-10-16,2611,1408471983.0
2015-10-19,2611,1404959584.0
2015-10-20,2611,1431302576.0
2015-10-21,2611,1415496781.0
2015-10-22,2611,1429546377.0
2015-10-23,2611,1426033978.0
2015-10-26,2611,1431302576.0
2015-10-27,2611,1424277778.0
2015-10-28,2611,1411984382.0
2015-10-29,2611,1389153789.0
2015-10-30,2611,1387397589.0
2015-11-02,2611,1396178587.0
2015-11-03,2611,1397934786.0
2015-11-04,2611,1419009180.0
2015-11-05,2611,1415496781.0
2015-11-06,2611,1410228182.0
2015-11-09,2611,1387397589.0
2015-11-10,2611,1371591794.0
2015-11-11,2611,1369835594.0
2015-11-12,2611,1368079395.0
2015-11-13,2611,1366323195.0
2015-11-16,2611,1371591794.0
2015-11-17,2611,1362810796.0
2015-11-18,2611,1369835594.0
2015-11-19,2611,1368079395.0
2015-11-20,2611,1390909988.0
2015-11-23,2611,1387397589.0
2015-11-24,2611,1378616592.0
2015-11-25,2611,1378616592.0
2015-11-26,2611,1366323195.0
2015-11-27,2611,1362810796.0
2015-11-30,2611,1369835594.0
2015-12-01,2611,1369835594.0
2015-12-02,2611,1366323195.0
2015-12-03,2611,1348761201.0
2015-12-04,2611,1359298398.0
2015-12-07,2611,1357542198.0
2015-12-08,2611,1359298398.0
2015-12-09,2611,1341736403.0
2015-12-10,2611,1341736403.0
2015-12-11,2611,1339980203.0
2015-12-14,2611,1357542198.0
2015-12-15,2611,1375104193.0
2015-12-16,2611,1362810796.0
2015-12-17,2611,1380372791.0
2015-12-18,2611,1375104193.0
2015-12-21,2611,1387397589.0
2015-12-22,2611,1389153789.0
2015-12-23,2611,1375104193.0
2015-12-24,2611,1361054597.0
2015-12-25,2611,1387397589.0
2015-12-28,2611,1378616592.0
2015-12-29,2611,1373347993.0
2015-12-30,2611,1366323195.0
2015-12-31,2611,1371591794.0
2016-01-04,2611,1357542198.0
2016-01-05,2611,1361054597.0
2016-01-06,2611,1355785999.0
2016-01-07,2611,1348761201.0
2016-01-08,2611,1362810796.0
2016-01-11,2611,1345248802.0
2016-01-12,2611,1317149610.0
2016-01-13,2611,1320662009.0
2016-01-14,2611,1308368613.0
2016-01-15,2611,1282025620.0
2016-01-18,2611,1289050418.0
2016-01-19,2611,1310124812.0
2016-01-20,2611,1301343815.0
2016-01-21,2611,1301343815.0
2016-01-22,2611,1301343815.0
2016-01-25,2611,1303100014.0
2016-01-26,2611,1282025620.0
2016-01-27,2611,1285538019.0
2016-01-28,2611,1287294219.0
2016-01-29,2611,1296075216.0
2016-02-01,2611,1296075216.0
2016-02-02,2611,1331199206.0
2016-02-15,2611,1308368613.0
2016-02-16,2611,1306612413.0
2016-02-17,2611,1306612413.0
2016-02-18,2611,1317149610.0
2016-02-19,2611,1297831416.0
2016-02-22,2611,1292562817.0
2016-02-23,2611,1315393411.0
2016-02-24,2611,1294319017.0
2016-02-25,2611,1297831416.0
2016-02-26,2611,1301343815.0
2016-03-01,2611,1317149610.0
2016-03-02,2611,1354029799.0
2016-03-03,2611,1348761201.0
2016-03-04,2611,1354029799.0
2016-03-07,2611,1359298398.0
2016-03-08,2611,1387397589.0
2016-03-09,2611,1371591794.0
2016-03-10,2611,1371591794.0
2016-03-11,2611,1357542198.0
2016-03-14,2611,1368079395.0
2016-03-15,2611,1359298398.0
2016-03-16,2611,1366323195.0
2016-03-17,2611,1378616592.0
2016-03-18,2611,1392666188.0
2016-03-21,2611,1378616592.0
2016-03-22,2611,1369835594.0
2016-03-23,2611,1373347993.0
2016-03-24,2611,1364566996.0
2016-03-25,2611,1364566996.0
2016-03-28,2611,1334711605.0
2016-03-29,2611,1338224004.0
2016-03-30,2611,1339980203.0
2016-03-31,2611,1347005001.0
2016-04-01,2611,1331199206.0
2016-04-06,2611,1322418208.0
2016-04-07,2611,1315393411.0
2016-04-08,2611,1324174408.0
2016-04-11,2611,1311881012.0
2016-04-12,2611,1306612413.0
2016-04-13,2611,1313637211.0
2016-04-14,2611,1315393411.0
2016-04-15,2611,1313637211.0
2016-04-18,2611,1315393411.0
2016-04-19,2611,1310124812.0
2016-04-20,2611,1301343815.0
2016-04-21,2611,1308368613.0
2016-04-22,2611,1297831416.0
2016-04-25,2611,1297831416.0
2016-04-26,2611,1308368613.0
2016-04-27,2611,1306612413.0
2016-04-28,2611,1320662009.0
2016-04-29,2611,1317149610.0
2016-05-03,2611,1311881012.0
2016-05-04,2611,1306612413.0
2016-05-05,2611,1306612413.0
2016-05-06,2611,1308368613.0
2016-05-09,2611,1308368613.0
2016-05-10,2611,1304856214.0
2016-05-11,2611,1308368613.0
2016-05-12,2611,1290806618.0
2016-05-13,2611,1292562817.0
2016-05-16,2611,1287294219.0
2016-05-17,2611,1278513221.0
2016-05-18,2611,1287294219.0
2016-05-19,2611,1280269421.0
2016-05-20,2611,1280269421.0
2016-05-23,2611,1292562817.0
2016-05-24,2611,1278513221.0
2016-05-25,2611,1289050418.0
2016-05-26,2611,1296075216.0
2016-05-27,2611,1297831416.0
2016-05-30,2611,1297831416.0
2016-05-31,2611,1287294219.0
2016-06-01,2611,1290806618.0
2016-06-02,2611,1294319017.0
2016-06-03,2611,1278513221.0
2016-06-06,2611,1285538019.0
2016-06-07,2611,1296075216.0
2016-06-08,2611,1296075216.0
2016-06-13,2611,1292562817.0
2016-06-14,2611,1282025620.0
2016-06-15,2611,1285538019.0
2016-06-16,2611,1273244623.0
2016-06-17,2611,1282025620.0
2016-06-20,2611,1287294219.0
2016-06-21,2611,1289050418.0
2016-06-22,2611,1292562817.0
2016-06-23,2611,1290806618.0
2016-06-24,2611,1273244623.0
2016-06-27,2611,1287294219.0
2016-06-28,2611,1285538019.0
2016-06-29,2611,1282025620.0
2016-06-30,2611,1294319017.0
2016-07-01,2611,1283781820.0
2016-07-04,2611,1283781820.0
2016-07-05,2611,1275000822.0
2016-07-06,2611,1275000822.0
2016-07-07,2611,1289050418.0
2016-07-11,2611,1282025620.0
2016-07-12,2611,1290806618.0
2016-07-13,2611,1287294219.0
2016-07-14,2611,1290806618.0
2016-07-15,2611,1283781820.0
2016-07-18,2611,1290806618.0
2016-07-19,2611,1296075216.0
2016-07-20,2611,1297831416.0
2016-07-21,2611,1311881012.0
2016-07-22,2611,1303100014.0
2016-07-25,2611,1296075216.0
2016-07-26,2611,1299587615.0
2016-07-27,2611,1299587615.0
2016-07-28,2611,1294319017.0
2016-07-29,2611,1296075216.0
2016-08-01,2611,1296075216.0
2016-08-02,2611,1290806618.0
2016-08-03,2611,1287294219.0
2016-08-04,2611,1287294219.0
2016-08-05,2611,1287294219.0
2016-08-08,2611,1287294219.0
2016-08-09,2611,1289050418.0
2016-08-10,2611,1276757022.0
2016-08-11,2611,1273244623.0
2016-08-12,2611,1271488424.0
2016-08-15,2611,1271488424.0
2016-08-16,2611,1271488424.0
2016-08-17,2611,1273244623.0
2016-08-18,2611,1275000822.0
2016-08-19,2611,1271488424.0
2016-08-22,2611,1269732224.0
2016-08-23,2611,1260951227.0
2016-08-24,2611,1266219825.0
2016-08-25,2611,1266219825.0
2016-08-26,2611,1262707426.0
2016-08-29,2611,1267976025.0
2016-08-30,2611,1266219825.0
2016-08-31,2611,1271488424.0
2016-09-01,2611,1276757022.0
2016-09-02,2611,1266219825.0
2016-09-05,2611,1266219825.0
2016-09-06,2611,1264463626.0
2016-09-07,2611,1266219825.0
2016-09-08,2611,1273244623.0
2016-09-09,2611,1278513221.0
2016-09-12,2611,1217046240.0
2016-09-13,2611,1222314838.0
2016-09-14,2611,1224071038.0
2016-09-19,2611,1211777641.0
2016-09-20,2611,1217046240.0
2016-09-21,2611,1220558639.0
2016-09-22,2611,1211777641.0
2016-09-23,2611,1215290040.0
2016-09-26,2611,1215290040.0
2016-09-29,2611,1220558639.0
2016-09-30,2611,1215290040.0
2016-10-03,2611,1215290040.0
2016-10-04,2611,1231736847.0
2016-10-05,2611,1233519389.0
2016-10-06,2611,1228171762.0
2016-10-07,2611,1233519389.0
2016-10-11,2611,1229954304.0
2016-10-12,2611,1222824134.0
2016-10-13,2611,1204998710.0
2016-10-14,2611,1204998710.0
2016-10-17,2611,1196085997.0
2016-10-18,2611,1199651082.0
2016-10-19,2611,1204998710.0
2016-10-20,2611,1212128880.0
2016-10-21,2611,1212128880.0
2016-10-24,2611,1208563795.0
2016-10-25,2611,1215693965.0
2016-10-26,2611,1224606677.0
2016-10-27,2611,1222824134.0
2016-10-28,2611,1224606677.0
2016-10-31,2611,1228171762.0
2016-11-01,2611,1228171762.0
2016-11-02,2611,1228171762.0
2016-11-03,2611,1215693965.0
2016-11-04,2611,1215693965.0
2016-11-07,2611,1215693965.0
2016-11-08,2611,1210346337.0
2016-11-09,2611,1178260573.0
2016-11-10,2611,1203216167.0
2016-11-11,2611,1203216167.0
2016-11-14,2611,1229954304.0
2016-11-15,2611,1222824134.0
2016-11-16,2611,1215693965.0
2016-11-17,2611,1215693965.0
2016-11-18,2611,1215693965.0
2016-11-21,2611,1215693965.0
2016-11-22,2611,1208563795.0
2016-11-23,2611,1212128880.0
2016-11-24,2611,1199651082.0
2016-11-25,2611,1217476507.0
2016-11-28,2611,1203216167.0
2016-11-29,2611,1219259049.0
2016-11-30,2611,1212128880.0
2016-12-01,2611,1212128880.0
2016-12-02,2611,1212128880.0
2016-12-05,2611,1210346337.0
2016-12-06,2611,1210346337.0
2016-12-07,2611,1212128880.0
2016-12-08,2611,1206781252.0
2016-12-09,2611,1208563795.0
2016-12-12,2611,1210346337.0
2016-12-13,2611,1208563795.0
2016-12-14,2611,1204998710.0
2016-12-15,2611,1208563795.0
2016-12-16,2611,1224606677.0
2016-12-19,2611,1219259049.0
2016-12-20,2611,1226389219.0
2016-12-21,2611,1221041592.0
2016-12-22,2611,1212128880.0
2016-12-23,2611,1215693965.0
2016-12-26,2611,1219259049.0
2016-12-27,2611,1206781252.0
2016-12-28,2611,1217476507.0
2016-12-29,2611,1208563795.0
2016-12-30,2611,1212128880.0
2017-01-03,2611,1258474984.0
2017-01-04,2611,1231736847.0
2017-01-05,2611,1269170239.0
2017-01-06,2611,1292343291.0
2017-01-09,2611,1279865493.0
2017-01-10,2611,1272735324.0
2017-01-11,2611,1270952781.0
2017-01-12,2611,1258474984.0
2017-01-13,2611,1269170239.0
2017-01-16,2611,1288778206.0
2017-01-17,2611,1294125833.0
2017-01-18,2611,1265605154.0
2017-01-19,2611,1269170239.0
2017-01-20,2611,1295908376.0
2017-01-23,2611,1301256003.0
2017-01-24,2611,1290560748.0
2017-02-02,2611,1310168715.0
2017-02-03,2611,1301256003.0
2017-02-06,2611,1327994140.0
2017-02-07,2611,1340471937.0
2017-02-08,2611,1317298885.0
2017-02-09,2611,1336906853.0
2017-02-10,2611,1338689395.0
2017-02-13,2611,1326211598.0
2017-02-14,2611,1315516343.0
2017-02-15,2611,1336906853.0
2017-02-16,2611,1326211598.0
2017-02-17,2611,1313733800.0
2017-02-20,2611,1329776683.0
2017-02-21,2611,1333341768.0
2017-02-22,2611,1324429055.0
2017-02-23,2611,1324429055.0
2017-02-24,2611,1331559225.0
2017-03-01,2611,1333341768.0
2017-03-02,2611,1329776683.0
2017-03-03,2611,1324429055.0
2017-03-06,2611,1322646513.0
2017-03-07,2611,1317298885.0
2017-03-08,2611,1306603631.0
2017-03-09,2611,1297690918.0
2017-03-10,2611,1286995663.0
2017-03-13,2611,1285213121.0
2017-03-14,2611,1286995663.0
2017-03-15,2611,1281648036.0
2017-03-16,2611,1281648036.0
2017-03-17,2611,1283430578.0
2017-03-20,2611,1276300409.0
2017-03-21,2611,1294125833.0
2017-03-22,2611,1279865493.0
2017-03-23,2611,1279865493.0
2017-03-24,2611,1281648036.0
2017-03-27,2611,1272735324.0
2017-03-28,2611,1265605154.0
2017-03-29,2611,1270952781.0
2017-03-30,2611,1269170239.0
2017-03-31,2611,1274517866.0
2017-04-05,2611,1267387696.0
2017-04-06,2611,1272735324.0
2017-04-07,2611,1270952781.0
2017-04-10,2611,1263759154.0
2017-04-11,2611,1253079499.0
2017-04-12,2611,1229940247.0
2017-04-13,2611,1242399844.0
2017-04-14,2611,1222820477.0
2017-04-17,2611,1213920765.0
2017-04-18,2611,1219260592.0
2017-04-19,2611,1210360880.0
2017-04-20,2611,1208580937.0
2017-04-21,2611,1205021052.0
2017-04-24,2611,1219260592.0
2017-04-25,2611,1240619902.0
2017-04-26,2611,1233500132.0
2017-04-27,2611,1245959729.0
2017-04-28,2611,1245959729.0
2017-05-02,2611,1215700707.0
2017-05-03,2611,1206800995.0
2017-05-04,2611,1205021052.0
2017-05-05,2611,1196121340.0
2017-05-08,2611,1189001570.0
2017-05-09,2611,1189001570.0
2017-05-10,2611,1199681225.0
2017-05-11,2611,1194341397.0
2017-05-12,2611,1210360880.0
2017-05-15,2611,1196121340.0
2017-05-16,2611,1212140822.0
2017-05-17,2611,1194341397.0
2017-05-18,2611,1206800995.0
2017-05-19,2611,1208580937.0
2017-05-22,2611,1215700707.0
2017-05-23,2611,1203241110.0
2017-05-24,2611,1210360880.0
2017-05-25,2611,1222820477.0
2017-05-26,2611,1224600419.0
2017-06-01,2611,1215700707.0
2017-06-02,2611,1221040534.0
2017-06-05,2611,1215700707.0
2017-06-06,2611,1231720189.0
2017-06-07,2611,1228160304.0
2017-06-08,2611,1224600419.0
2017-06-09,2611,1224600419.0
2017-06-12,2611,1221040534.0
2017-06-13,2611,1210360880.0
2017-06-14,2611,1189001570.0
2017-06-15,2611,1190781512.0
2017-06-16,2611,1199681225.0
2017-06-19,2611,1203241110.0
2017-06-20,2611,1205021052.0
2017-06-21,2611,1215700707.0
2017-06-22,2611,1206800995.0
2017-06-23,2611,1203241110.0
2017-06-26,2611,1212140822.0
2017-06-27,2611,1208580937.0
2017-06-28,2611,1217480649.0
2017-06-29,2611,1213920765.0
2017-06-30,2611,1213920765.0
2017-07-03,2611,1215700707.0
2017-07-04,2611,1224600419.0
2017-07-05,2611,1222820477.0
2017-07-06,2611,1224600419.0
2017-07-07,2611,1210360880.0
2017-07-10,2611,1210360880.0
2017-07-11,2611,1197901282.0
2017-07-12,2611,1196121340.0
2017-07-13,2611,1185441685.0
2017-07-14,2611,1189001570.0
2017-07-17,2611,1190781512.0
2017-07-18,2611,1238839959.0
2017-07-19,2611,1231720189.0
2017-07-20,2611,1206800995.0
2017-07-21,2611,1217480649.0
2017-07-24,2611,1213920765.0
2017-07-25,2611,1208580937.0
2017-07-26,2611,1219260592.0
2017-07-27,2611,1245959729.0
2017-07-28,2611,1245959729.0
2017-07-31,2611,1237060017.0
2017-08-01,2611,1247739671.0
2017-08-02,2611,1245959729.0
2017-08-03,2611,1265539096.0
2017-08-04,2611,1263759154.0
2017-08-07,2611,1263759154.0
2017-08-08,2611,1260199269.0
2017-08-09,2611,1242399844.0
2017-08-10,2611,1222820477.0
2017-08-11,2611,1229940247.0
2017-08-14,2611,1206800995.0
2017-08-15,2611,1215700707.0
2017-08-16,2611,1210360880.0
2017-08-17,2611,1208580937.0
2017-08-18,2611,1229940247.0
2017-08-21,2611,1229940247.0
2017-08-22,2611,1235280074.0
2017-08-23,2611,1229940247.0
2017-08-24,2611,1229940247.0
2017-08-25,2611,1237060017.0
2017-08-28,2611,1256639384.0
2017-08-29,2611,1258419326.0
2017-08-30,2611,1258419326.0
2017-08-31,2611,1256639384.0
2017-09-01,2611,1263759154.0
2017-09-04,2611,1260199269.0
2017-09-05,2611,1272658866.0
2017-09-06,2611,1263759154.0
2017-09-07,2611,1263759154.0
2017-09-08,2611,1265539096.0
2017-09-11,2611,1267319039.0
2017-09-12,2611,1267319039.0
2017-09-13,2611,1261979211.0
2017-09-14,2611,1267319039.0
2017-09-15,2611,1272658866.0
2017-09-18,2611,1276218751.0
2017-09-19,2611,1274438809.0
2017-09-20,2611,1274438809.0
2017-09-21,2611,1270878924.0
2017-09-22,2611,1253079499.0
2017-09-25,2611,1258419326.0
2017-09-26,2611,1258419326.0
2017-09-27,2611,1261979211.0
2017-09-28,2611,1249519614.0
2017-09-29,2611,1258419326.0
2017-10-02,2611,1251299556.0
2017-10-03,2611,1260199269.0
2017-10-05,2611,1263759154.0
2017-10-06,2611,1256639384.0
2017-10-11,2611,1261979211.0
2017-10-12,2611,1251299556.0
2017-10-13,2611,1247739671.0
2017-10-16,2611,1251299556.0
2017-10-17,2611,1244179787.0
2017-10-18,2611,1244179787.0
2017-10-19,2611,1245959729.0
2017-10-20,2611,1238839959.0
2017-10-23,2611,1240619902.0
2017-10-24,2611,1240619902.0
2017-10-25,2611,1238839959.0
2017-10-26,2611,1233500132.0
2017-10-27,2611,1238839959.0
2017-10-30,2611,1228160304.0
2017-10-31,2611,1229940247.0
2017-11-01,2611,1242399844.0
2017-11-02,2611,1235280074.0
2017-11-03,2611,1229940247.0
2017-11-06,2611,1237060017.0
2017-11-07,2611,1231720189.0
2017-11-08,2611,1242399844.0
2017-11-09,2611,1237060017.0
2017-11-10,2611,1245959729.0
2017-11-13,2611,1244179787.0
2017-11-14,2611,1226380362.0
2017-11-15,2611,1231720189.0
2017-11-16,2611,1238839959.0
2017-11-17,2611,1235280074.0
2017-11-20,2611,1224600419.0
2017-11-21,2611,1226380362.0
2017-11-22,2611,1226380362.0
2017-11-23,2611,1233500132.0
2017-11-24,2611,1226380362.0
2017-11-27,2611,1229940247.0
2017-11-28,2611,1247739671.0
2017-11-29,2611,1242399844.0
2017-11-30,2611,1242399844.0
2017-12-01,2611,1235280074.0
2017-12-04,2611,1237060017.0
2017-12-05,2611,1233500132.0
2017-12-06,2611,1244179787.0
2017-12-07,2611,1235280074.0
2017-12-08,2611,1245959729.0
2017-12-11,2611,1253079499.0
2017-12-12,2611,1245959729.0
2017-12-13,2611,1237060017.0
2017-12-14,2611,1237060017.0
2017-12-15,2611,1231720189.0
2017-12-18,2611,1235280074.0
2017-12-19,2611,1244179787.0
2017-12-20,2611,1244179787.0
2017-12-21,2611,1231720189.0
2017-12-22,2611,1242399844.0
2017-12-25,2611,1249519614.0
2017-12-26,2611,1235280074.0
2017-12-27,2611,1249519614.0
2017-12-28,2611,1251299556.0
2017-12-29,2611,1256639384.0
2018-01-02,2611,1267319039.0
2018-01-03,2611,1261979211.0
2018-01-04,2611,1256639384.0
2018-01-05,2611,1251299556.0
2018-01-08,2611,1249519614.0
2018-01-09,2611,1256639384.0
2018-01-10,2611,1263759154.0
2018-01-11,2611,1258419326.0
2018-01-12,2611,1263759154.0
2018-01-15,2611,1276218751.0
2018-01-16,2611,1276218751.0
2018-01-17,2611,1290458291.0
2018-01-18,2611,1288678348.0
2018-01-19,2611,1288678348.0
2018-01-22,2611,1279778636.0
2018-01-23,2611,1276218751.0
2018-01-24,2611,1272658866.0
2018-01-25,2611,1274438809.0
2018-01-26,2611,1269098981.0
2018-01-29,2611,1265539096.0
2018-01-30,2611,1260199269.0
2018-01-31,2611,1265539096.0
2018-02-01,2611,1276218751.0
2018-02-02,2611,1260199269.0
2018-02-05,2611,1238839959.0
2018-02-06,2611,1222820477.0
2018-02-07,2611,1213920765.0
2018-02-08,2611,1228160304.0
2018-02-09,2611,1194341397.0
2018-02-12,2611,1210360880.0
2018-02-21,2611,1221040534.0
2018-02-22,2611,1224600419.0
2018-02-23,2611,1221040534.0
2018-02-26,2611,1224600419.0
2018-02-27,2611,1217480649.0
2018-03-01,2611,1210360880.0
2018-03-02,2611,1208580937.0
2018-03-05,2611,1201461167.0
2018-03-06,2611,1228160304.0
2018-03-07,2611,1233500132.0
2018-03-08,2611,1295798118.0
2018-03-09,2611,1256639384.0
2018-03-12,2611,1256639384.0
2018-03-13,2611,1253079499.0
2018-03-14,2611,1363435932.0
2018-03-15,2611,1310037658.0
2018-03-16,2611,1391915012.0
2018-03-19,2611,1420394091.0
2018-03-20,2611,1349196392.0
2018-03-21,2611,1352756277.0
2018-03-22,2611,1350976335.0
2018-03-23,2611,1286898406.0
2018-03-26,2611,1286898406.0
2018-03-27,2611,1290458291.0
2018-03-28,2611,1290458291.0
2018-03-29,2611,1292238233.0
2018-03-30,2611,1292238233.0
2018-04-02,2611,1299358003.0
2018-04-03,2611,1320717313.0
2018-04-09,2611,1310037658.0
2018-04-10,2611,1292238233.0
2018-04-11,2611,1302917888.0
2018-04-12,2611,1290458291.0
2018-04-13,2611,1285118463.0
2018-04-16,2611,1288678348.0
2018-04-17,2611,1301137946.0
2018-04-18,2611,1317157428.0
2018-04-19,2611,1295798118.0
2018-04-20,2611,1297578061.0
2018-04-23,2611,1297578061.0
2018-04-24,2611,1281558578.0
2018-04-25,2611,1283338521.0
2018-04-26,2611,1281558578.0
2018-04-27,2611,1283338521.0
2018-04-30,2611,1276218751.0
2018-05-02,2611,1301137946.0
2018-05-03,2611,1292238233.0
2018-05-04,2611,1290458291.0
2018-05-07,2611,1306477773.0
2018-05-08,2611,1304697831.0
2018-05-09,2611,1295798118.0
2018-05-10,2611,1311817600.0
2018-05-11,2611,1326057140.0
2018-05-14,2611,1349196392.0
2018-05-15,2611,1317157428.0
2018-05-16,2611,1336736795.0
2018-05-17,2611,1333176910.0
2018-05-18,2611,1347416450.0
2018-05-21,2611,1350976335.0
2018-05-22,2611,1340296680.0
2018-05-23,2611,1331396968.0
2018-05-24,2611,1345636507.0
2018-05-25,2611,1342076622.0
2018-05-28,2611,1334956853.0
2018-05-29,2611,1336736795.0
2018-05-30,2611,1327837083.0
2018-05-31,2611,1366995817.0
2018-06-01,2611,1350976335.0
2018-06-04,2611,1370555702.0
2018-06-05,2611,1402594666.0
2018-06-06,2611,1415054264.0
2018-06-07,2611,1422174034.0
2018-06-08,2611,1409714436.0
2018-06-11,2611,1413274321.0
2018-06-12,2611,1413274321.0
2018-06-13,2611,1422174034.0
2018-06-14,2611,1420394091.0
2018-06-15,2611,1397254839.0
2018-06-19,2611,1352756277.0
2018-06-20,2611,1402594666.0
2018-06-21,2611,1406154551.0
2018-06-22,2611,1407934494.0
2018-06-25,2611,1384795242.0
2018-06-26,2611,1388355127.0
2018-06-27,2611,1457772883.0
2018-06-28,2611,1464892653.0
2018-06-29,2611,1493371732.0
2018-07-02,2611,1530750524.0
2018-07-03,2611,1575249086.0
2018-07-04,2611,1614407820.0
2018-07-05,2611,1630427303.0
2018-07-06,2611,1532530467.0
2018-07-09,2611,1534310409.0
2018-07-10,2611,1512951100.0
2018-07-11,2611,1505831330.0
2018-07-12,2611,1504051387.0
2018-07-13,2611,1498711560.0
2018-07-16,2611,1498711560.0
2018-07-17,2611,1475572308.0
2018-07-18,2611,1436413573.0
2018-07-19,2611,1457772883.0
2018-07-20,2611,1454212998.0
2018-07-23,2611,1432853688.0
2018-07-24,2611,1439973458.0
2018-07-25,2611,1423953976.0
2018-07-26,2611,1436413573.0
2018-07-27,2611,1432853688.0
2018-07-30,2611,1436413573.0
2018-07-31,2611,1420394091.0
2018-08-01,2611,1411494379.0
2018-08-02,2611,1406154551.0
2018-08-03,2611,1402594666.0
2018-08-06,2611,1400814724.0
2018-08-07,2611,1409714436.0
2018-08-08,2611,1409714436.0
2018-08-09,2611,1415054264.0
2018-08-10,2611,1406154551.0
2018-08-13,2611,1361655990.0
2018-08-14,2611,1358096105.0
2018-08-15,2611,1308257715.0
2018-08-16,2611,1317157428.0
2018-08-17,2611,1322497255.0
2018-08-20,2611,1327837083.0
2018-08-21,2611,1334956853.0
2018-08-22,2611,1377675472.0
2018-08-23,2611,1366995817.0
2018-08-24,2611,1366995817.0
2018-08-27,2611,1354536220.0
2018-08-28,2611,1365215874.0
2018-08-29,2611,1334956853.0
2018-08-30,2611,1326057140.0
2018-08-31,2611,1336736795.0
2018-09-03,2611,1320717313.0
2018-09-04,2611,1317157428.0
2018-09-05,2611,1322497255.0
2018-09-06,2611,1317157428.0
2018-09-07,2611,1310037658.0
2018-09-10,2611,1295798118.0
2018-09-11,2611,1308257715.0
2018-09-12,2611,1295798118.0
2018-09-13,2611,1285118463.0
2018-09-14,2611,1318937370.0
2018-09-17,2611,1331396968.0
2018-09-18,2611,1313597543.0
2018-09-19,2611,1342076622.0
2018-09-20,2611,1347416450.0
2018-09-21,2611,1342076622.0
2018-09-25,2611,1342076622.0
2018-09-26,2611,1327837083.0
2018-09-27,2611,1327837083.0
2018-09-28,2611,1317157428.0
2018-10-01,2611,1301137946.0
2018-10-02,2611,1297578061.0
2018-10-03,2611,1304697831.0
2018-10-04,2611,1297578061.0
2018-10-08,2611,1281558578.0
2018-10-09,2611,1292238233.0
2018-10-11,2611,1164082375.0
2018-10-12,2611,1185441685.0
2018-10-15,2611,1171202145.0
2018-10-16,2611,1172982088.0
2018-10-17,2611,1171202145.0
2018-10-18,2611,1178321915.0
2018-10-19,2611,1181881800.0
2018-10-22,2611,1192561455.0
2018-10-23,2611,1171202145.0
2018-10-24,2611,1181881800.0
2018-10-25,2611,1142723066.0
2018-10-26,2611,1153402721.0
2018-10-29,2611,1153402721.0
2018-10-30,2611,1153402721.0
2018-10-31,2611,1156962606.0
2018-11-01,2611,1160522490.0
2018-11-02,2611,1167642260.0
2018-11-05,2611,1165862318.0
2018-11-06,2611,1151622778.0
2018-11-07,2611,1158742548.0
2018-11-08,2611,1169422203.0
2018-11-09,2611,1171202145.0
2018-11-12,2611,1172982088.0
2018-11-13,2611,1165862318.0
2018-11-14,2611,1187221627.0
2018-11-15,2611,1194341397.0
2018-11-16,2611,1208580937.0
2018-11-19,2611,1201461167.0
2018-11-20,2611,1206800995.0
2018-11-21,2611,1208580937.0
2018-11-22,2611,1208580937.0
2018-11-23,2611,1208580937.0
2018-11-26,2611,1215700707.0
2018-11-27,2611,1219260592.0
2018-11-28,2611,1270878924.0
2018-11-29,2611,1286898406.0
2018-11-30,2611,1288678348.0
2018-12-03,2611,1370555702.0
2018-12-04,2611,1370555702.0
2018-12-05,2611,1340296680.0
2018-12-06,2611,1267319039.0
2018-12-07,2611,1269098981.0
2018-12-10,2611,1229940247.0
2018-12-11,2611,1254859441.0
2018-12-12,2611,1261979211.0
2018-12-13,2611,1249519614.0
2018-12-14,2611,1258419326.0
2018-12-17,2611,1261979211.0
2018-12-18,2611,1258419326.0
2018-12-19,2611,1251299556.0
2018-12-20,2611,1201461167.0
2018-12-21,2611,1206800995.0
2018-12-24,2611,1228160304.0
2018-12-25,2611,1201461167.0
2018-12-26,2611,1212140822.0
2018-12-27,2611,1206800995.0
2018-12-28,2611,1212140822.0
2019-01-02,2611,1201461167.0
2019-01-03,2611,1189001570.0
2019-01-04,2611,1189001570.0
2019-01-07,2611,1192561455.0
2019-01-08,2611,1187221627.0
2019-01-09,2611,1194341397.0
2019-01-10,2611,1192561455.0
2019-01-11,2611,1196121340.0
2019-01-14,2611,1181881800.0
2019-01-15,2611,1189001570.0
2019-01-16,2611,1178321915.0
2019-01-17,2611,1180101858.0
2019-01-18,2611,1185441685.0
2019-01-21,2611,1189001570.0
2019-01-22,2611,1189001570.0
2019-01-23,2611,1189001570.0
2019-01-24,2611,1203241110.0
2019-01-25,2611,1197901282.0
2019-01-28,2611,1203241110.0
2019-01-29,2611,1205021052.0
2019-01-30,2611,1199681225.0
2019-02-11,2611,1206800995.0
2019-02-12,2611,1199681225.0
2019-02-13,2611,1203241110.0
2019-02-14,2611,1210360880.0
2019-02-15,2611,1213920765.0
2019-02-18,2611,1219260592.0
2019-02-19,2611,1226380362.0
2019-02-20,2611,1235280074.0
2019-02-21,2611,1219260592.0
2019-02-22,2611,1222820477.0
2019-02-25,2611,1238839959.0
2019-02-26,2611,1228160304.0
2019-02-27,2611,1231720189.0
2019-03-04,2611,1233500132.0
2019-03-05,2611,1231720189.0
2019-03-06,2611,1229940247.0
2019-03-07,2611,1233500132.0
2019-03-08,2611,1235280074.0
2019-03-11,2611,1238839959.0
2019-03-12,2611,1235280074.0
2019-03-13,2611,1235280074.0
2019-03-14,2611,1233500132.0
2019-03-15,2611,1228160304.0
2019-03-18,2611,1228160304.0
2019-03-19,2611,1221040534.0
2019-03-20,2611,1233500132.0
2019-03-21,2611,1226380362.0
2019-03-22,2611,1231720189.0
2019-03-25,2611,1228160304.0
2019-03-26,2611,1224600419.0
2019-03-27,2611,1317157428.0
2019-03-28,2611,1317157428.0
2019-03-29,2611,1334956853.0
2019-04-01,2611,1338516737.0
2019-04-02,2611,1334956853.0
2019-04-03,2611,1347416450.0
2019-04-08,2611,1361655990.0
2019-04-09,2611,1359876047.0
2019-04-10,2611,1356316162.0
2019-04-11,2611,1350976335.0
2019-04-12,2611,1336736795.0
2019-04-15,2611,1342076622.0
2019-04-16,2611,1349196392.0
2019-04-17,2611,1358096105.0
2019-04-18,2611,1349196392.0
2019-04-19,2611,1352756277.0
2019-04-22,2611,1354536220.0
2019-04-23,2611,1350976335.0
2019-04-24,2611,1345636507.0
2019-04-25,2611,1343856565.0
2019-04-26,2611,1334956853.0
2019-04-29,2611,1349196392.0
2019-04-30,2611,1352756277.0
2019-05-02,2611,1352756277.0
2019-05-03,2611,1352756277.0
2019-05-06,2611,1345636507.0
2019-05-07,2611,1350976335.0
2019-05-08,2611,1334956853.0
2019-05-09,2611,1334956853.0
2019-05-10,2611,1340296680.0
2019-05-13,2611,1327837083.0
2019-05-14,2611,1326057140.0
2019-05-15,2611,1334956853.0
2019-05-16,2611,1359876047.0
2019-05-17,2611,1366995817.0
2019-05-20,2611,1359876047.0
2019-05-21,2611,1363435932.0
2019-05-22,2611,1349196392.0
2019-05-23,2611,1349196392.0
2019-05-24,2611,1342076622.0
2019-05-27,2611,1343856565.0
2019-05-28,2611,1350976335.0
2019-05-29,2611,1343856565.0
2019-05-30,2611,1343856565.0
2019-05-31,2611,1350976335.0
2019-06-03,2611,1352756277.0
2019-06-04,2611,1354536220.0
2019-06-05,2611,1356316162.0
2019-06-06,2611,1372335644.0
2019-06-10,2611,1393694954.0
2019-06-11,2611,1375895529.0
2019-06-12,2611,1381235357.0
2019-06-13,2611,1384795242.0
2019-06-14,2611,1377675472.0
2019-06-17,2611,1379455414.0
2019-06-18,2611,1379455414.0
2019-06-19,2611,1381235357.0
2019-06-20,2611,1391915012.0
2019-06-21,2611,1386575184.0
2019-06-24,2611,1404374609.0
2019-06-25,2611,1397254839.0
2019-06-26,2611,1399034781.0
2019-06-27,2611,1406154551.0
2019-06-28,2611,1407934494.0
2019-07-01,2611,1415054264.0
2019-07-02,2611,1416834206.0
2019-07-03,2611,1418614149.0
2019-07-04,2611,1415054264.0
2019-07-05,2611,1434633631.0
2019-07-08,2611,1431073746.0
2019-07-09,2611,1407934494.0
2019-07-10,2611,1416834206.0
2019-07-11,2611,1416834206.0
2019-07-12,2611,1407934494.0
2019-07-15,2611,1399034781.0
2019-07-16,2611,1399034781.0
2019-07-17,2611,1409714436.0
2019-07-18,2611,1390135069.0
2019-07-19,2611,1409714436.0
2019-07-22,2611,1402594666.0
2019-07-23,2611,1402594666.0
2019-07-24,2611,1397254839.0
2019-07-25,2611,1404374609.0
2019-07-26,2611,1406154551.0
2019-07-29,2611,1406154551.0
2019-07-30,2611,1402594666.0
2019-07-31,2611,1399034781.0
2019-08-01,2611,1402594666.0
2019-08-02,2611,1391915012.0
2019-08-05,2611,1375895529.0
2019-08-06,2611,1391915012.0
2019-08-07,2611,1386575184.0
2019-08-08,2611,1363955414.0
2019-08-12,2611,1381554839.0
2019-08-13,2611,1369235242.0
2019-08-14,2611,1383314781.0
2019-08-15,2611,1388594609.0
2019-08-16,2611,1407953976.0
2019-08-19,2611,1404434091.0
2019-08-20,2611,1406194034.0
2019-08-21,2611,1404434091.0
2019-08-22,2611,1404434091.0
2019-08-23,2611,1407953976.0
2019-08-26,2611,1414993746.0
2019-08-27,2611,1414993746.0
2019-08-28,2611,1406194034.0
2019-08-29,2611,1337556277.0
2019-08-30,2611,1341076162.0
2019-09-02,2611,1330516507.0
2019-09-03,2611,1328756565.0
2019-09-04,2611,1319956853.0
2019-09-05,2611,1314677025.0
2019-09-06,2611,1312917083.0
2019-09-09,2611,1307637255.0
2019-09-10,2611,1305877313.0
2019-09-11,2611,1309397198.0
2019-09-12,2611,1304117370.0
2019-09-16,2611,1295317658.0
2019-09-17,2611,1297077600.0
2019-09-18,2611,1302357428.0
2019-09-19,2611,1302357428.0
2019-09-20,2611,1304117370.0
2019-09-23,2611,1300597485.0
2019-09-24,2611,1302357428.0
2019-09-25,2611,1297077600.0
2019-09-26,2611,1297077600.0
2019-09-27,2611,1293557715.0
2019-10-01,2611,1297077600.0
2019-10-02,2611,1293557715.0
2019-10-03,2611,1288277888.0
2019-10-04,2611,1284758003.0
2019-10-07,2611,1293557715.0
2019-10-08,2611,1284758003.0
2019-10-09,2611,1277718233.0
2019-10-14,2611,1274198348.0
2019-10-15,2611,1279478176.0
2019-10-16,2611,1288277888.0
2019-10-17,2611,1284758003.0
2019-10-18,2611,1284758003.0
2019-10-21,2611,1293557715.0
2019-10-22,2611,1305877313.0
2019-10-23,2611,1300597485.0
2019-10-24,2611,1302357428.0
2019-10-25,2611,1297077600.0
2019-10-28,2611,1288277888.0
2019-10-29,2611,1288277888.0
2019-10-30,2611,1277718233.0
2019-10-31,2611,1279478176.0
2019-11-01,2611,1275958291.0
2019-11-04,2611,1279478176.0
2019-11-05,2611,1279478176.0
2019-11-06,2611,1279478176.0
2019-11-07,2611,1275958291.0
2019-11-08,2611,1281238118.0
2019-11-11,2611,1275958291.0
2019-11-12,2611,1277718233.0
2019-11-13,2611,1272438406.0
2019-11-14,2611,1268918521.0
2019-11-15,2611,1293557715.0
2019-11-18,2611,1284758003.0
2019-11-19,2611,1291797773.0
2019-11-20,2611,1284758003.0
2019-11-21,2611,1277718233.0
2019-11-22,2611,1290037831.0
2019-11-25,2611,1279478176.0
2019-11-26,2611,1284758003.0
2019-11-27,2611,1284758003.0
2019-11-28,2611,1282998061.0
2019-11-29,2611,1277718233.0
2019-12-02,2611,1275958291.0
2019-12-03,2611,1281238118.0
2019-12-04,2611,1279478176.0
2019-12-05,2611,1275958291.0
2019-12-06,2611,1279478176.0
2019-12-09,2611,1274198348.0
2019-12-10,2611,1284758003.0
2019-12-11,2611,1279478176.0
2019-12-12,2611,1282998061.0
2019-12-13,2611,1200280765.0
2019-12-16,2611,1221400074.0
2019-12-17,2611,1231959729.0
2019-12-18,2611,1237239556.0
2019-12-19,2611,1230199787.0
2019-12-20,2611,1231959729.0
2019-12-23,2611,1223160017.0
2019-12-24,2611,1224919959.0
2019-12-25,2611,1223160017.0
2019-12-26,2611,1221400074.0
2019-12-27,2611,1212600362.0
2019-12-30,2611,1212600362.0
2019-12-31,2611,1217880189.0
2020-01-02,2611,1228439844.0
2020-01-03,2611,1237239556.0
2020-01-06,2611,1226679902.0
2020-01-07,2611,1224919959.0
2020-01-08,2611,1219640132.0
2020-01-09,2611,1221400074.0
2020-01-10,2611,1216120247.0
2020-01-13,2611,1214360304.0
2020-01-14,2611,1210840419.0
2020-01-15,2611,1205560592.0
2020-01-16,2611,1205560592.0
2020-01-17,2611,1210840419.0
2020-01-20,2611,1216120247.0
2020-01-30,2611,1191481052.0
2020-01-31,2611,1170361743.0
2020-02-03,2611,1154522260.0
2020-02-04,2611,1173881627.0
2020-02-05,2611,1172121685.0
2020-02-06,2611,1180921397.0
2020-02-07,2611,1177401512.0
2020-02-10,2611,1177401512.0
2020-02-11,2611,1187961167.0
2020-02-12,2611,1203800649.0
2020-02-13,2611,1221400074.0
2020-02-14,2611,1219640132.0
2020-02-17,2611,1209080477.0
2020-02-18,2611,1202040707.0
2020-02-19,2611,1203800649.0
2020-02-20,2611,1202040707.0
2020-02-21,2611,1205560592.0
2020-02-24,2611,1209080477.0
2020-02-25,2611,1207320534.0
2020-02-26,2611,1209080477.0
2020-02-27,2611,1205560592.0
2020-03-02,2611,1205560592.0
2020-03-03,2611,1207320534.0
2020-03-04,2611,1209080477.0
2020-03-05,2611,1237239556.0
2020-03-06,2611,1240759441.0
2020-03-09,2611,1226679902.0
2020-03-10,2611,1228439844.0
2020-03-11,2611,1223160017.0
2020-03-12,2611,1179161455.0
2020-03-13,2611,1112283641.0
2020-03-16,2611,1115803526.0
2020-03-17,2611,1096444159.0
2020-03-18,2611,1094684216.0
2020-03-19,2611,1040126000.0
2020-03-20,2611,1070045022.0
2020-03-23,2611,1052445597.0
2020-03-24,2611,1052445597.0
2020-03-25,2611,1047165770.0
2020-03-26,2611,1041885942.0
2020-03-27,2611,1022526575.0
2020-03-30,2611,989087668.0
2020-03-31,2611,973248186.0
2020-04-01,2611,985567783.0
2020-04-06,2611,987327726.0
2020-04-07,2611,992607553.0
2020-04-08,2611,1011966920.0
2020-04-09,2611,1017246748.0
2020-04-10,2611,1011966920.0
2020-04-13,2611,1020766633.0
2020-04-14,2611,1033086230.0
2020-04-15,2611,1070045022.0
2020-04-16,2611,1040126000.0
2020-04-17,2611,1054205540.0
2020-04-20,2611,1059485367.0
2020-04-21,2611,1059485367.0
2020-04-22,2611,1034846172.0
2020-04-23,2611,1043645885.0
2020-04-24,2611,1029566345.0
2020-04-27,2611,1043645885.0
2020-04-28,2611,1054205540.0
2020-04-29,2611,1087644446.0
2020-04-30,2611,1085884504.0
2020-05-04,2611,1059485367.0
2020-05-05,2611,1055965482.0
2020-05-06,2611,1059485367.0
2020-05-07,2611,1073564907.0
2020-05-08,2611,1073564907.0
2020-05-11,2611,1068285079.0
2020-05-12,2611,1077084792.0
2020-05-13,2611,1070045022.0
2020-05-14,2611,1057725424.0
2020-05-15,2611,1071804964.0
2020-05-18,2611,1055965482.0
2020-05-19,2611,1068285079.0
2020-05-20,2611,1059485367.0
2020-05-21,2611,1063005252.0
2020-05-22,2611,1055965482.0
2020-05-25,2611,1063005252.0
2020-05-26,2611,1073564907.0
2020-05-27,2611,1126363181.0
2020-05-28,2611,1121083353.0
2020-05-29,2611,1099964044.0
2020-06-01,2611,1107003814.0
2020-06-02,2611,1115803526.0
2020-06-03,2611,1131643008.0
2020-06-04,2611,1124603238.0
2020-06-05,2611,1126363181.0
2020-06-08,2611,1129883066.0
2020-06-09,2611,1112353008.0
2020-06-10,2611,1112353008.0
2020-06-12,2611,1098513468.0
2020-06-15,2611,1089863756.0
2020-06-16,2611,1124462606.0
2020-06-17,2611,1193660304.0
2020-06-18,2611,1197120189.0
2020-06-19,2611,1183280649.0
2020-06-22,2611,1183280649.0
2020-06-23,2611,1179820765.0
2020-06-24,2611,1176360880.0
2020-06-29,2611,1164251282.0
2020-06-30,2611,1171171052.0
2020-07-01,2611,1164251282.0
2020-07-02,2611,1178090822.0
2020-07-03,2611,1179820765.0
2020-07-06,2611,1179820765.0
2020-07-07,2611,1167711167.0
2020-07-08,2611,1164251282.0
2020-07-09,2611,1188470477.0
2020-07-10,2611,1178090822.0
2020-07-13,2611,1185010592.0
2020-07-14,2611,1171171052.0
2020-07-15,2611,1167711167.0
2020-07-16,2611,1165981225.0
2020-07-17,2611,1164251282.0
2020-07-20,2611,1165981225.0
2020-07-21,2611,1174630937.0
2020-07-22,2611,1174630937.0
2020-07-23,2611,1164251282.0
2020-07-24,2611,1169441110.0
2020-07-27,2611,1159061455.0
2020-07-28,2611,1157331512.0
2020-07-29,2611,1153871627.0
2020-07-30,2611,1165981225.0
2020-07-31,2611,1141762030.0
2020-08-03,2611,1131382375.0
2020-08-04,2611,1129652433.0
2020-08-05,2611,1146951858.0
2020-08-06,2611,1127922490.0
2020-08-07,2611,1121002721.0
2020-08-10,2611,1146951858.0
2020-08-11,2611,1159061455.0
2020-08-12,2611,1148681800.0
2020-08-13,2611,1155601570.0
2020-08-14,2611,1145221915.0
2020-08-17,2611,1204039959.0
2020-08-18,2611,1212689671.0
2020-08-19,2611,1205769902.0
2020-08-20,2611,1150411743.0
2020-08-21,2611,1178090822.0
2020-08-24,2611,1174630937.0
2020-08-25,2611,1191930362.0
2020-08-26,2611,1207499844.0
2020-08-27,2611,1207499844.0
2020-08-28,2611,1209229787.0
2020-08-31,2611,1229989096.0
2020-09-01,2611,1233448981.0
2020-09-02,2611,1236908866.0
2020-09-03,2611,1254208291.0
2020-09-04,2611,1245558578.0
2020-09-07,2611,1262858003.0
2020-09-08,2611,1255938233.0
2020-09-09,2611,1309566450.0
2020-09-10,2611,1297456853.0
2020-09-11,2611,1271507715.0
2020-09-14,2611,1255938233.0
2020-09-15,2611,1268047831.0
2020-09-16,2611,1273237658.0
2020-09-17,2611,1290537083.0
2020-09-18,2611,1293996968.0
2020-09-21,2611,1273237658.0
2020-09-22,2611,1299186795.0
2020-09-23,2611,1285347255.0
2020-09-24,2611,1229989096.0
2020-09-25,2611,1193660304.0
2020-09-28,2611,1210959729.0
2020-09-29,2611,1214419614.0
2020-09-30,2611,1210959729.0
2020-10-05,2611,1223069326.0
2020-10-06,2611,1231719039.0
2020-10-07,2611,1233448981.0
2020-10-08,2611,1243828636.0
2020-10-12,2611,1238638809.0
2020-10-13,2611,1236908866.0
2020-10-14,2611,1242098693.0
2020-10-15,2611,1242098693.0
2020-10-16,2611,1226529211.0
2020-10-19,2611,1240368751.0
2020-10-20,2611,1242098693.0
2020-10-21,2611,1240368751.0
2020-10-22,2611,1238638809.0
2020-10-23,2611,1240368751.0
2020-10-26,2611,1243828636.0
2020-10-27,2611,1236908866.0
2020-10-28,2611,1240368751.0
2020-10-29,2611,1242098693.0
2020-10-30,2611,1219609441.0
2020-11-02,2611,1214419614.0
2020-11-03,2611,1240368751.0
2020-11-04,2611,1238638809.0
2020-11-05,2611,1226529211.0
2020-11-06,2611,1217879499.0
2020-11-09,2611,1229989096.0
2020-11-10,2611,1254208291.0
2020-11-11,2611,1236908866.0
2020-11-12,2611,1229989096.0
2020-11-13,2611,1226529211.0
2020-11-16,2611,1223069326.0
2020-11-17,2611,1229989096.0
2020-11-18,2611,1235178924.0
2020-11-19,2611,1243828636.0
2020-11-20,2611,1261128061.0
2020-11-23,2611,1271507715.0
2020-11-24,2611,1283617313.0
2020-11-25,2611,1273237658.0
2020-11-26,2611,1273237658.0
2020-11-27,2611,1273237658.0
2020-11-30,2611,1269777773.0
2020-12-01,2611,1271507715.0
2020-12-02,2611,1273237658.0
2020-12-03,2611,1273237658.0
2020-12-04,2611,1274967600.0
2020-12-07,2611,1273237658.0
2020-12-08,2611,1274967600.0
2020-12-09,2611,1276697543.0
2020-12-10,2611,1287077198.0
2020-12-11,2611,1287077198.0
2020-12-14,2611,1316486220.0
2020-12-15,2611,1332055702.0
2020-12-16,2611,1371844379.0
2020-12-17,2611,1358004839.0
2020-12-18,2611,1477370869.0
2020-12-21,2611,1624415979.0
2020-12-22,2611,1569057820.0
2020-12-23,2611,1520619431.0
2020-12-24,2611,1586357245.0
2020-12-25,2611,1636525577.0
2020-12-28,2611,1799140169.0
2020-12-29,2611,1972134416.0
2020-12-30,2611,1868337868.0
2020-12-31,2611,2049981827.0
2021-01-04,2611,2248925211.0
2021-01-05,2611,2473817732.0
2021-01-06,2611,2716009678.0
2021-01-07,2611,2447868595.0
2021-01-08,2611,2205676649.0
2021-01-11,2611,2266224636.0
2021-01-12,2611,2041332115.0
2021-01-13,2611,1954834991.0
2021-01-14,2611,2041332115.0
2021-01-15,2611,1868337868.0
2021-01-18,2611,1816439594.0
2021-01-19,2611,1755891607.0
2021-01-20,2611,1588087187.0
2021-01-21,2611,1643445347.0
2021-01-22,2611,1712643045.0
2021-01-25,2611,1773191032.0
2021-01-26,2611,1710913103.0
2021-01-27,2611,1662474714.0
2021-01-28,2611,1672854368.0
2021-01-29,2611,1598466842.0
2021-02-01,2611,1544838626.0
2021-02-02,2611,1662474714.0
2021-02-03,2611,1588087187.0
2021-02-05,2611,1539648798.0
2021-02-17,2611,1596736900.0
2021-02-18,2611,1755891607.0
2021-02-19,2611,1747241895.0
2021-02-22,2611,1799140169.0
2021-02-23,2611,1799140169.0
2021-02-24,2611,1764541319.0
2021-02-25,2611,1781840744.0
2021-02-26,2611,1755891607.0
2021-03-02,2611,1712643045.0
2021-03-03,2611,1729942470.0
2021-03-04,2611,1729942470.0
2021-03-05,2611,1717832873.0
2021-03-08,2611,1726482585.0
2021-03-09,2611,1781840744.0
2021-03-10,2611,1764541319.0
2021-03-11,2611,1764541319.0
2021-03-12,2611,1755891607.0
2021-03-15,2611,1928885854.0
2021-03-16,2611,2119179526.0
2021-03-17,2611,2101880101.0
2021-03-18,2611,2222976074.0
2021-03-19,2611,2439218883.0
2021-03-22,2611,2517066294.0
2021-03-23,2611,2283524060.0
2021-03-24,2611,2370021184.0
2021-03-25,2611,2274874348.0
2021-03-26,2611,2352721759.0
2021-03-29,2611,2318122910.0
2021-03-30,2611,2300823485.0
2021-03-31,2611,2326772622.0
2021-04-01,2611,2318122910.0
2021-04-06,2611,2318122910.0
2021-04-07,2611,2387320609.0
2021-04-08,2611,2465168020.0
2021-04-09,2611,2370021184.0
2021-04-12,2611,2439218883.0
2021-04-13,2611,2421919458.0
2021-04-14,2611,2378670896.0
2021-04-15,2611,2413269746.0
2021-04-16,2611,2499766869.0
2021-04-19,2611,2723350915.0
2021-04-20,2611,2989672298.0
2021-04-21,2611,3281766718.0
2021-04-22,2611,3281766718.0
2021-04-23,2611,3092764446.0
2021-04-26,2611,3402040891.0
2021-04-28,2611,3522315064.0
2021-04-29,2611,3591043162.0
2021-05-03,2611,3453586965.0
2021-05-04,2611,3109946471.0
2021-05-05,2611,3152901532.0
2021-05-06,2611,3092764446.0
2021-05-07,2611,3161492545.0
2021-05-10,2611,3221629631.0
2021-05-11,2611,3118537483.0
2021-05-12,2611,2809261038.0
2021-05-13,2611,2534348643.0
2021-05-14,2611,2405483458.0
2021-05-17,2611,2164935112.0
2021-05-18,2611,2379710421.0
2021-05-19,2611,2611667754.0
2021-05-20,2611,2723350915.0
2021-05-21,2611,2920944199.0
2021-05-24,2611,3101355458.0
2021-05-25,2611,3058400397.0
2021-05-26,2611,3032627360.0
2021-05-27,2611,3092764446.0
2021-05-28,2611,3101355458.0
2021-05-31,2611,2989672298.0
2021-06-01,2611,3101355458.0
2021-06-02,2611,3032627360.0
2021-06-03,2611,3092764446.0
2021-06-04,2611,3015445335.0
2021-06-07,2611,2938126224.0
2021-06-08,2611,3006854323.0
2021-06-09,2611,2989672298.0
2021-06-10,2611,2929535211.0
2021-06-11,2611,3041218372.0
2021-06-15,2611,3341903804.0
2021-06-16,2611,3444995952.0
2021-06-17,2611,3788636446.0
2021-06-18,2611,4166640990.0
2021-06-21,2611,4579009583.0
2021-06-22,2611,5034333237.0
2021-06-23,2611,4536054521.0
2021-06-24,2611,4982787163.0
2021-06-25,2611,5481065879.0
2021-06-28,2611,6022299657.0
2021-06-29,2611,6623670522.0
2021-06-30,2611,7285178473.0
2021-07-01,2611,7474180745.0
2021-07-02,2611,7018857090.0
2021-07-05,2611,6675216596.0
2021-07-06,2611,6572124448.0
2021-07-07,2611,6202710917.0
2021-07-08,2611,6700989633.0
2021-07-09,2611,6391713188.0
2021-07-12,2611,6219892941.0
2021-07-13,2611,5601340052.0
2021-07-14,2611,5154607410.0
2021-07-15,2611,5670068151.0
2021-07-16,2611,6073845731.0
2021-07-19,2611,5936389534.0
2021-07-20,2611,5481065879.0
2021-07-21,2611,5249108546.0
2021-07-22,2611,4914059064.0
2021-07-23,2611,5403746768.0
2021-07-26,2611,5721614225.0
2021-07-27,2611,5369382719.0
2021-07-28,2611,5498247904.0
2021-07-29,2611,5532611953.0
2021-07-30,2611,5163198422.0
2021-08-02,2611,5292063608.0
2021-08-03,2611,5214744496.0
2021-08-04,2611,5128834373.0
2021-08-05,2611,4948423114.0
2021-08-06,2611,5163198422.0
2021-08-09,2611,5171789435.0
2021-08-10,2611,4982787163.0
2021-08-11,2611,4759420842.0
2021-08-12,2611,4862512990.0
2021-08-13,2611,4733647805.0
2021-08-16,2611,4544645533.0
2021-08-17,2611,4321279212.0
2021-08-18,2611,4750829830.0
2021-08-19,2611,4768011854.0
2021-08-20,2611,5240517534.0
2021-08-23,2611,5764569287.0
2021-08-24,2611,5790342324.0
2021-08-25,2611,5695841188.0
2021-08-26,2611,5704432200.0
2021-08-27,2611,5455292842.0
2021-08-30,2611,5506838916.0
2021-08-31,2611,5549793978.0
2021-09-01,2611,5360791706.0
2021-09-02,2611,5274881583.0
2021-09-03,2611,5094470324.0
2021-09-06,2611,4810966916.0
2021-09-07,2611,4905468052.0
2021-09-08,2611,4810966916.0
2021-09-09,2611,4871104002.0
2021-09-10,2611,4879695015.0
2021-09-13,2611,4914059064.0
2021-09-14,2611,4802375904.0
2021-09-15,2611,4802375904.0
2021-09-16,2611,4707874768.0
2021-09-17,2611,4759420842.0
2021-09-22,2611,4561827558.0
2021-09-24,2611,4579009583.0
2021-09-27,2611,4467326422.0
2021-09-28,2611,4415780348.0
2021-09-29,2611,4269733138.0
2021-09-30,2611,4441553385.0
2021-10-01,2611,4097912891.0
2021-10-04,2611,3805818471.0
2021-10-05,2611,4012002767.0
2021-10-06,2611,3840182520.0
2021-10-07,2611,3969047706.0
2021-10-08,2611,3900319607.0
2021-10-12,2611,3694135311.0
2021-10-13,2611,3642589236.0
2021-10-14,2611,3797227459.0
2021-10-15,2611,3754272397.0
2021-10-18,2611,3719908348.0
2021-10-19,2611,3711317335.0
2021-10-20,2611,3685544298.0
2021-10-21,2611,3797227459.0
2021-10-22,2611,3513724051.0
2021-10-25,2611,3676953286.0
2021-10-26,2611,3685544298.0
2021-10-27,2611,3694135311.0
2021-10-28,2611,3651180249.0
2021-10-29,2611,3728499360.0
2021-11-01,2611,3719908348.0
2021-11-02,2611,3780045434.0
2021-11-03,2611,3805818471.0
2021-11-04,2611,3711317335.0
2021-11-05,2611,3694135311.0
2021-11-08,2611,3848773533.0
2021-11-09,2611,3814409483.0
2021-11-10,2611,3745681385.0
2021-11-11,2611,3745681385.0
2021-11-12,2611,3745681385.0
2021-11-15,2611,3530906076.0
2021-11-16,2611,3530906076.0
2021-11-17,2611,3462177977.0
2021-11-18,2611,3487951014.0
2021-11-19,2611,3384858866.0
2021-11-22,2611,3453586965.0
2021-11-23,2611,3410631903.0
2021-11-24,2611,3505133039.0
2021-11-25,2611,3462177977.0
2021-11-26,2611,3376267854.0
2021-11-29,2611,3376267854.0
2021-11-30,2611,3479360002.0
2021-12-01,2611,3444995952.0
2021-12-02,2611,3487951014.0
2021-12-03,2611,3453586965.0
2021-12-06,2611,3513724051.0
2021-12-07,2611,3591043162.0
2021-12-08,2611,3573861138.0
2021-12-09,2611,3565270125.0
2021-12-10,2611,3530906076.0
2021-12-13,2611,3548088101.0
2021-12-14,2611,3427813928.0
2021-12-15,2611,3522315064.0
2021-12-16,2611,3479360002.0
2021-12-17,2611,3505133039.0
2021-12-20,2611,3479360002.0
2021-12-21,2611,3530906076.0
2021-12-22,2611,3479360002.0
2021-12-23,2611,3462177977.0
2021-12-24,2611,3436404940.0
2021-12-27,2611,3470768989.0
2021-12-28,2611,3444995952.0
2021-12-29,2611,3444995952.0
2021-12-30,2611,3470768989.0
2022-01-03,2611,3376267854.0
2022-01-04,2611,3376267854.0
2022-01-05,2611,3359085829.0
2022-01-06,2611,3341903804.0
2022-01-07,2611,3255993681.0
2022-01-10,2611,3255993681.0
2022-01-11,2611,3221629631.0
2022-01-12,2611,3152901532.0
2022-01-13,2611,3127128495.0
2022-01-14,2611,3084173434.0
2022-01-17,2611,3118537483.0
2022-01-18,2611,3178674570.0
2022-01-19,2611,3101355458.0
2022-01-20,2611,3101355458.0
2022-01-21,2611,2989672298.0
2022-01-24,2611,2963899261.0
2022-01-25,2611,2852216100.0
2022-01-26,2611,2938126224.0
2022-02-07,2611,3161492545.0
2022-02-08,2611,3187265582.0
2022-02-09,2611,3170083557.0
2022-02-10,2611,3187265582.0
2022-02-11,2611,3144310520.0
2022-02-14,2611,3092764446.0
2022-02-15,2611,3118537483.0
2022-02-16,2611,3135719508.0
2022-02-17,2611,3118537483.0
2022-02-18,2611,3427813928.0
2022-02-21,2611,3762863409.0
2022-02-22,2611,3539497088.0
2022-02-23,2611,3891728595.0
2022-02-24,2611,4123685928.0
2022-02-25,2611,3969047706.0
2022-03-01,2611,3780045434.0
2022-03-02,2611,4158049977.0
2022-03-03,2611,4355643261.0
2022-03-04,2611,4235369089.0
2022-03-07,2611,4218187064.0
2022-03-08,2611,3900319607.0
2022-03-09,2611,4286915163.0
2022-03-10,2611,4347052249.0
2022-03-11,2611,4372825286.0
2022-03-14,2611,4304097187.0
2022-03-15,2611,4192414027.0
2022-03-16,2611,4072139854.0
2022-03-17,2611,4158049977.0
2022-03-18,2611,4080730866.0
2022-03-21,2611,4123685928.0
2022-03-22,2611,4054957829.0
2022-03-23,2611,4046366817.0
2022-03-24,2611,3986229730.0
2022-03-25,2611,3891728595.0
2022-03-28,2611,4072139854.0
2022-03-29,2611,4063548842.0
2022-03-30,2611,4037775805.0
2022-03-31,2611,3986229730.0
2022-04-01,2611,4166640990.0
2022-04-06,2611,4140867953.0
2022-04-07,2611,4029184792.0
2022-04-08,2611,4123685928.0
2022-04-11,2611,4046366817.0
2022-04-12,2611,3960456693.0
2022-04-13,2611,4097912891.0
2022-04-14,2611,4149458965.0
2022-04-15,2611,4166640990.0
2022-04-18,2611,4046366817.0
2022-04-19,2611,4072139854.0
2022-04-20,2611,4166640990.0
2022-04-21,2611,4192414027.0
2022-04-22,2611,4604782620.0
2022-04-25,2611,4192414027.0
2022-04-26,2611,4132276940.0
2022-04-27,2611,4080730866.0
2022-04-28,2611,4003411755.0
2022-04-29,2611,4020593780.0
2022-05-03,2611,3994820743.0
2022-05-04,2611,4140867953.0
2022-05-05,2611,4175232002.0
2022-05-06,2611,4132276940.0
2022-05-09,2611,4037775805.0
2022-05-10,2611,4072139854.0
2022-05-11,2611,4020593780.0
2022-05-12,2611,3694135311.0
2022-05-13,2611,3780045434.0
2022-05-16,2611,3797227459.0
2022-05-17,2611,3737090372.0
2022-05-18,2611,3788636446.0
2022-05-19,2611,3711317335.0
2022-05-20,2611,3719908348.0
2022-05-23,2611,3865955558.0
2022-05-24,2611,3848773533.0
2022-05-25,2611,3840182520.0
2022-05-26,2611,3814409483.0
2022-05-27,2611,3831591508.0
2022-05-30,2611,3848773533.0
2022-05-31,2611,3848773533.0
2022-06-01,2611,3848773533.0
2022-06-02,2611,3857364545.0
2022-06-06,2611,3908910619.0
2022-06-07,2611,3900319607.0
2022-06-08,2611,3908910619.0
2022-06-09,2611,3865955558.0
2022-06-10,2611,3865955558.0
2022-06-13,2611,3685544298.0
2022-06-14,2611,3668362273.0
2022-06-15,2611,3659771261.0
2022-06-16,2611,3496542026.0
2022-06-17,2611,3479360002.0
2022-06-20,2611,3264584693.0
2022-06-21,2611,3427813928.0
2022-06-22,2611,3247402668.0
2022-06-23,2611,3144310520.0
2022-06-24,2611,3264584693.0
2022-06-27,2611,3410631903.0
2022-06-28,2611,3333312792.0
2022-06-29,2611,3264584693.0
2022-07-01,2611,2938126224.0
2022-07-04,2611,2946717236.0
2022-07-05,2611,3041218372.0
2022-07-06,2611,2955308248.0
2022-07-07,2611,3032627360.0
2022-07-08,2611,3109946471.0
2022-07-11,2611,3144310520.0
2022-07-12,2611,2963899261.0
2022-07-13,2611,3058400397.0
2022-07-14,2611,3161492545.0
2022-07-15,2611,3152901532.0
2022-07-18,2611,3230220644.0
2022-07-19,2611,3316130767.0
2022-07-20,2611,3298948742.0
2022-07-21,2611,3376267854.0
2022-07-22,2611,3470768989.0
2022-07-25,2611,3470768989.0
2022-07-26,2611,3427813928.0
2022-07-27,2611,3487951014.0
2022-07-28,2611,3479360002.0
2022-07-29,2611,3539497088.0
2022-08-01,2611,3668362273.0
2022-08-02,2611,3608225187.0
2022-08-03,2611,3633998224.0
2022-08-04,2611,3032627360.0
2022-08-05,2611,3101355458.0
2022-08-08,2611,3058400397.0
2022-08-09,2611,3092764446.0
2022-08-10,2611,3109946471.0
2022-08-11,2611,3075582421.0
2022-08-12,2611,3101355458.0
2022-08-15,2611,3058400397.0
2022-08-16,2611,3049809384.0
2022-08-17,2611,3084173434.0
2022-08-18,2611,3092764446.0
2022-08-19,2611,3066991409.0
2022-08-22,2611,3006854323.0
2022-08-23,2611,3269739306.0
2022-08-24,2611,3241388965.0
2022-08-25,2611,3307539760.0
2022-08-26,2611,3307539760.0
2022-08-29,2611,3165788056.0
2022-08-30,2611,3156337942.0
2022-08-31,2611,3184688283.0
2022-09-01,2611,3099637261.0
2022-09-02,2611,2948435443.0
2022-09-05,2611,2938985330.0
2022-09-06,2611,2853934307.0
2022-09-07,2611,2853934307.0
2022-09-08,2611,2853934307.0
2022-09-12,2611,2891734762.0
2022-09-13,2611,2863384421.0
2022-09-14,2611,2863384421.0
2022-09-15,2611,2929535216.0
2022-09-16,2611,2920085102.0
2022-09-19,2611,2806683739.0
2022-09-20,2611,2806683739.0
2022-09-21,2611,2872834534.0
2022-09-22,2611,2853934307.0
2022-09-23,2611,2853934307.0
2022-09-26,2611,2579881013.0
2022-09-27,2611,2636581694.0
2022-09-28,2611,2400328854.0
2022-09-29,2611,2513730218.0
2022-09-30,2611,2589331126.0
2022-10-03,2611,2589331126.0
2022-10-04,2611,2627131581.0
2022-10-05,2611,2646031808.0
2022-10-06,2611,2683832262.0
2022-10-07,2611,2683832262.0
2022-10-11,2611,2523180331.0
2022-10-12,2611,2485379877.0
2022-10-13,2611,2277477378.0
2022-10-14,2611,2438129309.0
2022-10-17,2611,2409778968.0
2022-10-18,2611,2400328854.0
2022-10-19,2611,2390878741.0
2022-10-20,2611,2305827718.0
2022-10-21,2611,2296377605.0
2022-10-24,2611,2343628173.0
2022-10-25,2611,2305827718.0
2022-10-26,2611,2277477378.0
2022-10-27,2611,2343628173.0
2022-10-31,2611,2296377605.0
2022-11-01,2611,2305827718.0
2022-11-02,2611,2343628173.0
2022-11-03,2611,2362528400.0
2022-11-04,2611,2400328854.0
2022-11-07,2611,2475929763.0
2022-11-08,2611,2523180331.0
2022-11-09,2611,2523180331.0
2022-11-10,2611,2523180331.0
2022-11-11,2611,2532630445.0
2022-11-14,2611,2579881013.0
2022-11-15,2611,2551530672.0
2022-11-16,2611,2523180331.0
2022-11-17,2611,2532630445.0
2022-11-21,2611,2409778968.0
2022-11-22,2611,2381428627.0
2022-11-23,2611,2438129309.0
2022-11-24,2611,2466479650.0
2022-11-25,2611,2504280104.0
2022-11-28,2611,2428679195.0
2022-11-29,2611,2551530672.0
2022-11-30,2611,2532630445.0
2022-12-01,2611,2778333398.0
2022-12-02,2611,2664932035.0
2022-12-05,2611,2664932035.0
2022-12-06,2611,2608231354.0
2022-12-07,2611,2570430899.0
2022-12-08,2611,2551530672.0
2022-12-09,2611,2617681467.0
2022-12-12,2611,2532630445.0
2022-12-13,2611,2532630445.0
2022-12-14,2611,2551530672.0
2022-12-15,2611,2627131581.0
2022-12-16,2611,2608231354.0
2022-12-19,2611,2532630445.0
2022-12-20,2611,2504280104.0
2022-12-21,2611,2598781240.0
2022-12-22,2611,2674382149.0
2022-12-23,2611,2664932035.0
2022-12-26,2611,2579881013.0
2022-12-27,2611,2598781240.0
2022-12-28,2611,2551530672.0
2022-12-29,2611,2551530672.0
2022-12-30,2611,2551530672.0
2023-01-03,2611,2532630445.0
2023-01-04,2611,2513730218.0
2023-01-05,2611,2513730218.0
2023-01-06,2611,2532630445.0
2023-01-09,2611,2532630445.0
2023-01-10,2611,2542080558.0
2023-01-11,2611,2532630445.0
2023-01-12,2611,2523180331.0
2023-01-13,2611,2504280104.0
2023-01-16,2611,2475929763.0
2023-01-17,2611,2475929763.0
2023-01-30,2611,2485379877.0
2023-01-31,2611,2513730218.0
2023-02-01,2611,2523180331.0
2023-02-02,2611,2570430899.0
2023-02-03,2611,2570430899.0
2023-02-06,2611,2532630445.0
2023-02-07,2611,2551530672.0
2023-02-08,2611,2542080558.0
2023-02-10,2611,2494829990.0
2023-02-13,2611,2485379877.0
2023-02-14,2611,2513730218.0
2023-02-15,2611,2485379877.0
2023-02-16,2611,2494829990.0
2023-02-17,2611,2551530672.0
2023-02-20,2611,2551530672.0
2023-02-21,2611,2598781240.0
2023-02-22,2611,2589331126.0
2023-02-23,2611,2844484194.0
2023-02-24,2611,2844484194.0
2023-03-01,2611,2759433171.0
2023-03-02,2611,2891734762.0
2023-03-03,2611,2853934307.0
2023-03-06,2611,2835034080.0
2023-03-07,2611,2825583966.0
2023-03-08,2611,2778333398.0
2023-03-09,2611,2759433171.0
2023-03-10,2611,2693282376.0
2023-03-13,2611,2655481922.0
2023-03-14,2611,2598781240.0
2023-03-15,2611,2598781240.0
2023-03-16,2611,2551530672.0
2023-03-17,2611,2589331126.0
2023-03-20,2611,2598781240.0
2023-03-21,2611,2636581694.0
2023-03-22,2611,2617681467.0
2023-03-23,2611,2579881013.0
2023-03-24,2611,2579881013.0
2023-03-27,2611,2608231354.0
2023-03-28,2611,2542080558.0
2023-03-29,2611,2542080558.0
2023-03-30,2611,2551530672.0
2023-03-31,2611,2560980786.0
2023-04-06,2611,2560980786.0
2023-04-07,2611,2589331126.0
2023-04-10,2611,2598781240.0
2023-04-11,2611,2598781240.0
2023-04-12,2611,2598781240.0
2023-04-13,2611,2608231354.0
2023-04-14,2611,2627131581.0
2023-04-17,2611,2646031808.0
2023-04-18,2611,2589331126.0
2023-04-19,2611,2570430899.0
2023-04-20,2611,2551530672.0
2023-04-21,2611,2475929763.0
2023-04-24,2611,2475929763.0
2023-04-25,2611,2400328854.0
2023-04-26,2611,2400328854.0
2023-04-27,2611,2438129309.0
2023-04-28,2611,2475929763.0
2023-05-02,2611,2457029536.0
2023-05-03,2611,2438129309.0
2023-05-05,2611,2457029536.0
2023-05-08,2611,2428679195.0
2023-05-09,2611,2390878741.0
2023-05-10,2611,2438129309.0
2023-05-11,2611,2371978514.0
2023-05-12,2611,2371978514.0
2023-05-15,2611,2371978514.0
2023-05-16,2611,2400328854.0
2023-05-17,2611,2409778968.0
2023-05-18,2611,2419229082.0
2023-05-19,2611,2409778968.0
2023-05-22,2611,2447579422.0
2023-05-23,2611,2466479650.0
2023-05-24,2611,2712182603.0
2023-05-25,2611,2740532944.0
2023-05-26,2611,2598781240.0
2023-05-29,2611,2560980786.0
2023-05-30,2611,2523180331.0
2023-05-31,2611,2617681467.0
2023-06-01,2611,2579881013.0
2023-06-02,2611,2570430899.0
2023-06-05,2611,2579881013.0
2023-06-06,2611,2589331126.0
2023-06-07,2611,2579881013.0
2023-06-08,2611,2721632717.0
2023-06-09,2611,2674382149.0
2023-06-12,2611,2608231354.0
2023-06-13,2611,2617681467.0
2023-06-14,2611,2655481922.0
2023-06-15,2611,2655481922.0
2023-06-16,2611,2655481922.0
2023-06-19,2611,2674382149.0
2023-06-20,2611,2636581694.0
2023-06-21,2611,2598781240.0
2023-06-26,2611,2560980786.0
2023-06-27,2611,2504280104.0
2023-06-28,2611,2523180331.0
2023-06-29,2611,2523180331.0
2023-06-30,2611,2523180331.0
2023-07-03,2611,2579881013.0
2023-07-04,2611,2551530672.0
2023-07-05,2611,2542080558.0
2023-07-06,2611,2523180331.0
2023-07-07,2611,2504280104.0
2023-07-10,2611,2475929763.0
2023-07-11,2611,2485379877.0
2023-07-12,2611,2428679195.0
2023-07-13,2611,2362528400.0
2023-07-14,2611,2447579422.0
2023-07-17,2611,2457029536.0
2023-07-18,2611,2400328854.0
2023-07-19,2611,2371978514.0
2023-07-20,2611,2428679195.0
2023-07-21,2611,2371978514.0
2023-07-24,2611,2353078286.0
2023-07-25,2611,2343628173.0
2023-07-26,2611,2334178059.0
2023-07-27,2611,2400328854.0
2023-07-28,2611,2409778968.0
2023-07-31,2611,2390878741.0
2023-08-01,2611,2409778968.0
2023-08-02,2611,2419229082.0
2023-08-04,2611,2447579422.0
2023-08-07,2611,2409778968.0
2023-08-08,2611,2447579422.0
2023-08-09,2611,2523180331.0
2023-08-10,2611,2513730218.0
2023-08-11,2611,2485379877.0
2023-08-14,2611,2400328854.0
2023-08-15,2611,2409778968.0
2023-08-16,2611,2447579422.0
2023-08-17,2611,2466479650.0
2023-08-18,2611,2579881013.0
2023-08-21,2611,2457029536.0
2023-08-22,2611,2466479650.0
2023-08-23,2611,2475929763.0
2023-08-24,2611,2419229082.0
2023-08-25,2611,2428679195.0
2023-08-28,2611,2400328854.0
2023-08-29,2611,2400328854.0
2023-08-30,2611,2400328854.0
2023-08-31,2611,2409778968.0
2023-09-01,2611,2438129309.0
2023-09-04,2611,2447579422.0
2023-09-05,2611,2438129309.0
2023-09-06,2611,2400328854.0
2023-09-07,2611,2390878741.0
2023-09-08,2611,2400328854.0
2023-09-11,2611,2362528400.0
2023-09-12,2611,2371978514.0
2023-09-13,2611,2419229082.0
2023-09-14,2611,2466479650.0
2023-09-15,2611,2542080558.0
2023-09-18,2611,2513730218.0
2023-09-19,2611,2513730218.0
2023-09-20,2611,2513730218.0
2023-09-21,2611,2494829990.0
2023-09-22,2611,2494829990.0
2023-09-25,2611,2475929763.0
2023-09-26,2611,2438129309.0
2023-09-27,2611,2475929763.0
2023-09-28,2611,2438129309.0
2023-10-02,2611,2419229082.0
2023-10-03,2611,2428679195.0
2023-10-04,2611,2419229082.0
2023-10-05,2611,2438129309.0
2023-10-06,2611,2504280104.0
2023-10-11,2611,2438129309.0
2023-10-12,2611,2447579422.0
2023-10-13,2611,2409778968.0
2023-10-16,2611,2400328854.0
2023-10-17,2611,2381428627.0
2023-10-18,2611,2343628173.0
2023-10-19,2611,2362528400.0
2023-10-20,2611,2343628173.0
2023-10-23,2611,2343628173.0
2023-10-24,2611,2343628173.0
2023-10-25,2611,2334178059.0
2023-10-26,2611,2315277832.0
2023-10-27,2611,2315277832.0
2023-10-30,2611,2324727946.0
2023-10-31,2611,2315277832.0
2023-11-01,2611,2305827718.0
2023-11-02,2611,2315277832.0
2023-11-03,2611,2343628173.0
2023-11-06,2611,2381428627.0
2023-11-07,2611,2390878741.0
2023-11-08,2611,2381428627.0
2023-11-09,2611,2400328854.0
2023-11-10,2611,2409778968.0
2023-11-13,2611,2504280104.0
2023-11-14,2611,2570430899.0
2023-11-15,2611,2560980786.0
2023-11-16,2611,2598781240.0
2023-11-17,2611,2627131581.0
2023-11-20,2611,2589331126.0
2023-11-21,2611,2579881013.0
2023-11-22,2611,2560980786.0
2023-11-23,2611,2608231354.0
2023-11-24,2611,2646031808.0
2023-11-27,2611,2627131581.0
2023-11-28,2611,2674382149.0
2023-11-29,2611,2674382149.0
2023-11-30,2611,2674382149.0
2023-12-01,2611,2778333398.0
2023-12-04,2611,3052386693.0
2023-12-05,2611,3354790328.0
2023-12-06,2611,3402040896.0
2023-12-07,2611,3184688283.0
2023-12-08,2611,3250839078.0
2023-12-11,2611,3194138397.0
2023-12-12,2611,3165788056.0
2023-12-13,2611,3156337942.0
2023-12-14,2611,3080737034.0
2023-12-15,2611,3090187147.0
2023-12-18,2611,3146887829.0
2023-12-19,2611,3080737034.0
2023-12-20,2611,3156337942.0
2023-12-21,2611,3231938851.0
2023-12-22,2611,3231938851.0
2023-12-25,2611,3061836806.0
2023-12-26,2611,3137437715.0
2023-12-27,2611,3137437715.0
2023-12-28,2611,3137437715.0
2023-12-29,2611,3137437715.0
2024-01-02,2611,3156337942.0
2024-01-03,2611,3184688283.0
2024-01-04,2611,3496542032.0
2024-01-05,2611,3468191691.0
2024-01-08,2611,3335890101.0
2024-01-09,2611,3288639533.0
2024-01-10,2611,3241388965.0
2024-01-11,2611,3288639533.0
2024-01-12,2611,3307539760.0
2024-01-15,2611,3326439987.0
2024-01-16,2611,3260289192.0
2024-01-17,2611,3184688283.0
2024-01-18,2611,3203588510.0
2024-01-19,2611,3156337942.0
2024-01-22,2611,3127987602.0
2024-01-23,2611,3127987602.0
2024-01-24,2611,3156337942.0
2024-01-25,2611,3127987602.0
2024-01-26,2611,3118537488.0
2024-01-29,2611,3137437715.0
2024-01-30,2611,3071286920.0
2024-01-31,2611,3080737034.0
2024-02-01,2611,3127987602.0
2024-02-02,2611,3033486466.0
2024-02-05,2611,2976785784.0
2024-02-15,2611,3005136125.0
2024-02-16,2611,3033486466.0
2024-02-19,2611,3127987602.0
2024-02-20,2611,3184688283.0
2024-02-21,2611,3307539760.0
2024-02-22,2611,3307539760.0
2024-02-23,2611,3269739306.0
2024-02-26,2611,3288639533.0
2024-02-27,2611,3269739306.0
2024-02-29,2611,3335890101.0
2024-03-01,2611,3307539760.0
2024-03-04,2611,3298089646.0
2024-03-05,2611,3364240442.0
2024-03-06,2611,3335890101.0
2024-03-07,2611,3345340214.0
2024-03-08,2611,3505992146.0
2024-03-11,2611,3666644077.0
2024-03-12,2611,3713894645.0
2024-03-13,2611,3902896917.0
2024-03-14,2611,4290351574.0
2024-03-15,2611,4630555664.0
2024-03-18,2611,4602205323.0
2024-03-19,2611,4677806232.0
2024-03-20,2611,4668356118.0
2024-03-21,2611,4602205323.0
2024-03-22,2611,4573854982.0
2024-03-25,2611,4498254074.0
2024-03-26,2611,4384852710.0
2024-03-27,2611,4413203051.0
2024-03-28,2611,4479353846.0
2024-03-29,2611,4432103278.0
2024-04-01,2611,4469903733.0
2024-04-02,2611,4479353846.0
2024-04-03,2611,4460453619.0
2024-04-08,2611,4554954755.0
2024-04-09,2611,4536054528.0
2024-04-10,2611,4479353846.0
2024-04-11,2611,4460453619.0
2024-04-12,2611,4517154301.0
2024-04-15,2611,4479353846.0
2024-04-16,2611,4384852710.0
2024-04-17,2611,4649455891.0
2024-04-18,2611,4668356118.0
2024-04-19,2611,4649455891.0
2024-04-22,2611,4630555664.0
2024-04-23,2611,4668356118.0
2024-04-24,2611,4753407141.0
2024-04-25,2611,4753407141.0
2024-04-26,2611,5225912821.0
2024-04-29,2611,5745669069.0
2024-04-30,2611,5622817592.0
2024-05-02,2611,5613367478.0
2024-05-03,2611,5462165661.0
2024-05-06,2611,5386564752.0
2024-05-07,2611,5414915093.0
2024-05-08,2611,5367664525.0
2024-05-09,2611,5367664525.0
2024-05-10,2611,5490516002.0
2024-05-13,2611,5424365206.0
2024-05-14,2611,5424365206.0
2024-05-15,2611,5622817592.0
2024-05-16,2611,5792919637.0
2024-05-17,2611,5896870886.0
2024-05-20,2611,5736218955.0
2024-05-21,2611,5613367478.0
2024-05-22,2611,5745669069.0
2024-05-23,2611,5688968387.0
2024-05-24,2611,5830720091.0
2024-05-27,2611,5972471795.0
2024-05-28,2611,6085873158.0
2024-05-29,2611,6000822136.0
2024-05-30,2611,5906321000.0
2024-05-31,2611,5963021682.0
2024-06-03,2611,6095323272.0
2024-06-04,2611,6048072704.0
2024-06-05,2611,6463877702.0
2024-06-06,2611,6322125998.0
2024-06-07,2611,6369376566.0
2024-06-11,2611,6085873158.0
2024-06-12,2611,6114223499.0
2024-06-13,2611,6189824408.0
2024-06-14,2611,6454427589.0
2024-06-17,2611,6350476339.0
2024-06-18,2611,6397726907.0
2024-06-19,2611,6454427589.0
2024-06-20,2611,6548928725.0
2024-06-21,2611,6530028498.0
2024-06-24,2611,6284325544.0
2024-06-25,2611,6397726907.0
2024-06-26,2611,6312675885.0
2024-06-27,2611,6218174749.0
2024-06-28,2611,6218174749.0
2024-07-01,2611,6237074976.0
2024-07-02,2611,5575567024.0
2024-07-03,2611,5594467251.0
2024-07-04,2611,5509416229.0
2024-07-05,2611,5433815320.0
2024-07-08,2611,5150311912.0
2024-07-09,2611,5008560208.0
2024-07-10,2611,5140861798.0
2024-07-11,2611,5150311912.0
2024-07-12,2611,5169212139.0
2024-07-15,2611,5121961571.0
2024-07-16,2611,5140861798.0
2024-07-17,2611,5112511458.0
2024-07-18,2611,5121961571.0
2024-07-19,2611,5036910549.0
2024-07-22,2611,4895158845.0
2024-07-23,2611,4914059072.0
2024-07-26,2611,4857358390.0
2024-07-29,2611,4810107822.0
2024-07-30,2611,4914059072.0
2024-07-31,2611,5008560208.0
2024-08-01,2611,5140861798.0
2024-08-02,2611,5055810776.0
2024-08-05,2611,4611655437.0
2024-08-06,2611,4517154301.0
2024-08-07,2611,4810107822.0
2024-08-08,2611,4687256346.0
2024-08-09,2611,4725056800.0
2024-08-12,2611,4847908277.0
2024-08-13,2611,4838458163.0
2024-08-14,2611,4687256346.0
2024-08-15,2611,4715606686.0
2024-08-16,2611,4687256346.0
2024-08-19,2611,4611655437.0
2024-08-20,2611,4611655437.0
2024-08-21,2611,4611655437.0
2024-08-22,2611,4573854982.0
2024-08-23,2611,4592755210.0
2024-08-26,2611,4611655437.0
2024-08-27,2611,4611655437.0
2024-08-28,2611,4592755210.0
2024-08-29,2611,4583305096.0
2024-08-30,2611,4602205323.0
2024-09-02,2611,4573854982.0
2024-09-03,2611,4536054528.0
2024-09-04,2611,4337602142.0
2024-09-05,2611,4347052256.0
2024-09-06,2611,4413203051.0
2024-09-09,2611,4384852710.0
2024-09-10,2611,4365952483.0
2024-09-11,2611,4356502370.0
2024-09-12,2611,4403752938.0
2024-09-13,2611,4441553392.0
2024-09-16,2611,4469903733.0
2024-09-18,2611,4451003506.0
2024-09-19,2611,4460453619.0
2024-09-20,2611,4469903733.0
2024-09-23,2611,4479353846.0
2024-09-24,2611,4583305096.0
2024-09-25,2611,4621105550.0
2024-09-26,2611,4564404869.0
2024-09-27,2611,4725056800.0
2024-09-30,2611,4554954755.0
2024-10-01,2611,4583305096.0
2024-10-04,2611,4479353846.0
2024-10-07,2611,4451003506.0
2024-10-08,2611,4394302824.0
2024-10-09,2611,4347052256.0
2024-10-11,2611,4328152029.0
2024-10-14,2611,4375402597.0
2024-10-15,2611,4394302824.0
2024-10-16,2611,4365952483.0
2024-10-17,2611,4394302824.0
2024-10-18,2611,4375402597.0
2024-10-21,2611,4384852710.0
2024-10-22,2611,4347052256.0
2024-10-23,2611,4328152029.0
2024-10-24,2611,4337602142.0
2024-10-25,2611,4309251802.0
2024-10-28,2611,4394302824.0
2024-10-29,2611,4290351574.0
2024-10-30,2611,4252551120.0
2024-11-01,2611,4384852710.0
2024-11-04,2611,4460453619.0
2024-11-05,2611,4451003506.0
2024-11-06,2611,4432103278.0
2024-11-07,2611,4469903733.0
2024-11-08,2611,4413203051.0
2024-11-11,2611,4394302824.0
2024-11-12,2611,4432103278.0
2024-11-13,2611,4460453619.0
2024-11-14,2611,4290351574.0
2024-11-15,2611,4356502370.0
2024-11-18,2611,4280901461.0
2024-11-19,2611,4318701915.0
2024-11-20,2611,4318701915.0
2024-11-21,2611,4375402597.0
2024-11-22,2611,4347052256.0
2024-11-25,2611,4337602142.0
2024-11-26,2611,4347052256.0
2024-11-27,2611,4233650893.0
2024-11-28,2611,4214750666.0
2024-11-29,2611,4205300552.0
2024-12-02,2611,4205300552.0
2024-12-03,2611,4224200779.0
2024-12-04,2611,4224200779.0
2024-12-05,2611,4186400325.0
2024-12-06,2611,4195850438.0
2024-12-09,2611,4422653165.0
2024-12-10,2611,4280901461.0
2024-12-11,2611,4271451347.0
2024-12-12,2611,4252551120.0
2024-12-13,2611,4186400325.0
2024-12-16,2611,4101349302.0
2024-12-17,2611,4120249530.0
2024-12-18,2611,4167500098.0
2024-12-19,2611,4148599870.0
2024-12-20,2611,4091899189.0
2024-12-23,2611,4110799416.0
2024-12-24,2611,4129699643.0
2024-12-25,2611,4129699643.0
2024-12-26,2611,4139149757.0
2024-12-27,2611,4129699643.0
2024-12-30,2611,4063548848.0
2024-12-31,2611,4016298280.0
