date,stock_id,market_value
2005-01-03,1402,97651275981.0
2005-01-04,1402,95751444701.0
2005-01-05,1402,94231580499.0
2005-01-06,1402,91571818146.0
2005-01-07,1402,90051953945.0
2005-01-10,1402,90811886046.0
2005-01-11,1402,91571818146.0
2005-01-12,1402,89671987894.0
2005-01-13,1402,91191852096.0
2005-01-14,1402,94231580499.0
2005-01-17,1402,93851614449.0
2005-01-18,1402,93091682348.0
2005-01-19,1402,91951784197.0
2005-01-20,1402,91191852096.0
2005-01-21,1402,90431919995.0
2005-01-24,1402,86252293441.0
2005-01-25,1402,83212565038.0
2005-01-26,1402,85872327390.0
2005-01-27,1402,85872327390.0
2005-01-28,1402,85872327390.0
2005-01-31,1402,87392191592.0
2005-02-01,1402,87772157642.0
2005-02-02,1402,89292021844.0
2005-02-03,1402,89292021844.0
2005-02-14,1402,88152123693.0
2005-02-15,1402,87772157642.0
2005-02-16,1402,87392191592.0
2005-02-17,1402,87772157642.0
2005-02-18,1402,87392191592.0
2005-02-21,1402,88912055794.0
2005-02-22,1402,86632259491.0
2005-02-23,1402,86252293441.0
2005-02-24,1402,87012225542.0
2005-02-25,1402,88912055794.0
2005-03-01,1402,90621903020.0
2005-03-02,1402,88912055794.0
2005-03-03,1402,89671987894.0
2005-03-04,1402,89292021844.0
2005-03-07,1402,90241936970.0
2005-03-08,1402,87392191592.0
2005-03-09,1402,87202208567.0
2005-03-10,1402,87012225542.0
2005-03-11,1402,86822242516.0
2005-03-14,1402,86252293441.0
2005-03-15,1402,84352463189.0
2005-03-16,1402,83592531088.0
2005-03-17,1402,83592531088.0
2005-03-18,1402,83022582012.0
2005-03-21,1402,84352463189.0
2005-03-22,1402,84732429239.0
2005-03-23,1402,84162480164.0
2005-03-24,1402,82452632937.0
2005-03-25,1402,84922412264.0
2005-03-28,1402,83592531088.0
2005-03-29,1402,81122751760.0
2005-03-30,1402,80552802685.0
2005-03-31,1402,78652972433.0
2005-04-01,1402,79222921508.0
2005-04-04,1402,78652972433.0
2005-04-06,1402,77133108231.0
2005-04-07,1402,76183193105.0
2005-04-08,1402,77893040332.0
2005-04-11,1402,78462989408.0
2005-04-12,1402,79032938483.0
2005-04-13,1402,77893040332.0
2005-04-14,1402,77323091256.0
2005-04-15,1402,74093379828.0
2005-04-18,1402,72573515626.0
2005-04-19,1402,72573515626.0
2005-04-20,1402,73143464702.0
2005-04-21,1402,72383532601.0
2005-04-22,1402,72953481677.0
2005-04-25,1402,74283362853.0
2005-04-26,1402,74853311929.0
2005-04-27,1402,75233277979.0
2005-04-28,1402,78273006382.0
2005-04-29,1402,80742785710.0
2005-05-03,1402,80742785710.0
2005-05-04,1402,80932768735.0
2005-05-05,1402,81502717811.0
2005-05-06,1402,81312734786.0
2005-05-09,1402,81692700836.0
2005-05-10,1402,81692700836.0
2005-05-11,1402,82452632937.0
2005-05-12,1402,82072666886.0
2005-05-13,1402,83022582012.0
2005-05-16,1402,81502717811.0
2005-05-17,1402,81692700836.0
2005-05-18,1402,82072666886.0
2005-05-19,1402,82452632937.0
2005-05-20,1402,83592531088.0
2005-05-23,1402,83592531088.0
2005-05-24,1402,84162480164.0
2005-05-25,1402,85302378315.0
2005-05-26,1402,85872327390.0
2005-05-27,1402,87202208567.0
2005-05-30,1402,88342106718.0
2005-05-31,1402,89671987894.0
2005-06-01,1402,87392191592.0
2005-06-02,1402,89292021844.0
2005-06-03,1402,89292021844.0
2005-06-06,1402,90621903020.0
2005-06-07,1402,87392191592.0
2005-06-08,1402,88152123693.0
2005-06-09,1402,89482004869.0
2005-06-10,1402,91001869071.0
2005-06-13,1402,91761801172.0
2005-06-14,1402,91761801172.0
2005-06-15,1402,93851614449.0
2005-06-16,1402,95751444701.0
2005-06-17,1402,95751444701.0
2005-06-20,1402,95751444701.0
2005-06-21,1402,94421563524.0
2005-06-22,1402,95751444701.0
2005-06-23,1402,95751444701.0
2005-06-24,1402,93091682348.0
2005-06-27,1402,92141767222.0
2005-06-28,1402,92521733272.0
2005-06-29,1402,89861970920.0
2005-06-30,1402,86062310416.0
2005-07-01,1402,89292021844.0
2005-07-04,1402,90241936970.0
2005-07-05,1402,90241936970.0
2005-07-06,1402,90431919995.0
2005-07-07,1402,92331750247.0
2005-07-08,1402,92711716298.0
2005-07-11,1402,93281665373.0
2005-07-12,1402,92521733272.0
2005-07-13,1402,93471648398.0
2005-07-14,1402,94801529575.0
2005-07-15,1402,95371478650.0
2005-07-19,1402,93281665373.0
2005-07-20,1402,93661631424.0
2005-07-21,1402,93661631424.0
2005-07-22,1402,95751444701.0
2005-07-25,1402,95751444701.0
2005-07-26,1402,95371478650.0
2005-07-27,1402,94231580499.0
2005-07-28,1402,94991512600.0
2005-07-29,1402,98221224028.0
2005-08-01,1402,98221224028.0
2005-08-02,1402,98601190079.0
2005-08-03,1402,96891342852.0
2005-08-04,1402,96701359827.0
2005-08-08,1402,94231580499.0
2005-08-09,1402,95941427726.0
2005-08-10,1402,96321393776.0
2005-08-11,1402,97651274953.0
2005-08-12,1402,100311037306.0
2005-08-15,1402,95751444701.0
2005-08-16,1402,95181495625.0
2005-08-17,1402,95751444701.0
2005-08-18,1402,86062310416.0
2005-08-19,1402,83972497138.0
2005-08-22,1402,85112395290.0
2005-08-23,1402,86822242516.0
2005-08-24,1402,83972497138.0
2005-08-25,1402,82642615962.0
2005-08-26,1402,84542446214.0
2005-08-29,1402,82642615962.0
2005-08-30,1402,83592531088.0
2005-08-31,1402,80362819660.0
2005-09-02,1402,81692700836.0
2005-09-05,1402,80362819660.0
2005-09-06,1402,82262649912.0
2005-09-07,1402,82262649912.0
2005-09-08,1402,81312734786.0
2005-09-09,1402,79792870584.0
2005-09-12,1402,80552802685.0
2005-09-13,1402,79982853609.0
2005-09-14,1402,79982853609.0
2005-09-15,1402,79792870584.0
2005-09-16,1402,78652972433.0
2005-09-19,1402,79602887559.0
2005-09-20,1402,78273006382.0
2005-09-21,1402,75423261004.0
2005-09-22,1402,72573515626.0
2005-09-23,1402,69913753274.0
2005-09-26,1402,70863668400.0
2005-09-27,1402,70103736299.0
2005-09-28,1402,70103736299.0
2005-09-29,1402,72763498652.0
2005-09-30,1402,76183193105.0
2005-10-03,1402,78083023357.0
2005-10-04,1402,75993210080.0
2005-10-05,1402,75233277979.0
2005-10-06,1402,73903396803.0
2005-10-07,1402,73523430752.0
2005-10-11,1402,71623600500.0
2005-10-12,1402,72573515626.0
2005-10-13,1402,78584578557.0
2005-10-14,1402,80226031895.0
2005-10-17,1402,76532761884.0
2005-10-18,1402,77353488553.0
2005-10-19,1402,75096490214.0
2005-10-20,1402,73660218543.0
2005-10-21,1402,73455036876.0
2005-10-24,1402,73865400210.0
2005-10-25,1402,72018765205.0
2005-10-26,1402,73249855208.0
2005-10-27,1402,78174215222.0
2005-10-28,1402,82072666900.0
2005-10-31,1402,80226031895.0
2005-11-01,1402,79405305226.0
2005-11-02,1402,81662303566.0
2005-11-03,1402,80226031895.0
2005-11-04,1402,81867485233.0
2005-11-07,1402,81457121898.0
2005-11-08,1402,81046758564.0
2005-11-09,1402,84534846907.0
2005-11-10,1402,83714120238.0
2005-11-11,1402,84329665240.0
2005-11-14,1402,84124483573.0
2005-11-15,1402,82483030235.0
2005-11-16,1402,80020850228.0
2005-11-17,1402,80020850228.0
2005-11-18,1402,81867485233.0
2005-11-21,1402,80226031895.0
2005-11-22,1402,79200123559.0
2005-11-23,1402,79200123559.0
2005-11-24,1402,82072666900.0
2005-11-25,1402,83508938571.0
2005-11-28,1402,84945210242.0
2005-11-29,1402,83303756904.0
2005-11-30,1402,84329665240.0
2005-12-01,1402,84329665240.0
2005-12-02,1402,86791845247.0
2005-12-05,1402,87407390249.0
2005-12-06,1402,88638480252.0
2005-12-07,1402,87202208581.0
2005-12-08,1402,85150391909.0
2005-12-09,1402,84945210242.0
2005-12-12,1402,83714120238.0
2005-12-13,1402,83714120238.0
2005-12-14,1402,83098575236.0
2005-12-15,1402,82277848567.0
2005-12-16,1402,88022935250.0
2005-12-19,1402,94178385268.0
2005-12-20,1402,93973203601.0
2005-12-21,1402,93973203601.0
2005-12-22,1402,90690296925.0
2005-12-23,1402,93562840266.0
2005-12-26,1402,92331750263.0
2005-12-27,1402,90895478592.0
2005-12-28,1402,91100660259.0
2005-12-29,1402,91511023594.0
2005-12-30,1402,90485115257.0
2006-01-02,1402,86791845247.0
2006-01-03,1402,88228116918.0
2006-01-04,1402,88228116918.0
2006-01-05,1402,89048843587.0
2006-01-06,1402,90690296925.0
2006-01-09,1402,90690296925.0
2006-01-10,1402,90485115257.0
2006-01-11,1402,96640565275.0
2006-01-12,1402,96025020273.0
2006-01-13,1402,93357658599.0
2006-01-16,1402,94999111937.0
2006-01-17,1402,93357658599.0
2006-01-18,1402,89254025254.0
2006-01-19,1402,89664388588.0
2006-01-20,1402,87612571916.0
2006-01-23,1402,86997026914.0
2006-01-24,1402,88228116918.0
2006-01-25,1402,90279933590.0
2006-02-03,1402,94793930270.0
2006-02-06,1402,98692381947.0
2006-02-07,1402,98076836946.0
2006-02-08,1402,95409475271.0
2006-02-09,1402,94793930270.0
2006-02-10,1402,95819838606.0
2006-02-13,1402,94793930270.0
2006-02-14,1402,95614656939.0
2006-02-15,1402,96025020273.0
2006-02-16,1402,97461291944.0
2006-02-17,1402,96640565275.0
2006-02-20,1402,99307926949.0
2006-02-21,1402,98487200280.0
2006-02-22,1402,98282018613.0
2006-02-23,1402,99307926949.0
2006-02-24,1402,100539016953.0
2006-02-27,1402,98692381947.0
2006-03-01,1402,98282018613.0
2006-03-02,1402,97666473611.0
2006-03-03,1402,97256110277.0
2006-03-06,1402,98487200280.0
2006-03-07,1402,98076836946.0
2006-03-08,1402,99513108616.0
2006-03-09,1402,99307926949.0
2006-03-10,1402,100128653618.0
2006-03-13,1402,98282018613.0
2006-03-14,1402,96640565275.0
2006-03-15,1402,96435383608.0
2006-03-16,1402,96435383608.0
2006-03-17,1402,94383566935.0
2006-03-20,1402,91511023594.0
2006-03-21,1402,90074751923.0
2006-03-22,1402,88433298585.0
2006-03-23,1402,90690296925.0
2006-03-24,1402,92536931930.0
2006-03-27,1402,92331750263.0
2006-03-28,1402,90485115257.0
2006-03-29,1402,91716205261.0
2006-03-30,1402,92742113597.0
2006-03-31,1402,93357658599.0
2006-04-03,1402,91921386928.0
2006-04-04,1402,93357658599.0
2006-04-06,1402,94383566935.0
2006-04-07,1402,94383566935.0
2006-04-10,1402,95204293604.0
2006-04-11,1402,97050928609.0
2006-04-12,1402,98487200280.0
2006-04-13,1402,97256110277.0
2006-04-14,1402,99718290284.0
2006-04-17,1402,106694466970.0
2006-04-18,1402,104232286963.0
2006-04-19,1402,102590833625.0
2006-04-20,1402,100539016953.0
2006-04-21,1402,102180470291.0
2006-04-24,1402,106078921968.0
2006-04-25,1402,109772191979.0
2006-04-26,1402,117363913667.0
2006-04-27,1402,124340090354.0
2006-04-28,1402,120236457009.0
2006-05-02,1402,122698637016.0
2006-05-03,1402,119005367005.0
2006-05-04,1402,122493455348.0
2006-05-05,1402,117774277002.0
2006-05-08,1402,125981543692.0
2006-05-09,1402,120441638676.0
2006-05-10,1402,114901733660.0
2006-05-11,1402,113670643657.0
2006-05-12,1402,112234371986.0
2006-05-15,1402,108335920308.0
2006-05-16,1402,103616741961.0
2006-05-17,1402,104027105296.0
2006-05-18,1402,111208463650.0
2006-05-19,1402,111208463650.0
2006-05-22,1402,106694466970.0
2006-05-23,1402,105053013632.0
2006-05-24,1402,105668558634.0
2006-05-25,1402,108541101975.0
2006-05-26,1402,107515193639.0
2006-05-29,1402,104847831965.0
2006-05-30,1402,101564925289.0
2006-06-01,1402,103821923629.0
2006-06-02,1402,107104830305.0
2006-06-05,1402,99718290284.0
2006-06-06,1402,101359743622.0
2006-06-07,1402,101770106956.0
2006-06-08,1402,96435383608.0
2006-06-09,1402,97461291944.0
2006-06-12,1402,97666473611.0
2006-06-13,1402,97461291944.0
2006-06-14,1402,100949380287.0
2006-06-15,1402,101770106956.0
2006-06-16,1402,108746283643.0
2006-06-19,1402,110387736981.0
2006-06-20,1402,105668558634.0
2006-06-21,1402,105053013632.0
2006-06-22,1402,107720375306.0
2006-06-23,1402,103821923629.0
2006-06-26,1402,105463376967.0
2006-06-27,1402,107310011972.0
2006-06-28,1402,106489285303.0
2006-06-29,1402,110592918648.0
2006-06-30,1402,108541101975.0
2006-07-03,1402,109567010312.0
2006-07-04,1402,107720375306.0
2006-07-05,1402,107104830305.0
2006-07-06,1402,105053013632.0
2006-07-07,1402,103616741961.0
2006-07-10,1402,105873740301.0
2006-07-11,1402,103616741961.0
2006-07-12,1402,103821923629.0
2006-07-13,1402,103821923629.0
2006-07-14,1402,100744198620.0
2006-07-17,1402,96230201940.0
2006-07-18,1402,96230201940.0
2006-07-19,1402,95409475271.0
2006-07-20,1402,98897563615.0
2006-07-21,1402,99102745282.0
2006-07-24,1402,100128653618.0
2006-07-25,1402,100333835285.0
2006-07-26,1402,99307926949.0
2006-07-27,1402,102590833625.0
2006-07-28,1402,103206378627.0
2006-07-31,1402,101154561954.0
2006-08-01,1402,101154561954.0
2006-08-02,1402,102385651958.0
2006-08-03,1402,101975288623.0
2006-08-04,1402,101359743622.0
2006-08-07,1402,99923471951.0
2006-08-08,1402,100333835285.0
2006-08-09,1402,101154561954.0
2006-08-10,1402,100539016953.0
2006-08-11,1402,100539016953.0
2006-08-14,1402,101770106956.0
2006-08-15,1402,101564925289.0
2006-08-16,1402,104232286963.0
2006-08-17,1402,98692381947.0
2006-08-18,1402,97666473611.0
2006-08-21,1402,93152476932.0
2006-08-22,1402,95409475271.0
2006-08-23,1402,95409475271.0
2006-08-24,1402,95819838606.0
2006-08-25,1402,93768021933.0
2006-08-28,1402,93562840266.0
2006-08-29,1402,93562840266.0
2006-08-30,1402,95204293604.0
2006-08-31,1402,94793930270.0
2006-09-01,1402,95204293604.0
2006-09-04,1402,98692381947.0
2006-09-05,1402,99718290284.0
2006-09-06,1402,98076836946.0
2006-09-07,1402,97256110277.0
2006-09-08,1402,96640565275.0
2006-09-11,1402,96845746942.0
2006-09-12,1402,94383566935.0
2006-09-13,1402,95614656939.0
2006-09-14,1402,95819838606.0
2006-09-15,1402,95819838606.0
2006-09-18,1402,100744198620.0
2006-09-19,1402,100744198620.0
2006-09-20,1402,101154561954.0
2006-09-21,1402,103821923629.0
2006-09-22,1402,104437468630.0
2006-09-25,1402,102590833625.0
2006-09-26,1402,101975288623.0
2006-09-27,1402,104232286963.0
2006-09-28,1402,108528791083.0
2006-09-29,1402,106788850544.0
2006-10-02,1402,112226164727.0
2006-10-03,1402,109181268785.0
2006-10-04,1402,107006343112.0
2006-10-05,1402,108963776217.0
2006-10-11,1402,111791179592.0
2006-10-12,1402,117228493775.0
2006-10-13,1402,118750941746.0
2006-10-16,1402,117011001207.0
2006-10-17,1402,113313627563.0
2006-10-18,1402,113531120131.0
2006-10-19,1402,113313627563.0
2006-10-20,1402,115488553236.0
2006-10-23,1402,118750941746.0
2006-10-24,1402,117880971477.0
2006-10-25,1402,112226164727.0
2006-10-26,1402,113313627563.0
2006-10-27,1402,112443657294.0
2006-10-30,1402,108746283650.0
2006-10-31,1402,109616253919.0
2006-11-01,1402,108311298515.0
2006-11-02,1402,111573687025.0
2006-11-03,1402,115488553236.0
2006-11-06,1402,119620912015.0
2006-11-07,1402,120925867419.0
2006-11-08,1402,117880971477.0
2006-11-09,1402,117445986342.0
2006-11-10,1402,116358523506.0
2006-11-13,1402,117445986342.0
2006-11-14,1402,115923538371.0
2006-11-15,1402,115706045804.0
2006-11-16,1402,115706045804.0
2006-11-17,1402,111356194458.0
2006-11-20,1402,108528791083.0
2006-11-21,1402,108746283650.0
2006-11-22,1402,112226164727.0
2006-11-23,1402,113096134996.0
2006-11-24,1402,115488553236.0
2006-11-27,1402,119185926880.0
2006-11-28,1402,117663478909.0
2006-11-29,1402,119403419448.0
2006-11-30,1402,118968434313.0
2006-12-01,1402,120055897150.0
2006-12-04,1402,122448315390.0
2006-12-05,1402,120273389717.0
2006-12-06,1402,124405748496.0
2006-12-07,1402,124188255928.0
2006-12-08,1402,127015659303.0
2006-12-11,1402,123970763361.0
2006-12-12,1402,120925867419.0
2006-12-13,1402,122883300525.0
2006-12-14,1402,122883300525.0
2006-12-15,1402,126580674169.0
2006-12-18,1402,125928196467.0
2006-12-19,1402,124188255928.0
2006-12-20,1402,122230822823.0
2006-12-21,1402,120490882284.0
2006-12-22,1402,120273389717.0
2006-12-25,1402,120925867419.0
2006-12-26,1402,123535778226.0
2006-12-27,1402,122665807957.0
2006-12-28,1402,122013330255.0
2006-12-29,1402,123970763361.0
2007-01-02,1402,123970763361.0
2007-01-03,1402,123535778226.0
2007-01-04,1402,123535778226.0
2007-01-05,1402,120055897150.0
2007-01-08,1402,120273389717.0
2007-01-09,1402,121578345121.0
2007-01-10,1402,117880971477.0
2007-01-11,1402,117445986342.0
2007-01-12,1402,118750941746.0
2007-01-15,1402,115706045804.0
2007-01-16,1402,115923538371.0
2007-01-17,1402,120055897150.0
2007-01-18,1402,120925867419.0
2007-01-19,1402,117880971477.0
2007-01-22,1402,117228493775.0
2007-01-23,1402,118750941746.0
2007-01-24,1402,125928196467.0
2007-01-25,1402,121795837688.0
2007-01-26,1402,121795837688.0
2007-01-29,1402,119620912015.0
2007-01-30,1402,119620912015.0
2007-01-31,1402,120925867419.0
2007-02-01,1402,123318285659.0
2007-02-02,1402,122448315390.0
2007-02-05,1402,122013330255.0
2007-02-06,1402,123535778226.0
2007-02-07,1402,121360852553.0
2007-02-08,1402,123100793092.0
2007-02-09,1402,123970763361.0
2007-02-12,1402,123318285659.0
2007-02-13,1402,123970763361.0
2007-02-14,1402,123970763361.0
2007-02-26,1402,125928196467.0
2007-02-27,1402,123100793092.0
2007-03-01,1402,117011001207.0
2007-03-02,1402,117228493775.0
2007-03-05,1402,109181268785.0
2007-03-06,1402,110921209323.0
2007-03-07,1402,110921209323.0
2007-03-08,1402,112878642429.0
2007-03-09,1402,113096134996.0
2007-03-12,1402,113313627563.0
2007-03-13,1402,113096134996.0
2007-03-14,1402,110921209323.0
2007-03-15,1402,112661149861.0
2007-03-16,1402,113966105265.0
2007-03-19,1402,115923538371.0
2007-03-20,1402,115053568102.0
2007-03-21,1402,115271060669.0
2007-03-22,1402,116576016073.0
2007-03-23,1402,117880971477.0
2007-03-26,1402,122448315390.0
2007-03-27,1402,123100793092.0
2007-03-28,1402,123100793092.0
2007-03-29,1402,123100793092.0
2007-03-30,1402,123970763361.0
2007-04-02,1402,123535778226.0
2007-04-03,1402,123535778226.0
2007-04-04,1402,126580674169.0
2007-04-09,1402,128973092409.0
2007-04-10,1402,127885629572.0
2007-04-11,1402,127450644438.0
2007-04-12,1402,128320614707.0
2007-04-13,1402,129408077544.0
2007-04-16,1402,130495540380.0
2007-04-17,1402,130495540380.0
2007-04-18,1402,128755599842.0
2007-04-19,1402,124405748496.0
2007-04-20,1402,129190584976.0
2007-04-23,1402,132452973486.0
2007-04-24,1402,133540436322.0
2007-04-25,1402,129190584976.0
2007-04-26,1402,134410406591.0
2007-04-27,1402,138760257937.0
2007-04-30,1402,132452973486.0
2007-05-02,1402,134410406591.0
2007-05-03,1402,131583003217.0
2007-05-04,1402,140717691043.0
2007-05-07,1402,138542765370.0
2007-05-08,1402,136367839697.0
2007-05-09,1402,134627899159.0
2007-05-10,1402,137672795101.0
2007-05-11,1402,138325272803.0
2007-05-14,1402,142892616716.0
2007-05-15,1402,143545094418.0
2007-05-16,1402,141370168745.0
2007-05-17,1402,143327601851.0
2007-05-18,1402,142675124149.0
2007-05-21,1402,143762586985.0
2007-05-22,1402,143545094418.0
2007-05-23,1402,143545094418.0
2007-05-24,1402,142675124149.0
2007-05-25,1402,139195243072.0
2007-05-28,1402,141587661312.0
2007-05-29,1402,141805153880.0
2007-05-30,1402,141805153880.0
2007-05-31,1402,143110109283.0
2007-06-01,1402,141370168745.0
2007-06-04,1402,136367839697.0
2007-06-05,1402,130495540380.0
2007-06-06,1402,133540436322.0
2007-06-07,1402,134410406591.0
2007-06-08,1402,133540436322.0
2007-06-11,1402,130713032947.0
2007-06-12,1402,134410406591.0
2007-06-13,1402,134845391726.0
2007-06-14,1402,134410406591.0
2007-06-15,1402,135715361995.0
2007-06-20,1402,140935183610.0
2007-06-21,1402,141805153880.0
2007-06-22,1402,147677453197.0
2007-06-25,1402,145720020091.0
2007-06-26,1402,149634886302.0
2007-06-27,1402,148982408601.0
2007-06-28,1402,148329930899.0
2007-06-29,1402,146372497793.0
2007-07-02,1402,149417393735.0
2007-07-03,1402,151809811975.0
2007-07-04,1402,156594648456.0
2007-07-05,1402,167469276821.0
2007-07-06,1402,178996382888.0
2007-07-09,1402,168991724792.0
2007-07-10,1402,165294351148.0
2007-07-11,1402,164859366013.0
2007-07-12,1402,164859366013.0
2007-07-13,1402,168339247090.0
2007-07-16,1402,167469276821.0
2007-07-17,1402,169644202494.0
2007-07-18,1402,172471605869.0
2007-07-19,1402,173994053840.0
2007-07-20,1402,174864024109.0
2007-07-23,1402,174211546407.0
2007-07-24,1402,173124083571.0
2007-07-25,1402,169209217359.0
2007-07-26,1402,168991724792.0
2007-07-27,1402,162031962639.0
2007-07-30,1402,158769574129.0
2007-07-31,1402,163554410610.0
2007-08-01,1402,156594648456.0
2007-08-02,1402,156159663321.0
2007-08-03,1402,158769574129.0
2007-08-06,1402,154419722783.0
2007-08-07,1402,160944499802.0
2007-08-08,1402,171601635600.0
2007-08-09,1402,171819128167.0
2007-08-10,1402,162031962639.0
2007-08-13,1402,164859366013.0
2007-08-14,1402,165729336283.0
2007-08-15,1402,157247126158.0
2007-08-16,1402,146372497793.0
2007-08-17,1402,141370168745.0
2007-08-20,1402,148329930899.0
2007-08-21,1402,152244797110.0
2007-08-22,1402,153114767379.0
2007-08-23,1402,153114767379.0
2007-08-24,1402,153114767379.0
2007-08-27,1402,157682111293.0
2007-08-28,1402,152244797110.0
2007-08-29,1402,153114767379.0
2007-08-30,1402,157899603860.0
2007-08-31,1402,168774232225.0
2007-09-03,1402,166381813985.0
2007-09-04,1402,160944499802.0
2007-09-05,1402,163554410610.0
2007-09-06,1402,168774232225.0
2007-09-07,1402,164859366013.0
2007-09-10,1402,162031962639.0
2007-09-11,1402,165076858581.0
2007-09-12,1402,161814470071.0
2007-09-13,1402,163119425475.0
2007-09-14,1402,165294351148.0
2007-09-17,1402,163119425475.0
2007-09-19,1402,172036620734.0
2007-09-20,1402,174509511210.0
2007-09-21,1402,186606447802.0
2007-09-26,1402,199599453771.0
2007-09-27,1402,199599453771.0
2007-09-28,1402,196463210951.0
2007-10-01,1402,200719540493.0
2007-10-02,1402,197135262984.0
2007-10-03,1402,202511679247.0
2007-10-04,1402,197135262984.0
2007-10-05,1402,204303818002.0
2007-10-08,1402,204303818002.0
2007-10-09,1402,199375436427.0
2007-10-11,1402,213264511774.0
2007-10-12,1402,206095956756.0
2007-10-15,1402,201615609870.0
2007-10-16,1402,204527835346.0
2007-10-17,1402,196463210951.0
2007-10-18,1402,197807315017.0
2007-10-19,1402,200943557837.0
2007-10-22,1402,187278499835.0
2007-10-23,1402,185262343736.0
2007-10-24,1402,189742690622.0
2007-10-25,1402,189294655934.0
2007-10-26,1402,186830465146.0
2007-10-29,1402,195343124230.0
2007-10-30,1402,194447054852.0
2007-10-31,1402,191758846721.0
2007-11-01,1402,184814309048.0
2007-11-02,1402,179885927473.0
2007-11-05,1402,185038326392.0
2007-11-06,1402,197807315017.0
2007-11-07,1402,195567141574.0
2007-11-08,1402,196015176263.0
2007-11-09,1402,187278499835.0
2007-11-12,1402,174733528554.0
2007-11-13,1402,178989858096.0
2007-11-14,1402,183470204982.0
2007-11-15,1402,179213875440.0
2007-11-16,1402,176749684653.0
2007-11-19,1402,168685060258.0
2007-11-20,1402,164204713372.0
2007-11-21,1402,166220869471.0
2007-11-22,1402,165772834782.0
2007-11-23,1402,164652748061.0
2007-11-26,1402,167564973536.0
2007-11-27,1402,165772834782.0
2007-11-28,1402,165772834782.0
2007-11-29,1402,169805146979.0
2007-11-30,1402,174509511210.0
2007-12-03,1402,175853615276.0
2007-12-04,1402,176077632620.0
2007-12-05,1402,172493355111.0
2007-12-06,1402,175629597931.0
2007-12-07,1402,176973701997.0
2007-12-10,1402,173389424488.0
2007-12-11,1402,178541823407.0
2007-12-12,1402,173389424488.0
2007-12-13,1402,164428730716.0
2007-12-14,1402,167116938848.0
2007-12-17,1402,160396418519.0
2007-12-18,1402,157708210387.0
2007-12-19,1402,162188557273.0
2007-12-20,1402,161740522585.0
2007-12-21,1402,159052314453.0
2007-12-24,1402,163532661339.0
2007-12-25,1402,166444886815.0
2007-12-26,1402,163980696028.0
2007-12-27,1402,166892921504.0
2007-12-28,1402,167788990881.0
2007-12-31,1402,170477199012.0
2008-01-02,1402,165996852126.0
2008-01-03,1402,168013008225.0
2008-01-04,1402,176077632620.0
2008-01-07,1402,188398586556.0
2008-01-08,1402,197135262984.0
2008-01-09,1402,188622603901.0
2008-01-10,1402,192654916098.0
2008-01-11,1402,188174569212.0
2008-01-14,1402,201167575181.0
2008-01-15,1402,215056650528.0
2008-01-16,1402,201615609870.0
2008-01-17,1402,201839627214.0
2008-01-18,1402,215952719905.0
2008-01-21,1402,212816477085.0
2008-01-22,1402,198031332361.0
2008-01-23,1402,185262343736.0
2008-01-24,1402,198031332361.0
2008-01-25,1402,198255349706.0
2008-01-28,1402,184590291703.0
2008-01-29,1402,187278499835.0
2008-01-30,1402,184366274359.0
2008-01-31,1402,197135262984.0
2008-02-01,1402,205647922067.0
2008-02-12,1402,201615609870.0
2008-02-13,1402,203631765969.0
2008-02-14,1402,206095956756.0
2008-02-15,1402,201615609870.0
2008-02-18,1402,204303818002.0
2008-02-19,1402,210576303642.0
2008-02-20,1402,204975870035.0
2008-02-21,1402,216400754594.0
2008-02-22,1402,217744858660.0
2008-02-25,1402,232978038072.0
2008-02-26,1402,231633934006.0
2008-02-27,1402,231633934006.0
2008-02-29,1402,232081968695.0
2008-03-03,1402,228497691186.0
2008-03-04,1402,244178905287.0
2008-03-05,1402,244178905287.0
2008-03-06,1402,245523009353.0
2008-03-07,1402,231185899318.0
2008-03-10,1402,219312980070.0
2008-03-11,1402,234322142138.0
2008-03-12,1402,231633934006.0
2008-03-13,1402,224017344300.0
2008-03-14,1402,227601621809.0
2008-03-17,1402,224465378989.0
2008-03-18,1402,225361448366.0
2008-03-19,1402,223345292267.0
2008-03-20,1402,229393760563.0
2008-03-21,1402,241490697155.0
2008-03-24,1402,258067980634.0
2008-03-25,1402,250451390927.0
2008-03-26,1402,248659252173.0
2008-03-27,1402,238354454335.0
2008-03-28,1402,237458384958.0
2008-03-31,1402,229393760563.0
2008-04-01,1402,213488529118.0
2008-04-02,1402,217296823971.0
2008-04-03,1402,212816477085.0
2008-04-07,1402,224017344300.0
2008-04-08,1402,224017344300.0
2008-04-09,1402,225809483054.0
2008-04-10,1402,229841795252.0
2008-04-11,1402,234322142138.0
2008-04-14,1402,232978038072.0
2008-04-15,1402,232978038072.0
2008-04-16,1402,245074974664.0
2008-04-17,1402,235666246204.0
2008-04-18,1402,239698558401.0
2008-04-21,1402,243282835910.0
2008-04-22,1402,236562315581.0
2008-04-23,1402,230737864629.0
2008-04-24,1402,226705552432.0
2008-04-25,1402,228945725875.0
2008-04-28,1402,238802489024.0
2008-04-29,1402,229841795252.0
2008-04-30,1402,229393760563.0
2008-05-02,1402,227153587120.0
2008-05-05,1402,220433066791.0
2008-05-06,1402,212368442396.0
2008-05-07,1402,217520841315.0
2008-05-08,1402,219088962725.0
2008-05-09,1402,216400754594.0
2008-05-12,1402,214160581151.0
2008-05-13,1402,219088962725.0
2008-05-14,1402,219761014758.0
2008-05-15,1402,228497691186.0
2008-05-16,1402,229841795252.0
2008-05-19,1402,234322142138.0
2008-05-20,1402,219761014758.0
2008-05-21,1402,224017344300.0
2008-05-22,1402,222897257579.0
2008-05-23,1402,221777170857.0
2008-05-26,1402,216400754594.0
2008-05-27,1402,221777170857.0
2008-05-28,1402,213040494429.0
2008-05-29,1402,215056650528.0
2008-05-30,1402,211920407708.0
2008-06-02,1402,217968876004.0
2008-06-03,1402,213264511774.0
2008-06-04,1402,216848789282.0
2008-06-05,1402,222673240234.0
2008-06-06,1402,219088962725.0
2008-06-09,1402,215056650528.0
2008-06-10,1402,207216043478.0
2008-06-11,1402,210576303642.0
2008-06-12,1402,204079800657.0
2008-06-13,1402,204079800657.0
2008-06-16,1402,207216043478.0
2008-06-17,1402,208560147543.0
2008-06-18,1402,211472373019.0
2008-06-19,1402,199823471116.0
2008-06-20,1402,188174569212.0
2008-06-23,1402,194447054852.0
2008-06-24,1402,187054482491.0
2008-06-25,1402,181006014194.0
2008-06-26,1402,183694222326.0
2008-06-27,1402,177197719341.0
2008-06-30,1402,177197719341.0
2008-07-01,1402,172941389800.0
2008-07-02,1402,168237025569.0
2008-07-03,1402,168461042914.0
2008-07-04,1402,171821303078.0
2008-07-07,1402,174957545898.0
2008-07-08,1402,170253181668.0
2008-07-09,1402,171373268390.0
2008-07-10,1402,173165407144.0
2008-07-11,1402,178765840751.0
2008-07-14,1402,176973701997.0
2008-07-15,1402,167788990881.0
2008-07-16,1402,162188557273.0
2008-07-17,1402,170253181668.0
2008-07-18,1402,162188557273.0
2008-07-21,1402,173389424488.0
2008-07-22,1402,171149251045.0
2008-07-23,1402,183022170293.0
2008-07-24,1402,189518673278.0
2008-07-25,1402,183918239670.0
2008-07-29,1402,180781996850.0
2008-07-30,1402,179661910129.0
2008-07-31,1402,176077632620.0
2008-08-01,1402,176973701997.0
2008-08-04,1402,179213875440.0
2008-08-05,1402,174733528554.0
2008-08-06,1402,174509511210.0
2008-08-07,1402,175405580587.0
2008-08-08,1402,176973701997.0
2008-08-11,1402,180109944817.0
2008-08-12,1402,173837459177.0
2008-08-13,1402,165100782749.0
2008-08-14,1402,167564973536.0
2008-08-15,1402,164876765405.0
2008-08-18,1402,153451880846.0
2008-08-19,1402,146283325828.0
2008-08-20,1402,148747516615.0
2008-08-21,1402,137098614712.0
2008-08-22,1402,137546649400.0
2008-08-25,1402,146507343172.0
2008-08-26,1402,140458874876.0
2008-08-27,1402,137098614712.0
2008-08-28,1402,131498181104.0
2008-08-29,1402,130826129071.0
2008-09-01,1402,131722198448.0
2008-09-02,1402,133290319859.0
2008-09-03,1402,124329626087.0
2008-09-04,1402,115816967003.0
2008-09-05,1402,114696880282.0
2008-09-08,1402,122537487332.0
2008-09-09,1402,120073296545.0
2008-09-10,1402,114920897626.0
2008-09-11,1402,107528325264.0
2008-09-12,1402,109544481363.0
2008-09-15,1402,101927891657.0
2008-09-16,1402,95879423360.0
2008-09-17,1402,97447544771.0
2008-09-18,1402,92071128507.0
2008-09-19,1402,98343614148.0
2008-09-22,1402,107165417173.0
2008-09-23,1402,111049877923.0
2008-09-24,1402,111049877923.0
2008-09-25,1402,106479924099.0
2008-09-26,1402,106936919482.0
2008-09-30,1402,101452974893.0
2008-10-01,1402,107393914864.0
2008-10-02,1402,107850910246.0
2008-10-03,1402,108307905629.0
2008-10-06,1402,102823961040.0
2008-10-07,1402,101452974893.0
2008-10-08,1402,94598044157.0
2008-10-09,1402,88885601877.0
2008-10-13,1402,86143629582.0
2008-10-14,1402,92084569554.0
2008-10-15,1402,94141048774.0
2008-10-16,1402,90942081098.0
2008-10-17,1402,88200108803.0
2008-10-20,1402,88200108803.0
2008-10-21,1402,88885601877.0
2008-10-22,1402,86372127274.0
2008-10-23,1402,83630154979.0
2008-10-24,1402,80888182685.0
2008-10-27,1402,75404238096.0
2008-10-28,1402,76318228861.0
2008-10-29,1402,77689215008.0
2008-10-30,1402,82944661906.0
2008-10-31,1402,87286118038.0
2008-11-03,1402,93227058010.0
2008-11-04,1402,91170578789.0
2008-11-05,1402,95512034922.0
2008-11-06,1402,90942081098.0
2008-11-07,1402,90942081098.0
2008-11-10,1402,94369546466.0
2008-11-11,1402,92770062627.0
2008-11-12,1402,92770062627.0
2008-11-13,1402,86372127274.0
2008-11-14,1402,86372127274.0
2008-11-18,1402,86143629582.0
2008-11-19,1402,88885601877.0
2008-11-20,1402,86829122656.0
2008-11-21,1402,87743113421.0
2008-11-24,1402,91399076480.0
2008-11-25,1402,90942081098.0
2008-11-26,1402,94141048774.0
2008-11-27,1402,100538984128.0
2008-11-28,1402,103280956422.0
2008-12-01,1402,104880440261.0
2008-12-02,1402,104651942570.0
2008-12-03,1402,104651942570.0
2008-12-04,1402,97340016451.0
2008-12-05,1402,97111518760.0
2008-12-08,1402,101909970275.0
2008-12-09,1402,104651942570.0
2008-12-10,1402,109907389467.0
2008-12-11,1402,111963868688.0
2008-12-12,1402,110592882541.0
2008-12-15,1402,108764901011.0
2008-12-16,1402,103280956422.0
2008-12-17,1402,105565933334.0
2008-12-18,1402,108079407938.0
2008-12-19,1402,104651942570.0
2008-12-22,1402,97568514142.0
2008-12-23,1402,91627574171.0
2008-12-24,1402,93455555701.0
2008-12-25,1402,93684053392.0
2008-12-26,1402,92998560318.0
2008-12-29,1402,92998560318.0
2008-12-30,1402,96426025686.0
2008-12-31,1402,95969030304.0
2009-01-05,1402,101909970275.0
2009-01-06,1402,108993398702.0
2009-01-07,1402,108764901011.0
2009-01-08,1402,102823961040.0
2009-01-09,1402,105565933334.0
2009-01-12,1402,103737951805.0
2009-01-13,1402,108079407938.0
2009-01-14,1402,108307905629.0
2009-01-15,1402,100995979510.0
2009-01-16,1402,99624993363.0
2009-01-19,1402,97797011834.0
2009-01-20,1402,93684053392.0
2009-01-21,1402,95512034922.0
2009-02-02,1402,95740532613.0
2009-02-03,1402,97340016451.0
2009-02-04,1402,97340016451.0
2009-02-05,1402,99396495672.0
2009-02-06,1402,102138467966.0
2009-02-09,1402,100995979510.0
2009-02-10,1402,101452974893.0
2009-02-11,1402,102823961040.0
2009-02-12,1402,96426025686.0
2009-02-13,1402,101224477202.0
2009-02-16,1402,100081988746.0
2009-02-17,1402,95969030304.0
2009-02-18,1402,94598044157.0
2009-02-19,1402,95283537230.0
2009-02-20,1402,96426025686.0
2009-02-23,1402,98025509525.0
2009-02-24,1402,92541564936.0
2009-02-25,1402,94141048774.0
2009-02-26,1402,95512034922.0
2009-02-27,1402,95512034922.0
2009-03-02,1402,91170578789.0
2009-03-03,1402,88885601877.0
2009-03-04,1402,90028090333.0
2009-03-05,1402,92998560318.0
2009-03-06,1402,91399076480.0
2009-03-09,1402,91170578789.0
2009-03-10,1402,95283537230.0
2009-03-11,1402,97797011834.0
2009-03-12,1402,96426025686.0
2009-03-13,1402,101452974893.0
2009-03-16,1402,106936919482.0
2009-03-17,1402,112420864070.0
2009-03-18,1402,110592882541.0
2009-03-19,1402,111506873306.0
2009-03-20,1402,107393914864.0
2009-03-23,1402,111506873306.0
2009-03-24,1402,116762320203.0
2009-03-25,1402,120875278645.0
2009-03-26,1402,120875278645.0
2009-03-27,1402,119504292498.0
2009-03-30,1402,116762320203.0
2009-03-31,1402,120646780954.0
2009-04-01,1402,123388753248.0
2009-04-02,1402,127958707072.0
2009-04-03,1402,128415702454.0
2009-04-06,1402,132071665514.0
2009-04-07,1402,124531241704.0
2009-04-08,1402,118361804042.0
2009-04-09,1402,126587720925.0
2009-04-10,1402,129329693219.0
2009-04-13,1402,131843167822.0
2009-04-14,1402,134813637808.0
2009-04-15,1402,132300163205.0
2009-04-16,1402,141440070853.0
2009-04-17,1402,137555610102.0
2009-04-20,1402,136184623955.0
2009-04-21,1402,137555610102.0
2009-04-22,1402,139155093941.0
2009-04-23,1402,137555610102.0
2009-04-24,1402,138698098558.0
2009-04-27,1402,138698098558.0
2009-04-28,1402,135042135499.0
2009-04-29,1402,131843167822.0
2009-04-30,1402,140983075470.0
2009-05-04,1402,150808476192.0
2009-05-05,1402,161319369987.0
2009-05-06,1402,164975333046.0
2009-05-07,1402,159491388458.0
2009-05-08,1402,160862374605.0
2009-05-11,1402,169088291488.0
2009-05-12,1402,162233360752.0
2009-05-13,1402,162233360752.0
2009-05-14,1402,165432328429.0
2009-05-15,1402,173429747621.0
2009-05-18,1402,172972752238.0
2009-05-19,1402,172515756856.0
2009-05-20,1402,178228199136.0
2009-05-21,1402,176857212989.0
2009-05-22,1402,172287259165.0
2009-05-25,1402,167717305341.0
2009-05-26,1402,170230779944.0
2009-05-27,1402,168402798414.0
2009-06-01,1402,177314208371.0
2009-06-02,1402,180284678357.0
2009-06-03,1402,175029231459.0
2009-06-04,1402,170002282253.0
2009-06-05,1402,164746835355.0
2009-06-08,1402,158577397693.0
2009-06-09,1402,151950964648.0
2009-06-10,1402,153321950795.0
2009-06-11,1402,157206411546.0
2009-06-15,1402,148523499280.0
2009-06-16,1402,148523499280.0
2009-06-17,1402,150808476192.0
2009-06-18,1402,152864955413.0
2009-06-19,1402,163375849208.0
2009-06-22,1402,174800733768.0
2009-06-23,1402,167717305341.0
2009-06-24,1402,173201249930.0
2009-06-25,1402,182798152960.0
2009-06-26,1402,182798152960.0
2009-06-29,1402,177542706062.0
2009-06-30,1402,173658245312.0
2009-07-01,1402,177999701445.0
2009-07-02,1402,181427166813.0
2009-07-03,1402,179142189901.0
2009-07-06,1402,180513176048.0
2009-07-07,1402,181427166813.0
2009-07-08,1402,176628715298.0
2009-07-09,1402,176628715298.0
2009-07-10,1402,177085710680.0
2009-07-13,1402,167260309958.0
2009-07-14,1402,170459277635.0
2009-07-15,1402,177085710680.0
2009-07-16,1402,178228199136.0
2009-07-17,1402,178228199136.0
2009-07-20,1402,175486226842.0
2009-07-21,1402,175029231459.0
2009-07-22,1402,175943222224.0
2009-07-23,1402,175943222224.0
2009-07-24,1402,175943222224.0
2009-07-27,1402,177542706062.0
2009-07-28,1402,176857212989.0
2009-07-29,1402,170230779944.0
2009-07-30,1402,169088291488.0
2009-07-31,1402,169088291488.0
2009-08-03,1402,166803314576.0
2009-08-04,1402,166803314576.0
2009-08-05,1402,167945803032.0
2009-08-06,1402,164518337664.0
2009-08-10,1402,163832844590.0
2009-08-11,1402,159948383840.0
2009-08-12,1402,160862374605.0
2009-08-13,1402,162233360752.0
2009-08-14,1402,171601766091.0
2009-08-17,1402,164975333046.0
2009-08-18,1402,159948383840.0
2009-08-19,1402,156749416163.0
2009-08-20,1402,156749416163.0
2009-08-21,1402,155378430016.0
2009-08-24,1402,163147351517.0
2009-08-25,1402,155835425398.0
2009-08-26,1402,148066503898.0
2009-08-27,1402,142582559309.0
2009-08-28,1402,145781526986.0
2009-08-31,1402,149894485427.0
2009-09-01,1402,153778946178.0
2009-09-02,1402,155378430016.0
2009-09-03,1402,155835425398.0
2009-09-04,1402,159034393075.0
2009-09-07,1402,162918853826.0
2009-09-08,1402,170230779944.0
2009-09-09,1402,167945803032.0
2009-09-10,1402,171830263782.0
2009-09-11,1402,170916273018.0
2009-09-14,1402,170459277635.0
2009-09-15,1402,169545286870.0
2009-09-16,1402,169545286870.0
2009-09-17,1402,171830263782.0
2009-09-18,1402,171830263782.0
2009-09-21,1402,177830613173.0
2009-09-22,1402,175499936723.0
2009-09-23,1402,172470057337.0
2009-09-24,1402,167808704436.0
2009-09-25,1402,170139380887.0
2009-09-28,1402,171071651467.0
2009-09-29,1402,169673245596.0
2009-09-30,1402,175733004368.0
2009-10-01,1402,181093560204.0
2009-10-02,1402,175033801433.0
2009-10-05,1402,176199139658.0
2009-10-06,1402,179229019043.0
2009-10-07,1402,189717063071.0
2009-10-08,1402,181792763139.0
2009-10-09,1402,185754913105.0
2009-10-12,1402,184822642525.0
2009-10-13,1402,184123439590.0
2009-10-14,1402,189950130716.0
2009-10-15,1402,186687183685.0
2009-10-16,1402,187153318975.0
2009-10-19,1402,185521845460.0
2009-10-20,1402,188318657200.0
2009-10-21,1402,186920251330.0
2009-10-22,1402,188318657200.0
2009-10-23,1402,198573633583.0
2009-10-26,1402,195776821842.0
2009-10-27,1402,193679213037.0
2009-10-28,1402,185754913105.0
2009-10-29,1402,178995951398.0
2009-10-30,1402,181792763139.0
2009-11-02,1402,178995951398.0
2009-11-03,1402,177131410238.0
2009-11-04,1402,183657304299.0
2009-11-05,1402,181093560204.0
2009-11-06,1402,185987980750.0
2009-11-09,1402,186920251330.0
2009-11-10,1402,188784792491.0
2009-11-11,1402,187386386620.0
2009-11-12,1402,188784792491.0
2009-11-13,1402,190183198361.0
2009-11-16,1402,191115468941.0
2009-11-17,1402,187386386620.0
2009-11-18,1402,187852521910.0
2009-11-19,1402,186454116040.0
2009-11-20,1402,185055710170.0
2009-11-23,1402,182725033719.0
2009-11-24,1402,182958101364.0
2009-11-25,1402,185055710170.0
2009-11-26,1402,184356507235.0
2009-11-27,1402,174800733788.0
2009-11-30,1402,175266869078.0
2009-12-01,1402,177597545528.0
2009-12-02,1402,179462086689.0
2009-12-03,1402,181326627849.0
2009-12-04,1402,178529816108.0
2009-12-07,1402,179695154334.0
2009-12-08,1402,176898342593.0
2009-12-09,1402,178529816108.0
2009-12-10,1402,175266869078.0
2009-12-11,1402,177131410238.0
2009-12-14,1402,183657304299.0
2009-12-15,1402,181792763139.0
2009-12-16,1402,183657304299.0
2009-12-17,1402,180860492559.0
2009-12-18,1402,180860492559.0
2009-12-21,1402,179462086689.0
2009-12-22,1402,181792763139.0
2009-12-23,1402,182025830784.0
2009-12-24,1402,186454116040.0
2009-12-25,1402,184123439590.0
2009-12-28,1402,184589574880.0
2009-12-29,1402,183657304299.0
2009-12-30,1402,184123439590.0
2009-12-31,1402,186454116040.0
2010-01-04,1402,185521845460.0
2010-01-05,1402,188085589555.0
2010-01-06,1402,194378415972.0
2010-01-07,1402,191115468941.0
2010-01-08,1402,194378415972.0
2010-01-11,1402,194611483617.0
2010-01-12,1402,190649333651.0
2010-01-13,1402,185521845460.0
2010-01-14,1402,189250927781.0
2010-01-15,1402,192280807166.0
2010-01-18,1402,189250927781.0
2010-01-19,1402,187386386620.0
2010-01-20,1402,185521845460.0
2010-01-21,1402,173868463207.0
2010-01-22,1402,172470057337.0
2010-01-25,1402,172470057337.0
2010-01-26,1402,167808704436.0
2010-01-27,1402,165944163276.0
2010-01-28,1402,167342569146.0
2010-01-29,1402,164079622115.0
2010-02-01,1402,158952133924.0
2010-02-02,1402,152659307508.0
2010-02-03,1402,157786795699.0
2010-02-04,1402,154989983958.0
2010-02-05,1402,144268872286.0
2010-02-08,1402,144968075221.0
2010-02-09,1402,154989983958.0
2010-02-10,1402,165711095631.0
2010-02-22,1402,162215080955.0
2010-02-23,1402,159418269214.0
2010-02-24,1402,163613486825.0
2010-02-25,1402,163147351535.0
2010-02-26,1402,161748945665.0
2010-03-01,1402,168740975016.0
2010-03-02,1402,164312689760.0
2010-03-03,1402,164545757405.0
2010-03-04,1402,160816675085.0
2010-03-05,1402,165944163276.0
2010-03-08,1402,170139380887.0
2010-03-09,1402,169906313241.0
2010-03-10,1402,173169260272.0
2010-03-11,1402,173868463207.0
2010-03-12,1402,172236989692.0
2010-03-15,1402,165711095631.0
2010-03-16,1402,166876433856.0
2010-03-17,1402,169906313241.0
2010-03-18,1402,168274839726.0
2010-03-19,1402,168041772081.0
2010-03-22,1402,167575636791.0
2010-03-23,1402,165011892695.0
2010-03-24,1402,164079622115.0
2010-03-25,1402,162215080955.0
2010-03-26,1402,161515878020.0
2010-03-29,1402,163147351535.0
2010-03-30,1402,164312689760.0
2010-03-31,1402,162681216245.0
2010-04-01,1402,163613486825.0
2010-04-02,1402,163147351535.0
2010-04-06,1402,163147351535.0
2010-04-07,1402,167109501501.0
2010-04-08,1402,170838583822.0
2010-04-09,1402,170838583822.0
2010-04-12,1402,174334598497.0
2010-04-13,1402,169207110306.0
2010-04-14,1402,169673245596.0
2010-04-15,1402,177131410238.0
2010-04-16,1402,173635395562.0
2010-04-19,1402,164778825050.0
2010-04-20,1402,166410298566.0
2010-04-21,1402,164545757405.0
2010-04-22,1402,165011892695.0
2010-04-23,1402,161748945665.0
2010-04-26,1402,165244960340.0
2010-04-27,1402,165244960340.0
2010-04-28,1402,161748945665.0
2010-04-29,1402,159418269214.0
2010-04-30,1402,160350539794.0
2010-05-03,1402,158019863344.0
2010-05-04,1402,154756916313.0
2010-05-05,1402,151727036928.0
2010-05-06,1402,149629428122.0
2010-05-07,1402,152426239863.0
2010-05-10,1402,155922254538.0
2010-05-11,1402,158019863344.0
2010-05-12,1402,153591578088.0
2010-05-13,1402,156621457474.0
2010-05-14,1402,158019863344.0
2010-05-17,1402,152426239863.0
2010-05-18,1402,151727036928.0
2010-05-19,1402,149862495767.0
2010-05-20,1402,148231022252.0
2010-05-21,1402,143103534061.0
2010-05-24,1402,143569669351.0
2010-05-25,1402,138209113515.0
2010-05-26,1402,138442181160.0
2010-05-27,1402,141938195835.0
2010-05-28,1402,147065684027.0
2010-05-31,1402,147531819317.0
2010-06-01,1402,144035804641.0
2010-06-02,1402,141472060545.0
2010-06-03,1402,151260901637.0
2010-06-04,1402,153125442798.0
2010-06-07,1402,150561698702.0
2010-06-08,1402,153591578088.0
2010-06-09,1402,152193172218.0
2010-06-10,1402,155456119248.0
2010-06-11,1402,156155322184.0
2010-06-14,1402,160816675085.0
2010-06-15,1402,161049742730.0
2010-06-17,1402,162681216245.0
2010-06-18,1402,162215080955.0
2010-06-21,1402,164079622115.0
2010-06-22,1402,163147351535.0
2010-06-23,1402,165478027986.0
2010-06-24,1402,164312689760.0
2010-06-25,1402,158485998634.0
2010-06-28,1402,158719066279.0
2010-06-29,1402,157320660409.0
2010-06-30,1402,155689186893.0
2010-07-01,1402,150095563412.0
2010-07-02,1402,153824645733.0
2010-07-05,1402,159651336859.0
2010-07-06,1402,163846554470.0
2010-07-07,1402,160350539794.0
2010-07-08,1402,161748945665.0
2010-07-09,1402,164778825050.0
2010-07-12,1402,164312689760.0
2010-07-13,1402,161748945665.0
2010-07-14,1402,163613486825.0
2010-07-15,1402,161748945665.0
2010-07-16,1402,159651336859.0
2010-07-19,1402,158252930989.0
2010-07-20,1402,163147351535.0
2010-07-21,1402,167808704436.0
2010-07-22,1402,167342569146.0
2010-07-23,1402,170838583822.0
2010-07-26,1402,176199139658.0
2010-07-27,1402,169207110306.0
2010-07-28,1402,172003922047.0
2010-07-29,1402,172470057337.0
2010-07-30,1402,173169260272.0
2010-08-02,1402,177131410238.0
2010-08-03,1402,181792763139.0
2010-08-04,1402,182025830784.0
2010-08-05,1402,180161289624.0
2010-08-06,1402,183657304299.0
2010-08-09,1402,182025830784.0
2010-08-10,1402,178063680818.0
2010-08-11,1402,178063680818.0
2010-08-12,1402,177131410238.0
2010-08-13,1402,177131410238.0
2010-08-16,1402,183191169009.0
2010-08-17,1402,186221048395.0
2010-08-18,1402,182025830784.0
2010-08-19,1402,182258898429.0
2010-08-20,1402,182491966074.0
2010-08-23,1402,183657304299.0
2010-08-24,1402,181093560204.0
2010-08-25,1402,165011892695.0
2010-08-26,1402,166410298566.0
2010-08-27,1402,169906313241.0
2010-08-30,1402,171537786757.0
2010-08-31,1402,174334598497.0
2010-09-01,1402,174101530852.0
2010-09-02,1402,172236989692.0
2010-09-03,1402,175499936723.0
2010-09-06,1402,175499936723.0
2010-09-07,1402,173169260272.0
2010-09-08,1402,172703124982.0
2010-09-09,1402,174800733788.0
2010-09-10,1402,175733004368.0
2010-09-13,1402,183424236654.0
2010-09-14,1402,189250927781.0
2010-09-15,1402,187619454265.0
2010-09-16,1402,184589574880.0
2010-09-17,1402,187386386620.0
2010-09-20,1402,188318657200.0
2010-09-21,1402,187619454265.0
2010-09-23,1402,187619454265.0
2010-09-24,1402,186920251330.0
2010-09-27,1402,190183198361.0
2010-09-28,1402,194937778319.0
2010-09-29,1402,201594190262.0
2010-09-30,1402,204446938237.0
2010-10-01,1402,205160125231.0
2010-10-04,1402,212767453165.0
2010-10-05,1402,205635583227.0
2010-10-06,1402,206348770221.0
2010-10-07,1402,207061957214.0
2010-10-08,1402,202069648258.0
2010-10-11,1402,204209209239.0
2010-10-12,1402,200881003268.0
2010-10-13,1402,201356461264.0
2010-10-14,1402,212054266171.0
2010-10-15,1402,220137052102.0
2010-10-18,1402,213005182163.0
2010-10-19,1402,209676976192.0
2010-10-20,1402,215382472143.0
2010-10-21,1402,223465258073.0
2010-10-22,1402,218948407112.0
2010-10-25,1402,216808846130.0
2010-10-26,1402,222989800077.0
2010-10-27,1402,221563426089.0
2010-10-28,1402,214431556151.0
2010-10-29,1402,209676976192.0
2010-11-01,1402,216808846130.0
2010-11-02,1402,213718369157.0
2010-11-03,1402,220374781100.0
2010-11-04,1402,224891632061.0
2010-11-05,1402,237491268952.0
2010-11-08,1402,237728997950.0
2010-11-09,1402,231310315005.0
2010-11-10,1402,226555735046.0
2010-11-11,1402,231310315005.0
2010-11-12,1402,223465258073.0
2010-11-15,1402,213480640159.0
2010-11-16,1402,215382472143.0
2010-11-17,1402,219661594106.0
2010-11-18,1402,224891632061.0
2010-11-19,1402,221087968094.0
2010-11-22,1402,223465258073.0
2010-11-23,1402,222038884085.0
2010-11-24,1402,222038884085.0
2010-11-25,1402,215857930139.0
2010-11-26,1402,207061957214.0
2010-11-29,1402,213005182163.0
2010-11-30,1402,214193827153.0
2010-12-01,1402,223702987071.0
2010-12-02,1402,224416174065.0
2010-12-03,1402,219423865108.0
2010-12-06,1402,232974417991.0
2010-12-07,1402,226318006048.0
2010-12-08,1402,225129361059.0
2010-12-09,1402,221801155087.0
2010-12-10,1402,222514342081.0
2010-12-13,1402,222514342081.0
2010-12-14,1402,224653903063.0
2010-12-15,1402,226793464044.0
2010-12-16,1402,229646212020.0
2010-12-17,1402,228219838032.0
2010-12-20,1402,226318006048.0
2010-12-21,1402,233687604985.0
2010-12-22,1402,232498959995.0
2010-12-23,1402,231548044003.0
2010-12-24,1402,228933025026.0
2010-12-27,1402,232974417991.0
2010-12-28,1402,230359399014.0
2010-12-29,1402,230597128012.0
2010-12-30,1402,232498959995.0
2010-12-31,1402,234876249975.0
2011-01-03,1402,240106287930.0
2011-01-04,1402,244860867889.0
2011-01-05,1402,237491268952.0
2011-01-06,1402,233449875987.0
2011-01-07,1402,227744380036.0
2011-01-10,1402,231310315005.0
2011-01-11,1402,234400791979.0
2011-01-12,1402,231548044003.0
2011-01-13,1402,231785773001.0
2011-01-14,1402,237253539954.0
2011-01-17,1402,232974417991.0
2011-01-18,1402,235827165966.0
2011-01-19,1402,234400791979.0
2011-01-20,1402,232261230997.0
2011-01-21,1402,224891632061.0
2011-01-24,1402,222038884085.0
2011-01-25,1402,227506651038.0
2011-01-26,1402,232736688993.0
2011-01-27,1402,235351707971.0
2011-01-28,1402,235589436968.0
2011-02-08,1402,241057203921.0
2011-02-09,1402,240106287930.0
2011-02-10,1402,233687604985.0
2011-02-11,1402,225842548053.0
2011-02-14,1402,227268922040.0
2011-02-15,1402,229170754024.0
2011-02-16,1402,223940716069.0
2011-02-17,1402,221563426089.0
2011-02-18,1402,232736688993.0
2011-02-21,1402,229883941018.0
2011-02-22,1402,222752071079.0
2011-02-23,1402,221087968094.0
2011-02-24,1402,221325697091.0
2011-02-25,1402,218948407112.0
2011-03-01,1402,227268922040.0
2011-03-02,1402,223940716069.0
2011-03-03,1402,218710678114.0
2011-03-04,1402,211341079178.0
2011-03-07,1402,203020564249.0
2011-03-08,1402,201118732266.0
2011-03-09,1402,203733751243.0
2011-03-10,1402,199692358278.0
2011-03-11,1402,200167816274.0
2011-03-14,1402,200643274270.0
2011-03-15,1402,196839610303.0
2011-03-16,1402,204922396233.0
2011-03-17,1402,205160125231.0
2011-03-18,1402,204922396233.0
2011-03-21,1402,205397854229.0
2011-03-22,1402,213480640159.0
2011-03-23,1402,212291995169.0
2011-03-24,1402,214193827153.0
2011-03-25,1402,224416174065.0
2011-03-28,1402,221087968094.0
2011-03-29,1402,222514342081.0
2011-03-30,1402,221325697091.0
2011-03-31,1402,216095659137.0
2011-04-01,1402,220137052102.0
2011-04-06,1402,224653903063.0
2011-04-07,1402,224416174065.0
2011-04-08,1402,223702987071.0
2011-04-11,1402,217997491120.0
2011-04-12,1402,216333388135.0
2011-04-13,1402,218710678114.0
2011-04-14,1402,217759762122.0
2011-04-15,1402,214907014147.0
2011-04-18,1402,217522033124.0
2011-04-19,1402,214193827153.0
2011-04-20,1402,214431556151.0
2011-04-21,1402,222276613083.0
2011-04-22,1402,223940716069.0
2011-04-25,1402,225842548053.0
2011-04-26,1402,221087968094.0
2011-04-27,1402,222514342081.0
2011-04-28,1402,217284304126.0
2011-04-29,1402,213956098155.0
2011-05-03,1402,213242911161.0
2011-05-04,1402,215620201141.0
2011-05-05,1402,213718369157.0
2011-05-06,1402,214907014147.0
2011-05-09,1402,219661594106.0
2011-05-10,1402,219661594106.0
2011-05-11,1402,217997491120.0
2011-05-12,1402,216095659137.0
2011-05-13,1402,211103350180.0
2011-05-16,1402,212767453165.0
2011-05-17,1402,211578808176.0
2011-05-18,1402,213718369157.0
2011-05-19,1402,213242911161.0
2011-05-20,1402,213718369157.0
2011-05-23,1402,210390163186.0
2011-05-24,1402,209201518196.0
2011-05-25,1402,209201518196.0
2011-05-26,1402,211103350180.0
2011-05-27,1402,209676976192.0
2011-05-30,1402,213005182163.0
2011-05-31,1402,215620201141.0
2011-06-01,1402,218710678114.0
2011-06-02,1402,218948407112.0
2011-06-03,1402,217522033124.0
2011-06-07,1402,212529724167.0
2011-06-08,1402,214431556151.0
2011-06-09,1402,216808846130.0
2011-06-10,1402,212529724167.0
2011-06-13,1402,208726060200.0
2011-06-14,1402,209201518196.0
2011-06-15,1402,209439247194.0
2011-06-16,1402,207537415210.0
2011-06-17,1402,205397854229.0
2011-06-20,1402,205397854229.0
2011-06-21,1402,206824228217.0
2011-06-22,1402,207775144208.0
2011-06-23,1402,205397854229.0
2011-06-24,1402,205635583227.0
2011-06-27,1402,205873312225.0
2011-06-28,1402,203496022245.0
2011-06-29,1402,208250602204.0
2011-06-30,1402,212767453165.0
2011-07-01,1402,216571117132.0
2011-07-04,1402,211103350180.0
2011-07-05,1402,206111041223.0
2011-07-06,1402,205873312225.0
2011-07-07,1402,206348770221.0
2011-07-08,1402,206348770221.0
2011-07-11,1402,202545106253.0
2011-07-12,1402,197315068299.0
2011-07-13,1402,202069648258.0
2011-07-14,1402,204209209239.0
2011-07-15,1402,207775144208.0
2011-07-18,1402,207061957214.0
2011-07-19,1402,206824228217.0
2011-07-20,1402,209676976192.0
2011-07-21,1402,211341079178.0
2011-07-22,1402,212054266171.0
2011-07-25,1402,210152434188.0
2011-07-26,1402,214431556151.0
2011-07-27,1402,217759762122.0
2011-07-28,1402,222276613083.0
2011-07-29,1402,219899323104.0
2011-08-01,1402,228219838032.0
2011-08-02,1402,219899323104.0
2011-08-03,1402,220374781100.0
2011-08-04,1402,216333388135.0
2011-08-05,1402,203496022245.0
2011-08-08,1402,201356461264.0
2011-08-09,1402,203020564249.0
2011-08-10,1402,215620201141.0
2011-08-11,1402,209201518196.0
2011-08-12,1402,204684667235.0
2011-08-15,1402,208012873206.0
2011-08-16,1402,208726060200.0
2011-08-17,1402,199930087276.0
2011-08-18,1402,194462320323.0
2011-08-19,1402,189232282368.0
2011-08-22,1402,186379534393.0
2011-08-23,1402,193986862327.0
2011-08-24,1402,189707740364.0
2011-08-25,1402,172591252512.0
2011-08-26,1402,168312130549.0
2011-08-29,1402,176632645477.0
2011-08-30,1402,176157187481.0
2011-08-31,1402,180674038442.0
2011-09-01,1402,176870374475.0
2011-09-02,1402,176157187481.0
2011-09-05,1402,172828981510.0
2011-09-06,1402,167123485559.0
2011-09-07,1402,167361214557.0
2011-09-08,1402,166410298565.0
2011-09-09,1402,169976233534.0
2011-09-13,1402,163557550590.0
2011-09-14,1402,157852054639.0
2011-09-15,1402,161655718606.0
2011-09-16,1402,165459382573.0
2011-09-19,1402,165221653575.0
2011-09-20,1402,166995111908.0
2011-09-21,1402,163567059757.0
2011-09-22,1402,153282903305.0
2011-09-23,1402,144467912061.0
2011-09-26,1402,140060416439.0
2011-09-27,1402,142509025118.0
2011-09-28,1402,145202494665.0
2011-09-29,1402,150589433759.0
2011-09-30,1402,154262346777.0
2011-10-03,1402,147406242476.0
2011-10-04,1402,146916520740.0
2011-10-05,1402,145202494665.0
2011-10-06,1402,150589433759.0
2011-10-07,1402,154507207645.0
2011-10-11,1402,159649285871.0
2011-10-12,1402,157690398928.0
2011-10-13,1402,158914703267.0
2011-10-14,1402,155241790249.0
2011-10-17,1402,155731511984.0
2011-10-18,1402,149609990287.0
2011-10-19,1402,150834294626.0
2011-10-20,1402,147895964212.0
2011-10-21,1402,146426799004.0
2011-10-24,1402,156466094588.0
2011-10-25,1402,162097894550.0
2011-10-26,1402,171402607530.0
2011-10-27,1402,175320381416.0
2011-10-28,1402,175565242284.0
2011-10-31,1402,174340937945.0
2011-11-01,1402,180462459642.0
2011-11-02,1402,175565242284.0
2011-11-03,1402,169443720587.0
2011-11-04,1402,176789546624.0
2011-11-07,1402,176789546624.0
2011-11-08,1402,176299824888.0
2011-11-09,1402,174585798813.0
2011-11-10,1402,162587616286.0
2011-11-11,1402,165770807568.0
2011-11-14,1402,169933442323.0
2011-11-15,1402,171157746662.0
2011-11-16,1402,165770807568.0
2011-11-17,1402,165770807568.0
2011-11-18,1402,164056781493.0
2011-11-21,1402,158914703267.0
2011-11-22,1402,162097894550.0
2011-11-23,1402,156710955456.0
2011-11-24,1402,162587616286.0
2011-11-25,1402,158180120663.0
2011-11-28,1402,161853033682.0
2011-11-29,1402,164056781493.0
2011-11-30,1402,161853033682.0
2011-12-01,1402,173116633605.0
2011-12-02,1402,171892329266.0
2011-12-05,1402,171402607530.0
2011-12-06,1402,164301642361.0
2011-12-07,1402,168464277115.0
2011-12-08,1402,166505390172.0
2011-12-09,1402,165281085833.0
2011-12-12,1402,169198859719.0
2011-12-13,1402,166505390172.0
2011-12-14,1402,168709137983.0
2011-12-15,1402,156955816324.0
2011-12-16,1402,153772625041.0
2011-12-19,1402,149365129419.0
2011-12-20,1402,150344572891.0
2011-12-21,1402,160628729342.0
2011-12-22,1402,164546503229.0
2011-12-23,1402,166505390172.0
2011-12-26,1402,166995111908.0
2011-12-27,1402,167974555379.0
2011-12-28,1402,168709137983.0
2011-12-29,1402,169443720587.0
2011-12-30,1402,172137190134.0
2012-01-02,1402,169933442323.0
2012-01-03,1402,171402607530.0
2012-01-04,1402,173606355341.0
2012-01-05,1402,174340937945.0
2012-01-06,1402,170668024926.0
2012-01-09,1402,170423164058.0
2012-01-10,1402,176789546624.0
2012-01-11,1402,176544685756.0
2012-01-12,1402,176789546624.0
2012-01-13,1402,177279268360.0
2012-01-16,1402,172626911870.0
2012-01-17,1402,178258711831.0
2012-01-18,1402,178748433567.0
2012-01-30,1402,178013850963.0
2012-01-31,1402,178013850963.0
2012-02-01,1402,179238155303.0
2012-02-02,1402,185114816132.0
2012-02-03,1402,182421346586.0
2012-02-06,1402,183645650925.0
2012-02-07,1402,181197042246.0
2012-02-08,1402,183400790057.0
2012-02-09,1402,187073703076.0
2012-02-10,1402,184625094397.0
2012-02-13,1402,185359677000.0
2012-02-14,1402,183155929189.0
2012-02-15,1402,183155929189.0
2012-02-16,1402,181441903114.0
2012-02-17,1402,179483016171.0
2012-02-20,1402,178258711831.0
2012-02-21,1402,180952181378.0
2012-02-22,1402,181931624850.0
2012-02-23,1402,180462459642.0
2012-02-24,1402,181197042246.0
2012-02-29,1402,184869955265.0
2012-03-01,1402,181931624850.0
2012-03-02,1402,180707320510.0
2012-03-05,1402,175075520549.0
2012-03-06,1402,168953998851.0
2012-03-07,1402,167974555379.0
2012-03-08,1402,170912885794.0
2012-03-09,1402,169443720587.0
2012-03-12,1402,167239972776.0
2012-03-13,1402,169933442323.0
2012-03-14,1402,168464277115.0
2012-03-15,1402,166015668436.0
2012-03-16,1402,166505390172.0
2012-03-19,1402,166260529304.0
2012-03-20,1402,166505390172.0
2012-03-21,1402,165770807568.0
2012-03-22,1402,167239972776.0
2012-03-23,1402,168464277115.0
2012-03-26,1402,164546503229.0
2012-03-27,1402,167974555379.0
2012-03-28,1402,166505390172.0
2012-03-29,1402,166505390172.0
2012-03-30,1402,167239972776.0
2012-04-02,1402,166260529304.0
2012-04-03,1402,166995111908.0
2012-04-05,1402,163567059757.0
2012-04-06,1402,163567059757.0
2012-04-09,1402,161608172814.0
2012-04-10,1402,162587616286.0
2012-04-11,1402,161118451078.0
2012-04-12,1402,160383868475.0
2012-04-13,1402,165036224965.0
2012-04-16,1402,163567059757.0
2012-04-17,1402,162342755418.0
2012-04-18,1402,161363311946.0
2012-04-19,1402,164056781493.0
2012-04-20,1402,163567059757.0
2012-04-23,1402,163567059757.0
2012-04-24,1402,161608172814.0
2012-04-25,1402,161608172814.0
2012-04-26,1402,162342755418.0
2012-04-27,1402,162097894550.0
2012-04-30,1402,161363311946.0
2012-05-02,1402,164546503229.0
2012-05-03,1402,164056781493.0
2012-05-04,1402,165281085833.0
2012-05-07,1402,160628729342.0
2012-05-08,1402,154262346777.0
2012-05-09,1402,155241790249.0
2012-05-10,1402,156710955456.0
2012-05-11,1402,154752068513.0
2012-05-14,1402,156955816324.0
2012-05-15,1402,158180120663.0
2012-05-16,1402,156710955456.0
2012-05-17,1402,157200677192.0
2012-05-18,1402,153527764173.0
2012-05-21,1402,155241790249.0
2012-05-22,1402,155976372852.0
2012-05-23,1402,152793181570.0
2012-05-24,1402,151568877230.0
2012-05-25,1402,142509025118.0
2012-05-28,1402,143243607722.0
2012-05-29,1402,147895964212.0
2012-05-30,1402,149609990287.0
2012-05-31,1402,147895964212.0
2012-06-01,1402,144957633797.0
2012-06-04,1402,140550138175.0
2012-06-05,1402,143488468589.0
2012-06-06,1402,144712772929.0
2012-06-07,1402,145937077268.0
2012-06-08,1402,142019303382.0
2012-06-11,1402,142019303382.0
2012-06-12,1402,142264164250.0
2012-06-13,1402,140060416439.0
2012-06-14,1402,140794999043.0
2012-06-15,1402,143733329457.0
2012-06-18,1402,146671659872.0
2012-06-19,1402,146916520740.0
2012-06-20,1402,151568877230.0
2012-06-21,1402,150099712023.0
2012-06-22,1402,148385685947.0
2012-06-25,1402,148630546815.0
2012-06-26,1402,149854851155.0
2012-06-27,1402,151079155494.0
2012-06-28,1402,151813738098.0
2012-06-29,1402,154262346777.0
2012-07-02,1402,156710955456.0
2012-07-03,1402,160628729342.0
2012-07-04,1402,159159564135.0
2012-07-05,1402,158914703267.0
2012-07-06,1402,159159564135.0
2012-07-09,1402,157445538060.0
2012-07-10,1402,157935259796.0
2012-07-11,1402,159404425003.0
2012-07-12,1402,155486651117.0
2012-07-13,1402,157445538060.0
2012-07-16,1402,160139007607.0
2012-07-17,1402,162342755418.0
2012-07-18,1402,159404425003.0
2012-07-19,1402,159649285871.0
2012-07-20,1402,161363311946.0
2012-07-23,1402,156710955456.0
2012-07-24,1402,156710955456.0
2012-07-25,1402,153038042438.0
2012-07-26,1402,154752068513.0
2012-07-27,1402,158424981531.0
2012-07-30,1402,160873590210.0
2012-07-31,1402,164791364097.0
2012-08-01,1402,166995111908.0
2012-08-03,1402,166995111908.0
2012-08-06,1402,168709137983.0
2012-08-07,1402,167729694512.0
2012-08-08,1402,167484833644.0
2012-08-09,1402,168219416247.0
2012-08-10,1402,169443720587.0
2012-08-13,1402,169443720587.0
2012-08-14,1402,169443720587.0
2012-08-15,1402,169443720587.0
2012-08-16,1402,168709137983.0
2012-08-17,1402,168709137983.0
2012-08-20,1402,169933442323.0
2012-08-21,1402,172382051002.0
2012-08-22,1402,154996929381.0
2012-08-23,1402,154996929381.0
2012-08-24,1402,154507207645.0
2012-08-27,1402,154507207645.0
2012-08-28,1402,153772625041.0
2012-08-29,1402,154507207645.0
2012-08-30,1402,154017485909.0
2012-08-31,1402,154262346777.0
2012-09-03,1402,152793181570.0
2012-09-04,1402,152548320702.0
2012-09-05,1402,151079155494.0
2012-09-06,1402,150834294626.0
2012-09-07,1402,152548320702.0
2012-09-10,1402,157445538060.0
2012-09-11,1402,155241790249.0
2012-09-12,1402,160139007607.0
2012-09-13,1402,161363311946.0
2012-09-14,1402,164791364097.0
2012-09-17,1402,168464277115.0
2012-09-18,1402,166995111908.0
2012-09-19,1402,166260529304.0
2012-09-20,1402,167717451477.0
2012-09-21,1402,167969658171.0
2012-09-24,1402,167969658171.0
2012-09-25,1402,169230691640.0
2012-09-26,1402,168978484947.0
2012-09-27,1402,168221864865.0
2012-09-28,1402,166960831395.0
2012-10-01,1402,164943177843.0
2012-10-02,1402,166960831395.0
2012-10-03,1402,163429937680.0
2012-10-04,1402,163934351068.0
2012-10-05,1402,165952004619.0
2012-10-08,1402,165699797925.0
2012-10-09,1402,166456418007.0
2012-10-11,1402,159646837270.0
2012-10-12,1402,161664490822.0
2012-10-15,1402,162925524292.0
2012-10-16,1402,162421110904.0
2012-10-17,1402,161664490822.0
2012-10-18,1402,162925524292.0
2012-10-19,1402,161916697516.0
2012-10-22,1402,161160077434.0
2012-10-23,1402,160151250658.0
2012-10-24,1402,158133597107.0
2012-10-25,1402,155359323473.0
2012-10-26,1402,152585049840.0
2012-10-29,1402,151576223064.0
2012-10-30,1402,153846083310.0
2012-10-31,1402,152585049840.0
2012-11-01,1402,153341669922.0
2012-11-02,1402,154602703391.0
2012-11-05,1402,154350496697.0
2012-11-06,1402,154854910085.0
2012-11-07,1402,156368150249.0
2012-11-08,1402,154854910085.0
2012-11-09,1402,155359323473.0
2012-11-12,1402,154854910085.0
2012-11-13,1402,150567396288.0
2012-11-14,1402,153593876616.0
2012-11-15,1402,154098290003.0
2012-11-16,1402,155359323473.0
2012-11-19,1402,156368150249.0
2012-11-20,1402,160403457352.0
2012-11-21,1402,160151250658.0
2012-11-22,1402,158890217189.0
2012-11-23,1402,165195384537.0
2012-11-26,1402,169987311722.0
2012-11-27,1402,168978484947.0
2012-11-28,1402,167213038089.0
2012-11-29,1402,169735105028.0
2012-11-30,1402,174274825519.0
2012-12-03,1402,174274825519.0
2012-12-04,1402,170743931804.0
2012-12-05,1402,170239518416.0
2012-12-06,1402,172509378662.0
2012-12-07,1402,170491725110.0
2012-12-10,1402,170239518416.0
2012-12-11,1402,166456418007.0
2012-12-12,1402,169987311722.0
2012-12-13,1402,171500551886.0
2012-12-14,1402,174022618826.0
2012-12-17,1402,173013792050.0
2012-12-18,1402,173265998744.0
2012-12-19,1402,171248345192.0
2012-12-20,1402,168474071559.0
2012-12-21,1402,166708624701.0
2012-12-24,1402,167465244783.0
2012-12-25,1402,168726278253.0
2012-12-26,1402,166960831395.0
2012-12-27,1402,166456418007.0
2012-12-28,1402,166960831395.0
2013-01-02,1402,167969658171.0
2013-01-03,1402,169482898334.0
2013-01-04,1402,168978484947.0
2013-01-07,1402,167717451477.0
2013-01-08,1402,166456418007.0
2013-01-09,1402,172509378662.0
2013-01-10,1402,172761585356.0
2013-01-11,1402,173518205438.0
2013-01-14,1402,173770412132.0
2013-01-15,1402,173265998744.0
2013-01-16,1402,171500551886.0
2013-01-17,1402,166204211313.0
2013-01-18,1402,166204211313.0
2013-01-21,1402,167717451477.0
2013-01-22,1402,167969658171.0
2013-01-23,1402,167717451477.0
2013-01-24,1402,168474071559.0
2013-01-25,1402,166960831395.0
2013-01-28,1402,169230691640.0
2013-01-29,1402,171248345192.0
2013-01-30,1402,172004965274.0
2013-01-31,1402,172509378662.0
2013-02-01,1402,172004965274.0
2013-02-04,1402,175283652295.0
2013-02-05,1402,174022618826.0
2013-02-06,1402,174022618826.0
2013-02-18,1402,172257171968.0
2013-02-19,1402,172257171968.0
2013-02-20,1402,173265998744.0
2013-02-21,1402,170491725110.0
2013-02-22,1402,170743931804.0
2013-02-25,1402,167465244783.0
2013-02-26,1402,166204211313.0
2013-02-27,1402,165952004619.0
2013-03-01,1402,167717451477.0
2013-03-04,1402,161412284128.0
2013-03-05,1402,160403457352.0
2013-03-06,1402,161916697516.0
2013-03-07,1402,162925524292.0
2013-03-08,1402,163934351068.0
2013-03-11,1402,164438764455.0
2013-03-12,1402,163177730986.0
2013-03-13,1402,161412284128.0
2013-03-14,1402,160655664046.0
2013-03-15,1402,161160077434.0
2013-03-18,1402,154854910085.0
2013-03-19,1402,154854910085.0
2013-03-20,1402,154350496697.0
2013-03-21,1402,155107116779.0
2013-03-22,1402,153341669922.0
2013-03-25,1402,155611530167.0
2013-03-26,1402,155359323473.0
2013-03-27,1402,154854910085.0
2013-03-28,1402,154602703391.0
2013-03-29,1402,155107116779.0
2013-04-01,1402,157376977025.0
2013-04-02,1402,155863736861.0
2013-04-03,1402,155611530167.0
2013-04-08,1402,152080636452.0
2013-04-09,1402,151324016370.0
2013-04-10,1402,151324016370.0
2013-04-11,1402,153341669922.0
2013-04-12,1402,155863736861.0
2013-04-15,1402,156115943555.0
2013-04-16,1402,156620356943.0
2013-04-17,1402,158385803801.0
2013-04-18,1402,157376977025.0
2013-04-19,1402,159899043964.0
2013-04-22,1402,160655664046.0
2013-04-23,1402,160907870740.0
2013-04-24,1402,160655664046.0
2013-04-25,1402,159394630576.0
2013-04-26,1402,158890217189.0
2013-04-29,1402,160403457352.0
2013-04-30,1402,160151250658.0
2013-05-02,1402,159394630576.0
2013-05-03,1402,159646837270.0
2013-05-06,1402,159899043964.0
2013-05-07,1402,158890217189.0
2013-05-08,1402,161664490822.0
2013-05-09,1402,162673317598.0
2013-05-10,1402,164943177843.0
2013-05-13,1402,164438764455.0
2013-05-14,1402,164690971149.0
2013-05-15,1402,166456418007.0
2013-05-16,1402,167213038089.0
2013-05-17,1402,164438764455.0
2013-05-20,1402,164438764455.0
2013-05-21,1402,165447591231.0
2013-05-22,1402,165952004619.0
2013-05-23,1402,162421110904.0
2013-05-24,1402,163177730986.0
2013-05-27,1402,162673317598.0
2013-05-28,1402,158890217189.0
2013-05-29,1402,161916697516.0
2013-05-30,1402,160151250658.0
2013-05-31,1402,161160077434.0
2013-06-03,1402,161160077434.0
2013-06-04,1402,160655664046.0
2013-06-05,1402,158385803801.0
2013-06-06,1402,156115943555.0
2013-06-07,1402,157629183719.0
2013-06-10,1402,157629183719.0
2013-06-11,1402,157629183719.0
2013-06-13,1402,156872563637.0
2013-06-14,1402,157629183719.0
2013-06-17,1402,157376977025.0
2013-06-18,1402,157376977025.0
2013-06-19,1402,157376977025.0
2013-06-20,1402,156368150249.0
2013-06-21,1402,155611530167.0
2013-06-24,1402,156368150249.0
2013-06-25,1402,158385803801.0
2013-06-26,1402,157881390413.0
2013-06-27,1402,160907870740.0
2013-06-28,1402,163429937680.0
2013-07-01,1402,163429937680.0
2013-07-02,1402,163934351068.0
2013-07-03,1402,162421110904.0
2013-07-04,1402,162673317598.0
2013-07-05,1402,163682144374.0
2013-07-08,1402,159394630576.0
2013-07-09,1402,163177730986.0
2013-07-10,1402,164943177843.0
2013-07-11,1402,166960831395.0
2013-07-12,1402,165952004619.0
2013-07-15,1402,167465244783.0
2013-07-16,1402,167969658171.0
2013-07-17,1402,167969658171.0
2013-07-18,1402,168221864865.0
2013-07-19,1402,168978484947.0
2013-07-22,1402,168978484947.0
2013-07-23,1402,172509378662.0
2013-07-24,1402,169230691640.0
2013-07-25,1402,170743931804.0
2013-07-26,1402,171248345192.0
2013-07-29,1402,170491725110.0
2013-07-30,1402,170743931804.0
2013-07-31,1402,170743931804.0
2013-08-01,1402,168474071559.0
2013-08-02,1402,169987311722.0
2013-08-05,1402,170491725110.0
2013-08-06,1402,167717451477.0
2013-08-07,1402,164690971149.0
2013-08-08,1402,164943177843.0
2013-08-09,1402,164690971149.0
2013-08-12,1402,166456418007.0
2013-08-13,1402,168221864865.0
2013-08-14,1402,166456418007.0
2013-08-15,1402,166456418007.0
2013-08-16,1402,167969658171.0
2013-08-19,1402,166708624701.0
2013-08-20,1402,167717451477.0
2013-08-22,1402,164186557761.0
2013-08-23,1402,166204211313.0
2013-08-26,1402,166456418007.0
2013-08-27,1402,157124770331.0
2013-08-28,1402,157376977025.0
2013-08-29,1402,159394630576.0
2013-08-30,1402,162168904210.0
2013-09-02,1402,160403457352.0
2013-09-03,1402,159394630576.0
2013-09-04,1402,161916697516.0
2013-09-05,1402,162925524292.0
2013-09-06,1402,162673317598.0
2013-09-09,1402,163934351068.0
2013-09-10,1402,165447591231.0
2013-09-11,1402,166204211313.0
2013-09-12,1402,169271044725.0
2013-09-13,1402,167727539758.0
2013-09-16,1402,166698536447.0
2013-09-17,1402,166698536447.0
2013-09-18,1402,165412282308.0
2013-09-23,1402,166955787275.0
2013-09-24,1402,166698536447.0
2013-09-25,1402,166955787275.0
2013-09-26,1402,166698536447.0
2013-09-27,1402,165669533135.0
2013-09-30,1402,167727539758.0
2013-10-01,1402,165669533135.0
2013-10-02,1402,167984790586.0
2013-10-03,1402,172615305487.0
2013-10-04,1402,172100803832.0
2013-10-07,1402,178017572872.0
2013-10-08,1402,178017572872.0
2013-10-09,1402,176474067905.0
2013-10-11,1402,174930562938.0
2013-10-14,1402,176474067905.0
2013-10-15,1402,178789325356.0
2013-10-16,1402,176216817077.0
2013-10-17,1402,173644308799.0
2013-10-18,1402,174930562938.0
2013-10-21,1402,174930562938.0
2013-10-22,1402,172615305487.0
2013-10-23,1402,168756543070.0
2013-10-24,1402,169785546381.0
2013-10-25,1402,168242041414.0
2013-10-28,1402,172100803832.0
2013-10-29,1402,172615305487.0
2013-10-30,1402,172615305487.0
2013-10-31,1402,173644308799.0
2013-11-01,1402,169528295553.0
2013-11-04,1402,167984790586.0
2013-11-05,1402,165412282308.0
2013-11-07,1402,168756543070.0
2013-11-08,1402,166698536447.0
2013-11-11,1402,165669533135.0
2013-11-12,1402,165412282308.0
2013-11-13,1402,163097024857.0
2013-11-14,1402,163868777340.0
2013-11-15,1402,167470288930.0
2013-11-18,1402,167213038103.0
2013-11-19,1402,173901559627.0
2013-11-20,1402,171843553004.0
2013-11-21,1402,173387057971.0
2013-11-22,1402,170814549692.0
2013-11-25,1402,171586302176.0
2013-11-26,1402,173129807143.0
2013-11-27,1402,173901559627.0
2013-11-28,1402,175445064594.0
2013-11-29,1402,175702315422.0
2013-12-02,1402,175959566249.0
2013-12-03,1402,173129807143.0
2013-12-04,1402,175445064594.0
2013-12-05,1402,174930562938.0
2013-12-06,1402,175187813766.0
2013-12-09,1402,176474067905.0
2013-12-10,1402,175702315422.0
2013-12-11,1402,174673312110.0
2013-12-12,1402,173387057971.0
2013-12-13,1402,172358054660.0
2013-12-16,1402,169785546381.0
2013-12-17,1402,172358054660.0
2013-12-18,1402,172615305487.0
2013-12-19,1402,174158810454.0
2013-12-20,1402,173644308799.0
2013-12-23,1402,173901559627.0
2013-12-24,1402,172872556315.0
2013-12-25,1402,173387057971.0
2013-12-26,1402,172872556315.0
2013-12-27,1402,175187813766.0
2013-12-30,1402,176731318733.0
2013-12-31,1402,176988569561.0
2014-01-02,1402,174673312110.0
2014-01-03,1402,172358054660.0
2014-01-06,1402,170300048037.0
2014-01-07,1402,170300048037.0
2014-01-08,1402,172872556315.0
2014-01-09,1402,171329051348.0
2014-01-10,1402,171843553004.0
2014-01-13,1402,173901559627.0
2014-01-14,1402,173644308799.0
2014-01-15,1402,170814549692.0
2014-01-16,1402,168756543070.0
2014-01-17,1402,169271044725.0
2014-01-20,1402,166698536447.0
2014-01-21,1402,165155031480.0
2014-01-22,1402,168499292242.0
2014-01-23,1402,165926783963.0
2014-01-24,1402,164640529824.0
2014-01-27,1402,161553519890.0
2014-02-05,1402,157952008300.0
2014-02-06,1402,160010014923.0
2014-02-10,1402,161039018234.0
2014-02-11,1402,160524516578.0
2014-02-12,1402,162068021546.0
2014-02-13,1402,161553519890.0
2014-02-14,1402,164383278996.0
2014-02-17,1402,164126028168.0
2014-02-18,1402,164640529824.0
2014-02-19,1402,163354275685.0
2014-02-20,1402,161553519890.0
2014-02-21,1402,163868777340.0
2014-02-24,1402,162839774029.0
2014-02-25,1402,163354275685.0
2014-02-26,1402,161810770718.0
2014-02-27,1402,163868777340.0
2014-03-03,1402,163868777340.0
2014-03-04,1402,161296269062.0
2014-03-05,1402,161810770718.0
2014-03-06,1402,162582523201.0
2014-03-07,1402,163611526513.0
2014-03-10,1402,162839774029.0
2014-03-11,1402,161553519890.0
2014-03-12,1402,161039018234.0
2014-03-13,1402,159495513267.0
2014-03-14,1402,159495513267.0
2014-03-17,1402,161296269062.0
2014-03-18,1402,160267265751.0
2014-03-19,1402,159495513267.0
2014-03-20,1402,159495513267.0
2014-03-21,1402,159495513267.0
2014-03-24,1402,162582523201.0
2014-03-25,1402,164640529824.0
2014-03-26,1402,163354275685.0
2014-03-27,1402,165926783963.0
2014-03-28,1402,164640529824.0
2014-03-31,1402,166441285619.0
2014-04-01,1402,166184034791.0
2014-04-02,1402,164383278996.0
2014-04-03,1402,167213038103.0
2014-04-07,1402,167470288930.0
2014-04-08,1402,166184034791.0
2014-04-09,1402,165926783963.0
2014-04-10,1402,165669533135.0
2014-04-11,1402,164383278996.0
2014-04-14,1402,164126028168.0
2014-04-15,1402,162325272373.0
2014-04-16,1402,163868777340.0
2014-04-17,1402,165155031480.0
2014-04-18,1402,165926783963.0
2014-04-21,1402,166184034791.0
2014-04-22,1402,165412282308.0
2014-04-23,1402,164126028168.0
2014-04-24,1402,163611526513.0
2014-04-25,1402,161039018234.0
2014-04-28,1402,159495513267.0
2014-04-29,1402,160781767406.0
2014-04-30,1402,158981011611.0
2014-05-02,1402,161553519890.0
2014-05-05,1402,158723760783.0
2014-05-06,1402,160010014923.0
2014-05-07,1402,159752764095.0
2014-05-08,1402,161810770718.0
2014-05-09,1402,161296269062.0
2014-05-12,1402,160010014923.0
2014-05-13,1402,161039018234.0
2014-05-14,1402,163354275685.0
2014-05-15,1402,162068021546.0
2014-05-16,1402,162068021546.0
2014-05-19,1402,160267265751.0
2014-05-20,1402,159752764095.0
2014-05-21,1402,159495513267.0
2014-05-22,1402,159495513267.0
2014-05-23,1402,160781767406.0
2014-05-26,1402,160781767406.0
2014-05-27,1402,162068021546.0
2014-05-28,1402,162068021546.0
2014-05-29,1402,161296269062.0
2014-05-30,1402,159495513267.0
2014-06-03,1402,162068021546.0
2014-06-04,1402,161296269062.0
2014-06-05,1402,160524516578.0
2014-06-06,1402,160781767406.0
2014-06-09,1402,160524516578.0
2014-06-10,1402,161810770718.0
2014-06-11,1402,161553519890.0
2014-06-12,1402,161039018234.0
2014-06-13,1402,161039018234.0
2014-06-16,1402,160524516578.0
2014-06-17,1402,161553519890.0
2014-06-18,1402,162839774029.0
2014-06-19,1402,163611526513.0
2014-06-20,1402,163354275685.0
2014-06-23,1402,164126028168.0
2014-06-24,1402,163868777340.0
2014-06-25,1402,163611526513.0
2014-06-26,1402,163354275685.0
2014-06-27,1402,164897780652.0
2014-06-30,1402,165412282308.0
2014-07-01,1402,167984790586.0
2014-07-02,1402,169271044725.0
2014-07-03,1402,170814549692.0
2014-07-04,1402,168756543070.0
2014-07-07,1402,167470288930.0
2014-07-08,1402,169271044725.0
2014-07-09,1402,168499292242.0
2014-07-10,1402,168756543070.0
2014-07-11,1402,169528295553.0
2014-07-14,1402,169528295553.0
2014-07-15,1402,170042797209.0
2014-07-16,1402,170300048037.0
2014-07-17,1402,171329051348.0
2014-07-18,1402,170300048037.0
2014-07-21,1402,171586302176.0
2014-07-22,1402,172615305487.0
2014-07-24,1402,173129807143.0
2014-07-25,1402,174416061282.0
2014-07-28,1402,176988569561.0
2014-07-29,1402,179303827011.0
2014-07-30,1402,177245820389.0
2014-07-31,1402,173387057971.0
2014-08-01,1402,171586302176.0
2014-08-04,1402,169785546381.0
2014-08-05,1402,167727539758.0
2014-08-06,1402,167213038103.0
2014-08-07,1402,169785546381.0
2014-08-08,1402,167984790586.0
2014-08-11,1402,170557298865.0
2014-08-12,1402,170557298865.0
2014-08-13,1402,172872556315.0
2014-08-14,1402,170300048037.0
2014-08-15,1402,171586302176.0
2014-08-18,1402,171071800520.0
2014-08-19,1402,172872556315.0
2014-08-20,1402,172358054660.0
2014-08-22,1402,172872556315.0
2014-08-25,1402,174158810454.0
2014-08-26,1402,174158810454.0
2014-08-27,1402,175702315422.0
2014-08-28,1402,166184034791.0
2014-08-29,1402,164897780652.0
2014-09-01,1402,165155031480.0
2014-09-02,1402,164897780652.0
2014-09-03,1402,167470288930.0
2014-09-04,1402,167470288930.0
2014-09-05,1402,167213038103.0
2014-09-09,1402,167213038103.0
2014-09-10,1402,165926783963.0
2014-09-11,1402,165155031480.0
2014-09-12,1402,166698536447.0
2014-09-15,1402,166184034791.0
2014-09-16,1402,161553519890.0
2014-09-17,1402,161039018234.0
2014-09-18,1402,165571777848.0
2014-09-19,1402,163472611092.0
2014-09-22,1402,163210215248.0
2014-09-23,1402,161898236026.0
2014-09-24,1402,163472611092.0
2014-09-25,1402,162947819403.0
2014-09-26,1402,163735006937.0
2014-09-29,1402,159274277581.0
2014-09-30,1402,160848652648.0
2014-10-01,1402,160061465115.0
2014-10-02,1402,158224694203.0
2014-10-03,1402,162160631870.0
2014-10-06,1402,161111048492.0
2014-10-07,1402,163735006937.0
2014-10-08,1402,164784590315.0
2014-10-09,1402,164259798626.0
2014-10-13,1402,161373444337.0
2014-10-14,1402,161898236026.0
2014-10-15,1402,160323860959.0
2014-10-16,1402,160848652648.0
2014-10-17,1402,159011881737.0
2014-10-20,1402,162685423559.0
2014-10-21,1402,162160631870.0
2014-10-22,1402,162947819403.0
2014-10-23,1402,162685423559.0
2014-10-24,1402,160323860959.0
2014-10-27,1402,159536673426.0
2014-10-28,1402,161111048492.0
2014-10-29,1402,166358965381.0
2014-10-30,1402,168458132137.0
2014-10-31,1402,167670944604.0
2014-11-03,1402,166358965381.0
2014-11-04,1402,166358965381.0
2014-11-05,1402,163997402781.0
2014-11-06,1402,163997402781.0
2014-11-07,1402,163210215248.0
2014-11-10,1402,165571777848.0
2014-11-11,1402,164784590315.0
2014-11-12,1402,161898236026.0
2014-11-13,1402,165571777848.0
2014-11-14,1402,163210215248.0
2014-11-17,1402,162685423559.0
2014-11-18,1402,161111048492.0
2014-11-19,1402,162685423559.0
2014-11-20,1402,163472611092.0
2014-11-21,1402,162160631870.0
2014-11-24,1402,162160631870.0
2014-11-25,1402,162160631870.0
2014-11-26,1402,160848652648.0
2014-11-27,1402,160848652648.0
2014-11-28,1402,162160631870.0
2014-12-01,1402,160323860959.0
2014-12-02,1402,159011881737.0
2014-12-03,1402,160586256803.0
2014-12-04,1402,161635840181.0
2014-12-05,1402,160848652648.0
2014-12-08,1402,161635840181.0
2014-12-09,1402,160061465115.0
2014-12-10,1402,158224694203.0
2014-12-11,1402,157699902514.0
2014-12-12,1402,157699902514.0
2014-12-15,1402,157175110826.0
2014-12-16,1402,157437506670.0
2014-12-17,1402,154813548226.0
2014-12-18,1402,155075944070.0
2014-12-19,1402,156387923292.0
2014-12-22,1402,157699902514.0
2014-12-23,1402,157699902514.0
2014-12-24,1402,162685423559.0
2014-12-25,1402,162685423559.0
2014-12-26,1402,162685423559.0
2014-12-29,1402,164259798626.0
2014-12-30,1402,164784590315.0
2014-12-31,1402,164784590315.0
2015-01-05,1402,164522194470.0
2015-01-06,1402,159799069270.0
2015-01-07,1402,160586256803.0
2015-01-08,1402,161635840181.0
2015-01-09,1402,162685423559.0
2015-01-12,1402,162685423559.0
2015-01-13,1402,165309382004.0
2015-01-14,1402,163210215248.0
2015-01-15,1402,163210215248.0
2015-01-16,1402,162160631870.0
2015-01-19,1402,163997402781.0
2015-01-20,1402,163997402781.0
2015-01-21,1402,165046986159.0
2015-01-22,1402,167408548759.0
2015-01-23,1402,167670944604.0
2015-01-26,1402,166358965381.0
2015-01-27,1402,167670944604.0
2015-01-28,1402,167933340448.0
2015-01-29,1402,166883757070.0
2015-01-30,1402,166883757070.0
2015-02-02,1402,166621361226.0
2015-02-03,1402,166621361226.0
2015-02-04,1402,171606882270.0
2015-02-05,1402,172131673959.0
2015-02-06,1402,169770111359.0
2015-02-09,1402,168195736292.0
2015-02-10,1402,168458132137.0
2015-02-11,1402,166358965381.0
2015-02-12,1402,167933340448.0
2015-02-13,1402,170557298893.0
2015-02-24,1402,170819694737.0
2015-02-25,1402,172131673959.0
2015-02-26,1402,171082090581.0
2015-03-02,1402,169507715515.0
2015-03-03,1402,170294903048.0
2015-03-04,1402,171606882270.0
2015-03-05,1402,170557298893.0
2015-03-06,1402,171869278115.0
2015-03-09,1402,170294903048.0
2015-03-10,1402,168458132137.0
2015-03-11,1402,166621361226.0
2015-03-12,1402,167670944604.0
2015-03-13,1402,166096569537.0
2015-03-16,1402,165834173692.0
2015-03-17,1402,166883757070.0
2015-03-18,1402,168458132137.0
2015-03-19,1402,170294903048.0
2015-03-20,1402,168195736292.0
2015-03-23,1402,169245319670.0
2015-03-24,1402,168458132137.0
2015-03-25,1402,167933340448.0
2015-03-26,1402,168458132137.0
2015-03-27,1402,166621361226.0
2015-03-30,1402,167933340448.0
2015-03-31,1402,169507715515.0
2015-04-01,1402,166883757070.0
2015-04-02,1402,167670944604.0
2015-04-07,1402,169507715515.0
2015-04-08,1402,170032507204.0
2015-04-09,1402,171606882270.0
2015-04-10,1402,170294903048.0
2015-04-13,1402,170032507204.0
2015-04-14,1402,168458132137.0
2015-04-15,1402,165571777848.0
2015-04-16,1402,170294903048.0
2015-04-17,1402,168195736292.0
2015-04-20,1402,166621361226.0
2015-04-21,1402,167933340448.0
2015-04-22,1402,168458132137.0
2015-04-23,1402,170557298893.0
2015-04-24,1402,173181257337.0
2015-04-27,1402,174230840715.0
2015-04-28,1402,175542819937.0
2015-04-29,1402,176854799159.0
2015-04-30,1402,176854799159.0
2015-05-04,1402,174755632404.0
2015-05-05,1402,174230840715.0
2015-05-06,1402,174755632404.0
2015-05-07,1402,176854799159.0
2015-05-08,1402,177379590848.0
2015-05-11,1402,177641986693.0
2015-05-12,1402,177641986693.0
2015-05-13,1402,177904382537.0
2015-05-14,1402,174755632404.0
2015-05-15,1402,172394069804.0
2015-05-18,1402,180790736826.0
2015-05-19,1402,180790736826.0
2015-05-20,1402,178429174226.0
2015-05-21,1402,175280424093.0
2015-05-22,1402,178429174226.0
2015-05-25,1402,178429174226.0
2015-05-26,1402,176067611626.0
2015-05-27,1402,178166778382.0
2015-05-28,1402,177117195004.0
2015-05-29,1402,177641986693.0
2015-06-01,1402,173706049026.0
2015-06-02,1402,173706049026.0
2015-06-03,1402,172131673959.0
2015-06-04,1402,171344486426.0
2015-06-05,1402,171869278115.0
2015-06-08,1402,169507715515.0
2015-06-09,1402,170032507204.0
2015-06-10,1402,170819694737.0
2015-06-11,1402,167670944604.0
2015-06-12,1402,168195736292.0
2015-06-15,1402,168458132137.0
2015-06-16,1402,166883757070.0
2015-06-17,1402,165309382004.0
2015-06-18,1402,164784590315.0
2015-06-22,1402,168720527981.0
2015-06-23,1402,166358965381.0
2015-06-24,1402,168982923826.0
2015-06-25,1402,171344486426.0
2015-06-26,1402,171869278115.0
2015-06-29,1402,170032507204.0
2015-06-30,1402,171606882270.0
2015-07-01,1402,170557298893.0
2015-07-02,1402,172394069804.0
2015-07-03,1402,171082090581.0
2015-07-06,1402,172131673959.0
2015-07-07,1402,171606882270.0
2015-07-08,1402,167670944604.0
2015-07-09,1402,167670944604.0
2015-07-13,1402,167933340448.0
2015-07-14,1402,167933340448.0
2015-07-15,1402,167146152915.0
2015-07-16,1402,167670944604.0
2015-07-17,1402,167933340448.0
2015-07-20,1402,167146152915.0
2015-07-21,1402,168982923826.0
2015-07-22,1402,170032507204.0
2015-07-23,1402,167933340448.0
2015-07-24,1402,167670944604.0
2015-07-27,1402,166621361226.0
2015-07-28,1402,167408548759.0
2015-07-29,1402,165309382004.0
2015-07-30,1402,157437506670.0
2015-07-31,1402,156387923292.0
2015-08-03,1402,157962298359.0
2015-08-04,1402,160061465115.0
2015-08-05,1402,161373444337.0
2015-08-06,1402,160848652648.0
2015-08-07,1402,157962298359.0
2015-08-10,1402,157962298359.0
2015-08-11,1402,154026360692.0
2015-08-12,1402,153239173159.0
2015-08-13,1402,152451985625.0
2015-08-14,1402,153501569003.0
2015-08-17,1402,152189589781.0
2015-08-18,1402,152451985625.0
2015-08-19,1402,152189589781.0
2015-08-20,1402,149565631337.0
2015-08-21,1402,147739356265.0
2015-08-24,1402,137301249573.0
2015-08-25,1402,145865849936.0
2015-08-26,1402,147739356265.0
2015-08-27,1402,149345218833.0
2015-08-28,1402,151218725163.0
2015-08-31,1402,157909819197.0
2015-09-01,1402,151218725163.0
2015-09-02,1402,148007000027.0
2015-09-03,1402,151754012685.0
2015-09-04,1402,151486368924.0
2015-09-07,1402,151486368924.0
2015-09-08,1402,152021656447.0
2015-09-09,1402,156571600390.0
2015-09-10,1402,159248038003.0
2015-09-11,1402,160853900571.0
2015-09-14,1402,159248038003.0
2015-09-15,1402,163262694424.0
2015-09-16,1402,158980394242.0
2015-09-17,1402,161389188094.0
2015-09-18,1402,157909819197.0
2015-09-21,1402,159783325526.0
2015-09-22,1402,160050969287.0
2015-09-23,1402,159248038003.0
2015-09-24,1402,156036312867.0
2015-09-25,1402,157374531674.0
2015-09-30,1402,156839244151.0
2015-10-01,1402,157642175435.0
2015-10-02,1402,158980394242.0
2015-10-05,1402,158980394242.0
2015-10-06,1402,160318613049.0
2015-10-07,1402,162995050662.0
2015-10-08,1402,160586256810.0
2015-10-12,1402,164065625708.0
2015-10-13,1402,162459763139.0
2015-10-14,1402,161389188094.0
2015-10-15,1402,162995050662.0
2015-10-16,1402,160586256810.0
2015-10-19,1402,160586256810.0
2015-10-20,1402,161389188094.0
2015-10-21,1402,160050969287.0
2015-10-22,1402,160853900571.0
2015-10-23,1402,160853900571.0
2015-10-26,1402,162727406901.0
2015-10-27,1402,163262694424.0
2015-10-28,1402,162192119378.0
2015-10-29,1402,160050969287.0
2015-10-30,1402,158445106719.0
2015-11-02,1402,161121544333.0
2015-11-03,1402,161656831855.0
2015-11-04,1402,163530338185.0
2015-11-05,1402,162459763139.0
2015-11-06,1402,158980394242.0
2015-11-09,1402,157106887912.0
2015-11-10,1402,155233381583.0
2015-11-11,1402,152289300208.0
2015-11-12,1402,152556943970.0
2015-11-13,1402,150415793879.0
2015-11-16,1402,148274643788.0
2015-11-17,1402,148007000027.0
2015-11-18,1402,145062918652.0
2015-11-19,1402,145598206174.0
2015-11-20,1402,142921768561.0
2015-11-23,1402,141851193516.0
2015-11-24,1402,140245330947.0
2015-11-25,1402,139174755902.0
2015-11-26,1402,143457056084.0
2015-11-27,1402,141851193516.0
2015-11-30,1402,141315905993.0
2015-12-01,1402,141315905993.0
2015-12-02,1402,140780618470.0
2015-12-03,1402,140780618470.0
2015-12-04,1402,139442399663.0
2015-12-07,1402,140245330947.0
2015-12-08,1402,138639468379.0
2015-12-09,1402,138104180857.0
2015-12-10,1402,135963030766.0
2015-12-11,1402,133821880675.0
2015-12-14,1402,131948374346.0
2015-12-15,1402,135695387004.0
2015-12-16,1402,137033605811.0
2015-12-17,1402,137568893334.0
2015-12-18,1402,135160099482.0
2015-12-21,1402,137301249573.0
2015-12-22,1402,136498318289.0
2015-12-23,1402,137568893334.0
2015-12-24,1402,139174755902.0
2015-12-25,1402,138639468379.0
2015-12-28,1402,139977687186.0
2015-12-29,1402,139710043425.0
2015-12-30,1402,137033605811.0
2015-12-31,1402,137836537095.0
2016-01-04,1402,133821880675.0
2016-01-05,1402,133821880675.0
2016-01-06,1402,133554236914.0
2016-01-07,1402,135160099482.0
2016-01-08,1402,133821880675.0
2016-01-11,1402,133018949391.0
2016-01-12,1402,132216018107.0
2016-01-13,1402,132751305630.0
2016-01-14,1402,133554236914.0
2016-01-15,1402,132751305630.0
2016-01-18,1402,131145443062.0
2016-01-19,1402,130074868016.0
2016-01-20,1402,129004292971.0
2016-01-21,1402,126595499119.0
2016-01-22,1402,126060211596.0
2016-01-25,1402,126595499119.0
2016-01-26,1402,122848486460.0
2016-01-27,1402,122848486460.0
2016-01-28,1402,124186705266.0
2016-01-29,1402,126863142880.0
2016-02-01,1402,130074868016.0
2016-02-02,1402,129807224255.0
2016-02-15,1402,128469005448.0
2016-02-16,1402,134089524436.0
2016-02-17,1402,132216018107.0
2016-02-18,1402,133286593152.0
2016-02-19,1402,133286593152.0
2016-02-22,1402,134892455720.0
2016-02-23,1402,135427743243.0
2016-02-24,1402,132751305630.0
2016-02-25,1402,133821880675.0
2016-02-26,1402,135427743243.0
2016-03-01,1402,136498318289.0
2016-03-02,1402,139174755902.0
2016-03-03,1402,143992343606.0
2016-03-04,1402,144527631129.0
2016-03-07,1402,149345218833.0
2016-03-08,1402,147471712504.0
2016-03-09,1402,144795274890.0
2016-03-10,1402,145598206174.0
2016-03-11,1402,146936424981.0
2016-03-14,1402,144795274890.0
2016-03-15,1402,144795274890.0
2016-03-16,1402,145330562413.0
2016-03-17,1402,147204068743.0
2016-03-18,1402,147471712504.0
2016-03-21,1402,145598206174.0
2016-03-22,1402,147204068743.0
2016-03-23,1402,145330562413.0
2016-03-24,1402,145598206174.0
2016-03-25,1402,143992343606.0
2016-03-28,1402,143189412322.0
2016-03-29,1402,140780618470.0
2016-03-30,1402,144259987368.0
2016-03-31,1402,140780618470.0
2016-04-01,1402,137033605811.0
2016-04-06,1402,133018949391.0
2016-04-07,1402,131948374346.0
2016-04-08,1402,129807224255.0
2016-04-11,1402,134089524436.0
2016-04-12,1402,132751305630.0
2016-04-13,1402,134892455720.0
2016-04-14,1402,134357168198.0
2016-04-15,1402,137836537095.0
2016-04-18,1402,134892455720.0
2016-04-19,1402,134892455720.0
2016-04-20,1402,131145443062.0
2016-04-21,1402,133821880675.0
2016-04-22,1402,133018949391.0
2016-04-25,1402,134357168198.0
2016-04-26,1402,133286593152.0
2016-04-27,1402,131413086823.0
2016-04-28,1402,128469005448.0
2016-04-29,1402,129271936732.0
2016-05-03,1402,128736649209.0
2016-05-04,1402,123651417744.0
2016-05-05,1402,125792567835.0
2016-05-06,1402,124186705266.0
2016-05-09,1402,123651417744.0
2016-05-10,1402,124989636550.0
2016-05-11,1402,123383773982.0
2016-05-12,1402,122848486460.0
2016-05-13,1402,120974980130.0
2016-05-16,1402,119369117562.0
2016-05-17,1402,118833830039.0
2016-05-18,1402,118566186278.0
2016-05-19,1402,118298542517.0
2016-05-20,1402,120172048846.0
2016-05-23,1402,123383773982.0
2016-05-24,1402,121777911414.0
2016-05-25,1402,123383773982.0
2016-05-26,1402,123116130221.0
2016-05-27,1402,123651417744.0
2016-05-30,1402,125257280312.0
2016-05-31,1402,123116130221.0
2016-06-01,1402,124989636550.0
2016-06-02,1402,123919061505.0
2016-06-03,1402,125792567835.0
2016-06-06,1402,123651417744.0
2016-06-07,1402,124721992789.0
2016-06-08,1402,123116130221.0
2016-06-13,1402,121242623892.0
2016-06-14,1402,122848486460.0
2016-06-15,1402,122848486460.0
2016-06-16,1402,122045555176.0
2016-06-17,1402,121242623892.0
2016-06-20,1402,123651417744.0
2016-06-21,1402,123383773982.0
2016-06-22,1402,125524924073.0
2016-06-23,1402,125792567835.0
2016-06-24,1402,124186705266.0
2016-06-27,1402,123919061505.0
2016-06-28,1402,124186705266.0
2016-06-29,1402,126327855357.0
2016-06-30,1402,128469005448.0
2016-07-01,1402,130877799300.0
2016-07-04,1402,130074868016.0
2016-07-05,1402,129539580493.0
2016-07-06,1402,126863142880.0
2016-07-07,1402,126595499119.0
2016-07-11,1402,129539580493.0
2016-07-12,1402,130074868016.0
2016-07-13,1402,132483661868.0
2016-07-14,1402,128201361687.0
2016-07-15,1402,129539580493.0
2016-07-18,1402,130877799300.0
2016-07-19,1402,133286593152.0
2016-07-20,1402,133018949391.0
2016-07-21,1402,132483661868.0
2016-07-22,1402,131948374346.0
2016-07-25,1402,131948374346.0
2016-07-26,1402,132751305630.0
2016-07-27,1402,132751305630.0
2016-07-28,1402,133286593152.0
2016-07-29,1402,133286593152.0
2016-08-01,1402,133286593152.0
2016-08-02,1402,132751305630.0
2016-08-03,1402,132483661868.0
2016-08-04,1402,132483661868.0
2016-08-05,1402,133018949391.0
2016-08-08,1402,133554236914.0
2016-08-09,1402,133554236914.0
2016-08-10,1402,134089524436.0
2016-08-11,1402,133018949391.0
2016-08-12,1402,133018949391.0
2016-08-15,1402,133018949391.0
2016-08-16,1402,131948374346.0
2016-08-17,1402,129004292971.0
2016-08-18,1402,129807224255.0
2016-08-19,1402,127130786641.0
2016-08-22,1402,126060211596.0
2016-08-23,1402,126327855357.0
2016-08-24,1402,125792567835.0
2016-08-25,1402,127398430403.0
2016-08-26,1402,127398430403.0
2016-08-29,1402,126327855357.0
2016-08-30,1402,127933717925.0
2016-08-31,1402,125257280312.0
2016-09-01,1402,124721992789.0
2016-09-02,1402,126060211596.0
2016-09-05,1402,128736649209.0
2016-09-06,1402,132751305630.0
2016-09-07,1402,131948374346.0
2016-09-08,1402,131145443062.0
2016-09-09,1402,130074868016.0
2016-09-12,1402,127130786641.0
2016-09-13,1402,125792567835.0
2016-09-14,1402,126060211596.0
2016-09-19,1402,124989636550.0
2016-09-20,1402,125792567835.0
2016-09-21,1402,126863142880.0
2016-09-22,1402,126863142880.0
2016-09-23,1402,127398430403.0
2016-09-26,1402,127130786641.0
2016-09-29,1402,127130786641.0
2016-09-30,1402,125524924073.0
2016-10-03,1402,125792567835.0
2016-10-04,1402,125792567835.0
2016-10-05,1402,125792567835.0
2016-10-06,1402,125524924073.0
2016-10-07,1402,126327855357.0
2016-10-11,1402,125524924073.0
2016-10-12,1402,124989636550.0
2016-10-13,1402,124186705266.0
2016-10-14,1402,125792567835.0
2016-10-17,1402,124186705266.0
2016-10-18,1402,126595499119.0
2016-10-19,1402,130342511777.0
2016-10-20,1402,131413086823.0
2016-10-21,1402,131145443062.0
2016-10-24,1402,130074868016.0
2016-10-25,1402,129807224255.0
2016-10-26,1402,129539580493.0
2016-10-27,1402,129807224255.0
2016-10-28,1402,130074868016.0
2016-10-31,1402,130877799300.0
2016-11-01,1402,129807224255.0
2016-11-02,1402,129004292971.0
2016-11-03,1402,126863142880.0
2016-11-04,1402,127398430403.0
2016-11-07,1402,126863142880.0
2016-11-08,1402,129539580493.0
2016-11-09,1402,126595499119.0
2016-11-10,1402,128201361687.0
2016-11-11,1402,125257280312.0
2016-11-14,1402,122848486460.0
2016-11-15,1402,122848486460.0
2016-11-16,1402,123116130221.0
2016-11-17,1402,121242623892.0
2016-11-18,1402,122313198937.0
2016-11-21,1402,123116130221.0
2016-11-22,1402,124454349028.0
2016-11-23,1402,125792567835.0
2016-11-24,1402,125257280312.0
2016-11-25,1402,124989636550.0
2016-11-28,1402,126595499119.0
2016-11-29,1402,125792567835.0
2016-11-30,1402,125792567835.0
2016-12-01,1402,127666074164.0
2016-12-02,1402,128201361687.0
2016-12-05,1402,126327855357.0
2016-12-06,1402,128469005448.0
2016-12-07,1402,129539580493.0
2016-12-08,1402,132751305630.0
2016-12-09,1402,132751305630.0
2016-12-12,1402,133286593152.0
2016-12-13,1402,133286593152.0
2016-12-14,1402,131948374346.0
2016-12-15,1402,130877799300.0
2016-12-16,1402,130342511777.0
2016-12-19,1402,128736649209.0
2016-12-20,1402,130342511777.0
2016-12-21,1402,130610155539.0
2016-12-22,1402,129271936732.0
2016-12-23,1402,128469005448.0
2016-12-26,1402,127398430403.0
2016-12-27,1402,127130786641.0
2016-12-28,1402,128736649209.0
2016-12-29,1402,127933717925.0
2016-12-30,1402,129539580493.0
2017-01-03,1402,130074868016.0
2017-01-04,1402,129807224255.0
2017-01-05,1402,131948374346.0
2017-01-06,1402,132483661868.0
2017-01-09,1402,130877799300.0
2017-01-10,1402,131948374346.0
2017-01-11,1402,132483661868.0
2017-01-12,1402,134089524436.0
2017-01-13,1402,133821880675.0
2017-01-16,1402,132751305630.0
2017-01-17,1402,132751305630.0
2017-01-18,1402,134892455720.0
2017-01-19,1402,135160099482.0
2017-01-20,1402,134357168198.0
2017-01-23,1402,138639468379.0
2017-01-24,1402,139174755902.0
2017-02-02,1402,143457056084.0
2017-02-03,1402,143457056084.0
2017-02-06,1402,143992343606.0
2017-02-07,1402,145062918652.0
2017-02-08,1402,142118837277.0
2017-02-09,1402,144527631129.0
2017-02-10,1402,147204068743.0
2017-02-13,1402,147471712504.0
2017-02-14,1402,146668781220.0
2017-02-15,1402,148809931311.0
2017-02-16,1402,148274643788.0
2017-02-17,1402,148007000027.0
2017-02-20,1402,145865849936.0
2017-02-21,1402,146936424981.0
2017-02-22,1402,149345218833.0
2017-02-23,1402,148274643788.0
2017-02-24,1402,147204068743.0
2017-03-01,1402,142921768561.0
2017-03-02,1402,143457056084.0
2017-03-03,1402,142654124800.0
2017-03-06,1402,143457056084.0
2017-03-07,1402,143457056084.0
2017-03-08,1402,144527631129.0
2017-03-09,1402,141851193516.0
2017-03-10,1402,141315905993.0
2017-03-13,1402,142386481038.0
2017-03-14,1402,143457056084.0
2017-03-15,1402,143457056084.0
2017-03-16,1402,145062918652.0
2017-03-17,1402,144527631129.0
2017-03-20,1402,143724699845.0
2017-03-21,1402,146936424981.0
2017-03-22,1402,146936424981.0
2017-03-23,1402,146133493697.0
2017-03-24,1402,145062918652.0
2017-03-27,1402,146668781220.0
2017-03-28,1402,144527631129.0
2017-03-29,1402,144527631129.0
2017-03-30,1402,143724699845.0
2017-03-31,1402,140780618470.0
2017-04-05,1402,140780618470.0
2017-04-06,1402,140780618470.0
2017-04-07,1402,139174755902.0
2017-04-10,1402,138371824618.0
2017-04-11,1402,138104180857.0
2017-04-12,1402,136765962050.0
2017-04-13,1402,137836537095.0
2017-04-14,1402,135160099482.0
2017-04-17,1402,133286593152.0
2017-04-18,1402,133821880675.0
2017-04-19,1402,131948374346.0
2017-04-20,1402,133018949391.0
2017-04-21,1402,131948374346.0
2017-04-24,1402,134892455720.0
2017-04-25,1402,136765962050.0
2017-04-26,1402,137836537095.0
2017-04-27,1402,136498318289.0
2017-04-28,1402,135963030766.0
2017-05-02,1402,135427743243.0
2017-05-03,1402,136230674527.0
2017-05-04,1402,135963030766.0
2017-05-05,1402,134624811959.0
2017-05-08,1402,132751305630.0
2017-05-09,1402,131145443062.0
2017-05-10,1402,129004292971.0
2017-05-11,1402,129539580493.0
2017-05-12,1402,131145443062.0
2017-05-15,1402,129539580493.0
2017-05-16,1402,133821880675.0
2017-05-17,1402,130342511777.0
2017-05-18,1402,128201361687.0
2017-05-19,1402,128469005448.0
2017-05-22,1402,127666074164.0
2017-05-23,1402,129539580493.0
2017-05-24,1402,129539580493.0
2017-05-25,1402,130074868016.0
2017-05-26,1402,130610155539.0
2017-06-01,1402,130074868016.0
2017-06-02,1402,131145443062.0
2017-06-05,1402,131413086823.0
2017-06-06,1402,131680730584.0
2017-06-07,1402,131145443062.0
2017-06-08,1402,130877799300.0
2017-06-09,1402,130074868016.0
2017-06-12,1402,128736649209.0
2017-06-13,1402,129539580493.0
2017-06-14,1402,129271936732.0
2017-06-15,1402,127933717925.0
2017-06-16,1402,127398430403.0
2017-06-19,1402,128469005448.0
2017-06-20,1402,128469005448.0
2017-06-21,1402,127130786641.0
2017-06-22,1402,128736649209.0
2017-06-23,1402,128736649209.0
2017-06-26,1402,130610155539.0
2017-06-27,1402,130877799300.0
2017-06-28,1402,132216018107.0
2017-06-29,1402,132483661868.0
2017-06-30,1402,132483661868.0
2017-07-03,1402,134357168198.0
2017-07-04,1402,133018949391.0
2017-07-05,1402,134624811959.0
2017-07-06,1402,134089524436.0
2017-07-07,1402,132751305630.0
2017-07-10,1402,132751305630.0
2017-07-11,1402,133018949391.0
2017-07-12,1402,133286593152.0
2017-07-13,1402,134624811959.0
2017-07-14,1402,133821880675.0
2017-07-17,1402,134892455720.0
2017-07-18,1402,135160099482.0
2017-07-19,1402,136230674527.0
2017-07-20,1402,131680730584.0
2017-07-21,1402,131413086823.0
2017-07-24,1402,131948374346.0
2017-07-25,1402,131145443062.0
2017-07-26,1402,130610155539.0
2017-07-27,1402,133554236914.0
2017-07-28,1402,133018949391.0
2017-07-31,1402,133018949391.0
2017-08-01,1402,132483661868.0
2017-08-02,1402,132483661868.0
2017-08-03,1402,131413086823.0
2017-08-04,1402,131413086823.0
2017-08-07,1402,132216018107.0
2017-08-08,1402,131680730584.0
2017-08-09,1402,131413086823.0
2017-08-10,1402,130342511777.0
2017-08-11,1402,130877799300.0
2017-08-14,1402,129807224255.0
2017-08-15,1402,130074868016.0
2017-08-16,1402,130074868016.0
2017-08-17,1402,129807224255.0
2017-08-18,1402,129539580493.0
2017-08-21,1402,129271936732.0
2017-08-22,1402,129807224255.0
2017-08-23,1402,129807224255.0
2017-08-24,1402,131680730584.0
2017-08-25,1402,130877799300.0
2017-08-28,1402,130342511777.0
2017-08-29,1402,129539580493.0
2017-08-30,1402,130074868016.0
2017-08-31,1402,129271936732.0
2017-09-01,1402,129271936732.0
2017-09-04,1402,129807224255.0
2017-09-05,1402,131145443062.0
2017-09-06,1402,130342511777.0
2017-09-07,1402,130342511777.0
2017-09-08,1402,130610155539.0
2017-09-11,1402,130342511777.0
2017-09-12,1402,130610155539.0
2017-09-13,1402,130342511777.0
2017-09-14,1402,130342511777.0
2017-09-15,1402,130610155539.0
2017-09-18,1402,134357168198.0
2017-09-19,1402,134357168198.0
2017-09-20,1402,133286593152.0
2017-09-21,1402,133554236914.0
2017-09-22,1402,130877799300.0
2017-09-25,1402,130342511777.0
2017-09-26,1402,129539580493.0
2017-09-27,1402,130074868016.0
2017-09-28,1402,128469005448.0
2017-09-29,1402,128469005448.0
2017-10-02,1402,129271936732.0
2017-10-03,1402,128736649209.0
2017-10-05,1402,129539580493.0
2017-10-06,1402,130342511777.0
2017-10-11,1402,131413086823.0
2017-10-12,1402,130610155539.0
2017-10-13,1402,132483661868.0
2017-10-16,1402,132751305630.0
2017-10-17,1402,133286593152.0
2017-10-18,1402,133286593152.0
2017-10-19,1402,133018949391.0
2017-10-20,1402,132751305630.0
2017-10-23,1402,134089524436.0
2017-10-24,1402,135695387004.0
2017-10-25,1402,139442399663.0
2017-10-26,1402,137836537095.0
2017-10-27,1402,138907112141.0
2017-10-30,1402,138371824618.0
2017-10-31,1402,138371824618.0
2017-11-01,1402,138639468379.0
2017-11-02,1402,139174755902.0
2017-11-03,1402,139977687186.0
2017-11-06,1402,138104180857.0
2017-11-07,1402,138371824618.0
2017-11-08,1402,137033605811.0
2017-11-09,1402,136765962050.0
2017-11-10,1402,137568893334.0
2017-11-13,1402,136765962050.0
2017-11-14,1402,137033605811.0
2017-11-15,1402,137836537095.0
2017-11-16,1402,136230674527.0
2017-11-17,1402,136230674527.0
2017-11-20,1402,136498318289.0
2017-11-21,1402,137836537095.0
2017-11-22,1402,139174755902.0
2017-11-23,1402,138639468379.0
2017-11-24,1402,137836537095.0
2017-11-27,1402,137033605811.0
2017-11-28,1402,138371824618.0
2017-11-29,1402,137836537095.0
2017-11-30,1402,136765962050.0
2017-12-01,1402,136230674527.0
2017-12-04,1402,138371824618.0
2017-12-05,1402,137836537095.0
2017-12-06,1402,137033605811.0
2017-12-07,1402,134892455720.0
2017-12-08,1402,133554236914.0
2017-12-11,1402,136230674527.0
2017-12-12,1402,135427743243.0
2017-12-13,1402,136230674527.0
2017-12-14,1402,137568893334.0
2017-12-15,1402,137033605811.0
2017-12-18,1402,136230674527.0
2017-12-19,1402,135963030766.0
2017-12-20,1402,138371824618.0
2017-12-21,1402,137301249573.0
2017-12-22,1402,139442399663.0
2017-12-25,1402,139174755902.0
2017-12-26,1402,138371824618.0
2017-12-27,1402,138907112141.0
2017-12-28,1402,140780618470.0
2017-12-29,1402,143457056084.0
2018-01-02,1402,143457056084.0
2018-01-03,1402,142386481038.0
2018-01-04,1402,141048262231.0
2018-01-05,1402,142654124800.0
2018-01-08,1402,141851193516.0
2018-01-09,1402,143189412322.0
2018-01-10,1402,144527631129.0
2018-01-11,1402,143189412322.0
2018-01-12,1402,143992343606.0
2018-01-15,1402,146133493697.0
2018-01-16,1402,144527631129.0
2018-01-17,1402,143992343606.0
2018-01-18,1402,144527631129.0
2018-01-19,1402,143992343606.0
2018-01-22,1402,142921768561.0
2018-01-23,1402,143992343606.0
2018-01-24,1402,142118837277.0
2018-01-25,1402,141315905993.0
2018-01-26,1402,142118837277.0
2018-01-29,1402,141583549754.0
2018-01-30,1402,139710043425.0
2018-01-31,1402,139442399663.0
2018-02-01,1402,139710043425.0
2018-02-02,1402,141048262231.0
2018-02-05,1402,139174755902.0
2018-02-06,1402,130074868016.0
2018-02-07,1402,130877799300.0
2018-02-08,1402,131145443062.0
2018-02-09,1402,130342511777.0
2018-02-12,1402,130610155539.0
2018-02-21,1402,135963030766.0
2018-02-22,1402,135160099482.0
2018-02-23,1402,137033605811.0
2018-02-26,1402,138907112141.0
2018-02-27,1402,138907112141.0
2018-03-01,1402,137836537095.0
2018-03-02,1402,136498318289.0
2018-03-05,1402,136498318289.0
2018-03-06,1402,137568893334.0
2018-03-07,1402,137568893334.0
2018-03-08,1402,137836537095.0
2018-03-09,1402,137301249573.0
2018-03-12,1402,138371824618.0
2018-03-13,1402,139442399663.0
2018-03-14,1402,137836537095.0
2018-03-15,1402,137836537095.0
2018-03-16,1402,143189412322.0
2018-03-19,1402,139977687186.0
2018-03-20,1402,139710043425.0
2018-03-21,1402,139710043425.0
2018-03-22,1402,140780618470.0
2018-03-23,1402,138907112141.0
2018-03-26,1402,138907112141.0
2018-03-27,1402,139710043425.0
2018-03-28,1402,139710043425.0
2018-03-29,1402,140512974709.0
2018-03-30,1402,141851193516.0
2018-04-02,1402,141048262231.0
2018-04-03,1402,142386481038.0
2018-04-09,1402,144795274890.0
2018-04-10,1402,145598206174.0
2018-04-11,1402,144527631129.0
2018-04-12,1402,143457056084.0
2018-04-13,1402,142654124800.0
2018-04-16,1402,142654124800.0
2018-04-17,1402,141851193516.0
2018-04-18,1402,143992343606.0
2018-04-19,1402,145598206174.0
2018-04-20,1402,145062918652.0
2018-04-23,1402,145330562413.0
2018-04-24,1402,143724699845.0
2018-04-25,1402,145598206174.0
2018-04-26,1402,145062918652.0
2018-04-27,1402,145598206174.0
2018-04-30,1402,152021656447.0
2018-05-02,1402,153092231492.0
2018-05-03,1402,150683437640.0
2018-05-04,1402,148274643788.0
2018-05-07,1402,150415793879.0
2018-05-08,1402,152021656447.0
2018-05-09,1402,151486368924.0
2018-05-10,1402,150951081401.0
2018-05-11,1402,151754012685.0
2018-05-14,1402,151218725163.0
2018-05-15,1402,150683437640.0
2018-05-16,1402,150951081401.0
2018-05-17,1402,150683437640.0
2018-05-18,1402,153359875254.0
2018-05-21,1402,154965737822.0
2018-05-22,1402,154698094060.0
2018-05-23,1402,156303956628.0
2018-05-24,1402,156571600390.0
2018-05-25,1402,153895162776.0
2018-05-28,1402,153627519015.0
2018-05-29,1402,154162806538.0
2018-05-30,1402,150148150117.0
2018-05-31,1402,152824587731.0
2018-06-01,1402,154965737822.0
2018-06-04,1402,157106887912.0
2018-06-05,1402,157909819197.0
2018-06-06,1402,160318613049.0
2018-06-07,1402,159515681765.0
2018-06-08,1402,158712750481.0
2018-06-11,1402,155233381583.0
2018-06-12,1402,155768669106.0
2018-06-13,1402,156036312867.0
2018-06-14,1402,152824587731.0
2018-06-15,1402,158445106719.0
2018-06-19,1402,152556943970.0
2018-06-20,1402,155233381583.0
2018-06-21,1402,154162806538.0
2018-06-22,1402,154430450299.0
2018-06-25,1402,157642175435.0
2018-06-26,1402,154162806538.0
2018-06-27,1402,154162806538.0
2018-06-28,1402,152556943970.0
2018-06-29,1402,154698094060.0
2018-07-02,1402,154698094060.0
2018-07-03,1402,158177462958.0
2018-07-04,1402,164868556992.0
2018-07-05,1402,165403844514.0
2018-07-06,1402,168615569651.0
2018-07-09,1402,173165513593.0
2018-07-10,1402,171559651025.0
2018-07-11,1402,170756719741.0
2018-07-12,1402,171292007264.0
2018-07-13,1402,171827294787.0
2018-07-16,1402,169686144696.0
2018-07-17,1402,171292007264.0
2018-07-18,1402,177983101298.0
2018-07-19,1402,170221432219.0
2018-07-20,1402,172362582309.0
2018-07-23,1402,172362582309.0
2018-07-24,1402,174771376162.0
2018-07-25,1402,172362582309.0
2018-07-26,1402,175841951207.0
2018-07-27,1402,172630226071.0
2018-07-30,1402,172094938548.0
2018-07-31,1402,174503732400.0
2018-08-01,1402,172897869832.0
2018-08-02,1402,164600913230.0
2018-08-03,1402,167277350844.0
2018-08-06,1402,171827294787.0
2018-08-07,1402,171292007264.0
2018-08-08,1402,172362582309.0
2018-08-09,1402,171827294787.0
2018-08-10,1402,170221432219.0
2018-08-13,1402,170221432219.0
2018-08-14,1402,175306663684.0
2018-08-15,1402,172630226071.0
2018-08-16,1402,172630226071.0
2018-08-17,1402,173700801116.0
2018-08-20,1402,173968444878.0
2018-08-21,1402,182265401479.0
2018-08-22,1402,188421207990.0
2018-08-23,1402,199394602206.0
2018-08-24,1402,192703508172.0
2018-08-27,1402,191097645604.0
2018-08-28,1402,192435864411.0
2018-08-29,1402,191097645604.0
2018-08-30,1402,191097645604.0
2018-08-31,1402,191365289365.0
2018-09-03,1402,185209482854.0
2018-09-04,1402,186012414138.0
2018-09-05,1402,185744770377.0
2018-09-06,1402,183871264047.0
2018-09-07,1402,182265401479.0
2018-09-10,1402,184674195332.0
2018-09-11,1402,189759426797.0
2018-09-12,1402,189759426797.0
2018-09-13,1402,190830001843.0
2018-09-14,1402,192971151933.0
2018-09-17,1402,191365289365.0
2018-09-18,1402,193506439456.0
2018-09-19,1402,198056383399.0
2018-09-20,1402,191632933127.0
2018-09-21,1402,200197533490.0
2018-09-25,1402,193774083217.0
2018-09-26,1402,192703508172.0
2018-09-27,1402,194577014501.0
2018-09-28,1402,191097645604.0
2018-10-01,1402,186280057900.0
2018-10-02,1402,189491783036.0
2018-10-03,1402,189491783036.0
2018-10-04,1402,188153564229.0
2018-10-08,1402,187618276706.0
2018-10-09,1402,191900576888.0
2018-10-11,1402,173165513593.0
2018-10-12,1402,177983101298.0
2018-10-15,1402,171827294787.0
2018-10-16,1402,166206775798.0
2018-10-17,1402,168883213412.0
2018-10-18,1402,171559651025.0
2018-10-19,1402,167277350844.0
2018-10-22,1402,172362582309.0
2018-10-23,1402,167009707082.0
2018-10-24,1402,164333269469.0
2018-10-25,1402,161656831855.0
2018-10-26,1402,160586256810.0
2018-10-29,1402,160318613049.0
2018-10-30,1402,161389188094.0
2018-10-31,1402,166206775798.0
2018-11-01,1402,164065625708.0
2018-11-02,1402,169418500935.0
2018-11-05,1402,165136200753.0
2018-11-06,1402,165403844514.0
2018-11-07,1402,168347925889.0
2018-11-08,1402,170221432219.0
2018-11-09,1402,165671488276.0
2018-11-12,1402,168615569651.0
2018-11-13,1402,168615569651.0
2018-11-14,1402,168615569651.0
2018-11-15,1402,167009707082.0
2018-11-16,1402,157106887912.0
2018-11-19,1402,157642175435.0
2018-11-20,1402,156571600390.0
2018-11-21,1402,156303956628.0
2018-11-22,1402,154430450299.0
2018-11-23,1402,152289300208.0
2018-11-26,1402,153895162776.0
2018-11-27,1402,150951081401.0
2018-11-28,1402,153092231492.0
2018-11-29,1402,151486368924.0
2018-11-30,1402,152289300208.0
2018-12-03,1402,156839244151.0
2018-12-04,1402,153092231492.0
2018-12-05,1402,152021656447.0
2018-12-06,1402,150683437640.0
2018-12-07,1402,153895162776.0
2018-12-10,1402,153359875254.0
2018-12-11,1402,153359875254.0
2018-12-12,1402,153092231492.0
2018-12-13,1402,152289300208.0
2018-12-14,1402,150683437640.0
2018-12-17,1402,154162806538.0
2018-12-18,1402,150951081401.0
2018-12-19,1402,152556943970.0
2018-12-20,1402,151486368924.0
2018-12-21,1402,147739356265.0
2018-12-24,1402,151218725163.0
2018-12-25,1402,149612862595.0
2018-12-26,1402,148007000027.0
2018-12-27,1402,147204068743.0
2018-12-28,1402,149345218833.0
2019-01-02,1402,150148150117.0
2019-01-03,1402,150951081401.0
2019-01-04,1402,151218725163.0
2019-01-07,1402,153627519015.0
2019-01-08,1402,154430450299.0
2019-01-09,1402,156839244151.0
2019-01-10,1402,157106887912.0
2019-01-11,1402,156839244151.0
2019-01-14,1402,155233381583.0
2019-01-15,1402,158177462958.0
2019-01-16,1402,155501025344.0
2019-01-17,1402,154965737822.0
2019-01-18,1402,154162806538.0
2019-01-21,1402,156303956628.0
2019-01-22,1402,157374531674.0
2019-01-23,1402,157106887912.0
2019-01-24,1402,158445106719.0
2019-01-25,1402,158177462958.0
2019-01-28,1402,158980394242.0
2019-01-29,1402,157374531674.0
2019-01-30,1402,158980394242.0
2019-02-11,1402,158712750481.0
2019-02-12,1402,159515681765.0
2019-02-13,1402,160586256810.0
2019-02-14,1402,160586256810.0
2019-02-15,1402,160853900571.0
2019-02-18,1402,161924475617.0
2019-02-19,1402,164333269469.0
2019-02-20,1402,165939132037.0
2019-02-21,1402,167009707082.0
2019-02-22,1402,167009707082.0
2019-02-25,1402,168615569651.0
2019-02-26,1402,167277350844.0
2019-02-27,1402,163262694424.0
2019-03-04,1402,160586256810.0
2019-03-05,1402,160586256810.0
2019-03-06,1402,161389188094.0
2019-03-07,1402,161121544333.0
2019-03-08,1402,159248038003.0
2019-03-11,1402,159783325526.0
2019-03-12,1402,162192119378.0
2019-03-13,1402,160318613049.0
2019-03-14,1402,160318613049.0
2019-03-15,1402,160050969287.0
2019-03-18,1402,161656831855.0
2019-03-19,1402,163262694424.0
2019-03-20,1402,163262694424.0
2019-03-21,1402,165939132037.0
2019-03-22,1402,167544994605.0
2019-03-25,1402,167544994605.0
2019-03-26,1402,165403844514.0
2019-03-27,1402,166206775798.0
2019-03-28,1402,165136200753.0
2019-03-29,1402,162995050662.0
2019-04-01,1402,163262694424.0
2019-04-02,1402,165939132037.0
2019-04-03,1402,170756719741.0
2019-04-08,1402,171827294787.0
2019-04-09,1402,173968444878.0
2019-04-10,1402,174503732400.0
2019-04-11,1402,172897869832.0
2019-04-12,1402,174236088639.0
2019-04-15,1402,174503732400.0
2019-04-16,1402,174503732400.0
2019-04-17,1402,174771376162.0
2019-04-18,1402,170221432219.0
2019-04-19,1402,171024363503.0
2019-04-22,1402,173700801116.0
2019-04-23,1402,174503732400.0
2019-04-24,1402,175039019923.0
2019-04-25,1402,174771376162.0
2019-04-26,1402,177983101298.0
2019-04-29,1402,180124251389.0
2019-04-30,1402,180391895150.0
2019-05-02,1402,175841951207.0
2019-05-03,1402,177715457536.0
2019-05-06,1402,174771376162.0
2019-05-07,1402,175574307446.0
2019-05-08,1402,175841951207.0
2019-05-09,1402,174236088639.0
2019-05-10,1402,171024363503.0
2019-05-13,1402,169686144696.0
2019-05-14,1402,168615569651.0
2019-05-15,1402,169150857173.0
2019-05-16,1402,169953788457.0
2019-05-17,1402,169953788457.0
2019-05-20,1402,174503732400.0
2019-05-21,1402,171559651025.0
2019-05-22,1402,168615569651.0
2019-05-23,1402,168347925889.0
2019-05-24,1402,167812638366.0
2019-05-27,1402,168615569651.0
2019-05-28,1402,169150857173.0
2019-05-29,1402,172630226071.0
2019-05-30,1402,172630226071.0
2019-05-31,1402,175574307446.0
2019-06-03,1402,175574307446.0
2019-06-04,1402,175574307446.0
2019-06-05,1402,174503732400.0
2019-06-06,1402,175306663684.0
2019-06-10,1402,175574307446.0
2019-06-11,1402,176644882491.0
2019-06-12,1402,177180170014.0
2019-06-13,1402,175039019923.0
2019-06-14,1402,175039019923.0
2019-06-17,1402,176644882491.0
2019-06-18,1402,177180170014.0
2019-06-19,1402,177983101298.0
2019-06-20,1402,178786032582.0
2019-06-21,1402,177180170014.0
2019-06-24,1402,180659538911.0
2019-06-25,1402,179053676343.0
2019-06-26,1402,179321320105.0
2019-06-27,1402,181730113957.0
2019-06-28,1402,179321320105.0
2019-07-01,1402,181194826434.0
2019-07-02,1402,182265401479.0
2019-07-03,1402,182265401479.0
2019-07-04,1402,181997757718.0
2019-07-05,1402,183068332763.0
2019-07-08,1402,182533045241.0
2019-07-09,1402,181194826434.0
2019-07-10,1402,181462470195.0
2019-07-11,1402,181462470195.0
2019-07-12,1402,180927182673.0
2019-07-15,1402,180927182673.0
2019-07-16,1402,180927182673.0
2019-07-17,1402,182533045241.0
2019-07-18,1402,181462470195.0
2019-07-19,1402,168615569651.0
2019-07-22,1402,167277350844.0
2019-07-23,1402,164868556992.0
2019-07-24,1402,163262694424.0
2019-07-25,1402,161924475617.0
2019-07-26,1402,161389188094.0
2019-07-29,1402,162459763139.0
2019-07-30,1402,160586256810.0
2019-07-31,1402,158445106719.0
2019-08-01,1402,156571600390.0
2019-08-02,1402,154698094060.0
2019-08-05,1402,155768669106.0
2019-08-06,1402,154698094060.0
2019-08-07,1402,152824587731.0
2019-08-08,1402,153895162776.0
2019-08-12,1402,152289300208.0
2019-08-13,1402,150148150117.0
2019-08-14,1402,151486368924.0
2019-08-15,1402,147204068743.0
2019-08-16,1402,151486368924.0
2019-08-19,1402,152824587731.0
2019-08-20,1402,151754012685.0
2019-08-21,1402,150951081401.0
2019-08-22,1402,149345218833.0
2019-08-23,1402,151218725163.0
2019-08-26,1402,149612862595.0
2019-08-27,1402,148542287549.0
2019-08-28,1402,149345218833.0
2019-08-29,1402,150951081401.0
2019-08-30,1402,152556943970.0
2019-09-02,1402,153627519015.0
2019-09-03,1402,153627519015.0
2019-09-04,1402,154430450299.0
2019-09-05,1402,156303956628.0
2019-09-06,1402,156839244151.0
2019-09-09,1402,157374531674.0
2019-09-10,1402,153895162776.0
2019-09-11,1402,154698094060.0
2019-09-12,1402,155233381583.0
2019-09-16,1402,157909819197.0
2019-09-17,1402,156839244151.0
2019-09-18,1402,155768669106.0
2019-09-19,1402,153627519015.0
2019-09-20,1402,156036312867.0
2019-09-23,1402,154162806538.0
2019-09-24,1402,154162806538.0
2019-09-25,1402,153627519015.0
2019-09-26,1402,152556943970.0
2019-09-27,1402,153359875254.0
2019-10-01,1402,153359875254.0
2019-10-02,1402,151486368924.0
2019-10-03,1402,150951081401.0
2019-10-04,1402,150951081401.0
2019-10-07,1402,153627519015.0
2019-10-08,1402,152824587731.0
2019-10-09,1402,151754012685.0
2019-10-14,1402,154162806538.0
2019-10-15,1402,156571600390.0
2019-10-16,1402,156571600390.0
2019-10-17,1402,157909819197.0
2019-10-18,1402,156303956628.0
2019-10-21,1402,157374531674.0
2019-10-22,1402,158445106719.0
2019-10-23,1402,157374531674.0
2019-10-24,1402,157374531674.0
2019-10-25,1402,156036312867.0
2019-10-28,1402,155501025344.0
2019-10-29,1402,155501025344.0
2019-10-30,1402,158177462958.0
2019-10-31,1402,158445106719.0
2019-11-01,1402,158980394242.0
2019-11-04,1402,163262694424.0
2019-11-05,1402,164600913230.0
2019-11-06,1402,164065625708.0
2019-11-07,1402,163530338185.0
2019-11-08,1402,161924475617.0
2019-11-11,1402,160050969287.0
2019-11-12,1402,160586256810.0
2019-11-13,1402,159515681765.0
2019-11-14,1402,159248038003.0
2019-11-15,1402,159248038003.0
2019-11-18,1402,159783325526.0
2019-11-19,1402,160853900571.0
2019-11-20,1402,159515681765.0
2019-11-21,1402,158980394242.0
2019-11-22,1402,158177462958.0
2019-11-25,1402,159248038003.0
2019-11-26,1402,160318613049.0
2019-11-27,1402,161121544333.0
2019-11-28,1402,161389188094.0
2019-11-29,1402,159248038003.0
2019-12-02,1402,158712750481.0
2019-12-03,1402,158177462958.0
2019-12-04,1402,156571600390.0
2019-12-05,1402,156571600390.0
2019-12-06,1402,157106887912.0
2019-12-09,1402,156571600390.0
2019-12-10,1402,156303956628.0
2019-12-11,1402,156839244151.0
2019-12-12,1402,156839244151.0
2019-12-13,1402,157909819197.0
2019-12-16,1402,159783325526.0
2019-12-17,1402,161656831855.0
2019-12-18,1402,161389188094.0
2019-12-19,1402,162192119378.0
2019-12-20,1402,163530338185.0
2019-12-23,1402,163530338185.0
2019-12-24,1402,160853900571.0
2019-12-25,1402,161121544333.0
2019-12-26,1402,160586256810.0
2019-12-27,1402,160586256810.0
2019-12-30,1402,160050969287.0
2019-12-31,1402,159783325526.0
2020-01-02,1402,160050969287.0
2020-01-03,1402,160586256810.0
2020-01-06,1402,158177462958.0
2020-01-07,1402,157374531674.0
2020-01-08,1402,155501025344.0
2020-01-09,1402,157106887912.0
2020-01-10,1402,156571600390.0
2020-01-13,1402,157909819197.0
2020-01-14,1402,157909819197.0
2020-01-15,1402,157642175435.0
2020-01-16,1402,157642175435.0
2020-01-17,1402,157909819197.0
2020-01-20,1402,157374531674.0
2020-01-30,1402,149880506356.0
2020-01-31,1402,150951081401.0
2020-02-03,1402,150683437640.0
2020-02-04,1402,152824587731.0
2020-02-05,1402,153092231492.0
2020-02-06,1402,154430450299.0
2020-02-07,1402,150951081401.0
2020-02-10,1402,152824587731.0
2020-02-11,1402,153092231492.0
2020-02-12,1402,153092231492.0
2020-02-13,1402,154698094060.0
2020-02-14,1402,154965737822.0
2020-02-17,1402,154430450299.0
2020-02-18,1402,155233381583.0
2020-02-19,1402,154698094060.0
2020-02-20,1402,154698094060.0
2020-02-21,1402,154965737822.0
2020-02-24,1402,153359875254.0
2020-02-25,1402,153092231492.0
2020-02-26,1402,153359875254.0
2020-02-27,1402,151218725163.0
2020-03-02,1402,149880506356.0
2020-03-03,1402,149880506356.0
2020-03-04,1402,150415793879.0
2020-03-05,1402,152021656447.0
2020-03-06,1402,150415793879.0
2020-03-09,1402,147739356265.0
2020-03-10,1402,145062918652.0
2020-03-11,1402,145598206174.0
2020-03-12,1402,135427743243.0
2020-03-13,1402,127933717925.0
2020-03-16,1402,124454349028.0
2020-03-17,1402,121242623892.0
2020-03-18,1402,118566186278.0
2020-03-19,1402,113213311051.0
2020-03-20,1402,116960323710.0
2020-03-23,1402,109733942154.0
2020-03-24,1402,114283886096.0
2020-03-25,1402,120172048846.0
2020-03-26,1402,121242623892.0
2020-03-27,1402,121242623892.0
2020-03-30,1402,120974980130.0
2020-03-31,1402,120707336369.0
2020-04-01,1402,120439692608.0
2020-04-06,1402,123383773982.0
2020-04-07,1402,126060211596.0
2020-04-08,1402,127666074164.0
2020-04-09,1402,129004292971.0
2020-04-10,1402,132216018107.0
2020-04-13,1402,134892455720.0
2020-04-14,1402,134357168198.0
2020-04-15,1402,135427743243.0
2020-04-16,1402,132483661868.0
2020-04-17,1402,133018949391.0
2020-04-20,1402,131948374346.0
2020-04-21,1402,128201361687.0
2020-04-22,1402,127666074164.0
2020-04-23,1402,127933717925.0
2020-04-24,1402,127130786641.0
2020-04-27,1402,132483661868.0
2020-04-28,1402,133286593152.0
2020-04-29,1402,134357168198.0
2020-04-30,1402,139174755902.0
2020-05-04,1402,136498318289.0
2020-05-05,1402,150148150117.0
2020-05-06,1402,151218725163.0
2020-05-07,1402,146401137458.0
2020-05-08,1402,145865849936.0
2020-05-11,1402,145865849936.0
2020-05-12,1402,143724699845.0
2020-05-13,1402,142386481038.0
2020-05-14,1402,142654124800.0
2020-05-15,1402,141315905993.0
2020-05-18,1402,144259987368.0
2020-05-19,1402,146668781220.0
2020-05-20,1402,147739356265.0
2020-05-21,1402,147204068743.0
2020-05-22,1402,143724699845.0
2020-05-25,1402,143992343606.0
2020-05-26,1402,146133493697.0
2020-05-27,1402,146133493697.0
2020-05-28,1402,145062918652.0
2020-05-29,1402,143992343606.0
2020-06-01,1402,146133493697.0
2020-06-02,1402,146401137458.0
2020-06-03,1402,148809931311.0
2020-06-04,1402,148809931311.0
2020-06-05,1402,148809931311.0
2020-06-08,1402,150683437640.0
2020-06-09,1402,152021656447.0
2020-06-10,1402,153627519015.0
2020-06-12,1402,146936424981.0
2020-06-15,1402,145598206174.0
2020-06-16,1402,147204068743.0
2020-06-17,1402,149345218833.0
2020-06-18,1402,149077575072.0
2020-06-19,1402,146668781220.0
2020-06-22,1402,148274643788.0
2020-06-23,1402,149077575072.0
2020-06-24,1402,148542287549.0
2020-06-29,1402,147739356265.0
2020-06-30,1402,149345218833.0
2020-07-01,1402,150951081401.0
2020-07-02,1402,154698094060.0
2020-07-03,1402,154698094060.0
2020-07-06,1402,155501025344.0
2020-07-07,1402,155501025344.0
2020-07-08,1402,155768669106.0
2020-07-09,1402,154965737822.0
2020-07-10,1402,154698094060.0
2020-07-13,1402,158445106719.0
2020-07-14,1402,157909819197.0
2020-07-15,1402,159515681765.0
2020-07-16,1402,163262694424.0
2020-07-17,1402,161389188094.0
2020-07-20,1402,162192119378.0
2020-07-21,1402,162192119378.0
2020-07-22,1402,162192119378.0
2020-07-23,1402,160586256810.0
2020-07-24,1402,156303956628.0
2020-07-27,1402,139174755902.0
2020-07-28,1402,136230674527.0
2020-07-29,1402,136230674527.0
2020-07-30,1402,137568893334.0
2020-07-31,1402,137033605811.0
2020-08-03,1402,139710043425.0
2020-08-04,1402,139442399663.0
2020-08-05,1402,139710043425.0
2020-08-06,1402,140245330947.0
2020-08-07,1402,141048262231.0
2020-08-10,1402,141583549754.0
2020-08-11,1402,139442399663.0
2020-08-12,1402,140780618470.0
2020-08-13,1402,141048262231.0
2020-08-14,1402,140512974709.0
2020-08-17,1402,141315905993.0
2020-08-18,1402,141851193516.0
2020-08-19,1402,140780618470.0
2020-08-20,1402,137301249573.0
2020-08-21,1402,140512974709.0
2020-08-24,1402,139174755902.0
2020-08-25,1402,140780618470.0
2020-08-26,1402,140512974709.0
2020-08-27,1402,140245330947.0
2020-08-28,1402,140245330947.0
2020-08-31,1402,141583549754.0
2020-09-01,1402,140512974709.0
2020-09-02,1402,142118837277.0
2020-09-03,1402,143457056084.0
2020-09-04,1402,143992343606.0
2020-09-07,1402,146133493697.0
2020-09-08,1402,144527631129.0
2020-09-09,1402,143992343606.0
2020-09-10,1402,142654124800.0
2020-09-11,1402,141583549754.0
2020-09-14,1402,141851193516.0
2020-09-15,1402,139977687186.0
2020-09-16,1402,139174755902.0
2020-09-17,1402,138907112141.0
2020-09-18,1402,137836537095.0
2020-09-21,1402,138371824618.0
2020-09-22,1402,137301249573.0
2020-09-23,1402,136765962050.0
2020-09-24,1402,133018949391.0
2020-09-25,1402,134357168198.0
2020-09-28,1402,135963030766.0
2020-09-29,1402,134624811959.0
2020-09-30,1402,135427743243.0
2020-10-05,1402,137836537095.0
2020-10-06,1402,139710043425.0
2020-10-07,1402,139710043425.0
2020-10-08,1402,139977687186.0
2020-10-12,1402,138639468379.0
2020-10-13,1402,137568893334.0
2020-10-14,1402,139174755902.0
2020-10-15,1402,139977687186.0
2020-10-16,1402,138907112141.0
2020-10-19,1402,139710043425.0
2020-10-20,1402,139442399663.0
2020-10-21,1402,137836537095.0
2020-10-22,1402,140512974709.0
2020-10-23,1402,140245330947.0
2020-10-26,1402,139174755902.0
2020-10-27,1402,138639468379.0
2020-10-28,1402,139710043425.0
2020-10-29,1402,138104180857.0
2020-10-30,1402,137836537095.0
2020-11-02,1402,139442399663.0
2020-11-03,1402,140245330947.0
2020-11-04,1402,139710043425.0
2020-11-05,1402,140245330947.0
2020-11-06,1402,140245330947.0
2020-11-09,1402,142386481038.0
2020-11-10,1402,143992343606.0
2020-11-11,1402,148274643788.0
2020-11-12,1402,147739356265.0
2020-11-13,1402,147739356265.0
2020-11-16,1402,147204068743.0
2020-11-17,1402,149880506356.0
2020-11-18,1402,150951081401.0
2020-11-19,1402,150951081401.0
2020-11-20,1402,150683437640.0
2020-11-23,1402,151218725163.0
2020-11-24,1402,150148150117.0
2020-11-25,1402,150148150117.0
2020-11-26,1402,149345218833.0
2020-11-27,1402,148274643788.0
2020-11-30,1402,146668781220.0
2020-12-01,1402,147204068743.0
2020-12-02,1402,146668781220.0
2020-12-03,1402,146668781220.0
2020-12-04,1402,148007000027.0
2020-12-07,1402,147739356265.0
2020-12-08,1402,147204068743.0
2020-12-09,1402,148542287549.0
2020-12-10,1402,148274643788.0
2020-12-11,1402,148274643788.0
2020-12-14,1402,147739356265.0
2020-12-15,1402,145330562413.0
2020-12-16,1402,149345218833.0
2020-12-17,1402,147471712504.0
2020-12-18,1402,146936424981.0
2020-12-21,1402,149612862595.0
2020-12-22,1402,148274643788.0
2020-12-23,1402,147739356265.0
2020-12-24,1402,150148150117.0
2020-12-25,1402,152824587731.0
2020-12-28,1402,153092231492.0
2020-12-29,1402,153359875254.0
2020-12-30,1402,155501025344.0
2020-12-31,1402,154965737822.0
2021-01-04,1402,154430450299.0
2021-01-05,1402,154430450299.0
2021-01-06,1402,151754012685.0
2021-01-07,1402,151754012685.0
2021-01-08,1402,153627519015.0
2021-01-11,1402,153092231492.0
2021-01-12,1402,150148150117.0
2021-01-13,1402,152021656447.0
2021-01-14,1402,150415793879.0
2021-01-15,1402,147739356265.0
2021-01-18,1402,145865849936.0
2021-01-19,1402,146936424981.0
2021-01-20,1402,141315905993.0
2021-01-21,1402,141315905993.0
2021-01-22,1402,141315905993.0
2021-01-25,1402,143457056084.0
2021-01-26,1402,142386481038.0
2021-01-27,1402,141851193516.0
2021-01-28,1402,141583549754.0
2021-01-29,1402,139174755902.0
2021-02-01,1402,140512974709.0
2021-02-02,1402,143189412322.0
2021-02-03,1402,142921768561.0
2021-02-05,1402,144795274890.0
2021-02-17,1402,145062918652.0
2021-02-18,1402,147204068743.0
2021-02-19,1402,146668781220.0
2021-02-22,1402,146936424981.0
2021-02-23,1402,150415793879.0
2021-02-24,1402,148542287549.0
2021-02-25,1402,157909819197.0
2021-02-26,1402,154965737822.0
2021-03-02,1402,153627519015.0
2021-03-03,1402,157106887912.0
2021-03-04,1402,157374531674.0
2021-03-05,1402,157106887912.0
2021-03-08,1402,156839244151.0
2021-03-09,1402,160050969287.0
2021-03-10,1402,159248038003.0
2021-03-11,1402,157642175435.0
2021-03-12,1402,159515681765.0
2021-03-15,1402,158177462958.0
2021-03-16,1402,160050969287.0
2021-03-17,1402,157642175435.0
2021-03-18,1402,157909819197.0
2021-03-19,1402,156303956628.0
2021-03-22,1402,157374531674.0
2021-03-23,1402,155233381583.0
2021-03-24,1402,156036312867.0
2021-03-25,1402,155768669106.0
2021-03-26,1402,159248038003.0
2021-03-29,1402,160050969287.0
2021-03-30,1402,160586256810.0
2021-03-31,1402,161656831855.0
2021-04-01,1402,160050969287.0
2021-04-06,1402,160318613049.0
2021-04-07,1402,160586256810.0
2021-04-08,1402,163262694424.0
2021-04-09,1402,162727406901.0
2021-04-12,1402,165671488276.0
2021-04-13,1402,163797981946.0
2021-04-14,1402,163797981946.0
2021-04-15,1402,165671488276.0
2021-04-16,1402,170756719741.0
2021-04-19,1402,178786032582.0
2021-04-20,1402,177447813775.0
2021-04-21,1402,177180170014.0
2021-04-22,1402,178250745059.0
2021-04-23,1402,174236088639.0
2021-04-26,1402,173968444878.0
2021-04-28,1402,178786032582.0
2021-04-29,1402,177983101298.0
2021-05-03,1402,173165513593.0
2021-05-04,1402,169686144696.0
2021-05-05,1402,174771376162.0
2021-05-06,1402,181194826434.0
2021-05-07,1402,177983101298.0
2021-05-10,1402,181462470195.0
2021-05-11,1402,175306663684.0
2021-05-12,1402,164065625708.0
2021-05-13,1402,160586256810.0
2021-05-14,1402,164600913230.0
2021-05-17,1402,158712750481.0
2021-05-18,1402,164868556992.0
2021-05-19,1402,163797981946.0
2021-05-20,1402,162459763139.0
2021-05-21,1402,163262694424.0
2021-05-24,1402,163530338185.0
2021-05-25,1402,167009707082.0
2021-05-26,1402,168080282128.0
2021-05-27,1402,162727406901.0
2021-05-28,1402,167277350844.0
2021-05-31,1402,169418500935.0
2021-06-01,1402,170756719741.0
2021-06-02,1402,171559651025.0
2021-06-03,1402,173700801116.0
2021-06-04,1402,170756719741.0
2021-06-07,1402,169953788457.0
2021-06-08,1402,170756719741.0
2021-06-09,1402,168615569651.0
2021-06-10,1402,171024363503.0
2021-06-11,1402,170756719741.0
2021-06-15,1402,170221432219.0
2021-06-16,1402,170489075980.0
2021-06-17,1402,170221432219.0
2021-06-18,1402,166206775798.0
2021-06-21,1402,164600913230.0
2021-06-22,1402,165136200753.0
2021-06-23,1402,169418500935.0
2021-06-24,1402,168615569651.0
2021-06-25,1402,169953788457.0
2021-06-28,1402,170756719741.0
2021-06-29,1402,170756719741.0
2021-06-30,1402,171292007264.0
2021-07-01,1402,173700801116.0
2021-07-02,1402,172362582309.0
2021-07-05,1402,173700801116.0
2021-07-06,1402,174236088639.0
2021-07-07,1402,173165513593.0
2021-07-08,1402,176377238730.0
2021-07-09,1402,176377238730.0
2021-07-12,1402,176377238730.0
2021-07-13,1402,176109594968.0
2021-07-14,1402,174503732400.0
2021-07-15,1402,175574307446.0
2021-07-16,1402,179856607627.0
2021-07-19,1402,179856607627.0
2021-07-20,1402,174503732400.0
2021-07-21,1402,173968444878.0
2021-07-22,1402,176109594968.0
2021-07-23,1402,175306663684.0
2021-07-26,1402,170756719741.0
2021-07-27,1402,168615569651.0
2021-07-28,1402,165939132037.0
2021-07-29,1402,166742063321.0
2021-07-30,1402,158445106719.0
2021-08-02,1402,161121544333.0
2021-08-03,1402,162192119378.0
2021-08-04,1402,161924475617.0
2021-08-05,1402,160586256810.0
2021-08-06,1402,160853900571.0
2021-08-09,1402,160318613049.0
2021-08-10,1402,160318613049.0
2021-08-11,1402,160586256810.0
2021-08-12,1402,161924475617.0
2021-08-13,1402,158712750481.0
2021-08-16,1402,155501025344.0
2021-08-17,1402,152824587731.0
2021-08-18,1402,154430450299.0
2021-08-19,1402,151486368924.0
2021-08-20,1402,151486368924.0
2021-08-23,1402,154698094060.0
2021-08-24,1402,157374531674.0
2021-08-25,1402,157106887912.0
2021-08-26,1402,156303956628.0
2021-08-27,1402,158712750481.0
2021-08-30,1402,160050969287.0
2021-08-31,1402,160853900571.0
2021-09-01,1402,158445106719.0
2021-09-02,1402,158445106719.0
2021-09-03,1402,160586256810.0
2021-09-06,1402,158980394242.0
2021-09-07,1402,158445106719.0
2021-09-08,1402,156571600390.0
2021-09-09,1402,155501025344.0
2021-09-10,1402,156303956628.0
2021-09-13,1402,157642175435.0
2021-09-14,1402,159248038003.0
2021-09-15,1402,159515681765.0
2021-09-16,1402,158712750481.0
2021-09-17,1402,157909819197.0
2021-09-22,1402,153627519015.0
2021-09-24,1402,157106887912.0
2021-09-27,1402,159783325526.0
2021-09-28,1402,160586256810.0
2021-09-29,1402,158177462958.0
2021-09-30,1402,159783325526.0
2021-10-01,1402,156036312867.0
2021-10-04,1402,157106887912.0
2021-10-05,1402,157106887912.0
2021-10-06,1402,156571600390.0
2021-10-07,1402,158177462958.0
2021-10-08,1402,157642175435.0
2021-10-12,1402,156571600390.0
2021-10-13,1402,156571600390.0
2021-10-14,1402,155501025344.0
2021-10-15,1402,156839244151.0
2021-10-18,1402,157642175435.0
2021-10-19,1402,158980394242.0
2021-10-20,1402,159515681765.0
2021-10-21,1402,161121544333.0
2021-10-22,1402,157374531674.0
2021-10-25,1402,157106887912.0
2021-10-26,1402,158177462958.0
2021-10-27,1402,157642175435.0
2021-10-28,1402,156571600390.0
2021-10-29,1402,155768669106.0
2021-11-01,1402,155233381583.0
2021-11-02,1402,157642175435.0
2021-11-03,1402,158177462958.0
2021-11-04,1402,157106887912.0
2021-11-05,1402,157374531674.0
2021-11-08,1402,157642175435.0
2021-11-09,1402,160050969287.0
2021-11-10,1402,160050969287.0
2021-11-11,1402,160586256810.0
2021-11-12,1402,161389188094.0
2021-11-15,1402,160586256810.0
2021-11-16,1402,157909819197.0
2021-11-17,1402,157106887912.0
2021-11-18,1402,157909819197.0
2021-11-19,1402,157374531674.0
2021-11-22,1402,156036312867.0
2021-11-23,1402,153895162776.0
2021-11-24,1402,154162806538.0
2021-11-25,1402,152824587731.0
2021-11-26,1402,151218725163.0
2021-11-29,1402,150683437640.0
2021-11-30,1402,149345218833.0
2021-12-01,1402,151486368924.0
2021-12-02,1402,151486368924.0
2021-12-03,1402,151486368924.0
2021-12-06,1402,153092231492.0
2021-12-07,1402,153895162776.0
2021-12-08,1402,153895162776.0
2021-12-09,1402,154430450299.0
2021-12-10,1402,153895162776.0
2021-12-13,1402,152289300208.0
2021-12-14,1402,152289300208.0
2021-12-15,1402,151754012685.0
2021-12-16,1402,150951081401.0
2021-12-17,1402,150415793879.0
2021-12-20,1402,152021656447.0
2021-12-21,1402,152824587731.0
2021-12-22,1402,153092231492.0
2021-12-23,1402,154162806538.0
2021-12-24,1402,154698094060.0
2021-12-27,1402,155233381583.0
2021-12-28,1402,156036312867.0
2021-12-29,1402,156839244151.0
2021-12-30,1402,156839244151.0
2022-01-03,1402,156036312867.0
2022-01-04,1402,155233381583.0
2022-01-05,1402,155501025344.0
2022-01-06,1402,156571600390.0
2022-01-07,1402,156036312867.0
2022-01-10,1402,155768669106.0
2022-01-11,1402,156036312867.0
2022-01-12,1402,156839244151.0
2022-01-13,1402,158177462958.0
2022-01-14,1402,156303956628.0
2022-01-17,1402,156036312867.0
2022-01-18,1402,155768669106.0
2022-01-19,1402,156036312867.0
2022-01-20,1402,156571600390.0
2022-01-21,1402,154162806538.0
2022-01-24,1402,154162806538.0
2022-01-25,1402,153092231492.0
2022-01-26,1402,154162806538.0
2022-02-07,1402,156839244151.0
2022-02-08,1402,156303956628.0
2022-02-09,1402,157909819197.0
2022-02-10,1402,158445106719.0
2022-02-11,1402,157374531674.0
2022-02-14,1402,157642175435.0
2022-02-15,1402,157106887912.0
2022-02-16,1402,158445106719.0
2022-02-17,1402,159515681765.0
2022-02-18,1402,160586256810.0
2022-02-21,1402,161656831855.0
2022-02-22,1402,160318613049.0
2022-02-23,1402,160586256810.0
2022-02-24,1402,158980394242.0
2022-02-25,1402,158177462958.0
2022-03-01,1402,162192119378.0
2022-03-02,1402,162459763139.0
2022-03-03,1402,163797981946.0
2022-03-04,1402,162192119378.0
2022-03-07,1402,157909819197.0
2022-03-08,1402,157909819197.0
2022-03-09,1402,158177462958.0
2022-03-10,1402,161656831855.0
2022-03-11,1402,161656831855.0
2022-03-14,1402,163530338185.0
2022-03-15,1402,161656831855.0
2022-03-16,1402,162995050662.0
2022-03-17,1402,163530338185.0
2022-03-18,1402,164333269469.0
2022-03-21,1402,164065625708.0
2022-03-22,1402,164868556992.0
2022-03-23,1402,164600913230.0
2022-03-24,1402,165136200753.0
2022-03-25,1402,163797981946.0
2022-03-28,1402,161656831855.0
2022-03-29,1402,162459763139.0
2022-03-30,1402,162192119378.0
2022-03-31,1402,162727406901.0
2022-04-01,1402,162192119378.0
2022-04-06,1402,162995050662.0
2022-04-07,1402,160318613049.0
2022-04-08,1402,161121544333.0
2022-04-11,1402,161656831855.0
2022-04-12,1402,161656831855.0
2022-04-13,1402,165403844514.0
2022-04-14,1402,163797981946.0
2022-04-15,1402,162727406901.0
2022-04-18,1402,161656831855.0
2022-04-19,1402,161121544333.0
2022-04-20,1402,163262694424.0
2022-04-21,1402,162727406901.0
2022-04-22,1402,162459763139.0
2022-04-25,1402,160586256810.0
2022-04-26,1402,161924475617.0
2022-04-27,1402,158980394242.0
2022-04-28,1402,160318613049.0
2022-04-29,1402,160853900571.0
2022-05-03,1402,160318613049.0
2022-05-04,1402,161389188094.0
2022-05-05,1402,163530338185.0
2022-05-06,1402,161656831855.0
2022-05-09,1402,159515681765.0
2022-05-10,1402,161389188094.0
2022-05-11,1402,161389188094.0
2022-05-12,1402,158980394242.0
2022-05-13,1402,165939132037.0
2022-05-16,1402,165403844514.0
2022-05-17,1402,165403844514.0
2022-05-18,1402,167277350844.0
2022-05-19,1402,166742063321.0
2022-05-20,1402,167812638366.0
2022-05-23,1402,168080282128.0
2022-05-24,1402,168615569651.0
2022-05-25,1402,169686144696.0
2022-05-26,1402,169953788457.0
2022-05-27,1402,169150857173.0
2022-05-30,1402,170221432219.0
2022-05-31,1402,163262694424.0
2022-06-01,1402,164868556992.0
2022-06-02,1402,164333269469.0
2022-06-06,1402,164868556992.0
2022-06-07,1402,164333269469.0
2022-06-08,1402,167277350844.0
2022-06-09,1402,168080282128.0
2022-06-10,1402,167544994605.0
2022-06-13,1402,165671488276.0
2022-06-14,1402,165671488276.0
2022-06-15,1402,167544994605.0
2022-06-16,1402,167544994605.0
2022-06-17,1402,165136200753.0
2022-06-20,1402,164333269469.0
2022-06-21,1402,166474419560.0
2022-06-22,1402,166206775798.0
2022-06-23,1402,166742063321.0
2022-06-24,1402,167544994605.0
2022-06-27,1402,169686144696.0
2022-06-28,1402,170489075980.0
2022-06-29,1402,172094938548.0
2022-07-01,1402,166742063321.0
2022-07-04,1402,171292007264.0
2022-07-05,1402,172630226071.0
2022-07-06,1402,168883213412.0
2022-07-07,1402,168347925889.0
2022-07-08,1402,167812638366.0
2022-07-11,1402,168615569651.0
2022-07-12,1402,168615569651.0
2022-07-13,1402,170756719741.0
2022-07-14,1402,171024363503.0
2022-07-15,1402,169686144696.0
2022-07-18,1402,172094938548.0
2022-07-19,1402,173968444878.0
2022-07-20,1402,172897869832.0
2022-07-21,1402,173433157355.0
2022-07-22,1402,172094938548.0
2022-07-25,1402,171827294787.0
2022-07-26,1402,169953788457.0
2022-07-27,1402,169953788457.0
2022-07-28,1402,161121544333.0
2022-07-29,1402,162727406901.0
2022-08-01,1402,161121544333.0
2022-08-02,1402,160586256810.0
2022-08-03,1402,158712750481.0
2022-08-04,1402,157909819197.0
2022-08-05,1402,158712750481.0
2022-08-08,1402,157642175435.0
2022-08-09,1402,160050969287.0
2022-08-10,1402,159783325526.0
2022-08-11,1402,161121544333.0
2022-08-12,1402,162192119378.0
2022-08-15,1402,161924475617.0
2022-08-16,1402,163797981946.0
2022-08-17,1402,165136200753.0
2022-08-18,1402,165403844514.0
2022-08-19,1402,165403844514.0
2022-08-22,1402,165671488276.0
2022-08-23,1402,165403844514.0
2022-08-24,1402,166206775798.0
2022-08-25,1402,169418500935.0
2022-08-26,1402,169418500935.0
2022-08-29,1402,168080282128.0
2022-08-30,1402,172094938548.0
2022-08-31,1402,175306663684.0
2022-09-01,1402,169686144696.0
2022-09-02,1402,169418500935.0
2022-09-05,1402,169953788457.0
2022-09-06,1402,169953788457.0
2022-09-07,1402,168615569651.0
2022-09-08,1402,170221432219.0
2022-09-12,1402,170489075980.0
2022-09-13,1402,171024363503.0
2022-09-14,1402,172094938548.0
2022-09-15,1402,176644882491.0
2022-09-16,1402,171292007264.0
2022-09-19,1402,171827294787.0
2022-09-20,1402,175574307446.0
2022-09-21,1402,175574307446.0
2022-09-22,1402,175574307446.0
2022-09-23,1402,176109594968.0
2022-09-26,1402,171827294787.0
2022-09-27,1402,175306663684.0
2022-09-28,1402,173165513593.0
2022-09-29,1402,175039019923.0
2022-09-30,1402,173165513593.0
2022-10-03,1402,172094938548.0
2022-10-04,1402,172094938548.0
2022-10-05,1402,169953788457.0
2022-10-06,1402,172094938548.0
2022-10-07,1402,171827294787.0
2022-10-11,1402,168080282128.0
2022-10-12,1402,171024363503.0
2022-10-13,1402,168080282128.0
2022-10-14,1402,167812638366.0
2022-10-17,1402,165671488276.0
2022-10-18,1402,165136200753.0
2022-10-19,1402,165939132037.0
2022-10-20,1402,165939132037.0
2022-10-21,1402,167009707082.0
2022-10-24,1402,168883213412.0
2022-10-25,1402,169418500935.0
2022-10-26,1402,170756719741.0
2022-10-27,1402,171559651025.0
2022-10-31,1402,172094938548.0
2022-11-01,1402,173700801116.0
2022-11-02,1402,171559651025.0
2022-11-03,1402,172897869832.0
2022-11-04,1402,173165513593.0
2022-11-07,1402,173700801116.0
2022-11-08,1402,175574307446.0
2022-11-09,1402,174771376162.0
2022-11-10,1402,173165513593.0
2022-11-11,1402,172630226071.0
2022-11-14,1402,177715457536.0
2022-11-15,1402,169418500935.0
2022-11-16,1402,168615569651.0
2022-11-17,1402,168883213412.0
2022-11-21,1402,163797981946.0
2022-11-22,1402,165403844514.0
2022-11-23,1402,166206775798.0
2022-11-24,1402,170221432219.0
2022-11-25,1402,168883213412.0
2022-11-28,1402,169953788457.0
2022-11-29,1402,172094938548.0
2022-11-30,1402,173968444878.0
2022-12-01,1402,174771376162.0
2022-12-02,1402,172897869832.0
2022-12-05,1402,175574307446.0
2022-12-06,1402,175306663684.0
2022-12-07,1402,175574307446.0
2022-12-08,1402,176644882491.0
2022-12-09,1402,177715457536.0
2022-12-12,1402,177715457536.0
2022-12-13,1402,174771376162.0
2022-12-14,1402,176644882491.0
2022-12-15,1402,176377238730.0
2022-12-16,1402,174503732400.0
2022-12-19,1402,167544994605.0
2022-12-20,1402,166474419560.0
2022-12-21,1402,167544994605.0
2022-12-22,1402,176644882491.0
2022-12-23,1402,168883213412.0
2022-12-26,1402,169150857173.0
2022-12-27,1402,170221432219.0
2022-12-28,1402,170489075980.0
2022-12-29,1402,169686144696.0
2022-12-30,1402,170756719741.0
2023-01-03,1402,169686144696.0
2023-01-04,1402,170756719741.0
2023-01-05,1402,169686144696.0
2023-01-06,1402,170221432219.0
2023-01-09,1402,173968444878.0
2023-01-10,1402,172897869832.0
2023-01-11,1402,174503732400.0
2023-01-12,1402,173968444878.0
2023-01-13,1402,174503732400.0
2023-01-16,1402,173700801116.0
2023-01-17,1402,173165513593.0
2023-01-30,1402,178250745059.0
2023-01-31,1402,175039019923.0
2023-02-01,1402,175039019923.0
2023-02-02,1402,173433157355.0
2023-02-03,1402,173165513593.0
2023-02-06,1402,173433157355.0
2023-02-07,1402,174236088639.0
2023-02-08,1402,172630226071.0
2023-02-10,1402,172094938548.0
2023-02-13,1402,173165513593.0
2023-02-14,1402,171827294787.0
2023-02-15,1402,171292007264.0
2023-02-16,1402,172630226071.0
2023-02-17,1402,171292007264.0
2023-02-20,1402,171292007264.0
2023-02-21,1402,172362582309.0
2023-02-22,1402,172094938548.0
2023-02-23,1402,173700801116.0
2023-02-24,1402,173700801116.0
2023-03-01,1402,171292007264.0
2023-03-02,1402,173700801116.0
2023-03-03,1402,172362582309.0
2023-03-06,1402,173700801116.0
2023-03-07,1402,174236088639.0
2023-03-08,1402,172897869832.0
2023-03-09,1402,168883213412.0
2023-03-10,1402,167277350844.0
2023-03-13,1402,167812638366.0
2023-03-14,1402,167544994605.0
2023-03-15,1402,167277350844.0
2023-03-16,1402,167544994605.0
2023-03-17,1402,165939132037.0
2023-03-20,1402,164868556992.0
2023-03-21,1402,164600913230.0
2023-03-22,1402,164868556992.0
2023-03-23,1402,165671488276.0
2023-03-24,1402,166474419560.0
2023-03-27,1402,167009707082.0
2023-03-28,1402,166474419560.0
2023-03-29,1402,167812638366.0
2023-03-30,1402,167544994605.0
2023-03-31,1402,167544994605.0
2023-04-06,1402,167812638366.0
2023-04-07,1402,167544994605.0
2023-04-10,1402,168347925889.0
2023-04-11,1402,170221432219.0
2023-04-12,1402,169686144696.0
2023-04-13,1402,169686144696.0
2023-04-14,1402,170489075980.0
2023-04-17,1402,170489075980.0
2023-04-18,1402,169418500935.0
2023-04-19,1402,169686144696.0
2023-04-20,1402,168347925889.0
2023-04-21,1402,168080282128.0
2023-04-24,1402,170756719741.0
2023-04-25,1402,169953788457.0
2023-04-26,1402,170756719741.0
2023-04-27,1402,170489075980.0
2023-04-28,1402,170756719741.0
2023-05-02,1402,172630226071.0
2023-05-03,1402,172362582309.0
2023-05-05,1402,173165513593.0
2023-05-08,1402,174503732400.0
2023-05-09,1402,172630226071.0
2023-05-10,1402,171827294787.0
2023-05-11,1402,170221432219.0
2023-05-12,1402,171827294787.0
2023-05-15,1402,169953788457.0
2023-05-16,1402,171024363503.0
2023-05-17,1402,171024363503.0
2023-05-18,1402,171292007264.0
2023-05-19,1402,171559651025.0
2023-05-22,1402,171559651025.0
2023-05-23,1402,171559651025.0
2023-05-24,1402,171292007264.0
2023-05-25,1402,171292007264.0
2023-05-26,1402,170221432219.0
2023-05-29,1402,170489075980.0
2023-05-30,1402,171827294787.0
2023-05-31,1402,172897869832.0
2023-06-01,1402,169686144696.0
2023-06-02,1402,170756719741.0
2023-06-05,1402,172362582309.0
2023-06-06,1402,173968444878.0
2023-06-07,1402,173700801116.0
2023-06-08,1402,173700801116.0
2023-06-09,1402,174236088639.0
2023-06-12,1402,173433157355.0
2023-06-13,1402,174503732400.0
2023-06-14,1402,175306663684.0
2023-06-15,1402,176644882491.0
2023-06-16,1402,176377238730.0
2023-06-19,1402,176377238730.0
2023-06-20,1402,175306663684.0
2023-06-21,1402,176912526252.0
2023-06-26,1402,179321320105.0
2023-06-27,1402,179321320105.0
2023-06-28,1402,179588963866.0
2023-06-29,1402,178786032582.0
2023-06-30,1402,179053676343.0
2023-07-03,1402,179053676343.0
2023-07-04,1402,177447813775.0
2023-07-05,1402,178518388820.0
2023-07-06,1402,172362582309.0
2023-07-07,1402,171559651025.0
2023-07-10,1402,171292007264.0
2023-07-11,1402,173700801116.0
2023-07-12,1402,172897869832.0
2023-07-13,1402,172362582309.0
2023-07-14,1402,172897869832.0
2023-07-17,1402,162192119378.0
2023-07-18,1402,160586256810.0
2023-07-19,1402,159248038003.0
2023-07-20,1402,159515681765.0
2023-07-21,1402,158445106719.0
2023-07-24,1402,156036312867.0
2023-07-25,1402,156571600390.0
2023-07-26,1402,157909819197.0
2023-07-27,1402,160318613049.0
2023-07-28,1402,158980394242.0
2023-07-31,1402,158980394242.0
2023-08-01,1402,158712750481.0
2023-08-02,1402,158177462958.0
2023-08-04,1402,157909819197.0
2023-08-07,1402,159515681765.0
2023-08-08,1402,158445106719.0
2023-08-09,1402,157909819197.0
2023-08-10,1402,157642175435.0
2023-08-11,1402,157909819197.0
2023-08-14,1402,156839244151.0
2023-08-15,1402,156036312867.0
2023-08-16,1402,153092231492.0
2023-08-17,1402,152556943970.0
2023-08-18,1402,153895162776.0
2023-08-21,1402,153359875254.0
2023-08-22,1402,153092231492.0
2023-08-23,1402,151754012685.0
2023-08-24,1402,151754012685.0
2023-08-25,1402,151486368924.0
2023-08-28,1402,150683437640.0
2023-08-29,1402,151486368924.0
2023-08-30,1402,152824587731.0
2023-08-31,1402,150683437640.0
2023-09-01,1402,154162806538.0
2023-09-04,1402,153092231492.0
2023-09-05,1402,154430450299.0
2023-09-06,1402,153092231492.0
2023-09-07,1402,152021656447.0
2023-09-08,1402,152556943970.0
2023-09-11,1402,153627519015.0
2023-09-12,1402,156036312867.0
2023-09-13,1402,156036312867.0
2023-09-14,1402,157642175435.0
2023-09-15,1402,155768669106.0
2023-09-18,1402,157909819197.0
2023-09-19,1402,157374531674.0
2023-09-20,1402,156303956628.0
2023-09-21,1402,154162806538.0
2023-09-22,1402,153895162776.0
2023-09-25,1402,154430450299.0
2023-09-26,1402,153092231492.0
2023-09-27,1402,153092231492.0
2023-09-28,1402,153895162776.0
2023-10-02,1402,155768669106.0
2023-10-03,1402,154430450299.0
2023-10-04,1402,151754012685.0
2023-10-05,1402,152021656447.0
2023-10-06,1402,152824587731.0
2023-10-11,1402,156303956628.0
2023-10-12,1402,156571600390.0
2023-10-13,1402,156839244151.0
2023-10-16,1402,156571600390.0
2023-10-17,1402,156036312867.0
2023-10-18,1402,155233381583.0
2023-10-19,1402,154965737822.0
2023-10-20,1402,154430450299.0
2023-10-23,1402,153359875254.0
2023-10-24,1402,155501025344.0
2023-10-25,1402,155768669106.0
2023-10-26,1402,155233381583.0
2023-10-27,1402,156571600390.0
2023-10-30,1402,156839244151.0
2023-10-31,1402,157909819197.0
2023-11-01,1402,157374531674.0
2023-11-02,1402,159783325526.0
2023-11-03,1402,160050969287.0
2023-11-06,1402,161924475617.0
2023-11-07,1402,161656831855.0
2023-11-08,1402,161389188094.0
2023-11-09,1402,161924475617.0
2023-11-10,1402,161924475617.0
2023-11-13,1402,162459763139.0
2023-11-14,1402,163262694424.0
2023-11-15,1402,164333269469.0
2023-11-16,1402,165136200753.0
2023-11-17,1402,164600913230.0
2023-11-20,1402,160318613049.0
2023-11-21,1402,162727406901.0
2023-11-22,1402,162995050662.0
2023-11-23,1402,164065625708.0
2023-11-24,1402,161389188094.0
2023-11-27,1402,162995050662.0
2023-11-28,1402,163797981946.0
2023-11-29,1402,163797981946.0
2023-11-30,1402,163797981946.0
2023-12-01,1402,165671488276.0
2023-12-04,1402,169150857173.0
2023-12-05,1402,167544994605.0
2023-12-06,1402,169418500935.0
2023-12-07,1402,166474419560.0
2023-12-08,1402,165671488276.0
2023-12-11,1402,165403844514.0
2023-12-12,1402,165939132037.0
2023-12-13,1402,164333269469.0
2023-12-14,1402,165671488276.0
2023-12-15,1402,164868556992.0
2023-12-18,1402,168080282128.0
2023-12-19,1402,168347925889.0
2023-12-20,1402,167277350844.0
2023-12-21,1402,168615569651.0
2023-12-22,1402,166474419560.0
2023-12-25,1402,165671488276.0
2023-12-26,1402,166474419560.0
2023-12-27,1402,168080282128.0
2023-12-28,1402,168080282128.0
2023-12-29,1402,167009707082.0
2024-01-02,1402,168883213412.0
2024-01-03,1402,168347925889.0
2024-01-04,1402,169953788457.0
2024-01-05,1402,169953788457.0
2024-01-08,1402,170221432219.0
2024-01-09,1402,169953788457.0
2024-01-10,1402,167009707082.0
2024-01-11,1402,168347925889.0
2024-01-12,1402,168080282128.0
2024-01-15,1402,168080282128.0
2024-01-16,1402,166206775798.0
2024-01-17,1402,162727406901.0
2024-01-18,1402,163262694424.0
2024-01-19,1402,163262694424.0
2024-01-22,1402,162192119378.0
2024-01-23,1402,163797981946.0
2024-01-24,1402,163797981946.0
2024-01-25,1402,165136200753.0
2024-01-26,1402,165671488276.0
2024-01-29,1402,166742063321.0
2024-01-30,1402,164065625708.0
2024-01-31,1402,165403844514.0
2024-02-01,1402,167544994605.0
2024-02-02,1402,166206775798.0
2024-02-05,1402,164065625708.0
2024-02-15,1402,164333269469.0
2024-02-16,1402,165136200753.0
2024-02-19,1402,167812638366.0
2024-02-20,1402,169150857173.0
2024-02-21,1402,169953788457.0
2024-02-22,1402,170756719741.0
2024-02-23,1402,169418500935.0
2024-02-26,1402,168080282128.0
2024-02-27,1402,169418500935.0
2024-02-29,1402,174503732400.0
2024-03-01,1402,170756719741.0
2024-03-04,1402,170489075980.0
2024-03-05,1402,170489075980.0
2024-03-06,1402,171292007264.0
2024-03-07,1402,171559651025.0
2024-03-08,1402,173433157355.0
2024-03-11,1402,173968444878.0
2024-03-12,1402,173165513593.0
2024-03-13,1402,175039019923.0
2024-03-14,1402,176109594968.0
2024-03-15,1402,176109594968.0
2024-03-18,1402,175306663684.0
2024-03-19,1402,169686144696.0
2024-03-20,1402,170221432219.0
2024-03-21,1402,175039019923.0
2024-03-22,1402,173968444878.0
2024-03-25,1402,173433157355.0
2024-03-26,1402,174503732400.0
2024-03-27,1402,175841951207.0
2024-03-28,1402,176912526252.0
2024-03-29,1402,177983101298.0
2024-04-01,1402,177983101298.0
2024-04-02,1402,177447813775.0
2024-04-03,1402,174503732400.0
2024-04-08,1402,174771376162.0
2024-04-09,1402,176109594968.0
2024-04-10,1402,175039019923.0
2024-04-11,1402,175574307446.0
2024-04-12,1402,173165513593.0
2024-04-15,1402,174771376162.0
2024-04-16,1402,170489075980.0
2024-04-17,1402,171024363503.0
2024-04-18,1402,170221432219.0
2024-04-19,1402,166742063321.0
2024-04-22,1402,173433157355.0
2024-04-23,1402,175841951207.0
2024-04-24,1402,173165513593.0
2024-04-25,1402,172094938548.0
2024-04-26,1402,171559651025.0
2024-04-29,1402,177180170014.0
2024-04-30,1402,173968444878.0
2024-05-02,1402,177715457536.0
2024-05-03,1402,177715457536.0
2024-05-06,1402,179321320105.0
2024-05-07,1402,180391895150.0
2024-05-08,1402,180659538911.0
2024-05-09,1402,178786032582.0
2024-05-10,1402,184406551570.0
2024-05-13,1402,185209482854.0
2024-05-14,1402,183335976525.0
2024-05-15,1402,183871264047.0
2024-05-16,1402,188421207990.0
2024-05-17,1402,185744770377.0
2024-05-20,1402,184406551570.0
2024-05-21,1402,184138907809.0
2024-05-22,1402,181462470195.0
2024-05-23,1402,180124251389.0
2024-05-24,1402,180124251389.0
2024-05-27,1402,179053676343.0
2024-05-28,1402,180391895150.0
2024-05-29,1402,178250745059.0
2024-05-30,1402,178786032582.0
2024-05-31,1402,180927182673.0
2024-06-03,1402,183603620286.0
2024-06-04,1402,181997757718.0
2024-06-05,1402,180927182673.0
2024-06-06,1402,181730113957.0
2024-06-07,1402,184941839093.0
2024-06-11,1402,186815345422.0
2024-06-12,1402,186547701661.0
2024-06-13,1402,186012414138.0
2024-06-14,1402,190294714320.0
2024-06-17,1402,188688851752.0
2024-06-18,1402,192168220649.0
2024-06-19,1402,191632933127.0
2024-06-20,1402,193774083217.0
2024-06-21,1402,194309370740.0
2024-06-24,1402,194844658263.0
2024-06-25,1402,195647589547.0
2024-06-26,1402,188688851752.0
2024-06-27,1402,192703508172.0
2024-06-28,1402,188688851752.0
2024-07-01,1402,192703508172.0
2024-07-02,1402,194309370740.0
2024-07-03,1402,196718164592.0
2024-07-04,1402,203409258626.0
2024-07-05,1402,199394602206.0
2024-07-08,1402,201000464774.0
2024-07-09,1402,201000464774.0
2024-07-10,1402,197788739638.0
2024-07-11,1402,203409258626.0
2024-07-12,1402,202338683581.0
2024-07-15,1402,203409258626.0
2024-07-16,1402,200732821013.0
2024-07-17,1402,199662245967.0
2024-07-18,1402,176109594968.0
2024-07-19,1402,176912526252.0
2024-07-22,1402,176644882491.0
2024-07-23,1402,178786032582.0
2024-07-26,1402,178786032582.0
2024-07-29,1402,179856607627.0
2024-07-30,1402,180124251389.0
2024-07-31,1402,181997757718.0
2024-08-01,1402,188153564229.0
2024-08-02,1402,187350632945.0
2024-08-05,1402,177715457536.0
2024-08-06,1402,182533045241.0
2024-08-07,1402,182533045241.0
2024-08-08,1402,180124251389.0
2024-08-09,1402,186280057900.0
2024-08-12,1402,184406551570.0
2024-08-13,1402,190027070559.0
2024-08-14,1402,193774083217.0
2024-08-15,1402,189759426797.0
2024-08-16,1402,197253452115.0
2024-08-19,1402,194577014501.0
2024-08-20,1402,198591670922.0
2024-08-21,1402,196985808354.0
2024-08-22,1402,197253452115.0
2024-08-23,1402,192703508172.0
2024-08-26,1402,192703508172.0
2024-08-27,1402,196450520831.0
2024-08-28,1402,194041726979.0
2024-08-29,1402,194844658263.0
2024-08-30,1402,194041726979.0
2024-09-02,1402,193238795695.0
2024-09-03,1402,191632933127.0
2024-09-04,1402,187350632945.0
2024-09-05,1402,191097645604.0
2024-09-06,1402,193238795695.0
2024-09-09,1402,193238795695.0
2024-09-10,1402,194309370740.0
2024-09-11,1402,195112302024.0
2024-09-12,1402,197521095876.0
2024-09-13,1402,196450520831.0
2024-09-16,1402,197788739638.0
2024-09-18,1402,196182877070.0
2024-09-19,1402,198056383399.0
2024-09-20,1402,198859314683.0
2024-09-23,1402,196450520831.0
2024-09-24,1402,198591670922.0
2024-09-25,1402,202071039819.0
2024-09-26,1402,204479833671.0
2024-09-27,1402,204479833671.0
2024-09-30,1402,205550408717.0
2024-10-01,1402,208762133853.0
2024-10-04,1402,200465177251.0
2024-10-07,1402,199662245967.0
2024-10-08,1402,201803396058.0
2024-10-09,1402,199929889728.0
2024-10-11,1402,195112302024.0
2024-10-14,1402,198056383399.0
2024-10-15,1402,195112302024.0
2024-10-16,1402,197253452115.0
2024-10-17,1402,198324027160.0
2024-10-18,1402,198591670922.0
2024-10-21,1402,197253452115.0
2024-10-22,1402,197521095876.0
2024-10-23,1402,196985808354.0
2024-10-24,1402,198056383399.0
2024-10-25,1402,202606327342.0
2024-10-28,1402,201268108535.0
2024-10-29,1402,203676902387.0
2024-10-30,1402,198591670922.0
2024-11-01,1402,198056383399.0
2024-11-04,1402,200465177251.0
2024-11-05,1402,201000464774.0
2024-11-06,1402,195379945786.0
2024-11-07,1402,195647589547.0
2024-11-08,1402,195112302024.0
2024-11-11,1402,189759426797.0
2024-11-12,1402,187082989184.0
2024-11-13,1402,189759426797.0
2024-11-14,1402,188421207990.0
2024-11-15,1402,187350632945.0
2024-11-18,1402,190027070559.0
2024-11-19,1402,198324027160.0
2024-11-20,1402,201000464774.0
2024-11-21,1402,202338683581.0
2024-11-22,1402,204479833671.0
2024-11-25,1402,196450520831.0
2024-11-26,1402,191365289365.0
2024-11-27,1402,187350632945.0
2024-11-28,1402,182533045241.0
2024-11-29,1402,178786032582.0
2024-12-02,1402,182800689002.0
2024-12-03,1402,182265401479.0
2024-12-04,1402,179856607627.0
2024-12-05,1402,179588963866.0
2024-12-06,1402,180659538911.0
2024-12-09,1402,176912526252.0
2024-12-10,1402,180659538911.0
2024-12-11,1402,179588963866.0
2024-12-12,1402,177715457536.0
2024-12-13,1402,179588963866.0
2024-12-16,1402,178786032582.0
2024-12-17,1402,172362582309.0
2024-12-18,1402,176912526252.0
2024-12-19,1402,177715457536.0
2024-12-20,1402,171559651025.0
2024-12-23,1402,169418500935.0
2024-12-24,1402,169953788457.0
2024-12-25,1402,167812638366.0
2024-12-26,1402,168883213412.0
2024-12-27,1402,170221432219.0
2024-12-30,1402,169418500935.0
2024-12-31,1402,169150857173.0
