date,stock_id,market_value
2005-01-03,2482,1206399216.0
2005-01-04,2482,1178981052.0
2005-01-05,2482,1178981052.0
2005-01-06,2482,1162530154.0
2005-01-07,2482,1140595622.0
2005-01-10,2482,1173497419.0
2005-01-11,2482,1173497419.0
2005-01-12,2482,1178981052.0
2005-01-13,2482,1146079255.0
2005-01-14,2482,1157046521.0
2005-01-17,2482,1162530154.0
2005-01-18,2482,1162530154.0
2005-01-19,2482,1151562888.0
2005-01-20,2482,1162530154.0
2005-01-21,2482,1168013786.0
2005-01-24,2482,1135111990.0
2005-01-25,2482,1151562888.0
2005-01-26,2482,1135111990.0
2005-01-27,2482,1135111990.0
2005-01-28,2482,1200915583.0
2005-01-31,2482,1211882849.0
2005-02-01,2482,1195431950.0
2005-02-02,2482,1178981052.0
2005-02-03,2482,1168013786.0
2005-02-14,2482,1162530154.0
2005-02-15,2482,1178981052.0
2005-02-16,2482,1255751911.0
2005-02-17,2482,1233817380.0
2005-02-18,2482,1316071872.0
2005-02-21,2482,1288653708.0
2005-02-22,2482,1266719177.0
2005-02-23,2482,1277686442.0
2005-02-24,2482,1250268278.0
2005-02-25,2482,1244784646.0
2005-03-01,2482,1217366482.0
2005-03-02,2482,1189948318.0
2005-03-03,2482,1233817380.0
2005-03-04,2482,1233817380.0
2005-03-07,2482,1242042829.0
2005-03-08,2482,1222850114.0
2005-03-09,2482,1244784646.0
2005-03-10,2482,1329780954.0
2005-03-11,2482,1294137341.0
2005-03-14,2482,1261235544.0
2005-03-15,2482,1228333747.0
2005-03-16,2482,1228333747.0
2005-03-17,2482,1228333747.0
2005-03-18,2482,1220108298.0
2005-03-21,2482,1222850114.0
2005-03-22,2482,1211882849.0
2005-03-23,2482,1203657400.0
2005-03-24,2482,1211882849.0
2005-03-25,2482,1225591931.0
2005-03-28,2482,1261235544.0
2005-03-29,2482,1242042829.0
2005-03-30,2482,1217366482.0
2005-03-31,2482,1211882849.0
2005-04-01,2482,1195431950.0
2005-04-04,2482,1195431950.0
2005-04-06,2482,1200915583.0
2005-04-07,2482,1222850114.0
2005-04-08,2482,1206399216.0
2005-04-11,2482,1217366482.0
2005-04-12,2482,1217366482.0
2005-04-13,2482,1217366482.0
2005-04-14,2482,1195431950.0
2005-04-15,2482,1184464685.0
2005-04-18,2482,1113177458.0
2005-04-19,2482,1124144724.0
2005-04-20,2482,1088501111.0
2005-04-21,2482,1091242927.0
2005-04-22,2482,1099468376.0
2005-04-25,2482,1102210193.0
2005-04-26,2482,1102842478.0
2005-04-27,2482,1102842478.0
2005-04-28,2482,1097286596.0
2005-04-29,2482,1133399826.0
2005-05-03,2482,1122288063.0
2005-05-04,2482,1122288063.0
2005-05-05,2482,1130621885.0
2005-05-06,2482,1138955708.0
2005-05-09,2482,1136177767.0
2005-05-10,2482,1133399826.0
2005-05-11,2482,1108398359.0
2005-05-12,2482,1100064537.0
2005-05-13,2482,1130621885.0
2005-05-16,2482,1125066004.0
2005-05-17,2482,1116732182.0
2005-05-18,2482,1100064537.0
2005-05-19,2482,1105620419.0
2005-05-20,2482,1111176300.0
2005-05-23,2482,1116732182.0
2005-05-24,2482,1111176300.0
2005-05-25,2482,1111176300.0
2005-05-26,2482,1108398359.0
2005-05-27,2482,1125066004.0
2005-05-30,2482,1133399826.0
2005-05-31,2482,1130621885.0
2005-06-01,2482,1122288063.0
2005-06-02,2482,1141733648.0
2005-06-03,2482,1155623352.0
2005-06-06,2482,1163957174.0
2005-06-07,2482,1161179234.0
2005-06-08,2482,1161179234.0
2005-06-09,2482,1147289530.0
2005-06-10,2482,1138955708.0
2005-06-13,2482,1125066004.0
2005-06-14,2482,1125066004.0
2005-06-15,2482,1150067471.0
2005-06-16,2482,1161179234.0
2005-06-17,2482,1158401293.0
2005-06-20,2482,1147289530.0
2005-06-21,2482,1136177767.0
2005-06-22,2482,1141733648.0
2005-06-23,2482,1138955708.0
2005-06-24,2482,1155623352.0
2005-06-27,2482,1150067471.0
2005-06-28,2482,1147289530.0
2005-06-29,2482,1166735115.0
2005-06-30,2482,1163957174.0
2005-07-01,2482,1152845411.0
2005-07-04,2482,1172290997.0
2005-07-05,2482,1180624819.0
2005-07-06,2482,1186180700.0
2005-07-07,2482,1169513056.0
2005-07-08,2482,1152845411.0
2005-07-11,2482,1166735115.0
2005-07-12,2482,1111176300.0
2005-07-13,2482,1119510122.0
2005-07-14,2482,1119510122.0
2005-07-15,2482,1166735115.0
2005-07-19,2482,1152845411.0
2005-07-20,2482,1133399826.0
2005-07-21,2482,1144511589.0
2005-07-22,2482,1125066004.0
2005-07-25,2482,1127843945.0
2005-07-26,2482,1111176300.0
2005-07-27,2482,1113954241.0
2005-07-28,2482,1136177767.0
2005-07-29,2482,1122288063.0
2005-08-01,2482,1111176300.0
2005-08-02,2482,1091730715.0
2005-08-03,2482,1094508656.0
2005-08-04,2482,1077841011.0
2005-08-08,2482,1083396893.0
2005-08-09,2482,1094508656.0
2005-08-10,2482,1088952774.0
2005-08-11,2482,1077841011.0
2005-08-12,2482,1077841011.0
2005-08-15,2482,1094508656.0
2005-08-16,2482,1088952774.0
2005-08-17,2482,1088952774.0
2005-08-18,2482,1088952774.0
2005-08-19,2482,1061173367.0
2005-08-22,2482,1077841011.0
2005-08-23,2482,1077841011.0
2005-08-24,2482,1061173367.0
2005-08-25,2482,1061173367.0
2005-08-26,2482,1069507189.0
2005-08-29,2482,1080618952.0
2005-08-30,2482,1080618952.0
2005-08-31,2482,1080618952.0
2005-09-02,2482,1072285130.0
2005-09-05,2482,1072285130.0
2005-09-06,2482,1072285130.0
2005-09-07,2482,1072285130.0
2005-09-08,2482,1072285130.0
2005-09-09,2482,1005614552.0
2005-09-12,2482,1072285130.0
2005-09-13,2482,1066729248.0
2005-09-14,2482,1063951307.0
2005-09-15,2482,1058395426.0
2005-09-16,2482,1055617485.0
2005-09-19,2482,1055617485.0
2005-09-20,2482,1072285130.0
2005-09-21,2482,1061173367.0
2005-09-22,2482,1094508656.0
2005-09-23,2482,1136177767.0
2005-09-26,2482,1130621885.0
2005-09-27,2482,1108398359.0
2005-09-28,2482,1111176300.0
2005-09-29,2482,1113954241.0
2005-09-30,2482,1105620419.0
2005-10-03,2482,1069507189.0
2005-10-04,2482,1055617485.0
2005-10-05,2482,1044505722.0
2005-10-06,2482,1044505722.0
2005-10-07,2482,1027838078.0
2005-10-11,2482,1030616018.0
2005-10-12,2482,1019504255.0
2005-10-13,2482,1005614552.0
2005-10-14,2482,1000058670.0
2005-10-17,2482,983391026.0
2005-10-18,2482,994502788.0
2005-10-19,2482,983391026.0
2005-10-20,2482,983391026.0
2005-10-21,2482,916720448.0
2005-10-24,2482,916720448.0
2005-10-25,2482,913942507.0
2005-10-26,2482,900052803.0
2005-10-27,2482,905608685.0
2005-10-28,2482,916720448.0
2005-10-31,2482,950055737.0
2005-11-01,2482,961167500.0
2005-11-02,2482,972279263.0
2005-11-03,2482,972279263.0
2005-11-04,2482,966723381.0
2005-11-07,2482,950055737.0
2005-11-08,2482,950055737.0
2005-11-09,2482,958389559.0
2005-11-10,2482,961167500.0
2005-11-11,2482,966723381.0
2005-11-14,2482,961167500.0
2005-11-15,2482,947277796.0
2005-11-16,2482,980613085.0
2005-11-17,2482,983391026.0
2005-11-18,2482,997280729.0
2005-11-21,2482,961167500.0
2005-11-22,2482,952833677.0
2005-11-23,2482,958389559.0
2005-11-24,2482,963945440.0
2005-11-25,2482,961167500.0
2005-11-28,2482,983391026.0
2005-11-29,2482,980613085.0
2005-11-30,2482,1000058670.0
2005-12-01,2482,997280729.0
2005-12-02,2482,991724848.0
2005-12-05,2482,1044505722.0
2005-12-06,2482,1097286596.0
2005-12-07,2482,1086174833.0
2005-12-08,2482,1055617485.0
2005-12-09,2482,1066729248.0
2005-12-12,2482,1061173367.0
2005-12-13,2482,1061173367.0
2005-12-14,2482,1055617485.0
2005-12-15,2482,1055617485.0
2005-12-16,2482,1061173367.0
2005-12-19,2482,1050061603.0
2005-12-20,2482,1044505722.0
2005-12-21,2482,1116732182.0
2005-12-22,2482,1086174833.0
2005-12-23,2482,1133399826.0
2005-12-26,2482,1111176300.0
2005-12-27,2482,1077841011.0
2005-12-28,2482,1086174833.0
2005-12-29,2482,1061173367.0
2005-12-30,2482,1055617485.0
2006-01-02,2482,1061173367.0
2006-01-03,2482,1080618952.0
2006-01-04,2482,1088952774.0
2006-01-05,2482,1100064537.0
2006-01-06,2482,1130621885.0
2006-01-09,2482,1100064537.0
2006-01-10,2482,1091730715.0
2006-01-11,2482,1077841011.0
2006-01-12,2482,1088952774.0
2006-01-13,2482,1088952774.0
2006-01-16,2482,1083396893.0
2006-01-17,2482,1080618952.0
2006-01-18,2482,1052839544.0
2006-01-19,2482,1061173367.0
2006-01-20,2482,1050061603.0
2006-01-23,2482,1027838078.0
2006-01-24,2482,1027838078.0
2006-01-25,2482,1025060137.0
2006-02-03,2482,1030616018.0
2006-02-06,2482,1033393959.0
2006-02-07,2482,1044505722.0
2006-02-08,2482,1038949841.0
2006-02-09,2482,1066729248.0
2006-02-10,2482,1055617485.0
2006-02-13,2482,1050061603.0
2006-02-14,2482,1027838078.0
2006-02-15,2482,1030616018.0
2006-02-16,2482,1038949841.0
2006-02-17,2482,1019504255.0
2006-02-20,2482,1016726315.0
2006-02-21,2482,1011170433.0
2006-02-22,2482,972279263.0
2006-02-23,2482,969501322.0
2006-02-24,2482,950055737.0
2006-02-27,2482,958389559.0
2006-03-01,2482,972279263.0
2006-03-02,2482,975057203.0
2006-03-03,2482,955611618.0
2006-03-06,2482,955611618.0
2006-03-07,2482,936166033.0
2006-03-08,2482,941721914.0
2006-03-09,2482,938943973.0
2006-03-10,2482,938943973.0
2006-03-13,2482,925054270.0
2006-03-14,2482,925054270.0
2006-03-15,2482,927832211.0
2006-03-16,2482,919498388.0
2006-03-17,2482,911164566.0
2006-03-20,2482,902830744.0
2006-03-21,2482,900052803.0
2006-03-22,2482,872273396.0
2006-03-23,2482,877829277.0
2006-03-24,2482,883385159.0
2006-03-27,2482,888941040.0
2006-03-28,2482,891718981.0
2006-03-29,2482,891718981.0
2006-03-30,2482,900052803.0
2006-03-31,2482,886163099.0
2006-04-03,2482,911164566.0
2006-04-04,2482,902830744.0
2006-04-06,2482,916720448.0
2006-04-07,2482,913942507.0
2006-04-10,2482,905608685.0
2006-04-11,2482,891718981.0
2006-04-12,2482,902830744.0
2006-04-13,2482,944499855.0
2006-04-14,2482,930610151.0
2006-04-17,2482,933388092.0
2006-04-18,2482,980613085.0
2006-04-19,2482,947277796.0
2006-04-20,2482,952833677.0
2006-04-21,2482,955611618.0
2006-04-24,2482,966723381.0
2006-04-25,2482,955611618.0
2006-04-26,2482,944499855.0
2006-04-27,2482,977835144.0
2006-04-28,2482,961167500.0
2006-05-02,2482,938943973.0
2006-05-03,2482,938943973.0
2006-05-04,2482,927832211.0
2006-05-05,2482,927832211.0
2006-05-08,2482,916720448.0
2006-05-09,2482,916720448.0
2006-05-10,2482,905608685.0
2006-05-11,2482,913942507.0
2006-05-12,2482,922276329.0
2006-05-15,2482,922276329.0
2006-05-16,2482,924240823.0
2006-05-17,2482,915889249.0
2006-05-18,2482,943727828.0
2006-05-19,2482,929808539.0
2006-05-22,2482,913105391.0
2006-05-23,2482,913105391.0
2006-05-24,2482,918673107.0
2006-05-25,2482,910321533.0
2006-05-26,2482,907537675.0
2006-05-29,2482,896402244.0
2006-05-30,2482,890834528.0
2006-06-01,2482,907537675.0
2006-06-02,2482,890834528.0
2006-06-05,2482,896402244.0
2006-06-06,2482,865779807.0
2006-06-07,2482,846292802.0
2006-06-08,2482,769772370.0
2006-06-09,2482,772338278.0
2006-06-12,2482,780036002.0
2006-06-13,2482,769772370.0
2006-06-14,2482,774904186.0
2006-06-15,2482,767206462.0
2006-06-16,2482,769772370.0
2006-06-19,2482,769772370.0
2006-06-20,2482,744113291.0
2006-06-21,2482,754376923.0
2006-06-22,2482,769772370.0
2006-06-23,2482,767206462.0
2006-06-26,2482,767206462.0
2006-06-27,2482,764640554.0
2006-06-28,2482,764640554.0
2006-06-29,2482,774904186.0
2006-06-30,2482,769772370.0
2006-07-03,2482,767206462.0
2006-07-04,2482,767206462.0
2006-07-05,2482,764640554.0
2006-07-06,2482,769772370.0
2006-07-07,2482,774904186.0
2006-07-10,2482,769772370.0
2006-07-11,2482,769772370.0
2006-07-12,2482,780036002.0
2006-07-13,2482,777470094.0
2006-07-14,2482,774904186.0
2006-07-17,2482,759508738.0
2006-07-18,2482,756942831.0
2006-07-19,2482,764640554.0
2006-07-20,2482,769772370.0
2006-07-21,2482,0.0
2006-07-24,2482,769772370.0
2006-07-25,2482,797997357.0
2006-07-26,2482,797997357.0
2006-07-27,2482,800563265.0
2006-07-28,2482,800563265.0
2006-07-31,2482,780036002.0
2006-08-01,2482,790299633.0
2006-08-02,2482,815958712.0
2006-08-03,2482,821090528.0
2006-08-04,2482,818524620.0
2006-08-07,2482,800563265.0
2006-08-08,2482,803129173.0
2006-08-09,2482,815958712.0
2006-08-10,2482,810826896.0
2006-08-11,2482,805695081.0
2006-08-14,2482,810826896.0
2006-08-15,2482,810826896.0
2006-08-16,2482,792865541.0
2006-08-17,2482,797997357.0
2006-08-18,2482,805695081.0
2006-08-21,2482,792865541.0
2006-08-22,2482,772338278.0
2006-08-23,2482,785167817.0
2006-08-24,2482,749245107.0
2006-08-25,2482,749245107.0
2006-08-28,2482,741547383.0
2006-08-29,2482,738981475.0
2006-08-30,2482,746679199.0
2006-08-31,2482,751811015.0
2006-09-01,2482,746679199.0
2006-09-04,2482,749245107.0
2006-09-05,2482,751811015.0
2006-09-06,2482,741547383.0
2006-09-07,2482,762074646.0
2006-09-08,2482,756942831.0
2006-09-11,2482,782601910.0
2006-09-12,2482,774904186.0
2006-09-13,2482,767206462.0
2006-09-14,2482,767206462.0
2006-09-15,2482,769772370.0
2006-09-18,2482,821090528.0
2006-09-19,2482,805695081.0
2006-09-20,2482,787733725.0
2006-09-21,2482,810826896.0
2006-09-22,2482,810826896.0
2006-09-25,2482,848674040.0
2006-09-26,2482,837897226.0
2006-09-27,2482,840591430.0
2006-09-28,2482,835203023.0
2006-09-29,2482,835203023.0
2006-10-02,2482,854062446.0
2006-10-03,2482,862145056.0
2006-10-04,2482,851368243.0
2006-10-05,2482,856756649.0
2006-10-11,2482,867533463.0
2006-10-12,2482,867533463.0
2006-10-13,2482,856756649.0
2006-10-16,2482,872921869.0
2006-10-17,2482,867533463.0
2006-10-18,2482,819037803.0
2006-10-19,2482,854062446.0
2006-10-20,2482,862145056.0
2006-10-23,2482,854062446.0
2006-10-24,2482,845979836.0
2006-10-25,2482,856756649.0
2006-10-26,2482,851368243.0
2006-10-27,2482,856756649.0
2006-10-30,2482,840591430.0
2006-10-31,2482,845979836.0
2006-11-01,2482,832508820.0
2006-11-02,2482,840591430.0
2006-11-03,2482,856756649.0
2006-11-06,2482,845979836.0
2006-11-07,2482,843285633.0
2006-11-08,2482,835203023.0
2006-11-09,2482,843285633.0
2006-11-10,2482,843285633.0
2006-11-13,2482,845979836.0
2006-11-14,2482,872921869.0
2006-11-15,2482,872921869.0
2006-11-16,2482,889087089.0
2006-11-17,2482,889087089.0
2006-11-20,2482,894475496.0
2006-11-21,2482,883698682.0
2006-11-22,2482,881004479.0
2006-11-23,2482,878310276.0
2006-11-24,2482,883698682.0
2006-11-27,2482,872921869.0
2006-11-28,2482,856756649.0
2006-11-29,2482,856756649.0
2006-11-30,2482,867533463.0
2006-12-01,2482,867533463.0
2006-12-04,2482,881004479.0
2006-12-05,2482,862145056.0
2006-12-06,2482,867533463.0
2006-12-07,2482,867533463.0
2006-12-08,2482,905252309.0
2006-12-11,2482,937582748.0
2006-12-12,2482,889087089.0
2006-12-13,2482,951053765.0
2006-12-14,2482,1015714644.0
2006-12-15,2482,1085763930.0
2006-12-18,2482,1161201622.0
2006-12-19,2482,1242027721.0
2006-12-20,2482,1277052364.0
2006-12-21,2482,1271663958.0
2006-12-22,2482,1360572667.0
2006-12-25,2482,1454869782.0
2006-12-26,2482,1454869782.0
2006-12-27,2482,1460258189.0
2006-12-28,2482,1471035002.0
2006-12-29,2482,1471035002.0
2007-01-02,2482,1471035002.0
2007-01-03,2482,1444092969.0
2007-01-04,2482,1344407447.0
2007-01-05,2482,1368655276.0
2007-01-08,2482,1357878463.0
2007-01-09,2482,1325548024.0
2007-01-10,2482,1325548024.0
2007-01-11,2482,1417150936.0
2007-01-12,2482,1357878463.0
2007-01-15,2482,1320159617.0
2007-01-16,2482,1306688601.0
2007-01-17,2482,1314771210.0
2007-01-18,2482,1317465414.0
2007-01-19,2482,1312077007.0
2007-01-22,2482,1403679919.0
2007-01-23,2482,1500671238.0
2007-01-24,2482,1603050964.0
2007-01-25,2482,1616521980.0
2007-01-26,2482,1616521980.0
2007-01-29,2482,1729678519.0
2007-01-30,2482,1700042282.0
2007-01-31,2482,1670406046.0
2007-02-01,2482,1589579947.0
2007-02-02,2482,1584191540.0
2007-02-05,2482,1584191540.0
2007-02-06,2482,1694653876.0
2007-02-07,2482,1648852420.0
2007-02-08,2482,1670406046.0
2007-02-09,2482,1667711843.0
2007-02-12,2482,1737761129.0
2007-02-13,2482,1815893024.0
2007-02-14,2482,1875165497.0
2007-02-26,2482,2004487255.0
2007-02-27,2482,2139197420.0
2007-03-01,2482,1991016239.0
2007-03-02,2482,2042206101.0
2007-03-05,2482,1964074206.0
2007-03-06,2482,2007181459.0
2007-03-07,2482,1982933629.0
2007-03-08,2482,2079924948.0
2007-03-09,2482,2026040882.0
2007-03-12,2482,2123032200.0
2007-03-13,2482,2096090167.0
2007-03-14,2482,2031429288.0
2007-03-15,2482,2047594508.0
2007-03-16,2482,2047594508.0
2007-03-19,2482,2187693080.0
2007-03-20,2482,2198469893.0
2007-03-21,2482,2155362640.0
2007-03-22,2482,2171527860.0
2007-03-23,2482,2195775690.0
2007-03-26,2482,2155362640.0
2007-03-27,2482,2149974233.0
2007-03-28,2482,2144585827.0
2007-03-29,2482,2273907585.0
2007-03-30,2482,2317014838.0
2007-04-02,2482,2459807613.0
2007-04-03,2482,2400535140.0
2007-04-04,2482,2567575745.0
2007-04-09,2482,2721145333.0
2007-04-10,2482,2742698959.0
2007-04-11,2482,2694203300.0
2007-04-12,2482,2882797531.0
2007-04-13,2482,2828913465.0
2007-04-16,2482,2958235223.0
2007-04-17,2482,2801971432.0
2007-04-18,2482,2796583025.0
2007-04-19,2482,2737310553.0
2007-04-20,2482,2801971432.0
2007-04-23,2482,2780417806.0
2007-04-24,2482,2704980113.0
2007-04-25,2482,2691509097.0
2007-04-26,2482,2672649674.0
2007-04-27,2482,2715756926.0
2007-04-30,2482,2726533740.0
2007-05-02,2482,2640319234.0
2007-05-03,2482,2457113410.0
2007-05-04,2482,2559493135.0
2007-05-07,2482,2634930827.0
2007-05-08,2482,2672649674.0
2007-05-09,2482,2640319234.0
2007-05-10,2482,2672649674.0
2007-05-11,2482,2618765608.0
2007-05-14,2482,2564881542.0
2007-05-15,2482,2440948190.0
2007-05-16,2482,2387064124.0
2007-05-17,2482,2505609069.0
2007-05-18,2482,2446336596.0
2007-05-21,2482,2616071404.0
2007-05-22,2482,2694203300.0
2007-05-23,2482,2694203300.0
2007-05-24,2482,2748087366.0
2007-05-25,2482,2694203300.0
2007-05-28,2482,2629542421.0
2007-05-29,2482,2691509097.0
2007-05-30,2482,2640319234.0
2007-05-31,2482,2694203300.0
2007-06-01,2482,2667261267.0
2007-06-04,2482,2737310553.0
2007-06-05,2482,2715756926.0
2007-06-06,2482,2629542421.0
2007-06-07,2482,2640319234.0
2007-06-08,2482,2624154014.0
2007-06-11,2482,2624154014.0
2007-06-12,2482,2653790251.0
2007-06-13,2482,2591823575.0
2007-06-14,2482,2591823575.0
2007-06-15,2482,2586435168.0
2007-06-20,2482,2764252586.0
2007-06-21,2482,2785806212.0
2007-06-22,2482,2979788850.0
2007-06-25,2482,3405472971.0
2007-06-26,2482,3448580224.0
2007-06-27,2482,3421638191.0
2007-06-28,2482,3658728081.0
2007-06-29,2482,3518629510.0
2007-07-02,2482,3534794730.0
2007-07-03,2482,3475522257.0
2007-07-04,2482,3383919345.0
2007-07-05,2482,3448580224.0
2007-07-06,2482,3491687477.0
2007-07-09,2482,3734165774.0
2007-07-10,2482,3820380279.0
2007-07-11,2482,3723388961.0
2007-07-12,2482,3718000554.0
2007-07-13,2482,3750330994.0
2007-07-16,2482,3755719400.0
2007-07-17,2482,4014362917.0
2007-07-18,2482,4014362917.0
2007-07-19,2482,3987420884.0
2007-07-20,2482,3987420884.0
2007-07-23,2482,4262229621.0
2007-07-24,2482,4240675994.0
2007-07-25,2482,4326890500.0
2007-07-26,2482,4240675994.0
2007-07-27,2482,4213733961.0
2007-07-30,2482,4240675994.0
2007-07-31,2482,4202957148.0
2007-08-01,2482,4122131049.0
2007-08-02,2482,4122131049.0
2007-08-03,2482,4084412203.0
2007-08-06,2482,3890429565.0
2007-08-07,2482,3863487532.0
2007-08-08,2482,3955090444.0
2007-08-09,2482,3987420884.0
2007-08-10,2482,3960478851.0
2007-08-13,2482,3933536818.0
2007-08-14,2482,3879652752.0
2007-08-15,2482,3610232422.0
2007-08-16,2482,3313870059.0
2007-08-17,2482,3087556982.0
2007-08-20,2482,3303093246.0
2007-08-21,2482,3394696158.0
2007-08-22,2482,3313870059.0
2007-08-23,2482,3394696158.0
2007-08-24,2482,3448580224.0
2007-08-27,2482,3502464290.0
2007-08-28,2482,3529406323.0
2007-08-29,2482,3550959949.0
2007-08-30,2482,3513241103.0
2007-08-31,2482,3486299070.0
2007-09-03,2482,3728777367.0
2007-09-04,2482,3987420884.0
2007-09-05,2482,4079023796.0
2007-09-06,2482,4057470170.0
2007-09-07,2482,4057470170.0
2007-09-10,2482,3987420884.0
2007-09-11,2482,3976644071.0
2007-09-12,2482,4057470170.0
2007-09-13,2482,3987420884.0
2007-09-14,2482,3987420884.0
2007-09-17,2482,3938925225.0
2007-09-19,2482,3718000554.0
2007-09-20,2482,3701835334.0
2007-09-21,2482,3820380279.0
2007-09-26,2482,4041304950.0
2007-09-27,2482,4116742642.0
2007-09-28,2482,4057470170.0
2007-10-01,2482,4555376063.0
2007-10-02,2482,4493059017.0
2007-10-03,2482,4455668789.0
2007-10-04,2482,4455668789.0
2007-10-05,2482,4430741971.0
2007-10-08,2482,4362193220.0
2007-10-09,2482,4486827312.0
2007-10-11,2482,4424510266.0
2007-10-12,2482,4312339583.0
2007-10-15,2482,4306107879.0
2007-10-16,2482,4212632310.0
2007-10-17,2482,4206400605.0
2007-10-18,2482,4331034697.0
2007-10-19,2482,4175242082.0
2007-10-22,2482,4112925036.0
2007-10-23,2482,4200168900.0
2007-10-24,2482,4112925036.0
2007-10-25,2482,4218864014.0
2007-10-26,2482,4200168900.0
2007-10-29,2482,4144083559.0
2007-10-30,2482,4119156741.0
2007-10-31,2482,3988290944.0
2007-11-01,2482,4044376285.0
2007-11-02,2482,3832498329.0
2007-11-05,2482,3707864237.0
2007-11-06,2482,3707864237.0
2007-11-07,2482,3639315486.0
2007-11-08,2482,3390047302.0
2007-11-09,2482,3390047302.0
2007-11-12,2482,3153242528.0
2007-11-13,2482,3109620595.0
2007-11-14,2482,3321498552.0
2007-11-15,2482,3284108324.0
2007-11-16,2482,3277876620.0
2007-11-19,2482,3209327869.0
2007-11-20,2482,3259181506.0
2007-11-21,2482,3178169346.0
2007-11-22,2482,3115852300.0
2007-11-23,2482,3115852300.0
2007-11-26,2482,3097157186.0
2007-11-27,2482,3053535254.0
2007-11-28,2482,2928901162.0
2007-11-29,2482,3090925482.0
2007-11-30,2482,3115852300.0
2007-12-03,2482,3115852300.0
2007-12-04,2482,3115852300.0
2007-12-05,2482,3115852300.0
2007-12-06,2482,2910206048.0
2007-12-07,2482,2910206048.0
2007-12-10,2482,2928901162.0
2007-12-11,2482,2960059685.0
2007-12-12,2482,2897742639.0
2007-12-13,2482,2695212240.0
2007-12-14,2482,2508261102.0
2007-12-17,2482,2333773373.0
2007-12-18,2482,2171749053.0
2007-12-19,2482,2100084450.0
2007-12-20,2482,1953639392.0
2007-12-21,2482,1819657743.0
2007-12-24,2482,1944291835.0
2007-12-25,2482,1938060131.0
2007-12-26,2482,1956755244.0
2007-12-27,2482,1984797915.0
2007-12-28,2482,2075157632.0
2007-12-31,2482,2118779564.0
2008-01-02,2482,2075157632.0
2008-01-03,2482,2028419847.0
2008-01-04,2482,2037767404.0
2008-01-07,2482,1897554051.0
2008-01-08,2482,1956755244.0
2008-01-09,2482,2025303995.0
2008-01-10,2482,1991029620.0
2008-01-11,2482,2022188143.0
2008-01-14,2482,2012840586.0
2008-01-15,2482,2050230813.0
2008-01-16,2482,2050230813.0
2008-01-17,2482,2050230813.0
2008-01-18,2482,2028419847.0
2008-01-21,2482,2025303995.0
2008-01-22,2482,1885090642.0
2008-01-23,2482,1754224845.0
2008-01-24,2482,1645170014.0
2008-01-25,2482,1719950470.0
2008-01-28,2482,1744877288.0
2008-01-29,2482,1760456550.0
2008-01-30,2482,1738645583.0
2008-01-31,2482,1776035811.0
2008-02-01,2482,1888206494.0
2008-02-12,2482,1900669903.0
2008-02-13,2482,1869511380.0
2008-02-14,2482,1900669903.0
2008-02-15,2482,1897554051.0
2008-02-18,2482,1869511380.0
2008-02-19,2482,2000377177.0
2008-02-20,2482,2137474678.0
2008-02-21,2482,2249645361.0
2008-02-22,2482,2243413656.0
2008-02-25,2482,2221602690.0
2008-02-26,2482,2305730702.0
2008-02-27,2482,2368047748.0
2008-02-29,2482,2405437976.0
2008-03-03,2482,2361816043.0
2008-03-04,2482,2336889225.0
2008-03-05,2482,2287035588.0
2008-03-06,2482,2315078259.0
2008-03-07,2482,2299498997.0
2008-03-10,2482,2274572179.0
2008-03-11,2482,2274572179.0
2008-03-12,2482,2268340474.0
2008-03-13,2482,2230950247.0
2008-03-14,2482,2202907576.0
2008-03-17,2482,2050230813.0
2008-03-18,2482,2050230813.0
2008-03-19,2482,2019072290.0
2008-03-20,2482,2068925927.0
2008-03-21,2482,2000377177.0
2008-03-24,2482,2019072290.0
2008-03-25,2482,2025303995.0
2008-03-26,2482,1994145472.0
2008-03-27,2482,1978566211.0
2008-03-28,2482,2034651552.0
2008-03-31,2482,2003493029.0
2008-04-01,2482,1994145472.0
2008-04-02,2482,2015956438.0
2008-04-03,2482,2156169792.0
2008-04-07,2482,2181096610.0
2008-04-08,2482,2118779564.0
2008-04-09,2482,2106316155.0
2008-04-10,2482,2224718542.0
2008-04-11,2482,2131242973.0
2008-04-14,2482,2056462518.0
2008-04-15,2482,2078273484.0
2008-04-16,2482,2056462518.0
2008-04-17,2482,2081389336.0
2008-04-18,2482,2025303995.0
2008-04-21,2482,2056462518.0
2008-04-22,2482,2028419847.0
2008-04-23,2482,1994145472.0
2008-04-24,2482,1938060131.0
2008-04-25,2482,1900669903.0
2008-04-28,2482,1857047971.0
2008-04-29,2482,1872627232.0
2008-04-30,2482,1894438198.0
2008-05-02,2482,2025303995.0
2008-05-05,2482,2165517349.0
2008-05-06,2482,2149938087.0
2008-05-07,2482,2121895416.0
2008-05-08,2482,2087621041.0
2008-05-09,2482,2019072290.0
2008-05-12,2482,1962986949.0
2008-05-13,2482,1981682063.0
2008-05-14,2482,1950523540.0
2008-05-15,2482,1953639392.0
2008-05-16,2482,1931828426.0
2008-05-19,2482,1981682063.0
2008-05-20,2482,1931828426.0
2008-05-21,2482,1931828426.0
2008-05-22,2482,1931828426.0
2008-05-23,2482,1906901608.0
2008-05-26,2482,1906901608.0
2008-05-27,2482,1919365017.0
2008-05-28,2482,1881974789.0
2008-05-29,2482,1857047971.0
2008-05-30,2482,1825889448.0
2008-06-02,2482,1800962629.0
2008-06-03,2482,1800962629.0
2008-06-04,2482,1825889448.0
2008-06-05,2482,1832121152.0
2008-06-06,2482,1844584562.0
2008-06-09,2482,1776035811.0
2008-06-10,2482,1751108993.0
2008-06-11,2482,1710602913.0
2008-06-12,2482,1592200525.0
2008-06-13,2482,1614011491.0
2008-06-16,2482,1620243196.0
2008-06-17,2482,1607779787.0
2008-06-18,2482,1607779787.0
2008-06-19,2482,1614011491.0
2008-06-20,2482,1629590753.0
2008-06-23,2482,1601548082.0
2008-06-24,2482,1585968821.0
2008-06-25,2482,1595316378.0
2008-06-26,2482,1582852968.0
2008-06-27,2482,1508072513.0
2008-06-30,2482,1492493252.0
2008-07-01,2482,1389670126.0
2008-07-02,2482,1308657966.0
2008-07-03,2482,1308657966.0
2008-07-04,2482,1258804329.0
2008-07-07,2482,1258804329.0
2008-07-08,2482,1233877511.0
2008-07-09,2482,1258804329.0
2008-07-10,2482,1215182397.0
2008-07-11,2482,1221414102.0
2008-07-14,2482,1196487283.0
2008-07-15,2482,1146633646.0
2008-07-16,2482,1068737339.0
2008-07-17,2482,1115475123.0
2008-07-18,2482,1090548305.0
2008-07-21,2482,1165328760.0
2008-07-22,2482,1246340920.0
2008-07-23,2482,1333584784.0
2008-07-24,2482,1423944501.0
2008-07-25,2482,1495609104.0
2008-07-29,2482,1542346889.0
2008-07-30,2482,1483145695.0
2008-07-31,2482,1492493252.0
2008-08-01,2482,1523651775.0
2008-08-04,2482,1495609104.0
2008-08-05,2482,1451987172.0
2008-08-06,2482,1467566433.0
2008-08-07,2482,1405249387.0
2008-08-08,2482,1405249387.0
2008-08-11,2482,1427060353.0
2008-08-12,2482,1476913990.0
2008-08-13,2482,1464450581.0
2008-08-14,2482,1464450581.0
2008-08-15,2482,1464450581.0
2008-08-18,2482,1364743307.0
2008-08-19,2482,1346048194.0
2008-08-20,2482,1289962852.0
2008-08-21,2482,1277499443.0
2008-08-22,2482,1258804329.0
2008-08-25,2482,1258804329.0
2008-08-26,2482,1258804329.0
2008-08-27,2482,1271267738.0
2008-08-28,2482,1274383591.0
2008-08-29,2482,1280615295.0
2008-09-01,2482,1252572625.0
2008-09-02,2482,1196487283.0
2008-09-03,2482,1121706828.0
2008-09-04,2482,1012651998.0
2008-09-05,2482,1012651998.0
2008-09-08,2482,1081200748.0
2008-09-09,2482,1078084896.0
2008-09-10,2482,1152865351.0
2008-09-11,2482,1152865351.0
2008-09-12,2482,1152865351.0
2008-09-15,2482,1152865351.0
2008-09-16,2482,1121706828.0
2008-09-17,2482,1103011714.0
2008-09-18,2482,1028231259.0
2008-09-19,2482,1046926373.0
2008-09-22,2482,1034462964.0
2008-09-23,2482,1046926373.0
2008-09-24,2482,1059389782.0
2008-09-25,2482,1046926373.0
2008-09-26,2482,978377622.0
2008-09-30,2482,916060576.0
2008-10-01,2482,916060576.0
2008-10-02,2482,928523985.0
2008-10-03,2482,928523985.0
2008-10-06,2482,965332403.0
2008-10-07,2482,965332403.0
2008-10-08,2482,958831848.0
2008-10-09,2482,893826299.0
2008-10-13,2482,893826299.0
2008-10-14,2482,955581570.0
2008-10-15,2482,949081015.0
2008-10-16,2482,916578241.0
2008-10-17,2482,897076576.0
2008-10-20,2482,867824079.0
2008-10-21,2482,838571582.0
2008-10-22,2482,809319085.0
2008-10-23,2482,783316865.0
2008-10-24,2482,757314646.0
2008-10-27,2482,705310207.0
2008-10-28,2482,754064368.0
2008-10-29,2482,802818530.0
2008-10-30,2482,858073247.0
2008-10-31,2482,845072137.0
2008-11-03,2482,858073247.0
2008-11-04,2482,832071027.0
2008-11-05,2482,828820750.0
2008-11-06,2482,819069917.0
2008-11-07,2482,806068808.0
2008-11-10,2482,838571582.0
2008-11-11,2482,835321305.0
2008-11-12,2482,835321305.0
2008-11-13,2482,832071027.0
2008-11-14,2482,828820750.0
2008-11-18,2482,737812981.0
2008-11-19,2482,747563814.0
2008-11-20,2482,728062149.0
2008-11-21,2482,767065478.0
2008-11-24,2482,767065478.0
2008-11-25,2482,806068808.0
2008-11-26,2482,799568253.0
2008-11-27,2482,832071027.0
2008-11-28,2482,809319085.0
2008-12-01,2482,809319085.0
2008-12-02,2482,770315756.0
2008-12-03,2482,754064368.0
2008-12-04,2482,763815201.0
2008-12-05,2482,760564923.0
2008-12-08,2482,809319085.0
2008-12-09,2482,799568253.0
2008-12-10,2482,845072137.0
2008-12-11,2482,838571582.0
2008-12-12,2482,825570472.0
2008-12-15,2482,845072137.0
2008-12-16,2482,838571582.0
2008-12-17,2482,841821860.0
2008-12-18,2482,822320195.0
2008-12-19,2482,819069917.0
2008-12-22,2482,845072137.0
2008-12-23,2482,845072137.0
2008-12-24,2482,828820750.0
2008-12-25,2482,877574912.0
2008-12-26,2482,864573802.0
2008-12-29,2482,910077686.0
2008-12-30,2482,900326854.0
2008-12-31,2482,877574912.0
2009-01-05,2482,890576021.0
2009-01-06,2482,890576021.0
2009-01-07,2482,887325744.0
2009-01-08,2482,858073247.0
2009-01-09,2482,853497549.0
2009-01-12,2482,834875784.0
2009-01-13,2482,806943137.0
2009-01-14,2482,800735882.0
2009-01-15,2482,757285098.0
2009-01-16,2482,766595980.0
2009-01-19,2482,775906863.0
2009-01-20,2482,766595980.0
2009-01-21,2482,775906863.0
2009-02-02,2482,763492353.0
2009-02-03,2482,806943137.0
2009-02-04,2482,800735882.0
2009-02-05,2482,797632255.0
2009-02-06,2482,791425000.0
2009-02-09,2482,797632255.0
2009-02-10,2482,803839510.0
2009-02-11,2482,794528627.0
2009-02-12,2482,779010490.0
2009-02-13,2482,806943137.0
2009-02-16,2482,788321372.0
2009-02-17,2482,769699608.0
2009-02-18,2482,775906863.0
2009-02-19,2482,757285098.0
2009-02-20,2482,744870588.0
2009-02-23,2482,794528627.0
2009-02-24,2482,775906863.0
2009-02-25,2482,766595980.0
2009-02-26,2482,754181470.0
2009-02-27,2482,754181470.0
2009-03-02,2482,738663333.0
2009-03-03,2482,738663333.0
2009-03-04,2482,785217745.0
2009-03-05,2482,791425000.0
2009-03-06,2482,788321372.0
2009-03-09,2482,794528627.0
2009-03-10,2482,813150392.0
2009-03-11,2482,819357647.0
2009-03-12,2482,819357647.0
2009-03-13,2482,856601176.0
2009-03-16,2482,853497549.0
2009-03-17,2482,912466470.0
2009-03-18,2482,915570098.0
2009-03-19,2482,887637451.0
2009-03-20,2482,865912059.0
2009-03-23,2482,865912059.0
2009-03-24,2482,893844706.0
2009-03-25,2482,900051961.0
2009-03-26,2482,896948333.0
2009-03-27,2482,912466470.0
2009-03-30,2482,869015686.0
2009-03-31,2482,862808431.0
2009-04-01,2482,881430196.0
2009-04-02,2482,869015686.0
2009-04-03,2482,927984608.0
2009-04-06,2482,990057157.0
2009-04-07,2482,990057157.0
2009-04-08,2482,977642647.0
2009-04-09,2482,1030404313.0
2009-04-10,2482,1011782549.0
2009-04-13,2482,1080062353.0
2009-04-14,2482,1117305882.0
2009-04-15,2482,1080062353.0
2009-04-16,2482,1154549411.0
2009-04-17,2482,1151445784.0
2009-04-20,2482,1104891372.0
2009-04-21,2482,1148342157.0
2009-04-22,2482,1135927647.0
2009-04-23,2482,1104891372.0
2009-04-24,2482,1104891372.0
2009-04-27,2482,1055233333.0
2009-04-28,2482,983849902.0
2009-04-29,2482,943502745.0
2009-04-30,2482,999368039.0
2009-05-04,2482,999368039.0
2009-05-05,2482,952813627.0
2009-05-06,2482,962124510.0
2009-05-07,2482,986953529.0
2009-05-08,2482,1005575294.0
2009-05-11,2482,1036611568.0
2009-05-12,2482,974539019.0
2009-05-13,2482,993160784.0
2009-05-14,2482,980746274.0
2009-05-15,2482,974539019.0
2009-05-18,2482,1024197059.0
2009-05-19,2482,1014886176.0
2009-05-20,2482,986953529.0
2009-05-21,2482,980746274.0
2009-05-22,2482,1011782549.0
2009-05-25,2482,1055233333.0
2009-05-26,2482,1021093431.0
2009-05-27,2482,1092476862.0
2009-06-01,2482,1166963921.0
2009-06-02,2482,1179378431.0
2009-06-03,2482,1157653039.0
2009-06-04,2482,1238347353.0
2009-06-05,2482,1315938039.0
2009-06-08,2482,1294212647.0
2009-06-09,2482,1235243725.0
2009-06-10,2482,1191792941.0
2009-06-11,2482,1198000196.0
2009-06-15,2482,1073855098.0
2009-06-16,2482,1086269608.0
2009-06-17,2482,1067647843.0
2009-06-18,2482,1064544215.0
2009-06-19,2482,1080062353.0
2009-06-22,2482,1111098627.0
2009-06-23,2482,1086269608.0
2009-06-24,2482,1129720392.0
2009-06-25,2482,1123513137.0
2009-06-26,2482,1135927647.0
2009-06-29,2482,1123513137.0
2009-06-30,2482,1117305882.0
2009-07-01,2482,1154549411.0
2009-07-02,2482,1170067549.0
2009-07-03,2482,1160756666.0
2009-07-06,2482,1148342157.0
2009-07-07,2482,1151445784.0
2009-07-08,2482,1151445784.0
2009-07-09,2482,1166963921.0
2009-07-10,2482,1151445784.0
2009-07-13,2482,1148342157.0
2009-07-14,2482,1139031274.0
2009-07-15,2482,1166963921.0
2009-07-16,2482,1173171176.0
2009-07-17,2482,1148342157.0
2009-07-20,2482,1173171176.0
2009-07-21,2482,1157653039.0
2009-07-22,2482,1238347353.0
2009-07-23,2482,1229036470.0
2009-07-24,2482,1185585686.0
2009-07-27,2482,1207311078.0
2009-07-28,2482,1229036470.0
2009-07-29,2482,1201103823.0
2009-07-30,2482,1207311078.0
2009-07-31,2482,1229036470.0
2009-08-03,2482,1229036470.0
2009-08-04,2482,1198000196.0
2009-08-05,2482,1198000196.0
2009-08-06,2482,1210414706.0
2009-08-10,2482,1222829215.0
2009-08-11,2482,1213518333.0
2009-08-12,2482,1235243725.0
2009-08-13,2482,1260072745.0
2009-08-14,2482,1247658235.0
2009-08-17,2482,1210414706.0
2009-08-18,2482,1198000196.0
2009-08-19,2482,1182482058.0
2009-08-20,2482,1154549411.0
2009-08-21,2482,1160756666.0
2009-08-24,2482,1148342157.0
2009-08-25,2482,1157653039.0
2009-08-26,2482,1154549411.0
2009-08-27,2482,1129720392.0
2009-08-28,2482,1135927647.0
2009-08-31,2482,1213518333.0
2009-09-01,2482,1284901764.0
2009-09-02,2482,1371803333.0
2009-09-03,2482,1399735980.0
2009-09-04,2482,1427668627.0
2009-09-07,2482,1421461372.0
2009-09-08,2482,1381114215.0
2009-09-09,2482,1371803333.0
2009-09-10,2482,1315938039.0
2009-09-11,2482,1381114215.0
2009-09-14,2482,1415254117.0
2009-09-15,2482,1405943235.0
2009-09-16,2482,1378010588.0
2009-09-17,2482,1343870686.0
2009-09-18,2482,1350077941.0
2009-09-21,2482,1384217843.0
2009-09-22,2482,1365596078.0
2009-09-23,2482,1334559804.0
2009-09-24,2482,1294212647.0
2009-09-25,2482,1384217843.0
2009-09-28,2482,1480430294.0
2009-09-29,2482,1582850000.0
2009-09-30,2482,1691476960.0
2009-10-01,2482,1809414803.0
2009-10-02,2482,1933559901.0
2009-10-05,2482,1992528823.0
2009-10-06,2482,1980114313.0
2009-10-07,2482,1862176470.0
2009-10-08,2482,1855969215.0
2009-10-09,2482,1815622058.0
2009-10-12,2482,1868383725.0
2009-10-13,2482,1865280097.0
2009-10-14,2482,1887005490.0
2009-10-15,2482,1812518431.0
2009-10-16,2482,1787689411.0
2009-10-19,2482,1831140196.0
2009-10-20,2482,1831140196.0
2009-10-21,2482,1843554705.0
2009-10-22,2482,1824932941.0
2009-10-23,2482,1806311176.0
2009-10-26,2482,1812518431.0
2009-10-27,2482,1784585784.0
2009-10-28,2482,1675958823.0
2009-10-29,2482,1561124607.0
2009-10-30,2482,1607679019.0
2009-11-02,2482,1576642745.0
2009-11-03,2482,1589057254.0
2009-11-04,2482,1691476960.0
2009-11-05,2482,1644922549.0
2009-11-06,2482,1613886274.0
2009-11-09,2482,1582850000.0
2009-11-10,2482,1582850000.0
2009-11-11,2482,1598368137.0
2009-11-12,2482,1626300784.0
2009-11-13,2482,1607679019.0
2009-11-16,2482,1623197156.0
2009-11-17,2482,1601471764.0
2009-11-18,2482,1601471764.0
2009-11-19,2482,1713202352.0
2009-11-20,2482,1675958823.0
2009-11-23,2482,1688373333.0
2009-11-24,2482,1663544313.0
2009-11-25,2482,1685269705.0
2009-11-26,2482,1669751568.0
2009-11-27,2482,1626300784.0
2009-11-30,2482,1592160882.0
2009-12-01,2482,1623197156.0
2009-12-02,2482,1564228235.0
2009-12-03,2482,1570435490.0
2009-12-04,2482,1564228235.0
2009-12-07,2482,1585953627.0
2009-12-08,2482,1576642745.0
2009-12-09,2482,1685269705.0
2009-12-10,2482,1685269705.0
2009-12-11,2482,1706995098.0
2009-12-14,2482,1666647941.0
2009-12-15,2482,1694580588.0
2009-12-16,2482,1812518431.0
2009-12-17,2482,1936663529.0
2009-12-18,2482,1871487352.0
2009-12-21,2482,1843554705.0
2009-12-22,2482,1874590980.0
2009-12-23,2482,1834243823.0
2009-12-24,2482,1781482156.0
2009-12-25,2482,1806311176.0
2009-12-28,2482,1787689411.0
2009-12-29,2482,1815622058.0
2009-12-30,2482,1806311176.0
2009-12-31,2482,1818725686.0
2010-01-04,2482,1762860392.0
2010-01-05,2482,1716305980.0
2010-01-06,2482,1725616862.0
2010-01-07,2482,1669751568.0
2010-01-08,2482,1632508039.0
2010-01-11,2482,1669751568.0
2010-01-12,2482,1663544313.0
2010-01-13,2482,1697684215.0
2010-01-14,2482,1716305980.0
2010-01-15,2482,1738031372.0
2010-01-18,2482,1703891470.0
2010-01-19,2482,1703891470.0
2010-01-20,2482,1675958823.0
2010-01-21,2482,1682166078.0
2010-01-22,2482,1623197156.0
2010-01-25,2482,1660440686.0
2010-01-26,2482,1545606470.0
2010-01-27,2482,1502155686.0
2010-01-28,2482,1495948431.0
2010-01-29,2482,1471119411.0
2010-02-01,2482,1452497647.0
2010-02-02,2482,1446290392.0
2010-02-03,2482,1446290392.0
2010-02-04,2482,1443186764.0
2010-02-05,2482,1350077941.0
2010-02-08,2482,1225932843.0
2010-02-09,2482,1309730784.0
2010-02-10,2482,1350077941.0
2010-02-22,2482,1365596078.0
2010-02-23,2482,1365596078.0
2010-02-24,2482,1368699705.0
2010-02-25,2482,1350077941.0
2010-02-26,2482,1356285196.0
2010-03-01,2482,1390425098.0
2010-03-02,2482,1381114215.0
2010-03-03,2482,1374906960.0
2010-03-04,2482,1346974313.0
2010-03-05,2482,1371803333.0
2010-03-08,2482,1464912156.0
2010-03-09,2482,1499052058.0
2010-03-10,2482,1502155686.0
2010-03-11,2482,1489741176.0
2010-03-12,2482,1464912156.0
2010-03-15,2482,1464912156.0
2010-03-16,2482,1489741176.0
2010-03-17,2482,1502155686.0
2010-03-18,2482,1502155686.0
2010-03-19,2482,1548710098.0
2010-03-22,2482,1517673823.0
2010-03-23,2482,1505259313.0
2010-03-24,2482,1502155686.0
2010-03-25,2482,1604575392.0
2010-03-26,2482,1644922549.0
2010-03-29,2482,1632508039.0
2010-03-30,2482,1651129803.0
2010-03-31,2482,1589057254.0
2010-04-01,2482,1592160882.0
2010-04-02,2482,1582850000.0
2010-04-06,2482,1626300784.0
2010-04-07,2482,1663544313.0
2010-04-08,2482,1651129803.0
2010-04-09,2482,1688373333.0
2010-04-12,2482,1731824117.0
2010-04-13,2482,1719409607.0
2010-04-14,2482,1666647941.0
2010-04-15,2482,1651129803.0
2010-04-16,2482,1663544313.0
2010-04-19,2482,1582850000.0
2010-04-20,2482,1551813725.0
2010-04-21,2482,1595264509.0
2010-04-22,2482,1604575392.0
2010-04-23,2482,1582850000.0
2010-04-26,2482,1582850000.0
2010-04-27,2482,1657337058.0
2010-04-28,2482,1623197156.0
2010-04-29,2482,1607679019.0
2010-04-30,2482,1564228235.0
2010-05-03,2482,1492844803.0
2010-05-04,2482,1468015784.0
2010-05-05,2482,1365596078.0
2010-05-06,2482,1350077941.0
2010-05-07,2482,1346974313.0
2010-05-10,2482,1396632353.0
2010-05-11,2482,1365596078.0
2010-05-12,2482,1384217843.0
2010-05-13,2482,1393528725.0
2010-05-14,2482,1396632353.0
2010-05-17,2482,1387321470.0
2010-05-18,2482,1362492451.0
2010-05-19,2482,1346974313.0
2010-05-20,2482,1353181568.0
2010-05-21,2482,1260072745.0
2010-05-24,2482,1256969117.0
2010-05-25,2482,1170067549.0
2010-05-26,2482,1148342157.0
2010-05-27,2482,1216621960.0
2010-05-28,2482,1219725588.0
2010-05-31,2482,1241450980.0
2010-06-01,2482,1225932843.0
2010-06-02,2482,1232140098.0
2010-06-03,2482,1256969117.0
2010-06-04,2482,1253865490.0
2010-06-07,2482,1225932843.0
2010-06-08,2482,1219725588.0
2010-06-09,2482,1188689313.0
2010-06-10,2482,1191792941.0
2010-06-11,2482,1198000196.0
2010-06-14,2482,1235243725.0
2010-06-15,2482,1319041666.0
2010-06-17,2482,1409046862.0
2010-06-18,2482,1402839607.0
2010-06-21,2482,1371803333.0
2010-06-22,2482,1371803333.0
2010-06-23,2482,1365596078.0
2010-06-24,2482,1371803333.0
2010-06-25,2482,1334559804.0
2010-06-28,2482,1334559804.0
2010-06-29,2482,1312834411.0
2010-06-30,2482,1272487255.0
2010-07-01,2482,1244554607.0
2010-07-02,2482,1247658235.0
2010-07-05,2482,1260072745.0
2010-07-06,2482,1275590882.0
2010-07-07,2482,1306627156.0
2010-07-08,2482,1319041666.0
2010-07-09,2482,1319041666.0
2010-07-12,2482,1319041666.0
2010-07-13,2482,1325248921.0
2010-07-14,2482,1331456176.0
2010-07-15,2482,1346974313.0
2010-07-16,2482,1322145294.0
2010-07-19,2482,1281798137.0
2010-07-20,2482,1278694509.0
2010-07-21,2482,1272487255.0
2010-07-22,2482,1275590882.0
2010-07-23,2482,1297316274.0
2010-07-26,2482,1297316274.0
2010-07-27,2482,1291109019.0
2010-07-28,2482,1328352549.0
2010-07-29,2482,1322145294.0
2010-07-30,2482,1325248921.0
2010-08-02,2482,1325248921.0
2010-08-03,2482,1312834411.0
2010-08-04,2482,1328352549.0
2010-08-05,2482,1343870686.0
2010-08-06,2482,1340767058.0
2010-08-09,2482,1315938039.0
2010-08-10,2482,1300419902.0
2010-08-11,2482,1297316274.0
2010-08-12,2482,1291109019.0
2010-08-13,2482,1306627156.0
2010-08-16,2482,1319041666.0
2010-08-17,2482,1312834411.0
2010-08-18,2482,1319041666.0
2010-08-19,2482,1334559804.0
2010-08-20,2482,1427668627.0
2010-08-23,2482,1471119411.0
2010-08-24,2482,1436979509.0
2010-08-25,2482,1390425098.0
2010-08-26,2482,1325248921.0
2010-08-27,2482,1340767058.0
2010-08-30,2482,1284901764.0
2010-08-31,2482,1219725588.0
2010-09-01,2482,1210414706.0
2010-09-02,2482,1250761862.0
2010-09-03,2482,1253865490.0
2010-09-06,2482,1272487255.0
2010-09-07,2482,1284901764.0
2010-09-08,2482,1210414706.0
2010-09-09,2482,1216621960.0
2010-09-10,2482,1216621960.0
2010-09-13,2482,1222829215.0
2010-09-14,2482,1256969117.0
2010-09-15,2482,1263176372.0
2010-09-16,2482,1235243725.0
2010-09-17,2482,1235243725.0
2010-09-20,2482,1241450980.0
2010-09-21,2482,1235243725.0
2010-09-23,2482,1229036470.0
2010-09-24,2482,1235243725.0
2010-09-27,2482,1253865490.0
2010-09-28,2482,1244554607.0
2010-09-29,2482,1238347353.0
2010-09-30,2482,1225932843.0
2010-10-01,2482,1229036470.0
2010-10-04,2482,1229036470.0
2010-10-05,2482,1198000196.0
2010-10-06,2482,1179378431.0
2010-10-07,2482,1194896568.0
2010-10-08,2482,1179378431.0
2010-10-11,2482,1176274804.0
2010-10-12,2482,1163860294.0
2010-10-13,2482,1179378431.0
2010-10-14,2482,1191792941.0
2010-10-15,2482,1163860294.0
2010-10-18,2482,1154549411.0
2010-10-19,2482,1139031274.0
2010-10-20,2482,1148342157.0
2010-10-21,2482,1132824019.0
2010-10-22,2482,1135927647.0
2010-10-25,2482,1145238529.0
2010-10-26,2482,1163860294.0
2010-10-27,2482,1166963921.0
2010-10-28,2482,1173171176.0
2010-10-29,2482,1148342157.0
2010-11-01,2482,1145238529.0
2010-11-02,2482,1114202255.0
2010-11-03,2482,1036611568.0
2010-11-04,2482,1024197059.0
2010-11-05,2482,1011782549.0
2010-11-08,2482,980746274.0
2010-11-09,2482,999368039.0
2010-11-10,2482,993160784.0
2010-11-11,2482,1021093431.0
2010-11-12,2482,1005575294.0
2010-11-15,2482,999368039.0
2010-11-16,2482,990057157.0
2010-11-17,2482,1017989804.0
2010-11-18,2482,1024197059.0
2010-11-19,2482,1024197059.0
2010-11-22,2482,1011782549.0
2010-11-23,2482,996264411.0
2010-11-24,2482,1021093431.0
2010-11-25,2482,1002471666.0
2010-11-26,2482,1008678921.0
2010-11-29,2482,1008678921.0
2010-11-30,2482,1005575294.0
2010-12-01,2482,1021093431.0
2010-12-02,2482,1030404313.0
2010-12-03,2482,1039715196.0
2010-12-06,2482,1021093431.0
2010-12-07,2482,1027300686.0
2010-12-08,2482,1045922451.0
2010-12-09,2482,1055233333.0
2010-12-10,2482,1126616764.0
2010-12-13,2482,1126616764.0
2010-12-14,2482,1092476862.0
2010-12-15,2482,1073855098.0
2010-12-16,2482,1101787745.0
2010-12-17,2482,1107995000.0
2010-12-20,2482,1104891372.0
2010-12-21,2482,1101787745.0
2010-12-22,2482,1120409509.0
2010-12-23,2482,1114202255.0
2010-12-24,2482,1107995000.0
2010-12-27,2482,1095580490.0
2010-12-28,2482,1095580490.0
2010-12-29,2482,1114202255.0
2010-12-30,2482,1101787745.0
2010-12-31,2482,1080062353.0
2011-01-03,2482,1080062353.0
2011-01-04,2482,1104891372.0
2011-01-05,2482,1095580490.0
2011-01-06,2482,1095580490.0
2011-01-07,2482,1089373235.0
2011-01-10,2482,1095580490.0
2011-01-11,2482,1095580490.0
2011-01-12,2482,1092476862.0
2011-01-13,2482,1086269608.0
2011-01-14,2482,1098684117.0
2011-01-17,2482,1092476862.0
2011-01-18,2482,1076958725.0
2011-01-19,2482,1080062353.0
2011-01-20,2482,1086269608.0
2011-01-21,2482,1086269608.0
2011-01-24,2482,1086269608.0
2011-01-25,2482,1080062353.0
2011-01-26,2482,1086269608.0
2011-01-27,2482,1076958725.0
2011-01-28,2482,1067647843.0
2011-02-08,2482,1055233333.0
2011-02-09,2482,1055233333.0
2011-02-10,2482,1045922451.0
2011-02-11,2482,977642647.0
2011-02-14,2482,1002471666.0
2011-02-15,2482,1021093431.0
2011-02-16,2482,1024197059.0
2011-02-17,2482,1030404313.0
2011-02-18,2482,1030404313.0
2011-02-21,2482,1017989804.0
2011-02-22,2482,993160784.0
2011-02-23,2482,986953529.0
2011-02-24,2482,974539019.0
2011-02-25,2482,1005575294.0
2011-03-01,2482,1024197059.0
2011-03-02,2482,1042818823.0
2011-03-03,2482,1055233333.0
2011-03-04,2482,1052129706.0
2011-03-07,2482,1039715196.0
2011-03-08,2482,1033507941.0
2011-03-09,2482,1030404313.0
2011-03-10,2482,1039715196.0
2011-03-11,2482,1036611568.0
2011-03-14,2482,986953529.0
2011-03-15,2482,940399117.0
2011-03-16,2482,918673725.0
2011-03-17,2482,918673725.0
2011-03-18,2482,934191862.0
2011-03-21,2482,946606372.0
2011-03-22,2482,946606372.0
2011-03-23,2482,959020882.0
2011-03-24,2482,971435392.0
2011-03-25,2482,971435392.0
2011-03-28,2482,955917255.0
2011-03-29,2482,943502745.0
2011-03-30,2482,949710000.0
2011-03-31,2482,999368039.0
2011-04-01,2482,993160784.0
2011-04-06,2482,968331764.0
2011-04-07,2482,971435392.0
2011-04-08,2482,968331764.0
2011-04-11,2482,962124510.0
2011-04-12,2482,962124510.0
2011-04-13,2482,955917255.0
2011-04-14,2482,968331764.0
2011-04-15,2482,952813627.0
2011-04-18,2482,955917255.0
2011-04-19,2482,943502745.0
2011-04-20,2482,968331764.0
2011-04-21,2482,983849902.0
2011-04-22,2482,986953529.0
2011-04-25,2482,983849902.0
2011-04-26,2482,983849902.0
2011-04-27,2482,986953529.0
2011-04-28,2482,1027300686.0
2011-04-29,2482,1021093431.0
2011-05-03,2482,1014886176.0
2011-05-04,2482,999368039.0
2011-05-05,2482,996264411.0
2011-05-06,2482,999368039.0
2011-05-09,2482,993160784.0
2011-05-10,2482,996264411.0
2011-05-11,2482,1008678921.0
2011-05-12,2482,1005575294.0
2011-05-13,2482,1011782549.0
2011-05-16,2482,1011782549.0
2011-05-17,2482,1002471666.0
2011-05-18,2482,980746274.0
2011-05-19,2482,949710000.0
2011-05-20,2482,937295490.0
2011-05-23,2482,915570098.0
2011-05-24,2482,924880980.0
2011-05-25,2482,921777353.0
2011-05-26,2482,927984608.0
2011-05-27,2482,940399117.0
2011-05-30,2482,931088235.0
2011-05-31,2482,980746274.0
2011-06-01,2482,986953529.0
2011-06-02,2482,965228137.0
2011-06-03,2482,965228137.0
2011-06-07,2482,952813627.0
2011-06-08,2482,955917255.0
2011-06-09,2482,952813627.0
2011-06-10,2482,937295490.0
2011-06-13,2482,931088235.0
2011-06-14,2482,927984608.0
2011-06-15,2482,924880980.0
2011-06-16,2482,900051961.0
2011-06-17,2482,893844706.0
2011-06-20,2482,878326568.0
2011-06-21,2482,831772157.0
2011-06-22,2482,850393921.0
2011-06-23,2482,819357647.0
2011-06-24,2482,825564902.0
2011-06-27,2482,825564902.0
2011-06-28,2482,859704804.0
2011-06-29,2482,872119313.0
2011-06-30,2482,859704804.0
2011-07-01,2482,862808431.0
2011-07-04,2482,850393921.0
2011-07-05,2482,831772157.0
2011-07-06,2482,825564902.0
2011-07-07,2482,831772157.0
2011-07-08,2482,831772157.0
2011-07-11,2482,819357647.0
2011-07-12,2482,785217745.0
2011-07-13,2482,775906863.0
2011-07-14,2482,763492353.0
2011-07-15,2482,791425000.0
2011-07-18,2482,769699608.0
2011-07-19,2482,775906863.0
2011-07-20,2482,794528627.0
2011-07-21,2482,785217745.0
2011-07-22,2482,819357647.0
2011-07-25,2482,813150392.0
2011-07-26,2482,825564902.0
2011-07-27,2482,834875784.0
2011-07-28,2482,844186666.0
2011-07-29,2482,825564902.0
2011-08-01,2482,834875784.0
2011-08-02,2482,819357647.0
2011-08-03,2482,797632255.0
2011-08-04,2482,791425000.0
2011-08-05,2482,738663333.0
2011-08-08,2482,707627059.0
2011-08-09,2482,682798039.0
2011-08-10,2482,701419804.0
2011-08-11,2482,679694412.0
2011-08-12,2482,685901666.0
2011-08-15,2482,704523431.0
2011-08-16,2482,707627059.0
2011-08-17,2482,723145196.0
2011-08-18,2482,716937941.0
2011-08-19,2482,670383529.0
2011-08-22,2482,639347255.0
2011-08-23,2482,654865392.0
2011-08-24,2482,648658137.0
2011-08-25,2482,636243627.0
2011-08-26,2482,633140000.0
2011-08-29,2482,633140000.0
2011-08-30,2482,642450882.0
2011-08-31,2482,670383529.0
2011-09-01,2482,673487157.0
2011-09-02,2482,657969019.0
2011-09-05,2482,648658137.0
2011-09-06,2482,636243627.0
2011-09-07,2482,636243627.0
2011-09-08,2482,642450882.0
2011-09-09,2482,676590784.0
2011-09-13,2482,661072647.0
2011-09-14,2482,651761765.0
2011-09-15,2482,661072647.0
2011-09-16,2482,673487157.0
2011-09-19,2482,673487157.0
2011-09-20,2482,689005294.0
2011-09-21,2482,704523431.0
2011-09-22,2482,689005294.0
2011-09-23,2482,661072647.0
2011-09-26,2482,642450882.0
2011-09-27,2482,642450882.0
2011-09-28,2482,682798039.0
2011-09-29,2482,713834314.0
2011-09-30,2482,757285098.0
2011-10-03,2482,744870588.0
2011-10-04,2482,760388725.0
2011-10-05,2482,806943137.0
2011-10-06,2482,788321372.0
2011-10-07,2482,738663333.0
2011-10-11,2482,744870588.0
2011-10-12,2482,782114117.0
2011-10-13,2482,769699608.0
2011-10-14,2482,744870588.0
2011-10-17,2482,738663333.0
2011-10-18,2482,710730686.0
2011-10-19,2482,726248823.0
2011-10-20,2482,741766961.0
2011-10-21,2482,744870588.0
2011-10-24,2482,775906863.0
2011-10-25,2482,757285098.0
2011-10-26,2482,757285098.0
2011-10-27,2482,757285098.0
2011-10-28,2482,738663333.0
2011-10-31,2482,738663333.0
2011-11-01,2482,744870588.0
2011-11-02,2482,732456078.0
2011-11-03,2482,720041568.0
2011-11-04,2482,735559706.0
2011-11-07,2482,735559706.0
2011-11-08,2482,735559706.0
2011-11-09,2482,738663333.0
2011-11-10,2482,710730686.0
2011-11-11,2482,723145196.0
2011-11-14,2482,769699608.0
2011-11-15,2482,775906863.0
2011-11-16,2482,751077843.0
2011-11-17,2482,772803235.0
2011-11-18,2482,779010490.0
2011-11-21,2482,757285098.0
2011-11-22,2482,710730686.0
2011-11-23,2482,667279902.0
2011-11-24,2482,654865392.0
2011-11-25,2482,642450882.0
2011-11-28,2482,636243627.0
2011-11-29,2482,651761765.0
2011-11-30,2482,642450882.0
2011-12-01,2482,648658137.0
2011-12-02,2482,657969019.0
2011-12-05,2482,657969019.0
2011-12-06,2482,633140000.0
2011-12-07,2482,636243627.0
2011-12-08,2482,623829117.0
2011-12-09,2482,611414608.0
2011-12-12,2482,613897510.0
2011-12-13,2482,617621863.0
2011-12-14,2482,630036372.0
2011-12-15,2482,626932745.0
2011-12-16,2482,626932745.0
2011-12-19,2482,615138961.0
2011-12-20,2482,607069529.0
2011-12-21,2482,633140000.0
2011-12-22,2482,620725490.0
2011-12-23,2482,639347255.0
2011-12-26,2482,633140000.0
2011-12-27,2482,626932745.0
2011-12-28,2482,626932745.0
2011-12-29,2482,623829117.0
2011-12-30,2482,620725490.0
2012-01-02,2482,620104765.0
2012-01-03,2482,620725490.0
2012-01-04,2482,620725490.0
2012-01-05,2482,630036372.0
2012-01-06,2482,630036372.0
2012-01-09,2482,642450882.0
2012-01-10,2482,645554510.0
2012-01-11,2482,633140000.0
2012-01-12,2482,620725490.0
2012-01-13,2482,620725490.0
2012-01-16,2482,626932745.0
2012-01-17,2482,636243627.0
2012-01-18,2482,623829117.0
2012-01-30,2482,642450882.0
2012-01-31,2482,670383529.0
2012-02-01,2482,698316176.0
2012-02-02,2482,707627059.0
2012-02-03,2482,716937941.0
2012-02-06,2482,720041568.0
2012-02-07,2482,726248823.0
2012-02-08,2482,738663333.0
2012-02-09,2482,772803235.0
2012-02-10,2482,757285098.0
2012-02-13,2482,757285098.0
2012-02-14,2482,747974215.0
2012-02-15,2482,757285098.0
2012-02-16,2482,754181470.0
2012-02-17,2482,754181470.0
2012-02-20,2482,754181470.0
2012-02-21,2482,741766961.0
2012-02-22,2482,747974215.0
2012-02-23,2482,744870588.0
2012-02-24,2482,763492353.0
2012-02-29,2482,816254019.0
2012-03-01,2482,794528627.0
2012-03-02,2482,791425000.0
2012-03-05,2482,769699608.0
2012-03-06,2482,763492353.0
2012-03-07,2482,766595980.0
2012-03-08,2482,757285098.0
2012-03-09,2482,751077843.0
2012-03-12,2482,754181470.0
2012-03-13,2482,751077843.0
2012-03-14,2482,751077843.0
2012-03-15,2482,751077843.0
2012-03-16,2482,754181470.0
2012-03-19,2482,754181470.0
2012-03-20,2482,754181470.0
2012-03-21,2482,751077843.0
2012-03-22,2482,744870588.0
2012-03-23,2482,744870588.0
2012-03-26,2482,732456078.0
2012-03-27,2482,738663333.0
2012-03-28,2482,726248823.0
2012-03-29,2482,720041568.0
2012-03-30,2482,710730686.0
2012-04-02,2482,685901666.0
2012-04-03,2482,676590784.0
2012-04-05,2482,648658137.0
2012-04-06,2482,673487157.0
2012-04-09,2482,667279902.0
2012-04-10,2482,661072647.0
2012-04-11,2482,670383529.0
2012-04-12,2482,657969019.0
2012-04-13,2482,661072647.0
2012-04-16,2482,664176274.0
2012-04-17,2482,661072647.0
2012-04-18,2482,648658137.0
2012-04-19,2482,657969019.0
2012-04-20,2482,645554510.0
2012-04-23,2482,642450882.0
2012-04-24,2482,639347255.0
2012-04-25,2482,648658137.0
2012-04-26,2482,645554510.0
2012-04-27,2482,633140000.0
2012-04-30,2482,630036372.0
2012-05-02,2482,648658137.0
2012-05-03,2482,639347255.0
2012-05-04,2482,639347255.0
2012-05-07,2482,630036372.0
2012-05-08,2482,648658137.0
2012-05-09,2482,661072647.0
2012-05-10,2482,651761765.0
2012-05-11,2482,648658137.0
2012-05-14,2482,636243627.0
2012-05-15,2482,642450882.0
2012-05-16,2482,633140000.0
2012-05-17,2482,633140000.0
2012-05-18,2482,626932745.0
2012-05-21,2482,620725490.0
2012-05-22,2482,623829117.0
2012-05-23,2482,626932745.0
2012-05-24,2482,620725490.0
2012-05-25,2482,620104765.0
2012-05-28,2482,620725490.0
2012-05-29,2482,626932745.0
2012-05-30,2482,620725490.0
2012-05-31,2482,623829117.0
2012-06-01,2482,620725490.0
2012-06-04,2482,613897510.0
2012-06-05,2482,613897510.0
2012-06-06,2482,626932745.0
2012-06-07,2482,626932745.0
2012-06-08,2482,626932745.0
2012-06-11,2482,636243627.0
2012-06-12,2482,620725490.0
2012-06-13,2482,620725490.0
2012-06-14,2482,612656059.0
2012-06-15,2482,620725490.0
2012-06-18,2482,623829117.0
2012-06-19,2482,623829117.0
2012-06-20,2482,615759686.0
2012-06-21,2482,618863314.0
2012-06-22,2482,623829117.0
2012-06-25,2482,620725490.0
2012-06-26,2482,614518235.0
2012-06-27,2482,611414608.0
2012-06-28,2482,611414608.0
2012-06-29,2482,611414608.0
2012-07-02,2482,612035333.0
2012-07-03,2482,614518235.0
2012-07-04,2482,626932745.0
2012-07-05,2482,633140000.0
2012-07-06,2482,620725490.0
2012-07-09,2482,620725490.0
2012-07-10,2482,614518235.0
2012-07-11,2482,623829117.0
2012-07-12,2482,620725490.0
2012-07-13,2482,620725490.0
2012-07-16,2482,620725490.0
2012-07-17,2482,612656059.0
2012-07-18,2482,599000098.0
2012-07-19,2482,601483000.0
2012-07-20,2482,608310980.0
2012-07-23,2482,600241549.0
2012-07-24,2482,608310980.0
2012-07-25,2482,617001137.0
2012-07-26,2482,611414608.0
2012-07-27,2482,620725490.0
2012-07-30,2482,614518235.0
2012-07-31,2482,617621863.0
2012-08-01,2482,618863314.0
2012-08-03,2482,636243627.0
2012-08-06,2482,623829117.0
2012-08-07,2482,615138961.0
2012-08-08,2482,623829117.0
2012-08-09,2482,626932745.0
2012-08-10,2482,630036372.0
2012-08-13,2482,626932745.0
2012-08-14,2482,617621863.0
2012-08-15,2482,616380412.0
2012-08-16,2482,616380412.0
2012-08-17,2482,618242588.0
2012-08-20,2482,612035333.0
2012-08-21,2482,623829117.0
2012-08-22,2482,633140000.0
2012-08-23,2482,642450882.0
2012-08-24,2482,651761765.0
2012-08-27,2482,623829117.0
2012-08-28,2482,614518235.0
2012-08-29,2482,614518235.0
2012-08-30,2482,616380412.0
2012-08-31,2482,618242588.0
2012-09-03,2482,619484039.0
2012-09-04,2482,618242588.0
2012-09-05,2482,618863314.0
2012-09-06,2482,620725490.0
2012-09-07,2482,620725490.0
2012-09-10,2482,626932745.0
2012-09-11,2482,636243627.0
2012-09-12,2482,642450882.0
2012-09-13,2482,682798039.0
2012-09-14,2482,729352451.0
2012-09-17,2482,757285098.0
2012-09-18,2482,751077843.0
2012-09-19,2482,766595980.0
2012-09-20,2482,782114117.0
2012-09-21,2482,782114117.0
2012-09-24,2482,763492353.0
2012-09-25,2482,760388725.0
2012-09-26,2482,741766961.0
2012-09-27,2482,744870588.0
2012-09-28,2482,707627059.0
2012-10-01,2482,716937941.0
2012-10-02,2482,741766961.0
2012-10-03,2482,726248823.0
2012-10-04,2482,723145196.0
2012-10-05,2482,710730686.0
2012-10-08,2482,701419804.0
2012-10-09,2482,664176274.0
2012-10-11,2482,648658137.0
2012-10-12,2482,661072647.0
2012-10-15,2482,661072647.0
2012-10-16,2482,657969019.0
2012-10-17,2482,648658137.0
2012-10-18,2482,651761765.0
2012-10-19,2482,654865392.0
2012-10-22,2482,648658137.0
2012-10-23,2482,648658137.0
2012-10-24,2482,639347255.0
2012-10-25,2482,630036372.0
2012-10-26,2482,626932745.0
2012-10-29,2482,618863314.0
2012-10-30,2482,639347255.0
2012-10-31,2482,636243627.0
2012-11-01,2482,626932745.0
2012-11-02,2482,630036372.0
2012-11-05,2482,617621863.0
2012-11-06,2482,617621863.0
2012-11-07,2482,620104765.0
2012-11-08,2482,619484039.0
2012-11-09,2482,654865392.0
2012-11-12,2482,630036372.0
2012-11-13,2482,636243627.0
2012-11-14,2482,636243627.0
2012-11-15,2482,620725490.0
2012-11-16,2482,620725490.0
2012-11-19,2482,620725490.0
2012-11-20,2482,620725490.0
2012-11-21,2482,620725490.0
2012-11-22,2482,633140000.0
2012-11-23,2482,633140000.0
2012-11-26,2482,626932745.0
2012-11-27,2482,654865392.0
2012-11-28,2482,636243627.0
2012-11-29,2482,633140000.0
2012-11-30,2482,648658137.0
2012-12-03,2482,657969019.0
2012-12-04,2482,661072647.0
2012-12-05,2482,657969019.0
2012-12-06,2482,676590784.0
2012-12-07,2482,673487157.0
2012-12-10,2482,667279902.0
2012-12-11,2482,657969019.0
2012-12-12,2482,651761765.0
2012-12-13,2482,654865392.0
2012-12-14,2482,654865392.0
2012-12-17,2482,642450882.0
2012-12-18,2482,645554510.0
2012-12-19,2482,639347255.0
2012-12-20,2482,636243627.0
2012-12-21,2482,636243627.0
2012-12-24,2482,639347255.0
2012-12-25,2482,645554510.0
2012-12-26,2482,642450882.0
2012-12-27,2482,654865392.0
2012-12-28,2482,673487157.0
2013-01-02,2482,657969019.0
2013-01-03,2482,661072647.0
2013-01-04,2482,673487157.0
2013-01-07,2482,667279902.0
2013-01-08,2482,654865392.0
2013-01-09,2482,651761765.0
2013-01-10,2482,645554510.0
2013-01-11,2482,651761765.0
2013-01-14,2482,651761765.0
2013-01-15,2482,648658137.0
2013-01-16,2482,692108921.0
2013-01-17,2482,685901666.0
2013-01-18,2482,707627059.0
2013-01-21,2482,689005294.0
2013-01-22,2482,704523431.0
2013-01-23,2482,707627059.0
2013-01-24,2482,751077843.0
2013-01-25,2482,747974215.0
2013-01-28,2482,729352451.0
2013-01-29,2482,726248823.0
2013-01-30,2482,738663333.0
2013-01-31,2482,726248823.0
2013-02-01,2482,723145196.0
2013-02-04,2482,707627059.0
2013-02-05,2482,704523431.0
2013-02-06,2482,729352451.0
2013-02-18,2482,720041568.0
2013-02-19,2482,726248823.0
2013-02-20,2482,726248823.0
2013-02-21,2482,732456078.0
2013-02-22,2482,729352451.0
2013-02-25,2482,741766961.0
2013-02-26,2482,723145196.0
2013-02-27,2482,729352451.0
2013-03-01,2482,726248823.0
2013-03-04,2482,723145196.0
2013-03-05,2482,723145196.0
2013-03-06,2482,720041568.0
2013-03-07,2482,729352451.0
2013-03-08,2482,723145196.0
2013-03-11,2482,723145196.0
2013-03-12,2482,735559706.0
2013-03-13,2482,726248823.0
2013-03-14,2482,726248823.0
2013-03-15,2482,720041568.0
2013-03-18,2482,716937941.0
2013-03-19,2482,701419804.0
2013-03-20,2482,707627059.0
2013-03-21,2482,704523431.0
2013-03-22,2482,704523431.0
2013-03-25,2482,707627059.0
2013-03-26,2482,707627059.0
2013-03-27,2482,713834314.0
2013-03-28,2482,713834314.0
2013-03-29,2482,726248823.0
2013-04-01,2482,766595980.0
2013-04-02,2482,741766961.0
2013-04-03,2482,729352451.0
2013-04-08,2482,701419804.0
2013-04-09,2482,695212549.0
2013-04-10,2482,704523431.0
2013-04-11,2482,707627059.0
2013-04-12,2482,710730686.0
2013-04-15,2482,689005294.0
2013-04-16,2482,689005294.0
2013-04-17,2482,707627059.0
2013-04-18,2482,707627059.0
2013-04-19,2482,707627059.0
2013-04-22,2482,704523431.0
2013-04-23,2482,707627059.0
2013-04-24,2482,707627059.0
2013-04-25,2482,704523431.0
2013-04-26,2482,704523431.0
2013-04-29,2482,707627059.0
2013-04-30,2482,701419804.0
2013-05-02,2482,704523431.0
2013-05-03,2482,701419804.0
2013-05-06,2482,698316176.0
2013-05-07,2482,695212549.0
2013-05-08,2482,701419804.0
2013-05-09,2482,689005294.0
2013-05-10,2482,689005294.0
2013-05-13,2482,692108921.0
2013-05-14,2482,689005294.0
2013-05-15,2482,707627059.0
2013-05-16,2482,692108921.0
2013-05-17,2482,701419804.0
2013-05-20,2482,720041568.0
2013-05-21,2482,732456078.0
2013-05-22,2482,729352451.0
2013-05-23,2482,744870588.0
2013-05-24,2482,735559706.0
2013-05-27,2482,726248823.0
2013-05-28,2482,741766961.0
2013-05-29,2482,732456078.0
2013-05-30,2482,732456078.0
2013-05-31,2482,735559706.0
2013-06-03,2482,732456078.0
2013-06-04,2482,732456078.0
2013-06-05,2482,729352451.0
2013-06-06,2482,729352451.0
2013-06-07,2482,738663333.0
2013-06-10,2482,735559706.0
2013-06-11,2482,738663333.0
2013-06-13,2482,735559706.0
2013-06-14,2482,732456078.0
2013-06-17,2482,735559706.0
2013-06-18,2482,732456078.0
2013-06-19,2482,720041568.0
2013-06-20,2482,732456078.0
2013-06-21,2482,732456078.0
2013-06-24,2482,723145196.0
2013-06-25,2482,720041568.0
2013-06-26,2482,732456078.0
2013-06-27,2482,723145196.0
2013-06-28,2482,738663333.0
2013-07-01,2482,744870588.0
2013-07-02,2482,744870588.0
2013-07-03,2482,738663333.0
2013-07-04,2482,735559706.0
2013-07-05,2482,738663333.0
2013-07-08,2482,729352451.0
2013-07-09,2482,732456078.0
2013-07-10,2482,726248823.0
2013-07-11,2482,713834314.0
2013-07-12,2482,713834314.0
2013-07-15,2482,713834314.0
2013-07-16,2482,707627059.0
2013-07-17,2482,716937941.0
2013-07-18,2482,710730686.0
2013-07-19,2482,710730686.0
2013-07-22,2482,720041568.0
2013-07-23,2482,723145196.0
2013-07-24,2482,723145196.0
2013-07-25,2482,716937941.0
2013-07-26,2482,723145196.0
2013-07-29,2482,710730686.0
2013-07-30,2482,716937941.0
2013-07-31,2482,713834314.0
2013-08-01,2482,763492353.0
2013-08-02,2482,816254019.0
2013-08-05,2482,872119313.0
2013-08-06,2482,890741078.0
2013-08-07,2482,887637451.0
2013-08-08,2482,890741078.0
2013-08-09,2482,865912059.0
2013-08-12,2482,828668529.0
2013-08-13,2482,825564902.0
2013-08-14,2482,825564902.0
2013-08-15,2482,797632255.0
2013-08-16,2482,785217745.0
2013-08-19,2482,806943137.0
2013-08-20,2482,806943137.0
2013-08-22,2482,800735882.0
2013-08-23,2482,803839510.0
2013-08-26,2482,794528627.0
2013-08-27,2482,791425000.0
2013-08-28,2482,800735882.0
2013-08-29,2482,797632255.0
2013-08-30,2482,785217745.0
2013-09-02,2482,785217745.0
2013-09-03,2482,791425000.0
2013-09-04,2482,782114117.0
2013-09-05,2482,791425000.0
2013-09-06,2482,797632255.0
2013-09-09,2482,785217745.0
2013-09-10,2482,782114117.0
2013-09-11,2482,788321372.0
2013-09-12,2482,782114117.0
2013-09-13,2482,834875784.0
2013-09-16,2482,850393921.0
2013-09-17,2482,822461274.0
2013-09-18,2482,831772157.0
2013-09-23,2482,819357647.0
2013-09-24,2482,819357647.0
2013-09-25,2482,831772157.0
2013-09-26,2482,816254019.0
2013-09-27,2482,850393921.0
2013-09-30,2482,856601176.0
2013-10-01,2482,847290294.0
2013-10-02,2482,847290294.0
2013-10-03,2482,831772157.0
2013-10-04,2482,837979412.0
2013-10-07,2482,865912059.0
2013-10-08,2482,847290294.0
2013-10-09,2482,844186666.0
2013-10-11,2482,841083039.0
2013-10-14,2482,831772157.0
2013-10-15,2482,819357647.0
2013-10-16,2482,837979412.0
2013-10-17,2482,850393921.0
2013-10-18,2482,844186666.0
2013-10-21,2482,850393921.0
2013-10-22,2482,847290294.0
2013-10-23,2482,856601176.0
2013-10-24,2482,850393921.0
2013-10-25,2482,850393921.0
2013-10-28,2482,859704804.0
2013-10-29,2482,869015686.0
2013-10-30,2482,927984608.0
2013-10-31,2482,990057157.0
2013-11-01,2482,1011782549.0
2013-11-04,2482,1030404313.0
2013-11-05,2482,996264411.0
2013-11-07,2482,986953529.0
2013-11-08,2482,965228137.0
2013-11-11,2482,962124510.0
2013-11-12,2482,980746274.0
2013-11-13,2482,974539019.0
2013-11-14,2482,909362843.0
2013-11-15,2482,909362843.0
2013-11-18,2482,971435392.0
2013-11-19,2482,980746274.0
2013-11-20,2482,1005575294.0
2013-11-21,2482,986953529.0
2013-11-22,2482,971435392.0
2013-11-25,2482,993160784.0
2013-11-26,2482,993160784.0
2013-11-27,2482,1005575294.0
2013-11-28,2482,1011782549.0
2013-11-29,2482,1080062353.0
2013-12-02,2482,1076958725.0
2013-12-03,2482,1049026078.0
2013-12-04,2482,1061440588.0
2013-12-05,2482,1033507941.0
2013-12-06,2482,1014886176.0
2013-12-09,2482,993160784.0
2013-12-10,2482,1011782549.0
2013-12-11,2482,1014886176.0
2013-12-12,2482,1033507941.0
2013-12-13,2482,1030404313.0
2013-12-16,2482,1017989804.0
2013-12-17,2482,1033507941.0
2013-12-18,2482,1027300686.0
2013-12-19,2482,1033507941.0
2013-12-20,2482,1017989804.0
2013-12-23,2482,1011782549.0
2013-12-24,2482,1005575294.0
2013-12-25,2482,983849902.0
2013-12-26,2482,993160784.0
2013-12-27,2482,993160784.0
2013-12-30,2482,1002471666.0
2013-12-31,2482,1002471666.0
2014-01-02,2482,996264411.0
2014-01-03,2482,1045922451.0
2014-01-06,2482,1117305882.0
2014-01-07,2482,1142134902.0
2014-01-08,2482,1111098627.0
2014-01-09,2482,1101787745.0
2014-01-10,2482,1086269608.0
2014-01-13,2482,1055233333.0
2014-01-14,2482,1052129706.0
2014-01-15,2482,1073855098.0
2014-01-16,2482,1055233333.0
2014-01-17,2482,1064544215.0
2014-01-20,2482,1052129706.0
2014-01-21,2482,1052129706.0
2014-01-22,2482,1123513137.0
2014-01-23,2482,1067647843.0
2014-01-24,2482,1073855098.0
2014-01-27,2482,1058336960.0
2014-02-05,2482,1042818823.0
2014-02-06,2482,1049026078.0
2014-02-10,2482,1070751470.0
2014-02-11,2482,1064544215.0
2014-02-12,2482,1049026078.0
2014-02-13,2482,1064544215.0
2014-02-14,2482,1030404313.0
2014-02-17,2482,999368039.0
2014-02-18,2482,1008678921.0
2014-02-19,2482,980746274.0
2014-02-20,2482,959020882.0
2014-02-21,2482,965228137.0
2014-02-24,2482,971435392.0
2014-02-25,2482,1036611568.0
2014-02-26,2482,1011782549.0
2014-02-27,2482,1042818823.0
2014-03-03,2482,971435392.0
2014-03-04,2482,971435392.0
2014-03-05,2482,968331764.0
2014-03-06,2482,971435392.0
2014-03-07,2482,977642647.0
2014-03-10,2482,980746274.0
2014-03-11,2482,974539019.0
2014-03-12,2482,968331764.0
2014-03-13,2482,983849902.0
2014-03-14,2482,974539019.0
2014-03-17,2482,974539019.0
2014-03-18,2482,974539019.0
2014-03-19,2482,959020882.0
2014-03-20,2482,959020882.0
2014-03-21,2482,959020882.0
2014-03-24,2482,937295490.0
2014-03-25,2482,943502745.0
2014-03-26,2482,943502745.0
2014-03-27,2482,943502745.0
2014-03-28,2482,924880980.0
2014-03-31,2482,937295490.0
2014-04-01,2482,943502745.0
2014-04-02,2482,940399117.0
2014-04-03,2482,931088235.0
2014-04-07,2482,924880980.0
2014-04-08,2482,900051961.0
2014-04-09,2482,878326568.0
2014-04-10,2482,881430196.0
2014-04-11,2482,872119313.0
2014-04-14,2482,869015686.0
2014-04-15,2482,862808431.0
2014-04-16,2482,862808431.0
2014-04-17,2482,869015686.0
2014-04-18,2482,875222941.0
2014-04-21,2482,875222941.0
2014-04-22,2482,884533823.0
2014-04-23,2482,890741078.0
2014-04-24,2482,875222941.0
2014-04-25,2482,816254019.0
2014-04-28,2482,810046764.0
2014-04-29,2482,862808431.0
2014-04-30,2482,837979412.0
2014-05-02,2482,869015686.0
2014-05-05,2482,862808431.0
2014-05-06,2482,896948333.0
2014-05-07,2482,890741078.0
2014-05-08,2482,884533823.0
2014-05-09,2482,878326568.0
2014-05-12,2482,878326568.0
2014-05-13,2482,878326568.0
2014-05-14,2482,875222941.0
2014-05-15,2482,875222941.0
2014-05-16,2482,869015686.0
2014-05-19,2482,869015686.0
2014-05-20,2482,865912059.0
2014-05-21,2482,862808431.0
2014-05-22,2482,869015686.0
2014-05-23,2482,865912059.0
2014-05-26,2482,856601176.0
2014-05-27,2482,847290294.0
2014-05-28,2482,862808431.0
2014-05-29,2482,850393921.0
2014-05-30,2482,850393921.0
2014-06-03,2482,865912059.0
2014-06-04,2482,856601176.0
2014-06-05,2482,890741078.0
2014-06-06,2482,887637451.0
2014-06-09,2482,869015686.0
2014-06-10,2482,865912059.0
2014-06-11,2482,865912059.0
2014-06-12,2482,850393921.0
2014-06-13,2482,831772157.0
2014-06-16,2482,847290294.0
2014-06-17,2482,850393921.0
2014-06-18,2482,847290294.0
2014-06-19,2482,844186666.0
2014-06-20,2482,859704804.0
2014-06-23,2482,844186666.0
2014-06-24,2482,844186666.0
2014-06-25,2482,856601176.0
2014-06-26,2482,844186666.0
2014-06-27,2482,850393921.0
2014-06-30,2482,850393921.0
2014-07-01,2482,850393921.0
2014-07-02,2482,841083039.0
2014-07-03,2482,850393921.0
2014-07-04,2482,841083039.0
2014-07-07,2482,837979412.0
2014-07-08,2482,847290294.0
2014-07-09,2482,837979412.0
2014-07-10,2482,847290294.0
2014-07-11,2482,844186666.0
2014-07-14,2482,841083039.0
2014-07-15,2482,844186666.0
2014-07-16,2482,837979412.0
2014-07-17,2482,847290294.0
2014-07-18,2482,878326568.0
2014-07-21,2482,878326568.0
2014-07-22,2482,878326568.0
2014-07-24,2482,850393921.0
2014-07-25,2482,862808431.0
2014-07-28,2482,869015686.0
2014-07-29,2482,847290294.0
2014-07-30,2482,847290294.0
2014-07-31,2482,853497549.0
2014-08-01,2482,856601176.0
2014-08-04,2482,850393921.0
2014-08-05,2482,847290294.0
2014-08-06,2482,844186666.0
2014-08-07,2482,837979412.0
2014-08-08,2482,853497549.0
2014-08-11,2482,881430196.0
2014-08-12,2482,872119313.0
2014-08-13,2482,872119313.0
2014-08-14,2482,847290294.0
2014-08-15,2482,828668529.0
2014-08-18,2482,825564902.0
2014-08-19,2482,837979412.0
2014-08-20,2482,837979412.0
2014-08-22,2482,853497549.0
2014-08-25,2482,856601176.0
2014-08-26,2482,853497549.0
2014-08-27,2482,853497549.0
2014-08-28,2482,859704804.0
2014-08-29,2482,856601176.0
2014-09-01,2482,850393921.0
2014-09-02,2482,850393921.0
2014-09-03,2482,847290294.0
2014-09-04,2482,850393921.0
2014-09-05,2482,847290294.0
2014-09-09,2482,844186666.0
2014-09-10,2482,847290294.0
2014-09-11,2482,850393921.0
2014-09-12,2482,844186666.0
2014-09-15,2482,859704804.0
2014-09-16,2482,918673725.0
2014-09-17,2482,980746274.0
2014-09-18,2482,1049026078.0
2014-09-19,2482,1042818823.0
2014-09-22,2482,1024197059.0
2014-09-23,2482,1095580490.0
2014-09-24,2482,1021093431.0
2014-09-25,2482,968331764.0
2014-09-26,2482,996264411.0
2014-09-29,2482,974539019.0
2014-09-30,2482,1039715196.0
2014-10-01,2482,1042818823.0
2014-10-02,2482,1017989804.0
2014-10-03,2482,1014886176.0
2014-10-06,2482,1024197059.0
2014-10-07,2482,1095580490.0
2014-10-08,2482,1129720392.0
2014-10-09,2482,1107995000.0
2014-10-13,2482,1123513137.0
2014-10-14,2482,1201103823.0
2014-10-15,2482,1269383627.0
2014-10-16,2482,1356285196.0
2014-10-17,2482,1415254117.0
2014-10-20,2482,1381114215.0
2014-10-21,2482,1359388823.0
2014-10-22,2482,1378010588.0
2014-10-23,2482,1415254117.0
2014-10-24,2482,1486637549.0
2014-10-27,2482,1384217843.0
2014-10-28,2482,1393528725.0
2014-10-29,2482,1371803333.0
2014-10-30,2482,1374906960.0
2014-10-31,2482,1387321470.0
2014-11-03,2482,1346974313.0
2014-11-04,2482,1275590882.0
2014-11-05,2482,1362492451.0
2014-11-06,2482,1455601274.0
2014-11-07,2482,1452497647.0
2014-11-10,2482,1409046862.0
2014-11-11,2482,1418357745.0
2014-11-12,2482,1436979509.0
2014-11-13,2482,1405943235.0
2014-11-14,2482,1368699705.0
2014-11-17,2482,1346974313.0
2014-11-18,2482,1300419902.0
2014-11-19,2482,1337663431.0
2014-11-20,2482,1353181568.0
2014-11-21,2482,1328352549.0
2014-11-24,2482,1312834411.0
2014-11-25,2482,1402839607.0
2014-11-26,2482,1381114215.0
2014-11-27,2482,1346974313.0
2014-11-28,2482,1350077941.0
2014-12-01,2482,1322145294.0
2014-12-02,2482,1331456176.0
2014-12-03,2482,1340767058.0
2014-12-04,2482,1362492451.0
2014-12-05,2482,1353181568.0
2014-12-08,2482,1346974313.0
2014-12-09,2482,1328352549.0
2014-12-10,2482,1328352549.0
2014-12-11,2482,1315938039.0
2014-12-12,2482,1328352549.0
2014-12-15,2482,1322145294.0
2014-12-16,2482,1412150490.0
2014-12-17,2482,1315938039.0
2014-12-18,2482,1297316274.0
2014-12-19,2482,1225932843.0
2014-12-22,2482,1235243725.0
2014-12-23,2482,1229036470.0
2014-12-24,2482,1241450980.0
2014-12-25,2482,1238347353.0
2014-12-26,2482,1250761862.0
2014-12-29,2482,1232140098.0
2014-12-30,2482,1216621960.0
2014-12-31,2482,1198000196.0
2015-01-05,2482,1201103823.0
2015-01-06,2482,1235243725.0
2015-01-07,2482,1250761862.0
2015-01-08,2482,1250761862.0
2015-01-09,2482,1238347353.0
2015-01-12,2482,1198000196.0
2015-01-13,2482,1225932843.0
2015-01-14,2482,1216621960.0
2015-01-15,2482,1201103823.0
2015-01-16,2482,1170067549.0
2015-01-19,2482,1154549411.0
2015-01-20,2482,1166963921.0
2015-01-21,2482,1176274804.0
2015-01-22,2482,1182482058.0
2015-01-23,2482,1179378431.0
2015-01-26,2482,1179378431.0
2015-01-27,2482,1173171176.0
2015-01-28,2482,1160756666.0
2015-01-29,2482,1160756666.0
2015-01-30,2482,1117305882.0
2015-02-02,2482,1080062353.0
2015-02-03,2482,1083165980.0
2015-02-04,2482,1083165980.0
2015-02-05,2482,1083165980.0
2015-02-06,2482,1101787745.0
2015-02-09,2482,1086269608.0
2015-02-10,2482,1101787745.0
2015-02-11,2482,1070751470.0
2015-02-12,2482,1073855098.0
2015-02-13,2482,1086269608.0
2015-02-24,2482,1092476862.0
2015-02-25,2482,1089373235.0
2015-02-26,2482,1163860294.0
2015-03-02,2482,1179378431.0
2015-03-03,2482,1160756666.0
2015-03-04,2482,1163860294.0
2015-03-05,2482,1179378431.0
2015-03-06,2482,1176274804.0
2015-03-09,2482,1163860294.0
2015-03-10,2482,1151445784.0
2015-03-11,2482,1123513137.0
2015-03-12,2482,1132824019.0
2015-03-13,2482,1117305882.0
2015-03-16,2482,1194896568.0
2015-03-17,2482,1275590882.0
2015-03-18,2482,1278694509.0
2015-03-19,2482,1278694509.0
2015-03-20,2482,1263176372.0
2015-03-23,2482,1247658235.0
2015-03-24,2482,1210414706.0
2015-03-25,2482,1216621960.0
2015-03-26,2482,1216621960.0
2015-03-27,2482,1219725588.0
2015-03-30,2482,1201103823.0
2015-03-31,2482,1198000196.0
2015-04-01,2482,1151445784.0
2015-04-02,2482,1117305882.0
2015-04-07,2482,1132824019.0
2015-04-08,2482,1117305882.0
2015-04-09,2482,1114202255.0
2015-04-10,2482,1123513137.0
2015-04-13,2482,1201103823.0
2015-04-14,2482,1235243725.0
2015-04-15,2482,1210414706.0
2015-04-16,2482,1213518333.0
2015-04-17,2482,1238347353.0
2015-04-20,2482,1210414706.0
2015-04-21,2482,1176274804.0
2015-04-22,2482,1166963921.0
2015-04-23,2482,1151445784.0
2015-04-24,2482,1145238529.0
2015-04-27,2482,1151445784.0
2015-04-28,2482,1145238529.0
2015-04-29,2482,1142134902.0
2015-04-30,2482,1142134902.0
2015-05-04,2482,1142134902.0
2015-05-05,2482,1182482058.0
2015-05-06,2482,1163860294.0
2015-05-07,2482,1182482058.0
2015-05-08,2482,1213518333.0
2015-05-11,2482,1129720392.0
2015-05-12,2482,1126616764.0
2015-05-13,2482,1092476862.0
2015-05-14,2482,1089373235.0
2015-05-15,2482,1101787745.0
2015-05-18,2482,1095580490.0
2015-05-19,2482,1142134902.0
2015-05-20,2482,1129720392.0
2015-05-21,2482,1086269608.0
2015-05-22,2482,1092476862.0
2015-05-25,2482,1089373235.0
2015-05-26,2482,1123513137.0
2015-05-27,2482,1111098627.0
2015-05-28,2482,1098684117.0
2015-05-29,2482,1095580490.0
2015-06-01,2482,1089373235.0
2015-06-02,2482,1080062353.0
2015-06-03,2482,1080062353.0
2015-06-04,2482,1049026078.0
2015-06-05,2482,993160784.0
2015-06-08,2482,993160784.0
2015-06-09,2482,893844706.0
2015-06-10,2482,890741078.0
2015-06-11,2482,887637451.0
2015-06-12,2482,887637451.0
2015-06-15,2482,887637451.0
2015-06-16,2482,884533823.0
2015-06-17,2482,884533823.0
2015-06-18,2482,971435392.0
2015-06-22,2482,921777353.0
2015-06-23,2482,934191862.0
2015-06-24,2482,937295490.0
2015-06-25,2482,952813627.0
2015-06-26,2482,946606372.0
2015-06-29,2482,931088235.0
2015-06-30,2482,1008678921.0
2015-07-01,2482,974539019.0
2015-07-02,2482,983849902.0
2015-07-03,2482,1080062353.0
2015-07-06,2482,1070751470.0
2015-07-07,2482,1154549411.0
2015-07-08,2482,1179378431.0
2015-07-09,2482,1170067549.0
2015-07-13,2482,1179378431.0
2015-07-14,2482,1148342157.0
2015-07-15,2482,1148342157.0
2015-07-16,2482,1185585686.0
2015-07-17,2482,1191792941.0
2015-07-20,2482,1179378431.0
2015-07-21,2482,1129720392.0
2015-07-22,2482,1104891372.0
2015-07-23,2482,1064544215.0
2015-07-24,2482,986953529.0
2015-07-27,2482,980746274.0
2015-07-28,2482,980746274.0
2015-07-29,2482,968331764.0
2015-07-30,2482,962124510.0
2015-07-31,2482,931088235.0
2015-08-03,2482,887637451.0
2015-08-04,2482,875222941.0
2015-08-05,2482,890741078.0
2015-08-06,2482,869015686.0
2015-08-07,2482,872119313.0
2015-08-10,2482,890741078.0
2015-08-11,2482,890741078.0
2015-08-12,2482,893844706.0
2015-08-13,2482,872119313.0
2015-08-14,2482,884533823.0
2015-08-17,2482,875222941.0
2015-08-18,2482,881430196.0
2015-08-19,2482,856601176.0
2015-08-20,2482,869015686.0
2015-08-21,2482,816254019.0
2015-08-24,2482,735559706.0
2015-08-25,2482,676590784.0
2015-08-26,2482,651761765.0
2015-08-27,2482,692108921.0
2015-08-28,2482,713834314.0
2015-08-31,2482,704523431.0
2015-09-01,2482,707627059.0
2015-09-02,2482,695212549.0
2015-09-03,2482,744870588.0
2015-09-04,2482,738663333.0
2015-09-07,2482,738663333.0
2015-09-08,2482,744870588.0
2015-09-09,2482,757285098.0
2015-09-10,2482,751077843.0
2015-09-11,2482,825564902.0
2015-09-14,2482,825564902.0
2015-09-15,2482,810046764.0
2015-09-16,2482,806943137.0
2015-09-17,2482,828668529.0
2015-09-18,2482,828668529.0
2015-09-21,2482,797632255.0
2015-09-22,2482,853497549.0
2015-09-23,2482,810046764.0
2015-09-24,2482,806943137.0
2015-09-25,2482,806943137.0
2015-09-30,2482,813150392.0
2015-10-01,2482,819357647.0
2015-10-02,2482,810046764.0
2015-10-05,2482,834875784.0
2015-10-06,2482,831772157.0
2015-10-07,2482,834875784.0
2015-10-08,2482,834875784.0
2015-10-12,2482,837979412.0
2015-10-13,2482,850393921.0
2015-10-14,2482,837979412.0
2015-10-15,2482,831772157.0
2015-10-16,2482,884533823.0
2015-10-19,2482,862808431.0
2015-10-20,2482,890741078.0
2015-10-21,2482,881430196.0
2015-10-22,2482,903155588.0
2015-10-23,2482,912466470.0
2015-10-26,2482,893844706.0
2015-10-27,2482,875222941.0
2015-10-28,2482,869015686.0
2015-10-29,2482,924880980.0
2015-10-30,2482,896948333.0
2015-11-02,2482,887637451.0
2015-11-03,2482,903155588.0
2015-11-04,2482,909362843.0
2015-11-05,2482,909362843.0
2015-11-06,2482,946606372.0
2015-11-09,2482,912466470.0
2015-11-10,2482,900051961.0
2015-11-11,2482,865912059.0
2015-11-12,2482,865912059.0
2015-11-13,2482,856601176.0
2015-11-16,2482,850393921.0
2015-11-17,2482,847290294.0
2015-11-18,2482,869015686.0
2015-11-19,2482,869015686.0
2015-11-20,2482,862808431.0
2015-11-23,2482,862808431.0
2015-11-24,2482,859704804.0
2015-11-25,2482,837979412.0
2015-11-26,2482,850393921.0
2015-11-27,2482,850393921.0
2015-11-30,2482,844186666.0
2015-12-01,2482,853497549.0
2015-12-02,2482,844186666.0
2015-12-03,2482,875222941.0
2015-12-04,2482,862808431.0
2015-12-07,2482,893844706.0
2015-12-08,2482,853497549.0
2015-12-09,2482,850393921.0
2015-12-10,2482,828668529.0
2015-12-11,2482,831772157.0
2015-12-14,2482,806943137.0
2015-12-15,2482,828668529.0
2015-12-16,2482,844186666.0
2015-12-17,2482,847290294.0
2015-12-18,2482,825564902.0
2015-12-21,2482,831772157.0
2015-12-22,2482,816254019.0
2015-12-23,2482,813150392.0
2015-12-24,2482,813150392.0
2015-12-25,2482,816254019.0
2015-12-28,2482,831772157.0
2015-12-29,2482,813150392.0
2015-12-30,2482,813150392.0
2015-12-31,2482,806943137.0
2016-01-04,2482,785217745.0
2016-01-05,2482,785217745.0
2016-01-06,2482,769699608.0
2016-01-07,2482,738663333.0
2016-01-08,2482,769699608.0
2016-01-11,2482,720041568.0
2016-01-12,2482,716937941.0
2016-01-13,2482,729352451.0
2016-01-14,2482,713834314.0
2016-01-15,2482,716937941.0
2016-01-18,2482,710730686.0
2016-01-19,2482,726248823.0
2016-01-20,2482,707627059.0
2016-01-21,2482,698316176.0
2016-01-22,2482,698316176.0
2016-01-25,2482,701419804.0
2016-01-26,2482,701419804.0
2016-01-27,2482,713834314.0
2016-01-28,2482,729352451.0
2016-01-29,2482,738663333.0
2016-02-01,2482,751077843.0
2016-02-02,2482,754181470.0
2016-02-15,2482,754181470.0
2016-02-16,2482,754181470.0
2016-02-17,2482,754181470.0
2016-02-18,2482,791425000.0
2016-02-19,2482,785217745.0
2016-02-22,2482,785217745.0
2016-02-23,2482,785217745.0
2016-02-24,2482,779010490.0
2016-02-25,2482,779010490.0
2016-02-26,2482,782114117.0
2016-03-01,2482,788321372.0
2016-03-02,2482,785217745.0
2016-03-03,2482,813150392.0
2016-03-04,2482,813150392.0
2016-03-07,2482,816254019.0
2016-03-08,2482,810046764.0
2016-03-09,2482,806943137.0
2016-03-10,2482,813150392.0
2016-03-11,2482,813150392.0
2016-03-14,2482,822461274.0
2016-03-15,2482,797632255.0
2016-03-16,2482,813150392.0
2016-03-17,2482,893844706.0
2016-03-18,2482,980746274.0
2016-03-21,2482,1076958725.0
2016-03-22,2482,1052129706.0
2016-03-23,2482,1089373235.0
2016-03-24,2482,1076958725.0
2016-03-25,2482,971435392.0
2016-03-28,2482,949710000.0
2016-03-29,2482,943502745.0
2016-03-30,2482,962124510.0
2016-03-31,2482,949710000.0
2016-04-01,2482,959020882.0
2016-04-06,2482,931088235.0
2016-04-07,2482,968331764.0
2016-04-08,2482,980746274.0
2016-04-11,2482,952813627.0
2016-04-12,2482,952813627.0
2016-04-13,2482,949710000.0
2016-04-14,2482,924880980.0
2016-04-15,2482,903155588.0
2016-04-18,2482,884533823.0
2016-04-19,2482,875222941.0
2016-04-20,2482,856601176.0
2016-04-21,2482,859704804.0
2016-04-22,2482,853497549.0
2016-04-25,2482,822461274.0
2016-04-26,2482,831772157.0
2016-04-27,2482,828668529.0
2016-04-28,2482,772803235.0
2016-04-29,2482,751077843.0
2016-05-03,2482,763492353.0
2016-05-04,2482,751077843.0
2016-05-05,2482,754181470.0
2016-05-06,2482,744870588.0
2016-05-09,2482,757285098.0
2016-05-10,2482,751077843.0
2016-05-11,2482,744870588.0
2016-05-12,2482,744870588.0
2016-05-13,2482,741766961.0
2016-05-16,2482,747974215.0
2016-05-17,2482,775906863.0
2016-05-18,2482,769699608.0
2016-05-19,2482,763492353.0
2016-05-20,2482,769699608.0
2016-05-23,2482,782114117.0
2016-05-24,2482,785217745.0
2016-05-25,2482,785217745.0
2016-05-26,2482,785217745.0
2016-05-27,2482,816254019.0
2016-05-30,2482,825564902.0
2016-05-31,2482,791425000.0
2016-06-01,2482,806943137.0
2016-06-02,2482,785217745.0
2016-06-03,2482,785217745.0
2016-06-06,2482,797632255.0
2016-06-07,2482,800735882.0
2016-06-08,2482,803839510.0
2016-06-13,2482,794528627.0
2016-06-14,2482,803839510.0
2016-06-15,2482,800735882.0
2016-06-16,2482,800735882.0
2016-06-17,2482,813150392.0
2016-06-20,2482,819357647.0
2016-06-21,2482,816254019.0
2016-06-22,2482,825564902.0
2016-06-23,2482,813150392.0
2016-06-24,2482,813150392.0
2016-06-27,2482,803839510.0
2016-06-28,2482,800735882.0
2016-06-29,2482,822461274.0
2016-06-30,2482,856601176.0
2016-07-01,2482,850393921.0
2016-07-04,2482,878326568.0
2016-07-05,2482,865912059.0
2016-07-06,2482,844186666.0
2016-07-07,2482,844186666.0
2016-07-11,2482,853497549.0
2016-07-12,2482,834875784.0
2016-07-13,2482,847290294.0
2016-07-14,2482,837979412.0
2016-07-15,2482,837979412.0
2016-07-18,2482,850393921.0
2016-07-19,2482,859704804.0
2016-07-20,2482,856601176.0
2016-07-21,2482,859704804.0
2016-07-22,2482,853497549.0
2016-07-25,2482,853497549.0
2016-07-26,2482,865912059.0
2016-07-27,2482,893844706.0
2016-07-28,2482,887637451.0
2016-07-29,2482,869015686.0
2016-08-01,2482,869015686.0
2016-08-02,2482,865912059.0
2016-08-03,2482,865912059.0
2016-08-04,2482,869015686.0
2016-08-05,2482,865912059.0
2016-08-08,2482,859704804.0
2016-08-09,2482,884533823.0
2016-08-10,2482,912466470.0
2016-08-11,2482,887637451.0
2016-08-12,2482,881430196.0
2016-08-15,2482,856601176.0
2016-08-16,2482,856601176.0
2016-08-17,2482,844186666.0
2016-08-18,2482,850393921.0
2016-08-19,2482,844186666.0
2016-08-22,2482,844186666.0
2016-08-23,2482,853497549.0
2016-08-24,2482,850393921.0
2016-08-25,2482,856601176.0
2016-08-26,2482,856601176.0
2016-08-29,2482,856601176.0
2016-08-30,2482,859704804.0
2016-08-31,2482,862808431.0
2016-09-01,2482,847290294.0
2016-09-02,2482,859704804.0
2016-09-05,2482,903155588.0
2016-09-06,2482,875222941.0
2016-09-07,2482,878326568.0
2016-09-08,2482,869015686.0
2016-09-09,2482,869015686.0
2016-09-12,2482,834875784.0
2016-09-13,2482,837979412.0
2016-09-14,2482,847290294.0
2016-09-19,2482,847290294.0
2016-09-20,2482,859704804.0
2016-09-21,2482,859704804.0
2016-09-22,2482,856601176.0
2016-09-23,2482,844186666.0
2016-09-26,2482,853497549.0
2016-09-29,2482,875222941.0
2016-09-30,2482,875222941.0
2016-10-03,2482,865912059.0
2016-10-04,2482,865912059.0
2016-10-05,2482,878326568.0
2016-10-06,2482,893844706.0
2016-10-07,2482,890741078.0
2016-10-11,2482,878326568.0
2016-10-12,2482,881430196.0
2016-10-13,2482,875222941.0
2016-10-14,2482,853497549.0
2016-10-17,2482,834875784.0
2016-10-18,2482,837979412.0
2016-10-19,2482,841083039.0
2016-10-20,2482,850393921.0
2016-10-21,2482,853497549.0
2016-10-24,2482,853497549.0
2016-10-25,2482,856601176.0
2016-10-26,2482,841083039.0
2016-10-27,2482,850393921.0
2016-10-28,2482,844186666.0
2016-10-31,2482,844186666.0
2016-11-01,2482,844186666.0
2016-11-02,2482,831772157.0
2016-11-03,2482,837979412.0
2016-11-04,2482,834875784.0
2016-11-07,2482,834875784.0
2016-11-08,2482,831772157.0
2016-11-09,2482,794528627.0
2016-11-10,2482,819357647.0
2016-11-11,2482,810046764.0
2016-11-14,2482,803839510.0
2016-11-15,2482,794528627.0
2016-11-16,2482,800735882.0
2016-11-17,2482,794528627.0
2016-11-18,2482,803839510.0
2016-11-21,2482,810046764.0
2016-11-22,2482,810046764.0
2016-11-23,2482,810046764.0
2016-11-24,2482,806943137.0
2016-11-25,2482,806943137.0
2016-11-28,2482,803839510.0
2016-11-29,2482,803839510.0
2016-11-30,2482,803839510.0
2016-12-01,2482,806943137.0
2016-12-02,2482,813150392.0
2016-12-05,2482,816254019.0
2016-12-06,2482,816254019.0
2016-12-07,2482,810046764.0
2016-12-08,2482,822461274.0
2016-12-09,2482,822461274.0
2016-12-12,2482,831772157.0
2016-12-13,2482,825564902.0
2016-12-14,2482,813150392.0
2016-12-15,2482,810046764.0
2016-12-16,2482,803839510.0
2016-12-19,2482,810046764.0
2016-12-20,2482,813150392.0
2016-12-21,2482,803839510.0
2016-12-22,2482,825564902.0
2016-12-23,2482,810046764.0
2016-12-26,2482,810046764.0
2016-12-27,2482,813150392.0
2016-12-28,2482,810046764.0
2016-12-29,2482,813150392.0
2016-12-30,2482,813150392.0
2017-01-03,2482,806943137.0
2017-01-04,2482,806943137.0
2017-01-05,2482,806943137.0
2017-01-06,2482,810046764.0
2017-01-09,2482,813150392.0
2017-01-10,2482,819357647.0
2017-01-11,2482,813150392.0
2017-01-12,2482,816254019.0
2017-01-13,2482,813150392.0
2017-01-16,2482,813150392.0
2017-01-17,2482,816254019.0
2017-01-18,2482,816254019.0
2017-01-19,2482,806943137.0
2017-01-20,2482,806943137.0
2017-01-23,2482,800735882.0
2017-01-24,2482,806943137.0
2017-02-02,2482,819357647.0
2017-02-03,2482,825564902.0
2017-02-06,2482,828668529.0
2017-02-07,2482,869015686.0
2017-02-08,2482,869015686.0
2017-02-09,2482,859704804.0
2017-02-10,2482,831772157.0
2017-02-13,2482,831772157.0
2017-02-14,2482,831772157.0
2017-02-15,2482,841083039.0
2017-02-16,2482,831772157.0
2017-02-17,2482,831772157.0
2017-02-20,2482,853497549.0
2017-02-21,2482,853497549.0
2017-02-22,2482,847290294.0
2017-02-23,2482,847290294.0
2017-02-24,2482,853497549.0
2017-03-01,2482,850393921.0
2017-03-02,2482,856601176.0
2017-03-03,2482,856601176.0
2017-03-06,2482,856601176.0
2017-03-07,2482,875222941.0
2017-03-08,2482,869015686.0
2017-03-09,2482,865912059.0
2017-03-10,2482,865912059.0
2017-03-13,2482,862808431.0
2017-03-14,2482,853497549.0
2017-03-15,2482,856601176.0
2017-03-16,2482,859704804.0
2017-03-17,2482,862808431.0
2017-03-20,2482,875222941.0
2017-03-21,2482,865912059.0
2017-03-22,2482,884533823.0
2017-03-23,2482,865912059.0
2017-03-24,2482,878326568.0
2017-03-27,2482,859704804.0
2017-03-28,2482,853497549.0
2017-03-29,2482,865912059.0
2017-03-30,2482,881430196.0
2017-03-31,2482,903155588.0
2017-04-05,2482,924880980.0
2017-04-06,2482,940399117.0
2017-04-07,2482,940399117.0
2017-04-10,2482,940399117.0
2017-04-11,2482,931088235.0
2017-04-12,2482,931088235.0
2017-04-13,2482,915570098.0
2017-04-14,2482,893844706.0
2017-04-17,2482,869015686.0
2017-04-18,2482,859704804.0
2017-04-19,2482,862808431.0
2017-04-20,2482,869015686.0
2017-04-21,2482,859704804.0
2017-04-24,2482,853497549.0
2017-04-25,2482,837979412.0
2017-04-26,2482,841083039.0
2017-04-27,2482,844186666.0
2017-04-28,2482,847290294.0
2017-05-02,2482,847290294.0
2017-05-03,2482,844186666.0
2017-05-04,2482,841083039.0
2017-05-05,2482,841083039.0
2017-05-08,2482,822461274.0
2017-05-09,2482,819357647.0
2017-05-10,2482,810046764.0
2017-05-11,2482,813150392.0
2017-05-12,2482,794528627.0
2017-05-15,2482,794528627.0
2017-05-16,2482,794528627.0
2017-05-17,2482,803839510.0
2017-05-18,2482,800735882.0
2017-05-19,2482,797632255.0
2017-05-22,2482,797632255.0
2017-05-23,2482,803839510.0
2017-05-24,2482,803839510.0
2017-05-25,2482,810046764.0
2017-05-26,2482,806943137.0
2017-06-01,2482,797632255.0
2017-06-02,2482,828668529.0
2017-06-05,2482,828668529.0
2017-06-06,2482,834875784.0
2017-06-07,2482,822461274.0
2017-06-08,2482,822461274.0
2017-06-09,2482,822461274.0
2017-06-12,2482,822461274.0
2017-06-13,2482,825564902.0
2017-06-14,2482,806943137.0
2017-06-15,2482,806943137.0
2017-06-16,2482,810046764.0
2017-06-19,2482,800735882.0
2017-06-20,2482,800735882.0
2017-06-21,2482,806943137.0
2017-06-22,2482,810046764.0
2017-06-23,2482,806943137.0
2017-06-26,2482,806943137.0
2017-06-27,2482,806943137.0
2017-06-28,2482,806943137.0
2017-06-29,2482,806943137.0
2017-06-30,2482,803839510.0
2017-07-03,2482,806943137.0
2017-07-04,2482,806943137.0
2017-07-05,2482,806943137.0
2017-07-06,2482,800735882.0
2017-07-07,2482,810046764.0
2017-07-10,2482,810046764.0
2017-07-11,2482,828668529.0
2017-07-12,2482,834875784.0
2017-07-13,2482,834875784.0
2017-07-14,2482,831772157.0
2017-07-17,2482,831772157.0
2017-07-18,2482,828668529.0
2017-07-19,2482,825564902.0
2017-07-20,2482,819357647.0
2017-07-21,2482,819357647.0
2017-07-24,2482,806943137.0
2017-07-25,2482,810046764.0
2017-07-26,2482,810046764.0
2017-07-27,2482,819357647.0
2017-07-28,2482,819357647.0
2017-07-31,2482,819357647.0
2017-08-01,2482,825564902.0
2017-08-02,2482,825564902.0
2017-08-03,2482,810046764.0
2017-08-04,2482,803839510.0
2017-08-07,2482,813150392.0
2017-08-08,2482,810046764.0
2017-08-09,2482,810046764.0
2017-08-10,2482,797632255.0
2017-08-11,2482,797632255.0
2017-08-14,2482,791425000.0
2017-08-15,2482,806943137.0
2017-08-16,2482,813150392.0
2017-08-17,2482,813150392.0
2017-08-18,2482,794528627.0
2017-08-21,2482,806943137.0
2017-08-22,2482,810046764.0
2017-08-23,2482,816254019.0
2017-08-24,2482,819357647.0
2017-08-25,2482,819357647.0
2017-08-28,2482,825564902.0
2017-08-29,2482,825564902.0
2017-08-30,2482,819357647.0
2017-08-31,2482,819357647.0
2017-09-01,2482,806943137.0
2017-09-04,2482,810046764.0
2017-09-05,2482,806943137.0
2017-09-06,2482,800735882.0
2017-09-07,2482,800735882.0
2017-09-08,2482,806943137.0
2017-09-11,2482,800735882.0
2017-09-12,2482,803839510.0
2017-09-13,2482,806943137.0
2017-09-14,2482,797632255.0
2017-09-15,2482,800735882.0
2017-09-18,2482,791425000.0
2017-09-19,2482,797632255.0
2017-09-20,2482,797632255.0
2017-09-21,2482,797632255.0
2017-09-22,2482,794528627.0
2017-09-25,2482,791425000.0
2017-09-26,2482,794528627.0
2017-09-27,2482,800735882.0
2017-09-28,2482,782114117.0
2017-09-29,2482,775906863.0
2017-10-02,2482,794528627.0
2017-10-03,2482,797632255.0
2017-10-05,2482,800735882.0
2017-10-06,2482,794528627.0
2017-10-11,2482,785217745.0
2017-10-12,2482,785217745.0
2017-10-13,2482,775906863.0
2017-10-16,2482,794528627.0
2017-10-17,2482,785217745.0
2017-10-18,2482,785217745.0
2017-10-19,2482,775906863.0
2017-10-20,2482,782114117.0
2017-10-23,2482,782114117.0
2017-10-24,2482,788321372.0
2017-10-25,2482,782114117.0
2017-10-26,2482,785217745.0
2017-10-27,2482,791425000.0
2017-10-30,2482,775906863.0
2017-10-31,2482,775906863.0
2017-11-01,2482,785217745.0
2017-11-02,2482,788321372.0
2017-11-03,2482,788321372.0
2017-11-06,2482,775906863.0
2017-11-07,2482,788321372.0
2017-11-08,2482,797632255.0
2017-11-09,2482,797632255.0
2017-11-10,2482,800735882.0
2017-11-13,2482,800735882.0
2017-11-14,2482,800735882.0
2017-11-15,2482,785217745.0
2017-11-16,2482,788321372.0
2017-11-17,2482,800735882.0
2017-11-20,2482,782114117.0
2017-11-21,2482,797632255.0
2017-11-22,2482,782114117.0
2017-11-23,2482,788321372.0
2017-11-24,2482,788321372.0
2017-11-27,2482,791425000.0
2017-11-28,2482,794528627.0
2017-11-29,2482,775906863.0
2017-11-30,2482,785217745.0
2017-12-01,2482,766595980.0
2017-12-04,2482,782114117.0
2017-12-05,2482,779010490.0
2017-12-06,2482,775906863.0
2017-12-07,2482,772803235.0
2017-12-08,2482,775906863.0
2017-12-11,2482,775906863.0
2017-12-12,2482,779010490.0
2017-12-13,2482,779010490.0
2017-12-14,2482,775906863.0
2017-12-15,2482,775906863.0
2017-12-18,2482,775906863.0
2017-12-19,2482,763492353.0
2017-12-20,2482,769699608.0
2017-12-21,2482,766595980.0
2017-12-22,2482,782114117.0
2017-12-25,2482,779010490.0
2017-12-26,2482,775906863.0
2017-12-27,2482,763492353.0
2017-12-28,2482,769699608.0
2017-12-29,2482,775906863.0
2018-01-02,2482,772803235.0
2018-01-03,2482,763492353.0
2018-01-04,2482,763492353.0
2018-01-05,2482,763492353.0
2018-01-08,2482,760388725.0
2018-01-09,2482,760388725.0
2018-01-10,2482,766595980.0
2018-01-11,2482,775906863.0
2018-01-12,2482,775906863.0
2018-01-15,2482,763492353.0
2018-01-16,2482,763492353.0
2018-01-17,2482,769699608.0
2018-01-18,2482,766595980.0
2018-01-19,2482,760388725.0
2018-01-22,2482,763492353.0
2018-01-23,2482,763492353.0
2018-01-24,2482,763492353.0
2018-01-25,2482,760388725.0
2018-01-26,2482,763492353.0
2018-01-29,2482,757285098.0
2018-01-30,2482,760388725.0
2018-01-31,2482,757285098.0
2018-02-01,2482,757285098.0
2018-02-02,2482,763492353.0
2018-02-05,2482,754181470.0
2018-02-06,2482,741766961.0
2018-02-07,2482,751077843.0
2018-02-08,2482,744870588.0
2018-02-09,2482,760388725.0
2018-02-12,2482,754181470.0
2018-02-21,2482,760388725.0
2018-02-22,2482,766595980.0
2018-02-23,2482,785217745.0
2018-02-26,2482,782114117.0
2018-02-27,2482,760388725.0
2018-03-01,2482,760388725.0
2018-03-02,2482,766595980.0
2018-03-05,2482,769699608.0
2018-03-06,2482,772803235.0
2018-03-07,2482,760388725.0
2018-03-08,2482,834875784.0
2018-03-09,2482,797632255.0
2018-03-12,2482,803839510.0
2018-03-13,2482,828668529.0
2018-03-14,2482,841083039.0
2018-03-15,2482,841083039.0
2018-03-16,2482,825564902.0
2018-03-19,2482,825564902.0
2018-03-20,2482,806943137.0
2018-03-21,2482,822461274.0
2018-03-22,2482,803839510.0
2018-03-23,2482,822461274.0
2018-03-26,2482,810046764.0
2018-03-27,2482,819357647.0
2018-03-28,2482,800735882.0
2018-03-29,2482,800735882.0
2018-03-30,2482,810046764.0
2018-04-02,2482,828668529.0
2018-04-03,2482,834875784.0
2018-04-09,2482,822461274.0
2018-04-10,2482,797632255.0
2018-04-11,2482,806943137.0
2018-04-12,2482,800735882.0
2018-04-13,2482,788321372.0
2018-04-16,2482,797632255.0
2018-04-17,2482,788321372.0
2018-04-18,2482,775906863.0
2018-04-19,2482,779010490.0
2018-04-20,2482,788321372.0
2018-04-23,2482,779010490.0
2018-04-24,2482,782114117.0
2018-04-25,2482,785217745.0
2018-04-26,2482,769699608.0
2018-04-27,2482,766595980.0
2018-04-30,2482,775906863.0
2018-05-02,2482,766595980.0
2018-05-03,2482,754181470.0
2018-05-04,2482,775906863.0
2018-05-07,2482,775906863.0
2018-05-08,2482,775906863.0
2018-05-09,2482,775906863.0
2018-05-10,2482,763492353.0
2018-05-11,2482,757285098.0
2018-05-14,2482,775906863.0
2018-05-15,2482,769699608.0
2018-05-16,2482,760388725.0
2018-05-17,2482,760388725.0
2018-05-18,2482,754181470.0
2018-05-21,2482,744870588.0
2018-05-22,2482,751077843.0
2018-05-23,2482,754181470.0
2018-05-24,2482,751077843.0
2018-05-25,2482,757285098.0
2018-05-28,2482,744870588.0
2018-05-29,2482,741766961.0
2018-05-30,2482,744870588.0
2018-05-31,2482,744870588.0
2018-06-01,2482,757285098.0
2018-06-04,2482,769699608.0
2018-06-05,2482,751077843.0
2018-06-06,2482,760388725.0
2018-06-07,2482,769699608.0
2018-06-08,2482,785217745.0
2018-06-11,2482,791425000.0
2018-06-12,2482,782114117.0
2018-06-13,2482,769699608.0
2018-06-14,2482,775906863.0
2018-06-15,2482,779010490.0
2018-06-19,2482,779010490.0
2018-06-20,2482,763492353.0
2018-06-21,2482,772803235.0
2018-06-22,2482,782114117.0
2018-06-25,2482,782114117.0
2018-06-26,2482,769699608.0
2018-06-27,2482,775906863.0
2018-06-28,2482,769699608.0
2018-06-29,2482,772803235.0
2018-07-02,2482,775906863.0
2018-07-03,2482,775906863.0
2018-07-04,2482,775906863.0
2018-07-05,2482,766595980.0
2018-07-06,2482,769699608.0
2018-07-09,2482,779010490.0
2018-07-10,2482,782114117.0
2018-07-11,2482,785217745.0
2018-07-12,2482,782114117.0
2018-07-13,2482,788321372.0
2018-07-16,2482,785217745.0
2018-07-17,2482,791425000.0
2018-07-18,2482,785217745.0
2018-07-19,2482,782114117.0
2018-07-20,2482,785217745.0
2018-07-23,2482,785217745.0
2018-07-24,2482,785217745.0
2018-07-25,2482,782114117.0
2018-07-26,2482,782114117.0
2018-07-27,2482,763492353.0
2018-07-30,2482,763492353.0
2018-07-31,2482,779010490.0
2018-08-01,2482,785217745.0
2018-08-02,2482,779010490.0
2018-08-03,2482,769699608.0
2018-08-06,2482,806943137.0
2018-08-07,2482,813150392.0
2018-08-08,2482,800735882.0
2018-08-09,2482,800735882.0
2018-08-10,2482,803839510.0
2018-08-13,2482,782114117.0
2018-08-14,2482,782114117.0
2018-08-15,2482,766595980.0
2018-08-16,2482,766595980.0
2018-08-17,2482,772803235.0
2018-08-20,2482,769699608.0
2018-08-21,2482,769699608.0
2018-08-22,2482,757285098.0
2018-08-23,2482,763492353.0
2018-08-24,2482,763492353.0
2018-08-27,2482,766595980.0
2018-08-28,2482,760388725.0
2018-08-29,2482,757285098.0
2018-08-30,2482,766595980.0
2018-08-31,2482,769699608.0
2018-09-03,2482,757285098.0
2018-09-04,2482,757285098.0
2018-09-05,2482,763492353.0
2018-09-06,2482,757285098.0
2018-09-07,2482,769699608.0
2018-09-10,2482,772803235.0
2018-09-11,2482,0.0
2018-09-12,2482,775906863.0
2018-09-13,2482,775906863.0
2018-09-14,2482,772803235.0
2018-09-17,2482,763492353.0
2018-09-18,2482,751077843.0
2018-09-19,2482,751077843.0
2018-09-20,2482,751077843.0
2018-09-21,2482,760388725.0
2018-09-25,2482,766595980.0
2018-09-26,2482,766595980.0
2018-09-27,2482,775906863.0
2018-09-28,2482,769699608.0
2018-10-01,2482,769699608.0
2018-10-02,2482,754181470.0
2018-10-03,2482,763492353.0
2018-10-04,2482,766595980.0
2018-10-08,2482,763492353.0
2018-10-09,2482,763492353.0
2018-10-11,2482,744870588.0
2018-10-12,2482,747974215.0
2018-10-15,2482,732456078.0
2018-10-16,2482,726248823.0
2018-10-17,2482,732456078.0
2018-10-18,2482,741766961.0
2018-10-19,2482,735559706.0
2018-10-22,2482,741766961.0
2018-10-23,2482,738663333.0
2018-10-24,2482,729352451.0
2018-10-25,2482,720041568.0
2018-10-26,2482,760388725.0
2018-10-29,2482,741766961.0
2018-10-30,2482,720041568.0
2018-10-31,2482,720041568.0
2018-11-01,2482,723145196.0
2018-11-02,2482,723145196.0
2018-11-05,2482,720041568.0
2018-11-06,2482,716937941.0
2018-11-07,2482,716937941.0
2018-11-08,2482,713834314.0
2018-11-09,2482,713834314.0
2018-11-12,2482,713834314.0
2018-11-13,2482,720041568.0
2018-11-14,2482,710730686.0
2018-11-15,2482,716937941.0
2018-11-16,2482,713834314.0
2018-11-19,2482,716937941.0
2018-11-20,2482,704523431.0
2018-11-21,2482,710730686.0
2018-11-22,2482,710730686.0
2018-11-23,2482,720041568.0
2018-11-26,2482,720041568.0
2018-11-27,2482,720041568.0
2018-11-28,2482,713834314.0
2018-11-29,2482,710730686.0
2018-11-30,2482,707627059.0
2018-12-03,2482,701419804.0
2018-12-04,2482,698316176.0
2018-12-05,2482,695212549.0
2018-12-06,2482,682798039.0
2018-12-07,2482,689005294.0
2018-12-10,2482,698316176.0
2018-12-11,2482,701419804.0
2018-12-12,2482,698316176.0
2018-12-13,2482,695212549.0
2018-12-14,2482,701419804.0
2018-12-17,2482,695212549.0
2018-12-18,2482,695212549.0
2018-12-19,2482,695212549.0
2018-12-20,2482,689005294.0
2018-12-21,2482,689005294.0
2018-12-24,2482,685901666.0
2018-12-25,2482,689005294.0
2018-12-26,2482,689005294.0
2018-12-27,2482,682798039.0
2018-12-28,2482,682798039.0
2019-01-02,2482,670383529.0
2019-01-03,2482,682798039.0
2019-01-04,2482,682798039.0
2019-01-07,2482,682798039.0
2019-01-08,2482,685901666.0
2019-01-09,2482,689005294.0
2019-01-10,2482,689005294.0
2019-01-11,2482,682798039.0
2019-01-14,2482,682798039.0
2019-01-15,2482,682798039.0
2019-01-16,2482,676590784.0
2019-01-17,2482,682798039.0
2019-01-18,2482,685901666.0
2019-01-21,2482,676590784.0
2019-01-22,2482,682798039.0
2019-01-23,2482,685901666.0
2019-01-24,2482,689005294.0
2019-01-25,2482,689005294.0
2019-01-28,2482,689005294.0
2019-01-29,2482,689005294.0
2019-01-30,2482,689005294.0
2019-02-11,2482,701419804.0
2019-02-12,2482,707627059.0
2019-02-13,2482,707627059.0
2019-02-14,2482,710730686.0
2019-02-15,2482,710730686.0
2019-02-18,2482,713834314.0
2019-02-19,2482,710730686.0
2019-02-20,2482,710730686.0
2019-02-21,2482,710730686.0
2019-02-22,2482,695212549.0
2019-02-25,2482,701419804.0
2019-02-26,2482,713834314.0
2019-02-27,2482,716937941.0
2019-03-04,2482,710730686.0
2019-03-05,2482,713834314.0
2019-03-06,2482,698316176.0
2019-03-07,2482,698316176.0
2019-03-08,2482,698316176.0
2019-03-11,2482,698316176.0
2019-03-12,2482,701419804.0
2019-03-13,2482,698316176.0
2019-03-14,2482,692108921.0
2019-03-15,2482,695212549.0
2019-03-18,2482,695212549.0
2019-03-19,2482,695212549.0
2019-03-20,2482,689005294.0
2019-03-21,2482,685901666.0
2019-03-22,2482,679694412.0
2019-03-25,2482,679694412.0
2019-03-26,2482,679694412.0
2019-03-27,2482,679694412.0
2019-03-28,2482,676590784.0
2019-03-29,2482,673487157.0
2019-04-01,2482,682798039.0
2019-04-02,2482,682798039.0
2019-04-03,2482,689005294.0
2019-04-08,2482,685901666.0
2019-04-09,2482,695212549.0
2019-04-10,2482,689005294.0
2019-04-11,2482,692108921.0
2019-04-12,2482,695212549.0
2019-04-15,2482,689005294.0
2019-04-16,2482,689005294.0
2019-04-17,2482,685901666.0
2019-04-18,2482,689005294.0
2019-04-19,2482,689005294.0
2019-04-22,2482,682798039.0
2019-04-23,2482,695212549.0
2019-04-24,2482,692108921.0
2019-04-25,2482,695212549.0
2019-04-26,2482,682798039.0
2019-04-29,2482,682798039.0
2019-04-30,2482,689005294.0
2019-05-02,2482,689005294.0
2019-05-03,2482,689005294.0
2019-05-06,2482,676590784.0
2019-05-07,2482,682798039.0
2019-05-08,2482,682798039.0
2019-05-09,2482,685901666.0
2019-05-10,2482,685901666.0
2019-05-13,2482,676590784.0
2019-05-14,2482,679694412.0
2019-05-15,2482,679694412.0
2019-05-16,2482,682798039.0
2019-05-17,2482,682798039.0
2019-05-20,2482,676590784.0
2019-05-21,2482,676590784.0
2019-05-22,2482,654865392.0
2019-05-23,2482,657969019.0
2019-05-24,2482,657969019.0
2019-05-27,2482,654865392.0
2019-05-28,2482,654865392.0
2019-05-29,2482,657969019.0
2019-05-30,2482,661072647.0
2019-05-31,2482,661072647.0
2019-06-03,2482,661072647.0
2019-06-04,2482,657969019.0
2019-06-05,2482,654865392.0
2019-06-06,2482,654865392.0
2019-06-10,2482,654865392.0
2019-06-11,2482,651761765.0
2019-06-12,2482,651761765.0
2019-06-13,2482,654865392.0
2019-06-14,2482,661072647.0
2019-06-17,2482,0.0
2019-06-18,2482,661072647.0
2019-06-19,2482,661072647.0
2019-06-20,2482,657969019.0
2019-06-21,2482,657969019.0
2019-06-24,2482,657969019.0
2019-06-25,2482,657969019.0
2019-06-26,2482,657969019.0
2019-06-27,2482,654865392.0
2019-06-28,2482,657969019.0
2019-07-01,2482,657969019.0
2019-07-02,2482,657969019.0
2019-07-03,2482,657969019.0
2019-07-04,2482,654865392.0
2019-07-05,2482,654865392.0
2019-07-08,2482,657969019.0
2019-07-09,2482,657969019.0
2019-07-10,2482,661072647.0
2019-07-11,2482,661072647.0
2019-07-12,2482,657969019.0
2019-07-15,2482,651761765.0
2019-07-16,2482,654865392.0
2019-07-17,2482,651761765.0
2019-07-18,2482,654865392.0
2019-07-19,2482,657969019.0
2019-07-22,2482,645554510.0
2019-07-23,2482,657969019.0
2019-07-24,2482,654865392.0
2019-07-25,2482,648658137.0
2019-07-26,2482,651761765.0
2019-07-29,2482,661072647.0
2019-07-30,2482,661072647.0
2019-07-31,2482,657969019.0
2019-08-01,2482,657969019.0
2019-08-02,2482,661072647.0
2019-08-05,2482,657969019.0
2019-08-06,2482,654865392.0
2019-08-07,2482,651761765.0
2019-08-08,2482,661072647.0
2019-08-12,2482,670383529.0
2019-08-13,2482,673487157.0
2019-08-14,2482,679694412.0
2019-08-15,2482,673487157.0
2019-08-16,2482,667279902.0
2019-08-19,2482,667279902.0
2019-08-20,2482,670383529.0
2019-08-21,2482,673487157.0
2019-08-22,2482,670383529.0
2019-08-23,2482,667279902.0
2019-08-26,2482,667279902.0
2019-08-27,2482,667279902.0
2019-08-28,2482,670383529.0
2019-08-29,2482,676590784.0
2019-08-30,2482,679694412.0
2019-09-02,2482,676590784.0
2019-09-03,2482,667279902.0
2019-09-04,2482,667279902.0
2019-09-05,2482,664176274.0
2019-09-06,2482,661072647.0
2019-09-09,2482,726248823.0
2019-09-10,2482,797632255.0
2019-09-11,2482,844186666.0
2019-09-12,2482,831772157.0
2019-09-16,2482,850393921.0
2019-09-17,2482,934191862.0
2019-09-18,2482,952813627.0
2019-09-19,2482,943502745.0
2019-09-20,2482,962124510.0
2019-09-23,2482,884533823.0
2019-09-24,2482,853497549.0
2019-09-25,2482,869015686.0
2019-09-26,2482,955917255.0
2019-09-27,2482,884533823.0
2019-10-01,2482,862808431.0
2019-10-02,2482,881430196.0
2019-10-03,2482,878326568.0
2019-10-04,2482,865912059.0
2019-10-07,2482,900051961.0
2019-10-08,2482,856601176.0
2019-10-09,2482,837979412.0
2019-10-14,2482,837979412.0
2019-10-15,2482,872119313.0
2019-10-16,2482,847290294.0
2019-10-17,2482,844186666.0
2019-10-18,2482,850393921.0
2019-10-21,2482,844186666.0
2019-10-22,2482,844186666.0
2019-10-23,2482,844186666.0
2019-10-24,2482,865912059.0
2019-10-25,2482,850393921.0
2019-10-28,2482,844186666.0
2019-10-29,2482,834875784.0
2019-10-30,2482,813150392.0
2019-10-31,2482,816254019.0
2019-11-01,2482,813150392.0
2019-11-04,2482,813150392.0
2019-11-05,2482,816254019.0
2019-11-06,2482,816254019.0
2019-11-07,2482,813150392.0
2019-11-08,2482,813150392.0
2019-11-11,2482,785217745.0
2019-11-12,2482,785217745.0
2019-11-13,2482,782114117.0
2019-11-14,2482,769699608.0
2019-11-15,2482,760388725.0
2019-11-18,2482,763492353.0
2019-11-19,2482,788321372.0
2019-11-20,2482,775906863.0
2019-11-21,2482,766595980.0
2019-11-22,2482,769699608.0
2019-11-25,2482,769699608.0
2019-11-26,2482,772803235.0
2019-11-27,2482,766595980.0
2019-11-28,2482,769699608.0
2019-11-29,2482,766595980.0
2019-12-02,2482,754181470.0
2019-12-03,2482,763492353.0
2019-12-04,2482,763492353.0
2019-12-05,2482,766595980.0
2019-12-06,2482,754181470.0
2019-12-09,2482,751077843.0
2019-12-10,2482,751077843.0
2019-12-11,2482,754181470.0
2019-12-12,2482,751077843.0
2019-12-13,2482,744870588.0
2019-12-16,2482,738663333.0
2019-12-17,2482,738663333.0
2019-12-18,2482,744870588.0
2019-12-19,2482,738663333.0
2019-12-20,2482,744870588.0
2019-12-23,2482,738663333.0
2019-12-24,2482,744870588.0
2019-12-25,2482,747974215.0
2019-12-26,2482,747974215.0
2019-12-27,2482,757285098.0
2019-12-30,2482,763492353.0
2019-12-31,2482,757285098.0
2020-01-02,2482,760388725.0
2020-01-03,2482,754181470.0
2020-01-06,2482,744870588.0
2020-01-07,2482,744870588.0
2020-01-08,2482,744870588.0
2020-01-09,2482,738663333.0
2020-01-10,2482,738663333.0
2020-01-13,2482,738663333.0
2020-01-14,2482,738663333.0
2020-01-15,2482,735559706.0
2020-01-16,2482,732456078.0
2020-01-17,2482,732456078.0
2020-01-20,2482,732456078.0
2020-01-30,2482,682798039.0
2020-01-31,2482,692108921.0
2020-02-03,2482,673487157.0
2020-02-04,2482,682798039.0
2020-02-05,2482,673487157.0
2020-02-06,2482,701419804.0
2020-02-07,2482,692108921.0
2020-02-10,2482,710730686.0
2020-02-11,2482,720041568.0
2020-02-12,2482,735559706.0
2020-02-13,2482,806943137.0
2020-02-14,2482,791425000.0
2020-02-17,2482,803839510.0
2020-02-18,2482,788321372.0
2020-02-19,2482,791425000.0
2020-02-20,2482,785217745.0
2020-02-21,2482,772803235.0
2020-02-24,2482,772803235.0
2020-02-25,2482,772803235.0
2020-02-26,2482,751077843.0
2020-02-27,2482,723145196.0
2020-03-02,2482,720041568.0
2020-03-03,2482,735559706.0
2020-03-04,2482,723145196.0
2020-03-05,2482,751077843.0
2020-03-06,2482,766595980.0
2020-03-09,2482,757285098.0
2020-03-10,2482,754181470.0
2020-03-11,2482,769699608.0
2020-03-12,2482,760388725.0
2020-03-13,2482,692108921.0
2020-03-16,2482,651761765.0
2020-03-17,2482,618863314.0
2020-03-18,2482,623829117.0
2020-03-19,2482,561756568.0
2020-03-20,2482,595275745.0
2020-03-23,2482,572929627.0
2020-03-24,2482,576653980.0
2020-03-25,2482,602103725.0
2020-03-26,2482,590309941.0
2020-03-27,2482,597137921.0
2020-03-30,2482,595896470.0
2020-03-31,2482,608310980.0
2020-04-01,2482,610173157.0
2020-04-06,2482,630036372.0
2020-04-07,2482,626932745.0
2020-04-08,2482,633140000.0
2020-04-09,2482,620725490.0
2020-04-10,2482,620725490.0
2020-04-13,2482,620104765.0
2020-04-14,2482,619484039.0
2020-04-15,2482,633140000.0
2020-04-16,2482,630036372.0
2020-04-17,2482,623829117.0
2020-04-20,2482,615759686.0
2020-04-21,2482,597758647.0
2020-04-22,2482,606448804.0
2020-04-23,2482,608931706.0
2020-04-24,2482,608310980.0
2020-04-27,2482,617001137.0
2020-04-28,2482,623829117.0
2020-04-29,2482,633140000.0
2020-04-30,2482,633140000.0
2020-05-04,2482,623829117.0
2020-05-05,2482,623829117.0
2020-05-06,2482,636243627.0
2020-05-07,2482,648658137.0
2020-05-08,2482,645554510.0
2020-05-11,2482,648658137.0
2020-05-12,2482,642450882.0
2020-05-13,2482,704523431.0
2020-05-14,2482,670383529.0
2020-05-15,2482,664176274.0
2020-05-18,2482,664176274.0
2020-05-19,2482,670383529.0
2020-05-20,2482,679694412.0
2020-05-21,2482,707627059.0
2020-05-22,2482,692108921.0
2020-05-25,2482,716937941.0
2020-05-26,2482,716937941.0
2020-05-27,2482,707627059.0
2020-05-28,2482,701419804.0
2020-05-29,2482,692108921.0
2020-06-01,2482,695212549.0
2020-06-02,2482,682798039.0
2020-06-03,2482,695212549.0
2020-06-04,2482,695212549.0
2020-06-05,2482,689005294.0
2020-06-08,2482,732456078.0
2020-06-09,2482,726248823.0
2020-06-10,2482,698316176.0
2020-06-12,2482,744870588.0
2020-06-15,2482,707627059.0
2020-06-16,2482,713834314.0
2020-06-17,2482,741766961.0
2020-06-18,2482,729352451.0
2020-06-19,2482,732456078.0
2020-06-22,2482,729352451.0
2020-06-23,2482,716937941.0
2020-06-24,2482,716937941.0
2020-06-29,2482,704523431.0
2020-06-30,2482,701419804.0
2020-07-01,2482,698316176.0
2020-07-02,2482,707627059.0
2020-07-03,2482,704523431.0
2020-07-06,2482,772803235.0
2020-07-07,2482,760388725.0
2020-07-08,2482,744870588.0
2020-07-09,2482,744870588.0
2020-07-10,2482,726248823.0
2020-07-13,2482,738663333.0
2020-07-14,2482,747974215.0
2020-07-15,2482,735559706.0
2020-07-16,2482,738663333.0
2020-07-17,2482,723145196.0
2020-07-20,2482,707627059.0
2020-07-21,2482,707627059.0
2020-07-22,2482,707627059.0
2020-07-23,2482,701419804.0
2020-07-24,2482,695212549.0
2020-07-27,2482,689005294.0
2020-07-28,2482,685901666.0
2020-07-29,2482,692108921.0
2020-07-30,2482,704523431.0
2020-07-31,2482,704523431.0
2020-08-03,2482,701419804.0
2020-08-04,2482,701419804.0
2020-08-05,2482,710730686.0
2020-08-06,2482,716937941.0
2020-08-07,2482,716937941.0
2020-08-10,2482,692108921.0
2020-08-11,2482,685901666.0
2020-08-12,2482,685901666.0
2020-08-13,2482,682798039.0
2020-08-14,2482,676590784.0
2020-08-17,2482,679694412.0
2020-08-18,2482,676590784.0
2020-08-19,2482,670383529.0
2020-08-20,2482,636243627.0
2020-08-21,2482,642450882.0
2020-08-24,2482,645554510.0
2020-08-25,2482,664176274.0
2020-08-26,2482,654865392.0
2020-08-27,2482,657969019.0
2020-08-28,2482,661072647.0
2020-08-31,2482,664176274.0
2020-09-01,2482,661072647.0
2020-09-02,2482,661072647.0
2020-09-03,2482,664176274.0
2020-09-04,2482,654865392.0
2020-09-07,2482,657969019.0
2020-09-08,2482,657969019.0
2020-09-09,2482,657969019.0
2020-09-10,2482,657969019.0
2020-09-11,2482,648658137.0
2020-09-14,2482,654865392.0
2020-09-15,2482,661072647.0
2020-09-16,2482,664176274.0
2020-09-17,2482,664176274.0
2020-09-18,2482,673487157.0
2020-09-21,2482,667279902.0
2020-09-22,2482,664176274.0
2020-09-23,2482,661072647.0
2020-09-24,2482,651761765.0
2020-09-25,2482,642450882.0
2020-09-28,2482,645554510.0
2020-09-29,2482,645554510.0
2020-09-30,2482,651761765.0
2020-10-05,2482,645554510.0
2020-10-06,2482,651761765.0
2020-10-07,2482,645554510.0
2020-10-08,2482,642450882.0
2020-10-12,2482,639347255.0
2020-10-13,2482,630036372.0
2020-10-14,2482,636243627.0
2020-10-15,2482,633140000.0
2020-10-16,2482,630036372.0
2020-10-19,2482,630036372.0
2020-10-20,2482,633140000.0
2020-10-21,2482,633140000.0
2020-10-22,2482,623829117.0
2020-10-23,2482,630036372.0
2020-10-26,2482,630036372.0
2020-10-27,2482,623829117.0
2020-10-28,2482,620725490.0
2020-10-29,2482,619484039.0
2020-10-30,2482,618242588.0
2020-11-02,2482,620725490.0
2020-11-03,2482,623829117.0
2020-11-04,2482,623829117.0
2020-11-05,2482,626932745.0
2020-11-06,2482,620725490.0
2020-11-09,2482,620725490.0
2020-11-10,2482,620725490.0
2020-11-11,2482,626932745.0
2020-11-12,2482,626932745.0
2020-11-13,2482,633140000.0
2020-11-16,2482,639347255.0
2020-11-17,2482,633140000.0
2020-11-18,2482,633140000.0
2020-11-19,2482,630036372.0
2020-11-20,2482,626932745.0
2020-11-23,2482,633140000.0
2020-11-24,2482,633140000.0
2020-11-25,2482,636243627.0
2020-11-26,2482,645554510.0
2020-11-27,2482,664176274.0
2020-11-30,2482,661072647.0
2020-12-01,2482,664176274.0
2020-12-02,2482,657969019.0
2020-12-03,2482,654865392.0
2020-12-04,2482,654865392.0
2020-12-07,2482,661072647.0
2020-12-08,2482,667279902.0
2020-12-09,2482,661072647.0
2020-12-10,2482,661072647.0
2020-12-11,2482,654865392.0
2020-12-14,2482,667279902.0
2020-12-15,2482,657969019.0
2020-12-16,2482,657969019.0
2020-12-17,2482,661072647.0
2020-12-18,2482,667279902.0
2020-12-21,2482,664176274.0
2020-12-22,2482,654865392.0
2020-12-23,2482,651761765.0
2020-12-24,2482,657969019.0
2020-12-25,2482,657969019.0
2020-12-28,2482,664176274.0
2020-12-29,2482,729352451.0
2020-12-30,2482,695212549.0
2020-12-31,2482,695212549.0
2021-01-04,2482,698316176.0
2021-01-05,2482,698316176.0
2021-01-06,2482,676590784.0
2021-01-07,2482,682798039.0
2021-01-08,2482,664176274.0
2021-01-11,2482,664176274.0
2021-01-12,2482,648658137.0
2021-01-13,2482,651761765.0
2021-01-14,2482,661072647.0
2021-01-15,2482,657969019.0
2021-01-18,2482,667279902.0
2021-01-19,2482,667279902.0
2021-01-20,2482,648658137.0
2021-01-21,2482,645554510.0
2021-01-22,2482,645554510.0
2021-01-25,2482,651761765.0
2021-01-26,2482,648658137.0
2021-01-27,2482,648658137.0
2021-01-28,2482,648658137.0
2021-01-29,2482,648658137.0
2021-02-01,2482,648658137.0
2021-02-02,2482,648658137.0
2021-02-03,2482,642450882.0
2021-02-05,2482,633140000.0
2021-02-17,2482,645554510.0
2021-02-18,2482,651761765.0
2021-02-19,2482,651761765.0
2021-02-22,2482,651761765.0
2021-02-23,2482,657969019.0
2021-02-24,2482,657969019.0
2021-02-25,2482,657969019.0
2021-02-26,2482,648658137.0
2021-03-02,2482,645554510.0
2021-03-03,2482,648658137.0
2021-03-04,2482,642450882.0
2021-03-05,2482,645554510.0
2021-03-08,2482,639347255.0
2021-03-09,2482,645554510.0
2021-03-10,2482,642450882.0
2021-03-11,2482,645554510.0
2021-03-12,2482,642450882.0
2021-03-15,2482,673487157.0
2021-03-16,2482,676590784.0
2021-03-17,2482,676590784.0
2021-03-18,2482,701419804.0
2021-03-19,2482,707627059.0
2021-03-22,2482,716937941.0
2021-03-23,2482,682798039.0
2021-03-24,2482,685901666.0
2021-03-25,2482,682798039.0
2021-03-26,2482,682798039.0
2021-03-29,2482,676590784.0
2021-03-30,2482,676590784.0
2021-03-31,2482,685901666.0
2021-04-01,2482,698316176.0
2021-04-06,2482,760388725.0
2021-04-07,2482,744870588.0
2021-04-08,2482,782114117.0
2021-04-09,2482,763492353.0
2021-04-12,2482,806943137.0
2021-04-13,2482,772803235.0
2021-04-14,2482,757285098.0
2021-04-15,2482,763492353.0
2021-04-16,2482,772803235.0
2021-04-19,2482,791425000.0
2021-04-20,2482,794528627.0
2021-04-21,2482,803839510.0
2021-04-22,2482,772803235.0
2021-04-23,2482,779010490.0
2021-04-26,2482,856601176.0
2021-04-28,2482,931088235.0
2021-04-29,2482,921777353.0
2021-05-03,2482,844186666.0
2021-05-04,2482,766595980.0
2021-05-05,2482,766595980.0
2021-05-06,2482,766595980.0
2021-05-07,2482,813150392.0
2021-05-10,2482,797632255.0
2021-05-11,2482,751077843.0
2021-05-12,2482,689005294.0
2021-05-13,2482,689005294.0
2021-05-14,2482,682798039.0
2021-05-17,2482,615759686.0
2021-05-18,2482,676590784.0
2021-05-19,2482,695212549.0
2021-05-20,2482,670383529.0
2021-05-21,2482,679694412.0
2021-05-24,2482,682798039.0
2021-05-25,2482,695212549.0
2021-05-26,2482,689005294.0
2021-05-27,2482,682798039.0
2021-05-28,2482,692108921.0
2021-05-31,2482,682798039.0
2021-06-01,2482,695212549.0
2021-06-02,2482,695212549.0
2021-06-03,2482,701419804.0
2021-06-04,2482,695212549.0
2021-06-07,2482,676590784.0
2021-06-08,2482,682798039.0
2021-06-09,2482,682798039.0
2021-06-10,2482,751077843.0
2021-06-11,2482,813150392.0
2021-06-15,2482,779010490.0
2021-06-16,2482,788321372.0
2021-06-17,2482,775906863.0
2021-06-18,2482,754181470.0
2021-06-21,2482,732456078.0
2021-06-22,2482,769699608.0
2021-06-23,2482,775906863.0
2021-06-24,2482,772803235.0
2021-06-25,2482,794528627.0
2021-06-28,2482,791425000.0
2021-06-29,2482,779010490.0
2021-06-30,2482,769699608.0
2021-07-01,2482,763492353.0
2021-07-02,2482,775906863.0
2021-07-05,2482,766595980.0
2021-07-06,2482,760388725.0
2021-07-07,2482,754181470.0
2021-07-08,2482,754181470.0
2021-07-09,2482,744870588.0
2021-07-12,2482,803839510.0
2021-07-13,2482,800735882.0
2021-07-14,2482,878326568.0
2021-07-15,2482,850393921.0
2021-07-16,2482,841083039.0
2021-07-19,2482,890741078.0
2021-07-20,2482,853497549.0
2021-07-21,2482,859704804.0
2021-07-22,2482,859704804.0
2021-07-23,2482,844186666.0
2021-07-26,2482,853497549.0
2021-07-27,2482,828668529.0
2021-07-28,2482,794528627.0
2021-07-29,2482,803839510.0
2021-07-30,2482,806943137.0
2021-08-02,2482,847290294.0
2021-08-03,2482,825564902.0
2021-08-04,2482,825564902.0
2021-08-05,2482,828668529.0
2021-08-06,2482,819357647.0
2021-08-09,2482,806943137.0
2021-08-10,2482,775906863.0
2021-08-11,2482,766595980.0
2021-08-12,2482,763492353.0
2021-08-13,2482,720041568.0
2021-08-16,2482,704523431.0
2021-08-17,2482,713834314.0
2021-08-18,2482,716937941.0
2021-08-19,2482,695212549.0
2021-08-20,2482,698316176.0
2021-08-23,2482,720041568.0
2021-08-24,2482,704523431.0
2021-08-25,2482,713834314.0
2021-08-26,2482,716937941.0
2021-08-27,2482,713834314.0
2021-08-30,2482,729352451.0
2021-08-31,2482,729352451.0
2021-09-01,2482,757285098.0
2021-09-02,2482,751077843.0
2021-09-03,2482,751077843.0
2021-09-06,2482,741766961.0
2021-09-07,2482,813150392.0
2021-09-08,2482,794528627.0
2021-09-09,2482,794528627.0
2021-09-10,2482,794528627.0
2021-09-13,2482,806943137.0
2021-09-14,2482,791425000.0
2021-09-15,2482,819357647.0
2021-09-16,2482,816254019.0
2021-09-17,2482,797632255.0
2021-09-22,2482,772803235.0
2021-09-24,2482,813150392.0
2021-09-27,2482,831772157.0
2021-09-28,2482,816254019.0
2021-09-29,2482,788321372.0
2021-09-30,2482,810046764.0
2021-10-01,2482,779010490.0
2021-10-04,2482,760388725.0
2021-10-05,2482,779010490.0
2021-10-06,2482,763492353.0
2021-10-07,2482,788321372.0
2021-10-08,2482,785217745.0
2021-10-12,2482,760388725.0
2021-10-13,2482,757285098.0
2021-10-14,2482,769699608.0
2021-10-15,2482,775906863.0
2021-10-18,2482,779010490.0
2021-10-19,2482,782114117.0
2021-10-20,2482,788321372.0
2021-10-21,2482,794528627.0
2021-10-22,2482,794528627.0
2021-10-25,2482,803839510.0
2021-10-26,2482,810046764.0
2021-10-27,2482,841083039.0
2021-10-28,2482,831772157.0
2021-10-29,2482,875222941.0
2021-11-01,2482,884533823.0
2021-11-02,2482,828668529.0
2021-11-03,2482,837979412.0
2021-11-04,2482,865912059.0
2021-11-05,2482,865912059.0
2021-11-08,2482,859704804.0
2021-11-09,2482,859704804.0
2021-11-10,2482,890741078.0
2021-11-11,2482,878326568.0
2021-11-12,2482,853497549.0
2021-11-15,2482,878326568.0
2021-11-16,2482,869015686.0
2021-11-17,2482,906259215.0
2021-11-18,2482,909362843.0
2021-11-19,2482,965228137.0
2021-11-22,2482,971435392.0
2021-11-23,2482,943502745.0
2021-11-24,2482,937295490.0
2021-11-25,2482,924880980.0
2021-11-26,2482,862808431.0
2021-11-29,2482,850393921.0
2021-11-30,2482,865912059.0
2021-12-01,2482,884533823.0
2021-12-02,2482,881430196.0
2021-12-03,2482,893844706.0
2021-12-06,2482,980746274.0
2021-12-07,2482,974539019.0
2021-12-08,2482,1017989804.0
2021-12-09,2482,1117305882.0
2021-12-10,2482,1049026078.0
2021-12-13,2482,1151445784.0
2021-12-14,2482,1036611568.0
2021-12-15,2482,1055233333.0
2021-12-16,2482,1049026078.0
2021-12-17,2482,1061440588.0
2021-12-20,2482,1027300686.0
2021-12-21,2482,1017989804.0
2021-12-22,2482,1011782549.0
2021-12-23,2482,1014886176.0
2021-12-24,2482,1017989804.0
2021-12-27,2482,1033507941.0
2021-12-28,2482,1086269608.0
2021-12-29,2482,1067647843.0
2021-12-30,2482,1064544215.0
2022-01-03,2482,1042818823.0
2022-01-04,2482,1027300686.0
2022-01-05,2482,1008678921.0
2022-01-06,2482,1005575294.0
2022-01-07,2482,968331764.0
2022-01-10,2482,965228137.0
2022-01-11,2482,918673725.0
2022-01-12,2482,937295490.0
2022-01-13,2482,927984608.0
2022-01-14,2482,906259215.0
2022-01-17,2482,955917255.0
2022-01-18,2482,943502745.0
2022-01-19,2482,952813627.0
2022-01-20,2482,968331764.0
2022-01-21,2482,906259215.0
2022-01-24,2482,927984608.0
2022-01-25,2482,921777353.0
2022-01-26,2482,903155588.0
2022-02-07,2482,952813627.0
2022-02-08,2482,1002471666.0
2022-02-09,2482,1002471666.0
2022-02-10,2482,986953529.0
2022-02-11,2482,999368039.0
2022-02-14,2482,974539019.0
2022-02-15,2482,1002471666.0
2022-02-16,2482,1005575294.0
2022-02-17,2482,986953529.0
2022-02-18,2482,1005575294.0
2022-02-21,2482,990057157.0
2022-02-22,2482,952813627.0
2022-02-23,2482,974539019.0
2022-02-24,2482,927984608.0
2022-02-25,2482,937295490.0
2022-03-01,2482,968331764.0
2022-03-02,2482,977642647.0
2022-03-03,2482,971435392.0
2022-03-04,2482,943502745.0
2022-03-07,2482,881430196.0
2022-03-08,2482,834875784.0
2022-03-09,2482,853497549.0
2022-03-10,2482,859704804.0
2022-03-11,2482,841083039.0
2022-03-14,2482,847290294.0
2022-03-15,2482,813150392.0
2022-03-16,2482,816254019.0
2022-03-17,2482,844186666.0
2022-03-18,2482,847290294.0
2022-03-21,2482,831772157.0
2022-03-22,2482,844186666.0
2022-03-23,2482,927984608.0
2022-03-24,2482,896948333.0
2022-03-25,2482,865912059.0
2022-03-28,2482,862808431.0
2022-03-29,2482,875222941.0
2022-03-30,2482,884533823.0
2022-03-31,2482,869015686.0
2022-04-01,2482,856601176.0
2022-04-06,2482,847290294.0
2022-04-07,2482,819357647.0
2022-04-08,2482,825564902.0
2022-04-11,2482,794528627.0
2022-04-12,2482,788321372.0
2022-04-13,2482,788321372.0
2022-04-14,2482,788321372.0
2022-04-15,2482,772803235.0
2022-04-18,2482,747974215.0
2022-04-19,2482,779010490.0
2022-04-20,2482,788321372.0
2022-04-21,2482,779010490.0
2022-04-22,2482,775906863.0
2022-04-25,2482,741766961.0
2022-04-26,2482,744870588.0
2022-04-27,2482,723145196.0
2022-04-28,2482,744870588.0
2022-04-29,2482,738663333.0
2022-05-03,2482,726248823.0
2022-05-04,2482,723145196.0
2022-05-05,2482,726248823.0
2022-05-06,2482,710730686.0
2022-05-09,2482,701419804.0
2022-05-10,2482,769699608.0
2022-05-11,2482,844186666.0
2022-05-12,2482,834875784.0
2022-05-13,2482,915570098.0
2022-05-16,2482,1005575294.0
2022-05-17,2482,1162949807.0
2022-05-18,2482,1277852034.0
2022-05-19,2482,1403199917.0
2022-05-20,2482,1399718031.0
2022-05-23,2482,1396236146.0
2022-05-24,2482,1270888262.0
2022-05-25,2482,1319634661.0
2022-05-26,2482,1357935404.0
2022-05-27,2482,1448464430.0
2022-05-30,2482,1434536888.0
2022-05-31,2482,1497210830.0
2022-06-01,2482,1497210830.0
2022-06-02,2482,1504174601.0
2022-06-06,2482,1653895684.0
2022-06-07,2482,1817544309.0
2022-06-08,2482,1636486256.0
2022-06-09,2482,1800134881.0
2022-06-10,2482,1977711049.0
2022-06-13,2482,1998602363.0
2022-06-14,2482,1880218251.0
2022-06-15,2482,1988156706.0
2022-06-16,2482,1834953738.0
2022-06-17,2482,1692196426.0
2022-06-20,2482,1532029686.0
2022-06-21,2482,1685232655.0
2022-06-22,2482,1716569625.0
2022-06-23,2482,1580776085.0
2022-06-24,2482,1664341341.0
2022-06-27,2482,1678268883.0
2022-06-28,2482,1664341341.0
2022-06-29,2482,1653895684.0
2022-07-01,2482,1803616767.0
2022-07-04,2482,1908073336.0
2022-07-05,2482,2096095161.0
2022-07-06,2482,1922000879.0
2022-07-07,2482,2113504590.0
2022-07-08,2482,1974229164.0
2022-07-11,2482,1855845051.0
2022-07-12,2482,1747906596.0
2022-07-13,2482,1737460939.0
2022-07-14,2482,1782725453.0
2022-07-15,2482,1827989966.0
2022-07-18,2482,1928964650.0
2022-07-19,2482,1939410307.0
2022-07-20,2482,1894145794.0
2022-07-21,2482,1946374078.0
2022-07-22,2482,1873254480.0
2022-07-25,2482,1890663908.0
2022-07-26,2482,1821026195.0
2022-07-27,2482,2002084249.0
2022-07-28,2482,1977711049.0
2022-07-29,2482,2054312534.0
2022-08-01,2482,2096095161.0
2022-08-02,2482,1981192935.0
2022-08-03,2482,1963783507.0
2022-08-04,2482,1949855964.0
2022-08-05,2482,2064758190.0
2022-08-08,2482,1981192935.0
2022-08-09,2482,2012529906.0
2022-08-10,2482,1901109565.0
2022-08-11,2482,1807098652.0
2022-08-12,2482,1807098652.0
2022-08-15,2482,1789689224.0
2022-08-16,2482,1827989966.0
2022-08-17,2482,1873254480.0
2022-08-18,2482,1852363166.0
2022-08-19,2482,1834953738.0
2022-08-22,2482,1775761682.0
2022-08-23,2482,1737460939.0
2022-08-24,2482,1772279796.0
2022-08-25,2482,1845399395.0
2022-08-26,2482,1803616767.0
2022-08-29,2482,1747906596.0
2022-08-30,2482,1761834139.0
2022-08-31,2482,1737460939.0
2022-09-01,2482,1671305112.0
2022-09-02,2482,1643450027.0
2022-09-05,2482,1598185513.0
2022-09-06,2482,1570330428.0
2022-09-07,2482,1591221742.0
2022-09-08,2482,1633004370.0
2022-09-12,2482,1636486256.0
2022-09-13,2482,1653895684.0
2022-09-14,2482,1633004370.0
2022-09-15,2482,1612113056.0
2022-09-16,2482,1587739856.0
2022-09-19,2482,1552921000.0
2022-09-20,2482,1633004370.0
2022-09-21,2482,1587739856.0
2022-09-22,2482,1646931912.0
2022-09-23,2482,1577294199.0
2022-09-26,2482,1455428202.0
2022-09-27,2482,1490247058.0
2022-09-28,2482,1392754260.0
2022-09-29,2482,1444982545.0
2022-09-30,2482,1455428202.0
2022-10-03,2482,1497210830.0
2022-10-04,2482,1608631170.0
2022-10-05,2482,1594703628.0
2022-10-06,2482,1580776085.0
2022-10-07,2482,1559884771.0
2022-10-11,2482,1455428202.0
2022-10-12,2482,1458910087.0
2022-10-13,2482,1333562204.0
2022-10-14,2482,1434536888.0
2022-10-17,2482,1476319516.0
2022-10-18,2482,1497210830.0
2022-10-19,2482,1497210830.0
2022-10-20,2482,1483283287.0
2022-10-21,2482,1441500659.0
2022-10-24,2482,1490247058.0
2022-10-25,2482,1476319516.0
2022-10-26,2482,1514620258.0
2022-10-27,2482,1514620258.0
2022-10-31,2482,1521584029.0
2022-11-01,2482,1556402886.0
2022-11-02,2482,1542475343.0
2022-11-03,2482,1573812314.0
2022-11-04,2482,1563366657.0
2022-11-07,2482,1605149285.0
2022-11-08,2482,1598185513.0
2022-11-09,2482,1650413798.0
2022-11-10,2482,1573812314.0
2022-11-11,2482,1633004370.0
2022-11-14,2482,1674786998.0
2022-11-15,2482,1674786998.0
2022-11-16,2482,1646931912.0
2022-11-17,2482,1688714540.0
2022-11-21,2482,1657377569.0
2022-11-22,2482,1629522484.0
2022-11-23,2482,1678268883.0
2022-11-24,2482,1740942825.0
2022-11-25,2482,1754870368.0
2022-11-28,2482,1821026195.0
2022-11-29,2482,1803616767.0
2022-11-30,2482,1841917509.0
2022-12-01,2482,1845399395.0
2022-12-02,2482,1869772594.0
2022-12-05,2482,1876736365.0
2022-12-06,2482,1848881280.0
2022-12-07,2482,1834953738.0
2022-12-08,2482,1869772594.0
2022-12-09,2482,1796652995.0
2022-12-12,2482,1890663908.0
2022-12-13,2482,1908073336.0
2022-12-14,2482,1859326937.0
2022-12-15,2482,1904591451.0
2022-12-16,2482,1845399395.0
2022-12-19,2482,1796652995.0
2022-12-20,2482,1733979054.0
2022-12-21,2482,1761834139.0
2022-12-22,2482,1733979054.0
2022-12-23,2482,1685232655.0
2022-12-26,2482,1720051511.0
2022-12-27,2482,1713087740.0
2022-12-28,2482,1657377569.0
2022-12-29,2482,1657377569.0
2022-12-30,2482,1657377569.0
2023-01-03,2482,1720051511.0
2023-01-04,2482,1876736365.0
2023-01-05,2482,1918518993.0
2023-01-06,2482,1890663908.0
2023-01-09,2482,1897627679.0
2023-01-10,2482,1894145794.0
2023-01-11,2482,1852363166.0
2023-01-12,2482,1814062424.0
2023-01-13,2482,1834953738.0
2023-01-16,2482,1908073336.0
2023-01-17,2482,1911555222.0
2023-01-30,2482,2099577047.0
2023-01-31,2482,2301526415.0
2023-02-01,2482,2395537327.0
2023-02-02,2482,2632305551.0
2023-02-03,2482,2715870807.0
2023-02-06,2482,2740244007.0
2023-02-07,2482,2788990406.0
2023-02-08,2482,2924783946.0
2023-02-10,2482,2834254919.0
2023-02-13,2482,2869073776.0
2023-02-14,2482,2952639031.0
2023-02-15,2482,2959602803.0
2023-02-16,2482,3255563083.0
2023-02-17,2482,3551523363.0
2023-02-20,2482,3447066794.0
2023-02-21,2482,3544559592.0
2023-02-22,2482,3342610224.0
2023-02-23,2482,3415729823.0
2023-02-24,2482,3332164567.0
2023-03-01,2482,3363501538.0
2023-03-02,2482,3279936282.0
2023-03-03,2482,3279936282.0
2023-03-06,2482,3607233533.0
2023-03-07,2482,3607233533.0
2023-03-08,2482,3676871246.0
2023-03-09,2482,3837037986.0
2023-03-10,2482,3864893072.0
2023-03-13,2482,3530632049.0
2023-03-14,2482,3628124847.0
2023-03-15,2482,3683835018.0
2023-03-16,2482,3551523363.0
2023-03-17,2482,3676871246.0
2023-03-20,2482,3885784385.0
2023-03-21,2482,4268791807.0
2023-03-22,2482,4338429520.0
2023-03-23,2482,4289683121.0
2023-03-24,2482,4247900493.0
2023-03-27,2482,4303610663.0
2023-03-28,2482,4268791807.0
2023-03-29,2482,4247900493.0
2023-03-30,2482,4275755578.0
2023-03-31,2482,4352357063.0
2023-04-06,2482,4456813632.0
2023-04-07,2482,4533415116.0
2023-04-10,2482,4582161515.0
2023-04-11,2482,4575197744.0
2023-04-12,2482,4651799228.0
2023-04-13,2482,4547342659.0
2023-04-14,2482,4770183341.0
2023-04-17,2482,5208900932.0
2023-04-18,2482,5048734193.0
2023-04-19,2482,5034806650.0
2023-04-20,2482,4637871686.0
2023-04-21,2482,4359320834.0
2023-04-24,2482,4791074654.0
2023-04-25,2482,4700545628.0
2023-04-26,2482,4526451345.0
2023-04-27,2482,4540378888.0
2023-04-28,2482,4993024022.0
2023-05-02,2482,4874639910.0
2023-05-03,2482,4770183341.0
2023-05-05,2482,5091461351.0
2023-05-08,2482,5161527333.0
2023-05-09,2482,4881263406.0
2023-05-10,2482,5013610260.0
2023-05-11,2482,4927974060.0
2023-05-12,2482,5184882661.0
2023-05-15,2482,4951329388.0
2023-05-16,2482,4912403842.0
2023-05-17,2482,5021395370.0
2023-05-18,2482,5301659297.0
2023-05-19,2482,5107031570.0
2023-05-22,2482,5052535806.0
2023-05-23,2482,5083676242.0
2023-05-24,2482,5091461351.0
2023-05-25,2482,4998040042.0
2023-05-26,2482,4873478297.0
2023-05-29,2482,5005825151.0
2023-05-30,2482,4904618733.0
2023-05-31,2482,4912403842.0
2023-06-01,2482,5177097552.0
2023-06-02,2482,5114816679.0
2023-06-05,2482,5309444406.0
2023-06-06,2482,5231593315.0
2023-06-07,2482,5254948643.0
2023-06-08,2482,5776550952.0
2023-06-09,2482,5254948643.0
2023-06-12,2482,5309444406.0
2023-06-13,2482,5527427461.0
2023-06-14,2482,5745410516.0
2023-06-15,2482,5862187152.0
2023-06-16,2482,5799906280.0
2023-06-19,2482,5932253134.0
2023-06-20,2482,5706484970.0
2023-06-21,2482,5690914752.0
2023-06-26,2482,5426221043.0
2023-06-27,2482,5293874188.0
2023-06-28,2482,5309444406.0
2023-06-29,2482,5504072134.0
2023-06-30,2482,5402865715.0
2023-07-03,2482,5558567897.0
2023-07-04,2482,5574138116.0
2023-07-05,2482,5597493443.0
2023-07-06,2482,5496287025.0
2023-07-07,2482,5395080606.0
2023-07-10,2482,5325014624.0
2023-07-11,2482,5371725279.0
2023-07-12,2482,5332799734.0
2023-07-13,2482,5075891133.0
2023-07-14,2482,5184882661.0
2023-07-17,2482,5418435934.0
2023-07-18,2482,5200452879.0
2023-07-19,2482,4982469824.0
2023-07-20,2482,4850122969.0
2023-07-21,2482,4826767642.0
2023-07-24,2482,4600999478.0
2023-07-25,2482,4647710133.0
2023-07-26,2482,4593214369.0
2023-07-27,2482,4671065460.0
2023-07-28,2482,4694420787.0
2023-07-31,2482,4616569696.0
2023-08-01,2482,4569859042.0
2023-08-02,2482,4383016423.0
2023-08-04,2482,4320735551.0
2023-08-07,2482,4437512187.0
2023-08-08,2482,4305165332.0
2023-08-09,2482,4258454678.0
2023-08-10,2482,3865306668.0
2023-08-11,2482,3947050314.0
2023-08-14,2482,3818596014.0
2023-08-15,2482,3931480096.0
2023-08-16,2482,3970405641.0
2023-08-17,2482,4071612059.0
2023-08-18,2482,3962620532.0
2023-08-21,2482,3947050314.0
2023-08-22,2482,3939265205.0
2023-08-23,2482,3900339659.0
2023-08-24,2482,3900339659.0
2023-08-25,2482,3869199223.0
2023-08-28,2482,3767992804.0
2023-08-29,2482,3803025795.0
2023-08-30,2482,3865306668.0
2023-08-31,2482,3857521559.0
2023-09-01,2482,3779670468.0
2023-09-04,2482,3873091777.0
2023-09-05,2482,4079397168.0
2023-09-06,2482,4126107823.0
2023-09-07,2482,3908124768.0
2023-09-08,2482,3631753395.0
2023-09-11,2482,3639538504.0
2023-09-12,2482,3588935295.0
2023-09-13,2482,3600612959.0
2023-09-14,2482,3678464050.0
2023-09-15,2482,3756315141.0
2023-09-18,2482,3682356604.0
2023-09-19,2482,3585042741.0
2023-09-20,2482,3588935295.0
2023-09-21,2482,3495513986.0
2023-09-22,2482,3499406540.0
2023-09-25,2482,3553902304.0
2023-09-26,2482,3476051213.0
2023-09-27,2482,3417662895.0
2023-09-28,2482,3483836322.0
2023-10-02,2482,3538332086.0
2023-10-03,2482,3460480995.0
2023-10-04,2482,3425448004.0
2023-10-05,2482,3479943768.0
2023-10-06,2482,3425448004.0
2023-10-11,2482,3293101149.0
2023-10-12,2482,3386522459.0
2023-10-13,2482,3347596913.0
2023-10-16,2482,3223035167.0
2023-10-17,2482,3219142613.0
2023-10-18,2482,3129613858.0
2023-10-19,2482,3141291522.0
2023-10-20,2482,3063440431.0
2023-10-23,2482,3067332985.0
2023-10-24,2482,3145184076.0
2023-10-25,2482,3223035167.0
2023-10-26,2482,3121828749.0
2023-10-27,2482,3075118095.0
2023-10-30,2482,3114043640.0
2023-10-31,2482,3005052113.0
2023-11-01,2482,3020622331.0
2023-11-02,2482,3141291522.0
2023-11-03,2482,3098473422.0
2023-11-06,2482,3195787286.0
2023-11-07,2482,3125721304.0
2023-11-08,2482,3133506413.0
2023-11-09,2482,3036192549.0
2023-11-10,2482,2938878685.0
2023-11-13,2482,2934986131.0
2023-11-14,2482,2911630803.0
2023-11-15,2482,2950556349.0
2023-11-16,2482,2973911676.0
2023-11-17,2482,2962234013.0
2023-11-20,2482,3040085104.0
2023-11-21,2482,3032299994.0
2023-11-22,2482,3215250058.0
2023-11-23,2482,3238605386.0
2023-11-24,2482,3207464949.0
2023-11-27,2482,3152969186.0
2023-11-28,2482,3164646849.0
2023-11-29,2482,3133506413.0
2023-11-30,2482,3332026695.0
2023-12-01,2482,3281423486.0
2023-12-04,2482,3254175604.0
2023-12-05,2482,3152969186.0
2023-12-06,2482,3219142613.0
2023-12-07,2482,3180217067.0
2023-12-08,2482,3172431958.0
2023-12-11,2482,3149076631.0
2023-12-12,2482,3137398967.0
2023-12-13,2482,3223035167.0
2023-12-14,2482,3230820277.0
2023-12-15,2482,3246390495.0
2023-12-18,2482,3425448004.0
2023-12-19,2482,3409877786.0
2023-12-20,2482,3390415013.0
2023-12-21,2482,3304778813.0
2023-12-22,2482,3273638377.0
2023-12-25,2482,3195787286.0
2023-12-26,2482,3207464949.0
2023-12-27,2482,3191894731.0
2023-12-28,2482,3160754295.0
2023-12-29,2482,3149076631.0
2024-01-02,2482,3141291522.0
2024-01-03,2482,3067332985.0
2024-01-04,2482,3024514885.0
2024-01-05,2482,3040085104.0
2024-01-08,2482,3020622331.0
2024-01-09,2482,2880490367.0
2024-01-10,2482,2818209494.0
2024-01-11,2482,2825994603.0
2024-01-12,2482,2775391394.0
2024-01-15,2482,2802639276.0
2024-01-16,2482,2845457376.0
2024-01-17,2482,2732573294.0
2024-01-18,2482,2693647749.0
2024-01-19,2482,2724788185.0
2024-01-22,2482,2810424385.0
2024-01-23,2482,2790961612.0
2024-01-24,2482,2787069058.0
2024-01-25,2482,2717003076.0
2024-01-26,2482,2701432858.0
2024-01-29,2482,2759821176.0
2024-01-30,2482,2701432858.0
2024-01-31,2482,2674184976.0
2024-02-01,2482,2689755194.0
2024-02-02,2482,2639151985.0
2024-02-05,2482,2592441330.0
2024-02-15,2482,2557408339.0
2024-02-16,2482,2685862640.0
2024-02-19,2482,2666399867.0
2024-02-20,2482,2643044539.0
2024-02-21,2482,2662507312.0
2024-02-22,2482,2662507312.0
2024-02-23,2482,2689755194.0
2024-02-26,2482,2763713731.0
2024-02-27,2482,2674184976.0
2024-02-29,2482,2666399867.0
2024-03-01,2482,2654722203.0
2024-03-04,2482,2697540303.0
2024-03-05,2482,2670292421.0
2024-03-06,2482,2662507312.0
2024-03-07,2482,2592441330.0
2024-03-08,2482,2514590239.0
2024-03-11,2482,2565193448.0
2024-03-12,2482,2623581767.0
2024-03-13,2482,2631366876.0
2024-03-14,2482,2720895630.0
2024-03-15,2482,2713110521.0
2024-03-18,2482,2744250958.0
2024-03-19,2482,2744250958.0
2024-03-20,2482,2868812703.0
2024-03-21,2482,2942771240.0
2024-03-22,2482,2872705258.0
2024-03-25,2482,2794854167.0
2024-03-26,2482,2701432858.0
2024-03-27,2482,2775391394.0
2024-03-28,2482,2717003076.0
2024-03-29,2482,2658614758.0
2024-04-01,2482,2650829649.0
2024-04-02,2482,2615796658.0
2024-04-03,2482,2569086003.0
2024-04-08,2482,2576871112.0
2024-04-09,2482,2623581767.0
2024-04-10,2482,2608011549.0
2024-04-11,2482,2541838121.0
2024-04-12,2482,2518482794.0
2024-04-15,2482,2347210394.0
2024-04-16,2482,2238218866.0
2024-04-17,2482,2308284848.0
2024-04-18,2482,2277144412.0
2024-04-19,2482,2222648648.0
2024-04-22,2482,2179830548.0
2024-04-23,2482,2226541203.0
2024-04-24,2482,2265466748.0
2024-04-25,2482,2218756094.0
2024-04-26,2482,2234326312.0
2024-04-29,2482,2292714630.0
2024-04-30,2482,2288822075.0
2024-05-02,2482,2273251857.0
2024-05-03,2482,2269359303.0
2024-05-06,2482,2284929521.0
2024-05-07,2482,2261574194.0
2024-05-08,2482,2277144412.0
2024-05-09,2482,2218756094.0
2024-05-10,2482,2440631703.0
2024-05-13,2482,2681970085.0
2024-05-14,2482,2814316940.0
2024-05-15,2482,2717003076.0
2024-05-16,2482,2718106614.0
2024-05-17,2482,2749259698.0
2024-05-20,2482,2760942105.0
2024-05-21,2482,2780412783.0
2024-05-22,2482,2698635936.0
2024-05-23,2482,2601282547.0
2024-05-24,2482,2648012174.0
2024-05-27,2482,2667482852.0
2024-05-28,2482,2710318343.0
2024-05-29,2482,2640223903.0
2024-05-30,2482,2624647361.0
2024-05-31,2482,2624647361.0
2024-06-03,2482,2632435632.0
2024-06-04,2482,2893342714.0
2024-06-05,2482,3181508744.0
2024-06-06,2482,3352850709.0
2024-06-07,2482,3138673253.0
2024-06-11,2482,3150355660.0
2024-06-12,2482,3126990847.0
2024-06-13,2482,3193191151.0
2024-06-14,2482,3095837762.0
2024-06-17,2482,3049108136.0
2024-06-18,2482,3010166780.0
2024-06-19,2482,2971225425.0
2024-06-20,2482,3072472949.0
2024-06-21,2482,3103626033.0
2024-06-24,2482,3025743322.0
2024-06-25,2482,3107520169.0
2024-06-26,2482,3033531593.0
2024-06-27,2482,3053002271.0
2024-06-28,2482,3115308440.0
2024-07-01,2482,3158143931.0
2024-07-02,2482,3115308440.0
2024-07-03,2482,3426839284.0
2024-07-04,2482,3395686200.0
2024-07-05,2482,3376215522.0
2024-07-08,2482,3228238371.0
2024-07-09,2482,3111414304.0
2024-07-10,2482,3095837762.0
2024-07-11,2482,3076367085.0
2024-07-12,2482,3115308440.0
2024-07-15,2482,3049108136.0
2024-07-16,2482,3115308440.0
2024-07-17,2482,3177614609.0
2024-07-18,2482,3088049491.0
2024-07-19,2482,3041319865.0
2024-07-22,2482,2803777596.0
2024-07-23,2482,2784306918.0
2024-07-26,2482,2710318343.0
2024-07-29,2482,2593494276.0
2024-07-30,2482,2648012174.0
2024-07-31,2482,2640223903.0
2024-08-01,2482,2737577292.0
2024-08-02,2482,2612964954.0
2024-08-05,2482,2352057872.0
2024-08-06,2482,2231339670.0
2024-08-07,2482,2394893363.0
2024-08-08,2482,2340375466.0
2024-08-09,2482,2301434110.0
2024-08-12,2482,2340375466.0
2024-08-13,2482,2336481330.0
2024-08-14,2482,2328693059.0
2024-08-15,2482,2320904788.0
2024-08-16,2482,2344269601.0
2024-08-19,2482,2371528550.0
2024-08-20,2482,2383210957.0
2024-08-21,2482,2387105092.0
2024-08-22,2482,2410469905.0
2024-08-23,2482,2406575770.0
2024-08-26,2482,2410469905.0
2024-08-27,2482,2414364041.0
2024-08-28,2482,2429940583.0
2024-08-29,2482,2406575770.0
2024-08-30,2482,2488352616.0
2024-09-02,2482,2507823294.0
2024-09-03,2482,2445517125.0
2024-09-04,2482,2320904788.0
2024-09-05,2482,2305328246.0
2024-09-06,2482,2301434110.0
2024-09-09,2482,2324798923.0
2024-09-10,2482,2266386890.0
2024-09-11,2482,2250810348.0
2024-09-12,2482,2313116517.0
2024-09-13,2482,2336481330.0
2024-09-16,2482,2359846143.0
2024-09-18,2482,2317010652.0
2024-09-19,2482,2383210957.0
2024-09-20,2482,2410469905.0
2024-09-23,2482,2429940583.0
2024-09-24,2482,2390999228.0
2024-09-25,2482,2461093668.0
2024-09-26,2482,2406575770.0
2024-09-27,2482,2422152312.0
2024-09-30,2482,2402681634.0
2024-10-01,2482,2383210957.0
2024-10-04,2482,2332587194.0
2024-10-07,2482,2340375466.0
2024-10-08,2482,2301434110.0
2024-10-09,2482,2262492755.0
2024-10-11,2482,2239127941.0
2024-10-14,2482,2390999228.0
2024-10-15,2482,2394893363.0
2024-10-16,2482,2468881939.0
2024-10-17,2482,2484458481.0
2024-10-18,2482,2437728854.0
2024-10-21,2482,2437728854.0
2024-10-22,2482,2422152312.0
2024-10-23,2482,2663588716.0
2024-10-24,2482,2581811870.0
2024-10-25,2482,2511717430.0
2024-10-28,2482,2488352616.0
2024-10-29,2482,2390999228.0
2024-10-30,2482,2320904788.0
2024-11-01,2482,2355952008.0
2024-11-04,2482,2317010652.0
2024-11-05,2482,2324798923.0
2024-11-06,2482,2336481330.0
2024-11-07,2482,2359846143.0
2024-11-08,2482,2281963432.0
2024-11-11,2482,2281963432.0
2024-11-12,2482,2227445535.0
2024-11-13,2482,2223551399.0
2024-11-14,2482,2157351095.0
2024-11-15,2482,2188504179.0
2024-11-18,2482,2137880417.0
2024-11-19,2482,2180715908.0
2024-11-20,2482,2145668688.0
2024-11-21,2482,2169033501.0
2024-11-22,2482,2188504179.0
2024-11-25,2482,2243022077.0
2024-11-26,2482,2239127941.0
2024-11-27,2482,2169033501.0
2024-11-28,2482,2130092146.0
2024-11-29,2482,2133986281.0
2024-12-02,2482,2126198010.0
2024-12-03,2482,2145668688.0
2024-12-04,2482,2184610044.0
2024-12-05,2482,2169033501.0
2024-12-06,2482,2204080721.0
2024-12-09,2482,2176821772.0
2024-12-10,2482,2157351095.0
2024-12-11,2482,2133986281.0
2024-12-12,2482,2133986281.0
2024-12-13,2482,2056103570.0
2024-12-16,2482,1935385368.0
2024-12-17,2482,2017162215.0
2024-12-18,2482,2024950486.0
2024-12-19,2482,2005479808.0
2024-12-20,2482,2028844622.0
2024-12-23,2482,2079468384.0
2024-12-24,2482,2071680113.0
2024-12-25,2482,2098939061.0
2024-12-26,2482,2165139366.0
2024-12-27,2482,2126198010.0
2024-12-30,2482,2098939061.0
2024-12-31,2482,2102833197.0
