date,stock_id,market_value
2008-07-15,4108,3805478000.0
2008-07-16,4108,3984448500.0
2008-07-17,4108,3946770500.0
2008-07-18,4108,3767800000.0
2008-07-21,4108,3852575500.0
2008-07-22,4108,3937351000.0
2008-07-23,4108,4144580000.0
2008-07-24,4108,4125741000.0
2008-07-25,4108,4295292000.0
2008-07-29,4108,4455423500.0
2008-07-30,4108,4361228500.0
2008-07-31,4108,4318840750.0
2008-08-01,4108,4342389500.0
2008-08-04,4108,4342389500.0
2008-08-05,4108,4055094750.0
2008-08-06,4108,4153999500.0
2008-08-07,4108,4097482500.0
2008-08-08,4108,4172838500.0
2008-08-11,4108,4257614000.0
2008-08-12,4108,4210516500.0
2008-08-13,4108,4168128750.0
2008-08-14,4108,4323550500.0
2008-08-15,4108,4219936000.0
2008-08-18,4108,4106902000.0
2008-08-19,4108,4083353250.0
2008-08-20,4108,4050385000.0
2008-08-21,4108,4012707000.0
2008-08-22,4108,3951480250.0
2008-08-25,4108,3956190000.0
2008-08-26,4108,3909092500.0
2008-08-27,4108,3970319250.0
2008-08-28,4108,3909092500.0
2008-08-29,4108,3913802250.0
2008-09-01,4108,3711283000.0
2008-09-02,4108,3532312500.0
2008-09-03,4108,3466376000.0
2008-09-04,4108,3301534750.0
2008-09-05,4108,3296825000.0
2008-09-08,4108,3489924750.0
2008-09-09,4108,3259147000.0
2008-09-10,4108,3315664000.0
2008-09-11,4108,3183791000.0
2008-09-12,4108,3117854500.0
2008-09-15,4108,2901206000.0
2008-09-16,4108,2698686750.0
2008-09-17,4108,2731655000.0
2008-09-18,4108,2566813750.0
2008-09-19,4108,2745784250.0
2008-09-22,4108,2934174250.0
2008-09-23,4108,3136693500.0
2008-09-24,4108,3353342000.0
2008-09-25,4108,3325083500.0
2008-09-26,4108,3249727500.0
2008-09-30,4108,3249727500.0
2008-10-01,4108,3475795500.0
2008-10-02,4108,3409859000.0
2008-10-03,4108,3645346500.0
2008-10-06,4108,3786639000.0
2008-10-07,4108,3730122000.0
2008-10-08,4108,3579410000.0
2008-10-09,4108,3537022250.0
2008-10-13,4108,3438117500.0
2008-10-14,4108,3678314750.0
2008-10-15,4108,3645346500.0
2008-10-16,4108,3518183250.0
2008-10-17,4108,3466376000.0
2008-10-20,4108,3541732000.0
2008-10-21,4108,3786639000.0
2008-10-22,4108,3946770500.0
2008-10-23,4108,4069224000.0
2008-10-24,4108,3927931500.0
2008-10-27,4108,3701863500.0
2008-10-28,4108,3800768250.0
2008-10-29,4108,3626507500.0
2008-10-30,4108,3805478000.0
2008-10-31,4108,3730122000.0
2008-11-03,4108,3786639000.0
2008-11-04,4108,4050385000.0
2008-11-05,4108,4045675250.0
2008-11-06,4108,3932641250.0
2008-11-07,4108,4050385000.0
2008-11-10,4108,3918512000.0
2008-11-11,4108,3654766000.0
2008-11-12,4108,3701863500.0
2008-11-13,4108,3654766000.0
2008-11-14,4108,3861995000.0
2008-11-18,4108,3664185500.0
2008-11-19,4108,3579410000.0
2008-11-20,4108,3466376000.0
2008-11-21,4108,3579410000.0
2008-11-24,4108,3456956500.0
2008-11-25,4108,3513473500.0
2008-11-26,4108,3551151500.0
2008-11-27,4108,3683024500.0
2008-11-28,4108,3598249000.0
2008-12-01,4108,3687734250.0
2008-12-02,4108,3584119750.0
2008-12-03,4108,3579410000.0
2008-12-04,4108,3579410000.0
2008-12-05,4108,3617088000.0
2008-12-08,4108,3692444000.0
2008-12-09,4108,3626507500.0
2008-12-10,4108,3720702500.0
2008-12-11,4108,3975029000.0
2008-12-12,4108,3720702500.0
2008-12-15,4108,3767800000.0
2008-12-16,4108,3730122000.0
2008-12-17,4108,3753670750.0
2008-12-18,4108,3767800000.0
2008-12-19,4108,3786639000.0
2008-12-22,4108,3871414500.0
2008-12-23,4108,3748961000.0
2008-12-24,4108,3814897500.0
2008-12-25,4108,4045675250.0
2008-12-26,4108,3927931500.0
2008-12-29,4108,3975029000.0
2008-12-30,4108,4017416750.0
2008-12-31,4108,4050385000.0
2009-01-05,4108,4040965500.0
2009-01-06,4108,4022126500.0
2009-01-07,4108,3956190000.0
2009-01-08,4108,3777219500.0
2009-01-09,4108,3852575500.0
2009-01-12,4108,3744251250.0
2009-01-13,4108,3781929250.0
2009-01-14,4108,3767800000.0
2009-01-15,4108,3720702500.0
2009-01-16,4108,3706573250.0
2009-01-19,4108,3720702500.0
2009-01-20,4108,3673605000.0
2009-01-21,4108,3701863500.0
2009-02-02,4108,3635927000.0
2009-02-03,4108,3748961000.0
2009-02-04,4108,3730122000.0
2009-02-05,4108,3791348750.0
2009-02-06,4108,3824317000.0
2009-02-09,4108,3772509750.0
2009-02-10,4108,3796058500.0
2009-02-11,4108,3819607250.0
2009-02-12,4108,3852575500.0
2009-02-13,4108,3847865750.0
2009-02-16,4108,3871414500.0
2009-02-17,4108,3786639000.0
2009-02-18,4108,3758380500.0
2009-02-19,4108,3758380500.0
2009-02-20,4108,3739541500.0
2009-02-23,4108,3734831750.0
2009-02-24,4108,3706573250.0
2009-02-25,4108,3763090250.0
2009-02-26,4108,3725412250.0
2009-02-27,4108,3829026750.0
2009-03-02,4108,3720702500.0
2009-03-03,4108,3720702500.0
2009-03-04,4108,3730122000.0
2009-03-05,4108,3739541500.0
2009-03-06,4108,3829026750.0
2009-03-09,4108,3876124250.0
2009-03-10,4108,3824317000.0
2009-03-11,4108,3777219500.0
2009-03-12,4108,3748961000.0
2009-03-13,4108,3758380500.0
2009-03-16,4108,4017416750.0
2009-03-17,4108,4069224000.0
2009-03-18,4108,4069224000.0
2009-03-19,4108,4351809000.0
2009-03-20,4108,4332970000.0
2009-03-23,4108,4568457500.0
2009-03-24,4108,4511940500.0
2009-03-25,4108,4775686500.0
2009-03-26,4108,4851042500.0
2009-03-27,4108,4992335000.0
2009-03-30,4108,4775686500.0
2009-03-31,4108,4738008500.0
2009-04-01,4108,4898140000.0
2009-04-02,4108,4888720500.0
2009-04-03,4108,4813364500.0
2009-04-06,4108,4945237500.0
2009-04-07,4108,5180725000.0
2009-04-08,4108,4964076500.0
2009-04-09,4108,4992335000.0
2009-04-10,4108,5020593500.0
2009-04-13,4108,5105369000.0
2009-04-14,4108,5124208000.0
2009-04-15,4108,5256081000.0
2009-04-16,4108,5086530000.0
2009-04-17,4108,4738008500.0
2009-04-20,4108,4540199000.0
2009-04-21,4108,4851042500.0
2009-04-22,4108,4851042500.0
2009-04-23,4108,4860462000.0
2009-04-24,4108,4855089800.0
2009-04-27,4108,4996775300.0
2009-04-28,4108,4732295700.0
2009-04-29,4108,4543381700.0
2009-04-30,4108,4836198400.0
2009-05-04,4108,4817307000.0
2009-05-05,4108,4741741400.0
2009-05-06,4108,4921209700.0
2009-05-07,4108,4817307000.0
2009-05-08,4108,4751187100.0
2009-05-11,4108,4760632800.0
2009-05-12,4108,4675621500.0
2009-05-13,4108,4666175800.0
2009-05-14,4108,4987329600.0
2009-05-15,4108,4873981200.0
2009-05-18,4108,4836198400.0
2009-05-19,4108,4798415600.0
2009-05-20,4108,4892872600.0
2009-05-21,4108,4751187100.0
2009-05-22,4108,4770078500.0
2009-05-25,4108,4845644100.0
2009-05-26,4108,4807861300.0
2009-05-27,4108,4798415600.0
2009-06-01,4108,4836198400.0
2009-06-02,4108,4732295700.0
2009-06-03,4108,4600055900.0
2009-06-04,4108,4543381700.0
2009-06-05,4108,4566995950.0
2009-06-08,4108,4533936000.0
2009-06-09,4108,4250565000.0
2009-06-10,4108,4156108000.0
2009-06-11,4108,4326130600.0
2009-06-15,4108,4061651000.0
2009-06-16,4108,4075819550.0
2009-06-17,4108,4141939450.0
2009-06-18,4108,3976639700.0
2009-06-19,4108,3858568450.0
2009-06-22,4108,3891628400.0
2009-06-23,4108,3830231350.0
2009-06-24,4108,3797171400.0
2009-06-25,4108,3929411200.0
2009-06-26,4108,4061651000.0
2009-06-29,4108,3825508500.0
2009-06-30,4108,3849122750.0
2009-07-01,4108,3834954200.0
2009-07-02,4108,3872737000.0
2009-07-03,4108,3981362550.0
2009-07-06,4108,4260010700.0
2009-07-07,4108,4439479000.0
2009-07-08,4108,4533936000.0
2009-07-09,4108,4609501600.0
2009-07-10,4108,5529747600.0
2009-07-13,4108,5157553050.0
2009-07-14,4108,5116198100.0
2009-07-15,4108,5222539400.0
2009-07-16,4108,5228447250.0
2009-07-17,4108,5547471150.0
2009-07-20,4108,5695167400.0
2009-07-21,4108,5447037700.0
2009-07-22,4108,5600641800.0
2009-07-23,4108,5482484800.0
2009-07-24,4108,5860587200.0
2009-07-27,4108,6262321000.0
2009-07-28,4108,6356846600.0
2009-07-29,4108,6368662300.0
2009-07-30,4108,6475003600.0
2009-07-31,4108,6794027500.0
2009-08-03,4108,6687686200.0
2009-08-04,4108,6238689600.0
2009-08-05,4108,5919665700.0
2009-08-06,4108,6085085500.0
2009-08-10,4108,6132348300.0
2009-08-11,4108,6061454100.0
2009-08-12,4108,6073269800.0
2009-08-13,4108,6120532600.0
2009-08-14,4108,6096901200.0
2009-08-17,4108,5890126450.0
2009-08-18,4108,5683351700.0
2009-08-19,4108,5612457500.0
2009-08-20,4108,5470669100.0
2009-08-21,4108,5600641800.0
2009-08-24,4108,5831047950.0
2009-08-25,4108,6238689600.0
2009-08-26,4108,6132348300.0
2009-08-27,4108,5836955800.0
2009-08-28,4108,5848771500.0
2009-08-31,4108,5854679350.0
2009-09-01,4108,5836955800.0
2009-09-02,4108,5890126450.0
2009-09-03,4108,5872402900.0
2009-09-04,4108,5825140100.0
2009-09-07,4108,5860587200.0
2009-09-08,4108,5848771500.0
2009-09-09,4108,5896034300.0
2009-09-10,4108,5825140100.0
2009-09-11,4108,5860587200.0
2009-09-14,4108,6002375600.0
2009-09-15,4108,6014191300.0
2009-09-16,4108,6026007000.0
2009-09-17,4108,5955112800.0
2009-09-18,4108,6333215200.0
2009-09-21,4108,6262321000.0
2009-09-22,4108,6203242500.0
2009-09-23,4108,6297768100.0
2009-09-24,4108,6167795400.0
2009-09-25,4108,6167795400.0
2009-09-28,4108,6049638400.0
2009-09-29,4108,6132348300.0
2009-09-30,4108,6144164000.0
2009-10-01,4108,6026007000.0
2009-10-02,4108,5978744200.0
2009-10-05,4108,5966928500.0
2009-10-06,4108,6014191300.0
2009-10-07,4108,6085085500.0
2009-10-08,4108,5955112800.0
2009-10-09,4108,5919665700.0
2009-10-12,4108,5890126450.0
2009-10-13,4108,5943297100.0
2009-10-14,4108,5966928500.0
2009-10-15,4108,5848771500.0
2009-10-16,4108,5872402900.0
2009-10-19,4108,5884218600.0
2009-10-20,4108,5854679350.0
2009-10-21,4108,5978744200.0
2009-10-22,4108,5884218600.0
2009-10-23,4108,5836955800.0
2009-10-26,4108,5807416550.0
2009-10-27,4108,5405682750.0
2009-10-28,4108,5104382400.0
2009-10-29,4108,5210723700.0
2009-10-30,4108,4986225400.0
2009-11-02,4108,5334788550.0
2009-11-03,4108,5317065000.0
2009-11-04,4108,5317065000.0
2009-11-05,4108,5257986500.0
2009-11-06,4108,5193000150.0
2009-11-09,4108,5139829500.0
2009-11-10,4108,5435222000.0
2009-11-11,4108,5322972850.0
2009-11-12,4108,5293433600.0
2009-11-13,4108,5311157150.0
2009-11-16,4108,5311157150.0
2009-11-17,4108,5169368750.0
2009-11-18,4108,5204815850.0
2009-11-19,4108,5210723700.0
2009-11-20,4108,5204815850.0
2009-11-23,4108,5128013800.0
2009-11-24,4108,5163460900.0
2009-11-25,4108,5104382400.0
2009-11-26,4108,5151645200.0
2009-11-27,4108,5021672500.0
2009-11-30,4108,5086658850.0
2009-12-01,4108,5139829500.0
2009-12-02,4108,5157553050.0
2009-12-03,4108,5080751000.0
2009-12-04,4108,5068935300.0
2009-12-07,4108,5234355100.0
2009-12-08,4108,5151645200.0
2009-12-09,4108,5187092300.0
2009-12-10,4108,5080751000.0
2009-12-11,4108,5128013800.0
2009-12-14,4108,5269802200.0
2009-12-15,4108,5222539400.0
2009-12-16,4108,5222539400.0
2009-12-17,4108,5198908000.0
2009-12-18,4108,5151645200.0
2009-12-21,4108,5139829500.0
2009-12-22,4108,5116198100.0
2009-12-23,4108,5080751000.0
2009-12-24,4108,5580058169.0
2009-12-25,4108,5580058169.0
2009-12-28,4108,5593065298.0
2009-12-29,4108,5606072427.0
2009-12-30,4108,5762157970.0
2009-12-31,4108,5710129455.0
2010-01-04,4108,5625583120.0
2010-01-05,4108,5567051041.0
2010-01-06,4108,5554043912.0
2010-01-07,4108,5489008269.0
2010-01-08,4108,5462994012.0
2010-01-11,4108,5469497576.0
2010-01-12,4108,5645093812.0
2010-01-13,4108,5534533219.0
2010-01-14,4108,5515022526.0
2010-01-15,4108,5515022526.0
2010-01-18,4108,5462994012.0
2010-01-19,4108,5541036784.0
2010-01-20,4108,5502015398.0
2010-01-21,4108,5410965498.0
2010-01-22,4108,5410965498.0
2010-01-25,4108,5371944112.0
2010-01-26,4108,5033758768.0
2010-01-27,4108,4838651839.0
2010-01-28,4108,4916694611.0
2010-01-29,4108,4825644711.0
2010-02-01,4108,4825644711.0
2010-02-02,4108,4734594810.0
2010-02-03,4108,4786623325.0
2010-02-04,4108,4851658968.0
2010-02-05,4108,4552495010.0
2010-02-08,4108,4389905903.0
2010-02-09,4108,4682566296.0
2010-02-10,4108,4864666096.0
2010-02-22,4108,4825644711.0
2010-02-23,4108,4773616196.0
2010-02-24,4108,4812637582.0
2010-02-25,4108,4747601939.0
2010-02-26,4108,4955715997.0
2010-03-01,4108,4968723125.0
2010-03-02,4108,4955715997.0
2010-03-03,4108,4981730254.0
2010-03-04,4108,4890680354.0
2010-03-05,4108,4942708868.0
2010-03-08,4108,5007744511.0
2010-03-09,4108,5118305104.0
2010-03-10,4108,5059773025.0
2010-03-11,4108,5170333619.0
2010-03-12,4108,5189844311.0
2010-03-15,4108,5345929855.0
2010-03-16,4108,5267887083.0
2010-03-17,4108,5332922726.0
2010-03-18,4108,5319915597.0
2010-03-19,4108,5352433419.0
2010-03-22,4108,5319915597.0
2010-03-23,4108,5378447676.0
2010-03-24,4108,5339426290.0
2010-03-25,4108,5293901340.0
2010-03-26,4108,5378447676.0
2010-03-29,4108,5384951240.0
2010-03-30,4108,5404461933.0
2010-03-31,4108,5580058169.0
2010-04-01,4108,5554043912.0
2010-04-02,4108,5410965498.0
2010-04-06,4108,5788172227.0
2010-04-07,4108,6191393214.0
2010-04-08,4108,6620628457.0
2010-04-09,4108,7075877958.0
2010-04-12,4108,7036856573.0
2010-04-13,4108,7388049045.0
2010-04-14,4108,7244970630.0
2010-04-15,4108,7739241517.0
2010-04-16,4108,7739241517.0
2010-04-19,4108,7205949244.0
2010-04-20,4108,7427070431.0
2010-04-21,4108,7648191617.0
2010-04-22,4108,7453084688.0
2010-04-23,4108,7428385626.0
2010-04-26,4108,7243993075.0
2010-04-27,4108,7257163972.0
2010-04-28,4108,7112284110.0
2010-04-29,4108,6993746042.0
2010-04-30,4108,6783011698.0
2010-05-03,4108,7020087835.0
2010-05-04,4108,6769840801.0
2010-05-05,4108,6302273975.0
2010-05-06,4108,6124466873.0
2010-05-07,4108,6322030320.0
2010-05-10,4108,6262761286.0
2010-05-11,4108,6282517631.0
2010-05-12,4108,6157394114.0
2010-05-13,4108,6308859424.0
2010-05-14,4108,6341786665.0
2010-05-17,4108,6124466873.0
2010-05-18,4108,6427397492.0
2010-05-19,4108,6315444872.0
2010-05-20,4108,6223248596.0
2010-05-21,4108,5861048943.0
2010-05-24,4108,5887390736.0
2010-05-25,4108,5735925426.0
2010-05-26,4108,5749096322.0
2010-05-27,4108,5782023564.0
2010-05-28,4108,5841292598.0
2010-05-31,4108,6249590389.0
2010-06-01,4108,6163979562.0
2010-06-02,4108,5926903425.0
2010-06-03,4108,6177150459.0
2010-06-04,4108,6032270597.0
2010-06-07,4108,5841292598.0
2010-06-08,4108,5874219839.0
2010-06-09,4108,5742510874.0
2010-06-10,4108,5795194460.0
2010-06-11,4108,5913732529.0
2010-06-14,4108,6019099701.0
2010-06-15,4108,6032270597.0
2010-06-17,4108,6091539631.0
2010-06-18,4108,6065197838.0
2010-06-21,4108,6084954183.0
2010-06-22,4108,6144223217.0
2010-06-23,4108,6203492252.0
2010-06-24,4108,6348372113.0
2010-06-25,4108,6177150459.0
2010-06-28,4108,6223248596.0
2010-06-29,4108,6124466873.0
2010-06-30,4108,6071783287.0
2010-07-01,4108,6084954183.0
2010-07-02,4108,6078368735.0
2010-07-05,4108,6322030320.0
2010-07-06,4108,6322030320.0
2010-07-07,4108,6295688527.0
2010-07-08,4108,6374713906.0
2010-07-09,4108,6717157215.0
2010-07-12,4108,6677644526.0
2010-07-13,4108,6717157215.0
2010-07-14,4108,6677644526.0
2010-07-15,4108,6954233352.0
2010-07-16,4108,7033258731.0
2010-07-19,4108,6835695284.0
2010-07-20,4108,6848866180.0
2010-07-21,4108,6954233352.0
2010-07-22,4108,6835695284.0
2010-07-23,4108,6743499008.0
2010-07-26,4108,6664473629.0
2010-07-27,4108,6717157215.0
2010-07-28,4108,6809353491.0
2010-07-29,4108,6664473629.0
2010-07-30,4108,6690815422.0
2010-08-02,4108,6717157215.0
2010-08-03,4108,6756669905.0
2010-08-04,4108,6875207973.0
2010-08-05,4108,6638131836.0
2010-08-06,4108,6578862802.0
2010-08-09,4108,6519593768.0
2010-08-10,4108,6967404249.0
2010-08-11,4108,6783011698.0
2010-08-12,4108,6743499008.0
2010-08-13,4108,6769840801.0
2010-08-16,4108,6822524387.0
2010-08-17,4108,6756669905.0
2010-08-18,4108,6730328112.0
2010-08-19,4108,6783011698.0
2010-08-20,4108,6730328112.0
2010-08-23,4108,6783011698.0
2010-08-24,4108,6822524387.0
2010-08-25,4108,6532764664.0
2010-08-26,4108,6374713906.0
2010-08-27,4108,6585448250.0
2010-08-30,4108,6387884803.0
2010-08-31,4108,6190321355.0
2010-09-01,4108,6315444872.0
2010-09-02,4108,6282517631.0
2010-09-03,4108,6374713906.0
2010-09-06,4108,6638131836.0
2010-09-07,4108,6638131836.0
2010-09-08,4108,6796182594.0
2010-09-09,4108,6717157215.0
2010-09-10,4108,6783011698.0
2010-09-13,4108,6730328112.0
2010-09-14,4108,6743499008.0
2010-09-15,4108,6690815422.0
2010-09-16,4108,6651302733.0
2010-09-17,4108,6651302733.0
2010-09-20,4108,6638131836.0
2010-09-21,4108,6585448250.0
2010-09-23,4108,6651302733.0
2010-09-24,4108,6611790043.0
2010-09-27,4108,6539350112.0
2010-09-28,4108,6585448250.0
2010-09-29,4108,6730328112.0
2010-09-30,4108,6638131836.0
2010-10-01,4108,6783011698.0
2010-10-04,4108,6835695284.0
2010-10-05,4108,6677644526.0
2010-10-06,4108,6677644526.0
2010-10-07,4108,7138625903.0
2010-10-08,4108,7085942317.0
2010-10-11,4108,6848866180.0
2010-10-12,4108,6730328112.0
2010-10-13,4108,6927891559.0
2010-10-14,4108,6835695284.0
2010-10-15,4108,6756669905.0
2010-10-18,4108,6690815422.0
2010-10-19,4108,6690815422.0
2010-10-20,4108,6743499008.0
2010-10-21,4108,6690815422.0
2010-10-22,4108,6611790043.0
2010-10-25,4108,6664473629.0
2010-10-26,4108,6585448250.0
2010-10-27,4108,6585448250.0
2010-10-28,4108,6585448250.0
2010-10-29,4108,6565691905.0
2010-11-01,4108,6572277354.0
2010-11-02,4108,6453739285.0
2010-11-03,4108,6295688527.0
2010-11-04,4108,6315444872.0
2010-11-05,4108,6335201217.0
2010-11-08,4108,6269346734.0
2010-11-09,4108,6295688527.0
2010-11-10,4108,6229834045.0
2010-11-11,4108,6163979562.0
2010-11-12,4108,6216663148.0
2010-11-15,4108,6308859424.0
2010-11-16,4108,6203492252.0
2010-11-17,4108,6229834045.0
2010-11-18,4108,6269346734.0
2010-11-19,4108,6203492252.0
2010-11-22,4108,6196906803.0
2010-11-23,4108,6163979562.0
2010-11-24,4108,6091539631.0
2010-11-25,4108,6025685149.0
2010-11-26,4108,5920317977.0
2010-11-29,4108,6163979562.0
2010-11-30,4108,6098125080.0
2010-12-01,4108,6190321355.0
2010-12-02,4108,6098125080.0
2010-12-03,4108,6131052321.0
2010-12-06,4108,6150808666.0
2010-12-07,4108,6104710528.0
2010-12-08,4108,6091539631.0
2010-12-09,4108,6256175838.0
2010-12-10,4108,6216663148.0
2010-12-13,4108,6559106457.0
2010-12-14,4108,6407641147.0
2010-12-15,4108,6578862802.0
2010-12-16,4108,6651302733.0
2010-12-17,4108,6493251975.0
2010-12-20,4108,6466910182.0
2010-12-21,4108,6401055699.0
2010-12-22,4108,6440568389.0
2010-12-23,4108,6374713906.0
2010-12-24,4108,6328615768.0
2010-12-27,4108,6282517631.0
2010-12-28,4108,6223248596.0
2010-12-29,4108,6150808666.0
2010-12-30,4108,6262761286.0
2010-12-31,4108,6223248596.0
2011-01-03,4108,6236419493.0
2011-01-04,4108,6269346734.0
2011-01-05,4108,6440568389.0
2011-01-06,4108,6368128458.0
2011-01-07,4108,6269346734.0
2011-01-10,4108,6256175838.0
2011-01-11,4108,6275932182.0
2011-01-12,4108,6295688527.0
2011-01-13,4108,6243004941.0
2011-01-14,4108,6216663148.0
2011-01-17,4108,6196906803.0
2011-01-18,4108,6269346734.0
2011-01-19,4108,6295688527.0
2011-01-20,4108,6295688527.0
2011-01-21,4108,6315444872.0
2011-01-24,4108,6289103079.0
2011-01-25,4108,6275932182.0
2011-01-26,4108,6236419493.0
2011-01-27,4108,6223248596.0
2011-01-28,4108,6243004941.0
2011-02-08,4108,6190321355.0
2011-02-09,4108,6282517631.0
2011-02-10,4108,6216663148.0
2011-02-11,4108,6084954183.0
2011-02-14,4108,6065197838.0
2011-02-15,4108,6091539631.0
2011-02-16,4108,6104710528.0
2011-02-17,4108,6190321355.0
2011-02-18,4108,6183735907.0
2011-02-21,4108,6243004941.0
2011-02-22,4108,6322030320.0
2011-02-23,4108,6190321355.0
2011-02-24,4108,6157394114.0
2011-02-25,4108,6104710528.0
2011-03-01,4108,6163979562.0
2011-03-02,4108,6157394114.0
2011-03-03,4108,6236419493.0
2011-03-04,4108,6229834045.0
2011-03-07,4108,6229834045.0
2011-03-08,4108,6664473629.0
2011-03-09,4108,6796182594.0
2011-03-10,4108,6638131836.0
2011-03-11,4108,6980575145.0
2011-03-14,4108,7020087835.0
2011-03-15,4108,6532764664.0
2011-03-16,4108,6480081078.0
2011-03-17,4108,6427397492.0
2011-03-18,4108,6552521009.0
2011-03-21,4108,6559106457.0
2011-03-22,4108,6809353491.0
2011-03-23,4108,6835695284.0
2011-03-24,4108,6743499008.0
2011-03-25,4108,6703986319.0
2011-03-28,4108,6822524387.0
2011-03-29,4108,6822524387.0
2011-03-30,4108,6796182594.0
2011-03-31,4108,6901549766.0
2011-04-01,4108,7138625903.0
2011-04-06,4108,7085942317.0
2011-04-07,4108,7099113214.0
2011-04-08,4108,7204480386.0
2011-04-11,4108,7151796800.0
2011-04-12,4108,7020087835.0
2011-04-13,4108,7033258731.0
2011-04-14,4108,7072771421.0
2011-04-15,4108,6967404249.0
2011-04-18,4108,6993746042.0
2011-04-19,4108,6993746042.0
2011-04-20,4108,7112284110.0
2011-04-21,4108,7046429628.0
2011-04-22,4108,7191309489.0
2011-04-25,4108,7230822179.0
2011-04-26,4108,7151796800.0
2011-04-27,4108,7072771421.0
2011-04-28,4108,6967404249.0
2011-04-29,4108,6848866180.0
2011-05-03,4108,6914720663.0
2011-05-04,4108,7033258731.0
2011-05-05,4108,6941062456.0
2011-05-06,4108,6980575145.0
2011-05-09,4108,6901549766.0
2011-05-10,4108,6888378870.0
2011-05-11,4108,7362531144.0
2011-05-12,4108,7178138593.0
2011-05-13,4108,7151796800.0
2011-05-16,4108,7006916938.0
2011-05-17,4108,7044960992.0
2011-05-18,4108,7204169150.0
2011-05-19,4108,7071495685.0
2011-05-20,4108,7005158952.0
2011-05-23,4108,6978624259.0
2011-05-24,4108,6845950794.0
2011-05-25,4108,6806148755.0
2011-05-26,4108,6859218141.0
2011-05-27,4108,6845950794.0
2011-05-30,4108,6739812022.0
2011-05-31,4108,6885752834.0
2011-06-01,4108,6885752834.0
2011-06-02,4108,6859218141.0
2011-06-03,4108,6965356913.0
2011-06-07,4108,6925554873.0
2011-06-08,4108,6872485487.0
2011-06-09,4108,6899020180.0
2011-06-10,4108,6700009983.0
2011-06-13,4108,6713277329.0
2011-06-14,4108,6779614062.0
2011-06-15,4108,6753079369.0
2011-06-16,4108,6620405904.0
2011-06-17,4108,6507633458.0
2011-06-20,4108,6209118162.0
2011-06-21,4108,6394861013.0
2011-06-22,4108,6368326320.0
2011-06-23,4108,6288722241.0
2011-06-24,4108,6434663053.0
2011-06-27,4108,6507633458.0
2011-06-28,4108,6474465092.0
2011-06-29,4108,6507633458.0
2011-06-30,4108,6487732439.0
2011-07-01,4108,6494366112.0
2011-07-04,4108,6441296726.0
2011-07-05,4108,6368326320.0
2011-07-06,4108,6381593667.0
2011-07-07,4108,6434663053.0
2011-07-08,4108,6355058974.0
2011-07-11,4108,6295355914.0
2011-07-12,4108,6335157954.0
2011-07-13,4108,6288722241.0
2011-07-14,4108,6262187548.0
2011-07-15,4108,6527534478.0
2011-07-18,4108,6554069171.0
2011-07-19,4108,6527534478.0
2011-07-20,4108,6806148755.0
2011-07-21,4108,6646940597.0
2011-07-22,4108,6686742636.0
2011-07-25,4108,6487732439.0
2011-07-26,4108,6587237537.0
2011-07-27,4108,6573970191.0
2011-07-28,4108,6500999785.0
2011-07-29,4108,6454564072.0
2011-08-01,4108,6540801825.0
2011-08-02,4108,6481098765.0
2011-08-03,4108,6341791627.0
2011-08-04,4108,6328524281.0
2011-08-05,4108,5890701846.0
2011-08-08,4108,5479414105.0
2011-08-09,4108,5214067175.0
2011-08-10,4108,5578919203.0
2011-08-11,4108,5505948798.0
2011-08-12,4108,5572285530.0
2011-08-15,4108,5585552877.0
2011-08-16,4108,5638622263.0
2011-08-17,4108,5731493688.0
2011-08-18,4108,5519216144.0
2011-08-19,4108,5187532482.0
2011-08-22,4108,5240601868.0
2011-08-23,4108,5333473293.0
2011-08-24,4108,5306938600.0
2011-08-25,4108,5247235541.0
2011-08-26,4108,5200799828.0
2011-08-29,4108,5280403907.0
2011-08-30,4108,5360007986.0
2011-08-31,4108,5373275333.0
2011-09-01,4108,5373275333.0
2011-09-02,4108,5360007986.0
2011-09-05,4108,5306938600.0
2011-09-06,4108,5134463096.0
2011-09-07,4108,5227334521.0
2011-09-08,4108,5227334521.0
2011-09-09,4108,5240601868.0
2011-09-13,4108,5068126363.0
2011-09-14,4108,4908918205.0
2011-09-15,4108,5001789631.0
2011-09-16,4108,5134463096.0
2011-09-19,4108,5081393710.0
2011-09-20,4108,5041591670.0
2011-09-21,4108,5121195749.0
2011-09-22,4108,4948720245.0
2011-09-23,4108,4683373315.0
2011-09-26,4108,4358323325.0
2011-09-27,4108,4298620266.0
2011-09-28,4108,4371590672.0
2011-09-29,4108,4398125365.0
2011-09-30,4108,4391491692.0
2011-10-03,4108,4245550880.0
2011-10-04,4108,4192481494.0
2011-10-05,4108,4298620266.0
2011-10-06,4108,4305253939.0
2011-10-07,4108,4325154959.0
2011-10-11,4108,4623670255.0
2011-10-12,4108,4550699850.0
2011-10-13,4108,4656838622.0
2011-10-14,4108,4590501889.0
2011-10-17,4108,4643571275.0
2011-10-18,4108,4544066176.0
2011-10-19,4108,4544066176.0
2011-10-20,4108,4510897810.0
2011-10-21,4108,4537432503.0
2011-10-24,4108,4617036582.0
2011-10-25,4108,4636937602.0
2011-10-26,4108,4630303929.0
2011-10-27,4108,4948720245.0
2011-10-28,4108,4902284532.0
2011-10-31,4108,5127829422.0
2011-11-01,4108,5121195749.0
2011-11-02,4108,5094661056.0
2011-11-03,4108,5048225343.0
2011-11-04,4108,5081393710.0
2011-11-07,4108,5048225343.0
2011-11-08,4108,5048225343.0
2011-11-09,4108,5054859017.0
2011-11-10,4108,4703274334.0
2011-11-11,4108,4736442701.0
2011-11-14,4108,4835947799.0
2011-11-15,4108,4769611067.0
2011-11-16,4108,4650204948.0
2011-11-17,4108,4643571275.0
2011-11-18,4108,4590501889.0
2011-11-21,4108,4272085573.0
2011-11-22,4108,4219016187.0
2011-11-23,4108,4053174356.0
2011-11-24,4108,4066441702.0
2011-11-25,4108,3993471297.0
2011-11-28,4108,4112877415.0
2011-11-29,4108,4139412108.0
2011-11-30,4108,3980203950.0
2011-12-01,4108,4112877415.0
2011-12-02,4108,4258818227.0
2011-12-05,4108,4265451900.0
2011-12-06,4108,4126144762.0
2011-12-07,4108,4020005990.0
2011-12-08,4108,3980203950.0
2011-12-09,4108,3854164158.0
2011-12-12,4108,3927134564.0
2011-12-13,4108,3867431505.0
2011-12-14,4108,3927134564.0
2011-12-15,4108,3820995792.0
2011-12-16,4108,3834263139.0
2011-12-19,4108,3608718248.0
2011-12-20,4108,3549015189.0
2011-12-21,4108,3794461099.0
2011-12-22,4108,4059808029.0
2011-12-23,4108,4219016187.0
2011-12-26,4108,4212382514.0
2011-12-27,4108,4225649860.0
2011-12-28,4108,4351689652.0
2011-12-29,4108,4272085573.0
2011-12-30,4108,4225649860.0
2012-01-02,4108,4079709049.0
2012-01-03,4108,4192481494.0
2012-01-04,4108,4258818227.0
2012-01-05,4108,4272085573.0
2012-01-06,4108,4291986593.0
2012-01-09,4108,4291986593.0
2012-01-10,4108,4258818227.0
2012-01-11,4108,4245550880.0
2012-01-12,4108,4086342722.0
2012-01-13,4108,4112877415.0
2012-01-16,4108,4026639663.0
2012-01-17,4108,4112877415.0
2012-01-18,4108,4119511088.0
2012-01-30,4108,4338422306.0
2012-01-31,4108,4510897810.0
2012-02-01,4108,4550699850.0
2012-02-02,4108,4537432503.0
2012-02-03,4108,4849215146.0
2012-02-06,4108,4577234543.0
2012-02-07,4108,4670105968.0
2012-02-08,4108,4762977394.0
2012-02-09,4108,4776244740.0
2012-02-10,4108,4802779433.0
2012-02-13,4108,5068126363.0
2012-02-14,4108,5419711045.0
2012-02-15,4108,5625354916.0
2012-02-16,4108,5306938600.0
2012-02-17,4108,5306938600.0
2012-02-20,4108,5499315124.0
2012-02-21,4108,5293671254.0
2012-02-22,4108,5293671254.0
2012-02-23,4108,5360007986.0
2012-02-24,4108,5313572273.0
2012-02-29,4108,5446245738.0
2012-03-01,4108,5366641659.0
2012-03-02,4108,5419711045.0
2012-03-05,4108,5280403907.0
2012-03-06,4108,5041591670.0
2012-03-07,4108,5127829422.0
2012-03-08,4108,5107928403.0
2012-03-09,4108,5127829422.0
2012-03-12,4108,5068126363.0
2012-03-13,4108,5068126363.0
2012-03-14,4108,5147730442.0
2012-03-15,4108,5094661056.0
2012-03-16,4108,5114562076.0
2012-03-19,4108,5094661056.0
2012-03-20,4108,5074760036.0
2012-03-21,4108,5001789631.0
2012-03-22,4108,5346740640.0
2012-03-23,4108,5466146758.0
2012-03-26,4108,5413077372.0
2012-03-27,4108,5631988589.0
2012-03-28,4108,5452879412.0
2012-03-29,4108,5287037580.0
2012-03-30,4108,5253869214.0
2012-04-02,4108,5147730442.0
2012-04-03,4108,4988522284.0
2012-04-05,4108,4908918205.0
2012-04-06,4108,5247235541.0
2012-04-09,4108,5340106966.0
2012-04-10,4108,5333473293.0
2012-04-11,4108,5399810026.0
2012-04-12,4108,5386542679.0
2012-04-13,4108,5399810026.0
2012-04-16,4108,5360007986.0
2012-04-17,4108,5180898808.0
2012-04-18,4108,5187532482.0
2012-04-19,4108,5260502887.0
2012-04-20,4108,5240601868.0
2012-04-23,4108,5605453896.0
2012-04-24,4108,5777929401.0
2012-04-25,4108,5744761035.0
2012-04-26,4108,5744761035.0
2012-04-27,4108,5505948798.0
2012-04-30,4108,5545750837.0
2012-05-02,4108,5704958995.0
2012-05-03,4108,5638622263.0
2012-05-04,4108,5937137559.0
2012-05-07,4108,5917236539.0
2012-05-08,4108,5837632460.0
2012-05-09,4108,5718226342.0
2012-05-10,4108,5704958995.0
2012-05-11,4108,5479414105.0
2012-05-14,4108,5479414105.0
2012-05-15,4108,5525849817.0
2012-05-16,4108,5426344719.0
2012-05-17,4108,5386542679.0
2012-05-18,4108,5081393710.0
2012-05-21,4108,5074760036.0
2012-05-22,4108,5240601868.0
2012-05-23,4108,5094661056.0
2012-05-24,4108,5107928403.0
2012-05-25,4108,5147730442.0
2012-05-28,4108,5160997789.0
2012-05-29,4108,5333473293.0
2012-05-30,4108,5584570530.0
2012-05-31,4108,5584570530.0
2012-06-01,4108,5331935197.0
2012-06-04,4108,5125837951.0
2012-06-05,4108,5212265828.0
2012-06-06,4108,5265452214.0
2012-06-07,4108,5159079442.0
2012-06-08,4108,5165727740.0
2012-06-11,4108,5218914126.0
2012-06-12,4108,5172376039.0
2012-06-13,4108,5172376039.0
2012-06-14,4108,5119189653.0
2012-06-15,4108,5139134547.0
2012-06-18,4108,5238859021.0
2012-06-19,4108,5265452214.0
2012-06-20,4108,5411714776.0
2012-06-21,4108,5325286898.0
2012-06-22,4108,5325286898.0
2012-06-25,4108,5345231793.0
2012-06-26,4108,5411714776.0
2012-06-27,4108,5405066477.0
2012-06-28,4108,5385121583.0
2012-06-29,4108,5398418179.0
2012-07-02,4108,5504790951.0
2012-07-03,4108,5405066477.0
2012-07-04,4108,5451604565.0
2012-07-05,4108,5458252863.0
2012-07-06,4108,5385121583.0
2012-07-09,4108,5318638600.0
2012-07-10,4108,5238859021.0
2012-07-11,4108,5584570530.0
2012-07-12,4108,5571273934.0
2012-07-13,4108,5557977337.0
2012-07-16,4108,5704239899.0
2012-07-17,4108,5664350109.0
2012-07-18,4108,5584570530.0
2012-07-19,4108,5611163723.0
2012-07-20,4108,5644405214.0
2012-07-23,4108,5717536495.0
2012-07-24,4108,5584570530.0
2012-07-25,4108,5518087548.0
2012-07-26,4108,5538032442.0
2012-07-27,4108,5531384144.0
2012-07-30,4108,5584570530.0
2012-07-31,4108,5551329039.0
2012-08-01,4108,5584570530.0
2012-08-03,4108,5544680741.0
2012-08-06,4108,5544680741.0
2012-08-07,4108,5464901162.0
2012-08-08,4108,5425011372.0
2012-08-09,4108,5498142653.0
2012-08-10,4108,5524735846.0
2012-08-13,4108,5478197758.0
2012-08-14,4108,5458252863.0
2012-08-15,4108,5511439249.0
2012-08-16,4108,5604515425.0
2012-08-17,4108,5584570530.0
2012-08-20,4108,5611163723.0
2012-08-21,4108,5750777986.0
2012-08-22,4108,5784019478.0
2012-08-23,4108,5797316074.0
2012-08-24,4108,6202862267.0
2012-08-27,4108,6448849303.0
2012-08-28,4108,6382366320.0
2012-08-29,4108,6821154005.0
2012-08-30,4108,6874340391.0
2012-08-31,4108,6781264215.0
2012-09-03,4108,6648298250.0
2012-09-04,4108,6581815268.0
2012-09-05,4108,6648298250.0
2012-09-06,4108,6515332285.0
2012-09-07,4108,6488739092.0
2012-09-10,4108,6535277180.0
2012-09-11,4108,6468794197.0
2012-09-12,4108,6581815268.0
2012-09-13,4108,6581815268.0
2012-09-14,4108,6728077829.0
2012-09-17,4108,6767967619.0
2012-09-18,4108,6714781233.0
2012-09-19,4108,6754671022.0
2012-09-20,4108,6807857408.0
2012-09-21,4108,6781264215.0
2012-09-24,4108,6900933584.0
2012-09-25,4108,7126975724.0
2012-09-26,4108,7565763409.0
2012-09-27,4108,7552466812.0
2012-09-28,4108,7485983830.0
2012-10-01,4108,7353017865.0
2012-10-02,4108,7206755303.0
2012-10-03,4108,7060492742.0
2012-10-04,4108,7313128075.0
2012-10-05,4108,7220051900.0
2012-10-08,4108,7180162110.0
2012-10-09,4108,7166865514.0
2012-10-11,4108,6834450601.0
2012-10-12,4108,6940823373.0
2012-10-15,4108,6714781233.0
2012-10-16,4108,7140272321.0
2012-10-17,4108,7047196145.0
2012-10-18,4108,6874340391.0
2012-10-19,4108,7140272321.0
2012-10-22,4108,7033899549.0
2012-10-23,4108,6980713163.0
2012-10-24,4108,6674891443.0
2012-10-25,4108,6754671022.0
2012-10-26,4108,6648298250.0
2012-10-29,4108,6182917373.0
2012-10-30,4108,6103137794.0
2012-10-31,4108,6049951408.0
2012-11-01,4108,6043303109.0
2012-11-02,4108,6116434390.0
2012-11-05,4108,6116434390.0
2012-11-06,4108,6156324180.0
2012-11-07,4108,6342476531.0
2012-11-08,4108,6329179934.0
2012-11-09,4108,6322531636.0
2012-11-12,4108,6189565671.0
2012-11-13,4108,6089841197.0
2012-11-14,4108,6149675881.0
2012-11-15,4108,6116434390.0
2012-11-16,4108,7458697857.0
2012-11-19,4108,7002707595.0
2012-11-20,4108,7022275128.0
2012-11-21,4108,6843467197.0
2012-11-22,4108,6859722463.0
2012-11-23,4108,7062913294.0
2012-11-26,4108,7160444893.0
2012-11-27,4108,7184827793.0
2012-11-28,4108,7509933123.0
2012-11-29,4108,7518060756.0
2012-11-30,4108,7396146258.0
2012-12-03,4108,7331125192.0
2012-12-04,4108,7461167324.0
2012-12-05,4108,7639975255.0
2012-12-06,4108,7509933123.0
2012-12-07,4108,7509933123.0
2012-12-10,4108,7461167324.0
2012-12-11,4108,7485550223.0
2012-12-12,4108,8005718751.0
2012-12-13,4108,8054484551.0
2012-12-14,4108,8078867451.0
2012-12-17,4108,8355206981.0
2012-12-18,4108,8452738580.0
2012-12-19,4108,8371462248.0
2012-12-20,4108,8338951715.0
2012-12-21,4108,8257675382.0
2012-12-24,4108,8517759646.0
2012-12-25,4108,8241420116.0
2012-12-26,4108,8225164849.0
2012-12-27,4108,8013846385.0
2012-12-28,4108,8111377984.0
2013-01-02,4108,8062612184.0
2013-01-03,4108,8127633250.0
2013-01-04,4108,8160143783.0
2013-01-07,4108,8241420116.0
2013-01-08,4108,8241420116.0
2013-01-09,4108,8127633250.0
2013-01-10,4108,7900059519.0
2013-01-11,4108,7932570052.0
2013-01-14,4108,7965080585.0
2013-01-15,4108,7981335852.0
2013-01-16,4108,7770017387.0
2013-01-17,4108,7371763358.0
2013-01-18,4108,7534316023.0
2013-01-21,4108,7542443656.0
2013-01-22,4108,7672485788.0
2013-01-23,4108,7623719989.0
2013-01-24,4108,7509933123.0
2013-01-25,4108,7526188390.0
2013-01-28,4108,7444912057.0
2013-01-29,4108,7493677857.0
2013-01-30,4108,7518060756.0
2013-01-31,4108,7631847622.0
2013-02-01,4108,7526188390.0
2013-02-04,4108,7493677857.0
2013-02-05,4108,7900059519.0
2013-02-06,4108,7965080585.0
2013-02-18,4108,7900059519.0
2013-02-19,4108,7940697685.0
2013-02-20,4108,8095122717.0
2013-02-21,4108,8468993847.0
2013-02-22,4108,8582780712.0
2013-02-25,4108,8355206981.0
2013-02-26,4108,8322696448.0
2013-02-27,4108,8322696448.0
2013-03-01,4108,8338951715.0
2013-03-04,4108,8387717514.0
2013-03-05,4108,8436483314.0
2013-03-06,4108,8241420116.0
2013-03-07,4108,8192654316.0
2013-03-08,4108,8127633250.0
2013-03-11,4108,8160143783.0
2013-03-12,4108,8176399050.0
2013-03-13,4108,8054484551.0
2013-03-14,4108,8030101651.0
2013-03-15,4108,8095122717.0
2013-03-18,4108,7956952952.0
2013-03-19,4108,7948825319.0
2013-03-20,4108,8046356918.0
2013-03-21,4108,8127633250.0
2013-03-22,4108,8054484551.0
2013-03-25,4108,8468993847.0
2013-03-26,4108,8355206981.0
2013-03-27,4108,8355206981.0
2013-03-28,4108,8192654316.0
2013-03-29,4108,8160143783.0
2013-04-01,4108,8005718751.0
2013-04-02,4108,8062612184.0
2013-04-03,4108,8208909583.0
2013-04-08,4108,7973208218.0
2013-04-09,4108,8111377984.0
2013-04-10,4108,7997591118.0
2013-04-11,4108,8046356918.0
2013-04-12,4108,7900059519.0
2013-04-15,4108,7656230522.0
2013-04-16,4108,7713123954.0
2013-04-17,4108,7680613421.0
2013-04-18,4108,7639975255.0
2013-04-19,4108,7664358155.0
2013-04-22,4108,7688741055.0
2013-04-23,4108,7713123954.0
2013-04-24,4108,7704996321.0
2013-04-25,4108,7664358155.0
2013-04-26,4108,7591209456.0
2013-04-29,4108,7412401524.0
2013-04-30,4108,7420529157.0
2013-05-02,4108,7501805490.0
2013-05-03,4108,7420529157.0
2013-05-06,4108,7558698923.0
2013-05-07,4108,7656230522.0
2013-05-08,4108,7607464722.0
2013-05-09,4108,7615592355.0
2013-05-10,4108,7648102888.0
2013-05-13,4108,7574954189.0
2013-05-14,4108,7493677857.0
2013-05-15,4108,7526188390.0
2013-05-16,4108,7493677857.0
2013-05-17,4108,7656230522.0
2013-05-20,4108,7753762121.0
2013-05-21,4108,7786272654.0
2013-05-22,4108,7704996321.0
2013-05-23,4108,7591209456.0
2013-05-24,4108,7493677857.0
2013-05-27,4108,7493677857.0
2013-05-28,4108,7493677857.0
2013-05-29,4108,7509933123.0
2013-05-30,4108,7526188390.0
2013-05-31,4108,7493677857.0
2013-06-03,4108,7444912057.0
2013-06-04,4108,7493677857.0
2013-06-05,4108,7444912057.0
2013-06-06,4108,7379890991.0
2013-06-07,4108,7331125192.0
2013-06-10,4108,7538116298.0
2013-06-11,4108,7431715091.0
2013-06-13,4108,7235282093.0
2013-06-14,4108,7186173844.0
2013-06-17,4108,7251651510.0
2013-06-18,4108,7186173844.0
2013-06-19,4108,7300759759.0
2013-06-20,4108,7153435011.0
2013-06-21,4108,7120696178.0
2013-06-24,4108,7030664387.0
2013-06-25,4108,6580505433.0
2013-06-26,4108,6613244266.0
2013-06-27,4108,6629613683.0
2013-06-28,4108,6605059558.0
2013-07-01,4108,6875154930.0
2013-07-02,4108,6809677264.0
2013-07-03,4108,6842416097.0
2013-07-04,4108,6744199598.0
2013-07-05,4108,6736014890.0
2013-07-08,4108,6695091349.0
2013-07-09,4108,6629613683.0
2013-07-10,4108,6613244266.0
2013-07-11,4108,6613244266.0
2013-07-12,4108,7071587928.0
2013-07-15,4108,7120696178.0
2013-07-16,4108,7071587928.0
2013-07-17,4108,7112511469.0
2013-07-18,4108,7202543260.0
2013-07-19,4108,7071587928.0
2013-07-22,4108,6989740846.0
2013-07-23,4108,7022479679.0
2013-07-24,4108,6997925554.0
2013-07-25,4108,6981556137.0
2013-07-26,4108,6817861972.0
2013-07-29,4108,6826046681.0
2013-07-30,4108,6858785514.0
2013-07-31,4108,6834231389.0
2013-08-01,4108,6760569015.0
2013-08-02,4108,6989740846.0
2013-08-05,4108,6883339638.0
2013-08-06,4108,6891524347.0
2013-08-07,4108,6760569015.0
2013-08-08,4108,6883339638.0
2013-08-09,4108,6907893763.0
2013-08-12,4108,6744199598.0
2013-08-13,4108,6760569015.0
2013-08-14,4108,6744199598.0
2013-08-15,4108,6727830182.0
2013-08-16,4108,6727830182.0
2013-08-19,4108,6793307848.0
2013-08-20,4108,6613244266.0
2013-08-22,4108,6654167807.0
2013-08-23,4108,6621428974.0
2013-08-26,4108,6629613683.0
2013-08-27,4108,6555951308.0
2013-08-28,4108,6441365393.0
2013-08-29,4108,6531397184.0
2013-08-30,4108,6555951308.0
2013-09-02,4108,6629613683.0
2013-09-03,4108,6809677264.0
2013-09-04,4108,6727830182.0
2013-09-05,4108,6801492556.0
2013-09-06,4108,7022479679.0
2013-09-09,4108,6760569015.0
2013-09-10,4108,6662352516.0
2013-09-11,4108,6776938431.0
2013-09-12,4108,6736014890.0
2013-09-13,4108,6645983099.0
2013-09-16,4108,6629613683.0
2013-09-17,4108,6629613683.0
2013-09-18,4108,6654167807.0
2013-09-23,4108,6858785514.0
2013-09-24,4108,6883339638.0
2013-09-25,4108,6981556137.0
2013-09-26,4108,6826046681.0
2013-09-27,4108,6948817304.0
2013-09-30,4108,6858785514.0
2013-10-01,4108,6801492556.0
2013-10-02,4108,6727830182.0
2013-10-03,4108,6744199598.0
2013-10-04,4108,6809677264.0
2013-10-07,4108,7137065594.0
2013-10-08,4108,7137065594.0
2013-10-09,4108,7120696178.0
2013-10-11,4108,7202543260.0
2013-10-14,4108,7202543260.0
2013-10-15,4108,7210727968.0
2013-10-16,4108,7202543260.0
2013-10-17,4108,7071587928.0
2013-10-18,4108,7096142053.0
2013-10-21,4108,6997925554.0
2013-10-22,4108,6973371429.0
2013-10-23,4108,7104326761.0
2013-10-24,4108,7251651510.0
2013-10-25,4108,7325313884.0
2013-10-28,4108,7210727968.0
2013-10-29,4108,7169804427.0
2013-10-30,4108,7186173844.0
2013-10-31,4108,7120696178.0
2013-11-01,4108,6997925554.0
2013-11-04,4108,6834231389.0
2013-11-05,4108,6768753723.0
2013-11-07,4108,6678721932.0
2013-11-08,4108,6662352516.0
2013-11-11,4108,6645983099.0
2013-11-12,4108,6498658351.0
2013-11-13,4108,6441365393.0
2013-11-14,4108,6449550101.0
2013-11-15,4108,6547766600.0
2013-11-18,4108,6482288934.0
2013-11-19,4108,6547766600.0
2013-11-20,4108,6564136017.0
2013-11-21,4108,6482288934.0
2013-11-22,4108,6482288934.0
2013-11-25,4108,6482288934.0
2013-11-26,4108,6588690141.0
2013-11-27,4108,6547766600.0
2013-11-28,4108,6564136017.0
2013-11-29,4108,6572320725.0
2013-12-02,4108,6580505433.0
2013-12-03,4108,6523212475.0
2013-12-04,4108,6465919518.0
2013-12-05,4108,6482288934.0
2013-12-06,4108,6605059558.0
2013-12-09,4108,6498658351.0
2013-12-10,4108,6474104226.0
2013-12-11,4108,6498658351.0
2013-12-12,4108,6465919518.0
2013-12-13,4108,6424995976.0
2013-12-16,4108,5983021731.0
2013-12-17,4108,6040314689.0
2013-12-18,4108,6228562978.0
2013-12-19,4108,6163085312.0
2013-12-20,4108,6171270021.0
2013-12-23,4108,6220378270.0
2013-12-24,4108,6146715896.0
2013-12-25,4108,6261301811.0
2013-12-26,4108,6146715896.0
2013-12-27,4108,6163085312.0
2013-12-30,4108,6171270021.0
2013-12-31,4108,6204008854.0
2014-01-02,4108,6220378270.0
2014-01-03,4108,6310410061.0
2014-01-06,4108,6236747687.0
2014-01-07,4108,6187639437.0
2014-01-08,4108,6171270021.0
2014-01-09,4108,6154900604.0
2014-01-10,4108,6113977063.0
2014-01-13,4108,6040314689.0
2014-01-14,4108,6040314689.0
2014-01-15,4108,6122161771.0
2014-01-16,4108,6138531188.0
2014-01-17,4108,6154900604.0
2014-01-20,4108,6138531188.0
2014-01-21,4108,6294040644.0
2014-01-22,4108,6408626560.0
2014-01-23,4108,6285855936.0
2014-01-24,4108,6269486520.0
2014-01-27,4108,6163085312.0
2014-02-05,4108,6343148894.0
2014-02-06,4108,6375887727.0
2014-02-10,4108,6768753723.0
2014-02-11,4108,6719645473.0
2014-02-12,4108,6678721932.0
2014-02-13,4108,6744199598.0
2014-02-14,4108,6588690141.0
2014-02-17,4108,6662352516.0
2014-02-18,4108,6637798391.0
2014-02-19,4108,6621428974.0
2014-02-20,4108,6531397184.0
2014-02-21,4108,6580505433.0
2014-02-24,4108,6645983099.0
2014-02-25,4108,6645983099.0
2014-02-26,4108,6645983099.0
2014-02-27,4108,6555951308.0
2014-03-03,4108,6531397184.0
2014-03-04,4108,6433180685.0
2014-03-05,4108,6465919518.0
2014-03-06,4108,6400441852.0
2014-03-07,4108,6318594769.0
2014-03-10,4108,6351333602.0
2014-03-11,4108,6384072435.0
2014-03-12,4108,6334964186.0
2014-03-13,4108,6334964186.0
2014-03-14,4108,6465919518.0
2014-03-17,4108,6580505433.0
2014-03-18,4108,6596874850.0
2014-03-19,4108,6490473642.0
2014-03-20,4108,6482288934.0
2014-03-21,4108,6482288934.0
2014-03-24,4108,6400441852.0
2014-03-25,4108,6580505433.0
2014-03-26,4108,6539581892.0
2014-03-27,4108,6801492556.0
2014-03-28,4108,6670537224.0
2014-03-31,4108,6760569015.0
2014-04-01,4108,6891524347.0
2014-04-02,4108,7030664387.0
2014-04-03,4108,6924263180.0
2014-04-07,4108,6768753723.0
2014-04-08,4108,6727830182.0
2014-04-09,4108,6776938431.0
2014-04-10,4108,6711460765.0
2014-04-11,4108,6703276057.0
2014-04-14,4108,6547766600.0
2014-04-15,4108,6596874850.0
2014-04-16,4108,6555951308.0
2014-04-17,4108,6637798391.0
2014-04-18,4108,6564136017.0
2014-04-21,4108,6588690141.0
2014-04-22,4108,6588690141.0
2014-04-23,4108,6515027767.0
2014-04-24,4108,6457734809.0
2014-04-25,4108,6089422938.0
2014-04-28,4108,6097607646.0
2014-04-29,4108,6220378270.0
2014-04-30,4108,6015760564.0
2014-05-02,4108,6195824145.0
2014-05-05,4108,6195824145.0
2014-05-06,4108,6310410061.0
2014-05-07,4108,6228562978.0
2014-05-08,4108,6294040644.0
2014-05-09,4108,6187639437.0
2014-05-12,4108,6179454729.0
2014-05-13,4108,6138531188.0
2014-05-14,4108,6105792355.0
2014-05-15,4108,6105792355.0
2014-05-16,4108,6113977063.0
2014-05-19,4108,6122161771.0
2014-05-20,4108,6179454729.0
2014-05-21,4108,6113977063.0
2014-05-22,4108,6122161771.0
2014-05-23,4108,6130346479.0
2014-05-26,4108,6552835979.0
2014-05-27,4108,6790079729.0
2014-05-28,4108,6626463350.0
2014-05-29,4108,6724633177.0
2014-05-30,4108,6577378436.0
2014-06-03,4108,6528293522.0
2014-06-04,4108,6430123695.0
2014-06-05,4108,6372857962.0
2014-06-06,4108,6381038781.0
2014-06-09,4108,6544655160.0
2014-06-10,4108,6552835979.0
2014-06-11,4108,6691909901.0
2014-06-12,4108,6544655160.0
2014-06-13,4108,6601920893.0
2014-06-16,4108,6790079729.0
2014-06-17,4108,6708271539.0
2014-06-18,4108,6618282531.0
2014-06-19,4108,6610101712.0
2014-06-20,4108,6577378436.0
2014-06-23,4108,6544655160.0
2014-06-24,4108,6503751065.0
2014-06-25,4108,6561016798.0
2014-06-26,4108,6651005806.0
2014-06-27,4108,6585559255.0
2014-06-30,4108,6659186625.0
2014-07-01,4108,6724633177.0
2014-07-02,4108,6618282531.0
2014-07-03,4108,6978238564.0
2014-07-04,4108,6790079729.0
2014-07-07,4108,6691909901.0
2014-07-08,4108,6790079729.0
2014-07-09,4108,6740994815.0
2014-07-10,4108,6740994815.0
2014-07-11,4108,6487389427.0
2014-07-14,4108,6528293522.0
2014-07-15,4108,6503751065.0
2014-07-16,4108,6700090720.0
2014-07-17,4108,6610101712.0
2014-07-18,4108,6683729082.0
2014-07-21,4108,6659186625.0
2014-07-22,4108,6626463350.0
2014-07-24,4108,6585559255.0
2014-07-25,4108,6593740074.0
2014-07-28,4108,6438304514.0
2014-07-29,4108,6331953867.0
2014-07-30,4108,6348315505.0
2014-07-31,4108,6356496324.0
2014-08-01,4108,6266507316.0
2014-08-04,4108,6381038781.0
2014-08-05,4108,6315592229.0
2014-08-06,4108,6127433394.0
2014-08-07,4108,6119252575.0
2014-08-08,4108,6151975850.0
2014-08-11,4108,6225603221.0
2014-08-12,4108,6160156669.0
2014-08-13,4108,6160156669.0
2014-08-14,4108,6037444385.0
2014-08-15,4108,5767477360.0
2014-08-18,4108,5464787059.0
2014-08-19,4108,5702030808.0
2014-08-20,4108,5661126713.0
2014-08-22,4108,5792019817.0
2014-08-25,4108,5947455377.0
2014-08-26,4108,5988359471.0
2014-08-27,4108,5988359471.0
2014-08-28,4108,6037444385.0
2014-08-29,4108,6004721109.0
2014-09-01,4108,6061986842.0
2014-09-02,4108,6004721109.0
2014-09-03,4108,5996540290.0
2014-09-04,4108,5996540290.0
2014-09-05,4108,5971997834.0
2014-09-09,4108,5980178652.0
2014-09-10,4108,6160156669.0
2014-09-11,4108,6037444385.0
2014-09-12,4108,5980178652.0
2014-09-15,4108,6045625204.0
2014-09-16,4108,6086529299.0
2014-09-17,4108,6119252575.0
2014-09-18,4108,6053806023.0
2014-09-19,4108,6037444385.0
2014-09-22,4108,6070167661.0
2014-09-23,4108,6119252575.0
2014-09-24,4108,6053806023.0
2014-09-25,4108,6004721109.0
2014-09-26,4108,5939274558.0
2014-09-29,4108,5922912920.0
2014-09-30,4108,5947455377.0
2014-10-01,4108,5947455377.0
2014-10-02,4108,5947455377.0
2014-10-03,4108,5955636196.0
2014-10-06,4108,6021082747.0
2014-10-07,4108,5971997834.0
2014-10-08,4108,5906551282.0
2014-10-09,4108,5775658179.0
2014-10-13,4108,5571137705.0
2014-10-14,4108,5612041800.0
2014-10-15,4108,5497510334.0
2014-10-16,4108,5448425421.0
2014-10-17,4108,5399340507.0
2014-10-20,4108,5407521326.0
2014-10-21,4108,5366617231.0
2014-10-22,4108,5415702145.0
2014-10-23,4108,5652945894.0
2014-10-24,4108,5505691153.0
2014-10-27,4108,5170277576.0
2014-10-28,4108,5276628223.0
2014-10-29,4108,5382978869.0
2014-10-30,4108,5292989861.0
2014-10-31,4108,5661126713.0
2014-11-03,4108,5955636196.0
2014-11-04,4108,5832923911.0
2014-11-05,4108,5857466368.0
2014-11-06,4108,5726573265.0
2014-11-07,4108,5726573265.0
2014-11-10,4108,5612041800.0
2014-11-11,4108,5612041800.0
2014-11-12,4108,5661126713.0
2014-11-13,4108,5628403438.0
2014-11-14,4108,5612041800.0
2014-11-17,4108,5432063783.0
2014-11-18,4108,5268447404.0
2014-11-19,4108,5276628223.0
2014-11-20,4108,5325713136.0
2014-11-21,4108,5292989861.0
2014-11-24,4108,5260266585.0
2014-11-25,4108,5072107749.0
2014-11-26,4108,5137554301.0
2014-11-27,4108,5121192663.0
2014-11-28,4108,5170277576.0
2014-12-01,4108,5121192663.0
2014-12-02,4108,5227543309.0
2014-12-03,4108,5276628223.0
2014-12-04,4108,5325713136.0
2014-12-05,4108,5325713136.0
2014-12-08,4108,5399340507.0
2014-12-09,4108,5309351499.0
2014-12-10,4108,5284809042.0
2014-12-11,4108,5652945894.0
2014-12-12,4108,5562956886.0
2014-12-15,4108,5636584257.0
2014-12-16,4108,5571137705.0
2014-12-17,4108,5448425421.0
2014-12-18,4108,5399340507.0
2014-12-19,4108,5358436412.0
2014-12-22,4108,5415702145.0
2014-12-23,4108,5464787059.0
2014-12-24,4108,5841104730.0
2014-12-25,4108,5742934903.0
2014-12-26,4108,5857466368.0
2014-12-29,4108,5808381455.0
2014-12-30,4108,5873828006.0
2014-12-31,4108,5882008825.0
2015-01-05,4108,5832923911.0
2015-01-06,4108,5710211627.0
2015-01-07,4108,5710211627.0
2015-01-08,4108,5718392446.0
2015-01-09,4108,5661126713.0
2015-01-12,4108,5620222619.0
2015-01-13,4108,5612041800.0
2015-01-14,4108,5562956886.0
2015-01-15,4108,5571137705.0
2015-01-16,4108,5415702145.0
2015-01-19,4108,5522052791.0
2015-01-20,4108,5562956886.0
2015-01-21,4108,5612041800.0
2015-01-22,4108,5587499343.0
2015-01-23,4108,5571137705.0
2015-01-26,4108,5530233610.0
2015-01-27,4108,5612041800.0
2015-01-28,4108,5554776067.0
2015-01-29,4108,5595680162.0
2015-01-30,4108,5620222619.0
2015-02-02,4108,5636584257.0
2015-02-03,4108,5628403438.0
2015-02-04,4108,5587499343.0
2015-02-05,4108,5538414429.0
2015-02-06,4108,5538414429.0
2015-02-09,4108,5505691153.0
2015-02-10,4108,5497510334.0
2015-02-11,4108,5440244602.0
2015-02-12,4108,5399340507.0
2015-02-13,4108,5415702145.0
2015-02-24,4108,5481148697.0
2015-02-25,4108,5481148697.0
2015-02-26,4108,5513871972.0
2015-03-02,4108,5538414429.0
2015-03-03,4108,5513871972.0
2015-03-04,4108,5505691153.0
2015-03-05,4108,5546595248.0
2015-03-06,4108,5538414429.0
2015-03-09,4108,5472967878.0
2015-03-10,4108,5432063783.0
2015-03-11,4108,5415702145.0
2015-03-12,4108,5481148697.0
2015-03-13,4108,5513871972.0
2015-03-16,4108,5481148697.0
2015-03-17,4108,5489329515.0
2015-03-18,4108,5481148697.0
2015-03-19,4108,5513871972.0
2015-03-20,4108,5652945894.0
2015-03-23,4108,5595680162.0
2015-03-24,4108,5505691153.0
2015-03-25,4108,5472967878.0
2015-03-26,4108,5464787059.0
2015-03-27,4108,5464787059.0
2015-03-30,4108,5268447404.0
2015-03-31,4108,5162096757.0
2015-04-01,4108,5047565292.0
2015-04-02,4108,5088469387.0
2015-04-07,4108,5072107749.0
2015-04-08,4108,5104831025.0
2015-04-09,4108,5039384473.0
2015-04-10,4108,5014842016.0
2015-04-13,4108,4982118741.0
2015-04-14,4108,5063926930.0
2015-04-15,4108,5055746111.0
2015-04-16,4108,5047565292.0
2015-04-17,4108,4810321543.0
2015-04-20,4108,4556716155.0
2015-04-21,4108,4466727147.0
2015-04-22,4108,4172217665.0
2015-04-23,4108,4286749130.0
2015-04-24,4108,4172217665.0
2015-04-27,4108,4368557319.0
2015-04-28,4108,4286749130.0
2015-04-29,4108,4311291587.0
2015-04-30,4108,4294929949.0
2015-05-04,4108,4303110768.0
2015-05-05,4108,4229483397.0
2015-05-06,4108,4270387492.0
2015-05-07,4108,4196760121.0
2015-05-08,4108,4204940940.0
2015-05-11,4108,3918612277.0
2015-05-12,4108,3779538355.0
2015-05-13,4108,3836804088.0
2015-05-14,4108,3763176717.0
2015-05-15,4108,3787719174.0
2015-05-18,4108,3804080812.0
2015-05-19,4108,3869527363.0
2015-05-20,4108,3828623269.0
2015-05-21,4108,3877708182.0
2015-05-22,4108,3910431458.0
2015-05-25,4108,3804080812.0
2015-05-26,4108,3804080812.0
2015-05-27,4108,3844984907.0
2015-05-28,4108,3885889001.0
2015-05-29,4108,3828623269.0
2015-06-01,4108,3779538355.0
2015-06-02,4108,3779538355.0
2015-06-03,4108,3926793096.0
2015-06-04,4108,3861346544.0
2015-06-05,4108,3485028873.0
2015-06-08,4108,3272327580.0
2015-06-09,4108,2945094822.0
2015-06-10,4108,2994179736.0
2015-06-11,4108,2806020900.0
2015-06-12,4108,3084168744.0
2015-06-15,4108,3272327580.0
2015-06-16,4108,3141434477.0
2015-06-17,4108,3141434477.0
2015-06-18,4108,3206881028.0
2015-06-22,4108,3215061847.0
2015-06-23,4108,3190519391.0
2015-06-24,4108,3206881028.0
2015-06-25,4108,3231423485.0
2015-06-26,4108,3174157753.0
2015-06-29,4108,3067807106.0
2015-06-30,4108,3092349563.0
2015-07-01,4108,3215061847.0
2015-07-02,4108,3534113786.0
2015-07-03,4108,3403220683.0
2015-07-06,4108,3419582321.0
2015-07-07,4108,3427763140.0
2015-07-08,4108,3280508399.0
2015-07-09,4108,3264146761.0
2015-07-13,4108,3288689218.0
2015-07-14,4108,3362316588.0
2015-07-15,4108,3419582321.0
2015-07-16,4108,3468667235.0
2015-07-17,4108,3509571330.0
2015-07-20,4108,3403220683.0
2015-07-21,4108,3321412494.0
2015-07-22,4108,3313231675.0
2015-07-23,4108,3247785123.0
2015-07-24,4108,3329593313.0
2015-07-27,4108,3002360555.0
2015-07-28,4108,2977818098.0
2015-07-29,4108,2977818098.0
2015-07-30,4108,2994179736.0
2015-07-31,4108,2896009908.0
2015-08-03,4108,2822382538.0
2015-08-04,4108,2634223702.0
2015-08-05,4108,2732393529.0
2015-08-06,4108,2666946978.0
2015-08-07,4108,2675127797.0
2015-08-10,4108,2797840081.0
2015-08-11,4108,2724212710.0
2015-08-12,4108,2675127797.0
2015-08-13,4108,2683308616.0
2015-08-14,4108,2683308616.0
2015-08-17,4108,2650585340.0
2015-08-18,4108,2405160771.0
2015-08-19,4108,2298810125.0
2015-08-20,4108,2405160771.0
2015-08-21,4108,2356075858.0
2015-08-24,4108,2159736203.0
2015-08-25,4108,2127012927.0
2015-08-26,4108,2200640298.0
2015-08-27,4108,2331533401.0
2015-08-28,4108,2347895039.0
2015-08-31,4108,2388799133.0
2015-09-01,4108,2437884047.0
2015-09-02,4108,2675127797.0
2015-09-03,4108,2732393529.0
2015-09-04,4108,2634223702.0
2015-09-07,4108,2896009908.0
2015-09-08,4108,2977818098.0
2015-09-09,4108,3272327580.0
2015-09-10,4108,3485028873.0
2015-09-11,4108,3419582321.0
2015-09-14,4108,3452305597.0
2015-09-15,4108,3362316588.0
2015-09-16,4108,3697730165.0
2015-09-17,4108,3795899993.0
2015-09-18,4108,3943154734.0
2015-09-21,4108,3844984907.0
2015-09-22,4108,3853165725.0
2015-09-23,4108,4008601286.0
2015-09-24,4108,4188579302.0
2015-09-25,4108,4434003871.0
2015-09-30,4108,4695790077.0
2015-10-01,4108,4875768094.0
2015-10-02,4108,4613981888.0
2015-10-05,4108,4638524345.0
2015-10-06,4108,4483088785.0
2015-10-07,4108,4564896974.0
2015-10-08,4108,4335834044.0
2015-10-12,4108,4442184690.0
2015-10-13,4108,4491269604.0
2015-10-14,4108,4491269604.0
2015-10-15,4108,4581258612.0
2015-10-16,4108,4515812060.0
2015-10-19,4108,4908491370.0
2015-10-20,4108,4695790077.0
2015-10-21,4108,4720332534.0
2015-10-22,4108,4597620250.0
2015-10-23,4108,4613981888.0
2015-10-26,4108,4605801069.0
2015-10-27,4108,4712151715.0
2015-10-28,4108,4777598267.0
2015-10-29,4108,4613981888.0
2015-10-30,4108,4613981888.0
2015-11-02,4108,4638524345.0
2015-11-03,4108,4613981888.0
2015-11-04,4108,4753055810.0
2015-11-05,4108,5145735120.0
2015-11-06,4108,5047565292.0
2015-11-09,4108,4720332534.0
2015-11-10,4108,4728513353.0
2015-11-11,4108,4613981888.0
2015-11-12,4108,4548535336.0
2015-11-13,4108,4581258612.0
2015-11-16,4108,4826683181.0
2015-11-17,4108,4728513353.0
2015-11-18,4108,4761236629.0
2015-11-19,4108,4802140724.0
2015-11-20,4108,5072107749.0
2015-11-23,4108,5014842016.0
2015-11-24,4108,4982118741.0
2015-11-25,4108,5104831025.0
2015-11-26,4108,5121192663.0
2015-11-27,4108,5145735120.0
2015-11-30,4108,5194820033.0
2015-12-01,4108,5104831025.0
2015-12-02,4108,4941214646.0
2015-12-03,4108,4826683181.0
2015-12-04,4108,4949395465.0
2015-12-07,4108,4867587275.0
2015-12-08,4108,4908491370.0
2015-12-09,4108,4622162707.0
2015-12-10,4108,4826683181.0
2015-12-11,4108,4532173698.0
2015-12-14,4108,4442184690.0
2015-12-15,4108,4630343526.0
2015-12-16,4108,4548535336.0
2015-12-17,4108,4556716155.0
2015-12-18,4108,4556716155.0
2015-12-21,4108,4573077793.0
2015-12-22,4108,4638524345.0
2015-12-23,4108,4564896974.0
2015-12-24,4108,4466727147.0
2015-12-25,4108,4622162707.0
2015-12-28,4108,4532173698.0
2015-12-29,4108,4540354517.0
2015-12-30,4108,4532173698.0
2015-12-31,4108,4556716155.0
2016-01-04,4108,4417642233.0
2016-01-05,4108,4311291587.0
2016-01-06,4108,4172217665.0
2016-01-07,4108,3894069820.0
2016-01-08,4108,4204940940.0
2016-01-11,4108,4090409475.0
2016-01-12,4108,3934973915.0
2016-01-13,4108,4016782104.0
2016-01-14,4108,3943154734.0
2016-01-15,4108,4335834044.0
2016-01-18,4108,4744874991.0
2016-01-19,4108,4663066802.0
2016-01-20,4108,4442184690.0
2016-01-21,4108,4450365509.0
2016-01-22,4108,4483088785.0
2016-01-25,4108,4466727147.0
2016-01-26,4108,4483088785.0
2016-01-27,4108,4417642233.0
2016-01-28,4108,4384918957.0
2016-01-29,4108,4499450423.0
2016-02-01,4108,4613981888.0
2016-02-02,4108,4581258612.0
2016-02-15,4108,4654885983.0
2016-02-16,4108,4630343526.0
2016-02-17,4108,4646705164.0
2016-02-18,4108,4695790077.0
2016-02-19,4108,4622162707.0
2016-02-22,4108,4442184690.0
2016-02-23,4108,4499450423.0
2016-02-24,4108,4483088785.0
2016-02-25,4108,4466727147.0
2016-02-26,4108,4458546328.0
2016-03-01,4108,4458546328.0
2016-03-02,4108,4450365509.0
2016-03-03,4108,4491269604.0
2016-03-04,4108,4556716155.0
2016-03-07,4108,4499450423.0
2016-03-08,4108,4949395465.0
2016-03-09,4108,5440244602.0
2016-03-10,4108,5980178652.0
2016-03-11,4108,6577378436.0
2016-03-14,4108,7231843952.0
2016-03-15,4108,7820862916.0
2016-03-16,4108,7608161624.0
2016-03-17,4108,6847345461.0
2016-03-18,4108,7035504297.0
2016-03-21,4108,7182759038.0
2016-03-22,4108,7100950849.0
2016-03-23,4108,7297290503.0
2016-03-24,4108,6953696108.0
2016-03-25,4108,7272748047.0
2016-03-28,4108,7092770030.0
2016-03-29,4108,7190939857.0
2016-03-30,4108,7632704080.0
2016-03-31,4108,7501810977.0
2016-04-01,4108,7469087701.0
2016-04-06,4108,6994600202.0
2016-04-07,4108,6929153651.0
2016-04-08,4108,6798260547.0
2016-04-11,4108,6798260547.0
2016-04-12,4108,6348315505.0
2016-04-13,4108,6413762057.0
2016-04-14,4108,6340134686.0
2016-04-15,4108,6471027789.0
2016-04-18,4108,6307411410.0
2016-04-19,4108,6266507316.0
2016-04-20,4108,6012901928.0
2016-04-21,4108,5971997834.0
2016-04-22,4108,5505691153.0
2016-04-25,4108,6053806023.0
2016-04-26,4108,6430123695.0
2016-04-27,4108,6372857962.0
2016-04-28,4108,6258326497.0
2016-04-29,4108,5939274558.0
2016-05-03,4108,5898370463.0
2016-05-04,4108,5726573265.0
2016-05-05,4108,5734754084.0
2016-05-06,4108,5800200636.0
2016-05-09,4108,5522052791.0
2016-05-10,4108,5726573265.0
2016-05-11,4108,5628403438.0
2016-05-12,4108,5505691153.0
2016-05-13,4108,5644765076.0
2016-05-16,4108,6151975850.0
2016-05-17,4108,6029263566.0
2016-05-18,4108,6061986842.0
2016-05-19,4108,5980178652.0
2016-05-20,4108,5996540290.0
2016-05-23,4108,6094710118.0
2016-05-24,4108,6070167661.0
2016-05-25,4108,5963817015.0
2016-05-26,4108,5955636196.0
2016-05-27,4108,5971997834.0
2016-05-30,4108,6168337488.0
2016-05-31,4108,6119252575.0
2016-06-01,4108,6086529299.0
2016-06-02,4108,5971997834.0
2016-06-03,4108,6176518307.0
2016-06-06,4108,6029263566.0
2016-06-07,4108,6004721109.0
2016-06-08,4108,5971997834.0
2016-06-13,4108,5767477360.0
2016-06-14,4108,5775658179.0
2016-06-15,4108,5906551282.0
2016-06-16,4108,5898370463.0
2016-06-17,4108,5947455377.0
2016-06-20,4108,5922912920.0
2016-06-21,4108,5939274558.0
2016-06-22,4108,5898370463.0
2016-06-23,4108,5971997834.0
2016-06-24,4108,5808381455.0
2016-06-27,4108,5792019817.0
2016-06-28,4108,5824743092.0
2016-06-29,4108,5824743092.0
2016-06-30,4108,5931093739.0
2016-07-01,4108,6021082747.0
2016-07-04,4108,5971997834.0
2016-07-05,4108,6274688135.0
2016-07-06,4108,6291049773.0
2016-07-07,4108,6258326497.0
2016-07-11,4108,5636584257.0
2016-07-12,4108,5571137705.0
2016-07-13,4108,5554776067.0
2016-07-14,4108,5513871972.0
2016-07-15,4108,5571137705.0
2016-07-18,4108,5603860981.0
2016-07-19,4108,5562956886.0
2016-07-20,4108,5530233610.0
2016-07-21,4108,5554776067.0
2016-07-22,4108,5513871972.0
2016-07-25,4108,5350255593.0
2016-07-26,4108,5317532318.0
2016-07-27,4108,5194820033.0
2016-07-28,4108,5276628223.0
2016-07-29,4108,5203000852.0
2016-08-01,4108,5211181671.0
2016-08-02,4108,5219362490.0
2016-08-03,4108,5162096757.0
2016-08-04,4108,5153915939.0
2016-08-05,4108,5301170680.0
2016-08-08,4108,5227543309.0
2016-08-09,4108,5153915939.0
2016-08-10,4108,5162096757.0
2016-08-11,4108,5162096757.0
2016-08-12,4108,5170277576.0
2016-08-15,4108,5186639214.0
2016-08-16,4108,5186639214.0
2016-08-17,4108,5072107749.0
2016-08-18,4108,5047565292.0
2016-08-19,4108,5023022835.0
2016-08-22,4108,4875768094.0
2016-08-23,4108,4900310551.0
2016-08-24,4108,4892129732.0
2016-08-25,4108,4916672189.0
2016-08-26,4108,4908491370.0
2016-08-29,4108,4843044818.0
2016-08-30,4108,4843044818.0
2016-08-31,4108,4744874991.0
2016-09-01,4108,4843044818.0
2016-09-02,4108,4769417448.0
2016-09-05,4108,4810321543.0
2016-09-06,4108,4777598267.0
2016-09-07,4108,5252085766.0
2016-09-08,4108,5129373482.0
2016-09-09,4108,5276628223.0
2016-09-12,4108,5219362490.0
2016-09-13,4108,5186639214.0
2016-09-14,4108,5260266585.0
2016-09-19,4108,5317532318.0
2016-09-20,4108,5342074774.0
2016-09-21,4108,5317532318.0
2016-09-22,4108,5219362490.0
2016-09-23,4108,5268447404.0
2016-09-26,4108,5292989861.0
2016-09-29,4108,5227543309.0
2016-09-30,4108,5268447404.0
2016-10-03,4108,5235724128.0
2016-10-04,4108,5260266585.0
2016-10-05,4108,5194820033.0
2016-10-06,4108,5186639214.0
2016-10-07,4108,5186639214.0
2016-10-11,4108,5031203654.0
2016-10-12,4108,5023022835.0
2016-10-13,4108,4933033827.0
2016-10-14,4108,4875768094.0
2016-10-17,4108,4916672189.0
2016-10-18,4108,4892129732.0
2016-10-19,4108,4908491370.0
2016-10-20,4108,4883948913.0
2016-10-21,4108,4892129732.0
2016-10-24,4108,4883948913.0
2016-10-25,4108,4900310551.0
2016-10-26,4108,4875768094.0
2016-10-27,4108,4908491370.0
2016-10-28,4108,4867587275.0
2016-10-31,4108,4843044818.0
2016-11-01,4108,4777598267.0
2016-11-02,4108,4679428439.0
2016-11-03,4108,4507631241.0
2016-11-04,4108,4548535336.0
2016-11-07,4108,4556716155.0
2016-11-08,4108,4564896974.0
2016-11-09,4108,4254025854.0
2016-11-10,4108,4679428439.0
2016-11-11,4108,4679428439.0
2016-11-14,4108,4769417448.0
2016-11-15,4108,4663066802.0
2016-11-16,4108,4646705164.0
2016-11-17,4108,4630343526.0
2016-11-18,4108,5088469387.0
2016-11-21,4108,4973937922.0
2016-11-22,4108,4965757103.0
2016-11-23,4108,5006661197.0
2016-11-24,4108,5129373482.0
2016-11-25,4108,5014842016.0
2016-11-28,4108,4973937922.0
2016-11-29,4108,4973937922.0
2016-11-30,4108,4900310551.0
2016-12-01,4108,4924853008.0
2016-12-02,4108,4924853008.0
2016-12-05,4108,4908491370.0
2016-12-06,4108,4908491370.0
2016-12-07,4108,4900310551.0
2016-12-08,4108,4908491370.0
2016-12-09,4108,4982118741.0
2016-12-12,4108,4982118741.0
2016-12-13,4108,5023022835.0
2016-12-14,4108,4965757103.0
2016-12-15,4108,4941214646.0
2016-12-16,4108,4933033827.0
2016-12-19,4108,4892129732.0
2016-12-20,4108,4892129732.0
2016-12-21,4108,4883948913.0
2016-12-22,4108,4957576284.0
2016-12-23,4108,4965757103.0
2016-12-26,4108,4933033827.0
2016-12-27,4108,5023022835.0
2016-12-28,4108,4998480378.0
2016-12-29,4108,4990299560.0
2016-12-30,4108,4998480378.0
2017-01-03,4108,5039384473.0
2017-01-04,4108,5023022835.0
2017-01-05,4108,5014842016.0
2017-01-06,4108,5006661197.0
2017-01-09,4108,4933033827.0
2017-01-10,4108,4941214646.0
2017-01-11,4108,4908491370.0
2017-01-12,4108,4900310551.0
2017-01-13,4108,4875768094.0
2017-01-16,4108,4810321543.0
2017-01-17,4108,4818502362.0
2017-01-18,4108,4851225637.0
2017-01-19,4108,4834863999.0
2017-01-20,4108,4867587275.0
2017-01-23,4108,4875768094.0
2017-01-24,4108,4875768094.0
2017-02-02,4108,4867587275.0
2017-02-03,4108,4908491370.0
2017-02-06,4108,5039384473.0
2017-02-07,4108,4990299560.0
2017-02-08,4108,5031203654.0
2017-02-09,4108,4982118741.0
2017-02-10,4108,4957576284.0
2017-02-13,4108,5023022835.0
2017-02-14,4108,5104831025.0
2017-02-15,4108,5072107749.0
2017-02-16,4108,5137554301.0
2017-02-17,4108,5186639214.0
2017-02-20,4108,5129373482.0
2017-02-21,4108,5080288568.0
2017-02-22,4108,5072107749.0
2017-02-23,4108,5088469387.0
2017-02-24,4108,5113011844.0
2017-03-01,4108,5023022835.0
2017-03-02,4108,4990299560.0
2017-03-03,4108,4990299560.0
2017-03-06,4108,5072107749.0
2017-03-07,4108,5129373482.0
2017-03-08,4108,5096650206.0
2017-03-09,4108,5055746111.0
2017-03-10,4108,4998480378.0
2017-03-13,4108,4990299560.0
2017-03-14,4108,5006661197.0
2017-03-15,4108,4982118741.0
2017-03-16,4108,4965757103.0
2017-03-17,4108,4957576284.0
2017-03-20,4108,5047565292.0
2017-03-21,4108,5072107749.0
2017-03-22,4108,5039384473.0
2017-03-23,4108,5023022835.0
2017-03-24,4108,5055746111.0
2017-03-27,4108,5031203654.0
2017-03-28,4108,4990299560.0
2017-03-29,4108,4982118741.0
2017-03-30,4108,5031203654.0
2017-03-31,4108,5072107749.0
2017-04-05,4108,5113011844.0
2017-04-06,4108,5178458395.0
2017-04-07,4108,5170277576.0
2017-04-10,4108,5014842016.0
2017-04-11,4108,4883948913.0
2017-04-12,4108,4826683181.0
2017-04-13,4108,4810321543.0
2017-04-14,4108,4654885983.0
2017-04-17,4108,4638524345.0
2017-04-18,4108,4663066802.0
2017-04-19,4108,4613981888.0
2017-04-20,4108,4613981888.0
2017-04-21,4108,4597620250.0
2017-04-24,4108,4622162707.0
2017-04-25,4108,4622162707.0
2017-04-26,4108,4687609258.0
2017-04-27,4108,4712151715.0
2017-04-28,4108,4712151715.0
2017-05-02,4108,4679428439.0
2017-05-03,4108,4646705164.0
2017-05-04,4108,4646705164.0
2017-05-05,4108,4613981888.0
2017-05-08,4108,4556716155.0
2017-05-09,4108,4384918957.0
2017-05-10,4108,4434003871.0
2017-05-11,4108,4458546328.0
2017-05-12,4108,4450365509.0
2017-05-15,4108,4712151715.0
2017-05-16,4108,4646705164.0
2017-05-17,4108,4679428439.0
2017-05-18,4108,4630343526.0
2017-05-19,4108,4630343526.0
2017-05-22,4108,4630343526.0
2017-05-23,4108,4564896974.0
2017-05-24,4108,4654885983.0
2017-05-25,4108,4654885983.0
2017-05-26,4108,4630343526.0
2017-06-01,4108,4646705164.0
2017-06-02,4108,4638524345.0
2017-06-05,4108,4695790077.0
2017-06-06,4108,4712151715.0
2017-06-07,4108,4654885983.0
2017-06-08,4108,4630343526.0
2017-06-09,4108,4638524345.0
2017-06-12,4108,4638524345.0
2017-06-13,4108,4646705164.0
2017-06-14,4108,4597620250.0
2017-06-15,4108,4581258612.0
2017-06-16,4108,4548535336.0
2017-06-19,4108,4564896974.0
2017-06-20,4108,4523992879.0
2017-06-21,4108,4703970896.0
2017-06-22,4108,4744874991.0
2017-06-23,4108,4679428439.0
2017-06-26,4108,4712151715.0
2017-06-27,4108,4695790077.0
2017-06-28,4108,4679428439.0
2017-06-29,4108,4712151715.0
2017-06-30,4108,4736694172.0
2017-07-03,4108,4703970896.0
2017-07-04,4108,4720332534.0
2017-07-05,4108,4663066802.0
2017-07-06,4108,4622162707.0
2017-07-07,4108,4597620250.0
2017-07-10,4108,4548535336.0
2017-07-11,4108,4540354517.0
2017-07-12,4108,4556716155.0
2017-07-13,4108,4556716155.0
2017-07-14,4108,4548535336.0
2017-07-17,4108,4548535336.0
2017-07-18,4108,4532173698.0
2017-07-19,4108,4548535336.0
2017-07-20,4108,4548535336.0
2017-07-21,4108,4597620250.0
2017-07-24,4108,4573077793.0
2017-07-25,4108,4564896974.0
2017-07-26,4108,4605801069.0
2017-07-27,4108,4589439431.0
2017-07-28,4108,4597620250.0
2017-07-31,4108,4581258612.0
2017-08-01,4108,4589439431.0
2017-08-02,4108,4613981888.0
2017-08-03,4108,4613981888.0
2017-08-04,4108,4613981888.0
2017-08-07,4108,4597620250.0
2017-08-08,4108,4556716155.0
2017-08-09,4108,4532173698.0
2017-08-10,4108,4384918957.0
2017-08-11,4108,4352195681.0
2017-08-14,4108,4123132751.0
2017-08-15,4108,4139494389.0
2017-08-16,4108,4164036846.0
2017-08-17,4108,4245845035.0
2017-08-18,4108,4254025854.0
2017-08-21,4108,4213121759.0
2017-08-22,4108,4188579302.0
2017-08-23,4108,4196760121.0
2017-08-24,4108,4278568311.0
2017-08-25,4108,4278568311.0
2017-08-28,4108,4278568311.0
2017-08-29,4108,4270387492.0
2017-08-30,4108,4229483397.0
2017-08-31,4108,4417642233.0
2017-09-01,4108,4368557319.0
2017-09-04,4108,4311291587.0
2017-09-05,4108,4368557319.0
2017-09-06,4108,4352195681.0
2017-09-07,4108,4466727147.0
2017-09-08,4108,4515812060.0
2017-09-11,4108,4466727147.0
2017-09-12,4108,4401280595.0
2017-09-13,4108,4401280595.0
2017-09-14,4108,4417642233.0
2017-09-15,4108,4376738138.0
2017-09-18,4108,4352195681.0
2017-09-19,4108,4344014862.0
2017-09-20,4108,4360376500.0
2017-09-21,4108,4434003871.0
2017-09-22,4108,4368557319.0
2017-09-25,4108,4254025854.0
2017-09-26,4108,4286749130.0
2017-09-27,4108,4254025854.0
2017-09-28,4108,4270387492.0
2017-09-29,4108,4254025854.0
2017-10-02,4108,4303110768.0
2017-10-03,4108,4344014862.0
2017-10-05,4108,4335834044.0
2017-10-06,4108,4311291587.0
2017-10-11,4108,4262206673.0
2017-10-12,4108,4262206673.0
2017-10-13,4108,4262206673.0
2017-10-16,4108,4262206673.0
2017-10-17,4108,4270387492.0
2017-10-18,4108,4360376500.0
2017-10-19,4108,4319472406.0
2017-10-20,4108,4270387492.0
2017-10-23,4108,4278568311.0
2017-10-24,4108,4352195681.0
2017-10-25,4108,4303110768.0
2017-10-26,4108,4286749130.0
2017-10-27,4108,4254025854.0
2017-10-30,4108,4221302578.0
2017-10-31,4108,4204940940.0
2017-11-01,4108,4229483397.0
2017-11-02,4108,4245845035.0
2017-11-03,4108,4204940940.0
2017-11-06,4108,4221302578.0
2017-11-07,4108,4221302578.0
2017-11-08,4108,4245845035.0
2017-11-09,4108,4172217665.0
2017-11-10,4108,4172217665.0
2017-11-13,4108,4082228656.0
2017-11-14,4108,4008601286.0
2017-11-15,4108,4090409475.0
2017-11-16,4108,4057686199.0
2017-11-17,4108,4008601286.0
2017-11-20,4108,4131313570.0
2017-11-21,4108,4106771113.0
2017-11-22,4108,4106771113.0
2017-11-23,4108,4082228656.0
2017-11-24,4108,4098590294.0
2017-11-27,4108,4041324561.0
2017-11-28,4108,4024962923.0
2017-11-29,4108,4008601286.0
2017-11-30,4108,4008601286.0
2017-12-01,4108,3943154734.0
2017-12-04,4108,3943154734.0
2017-12-05,4108,3926793096.0
2017-12-06,4108,3902250639.0
2017-12-07,4108,3812261631.0
2017-12-08,4108,3812261631.0
2017-12-11,4108,3877708182.0
2017-12-12,4108,3853165725.0
2017-12-13,4108,3926793096.0
2017-12-14,4108,3934973915.0
2017-12-15,4108,3926793096.0
2017-12-18,4108,3894069820.0
2017-12-19,4108,3861346544.0
2017-12-20,4108,3861346544.0
2017-12-21,4108,3877708182.0
2017-12-22,4108,3861346544.0
2017-12-25,4108,3844984907.0
2017-12-26,4108,3804080812.0
2017-12-27,4108,3812261631.0
2017-12-28,4108,3779538355.0
2017-12-29,4108,3804080812.0
2018-01-02,4108,3804080812.0
2018-01-03,4108,3795899993.0
2018-01-04,4108,3795899993.0
2018-01-05,4108,3771357536.0
2018-01-08,4108,3779538355.0
2018-01-09,4108,3754995898.0
2018-01-10,4108,3722272622.0
2018-01-11,4108,3665006890.0
2018-01-12,4108,3665006890.0
2018-01-15,4108,4024962923.0
2018-01-16,4108,4106771113.0
2018-01-17,4108,3992239648.0
2018-01-18,4108,3992239648.0
2018-01-19,4108,4024962923.0
2018-01-22,4108,3943154734.0
2018-01-23,4108,3894069820.0
2018-01-24,4108,3877708182.0
2018-01-25,4108,3885889001.0
2018-01-26,4108,3943154734.0
2018-01-29,4108,3894069820.0
2018-01-30,4108,3828623269.0
2018-01-31,4108,3787719174.0
2018-02-01,4108,3795899993.0
2018-02-02,4108,3771357536.0
2018-02-05,4108,3714091803.0
2018-02-06,4108,3378678226.0
2018-02-07,4108,3476848054.0
2018-02-08,4108,3501390511.0
2018-02-09,4108,3444124778.0
2018-02-12,4108,3534113786.0
2018-02-21,4108,3591379519.0
2018-02-22,4108,3665006890.0
2018-02-23,4108,3689549346.0
2018-02-26,4108,3689549346.0
2018-02-27,4108,3656826071.0
2018-03-01,4108,3607741157.0
2018-03-02,4108,3583198700.0
2018-03-05,4108,3575017881.0
2018-03-06,4108,3583198700.0
2018-03-07,4108,3934973915.0
2018-03-08,4108,3795899993.0
2018-03-09,4108,3779538355.0
2018-03-12,4108,3812261631.0
2018-03-13,4108,3836804088.0
2018-03-14,4108,3926793096.0
2018-03-15,4108,3984058829.0
2018-03-16,4108,4024962923.0
2018-03-19,4108,4041324561.0
2018-03-20,4108,3959516372.0
2018-03-21,4108,3943154734.0
2018-03-22,4108,3820442450.0
2018-03-23,4108,3763176717.0
2018-03-26,4108,3894069820.0
2018-03-27,4108,3853165725.0
2018-03-28,4108,3853165725.0
2018-03-29,4108,4008601286.0
2018-03-30,4108,3934973915.0
2018-04-02,4108,4335834044.0
2018-04-03,4108,4237664216.0
2018-04-09,4108,4360376500.0
2018-04-10,4108,4114951932.0
2018-04-11,4108,4114951932.0
2018-04-12,4108,4106771113.0
2018-04-13,4108,4065867018.0
2018-04-16,4108,3959516372.0
2018-04-17,4108,3853165725.0
2018-04-18,4108,3869527363.0
2018-04-19,4108,3918612277.0
2018-04-20,4108,3975878010.0
2018-04-23,4108,4049505380.0
2018-04-24,4108,3844984907.0
2018-04-25,4108,3853165725.0
2018-04-26,4108,3804080812.0
2018-04-27,4108,3804080812.0
2018-04-30,4108,3853165725.0
2018-05-02,4108,3877708182.0
2018-05-03,4108,3853165725.0
2018-05-04,4108,3812261631.0
2018-05-07,4108,3804080812.0
2018-05-08,4108,3787719174.0
2018-05-09,4108,3877708182.0
2018-05-10,4108,3877708182.0
2018-05-11,4108,3812261631.0
2018-05-14,4108,3763176717.0
2018-05-15,4108,3763176717.0
2018-05-16,4108,3779538355.0
2018-05-17,4108,3746815079.0
2018-05-18,4108,3746815079.0
2018-05-21,4108,3730453441.0
2018-05-22,4108,3697730165.0
2018-05-23,4108,3763176717.0
2018-05-24,4108,3738634260.0
2018-05-25,4108,3746815079.0
2018-05-28,4108,3714091803.0
2018-05-29,4108,3689549346.0
2018-05-30,4108,3665006890.0
2018-05-31,4108,3730453441.0
2018-06-01,4108,3795899993.0
2018-06-04,4108,3779538355.0
2018-06-05,4108,3771357536.0
2018-06-06,4108,3804080812.0
2018-06-07,4108,3828623269.0
2018-06-08,4108,3877708182.0
2018-06-11,4108,3861346544.0
2018-06-12,4108,3902250639.0
2018-06-13,4108,3861346544.0
2018-06-14,4108,3828623269.0
2018-06-15,4108,3804080812.0
2018-06-19,4108,3746815079.0
2018-06-20,4108,3730453441.0
2018-06-21,4108,3746815079.0
2018-06-22,4108,3714091803.0
2018-06-25,4108,3689549346.0
2018-06-26,4108,3763176717.0
2018-06-27,4108,3763176717.0
2018-06-28,4108,3730453441.0
2018-06-29,4108,3730453441.0
2018-07-02,4108,3730453441.0
2018-07-03,4108,3648645252.0
2018-07-04,4108,3648645252.0
2018-07-05,4108,3534113786.0
2018-07-06,4108,3525932967.0
2018-07-09,4108,3583198700.0
2018-07-10,4108,3575017881.0
2018-07-11,4108,3542294605.0
2018-07-12,4108,3894069820.0
2018-07-13,4108,3894069820.0
2018-07-16,4108,3885889001.0
2018-07-17,4108,3918612277.0
2018-07-18,4108,3836804088.0
2018-07-19,4108,3771357536.0
2018-07-20,4108,3779538355.0
2018-07-23,4108,3722272622.0
2018-07-24,4108,3795899993.0
2018-07-25,4108,3730453441.0
2018-07-26,4108,3746815079.0
2018-07-27,4108,3738634260.0
2018-07-30,4108,3689549346.0
2018-07-31,4108,3705910984.0
2018-08-01,4108,3754995898.0
2018-08-02,4108,3697730165.0
2018-08-03,4108,3730453441.0
2018-08-06,4108,3877708182.0
2018-08-07,4108,3828623269.0
2018-08-08,4108,3853165725.0
2018-08-09,4108,3812261631.0
2018-08-10,4108,3746815079.0
2018-08-13,4108,3632283614.0
2018-08-14,4108,3705910984.0
2018-08-15,4108,3673187709.0
2018-08-16,4108,3681368528.0
2018-08-17,4108,3673187709.0
2018-08-20,4108,3624102795.0
2018-08-21,4108,3624102795.0
2018-08-22,4108,3624102795.0
2018-08-23,4108,3632283614.0
2018-08-24,4108,3624102795.0
2018-08-27,4108,3632283614.0
2018-08-28,4108,3665006890.0
2018-08-29,4108,3632283614.0
2018-08-30,4108,3624102795.0
2018-08-31,4108,3624102795.0
2018-09-03,4108,3599560338.0
2018-09-04,4108,3607741157.0
2018-09-05,4108,3599560338.0
2018-09-06,4108,3599560338.0
2018-09-07,4108,3607741157.0
2018-09-10,4108,3550475424.0
2018-09-11,4108,3591379519.0
2018-09-12,4108,3648645252.0
2018-09-13,4108,3640464433.0
2018-09-14,4108,3640464433.0
2018-09-17,4108,3624102795.0
2018-09-18,4108,3648645252.0
2018-09-19,4108,3640464433.0
2018-09-20,4108,3665006890.0
2018-09-21,4108,3640464433.0
2018-09-25,4108,3632283614.0
2018-09-26,4108,3632283614.0
2018-09-27,4108,3615921976.0
2018-09-28,4108,3607741157.0
2018-10-01,4108,3697730165.0
2018-10-02,4108,3779538355.0
2018-10-03,4108,3730453441.0
2018-10-04,4108,3738634260.0
2018-10-08,4108,3648645252.0
2018-10-09,4108,3632283614.0
2018-10-11,4108,3272327580.0
2018-10-12,4108,3198700209.0
2018-10-15,4108,3116892020.0
2018-10-16,4108,3174157753.0
2018-10-17,4108,3157796115.0
2018-10-18,4108,3223242666.0
2018-10-19,4108,3182338572.0
2018-10-22,4108,3190519391.0
2018-10-23,4108,3133253658.0
2018-10-24,4108,3141434477.0
2018-10-25,4108,2953275641.0
2018-10-26,4108,2871467451.0
2018-10-29,4108,2814201719.0
2018-10-30,4108,2871467451.0
2018-10-31,4108,2920552365.0
2018-11-01,4108,2928733184.0
2018-11-02,4108,2953275641.0
2018-11-05,4108,2896009908.0
2018-11-06,4108,2863286633.0
2018-11-07,4108,2887829089.0
2018-11-08,4108,2945094822.0
2018-11-09,4108,2928733184.0
2018-11-12,4108,2961456460.0
2018-11-13,4108,2945094822.0
2018-11-14,4108,2920552365.0
2018-11-15,4108,2945094822.0
2018-11-16,4108,2920552365.0
2018-11-19,4108,2936914003.0
2018-11-20,4108,2936914003.0
2018-11-21,4108,2953275641.0
2018-11-22,4108,2945094822.0
2018-11-23,4108,2936914003.0
2018-11-26,4108,2928733184.0
2018-11-27,4108,2945094822.0
2018-11-28,4108,2953275641.0
2018-11-29,4108,3018722193.0
2018-11-30,4108,3100530382.0
2018-12-03,4108,3116892020.0
2018-12-04,4108,3108711201.0
2018-12-05,4108,3182338572.0
2018-12-06,4108,3051445468.0
2018-12-07,4108,3075987925.0
2018-12-10,4108,3026903012.0
2018-12-11,4108,3026903012.0
2018-12-12,4108,3043264649.0
2018-12-13,4108,3084168744.0
2018-12-14,4108,3075987925.0
2018-12-17,4108,3108711201.0
2018-12-18,4108,3108711201.0
2018-12-19,4108,3084168744.0
2018-12-20,4108,2994179736.0
2018-12-21,4108,2945094822.0
2018-12-24,4108,2977818098.0
2018-12-25,4108,2969637279.0
2018-12-26,4108,2977818098.0
2018-12-27,4108,2977818098.0
2018-12-28,4108,2961456460.0
2019-01-02,4108,2945094822.0
2019-01-03,4108,2945094822.0
2019-01-04,4108,2945094822.0
2019-01-07,4108,2945094822.0
2019-01-08,4108,3141434477.0
2019-01-09,4108,3108711201.0
2019-01-10,4108,3026903012.0
2019-01-11,4108,2985998917.0
2019-01-14,4108,2969637279.0
2019-01-15,4108,2977818098.0
2019-01-16,4108,2977818098.0
2019-01-17,4108,2985998917.0
2019-01-18,4108,2977818098.0
2019-01-21,4108,2969637279.0
2019-01-22,4108,2994179736.0
2019-01-23,4108,3010541374.0
2019-01-24,4108,3010541374.0
2019-01-25,4108,3092349563.0
2019-01-28,4108,3043264649.0
2019-01-29,4108,3026903012.0
2019-01-30,4108,3026903012.0
2019-02-11,4108,3010541374.0
2019-02-12,4108,3059626287.0
2019-02-13,4108,3108711201.0
2019-02-14,4108,3084168744.0
2019-02-15,4108,3280508399.0
2019-02-18,4108,3607741157.0
2019-02-19,4108,3730453441.0
2019-02-20,4108,3665006890.0
2019-02-21,4108,3656826071.0
2019-02-22,4108,3517752149.0
2019-02-25,4108,3534113786.0
2019-02-26,4108,3599560338.0
2019-02-27,4108,3534113786.0
2019-03-04,4108,3517752149.0
2019-03-05,4108,3558656243.0
2019-03-06,4108,3542294605.0
2019-03-07,4108,3632283614.0
2019-03-08,4108,3648645252.0
2019-03-11,4108,3583198700.0
2019-03-12,4108,3763176717.0
2019-03-13,4108,3697730165.0
2019-03-14,4108,3632283614.0
2019-03-15,4108,3624102795.0
2019-03-18,4108,3599560338.0
2019-03-19,4108,3583198700.0
2019-03-20,4108,3591379519.0
2019-03-21,4108,3558656243.0
2019-03-22,4108,3542294605.0
2019-03-25,4108,3485028873.0
2019-03-26,4108,3485028873.0
2019-03-27,4108,3468667235.0
2019-03-28,4108,3460486416.0
2019-03-29,4108,3452305597.0
2019-04-01,4108,3468667235.0
2019-04-02,4108,3485028873.0
2019-04-03,4108,3501390511.0
2019-04-08,4108,3517752149.0
2019-04-09,4108,3591379519.0
2019-04-10,4108,3550475424.0
2019-04-11,4108,3517752149.0
2019-04-12,4108,3460486416.0
2019-04-15,4108,3501390511.0
2019-04-16,4108,3575017881.0
2019-04-17,4108,3542294605.0
2019-04-18,4108,3485028873.0
2019-04-19,4108,3485028873.0
2019-04-22,4108,3468667235.0
2019-04-23,4108,3444124778.0
2019-04-24,4108,3435943959.0
2019-04-25,4108,3362316588.0
2019-04-26,4108,3296870037.0
2019-04-29,4108,3255965942.0
2019-04-30,4108,3321412494.0
2019-05-02,4108,3305050856.0
2019-05-03,4108,3296870037.0
2019-05-06,4108,3313231675.0
2019-05-07,4108,3305050856.0
2019-05-08,4108,3264146761.0
2019-05-09,4108,3215061847.0
2019-05-10,4108,3174157753.0
2019-05-13,4108,3190519391.0
2019-05-14,4108,3247785123.0
2019-05-15,4108,3280508399.0
2019-05-16,4108,3223242666.0
2019-05-17,4108,3174157753.0
2019-05-20,4108,3100530382.0
2019-05-21,4108,3133253658.0
2019-05-22,4108,3190519391.0
2019-05-23,4108,3182338572.0
2019-05-24,4108,3182338572.0
2019-05-27,4108,3157796115.0
2019-05-28,4108,3116892020.0
2019-05-29,4108,3092349563.0
2019-05-30,4108,3108711201.0
2019-05-31,4108,3084168744.0
2019-06-03,4108,3043264649.0
2019-06-04,4108,3026903012.0
2019-06-05,4108,3026903012.0
2019-06-06,4108,3043264649.0
2019-06-10,4108,3035083830.0
2019-06-11,4108,3141434477.0
2019-06-12,4108,3092349563.0
2019-06-13,4108,3059626287.0
2019-06-14,4108,3084168744.0
2019-06-17,4108,3116892020.0
2019-06-18,4108,3059626287.0
2019-06-19,4108,3092349563.0
2019-06-20,4108,3108711201.0
2019-06-21,4108,3075987925.0
2019-06-24,4108,3190519391.0
2019-06-25,4108,3206881028.0
2019-06-26,4108,3157796115.0
2019-06-27,4108,3149615296.0
2019-06-28,4108,3174157753.0
2019-07-01,4108,3165976934.0
2019-07-02,4108,3198700209.0
2019-07-03,4108,3198700209.0
2019-07-04,4108,3198700209.0
2019-07-05,4108,3206881028.0
2019-07-08,4108,3255965942.0
2019-07-09,4108,3239604304.0
2019-07-10,4108,3264146761.0
2019-07-11,4108,3305050856.0
2019-07-12,4108,3305050856.0
2019-07-15,4108,3288689218.0
2019-07-16,4108,3255965942.0
2019-07-17,4108,3272327580.0
2019-07-18,4108,3337774132.0
2019-07-19,4108,3305050856.0
2019-07-22,4108,3296870037.0
2019-07-23,4108,3272327580.0
2019-07-24,4108,3558656243.0
2019-07-25,4108,3452305597.0
2019-07-26,4108,3395039864.0
2019-07-29,4108,3386859045.0
2019-07-30,4108,3321412494.0
2019-07-31,4108,3280508399.0
2019-08-01,4108,3264146761.0
2019-08-02,4108,3206881028.0
2019-08-05,4108,3133253658.0
2019-08-06,4108,3125072839.0
2019-08-07,4108,3157796115.0
2019-08-08,4108,3157796115.0
2019-08-12,4108,3116892020.0
2019-08-13,4108,3075987925.0
2019-08-14,4108,3084168744.0
2019-08-15,4108,3051445468.0
2019-08-16,4108,3100530382.0
2019-08-19,4108,3075987925.0
2019-08-20,4108,3108711201.0
2019-08-21,4108,3133253658.0
2019-08-22,4108,3100530382.0
2019-08-23,4108,3092349563.0
2019-08-26,4108,3108711201.0
2019-08-27,4108,3198700209.0
2019-08-28,4108,3149615296.0
2019-08-29,4108,3133253658.0
2019-08-30,4108,3116892020.0
2019-09-02,4108,3141434477.0
2019-09-03,4108,3157796115.0
2019-09-04,4108,3206881028.0
2019-09-05,4108,3182338572.0
2019-09-06,4108,3149615296.0
2019-09-09,4108,3157796115.0
2019-09-10,4108,3149615296.0
2019-09-11,4108,3133253658.0
2019-09-12,4108,3133253658.0
2019-09-16,4108,3190519391.0
2019-09-17,4108,3206881028.0
2019-09-18,4108,3198700209.0
2019-09-19,4108,3215061847.0
2019-09-20,4108,3198700209.0
2019-09-23,4108,3215061847.0
2019-09-24,4108,3223242666.0
2019-09-25,4108,3206881028.0
2019-09-26,4108,3198700209.0
2019-09-27,4108,3182338572.0
2019-10-01,4108,3133253658.0
2019-10-02,4108,3116892020.0
2019-10-03,4108,3125072839.0
2019-10-04,4108,3108711201.0
2019-10-07,4108,3133253658.0
2019-10-08,4108,3149615296.0
2019-10-09,4108,3133253658.0
2019-10-14,4108,3084168744.0
2019-10-15,4108,3092349563.0
2019-10-16,4108,3116892020.0
2019-10-17,4108,3100530382.0
2019-10-18,4108,3092349563.0
2019-10-21,4108,3092349563.0
2019-10-22,4108,3116892020.0
2019-10-23,4108,3084168744.0
2019-10-24,4108,3092349563.0
2019-10-25,4108,3100530382.0
2019-10-28,4108,3084168744.0
2019-10-29,4108,3075987925.0
2019-10-30,4108,3092349563.0
2019-10-31,4108,3075987925.0
2019-11-01,4108,3067807106.0
2019-11-04,4108,3084168744.0
2019-11-05,4108,3084168744.0
2019-11-06,4108,3075987925.0
2019-11-07,4108,3059626287.0
2019-11-08,4108,3059626287.0
2019-11-11,4108,3051445468.0
2019-11-12,4108,3067807106.0
2019-11-13,4108,3051445468.0
2019-11-14,4108,3002360555.0
2019-11-15,4108,2977818098.0
2019-11-18,4108,2977818098.0
2019-11-19,4108,3002360555.0
2019-11-20,4108,2994179736.0
2019-11-21,4108,3026903012.0
2019-11-22,4108,3084168744.0
2019-11-25,4108,3100530382.0
2019-11-26,4108,3067807106.0
2019-11-27,4108,3075987925.0
2019-11-28,4108,3108711201.0
2019-11-29,4108,3067807106.0
2019-12-02,4108,3026903012.0
2019-12-03,4108,3043264649.0
2019-12-04,4108,3043264649.0
2019-12-05,4108,3018722193.0
2019-12-06,4108,3002360555.0
2019-12-09,4108,3018722193.0
2019-12-10,4108,3026903012.0
2019-12-11,4108,3002360555.0
2019-12-12,4108,2977818098.0
2019-12-13,4108,2969637279.0
2019-12-16,4108,2994179736.0
2019-12-17,4108,2994179736.0
2019-12-18,4108,2985998917.0
2019-12-19,4108,2977818098.0
2019-12-20,4108,2994179736.0
2019-12-23,4108,2977818098.0
2019-12-24,4108,2969637279.0
2019-12-25,4108,2969637279.0
2019-12-26,4108,2961456460.0
2019-12-27,4108,2945094822.0
2019-12-30,4108,2920552365.0
2019-12-31,4108,2945094822.0
2020-01-02,4108,2928733184.0
2020-01-03,4108,2912371546.0
2020-01-06,4108,2879648270.0
2020-01-07,4108,2871467451.0
2020-01-08,4108,2863286633.0
2020-01-09,4108,2879648270.0
2020-01-10,4108,2879648270.0
2020-01-13,4108,2871467451.0
2020-01-14,4108,2855105814.0
2020-01-15,4108,2855105814.0
2020-01-16,4108,2838744176.0
2020-01-17,4108,2838744176.0
2020-01-20,4108,2904190727.0
2020-01-30,4108,3002360555.0
2020-01-31,4108,2863286633.0
2020-02-03,4108,2773297624.0
2020-02-04,4108,2822382538.0
2020-02-05,4108,2953275641.0
2020-02-06,4108,2896009908.0
2020-02-07,4108,2879648270.0
2020-02-10,4108,2822382538.0
2020-02-11,4108,2830563357.0
2020-02-12,4108,2822382538.0
2020-02-13,4108,2789659262.0
2020-02-14,4108,2806020900.0
2020-02-17,4108,2822382538.0
2020-02-18,4108,2838744176.0
2020-02-19,4108,2830563357.0
2020-02-20,4108,2814201719.0
2020-02-21,4108,2871467451.0
2020-02-24,4108,2912371546.0
2020-02-25,4108,2863286633.0
2020-02-26,4108,2830563357.0
2020-02-27,4108,2781478443.0
2020-03-02,4108,2838744176.0
2020-03-03,4108,2945094822.0
2020-03-04,4108,2912371546.0
2020-03-05,4108,2920552365.0
2020-03-06,4108,2961456460.0
2020-03-09,4108,2945094822.0
2020-03-10,4108,2896009908.0
2020-03-11,4108,2838744176.0
2020-03-12,4108,2585138788.0
2020-03-13,4108,2364256677.0
2020-03-16,4108,2266086849.0
2020-03-17,4108,2045204738.0
2020-03-18,4108,1963396548.0
2020-03-19,4108,1767056893.0
2020-03-20,4108,1840684264.0
2020-03-23,4108,1717971980.0
2020-03-24,4108,1767056893.0
2020-03-25,4108,1865226721.0
2020-03-26,4108,1889769177.0
2020-03-27,4108,1955215729.0
2020-03-30,4108,1971577367.0
2020-03-31,4108,1996119824.0
2020-04-01,4108,2004300643.0
2020-04-06,4108,2110651289.0
2020-04-07,4108,2159736203.0
2020-04-08,4108,2184278660.0
2020-04-09,4108,2184278660.0
2020-04-10,4108,2200640298.0
2020-04-13,4108,2225182754.0
2020-04-14,4108,2446064866.0
2020-04-15,4108,2683308616.0
2020-04-16,4108,2945094822.0
2020-04-17,4108,2936914003.0
2020-04-20,4108,3010541374.0
2020-04-21,4108,2822382538.0
2020-04-22,4108,2863286633.0
2020-04-23,4108,2912371546.0
2020-04-24,4108,2871467451.0
2020-04-27,4108,2887829089.0
2020-04-28,4108,3174157753.0
2020-04-29,4108,3288689218.0
2020-04-30,4108,3165976934.0
2020-05-04,4108,3288689218.0
2020-05-05,4108,3288689218.0
2020-05-06,4108,3468667235.0
2020-05-07,4108,3378678226.0
2020-05-08,4108,3239604304.0
2020-05-11,4108,3116892020.0
2020-05-12,4108,3141434477.0
2020-05-13,4108,3149615296.0
2020-05-14,4108,3084168744.0
2020-05-15,4108,3084168744.0
2020-05-18,4108,3239604304.0
2020-05-19,4108,3182338572.0
2020-05-20,4108,3174157753.0
2020-05-21,4108,3174157753.0
2020-05-22,4108,3157796115.0
2020-05-25,4108,3468667235.0
2020-05-26,4108,3632283614.0
2020-05-27,4108,3370497407.0
2020-05-28,4108,3272327580.0
2020-05-29,4108,3255965942.0
2020-06-01,4108,3215061847.0
2020-06-02,4108,3157796115.0
2020-06-03,4108,3231423485.0
2020-06-04,4108,3231423485.0
2020-06-05,4108,3239604304.0
2020-06-08,4108,3198700209.0
2020-06-09,4108,3288689218.0
2020-06-10,4108,3313231675.0
2020-06-12,4108,3779538355.0
2020-06-15,4108,4082228656.0
2020-06-16,4108,3926793096.0
2020-06-17,4108,4319472406.0
2020-06-18,4108,4744874991.0
2020-06-19,4108,4703970896.0
2020-06-22,4108,4826683181.0
2020-06-23,4108,4826683181.0
2020-06-24,4108,4573077793.0
2020-06-29,4108,4597620250.0
2020-06-30,4108,4613981888.0
2020-07-01,4108,4573077793.0
2020-07-02,4108,4564896974.0
2020-07-03,4108,4376738138.0
2020-07-06,4108,4491269604.0
2020-07-07,4108,4499450423.0
2020-07-08,4108,4949395465.0
2020-07-09,4108,5440244602.0
2020-07-10,4108,5980178652.0
2020-07-13,4108,5620222619.0
2020-07-14,4108,5227543309.0
2020-07-15,4108,5742934903.0
2020-07-16,4108,6315592229.0
2020-07-17,4108,5922912920.0
2020-07-20,4108,5661126713.0
2020-07-21,4108,5562956886.0
2020-07-22,4108,5742934903.0
2020-07-23,4108,5505691153.0
2020-07-24,4108,5211181671.0
2020-07-27,4108,4744874991.0
2020-07-28,4108,4597620250.0
2020-07-29,4108,5055746111.0
2020-07-30,4108,4990299560.0
2020-07-31,4108,4949395465.0
2020-08-03,4108,5284809042.0
2020-08-04,4108,5243904947.0
2020-08-05,4108,5595680162.0
2020-08-06,4108,5415702145.0
2020-08-07,4108,5276628223.0
2020-08-10,4108,5211181671.0
2020-08-11,4108,4990299560.0
2020-08-12,4108,4900310551.0
2020-08-13,4108,4744874991.0
2020-08-14,4108,4793959905.0
2020-08-17,4108,4703970896.0
2020-08-18,4108,4818502362.0
2020-08-19,4108,4720332534.0
2020-08-20,4108,4450365509.0
2020-08-21,4108,4474907966.0
2020-08-24,4108,4483088785.0
2020-08-25,4108,4523992879.0
2020-08-26,4108,4703970896.0
2020-08-27,4108,4605801069.0
2020-08-28,4108,4605801069.0
2020-08-31,4108,4556716155.0
2020-09-01,4108,4450365509.0
2020-09-02,4108,4474907966.0
2020-09-03,4108,4425823052.0
2020-09-04,4108,4417642233.0
2020-09-07,4108,4434003871.0
2020-09-08,4108,4720332534.0
2020-09-09,4108,4663066802.0
2020-09-10,4108,4785779086.0
2020-09-11,4108,4573077793.0
2020-09-14,4108,4515812060.0
2020-09-15,4108,4556716155.0
2020-09-16,4108,4622162707.0
2020-09-17,4108,4605801069.0
2020-09-18,4108,4564896974.0
2020-09-21,4108,4597620250.0
2020-09-22,4108,4548535336.0
2020-09-23,4108,4507631241.0
2020-09-24,4108,4368557319.0
2020-09-25,4108,4172217665.0
2020-09-28,4108,4229483397.0
2020-09-29,4108,4139494389.0
2020-09-30,4108,4123132751.0
2020-10-05,4108,4254025854.0
2020-10-06,4108,4245845035.0
2020-10-07,4108,4204940940.0
2020-10-08,4108,4147675208.0
2020-10-12,4108,4123132751.0
2020-10-13,4108,4237664216.0
2020-10-14,4108,4221302578.0
2020-10-15,4108,4123132751.0
2020-10-16,4108,4114951932.0
2020-10-19,4108,4098590294.0
2020-10-20,4108,4180398483.0
2020-10-21,4108,4147675208.0
2020-10-22,4108,4270387492.0
2020-10-23,4108,4196760121.0
2020-10-26,4108,4254025854.0
2020-10-27,4108,4237664216.0
2020-10-28,4108,4188579302.0
2020-10-29,4108,4155856027.0
2020-10-30,4108,4106771113.0
2020-11-02,4108,4041324561.0
2020-11-03,4108,4057686199.0
2020-11-04,4108,4049505380.0
2020-11-05,4108,4098590294.0
2020-11-06,4108,4074047837.0
2020-11-09,4108,4123132751.0
2020-11-10,4108,4106771113.0
2020-11-11,4108,4065867018.0
2020-11-12,4108,3934973915.0
2020-11-13,4108,3885889001.0
2020-11-16,4108,3902250639.0
2020-11-17,4108,3828623269.0
2020-11-18,4108,3926793096.0
2020-11-19,4108,4008601286.0
2020-11-20,4108,4049505380.0
2020-11-23,4108,3992239648.0
2020-11-24,4108,3934973915.0
2020-11-25,4108,3910431458.0
2020-11-26,4108,3877708182.0
2020-11-27,4108,3943154734.0
2020-11-30,4108,4024962923.0
2020-12-01,4108,4049505380.0
2020-12-02,4108,4008601286.0
2020-12-03,4108,3959516372.0
2020-12-04,4108,3910431458.0
2020-12-07,4108,3828623269.0
2020-12-08,4108,3844984907.0
2020-12-09,4108,3820442450.0
2020-12-10,4108,3828623269.0
2020-12-11,4108,3804080812.0
2020-12-14,4108,3812261631.0
2020-12-15,4108,3804080812.0
2020-12-16,4108,3877708182.0
2020-12-17,4108,3861346544.0
2020-12-18,4108,3934973915.0
2020-12-21,4108,3926793096.0
2020-12-22,4108,4123132751.0
2020-12-23,4108,4041324561.0
2020-12-24,4108,4008601286.0
2020-12-25,4108,3959516372.0
2020-12-28,4108,3967697191.0
2020-12-29,4108,3992239648.0
2020-12-30,4108,4123132751.0
2020-12-31,4108,4139494389.0
2021-01-04,4108,4123132751.0
2021-01-05,4108,4147675208.0
2021-01-06,4108,4180398483.0
2021-01-07,4108,4597620250.0
2021-01-08,4108,4671247620.0
2021-01-11,4108,4466727147.0
2021-01-12,4108,4622162707.0
2021-01-13,4108,4483088785.0
2021-01-14,4108,4393099776.0
2021-01-15,4108,4139494389.0
2021-01-18,4108,4090409475.0
2021-01-19,4108,4082228656.0
2021-01-20,4108,3918612277.0
2021-01-21,4108,3902250639.0
2021-01-22,4108,3943154734.0
2021-01-25,4108,4335834044.0
2021-01-26,4108,4417642233.0
2021-01-27,4108,4278568311.0
2021-01-28,4108,4164036846.0
2021-01-29,4108,4033143742.0
2021-02-01,4108,4866162536.0
2021-02-02,4108,4955541031.0
2021-02-03,4108,4687405544.0
2021-02-05,4108,4796645928.0
2021-02-17,4108,4915817255.0
2021-02-18,4108,5084643302.0
2021-02-19,4108,5591121444.0
2021-02-22,4108,6117461473.0
2021-02-23,4108,5759947491.0
2021-02-24,4108,6018152034.0
2021-02-25,4108,5869187874.0
2021-02-26,4108,5750016547.0
2021-03-02,4108,5581190500.0
2021-03-03,4108,5581190500.0
2021-03-04,4108,5581190500.0
2021-03-05,4108,5978428258.0
2021-03-08,4108,5759947491.0
2021-03-09,4108,5740085603.0
2021-03-10,4108,5680499939.0
2021-03-11,4108,5630845220.0
2021-03-12,4108,5591121444.0
2021-03-15,4108,5680499939.0
2021-03-16,4108,5640776164.0
2021-03-17,4108,5392502565.0
2021-03-18,4108,5392502565.0
2021-03-19,4108,5422295397.0
2021-03-22,4108,5422295397.0
2021-03-23,4108,5551397668.0
2021-03-24,4108,5581190500.0
2021-03-25,4108,5452088229.0
2021-03-26,4108,5422295397.0
2021-03-29,4108,5541466724.0
2021-03-30,4108,5511673892.0
2021-03-31,4108,5501742948.0
2021-04-01,4108,5581190500.0
2021-04-06,4108,5511673892.0
2021-04-07,4108,5422295397.0
2021-04-08,4108,5481881060.0
2021-04-09,4108,5511673892.0
2021-04-12,4108,5769878435.0
2021-04-13,4108,5551397668.0
2021-04-14,4108,5372640677.0
2021-04-15,4108,5412364453.0
2021-04-16,4108,5462019173.0
2021-04-19,4108,5491812004.0
2021-04-20,4108,5541466724.0
2021-04-21,4108,5481881060.0
2021-04-22,4108,5412364453.0
2021-04-23,4108,5372640677.0
2021-04-26,4108,5422295397.0
2021-04-28,4108,5452088229.0
2021-04-29,4108,5402433509.0
2021-05-03,4108,5422295397.0
2021-05-04,4108,5164090854.0
2021-05-05,4108,5134298022.0
2021-05-06,4108,5243538406.0
2021-05-07,4108,5263400294.0
2021-05-10,4108,5263400294.0
2021-05-11,4108,5124367078.0
2021-05-12,4108,5084643302.0
2021-05-13,4108,5342847845.0
2021-05-14,4108,5084643302.0
2021-05-17,4108,4826438760.0
2021-05-18,4108,5164090854.0
2021-05-19,4108,5044919527.0
2021-05-20,4108,4925748199.0
2021-05-21,4108,4935679143.0
2021-05-24,4108,4995264807.0
2021-05-25,4108,5025057639.0
2021-05-26,4108,5104505190.0
2021-05-27,4108,5174021798.0
2021-05-28,4108,5134298022.0
2021-05-31,4108,5025057639.0
2021-06-01,4108,4955541031.0
2021-06-02,4108,4925748199.0
2021-06-03,4108,4965471975.0
2021-06-04,4108,4985333863.0
2021-06-07,4108,5025057639.0
2021-06-08,4108,4975402919.0
2021-06-09,4108,4935679143.0
2021-06-10,4108,5074712358.0
2021-06-11,4108,5034988583.0
2021-06-15,4108,4975402919.0
2021-06-16,4108,4905886311.0
2021-06-17,4108,4915817255.0
2021-06-18,4108,4876093479.0
2021-06-21,4108,4766853096.0
2021-06-22,4108,4727129320.0
2021-06-23,4108,4746991208.0
2021-06-24,4108,4746991208.0
2021-06-25,4108,4756922152.0
2021-06-28,4108,4756922152.0
2021-06-29,4108,4786714984.0
2021-06-30,4108,4766853096.0
2021-07-01,4108,4717198376.0
2021-07-02,4108,4707267432.0
2021-07-05,4108,4806576872.0
2021-07-06,4108,4766853096.0
2021-07-07,4108,4707267432.0
2021-07-08,4108,4717198376.0
2021-07-09,4108,4687405544.0
2021-07-12,4108,4687405544.0
2021-07-13,4108,4617888937.0
2021-07-14,4108,4508648553.0
2021-07-15,4108,4568234217.0
2021-07-16,4108,4568234217.0
2021-07-19,4108,4548372329.0
2021-07-20,4108,4558303273.0
2021-07-21,4108,4449062890.0
2021-07-22,4108,4458993834.0
2021-07-23,4108,4468924778.0
2021-07-26,4108,4458993834.0
2021-07-27,4108,4399408170.0
2021-07-28,4108,4359684394.0
2021-07-29,4108,4439131946.0
2021-07-30,4108,4399408170.0
2021-08-02,4108,4439131946.0
2021-08-03,4108,4737060264.0
2021-08-04,4108,4637750825.0
2021-08-05,4108,4518579497.0
2021-08-06,4108,4518579497.0
2021-08-09,4108,4399408170.0
2021-08-10,4108,4409339114.0
2021-08-11,4108,4290167786.0
2021-08-12,4108,4349753450.0
2021-08-13,4108,4379546282.0
2021-08-16,4108,4250444011.0
2021-08-17,4108,4091548907.0
2021-08-18,4108,4101479851.0
2021-08-19,4108,3982308524.0
2021-08-20,4108,4012101356.0
2021-08-23,4108,4071687020.0
2021-08-24,4108,4478855721.0
2021-08-25,4108,4409339114.0
2021-08-26,4108,4349753450.0
2021-08-27,4108,4349753450.0
2021-08-30,4108,4339822506.0
2021-08-31,4108,4379546282.0
2021-09-01,4108,4329891562.0
2021-09-02,4108,4300098730.0
2021-09-03,4108,4339822506.0
2021-09-06,4108,4329891562.0
2021-09-07,4108,4409339114.0
2021-09-08,4108,4389477226.0
2021-09-09,4108,4379546282.0
2021-09-10,4108,4310029674.0
2021-09-13,4108,4379546282.0
2021-09-14,4108,4399408170.0
2021-09-15,4108,4349753450.0
2021-09-16,4108,4369615338.0
2021-09-17,4108,4468924778.0
2021-09-22,4108,4389477226.0
2021-09-24,4108,4558303273.0
2021-09-27,4108,4508648553.0
2021-09-28,4108,4518579497.0
2021-09-29,4108,4488786665.0
2021-09-30,4108,4548372329.0
2021-10-01,4108,4409339114.0
2021-10-04,4108,4349753450.0
2021-10-05,4108,4409339114.0
2021-10-06,4108,4260374955.0
2021-10-07,4108,4319960618.0
2021-10-08,4108,4310029674.0
2021-10-12,4108,4300098730.0
2021-10-13,4108,4220651179.0
2021-10-14,4108,4290167786.0
2021-10-15,4108,4310029674.0
2021-10-18,4108,4319960618.0
2021-10-19,4108,4369615338.0
2021-10-20,4108,4419270058.0
2021-10-21,4108,4399408170.0
2021-10-22,4108,4339822506.0
2021-10-25,4108,4439131946.0
2021-10-26,4108,4468924778.0
2021-10-27,4108,4439131946.0
2021-10-28,4108,4439131946.0
2021-10-29,4108,4429201002.0
2021-11-01,4108,4429201002.0
2021-11-02,4108,4419270058.0
2021-11-03,4108,4518579497.0
2021-11-04,4108,4518579497.0
2021-11-05,4108,4508648553.0
2021-11-08,4108,4468924778.0
2021-11-09,4108,4498717609.0
2021-11-10,4108,4449062890.0
2021-11-11,4108,4439131946.0
2021-11-12,4108,4409339114.0
2021-11-15,4108,4369615338.0
2021-11-16,4108,4429201002.0
2021-11-17,4108,4409339114.0
2021-11-18,4108,4588096105.0
2021-11-19,4108,4548372329.0
2021-11-22,4108,4568234217.0
2021-11-23,4108,4518579497.0
2021-11-24,4108,4697336488.0
2021-11-25,4108,4766853096.0
2021-11-26,4108,4677474600.0
2021-11-29,4108,4607957993.0
2021-11-30,4108,4508648553.0
2021-12-01,4108,4568234217.0
2021-12-02,4108,4488786665.0
2021-12-03,4108,4518579497.0
2021-12-06,4108,4657612713.0
2021-12-07,4108,4756922152.0
2021-12-08,4108,4766853096.0
2021-12-09,4108,4667543657.0
2021-12-10,4108,4687405544.0
2021-12-13,4108,4677474600.0
2021-12-14,4108,4607957993.0
2021-12-15,4108,4598027049.0
2021-12-16,4108,4627819881.0
2021-12-17,4108,4588096105.0
2021-12-20,4108,4588096105.0
2021-12-21,4108,4598027049.0
2021-12-22,4108,4568234217.0
2021-12-23,4108,4578165161.0
2021-12-24,4108,4627819881.0
2021-12-27,4108,4548372329.0
2021-12-28,4108,4538441385.0
2021-12-29,4108,4548372329.0
2021-12-30,4108,4627819881.0
2022-01-03,4108,4687405544.0
2022-01-04,4108,4637750825.0
2022-01-05,4108,4617888937.0
2022-01-06,4108,4508648553.0
2022-01-07,4108,4429201002.0
2022-01-10,4108,4488786665.0
2022-01-11,4108,4369615338.0
2022-01-12,4108,4399408170.0
2022-01-13,4108,4349753450.0
2022-01-14,4108,4260374955.0
2022-01-17,4108,4280236842.0
2022-01-18,4108,4290167786.0
2022-01-19,4108,4250444011.0
2022-01-20,4108,4230582123.0
2022-01-21,4108,4161065515.0
2022-01-24,4108,4121341739.0
2022-01-25,4108,4022032300.0
2022-01-26,4108,4051825132.0
2022-02-07,4108,4121341739.0
2022-02-08,4108,4220651179.0
2022-02-09,4108,4250444011.0
2022-02-10,4108,4369615338.0
2022-02-11,4108,4300098730.0
2022-02-14,4108,4200789291.0
2022-02-15,4108,4180927403.0
2022-02-16,4108,4190858347.0
2022-02-17,4108,4190858347.0
2022-02-18,4108,4230582123.0
2022-02-21,4108,4250444011.0
2022-02-22,4108,4290167786.0
2022-02-23,4108,4260374955.0
2022-02-24,4108,4071687020.0
2022-02-25,4108,4121341739.0
2022-03-01,4108,4349753450.0
2022-03-02,4108,4230582123.0
2022-03-03,4108,4260374955.0
2022-03-04,4108,4210720235.0
2022-03-07,4108,4061756076.0
2022-03-08,4108,3972377580.0
2022-03-09,4108,4012101356.0
2022-03-10,4108,4051825132.0
2022-03-11,4108,4031963244.0
2022-03-14,4108,4031963244.0
2022-03-15,4108,3992239468.0
2022-03-16,4108,3992239468.0
2022-03-17,4108,4061756076.0
2022-03-18,4108,4081617963.0
2022-03-21,4108,4081617963.0
2022-03-22,4108,4071687020.0
2022-03-23,4108,4091548907.0
2022-03-24,4108,4051825132.0
2022-03-25,4108,4012101356.0
2022-03-28,4108,4012101356.0
2022-03-29,4108,4022032300.0
2022-03-30,4108,4051825132.0
2022-03-31,4108,4031963244.0
2022-04-01,4108,4012101356.0
2022-04-06,4108,4061756076.0
2022-04-07,4108,4121341739.0
2022-04-08,4108,4170996459.0
2022-04-11,4108,4101479851.0
2022-04-12,4108,4041894188.0
2022-04-13,4108,4031963244.0
2022-04-14,4108,4091548907.0
2022-04-15,4108,4121341739.0
2022-04-18,4108,4310029674.0
2022-04-19,4108,4200789291.0
2022-04-20,4108,4151134571.0
2022-04-21,4108,4319960618.0
2022-04-22,4108,4389477226.0
2022-04-25,4108,4200789291.0
2022-04-26,4108,4081617963.0
2022-04-27,4108,4051825132.0
2022-04-28,4108,4051825132.0
2022-04-29,4108,4051825132.0
2022-05-03,4108,4250444011.0
2022-05-04,4108,4141203627.0
2022-05-05,4108,4161065515.0
2022-05-06,4108,4091548907.0
2022-05-09,4108,3992239468.0
2022-05-10,4108,4002170412.0
2022-05-11,4108,3972377580.0
2022-05-12,4108,3783689645.0
2022-05-13,4108,3833344365.0
2022-05-16,4108,3833344365.0
2022-05-17,4108,3813482477.0
2022-05-18,4108,3892930028.0
2022-05-19,4108,3833344365.0
2022-05-20,4108,3882999084.0
2022-05-23,4108,3942584748.0
2022-05-24,4108,3932653804.0
2022-05-25,4108,3942584748.0
2022-05-26,4108,3902860972.0
2022-05-27,4108,3912791916.0
2022-05-30,4108,3922722860.0
2022-05-31,4108,3912791916.0
2022-06-01,4108,3912791916.0
2022-06-02,4108,3922722860.0
2022-06-06,4108,3912791916.0
2022-06-07,4108,3912791916.0
2022-06-08,4108,3912791916.0
2022-06-09,4108,3922722860.0
2022-06-10,4108,3882999084.0
2022-06-13,4108,3803551533.0
2022-06-14,4108,3823413421.0
2022-06-15,4108,3863137197.0
2022-06-16,4108,3833344365.0
2022-06-17,4108,3793620589.0
2022-06-20,4108,3694311149.0
2022-06-21,4108,3753896813.0
2022-06-22,4108,3694311149.0
2022-06-23,4108,3694311149.0
2022-06-24,4108,3793620589.0
2022-06-27,4108,3813482477.0
2022-06-28,4108,3763827757.0
2022-06-29,4108,3773758701.0
2022-07-01,4108,3505623214.0
2022-07-04,4108,3535416046.0
2022-07-05,4108,3555277934.0
2022-07-06,4108,3495692270.0
2022-07-07,4108,3515554158.0
2022-07-08,4108,3525485102.0
2022-07-11,4108,3535416046.0
2022-07-12,4108,3455968495.0
2022-07-13,4108,3485761326.0
2022-07-14,4108,3525485102.0
2022-07-15,4108,3525485102.0
2022-07-18,4108,3575139822.0
2022-07-19,4108,3694311149.0
2022-07-20,4108,3654587374.0
2022-07-21,4108,3823413421.0
2022-07-22,4108,3813482477.0
2022-07-25,4108,3863137197.0
2022-07-26,4108,3823413421.0
2022-07-27,4108,3833344365.0
2022-07-28,4108,3773758701.0
2022-07-29,4108,3773758701.0
2022-08-01,4108,3743965869.0
2022-08-02,4108,3634725486.0
2022-08-03,4108,3604932654.0
2022-08-04,4108,3575139822.0
2022-08-05,4108,3604932654.0
2022-08-08,4108,3585070766.0
2022-08-09,4108,3624794542.0
2022-08-10,4108,3604932654.0
2022-08-11,4108,3614863598.0
2022-08-12,4108,3634725486.0
2022-08-15,4108,3654587374.0
2022-08-16,4108,3694311149.0
2022-08-17,4108,3674449262.0
2022-08-18,4108,3813482477.0
2022-08-19,4108,3793620589.0
2022-08-22,4108,3882999084.0
2022-08-23,4108,3942584748.0
2022-08-24,4108,3902860972.0
2022-08-25,4108,3882999084.0
2022-08-26,4108,3882999084.0
2022-08-29,4108,3813482477.0
2022-08-30,4108,3863137197.0
2022-08-31,4108,4051825132.0
2022-09-01,4108,4061756076.0
2022-09-02,4108,4022032300.0
2022-09-05,4108,4240513067.0
2022-09-06,4108,4031963244.0
2022-09-07,4108,4111410795.0
2022-09-08,4108,4091548907.0
2022-09-12,4108,4061756076.0
2022-09-13,4108,4031963244.0
2022-09-14,4108,3972377580.0
2022-09-15,4108,3962446636.0
2022-09-16,4108,3992239468.0
2022-09-19,4108,3952515692.0
2022-09-20,4108,3972377580.0
2022-09-21,4108,4002170412.0
2022-09-22,4108,4031963244.0
2022-09-23,4108,3982308524.0
2022-09-26,4108,3714173037.0
2022-09-27,4108,3743965869.0
2022-09-28,4108,3535416046.0
2022-09-29,4108,3595001710.0
2022-09-30,4108,3555277934.0
2022-10-03,4108,3535416046.0
2022-10-04,4108,3585070766.0
2022-10-05,4108,3575139822.0
2022-10-06,4108,3604932654.0
2022-10-07,4108,3624794542.0
2022-10-11,4108,3575139822.0
2022-10-12,4108,3535416046.0
2022-10-13,4108,3446037551.0
2022-10-14,4108,3515554158.0
2022-10-17,4108,3465899439.0
2022-10-18,4108,3495692270.0
2022-10-19,4108,3545346990.0
2022-10-20,4108,3465899439.0
2022-10-21,4108,3455968495.0
2022-10-24,4108,3436106607.0
2022-10-25,4108,3446037551.0
2022-10-26,4108,3426175663.0
2022-10-27,4108,3485761326.0
2022-10-31,4108,3446037551.0
2022-11-01,4108,3455968495.0
2022-11-02,4108,3475830383.0
2022-11-03,4108,3475830383.0
2022-11-04,4108,3485761326.0
2022-11-07,4108,3495692270.0
2022-11-08,4108,3525485102.0
2022-11-09,4108,3545346990.0
2022-11-10,4108,3525485102.0
2022-11-11,4108,3555277934.0
2022-11-14,4108,3535416046.0
2022-11-15,4108,3565208878.0
2022-11-16,4108,3575139822.0
2022-11-17,4108,3714173037.0
2022-11-21,4108,3664518318.0
2022-11-22,4108,3614863598.0
2022-11-23,4108,3664518318.0
2022-11-24,4108,3694311149.0
2022-11-25,4108,3773758701.0
2022-11-28,4108,3793620589.0
2022-11-29,4108,3803551533.0
2022-11-30,4108,3803551533.0
2022-12-01,4108,3823413421.0
2022-12-02,4108,3763827757.0
2022-12-05,4108,3773758701.0
2022-12-06,4108,3734034925.0
2022-12-07,4108,3783689645.0
2022-12-08,4108,3813482477.0
2022-12-09,4108,3813482477.0
2022-12-12,4108,3952515692.0
2022-12-13,4108,4012101356.0
2022-12-14,4108,4002170412.0
2022-12-15,4108,3972377580.0
2022-12-16,4108,3952515692.0
2022-12-19,4108,4012101356.0
2022-12-20,4108,3753896813.0
2022-12-21,4108,3773758701.0
2022-12-22,4108,3793620589.0
2022-12-23,4108,3783689645.0
2022-12-26,4108,3952515692.0
2022-12-27,4108,3932653804.0
2022-12-28,4108,3813482477.0
2022-12-29,4108,3773758701.0
2022-12-30,4108,3793620589.0
2023-01-03,4108,3793620589.0
2023-01-04,4108,3763827757.0
2023-01-05,4108,3743965869.0
2023-01-06,4108,3773758701.0
2023-01-09,4108,3793620589.0
2023-01-10,4108,3753896813.0
2023-01-11,4108,3734034925.0
2023-01-12,4108,3684380205.0
2023-01-13,4108,3714173037.0
2023-01-16,4108,3714173037.0
2023-01-17,4108,3773758701.0
2023-01-30,4108,3773758701.0
2023-01-31,4108,3803551533.0
2023-02-01,4108,3793620589.0
2023-02-02,4108,3863137197.0
2023-02-03,4108,3863137197.0
2023-02-06,4108,3892930028.0
2023-02-07,4108,3882999084.0
2023-02-08,4108,3863137197.0
2023-02-10,4108,3843275309.0
2023-02-13,4108,3813482477.0
2023-02-14,4108,3803551533.0
2023-02-15,4108,3823413421.0
2023-02-16,4108,3843275309.0
2023-02-17,4108,3863137197.0
2023-02-20,4108,3863137197.0
2023-02-21,4108,3853206253.0
2023-02-22,4108,3823413421.0
2023-02-23,4108,3863137197.0
2023-02-24,4108,3863137197.0
2023-03-01,4108,3833344365.0
2023-03-02,4108,3843275309.0
2023-03-03,4108,3873068141.0
2023-03-06,4108,3902860972.0
2023-03-07,4108,3892930028.0
2023-03-08,4108,3873068141.0
2023-03-09,4108,3922722860.0
2023-03-10,4108,3843275309.0
2023-03-13,4108,3783689645.0
2023-03-14,4108,3753896813.0
2023-03-15,4108,3724103981.0
2023-03-16,4108,3624794542.0
2023-03-17,4108,3644656430.0
2023-03-20,4108,3644656430.0
2023-03-21,4108,3704242093.0
2023-03-22,4108,3714173037.0
2023-03-23,4108,3704242093.0
2023-03-24,4108,3753896813.0
2023-03-27,4108,3743965869.0
2023-03-28,4108,3724103981.0
2023-03-29,4108,3714173037.0
2023-03-30,4108,3743965869.0
2023-03-31,4108,3743965869.0
2023-04-06,4108,3743965869.0
2023-04-07,4108,3753896813.0
2023-04-10,4108,3793620589.0
2023-04-11,4108,3793620589.0
2023-04-12,4108,3813482477.0
2023-04-13,4108,3863137197.0
2023-04-14,4108,3863137197.0
2023-04-17,4108,3853206253.0
2023-04-18,4108,3853206253.0
2023-04-19,4108,3843275309.0
2023-04-20,4108,3813482477.0
2023-04-21,4108,3743965869.0
2023-04-24,4108,3922722860.0
2023-04-25,4108,3853206253.0
2023-04-26,4108,3803551533.0
2023-04-27,4108,4180927403.0
2023-04-28,4108,4230582123.0
2023-05-02,4108,4091548907.0
2023-05-03,4108,4429201002.0
2023-05-05,4108,4518579497.0
2023-05-08,4108,4419270058.0
2023-05-09,4108,4230582123.0
2023-05-10,4108,4319960618.0
2023-05-11,4108,4329891562.0
2023-05-12,4108,4230582123.0
2023-05-15,4108,4111410795.0
2023-05-16,4108,4170996459.0
2023-05-17,4108,4161065515.0
2023-05-18,4108,4151134571.0
2023-05-19,4108,4121341739.0
2023-05-22,4108,4170996459.0
2023-05-23,4108,4359684394.0
2023-05-24,4108,4329891562.0
2023-05-25,4108,4210720235.0
2023-05-26,4108,4121341739.0
2023-05-29,4108,4151134571.0
2023-05-30,4108,4121341739.0
2023-05-31,4108,4141203627.0
2023-06-01,4108,4170996459.0
2023-06-02,4108,4180927403.0
2023-06-05,4108,4349753450.0
2023-06-06,4108,4409339114.0
2023-06-07,4108,4329891562.0
2023-06-08,4108,4478855721.0
2023-06-09,4108,4449062890.0
2023-06-12,4108,4349753450.0
2023-06-13,4108,4300098730.0
2023-06-14,4108,4310029674.0
2023-06-15,4108,4349753450.0
2023-06-16,4108,4270305899.0
2023-06-19,4108,4260374955.0
2023-06-20,4108,4677474600.0
2023-06-21,4108,4518579497.0
2023-06-26,4108,4518579497.0
2023-06-27,4108,4657612713.0
2023-06-28,4108,4568234217.0
2023-06-29,4108,4647681769.0
2023-06-30,4108,4657612713.0
2023-07-03,4108,4558303273.0
2023-07-04,4108,4498717609.0
2023-07-05,4108,4568234217.0
2023-07-06,4108,4905886311.0
2023-07-07,4108,4746991208.0
2023-07-10,4108,4737060264.0
2023-07-11,4108,4766853096.0
2023-07-12,4108,4617888937.0
2023-07-13,4108,4617888937.0
2023-07-14,4108,4518579497.0
2023-07-17,4108,4607957993.0
2023-07-18,4108,4488786665.0
2023-07-19,4108,4528510441.0
2023-07-20,4108,4607957993.0
2023-07-21,4108,4548372329.0
2023-07-24,4108,4578165161.0
2023-07-25,4108,4766853096.0
2023-07-26,4108,4617888937.0
2023-07-27,4108,4588096105.0
2023-07-28,4108,4528510441.0
2023-07-31,4108,4458993834.0
2023-08-01,4108,4478855721.0
2023-08-02,4108,4369615338.0
2023-08-04,4108,4359684394.0
2023-08-07,4108,4369615338.0
2023-08-08,4108,4290167786.0
2023-08-09,4108,4220651179.0
2023-08-10,4108,4101479851.0
2023-08-11,4108,4041894188.0
2023-08-14,4108,3952515692.0
2023-08-15,4108,4031963244.0
2023-08-16,4108,3972377580.0
2023-08-17,4108,3972377580.0
2023-08-18,4108,3952515692.0
2023-08-21,4108,4012101356.0
2023-08-22,4108,3982308524.0
2023-08-23,4108,3952515692.0
2023-08-24,4108,3962446636.0
2023-08-25,4108,3942584748.0
2023-08-28,4108,3932653804.0
2023-08-29,4108,3952515692.0
2023-08-30,4108,4031963244.0
2023-08-31,4108,4022032300.0
2023-09-01,4108,4051825132.0
2023-09-04,4108,4022032300.0
2023-09-05,4108,4022032300.0
2023-09-06,4108,4022032300.0
2023-09-07,4108,3952515692.0
2023-09-08,4108,3952515692.0
2023-09-11,4108,3952515692.0
2023-09-12,4108,3962446636.0
2023-09-13,4108,3992239468.0
2023-09-14,4108,3992239468.0
2023-09-15,4108,3972377580.0
2023-09-18,4108,4002170412.0
2023-09-19,4108,4141203627.0
2023-09-20,4108,4022032300.0
2023-09-21,4108,3992239468.0
2023-09-22,4108,3982308524.0
2023-09-25,4108,3952515692.0
2023-09-26,4108,3912791916.0
2023-09-27,4108,3942584748.0
2023-09-28,4108,3932653804.0
2023-10-02,4108,3972377580.0
2023-10-03,4108,3982308524.0
2023-10-04,4108,4022032300.0
2023-10-05,4108,4002170412.0
2023-10-06,4108,4002170412.0
2023-10-11,4108,3962446636.0
2023-10-12,4108,4061756076.0
2023-10-13,4108,4041894188.0
2023-10-16,4108,4012101356.0
2023-10-17,4108,3972377580.0
2023-10-18,4108,3932653804.0
2023-10-19,4108,3952515692.0
2023-10-20,4108,3952515692.0
2023-10-23,4108,3942584748.0
2023-10-24,4108,3952515692.0
2023-10-25,4108,3972377580.0
2023-10-26,4108,3942584748.0
2023-10-27,4108,4012101356.0
2023-10-30,4108,4022032300.0
2023-10-31,4108,4419270058.0
2023-11-01,4108,4627819881.0
2023-11-02,4108,4488786665.0
2023-11-03,4108,4339822506.0
2023-11-06,4108,4359684394.0
2023-11-07,4108,4756922152.0
2023-11-08,4108,4518579497.0
2023-11-09,4108,4449062890.0
2023-11-10,4108,4349753450.0
2023-11-13,4108,4319960618.0
2023-11-14,4108,4528510441.0
2023-11-15,4108,4449062890.0
2023-11-16,4108,4429201002.0
2023-11-17,4108,4458993834.0
2023-11-20,4108,4419270058.0
2023-11-21,4108,4449062890.0
2023-11-22,4108,4498717609.0
2023-11-23,4108,4687405544.0
2023-11-24,4108,4617888937.0
2023-11-27,4108,4687405544.0
2023-11-28,4108,4707267432.0
2023-11-29,4108,4607957993.0
2023-11-30,4108,4598027049.0
2023-12-01,4108,4647681769.0
2023-12-04,4108,4647681769.0
2023-12-05,4108,4568234217.0
2023-12-06,4108,4518579497.0
2023-12-07,4108,4548372329.0
2023-12-08,4108,4498717609.0
2023-12-11,4108,4369615338.0
2023-12-12,4108,4310029674.0
2023-12-13,4108,4329891562.0
2023-12-14,4108,4290167786.0
2023-12-15,4108,4329891562.0
2023-12-18,4108,4310029674.0
2023-12-19,4108,4270305899.0
2023-12-20,4108,4300098730.0
2023-12-21,4108,4310029674.0
2023-12-22,4108,4270305899.0
2023-12-25,4108,4260374955.0
2023-12-26,4108,4369615338.0
2023-12-27,4108,4329891562.0
2023-12-28,4108,4300098730.0
2023-12-29,4108,4310029674.0
2024-01-02,4108,4319960618.0
2024-01-03,4108,4389477226.0
2024-01-04,4108,4389477226.0
2024-01-05,4108,4409339114.0
2024-01-08,4108,4379546282.0
2024-01-09,4108,4310029674.0
2024-01-10,4108,4369615338.0
2024-01-11,4108,4349753450.0
2024-01-12,4108,4310029674.0
2024-01-15,4108,4349753450.0
2024-01-16,4108,4280236842.0
2024-01-17,4108,4210720235.0
2024-01-18,4108,4369615338.0
2024-01-19,4108,4379546282.0
2024-01-22,4108,4329891562.0
2024-01-23,4108,4300098730.0
2024-01-24,4108,4290167786.0
2024-01-25,4108,4260374955.0
2024-01-26,4108,4270305899.0
2024-01-29,4108,4310029674.0
2024-01-30,4108,4300098730.0
2024-01-31,4108,4369615338.0
2024-02-01,4108,4389477226.0
2024-02-02,4108,4339822506.0
2024-02-05,4108,4329891562.0
2024-02-15,4108,4310029674.0
2024-02-16,4108,4389477226.0
2024-02-19,4108,4488786665.0
2024-02-20,4108,4468924778.0
2024-02-21,4108,4449062890.0
2024-02-22,4108,4379546282.0
2024-02-23,4108,4349753450.0
2024-02-26,4108,4667543657.0
2024-02-27,4108,4508648553.0
2024-02-29,4108,4419270058.0
2024-03-01,4108,4389477226.0
2024-03-04,4108,4329891562.0
2024-03-05,4108,4290167786.0
2024-03-06,4108,4280236842.0
2024-03-07,4108,4240513067.0
2024-03-08,4108,4141203627.0
2024-03-11,4108,4151134571.0
2024-03-12,4108,4190858347.0
2024-03-13,4108,4141203627.0
2024-03-14,4108,4170996459.0
2024-03-15,4108,4141203627.0
2024-03-18,4108,4081617963.0
2024-03-19,4108,4101479851.0
2024-03-20,4108,4081617963.0
2024-03-21,4108,4071687020.0
2024-03-22,4108,4091548907.0
2024-03-25,4108,4101479851.0
2024-03-26,4108,4031963244.0
2024-03-27,4108,4071687020.0
2024-03-28,4108,4131272683.0
2024-03-29,4108,4091548907.0
2024-04-01,4108,4111410795.0
2024-04-02,4108,4081617963.0
2024-04-03,4108,4031963244.0
2024-04-08,4108,4012101356.0
2024-04-09,4108,4022032300.0
2024-04-10,4108,4101479851.0
2024-04-11,4108,4081617963.0
2024-04-12,4108,4041894188.0
2024-04-15,4108,4012101356.0
2024-04-16,4108,3922722860.0
2024-04-17,4108,3982308524.0
2024-04-18,4108,3962446636.0
2024-04-19,4108,3863137197.0
2024-04-22,4108,3863137197.0
2024-04-23,4108,3932653804.0
2024-04-24,4108,3972377580.0
2024-04-25,4108,3932653804.0
2024-04-26,4108,3932653804.0
2024-04-29,4108,3952515692.0
2024-04-30,4108,3972377580.0
2024-05-02,4108,3982308524.0
2024-05-03,4108,4012101356.0
2024-05-06,4108,3972377580.0
2024-05-07,4108,3972377580.0
2024-05-08,4108,3922722860.0
2024-05-09,4108,3892930028.0
2024-05-10,4108,3912791916.0
2024-05-13,4108,3873068141.0
2024-05-14,4108,3912791916.0
2024-05-15,4108,3912791916.0
2024-05-16,4108,3922722860.0
2024-05-17,4108,3972377580.0
2024-05-20,4108,3942584748.0
2024-05-21,4108,3962446636.0
2024-05-22,4108,3942584748.0
2024-05-23,4108,3882999084.0
2024-05-24,4108,3912791916.0
2024-05-27,4108,3873068141.0
2024-05-28,4108,3912791916.0
2024-05-29,4108,3932653804.0
2024-05-30,4108,3882999084.0
2024-05-31,4108,3912791916.0
2024-06-03,4108,3922722860.0
2024-06-04,4108,3942584748.0
2024-06-05,4108,4041894188.0
2024-06-06,4108,3962446636.0
2024-06-07,4108,3972377580.0
2024-06-11,4108,3962446636.0
2024-06-12,4108,3942584748.0
2024-06-13,4108,3942584748.0
2024-06-14,4108,3922722860.0
2024-06-17,4108,3962446636.0
2024-06-18,4108,3962446636.0
2024-06-19,4108,3962446636.0
2024-06-20,4108,3972377580.0
2024-06-21,4108,4002170412.0
2024-06-24,4108,4091548907.0
2024-06-25,4108,4031963244.0
2024-06-26,4108,4002170412.0
2024-06-27,4108,4041894188.0
2024-06-28,4108,4051825132.0
2024-07-01,4108,4031963244.0
2024-07-02,4108,4012101356.0
2024-07-03,4108,3992239468.0
2024-07-04,4108,4002170412.0
2024-07-05,4108,4022032300.0
2024-07-08,4108,4111410795.0
2024-07-09,4108,3992239468.0
2024-07-10,4108,3982308524.0
2024-07-11,4108,3982308524.0
2024-07-12,4108,3982308524.0
2024-07-15,4108,3982308524.0
2024-07-16,4108,4002170412.0
2024-07-17,4108,3972377580.0
2024-07-18,4108,3972377580.0
2024-07-19,4108,3942584748.0
2024-07-22,4108,3882999084.0
2024-07-23,4108,3912791916.0
2024-07-26,4108,3892930028.0
2024-07-29,4108,3823413421.0
2024-07-30,4108,3833344365.0
2024-07-31,4108,3853206253.0
2024-08-01,4108,3863137197.0
2024-08-02,4108,3853206253.0
2024-08-05,4108,3495692270.0
2024-08-06,4108,3475830383.0
2024-08-07,4108,3595001710.0
2024-08-08,4108,3575139822.0
2024-08-09,4108,3634725486.0
2024-08-12,4108,3634725486.0
2024-08-13,4108,3654587374.0
2024-08-14,4108,3634725486.0
2024-08-15,4108,3575139822.0
2024-08-16,4108,3585070766.0
2024-08-19,4108,3575139822.0
2024-08-20,4108,3595001710.0
2024-08-21,4108,3634725486.0
2024-08-22,4108,3634725486.0
2024-08-23,4108,3674449262.0
2024-08-26,4108,3664518318.0
2024-08-27,4108,3644656430.0
2024-08-28,4108,3674449262.0
2024-08-29,4108,3664518318.0
2024-08-30,4108,3654587374.0
2024-09-02,4108,3664518318.0
2024-09-03,4108,3654587374.0
2024-09-04,4108,3485761326.0
2024-09-05,4108,3485761326.0
2024-09-06,4108,3495692270.0
2024-09-09,4108,3575139822.0
2024-09-10,4108,3475830383.0
2024-09-11,4108,3495692270.0
2024-09-12,4108,3555277934.0
2024-09-13,4108,3634725486.0
2024-09-16,4108,3614863598.0
2024-09-18,4108,3614863598.0
2024-09-19,4108,3604932654.0
2024-09-20,4108,3585070766.0
2024-09-23,4108,3585070766.0
2024-09-24,4108,3575139822.0
2024-09-25,4108,3575139822.0
2024-09-26,4108,3555277934.0
2024-09-27,4108,3614863598.0
2024-09-30,4108,3614863598.0
2024-10-01,4108,3604932654.0
2024-10-04,4108,3585070766.0
2024-10-07,4108,3575139822.0
2024-10-08,4108,3525485102.0
2024-10-09,4108,3525485102.0
2024-10-11,4108,3525485102.0
2024-10-14,4108,3535416046.0
2024-10-15,4108,3495692270.0
2024-10-16,4108,3475830383.0
2024-10-17,4108,3495692270.0
2024-10-18,4108,3525485102.0
2024-10-21,4108,3525485102.0
2024-10-22,4108,3495692270.0
2024-10-23,4108,3495692270.0
2024-10-24,4108,3485761326.0
2024-10-25,4108,3505623214.0
2024-10-28,4108,3495692270.0
2024-10-29,4108,3455968495.0
2024-10-30,4108,3446037551.0
2024-11-01,4108,3426175663.0
2024-11-04,4108,3436106607.0
2024-11-05,4108,3436106607.0
2024-11-06,4108,3455968495.0
2024-11-07,4108,3455968495.0
2024-11-08,4108,3465899439.0
2024-11-11,4108,3416244719.0
2024-11-12,4108,3336797167.0
2024-11-13,4108,3297073391.0
2024-11-14,4108,3158040176.0
2024-11-15,4108,3177902064.0
2024-11-18,4108,3167971120.0
2024-11-19,4108,3187833008.0
2024-11-20,4108,3197763952.0
2024-11-21,4108,3217625840.0
2024-11-22,4108,3257349616.0
2024-11-25,4108,3346728111.0
2024-11-26,4108,3316935279.0
2024-11-27,4108,3277211504.0
2024-11-28,4108,3207694896.0
2024-11-29,4108,3217625840.0
2024-12-02,4108,3177902064.0
2024-12-03,4108,3187833008.0
2024-12-04,4108,3247418672.0
2024-12-05,4108,3316935279.0
2024-12-06,4108,3426175663.0
2024-12-09,4108,3356659055.0
2024-12-10,4108,3356659055.0
2024-12-11,4108,3267280560.0
2024-12-12,4108,3287142447.0
2024-12-13,4108,3197763952.0
2024-12-16,4108,3207694896.0
2024-12-17,4108,3197763952.0
2024-12-18,4108,3197763952.0
2024-12-19,4108,3207694896.0
2024-12-20,4108,3138178288.0
2024-12-23,4108,3148109232.0
2024-12-24,4108,3237487728.0
2024-12-25,4108,3227556784.0
2024-12-26,4108,3326866223.0
2024-12-27,4108,3316935279.0
2024-12-30,4108,3187833008.0
2024-12-31,4108,3336797167.0
