date,stock_id,market_value
2005-01-03,1535,815834115.0
2005-01-04,1535,824848875.0
2005-01-05,1535,833863617.0
2005-01-06,1535,838370987.0
2005-01-07,1535,820341504.0
2005-01-10,1535,829356246.0
2005-01-11,1535,829356246.0
2005-01-12,1535,820341504.0
2005-01-13,1535,824848875.0
2005-01-14,1535,815834133.0
2005-01-17,1535,820341504.0
2005-01-18,1535,820341504.0
2005-01-19,1535,815834133.0
2005-01-20,1535,811326762.0
2005-01-21,1535,806819391.0
2005-01-24,1535,802312020.0
2005-01-25,1535,806819391.0
2005-01-26,1535,811326762.0
2005-01-27,1535,820341504.0
2005-01-28,1535,820341504.0
2005-01-31,1535,851893100.0
2005-02-01,1535,842878358.0
2005-02-02,1535,851893100.0
2005-02-03,1535,842878358.0
2005-02-14,1535,856400471.0
2005-02-15,1535,842878358.0
2005-02-16,1535,869922584.0
2005-02-17,1535,865415213.0
2005-02-18,1535,865415213.0
2005-02-21,1535,874429955.0
2005-02-22,1535,874429955.0
2005-02-23,1535,865415213.0
2005-02-24,1535,865415213.0
2005-02-25,1535,878937326.0
2005-03-01,1535,878035851.0
2005-03-02,1535,869922584.0
2005-03-03,1535,866316687.0
2005-03-04,1535,873528480.0
2005-03-07,1535,869922584.0
2005-03-08,1535,867218161.0
2005-03-09,1535,862710790.0
2005-03-10,1535,869021110.0
2005-03-11,1535,869922584.0
2005-03-14,1535,858203419.0
2005-03-15,1535,874429955.0
2005-03-16,1535,874429955.0
2005-03-17,1535,874429955.0
2005-03-18,1535,874429955.0
2005-03-21,1535,874429955.0
2005-03-22,1535,874429955.0
2005-03-23,1535,874429955.0
2005-03-24,1535,873528480.0
2005-03-25,1535,874429955.0
2005-03-28,1535,874429955.0
2005-03-29,1535,856400471.0
2005-03-30,1535,865415213.0
2005-03-31,1535,883444696.0
2005-04-01,1535,883444696.0
2005-04-04,1535,878937326.0
2005-04-06,1535,878937326.0
2005-04-07,1535,878937326.0
2005-04-08,1535,863612264.0
2005-04-11,1535,869922584.0
2005-04-12,1535,869922584.0
2005-04-13,1535,865415213.0
2005-04-14,1535,865415213.0
2005-04-15,1535,859104894.0
2005-04-18,1535,830257720.0
2005-04-19,1535,854597523.0
2005-04-20,1535,829356246.0
2005-04-21,1535,838370987.0
2005-04-22,1535,829356246.0
2005-04-25,1535,821242978.0
2005-04-26,1535,856400471.0
2005-04-27,1535,848287203.0
2005-04-28,1535,848287203.0
2005-04-29,1535,858203419.0
2005-05-03,1535,865415213.0
2005-05-04,1535,870824058.0
2005-05-05,1535,878937326.0
2005-05-06,1535,879838800.0
2005-05-09,1535,910488922.0
2005-05-10,1535,905981551.0
2005-05-11,1535,892459438.0
2005-05-12,1535,901474180.0
2005-05-13,1535,901474180.0
2005-05-16,1535,896966809.0
2005-05-17,1535,901474180.0
2005-05-18,1535,889755016.0
2005-05-19,1535,889755016.0
2005-05-20,1535,887952067.0
2005-05-23,1535,883444696.0
2005-05-24,1535,883444696.0
2005-05-25,1535,883444696.0
2005-05-26,1535,896966809.0
2005-05-27,1535,883444696.0
2005-05-30,1535,886149119.0
2005-05-31,1535,884346171.0
2005-06-01,1535,890656490.0
2005-06-02,1535,910488922.0
2005-06-03,1535,897868283.0
2005-06-06,1535,914996293.0
2005-06-07,1535,924011035.0
2005-06-08,1535,924011035.0
2005-06-09,1535,942040518.0
2005-06-10,1535,978099485.0
2005-06-13,1535,1009651082.0
2005-06-14,1535,991621598.0
2005-06-15,1535,1009651082.0
2005-06-16,1535,1018665823.0
2005-06-17,1535,1005143711.0
2005-06-20,1535,1000636340.0
2005-06-21,1535,982606856.0
2005-06-22,1535,987114227.0
2005-06-23,1535,982606856.0
2005-06-24,1535,969084744.0
2005-06-27,1535,964577373.0
2005-06-28,1535,969084744.0
2005-06-29,1535,960070002.0
2005-06-30,1535,973592114.0
2005-07-01,1535,978099485.0
2005-07-04,1535,991621598.0
2005-07-05,1535,996128969.0
2005-07-06,1535,991621598.0
2005-07-07,1535,1059232162.0
2005-07-08,1535,1099798500.0
2005-07-11,1535,1104305871.0
2005-07-12,1535,1081769016.0
2005-07-13,1535,1081769016.0
2005-07-14,1535,1054724791.0
2005-07-15,1535,1113320612.0
2005-07-19,1535,1054724791.0
2005-07-20,1535,1054724791.0
2005-07-21,1535,1063739532.0
2005-07-22,1535,1108813241.0
2005-07-25,1535,1095291129.0
2005-07-26,1535,1099798500.0
2005-07-27,1535,1068246903.0
2005-07-28,1535,1068246903.0
2005-07-29,1535,1050217420.0
2005-08-01,1535,1068246903.0
2005-08-02,1535,1068246903.0
2005-08-03,1535,1072754274.0
2005-08-04,1535,1072754274.0
2005-08-08,1535,1095291129.0
2005-08-09,1535,1104305871.0
2005-08-10,1535,1099798500.0
2005-08-11,1535,1086276387.0
2005-08-12,1535,1090783758.0
2005-08-15,1535,1068246903.0
2005-08-16,1535,1068246903.0
2005-08-17,1535,1068246903.0
2005-08-18,1535,1126842725.0
2005-08-19,1535,1099798500.0
2005-08-22,1535,1099798500.0
2005-08-23,1535,1113320612.0
2005-08-24,1535,1117827983.0
2005-08-25,1535,1131350096.0
2005-08-26,1535,1153886950.0
2005-08-29,1535,1144872209.0
2005-08-30,1535,1144872209.0
2005-08-31,1535,1144872209.0
2005-09-02,1535,1144872209.0
2005-09-05,1535,1171916434.0
2005-09-06,1535,1167409063.0
2005-09-07,1535,1189945918.0
2005-09-08,1535,1180931176.0
2005-09-09,1535,1194453289.0
2005-09-12,1535,1180931176.0
2005-09-13,1535,1140364838.0
2005-09-14,1535,1144872209.0
2005-09-15,1535,1126842725.0
2005-09-16,1535,1117827983.0
2005-09-19,1535,1126842725.0
2005-09-20,1535,1135857467.0
2005-09-21,1535,1135857467.0
2005-09-22,1535,1113320612.0
2005-09-23,1535,1090783758.0
2005-09-26,1535,1081769016.0
2005-09-27,1535,1090783758.0
2005-09-28,1535,1072754274.0
2005-09-29,1535,1081769016.0
2005-09-30,1535,1099798500.0
2005-10-03,1535,1086276387.0
2005-10-04,1535,1086276387.0
2005-10-05,1535,1081769016.0
2005-10-06,1535,1081769016.0
2005-10-07,1535,1081769016.0
2005-10-11,1535,1041202678.0
2005-10-12,1535,1027680565.0
2005-10-13,1535,1027680565.0
2005-10-14,1535,1036695307.0
2005-10-17,1535,1009651082.0
2005-10-18,1535,1027680565.0
2005-10-19,1535,1014158453.0
2005-10-20,1535,991621598.0
2005-10-21,1535,982606856.0
2005-10-24,1535,982606856.0
2005-10-25,1535,982606856.0
2005-10-26,1535,991621598.0
2005-10-27,1535,991621598.0
2005-10-28,1535,960070002.0
2005-10-31,1535,996128969.0
2005-11-01,1535,991621598.0
2005-11-02,1535,982606856.0
2005-11-03,1535,964577373.0
2005-11-04,1535,946547889.0
2005-11-07,1535,919503664.0
2005-11-08,1535,933025776.0
2005-11-09,1535,919503664.0
2005-11-10,1535,914996293.0
2005-11-11,1535,924011035.0
2005-11-14,1535,914996293.0
2005-11-15,1535,910488922.0
2005-11-16,1535,919503664.0
2005-11-17,1535,914996293.0
2005-11-18,1535,919503664.0
2005-11-21,1535,933025776.0
2005-11-22,1535,919503664.0
2005-11-23,1535,937533147.0
2005-11-24,1535,928518405.0
2005-11-25,1535,928518405.0
2005-11-28,1535,933025776.0
2005-11-29,1535,942040518.0
2005-11-30,1535,946547889.0
2005-12-01,1535,946547889.0
2005-12-02,1535,946547889.0
2005-12-05,1535,937533147.0
2005-12-06,1535,928518405.0
2005-12-07,1535,942040518.0
2005-12-08,1535,946547889.0
2005-12-09,1535,955562631.0
2005-12-12,1535,951055260.0
2005-12-13,1535,946547889.0
2005-12-14,1535,946547889.0
2005-12-15,1535,978099485.0
2005-12-16,1535,978099485.0
2005-12-19,1535,1000636340.0
2005-12-20,1535,1023173194.0
2005-12-21,1535,1009651082.0
2005-12-22,1535,1009651082.0
2005-12-23,1535,1009651082.0
2005-12-26,1535,1005143711.0
2005-12-27,1535,1005143711.0
2005-12-28,1535,1014158453.0
2005-12-29,1535,1009651082.0
2005-12-30,1535,1009651082.0
2006-01-02,1535,1009651082.0
2006-01-03,1535,1009651082.0
2006-01-04,1535,1009651082.0
2006-01-05,1535,1018665823.0
2006-01-06,1535,1023173194.0
2006-01-09,1535,1045710049.0
2006-01-10,1535,1050217420.0
2006-01-11,1535,1041202678.0
2006-01-12,1535,1050217420.0
2006-01-13,1535,1036695307.0
2006-01-16,1535,1045710049.0
2006-01-17,1535,1036695307.0
2006-01-18,1535,1023173194.0
2006-01-19,1535,1027680565.0
2006-01-20,1535,1000636340.0
2006-01-23,1535,1009651082.0
2006-01-24,1535,1014158453.0
2006-01-25,1535,1000636340.0
2006-02-03,1535,1009651082.0
2006-02-06,1535,1059232162.0
2006-02-07,1535,1023173194.0
2006-02-08,1535,1045710049.0
2006-02-09,1535,1041202678.0
2006-02-10,1535,1036695307.0
2006-02-13,1535,1027680565.0
2006-02-14,1535,1041202678.0
2006-02-15,1535,1036695307.0
2006-02-16,1535,1041202678.0
2006-02-17,1535,1041202678.0
2006-02-20,1535,1045710049.0
2006-02-21,1535,1023173194.0
2006-02-22,1535,1009651082.0
2006-02-23,1535,1000636340.0
2006-02-24,1535,1009651082.0
2006-02-27,1535,1009651082.0
2006-03-01,1535,1018665823.0
2006-03-02,1535,1018665823.0
2006-03-03,1535,1014158453.0
2006-03-06,1535,1014158453.0
2006-03-07,1535,1018665823.0
2006-03-08,1535,1014158453.0
2006-03-09,1535,1018665823.0
2006-03-10,1535,1018665823.0
2006-03-13,1535,1041202678.0
2006-03-14,1535,1032187936.0
2006-03-15,1535,1023173194.0
2006-03-16,1535,1027680565.0
2006-03-17,1535,1027680565.0
2006-03-20,1535,1041202678.0
2006-03-21,1535,1036695307.0
2006-03-22,1535,1045710049.0
2006-03-23,1535,1036695307.0
2006-03-24,1535,1045710049.0
2006-03-27,1535,1045710049.0
2006-03-28,1535,1050217420.0
2006-03-29,1535,1063739532.0
2006-03-30,1535,1059232162.0
2006-03-31,1535,1063739532.0
2006-04-03,1535,1063739532.0
2006-04-04,1535,1063739532.0
2006-04-06,1535,1090783758.0
2006-04-07,1535,1081769016.0
2006-04-10,1535,1095291129.0
2006-04-11,1535,1135857467.0
2006-04-12,1535,1135857467.0
2006-04-13,1535,1149379580.0
2006-04-14,1535,1149379580.0
2006-04-17,1535,1158394321.0
2006-04-18,1535,1153886950.0
2006-04-19,1535,1149379580.0
2006-04-20,1535,1140364838.0
2006-04-21,1535,1131350096.0
2006-04-24,1535,1149379580.0
2006-04-25,1535,1149379580.0
2006-04-26,1535,1189945918.0
2006-04-27,1535,1221497514.0
2006-04-28,1535,1262063852.0
2006-05-02,1535,1347703899.0
2006-05-03,1535,1437851317.0
2006-05-04,1535,1460388172.0
2006-05-05,1535,1397284979.0
2006-05-08,1535,1415314463.0
2006-05-09,1535,1388270237.0
2006-05-10,1535,1388270237.0
2006-05-11,1535,1482925026.0
2006-05-12,1535,1586594557.0
2006-05-15,1535,1694771458.0
2006-05-16,1535,1699278829.0
2006-05-17,1535,1609131411.0
2006-05-18,1535,1627160895.0
2006-05-19,1535,1613638782.0
2006-05-22,1535,1546028219.0
2006-05-23,1535,1518983993.0
2006-05-24,1535,1460388172.0
2006-05-25,1535,1514476622.0
2006-05-26,1535,1532506106.0
2006-05-29,1535,1482925026.0
2006-05-30,1535,1410807092.0
2006-06-01,1535,1442358688.0
2006-06-02,1535,1442358688.0
2006-06-05,1535,1356718641.0
2006-06-06,1535,1347703899.0
2006-06-07,1535,1307137561.0
2006-06-08,1535,1307137561.0
2006-06-09,1535,1365733383.0
2006-06-12,1535,1343196528.0
2006-06-13,1535,1347703899.0
2006-06-14,1535,1352211270.0
2006-06-15,1535,1338689157.0
2006-06-16,1535,1370240754.0
2006-06-19,1535,1379255495.0
2006-06-20,1535,1356718641.0
2006-06-21,1535,1311644932.0
2006-06-22,1535,1343196528.0
2006-06-23,1535,1352211270.0
2006-06-26,1535,1406299721.0
2006-06-27,1535,1473910284.0
2006-06-28,1535,1469402913.0
2006-06-29,1535,1491939768.0
2006-06-30,1535,1473910284.0
2006-07-03,1535,1487432397.0
2006-07-04,1535,1487432397.0
2006-07-05,1535,1473910284.0
2006-07-06,1535,1496447139.0
2006-07-07,1535,1550535590.0
2006-07-10,1535,1419821834.0
2006-07-11,1535,1397284979.0
2006-07-12,1535,1491939768.0
2006-07-13,1535,1559550331.0
2006-07-14,1535,1550535590.0
2006-07-17,1535,1577579815.0
2006-07-18,1535,1555042961.0
2006-07-19,1535,1487432397.0
2006-07-20,1535,1487432397.0
2006-07-21,1535,1591101928.0
2006-07-24,1535,1577579815.0
2006-07-25,1535,1640683008.0
2006-07-26,1535,1627160895.0
2006-07-27,1535,1627160895.0
2006-07-28,1535,1699278829.0
2006-07-31,1535,1663219862.0
2006-08-01,1535,1622653524.0
2006-08-02,1535,1636175637.0
2006-08-03,1535,1586594557.0
2006-08-04,1535,1577579815.0
2006-08-07,1535,1600116670.0
2006-08-08,1535,1577579815.0
2006-08-09,1535,1523491364.0
2006-08-10,1535,1541520848.0
2006-08-11,1535,1491939768.0
2006-08-14,1535,1496447139.0
2006-08-15,1535,1500954510.0
2006-08-16,1535,1541520848.0
2006-08-17,1535,1537013477.0
2006-08-18,1535,1577579815.0
2006-08-21,1535,1582087186.0
2006-08-22,1535,1559550331.0
2006-08-23,1535,1541520848.0
2006-08-24,1535,1527998735.0
2006-08-25,1535,1577579815.0
2006-08-28,1535,1518983993.0
2006-08-29,1535,1518983993.0
2006-08-30,1535,1518983993.0
2006-08-31,1535,1523491364.0
2006-09-01,1535,1505461881.0
2006-09-04,1535,1527998735.0
2006-09-05,1535,1514476622.0
2006-09-06,1535,1487432397.0
2006-09-07,1535,1478417655.0
2006-09-08,1535,1514476622.0
2006-09-11,1535,1496447139.0
2006-09-12,1535,1496447139.0
2006-09-13,1535,1496447139.0
2006-09-14,1535,1451373430.0
2006-09-15,1535,1487432397.0
2006-09-18,1535,1500954510.0
2006-09-19,1535,1546028219.0
2006-09-20,1535,1577579815.0
2006-09-21,1535,1600116670.0
2006-09-22,1535,1636175637.0
2006-09-25,1535,1654205120.0
2006-09-26,1535,1618146153.0
2006-09-27,1535,1631668266.0
2006-09-28,1535,1622653524.0
2006-09-29,1535,1618146153.0
2006-10-02,1535,1622653524.0
2006-10-03,1535,1640683008.0
2006-10-04,1535,1654205120.0
2006-10-05,1535,1627160895.0
2006-10-11,1535,1595609299.0
2006-10-12,1535,1613638782.0
2006-10-13,1535,1622653524.0
2006-10-16,1535,1717308313.0
2006-10-17,1535,1676741975.0
2006-10-18,1535,1676741975.0
2006-10-19,1535,1789426247.0
2006-10-20,1535,1911125262.0
2006-10-23,1535,1924647374.0
2006-10-24,1535,2055361130.0
2006-10-25,1535,2082405356.0
2006-10-26,1535,2046346389.0
2006-10-27,1535,2181567516.0
2006-10-30,1535,2199596999.0
2006-10-31,1535,2127479065.0
2006-11-01,1535,2163538032.0
2006-11-02,1535,2145508548.0
2006-11-03,1535,2145508548.0
2006-11-06,1535,2091420098.0
2006-11-07,1535,2136493807.0
2006-11-08,1535,2127479065.0
2006-11-09,1535,2086912727.0
2006-11-10,1535,2037331647.0
2006-11-13,1535,2127479065.0
2006-11-14,1535,2073390614.0
2006-11-15,1535,2091420098.0
2006-11-16,1535,2082405356.0
2006-11-17,1535,2037331647.0
2006-11-20,1535,2037331647.0
2006-11-21,1535,2041839018.0
2006-11-22,1535,2028316905.0
2006-11-23,1535,2109449581.0
2006-11-24,1535,2077897985.0
2006-11-27,1535,2046346389.0
2006-11-28,1535,2005780051.0
2006-11-29,1535,1960706342.0
2006-11-30,1535,1983243196.0
2006-12-01,1535,2001272680.0
2006-12-04,1535,1983243196.0
2006-12-05,1535,1965213712.0
2006-12-06,1535,1938169487.0
2006-12-07,1535,1965213712.0
2006-12-08,1535,2028316905.0
2006-12-11,1535,2028316905.0
2006-12-12,1535,1978735825.0
2006-12-13,1535,1956198971.0
2006-12-14,1535,1965213712.0
2006-12-15,1535,2041839018.0
2006-12-18,1535,2100434839.0
2006-12-19,1535,2059868501.0
2006-12-20,1535,2095927469.0
2006-12-21,1535,2046346389.0
2006-12-22,1535,2037331647.0
2006-12-25,1535,2032824276.0
2006-12-26,1535,2046346389.0
2006-12-27,1535,2068883243.0
2006-12-28,1535,2037331647.0
2006-12-29,1535,2177060145.0
2007-01-02,1535,2136493807.0
2007-01-03,1535,2118464323.0
2007-01-04,1535,2118464323.0
2007-01-05,1535,2068883243.0
2007-01-08,1535,2091420098.0
2007-01-09,1535,2068883243.0
2007-01-10,1535,2159030661.0
2007-01-11,1535,2086912727.0
2007-01-12,1535,2136493807.0
2007-01-15,1535,2127479065.0
2007-01-16,1535,2258192821.0
2007-01-17,1535,2226641225.0
2007-01-18,1535,2253685450.0
2007-01-19,1535,2235655966.0
2007-01-22,1535,2217626483.0
2007-01-23,1535,2294251788.0
2007-01-24,1535,2280729675.0
2007-01-25,1535,2249178079.0
2007-01-26,1535,2204104370.0
2007-01-29,1535,2204104370.0
2007-01-30,1535,2222133854.0
2007-01-31,1535,2213119112.0
2007-02-01,1535,2199596999.0
2007-02-02,1535,2172552774.0
2007-02-05,1535,2131986436.0
2007-02-06,1535,2100434839.0
2007-02-07,1535,2109449581.0
2007-02-08,1535,2100434839.0
2007-02-09,1535,2073390614.0
2007-02-12,1535,2041839018.0
2007-02-13,1535,2046346389.0
2007-02-14,1535,2086912727.0
2007-02-26,1535,2100434839.0
2007-02-27,1535,2082405356.0
2007-03-01,1535,2037331647.0
2007-03-02,1535,2086912727.0
2007-03-05,1535,2019302163.0
2007-03-06,1535,2019302163.0
2007-03-07,1535,2113956952.0
2007-03-08,1535,2113956952.0
2007-03-09,1535,2127479065.0
2007-03-12,1535,2118464323.0
2007-03-13,1535,2122971694.0
2007-03-14,1535,2136493807.0
2007-03-15,1535,2154523290.0
2007-03-16,1535,2154523290.0
2007-03-19,1535,2177060145.0
2007-03-20,1535,2204104370.0
2007-03-21,1535,2244670708.0
2007-03-22,1535,2240163337.0
2007-03-23,1535,2244670708.0
2007-03-26,1535,2397921319.0
2007-03-27,1535,2461024511.0
2007-03-28,1535,2582723526.0
2007-03-29,1535,2569201413.0
2007-03-30,1535,2614275122.0
2007-04-02,1535,2794569958.0
2007-04-03,1535,2898239489.0
2007-04-04,1535,2758510991.0
2007-04-09,1535,2767525733.0
2007-04-10,1535,2956835310.0
2007-04-11,1535,3159667001.0
2007-04-12,1535,3159667001.0
2007-04-13,1535,3380528175.0
2007-04-16,1535,3867324232.0
2007-04-17,1535,3596881978.0
2007-04-18,1535,3348976579.0
2007-04-19,1535,3583359866.0
2007-04-20,1535,3547300898.0
2007-04-23,1535,3407572400.0
2007-04-24,1535,3497719818.0
2007-04-25,1535,3470675593.0
2007-04-26,1535,3371513433.0
2007-04-27,1535,3317424982.0
2007-04-30,1535,3087549067.0
2007-05-02,1535,3001909019.0
2007-05-03,1535,2839643667.0
2007-05-04,1535,3037967987.0
2007-05-07,1535,3249814419.0
2007-05-08,1535,3389542917.0
2007-05-09,1535,3443631368.0
2007-05-10,1535,3443631368.0
2007-05-11,1535,3682522025.0
2007-05-14,1535,3691536767.0
2007-05-15,1535,3605896720.0
2007-05-16,1535,3560823011.0
2007-05-17,1535,3497719818.0
2007-05-18,1535,3533778786.0
2007-05-21,1535,3533778786.0
2007-05-22,1535,3497719818.0
2007-05-23,1535,3434616626.0
2007-05-24,1535,3434616626.0
2007-05-25,1535,3371513433.0
2007-05-28,1535,3497719818.0
2007-05-29,1535,3741117847.0
2007-05-30,1535,3664492542.0
2007-05-31,1535,3678014654.0
2007-06-01,1535,3678014654.0
2007-06-04,1535,3574345124.0
2007-06-05,1535,3623926204.0
2007-06-06,1535,3565330382.0
2007-06-07,1535,3601389349.0
2007-06-08,1535,3623926204.0
2007-06-11,1535,3488705077.0
2007-06-12,1535,3443631368.0
2007-06-13,1535,3565330382.0
2007-06-14,1535,3497719818.0
2007-06-15,1535,3479690335.0
2007-06-20,1535,3470675593.0
2007-06-21,1535,3515749302.0
2007-06-22,1535,3533778786.0
2007-06-25,1535,3772669443.0
2007-06-26,1535,4034096956.0
2007-06-27,1535,3925920054.0
2007-06-28,1535,4038604326.0
2007-06-29,1535,3894368458.0
2007-07-02,1535,3813235781.0
2007-07-03,1535,3867324232.0
2007-07-04,1535,3912397941.0
2007-07-05,1535,3804221040.0
2007-07-06,1535,3876338974.0
2007-07-09,1535,3921412683.0
2007-07-10,1535,3831265265.0
2007-07-11,1535,3885353716.0
2007-07-12,1535,3894368458.0
2007-07-13,1535,4029589585.0
2007-07-16,1535,3984515876.0
2007-07-17,1535,4259465501.0
2007-07-18,1535,4390179257.0
2007-07-19,1535,4173825453.0
2007-07-20,1535,4282002355.0
2007-07-23,1535,4282002355.0
2007-07-24,1535,4381164515.0
2007-07-25,1535,4606533060.0
2007-07-26,1535,4291017097.0
2007-07-27,1535,4083678035.0
2007-07-30,1535,4092692777.0
2007-07-31,1535,4092692777.0
2007-08-01,1535,4056633810.0
2007-08-02,1535,3831265265.0
2007-08-03,1535,3831265265.0
2007-08-06,1535,3641955687.0
2007-08-07,1535,3696044138.0
2007-08-08,1535,3894368458.0
2007-08-09,1535,3853802120.0
2007-08-10,1535,3759147331.0
2007-08-13,1535,3723088363.0
2007-08-14,1535,3980008505.0
2007-08-15,1535,3853802120.0
2007-08-16,1535,3587867236.0
2007-08-17,1535,3515749302.0
2007-08-20,1535,3637448316.0
2007-08-21,1535,3696044138.0
2007-08-22,1535,3655477800.0
2007-08-23,1535,3714073622.0
2007-08-24,1535,3668999913.0
2007-08-27,1535,3614911462.0
2007-08-28,1535,3596881978.0
2007-08-29,1535,3650970429.0
2007-08-30,1535,3903383199.0
2007-08-31,1535,3966486392.0
2007-09-03,1535,3885353716.0
2007-09-04,1535,3957471650.0
2007-09-05,1535,3885353716.0
2007-09-06,1535,3831265265.0
2007-09-07,1535,3876338974.0
2007-09-10,1535,3903383199.0
2007-09-11,1535,3858309490.0
2007-09-12,1535,3804221040.0
2007-09-13,1535,3772669443.0
2007-09-14,1535,3813235781.0
2007-09-17,1535,3921412683.0
2007-09-19,1535,3921412683.0
2007-09-20,1535,3817743152.0
2007-09-21,1535,3813235781.0
2007-09-26,1535,4034096956.0
2007-09-27,1535,4088185406.0
2007-09-28,1535,4079170665.0
2007-10-01,1535,4038604326.0
2007-10-02,1535,3952964279.0
2007-10-03,1535,3894368458.0
2007-10-04,1535,3876338974.0
2007-10-05,1535,3849294749.0
2007-10-08,1535,3822250523.0
2007-10-09,1535,3777176814.0
2007-10-11,1535,3786191556.0
2007-10-12,1535,3741117847.0
2007-10-15,1535,3741117847.0
2007-10-16,1535,3741117847.0
2007-10-17,1535,3741117847.0
2007-10-18,1535,3759147331.0
2007-10-19,1535,3768162072.0
2007-10-22,1535,3691536767.0
2007-10-23,1535,3741117847.0
2007-10-24,1535,3664492542.0
2007-10-25,1535,3614911462.0
2007-10-26,1535,3592374607.0
2007-10-29,1535,3578852495.0
2007-10-30,1535,3569837753.0
2007-10-31,1535,3741117847.0
2007-11-01,1535,3515749302.0
2007-11-02,1535,3542793527.0
2007-11-05,1535,3506734560.0
2007-11-06,1535,3560823011.0
2007-11-07,1535,3533778786.0
2007-11-08,1535,3317424982.0
2007-11-09,1535,3317424982.0
2007-11-12,1535,3254321790.0
2007-11-13,1535,3218262823.0
2007-11-14,1535,3290380757.0
2007-11-15,1535,3299395499.0
2007-11-16,1535,3335454466.0
2007-11-19,1535,3335454466.0
2007-11-20,1535,3281366015.0
2007-11-21,1535,3290380757.0
2007-11-22,1535,3290380757.0
2007-11-23,1535,3290380757.0
2007-11-26,1535,3290380757.0
2007-11-27,1535,3371513433.0
2007-11-28,1535,3326439724.0
2007-11-29,1535,3326439724.0
2007-11-30,1535,3371513433.0
2007-12-03,1535,3353483950.0
2007-12-04,1535,3367006062.0
2007-12-05,1535,3357991321.0
2007-12-06,1535,3330947095.0
2007-12-07,1535,3321932353.0
2007-12-10,1535,3330947095.0
2007-12-11,1535,3299395499.0
2007-12-12,1535,3290380757.0
2007-12-13,1535,3254321790.0
2007-12-14,1535,3191218597.0
2007-12-17,1535,2970357423.0
2007-12-18,1535,2763018362.0
2007-12-19,1535,2749496249.0
2007-12-20,1535,2749496249.0
2007-12-21,1535,2641319347.0
2007-12-24,1535,2641319347.0
2007-12-25,1535,2659348831.0
2007-12-26,1535,2654841460.0
2007-12-27,1535,2704422540.0
2007-12-28,1535,2722452024.0
2007-12-31,1535,2830628925.0
2008-01-02,1535,3024445874.0
2008-01-03,1535,3137130146.0
2008-01-04,1535,3155159630.0
2008-01-07,1535,3078534325.0
2008-01-08,1535,3046982728.0
2008-01-09,1535,3065012212.0
2008-01-10,1535,3119100663.0
2008-01-11,1535,3019938503.0
2008-01-14,1535,3146144888.0
2008-01-15,1535,3182203855.0
2008-01-16,1535,3155159630.0
2008-01-17,1535,3155159630.0
2008-01-18,1535,3128115405.0
2008-01-21,1535,3101071179.0
2008-01-22,1535,2947820569.0
2008-01-23,1535,2929791085.0
2008-01-24,1535,2929791085.0
2008-01-25,1535,2943313198.0
2008-01-28,1535,2974864794.0
2008-01-29,1535,2947820569.0
2008-01-30,1535,2956835310.0
2008-01-31,1535,3015431132.0
2008-02-01,1535,3055997470.0
2008-02-12,1535,3065012212.0
2008-02-13,1535,3028953245.0
2008-02-14,1535,3028953245.0
2008-02-15,1535,2992894278.0
2008-02-18,1535,3046982728.0
2008-02-19,1535,3092056437.0
2008-02-20,1535,3055997470.0
2008-02-21,1535,3083041696.0
2008-02-22,1535,3092056437.0
2008-02-25,1535,3110085921.0
2008-02-26,1535,3132622776.0
2008-02-27,1535,3119100663.0
2008-02-29,1535,3128115405.0
2008-03-03,1535,3164174372.0
2008-03-04,1535,3385035546.0
2008-03-05,1535,3614911462.0
2008-03-06,1535,3641955687.0
2008-03-07,1535,3601389349.0
2008-03-10,1535,3596881978.0
2008-03-11,1535,3673507284.0
2008-03-12,1535,3605896720.0
2008-03-13,1535,3515749302.0
2008-03-14,1535,3506734560.0
2008-03-17,1535,3416587142.0
2008-03-18,1535,3412079771.0
2008-03-19,1535,3439123997.0
2008-03-20,1535,3466168222.0
2008-03-21,1535,3416587142.0
2008-03-24,1535,3506734560.0
2008-03-25,1535,3578852495.0
2008-03-26,1535,3560823011.0
2008-03-27,1535,3569837753.0
2008-03-28,1535,3723088363.0
2008-03-31,1535,3736610476.0
2008-04-01,1535,3664492542.0
2008-04-02,1535,3587867236.0
2008-04-03,1535,3605896720.0
2008-04-07,1535,3614911462.0
2008-04-08,1535,3619418833.0
2008-04-09,1535,3637448316.0
2008-04-10,1535,3732103105.0
2008-04-11,1535,3759147331.0
2008-04-14,1535,3867324232.0
2008-04-15,1535,3840280007.0
2008-04-16,1535,3795206298.0
2008-04-17,1535,3759147331.0
2008-04-18,1535,4020574843.0
2008-04-21,1535,4056633810.0
2008-04-22,1535,3966486392.0
2008-04-23,1535,4047619068.0
2008-04-24,1535,4020574843.0
2008-04-25,1535,3786191556.0
2008-04-28,1535,3885353716.0
2008-04-29,1535,3867324232.0
2008-04-30,1535,3871831603.0
2008-05-02,1535,4002545359.0
2008-05-05,1535,4011560101.0
2008-05-06,1535,4029589585.0
2008-05-07,1535,4128751744.0
2008-05-08,1535,4142273857.0
2008-05-09,1535,4142273857.0
2008-05-12,1535,4173825453.0
2008-05-13,1535,4119737003.0
2008-05-14,1535,3998037988.0
2008-05-15,1535,4146781228.0
2008-05-16,1535,4200869679.0
2008-05-19,1535,4200869679.0
2008-05-20,1535,5268009679.0
2008-05-21,1535,5313228646.0
2008-05-22,1535,5290619162.0
2008-05-23,1535,5307576275.0
2008-05-26,1535,5618456675.0
2008-05-27,1535,5607151933.0
2008-05-28,1535,5398014210.0
2008-05-29,1535,5358447613.0
2008-05-30,1535,5392361839.0
2008-06-02,1535,5516713998.0
2008-06-03,1535,5561932966.0
2008-06-04,1535,5601499562.0
2008-06-05,1535,5686285125.0
2008-06-06,1535,5742808834.0
2008-06-09,1535,5788027802.0
2008-06-10,1535,6183693765.0
2008-06-11,1535,5844551511.0
2008-06-12,1535,5595847191.0
2008-06-13,1535,5448885548.0
2008-06-16,1535,5674980384.0
2008-06-17,1535,5590194820.0
2008-06-18,1535,5612804304.0
2008-06-19,1535,5437580806.0
2008-06-20,1535,5087133810.0
2008-06-23,1535,5087133810.0
2008-06-24,1535,4945824538.0
2008-06-25,1535,5019305359.0
2008-06-26,1535,4974086392.0
2008-06-27,1535,4917562683.0
2008-06-30,1535,5143657519.0
2008-07-01,1535,4974086392.0
2008-07-02,1535,4985391134.0
2008-07-03,1535,5087133810.0
2008-07-04,1535,4917562683.0
2008-07-07,1535,4821472378.0
2008-07-08,1535,4617987025.0
2008-07-09,1535,4465373011.0
2008-07-10,1535,4606682284.0
2008-07-11,1535,4861038974.0
2008-07-14,1535,4894953199.0
2008-07-15,1535,4894953199.0
2008-07-16,1535,4894953199.0
2008-07-17,1535,5098438552.0
2008-07-18,1535,5301923904.0
2008-07-21,1535,5279314421.0
2008-07-22,1535,5228443083.0
2008-07-23,1535,5516713998.0
2008-07-24,1535,5369752355.0
2008-07-25,1535,5369752355.0
2008-07-29,1535,5358447613.0
2008-07-30,1535,5273662050.0
2008-07-31,1535,5273662050.0
2008-08-01,1535,5347142871.0
2008-08-04,1535,5217138341.0
2008-08-05,1535,4951476908.0
2008-08-06,1535,4940172167.0
2008-08-07,1535,5121048035.0
2008-08-08,1535,5177571744.0
2008-08-11,1535,5414971322.0
2008-08-12,1535,5347142871.0
2008-08-13,1535,5454537919.0
2008-08-14,1535,5403666580.0
2008-08-15,1535,5313228646.0
2008-08-18,1535,5211485970.0
2008-08-19,1535,5047567214.0
2008-08-20,1535,5047567214.0
2008-08-21,1535,5041914843.0
2008-08-22,1535,5024957730.0
2008-08-25,1535,5177571744.0
2008-08-26,1535,5222790712.0
2008-08-27,1535,5268009679.0
2008-08-28,1535,5279314421.0
2008-08-29,1535,5392361839.0
2008-09-01,1535,5234095453.0
2008-09-02,1535,5166267003.0
2008-09-03,1535,5075829068.0
2008-09-04,1535,4985391134.0
2008-09-05,1535,4928867425.0
2008-09-08,1535,5132352777.0
2008-09-09,1535,5019305359.0
2008-09-10,1535,4962781650.0
2008-09-11,1535,4906257941.0
2008-09-12,1535,4883648458.0
2008-09-15,1535,4781905781.0
2008-09-16,1535,4454068269.0
2008-09-17,1535,4352325593.0
2008-09-18,1535,4216668691.0
2008-09-19,1535,4465373011.0
2008-09-22,1535,4465373011.0
2008-09-23,1535,4499287236.0
2008-09-24,1535,4487982495.0
2008-09-25,1535,4521896720.0
2008-09-26,1535,4408849302.0
2008-09-30,1535,4408849302.0
2008-10-01,1535,4352325593.0
2008-10-02,1535,4273192400.0
2008-10-03,1535,4295801884.0
2008-10-06,1535,4227973433.0
2008-10-07,1535,4227973433.0
2008-10-08,1535,4182754466.0
2008-10-09,1535,4148840241.0
2008-10-13,1535,4126230757.0
2008-10-14,1535,4307106626.0
2008-10-15,1535,4261887659.0
2008-10-16,1535,4171449724.0
2008-10-17,1535,4120578386.0
2008-10-20,1535,4097968903.0
2008-10-21,1535,4086664161.0
2008-10-22,1535,4013183339.0
2008-10-23,1535,3877526437.0
2008-10-24,1535,3787088503.0
2008-10-27,1535,3696650569.0
2008-10-28,1535,3951007259.0
2008-10-29,1535,4103621273.0
2008-10-30,1535,4171449724.0
2008-10-31,1535,4194059208.0
2008-11-03,1535,4216668691.0
2008-11-04,1535,4165797353.0
2008-11-05,1535,4205363950.0
2008-11-06,1535,4171449724.0
2008-11-07,1535,4114926015.0
2008-11-10,1535,4001878597.0
2008-11-11,1535,3990573855.0
2008-11-12,1535,3922745405.0
2008-11-13,1535,3837959841.0
2008-11-14,1535,3843612212.0
2008-11-18,1535,3877526437.0
2008-11-19,1535,3854916954.0
2008-11-20,1535,3798393245.0
2008-11-21,1535,3787088503.0
2008-11-24,1535,3662736343.0
2008-11-25,1535,3730564794.0
2008-11-26,1535,3674041085.0
2008-11-27,1535,3719260052.0
2008-11-28,1535,3719260052.0
2008-12-01,1535,3707955310.0
2008-12-02,1535,3690998198.0
2008-12-03,1535,3617517376.0
2008-12-04,1535,3583603151.0
2008-12-05,1535,3583603151.0
2008-12-08,1535,3583603151.0
2008-12-09,1535,3617517376.0
2008-12-10,1535,3634474489.0
2008-12-11,1535,3719260052.0
2008-12-12,1535,3651431601.0
2008-12-15,1535,3651431601.0
2008-12-16,1535,3645779231.0
2008-12-17,1535,3617517376.0
2008-12-18,1535,3617517376.0
2008-12-19,1535,3611865005.0
2008-12-22,1535,3504469958.0
2008-12-23,1535,3357508315.0
2008-12-24,1535,3187937188.0
2008-12-25,1535,3108803995.0
2008-12-26,1535,3091846882.0
2008-12-29,1535,3091846882.0
2008-12-30,1535,3227503784.0
2008-12-31,1535,3176632446.0
2009-01-05,1535,3238808526.0
2009-01-06,1535,3425336765.0
2009-01-07,1535,3414032024.0
2009-01-08,1535,3278375122.0
2009-01-09,1535,3329246460.0
2009-01-12,1535,3498817587.0
2009-01-13,1535,3527079442.0
2009-01-14,1535,3481860474.0
2009-01-15,1535,3560993667.0
2009-01-16,1535,3572298409.0
2009-01-19,1535,3594907892.0
2009-01-20,1535,3577950780.0
2009-01-21,1535,3538384183.0
2009-02-02,1535,3504469958.0
2009-02-03,1535,3544036554.0
2009-02-04,1535,3572298409.0
2009-02-05,1535,3640126860.0
2009-02-06,1535,3628822118.0
2009-02-09,1535,3877526437.0
2009-02-10,1535,3832307470.0
2009-02-11,1535,3753174278.0
2009-02-12,1535,3843612212.0
2009-02-13,1535,3843612212.0
2009-02-16,1535,3832307470.0
2009-02-17,1535,3764479019.0
2009-02-18,1535,3747521907.0
2009-02-19,1535,3736217165.0
2009-02-20,1535,3696650569.0
2009-02-23,1535,3685345827.0
2009-02-24,1535,3651431601.0
2009-02-25,1535,3702302940.0
2009-02-26,1535,3719260052.0
2009-02-27,1535,3713607681.0
2009-03-02,1535,3787088503.0
2009-03-03,1535,3690998198.0
2009-03-04,1535,3690998198.0
2009-03-05,1535,3730564794.0
2009-03-06,1535,3606212634.0
2009-03-09,1535,3555341296.0
2009-03-10,1535,3651431601.0
2009-03-11,1535,3651431601.0
2009-03-12,1535,3702302940.0
2009-03-13,1535,3775783761.0
2009-03-16,1535,3832307470.0
2009-03-17,1535,3843612212.0
2009-03-18,1535,3832307470.0
2009-03-19,1535,3764479019.0
2009-03-20,1535,3764479019.0
2009-03-23,1535,3832307470.0
2009-03-24,1535,3843612212.0
2009-03-25,1535,3843612212.0
2009-03-26,1535,3843612212.0
2009-03-27,1535,3866221696.0
2009-03-30,1535,3747521907.0
2009-03-31,1535,3747521907.0
2009-04-01,1535,3804045616.0
2009-04-02,1535,4069707048.0
2009-04-03,1535,4001878597.0
2009-04-06,1535,3967964372.0
2009-04-07,1535,4244930546.0
2009-04-08,1535,4120578386.0
2009-04-09,1535,4233625804.0
2009-04-10,1535,4143187870.0
2009-04-13,1535,4199711579.0
2009-04-14,1535,4137535499.0
2009-04-15,1535,4408849302.0
2009-04-16,1535,4329716109.0
2009-04-17,1535,4030140452.0
2009-04-20,1535,4041445194.0
2009-04-21,1535,3996226226.0
2009-04-22,1535,4001878597.0
2009-04-23,1535,4182754466.0
2009-04-24,1535,4137535499.0
2009-04-27,1535,4001878597.0
2009-04-28,1535,3866221696.0
2009-04-29,1535,3821002728.0
2009-04-30,1535,4047097564.0
2009-05-04,1535,4114926015.0
2009-05-05,1535,4001878597.0
2009-05-06,1535,4069707048.0
2009-05-07,1535,4069707048.0
2009-05-08,1535,4024488081.0
2009-05-11,1535,4013183339.0
2009-05-12,1535,3939702517.0
2009-05-13,1535,4092316532.0
2009-05-14,1535,3967964372.0
2009-05-15,1535,3996226226.0
2009-05-18,1535,4047097564.0
2009-05-19,1535,4103621273.0
2009-05-20,1535,4126230757.0
2009-05-21,1535,4239278175.0
2009-05-22,1535,4408849302.0
2009-05-25,1535,4714077331.0
2009-05-26,1535,4770601040.0
2009-05-27,1535,5104090923.0
2009-06-01,1535,4923215054.0
2009-06-02,1535,4725382072.0
2009-06-03,1535,4804515265.0
2009-06-04,1535,5138005148.0
2009-06-05,1535,5256704937.0
2009-06-08,1535,5590194820.0
2009-06-09,1535,5211485970.0
2009-06-10,1535,4991043505.0
2009-06-11,1535,5109743294.0
2009-06-15,1535,4533201462.0
2009-06-16,1535,4578420429.0
2009-06-17,1535,4521896720.0
2009-06-18,1535,4499287236.0
2009-06-19,1535,4544506204.0
2009-06-22,1535,4623639396.0
2009-06-23,1535,4431458786.0
2009-06-24,1535,4516244349.0
2009-06-25,1535,4668858363.0
2009-06-26,1535,4612334654.0
2009-06-29,1535,4606682284.0
2009-06-30,1535,4550158575.0
2009-07-01,1535,4578420429.0
2009-07-02,1535,4657553622.0
2009-07-03,1535,4646248880.0
2009-07-06,1535,4889300829.0
2009-07-07,1535,4815820007.0
2009-07-08,1535,4753643927.0
2009-07-09,1535,4849734232.0
2009-07-10,1535,4793210523.0
2009-07-13,1535,4572768058.0
2009-07-14,1535,4651901251.0
2009-07-15,1535,4482330124.0
2009-07-16,1535,4510591978.0
2009-07-17,1535,4487982495.0
2009-07-20,1535,4770601040.0
2009-07-21,1535,4731034443.0
2009-07-22,1535,4640596509.0
2009-07-23,1535,4617987025.0
2009-07-24,1535,4578420429.0
2009-07-27,1535,4482330124.0
2009-07-28,1535,4527549091.0
2009-07-29,1535,4702772589.0
2009-07-30,1535,5030610101.0
2009-07-31,1535,5268009679.0
2009-08-03,1535,5211485970.0
2009-08-04,1535,4928867425.0
2009-08-05,1535,4996695876.0
2009-08-06,1535,4838429490.0
2009-08-10,1535,4634944138.0
2009-08-11,1535,4770601040.0
2009-08-12,1535,4770601040.0
2009-08-13,1535,4827124749.0
2009-08-14,1535,5041914843.0
2009-08-17,1535,5064524326.0
2009-08-18,1535,4883648458.0
2009-08-19,1535,4861038974.0
2009-08-20,1535,4804515265.0
2009-08-21,1535,4702772589.0
2009-08-24,1535,4883648458.0
2009-08-25,1535,4781905781.0
2009-08-26,1535,4702772589.0
2009-08-27,1535,4804515265.0
2009-08-28,1535,4781905781.0
2009-08-31,1535,4849734232.0
2009-09-01,1535,5064524326.0
2009-09-02,1535,4974086392.0
2009-09-03,1535,5087133810.0
2009-09-04,1535,5047567214.0
2009-09-07,1535,5058871956.0
2009-09-08,1535,4991043505.0
2009-09-09,1535,4974086392.0
2009-09-10,1535,4974086392.0
2009-09-11,1535,5058871956.0
2009-09-14,1535,5132352777.0
2009-09-15,1535,5104090923.0
2009-09-16,1535,5154962261.0
2009-09-17,1535,5087133810.0
2009-09-18,1535,5143657519.0
2009-09-21,1535,5087133810.0
2009-09-22,1535,4974086392.0
2009-09-23,1535,4861038974.0
2009-09-24,1535,4787558152.0
2009-09-25,1535,4906257941.0
2009-09-28,1535,4821472378.0
2009-09-29,1535,4827124749.0
2009-09-30,1535,4877996087.0
2009-10-01,1535,4861038974.0
2009-10-02,1535,4844081861.0
2009-10-05,1535,4855386603.0
2009-10-06,1535,4849734232.0
2009-10-07,1535,4844081861.0
2009-10-08,1535,4736686814.0
2009-10-09,1535,4646248880.0
2009-10-12,1535,4702772589.0
2009-10-13,1535,4714077331.0
2009-10-14,1535,5041914843.0
2009-10-15,1535,4996695876.0
2009-10-16,1535,5002348247.0
2009-10-19,1535,4974086392.0
2009-10-20,1535,4974086392.0
2009-10-21,1535,4985391134.0
2009-10-22,1535,4861038974.0
2009-10-23,1535,4838429490.0
2009-10-26,1535,4747991556.0
2009-10-27,1535,4747991556.0
2009-10-28,1535,4764948669.0
2009-10-29,1535,4702772589.0
2009-10-30,1535,4691467847.0
2009-11-02,1535,4725382072.0
2009-11-03,1535,4747991556.0
2009-11-04,1535,4770601040.0
2009-11-05,1535,4719729702.0
2009-11-06,1535,4702772589.0
2009-11-09,1535,4759296298.0
2009-11-10,1535,4719729702.0
2009-11-11,1535,4702772589.0
2009-11-12,1535,4736686814.0
2009-11-13,1535,4736686814.0
2009-11-16,1535,4770601040.0
2009-11-17,1535,4691467847.0
2009-11-18,1535,4759296298.0
2009-11-19,1535,4747991556.0
2009-11-20,1535,4714077331.0
2009-11-23,1535,4719729702.0
2009-11-24,1535,4719729702.0
2009-11-25,1535,4770601040.0
2009-11-26,1535,4793210523.0
2009-11-27,1535,4651901251.0
2009-11-30,1535,4781905781.0
2009-12-01,1535,4764948669.0
2009-12-02,1535,4725382072.0
2009-12-03,1535,4781905781.0
2009-12-04,1535,5041914843.0
2009-12-07,1535,5369752355.0
2009-12-08,1535,5256704937.0
2009-12-09,1535,5347142871.0
2009-12-10,1535,5177571744.0
2009-12-11,1535,5160614632.0
2009-12-14,1535,5256704937.0
2009-12-15,1535,5177571744.0
2009-12-16,1535,5104090923.0
2009-12-17,1535,5132352777.0
2009-12-18,1535,5132352777.0
2009-12-21,1535,5177571744.0
2009-12-22,1535,5194528857.0
2009-12-23,1535,5335838130.0
2009-12-24,1535,5200181228.0
2009-12-25,1535,5087133810.0
2009-12-28,1535,5109743294.0
2009-12-29,1535,5109743294.0
2009-12-30,1535,5104090923.0
2009-12-31,1535,5109743294.0
2010-01-04,1535,5149309890.0
2010-01-05,1535,5426276064.0
2010-01-06,1535,5409318951.0
2010-01-07,1535,5392361839.0
2010-01-08,1535,5335838130.0
2010-01-11,1535,5403666580.0
2010-01-12,1535,5358447613.0
2010-01-13,1535,5364099984.0
2010-01-14,1535,5341490501.0
2010-01-15,1535,5471495031.0
2010-01-18,1535,5482799773.0
2010-01-19,1535,5426276064.0
2010-01-20,1535,5414971322.0
2010-01-21,1535,5335838130.0
2010-01-22,1535,5200181228.0
2010-01-25,1535,5143657519.0
2010-01-26,1535,4844081861.0
2010-01-27,1535,4770601040.0
2010-01-28,1535,4923215054.0
2010-01-29,1535,4911910312.0
2010-02-01,1535,4894953199.0
2010-02-02,1535,4770601040.0
2010-02-03,1535,4928867425.0
2010-02-04,1535,4906257941.0
2010-02-05,1535,4747991556.0
2010-02-08,1535,4742339185.0
2010-02-09,1535,4844081861.0
2010-02-10,1535,4844081861.0
2010-02-22,1535,4883648458.0
2010-02-23,1535,4928867425.0
2010-02-24,1535,4962781650.0
2010-02-25,1535,4974086392.0
2010-02-26,1535,4974086392.0
2010-03-01,1535,5013652988.0
2010-03-02,1535,4974086392.0
2010-03-03,1535,4974086392.0
2010-03-04,1535,5030610101.0
2010-03-05,1535,5047567214.0
2010-03-08,1535,5047567214.0
2010-03-09,1535,5081481439.0
2010-03-10,1535,5121048035.0
2010-03-11,1535,5109743294.0
2010-03-12,1535,5081481439.0
2010-03-15,1535,5092786181.0
2010-03-16,1535,5058871956.0
2010-03-17,1535,5087133810.0
2010-03-18,1535,5098438552.0
2010-03-19,1535,5166267003.0
2010-03-22,1535,5279314421.0
2010-03-23,1535,5256704937.0
2010-03-24,1535,5222790712.0
2010-03-25,1535,5239747824.0
2010-03-26,1535,5290619162.0
2010-03-29,1535,5499756886.0
2010-03-30,1535,5443233177.0
2010-03-31,1535,5398014210.0
2010-04-01,1535,5398014210.0
2010-04-02,1535,5448885548.0
2010-04-06,1535,5398014210.0
2010-04-07,1535,5398014210.0
2010-04-08,1535,5290619162.0
2010-04-09,1535,5330185759.0
2010-04-12,1535,5460190289.0
2010-04-13,1535,5465842660.0
2010-04-14,1535,5494104515.0
2010-04-15,1535,5494104515.0
2010-04-16,1535,5505409257.0
2010-04-19,1535,5539323482.0
2010-04-20,1535,5590194820.0
2010-04-21,1535,5855856252.0
2010-04-22,1535,5765418318.0
2010-04-23,1535,5708894609.0
2010-04-26,1535,5889770478.0
2010-04-27,1535,5878465736.0
2010-04-28,1535,5776723060.0
2010-04-29,1535,5934989445.0
2010-04-30,1535,5855856252.0
2010-05-03,1535,5754113576.0
2010-05-04,1535,5629761416.0
2010-05-05,1535,5437580806.0
2010-05-06,1535,5369752355.0
2010-05-07,1535,5313228646.0
2010-05-10,1535,5573237707.0
2010-05-11,1535,5663675642.0
2010-05-12,1535,5561932966.0
2010-05-13,1535,5595847191.0
2010-05-14,1535,5607151933.0
2010-05-17,1535,5522366369.0
2010-05-18,1535,5494104515.0
2010-05-19,1535,5482799773.0
2010-05-20,1535,5431928435.0
2010-05-21,1535,5200181228.0
2010-05-24,1535,5268009679.0
2010-05-25,1535,5166267003.0
2010-05-26,1535,5251052566.0
2010-05-27,1535,5296271533.0
2010-05-28,1535,5324533388.0
2010-05-31,1535,5335838130.0
2010-06-01,1535,5273662050.0
2010-06-02,1535,5262357308.0
2010-06-03,1535,5279314421.0
2010-06-04,1535,5318881017.0
2010-06-07,1535,5211485970.0
2010-06-08,1535,5228443083.0
2010-06-09,1535,5194528857.0
2010-06-10,1535,5222790712.0
2010-06-11,1535,5234095453.0
2010-06-14,1535,5335838130.0
2010-06-15,1535,5352795242.0
2010-06-17,1535,5335838130.0
2010-06-18,1535,5324533388.0
2010-06-21,1535,5324533388.0
2010-06-22,1535,5347142871.0
2010-06-23,1535,5347142871.0
2010-06-24,1535,5335838130.0
2010-06-25,1535,5273662050.0
2010-06-28,1535,5296271533.0
2010-06-29,1535,5386709468.0
2010-06-30,1535,5358447613.0
2010-07-01,1535,5290619162.0
2010-07-02,1535,5375404726.0
2010-07-05,1535,5482799773.0
2010-07-06,1535,5516713998.0
2010-07-07,1535,5561932966.0
2010-07-08,1535,5584542449.0
2010-07-09,1535,5561932966.0
2010-07-12,1535,5544975853.0
2010-07-13,1535,5584542449.0
2010-07-14,1535,5256704937.0
2010-07-15,1535,5256704937.0
2010-07-16,1535,5307576275.0
2010-07-19,1535,5273662050.0
2010-07-20,1535,5296271533.0
2010-07-21,1535,5301923904.0
2010-07-22,1535,5358447613.0
2010-07-23,1535,5364099984.0
2010-07-26,1535,5347142871.0
2010-07-27,1535,5347142871.0
2010-07-28,1535,5358447613.0
2010-07-29,1535,5369752355.0
2010-07-30,1535,5347142871.0
2010-08-02,1535,5358447613.0
2010-08-03,1535,5347142871.0
2010-08-04,1535,5364099984.0
2010-08-05,1535,5403666580.0
2010-08-06,1535,5398014210.0
2010-08-09,1535,5381057097.0
2010-08-10,1535,5330185759.0
2010-08-11,1535,5347142871.0
2010-08-12,1535,5330185759.0
2010-08-13,1535,5414971322.0
2010-08-16,1535,5426276064.0
2010-08-17,1535,5398014210.0
2010-08-18,1535,5731504093.0
2010-08-19,1535,5765418318.0
2010-08-20,1535,5765418318.0
2010-08-23,1535,5674980384.0
2010-08-24,1535,5624109046.0
2010-08-25,1535,5448885548.0
2010-08-26,1535,5465842660.0
2010-08-27,1535,5494104515.0
2010-08-30,1535,5482799773.0
2010-08-31,1535,5460190289.0
2010-09-01,1535,5578890078.0
2010-09-02,1535,5584542449.0
2010-09-03,1535,5595847191.0
2010-09-06,1535,5601499562.0
2010-09-07,1535,5590194820.0
2010-09-08,1535,5567585337.0
2010-09-09,1535,5573237707.0
2010-09-10,1535,5641066158.0
2010-09-13,1535,5635413787.0
2010-09-14,1535,5646718529.0
2010-09-15,1535,5607151933.0
2010-09-16,1535,5573237707.0
2010-09-17,1535,5556280595.0
2010-09-20,1535,5573237707.0
2010-09-21,1535,5612804304.0
2010-09-23,1535,5612804304.0
2010-09-24,1535,5788027802.0
2010-09-27,1535,5686285125.0
2010-09-28,1535,5629761416.0
2010-09-29,1535,5635413787.0
2010-09-30,1535,5646718529.0
2010-10-01,1535,5652370900.0
2010-10-04,1535,5697589867.0
2010-10-05,1535,5697589867.0
2010-10-06,1535,5788027802.0
2010-10-07,1535,5810637285.0
2010-10-08,1535,5810637285.0
2010-10-11,1535,5754113576.0
2010-10-12,1535,5674980384.0
2010-10-13,1535,5708894609.0
2010-10-14,1535,5742808834.0
2010-10-15,1535,5686285125.0
2010-10-18,1535,5618456675.0
2010-10-19,1535,5607151933.0
2010-10-20,1535,5652370900.0
2010-10-21,1535,5618456675.0
2010-10-22,1535,5674980384.0
2010-10-25,1535,5697589867.0
2010-10-26,1535,5686285125.0
2010-10-27,1535,5652370900.0
2010-10-28,1535,5629761416.0
2010-10-29,1535,5635413787.0
2010-11-01,1535,5652370900.0
2010-11-02,1535,5674980384.0
2010-11-03,1535,5635413787.0
2010-11-04,1535,5652370900.0
2010-11-05,1535,5629761416.0
2010-11-08,1535,5646718529.0
2010-11-09,1535,5624109046.0
2010-11-10,1535,5652370900.0
2010-11-11,1535,5624109046.0
2010-11-12,1535,5607151933.0
2010-11-15,1535,5544975853.0
2010-11-16,1535,5556280595.0
2010-11-17,1535,5539323482.0
2010-11-18,1535,5539323482.0
2010-11-19,1535,5561932966.0
2010-11-22,1535,5561932966.0
2010-11-23,1535,5528018740.0
2010-11-24,1535,5528018740.0
2010-11-25,1535,5522366369.0
2010-11-26,1535,5431928435.0
2010-11-29,1535,5494104515.0
2010-11-30,1535,5460190289.0
2010-12-01,1535,5488452144.0
2010-12-02,1535,5516713998.0
2010-12-03,1535,5522366369.0
2010-12-06,1535,5539323482.0
2010-12-07,1535,5578890078.0
2010-12-08,1535,5584542449.0
2010-12-09,1535,5674980384.0
2010-12-10,1535,5629761416.0
2010-12-13,1535,5618456675.0
2010-12-14,1535,5607151933.0
2010-12-15,1535,5612804304.0
2010-12-16,1535,5595847191.0
2010-12-17,1535,5629761416.0
2010-12-20,1535,5607151933.0
2010-12-21,1535,5618456675.0
2010-12-22,1535,5618456675.0
2010-12-23,1535,5708894609.0
2010-12-24,1535,5697589867.0
2010-12-27,1535,5697589867.0
2010-12-28,1535,5686285125.0
2010-12-29,1535,5674980384.0
2010-12-30,1535,5697589867.0
2010-12-31,1535,5686285125.0
2011-01-03,1535,5663675642.0
2011-01-04,1535,5629761416.0
2011-01-05,1535,5652370900.0
2011-01-06,1535,5663675642.0
2011-01-07,1535,5674980384.0
2011-01-10,1535,5708894609.0
2011-01-11,1535,5708894609.0
2011-01-12,1535,5663675642.0
2011-01-13,1535,5652370900.0
2011-01-14,1535,5674980384.0
2011-01-17,1535,5674980384.0
2011-01-18,1535,5652370900.0
2011-01-19,1535,5697589867.0
2011-01-20,1535,5663675642.0
2011-01-21,1535,5635413787.0
2011-01-24,1535,5686285125.0
2011-01-25,1535,5629761416.0
2011-01-26,1535,5607151933.0
2011-01-27,1535,5612804304.0
2011-01-28,1535,5584542449.0
2011-02-08,1535,5788027802.0
2011-02-09,1535,5934989445.0
2011-02-10,1535,5912379961.0
2011-02-11,1535,5731504093.0
2011-02-14,1535,6127170056.0
2011-02-15,1535,6194998506.0
2011-02-16,1535,6081951088.0
2011-02-17,1535,6002817896.0
2011-02-18,1535,5946294187.0
2011-02-21,1535,6025427379.0
2011-02-22,1535,5878465736.0
2011-02-23,1535,5788027802.0
2011-02-24,1535,5720199351.0
2011-02-25,1535,5788027802.0
2011-03-01,1535,5799332543.0
2011-03-02,1535,5878465736.0
2011-03-03,1535,5957598929.0
2011-03-04,1535,5946294187.0
2011-03-07,1535,5844551511.0
2011-03-08,1535,5788027802.0
2011-03-09,1535,5765418318.0
2011-03-10,1535,5697589867.0
2011-03-11,1535,5629761416.0
2011-03-14,1535,5652370900.0
2011-03-15,1535,5567585337.0
2011-03-16,1535,5624109046.0
2011-03-17,1535,5624109046.0
2011-03-18,1535,5618456675.0
2011-03-21,1535,5641066158.0
2011-03-22,1535,5641066158.0
2011-03-23,1535,5754113576.0
2011-03-24,1535,5810637285.0
2011-03-25,1535,5776723060.0
2011-03-28,1535,5821942027.0
2011-03-29,1535,5833246769.0
2011-03-30,1535,6070646347.0
2011-03-31,1535,6138474797.0
2011-04-01,1535,6048036863.0
2011-04-06,1535,6002817896.0
2011-04-07,1535,6127170056.0
2011-04-08,1535,6115865314.0
2011-04-11,1535,6104560572.0
2011-04-12,1535,6161084281.0
2011-04-13,1535,6590664469.0
2011-04-14,1535,7042854141.0
2011-04-15,1535,7008939916.0
2011-04-18,1535,7088073109.0
2011-04-19,1535,6828064047.0
2011-04-20,1535,6748930855.0
2011-04-21,1535,6873283014.0
2011-04-22,1535,7178511043.0
2011-04-25,1535,7348082170.0
2011-04-26,1535,7257644236.0
2011-04-27,1535,7336777428.0
2011-04-28,1535,7257644236.0
2011-04-29,1535,7664614940.0
2011-05-03,1535,7393301137.0
2011-05-04,1535,7359386912.0
2011-05-05,1535,7348082170.0
2011-05-06,1535,7856795551.0
2011-05-09,1535,7856795551.0
2011-05-10,1535,8060280903.0
2011-05-11,1535,7947233485.0
2011-05-12,1535,7902014518.0
2011-05-13,1535,7653310199.0
2011-05-16,1535,7291558461.0
2011-05-17,1535,7235034752.0
2011-05-18,1535,7178511043.0
2011-05-19,1535,7223730010.0
2011-05-20,1535,7031549400.0
2011-05-23,1535,6782845080.0
2011-05-24,1535,6884587756.0
2011-05-25,1535,6918501982.0
2011-05-26,1535,7088073109.0
2011-05-27,1535,7020244658.0
2011-05-30,1535,6963720949.0
2011-05-31,1535,7076768367.0
2011-06-01,1535,7031549400.0
2011-06-02,1535,7042854141.0
2011-06-03,1535,6986330432.0
2011-06-07,1535,6929806723.0
2011-06-08,1535,7121987334.0
2011-06-09,1535,7144596818.0
2011-06-10,1535,6929806723.0
2011-06-13,1535,6918501982.0
2011-06-14,1535,6997635174.0
2011-06-15,1535,6986330432.0
2011-06-16,1535,6929806723.0
2011-06-17,1535,6726321371.0
2011-06-20,1535,6556750244.0
2011-06-21,1535,6726321371.0
2011-06-22,1535,6681102404.0
2011-06-23,1535,6669797662.0
2011-06-24,1535,6658492920.0
2011-06-27,1535,6669797662.0
2011-06-28,1535,6703711887.0
2011-06-29,1535,6839368789.0
2011-06-30,1535,6884587756.0
2011-07-01,1535,6929806723.0
2011-07-04,1535,6941111465.0
2011-07-05,1535,6918501982.0
2011-07-06,1535,6952416207.0
2011-07-07,1535,6952416207.0
2011-07-08,1535,6997635174.0
2011-07-11,1535,7212425268.0
2011-07-12,1535,7133292076.0
2011-07-13,1535,7144596818.0
2011-07-14,1535,7178511043.0
2011-07-15,1535,7212425268.0
2011-07-18,1535,7393301137.0
2011-07-19,1535,7438520104.0
2011-07-20,1535,7438520104.0
2011-07-21,1535,7393301137.0
2011-07-22,1535,7551567522.0
2011-07-25,1535,7008939916.0
2011-07-26,1535,7042854141.0
2011-07-27,1535,7042854141.0
2011-07-28,1535,7020244658.0
2011-07-29,1535,6918501982.0
2011-08-01,1535,7099377850.0
2011-08-02,1535,7020244658.0
2011-08-03,1535,6918501982.0
2011-08-04,1535,6816759305.0
2011-08-05,1535,6522836019.0
2011-08-08,1535,6319350666.0
2011-08-09,1535,6296741183.0
2011-08-10,1535,6500226535.0
2011-08-11,1535,6500226535.0
2011-08-12,1535,6511531277.0
2011-08-15,1535,6828064047.0
2011-08-16,1535,6771540338.0
2011-08-17,1535,6839368789.0
2011-08-18,1535,6703711887.0
2011-08-19,1535,6545445502.0
2011-08-22,1535,6522836019.0
2011-08-23,1535,6669797662.0
2011-08-24,1535,6669797662.0
2011-08-25,1535,6669797662.0
2011-08-26,1535,6805454564.0
2011-08-29,1535,6941111465.0
2011-08-30,1535,6952416207.0
2011-08-31,1535,6918501982.0
2011-09-01,1535,6929806723.0
2011-09-02,1535,6828064047.0
2011-09-05,1535,6692407146.0
2011-09-06,1535,6556750244.0
2011-09-07,1535,6624578695.0
2011-09-08,1535,6590664469.0
2011-09-09,1535,6545445502.0
2011-09-13,1535,6477617051.0
2011-09-14,1535,6353264892.0
2011-09-15,1535,6466312310.0
2011-09-16,1535,6579359728.0
2011-09-19,1535,6579359728.0
2011-09-20,1535,6500226535.0
2011-09-21,1535,6477617051.0
2011-09-22,1535,6364569633.0
2011-09-23,1535,6138474797.0
2011-09-26,1535,5968903670.0
2011-09-27,1535,6104560572.0
2011-09-28,1535,6127170056.0
2011-09-29,1535,6251522215.0
2011-09-30,1535,6161084281.0
2011-10-03,1535,6036732121.0
2011-10-04,1535,5980208412.0
2011-10-05,1535,5934989445.0
2011-10-06,1535,5968903670.0
2011-10-07,1535,6081951088.0
2011-10-11,1535,6308045924.0
2011-10-12,1535,6330655408.0
2011-10-13,1535,6387179117.0
2011-10-14,1535,6308045924.0
2011-10-17,1535,6364569633.0
2011-10-18,1535,6319350666.0
2011-10-19,1535,6353264892.0
2011-10-20,1535,6319350666.0
2011-10-21,1535,6353264892.0
2011-10-24,1535,6443702826.0
2011-10-25,1535,6421093342.0
2011-10-26,1535,6443702826.0
2011-10-27,1535,6601969211.0
2011-10-28,1535,6534140760.0
2011-10-31,1535,6500226535.0
2011-11-01,1535,6488921793.0
2011-11-02,1535,6500226535.0
2011-11-03,1535,6635883437.0
2011-11-04,1535,6635883437.0
2011-11-07,1535,6635883437.0
2011-11-08,1535,6601969211.0
2011-11-09,1535,6613273953.0
2011-11-10,1535,6477617051.0
2011-11-11,1535,6511531277.0
2011-11-14,1535,6488921793.0
2011-11-15,1535,6443702826.0
2011-11-16,1535,6443702826.0
2011-11-17,1535,6511531277.0
2011-11-18,1535,6534140760.0
2011-11-21,1535,6353264892.0
2011-11-22,1535,6262826957.0
2011-11-23,1535,6149779539.0
2011-11-24,1535,6206303248.0
2011-11-25,1535,6161084281.0
2011-11-28,1535,6127170056.0
2011-11-29,1535,6127170056.0
2011-11-30,1535,6059341605.0
2011-12-01,1535,6138474797.0
2011-12-02,1535,6161084281.0
2011-12-05,1535,6149779539.0
2011-12-06,1535,6036732121.0
2011-12-07,1535,6093255830.0
2011-12-08,1535,6138474797.0
2011-12-09,1535,6081951088.0
2011-12-12,1535,6104560572.0
2011-12-13,1535,6059341605.0
2011-12-14,1535,6093255830.0
2011-12-15,1535,6104560572.0
2011-12-16,1535,6081951088.0
2011-12-19,1535,5923684703.0
2011-12-20,1535,5934989445.0
2011-12-21,1535,6048036863.0
2011-12-22,1535,6036732121.0
2011-12-23,1535,6093255830.0
2011-12-26,1535,6081951088.0
2011-12-27,1535,6081951088.0
2011-12-28,1535,6048036863.0
2011-12-29,1535,6048036863.0
2011-12-30,1535,6059341605.0
2012-01-02,1535,6070646347.0
2012-01-03,1535,6104560572.0
2012-01-04,1535,6081951088.0
2012-01-05,1535,6149779539.0
2012-01-06,1535,6127170056.0
2012-01-09,1535,6081951088.0
2012-01-10,1535,6081951088.0
2012-01-11,1535,6183693765.0
2012-01-12,1535,6149779539.0
2012-01-13,1535,6149779539.0
2012-01-16,1535,6059341605.0
2012-01-17,1535,6183693765.0
2012-01-18,1535,6240217474.0
2012-01-30,1535,6443702826.0
2012-01-31,1535,6500226535.0
2012-02-01,1535,6556750244.0
2012-02-02,1535,6568054986.0
2012-02-03,1535,6624578695.0
2012-02-06,1535,6669797662.0
2012-02-07,1535,6669797662.0
2012-02-08,1535,6703711887.0
2012-02-09,1535,6681102404.0
2012-02-10,1535,6658492920.0
2012-02-13,1535,6635883437.0
2012-02-14,1535,6748930855.0
2012-02-15,1535,7020244658.0
2012-02-16,1535,6805454564.0
2012-02-17,1535,6850673531.0
2012-02-20,1535,6986330432.0
2012-02-21,1535,6907197240.0
2012-02-22,1535,6975025691.0
2012-02-23,1535,6975025691.0
2012-02-24,1535,6929806723.0
2012-02-29,1535,6975025691.0
2012-03-01,1535,7008939916.0
2012-03-02,1535,7008939916.0
2012-03-05,1535,6952416207.0
2012-03-06,1535,6895892498.0
2012-03-07,1535,6907197240.0
2012-03-08,1535,6941111465.0
2012-03-09,1535,7020244658.0
2012-03-12,1535,7155901559.0
2012-03-13,1535,7088073109.0
2012-03-14,1535,7235034752.0
2012-03-15,1535,7325472686.0
2012-03-16,1535,7291558461.0
2012-03-19,1535,7178511043.0
2012-03-20,1535,7223730010.0
2012-03-21,1535,7155901559.0
2012-03-22,1535,7178511043.0
2012-03-23,1535,7167206301.0
2012-03-26,1535,7178511043.0
2012-03-27,1535,7212425268.0
2012-03-28,1535,7167206301.0
2012-03-29,1535,7020244658.0
2012-03-30,1535,7065463625.0
2012-04-02,1535,7008939916.0
2012-04-03,1535,6929806723.0
2012-04-05,1535,7008939916.0
2012-04-06,1535,7065463625.0
2012-04-09,1535,7065463625.0
2012-04-10,1535,7020244658.0
2012-04-11,1535,7042854141.0
2012-04-12,1535,7076768367.0
2012-04-13,1535,7065463625.0
2012-04-16,1535,7121987334.0
2012-04-17,1535,7121987334.0
2012-04-18,1535,7088073109.0
2012-04-19,1535,7076768367.0
2012-04-20,1535,7008939916.0
2012-04-23,1535,6952416207.0
2012-04-24,1535,6907197240.0
2012-04-25,1535,6997635174.0
2012-04-26,1535,6975025691.0
2012-04-27,1535,6907197240.0
2012-04-30,1535,7031549400.0
2012-05-02,1535,7223730010.0
2012-05-03,1535,7223730010.0
2012-05-04,1535,7438520104.0
2012-05-07,1535,7427215363.0
2012-05-08,1535,7381996395.0
2012-05-09,1535,7235034752.0
2012-05-10,1535,7257644236.0
2012-05-11,1535,7223730010.0
2012-05-14,1535,7246339494.0
2012-05-15,1535,7291558461.0
2012-05-16,1535,7235034752.0
2012-05-17,1535,7257644236.0
2012-05-18,1535,7121987334.0
2012-05-21,1535,7155901559.0
2012-05-22,1535,7370691654.0
2012-05-23,1535,7201120527.0
2012-05-24,1535,7076768367.0
2012-05-25,1535,7042854141.0
2012-05-28,1535,7121987334.0
2012-05-29,1535,7223730010.0
2012-05-30,1535,7121987334.0
2012-05-31,1535,7212425268.0
2012-06-01,1535,7110682592.0
2012-06-04,1535,6929806723.0
2012-06-05,1535,6975025691.0
2012-06-06,1535,6975025691.0
2012-06-07,1535,6975025691.0
2012-06-08,1535,7020244658.0
2012-06-11,1535,7031549400.0
2012-06-12,1535,7076768367.0
2012-06-13,1535,7155901559.0
2012-06-14,1535,7178511043.0
2012-06-15,1535,7189815785.0
2012-06-18,1535,7235034752.0
2012-06-19,1535,7212425268.0
2012-06-20,1535,7268948977.0
2012-06-21,1535,7302863203.0
2012-06-22,1535,7348082170.0
2012-06-25,1535,7314167945.0
2012-06-26,1535,7302863203.0
2012-06-27,1535,7291558461.0
2012-06-28,1535,7291558461.0
2012-06-29,1535,7348082170.0
2012-07-02,1535,7404605879.0
2012-07-03,1535,7449824846.0
2012-07-04,1535,7461129588.0
2012-07-05,1535,7596786490.0
2012-07-06,1535,7630700715.0
2012-07-09,1535,7562872264.0
2012-07-10,1535,7517653297.0
2012-07-11,1535,7596786490.0
2012-07-12,1535,7585481748.0
2012-07-13,1535,7653310199.0
2012-07-16,1535,7653310199.0
2012-07-17,1535,7642005457.0
2012-07-18,1535,7653310199.0
2012-07-19,1535,7528958039.0
2012-07-20,1535,7574177006.0
2012-07-23,1535,7483739072.0
2012-07-24,1535,7506348555.0
2012-07-25,1535,7031549400.0
2012-07-26,1535,6997635174.0
2012-07-27,1535,7121987334.0
2012-07-30,1535,7121987334.0
2012-07-31,1535,7133292076.0
2012-08-01,1535,7144596818.0
2012-08-03,1535,7133292076.0
2012-08-06,1535,7155901559.0
2012-08-07,1535,7155901559.0
2012-08-08,1535,7223730010.0
2012-08-09,1535,7235034752.0
2012-08-10,1535,7178511043.0
2012-08-13,1535,7212425268.0
2012-08-14,1535,7201120527.0
2012-08-15,1535,7121987334.0
2012-08-16,1535,7121987334.0
2012-08-17,1535,7144596818.0
2012-08-20,1535,7099377850.0
2012-08-21,1535,7133292076.0
2012-08-22,1535,7189815785.0
2012-08-23,1535,7167206301.0
2012-08-24,1535,7167206301.0
2012-08-27,1535,7167206301.0
2012-08-28,1535,7235034752.0
2012-08-29,1535,7268948977.0
2012-08-30,1535,7268948977.0
2012-08-31,1535,7280253719.0
2012-09-03,1535,7370691654.0
2012-09-04,1535,7325472686.0
2012-09-05,1535,7314167945.0
2012-09-06,1535,7257644236.0
2012-09-07,1535,7268948977.0
2012-09-10,1535,7302863203.0
2012-09-11,1535,7314167945.0
2012-09-12,1535,7359386912.0
2012-09-13,1535,7404605879.0
2012-09-14,1535,7495043813.0
2012-09-17,1535,7551567522.0
2012-09-18,1535,7540262781.0
2012-09-19,1535,7517653297.0
2012-09-20,1535,7506348555.0
2012-09-21,1535,7461129588.0
2012-09-24,1535,7427215363.0
2012-09-25,1535,7404605879.0
2012-09-26,1535,7336777428.0
2012-09-27,1535,7370691654.0
2012-09-28,1535,7381996395.0
2012-10-01,1535,7348082170.0
2012-10-02,1535,7359386912.0
2012-10-03,1535,7381996395.0
2012-10-04,1535,7370691654.0
2012-10-05,1535,7359386912.0
2012-10-08,1535,7325472686.0
2012-10-09,1535,7381996395.0
2012-10-11,1535,7348082170.0
2012-10-12,1535,7348082170.0
2012-10-15,1535,7302863203.0
2012-10-16,1535,7348082170.0
2012-10-17,1535,7314167945.0
2012-10-18,1535,7314167945.0
2012-10-19,1535,7336777428.0
2012-10-22,1535,7302863203.0
2012-10-23,1535,7235034752.0
2012-10-24,1535,7235034752.0
2012-10-25,1535,7223730010.0
2012-10-26,1535,7110682592.0
2012-10-29,1535,7133292076.0
2012-10-30,1535,7235034752.0
2012-10-31,1535,7212425268.0
2012-11-01,1535,7257644236.0
2012-11-02,1535,7257644236.0
2012-11-05,1535,7189815785.0
2012-11-06,1535,7235034752.0
2012-11-07,1535,7121987334.0
2012-11-08,1535,7178511043.0
2012-11-09,1535,7178511043.0
2012-11-12,1535,7178511043.0
2012-11-13,1535,7144596818.0
2012-11-14,1535,7178511043.0
2012-11-15,1535,7155901559.0
2012-11-16,1535,7133292076.0
2012-11-19,1535,7178511043.0
2012-11-20,1535,7178511043.0
2012-11-21,1535,7189815785.0
2012-11-22,1535,7235034752.0
2012-11-23,1535,7257644236.0
2012-11-26,1535,7257644236.0
2012-11-27,1535,7201120527.0
2012-11-28,1535,7201120527.0
2012-11-29,1535,7189815785.0
2012-11-30,1535,7201120527.0
2012-12-03,1535,7246339494.0
2012-12-04,1535,7246339494.0
2012-12-05,1535,7257644236.0
2012-12-06,1535,7235034752.0
2012-12-07,1535,7348082170.0
2012-12-10,1535,7415910621.0
2012-12-11,1535,7461129588.0
2012-12-12,1535,7449824846.0
2012-12-13,1535,7438520104.0
2012-12-14,1535,7449824846.0
2012-12-17,1535,7381996395.0
2012-12-18,1535,7359386912.0
2012-12-19,1535,7359386912.0
2012-12-20,1535,7370691654.0
2012-12-21,1535,7370691654.0
2012-12-24,1535,7404605879.0
2012-12-25,1535,7449824846.0
2012-12-26,1535,7472434330.0
2012-12-27,1535,7483739072.0
2012-12-28,1535,7472434330.0
2013-01-02,1535,7483739072.0
2013-01-03,1535,7528958039.0
2013-01-04,1535,7528958039.0
2013-01-07,1535,7585481748.0
2013-01-08,1535,7540262781.0
2013-01-09,1535,7540262781.0
2013-01-10,1535,7664614940.0
2013-01-11,1535,7709833908.0
2013-01-14,1535,7709833908.0
2013-01-15,1535,7721138649.0
2013-01-16,1535,7687224424.0
2013-01-17,1535,7721138649.0
2013-01-18,1535,7721138649.0
2013-01-21,1535,7743748133.0
2013-01-22,1535,7766357617.0
2013-01-23,1535,7755052875.0
2013-01-24,1535,7766357617.0
2013-01-25,1535,8037671420.0
2013-01-28,1535,8376813674.0
2013-01-29,1535,8376813674.0
2013-01-30,1535,8388118416.0
2013-01-31,1535,8376813674.0
2013-02-01,1535,8354204190.0
2013-02-04,1535,8433337383.0
2013-02-05,1535,8410727899.0
2013-02-06,1535,8410727899.0
2013-02-18,1535,8998574473.0
2013-02-19,1535,8930746022.0
2013-02-20,1535,8829003346.0
2013-02-21,1535,8851612829.0
2013-02-22,1535,8806393862.0
2013-02-25,1535,8840308088.0
2013-02-26,1535,8851612829.0
2013-02-27,1535,8975964989.0
2013-03-01,1535,9416849919.0
2013-03-04,1535,9394240436.0
2013-03-05,1535,9688163723.0
2013-03-06,1535,10196877104.0
2013-03-07,1535,10242096071.0
2013-03-08,1535,9970782268.0
2013-03-11,1535,10140353395.0
2013-03-12,1535,9880344333.0
2013-03-13,1535,9982087009.0
2013-03-14,1535,9982087009.0
2013-03-15,1535,10332534005.0
2013-03-18,1535,10174267620.0
2013-03-19,1535,10072524944.0
2013-03-20,1535,9789906399.0
2013-03-21,1535,9710773206.0
2013-03-22,1535,9507287854.0
2013-03-25,1535,9563811563.0
2013-03-26,1535,9563811563.0
2013-03-27,1535,9439459403.0
2013-03-28,1535,9247278792.0
2013-03-29,1535,9269888276.0
2013-04-01,1535,9168145600.0
2013-04-02,1535,9156840858.0
2013-04-03,1535,9190755083.0
2013-04-08,1535,8964660247.0
2013-04-09,1535,9258583534.0
2013-04-10,1535,9269888276.0
2013-04-11,1535,9156840858.0
2013-04-12,1535,8987269731.0
2013-04-15,1535,9077707665.0
2013-04-16,1535,9902240326.0
2013-04-17,1535,9804801307.0
2013-04-18,1535,9902240326.0
2013-04-19,1535,9865700694.0
2013-04-22,1535,10389435422.0
2013-04-23,1535,10316356158.0
2013-04-24,1535,10304176280.0
2013-04-25,1535,10109298242.0
2013-04-26,1535,10024039100.0
2013-04-29,1535,10072758610.0
2013-04-30,1535,10109298242.0
2013-05-02,1535,10072758610.0
2013-05-03,1535,9987499468.0
2013-05-06,1535,9841340939.0
2013-05-07,1535,9877880571.0
2013-05-08,1535,9841340939.0
2013-05-09,1535,10170197629.0
2013-05-10,1535,10133657997.0
2013-05-13,1535,10011859223.0
2013-05-14,1535,10060578732.0
2013-05-15,1535,10158017752.0
2013-05-16,1535,10158017752.0
2013-05-17,1535,10206737261.0
2013-05-20,1535,10072758610.0
2013-05-21,1535,10024039100.0
2013-05-22,1535,9999679345.0
2013-05-23,1535,9902240326.0
2013-05-24,1535,9719542165.0
2013-05-27,1535,9768261675.0
2013-05-28,1535,9780441552.0
2013-05-29,1535,9865700694.0
2013-05-30,1535,9768261675.0
2013-05-31,1535,9768261675.0
2013-06-03,1535,9634283023.0
2013-06-04,1535,9609923269.0
2013-06-05,1535,9646462901.0
2013-06-06,1535,9609923269.0
2013-06-07,1535,9597743391.0
2013-06-10,1535,9622103146.0
2013-06-11,1535,9707362288.0
2013-06-13,1535,9597743391.0
2013-06-14,1535,9597743391.0
2013-06-17,1535,9670822656.0
2013-06-18,1535,9719542165.0
2013-06-19,1535,9756081797.0
2013-06-20,1535,9683002533.0
2013-06-21,1535,9585563514.0
2013-06-24,1535,9622103146.0
2013-06-25,1535,9524664127.0
2013-06-26,1535,9573383636.0
2013-06-27,1535,9853520817.0
2013-06-28,1535,9804801307.0
2013-07-01,1535,10097118365.0
2013-07-02,1535,10097118365.0
2013-07-03,1535,9999679345.0
2013-07-04,1535,10024039100.0
2013-07-05,1535,10097118365.0
2013-07-08,1535,10121478119.0
2013-07-09,1535,9768261675.0
2013-07-10,1535,9561203759.0
2013-07-11,1535,9609923269.0
2013-07-12,1535,9683002533.0
2013-07-15,1535,9743901920.0
2013-07-16,1535,9683002533.0
2013-07-17,1535,9670822656.0
2013-07-18,1535,9695182410.0
2013-07-19,1535,9670822656.0
2013-07-22,1535,9707362288.0
2013-07-23,1535,10109298242.0
2013-07-24,1535,10011859223.0
2013-07-25,1535,10097118365.0
2013-07-26,1535,9963139713.0
2013-07-29,1535,9975319591.0
2013-07-30,1535,9999679345.0
2013-07-31,1535,10291996403.0
2013-08-01,1535,10170197629.0
2013-08-02,1535,9963139713.0
2013-08-05,1535,10036218978.0
2013-08-06,1535,9853520817.0
2013-08-07,1535,9683002533.0
2013-08-08,1535,9695182410.0
2013-08-09,1535,9597743391.0
2013-08-12,1535,9609923269.0
2013-08-13,1535,9756081797.0
2013-08-14,1535,9658642778.0
2013-08-15,1535,9597743391.0
2013-08-16,1535,9597743391.0
2013-08-19,1535,9597743391.0
2013-08-20,1535,9378505598.0
2013-08-22,1535,9220167192.0
2013-08-23,1535,9244526947.0
2013-08-26,1535,9220167192.0
2013-08-27,1535,9195807437.0
2013-08-28,1535,9098368418.0
2013-08-29,1535,9183627560.0
2013-08-30,1535,9305426334.0
2013-09-02,1535,9244526947.0
2013-09-03,1535,9256706824.0
2013-09-04,1535,9134908050.0
2013-09-05,1535,9402865353.0
2013-09-06,1535,9451584862.0
2013-09-09,1535,9329786088.0
2013-09-10,1535,9317606211.0
2013-09-11,1535,9317606211.0
2013-09-12,1535,9415045230.0
2013-09-13,1535,9366325721.0
2013-09-16,1535,9317606211.0
2013-09-17,1535,9317606211.0
2013-09-18,1535,9439404985.0
2013-09-23,1535,9415045230.0
2013-09-24,1535,9390685475.0
2013-09-25,1535,9366325721.0
2013-09-26,1535,9341965966.0
2013-09-27,1535,9354145843.0
2013-09-30,1535,9317606211.0
2013-10-01,1535,9354145843.0
2013-10-02,1535,9268886701.0
2013-10-03,1535,9268886701.0
2013-10-04,1535,9171447682.0
2013-10-07,1535,9305426334.0
2013-10-08,1535,9207987314.0
2013-10-09,1535,9220167192.0
2013-10-11,1535,9220167192.0
2013-10-14,1535,9147087927.0
2013-10-15,1535,9159267805.0
2013-10-16,1535,9244526947.0
2013-10-17,1535,9268886701.0
2013-10-18,1535,9622103146.0
2013-10-21,1535,9573383636.0
2013-10-22,1535,9439404985.0
2013-10-23,1535,9475944617.0
2013-10-24,1535,9439404985.0
2013-10-25,1535,9341965966.0
2013-10-28,1535,9463764740.0
2013-10-29,1535,9524664127.0
2013-10-30,1535,9573383636.0
2013-10-31,1535,9573383636.0
2013-11-01,1535,9500304372.0
2013-11-04,1535,9378505598.0
2013-11-05,1535,9268886701.0
2013-11-07,1535,9195807437.0
2013-11-08,1535,9134908050.0
2013-11-11,1535,8891310502.0
2013-11-12,1535,8879130625.0
2013-11-13,1535,8891310502.0
2013-11-14,1535,8903490379.0
2013-11-15,1535,9000929399.0
2013-11-18,1535,8915670257.0
2013-11-19,1535,8988749521.0
2013-11-20,1535,8952209889.0
2013-11-21,1535,8952209889.0
2013-11-22,1535,8891310502.0
2013-11-25,1535,8952209889.0
2013-11-26,1535,8952209889.0
2013-11-27,1535,8964389766.0
2013-11-28,1535,9134908050.0
2013-11-29,1535,9098368418.0
2013-12-02,1535,9134908050.0
2013-12-03,1535,9061828786.0
2013-12-04,1535,9000929399.0
2013-12-05,1535,9025289153.0
2013-12-06,1535,9074008663.0
2013-12-09,1535,9086188540.0
2013-12-10,1535,9134908050.0
2013-12-11,1535,9147087927.0
2013-12-12,1535,9378505598.0
2013-12-13,1535,9256706824.0
2013-12-16,1535,9415045230.0
2013-12-17,1535,9305426334.0
2013-12-18,1535,9329786088.0
2013-12-19,1535,9402865353.0
2013-12-20,1535,9463764740.0
2013-12-23,1535,9622103146.0
2013-12-24,1535,9816981184.0
2013-12-25,1535,9683002533.0
2013-12-26,1535,9536844004.0
2013-12-27,1535,9670822656.0
2013-12-30,1535,9707362288.0
2013-12-31,1535,9658642778.0
2014-01-02,1535,9524664127.0
2014-01-03,1535,9415045230.0
2014-01-06,1535,9329786088.0
2014-01-07,1535,9415045230.0
2014-01-08,1535,9463764740.0
2014-01-09,1535,9354145843.0
2014-01-10,1535,9317606211.0
2014-01-13,1535,9354145843.0
2014-01-14,1535,9317606211.0
2014-01-15,1535,9317606211.0
2014-01-16,1535,9293246456.0
2014-01-17,1535,9341965966.0
2014-01-20,1535,9378505598.0
2014-01-21,1535,9354145843.0
2014-01-22,1535,9354145843.0
2014-01-23,1535,9147087927.0
2014-01-24,1535,9195807437.0
2014-01-27,1535,9147087927.0
2014-02-05,1535,8806051360.0
2014-02-06,1535,9013109276.0
2014-02-10,1535,8964389766.0
2014-02-11,1535,9061828786.0
2014-02-12,1535,9074008663.0
2014-02-13,1535,9086188540.0
2014-02-14,1535,9207987314.0
2014-02-17,1535,9147087927.0
2014-02-18,1535,9256706824.0
2014-02-19,1535,9183627560.0
2014-02-20,1535,9244526947.0
2014-02-21,1535,9281066579.0
2014-02-24,1535,9220167192.0
2014-02-25,1535,9256706824.0
2014-02-26,1535,9232347069.0
2014-02-27,1535,9268886701.0
2014-03-03,1535,9329786088.0
2014-03-04,1535,9256706824.0
2014-03-05,1535,9256706824.0
2014-03-06,1535,9329786088.0
2014-03-07,1535,9281066579.0
2014-03-10,1535,9341965966.0
2014-03-11,1535,9268886701.0
2014-03-12,1535,9268886701.0
2014-03-13,1535,9232347069.0
2014-03-14,1535,9232347069.0
2014-03-17,1535,9232347069.0
2014-03-18,1535,9317606211.0
2014-03-19,1535,9366325721.0
2014-03-20,1535,9329786088.0
2014-03-21,1535,9244526947.0
2014-03-24,1535,9207987314.0
2014-03-25,1535,9256706824.0
2014-03-26,1535,9281066579.0
2014-03-27,1535,9329786088.0
2014-03-28,1535,9256706824.0
2014-03-31,1535,9317606211.0
2014-04-01,1535,9305426334.0
2014-04-02,1535,9366325721.0
2014-04-03,1535,9378505598.0
2014-04-07,1535,9427225108.0
2014-04-08,1535,9500304372.0
2014-04-09,1535,9475944617.0
2014-04-10,1535,9341965966.0
2014-04-11,1535,9378505598.0
2014-04-14,1535,9354145843.0
2014-04-15,1535,9378505598.0
2014-04-16,1535,9427225108.0
2014-04-17,1535,9402865353.0
2014-04-18,1535,9439404985.0
2014-04-21,1535,9475944617.0
2014-04-22,1535,9451584862.0
2014-04-23,1535,9500304372.0
2014-04-24,1535,9390685475.0
2014-04-25,1535,9171447682.0
2014-04-28,1535,9195807437.0
2014-04-29,1535,9329786088.0
2014-04-30,1535,9404433952.0
2014-05-02,1535,9429182462.0
2014-05-05,1535,9416808207.0
2014-05-06,1535,9404433952.0
2014-05-07,1535,9565299270.0
2014-05-08,1535,9528176504.0
2014-05-09,1535,9503427994.0
2014-05-12,1535,9453930973.0
2014-05-13,1535,9441556718.0
2014-05-14,1535,9453930973.0
2014-05-15,1535,9404433952.0
2014-05-16,1535,9404433952.0
2014-05-19,1535,9404433952.0
2014-05-20,1535,9367311186.0
2014-05-21,1535,9466305228.0
2014-05-22,1535,9416808207.0
2014-05-23,1535,9404433952.0
2014-05-26,1535,9441556718.0
2014-05-27,1535,9404433952.0
2014-05-28,1535,9453930973.0
2014-05-29,1535,9491053738.0
2014-05-30,1535,9491053738.0
2014-06-03,1535,9540550759.0
2014-06-04,1535,9503427994.0
2014-06-05,1535,9404433952.0
2014-06-06,1535,9392059697.0
2014-06-09,1535,9379685442.0
2014-06-10,1535,9379685442.0
2014-06-11,1535,9392059697.0
2014-06-12,1535,9354936931.0
2014-06-13,1535,9354936931.0
2014-06-16,1535,9441556718.0
2014-06-17,1535,9367311186.0
2014-06-18,1535,9528176504.0
2014-06-19,1535,9441556718.0
2014-06-20,1535,9441556718.0
2014-06-23,1535,9453930973.0
2014-06-24,1535,9404433952.0
2014-06-25,1535,9404433952.0
2014-06-26,1535,9404433952.0
2014-06-27,1535,9404433952.0
2014-06-30,1535,9392059697.0
2014-07-01,1535,9367311186.0
2014-07-02,1535,9367311186.0
2014-07-03,1535,9367311186.0
2014-07-04,1535,9379685442.0
2014-07-07,1535,9354936931.0
2014-07-08,1535,9354936931.0
2014-07-09,1535,9342562676.0
2014-07-10,1535,9552925014.0
2014-07-11,1535,9478679483.0
2014-07-14,1535,9466305228.0
2014-07-15,1535,9478679483.0
2014-07-16,1535,9441556718.0
2014-07-17,1535,9478679483.0
2014-07-18,1535,9404433952.0
2014-07-21,1535,8934212254.0
2014-07-22,1535,8946586510.0
2014-07-24,1535,8996083530.0
2014-07-25,1535,9008457786.0
2014-07-28,1535,8983709275.0
2014-07-29,1535,9020832041.0
2014-07-30,1535,9132200338.0
2014-07-31,1535,9132200338.0
2014-08-01,1535,9008457786.0
2014-08-04,1535,8983709275.0
2014-08-05,1535,8872340978.0
2014-08-06,1535,8909463744.0
2014-08-07,1535,8909463744.0
2014-08-08,1535,8699101406.0
2014-08-11,1535,8600107364.0
2014-08-12,1535,8439242046.0
2014-08-13,1535,8414493536.0
2014-08-14,1535,8315499494.0
2014-08-15,1535,8414493536.0
2014-08-18,1535,8352622260.0
2014-08-19,1535,8402119281.0
2014-08-20,1535,8426867791.0
2014-08-22,1535,8513487578.0
2014-08-25,1535,8501113322.0
2014-08-26,1535,8562984598.0
2014-08-27,1535,8661978640.0
2014-08-28,1535,8661978640.0
2014-08-29,1535,8699101406.0
2014-09-01,1535,8661978640.0
2014-09-02,1535,8612481619.0
2014-09-03,1535,8773346937.0
2014-09-04,1535,8674352895.0
2014-09-05,1535,8612481619.0
2014-09-09,1535,8501113322.0
2014-09-10,1535,8513487578.0
2014-09-11,1535,8488739067.0
2014-09-12,1535,8426867791.0
2014-09-15,1535,8364996515.0
2014-09-16,1535,8377370770.0
2014-09-17,1535,8451616302.0
2014-09-18,1535,8389745026.0
2014-09-19,1535,8451616302.0
2014-09-22,1535,8389745026.0
2014-09-23,1535,8389745026.0
2014-09-24,1535,8389745026.0
2014-09-25,1535,8352622260.0
2014-09-26,1535,8352622260.0
2014-09-29,1535,8303125239.0
2014-09-30,1535,8414493536.0
2014-10-01,1535,8352622260.0
2014-10-02,1535,8389745026.0
2014-10-03,1535,8402119281.0
2014-10-06,1535,8352622260.0
2014-10-07,1535,8303125239.0
2014-10-08,1535,8253628218.0
2014-10-09,1535,8253628218.0
2014-10-13,1535,8043265880.0
2014-10-14,1535,7857652052.0
2014-10-15,1535,7696786734.0
2014-10-16,1535,7523547162.0
2014-10-17,1535,7313184823.0
2014-10-20,1535,7325559078.0
2014-10-21,1535,7276062058.0
2014-10-22,1535,7350307589.0
2014-10-23,1535,7362681844.0
2014-10-24,1535,7288436313.0
2014-10-27,1535,7201816526.0
2014-10-28,1535,7337933334.0
2014-10-29,1535,7362681844.0
2014-10-30,1535,7387430354.0
2014-10-31,1535,7523547162.0
2014-11-03,1535,7535921417.0
2014-11-04,1535,7436927375.0
2014-11-05,1535,7474050141.0
2014-11-06,1535,7474050141.0
2014-11-07,1535,7573044182.0
2014-11-10,1535,7672038224.0
2014-11-11,1535,7758658010.0
2014-11-12,1535,7845277797.0
2014-11-13,1535,7993768859.0
2014-11-14,1535,8018517370.0
2014-11-17,1535,8080388646.0
2014-11-18,1535,7870026307.0
2014-11-19,1535,7919523328.0
2014-11-20,1535,8105137156.0
2014-11-21,1535,8043265880.0
2014-11-24,1535,8043265880.0
2014-11-25,1535,8080388646.0
2014-11-26,1535,8129885666.0
2014-11-27,1535,8105137156.0
2014-11-28,1535,8204131198.0
2014-12-01,1535,8278376729.0
2014-12-02,1535,8315499494.0
2014-12-03,1535,8414493536.0
2014-12-04,1535,8513487578.0
2014-12-05,1535,8426867791.0
2014-12-08,1535,8513487578.0
2014-12-09,1535,8501113322.0
2014-12-10,1535,8476364812.0
2014-12-11,1535,8414493536.0
2014-12-12,1535,8439242046.0
2014-12-15,1535,8327873750.0
2014-12-16,1535,8389745026.0
2014-12-17,1535,8290750984.0
2014-12-18,1535,8216505453.0
2014-12-19,1535,8228879708.0
2014-12-22,1535,8253628218.0
2014-12-23,1535,8266002474.0
2014-12-24,1535,8327873750.0
2014-12-25,1535,8352622260.0
2014-12-26,1535,8377370770.0
2014-12-29,1535,8463990557.0
2014-12-30,1535,8476364812.0
2014-12-31,1535,8439242046.0
2015-01-05,1535,8414493536.0
2015-01-06,1535,8352622260.0
2015-01-07,1535,8327873750.0
2015-01-08,1535,8364996515.0
2015-01-09,1535,8414493536.0
2015-01-12,1535,8550610343.0
2015-01-13,1535,8538236088.0
2015-01-14,1535,8538236088.0
2015-01-15,1535,8488739067.0
2015-01-16,1535,8439242046.0
2015-01-19,1535,8426867791.0
2015-01-20,1535,8525861833.0
2015-01-21,1535,8513487578.0
2015-01-22,1535,8513487578.0
2015-01-23,1535,8476364812.0
2015-01-26,1535,8402119281.0
2015-01-27,1535,8364996515.0
2015-01-28,1535,8352622260.0
2015-01-29,1535,8315499494.0
2015-01-30,1535,8364996515.0
2015-02-02,1535,8463990557.0
2015-02-03,1535,8414493536.0
2015-02-04,1535,8402119281.0
2015-02-05,1535,8389745026.0
2015-02-06,1535,8364996515.0
2015-02-09,1535,8352622260.0
2015-02-10,1535,8228879708.0
2015-02-11,1535,8241253963.0
2015-02-12,1535,8142259922.0
2015-02-13,1535,8105137156.0
2015-02-24,1535,8129885666.0
2015-02-25,1535,8117511411.0
2015-02-26,1535,8117511411.0
2015-03-02,1535,8241253963.0
2015-03-03,1535,8266002474.0
2015-03-04,1535,8364996515.0
2015-03-05,1535,8451616302.0
2015-03-06,1535,8414493536.0
2015-03-09,1535,8600107364.0
2015-03-10,1535,8575358854.0
2015-03-11,1535,8538236088.0
2015-03-12,1535,8550610343.0
2015-03-13,1535,8600107364.0
2015-03-16,1535,8859966723.0
2015-03-17,1535,8835218213.0
2015-03-18,1535,8859966723.0
2015-03-19,1535,9045580551.0
2015-03-20,1535,9057954806.0
2015-03-23,1535,8921837999.0
2015-03-24,1535,8971335020.0
2015-03-25,1535,9367311186.0
2015-03-26,1535,9466305228.0
2015-03-27,1535,9404433952.0
2015-03-30,1535,9590047780.0
2015-03-31,1535,9503427994.0
2015-04-01,1535,9441556718.0
2015-04-02,1535,9590047780.0
2015-04-07,1535,9651919056.0
2015-04-08,1535,9540550759.0
2015-04-09,1535,9466305228.0
2015-04-10,1535,9453930973.0
2015-04-13,1535,9590047780.0
2015-04-14,1535,9528176504.0
2015-04-15,1535,9354936931.0
2015-04-16,1535,9416808207.0
2015-04-17,1535,9453930973.0
2015-04-20,1535,9404433952.0
2015-04-21,1535,9330188421.0
2015-04-22,1535,9379685442.0
2015-04-23,1535,9404433952.0
2015-04-24,1535,9441556718.0
2015-04-27,1535,9404433952.0
2015-04-28,1535,9404433952.0
2015-04-29,1535,9478679483.0
2015-04-30,1535,9503427994.0
2015-05-04,1535,9404433952.0
2015-05-05,1535,9342562676.0
2015-05-06,1535,9317814166.0
2015-05-07,1535,9255942890.0
2015-05-08,1535,9082703317.0
2015-05-11,1535,9082703317.0
2015-05-12,1535,9156948848.0
2015-05-13,1535,9119826082.0
2015-05-14,1535,9082703317.0
2015-05-15,1535,9082703317.0
2015-05-18,1535,9082703317.0
2015-05-19,1535,9057954806.0
2015-05-20,1535,9070329062.0
2015-05-21,1535,9033206296.0
2015-05-22,1535,8983709275.0
2015-05-25,1535,8996083530.0
2015-05-26,1535,8971335020.0
2015-05-27,1535,8958960765.0
2015-05-28,1535,8934212254.0
2015-05-29,1535,8946586510.0
2015-06-01,1535,8958960765.0
2015-06-02,1535,8983709275.0
2015-06-03,1535,8934212254.0
2015-06-04,1535,8736224171.0
2015-06-05,1535,8686727150.0
2015-06-08,1535,8760972682.0
2015-06-09,1535,8872340978.0
2015-06-10,1535,8835218213.0
2015-06-11,1535,9008457786.0
2015-06-12,1535,9008457786.0
2015-06-15,1535,8958960765.0
2015-06-16,1535,8909463744.0
2015-06-17,1535,8971335020.0
2015-06-18,1535,8897089489.0
2015-06-22,1535,8909463744.0
2015-06-23,1535,9033206296.0
2015-06-24,1535,8983709275.0
2015-06-25,1535,8983709275.0
2015-06-26,1535,8934212254.0
2015-06-29,1535,8859966723.0
2015-06-30,1535,9020832041.0
2015-07-01,1535,8996083530.0
2015-07-02,1535,8934212254.0
2015-07-03,1535,9008457786.0
2015-07-06,1535,9119826082.0
2015-07-07,1535,9070329062.0
2015-07-08,1535,8971335020.0
2015-07-09,1535,8884715234.0
2015-07-13,1535,8909463744.0
2015-07-14,1535,8897089489.0
2015-07-15,1535,8884715234.0
2015-07-16,1535,8884715234.0
2015-07-17,1535,8847592468.0
2015-07-20,1535,8773346937.0
2015-07-21,1535,8624855874.0
2015-07-22,1535,8068014390.0
2015-07-23,1535,8068014390.0
2015-07-24,1535,8030891625.0
2015-07-27,1535,7857652052.0
2015-07-28,1535,7771032266.0
2015-07-29,1535,7721535245.0
2015-07-30,1535,7733909500.0
2015-07-31,1535,7647289714.0
2015-08-03,1535,7548295672.0
2015-08-04,1535,7610166948.0
2015-08-05,1535,7672038224.0
2015-08-06,1535,7758658010.0
2015-08-07,1535,7733909500.0
2015-08-10,1535,7585418438.0
2015-08-11,1535,7709160990.0
2015-08-12,1535,7647289714.0
2015-08-13,1535,7684412479.0
2015-08-14,1535,7696786734.0
2015-08-17,1535,7573044182.0
2015-08-18,1535,7523547162.0
2015-08-19,1535,7238939292.0
2015-08-20,1535,7300810568.0
2015-08-21,1535,7152319506.0
2015-08-24,1535,6607852277.0
2015-08-25,1535,6805840360.0
2015-08-26,1535,6867711636.0
2015-08-27,1535,6979079933.0
2015-08-28,1535,7177068016.0
2015-08-31,1535,7177068016.0
2015-09-01,1535,7201816526.0
2015-09-02,1535,7177068016.0
2015-09-03,1535,7177068016.0
2015-09-04,1535,7177068016.0
2015-09-07,1535,7238939292.0
2015-09-08,1535,7300810568.0
2015-09-09,1535,7313184823.0
2015-09-10,1535,7375056099.0
2015-09-11,1535,7412178865.0
2015-09-14,1535,7375056099.0
2015-09-15,1535,7263687802.0
2015-09-16,1535,7276062058.0
2015-09-17,1535,7313184823.0
2015-09-18,1535,7313184823.0
2015-09-21,1535,7251313547.0
2015-09-22,1535,7325559078.0
2015-09-23,1535,7238939292.0
2015-09-24,1535,7238939292.0
2015-09-25,1535,7238939292.0
2015-09-30,1535,7189442271.0
2015-10-01,1535,7226565037.0
2015-10-02,1535,7276062058.0
2015-10-05,1535,7313184823.0
2015-10-06,1535,7387430354.0
2015-10-07,1535,7362681844.0
2015-10-08,1535,7399804610.0
2015-10-12,1535,7362681844.0
2015-10-13,1535,7337933334.0
2015-10-14,1535,7300810568.0
2015-10-15,1535,7313184823.0
2015-10-16,1535,7820529286.0
2015-10-19,1535,7696786734.0
2015-10-20,1535,7709160990.0
2015-10-21,1535,7659663969.0
2015-10-22,1535,7535921417.0
2015-10-23,1535,7647289714.0
2015-10-26,1535,7672038224.0
2015-10-27,1535,7622541203.0
2015-10-28,1535,7634915458.0
2015-10-29,1535,7573044182.0
2015-10-30,1535,7535921417.0
2015-11-02,1535,7548295672.0
2015-11-03,1535,7573044182.0
2015-11-04,1535,7672038224.0
2015-11-05,1535,7795780776.0
2015-11-06,1535,7696786734.0
2015-11-09,1535,7511172906.0
2015-11-10,1535,7523547162.0
2015-11-11,1535,7449301630.0
2015-11-12,1535,7461675886.0
2015-11-13,1535,7375056099.0
2015-11-16,1535,7350307589.0
2015-11-17,1535,7412178865.0
2015-11-18,1535,7412178865.0
2015-11-19,1535,7461675886.0
2015-11-20,1535,7449301630.0
2015-11-23,1535,7362681844.0
2015-11-24,1535,7313184823.0
2015-11-25,1535,7313184823.0
2015-11-26,1535,7350307589.0
2015-11-27,1535,7313184823.0
2015-11-30,1535,7238939292.0
2015-12-01,1535,7288436313.0
2015-12-02,1535,7276062058.0
2015-12-03,1535,7226565037.0
2015-12-04,1535,7164693761.0
2015-12-07,1535,7251313547.0
2015-12-08,1535,7189442271.0
2015-12-09,1535,7139945250.0
2015-12-10,1535,7152319506.0
2015-12-11,1535,7152319506.0
2015-12-14,1535,7115196740.0
2015-12-15,1535,7102822485.0
2015-12-16,1535,7115196740.0
2015-12-17,1535,7177068016.0
2015-12-18,1535,7189442271.0
2015-12-21,1535,7139945250.0
2015-12-22,1535,7251313547.0
2015-12-23,1535,7177068016.0
2015-12-24,1535,7288436313.0
2015-12-25,1535,7288436313.0
2015-12-28,1535,7226565037.0
2015-12-29,1535,7276062058.0
2015-12-30,1535,7276062058.0
2015-12-31,1535,7350307589.0
2016-01-04,1535,7251313547.0
2016-01-05,1535,7226565037.0
2016-01-06,1535,7226565037.0
2016-01-07,1535,7152319506.0
2016-01-08,1535,7164693761.0
2016-01-11,1535,7003828443.0
2016-01-12,1535,6941957167.0
2016-01-13,1535,6929582912.0
2016-01-14,1535,6842963126.0
2016-01-15,1535,6781091850.0
2016-01-18,1535,6867711636.0
2016-01-19,1535,6941957167.0
2016-01-20,1535,6768717594.0
2016-01-21,1535,6632600787.0
2016-01-22,1535,6521232490.0
2016-01-25,1535,6607852277.0
2016-01-26,1535,6595478022.0
2016-01-27,1535,6496483980.0
2016-01-28,1535,6521232490.0
2016-01-29,1535,6682097808.0
2016-02-01,1535,6855337381.0
2016-02-02,1535,6842963126.0
2016-02-15,1535,7040951209.0
2016-02-16,1535,7115196740.0
2016-02-17,1535,7127570995.0
2016-02-18,1535,7090448230.0
2016-02-19,1535,7152319506.0
2016-02-22,1535,7263687802.0
2016-02-23,1535,7313184823.0
2016-02-24,1535,7238939292.0
2016-02-25,1535,7251313547.0
2016-02-26,1535,7276062058.0
2016-03-01,1535,7585418438.0
2016-03-02,1535,7573044182.0
2016-03-03,1535,7511172906.0
2016-03-04,1535,7523547162.0
2016-03-07,1535,7486424396.0
2016-03-08,1535,7449301630.0
2016-03-09,1535,7535921417.0
2016-03-10,1535,7474050141.0
2016-03-11,1535,7523547162.0
2016-03-14,1535,7486424396.0
2016-03-15,1535,7375056099.0
2016-03-16,1535,7337933334.0
2016-03-17,1535,7276062058.0
2016-03-18,1535,7238939292.0
2016-03-21,1535,7276062058.0
2016-03-22,1535,7251313547.0
2016-03-23,1535,7226565037.0
2016-03-24,1535,7214190782.0
2016-03-25,1535,7189442271.0
2016-03-28,1535,7127570995.0
2016-03-29,1535,7115196740.0
2016-03-30,1535,7177068016.0
2016-03-31,1535,7177068016.0
2016-04-01,1535,7139945250.0
2016-04-06,1535,7065699719.0
2016-04-07,1535,6929582912.0
2016-04-08,1535,6954331422.0
2016-04-11,1535,6892460146.0
2016-04-12,1535,6805840360.0
2016-04-13,1535,6793466105.0
2016-04-14,1535,6805840360.0
2016-04-15,1535,6805840360.0
2016-04-18,1535,6793466105.0
2016-04-19,1535,6793466105.0
2016-04-20,1535,6793466105.0
2016-04-21,1535,6842963126.0
2016-04-22,1535,6793466105.0
2016-04-25,1535,6743969084.0
2016-04-26,1535,6743969084.0
2016-04-27,1535,6731594829.0
2016-04-28,1535,6706846318.0
2016-04-29,1535,6682097808.0
2016-05-03,1535,6657349298.0
2016-05-04,1535,6669723553.0
2016-05-05,1535,6768717594.0
2016-05-06,1535,6694472063.0
2016-05-09,1535,6694472063.0
2016-05-10,1535,6743969084.0
2016-05-11,1535,6545981001.0
2016-05-12,1535,6496483980.0
2016-05-13,1535,6434612704.0
2016-05-16,1535,6310870152.0
2016-05-17,1535,6347992918.0
2016-05-18,1535,6323244407.0
2016-05-19,1535,6298495897.0
2016-05-20,1535,6286121642.0
2016-05-23,1535,6298495897.0
2016-05-24,1535,6372741428.0
2016-05-25,1535,6496483980.0
2016-05-26,1535,6496483980.0
2016-05-27,1535,6496483980.0
2016-05-30,1535,6484109725.0
2016-05-31,1535,6323244407.0
2016-06-01,1535,6422238449.0
2016-06-02,1535,6372741428.0
2016-06-03,1535,6385115683.0
2016-06-06,1535,6484109725.0
2016-06-07,1535,6471735470.0
2016-06-08,1535,6521232490.0
2016-06-13,1535,6298495897.0
2016-06-14,1535,6397489938.0
2016-06-15,1535,6434612704.0
2016-06-16,1535,6422238449.0
2016-06-17,1535,6397489938.0
2016-06-20,1535,6397489938.0
2016-06-21,1535,6434612704.0
2016-06-22,1535,6385115683.0
2016-06-23,1535,6434612704.0
2016-06-24,1535,6347992918.0
2016-06-27,1535,6372741428.0
2016-06-28,1535,6459361214.0
2016-06-29,1535,6471735470.0
2016-06-30,1535,6446986959.0
2016-07-01,1535,6484109725.0
2016-07-04,1535,6446986959.0
2016-07-05,1535,6484109725.0
2016-07-06,1535,6446986959.0
2016-07-07,1535,6446986959.0
2016-07-11,1535,6459361214.0
2016-07-12,1535,6397489938.0
2016-07-13,1535,6360367173.0
2016-07-14,1535,6100507814.0
2016-07-15,1535,6187127600.0
2016-07-18,1535,6224250366.0
2016-07-19,1535,6187127600.0
2016-07-20,1535,6131443452.0
2016-07-21,1535,6199501855.0
2016-07-22,1535,6137630579.0
2016-07-25,1535,6100507814.0
2016-07-26,1535,6063385048.0
2016-07-27,1535,6032449410.0
2016-07-28,1535,6001513772.0
2016-07-29,1535,5982952389.0
2016-08-01,1535,5982952389.0
2016-08-02,1535,5958203879.0
2016-08-03,1535,5945829624.0
2016-08-04,1535,5939642496.0
2016-08-05,1535,5945829624.0
2016-08-08,1535,5883958348.0
2016-08-09,1535,5877771220.0
2016-08-10,1535,5791151434.0
2016-08-11,1535,5692157392.0
2016-08-12,1535,5611724733.0
2016-08-15,1535,5494169309.0
2016-08-16,1535,5679783137.0
2016-08-17,1535,5655034626.0
2016-08-18,1535,5537479202.0
2016-08-19,1535,5506543564.0
2016-08-22,1535,5457046543.0
2016-08-23,1535,5506543564.0
2016-08-24,1535,5500356436.0
2016-08-25,1535,5593163350.0
2016-08-26,1535,5642660371.0
2016-08-29,1535,5568414840.0
2016-08-30,1535,5543666330.0
2016-08-31,1535,5562227712.0
2016-09-01,1535,5537479202.0
2016-09-02,1535,5593163350.0
2016-09-05,1535,5574601968.0
2016-09-06,1535,5673596009.0
2016-09-07,1535,5692157392.0
2016-09-08,1535,5692157392.0
2016-09-09,1535,5673596009.0
2016-09-12,1535,5605537606.0
2016-09-13,1535,5562227712.0
2016-09-14,1535,5518917819.0
2016-09-19,1535,5568414840.0
2016-09-20,1535,5679783137.0
2016-09-21,1535,5778777178.0
2016-09-22,1535,5741654413.0
2016-09-23,1535,5741654413.0
2016-09-26,1535,5741654413.0
2016-09-29,1535,5667408882.0
2016-09-30,1535,5599350478.0
2016-10-03,1535,5667408882.0
2016-10-04,1535,5655034626.0
2016-10-05,1535,5624098988.0
2016-10-06,1535,5630286116.0
2016-10-07,1535,5630286116.0
2016-10-11,1535,5580789095.0
2016-10-12,1535,5556040585.0
2016-10-13,1535,5568414840.0
2016-10-14,1535,5562227712.0
2016-10-17,1535,5506543564.0
2016-10-18,1535,5506543564.0
2016-10-19,1535,5568414840.0
2016-10-20,1535,5518917819.0
2016-10-21,1535,5543666330.0
2016-10-24,1535,5543666330.0
2016-10-25,1535,5562227712.0
2016-10-26,1535,5556040585.0
2016-10-27,1535,5556040585.0
2016-10-28,1535,5568414840.0
2016-10-31,1535,5568414840.0
2016-11-01,1535,5543666330.0
2016-11-02,1535,5475607926.0
2016-11-03,1535,5475607926.0
2016-11-04,1535,5481795054.0
2016-11-07,1535,5469420798.0
2016-11-08,1535,5506543564.0
2016-11-09,1535,5457046543.0
2016-11-10,1535,5419923778.0
2016-11-11,1535,5358052502.0
2016-11-14,1535,5296181226.0
2016-11-15,1535,5265245588.0
2016-11-16,1535,5259058460.0
2016-11-17,1535,5271432715.0
2016-11-18,1535,5302368353.0
2016-11-21,1535,5271432715.0
2016-11-22,1535,5271432715.0
2016-11-23,1535,5271432715.0
2016-11-24,1535,5234309950.0
2016-11-25,1535,5197187184.0
2016-11-28,1535,5184812929.0
2016-11-29,1535,5122941653.0
2016-11-30,1535,5061070377.0
2016-12-01,1535,5259058460.0
2016-12-02,1535,5265245588.0
2016-12-05,1535,5259058460.0
2016-12-06,1535,5370426757.0
2016-12-07,1535,5388988140.0
2016-12-08,1535,5382801012.0
2016-12-09,1535,5667408882.0
2016-12-12,1535,5679783137.0
2016-12-13,1535,5692157392.0
2016-12-14,1535,5655034626.0
2016-12-15,1535,5679783137.0
2016-12-16,1535,5679783137.0
2016-12-19,1535,5667408882.0
2016-12-20,1535,5673596009.0
2016-12-21,1535,5667408882.0
2016-12-22,1535,5648847499.0
2016-12-23,1535,5586976223.0
2016-12-26,1535,5580789095.0
2016-12-27,1535,5580789095.0
2016-12-28,1535,5568414840.0
2016-12-29,1535,5599350478.0
2016-12-30,1535,5679783137.0
2017-01-03,1535,5840648454.0
2017-01-04,1535,5834461327.0
2017-01-05,1535,6075759303.0
2017-01-06,1535,6075759303.0
2017-01-09,1535,6001513772.0
2017-01-10,1535,5995326644.0
2017-01-11,1535,5952016751.0
2017-01-12,1535,5958203879.0
2017-01-13,1535,5933455368.0
2017-01-16,1535,5933455368.0
2017-01-17,1535,5964391006.0
2017-01-18,1535,6038636538.0
2017-01-19,1535,6026262282.0
2017-01-20,1535,6026262282.0
2017-01-23,1535,6044823665.0
2017-01-24,1535,6044823665.0
2017-02-02,1535,6032449410.0
2017-02-03,1535,5970578134.0
2017-02-06,1535,5871584092.0
2017-02-07,1535,5902519730.0
2017-02-08,1535,5976765262.0
2017-02-09,1535,6038636538.0
2017-02-10,1535,6001513772.0
2017-02-13,1535,5982952389.0
2017-02-14,1535,5964391006.0
2017-02-15,1535,5989139517.0
2017-02-16,1535,5982952389.0
2017-02-17,1535,6026262282.0
2017-02-20,1535,5989139517.0
2017-02-21,1535,5989139517.0
2017-02-22,1535,6051010793.0
2017-02-23,1535,6051010793.0
2017-02-24,1535,5989139517.0
2017-03-01,1535,6026262282.0
2017-03-02,1535,6063385048.0
2017-03-03,1535,6038636538.0
2017-03-06,1535,6057197920.0
2017-03-07,1535,6063385048.0
2017-03-08,1535,6063385048.0
2017-03-09,1535,6007700900.0
2017-03-10,1535,5883958348.0
2017-03-13,1535,5766402923.0
2017-03-14,1535,5760215796.0
2017-03-15,1535,5716905902.0
2017-03-16,1535,5772590051.0
2017-03-17,1535,5865396965.0
2017-03-20,1535,5803525689.0
2017-03-21,1535,5865396965.0
2017-03-22,1535,5791151434.0
2017-03-23,1535,5741654413.0
2017-03-24,1535,5747841540.0
2017-03-27,1535,5679783137.0
2017-03-28,1535,5692157392.0
2017-03-29,1535,5673596009.0
2017-03-30,1535,5729280158.0
2017-03-31,1535,5754028668.0
2017-04-05,1535,5704531647.0
2017-04-06,1535,5692157392.0
2017-04-07,1535,5648847499.0
2017-04-10,1535,5574601968.0
2017-04-11,1535,5506543564.0
2017-04-12,1535,5512730692.0
2017-04-13,1535,5518917819.0
2017-04-14,1535,5506543564.0
2017-04-17,1535,5432298033.0
2017-04-18,1535,5444672288.0
2017-04-19,1535,5407549522.0
2017-04-20,1535,5382801012.0
2017-04-21,1535,5358052502.0
2017-04-24,1535,5345678246.0
2017-04-25,1535,5327116864.0
2017-04-26,1535,5333303991.0
2017-04-27,1535,5351865374.0
2017-04-28,1535,5345678246.0
2017-05-02,1535,5333303991.0
2017-05-03,1535,5382801012.0
2017-05-04,1535,5370426757.0
2017-05-05,1535,5376613884.0
2017-05-08,1535,5419923778.0
2017-05-09,1535,5518917819.0
2017-05-10,1535,5487982181.0
2017-05-11,1535,5463233671.0
2017-05-12,1535,5426110905.0
2017-05-15,1535,5419923778.0
2017-05-16,1535,5382801012.0
2017-05-17,1535,5382801012.0
2017-05-18,1535,5382801012.0
2017-05-19,1535,5395175267.0
2017-05-22,1535,5419923778.0
2017-05-23,1535,5469420798.0
2017-05-24,1535,5481795054.0
2017-05-25,1535,5457046543.0
2017-05-26,1535,5463233671.0
2017-06-01,1535,5401362395.0
2017-06-02,1535,5419923778.0
2017-06-05,1535,5395175267.0
2017-06-06,1535,5419923778.0
2017-06-07,1535,5481795054.0
2017-06-08,1535,5469420798.0
2017-06-09,1535,5457046543.0
2017-06-12,1535,5438485160.0
2017-06-13,1535,5432298033.0
2017-06-14,1535,5345678246.0
2017-06-15,1535,5382801012.0
2017-06-16,1535,5444672288.0
2017-06-19,1535,5382801012.0
2017-06-20,1535,5382801012.0
2017-06-21,1535,5438485160.0
2017-06-22,1535,5438485160.0
2017-06-23,1535,5401362395.0
2017-06-26,1535,5500356436.0
2017-06-27,1535,5506543564.0
2017-06-28,1535,5444672288.0
2017-06-29,1535,5444672288.0
2017-06-30,1535,5432298033.0
2017-07-03,1535,5426110905.0
2017-07-04,1535,5413736650.0
2017-07-05,1535,5444672288.0
2017-07-06,1535,5481795054.0
2017-07-07,1535,5450859416.0
2017-07-10,1535,5432298033.0
2017-07-11,1535,5413736650.0
2017-07-12,1535,5382801012.0
2017-07-13,1535,5221935694.0
2017-07-14,1535,5221935694.0
2017-07-17,1535,5221935694.0
2017-07-18,1535,5209561439.0
2017-07-19,1535,5209561439.0
2017-07-20,1535,5197187184.0
2017-07-21,1535,5172438674.0
2017-07-24,1535,5110567398.0
2017-07-25,1535,5110567398.0
2017-07-26,1535,5135315908.0
2017-07-27,1535,5098193142.0
2017-07-28,1535,5135315908.0
2017-07-31,1535,5135315908.0
2017-08-01,1535,5147690163.0
2017-08-02,1535,5147690163.0
2017-08-03,1535,5110567398.0
2017-08-04,1535,5092006015.0
2017-08-07,1535,5098193142.0
2017-08-08,1535,5098193142.0
2017-08-09,1535,5085818887.0
2017-08-10,1535,5048696122.0
2017-08-11,1535,4962076335.0
2017-08-14,1535,4937327825.0
2017-08-15,1535,4838333783.0
2017-08-16,1535,4875456549.0
2017-08-17,1535,4850708038.0
2017-08-18,1535,4924953570.0
2017-08-21,1535,4937327825.0
2017-08-22,1535,4949702080.0
2017-08-23,1535,4974450590.0
2017-08-24,1535,5023947611.0
2017-08-25,1535,5036321866.0
2017-08-28,1535,4974450590.0
2017-08-29,1535,4924953570.0
2017-08-30,1535,4924953570.0
2017-08-31,1535,4912579314.0
2017-09-01,1535,4887830804.0
2017-09-04,1535,4863082294.0
2017-09-05,1535,4937327825.0
2017-09-06,1535,4924953570.0
2017-09-07,1535,4931140697.0
2017-09-08,1535,4937327825.0
2017-09-11,1535,4949702080.0
2017-09-12,1535,4986824846.0
2017-09-13,1535,4931140697.0
2017-09-14,1535,4949702080.0
2017-09-15,1535,4962076335.0
2017-09-18,1535,4949702080.0
2017-09-19,1535,4962076335.0
2017-09-20,1535,4937327825.0
2017-09-21,1535,4999199101.0
2017-09-22,1535,4962076335.0
2017-09-25,1535,4918766442.0
2017-09-26,1535,4875456549.0
2017-09-27,1535,4875456549.0
2017-09-28,1535,4900205059.0
2017-09-29,1535,4863082294.0
2017-10-02,1535,4869269421.0
2017-10-03,1535,4887830804.0
2017-10-05,1535,4875456549.0
2017-10-06,1535,4918766442.0
2017-10-11,1535,4949702080.0
2017-10-12,1535,4999199101.0
2017-10-13,1535,4986824846.0
2017-10-16,1535,4949702080.0
2017-10-17,1535,4912579314.0
2017-10-18,1535,4949702080.0
2017-10-19,1535,4962076335.0
2017-10-20,1535,0.0
2017-10-23,1535,4986824846.0
2017-10-24,1535,4986824846.0
2017-10-25,1535,5011573356.0
2017-10-26,1535,5141503036.0
2017-10-27,1535,5098193142.0
2017-10-30,1535,5073444632.0
2017-10-31,1535,5048696122.0
2017-11-01,1535,5042508994.0
2017-11-02,1535,5011573356.0
2017-11-03,1535,5030134739.0
2017-11-06,1535,5061070377.0
2017-11-07,1535,5061070377.0
2017-11-08,1535,5073444632.0
2017-11-09,1535,5085818887.0
2017-11-10,1535,5240497077.0
2017-11-13,1535,5296181226.0
2017-11-14,1535,5203374312.0
2017-11-15,1535,5234309950.0
2017-11-16,1535,5271432715.0
2017-11-17,1535,5259058460.0
2017-11-20,1535,5345678246.0
2017-11-21,1535,5333303991.0
2017-11-22,1535,5209561439.0
2017-11-23,1535,5296181226.0
2017-11-24,1535,5215748567.0
2017-11-27,1535,5221935694.0
2017-11-28,1535,5178625801.0
2017-11-29,1535,5184812929.0
2017-11-30,1535,5160064418.0
2017-12-01,1535,5147690163.0
2017-12-04,1535,5147690163.0
2017-12-05,1535,5104380270.0
2017-12-06,1535,5079631760.0
2017-12-07,1535,5085818887.0
2017-12-08,1535,5079631760.0
2017-12-11,1535,5110567398.0
2017-12-12,1535,5110567398.0
2017-12-13,1535,5122941653.0
2017-12-14,1535,5160064418.0
2017-12-15,1535,5116754525.0
2017-12-18,1535,5110567398.0
2017-12-19,1535,5147690163.0
2017-12-20,1535,5160064418.0
2017-12-21,1535,5209561439.0
2017-12-22,1535,5172438674.0
2017-12-25,1535,5197187184.0
2017-12-26,1535,5246684205.0
2017-12-27,1535,5234309950.0
2017-12-28,1535,5265245588.0
2017-12-29,1535,5283806970.0
2018-01-02,1535,5296181226.0
2018-01-03,1535,5246684205.0
2018-01-04,1535,5184812929.0
2018-01-05,1535,5172438674.0
2018-01-08,1535,5376613884.0
2018-01-09,1535,5308555481.0
2018-01-10,1535,5358052502.0
2018-01-11,1535,5890145475.0
2018-01-12,1535,6372741428.0
2018-01-15,1535,6174753345.0
2018-01-16,1535,6100507814.0
2018-01-17,1535,6187127600.0
2018-01-18,1535,6063385048.0
2018-01-19,1535,5952016751.0
2018-01-22,1535,6013888027.0
2018-01-23,1535,5989139517.0
2018-01-24,1535,5976765262.0
2018-01-25,1535,5921081113.0
2018-01-26,1535,5865396965.0
2018-01-29,1535,5840648454.0
2018-01-30,1535,5815899944.0
2018-01-31,1535,5865396965.0
2018-02-01,1535,5908706858.0
2018-02-02,1535,5877771220.0
2018-02-05,1535,5747841540.0
2018-02-06,1535,5413736650.0
2018-02-07,1535,5444672288.0
2018-02-08,1535,5457046543.0
2018-02-09,1535,5289994098.0
2018-02-12,1535,5308555481.0
2018-02-21,1535,5469420798.0
2018-02-22,1535,5432298033.0
2018-02-23,1535,5506543564.0
2018-02-26,1535,5512730692.0
2018-02-27,1535,5568414840.0
2018-03-01,1535,5593163350.0
2018-03-02,1535,5562227712.0
2018-03-05,1535,5525104947.0
2018-03-06,1535,5494169309.0
2018-03-07,1535,5543666330.0
2018-03-08,1535,5716905902.0
2018-03-09,1535,5846835582.0
2018-03-12,1535,5791151434.0
2018-03-13,1535,5809712816.0
2018-03-14,1535,5791151434.0
2018-03-15,1535,5927268241.0
2018-03-16,1535,5877771220.0
2018-03-19,1535,5846835582.0
2018-03-20,1535,5828274199.0
2018-03-21,1535,5877771220.0
2018-03-22,1535,5630286116.0
2018-03-23,1535,5457046543.0
2018-03-26,1535,5351865374.0
2018-03-27,1535,5407549522.0
2018-03-28,1535,5351865374.0
2018-03-29,1535,5469420798.0
2018-03-30,1535,5599350478.0
2018-04-02,1535,5741654413.0
2018-04-03,1535,5741654413.0
2018-04-09,1535,5741654413.0
2018-04-10,1535,5741654413.0
2018-04-11,1535,5741654413.0
2018-04-12,1535,5617911861.0
2018-04-13,1535,5599350478.0
2018-04-16,1535,5512730692.0
2018-04-17,1535,5568414840.0
2018-04-18,1535,5525104947.0
2018-04-19,1535,5518917819.0
2018-04-20,1535,5487982181.0
2018-04-23,1535,5525104947.0
2018-04-24,1535,5444672288.0
2018-04-25,1535,5469420798.0
2018-04-26,1535,5432298033.0
2018-04-27,1535,5444672288.0
2018-04-30,1535,5457046543.0
2018-05-02,1535,5438485160.0
2018-05-03,1535,5438485160.0
2018-05-04,1535,5370426757.0
2018-05-07,1535,5444672288.0
2018-05-08,1535,5469420798.0
2018-05-09,1535,5438485160.0
2018-05-10,1535,5370426757.0
2018-05-11,1535,5271432715.0
2018-05-14,1535,5184812929.0
2018-05-15,1535,5240497077.0
2018-05-16,1535,5209561439.0
2018-05-17,1535,5172438674.0
2018-05-18,1535,5160064418.0
2018-05-21,1535,5203374312.0
2018-05-22,1535,5191000056.0
2018-05-23,1535,5259058460.0
2018-05-24,1535,5345678246.0
2018-05-25,1535,5376613884.0
2018-05-28,1535,5382801012.0
2018-05-29,1535,5308555481.0
2018-05-30,1535,5259058460.0
2018-05-31,1535,5259058460.0
2018-06-01,1535,5209561439.0
2018-06-04,1535,5221935694.0
2018-06-05,1535,5209561439.0
2018-06-06,1535,5277619843.0
2018-06-07,1535,5240497077.0
2018-06-08,1535,5246684205.0
2018-06-11,1535,5240497077.0
2018-06-12,1535,5259058460.0
2018-06-13,1535,5197187184.0
2018-06-14,1535,5209561439.0
2018-06-15,1535,5184812929.0
2018-06-19,1535,5221935694.0
2018-06-20,1535,5184812929.0
2018-06-21,1535,5153877291.0
2018-06-22,1535,5098193142.0
2018-06-25,1535,5085818887.0
2018-06-26,1535,5166251546.0
2018-06-27,1535,4943514952.0
2018-06-28,1535,4751713997.0
2018-06-29,1535,4813585273.0
2018-07-02,1535,4838333783.0
2018-07-03,1535,4825959528.0
2018-07-04,1535,4918766442.0
2018-07-05,1535,4881643676.0
2018-07-06,1535,4733152614.0
2018-07-09,1535,4770275380.0
2018-07-10,1535,4801211018.0
2018-07-11,1535,4900205059.0
2018-07-12,1535,4801211018.0
2018-07-13,1535,4813585273.0
2018-07-16,1535,4813585273.0
2018-07-17,1535,4875456549.0
2018-07-18,1535,4838333783.0
2018-07-19,1535,4764088252.0
2018-07-20,1535,4751713997.0
2018-07-23,1535,4578474424.0
2018-07-24,1535,4504228893.0
2018-07-25,1535,4553725914.0
2018-07-26,1535,4454731872.0
2018-07-27,1535,4516603148.0
2018-07-30,1535,4528977403.0
2018-07-31,1535,4566100169.0
2018-08-01,1535,4640345700.0
2018-08-02,1535,4603222934.0
2018-08-03,1535,4634158572.0
2018-08-06,1535,4646532828.0
2018-08-07,1535,4528977403.0
2018-08-08,1535,4578474424.0
2018-08-09,1535,4627971445.0
2018-08-10,1535,4590848679.0
2018-08-13,1535,4516603148.0
2018-08-14,1535,4553725914.0
2018-08-15,1535,4541351658.0
2018-08-16,1535,4541351658.0
2018-08-17,1535,4541351658.0
2018-08-20,1535,4541351658.0
2018-08-21,1535,4615597190.0
2018-08-22,1535,4566100169.0
2018-08-23,1535,4541351658.0
2018-08-24,1535,4547538786.0
2018-08-27,1535,4535164531.0
2018-08-28,1535,4578474424.0
2018-08-29,1535,4541351658.0
2018-08-30,1535,4541351658.0
2018-08-31,1535,4584661552.0
2018-09-03,1535,4559913041.0
2018-09-04,1535,4559913041.0
2018-09-05,1535,4578474424.0
2018-09-06,1535,4522790276.0
2018-09-07,1535,4473293255.0
2018-09-10,1535,4473293255.0
2018-09-11,1535,4491854638.0
2018-09-12,1535,4368112086.0
2018-09-13,1535,4423796234.0
2018-09-14,1535,4448544744.0
2018-09-17,1535,4467106127.0
2018-09-18,1535,4528977403.0
2018-09-19,1535,4522790276.0
2018-09-20,1535,4491854638.0
2018-09-21,1535,4454731872.0
2018-09-25,1535,4467106127.0
2018-09-26,1535,4479480382.0
2018-09-27,1535,4454731872.0
2018-09-28,1535,4448544744.0
2018-10-01,1535,4448544744.0
2018-10-02,1535,4442357617.0
2018-10-03,1535,4448544744.0
2018-10-04,1535,4399047724.0
2018-10-08,1535,4448544744.0
2018-10-09,1535,4460919000.0
2018-10-11,1535,4194872513.0
2018-10-12,1535,4108252726.0
2018-10-15,1535,4027820068.0
2018-10-16,1535,4083504216.0
2018-10-17,1535,4064942833.0
2018-10-18,1535,4071129961.0
2018-10-19,1535,3904077516.0
2018-10-22,1535,3836019112.0
2018-10-23,1535,3873141878.0
2018-10-24,1535,3836019112.0
2018-10-25,1535,3724650815.0
2018-10-26,1535,3693715177.0
2018-10-29,1535,3600908263.0
2018-10-30,1535,3551411242.0
2018-10-31,1535,3613282518.0
2018-11-01,1535,3619469646.0
2018-11-02,1535,3699902305.0
2018-11-05,1535,3693715177.0
2018-11-06,1535,3730837943.0
2018-11-07,1535,3712276560.0
2018-11-08,1535,3712276560.0
2018-11-09,1535,3687528050.0
2018-11-12,1535,3687528050.0
2018-11-13,1535,3761773581.0
2018-11-14,1535,3718463688.0
2018-11-15,1535,3712276560.0
2018-11-16,1535,3737025070.0
2018-11-19,1535,3724650815.0
2018-11-20,1535,3767960708.0
2018-11-21,1535,3767960708.0
2018-11-22,1535,3767960708.0
2018-11-23,1535,3761773581.0
2018-11-26,1535,3774147836.0
2018-11-27,1535,3774147836.0
2018-11-28,1535,0.0
2018-11-29,1535,3774147836.0
2018-11-30,1535,3730837943.0
2018-12-03,1535,3737025070.0
2018-12-04,1535,3730837943.0
2018-12-05,1535,3737025070.0
2018-12-06,1535,3662779539.0
2018-12-07,1535,3668966667.0
2018-12-10,1535,3805083474.0
2018-12-11,1535,3805083474.0
2018-12-12,1535,3811270602.0
2018-12-13,1535,3836019112.0
2018-12-14,1535,3774147836.0
2018-12-17,1535,3749399326.0
2018-12-18,1535,3761773581.0
2018-12-19,1535,3774147836.0
2018-12-20,1535,3712276560.0
2018-12-21,1535,3681340922.0
2018-12-24,1535,3743212198.0
2018-12-25,1535,3699902305.0
2018-12-26,1535,3650405284.0
2018-12-27,1535,3638031029.0
2018-12-28,1535,3675153794.0
2019-01-02,1535,3638031029.0
2019-01-03,1535,0.0
2019-01-04,1535,3662779539.0
2019-01-07,1535,3644218156.0
2019-01-08,1535,3737025070.0
2019-01-09,1535,3718463688.0
2019-01-10,1535,3687528050.0
2019-01-11,1535,3737025070.0
2019-01-14,1535,3706089432.0
2019-01-15,1535,3737025070.0
2019-01-16,1535,3774147836.0
2019-01-17,1535,3761773581.0
2019-01-18,1535,3774147836.0
2019-01-21,1535,3823644857.0
2019-01-22,1535,3935013154.0
2019-01-23,1535,3935013154.0
2019-01-24,1535,3953574536.0
2019-01-25,1535,3953574536.0
2019-01-28,1535,3935013154.0
2019-01-29,1535,4015445812.0
2019-01-30,1535,3959761664.0
2019-02-11,1535,3941200281.0
2019-02-12,1535,3935013154.0
2019-02-13,1535,3959761664.0
2019-02-14,1535,3953574536.0
2019-02-15,1535,3959761664.0
2019-02-18,1535,3959761664.0
2019-02-19,1535,3996884430.0
2019-02-20,1535,4040194323.0
2019-02-21,1535,4046381450.0
2019-02-22,1535,3996884430.0
2019-02-25,1535,3996884430.0
2019-02-26,1535,4040194323.0
2019-02-27,1535,4034007195.0
2019-03-04,1535,4052568578.0
2019-03-05,1535,4052568578.0
2019-03-06,1535,4343363575.0
2019-03-07,1535,4231995278.0
2019-03-08,1535,4207246768.0
2019-03-11,1535,4188685385.0
2019-03-12,1535,4213433896.0
2019-03-13,1535,4176311130.0
2019-03-14,1535,4133001237.0
2019-03-15,1535,4083504216.0
2019-03-18,1535,4034007195.0
2019-03-19,1535,4009258685.0
2019-03-20,1535,4114439854.0
2019-03-21,1535,4095878471.0
2019-03-22,1535,4133001237.0
2019-03-25,1535,4114439854.0
2019-03-26,1535,4182498258.0
2019-03-27,1535,4194872513.0
2019-03-28,1535,4188685385.0
2019-03-29,1535,4188685385.0
2019-04-01,1535,4182498258.0
2019-04-02,1535,4176311130.0
2019-04-03,1535,4170124002.0
2019-04-08,1535,4145375492.0
2019-04-09,1535,4194872513.0
2019-04-10,1535,4163936875.0
2019-04-11,1535,4163936875.0
2019-04-12,1535,3897890388.0
2019-04-15,1535,3724650815.0
2019-04-16,1535,3668966667.0
2019-04-17,1535,3743212198.0
2019-04-18,1535,3687528050.0
2019-04-19,1535,3699902305.0
2019-04-22,1535,3724650815.0
2019-04-23,1535,3693715177.0
2019-04-24,1535,4058755706.0
2019-04-25,1535,4318615065.0
2019-04-26,1535,4244369534.0
2019-04-29,1535,4188685385.0
2019-04-30,1535,4256743789.0
2019-05-02,1535,4269118044.0
2019-05-03,1535,4225808151.0
2019-05-06,1535,4207246768.0
2019-05-07,1535,4194872513.0
2019-05-08,1535,4182498258.0
2019-05-09,1535,4120626982.0
2019-05-10,1535,4102065599.0
2019-05-13,1535,3984510174.0
2019-05-14,1535,3984510174.0
2019-05-15,1535,4027820068.0
2019-05-16,1535,3972135919.0
2019-05-17,1535,3959761664.0
2019-05-20,1535,3959761664.0
2019-05-21,1535,4040194323.0
2019-05-22,1535,3984510174.0
2019-05-23,1535,3959761664.0
2019-05-24,1535,4003071557.0
2019-05-27,1535,3990697302.0
2019-05-28,1535,3990697302.0
2019-05-29,1535,3953574536.0
2019-05-30,1535,3953574536.0
2019-05-31,1535,3984510174.0
2019-06-03,1535,4027820068.0
2019-06-04,1535,4058755706.0
2019-06-05,1535,4064942833.0
2019-06-06,1535,4021632940.0
2019-06-10,1535,3996884430.0
2019-06-11,1535,4021632940.0
2019-06-12,1535,4015445812.0
2019-06-13,1535,3978323047.0
2019-06-14,1535,3965948792.0
2019-06-17,1535,3972135919.0
2019-06-18,1535,3996884430.0
2019-06-19,1535,4021632940.0
2019-06-20,1535,4021632940.0
2019-06-21,1535,4003071557.0
2019-06-24,1535,4021632940.0
2019-06-25,1535,4009258685.0
2019-06-26,1535,4021632940.0
2019-06-27,1535,4034007195.0
2019-06-28,1535,4021632940.0
2019-07-01,1535,4040194323.0
2019-07-02,1535,4052568578.0
2019-07-03,1535,4083504216.0
2019-07-04,1535,4071129961.0
2019-07-05,1535,4071129961.0
2019-07-08,1535,4083504216.0
2019-07-09,1535,4188685385.0
2019-07-10,1535,4145375492.0
2019-07-11,1535,4188685385.0
2019-07-12,1535,4194872513.0
2019-07-15,1535,4170124002.0
2019-07-16,1535,4170124002.0
2019-07-17,1535,4139188364.0
2019-07-18,1535,4071129961.0
2019-07-19,1535,4071129961.0
2019-07-22,1535,4071129961.0
2019-07-23,1535,4077317088.0
2019-07-24,1535,4046381450.0
2019-07-25,1535,4021632940.0
2019-07-26,1535,4015445812.0
2019-07-29,1535,4021632940.0
2019-07-30,1535,4015445812.0
2019-07-31,1535,4052568578.0
2019-08-01,1535,4021632940.0
2019-08-02,1535,4015445812.0
2019-08-05,1535,3935013154.0
2019-08-06,1535,3922638898.0
2019-08-07,1535,3959761664.0
2019-08-08,1535,3959761664.0
2019-08-12,1535,4021632940.0
2019-08-13,1535,4046381450.0
2019-08-14,1535,4009258685.0
2019-08-15,1535,4003071557.0
2019-08-16,1535,3978323047.0
2019-08-19,1535,4003071557.0
2019-08-20,1535,4015445812.0
2019-08-21,1535,4009258685.0
2019-08-22,1535,4009258685.0
2019-08-23,1535,4027820068.0
2019-08-26,1535,4009258685.0
2019-08-27,1535,4015445812.0
2019-08-28,1535,4009258685.0
2019-08-29,1535,3972135919.0
2019-08-30,1535,3990697302.0
2019-09-02,1535,3990697302.0
2019-09-03,1535,3978323047.0
2019-09-04,1535,3965948792.0
2019-09-05,1535,3990697302.0
2019-09-06,1535,3978323047.0
2019-09-09,1535,4021632940.0
2019-09-10,1535,4077317088.0
2019-09-11,1535,4040194323.0
2019-09-12,1535,4021632940.0
2019-09-16,1535,4021632940.0
2019-09-17,1535,4071129961.0
2019-09-18,1535,4126814109.0
2019-09-19,1535,4114439854.0
2019-09-20,1535,4102065599.0
2019-09-23,1535,4133001237.0
2019-09-24,1535,4231995278.0
2019-09-25,1535,4293866554.0
2019-09-26,1535,4207246768.0
2019-09-27,1535,4207246768.0
2019-10-01,1535,4442357617.0
2019-10-02,1535,4423796234.0
2019-10-03,1535,4566100169.0
2019-10-04,1535,4603222934.0
2019-10-07,1535,4535164531.0
2019-10-08,1535,4467106127.0
2019-10-09,1535,4423796234.0
2019-10-14,1535,4399047724.0
2019-10-15,1535,4361924958.0
2019-10-16,1535,4324802192.0
2019-10-17,1535,4392860596.0
2019-10-18,1535,4386673468.0
2019-10-21,1535,4417609106.0
2019-10-22,1535,4454731872.0
2019-10-23,1535,4374299213.0
2019-10-24,1535,4368112086.0
2019-10-25,1535,4368112086.0
2019-10-28,1535,4454731872.0
2019-10-29,1535,4491854638.0
2019-10-30,1535,4467106127.0
2019-10-31,1535,4417609106.0
2019-11-01,1535,4399047724.0
2019-11-04,1535,4355737830.0
2019-11-05,1535,4337176448.0
2019-11-06,1535,4324802192.0
2019-11-07,1535,4306240810.0
2019-11-08,1535,4361924958.0
2019-11-11,1535,4269118044.0
2019-11-12,1535,4300053682.0
2019-11-13,1535,4256743789.0
2019-11-14,1535,4219621023.0
2019-11-15,1535,4225808151.0
2019-11-18,1535,4201059640.0
2019-11-19,1535,4219621023.0
2019-11-20,1535,4207246768.0
2019-11-21,1535,4238182406.0
2019-11-22,1535,4219621023.0
2019-11-25,1535,4194872513.0
2019-11-26,1535,4231995278.0
2019-11-27,1535,4201059640.0
2019-11-28,1535,4213433896.0
2019-11-29,1535,4163936875.0
2019-12-02,1535,4182498258.0
2019-12-03,1535,4170124002.0
2019-12-04,1535,4170124002.0
2019-12-05,1535,4176311130.0
2019-12-06,1535,4250556661.0
2019-12-09,1535,4349550703.0
2019-12-10,1535,4318615065.0
2019-12-11,1535,4330989320.0
2019-12-12,1535,4306240810.0
2019-12-13,1535,4293866554.0
2019-12-16,1535,4330989320.0
2019-12-17,1535,4318615065.0
2019-12-18,1535,4330989320.0
2019-12-19,1535,4318615065.0
2019-12-20,1535,4355737830.0
2019-12-23,1535,4368112086.0
2019-12-24,1535,4380486341.0
2019-12-25,1535,4380486341.0
2019-12-26,1535,4368112086.0
2019-12-27,1535,4343363575.0
2019-12-30,1535,4343363575.0
2019-12-31,1535,4343363575.0
2020-01-02,1535,4380486341.0
2020-01-03,1535,4361924958.0
2020-01-06,1535,4318615065.0
2020-01-07,1535,4330989320.0
2020-01-08,1535,4324802192.0
2020-01-09,1535,4330989320.0
2020-01-10,1535,4343363575.0
2020-01-13,1535,4349550703.0
2020-01-14,1535,4361924958.0
2020-01-15,1535,4330989320.0
2020-01-16,1535,4349550703.0
2020-01-17,1535,4337176448.0
2020-01-20,1535,4318615065.0
2020-01-30,1535,4244369534.0
2020-01-31,1535,4256743789.0
2020-02-03,1535,4219621023.0
2020-02-04,1535,4231995278.0
2020-02-05,1535,4231995278.0
2020-02-06,1535,4250556661.0
2020-02-07,1535,4250556661.0
2020-02-10,1535,4231995278.0
2020-02-11,1535,4244369534.0
2020-02-12,1535,4231995278.0
2020-02-13,1535,4238182406.0
2020-02-14,1535,4231995278.0
2020-02-17,1535,4225808151.0
2020-02-18,1535,4238182406.0
2020-02-19,1535,4231995278.0
2020-02-20,1535,4219621023.0
2020-02-21,1535,4213433896.0
2020-02-24,1535,4207246768.0
2020-02-25,1535,4207246768.0
2020-02-26,1535,4207246768.0
2020-02-27,1535,4188685385.0
2020-03-02,1535,4163936875.0
2020-03-03,1535,4170124002.0
2020-03-04,1535,4182498258.0
2020-03-05,1535,4170124002.0
2020-03-06,1535,4182498258.0
2020-03-09,1535,4139188364.0
2020-03-10,1535,4102065599.0
2020-03-11,1535,4058755706.0
2020-03-12,1535,3873141878.0
2020-03-13,1535,3551411242.0
2020-03-16,1535,3594721136.0
2020-03-17,1535,3526662732.0
2020-03-18,1535,3427668690.0
2020-03-19,1535,3093563800.0
2020-03-20,1535,3279177628.0
2020-03-23,1535,3087376672.0
2020-03-24,1535,3167809331.0
2020-03-25,1535,3334861776.0
2020-03-26,1535,3353423159.0
2020-03-27,1535,3440042946.0
2020-03-30,1535,3334861776.0
2020-03-31,1535,3353423159.0
2020-04-01,1535,3303926138.0
2020-04-06,1535,3371984542.0
2020-04-07,1535,3483352839.0
2020-04-08,1535,3557598370.0
2020-04-09,1535,3699902305.0
2020-04-10,1535,3619469646.0
2020-04-13,1535,3588534008.0
2020-04-14,1535,3662779539.0
2020-04-15,1535,3897890388.0
2020-04-16,1535,3829831984.0
2020-04-17,1535,3817457729.0
2020-04-20,1535,3836019112.0
2020-04-21,1535,3730837943.0
2020-04-22,1535,4021632940.0
2020-04-23,1535,3935013154.0
2020-04-24,1535,3910264643.0
2020-04-27,1535,3959761664.0
2020-04-28,1535,3959761664.0
2020-04-29,1535,4009258685.0
2020-04-30,1535,4034007195.0
2020-05-04,1535,3978323047.0
2020-05-05,1535,4027820068.0
2020-05-06,1535,4083504216.0
2020-05-07,1535,4120626982.0
2020-05-08,1535,4145375492.0
2020-05-11,1535,4176311130.0
2020-05-12,1535,4182498258.0
2020-05-13,1535,4139188364.0
2020-05-14,1535,4058755706.0
2020-05-15,1535,4064942833.0
2020-05-18,1535,4139188364.0
2020-05-19,1535,4108252726.0
2020-05-20,1535,4027820068.0
2020-05-21,1535,4034007195.0
2020-05-22,1535,3965948792.0
2020-05-25,1535,4003071557.0
2020-05-26,1535,4071129961.0
2020-05-27,1535,4034007195.0
2020-05-28,1535,4071129961.0
2020-05-29,1535,4071129961.0
2020-06-01,1535,4034007195.0
2020-06-02,1535,4034007195.0
2020-06-03,1535,4064942833.0
2020-06-04,1535,4095878471.0
2020-06-05,1535,4077317088.0
2020-06-08,1535,4058755706.0
2020-06-09,1535,4071129961.0
2020-06-10,1535,4064942833.0
2020-06-12,1535,4003071557.0
2020-06-15,1535,3953574536.0
2020-06-16,1535,3959761664.0
2020-06-17,1535,3965948792.0
2020-06-18,1535,4003071557.0
2020-06-19,1535,3959761664.0
2020-06-22,1535,4046381450.0
2020-06-23,1535,4034007195.0
2020-06-24,1535,4009258685.0
2020-06-29,1535,4021632940.0
2020-06-30,1535,4052568578.0
2020-07-01,1535,4058755706.0
2020-07-02,1535,4058755706.0
2020-07-03,1535,4064942833.0
2020-07-06,1535,4071129961.0
2020-07-07,1535,4114439854.0
2020-07-08,1535,4095878471.0
2020-07-09,1535,4083504216.0
2020-07-10,1535,4108252726.0
2020-07-13,1535,4120626982.0
2020-07-14,1535,4071129961.0
2020-07-15,1535,4083504216.0
2020-07-16,1535,3984510174.0
2020-07-17,1535,3935013154.0
2020-07-20,1535,3959761664.0
2020-07-21,1535,4027820068.0
2020-07-22,1535,4015445812.0
2020-07-23,1535,4009258685.0
2020-07-24,1535,3959761664.0
2020-07-27,1535,3873141878.0
2020-07-28,1535,3885516133.0
2020-07-29,1535,3947387409.0
2020-07-30,1535,3885516133.0
2020-07-31,1535,3941200281.0
2020-08-03,1535,3935013154.0
2020-08-04,1535,3916451771.0
2020-08-05,1535,3916451771.0
2020-08-06,1535,3941200281.0
2020-08-07,1535,3916451771.0
2020-08-10,1535,3916451771.0
2020-08-11,1535,3941200281.0
2020-08-12,1535,3885516133.0
2020-08-13,1535,3897890388.0
2020-08-14,1535,3885516133.0
2020-08-17,1535,3910264643.0
2020-08-18,1535,3935013154.0
2020-08-19,1535,3965948792.0
2020-08-20,1535,3885516133.0
2020-08-21,1535,3904077516.0
2020-08-24,1535,3910264643.0
2020-08-25,1535,3935013154.0
2020-08-26,1535,3910264643.0
2020-08-27,1535,3910264643.0
2020-08-28,1535,3922638898.0
2020-08-31,1535,3910264643.0
2020-09-01,1535,3922638898.0
2020-09-02,1535,3916451771.0
2020-09-03,1535,3910264643.0
2020-09-04,1535,3897890388.0
2020-09-07,1535,3959761664.0
2020-09-08,1535,3972135919.0
2020-09-09,1535,3965948792.0
2020-09-10,1535,3935013154.0
2020-09-11,1535,3935013154.0
2020-09-14,1535,3959761664.0
2020-09-15,1535,3996884430.0
2020-09-16,1535,4015445812.0
2020-09-17,1535,4027820068.0
2020-09-18,1535,4034007195.0
2020-09-21,1535,4040194323.0
2020-09-22,1535,4046381450.0
2020-09-23,1535,4027820068.0
2020-09-24,1535,3935013154.0
2020-09-25,1535,3922638898.0
2020-09-28,1535,3910264643.0
2020-09-29,1535,3996884430.0
2020-09-30,1535,3990697302.0
2020-10-05,1535,3990697302.0
2020-10-06,1535,4058755706.0
2020-10-07,1535,4064942833.0
2020-10-08,1535,4170124002.0
2020-10-12,1535,4163936875.0
2020-10-13,1535,4151562620.0
2020-10-14,1535,4157749747.0
2020-10-15,1535,4238182406.0
2020-10-16,1535,4300053682.0
2020-10-19,1535,4330989320.0
2020-10-20,1535,4207246768.0
2020-10-21,1535,4139188364.0
2020-10-22,1535,4126814109.0
2020-10-23,1535,4114439854.0
2020-10-26,1535,4126814109.0
2020-10-27,1535,4102065599.0
2020-10-28,1535,4077317088.0
2020-10-29,1535,4058755706.0
2020-10-30,1535,4021632940.0
2020-11-02,1535,4021632940.0
2020-11-03,1535,4089691344.0
2020-11-04,1535,4089691344.0
2020-11-05,1535,4083504216.0
2020-11-06,1535,4064942833.0
2020-11-09,1535,4102065599.0
2020-11-10,1535,4170124002.0
2020-11-11,1535,4244369534.0
2020-11-12,1535,4231995278.0
2020-11-13,1535,4207246768.0
2020-11-16,1535,4269118044.0
2020-11-17,1535,4293866554.0
2020-11-18,1535,4244369534.0
2020-11-19,1535,4219621023.0
2020-11-20,1535,4194872513.0
2020-11-23,1535,4231995278.0
2020-11-24,1535,4219621023.0
2020-11-25,1535,4250556661.0
2020-11-26,1535,4244369534.0
2020-11-27,1535,4250556661.0
2020-11-30,1535,4275305172.0
2020-12-01,1535,4269118044.0
2020-12-02,1535,4201059640.0
2020-12-03,1535,4182498258.0
2020-12-04,1535,4182498258.0
2020-12-07,1535,4182498258.0
2020-12-08,1535,4157749747.0
2020-12-09,1535,4157749747.0
2020-12-10,1535,4176311130.0
2020-12-11,1535,4157749747.0
2020-12-14,1535,4188685385.0
2020-12-15,1535,4157749747.0
2020-12-16,1535,4170124002.0
2020-12-17,1535,4225808151.0
2020-12-18,1535,4213433896.0
2020-12-21,1535,4194872513.0
2020-12-22,1535,4176311130.0
2020-12-23,1535,4120626982.0
2020-12-24,1535,4139188364.0
2020-12-25,1535,4145375492.0
2020-12-28,1535,4145375492.0
2020-12-29,1535,4250556661.0
2020-12-30,1535,4293866554.0
2020-12-31,1535,4306240810.0
2021-01-04,1535,4330989320.0
2021-01-05,1535,4330989320.0
2021-01-06,1535,4250556661.0
2021-01-07,1535,4256743789.0
2021-01-08,1535,4244369534.0
2021-01-11,1535,4207246768.0
2021-01-12,1535,4182498258.0
2021-01-13,1535,4207246768.0
2021-01-14,1535,4194872513.0
2021-01-15,1535,4151562620.0
2021-01-18,1535,4188685385.0
2021-01-19,1535,4182498258.0
2021-01-20,1535,4120626982.0
2021-01-21,1535,4120626982.0
2021-01-22,1535,4120626982.0
2021-01-25,1535,4126814109.0
2021-01-26,1535,4095878471.0
2021-01-27,1535,4095878471.0
2021-01-28,1535,4077317088.0
2021-01-29,1535,4064942833.0
2021-02-01,1535,4064942833.0
2021-02-02,1535,4077317088.0
2021-02-03,1535,4071129961.0
2021-02-05,1535,4058755706.0
2021-02-17,1535,4151562620.0
2021-02-18,1535,4207246768.0
2021-02-19,1535,4194872513.0
2021-02-22,1535,4293866554.0
2021-02-23,1535,4306240810.0
2021-02-24,1535,4516603148.0
2021-02-25,1535,4504228893.0
2021-02-26,1535,4429983362.0
2021-03-02,1535,4293866554.0
2021-03-03,1535,4374299213.0
2021-03-04,1535,4429983362.0
2021-03-05,1535,4417609106.0
2021-03-08,1535,4442357617.0
2021-03-09,1535,4881643676.0
2021-03-10,1535,4788836762.0
2021-03-11,1535,4702216976.0
2021-03-12,1535,4745526869.0
2021-03-15,1535,4745526869.0
2021-03-16,1535,4726965486.0
2021-03-17,1535,4863082294.0
2021-03-18,1535,4807398145.0
2021-03-19,1535,4875456549.0
2021-03-22,1535,4776462507.0
2021-03-23,1535,4757901124.0
2021-03-24,1535,4714591231.0
2021-03-25,1535,4832146656.0
2021-03-26,1535,4850708038.0
2021-03-29,1535,4986824846.0
2021-03-30,1535,4980637718.0
2021-03-31,1535,4949702080.0
2021-04-01,1535,4894017932.0
2021-04-06,1535,4887830804.0
2021-04-07,1535,4819772400.0
2021-04-08,1535,4764088252.0
2021-04-09,1535,4733152614.0
2021-04-12,1535,4720778359.0
2021-04-13,1535,4751713997.0
2021-04-14,1535,4720778359.0
2021-04-15,1535,4776462507.0
2021-04-16,1535,4863082294.0
2021-04-19,1535,4869269421.0
2021-04-20,1535,4838333783.0
2021-04-21,1535,4943514952.0
2021-04-22,1535,4863082294.0
2021-04-23,1535,5005386228.0
2021-04-26,1535,5092006015.0
2021-04-28,1535,4962076335.0
2021-04-29,1535,5246684205.0
2021-05-03,1535,5153877291.0
2021-05-04,1535,5005386228.0
2021-05-05,1535,5023947611.0
2021-05-06,1535,5030134739.0
2021-05-07,1535,5011573356.0
2021-05-10,1535,5135315908.0
2021-05-11,1535,4906392187.0
2021-05-12,1535,4640345700.0
2021-05-13,1535,4603222934.0
2021-05-14,1535,4541351658.0
2021-05-17,1535,4337176448.0
2021-05-18,1535,4603222934.0
2021-05-19,1535,4776462507.0
2021-05-20,1535,4856895166.0
2021-05-21,1535,4856895166.0
2021-05-24,1535,4856895166.0
2021-05-25,1535,4832146656.0
2021-05-26,1535,4819772400.0
2021-05-27,1535,4764088252.0
2021-05-28,1535,4764088252.0
2021-05-31,1535,4751713997.0
2021-06-01,1535,4764088252.0
2021-06-02,1535,4795023890.0
2021-06-03,1535,4776462507.0
2021-06-04,1535,4788836762.0
2021-06-07,1535,4714591231.0
2021-06-08,1535,4683655593.0
2021-06-09,1535,4646532828.0
2021-06-10,1535,4640345700.0
2021-06-11,1535,4584661552.0
2021-06-15,1535,4603222934.0
2021-06-16,1535,4590848679.0
2021-06-17,1535,4621784317.0
2021-06-18,1535,4627971445.0
2021-06-21,1535,4578474424.0
2021-06-22,1535,4572287296.0
2021-06-23,1535,4584661552.0
2021-06-24,1535,4652719955.0
2021-06-25,1535,4658907083.0
2021-06-28,1535,4627971445.0
2021-06-29,1535,4597035807.0
2021-06-30,1535,4640345700.0
2021-07-01,1535,4603222934.0
2021-07-02,1535,4609410062.0
2021-07-05,1535,4609410062.0
2021-07-06,1535,4590848679.0
2021-07-07,1535,4603222934.0
2021-07-08,1535,4597035807.0
2021-07-09,1535,4578474424.0
2021-07-12,1535,4590848679.0
2021-07-13,1535,4615597190.0
2021-07-14,1535,4615597190.0
2021-07-15,1535,4627971445.0
2021-07-16,1535,4646532828.0
2021-07-19,1535,4634158572.0
2021-07-20,1535,4621784317.0
2021-07-21,1535,4689842721.0
2021-07-22,1535,4640345700.0
2021-07-23,1535,4621784317.0
2021-07-26,1535,4627971445.0
2021-07-27,1535,4584661552.0
2021-07-28,1535,4578474424.0
2021-07-29,1535,4924953570.0
2021-07-30,1535,5036321866.0
2021-08-02,1535,5011573356.0
2021-08-03,1535,4924953570.0
2021-08-04,1535,4894017932.0
2021-08-05,1535,4825959528.0
2021-08-06,1535,4801211018.0
2021-08-09,1535,4844520911.0
2021-08-10,1535,4894017932.0
2021-08-11,1535,4894017932.0
2021-08-12,1535,4875456549.0
2021-08-13,1535,4863082294.0
2021-08-16,1535,4801211018.0
2021-08-17,1535,4807398145.0
2021-08-18,1535,4757901124.0
2021-08-19,1535,4646532828.0
2021-08-20,1535,4603222934.0
2021-08-23,1535,4683655593.0
2021-08-24,1535,4745526869.0
2021-08-25,1535,4801211018.0
2021-08-26,1535,4850708038.0
2021-08-27,1535,4906392187.0
2021-08-30,1535,4931140697.0
2021-08-31,1535,4937327825.0
2021-09-01,1535,4962076335.0
2021-09-02,1535,4924953570.0
2021-09-03,1535,4931140697.0
2021-09-06,1535,4887830804.0
2021-09-07,1535,4838333783.0
2021-09-08,1535,4807398145.0
2021-09-09,1535,4838333783.0
2021-09-10,1535,4844520911.0
2021-09-13,1535,4943514952.0
2021-09-14,1535,4813585273.0
2021-09-15,1535,4813585273.0
2021-09-16,1535,4850708038.0
2021-09-17,1535,4844520911.0
2021-09-22,1535,4844520911.0
2021-09-24,1535,4869269421.0
2021-09-27,1535,4875456549.0
2021-09-28,1535,4875456549.0
2021-09-29,1535,4863082294.0
2021-09-30,1535,4924953570.0
2021-10-01,1535,4863082294.0
2021-10-04,1535,4850708038.0
2021-10-05,1535,4801211018.0
2021-10-06,1535,4801211018.0
2021-10-07,1535,4838333783.0
2021-10-08,1535,4807398145.0
2021-10-12,1535,4801211018.0
2021-10-13,1535,4813585273.0
2021-10-14,1535,4807398145.0
2021-10-15,1535,4844520911.0
2021-10-18,1535,4856895166.0
2021-10-19,1535,4906392187.0
2021-10-20,1535,4900205059.0
2021-10-21,1535,4918766442.0
2021-10-22,1535,4924953570.0
2021-10-25,1535,4912579314.0
2021-10-26,1535,4943514952.0
2021-10-27,1535,4906392187.0
2021-10-28,1535,4894017932.0
2021-10-29,1535,4875456549.0
2021-11-01,1535,4875456549.0
2021-11-02,1535,4875456549.0
2021-11-03,1535,4931140697.0
2021-11-04,1535,4937327825.0
2021-11-05,1535,4912579314.0
2021-11-08,1535,4912579314.0
2021-11-09,1535,4912579314.0
2021-11-10,1535,4912579314.0
2021-11-11,1535,4912579314.0
2021-11-12,1535,4918766442.0
2021-11-15,1535,4912579314.0
2021-11-16,1535,4887830804.0
2021-11-17,1535,4887830804.0
2021-11-18,1535,4918766442.0
2021-11-19,1535,4863082294.0
2021-11-22,1535,4850708038.0
2021-11-23,1535,4881643676.0
2021-11-24,1535,4887830804.0
2021-11-25,1535,4881643676.0
2021-11-26,1535,4869269421.0
2021-11-29,1535,4825959528.0
2021-11-30,1535,4869269421.0
2021-12-01,1535,4869269421.0
2021-12-02,1535,4863082294.0
2021-12-03,1535,4875456549.0
2021-12-06,1535,4844520911.0
2021-12-07,1535,4825959528.0
2021-12-08,1535,4832146656.0
2021-12-09,1535,4813585273.0
2021-12-10,1535,4838333783.0
2021-12-13,1535,4863082294.0
2021-12-14,1535,4825959528.0
2021-12-15,1535,4832146656.0
2021-12-16,1535,4838333783.0
2021-12-17,1535,4832146656.0
2021-12-20,1535,4844520911.0
2021-12-21,1535,4912579314.0
2021-12-22,1535,4962076335.0
2021-12-23,1535,4968263463.0
2021-12-24,1535,4962076335.0
2021-12-27,1535,4949702080.0
2021-12-28,1535,4949702080.0
2021-12-29,1535,4949702080.0
2021-12-30,1535,4943514952.0
2022-01-03,1535,4999199101.0
2022-01-04,1535,4986824846.0
2022-01-05,1535,4986824846.0
2022-01-06,1535,4949702080.0
2022-01-07,1535,4943514952.0
2022-01-10,1535,4999199101.0
2022-01-11,1535,5017760484.0
2022-01-12,1535,5023947611.0
2022-01-13,1535,5011573356.0
2022-01-14,1535,4986824846.0
2022-01-17,1535,4968263463.0
2022-01-18,1535,4980637718.0
2022-01-19,1535,4943514952.0
2022-01-20,1535,4949702080.0
2022-01-21,1535,4863082294.0
2022-01-24,1535,4863082294.0
2022-01-25,1535,4863082294.0
2022-01-26,1535,4887830804.0
2022-02-07,1535,4912579314.0
2022-02-08,1535,4986824846.0
2022-02-09,1535,5005386228.0
2022-02-10,1535,5005386228.0
2022-02-11,1535,5017760484.0
2022-02-14,1535,4968263463.0
2022-02-15,1535,5005386228.0
2022-02-16,1535,4999199101.0
2022-02-17,1535,5005386228.0
2022-02-18,1535,5023947611.0
2022-02-21,1535,5005386228.0
2022-02-22,1535,4980637718.0
2022-02-23,1535,4986824846.0
2022-02-24,1535,5098193142.0
2022-02-25,1535,5191000056.0
2022-03-01,1535,5320929736.0
2022-03-02,1535,5432298033.0
2022-03-03,1535,5358052502.0
2022-03-04,1535,5450859416.0
2022-03-07,1535,5277619843.0
2022-03-08,1535,5166251546.0
2022-03-09,1535,5209561439.0
2022-03-10,1535,5221935694.0
2022-03-11,1535,5221935694.0
2022-03-14,1535,5221935694.0
2022-03-15,1535,5221935694.0
2022-03-16,1535,5203374312.0
2022-03-17,1535,5302368353.0
2022-03-18,1535,5302368353.0
2022-03-21,1535,5339491119.0
2022-03-22,1535,5339491119.0
2022-03-23,1535,5339491119.0
2022-03-24,1535,5289994098.0
2022-03-25,1535,5345678246.0
2022-03-28,1535,5314742608.0
2022-03-29,1535,5327116864.0
2022-03-30,1535,5364239629.0
2022-03-31,1535,5327116864.0
2022-04-01,1535,5289994098.0
2022-04-06,1535,5240497077.0
2022-04-07,1535,5221935694.0
2022-04-08,1535,5197187184.0
2022-04-11,1535,5147690163.0
2022-04-12,1535,5172438674.0
2022-04-13,1535,5259058460.0
2022-04-14,1535,5277619843.0
2022-04-15,1535,5283806970.0
2022-04-18,1535,5221935694.0
2022-04-19,1535,5209561439.0
2022-04-20,1535,5240497077.0
2022-04-21,1535,5277619843.0
2022-04-22,1535,5277619843.0
2022-04-25,1535,5203374312.0
2022-04-26,1535,5209561439.0
2022-04-27,1535,5110567398.0
2022-04-28,1535,5122941653.0
2022-04-29,1535,5110567398.0
2022-05-03,1535,5110567398.0
2022-05-04,1535,5147690163.0
2022-05-05,1535,5197187184.0
2022-05-06,1535,5191000056.0
2022-05-09,1535,5184812929.0
2022-05-10,1535,5184812929.0
2022-05-11,1535,5135315908.0
2022-05-12,1535,5147690163.0
2022-05-13,1535,5141503036.0
2022-05-16,1535,5147690163.0
2022-05-17,1535,5172438674.0
2022-05-18,1535,5209561439.0
2022-05-19,1535,5141503036.0
2022-05-20,1535,5184812929.0
2022-05-23,1535,5215748567.0
2022-05-24,1535,5215748567.0
2022-05-25,1535,5234309950.0
2022-05-26,1535,5259058460.0
2022-05-27,1535,5259058460.0
2022-05-30,1535,5289994098.0
2022-05-31,1535,5308555481.0
2022-06-01,1535,5283806970.0
2022-06-02,1535,5240497077.0
2022-06-06,1535,5246684205.0
2022-06-07,1535,5178625801.0
2022-06-08,1535,5172438674.0
2022-06-09,1535,5178625801.0
2022-06-10,1535,5191000056.0
2022-06-13,1535,5135315908.0
2022-06-14,1535,5104380270.0
2022-06-15,1535,5252871332.0
2022-06-16,1535,5184812929.0
2022-06-17,1535,5184812929.0
2022-06-20,1535,5122941653.0
2022-06-21,1535,5160064418.0
2022-06-22,1535,5110567398.0
2022-06-23,1535,5129128780.0
2022-06-24,1535,5172438674.0
2022-06-27,1535,5209561439.0
2022-06-28,1535,5160064418.0
2022-06-29,1535,5184812929.0
2022-07-01,1535,5067257504.0
2022-07-04,1535,5061070377.0
2022-07-05,1535,5116754525.0
2022-07-06,1535,5073444632.0
2022-07-07,1535,5110567398.0
2022-07-08,1535,5166251546.0
2022-07-11,1535,5129128780.0
2022-07-12,1535,5129128780.0
2022-07-13,1535,5246684205.0
2022-07-14,1535,5160064418.0
2022-07-15,1535,5160064418.0
2022-07-18,1535,5203374312.0
2022-07-19,1535,4993011973.0
2022-07-20,1535,4974450590.0
2022-07-21,1535,4955889208.0
2022-07-22,1535,4980637718.0
2022-07-25,1535,4974450590.0
2022-07-26,1535,5067257504.0
2022-07-27,1535,5017760484.0
2022-07-28,1535,5017760484.0
2022-07-29,1535,5042508994.0
2022-08-01,1535,5042508994.0
2022-08-02,1535,4999199101.0
2022-08-03,1535,5085818887.0
2022-08-04,1535,5110567398.0
2022-08-05,1535,5221935694.0
2022-08-08,1535,5234309950.0
2022-08-09,1535,5345678246.0
2022-08-10,1535,5345678246.0
2022-08-11,1535,5333303991.0
2022-08-12,1535,5308555481.0
2022-08-15,1535,5370426757.0
2022-08-16,1535,5345678246.0
2022-08-17,1535,5345678246.0
2022-08-18,1535,5388988140.0
2022-08-19,1535,5444672288.0
2022-08-22,1535,5828274199.0
2022-08-23,1535,5760215796.0
2022-08-24,1535,5815899944.0
2022-08-25,1535,5815899944.0
2022-08-26,1535,5815899944.0
2022-08-29,1535,5679783137.0
2022-08-30,1535,5692157392.0
2022-08-31,1535,5698344520.0
2022-09-01,1535,5605537606.0
2022-09-02,1535,5605537606.0
2022-09-05,1535,5617911861.0
2022-09-06,1535,5580789095.0
2022-09-07,1535,5518917819.0
2022-09-08,1535,5537479202.0
2022-09-12,1535,5531292074.0
2022-09-13,1535,5531292074.0
2022-09-14,1535,5481795054.0
2022-09-15,1535,5475607926.0
2022-09-16,1535,5457046543.0
2022-09-19,1535,5407549522.0
2022-09-20,1535,5419923778.0
2022-09-21,1535,5364239629.0
2022-09-22,1535,5333303991.0
2022-09-23,1535,5333303991.0
2022-09-26,1535,5209561439.0
2022-09-27,1535,5209561439.0
2022-09-28,1535,5191000056.0
2022-09-29,1535,5203374312.0
2022-09-30,1535,5203374312.0
2022-10-03,1535,5203374312.0
2022-10-04,1535,5197187184.0
2022-10-05,1535,5191000056.0
2022-10-06,1535,5191000056.0
2022-10-07,1535,5184812929.0
2022-10-11,1535,5160064418.0
2022-10-12,1535,5172438674.0
2022-10-13,1535,5054883249.0
2022-10-14,1535,5067257504.0
2022-10-17,1535,5005386228.0
2022-10-18,1535,5005386228.0
2022-10-19,1535,5005386228.0
2022-10-20,1535,4993011973.0
2022-10-21,1535,5005386228.0
2022-10-24,1535,5030134739.0
2022-10-25,1535,5030134739.0
2022-10-26,1535,5030134739.0
2022-10-27,1535,5017760484.0
2022-10-31,1535,5017760484.0
2022-11-01,1535,5023947611.0
2022-11-02,1535,5023947611.0
2022-11-03,1535,4999199101.0
2022-11-04,1535,5104380270.0
2022-11-07,1535,5147690163.0
2022-11-08,1535,5147690163.0
2022-11-09,1535,5191000056.0
2022-11-10,1535,5178625801.0
2022-11-11,1535,5215748567.0
2022-11-14,1535,5228122822.0
2022-11-15,1535,5221935694.0
2022-11-16,1535,5197187184.0
2022-11-17,1535,5178625801.0
2022-11-21,1535,5184812929.0
2022-11-22,1535,5184812929.0
2022-11-23,1535,5197187184.0
2022-11-24,1535,5203374312.0
2022-11-25,1535,5209561439.0
2022-11-28,1535,5228122822.0
2022-11-29,1535,5252871332.0
2022-11-30,1535,5271432715.0
2022-12-01,1535,5314742608.0
2022-12-02,1535,5314742608.0
2022-12-05,1535,5327116864.0
2022-12-06,1535,5302368353.0
2022-12-07,1535,5259058460.0
2022-12-08,1535,5259058460.0
2022-12-09,1535,5277619843.0
2022-12-12,1535,5277619843.0
2022-12-13,1535,5271432715.0
2022-12-14,1535,5289994098.0
2022-12-15,1535,5277619843.0
2022-12-16,1535,5259058460.0
2022-12-19,1535,5259058460.0
2022-12-20,1535,5259058460.0
2022-12-21,1535,5265245588.0
2022-12-22,1535,5444672288.0
2022-12-23,1535,5388988140.0
2022-12-26,1535,5364239629.0
2022-12-27,1535,5339491119.0
2022-12-28,1535,5339491119.0
2022-12-29,1535,5314742608.0
2022-12-30,1535,5302368353.0
2023-01-03,1535,5302368353.0
2023-01-04,1535,5302368353.0
2023-01-05,1535,5320929736.0
2023-01-06,1535,5327116864.0
2023-01-09,1535,5382801012.0
2023-01-10,1535,5407549522.0
2023-01-11,1535,5395175267.0
2023-01-12,1535,5370426757.0
2023-01-13,1535,5364239629.0
2023-01-16,1535,5370426757.0
2023-01-17,1535,5382801012.0
2023-01-30,1535,5401362395.0
2023-01-31,1535,5395175267.0
2023-02-01,1535,5450859416.0
2023-02-02,1535,5444672288.0
2023-02-03,1535,5444672288.0
2023-02-06,1535,5432298033.0
2023-02-07,1535,5413736650.0
2023-02-08,1535,5413736650.0
2023-02-10,1535,5395175267.0
2023-02-13,1535,5382801012.0
2023-02-14,1535,5395175267.0
2023-02-15,1535,5395175267.0
2023-02-16,1535,5407549522.0
2023-02-17,1535,5444672288.0
2023-02-20,1535,5747841540.0
2023-02-21,1535,5698344520.0
2023-02-22,1535,5778777178.0
2023-02-23,1535,5840648454.0
2023-02-24,1535,5828274199.0
2023-03-01,1535,5822087072.0
2023-03-02,1535,6038636538.0
2023-03-03,1535,6069572176.0
2023-03-06,1535,6063385048.0
2023-03-07,1535,6106694941.0
2023-03-08,1535,6224250366.0
2023-03-09,1535,6094320686.0
2023-03-10,1535,5939642496.0
2023-03-13,1535,5921081113.0
2023-03-14,1535,6032449410.0
2023-03-15,1535,6057197920.0
2023-03-16,1535,5902519730.0
2023-03-17,1535,5952016751.0
2023-03-20,1535,6150004834.0
2023-03-21,1535,6224250366.0
2023-03-22,1535,6044823665.0
2023-03-23,1535,6044823665.0
2023-03-24,1535,6001513772.0
2023-03-27,1535,6081946431.0
2023-03-28,1535,6088133558.0
2023-03-29,1535,6007700900.0
2023-03-30,1535,6057197920.0
2023-03-31,1535,6051010793.0
2023-04-06,1535,6137630579.0
2023-04-07,1535,6100507814.0
2023-04-10,1535,6106694941.0
2023-04-11,1535,6236624621.0
2023-04-12,1535,6743969084.0
2023-04-13,1535,6743969084.0
2023-04-14,1535,6756343339.0
2023-04-17,1535,6842963126.0
2023-04-18,1535,6805840360.0
2023-04-19,1535,6793466105.0
2023-04-20,1535,6607852277.0
2023-04-21,1535,6496483980.0
2023-04-24,1535,6583103766.0
2023-04-25,1535,6570729511.0
2023-04-26,1535,6558355256.0
2023-04-27,1535,6570729511.0
2023-04-28,1535,6595478022.0
2023-05-02,1535,6756343339.0
2023-05-03,1535,6669723553.0
2023-05-05,1535,6719220574.0
2023-05-08,1535,6706846318.0
2023-05-09,1535,6657349298.0
2023-05-10,1535,6583103766.0
2023-05-11,1535,6459361214.0
2023-05-12,1535,6471735470.0
2023-05-15,1535,6446986959.0
2023-05-16,1535,6521232490.0
2023-05-17,1535,6607852277.0
2023-05-18,1535,6620226532.0
2023-05-19,1535,6521232490.0
2023-05-22,1535,6570729511.0
2023-05-23,1535,6583103766.0
2023-05-24,1535,6632600787.0
2023-05-25,1535,6583103766.0
2023-05-26,1535,6533606746.0
2023-05-29,1535,6583103766.0
2023-05-30,1535,6545981001.0
2023-05-31,1535,6595478022.0
2023-06-01,1535,6743969084.0
2023-06-02,1535,6731594829.0
2023-06-05,1535,6644975042.0
2023-06-06,1535,6583103766.0
2023-06-07,1535,6620226532.0
2023-06-08,1535,6706846318.0
2023-06-09,1535,6830588870.0
2023-06-12,1535,6719220574.0
2023-06-13,1535,6756343339.0
2023-06-14,1535,6781091850.0
2023-06-15,1535,6805840360.0
2023-06-16,1535,6781091850.0
2023-06-19,1535,6756343339.0
2023-06-20,1535,6743969084.0
2023-06-21,1535,6781091850.0
2023-06-26,1535,6842963126.0
2023-06-27,1535,6743969084.0
2023-06-28,1535,6781091850.0
2023-06-29,1535,6805840360.0
2023-06-30,1535,6805840360.0
2023-07-03,1535,6979079933.0
2023-07-04,1535,7152319506.0
2023-07-05,1535,7300810568.0
2023-07-06,1535,7201816526.0
2023-07-07,1535,7238939292.0
2023-07-10,1535,7709160990.0
2023-07-11,1535,7746283755.0
2023-07-12,1535,7882400562.0
2023-07-13,1535,7870026307.0
2023-07-14,1535,7746283755.0
2023-07-17,1535,7672038224.0
2023-07-18,1535,7672038224.0
2023-07-19,1535,7214190782.0
2023-07-20,1535,7040951209.0
2023-07-21,1535,6979079933.0
2023-07-24,1535,6880085891.0
2023-07-25,1535,6904834402.0
2023-07-26,1535,6979079933.0
2023-07-27,1535,7152319506.0
2023-07-28,1535,7115196740.0
2023-07-31,1535,7189442271.0
2023-08-01,1535,7461675886.0
2023-08-02,1535,7474050141.0
2023-08-04,1535,7238939292.0
2023-08-07,1535,7399804610.0
2023-08-08,1535,7263687802.0
2023-08-09,1535,7139945250.0
2023-08-10,1535,7053325464.0
2023-08-11,1535,7078073974.0
2023-08-14,1535,6818214615.0
2023-08-15,1535,6694472063.0
2023-08-16,1535,6508858235.0
2023-08-17,1535,6607852277.0
2023-08-18,1535,6533606746.0
2023-08-21,1535,6496483980.0
2023-08-22,1535,6397489938.0
2023-08-23,1535,6459361214.0
2023-08-24,1535,6471735470.0
2023-08-25,1535,6496483980.0
2023-08-28,1535,6459361214.0
2023-08-29,1535,6471735470.0
2023-08-30,1535,6397489938.0
2023-08-31,1535,6508858235.0
2023-09-01,1535,6533606746.0
2023-09-04,1535,6595478022.0
2023-09-05,1535,6632600787.0
2023-09-06,1535,6583103766.0
2023-09-07,1535,6558355256.0
2023-09-08,1535,6570729511.0
2023-09-11,1535,6545981001.0
2023-09-12,1535,6583103766.0
2023-09-13,1535,6632600787.0
2023-09-14,1535,6743969084.0
2023-09-15,1535,6669723553.0
2023-09-18,1535,6694472063.0
2023-09-19,1535,6706846318.0
2023-09-20,1535,6669723553.0
2023-09-21,1535,6632600787.0
2023-09-22,1535,6595478022.0
2023-09-25,1535,6669723553.0
2023-09-26,1535,6545981001.0
2023-09-27,1535,6570729511.0
2023-09-28,1535,6583103766.0
2023-10-02,1535,6558355256.0
2023-10-03,1535,6533606746.0
2023-10-04,1535,6422238449.0
2023-10-05,1535,6471735470.0
2023-10-06,1535,6471735470.0
2023-10-11,1535,6471735470.0
2023-10-12,1535,6484109725.0
2023-10-13,1535,6446986959.0
2023-10-16,1535,6422238449.0
2023-10-17,1535,6372741428.0
2023-10-18,1535,6360367173.0
2023-10-19,1535,6323244407.0
2023-10-20,1535,6385115683.0
2023-10-23,1535,6446986959.0
2023-10-24,1535,6434612704.0
2023-10-25,1535,6471735470.0
2023-10-26,1535,6459361214.0
2023-10-27,1535,6434612704.0
2023-10-30,1535,6397489938.0
2023-10-31,1535,6372741428.0
2023-11-01,1535,6372741428.0
2023-11-02,1535,6422238449.0
2023-11-03,1535,6397489938.0
2023-11-06,1535,6508858235.0
2023-11-07,1535,6595478022.0
2023-11-08,1535,6669723553.0
2023-11-09,1535,6682097808.0
2023-11-10,1535,6682097808.0
2023-11-13,1535,6669723553.0
2023-11-14,1535,6607852277.0
2023-11-15,1535,6682097808.0
2023-11-16,1535,6682097808.0
2023-11-17,1535,6719220574.0
2023-11-20,1535,6706846318.0
2023-11-21,1535,6682097808.0
2023-11-22,1535,6731594829.0
2023-11-23,1535,6731594829.0
2023-11-24,1535,6731594829.0
2023-11-27,1535,6781091850.0
2023-11-28,1535,6966705678.0
2023-11-29,1535,6892460146.0
2023-11-30,1535,6880085891.0
2023-12-01,1535,6904834402.0
2023-12-04,1535,6917208657.0
2023-12-05,1535,7040951209.0
2023-12-06,1535,7040951209.0
2023-12-07,1535,7040951209.0
2023-12-08,1535,7090448230.0
2023-12-11,1535,7053325464.0
2023-12-12,1535,6954331422.0
2023-12-13,1535,6880085891.0
2023-12-14,1535,6954331422.0
2023-12-15,1535,7016202698.0
2023-12-18,1535,6966705678.0
2023-12-19,1535,6867711636.0
2023-12-20,1535,6917208657.0
2023-12-21,1535,6867711636.0
2023-12-22,1535,6880085891.0
2023-12-25,1535,6892460146.0
2023-12-26,1535,6917208657.0
2023-12-27,1535,6892460146.0
2023-12-28,1535,6966705678.0
2023-12-29,1535,6979079933.0
2024-01-02,1535,6979079933.0
2024-01-03,1535,6904834402.0
2024-01-04,1535,6830588870.0
2024-01-05,1535,6830588870.0
2024-01-08,1535,6867711636.0
2024-01-09,1535,6805840360.0
2024-01-10,1535,7090448230.0
2024-01-11,1535,7251313547.0
2024-01-12,1535,7362681844.0
2024-01-15,1535,7375056099.0
2024-01-16,1535,7238939292.0
2024-01-17,1535,7078073974.0
2024-01-18,1535,7090448230.0
2024-01-19,1535,7189442271.0
2024-01-22,1535,7214190782.0
2024-01-23,1535,7177068016.0
2024-01-24,1535,7214190782.0
2024-01-25,1535,7177068016.0
2024-01-26,1535,7313184823.0
2024-01-29,1535,7362681844.0
2024-01-30,1535,7412178865.0
2024-01-31,1535,7684412479.0
2024-02-01,1535,7511172906.0
2024-02-02,1535,7362681844.0
2024-02-05,1535,7337933334.0
2024-02-15,1535,7300810568.0
2024-02-16,1535,7251313547.0
2024-02-19,1535,7412178865.0
2024-02-20,1535,7399804610.0
2024-02-21,1535,7362681844.0
2024-02-22,1535,7337933334.0
2024-02-23,1535,7412178865.0
2024-02-26,1535,7461675886.0
2024-02-27,1535,7548295672.0
2024-02-29,1535,7758658010.0
2024-03-01,1535,8154634177.0
2024-03-04,1535,8278376729.0
2024-03-05,1535,8129885666.0
2024-03-06,1535,8191756942.0
2024-03-07,1535,8068014390.0
2024-03-08,1535,8476364812.0
2024-03-11,1535,8897089489.0
2024-03-12,1535,9243568634.0
2024-03-13,1535,8872340978.0
2024-03-14,1535,8649604385.0
2024-03-15,1535,8426867791.0
2024-03-18,1535,8958960765.0
2024-03-19,1535,8958960765.0
2024-03-20,1535,8847592468.0
2024-03-21,1535,9144574593.0
2024-03-22,1535,8971335020.0
2024-03-25,1535,8996083530.0
2024-03-26,1535,8909463744.0
2024-03-27,1535,9181697358.0
2024-03-28,1535,9293065655.0
2024-03-29,1535,9503427994.0
2024-04-01,1535,9218820124.0
2024-04-02,1535,9082703317.0
2024-04-03,1535,9095077572.0
2024-04-08,1535,9057954806.0
2024-04-09,1535,9194071614.0
2024-04-10,1535,9701416077.0
2024-04-11,1535,9206445869.0
2024-04-12,1535,9528176504.0
2024-04-15,1535,9540550759.0
2024-04-16,1535,9453930973.0
2024-04-17,1535,10270631816.0
2024-04-18,1535,11297694998.0
2024-04-19,1535,11074958404.0
2024-04-22,1535,10023146712.0
2024-04-23,1535,9837532884.0
2024-04-24,1535,9899404160.0
2024-04-25,1535,9775661608.0
2024-04-26,1535,9713790332.0
2024-04-29,1535,9726164587.0
2024-04-30,1535,9528176504.0
2024-05-02,1535,9515802249.0
2024-05-03,1535,8983709275.0
2024-05-06,1535,9057954806.0
2024-05-07,1535,8983709275.0
2024-05-08,1535,8958960765.0
2024-05-09,1535,9033206296.0
2024-05-10,1535,8996083530.0
2024-05-13,1535,8909463744.0
2024-05-14,1535,8859966723.0
2024-05-15,1535,8785721192.0
2024-05-16,1535,8699101406.0
2024-05-17,1535,8723849916.0
2024-05-20,1535,8748598426.0
2024-05-21,1535,8723849916.0
2024-05-22,1535,8760972682.0
2024-05-23,1535,8624855874.0
2024-05-24,1535,8686727150.0
2024-05-27,1535,8847592468.0
2024-05-28,1535,8921837999.0
2024-05-29,1535,8909463744.0
2024-05-30,1535,8773346937.0
2024-05-31,1535,8822843958.0
2024-06-03,1535,8760972682.0
2024-06-04,1535,8773346937.0
2024-06-05,1535,8686727150.0
2024-06-06,1535,8649604385.0
2024-06-07,1535,8699101406.0
2024-06-11,1535,8562984598.0
2024-06-12,1535,8426867791.0
2024-06-13,1535,8525861833.0
2024-06-14,1535,8699101406.0
2024-06-17,1535,8649604385.0
2024-06-18,1535,8649604385.0
2024-06-19,1535,8587733109.0
2024-06-20,1535,8661978640.0
2024-06-21,1535,8624855874.0
2024-06-24,1535,8562984598.0
2024-06-25,1535,8612481619.0
2024-06-26,1535,8674352895.0
2024-06-27,1535,8674352895.0
2024-06-28,1535,8748598426.0
2024-07-01,1535,8847592468.0
2024-07-02,1535,8909463744.0
2024-07-03,1535,8909463744.0
2024-07-04,1535,9070329062.0
2024-07-05,1535,9020832041.0
2024-07-08,1535,8897089489.0
2024-07-09,1535,8699101406.0
2024-07-10,1535,8686727150.0
2024-07-11,1535,8624855874.0
2024-07-12,1535,8612481619.0
2024-07-15,1535,8760972682.0
2024-07-16,1535,8661978640.0
2024-07-17,1535,8674352895.0
2024-07-18,1535,8736224171.0
2024-07-19,1535,8006143114.0
2024-07-22,1535,7746283755.0
2024-07-23,1535,7808155031.0
2024-07-26,1535,7610166948.0
2024-07-29,1535,7498798651.0
2024-07-30,1535,7585418438.0
2024-07-31,1535,7684412479.0
2024-08-01,1535,7832903542.0
2024-08-02,1535,7585418438.0
2024-08-05,1535,6842963126.0
2024-08-06,1535,6830588870.0
2024-08-07,1535,7127570995.0
2024-08-08,1535,7065699719.0
2024-08-09,1535,7238939292.0
2024-08-12,1535,7276062058.0
2024-08-13,1535,7375056099.0
2024-08-14,1535,7399804610.0
2024-08-15,1535,7412178865.0
2024-08-16,1535,7449301630.0
2024-08-19,1535,7746283755.0
2024-08-20,1535,7647289714.0
2024-08-21,1535,7647289714.0
2024-08-22,1535,7634915458.0
2024-08-23,1535,7560669927.0
2024-08-26,1535,7696786734.0
2024-08-27,1535,7659663969.0
2024-08-28,1535,7696786734.0
2024-08-29,1535,7672038224.0
2024-08-30,1535,7672038224.0
2024-09-02,1535,7535921417.0
2024-09-03,1535,7511172906.0
2024-09-04,1535,7300810568.0
2024-09-05,1535,7276062058.0
2024-09-06,1535,7548295672.0
2024-09-09,1535,7337933334.0
2024-09-10,1535,7177068016.0
2024-09-11,1535,7214190782.0
2024-09-12,1535,7350307589.0
2024-09-13,1535,7424553120.0
2024-09-16,1535,7548295672.0
2024-09-18,1535,7585418438.0
2024-09-19,1535,7647289714.0
2024-09-20,1535,7585418438.0
2024-09-23,1535,7573044182.0
2024-09-24,1535,7560669927.0
2024-09-25,1535,7597792693.0
2024-09-26,1535,7622541203.0
2024-09-27,1535,7672038224.0
2024-09-30,1535,7647289714.0
2024-10-01,1535,7634915458.0
2024-10-04,1535,7535921417.0
2024-10-07,1535,7523547162.0
2024-10-08,1535,7399804610.0
2024-10-09,1535,7350307589.0
2024-10-11,1535,7436927375.0
2024-10-14,1535,7560669927.0
2024-10-15,1535,7634915458.0
2024-10-16,1535,7647289714.0
2024-10-17,1535,7684412479.0
2024-10-18,1535,7733909500.0
2024-10-21,1535,7832903542.0
2024-10-22,1535,7783406521.0
2024-10-23,1535,7857652052.0
2024-10-24,1535,7832903542.0
2024-10-25,1535,7919523328.0
2024-10-28,1535,7894774818.0
2024-10-29,1535,7870026307.0
2024-10-30,1535,7882400562.0
2024-11-01,1535,7944271838.0
2024-11-04,1535,7820529286.0
2024-11-05,1535,7659663969.0
2024-11-06,1535,7808155031.0
2024-11-07,1535,7771032266.0
2024-11-08,1535,7721535245.0
2024-11-11,1535,7622541203.0
2024-11-12,1535,7535921417.0
2024-11-13,1535,7548295672.0
2024-11-14,1535,7412178865.0
2024-11-15,1535,7486424396.0
2024-11-18,1535,7436927375.0
2024-11-19,1535,7486424396.0
2024-11-20,1535,7461675886.0
2024-11-21,1535,7597792693.0
2024-11-22,1535,7672038224.0
2024-11-25,1535,7696786734.0
2024-11-26,1535,7672038224.0
2024-11-27,1535,7548295672.0
2024-11-28,1535,7523547162.0
2024-11-29,1535,7597792693.0
2024-12-02,1535,7597792693.0
2024-12-03,1535,7758658010.0
2024-12-04,1535,7672038224.0
2024-12-05,1535,7696786734.0
2024-12-06,1535,7709160990.0
2024-12-09,1535,7783406521.0
2024-12-10,1535,7795780776.0
2024-12-11,1535,7733909500.0
2024-12-12,1535,7672038224.0
2024-12-13,1535,7659663969.0
2024-12-16,1535,7672038224.0
2024-12-17,1535,7721535245.0
2024-12-18,1535,7795780776.0
2024-12-19,1535,7771032266.0
2024-12-20,1535,7709160990.0
2024-12-23,1535,7746283755.0
2024-12-24,1535,7758658010.0
2024-12-25,1535,7721535245.0
2024-12-26,1535,7684412479.0
2024-12-27,1535,7684412479.0
2024-12-30,1535,7672038224.0
2024-12-31,1535,7560669927.0
