date,stock_id,market_value
2005-01-03,5525,2960415744.0
2005-01-04,5525,2829066240.0
2005-01-05,5525,2839170048.0
2005-01-06,5525,2829066240.0
2005-01-07,5525,2647197696.0
2005-01-10,5525,2637093888.0
2005-01-11,5525,2717924352.0
2005-01-12,5525,2626990080.0
2005-01-13,5525,2626990080.0
2005-01-14,5525,2808858624.0
2005-01-17,5525,2808858624.0
2005-01-18,5525,2808858624.0
2005-01-19,5525,2788651008.0
2005-01-20,5525,2728028160.0
2005-01-21,5525,2687612928.0
2005-01-24,5525,2667405312.0
2005-01-25,5525,2657301504.0
2005-01-26,5525,2677509120.0
2005-01-27,5525,2667405312.0
2005-01-28,5525,2758339584.0
2005-01-31,5525,2778547200.0
2005-02-01,5525,2748235776.0
2005-02-02,5525,2768443392.0
2005-02-03,5525,2818962432.0
2005-02-14,5525,2829066240.0
2005-02-15,5525,2798754816.0
2005-02-16,5525,2748235776.0
2005-02-17,5525,2707820544.0
2005-02-18,5525,2657301504.0
2005-02-21,5525,2657301504.0
2005-02-22,5525,2667405312.0
2005-02-23,5525,2728028160.0
2005-02-24,5525,2778547200.0
2005-02-25,5525,2768443392.0
2005-03-01,5525,2844221952.0
2005-03-02,5525,2849273856.0
2005-03-03,5525,2859377664.0
2005-03-04,5525,2813910528.0
2005-03-07,5525,2869481472.0
2005-03-08,5525,2778547200.0
2005-03-09,5525,2829066240.0
2005-03-10,5525,2788651008.0
2005-03-11,5525,2788651008.0
2005-03-14,5525,2930104320.0
2005-03-15,5525,2995779072.0
2005-03-16,5525,3111972864.0
2005-03-17,5525,3081661440.0
2005-03-18,5525,3081661440.0
2005-03-21,5525,3207959040.0
2005-03-22,5525,3101869056.0
2005-03-23,5525,3132180480.0
2005-03-24,5525,3081661440.0
2005-03-25,5525,3117024768.0
2005-03-28,5525,3101869056.0
2005-03-29,5525,2980623360.0
2005-03-30,5525,2990727168.0
2005-03-31,5525,2930104320.0
2005-04-01,5525,2869481472.0
2005-04-04,5525,2909896704.0
2005-04-06,5525,2914948608.0
2005-04-07,5525,2904844800.0
2005-04-08,5525,2920000512.0
2005-04-11,5525,2914948608.0
2005-04-12,5525,2899792896.0
2005-04-13,5525,2889689088.0
2005-04-14,5525,2904844800.0
2005-04-15,5525,2829066240.0
2005-04-18,5525,2677509120.0
2005-04-19,5525,2697716736.0
2005-04-20,5525,2748235776.0
2005-04-21,5525,2869481472.0
2005-04-22,5525,2844221952.0
2005-04-25,5525,2844221952.0
2005-04-26,5525,2834118144.0
2005-04-27,5525,2793702912.0
2005-04-28,5525,2813910528.0
2005-04-29,5525,2778547200.0
2005-05-03,5525,2798754816.0
2005-05-04,5525,2788651008.0
2005-05-05,5525,2808858624.0
2005-05-06,5525,2808858624.0
2005-05-09,5525,2783599104.0
2005-05-10,5525,2768443392.0
2005-05-11,5525,2768443392.0
2005-05-12,5525,2738131968.0
2005-05-13,5525,2748235776.0
2005-05-16,5525,2677509120.0
2005-05-17,5525,2677509120.0
2005-05-18,5525,2687612928.0
2005-05-19,5525,2707820544.0
2005-05-20,5525,2768443392.0
2005-05-23,5525,2778547200.0
2005-05-24,5525,2758339584.0
2005-05-25,5525,2911730976.0
2005-05-26,5525,2933299354.0
2005-05-27,5525,2900946787.0
2005-05-30,5525,2890162598.0
2005-05-31,5525,2868594221.0
2005-06-01,5525,2868594221.0
2005-06-02,5525,2879378410.0
2005-06-03,5525,2987220298.0
2005-06-06,5525,3019572864.0
2005-06-07,5525,2987220298.0
2005-06-08,5525,3030357053.0
2005-06-09,5525,3003396581.0
2005-06-10,5525,2965651920.0
2005-06-13,5525,3116630563.0
2005-06-14,5525,3062709619.0
2005-06-15,5525,3073493808.0
2005-06-16,5525,3084277997.0
2005-06-17,5525,3073493808.0
2005-06-20,5525,3105846374.0
2005-06-21,5525,3127414752.0
2005-06-22,5525,3105846374.0
2005-06-23,5525,2911730976.0
2005-06-24,5525,2879378410.0
2005-06-27,5525,2852417938.0
2005-06-28,5525,2814673277.0
2005-06-29,5525,2760752333.0
2005-06-30,5525,2728399766.0
2005-07-01,5525,2717615578.0
2005-07-04,5525,2696047200.0
2005-07-05,5525,2652910445.0
2005-07-06,5525,2685263011.0
2005-07-07,5525,2685263011.0
2005-07-08,5525,2674478822.0
2005-07-11,5525,2674478822.0
2005-07-12,5525,2674478822.0
2005-07-13,5525,2674478822.0
2005-07-14,5525,2679870917.0
2005-07-15,5525,2674478822.0
2005-07-19,5525,2663694634.0
2005-07-20,5525,2647518350.0
2005-07-21,5525,2615165784.0
2005-07-22,5525,2663694634.0
2005-07-25,5525,2717615578.0
2005-07-26,5525,2717615578.0
2005-07-27,5525,2706831389.0
2005-07-28,5525,2674478822.0
2005-07-29,5525,2588205312.0
2005-08-01,5525,2566636934.0
2005-08-02,5525,2609773690.0
2005-08-03,5525,2210758704.0
2005-08-04,5525,2178406138.0
2005-08-08,5525,2194582421.0
2005-08-09,5525,2232327082.0
2005-08-10,5525,2226934987.0
2005-08-11,5525,2216150798.0
2005-08-12,5525,2216150798.0
2005-08-15,5525,2199974515.0
2005-08-16,5525,2199974515.0
2005-08-17,5525,2627028380.0
2005-08-18,5525,2633498893.0
2005-08-19,5525,2607616840.0
2005-08-22,5525,2594675813.0
2005-08-23,5525,2614087353.0
2005-08-24,5525,2607616840.0
2005-08-25,5525,2588205300.0
2005-08-26,5525,2601146327.0
2005-08-29,5525,2588205300.0
2005-08-30,5525,2529970681.0
2005-08-31,5525,2549382221.0
2005-09-02,5525,2588205300.0
2005-09-05,5525,2588205300.0
2005-09-06,5525,2639969406.0
2005-09-07,5525,2607616840.0
2005-09-08,5525,2614087353.0
2005-09-09,5525,2588205300.0
2005-09-12,5525,2588205300.0
2005-09-13,5525,2594675813.0
2005-09-14,5525,2588205300.0
2005-09-15,5525,2575264274.0
2005-09-16,5525,2568793760.0
2005-09-19,5525,2568793760.0
2005-09-20,5525,2620557866.0
2005-09-21,5525,2614087353.0
2005-09-22,5525,2639969406.0
2005-09-23,5525,2704674539.0
2005-09-26,5525,2711145052.0
2005-09-27,5525,2834084804.0
2005-09-28,5525,2924671989.0
2005-09-29,5525,2898789936.0
2005-09-30,5525,2898789936.0
2005-10-03,5525,2859966857.0
2005-10-04,5525,2795261724.0
2005-10-05,5525,2808202751.0
2005-10-06,5525,2821143777.0
2005-10-07,5525,2847025830.0
2005-10-11,5525,2859966857.0
2005-10-12,5525,2840555317.0
2005-10-13,5525,2801732237.0
2005-10-14,5525,2840555317.0
2005-10-17,5525,2834084804.0
2005-10-18,5525,2795261724.0
2005-10-19,5525,2704674539.0
2005-10-20,5525,2672321972.0
2005-10-21,5525,2665851459.0
2005-10-24,5525,2652910433.0
2005-10-25,5525,2646439919.0
2005-10-26,5525,2633498893.0
2005-10-27,5525,2601146327.0
2005-10-28,5525,2627028380.0
2005-10-31,5525,2665851459.0
2005-11-01,5525,2639969406.0
2005-11-02,5525,2627028380.0
2005-11-03,5525,2601146327.0
2005-11-04,5525,2627028380.0
2005-11-07,5525,2588205300.0
2005-11-08,5525,2607616840.0
2005-11-09,5525,2665851459.0
2005-11-10,5525,2717615565.0
2005-11-11,5525,2717615565.0
2005-11-14,5525,2678792486.0
2005-11-15,5525,2633498893.0
2005-11-16,5525,2614087353.0
2005-11-17,5525,2627028380.0
2005-11-18,5525,2652910433.0
2005-11-21,5525,2627028380.0
2005-11-22,5525,2646439919.0
2005-11-23,5525,2685262999.0
2005-11-24,5525,2652910433.0
2005-11-25,5525,2652910433.0
2005-11-28,5525,2652910433.0
2005-11-29,5525,2672321972.0
2005-11-30,5525,2724086078.0
2005-12-01,5525,2633498893.0
2005-12-02,5525,2665851459.0
2005-12-05,5525,2717615565.0
2005-12-06,5525,2691733512.0
2005-12-07,5525,2717615565.0
2005-12-08,5525,2730556592.0
2005-12-09,5525,2698204025.0
2005-12-12,5525,2711145052.0
2005-12-13,5525,2724086078.0
2005-12-14,5525,2717615565.0
2005-12-15,5525,2704674539.0
2005-12-16,5525,2892319423.0
2005-12-19,5525,2918201476.0
2005-12-20,5525,2879378396.0
2005-12-21,5525,2924671989.0
2005-12-22,5525,2918201476.0
2005-12-23,5525,2976436095.0
2005-12-26,5525,3054082254.0
2005-12-27,5525,2976436095.0
2005-12-28,5525,2969965582.0
2005-12-29,5525,2859966857.0
2005-12-30,5525,2911730963.0
2006-01-02,5525,2756438645.0
2006-01-03,5525,2834084804.0
2006-01-04,5525,2821143777.0
2006-01-05,5525,2859966857.0
2006-01-06,5525,2879378396.0
2006-01-09,5525,2911730963.0
2006-01-10,5525,2963495069.0
2006-01-11,5525,2995847635.0
2006-01-12,5525,2911730963.0
2006-01-13,5525,2847025830.0
2006-01-16,5525,2847025830.0
2006-01-17,5525,2859966857.0
2006-01-18,5525,2782320698.0
2006-01-19,5525,2859966857.0
2006-01-20,5525,2872907883.0
2006-01-23,5525,2782320698.0
2006-01-24,5525,2847025830.0
2006-01-25,5525,2821143777.0
2006-02-03,5525,2847025830.0
2006-02-06,5525,2885848910.0
2006-02-07,5525,2859966857.0
2006-02-08,5525,2879378396.0
2006-02-09,5525,2853496343.0
2006-02-10,5525,2847025830.0
2006-02-13,5525,2801732237.0
2006-02-14,5525,2808202751.0
2006-02-15,5525,2775850184.0
2006-02-16,5525,2775850184.0
2006-02-17,5525,2788791211.0
2006-02-20,5525,2788791211.0
2006-02-21,5525,2782320698.0
2006-02-22,5525,2730556592.0
2006-02-23,5525,2704674539.0
2006-02-24,5525,2711145052.0
2006-02-27,5525,2711145052.0
2006-03-01,5525,2665851459.0
2006-03-02,5525,2685262999.0
2006-03-03,5525,2665851459.0
2006-03-06,5525,2652910433.0
2006-03-07,5525,2627028380.0
2006-03-08,5525,2639969406.0
2006-03-09,5525,2678792486.0
2006-03-10,5525,2672321972.0
2006-03-13,5525,2698204025.0
2006-03-14,5525,2711145052.0
2006-03-15,5525,2717615565.0
2006-03-16,5525,2711145052.0
2006-03-17,5525,2704674539.0
2006-03-20,5525,2711145052.0
2006-03-21,5525,2711145052.0
2006-03-22,5525,2730556592.0
2006-03-23,5525,2704674539.0
2006-03-24,5525,2704674539.0
2006-03-27,5525,2704674539.0
2006-03-28,5525,2704674539.0
2006-03-29,5525,2698204025.0
2006-03-30,5525,2691733512.0
2006-03-31,5525,2698204025.0
2006-04-03,5525,2691733512.0
2006-04-04,5525,2743497618.0
2006-04-06,5525,2730556592.0
2006-04-07,5525,2756438645.0
2006-04-10,5525,2743497618.0
2006-04-11,5525,2769379671.0
2006-04-12,5525,2808202751.0
2006-04-13,5525,2885848910.0
2006-04-14,5525,2892319423.0
2006-04-17,5525,2963495069.0
2006-04-18,5525,2937613016.0
2006-04-19,5525,2950554042.0
2006-04-20,5525,2911730963.0
2006-04-21,5525,3067023281.0
2006-04-24,5525,3280550218.0
2006-04-25,5525,3507018182.0
2006-04-26,5525,3746427172.0
2006-04-27,5525,3830543844.0
2006-04-28,5525,3636428447.0
2006-05-02,5525,3888778463.0
2006-05-03,5525,3862896410.0
2006-05-04,5525,4128187454.0
2006-05-05,5525,3843484871.0
2006-05-08,5525,4108775914.0
2006-05-09,5525,4387007984.0
2006-05-10,5525,4555241328.0
2006-05-11,5525,4367596444.0
2006-05-12,5525,4464654143.0
2006-05-15,5525,4335243878.0
2006-05-16,5525,4218774639.0
2006-05-17,5525,4205833613.0
2006-05-18,5525,4154069507.0
2006-05-19,5525,4102305401.0
2006-05-22,5525,3953483596.0
2006-05-23,5525,3830543844.0
2006-05-24,5525,4095834887.0
2006-05-25,5525,4231715666.0
2006-05-26,5525,4205833613.0
2006-05-29,5525,4115246427.0
2006-05-30,5525,3856425897.0
2006-06-01,5525,3921131030.0
2006-06-02,5525,4011718215.0
2006-06-05,5525,3733486145.0
2006-06-06,5525,3519959208.0
2006-06-07,5525,3429372023.0
2006-06-08,5525,3189963032.0
2006-06-09,5525,3235256625.0
2006-06-12,5525,3461724589.0
2006-06-13,5525,3545841261.0
2006-06-14,5525,3642898960.0
2006-06-15,5525,3578193827.0
2006-06-16,5525,3688192553.0
2006-06-19,5525,3765838712.0
2006-06-20,5525,3571723314.0
2006-06-21,5525,3507018182.0
2006-06-22,5525,3701133579.0
2006-06-23,5525,3675251526.0
2006-06-26,5525,3727015632.0
2006-06-27,5525,3765838712.0
2006-06-28,5525,3765838712.0
2006-06-29,5525,3914660516.0
2006-06-30,5525,3817602818.0
2006-07-03,5525,4082893861.0
2006-07-04,5525,4296420798.0
2006-07-05,5525,4548770815.0
2006-07-06,5525,4412890037.0
2006-07-07,5525,4218774639.0
2006-07-10,5525,4205833613.0
2006-07-11,5525,4076423348.0
2006-07-12,5525,4095834887.0
2006-07-13,5525,4037600268.0
2006-07-14,5525,3972895136.0
2006-07-17,5525,3746427172.0
2006-07-18,5525,3752897685.0
2006-07-19,5525,3856425897.0
2006-07-20,5525,3947013083.0
2006-07-21,5525,3947013083.0
2006-07-24,5525,3927601543.0
2006-07-25,5525,4063482321.0
2006-07-26,5525,4063482321.0
2006-07-27,5525,4037600268.0
2006-07-28,5525,4147598993.0
2006-07-31,5525,4011718215.0
2006-08-01,5525,4024659242.0
2006-08-02,5525,4095834887.0
2006-08-03,5525,4011718215.0
2006-08-04,5525,4011718215.0
2006-08-07,5525,3901719490.0
2006-08-08,5525,3927601543.0
2006-08-09,5525,3947013083.0
2006-08-10,5525,3934072056.0
2006-08-11,5525,4037600268.0
2006-08-14,5525,4037600268.0
2006-08-15,5525,3985836162.0
2006-08-16,5525,3953483596.0
2006-08-17,5525,3972895136.0
2006-08-18,5525,3985836162.0
2006-08-21,5525,3791720765.0
2006-08-22,5525,3824073331.0
2006-08-23,5525,3817602818.0
2006-08-24,5525,3752897685.0
2006-08-25,5525,3778779738.0
2006-08-28,5525,3623487420.0
2006-08-29,5525,3545841261.0
2006-08-30,5525,3623487420.0
2006-08-31,5525,3610546394.0
2006-09-01,5525,3610546394.0
2006-09-04,5525,3856425897.0
2006-09-05,5525,3804661791.0
2006-09-06,5525,3746427172.0
2006-09-07,5525,3778779738.0
2006-09-08,5525,3746427172.0
2006-09-11,5525,3830543844.0
2006-09-12,5525,3254668165.0
2006-09-13,5525,3183492519.0
2006-09-14,5525,3105846360.0
2006-09-15,5525,3144669440.0
2006-09-18,5525,3274079705.0
2006-09-19,5525,3248197652.0
2006-09-20,5525,3287020731.0
2006-09-21,5525,3351725864.0
2006-09-22,5525,3364666890.0
2006-09-25,5525,3442313049.0
2006-09-26,5525,3364666890.0
2006-09-27,5525,3416430996.0
2006-09-28,5525,3371137403.0
2006-09-29,5525,3377607917.0
2006-10-02,5525,3390548943.0
2006-10-03,5525,3623487420.0
2006-10-04,5525,4121069874.0
2006-10-05,5525,4085482052.0
2006-10-11,5525,4370184634.0
2006-10-12,5525,4412890021.0
2006-10-13,5525,4398654892.0
2006-10-16,5525,4811473636.0
2006-10-17,5525,4839943894.0
2006-10-18,5525,4953824927.0
2006-10-19,5525,5153116734.0
2006-10-20,5525,4953824927.0
2006-10-23,5525,5060588395.0
2006-10-24,5525,4953824927.0
2006-10-25,5525,4783003378.0
2006-10-26,5525,5046353266.0
2006-10-27,5525,5032118137.0
2006-10-30,5525,5067705960.0
2006-10-31,5525,5067705960.0
2006-11-01,5525,5017883008.0
2006-11-02,5525,5010765443.0
2006-11-03,5525,5053470831.0
2006-11-06,5525,5124646476.0
2006-11-07,5525,5096176218.0
2006-11-08,5525,5452054445.0
2006-11-09,5525,5452054445.0
2006-11-10,5525,5551700349.0
2006-11-13,5525,5409349058.0
2006-11-14,5525,5416466623.0
2006-11-15,5525,5380878800.0
2006-11-16,5525,5338173413.0
2006-11-17,5525,5480524704.0
2006-11-20,5525,5380878800.0
2006-11-21,5525,5238527509.0
2006-11-22,5525,5181586992.0
2006-11-23,5525,5224292380.0
2006-11-24,5525,5210057251.0
2006-11-27,5525,5160234299.0
2006-11-28,5525,5117528911.0
2006-11-29,5525,5138881605.0
2006-11-30,5525,5103293782.0
2006-12-01,5525,5252762638.0
2006-12-04,5525,5544582784.0
2006-12-05,5525,5452054445.0
2006-12-06,5525,5437819316.0
2006-12-07,5525,5416466623.0
2006-12-08,5525,5793697544.0
2006-12-11,5525,6192281159.0
2006-12-12,5525,6355985143.0
2006-12-13,5525,6405808095.0
2006-12-14,5525,6277691933.0
2006-12-15,5525,6448513482.0
2006-12-18,5525,6391572966.0
2006-12-19,5525,6263456804.0
2006-12-20,5525,6263456804.0
2006-12-21,5525,6064164997.0
2006-12-22,5525,6049929868.0
2006-12-25,5525,6064164997.0
2006-12-26,5525,6121105513.0
2006-12-27,5525,6064164997.0
2006-12-28,5525,5836402931.0
2006-12-29,5525,6035694738.0
2007-01-02,5525,5850638060.0
2007-01-03,5525,5765227286.0
2007-01-04,5525,5694051640.0
2007-01-05,5525,5800815108.0
2007-01-08,5525,5879108318.0
2007-01-09,5525,5879108318.0
2007-01-10,5525,5836402931.0
2007-01-11,5525,5694051640.0
2007-01-12,5525,5694051640.0
2007-01-15,5525,5622875995.0
2007-01-16,5525,5651346253.0
2007-01-17,5525,5722521898.0
2007-01-18,5525,5665581382.0
2007-01-19,5525,5622875995.0
2007-01-22,5525,5622875995.0
2007-01-23,5525,5622875995.0
2007-01-24,5525,5608640865.0
2007-01-25,5525,5608640865.0
2007-01-26,5525,5608640865.0
2007-01-29,5525,5708286769.0
2007-01-30,5525,5686934075.0
2007-01-31,5525,5672698946.0
2007-02-01,5525,5644228688.0
2007-02-02,5525,5601523301.0
2007-02-05,5525,5637111124.0
2007-02-06,5525,5615758430.0
2007-02-07,5525,5480524704.0
2007-02-08,5525,5338173413.0
2007-02-09,5525,5331055848.0
2007-02-12,5525,5266997767.0
2007-02-13,5525,5281232896.0
2007-02-14,5525,5238527509.0
2007-02-26,5525,5601523301.0
2007-02-27,5525,5836402931.0
2007-03-01,5525,5565935478.0
2007-03-02,5525,5565935478.0
2007-03-05,5525,5145999170.0
2007-03-06,5525,5331055848.0
2007-03-07,5525,5331055848.0
2007-03-08,5525,5352408542.0
2007-03-09,5525,5352408542.0
2007-03-12,5525,5373761235.0
2007-03-13,5525,5387996364.0
2007-03-14,5525,5473407139.0
2007-03-15,5525,5480524704.0
2007-03-16,5525,5430701752.0
2007-03-19,5525,5807932673.0
2007-03-20,5525,5608640865.0
2007-03-21,5525,5665581382.0
2007-03-22,5525,5658463817.0
2007-03-23,5525,5629993559.0
2007-03-26,5525,5836402931.0
2007-03-27,5525,5907578577.0
2007-03-28,5525,5850638060.0
2007-03-29,5525,5765227286.0
2007-03-30,5525,5629993559.0
2007-04-02,5525,5708286769.0
2007-04-03,5525,5807932673.0
2007-04-04,5525,5793697544.0
2007-04-09,5525,5793697544.0
2007-04-10,5525,5765227286.0
2007-04-11,5525,5793697544.0
2007-04-12,5525,5807932673.0
2007-04-13,5525,5800815108.0
2007-04-16,5525,5807932673.0
2007-04-17,5525,5758109721.0
2007-04-18,5525,6064164997.0
2007-04-19,5525,5850638060.0
2007-04-20,5525,5850638060.0
2007-04-23,5525,5886225883.0
2007-04-24,5525,6021459609.0
2007-04-25,5525,6021459609.0
2007-04-26,5525,5978754222.0
2007-04-27,5525,5950283964.0
2007-04-30,5525,5836402931.0
2007-05-02,5525,5701169205.0
2007-05-03,5525,5523230091.0
2007-05-04,5525,5608640865.0
2007-05-07,5525,5793697544.0
2007-05-08,5525,5729639463.0
2007-05-09,5525,5779462415.0
2007-05-10,5525,5779462415.0
2007-05-11,5525,5665581382.0
2007-05-14,5525,5580170607.0
2007-05-15,5525,5494759833.0
2007-05-16,5525,5537465220.0
2007-05-17,5525,5608640865.0
2007-05-18,5525,5637111124.0
2007-05-21,5525,5736757027.0
2007-05-22,5525,5694051640.0
2007-05-23,5525,6092635255.0
2007-05-24,5525,6085517690.0
2007-05-25,5525,6121105513.0
2007-05-28,5525,6113987948.0
2007-05-29,5525,6049929868.0
2007-05-30,5525,5978754222.0
2007-05-31,5525,6049929868.0
2007-06-01,5525,6007224480.0
2007-06-04,5525,6007224480.0
2007-06-05,5525,5879108318.0
2007-06-06,5525,5864873189.0
2007-06-07,5525,5900461012.0
2007-06-08,5525,5779462415.0
2007-06-11,5525,5750992156.0
2007-06-12,5525,5694051640.0
2007-06-13,5525,5936048835.0
2007-06-14,5525,5957401528.0
2007-06-15,5525,6135340642.0
2007-06-20,5525,5992989351.0
2007-06-21,5525,5921813706.0
2007-06-22,5525,5964519093.0
2007-06-25,5525,6021459609.0
2007-06-26,5525,5879108318.0
2007-06-27,5525,5978754222.0
2007-06-28,5525,5907578577.0
2007-06-29,5525,5779462415.0
2007-07-02,5525,5836402931.0
2007-07-03,5525,5936048835.0
2007-07-04,5525,6135340642.0
2007-07-05,5525,6071282561.0
2007-07-06,5525,6049929868.0
2007-07-09,5525,6049929868.0
2007-07-10,5525,5914696141.0
2007-07-11,5525,5850638060.0
2007-07-12,5525,5921813706.0
2007-07-13,5525,5943166399.0
2007-07-16,5525,5992989351.0
2007-07-17,5525,6092635255.0
2007-07-18,5525,6512571563.0
2007-07-19,5525,6491218870.0
2007-07-20,5525,6405808095.0
2007-07-23,5525,6548159386.0
2007-07-24,5525,6348867579.0
2007-07-25,5525,6690510677.0
2007-07-26,5525,6975213259.0
2007-07-27,5525,7074859163.0
2007-07-30,5525,7331091487.0
2007-07-31,5525,7245680712.0
2007-08-01,5525,6975213259.0
2007-08-02,5525,6832861968.0
2007-08-03,5525,6761686323.0
2007-08-06,5525,6690510677.0
2007-08-07,5525,6548159386.0
2007-08-08,5525,6533924257.0
2007-08-09,5525,6612217467.0
2007-08-10,5525,6405808095.0
2007-08-13,5525,6405808095.0
2007-08-14,5525,6192281159.0
2007-08-15,5525,5978754222.0
2007-08-16,5525,5622875995.0
2007-08-17,5525,5480524704.0
2007-08-20,5525,5694051640.0
2007-08-21,5525,5551700349.0
2007-08-22,5525,5480524704.0
2007-08-23,5525,5857755625.0
2007-08-24,5525,5743874592.0
2007-08-27,5525,5694051640.0
2007-08-28,5525,5651346253.0
2007-08-29,5525,5622875995.0
2007-08-30,5525,5622875995.0
2007-08-31,5525,5594405736.0
2007-09-03,5525,5651346253.0
2007-09-04,5525,5551700349.0
2007-09-05,5525,5523230091.0
2007-09-06,5525,5480524704.0
2007-09-07,5525,5473407139.0
2007-09-10,5525,5409349058.0
2007-09-11,5525,5480524704.0
2007-09-12,5525,5416466623.0
2007-09-13,5525,5380878800.0
2007-09-14,5525,5380878800.0
2007-09-17,5525,5380878800.0
2007-09-19,5525,5423584187.0
2007-09-20,5525,5452054445.0
2007-09-21,5525,5722521898.0
2007-09-26,5525,5665581382.0
2007-09-27,5525,5665581382.0
2007-09-28,5525,5565935478.0
2007-10-01,5525,5594405736.0
2007-10-02,5525,5679816511.0
2007-10-03,5525,5266997767.0
2007-10-04,5525,5167351863.0
2007-10-05,5525,5096176218.0
2007-10-08,5525,5025000572.0
2007-10-09,5525,4911119540.0
2007-10-11,5525,4968060056.0
2007-10-12,5525,4911119540.0
2007-10-15,5525,4904001975.0
2007-10-16,5525,4797238507.0
2007-10-17,5525,4768768249.0
2007-10-18,5525,4697592603.0
2007-10-19,5525,4825708765.0
2007-10-22,5525,4697592603.0
2007-10-23,5525,4761650684.0
2007-10-24,5525,4825708765.0
2007-10-25,5525,5190839823.0
2007-10-26,5525,5214327786.0
2007-10-29,5525,5292620996.0
2007-10-30,5525,5308279638.0
2007-10-31,5525,5308279638.0
2007-11-01,5525,5480524700.0
2007-11-02,5525,5355255564.0
2007-11-05,5525,5245645070.0
2007-11-06,5525,5222157107.0
2007-11-07,5525,5198669144.0
2007-11-08,5525,5151693218.0
2007-11-09,5525,4807203094.0
2007-11-12,5525,4517518217.0
2007-11-13,5525,4658445995.0
2007-11-14,5525,4854179020.0
2007-11-15,5525,4799373773.0
2007-11-16,5525,4634958032.0
2007-11-19,5525,4501859575.0
2007-11-20,5525,4501859575.0
2007-11-21,5525,4548835501.0
2007-11-22,5525,4541006180.0
2007-11-23,5525,4541006180.0
2007-11-26,5525,4548835501.0
2007-11-27,5525,4439225007.0
2007-11-28,5525,4407907723.0
2007-11-29,5525,4400078402.0
2007-11-30,5525,4619299390.0
2007-12-03,5525,4666275316.0
2007-12-04,5525,4619299390.0
2007-12-05,5525,4627128711.0
2007-12-06,5525,4681933958.0
2007-12-07,5525,4697592600.0
2007-12-10,5525,4854179020.0
2007-12-11,5525,4713251242.0
2007-12-12,5525,4736739205.0
2007-12-13,5525,4650616674.0
2007-12-14,5525,4462712970.0
2007-12-17,5525,4157369451.0
2007-12-18,5525,4298297229.0
2007-12-19,5525,4595811427.0
2007-12-20,5525,4595811427.0
2007-12-21,5525,4478371612.0
2007-12-24,5525,4478371612.0
2007-12-25,5525,4478371612.0
2007-12-26,5525,4447054328.0
2007-12-27,5525,4462712970.0
2007-12-28,5525,4595811427.0
2007-12-31,5525,4595811427.0
2008-01-02,5525,4807203094.0
2008-01-03,5525,4697592600.0
2008-01-04,5525,4901154946.0
2008-01-07,5525,4681933958.0
2008-01-08,5525,4674104637.0
2008-01-09,5525,4587982106.0
2008-01-10,5525,4619299390.0
2008-01-11,5525,4548835501.0
2008-01-14,5525,4697592600.0
2008-01-15,5525,5026424082.0
2008-01-16,5525,5034253403.0
2008-01-17,5525,4775885810.0
2008-01-18,5525,4885496304.0
2008-01-21,5525,5073400008.0
2008-01-22,5525,4721080563.0
2008-01-23,5525,4392249081.0
2008-01-24,5525,4541006180.0
2008-01-25,5525,4595811427.0
2008-01-28,5525,4400078402.0
2008-01-29,5525,4266979945.0
2008-01-30,5525,4282638587.0
2008-01-31,5525,4251321303.0
2008-02-01,5525,4454883649.0
2008-02-12,5525,4556664822.0
2008-02-13,5525,4415737044.0
2008-02-14,5525,4462712970.0
2008-02-15,5525,4447054328.0
2008-02-18,5525,4494030254.0
2008-02-19,5525,4556664822.0
2008-02-20,5525,4525347538.0
2008-02-21,5525,4658445995.0
2008-02-22,5525,4775885810.0
2008-02-25,5525,5104717292.0
2008-02-26,5525,5190839823.0
2008-02-27,5525,5167351860.0
2008-02-29,5525,5229986428.0
2008-03-03,5525,5198669144.0
2008-03-04,5525,5558817910.0
2008-03-05,5525,5480524700.0
2008-03-06,5525,5370914206.0
2008-03-07,5525,5245645070.0
2008-03-10,5525,4979448156.0
2008-03-11,5525,5245645070.0
2008-03-12,5525,5245645070.0
2008-03-13,5525,5214327786.0
2008-03-14,5525,5151693218.0
2008-03-17,5525,5214327786.0
2008-03-18,5525,5151693218.0
2008-03-19,5525,5167351860.0
2008-03-20,5525,5245645070.0
2008-03-21,5525,5316108959.0
2008-03-24,5525,5684087046.0
2008-03-25,5525,5746721614.0
2008-03-26,5525,6146016985.0
2008-03-27,5525,6373067294.0
2008-03-28,5525,6365237973.0
2008-03-31,5525,6192992911.0
2008-04-01,5525,5840673466.0
2008-04-02,5525,6146016985.0
2008-04-03,5525,6294774084.0
2008-04-07,5525,6420043220.0
2008-04-08,5525,6404384578.0
2008-04-09,5525,6756704023.0
2008-04-10,5525,6858485196.0
2008-04-11,5525,7336073777.0
2008-04-14,5525,7422196308.0
2008-04-15,5525,7359561740.0
2008-04-16,5525,7860638284.0
2008-04-17,5525,8408690754.0
2008-04-18,5525,8471325322.0
2008-04-21,5525,7891955568.0
2008-04-22,5525,7923272852.0
2008-04-23,5525,7672734580.0
2008-04-24,5525,7594441370.0
2008-04-25,5525,7069876863.0
2008-04-28,5525,7195145999.0
2008-04-29,5525,6694069455.0
2008-04-30,5525,6694069455.0
2008-05-02,5525,6529653714.0
2008-05-05,5525,6326091368.0
2008-05-06,5525,6701898776.0
2008-05-07,5525,6952437048.0
2008-05-08,5525,7132511431.0
2008-05-09,5525,7547465444.0
2008-05-12,5525,7594441370.0
2008-05-13,5525,7445684271.0
2008-05-14,5525,7437854950.0
2008-05-15,5525,7453513592.0
2008-05-16,5525,7453513592.0
2008-05-19,5525,7437854950.0
2008-05-20,5525,7077706184.0
2008-05-21,5525,6952437048.0
2008-05-22,5525,7046388900.0
2008-05-23,5525,7140340752.0
2008-05-26,5525,6983754332.0
2008-05-27,5525,7046388900.0
2008-05-28,5525,6999412974.0
2008-05-29,5525,6928949085.0
2008-05-30,5525,6513995072.0
2008-06-02,5525,6263456800.0
2008-06-03,5525,6263456800.0
2008-06-04,5525,6271286121.0
2008-06-05,5525,6341750010.0
2008-06-06,5525,6498336430.0
2008-06-09,5525,6294774084.0
2008-06-10,5525,6036406491.0
2008-06-11,5525,5825014824.0
2008-06-12,5525,5480524700.0
2008-06-13,5525,5363084885.0
2008-06-16,5525,5323938280.0
2008-06-17,5525,5245645070.0
2008-06-18,5525,5183010502.0
2008-06-19,5525,5198669144.0
2008-06-20,5525,4846349699.0
2008-06-23,5525,4681933958.0
2008-06-24,5525,4486200933.0
2008-06-25,5525,4799373773.0
2008-06-26,5525,4775885810.0
2008-06-27,5525,4447054328.0
2008-06-30,5525,4180857414.0
2008-07-01,5525,3945977784.0
2008-07-02,5525,4086905562.0
2008-07-03,5525,4321785192.0
2008-07-04,5525,4173028093.0
2008-07-07,5525,4180857414.0
2008-07-08,5525,4008612352.0
2008-07-09,5525,4102564204.0
2008-07-10,5525,4180857414.0
2008-07-11,5525,4227833340.0
2008-07-14,5525,4188686735.0
2008-07-15,5525,3899001858.0
2008-07-16,5525,3632804944.0
2008-07-17,5525,3632804944.0
2008-07-18,5525,3397925314.0
2008-07-21,5525,3554511734.0
2008-07-22,5525,3593658339.0
2008-07-23,5525,3789391364.0
2008-07-24,5525,3961636426.0
2008-07-25,5525,3930319142.0
2008-07-29,5525,3773732722.0
2008-07-30,5525,3758074080.0
2008-07-31,5525,3695439512.0
2008-08-01,5525,3507535808.0
2008-08-04,5525,3397925314.0
2008-08-05,5525,3358778709.0
2008-08-06,5525,3593658339.0
2008-08-07,5525,3570170376.0
2008-08-08,5525,3570170376.0
2008-08-11,5525,3726756796.0
2008-08-12,5525,3538853092.0
2008-08-13,5525,3617146302.0
2008-08-14,5525,3711098154.0
2008-08-15,5525,3570170376.0
2008-08-18,5525,3421413277.0
2008-08-19,5525,3460559882.0
2008-08-20,5525,3538853092.0
2008-08-21,5525,3499706487.0
2008-08-22,5525,3538853092.0
2008-08-25,5525,3648463586.0
2008-08-26,5525,3742415438.0
2008-08-27,5525,3820708648.0
2008-08-28,5525,3852025932.0
2008-08-29,5525,3891172537.0
2008-09-01,5525,3718927475.0
2008-09-02,5525,3664122228.0
2008-09-03,5525,3421413277.0
2008-09-04,5525,3241338894.0
2008-09-05,5525,3202192289.0
2008-09-08,5525,3421413277.0
2008-09-09,5525,2763750313.0
2008-09-10,5525,2842043523.0
2008-09-11,5525,2818555560.0
2008-09-12,5525,2685457103.0
2008-09-15,5525,2497553399.0
2008-09-16,5525,2325308337.0
2008-09-17,5525,2168721917.0
2008-09-18,5525,2019964818.0
2008-09-19,5525,2160892596.0
2008-09-22,5525,2301820374.0
2008-09-23,5525,2458406794.0
2008-09-24,5525,2427089510.0
2008-09-25,5525,2309649695.0
2008-09-26,5525,2168721917.0
2008-09-30,5525,2051282102.0
2008-10-01,5525,2035623460.0
2008-10-02,5525,2176551238.0
2008-10-03,5525,2636288962.0
2008-10-06,5525,2550323017.0
2008-10-07,5525,2502564159.0
2008-10-08,5525,2445253530.0
2008-10-09,5525,2282873412.0
2008-10-13,5525,2206459240.0
2008-10-14,5525,2340184042.0
2008-10-15,5525,2368839357.0
2008-10-16,5525,2311528727.0
2008-10-17,5525,2244666326.0
2008-10-20,5525,2282873412.0
2008-10-21,5525,2292425184.0
2008-10-22,5525,2216011011.0
2008-10-23,5525,2139596838.0
2008-10-24,5525,2072734437.0
2008-10-27,5525,1929457863.0
2008-10-28,5525,1889340422.0
2008-10-29,5525,1814836604.0
2008-10-30,5525,1939009635.0
2008-10-31,5525,2072734437.0
2008-11-03,5525,2187355696.0
2008-11-04,5525,2063182666.0
2008-11-05,5525,2187355696.0
2008-11-06,5525,2034527351.0
2008-11-07,5525,2091837980.0
2008-11-10,5525,2139596838.0
2008-11-11,5525,2015423808.0
2008-11-12,5525,1910354320.0
2008-11-13,5525,2044079122.0
2008-11-14,5525,1929457863.0
2008-11-18,5525,1767077746.0
2008-11-19,5525,1839671210.0
2008-11-20,5525,1767077746.0
2008-11-21,5525,1853043690.0
2008-11-24,5525,1833940147.0
2008-11-25,5525,1958113178.0
2008-11-26,5525,1967664950.0
2008-11-27,5525,2063182666.0
2008-11-28,5525,1986768493.0
2008-12-01,5525,2015423808.0
2008-12-02,5525,1910354320.0
2008-12-03,5525,1910354320.0
2008-12-04,5525,1858774753.0
2008-12-05,5525,1853043690.0
2008-12-08,5525,1919906092.0
2008-12-09,5525,1910354320.0
2008-12-10,5525,1996320264.0
2008-12-11,5525,2005872036.0
2008-12-12,5525,2005872036.0
2008-12-15,5525,2044079122.0
2008-12-16,5525,1977216721.0
2008-12-17,5525,2024975579.0
2008-12-18,5525,2120493295.0
2008-12-19,5525,1996320264.0
2008-12-22,5525,1910354320.0
2008-12-23,5525,1862595462.0
2008-12-24,5525,1843491919.0
2008-12-25,5525,1889340422.0
2008-12-26,5525,1872147234.0
2008-12-29,5525,1845402273.0
2008-12-30,5525,1891250777.0
2008-12-31,5525,1887430068.0
2009-01-05,5525,1910354320.0
2009-01-06,5525,1900802548.0
2009-01-07,5525,1977216721.0
2009-01-08,5525,1910354320.0
2009-01-09,5525,1910354320.0
2009-01-12,5525,1910354320.0
2009-01-13,5525,1929457863.0
2009-01-14,5525,1948561406.0
2009-01-15,5525,1833940147.0
2009-01-16,5525,1832029793.0
2009-01-19,5525,1841581564.0
2009-01-20,5525,1788091644.0
2009-01-21,5525,1782360581.0
2009-02-02,5525,1759436329.0
2009-02-03,5525,1790001998.0
2009-02-04,5525,1780450226.0
2009-02-05,5525,1776629518.0
2009-02-06,5525,1790001998.0
2009-02-09,5525,1790001998.0
2009-02-10,5525,1799553769.0
2009-02-11,5525,1790001998.0
2009-02-12,5525,1801464124.0
2009-02-13,5525,1837760856.0
2009-02-16,5525,1837760856.0
2009-02-17,5525,1832029793.0
2009-02-18,5525,1814836604.0
2009-02-19,5525,1811015895.0
2009-02-20,5525,1790001998.0
2009-02-23,5525,1795733061.0
2009-02-24,5525,1755615620.0
2009-02-25,5525,1763257037.0
2009-02-26,5525,1751794911.0
2009-02-27,5525,1749884557.0
2009-03-02,5525,1686842865.0
2009-03-03,5525,1623801172.0
2009-03-04,5525,1623801172.0
2009-03-05,5525,1665828967.0
2009-03-06,5525,1662008258.0
2009-03-09,5525,1667739321.0
2009-03-10,5525,1671560030.0
2009-03-11,5525,1709767116.0
2009-03-12,5525,1747974203.0
2009-03-13,5525,1772808809.0
2009-03-16,5525,1895071485.0
2009-03-17,5525,1910354320.0
2009-03-18,5525,1929457863.0
2009-03-19,5525,2063182666.0
2009-03-20,5525,1996320264.0
2009-03-23,5525,2130045067.0
2009-03-24,5525,2273321641.0
2009-03-25,5525,2426149986.0
2009-03-26,5525,2588530104.0
2009-03-27,5525,2645840733.0
2009-03-30,5525,2464357073.0
2009-03-31,5525,2378391128.0
2009-04-01,5525,2540771246.0
2009-04-02,5525,2712703134.0
2009-04-03,5525,2894186795.0
2009-04-06,5525,2846427937.0
2009-04-07,5525,2903738566.0
2009-04-08,5525,2779565536.0
2009-04-09,5525,2961049196.0
2009-04-10,5525,3161636400.0
2009-04-13,5525,3381327146.0
2009-04-14,5525,3324016517.0
2009-04-15,5525,3409982461.0
2009-04-16,5525,3610569665.0
2009-04-17,5525,3362223603.0
2009-04-20,5525,3132981085.0
2009-04-21,5525,3343120060.0
2009-04-22,5525,3419534233.0
2009-04-23,5525,3304912974.0
2009-04-24,5525,3381327146.0
2009-04-27,5525,3152084628.0
2009-04-28,5525,2932393881.0
2009-04-29,5525,2922842110.0
2009-04-30,5525,3123429313.0
2009-05-04,5525,3333568288.0
2009-05-05,5525,3371775375.0
2009-05-06,5525,3486396634.0
2009-05-07,5525,3725190924.0
2009-05-08,5525,3515051949.0
2009-05-11,5525,3639224980.0
2009-05-12,5525,3438637776.0
2009-05-13,5525,3419534233.0
2009-05-14,5525,3438637776.0
2009-05-15,5525,3629673208.0
2009-05-18,5525,3667880294.0
2009-05-19,5525,3629673208.0
2009-05-20,5525,3495948406.0
2009-05-21,5525,3620121436.0
2009-05-22,5525,3782501554.0
2009-05-25,5525,3916226356.0
2009-05-26,5525,3963985214.0
2009-05-27,5525,4069054702.0
2009-06-01,5525,4164572418.0
2009-06-02,5525,3983088757.0
2009-06-03,5525,3706087381.0
2009-06-04,5525,3648776751.0
2009-06-05,5525,3677432066.0
2009-06-08,5525,3658328523.0
2009-06-09,5525,3409982461.0
2009-06-10,5525,3247602344.0
2009-06-11,5525,3409982461.0
2009-06-15,5525,3228498801.0
2009-06-16,5525,3209395258.0
2009-06-17,5525,3247602344.0
2009-06-18,5525,3247602344.0
2009-06-19,5525,3304912974.0
2009-06-22,5525,3362223603.0
2009-06-23,5525,3438637776.0
2009-06-24,5525,3534155492.0
2009-06-25,5525,3686983838.0
2009-06-26,5525,3686983838.0
2009-06-29,5525,3553259035.0
2009-06-30,5525,3467293091.0
2009-07-01,5525,3601017893.0
2009-07-02,5525,3772949782.0
2009-07-03,5525,3725190924.0
2009-07-06,5525,3820708640.0
2009-07-07,5525,3801605097.0
2009-07-08,5525,3744294467.0
2009-07-09,5525,3706087381.0
2009-07-10,5525,3591466122.0
2009-07-13,5525,3352671832.0
2009-07-14,5525,3486396634.0
2009-07-15,5525,3486396634.0
2009-07-16,5525,3457741319.0
2009-07-17,5525,3505500177.0
2009-07-20,5525,3495948406.0
2009-07-21,5525,3457741319.0
2009-07-22,5525,3467293091.0
2009-07-23,5525,3467293091.0
2009-07-24,5525,3457741319.0
2009-07-27,5525,3390878918.0
2009-07-28,5525,3457741319.0
2009-07-29,5525,3438637776.0
2009-07-30,5525,3400430690.0
2009-07-31,5525,3448189548.0
2009-08-03,5525,3438637776.0
2009-08-04,5525,3400430690.0
2009-08-05,5525,3324016517.0
2009-08-06,5525,3276257659.0
2009-08-10,5525,3276257659.0
2009-08-11,5525,3343120060.0
2009-08-12,5525,3304912974.0
2009-08-13,5525,3285809430.0
2009-08-14,5525,3276257659.0
2009-08-17,5525,3266705887.0
2009-08-18,5525,3209395258.0
2009-08-19,5525,3228498801.0
2009-08-20,5525,3190291714.0
2009-08-21,5525,3132981085.0
2009-08-24,5525,3161636400.0
2009-08-25,5525,3171188171.0
2009-08-26,5525,3075670455.0
2009-08-27,5525,3085222227.0
2009-08-28,5525,3056566912.0
2009-08-31,5525,3190291714.0
2009-09-01,5525,3209395258.0
2009-09-02,5525,3371775375.0
2009-09-03,5525,3285809430.0
2009-09-04,5525,3352671832.0
2009-09-07,5525,3457741319.0
2009-09-08,5525,3495948406.0
2009-09-09,5525,3505500177.0
2009-09-10,5525,3132981085.0
2009-09-11,5525,3180739943.0
2009-09-14,5525,3132981085.0
2009-09-15,5525,3209395258.0
2009-09-16,5525,3285809430.0
2009-09-17,5525,3381327146.0
2009-09-18,5525,3343120060.0
2009-09-21,5525,3333568288.0
2009-09-22,5525,3285809430.0
2009-09-23,5525,3161636400.0
2009-09-24,5525,3161636400.0
2009-09-25,5525,3171188171.0
2009-09-28,5525,3161636400.0
2009-09-29,5525,3209395258.0
2009-09-30,5525,3247602344.0
2009-10-01,5525,3324016517.0
2009-10-02,5525,3304912974.0
2009-10-05,5525,3324016517.0
2009-10-06,5525,3645911216.0
2009-10-07,5525,3635404268.0
2009-10-08,5525,3845543243.0
2009-10-09,5525,3824529345.0
2009-10-12,5525,3824529345.0
2009-10-13,5525,3866557140.0
2009-10-14,5525,3992640525.0
2009-10-15,5525,3992640525.0
2009-10-16,5525,4181765602.0
2009-10-19,5525,4412918475.0
2009-10-20,5525,4444439321.0
2009-10-21,5525,4496974065.0
2009-10-22,5525,4276328141.0
2009-10-23,5525,4286835090.0
2009-10-26,5525,4297342039.0
2009-10-27,5525,4181765602.0
2009-10-28,5525,4129230859.0
2009-10-29,5525,3908584935.0
2009-10-30,5525,3793008499.0
2009-11-02,5525,3719459858.0
2009-11-03,5525,3656418165.0
2009-11-04,5525,3835036294.0
2009-11-05,5525,3698445960.0
2009-11-06,5525,3740473755.0
2009-11-09,5525,3761487652.0
2009-11-10,5525,3803515448.0
2009-11-11,5525,3814022396.0
2009-11-12,5525,3793008499.0
2009-11-13,5525,3782501550.0
2009-11-16,5525,3803515448.0
2009-11-17,5525,3803515448.0
2009-11-18,5525,3887571038.0
2009-11-19,5525,3887571038.0
2009-11-20,5525,3824529345.0
2009-11-23,5525,3803515448.0
2009-11-24,5525,3845543243.0
2009-11-25,5525,3856050191.0
2009-11-26,5525,3793008499.0
2009-11-27,5525,3719459858.0
2009-11-30,5525,3782501550.0
2009-12-01,5525,3740473755.0
2009-12-02,5525,3782501550.0
2009-12-03,5525,3740473755.0
2009-12-04,5525,3761487652.0
2009-12-07,5525,4013654423.0
2009-12-08,5525,3908584935.0
2009-12-09,5525,3919091884.0
2009-12-10,5525,3866557140.0
2009-12-11,5525,3908584935.0
2009-12-14,5525,3961119679.0
2009-12-15,5525,3908584935.0
2009-12-16,5525,3856050191.0
2009-12-17,5525,3929598833.0
2009-12-18,5525,3898077986.0
2009-12-21,5525,3866557140.0
2009-12-22,5525,3856050191.0
2009-12-23,5525,3856050191.0
2009-12-24,5525,3835036294.0
2009-12-25,5525,3803515448.0
2009-12-28,5525,3866557140.0
2009-12-29,5525,3845543243.0
2009-12-30,5525,3835036294.0
2009-12-31,5525,3814022396.0
2010-01-04,5525,3961119679.0
2010-01-05,5525,4013654423.0
2010-01-06,5525,4013654423.0
2010-01-07,5525,3971626627.0
2010-01-08,5525,4076696115.0
2010-01-11,5525,4360383731.0
2010-01-12,5525,4276328141.0
2010-01-13,5525,4118723910.0
2010-01-14,5525,4129230859.0
2010-01-15,5525,4118723910.0
2010-01-18,5525,4066189166.0
2010-01-19,5525,3971626627.0
2010-01-20,5525,3961119679.0
2010-01-21,5525,3866557140.0
2010-01-22,5525,3793008499.0
2010-01-25,5525,3761487652.0
2010-01-26,5525,3530334780.0
2010-01-27,5525,3509320883.0
2010-01-28,5525,3677432063.0
2010-01-29,5525,3614390370.0
2010-02-01,5525,3582869524.0
2010-02-02,5525,3509320883.0
2010-02-03,5525,3498813934.0
2010-02-04,5525,3540841729.0
2010-02-05,5525,3362223600.0
2010-02-08,5525,3288674959.0
2010-02-09,5525,3393744446.0
2010-02-10,5525,3446279190.0
2010-02-22,5525,3614390370.0
2010-02-23,5525,3603883421.0
2010-02-24,5525,3540841729.0
2010-02-25,5525,3488306985.0
2010-02-26,5525,3551348677.0
2010-03-01,5525,3624897319.0
2010-03-02,5525,3551348677.0
2010-03-03,5525,3551348677.0
2010-03-04,5525,3488306985.0
2010-03-05,5525,3540841729.0
2010-03-08,5525,3540841729.0
2010-03-09,5525,3488306985.0
2010-03-10,5525,3509320883.0
2010-03-11,5525,3488306985.0
2010-03-12,5525,3519827831.0
2010-03-15,5525,3278168010.0
2010-03-16,5525,3498813934.0
2010-03-17,5525,3593376473.0
2010-03-18,5525,3593376473.0
2010-03-19,5525,3593376473.0
2010-03-22,5525,3624897319.0
2010-03-23,5525,3582869524.0
2010-03-24,5525,3593376473.0
2010-03-25,5525,3614390370.0
2010-03-26,5525,3614390370.0
2010-03-29,5525,3645911216.0
2010-03-30,5525,3614390370.0
2010-03-31,5525,3582869524.0
2010-04-01,5525,3645911216.0
2010-04-02,5525,3677432063.0
2010-04-06,5525,3687939011.0
2010-04-07,5525,3719459858.0
2010-04-08,5525,3782501550.0
2010-04-09,5525,3814022396.0
2010-04-12,5525,3814022396.0
2010-04-13,5525,3719459858.0
2010-04-14,5525,3740473755.0
2010-04-15,5525,3708952909.0
2010-04-16,5525,3750980704.0
2010-04-19,5525,3624897319.0
2010-04-20,5525,3624897319.0
2010-04-21,5525,3624897319.0
2010-04-22,5525,3593376473.0
2010-04-23,5525,3593376473.0
2010-04-26,5525,3582869524.0
2010-04-27,5525,3561855626.0
2010-04-28,5525,3488306985.0
2010-04-29,5525,3530334780.0
2010-04-30,5525,3498813934.0
2010-05-03,5525,3498813934.0
2010-05-04,5525,3488306985.0
2010-05-05,5525,3383237498.0
2010-05-06,5525,3320195805.0
2010-05-07,5525,3299181908.0
2010-05-10,5525,3372730549.0
2010-05-11,5525,3362223600.0
2010-05-12,5525,3362223600.0
2010-05-13,5525,3435772241.0
2010-05-14,5525,3425265293.0
2010-05-17,5525,3362223600.0
2010-05-18,5525,3383237498.0
2010-05-19,5525,3425265293.0
2010-05-20,5525,3362223600.0
2010-05-21,5525,3278168010.0
2010-05-24,5525,3330702754.0
2010-05-25,5525,3267661061.0
2010-05-26,5525,3278168010.0
2010-05-27,5525,3330702754.0
2010-05-28,5525,3341209703.0
2010-05-31,5525,3372730549.0
2010-06-01,5525,3351716651.0
2010-06-02,5525,3320195805.0
2010-06-03,5525,3362223600.0
2010-06-04,5525,3362223600.0
2010-06-07,5525,3288674959.0
2010-06-08,5525,3278168010.0
2010-06-09,5525,3278168010.0
2010-06-10,5525,3320195805.0
2010-06-11,5525,3362223600.0
2010-06-14,5525,3362223600.0
2010-06-15,5525,3393744446.0
2010-06-17,5525,3404251395.0
2010-06-18,5525,3372730549.0
2010-06-21,5525,3456786139.0
2010-06-22,5525,3435772241.0
2010-06-23,5525,3456786139.0
2010-06-24,5525,3435772241.0
2010-06-25,5525,3362223600.0
2010-06-28,5525,3362223600.0
2010-06-29,5525,3372730549.0
2010-06-30,5525,3341209703.0
2010-07-01,5525,3351716651.0
2010-07-02,5525,3393744446.0
2010-07-05,5525,3383237498.0
2010-07-06,5525,3393744446.0
2010-07-07,5525,3425265293.0
2010-07-08,5525,3404251395.0
2010-07-09,5525,3456786139.0
2010-07-12,5525,3467293088.0
2010-07-13,5525,3446279190.0
2010-07-14,5525,3446279190.0
2010-07-15,5525,3435772241.0
2010-07-16,5525,3435772241.0
2010-07-19,5525,3425265293.0
2010-07-20,5525,3446279190.0
2010-07-21,5525,3446279190.0
2010-07-22,5525,3425265293.0
2010-07-23,5525,3477800036.0
2010-07-26,5525,3509320883.0
2010-07-27,5525,3519827831.0
2010-07-28,5525,3614390370.0
2010-07-29,5525,3603883421.0
2010-07-30,5525,3561855626.0
2010-08-02,5525,3551348677.0
2010-08-03,5525,3572362575.0
2010-08-04,5525,3561855626.0
2010-08-05,5525,3519827831.0
2010-08-06,5525,3519827831.0
2010-08-09,5525,3540841729.0
2010-08-10,5525,3551348677.0
2010-08-11,5525,3530334780.0
2010-08-12,5525,3509320883.0
2010-08-13,5525,3551348677.0
2010-08-16,5525,3572362575.0
2010-08-17,5525,3593376473.0
2010-08-18,5525,3666925114.0
2010-08-19,5525,3666925114.0
2010-08-20,5525,3666925114.0
2010-08-23,5525,3771994601.0
2010-08-24,5525,3729966806.0
2010-08-25,5525,3593376473.0
2010-08-26,5525,3551348677.0
2010-08-27,5525,3624897319.0
2010-08-30,5525,3603883421.0
2010-08-31,5525,3519827831.0
2010-09-01,5525,3624897319.0
2010-09-02,5525,3645911216.0
2010-09-03,5525,3645911216.0
2010-09-06,5525,3687939011.0
2010-09-07,5525,3677432063.0
2010-09-08,5525,3635404268.0
2010-09-09,5525,3677432063.0
2010-09-10,5525,3677432063.0
2010-09-13,5525,3425265293.0
2010-09-14,5525,3446279190.0
2010-09-15,5525,3467293088.0
2010-09-16,5525,3435772241.0
2010-09-17,5525,3435772241.0
2010-09-20,5525,3446279190.0
2010-09-21,5525,3467293088.0
2010-09-23,5525,3435772241.0
2010-09-24,5525,3456786139.0
2010-09-27,5525,3456786139.0
2010-09-28,5525,3446279190.0
2010-09-29,5525,3425265293.0
2010-09-30,5525,3446279190.0
2010-10-01,5525,3572362575.0
2010-10-04,5525,3817174468.0
2010-10-05,5525,3773045283.0
2010-10-06,5525,3806142172.0
2010-10-07,5525,3795109876.0
2010-10-08,5525,3773045283.0
2010-10-11,5525,3728916099.0
2010-10-12,5525,3651690026.0
2010-10-13,5525,3728916099.0
2010-10-14,5525,3695819210.0
2010-10-15,5525,3695819210.0
2010-10-18,5525,3662722322.0
2010-10-19,5525,3651690026.0
2010-10-20,5525,3662722322.0
2010-10-21,5525,3662722322.0
2010-10-22,5525,3640657730.0
2010-10-25,5525,3662722322.0
2010-10-26,5525,3673754618.0
2010-10-27,5525,3651690026.0
2010-10-28,5525,3684786914.0
2010-10-29,5525,3651690026.0
2010-11-01,5525,3717883803.0
2010-11-02,5525,3695819210.0
2010-11-03,5525,3673754618.0
2010-11-04,5525,3695819210.0
2010-11-05,5525,3784077579.0
2010-11-08,5525,3795109876.0
2010-11-09,5525,3728916099.0
2010-11-10,5525,3728916099.0
2010-11-11,5525,3739948395.0
2010-11-12,5525,3717883803.0
2010-11-15,5525,3684786914.0
2010-11-16,5525,3706851506.0
2010-11-17,5525,3706851506.0
2010-11-18,5525,3739948395.0
2010-11-19,5525,3728916099.0
2010-11-22,5525,3750980691.0
2010-11-23,5525,3717883803.0
2010-11-24,5525,3728916099.0
2010-11-25,5525,3706851506.0
2010-11-26,5525,3684786914.0
2010-11-29,5525,3728916099.0
2010-11-30,5525,3750980691.0
2010-12-01,5525,3817174468.0
2010-12-02,5525,3850271356.0
2010-12-03,5525,3795109876.0
2010-12-06,5525,3861303653.0
2010-12-07,5525,3905432837.0
2010-12-08,5525,3960594318.0
2010-12-09,5525,3916465133.0
2010-12-10,5525,3817174468.0
2010-12-13,5525,3883368245.0
2010-12-14,5525,3949562022.0
2010-12-15,5525,4048852687.0
2010-12-16,5525,4324660091.0
2010-12-17,5525,4324660091.0
2010-12-20,5525,4368789275.0
2010-12-21,5525,4346724683.0
2010-12-22,5525,4258466314.0
2010-12-23,5525,4556338310.0
2010-12-24,5525,4589435198.0
2010-12-27,5525,4666661271.0
2010-12-28,5525,4567370606.0
2010-12-29,5525,4578402902.0
2010-12-30,5525,4501176829.0
2010-12-31,5525,4810081121.0
2011-01-03,5525,4854210306.0
2011-01-04,5525,4876274898.0
2011-01-05,5525,4854210306.0
2011-01-06,5525,4865242602.0
2011-01-07,5525,4611499791.0
2011-01-10,5525,4457047645.0
2011-01-11,5525,4490144533.0
2011-01-12,5525,4644596679.0
2011-01-13,5525,4534273718.0
2011-01-14,5525,4501176829.0
2011-01-17,5525,4379821572.0
2011-01-18,5525,4368789275.0
2011-01-19,5525,4457047645.0
2011-01-20,5525,4401886164.0
2011-01-21,5525,4357756979.0
2011-01-24,5525,4335692387.0
2011-01-25,5525,4291563202.0
2011-01-26,5525,4324660091.0
2011-01-27,5525,4357756979.0
2011-01-28,5525,4236401722.0
2011-02-08,5525,4236401722.0
2011-02-09,5525,4291563202.0
2011-02-10,5525,4236401722.0
2011-02-11,5525,4015755799.0
2011-02-14,5525,4081949576.0
2011-02-15,5525,4015755799.0
2011-02-16,5525,4048852687.0
2011-02-17,5525,3993691206.0
2011-02-18,5525,4269498610.0
2011-02-21,5525,4258466314.0
2011-02-22,5525,4104014168.0
2011-02-23,5525,4015755799.0
2011-02-24,5525,4015755799.0
2011-02-25,5525,3883368245.0
2011-03-01,5525,3971626614.0
2011-03-02,5525,3960594318.0
2011-03-03,5525,3960594318.0
2011-03-04,5525,3828206764.0
2011-03-07,5525,3795109876.0
2011-03-08,5525,3872335949.0
2011-03-09,5525,3828206764.0
2011-03-10,5525,3905432837.0
2011-03-11,5525,3861303653.0
2011-03-14,5525,3706851506.0
2011-03-15,5525,3563431656.0
2011-03-16,5525,3596528545.0
2011-03-17,5525,3552399360.0
2011-03-18,5525,3728916099.0
2011-03-21,5525,3773045283.0
2011-03-22,5525,3982658910.0
2011-03-23,5525,4258466314.0
2011-03-24,5525,4192272537.0
2011-03-25,5525,4170207945.0
2011-03-28,5525,4059884983.0
2011-03-29,5525,4081949576.0
2011-03-30,5525,4115046464.0
2011-03-31,5525,4148143352.0
2011-04-01,5525,4148143352.0
2011-04-06,5525,4092981872.0
2011-04-07,5525,4126078760.0
2011-04-08,5525,4081949576.0
2011-04-11,5525,4059884983.0
2011-04-12,5525,3971626614.0
2011-04-13,5525,4037820391.0
2011-04-14,5525,4015755799.0
2011-04-15,5525,4037820391.0
2011-04-18,5525,3971626614.0
2011-04-19,5525,3993691206.0
2011-04-20,5525,3982658910.0
2011-04-21,5525,4048852687.0
2011-04-22,5525,4037820391.0
2011-04-25,5525,4092981872.0
2011-04-26,5525,4037820391.0
2011-04-27,5525,4070917279.0
2011-04-28,5525,4048852687.0
2011-04-29,5525,4004723502.0
2011-05-03,5525,4015755799.0
2011-05-04,5525,4048852687.0
2011-05-05,5525,4037820391.0
2011-05-06,5525,4104014168.0
2011-05-09,5525,4148143352.0
2011-05-10,5525,4126078760.0
2011-05-11,5525,4137111056.0
2011-05-12,5525,4137111056.0
2011-05-13,5525,4081949576.0
2011-05-16,5525,4070917279.0
2011-05-17,5525,4037820391.0
2011-05-18,5525,4081949576.0
2011-05-19,5525,4037820391.0
2011-05-20,5525,4059884983.0
2011-05-23,5525,4015755799.0
2011-05-24,5525,3960594318.0
2011-05-25,5525,4048852687.0
2011-05-26,5525,4004723502.0
2011-05-27,5525,3971626614.0
2011-05-30,5525,3971626614.0
2011-05-31,5525,4037820391.0
2011-06-01,5525,4037820391.0
2011-06-02,5525,4048852687.0
2011-06-03,5525,3993691206.0
2011-06-07,5525,3971626614.0
2011-06-08,5525,3960594318.0
2011-06-09,5525,3971626614.0
2011-06-10,5525,3971626614.0
2011-06-13,5525,4004723502.0
2011-06-14,5525,4037820391.0
2011-06-15,5525,3971626614.0
2011-06-16,5525,3938529726.0
2011-06-17,5525,3938529726.0
2011-06-20,5525,3927497429.0
2011-06-21,5525,3927497429.0
2011-06-22,5525,3916465133.0
2011-06-23,5525,3949562022.0
2011-06-24,5525,3971626614.0
2011-06-27,5525,3938529726.0
2011-06-28,5525,3938529726.0
2011-06-29,5525,3971626614.0
2011-06-30,5525,4015755799.0
2011-07-01,5525,3993691206.0
2011-07-04,5525,4148143352.0
2011-07-05,5525,4115046464.0
2011-07-06,5525,4070917279.0
2011-07-07,5525,4269498610.0
2011-07-08,5525,4269498610.0
2011-07-11,5525,4181240241.0
2011-07-12,5525,4104014168.0
2011-07-13,5525,4104014168.0
2011-07-14,5525,4148143352.0
2011-07-15,5525,4225369425.0
2011-07-18,5525,4357756979.0
2011-07-19,5525,4302595499.0
2011-07-20,5525,4291563202.0
2011-07-21,5525,4291563202.0
2011-07-22,5525,4081949576.0
2011-07-25,5525,3993691206.0
2011-07-26,5525,4015755799.0
2011-07-27,5525,4092981872.0
2011-07-28,5525,3993691206.0
2011-07-29,5525,3949562022.0
2011-08-01,5525,4004723502.0
2011-08-02,5525,3927497429.0
2011-08-03,5525,3861303653.0
2011-08-04,5525,3773045283.0
2011-08-05,5525,3574463953.0
2011-08-08,5525,3486205583.0
2011-08-09,5525,3486205583.0
2011-08-10,5525,3563431656.0
2011-08-11,5525,3618593137.0
2011-08-12,5525,3552399360.0
2011-08-15,5525,3618593137.0
2011-08-16,5525,3894179889.0
2011-08-17,5525,3859097187.0
2011-08-18,5525,3835708719.0
2011-08-19,5525,3742154848.0
2011-08-22,5525,3765543316.0
2011-08-23,5525,3835708719.0
2011-08-24,5525,3800626018.0
2011-08-25,5525,3742154848.0
2011-08-26,5525,3730460614.0
2011-08-29,5525,3788931784.0
2011-08-30,5525,3859097187.0
2011-08-31,5525,3788931784.0
2011-09-01,5525,3835708719.0
2011-09-02,5525,3788931784.0
2011-09-05,5525,3765543316.0
2011-09-06,5525,3847402953.0
2011-09-07,5525,3777237550.0
2011-09-08,5525,3730460614.0
2011-09-09,5525,3742154848.0
2011-09-13,5525,3718766380.0
2011-09-14,5525,3683683679.0
2011-09-15,5525,3940956824.0
2011-09-16,5525,3929262590.0
2011-09-19,5525,3870791421.0
2011-09-20,5525,3882485655.0
2011-09-21,5525,3905874123.0
2011-09-22,5525,3917568357.0
2011-09-23,5525,3753849082.0
2011-09-26,5525,3578435573.0
2011-09-27,5525,3718766380.0
2011-09-28,5525,3718766380.0
2011-09-29,5525,3800626018.0
2011-09-30,5525,3718766380.0
2011-10-03,5525,3625212509.0
2011-10-04,5525,3601824041.0
2011-10-05,5525,3519964404.0
2011-10-06,5525,3578435573.0
2011-10-07,5525,3601824041.0
2011-10-11,5525,3671989445.0
2011-10-12,5525,3671989445.0
2011-10-13,5525,3730460614.0
2011-10-14,5525,3683683679.0
2011-10-17,5525,3730460614.0
2011-10-18,5525,3648600977.0
2011-10-19,5525,3660295211.0
2011-10-20,5525,3625212509.0
2011-10-21,5525,3625212509.0
2011-10-24,5525,3730460614.0
2011-10-25,5525,3695377912.0
2011-10-26,5525,3695377912.0
2011-10-27,5525,3707072146.0
2011-10-28,5525,3718766380.0
2011-10-31,5525,3695377912.0
2011-11-01,5525,3671989445.0
2011-11-02,5525,3648600977.0
2011-11-03,5525,3636906743.0
2011-11-04,5525,3742154848.0
2011-11-07,5525,3730460614.0
2011-11-08,5525,3742154848.0
2011-11-09,5525,3753849082.0
2011-11-10,5525,3660295211.0
2011-11-11,5525,3660295211.0
2011-11-14,5525,3718766380.0
2011-11-15,5525,3648600977.0
2011-11-16,5525,3625212509.0
2011-11-17,5525,3718766380.0
2011-11-18,5525,3671989445.0
2011-11-21,5525,3555047106.0
2011-11-22,5525,3473187468.0
2011-11-23,5525,3391327831.0
2011-11-24,5525,3578435573.0
2011-11-25,5525,3566741340.0
2011-11-28,5525,3625212509.0
2011-11-29,5525,3601824041.0
2011-11-30,5525,3473187468.0
2011-12-01,5525,3625212509.0
2011-12-02,5525,3601824041.0
2011-12-05,5525,3590129807.0
2011-12-06,5525,3555047106.0
2011-12-07,5525,3555047106.0
2011-12-08,5525,3543352872.0
2011-12-09,5525,3566741340.0
2011-12-12,5525,3508270170.0
2011-12-13,5525,3484881702.0
2011-12-14,5525,3309468194.0
2011-12-15,5525,3204220089.0
2011-12-16,5525,3227608556.0
2011-12-19,5525,3005418112.0
2011-12-20,5525,2993723878.0
2011-12-21,5525,3180831621.0
2011-12-22,5525,3157443153.0
2011-12-23,5525,3262691258.0
2011-12-26,5525,3286079726.0
2011-12-27,5525,3262691258.0
2011-12-28,5525,3262691258.0
2011-12-29,5525,3274385492.0
2011-12-30,5525,3250997024.0
2012-01-02,5525,3227608556.0
2012-01-03,5525,3239302790.0
2012-01-04,5525,3204220089.0
2012-01-05,5525,3204220089.0
2012-01-06,5525,3180831621.0
2012-01-09,5525,3110666217.0
2012-01-10,5525,3134054685.0
2012-01-11,5525,3169137387.0
2012-01-12,5525,3157443153.0
2012-01-13,5525,3063889282.0
2012-01-16,5525,3110666217.0
2012-01-17,5525,3157443153.0
2012-01-18,5525,3180831621.0
2012-01-30,5525,3250997024.0
2012-01-31,5525,3239302790.0
2012-02-01,5525,3297773960.0
2012-02-02,5525,3519964404.0
2012-02-03,5525,3438104767.0
2012-02-06,5525,3496575936.0
2012-02-07,5525,3461493234.0
2012-02-08,5525,3531658638.0
2012-02-09,5525,3484881702.0
2012-02-10,5525,3531658638.0
2012-02-13,5525,3555047106.0
2012-02-14,5525,3508270170.0
2012-02-15,5525,3543352872.0
2012-02-16,5525,3531658638.0
2012-02-17,5525,3543352872.0
2012-02-20,5525,3613518275.0
2012-02-21,5525,3543352872.0
2012-02-22,5525,3590129807.0
2012-02-23,5525,3730460614.0
2012-02-24,5525,3601824041.0
2012-02-29,5525,3648600977.0
2012-03-01,5525,3625212509.0
2012-03-02,5525,3625212509.0
2012-03-05,5525,3578435573.0
2012-03-06,5525,3543352872.0
2012-03-07,5525,3625212509.0
2012-03-08,5525,3671989445.0
2012-03-09,5525,3683683679.0
2012-03-12,5525,3648600977.0
2012-03-13,5525,3695377912.0
2012-03-14,5525,3683683679.0
2012-03-15,5525,3683683679.0
2012-03-16,5525,3601824041.0
2012-03-19,5525,3613518275.0
2012-03-20,5525,3636906743.0
2012-03-21,5525,3695377912.0
2012-03-22,5525,3707072146.0
2012-03-23,5525,3707072146.0
2012-03-26,5525,3660295211.0
2012-03-27,5525,3695377912.0
2012-03-28,5525,3695377912.0
2012-03-29,5525,3601824041.0
2012-03-30,5525,3648600977.0
2012-04-02,5525,3683683679.0
2012-04-03,5525,3625212509.0
2012-04-05,5525,3613518275.0
2012-04-06,5525,3613518275.0
2012-04-09,5525,3566741340.0
2012-04-10,5525,3590129807.0
2012-04-11,5525,3660295211.0
2012-04-12,5525,3636906743.0
2012-04-13,5525,3695377912.0
2012-04-16,5525,3683683679.0
2012-04-17,5525,3625212509.0
2012-04-18,5525,3578435573.0
2012-04-19,5525,3601824041.0
2012-04-20,5525,3578435573.0
2012-04-23,5525,3601824041.0
2012-04-24,5525,3625212509.0
2012-04-25,5525,3625212509.0
2012-04-26,5525,3578435573.0
2012-04-27,5525,3613518275.0
2012-04-30,5525,3613518275.0
2012-05-02,5525,3648600977.0
2012-05-03,5525,3718766380.0
2012-05-04,5525,3765543316.0
2012-05-07,5525,3730460614.0
2012-05-08,5525,3730460614.0
2012-05-09,5525,3648600977.0
2012-05-10,5525,3625212509.0
2012-05-11,5525,3625212509.0
2012-05-14,5525,3707072146.0
2012-05-15,5525,3648600977.0
2012-05-16,5525,3625212509.0
2012-05-17,5525,3683683679.0
2012-05-18,5525,3625212509.0
2012-05-21,5525,3648600977.0
2012-05-22,5525,3660295211.0
2012-05-23,5525,3648600977.0
2012-05-24,5525,3636906743.0
2012-05-25,5525,3660295211.0
2012-05-28,5525,3660295211.0
2012-05-29,5525,3695377912.0
2012-05-30,5525,3648600977.0
2012-05-31,5525,3648600977.0
2012-06-01,5525,3695377912.0
2012-06-04,5525,3613518275.0
2012-06-05,5525,3648600977.0
2012-06-06,5525,3671989445.0
2012-06-07,5525,3683683679.0
2012-06-08,5525,3742154848.0
2012-06-11,5525,3753849082.0
2012-06-12,5525,3718766380.0
2012-06-13,5525,3707072146.0
2012-06-14,5525,3707072146.0
2012-06-15,5525,3742154848.0
2012-06-18,5525,3707072146.0
2012-06-19,5525,3718766380.0
2012-06-20,5525,3683683679.0
2012-06-21,5525,3671989445.0
2012-06-22,5525,3660295211.0
2012-06-25,5525,3671989445.0
2012-06-26,5525,3671989445.0
2012-06-27,5525,3648600977.0
2012-06-28,5525,3648600977.0
2012-06-29,5525,3683683679.0
2012-07-02,5525,3671989445.0
2012-07-03,5525,3636906743.0
2012-07-04,5525,3660295211.0
2012-07-05,5525,3671989445.0
2012-07-06,5525,3671989445.0
2012-07-09,5525,3695377912.0
2012-07-10,5525,3753849082.0
2012-07-11,5525,3765543316.0
2012-07-12,5525,3718766380.0
2012-07-13,5525,3707072146.0
2012-07-16,5525,3648600977.0
2012-07-17,5525,3695377912.0
2012-07-18,5525,3660295211.0
2012-07-19,5525,3683683679.0
2012-07-20,5525,3671989445.0
2012-07-23,5525,3625212509.0
2012-07-24,5525,3613518275.0
2012-07-25,5525,3590129807.0
2012-07-26,5525,3625212509.0
2012-07-27,5525,3671989445.0
2012-07-30,5525,3695377912.0
2012-07-31,5525,3695377912.0
2012-08-01,5525,3707072146.0
2012-08-03,5525,3683683679.0
2012-08-06,5525,3718766380.0
2012-08-07,5525,3695377912.0
2012-08-08,5525,3707072146.0
2012-08-09,5525,3707072146.0
2012-08-10,5525,3695377912.0
2012-08-13,5525,3695377912.0
2012-08-14,5525,3695377912.0
2012-08-15,5525,3671989445.0
2012-08-16,5525,3718766380.0
2012-08-17,5525,3742154848.0
2012-08-20,5525,3753849082.0
2012-08-21,5525,3765543316.0
2012-08-22,5525,3730460614.0
2012-08-23,5525,3788931784.0
2012-08-24,5525,3742154848.0
2012-08-27,5525,3765543316.0
2012-08-28,5525,3788931784.0
2012-08-29,5525,3800626018.0
2012-08-30,5525,3812320251.0
2012-08-31,5525,3847402953.0
2012-09-03,5525,3847402953.0
2012-09-04,5525,3847402953.0
2012-09-05,5525,3917568357.0
2012-09-06,5525,3894179889.0
2012-09-07,5525,3987733760.0
2012-09-10,5525,4104676099.0
2012-09-11,5525,4011122228.0
2012-09-12,5525,3882485655.0
2012-09-13,5525,3870791421.0
2012-09-14,5525,3905874123.0
2012-09-17,5525,3952651058.0
2012-09-18,5525,4069593397.0
2012-09-19,5525,4092981865.0
2012-09-20,5525,4116370333.0
2012-09-21,5525,4128064567.0
2012-09-24,5525,4151453035.0
2012-09-25,5525,4046204929.0
2012-09-26,5525,4022816462.0
2012-09-27,5525,4034510696.0
2012-09-28,5525,4022816462.0
2012-10-01,5525,3976039526.0
2012-10-02,5525,3952651058.0
2012-10-03,5525,3917568357.0
2012-10-04,5525,3882485655.0
2012-10-05,5525,3917568357.0
2012-10-08,5525,3917568357.0
2012-10-09,5525,3929262590.0
2012-10-11,5525,3835708719.0
2012-10-12,5525,3835708719.0
2012-10-15,5525,3824014485.0
2012-10-16,5525,3824014485.0
2012-10-17,5525,3788931784.0
2012-10-18,5525,3824014485.0
2012-10-19,5525,3812320251.0
2012-10-22,5525,3812320251.0
2012-10-23,5525,3788931784.0
2012-10-24,5525,3753849082.0
2012-10-25,5525,3788931784.0
2012-10-26,5525,3718766380.0
2012-10-29,5525,3695377912.0
2012-10-30,5525,3742154848.0
2012-10-31,5525,3742154848.0
2012-11-01,5525,3718766380.0
2012-11-02,5525,3742154848.0
2012-11-05,5525,3718766380.0
2012-11-06,5525,3730460614.0
2012-11-07,5525,3742154848.0
2012-11-08,5525,3753849082.0
2012-11-09,5525,3835708719.0
2012-11-12,5525,3859097187.0
2012-11-13,5525,3788931784.0
2012-11-14,5525,3812320251.0
2012-11-15,5525,3824014485.0
2012-11-16,5525,3765543316.0
2012-11-19,5525,3800626018.0
2012-11-20,5525,3824014485.0
2012-11-21,5525,3800626018.0
2012-11-22,5525,3812320251.0
2012-11-23,5525,3835708719.0
2012-11-26,5525,3859097187.0
2012-11-27,5525,3847402953.0
2012-11-28,5525,3905874123.0
2012-11-29,5525,3952651058.0
2012-11-30,5525,3952651058.0
2012-12-03,5525,3929262590.0
2012-12-04,5525,3917568357.0
2012-12-05,5525,3905874123.0
2012-12-06,5525,3905874123.0
2012-12-07,5525,3882485655.0
2012-12-10,5525,3859097187.0
2012-12-11,5525,3870791421.0
2012-12-12,5525,3905874123.0
2012-12-13,5525,3940956824.0
2012-12-14,5525,3952651058.0
2012-12-17,5525,3940956824.0
2012-12-18,5525,3905874123.0
2012-12-19,5525,3905874123.0
2012-12-20,5525,3929262590.0
2012-12-21,5525,3905874123.0
2012-12-24,5525,3929262590.0
2012-12-25,5525,3976039526.0
2012-12-26,5525,3999427994.0
2012-12-27,5525,3976039526.0
2012-12-28,5525,3952651058.0
2013-01-02,5525,3952651058.0
2013-01-03,5525,3952651058.0
2013-01-04,5525,3976039526.0
2013-01-07,5525,4034510696.0
2013-01-08,5525,4046204929.0
2013-01-09,5525,4104676099.0
2013-01-10,5525,4116370333.0
2013-01-11,5525,4163147268.0
2013-01-14,5525,4221618438.0
2013-01-15,5525,4420420414.0
2013-01-16,5525,4373643479.0
2013-01-17,5525,4291783841.0
2013-01-18,5525,4315172309.0
2013-01-21,5525,4303478075.0
2013-01-22,5525,4338560777.0
2013-01-23,5525,4315172309.0
2013-01-24,5525,4291783841.0
2013-01-25,5525,4326866543.0
2013-01-28,5525,4315172309.0
2013-01-29,5525,4326866543.0
2013-01-30,5525,4326866543.0
2013-01-31,5525,4385337713.0
2013-02-01,5525,4361949245.0
2013-02-04,5525,4397031946.0
2013-02-05,5525,4420420414.0
2013-02-06,5525,4420420414.0
2013-02-18,5525,4455503116.0
2013-02-19,5525,4432114648.0
2013-02-20,5525,4467197350.0
2013-02-21,5525,4432114648.0
2013-02-22,5525,4408726180.0
2013-02-25,5525,4467197350.0
2013-02-26,5525,4443808882.0
2013-02-27,5525,4443808882.0
2013-03-01,5525,4478891584.0
2013-03-04,5525,4455503116.0
2013-03-05,5525,4502280052.0
2013-03-06,5525,4490585818.0
2013-03-07,5525,4513974285.0
2013-03-08,5525,4537362753.0
2013-03-11,5525,4513974285.0
2013-03-12,5525,4432114648.0
2013-03-13,5525,4455503116.0
2013-03-14,5525,4455503116.0
2013-03-15,5525,4443808882.0
2013-03-18,5525,4443808882.0
2013-03-19,5525,4443808882.0
2013-03-20,5525,4420420414.0
2013-03-21,5525,4420420414.0
2013-03-22,5525,4408726180.0
2013-03-25,5525,4408726180.0
2013-03-26,5525,4408726180.0
2013-03-27,5525,4455503116.0
2013-03-28,5525,4478891584.0
2013-03-29,5525,4467197350.0
2013-04-01,5525,4478891584.0
2013-04-02,5525,4490585818.0
2013-04-03,5525,4513974285.0
2013-04-08,5525,4478891584.0
2013-04-09,5525,4549056987.0
2013-04-10,5525,4549056987.0
2013-04-11,5525,4607528157.0
2013-04-12,5525,4595833923.0
2013-04-15,5525,4572445455.0
2013-04-16,5525,4584139689.0
2013-04-17,5525,4654305092.0
2013-04-18,5525,4607528157.0
2013-04-19,5525,4677693560.0
2013-04-22,5525,4736164730.0
2013-04-23,5525,4934966706.0
2013-04-24,5525,4934966706.0
2013-04-25,5525,4911578238.0
2013-04-26,5525,5016826343.0
2013-04-29,5525,5028520577.0
2013-04-30,5525,5028520577.0
2013-05-02,5525,5028520577.0
2013-05-03,5525,5028520577.0
2013-05-06,5525,5157157150.0
2013-05-07,5525,5320876425.0
2013-05-08,5525,5332570658.0
2013-05-09,5525,5239016787.0
2013-05-10,5525,5028520577.0
2013-05-13,5525,4923272472.0
2013-05-14,5525,4958355174.0
2013-05-15,5525,4899884004.0
2013-05-16,5525,4981743641.0
2013-05-17,5525,4958355174.0
2013-05-20,5525,5005132109.0
2013-05-21,5525,5086991747.0
2013-05-22,5525,5075297513.0
2013-05-23,5525,5180545618.0
2013-05-24,5525,5168851384.0
2013-05-27,5525,5180545618.0
2013-05-28,5525,5180545618.0
2013-05-29,5525,5168851384.0
2013-05-30,5525,5168851384.0
2013-05-31,5525,5203934086.0
2013-06-03,5525,5203934086.0
2013-06-04,5525,5180545618.0
2013-06-05,5525,5320876425.0
2013-06-06,5525,5285793723.0
2013-06-07,5525,5239016787.0
2013-06-10,5525,5227322553.0
2013-06-11,5525,5098685980.0
2013-06-13,5525,4864801302.0
2013-06-14,5525,4724470496.0
2013-06-17,5525,4747858963.0
2013-06-18,5525,4771247431.0
2013-06-19,5525,4771247431.0
2013-06-20,5525,4724470496.0
2013-06-21,5525,4712776262.0
2013-06-24,5525,4724470496.0
2013-06-25,5525,4607528157.0
2013-06-26,5525,4642610858.0
2013-06-27,5525,4701082028.0
2013-06-28,5525,4759553197.0
2013-07-01,5525,4736164730.0
2013-07-02,5525,4771247431.0
2013-07-03,5525,4853107069.0
2013-07-04,5525,4794635899.0
2013-07-05,5525,4829718601.0
2013-07-08,5525,4794635899.0
2013-07-09,5525,4818024367.0
2013-07-10,5525,4829718601.0
2013-07-11,5525,4853107069.0
2013-07-12,5525,4899884004.0
2013-07-15,5525,4911578238.0
2013-07-16,5525,4934966706.0
2013-07-17,5525,4911578238.0
2013-07-18,5525,4911578238.0
2013-07-19,5525,4818024367.0
2013-07-22,5525,4888189770.0
2013-07-23,5525,4829718601.0
2013-07-24,5525,4958355174.0
2013-07-25,5525,4899884004.0
2013-07-26,5525,4888189770.0
2013-07-29,5525,4853107069.0
2013-07-30,5525,4841412835.0
2013-07-31,5525,4841412835.0
2013-08-01,5525,4934966706.0
2013-08-02,5525,4923272472.0
2013-08-05,5525,4911578238.0
2013-08-06,5525,4888189770.0
2013-08-07,5525,4899884004.0
2013-08-08,5525,4888189770.0
2013-08-09,5525,4876495536.0
2013-08-12,5525,4934966706.0
2013-08-13,5525,4934966706.0
2013-08-14,5525,5028520577.0
2013-08-15,5525,5005132109.0
2013-08-16,5525,4993437875.0
2013-08-19,5525,4981743641.0
2013-08-20,5525,4864801302.0
2013-08-22,5525,4888189770.0
2013-08-23,5525,4911578238.0
2013-08-26,5525,4864801302.0
2013-08-27,5525,4864801302.0
2013-08-28,5525,4560751221.0
2013-08-29,5525,4642610858.0
2013-08-30,5525,4607528157.0
2013-09-02,5525,4549056987.0
2013-09-03,5525,4549056987.0
2013-09-04,5525,4537362753.0
2013-09-05,5525,4490585818.0
2013-09-06,5525,4443808882.0
2013-09-09,5525,4513974285.0
2013-09-10,5525,4478891584.0
2013-09-11,5525,4443808882.0
2013-09-12,5525,4502280052.0
2013-09-13,5525,4478891584.0
2013-09-16,5525,4490585818.0
2013-09-17,5525,4455503116.0
2013-09-18,5525,4467197350.0
2013-09-23,5525,4455503116.0
2013-09-24,5525,4520756930.0
2013-09-25,5525,4532685049.0
2013-09-26,5525,4544613168.0
2013-09-27,5525,4520756930.0
2013-09-30,5525,4508828812.0
2013-10-01,5525,4496900693.0
2013-10-02,5525,4532685049.0
2013-10-03,5525,4544613168.0
2013-10-04,5525,4532685049.0
2013-10-07,5525,4544613168.0
2013-10-08,5525,4556541286.0
2013-10-09,5525,4568469405.0
2013-10-11,5525,4580397523.0
2013-10-14,5525,4532685049.0
2013-10-15,5525,4556541286.0
2013-10-16,5525,4556541286.0
2013-10-17,5525,4532685049.0
2013-10-18,5525,4556541286.0
2013-10-21,5525,4556541286.0
2013-10-22,5525,4520756930.0
2013-10-23,5525,4544613168.0
2013-10-24,5525,4544613168.0
2013-10-25,5525,4508828812.0
2013-10-28,5525,4556541286.0
2013-10-29,5525,4508828812.0
2013-10-30,5525,4556541286.0
2013-10-31,5525,4544613168.0
2013-11-01,5525,4544613168.0
2013-11-04,5525,4532685049.0
2013-11-05,5525,4508828812.0
2013-11-07,5525,4484972575.0
2013-11-08,5525,4508828812.0
2013-11-11,5525,4508828812.0
2013-11-12,5525,4508828812.0
2013-11-13,5525,4461116338.0
2013-11-14,5525,4532685049.0
2013-11-15,5525,4520756930.0
2013-11-18,5525,4520756930.0
2013-11-19,5525,4520756930.0
2013-11-20,5525,4544613168.0
2013-11-21,5525,4556541286.0
2013-11-22,5525,4544613168.0
2013-11-25,5525,4532685049.0
2013-11-26,5525,4532685049.0
2013-11-27,5525,4544613168.0
2013-11-28,5525,4544613168.0
2013-11-29,5525,4568469405.0
2013-12-02,5525,4723534946.0
2013-12-03,5525,4723534946.0
2013-12-04,5525,4747391183.0
2013-12-05,5525,4795103657.0
2013-12-06,5525,4783175539.0
2013-12-09,5525,4795103657.0
2013-12-10,5525,4830888013.0
2013-12-11,5525,4759319301.0
2013-12-12,5525,4723534946.0
2013-12-13,5525,4687750590.0
2013-12-16,5525,4735463064.0
2013-12-17,5525,4723534946.0
2013-12-18,5525,4699678709.0
2013-12-19,5525,4723534946.0
2013-12-20,5525,4699678709.0
2013-12-23,5525,4711606827.0
2013-12-24,5525,4723534946.0
2013-12-25,5525,4699678709.0
2013-12-26,5525,4711606827.0
2013-12-27,5525,4699678709.0
2013-12-30,5525,4735463064.0
2013-12-31,5525,4687750590.0
2014-01-02,5525,4723534946.0
2014-01-03,5525,4711606827.0
2014-01-06,5525,4628109997.0
2014-01-07,5525,4651966235.0
2014-01-08,5525,4651966235.0
2014-01-09,5525,4651966235.0
2014-01-10,5525,4640038116.0
2014-01-13,5525,4640038116.0
2014-01-14,5525,4699678709.0
2014-01-15,5525,4699678709.0
2014-01-16,5525,4699678709.0
2014-01-17,5525,4699678709.0
2014-01-20,5525,4711606827.0
2014-01-21,5525,4699678709.0
2014-01-22,5525,4723534946.0
2014-01-23,5525,4771247420.0
2014-01-24,5525,4771247420.0
2014-01-27,5525,4759319301.0
2014-02-05,5525,4747391183.0
2014-02-06,5525,4795103657.0
2014-02-10,5525,4795103657.0
2014-02-11,5525,4818959894.0
2014-02-12,5525,4795103657.0
2014-02-13,5525,4771247420.0
2014-02-14,5525,4759319301.0
2014-02-17,5525,4759319301.0
2014-02-18,5525,4747391183.0
2014-02-19,5525,4747391183.0
2014-02-20,5525,4759319301.0
2014-02-21,5525,4795103657.0
2014-02-24,5525,4747391183.0
2014-02-25,5525,4723534946.0
2014-02-26,5525,4747391183.0
2014-02-27,5525,4747391183.0
2014-03-03,5525,4735463064.0
2014-03-04,5525,4723534946.0
2014-03-05,5525,4723534946.0
2014-03-06,5525,4747391183.0
2014-03-07,5525,4747391183.0
2014-03-10,5525,4735463064.0
2014-03-11,5525,4723534946.0
2014-03-12,5525,4723534946.0
2014-03-13,5525,4711606827.0
2014-03-14,5525,4699678709.0
2014-03-17,5525,4687750590.0
2014-03-18,5525,4759319301.0
2014-03-19,5525,4735463064.0
2014-03-20,5525,4735463064.0
2014-03-21,5525,4723534946.0
2014-03-24,5525,4735463064.0
2014-03-25,5525,4759319301.0
2014-03-26,5525,4795103657.0
2014-03-27,5525,4830888013.0
2014-03-28,5525,4783175539.0
2014-03-31,5525,4771247420.0
2014-04-01,5525,4807031776.0
2014-04-02,5525,4818959894.0
2014-04-03,5525,4795103657.0
2014-04-07,5525,4830888013.0
2014-04-08,5525,4818959894.0
2014-04-09,5525,4842816131.0
2014-04-10,5525,4854744250.0
2014-04-11,5525,4807031776.0
2014-04-14,5525,4747391183.0
2014-04-15,5525,4818959894.0
2014-04-16,5525,4866672368.0
2014-04-17,5525,4830888013.0
2014-04-18,5525,4830888013.0
2014-04-21,5525,4807031776.0
2014-04-22,5525,4818959894.0
2014-04-23,5525,4771247420.0
2014-04-24,5525,4783175539.0
2014-04-25,5525,4699678709.0
2014-04-28,5525,4651966235.0
2014-04-29,5525,4675822472.0
2014-04-30,5525,4687750590.0
2014-05-02,5525,4675822472.0
2014-05-05,5525,4675822472.0
2014-05-06,5525,4651966235.0
2014-05-07,5525,4675822472.0
2014-05-08,5525,4711606827.0
2014-05-09,5525,4723534946.0
2014-05-12,5525,4747391183.0
2014-05-13,5525,4735463064.0
2014-05-14,5525,4735463064.0
2014-05-15,5525,4699678709.0
2014-05-16,5525,4723534946.0
2014-05-19,5525,4711606827.0
2014-05-20,5525,4651966235.0
2014-05-21,5525,4687750590.0
2014-05-22,5525,4723534946.0
2014-05-23,5525,4795103657.0
2014-05-26,5525,4771247420.0
2014-05-27,5525,4723534946.0
2014-05-28,5525,4723534946.0
2014-05-29,5525,4783175539.0
2014-05-30,5525,4747391183.0
2014-06-03,5525,4723534946.0
2014-06-04,5525,4735463064.0
2014-06-05,5525,4771247420.0
2014-06-06,5525,4914384843.0
2014-06-09,5525,5033666028.0
2014-06-10,5525,4974025435.0
2014-06-11,5525,4938241080.0
2014-06-12,5525,4926312961.0
2014-06-13,5525,4866672368.0
2014-06-16,5525,4914384843.0
2014-06-17,5525,4878600487.0
2014-06-18,5525,4962097317.0
2014-06-19,5525,4950169198.0
2014-06-20,5525,4950169198.0
2014-06-23,5525,4926312961.0
2014-06-24,5525,4938241080.0
2014-06-25,5525,4938241080.0
2014-06-26,5525,4938241080.0
2014-06-27,5525,4914384843.0
2014-06-30,5525,4890528606.0
2014-07-01,5525,4902456724.0
2014-07-02,5525,4914384843.0
2014-07-03,5525,4902456724.0
2014-07-04,5525,4866672368.0
2014-07-07,5525,4878600487.0
2014-07-08,5525,4890528606.0
2014-07-09,5525,4866672368.0
2014-07-10,5525,4878600487.0
2014-07-11,5525,4830888013.0
2014-07-14,5525,4842816131.0
2014-07-15,5525,4842816131.0
2014-07-16,5525,4842816131.0
2014-07-17,5525,4830888013.0
2014-07-18,5525,4830888013.0
2014-07-21,5525,4890528606.0
2014-07-22,5525,4890528606.0
2014-07-24,5525,4878600487.0
2014-07-25,5525,4878600487.0
2014-07-28,5525,4950169198.0
2014-07-29,5525,4902456724.0
2014-07-30,5525,4914384843.0
2014-07-31,5525,4914384843.0
2014-08-01,5525,4890528606.0
2014-08-04,5525,4890528606.0
2014-08-05,5525,4890528606.0
2014-08-06,5525,4866672368.0
2014-08-07,5525,4878600487.0
2014-08-08,5525,4842816131.0
2014-08-11,5525,4890528606.0
2014-08-12,5525,4878600487.0
2014-08-13,5525,4890528606.0
2014-08-14,5525,4878600487.0
2014-08-15,5525,4878600487.0
2014-08-18,5525,4866672368.0
2014-08-19,5525,4878600487.0
2014-08-20,5525,4890528606.0
2014-08-22,5525,4902456724.0
2014-08-25,5525,4914384843.0
2014-08-26,5525,4926312961.0
2014-08-27,5525,4950169198.0
2014-08-28,5525,4962097317.0
2014-08-29,5525,5009809791.0
2014-09-01,5525,4401475745.0
2014-09-02,5525,4437260101.0
2014-09-03,5525,4425331982.0
2014-09-04,5525,4425331982.0
2014-09-05,5525,4449188219.0
2014-09-09,5525,4413403864.0
2014-09-10,5525,4449188219.0
2014-09-11,5525,4449188219.0
2014-09-12,5525,4437260101.0
2014-09-15,5525,4437260101.0
2014-09-16,5525,4425331982.0
2014-09-17,5525,4437260101.0
2014-09-18,5525,4437260101.0
2014-09-19,5525,4449188219.0
2014-09-22,5525,4389547626.0
2014-09-23,5525,4389547626.0
2014-09-24,5525,4437260101.0
2014-09-25,5525,4533520015.0
2014-09-26,5525,4521234053.0
2014-09-29,5525,4496662129.0
2014-09-30,5525,4533520015.0
2014-10-01,5525,4508948091.0
2014-10-02,5525,4459804242.0
2014-10-03,5525,4459804242.0
2014-10-06,5525,4447518280.0
2014-10-07,5525,4422946356.0
2014-10-08,5525,4447518280.0
2014-10-09,5525,4435232318.0
2014-10-13,5525,4422946356.0
2014-10-14,5525,4386088470.0
2014-10-15,5525,4324658659.0
2014-10-16,5525,4275514811.0
2014-10-17,5525,4238656925.0
2014-10-20,5525,4226370962.0
2014-10-21,5525,4250942887.0
2014-10-22,5525,4287800773.0
2014-10-23,5525,4287800773.0
2014-10-24,5525,4214085000.0
2014-10-27,5525,4201799038.0
2014-10-28,5525,4287800773.0
2014-10-29,5525,4275514811.0
2014-10-30,5525,4275514811.0
2014-10-31,5525,4275514811.0
2014-11-03,5525,4263228849.0
2014-11-04,5525,4250942887.0
2014-11-05,5525,4226370962.0
2014-11-06,5525,4214085000.0
2014-11-07,5525,4238656925.0
2014-11-10,5525,4238656925.0
2014-11-11,5525,4189513076.0
2014-11-12,5525,4189513076.0
2014-11-13,5525,4177227114.0
2014-11-14,5525,4201799038.0
2014-11-17,5525,4164941152.0
2014-11-18,5525,4177227114.0
2014-11-19,5525,4177227114.0
2014-11-20,5525,4152655190.0
2014-11-21,5525,4177227114.0
2014-11-24,5525,4164941152.0
2014-11-25,5525,4177227114.0
2014-11-26,5525,4164941152.0
2014-11-27,5525,4140369228.0
2014-11-28,5525,4152655190.0
2014-12-01,5525,4091225379.0
2014-12-02,5525,4214085000.0
2014-12-03,5525,4250942887.0
2014-12-04,5525,4226370962.0
2014-12-05,5525,4226370962.0
2014-12-08,5525,4250942887.0
2014-12-09,5525,4250942887.0
2014-12-10,5525,4201799038.0
2014-12-11,5525,4300086735.0
2014-12-12,5525,4336944621.0
2014-12-15,5525,4410660394.0
2014-12-16,5525,4398374432.0
2014-12-17,5525,4349230583.0
2014-12-18,5525,4398374432.0
2014-12-19,5525,4373802508.0
2014-12-22,5525,4386088470.0
2014-12-23,5525,4373802508.0
2014-12-24,5525,4361516546.0
2014-12-25,5525,4422946356.0
2014-12-26,5525,4410660394.0
2014-12-29,5525,4386088470.0
2014-12-30,5525,4410660394.0
2014-12-31,5525,4398374432.0
2015-01-05,5525,4373802508.0
2015-01-06,5525,4361516546.0
2015-01-07,5525,4349230583.0
2015-01-08,5525,4386088470.0
2015-01-09,5525,4386088470.0
2015-01-12,5525,4582663863.0
2015-01-13,5525,4521234053.0
2015-01-14,5525,4484376167.0
2015-01-15,5525,4545805977.0
2015-01-16,5525,4521234053.0
2015-01-19,5525,4533520015.0
2015-01-20,5525,4558091939.0
2015-01-21,5525,4607235788.0
2015-01-22,5525,4558091939.0
2015-01-23,5525,4521234053.0
2015-01-26,5525,4496662129.0
2015-01-27,5525,4508948091.0
2015-01-28,5525,4521234053.0
2015-01-29,5525,4484376167.0
2015-01-30,5525,4533520015.0
2015-02-02,5525,4521234053.0
2015-02-03,5525,4533520015.0
2015-02-04,5525,4582663863.0
2015-02-05,5525,4558091939.0
2015-02-06,5525,4558091939.0
2015-02-09,5525,4570377901.0
2015-02-10,5525,4570377901.0
2015-02-11,5525,4558091939.0
2015-02-12,5525,4558091939.0
2015-02-13,5525,4594949825.0
2015-02-24,5525,4570377901.0
2015-02-25,5525,4582663863.0
2015-02-26,5525,4582663863.0
2015-03-02,5525,4582663863.0
2015-03-03,5525,4582663863.0
2015-03-04,5525,4582663863.0
2015-03-05,5525,4594949825.0
2015-03-06,5525,4607235788.0
2015-03-09,5525,4582663863.0
2015-03-10,5525,4631807712.0
2015-03-11,5525,4607235788.0
2015-03-12,5525,4607235788.0
2015-03-13,5525,4619521750.0
2015-03-16,5525,4631807712.0
2015-03-17,5525,4668665598.0
2015-03-18,5525,4570377901.0
2015-03-19,5525,4521234053.0
2015-03-20,5525,4422946356.0
2015-03-23,5525,4508948091.0
2015-03-24,5525,4508948091.0
2015-03-25,5525,4521234053.0
2015-03-26,5525,4521234053.0
2015-03-27,5525,4558091939.0
2015-03-30,5525,4582663863.0
2015-03-31,5525,4594949825.0
2015-04-01,5525,4570377901.0
2015-04-02,5525,4570377901.0
2015-04-07,5525,4570377901.0
2015-04-08,5525,4545805977.0
2015-04-09,5525,4533520015.0
2015-04-10,5525,4582663863.0
2015-04-13,5525,4594949825.0
2015-04-14,5525,4607235788.0
2015-04-15,5525,4558091939.0
2015-04-16,5525,4570377901.0
2015-04-17,5525,4594949825.0
2015-04-20,5525,4570377901.0
2015-04-21,5525,4558091939.0
2015-04-22,5525,4570377901.0
2015-04-23,5525,4570377901.0
2015-04-24,5525,4545805977.0
2015-04-27,5525,4570377901.0
2015-04-28,5525,4582663863.0
2015-04-29,5525,4607235788.0
2015-04-30,5525,4644093674.0
2015-05-04,5525,4656379636.0
2015-05-05,5525,4668665598.0
2015-05-06,5525,4693237522.0
2015-05-07,5525,4680951560.0
2015-05-08,5525,4693237522.0
2015-05-11,5525,4730095409.0
2015-05-12,5525,4742381371.0
2015-05-13,5525,4742381371.0
2015-05-14,5525,4693237522.0
2015-05-15,5525,4631807712.0
2015-05-18,5525,4631807712.0
2015-05-19,5525,4644093674.0
2015-05-20,5525,4644093674.0
2015-05-21,5525,4570377901.0
2015-05-22,5525,4594949825.0
2015-05-25,5525,4521234053.0
2015-05-26,5525,4558091939.0
2015-05-27,5525,4545805977.0
2015-05-28,5525,4508948091.0
2015-05-29,5525,4545805977.0
2015-06-01,5525,4521234053.0
2015-06-02,5525,4521234053.0
2015-06-03,5525,4496662129.0
2015-06-04,5525,4484376167.0
2015-06-05,5525,4496662129.0
2015-06-08,5525,4398374432.0
2015-06-09,5525,4373802508.0
2015-06-10,5525,4398374432.0
2015-06-11,5525,4410660394.0
2015-06-12,5525,4398374432.0
2015-06-15,5525,4361516546.0
2015-06-16,5525,4336944621.0
2015-06-17,5525,4349230583.0
2015-06-18,5525,4336944621.0
2015-06-22,5525,4349230583.0
2015-06-23,5525,4336944621.0
2015-06-24,5525,4300086735.0
2015-06-25,5525,4435232318.0
2015-06-26,5525,4386088470.0
2015-06-29,5525,4336944621.0
2015-06-30,5525,4373802508.0
2015-07-01,5525,4386088470.0
2015-07-02,5525,4386088470.0
2015-07-03,5525,4435232318.0
2015-07-06,5525,4386088470.0
2015-07-07,5525,4435232318.0
2015-07-08,5525,4386088470.0
2015-07-09,5525,4386088470.0
2015-07-13,5525,4447518280.0
2015-07-14,5525,4422946356.0
2015-07-15,5525,4422946356.0
2015-07-16,5525,4410660394.0
2015-07-17,5525,4373802508.0
2015-07-20,5525,4386088470.0
2015-07-21,5525,4349230583.0
2015-07-22,5525,4312372697.0
2015-07-23,5525,4324658659.0
2015-07-24,5525,4324658659.0
2015-07-27,5525,4300086735.0
2015-07-28,5525,4263228849.0
2015-07-29,5525,4238656925.0
2015-07-30,5525,4250942887.0
2015-07-31,5525,4263228849.0
2015-08-03,5525,4189513076.0
2015-08-04,5525,4201799038.0
2015-08-05,5525,4250942887.0
2015-08-06,5525,4226370962.0
2015-08-07,5525,4263228849.0
2015-08-10,5525,4275514811.0
2015-08-11,5525,4263228849.0
2015-08-12,5525,4250942887.0
2015-08-13,5525,4324658659.0
2015-08-14,5525,4324658659.0
2015-08-17,5525,4324658659.0
2015-08-18,5525,4287800773.0
2015-08-19,5525,4275514811.0
2015-08-20,5525,4250942887.0
2015-08-21,5525,4189513076.0
2015-08-24,5525,4029795569.0
2015-08-25,5525,4005223645.0
2015-08-26,5525,4091225379.0
2015-08-27,5525,3808648251.0
2015-08-28,5525,3894649986.0
2015-08-31,5525,3919221910.0
2015-09-01,5525,3894649986.0
2015-09-02,5525,3857792099.0
2015-09-03,5525,4042081531.0
2015-09-04,5525,4091225379.0
2015-09-07,5525,4078939417.0
2015-09-08,5525,4140369228.0
2015-09-09,5525,4177227114.0
2015-09-10,5525,4189513076.0
2015-09-11,5525,4164941152.0
2015-09-14,5525,4103511341.0
2015-09-15,5525,4066653455.0
2015-09-16,5525,4152655190.0
2015-09-17,5525,4152655190.0
2015-09-18,5525,4140369228.0
2015-09-21,5525,4238656925.0
2015-09-22,5525,4201799038.0
2015-09-23,5525,4302543923.0
2015-09-24,5525,4251925759.0
2015-09-25,5525,4251925759.0
2015-09-30,5525,4226616677.0
2015-10-01,5525,4251925759.0
2015-10-02,5525,4213962136.0
2015-10-05,5525,4138034891.0
2015-10-06,5525,4138034891.0
2015-10-07,5525,4188653054.0
2015-10-08,5525,4188653054.0
2015-10-12,5525,4163343973.0
2015-10-13,5525,4150689432.0
2015-10-14,5525,4175998514.0
2015-10-15,5525,4175998514.0
2015-10-16,5525,4188653054.0
2015-10-19,5525,4188653054.0
2015-10-20,5525,4201307595.0
2015-10-21,5525,4201307595.0
2015-10-22,5525,3796362285.0
2015-10-23,5525,3948216776.0
2015-10-26,5525,3935562235.0
2015-10-27,5525,3948216776.0
2015-10-28,5525,3935562235.0
2015-10-29,5525,3948216776.0
2015-10-30,5525,3973525858.0
2015-11-02,5525,3998834940.0
2015-11-03,5525,4062107645.0
2015-11-04,5525,4112725809.0
2015-11-05,5525,4112725809.0
2015-11-06,5525,4087416727.0
2015-11-09,5525,4100071268.0
2015-11-10,5525,4062107645.0
2015-11-11,5525,4074762186.0
2015-11-12,5525,4074762186.0
2015-11-13,5525,4150689432.0
2015-11-16,5525,4138034891.0
2015-11-17,5525,4150689432.0
2015-11-18,5525,4163343973.0
2015-11-19,5525,4163343973.0
2015-11-20,5525,4150689432.0
2015-11-23,5525,4138034891.0
2015-11-24,5525,4100071268.0
2015-11-25,5525,4100071268.0
2015-11-26,5525,4112725809.0
2015-11-27,5525,4100071268.0
2015-11-30,5525,4112725809.0
2015-12-01,5525,4112725809.0
2015-12-02,5525,4125380350.0
2015-12-03,5525,4138034891.0
2015-12-04,5525,4150689432.0
2015-12-07,5525,4087416727.0
2015-12-08,5525,4074762186.0
2015-12-09,5525,4024144022.0
2015-12-10,5525,3998834940.0
2015-12-11,5525,3922907695.0
2015-12-14,5525,3897598613.0
2015-12-15,5525,3910253154.0
2015-12-16,5525,3935562235.0
2015-12-17,5525,3922907695.0
2015-12-18,5525,3922907695.0
2015-12-21,5525,3910253154.0
2015-12-22,5525,3922907695.0
2015-12-23,5525,3922907695.0
2015-12-24,5525,3935562235.0
2015-12-25,5525,3998834940.0
2015-12-28,5525,3973525858.0
2015-12-29,5525,3986180399.0
2015-12-30,5525,4024144022.0
2015-12-31,5525,4036798563.0
2016-01-04,5525,3998834940.0
2016-01-05,5525,3998834940.0
2016-01-06,5525,4024144022.0
2016-01-07,5525,3948216776.0
2016-01-08,5525,4011489481.0
2016-01-11,5525,3922907695.0
2016-01-12,5525,3859634990.0
2016-01-13,5525,3910253154.0
2016-01-14,5525,3922907695.0
2016-01-15,5525,3935562235.0
2016-01-18,5525,3948216776.0
2016-01-19,5525,3998834940.0
2016-01-20,5525,3910253154.0
2016-01-21,5525,3910253154.0
2016-01-22,5525,3884944072.0
2016-01-25,5525,3948216776.0
2016-01-26,5525,3910253154.0
2016-01-27,5525,3922907695.0
2016-01-28,5525,3960871317.0
2016-01-29,5525,3910253154.0
2016-02-01,5525,3935562235.0
2016-02-02,5525,3872289531.0
2016-02-15,5525,3922907695.0
2016-02-16,5525,3910253154.0
2016-02-17,5525,3922907695.0
2016-02-18,5525,3948216776.0
2016-02-19,5525,3872289531.0
2016-02-22,5525,3846980449.0
2016-02-23,5525,3859634990.0
2016-02-24,5525,3846980449.0
2016-02-25,5525,3821671367.0
2016-02-26,5525,3834325908.0
2016-03-01,5525,3846980449.0
2016-03-02,5525,3846980449.0
2016-03-03,5525,3884944072.0
2016-03-04,5525,3998834940.0
2016-03-07,5525,4049453104.0
2016-03-08,5525,4011489481.0
2016-03-09,5525,3973525858.0
2016-03-10,5525,3960871317.0
2016-03-11,5525,3948216776.0
2016-03-14,5525,3948216776.0
2016-03-15,5525,3884944072.0
2016-03-16,5525,3935562235.0
2016-03-17,5525,4036798563.0
2016-03-18,5525,4062107645.0
2016-03-21,5525,4062107645.0
2016-03-22,5525,4049453104.0
2016-03-23,5525,4087416727.0
2016-03-24,5525,4074762186.0
2016-03-25,5525,4201307595.0
2016-03-28,5525,4175998514.0
2016-03-29,5525,4112725809.0
2016-03-30,5525,4125380350.0
2016-03-31,5525,4112725809.0
2016-04-01,5525,4150689432.0
2016-04-06,5525,4138034891.0
2016-04-07,5525,4138034891.0
2016-04-08,5525,4112725809.0
2016-04-11,5525,4125380350.0
2016-04-12,5525,4062107645.0
2016-04-13,5525,4074762186.0
2016-04-14,5525,4112725809.0
2016-04-15,5525,4100071268.0
2016-04-18,5525,4112725809.0
2016-04-19,5525,4112725809.0
2016-04-20,5525,4100071268.0
2016-04-21,5525,4074762186.0
2016-04-22,5525,4112725809.0
2016-04-25,5525,4112725809.0
2016-04-26,5525,4125380350.0
2016-04-27,5525,4100071268.0
2016-04-28,5525,4100071268.0
2016-04-29,5525,4087416727.0
2016-05-03,5525,4049453104.0
2016-05-04,5525,4062107645.0
2016-05-05,5525,4074762186.0
2016-05-06,5525,4074762186.0
2016-05-09,5525,4074762186.0
2016-05-10,5525,4062107645.0
2016-05-11,5525,4074762186.0
2016-05-12,5525,4036798563.0
2016-05-13,5525,4036798563.0
2016-05-16,5525,4036798563.0
2016-05-17,5525,4024144022.0
2016-05-18,5525,4024144022.0
2016-05-19,5525,4024144022.0
2016-05-20,5525,4024144022.0
2016-05-23,5525,4036798563.0
2016-05-24,5525,4049453104.0
2016-05-25,5525,4049453104.0
2016-05-26,5525,4036798563.0
2016-05-27,5525,4024144022.0
2016-05-30,5525,4024144022.0
2016-05-31,5525,4024144022.0
2016-06-01,5525,3998834940.0
2016-06-02,5525,4036798563.0
2016-06-03,5525,4036798563.0
2016-06-06,5525,4036798563.0
2016-06-07,5525,4049453104.0
2016-06-08,5525,4049453104.0
2016-06-13,5525,3998834940.0
2016-06-14,5525,4049453104.0
2016-06-15,5525,4049453104.0
2016-06-16,5525,4036798563.0
2016-06-17,5525,4011489481.0
2016-06-20,5525,4011489481.0
2016-06-21,5525,4024144022.0
2016-06-22,5525,4011489481.0
2016-06-23,5525,4024144022.0
2016-06-24,5525,3998834940.0
2016-06-27,5525,3998834940.0
2016-06-28,5525,4036798563.0
2016-06-29,5525,4024144022.0
2016-06-30,5525,4049453104.0
2016-07-01,5525,4036798563.0
2016-07-04,5525,4049453104.0
2016-07-05,5525,4036798563.0
2016-07-06,5525,4024144022.0
2016-07-07,5525,4011489481.0
2016-07-11,5525,4024144022.0
2016-07-12,5525,4024144022.0
2016-07-13,5525,4024144022.0
2016-07-14,5525,4049453104.0
2016-07-15,5525,4024144022.0
2016-07-18,5525,4049453104.0
2016-07-19,5525,4036798563.0
2016-07-20,5525,4049453104.0
2016-07-21,5525,4036798563.0
2016-07-22,5525,4036798563.0
2016-07-25,5525,4024144022.0
2016-07-26,5525,4024144022.0
2016-07-27,5525,4036798563.0
2016-07-28,5525,4036798563.0
2016-07-29,5525,4036798563.0
2016-08-01,5525,4036798563.0
2016-08-02,5525,4036798563.0
2016-08-03,5525,4036798563.0
2016-08-04,5525,4011489481.0
2016-08-05,5525,4024144022.0
2016-08-08,5525,4024144022.0
2016-08-09,5525,4036798563.0
2016-08-10,5525,4036798563.0
2016-08-11,5525,4024144022.0
2016-08-12,5525,4036798563.0
2016-08-15,5525,4049453104.0
2016-08-16,5525,4087416727.0
2016-08-17,5525,4100071268.0
2016-08-18,5525,4087416727.0
2016-08-19,5525,4074762186.0
2016-08-22,5525,4062107645.0
2016-08-23,5525,4100071268.0
2016-08-24,5525,4125380350.0
2016-08-25,5525,4125380350.0
2016-08-26,5525,3783707744.0
2016-08-29,5525,3771053203.0
2016-08-30,5525,3758398662.0
2016-08-31,5525,3771053203.0
2016-09-01,5525,3745744121.0
2016-09-02,5525,3771053203.0
2016-09-05,5525,3758398662.0
2016-09-06,5525,3745744121.0
2016-09-07,5525,3745744121.0
2016-09-08,5525,3745744121.0
2016-09-09,5525,3733089580.0
2016-09-12,5525,3720435039.0
2016-09-13,5525,3720435039.0
2016-09-14,5525,3720435039.0
2016-09-19,5525,3745744121.0
2016-09-20,5525,3745744121.0
2016-09-21,5525,3809016826.0
2016-09-22,5525,3821671367.0
2016-09-23,5525,3809016826.0
2016-09-26,5525,3771053203.0
2016-09-29,5525,3796362285.0
2016-09-30,5525,3771053203.0
2016-10-03,5525,3720435039.0
2016-10-04,5525,3733089580.0
2016-10-05,5525,3695125957.0
2016-10-06,5525,3695125957.0
2016-10-07,5525,3720435039.0
2016-10-11,5525,3733089580.0
2016-10-12,5525,3745744121.0
2016-10-13,5525,3758398662.0
2016-10-14,5525,3720435039.0
2016-10-17,5525,3771053203.0
2016-10-18,5525,3771053203.0
2016-10-19,5525,3771053203.0
2016-10-20,5525,3758398662.0
2016-10-21,5525,3720435039.0
2016-10-24,5525,3720435039.0
2016-10-25,5525,3707780498.0
2016-10-26,5525,3707780498.0
2016-10-27,5525,3707780498.0
2016-10-28,5525,3720435039.0
2016-10-31,5525,3707780498.0
2016-11-01,5525,3720435039.0
2016-11-02,5525,3695125957.0
2016-11-03,5525,3695125957.0
2016-11-04,5525,3707780498.0
2016-11-07,5525,3695125957.0
2016-11-08,5525,3745744121.0
2016-11-09,5525,3644507794.0
2016-11-10,5525,3682471416.0
2016-11-11,5525,3682471416.0
2016-11-14,5525,3669816876.0
2016-11-15,5525,3669816876.0
2016-11-16,5525,3669816876.0
2016-11-17,5525,3669816876.0
2016-11-18,5525,3682471416.0
2016-11-21,5525,3682471416.0
2016-11-22,5525,3644507794.0
2016-11-23,5525,3644507794.0
2016-11-24,5525,3644507794.0
2016-11-25,5525,3644507794.0
2016-11-28,5525,3657162335.0
2016-11-29,5525,3695125957.0
2016-11-30,5525,3733089580.0
2016-12-01,5525,3733089580.0
2016-12-02,5525,3695125957.0
2016-12-05,5525,3695125957.0
2016-12-06,5525,3733089580.0
2016-12-07,5525,3745744121.0
2016-12-08,5525,3758398662.0
2016-12-09,5525,3758398662.0
2016-12-12,5525,3758398662.0
2016-12-13,5525,3745744121.0
2016-12-14,5525,3745744121.0
2016-12-15,5525,3720435039.0
2016-12-16,5525,3707780498.0
2016-12-19,5525,3657162335.0
2016-12-20,5525,3657162335.0
2016-12-21,5525,3631853253.0
2016-12-22,5525,3619198712.0
2016-12-23,5525,3593889630.0
2016-12-26,5525,3606544171.0
2016-12-27,5525,3593889630.0
2016-12-28,5525,3555926007.0
2016-12-29,5525,3581235089.0
2016-12-30,5525,3593889630.0
2017-01-03,5525,3593889630.0
2017-01-04,5525,3593889630.0
2017-01-05,5525,3593889630.0
2017-01-06,5525,3581235089.0
2017-01-09,5525,3581235089.0
2017-01-10,5525,3568580548.0
2017-01-11,5525,3568580548.0
2017-01-12,5525,3568580548.0
2017-01-13,5525,3568580548.0
2017-01-16,5525,3568580548.0
2017-01-17,5525,3568580548.0
2017-01-18,5525,3568580548.0
2017-01-19,5525,3530616925.0
2017-01-20,5525,3530616925.0
2017-01-23,5525,3530616925.0
2017-01-24,5525,3543271466.0
2017-02-02,5525,3555926007.0
2017-02-03,5525,3543271466.0
2017-02-06,5525,3644507794.0
2017-02-07,5525,3606544171.0
2017-02-08,5525,3606544171.0
2017-02-09,5525,3593889630.0
2017-02-10,5525,3593889630.0
2017-02-13,5525,3593889630.0
2017-02-14,5525,3593889630.0
2017-02-15,5525,3593889630.0
2017-02-16,5525,3593889630.0
2017-02-17,5525,3593889630.0
2017-02-20,5525,3593889630.0
2017-02-21,5525,3593889630.0
2017-02-22,5525,3581235089.0
2017-02-23,5525,3568580548.0
2017-02-24,5525,3581235089.0
2017-03-01,5525,3644507794.0
2017-03-02,5525,3619198712.0
2017-03-03,5525,3619198712.0
2017-03-06,5525,3606544171.0
2017-03-07,5525,3593889630.0
2017-03-08,5525,3593889630.0
2017-03-09,5525,3619198712.0
2017-03-10,5525,3619198712.0
2017-03-13,5525,3631853253.0
2017-03-14,5525,3619198712.0
2017-03-15,5525,3606544171.0
2017-03-16,5525,3619198712.0
2017-03-17,5525,3619198712.0
2017-03-20,5525,3669816876.0
2017-03-21,5525,3631853253.0
2017-03-22,5525,3619198712.0
2017-03-23,5525,3657162335.0
2017-03-24,5525,3669816876.0
2017-03-27,5525,3707780498.0
2017-03-28,5525,3695125957.0
2017-03-29,5525,3695125957.0
2017-03-30,5525,3707780498.0
2017-03-31,5525,3657162335.0
2017-04-05,5525,3695125957.0
2017-04-06,5525,3657162335.0
2017-04-07,5525,3669816876.0
2017-04-10,5525,3682471416.0
2017-04-11,5525,3657162335.0
2017-04-12,5525,3657162335.0
2017-04-13,5525,3631853253.0
2017-04-14,5525,3593889630.0
2017-04-17,5525,3593889630.0
2017-04-18,5525,3593889630.0
2017-04-19,5525,3593889630.0
2017-04-20,5525,3581235089.0
2017-04-21,5525,3593889630.0
2017-04-24,5525,3568580548.0
2017-04-25,5525,3593889630.0
2017-04-26,5525,3593889630.0
2017-04-27,5525,3568580548.0
2017-04-28,5525,3568580548.0
2017-05-02,5525,3581235089.0
2017-05-03,5525,3593889630.0
2017-05-04,5525,3682471416.0
2017-05-05,5525,3682471416.0
2017-05-08,5525,3669816876.0
2017-05-09,5525,3606544171.0
2017-05-10,5525,3606544171.0
2017-05-11,5525,3568580548.0
2017-05-12,5525,3606544171.0
2017-05-15,5525,3568580548.0
2017-05-16,5525,3555926007.0
2017-05-17,5525,3543271466.0
2017-05-18,5525,3555926007.0
2017-05-19,5525,3581235089.0
2017-05-22,5525,3581235089.0
2017-05-23,5525,3581235089.0
2017-05-24,5525,3581235089.0
2017-05-25,5525,3568580548.0
2017-05-26,5525,3568580548.0
2017-06-01,5525,3581235089.0
2017-06-02,5525,3568580548.0
2017-06-05,5525,3606544171.0
2017-06-06,5525,3606544171.0
2017-06-07,5525,3606544171.0
2017-06-08,5525,3593889630.0
2017-06-09,5525,3581235089.0
2017-06-12,5525,3568580548.0
2017-06-13,5525,3593889630.0
2017-06-14,5525,3581235089.0
2017-06-15,5525,3568580548.0
2017-06-16,5525,3631853253.0
2017-06-19,5525,3581235089.0
2017-06-20,5525,3593889630.0
2017-06-21,5525,3593889630.0
2017-06-22,5525,3593889630.0
2017-06-23,5525,3593889630.0
2017-06-26,5525,3581235089.0
2017-06-27,5525,3581235089.0
2017-06-28,5525,3568580548.0
2017-06-29,5525,3568580548.0
2017-06-30,5525,3530616925.0
2017-07-03,5525,3543271466.0
2017-07-04,5525,3543271466.0
2017-07-05,5525,3517962384.0
2017-07-06,5525,3492653302.0
2017-07-07,5525,3517962384.0
2017-07-10,5525,3492653302.0
2017-07-11,5525,3505307843.0
2017-07-12,5525,3505307843.0
2017-07-13,5525,3492653302.0
2017-07-14,5525,3505307843.0
2017-07-17,5525,3492653302.0
2017-07-18,5525,3492653302.0
2017-07-19,5525,3492653302.0
2017-07-20,5525,3479998761.0
2017-07-21,5525,3479998761.0
2017-07-24,5525,3479998761.0
2017-07-25,5525,3479998761.0
2017-07-26,5525,3467344220.0
2017-07-27,5525,3467344220.0
2017-07-28,5525,3479998761.0
2017-07-31,5525,3479998761.0
2017-08-01,5525,3479998761.0
2017-08-02,5525,3467344220.0
2017-08-03,5525,3467344220.0
2017-08-04,5525,3442035138.0
2017-08-07,5525,3429380597.0
2017-08-08,5525,3442035138.0
2017-08-09,5525,3442035138.0
2017-08-10,5525,3454689679.0
2017-08-11,5525,3442035138.0
2017-08-14,5525,3442035138.0
2017-08-15,5525,3442035138.0
2017-08-16,5525,3442035138.0
2017-08-17,5525,3442035138.0
2017-08-18,5525,3429380597.0
2017-08-21,5525,3454689679.0
2017-08-22,5525,3442035138.0
2017-08-23,5525,3454689679.0
2017-08-24,5525,3454689679.0
2017-08-25,5525,3454689679.0
2017-08-28,5525,3467344220.0
2017-08-29,5525,3454689679.0
2017-08-30,5525,3454689679.0
2017-08-31,5525,3467344220.0
2017-09-01,5525,3467344220.0
2017-09-04,5525,3454689679.0
2017-09-05,5525,3442035138.0
2017-09-06,5525,3467344220.0
2017-09-07,5525,3467344220.0
2017-09-08,5525,3467344220.0
2017-09-11,5525,3442035138.0
2017-09-12,5525,3467344220.0
2017-09-13,5525,3467344220.0
2017-09-14,5525,3467344220.0
2017-09-15,5525,3467344220.0
2017-09-18,5525,3467344220.0
2017-09-19,5525,3467344220.0
2017-09-20,5525,3505307843.0
2017-09-21,5525,3543271466.0
2017-09-22,5525,3543271466.0
2017-09-25,5525,3543271466.0
2017-09-26,5525,3505307843.0
2017-09-27,5525,3530616925.0
2017-09-28,5525,3530616925.0
2017-09-29,5525,3517962384.0
2017-10-02,5525,3530616925.0
2017-10-03,5525,3517962384.0
2017-10-20,5525,3273982839.0
2017-10-23,5525,3251710847.0
2017-10-24,5525,3251710847.0
2017-10-25,5525,3251710847.0
2017-10-26,5525,3251710847.0
2017-10-27,5525,3262846843.0
2017-10-30,5525,3251710847.0
2017-10-31,5525,3262846843.0
2017-11-01,5525,3273982839.0
2017-11-02,5525,3273982839.0
2017-11-03,5525,3273982839.0
2017-11-06,5525,3273982839.0
2017-11-07,5525,3273982839.0
2017-11-08,5525,3285118835.0
2017-11-09,5525,3296254831.0
2017-11-10,5525,3318526823.0
2017-11-13,5525,3318526823.0
2017-11-14,5525,3318526823.0
2017-11-15,5525,3307390827.0
2017-11-16,5525,3318526823.0
2017-11-17,5525,3329662819.0
2017-11-20,5525,3329662819.0
2017-11-21,5525,3296254831.0
2017-11-22,5525,3318526823.0
2017-11-23,5525,3329662819.0
2017-11-24,5525,3329662819.0
2017-11-27,5525,3318526823.0
2017-11-28,5525,3318526823.0
2017-11-29,5525,3318526823.0
2017-11-30,5525,3318526823.0
2017-12-01,5525,3307390827.0
2017-12-04,5525,3307390827.0
2017-12-05,5525,3296254831.0
2017-12-06,5525,3307390827.0
2017-12-07,5525,3296254831.0
2017-12-08,5525,3296254831.0
2017-12-11,5525,3296254831.0
2017-12-12,5525,3285118835.0
2017-12-13,5525,3285118835.0
2017-12-14,5525,3285118835.0
2017-12-15,5525,3285118835.0
2017-12-18,5525,3285118835.0
2017-12-19,5525,3296254831.0
2017-12-20,5525,3296254831.0
2017-12-21,5525,3296254831.0
2017-12-22,5525,3296254831.0
2017-12-25,5525,3296254831.0
2017-12-26,5525,3296254831.0
2017-12-27,5525,3318526823.0
2017-12-28,5525,3396478795.0
2017-12-29,5525,3552382740.0
2018-01-02,5525,3708286685.0
2018-01-03,5525,3708286685.0
2018-01-04,5525,3697150689.0
2018-01-05,5525,3708286685.0
2018-01-08,5525,3741694673.0
2018-01-09,5525,3719422681.0
2018-01-10,5525,3964414594.0
2018-01-11,5525,3875326625.0
2018-01-12,5525,3864190629.0
2018-01-15,5525,3897598618.0
2018-01-16,5525,3830782641.0
2018-01-17,5525,3830782641.0
2018-01-18,5525,3830782641.0
2018-01-19,5525,3819646645.0
2018-01-22,5525,3775102661.0
2018-01-23,5525,3752830669.0
2018-01-24,5525,3786238657.0
2018-01-25,5525,3775102661.0
2018-01-26,5525,3808510649.0
2018-01-29,5525,3819646645.0
2018-01-30,5525,3775102661.0
2018-01-31,5525,3797374653.0
2018-02-01,5525,3797374653.0
2018-02-02,5525,3797374653.0
2018-02-05,5525,3763966665.0
2018-02-06,5525,3608062720.0
2018-02-07,5525,3608062720.0
2018-02-08,5525,3641470708.0
2018-02-09,5525,3652606704.0
2018-02-12,5525,3630334712.0
2018-02-21,5525,3697150689.0
2018-02-22,5525,3730558677.0
2018-02-23,5525,3775102661.0
2018-02-26,5525,3752830669.0
2018-02-27,5525,3741694673.0
2018-03-01,5525,3775102661.0
2018-03-02,5525,3775102661.0
2018-03-05,5525,3763966665.0
2018-03-06,5525,3752830669.0
2018-03-07,5525,3741694673.0
2018-03-08,5525,3741694673.0
2018-03-09,5525,3741694673.0
2018-03-12,5525,3741694673.0
2018-03-13,5525,3786238657.0
2018-03-14,5525,3830782641.0
2018-03-15,5525,3786238657.0
2018-03-16,5525,3797374653.0
2018-03-19,5525,3986686586.0
2018-03-20,5525,3986686586.0
2018-03-21,5525,4008958578.0
2018-03-22,5525,3997822582.0
2018-03-23,5525,3875326625.0
2018-03-26,5525,3886462621.0
2018-03-27,5525,3964414594.0
2018-03-28,5525,3953278598.0
2018-03-29,5525,3997822582.0
2018-03-30,5525,3997822582.0
2018-04-02,5525,4075774554.0
2018-04-03,5525,4053502562.0
2018-04-09,5525,4064638558.0
2018-04-10,5525,4064638558.0
2018-04-11,5525,4075774554.0
2018-04-12,5525,4064638558.0
2018-04-13,5525,3997822582.0
2018-04-16,5525,3931006606.0
2018-04-17,5525,3886462621.0
2018-04-18,5525,3953278598.0
2018-04-19,5525,3986686586.0
2018-04-20,5525,3986686586.0
2018-04-23,5525,3997822582.0
2018-04-24,5525,3997822582.0
2018-04-25,5525,3975550590.0
2018-04-26,5525,3997822582.0
2018-04-27,5525,4008958578.0
2018-04-30,5525,4031230570.0
2018-05-02,5525,4031230570.0
2018-05-03,5525,4020094574.0
2018-05-04,5525,4020094574.0
2018-05-07,5525,4031230570.0
2018-05-08,5525,4031230570.0
2018-05-09,5525,4031230570.0
2018-05-10,5525,4053502562.0
2018-05-11,5525,4064638558.0
2018-05-14,5525,4086910550.0
2018-05-15,5525,4187134515.0
2018-05-16,5525,4153726527.0
2018-05-17,5525,4187134515.0
2018-05-18,5525,4164862523.0
2018-05-21,5525,4175998519.0
2018-05-22,5525,4175998519.0
2018-05-23,5525,4175998519.0
2018-05-24,5525,4588030373.0
2018-05-25,5525,4788478302.0
2018-05-28,5525,4833022286.0
2018-05-29,5525,4755070313.0
2018-05-30,5525,4777342305.0
2018-05-31,5525,4788478302.0
2018-06-01,5525,4833022286.0
2018-06-04,5525,4899838262.0
2018-06-05,5525,4855294278.0
2018-06-06,5525,4944382246.0
2018-06-07,5525,4821886290.0
2018-06-08,5525,4855294278.0
2018-06-11,5525,4833022286.0
2018-06-12,5525,5033470215.0
2018-06-13,5525,4933246250.0
2018-06-14,5525,4933246250.0
2018-06-15,5525,4933246250.0
2018-06-19,5525,4866430274.0
2018-06-20,5525,4866430274.0
2018-06-21,5525,4888702266.0
2018-06-22,5525,4855294278.0
2018-06-25,5525,4844158282.0
2018-06-26,5525,4810750294.0
2018-06-27,5525,4810750294.0
2018-06-28,5525,4799614298.0
2018-06-29,5525,4833022286.0
2018-07-02,5525,4833022286.0
2018-07-03,5525,4833022286.0
2018-07-04,5525,4810750294.0
2018-07-05,5525,4777342305.0
2018-07-06,5525,4743934317.0
2018-07-09,5525,4766206309.0
2018-07-10,5525,4899838262.0
2018-07-11,5525,4799614298.0
2018-07-12,5525,4710526329.0
2018-07-13,5525,4766206309.0
2018-07-16,5525,4766206309.0
2018-07-17,5525,4766206309.0
2018-07-18,5525,4766206309.0
2018-07-19,5525,4766206309.0
2018-07-20,5525,4899838262.0
2018-07-23,5525,4877566270.0
2018-07-24,5525,4866430274.0
2018-07-25,5525,4888702266.0
2018-07-26,5525,4933246250.0
2018-07-27,5525,4933246250.0
2018-07-30,5525,4944382246.0
2018-07-31,5525,4732798321.0
2018-08-01,5525,4610302365.0
2018-08-02,5525,4532350392.0
2018-08-03,5525,4476670412.0
2018-08-06,5525,4510078400.0
2018-08-07,5525,4521214396.0
2018-08-08,5525,4554622384.0
2018-08-09,5525,4654846349.0
2018-08-10,5525,4699390333.0
2018-08-13,5525,4599166369.0
2018-08-14,5525,4588030373.0
2018-08-15,5525,4899838262.0
2018-08-16,5525,4955518242.0
2018-08-17,5525,4933246250.0
2018-08-20,5525,4977790234.0
2018-08-21,5525,5011198223.0
2018-08-22,5525,4977790234.0
2018-08-23,5525,4844158282.0
2018-08-24,5525,4866430274.0
2018-08-27,5525,4844158282.0
2018-08-28,5525,4810750294.0
2018-08-29,5525,4821886290.0
2018-08-30,5525,4777342305.0
2018-08-31,5525,4777342305.0
2018-09-03,5525,4922110254.0
2018-09-04,5525,4922110254.0
2018-09-05,5525,4933246250.0
2018-09-06,5525,4844158282.0
2018-09-07,5525,4777342305.0
2018-09-10,5525,4677118341.0
2018-09-11,5525,4721662325.0
2018-09-12,5525,4699390333.0
2018-09-13,5525,4721662325.0
2018-09-14,5525,4743934317.0
2018-09-17,5525,4799614298.0
2018-09-18,5525,4833022286.0
2018-09-19,5525,4944382246.0
2018-09-20,5525,4933246250.0
2018-09-21,5525,4966654238.0
2018-09-25,5525,5000062226.0
2018-09-26,5525,4988926230.0
2018-09-27,5525,4966654238.0
2018-09-28,5525,4899838262.0
2018-10-01,5525,5055742207.0
2018-10-02,5525,5033470215.0
2018-10-03,5525,5022334219.0
2018-10-04,5525,5011198223.0
2018-10-08,5525,4988926230.0
2018-10-09,5525,5011198223.0
2018-10-11,5525,4588030373.0
2018-10-12,5525,4677118341.0
2018-10-15,5525,4476670412.0
2018-10-16,5525,4476670412.0
2018-10-17,5525,4487806408.0
2018-10-18,5525,4554622384.0
2018-10-19,5525,4498942404.0
2018-10-22,5525,4543486388.0
2018-10-23,5525,4487806408.0
2018-10-24,5525,4432126428.0
2018-10-25,5525,4276222483.0
2018-10-26,5525,4231678499.0
2018-10-29,5525,4354174456.0
2018-10-30,5525,4320766467.0
2018-10-31,5525,4387582444.0
2018-11-01,5525,4387582444.0
2018-11-02,5525,4443262424.0
2018-11-05,5525,4498942404.0
2018-11-06,5525,4465534416.0
2018-11-07,5525,4510078400.0
2018-11-08,5525,4643710353.0
2018-11-09,5525,4599166369.0
2018-11-12,5525,4588030373.0
2018-11-13,5525,4576894377.0
2018-11-14,5525,4543486388.0
2018-11-15,5525,4576894377.0
2018-11-16,5525,4565758381.0
2018-11-19,5525,4565758381.0
2018-11-20,5525,4565758381.0
2018-11-21,5525,4565758381.0
2018-11-22,5525,4599166369.0
2018-11-23,5525,4588030373.0
2018-11-26,5525,4643710353.0
2018-11-27,5525,4632574357.0
2018-11-28,5525,4665982345.0
2018-11-29,5525,4677118341.0
2018-11-30,5525,4677118341.0
2018-12-03,5525,4732798321.0
2018-12-04,5525,4743934317.0
2018-12-05,5525,4743934317.0
2018-12-06,5525,4665982345.0
2018-12-07,5525,4721662325.0
2018-12-10,5525,4766206309.0
2018-12-11,5525,4699390333.0
2018-12-12,5525,4677118341.0
2018-12-13,5525,4677118341.0
2018-12-14,5525,4654846349.0
2018-12-17,5525,4665982345.0
2018-12-18,5525,4632574357.0
2018-12-19,5525,4599166369.0
2018-12-20,5525,4599166369.0
2018-12-21,5525,4554622384.0
2018-12-24,5525,4543486388.0
2018-12-25,5525,4487806408.0
2018-12-26,5525,4532350392.0
2018-12-27,5525,4565758381.0
2018-12-28,5525,4665982345.0
2019-01-02,5525,4621438361.0
2019-01-03,5525,4621438361.0
2019-01-04,5525,4576894377.0
2019-01-07,5525,4599166369.0
2019-01-08,5525,4677118341.0
2019-01-09,5525,4688254337.0
2019-01-10,5525,4677118341.0
2019-01-11,5525,4755070313.0
2019-01-14,5525,4777342305.0
2019-01-15,5525,4755070313.0
2019-01-16,5525,4755070313.0
2019-01-17,5525,4721662325.0
2019-01-18,5525,4732798321.0
2019-01-21,5525,4755070313.0
2019-01-22,5525,4755070313.0
2019-01-23,5525,4777342305.0
2019-01-24,5525,4788478302.0
2019-01-25,5525,4788478302.0
2019-01-28,5525,4788478302.0
2019-01-29,5525,4743934317.0
2019-01-30,5525,4766206309.0
2019-02-11,5525,4799614298.0
2019-02-12,5525,4833022286.0
2019-02-13,5525,4844158282.0
2019-02-14,5525,4866430274.0
2019-02-15,5525,4910974258.0
2019-02-18,5525,4977790234.0
2019-02-19,5525,4944382246.0
2019-02-20,5525,4944382246.0
2019-02-21,5525,4877566270.0
2019-02-22,5525,4966654238.0
2019-02-25,5525,5011198223.0
2019-02-26,5525,4977790234.0
2019-02-27,5525,5033470215.0
2019-03-04,5525,5078014199.0
2019-03-05,5525,5155966171.0
2019-03-06,5525,5233918144.0
2019-03-07,5525,5256190136.0
2019-03-08,5525,5334142108.0
2019-03-11,5525,5334142108.0
2019-03-12,5525,5445502068.0
2019-03-13,5525,5412094080.0
2019-03-14,5525,5467774061.0
2019-03-15,5525,5534590037.0
2019-03-18,5525,5512318045.0
2019-03-19,5525,5356414100.0
2019-03-20,5525,5478910057.0
2019-03-21,5525,5523454041.0
2019-03-22,5525,5545726033.0
2019-03-25,5525,5590270017.0
2019-03-26,5525,5668221989.0
2019-03-27,5525,5801853942.0
2019-03-28,5525,5946621891.0
2019-03-29,5525,6113661831.0
2019-04-01,5525,6091389839.0
2019-04-02,5525,6069117847.0
2019-04-03,5525,6069117847.0
2019-04-08,5525,6035709859.0
2019-04-09,5525,6080253843.0
2019-04-10,5525,6147069820.0
2019-04-11,5525,6069117847.0
2019-04-12,5525,5991165875.0
2019-04-15,5525,6013437867.0
2019-04-16,5525,5968893883.0
2019-04-17,5525,5913213903.0
2019-04-18,5525,5801853942.0
2019-04-19,5525,5824125934.0
2019-04-22,5525,5768445954.0
2019-04-23,5525,5790717946.0
2019-04-24,5525,5824125934.0
2019-04-25,5525,5924349899.0
2019-04-26,5525,6002301871.0
2019-04-29,5525,5957757887.0
2019-04-30,5525,5968893883.0
2019-05-02,5525,5980029879.0
2019-05-03,5525,6002301871.0
2019-05-06,5525,5935485895.0
2019-05-07,5525,5957757887.0
2019-05-08,5525,5946621891.0
2019-05-09,5525,5824125934.0
2019-05-10,5525,5879805914.0
2019-05-13,5525,5924349899.0
2019-05-14,5525,5890941910.0
2019-05-15,5525,5991165875.0
2019-05-16,5525,5879805914.0
2019-05-17,5525,5879805914.0
2019-05-20,5525,5879805914.0
2019-05-21,5525,5924349899.0
2019-05-22,5525,5924349899.0
2019-05-23,5525,5902077907.0
2019-05-24,5525,5902077907.0
2019-05-27,5525,5991165875.0
2019-05-28,5525,6013437867.0
2019-05-29,5525,5924349899.0
2019-05-30,5525,5991165875.0
2019-05-31,5525,5991165875.0
2019-06-03,5525,6002301871.0
2019-06-04,5525,6046845855.0
2019-06-05,5525,6069117847.0
2019-06-06,5525,6002301871.0
2019-06-10,5525,6091389839.0
2019-06-11,5525,6035709859.0
2019-06-12,5525,6035709859.0
2019-06-13,5525,6002301871.0
2019-06-14,5525,6069117847.0
2019-06-17,5525,6436605717.0
2019-06-18,5525,6325245756.0
2019-06-19,5525,6325245756.0
2019-06-20,5525,6470013705.0
2019-06-21,5525,6458877709.0
2019-06-24,5525,6458877709.0
2019-06-25,5525,6458877709.0
2019-06-26,5525,6481149701.0
2019-06-27,5525,6514557689.0
2019-06-28,5525,6525693685.0
2019-07-01,5525,6514557689.0
2019-07-02,5525,6481149701.0
2019-07-03,5525,6392061733.0
2019-07-04,5525,6503421693.0
2019-07-05,5525,6514557689.0
2019-07-08,5525,6525693685.0
2019-07-09,5525,6514557689.0
2019-07-10,5525,6481149701.0
2019-07-11,5525,6392061733.0
2019-07-12,5525,6392061733.0
2019-07-15,5525,6314109760.0
2019-07-16,5525,6291837768.0
2019-07-17,5525,6225021792.0
2019-07-18,5525,6202749800.0
2019-07-19,5525,6291837768.0
2019-07-22,5525,6258429780.0
2019-07-23,5525,6225021792.0
2019-07-24,5525,6258429780.0
2019-07-25,5525,6236157788.0
2019-07-26,5525,6236157788.0
2019-07-29,5525,6236157788.0
2019-07-30,5525,6213885796.0
2019-07-31,5525,6225021792.0
2019-08-01,5525,6225021792.0
2019-08-02,5525,6213885796.0
2019-08-05,5525,6202749800.0
2019-08-06,5525,6102525835.0
2019-08-07,5525,6158205816.0
2019-08-08,5525,6147069820.0
2019-08-12,5525,6291837768.0
2019-08-13,5525,6269565776.0
2019-08-14,5525,6236157788.0
2019-08-15,5525,6191613804.0
2019-08-16,5525,6191613804.0
2019-08-19,5525,6236157788.0
2019-08-20,5525,6258429780.0
2019-08-21,5525,6280701772.0
2019-08-22,5525,6225021792.0
2019-08-23,5525,6225021792.0
2019-08-26,5525,5133694179.0
2019-08-27,5525,5044606211.0
2019-08-28,5525,5044606211.0
2019-08-29,5525,4944382246.0
2019-08-30,5525,4977790234.0
2019-09-02,5525,4977790234.0
2019-09-03,5525,4977790234.0
2019-09-04,5525,4966654238.0
2019-09-05,5525,4966654238.0
2019-09-06,5525,5000062226.0
2019-09-09,5525,4988926230.0
2019-09-10,5525,4977790234.0
2019-09-11,5525,4988926230.0
2019-09-12,5525,5000062226.0
2019-09-16,5525,5144830175.0
2019-09-17,5525,5122558183.0
2019-09-18,5525,5222782147.0
2019-09-19,5525,5233918144.0
2019-09-20,5525,5178238163.0
2019-09-23,5525,5671562786.0
2019-09-24,5525,5671562786.0
2019-09-25,5525,5659313190.0
2019-09-26,5525,5696061977.0
2019-09-27,5525,5659313190.0
2019-10-01,5525,5683812382.0
2019-10-02,5525,5683812382.0
2019-10-03,5525,5659313190.0
2019-10-04,5525,5634813999.0
2019-10-07,5525,5610314808.0
2019-10-08,5525,5585815616.0
2019-10-09,5525,5598065212.0
2019-10-14,5525,5549066829.0
2019-10-15,5525,5634813999.0
2019-10-16,5525,5671562786.0
2019-10-17,5525,5708311573.0
2019-10-18,5525,5634813999.0
2019-10-21,5525,5585815616.0
2019-10-22,5525,5585815616.0
2019-10-23,5525,5573566021.0
2019-10-24,5525,5573566021.0
2019-10-25,5525,5598065212.0
2019-10-28,5525,5598065212.0
2019-10-29,5525,5585815616.0
2019-10-30,5525,5585815616.0
2019-10-31,5525,5585815616.0
2019-11-01,5525,5598065212.0
2019-11-04,5525,5634813999.0
2019-11-05,5525,5610314808.0
2019-11-06,5525,5610314808.0
2019-11-07,5525,5622564403.0
2019-11-08,5525,5585815616.0
2019-11-11,5525,5573566021.0
2019-11-12,5525,5549066829.0
2019-11-13,5525,5512318043.0
2019-11-14,5525,5451070064.0
2019-11-15,5525,5500068447.0
2019-11-18,5525,5487818851.0
2019-11-19,5525,5512318043.0
2019-11-20,5525,5487818851.0
2019-11-21,5525,5487818851.0
2019-11-22,5525,5512318043.0
2019-11-25,5525,5524567638.0
2019-11-26,5525,5524567638.0
2019-11-27,5525,5524567638.0
2019-11-28,5525,5487818851.0
2019-11-29,5525,5512318043.0
2019-12-02,5525,5512318043.0
2019-12-03,5525,5549066829.0
2019-12-04,5525,5549066829.0
2019-12-05,5525,5500068447.0
2019-12-06,5525,5512318043.0
2019-12-09,5525,5512318043.0
2019-12-10,5525,5500068447.0
2019-12-11,5525,5512318043.0
2019-12-12,5525,5524567638.0
2019-12-13,5525,5536817234.0
2019-12-16,5525,5536817234.0
2019-12-17,5525,5549066829.0
2019-12-18,5525,5610314808.0
2019-12-19,5525,5610314808.0
2019-12-20,5525,5622564403.0
2019-12-23,5525,5610314808.0
2019-12-24,5525,5634813999.0
2019-12-25,5525,5720561169.0
2019-12-26,5525,5708311573.0
2019-12-27,5525,5732810764.0
2019-12-30,5525,5745060360.0
2019-12-31,5525,5708311573.0
2020-01-02,5525,5683812382.0
2020-01-03,5525,5708311573.0
2020-01-06,5525,5659313190.0
2020-01-07,5525,5622564403.0
2020-01-08,5525,5598065212.0
2020-01-09,5525,5610314808.0
2020-01-10,5525,5585815616.0
2020-01-13,5525,5561316425.0
2020-01-14,5525,5536817234.0
2020-01-15,5525,5512318043.0
2020-01-16,5525,5512318043.0
2020-01-17,5525,5512318043.0
2020-01-20,5525,5561316425.0
2020-01-30,5525,5255076534.0
2020-01-31,5525,5328574108.0
2020-02-03,5525,5157079769.0
2020-02-04,5525,5169329364.0
2020-02-05,5525,5169329364.0
2020-02-06,5525,5242826938.0
2020-02-07,5525,5169329364.0
2020-02-10,5525,5071332599.0
2020-02-11,5525,5095831790.0
2020-02-12,5525,5169329364.0
2020-02-13,5525,5157079769.0
2020-02-14,5525,5144830173.0
2020-02-17,5525,5120330982.0
2020-02-18,5525,5120330982.0
2020-02-19,5525,5132580577.0
2020-02-20,5525,5144830173.0
2020-02-21,5525,5181578960.0
2020-02-24,5525,5144830173.0
2020-02-25,5525,5083582195.0
2020-02-26,5525,5071332599.0
2020-02-27,5525,5022334217.0
2020-03-02,5525,4961086238.0
2020-03-03,5525,4997835025.0
2020-03-04,5525,5022334217.0
2020-03-05,5525,5083582195.0
2020-03-06,5525,5059083003.0
2020-03-09,5525,4899838260.0
2020-03-10,5525,5022334217.0
2020-03-11,5525,5071332599.0
2020-03-12,5525,4875339069.0
2020-03-13,5525,4532350391.0
2020-03-16,5525,4409854434.0
2020-03-17,5525,4213860904.0
2020-03-18,5525,4213860904.0
2020-03-19,5525,3821873843.0
2020-03-20,5525,4152612925.0
2020-03-23,5525,4115864138.0
2020-03-24,5525,4299608073.0
2020-03-25,5525,4556849582.0
2020-03-26,5525,4556849582.0
2020-03-27,5525,4654846347.0
2020-03-30,5525,4581348773.0
2020-03-31,5525,4593598369.0
2020-04-01,5525,4605847964.0
2020-04-06,5525,4605847964.0
2020-04-07,5525,4679345538.0
2020-04-08,5525,4765092708.0
2020-04-09,5525,4716094325.0
2020-04-10,5525,4728343921.0
2020-04-13,5525,4716094325.0
2020-04-14,5525,4765092708.0
2020-04-15,5525,4789591899.0
2020-04-16,5525,4777342304.0
2020-04-17,5525,4789591899.0
2020-04-20,5525,4850839877.0
2020-04-21,5525,4716094325.0
2020-04-22,5525,4679345538.0
2020-04-23,5525,4777342304.0
2020-04-24,5525,4752843112.0
2020-04-27,5525,4838590282.0
2020-04-28,5525,4814091090.0
2020-04-29,5525,4887588664.0
2020-04-30,5525,4961086238.0
2020-05-04,5525,4863089473.0
2020-05-05,5525,4875339069.0
2020-05-06,5525,4899838260.0
2020-05-07,5525,4961086238.0
2020-05-08,5525,4948836643.0
2020-05-11,5525,5071332599.0
2020-05-12,5525,4961086238.0
2020-05-13,5525,4948836643.0
2020-05-14,5525,4899838260.0
2020-05-15,5525,4899838260.0
2020-05-18,5525,4899838260.0
2020-05-19,5525,4924337451.0
2020-05-20,5525,4924337451.0
2020-05-21,5525,4936587047.0
2020-05-22,5525,4875339069.0
2020-05-25,5525,4961086238.0
2020-05-26,5525,5010084621.0
2020-05-27,5525,4973335834.0
2020-05-28,5525,4948836643.0
2020-05-29,5525,4973335834.0
2020-06-01,5525,5022334217.0
2020-06-02,5525,5022334217.0
2020-06-03,5525,5022334217.0
2020-06-04,5525,5034583812.0
2020-06-05,5525,5095831790.0
2020-06-08,5525,5218327747.0
2020-06-09,5525,5230577343.0
2020-06-10,5525,5242826938.0
2020-06-12,5525,5071332599.0
2020-06-15,5525,5046833408.0
2020-06-16,5525,5144830173.0
2020-06-17,5525,5193828556.0
2020-06-18,5525,5193828556.0
2020-06-19,5525,5144830173.0
2020-06-22,5525,5242826938.0
2020-06-23,5525,5230577343.0
2020-06-24,5525,5193828556.0
2020-06-29,5525,5193828556.0
2020-06-30,5525,5279575725.0
2020-07-01,5525,5267326130.0
2020-07-02,5525,5255076534.0
2020-07-03,5525,5267326130.0
2020-07-06,5525,5340823703.0
2020-07-07,5525,5316324512.0
2020-07-08,5525,5340823703.0
2020-07-09,5525,5340823703.0
2020-07-10,5525,5279575725.0
2020-07-13,5525,5340823703.0
2020-07-14,5525,5291825321.0
2020-07-15,5525,5316324512.0
2020-07-16,5525,5328574108.0
2020-07-17,5525,5340823703.0
2020-07-20,5525,5340823703.0
2020-07-21,5525,5389822086.0
2020-07-22,5525,5377572490.0
2020-07-23,5525,5426570873.0
2020-07-24,5525,5365322895.0
2020-07-27,5525,5389822086.0
2020-07-28,5525,5340823703.0
2020-07-29,5525,5377572490.0
2020-07-30,5525,5353073299.0
2020-07-31,5525,5389822086.0
2020-08-03,5525,5365322895.0
2020-08-04,5525,5365322895.0
2020-08-05,5525,5377572490.0
2020-08-06,5525,5365322895.0
2020-08-07,5525,5365322895.0
2020-08-10,5525,5353073299.0
2020-08-11,5525,5389822086.0
2020-08-12,5525,5365322895.0
2020-08-13,5525,5389822086.0
2020-08-14,5525,5377572490.0
2020-08-17,5525,5365322895.0
2020-08-18,5525,5389822086.0
2020-08-19,5525,5389822086.0
2020-08-20,5525,5353073299.0
2020-08-21,5525,5365322895.0
2020-08-24,5525,5389822086.0
2020-08-25,5525,5451070064.0
2020-08-26,5525,5500068447.0
2020-08-27,5525,5034583812.0
2020-08-28,5525,5059083003.0
2020-08-31,5525,5230577343.0
2020-09-01,5525,5230577343.0
2020-09-02,5525,5206078151.0
2020-09-03,5525,5144830173.0
2020-09-04,5525,5304074916.0
2020-09-07,5525,5267326130.0
2020-09-08,5525,5255076534.0
2020-09-09,5525,5279575725.0
2020-09-10,5525,5279575725.0
2020-09-11,5525,5242826938.0
2020-09-14,5525,5279575725.0
2020-09-15,5525,5291825321.0
2020-09-16,5525,5304074916.0
2020-09-17,5525,5316324512.0
2020-09-18,5525,5242826938.0
2020-09-21,5525,5267326130.0
2020-09-22,5525,5255076534.0
2020-09-23,5525,5675482656.0
2020-09-24,5525,5490268770.0
2020-09-25,5525,5490268770.0
2020-09-28,5525,5477039206.0
2020-09-29,5525,5490268770.0
2020-09-30,5525,5490268770.0
2020-10-05,5525,5477039206.0
2020-10-06,5525,5477039206.0
2020-10-07,5525,5543187023.0
2020-10-08,5525,5622564403.0
2020-10-12,5525,5609334839.0
2020-10-13,5525,5609334839.0
2020-10-14,5525,5715171346.0
2020-10-15,5525,5821007852.0
2020-10-16,5525,5821007852.0
2020-10-19,5525,5794548725.0
2020-10-20,5525,5794548725.0
2020-10-21,5525,5794548725.0
2020-10-22,5525,5794548725.0
2020-10-23,5525,5794548725.0
2020-10-26,5525,5794548725.0
2020-10-27,5525,5754860036.0
2020-10-28,5525,5754860036.0
2020-10-29,5525,5741630472.0
2020-10-30,5525,5662253092.0
2020-11-02,5525,5675482656.0
2020-11-03,5525,5662253092.0
2020-11-04,5525,5675482656.0
2020-11-05,5525,5688712219.0
2020-11-06,5525,5662253092.0
2020-11-09,5525,5688712219.0
2020-11-10,5525,5675482656.0
2020-11-11,5525,5662253092.0
2020-11-12,5525,5649023529.0
2020-11-13,5525,5662253092.0
2020-11-16,5525,5635793966.0
2020-11-17,5525,5662253092.0
2020-11-18,5525,5662253092.0
2020-11-19,5525,5662253092.0
2020-11-20,5525,5635793966.0
2020-11-23,5525,5675482656.0
2020-11-24,5525,5675482656.0
2020-11-25,5525,5662253092.0
2020-11-26,5525,5688712219.0
2020-11-27,5525,5728400909.0
2020-11-30,5525,5715171346.0
2020-12-01,5525,5754860036.0
2020-12-02,5525,5741630472.0
2020-12-03,5525,5741630472.0
2020-12-04,5525,5794548725.0
2020-12-07,5525,5754860036.0
2020-12-08,5525,5728400909.0
2020-12-09,5525,5754860036.0
2020-12-10,5525,5754860036.0
2020-12-11,5525,5768089599.0
2020-12-14,5525,5728400909.0
2020-12-15,5525,5675482656.0
2020-12-16,5525,5701941782.0
2020-12-17,5525,5715171346.0
2020-12-18,5525,5715171346.0
2020-12-21,5525,5688712219.0
2020-12-22,5525,5728400909.0
2020-12-23,5525,5741630472.0
2020-12-24,5525,5781319162.0
2020-12-25,5525,5781319162.0
2020-12-28,5525,5821007852.0
2020-12-29,5525,5781319162.0
2020-12-30,5525,5781319162.0
2020-12-31,5525,5807778289.0
2021-01-04,5525,5834237415.0
2021-01-05,5525,5821007852.0
2021-01-06,5525,5807778289.0
2021-01-07,5525,5794548725.0
2021-01-08,5525,5794548725.0
2021-01-11,5525,5754860036.0
2021-01-12,5525,5754860036.0
2021-01-13,5525,5794548725.0
2021-01-14,5525,5794548725.0
2021-01-15,5525,5741630472.0
2021-01-18,5525,5701941782.0
2021-01-19,5525,5821007852.0
2021-01-20,5525,5701941782.0
2021-01-21,5525,5741630472.0
2021-01-22,5525,5728400909.0
2021-01-25,5525,5715171346.0
2021-01-26,5525,5715171346.0
2021-01-27,5525,5728400909.0
2021-01-28,5525,5701941782.0
2021-01-29,5525,5675482656.0
2021-02-01,5525,5715171346.0
2021-02-02,5525,5701941782.0
2021-02-03,5525,5715171346.0
2021-02-05,5525,5715171346.0
2021-02-17,5525,5754860036.0
2021-02-18,5525,5794548725.0
2021-02-19,5525,5768089599.0
2021-02-22,5525,5768089599.0
2021-02-23,5525,5794548725.0
2021-02-24,5525,5768089599.0
2021-02-25,5525,5768089599.0
2021-02-26,5525,5728400909.0
2021-03-02,5525,5701941782.0
2021-03-03,5525,5715171346.0
2021-03-04,5525,5741630472.0
2021-03-05,5525,5741630472.0
2021-03-08,5525,5728400909.0
2021-03-09,5525,5715171346.0
2021-03-10,5525,5701941782.0
2021-03-11,5525,5754860036.0
2021-03-12,5525,5741630472.0
2021-03-15,5525,5701941782.0
2021-03-16,5525,5728400909.0
2021-03-17,5525,5715171346.0
2021-03-18,5525,5715171346.0
2021-03-19,5525,5675482656.0
2021-03-22,5525,5754860036.0
2021-03-23,5525,5768089599.0
2021-03-24,5525,6217894751.0
2021-03-25,5525,6310501694.0
2021-03-26,5525,6482486017.0
2021-03-29,5525,6508945144.0
2021-03-30,5525,6522174707.0
2021-03-31,5525,6852913789.0
2021-04-01,5525,6813225100.0
2021-04-06,5525,6747077283.0
2021-04-07,5525,6694159030.0
2021-04-08,5525,6641240777.0
2021-04-09,5525,6548633834.0
2021-04-12,5525,6548633834.0
2021-04-13,5525,6522174707.0
2021-04-14,5525,6482486017.0
2021-04-15,5525,6522174707.0
2021-04-16,5525,6522174707.0
2021-04-19,5525,6508945144.0
2021-04-20,5525,6522174707.0
2021-04-21,5525,6482486017.0
2021-04-22,5525,6429567764.0
2021-04-23,5525,6416338201.0
2021-04-26,5525,6456026890.0
2021-04-28,5525,6707388593.0
2021-04-29,5525,6667699903.0
2021-05-03,5525,6548633834.0
2021-05-04,5525,6495715580.0
2021-05-05,5525,6575092960.0
2021-05-06,5525,6561863397.0
2021-05-07,5525,6707388593.0
2021-05-10,5525,6760306846.0
2021-05-11,5525,6680929467.0
2021-05-12,5525,6429567764.0
2021-05-13,5525,6297272131.0
2021-05-14,5525,6284042568.0
2021-05-17,5525,6191435624.0
2021-05-18,5525,6601552087.0
2021-05-19,5525,6575092960.0
2021-05-20,5525,6495715580.0
2021-05-21,5525,6561863397.0
2021-05-24,5525,6561863397.0
2021-05-25,5525,6535404270.0
2021-05-26,5525,6522174707.0
2021-05-27,5525,6548633834.0
2021-05-28,5525,6522174707.0
2021-05-31,5525,6522174707.0
2021-06-01,5525,6495715580.0
2021-06-02,5525,6495715580.0
2021-06-03,5525,6495715580.0
2021-06-04,5525,6495715580.0
2021-06-07,5525,6495715580.0
2021-06-08,5525,6508945144.0
2021-06-09,5525,6442797327.0
2021-06-10,5525,6469256454.0
2021-06-11,5525,6522174707.0
2021-06-15,5525,6561863397.0
2021-06-16,5525,6588322523.0
2021-06-17,5525,6680929467.0
2021-06-18,5525,6747077283.0
2021-06-21,5525,6667699903.0
2021-06-22,5525,6628011213.0
2021-06-23,5525,6667699903.0
2021-06-24,5525,6667699903.0
2021-06-25,5525,6641240777.0
2021-06-28,5525,6654470340.0
2021-06-29,5525,6628011213.0
2021-06-30,5525,6628011213.0
2021-07-01,5525,6614781650.0
2021-07-02,5525,6601552087.0
2021-07-05,5525,6601552087.0
2021-07-06,5525,6614781650.0
2021-07-07,5525,6588322523.0
2021-07-08,5525,6641240777.0
2021-07-09,5525,6601552087.0
2021-07-12,5525,6561863397.0
2021-07-13,5525,6588322523.0
2021-07-14,5525,6588322523.0
2021-07-15,5525,6614781650.0
2021-07-16,5525,6614781650.0
2021-07-19,5525,6614781650.0
2021-07-20,5525,6588322523.0
2021-07-21,5525,6575092960.0
2021-07-22,5525,6614781650.0
2021-07-23,5525,6628011213.0
2021-07-26,5525,6601552087.0
2021-07-27,5525,6614781650.0
2021-07-28,5525,6601552087.0
2021-07-29,5525,6614781650.0
2021-07-30,5525,6614781650.0
2021-08-02,5525,6614781650.0
2021-08-03,5525,6614781650.0
2021-08-04,5525,6614781650.0
2021-08-05,5525,6601552087.0
2021-08-06,5525,6601552087.0
2021-08-09,5525,6601552087.0
2021-08-10,5525,6601552087.0
2021-08-11,5525,6575092960.0
2021-08-12,5525,6601552087.0
2021-08-13,5525,6575092960.0
2021-08-16,5525,6522174707.0
2021-08-17,5525,6535404270.0
2021-08-18,5525,6575092960.0
2021-08-19,5525,6535404270.0
2021-08-20,5525,6548633834.0
2021-08-23,5525,6561863397.0
2021-08-24,5525,6561863397.0
2021-08-25,5525,6535404270.0
2021-08-26,5525,6535404270.0
2021-08-27,5525,6535404270.0
2021-08-30,5525,6535404270.0
2021-08-31,5525,6548633834.0
2021-09-01,5525,6535404270.0
2021-09-02,5525,6535404270.0
2021-09-03,5525,6575092960.0
2021-09-06,5525,6548633834.0
2021-09-07,5525,6548633834.0
2021-09-08,5525,6535404270.0
2021-09-09,5525,6548633834.0
2021-09-10,5525,6588322523.0
2021-09-13,5525,6614781650.0
2021-09-14,5525,6694159030.0
2021-09-15,5525,6747077283.0
2021-09-16,5525,6694159030.0
2021-09-17,5525,6694159030.0
2021-09-22,5525,6641240777.0
2021-09-24,5525,6826454663.0
2021-09-27,5525,6985209422.0
2021-09-28,5525,7117505055.0
2021-09-29,5525,7091045929.0
2021-09-30,5525,7249800688.0
2021-10-01,5525,7170423309.0
2021-10-04,5525,7130734619.0
2021-10-05,5525,7117505055.0
2021-10-06,5525,7117505055.0
2021-10-07,5525,7382096321.0
2021-10-08,5525,7355637195.0
2021-10-12,5525,7302718942.0
2021-10-13,5525,7302718942.0
2021-10-14,5525,7315948505.0
2021-10-15,5525,7315948505.0
2021-10-18,5525,7355637195.0
2021-10-19,5525,7355637195.0
2021-10-20,5525,7355637195.0
2021-10-21,5525,7329178068.0
2021-10-22,5525,7368866758.0
2021-10-25,5525,7355637195.0
2021-10-26,5525,7421785011.0
2021-10-27,5525,7408555448.0
2021-10-28,5525,7382096321.0
2021-10-29,5525,7382096321.0
2021-11-01,5525,7408555448.0
2021-11-02,5525,7382096321.0
2021-11-03,5525,7329178068.0
2021-11-04,5525,7315948505.0
2021-11-05,5525,7289489378.0
2021-11-08,5525,7276259815.0
2021-11-09,5525,7276259815.0
2021-11-10,5525,7395325885.0
2021-11-11,5525,7408555448.0
2021-11-12,5525,7408555448.0
2021-11-15,5525,7421785011.0
2021-11-16,5525,7527621518.0
2021-11-17,5525,7699605841.0
2021-11-18,5525,7739294531.0
2021-11-19,5525,7752524094.0
2021-11-22,5525,7739294531.0
2021-11-23,5525,7646687587.0
2021-11-24,5525,7646687587.0
2021-11-25,5525,7646687587.0
2021-11-26,5525,7620228461.0
2021-11-29,5525,7554080644.0
2021-11-30,5525,7554080644.0
2021-12-01,5525,7633458024.0
2021-12-02,5525,7593769334.0
2021-12-03,5525,7606998898.0
2021-12-06,5525,7633458024.0
2021-12-07,5525,7593769334.0
2021-12-08,5525,7593769334.0
2021-12-09,5525,7606998898.0
2021-12-10,5525,7606998898.0
2021-12-13,5525,7620228461.0
2021-12-14,5525,7527621518.0
2021-12-15,5525,7487932828.0
2021-12-16,5525,7580539771.0
2021-12-17,5525,7514391954.0
2021-12-20,5525,7487932828.0
2021-12-21,5525,7461473701.0
2021-12-22,5525,7408555448.0
2021-12-23,5525,7461473701.0
2021-12-24,5525,7474703265.0
2021-12-27,5525,7487932828.0
2021-12-28,5525,7514391954.0
2021-12-29,5525,7487932828.0
2021-12-30,5525,7487932828.0
2022-01-03,5525,7421785011.0
2022-01-04,5525,7395325885.0
2022-01-05,5525,7382096321.0
2022-01-06,5525,7355637195.0
2022-01-07,5525,7329178068.0
2022-01-10,5525,7355637195.0
2022-01-11,5525,7302718942.0
2022-01-12,5525,7263030252.0
2022-01-13,5525,7249800688.0
2022-01-14,5525,7196882435.0
2022-01-17,5525,7117505055.0
2022-01-18,5525,7130734619.0
2022-01-19,5525,7091045929.0
2022-01-20,5525,7143964182.0
2022-01-21,5525,7077816366.0
2022-01-24,5525,6998438986.0
2022-01-25,5525,6879372916.0
2022-01-26,5525,6879372916.0
2022-02-07,5525,6985209422.0
2022-02-08,5525,6958750296.0
2022-02-09,5525,7170423309.0
2022-02-10,5525,7170423309.0
2022-02-11,5525,7210111999.0
2022-02-14,5525,7196882435.0
2022-02-15,5525,7170423309.0
2022-02-16,5525,7196882435.0
2022-02-17,5525,7249800688.0
2022-02-18,5525,7315948505.0
2022-02-21,5525,7263030252.0
2022-02-22,5525,7170423309.0
2022-02-23,5525,7170423309.0
2022-02-24,5525,7064586802.0
2022-02-25,5525,7130734619.0
2022-03-01,5525,7143964182.0
2022-03-02,5525,7143964182.0
2022-03-03,5525,7143964182.0
2022-03-04,5525,7143964182.0
2022-03-07,5525,7024898112.0
2022-03-08,5525,6945520733.0
2022-03-09,5525,7064586802.0
2022-03-10,5525,7157193745.0
2022-03-11,5525,7170423309.0
2022-03-14,5525,7170423309.0
2022-03-15,5525,7117505055.0
2022-03-16,5525,7130734619.0
2022-03-17,5525,7143964182.0
2022-03-18,5525,6971979859.0
2022-03-21,5525,6958750296.0
2022-03-22,5525,7051357239.0
2022-03-23,5525,7143964182.0
2022-03-24,5525,7117505055.0
2022-03-25,5525,7117505055.0
2022-03-28,5525,7117505055.0
2022-03-29,5525,7157193745.0
2022-03-30,5525,7157193745.0
2022-03-31,5525,7130734619.0
2022-04-01,5525,7077816366.0
2022-04-06,5525,7170423309.0
2022-04-07,5525,7170423309.0
2022-04-08,5525,7289489378.0
2022-04-11,5525,7170423309.0
2022-04-12,5525,7157193745.0
2022-04-13,5525,7170423309.0
2022-04-14,5525,7170423309.0
2022-04-15,5525,7104275492.0
2022-04-18,5525,7051357239.0
2022-04-19,5525,7077816366.0
2022-04-20,5525,7143964182.0
2022-04-21,5525,7130734619.0
2022-04-22,5525,7091045929.0
2022-04-25,5525,6958750296.0
2022-04-26,5525,6971979859.0
2022-04-27,5525,6773536410.0
2022-04-28,5525,6786765973.0
2022-04-29,5525,6813225100.0
2022-05-03,5525,6813225100.0
2022-05-04,5525,6879372916.0
2022-05-05,5525,6932291169.0
2022-05-06,5525,6879372916.0
2022-05-09,5525,6879372916.0
2022-05-10,5525,6945520733.0
2022-05-11,5525,6694159030.0
2022-05-12,5525,6442797327.0
2022-05-13,5525,6522174707.0
2022-05-16,5525,6482486017.0
2022-05-17,5525,6535404270.0
2022-05-18,5525,6614781650.0
2022-05-19,5525,6508945144.0
2022-05-20,5525,6535404270.0
2022-05-23,5525,6561863397.0
2022-05-24,5525,6535404270.0
2022-05-25,5525,6588322523.0
2022-05-26,5525,6588322523.0
2022-05-27,5525,6561863397.0
2022-05-30,5525,6654470340.0
2022-05-31,5525,6628011213.0
2022-06-01,5525,6588322523.0
2022-06-02,5525,6561863397.0
2022-06-06,5525,6588322523.0
2022-06-07,5525,6535404270.0
2022-06-08,5525,6548633834.0
2022-06-09,5525,6561863397.0
2022-06-10,5525,6495715580.0
2022-06-13,5525,6310501694.0
2022-06-14,5525,6310501694.0
2022-06-15,5525,6231124314.0
2022-06-16,5525,6191435624.0
2022-06-17,5525,6151746935.0
2022-06-20,5525,6045910428.0
2022-06-21,5525,6112058245.0
2022-06-22,5525,6045910428.0
2022-06-23,5525,6059139991.0
2022-06-24,5525,6045910428.0
2022-06-27,5525,6244353878.0
2022-06-28,5525,6178206061.0
2022-06-29,5525,6217894751.0
2022-07-01,5525,6138517371.0
2022-07-04,5525,6217894751.0
2022-07-05,5525,6363419947.0
2022-07-06,5525,6323731257.0
2022-07-07,5525,6310501694.0
2022-07-08,5525,6323731257.0
2022-07-11,5525,6284042568.0
2022-07-12,5525,6191435624.0
2022-07-13,5525,6350190384.0
2022-07-14,5525,6336960821.0
2022-07-15,5525,6244353878.0
2022-07-18,5525,6204665188.0
2022-07-19,5525,6270813004.0
2022-07-20,5525,6151746935.0
2022-07-21,5525,6164976498.0
2022-07-22,5525,6125287808.0
2022-07-25,5525,6138517371.0
2022-07-26,5525,6297272131.0
2022-07-27,5525,6310501694.0
2022-07-28,5525,6191435624.0
2022-07-29,5525,6217894751.0
2022-08-01,5525,6270813004.0
2022-08-02,5525,6257583441.0
2022-08-03,5525,6231124314.0
2022-08-04,5525,6231124314.0
2022-08-05,5525,6244353878.0
2022-08-08,5525,6244353878.0
2022-08-09,5525,6522174707.0
2022-08-10,5525,6429567764.0
2022-08-11,5525,6482486017.0
2022-08-12,5525,6482486017.0
2022-08-15,5525,6389879074.0
2022-08-16,5525,6456026890.0
2022-08-17,5525,6456026890.0
2022-08-18,5525,6403108637.0
2022-08-19,5525,6442797327.0
2022-08-22,5525,6429567764.0
2022-08-23,5525,6336960821.0
2022-08-24,5525,6376649511.0
2022-08-25,5525,6376649511.0
2022-08-26,5525,6350190384.0
2022-08-29,5525,6310501694.0
2022-08-30,5525,6323731257.0
2022-08-31,5525,6336960821.0
2022-09-01,5525,6244353878.0
2022-09-02,5525,6297272131.0
2022-09-05,5525,6350190384.0
2022-09-06,5525,6350190384.0
2022-09-07,5525,6310501694.0
2022-09-08,5525,6336960821.0
2022-09-12,5525,6350190384.0
2022-09-13,5525,6336960821.0
2022-09-14,5525,6297272131.0
2022-09-15,5525,6297272131.0
2022-09-16,5525,6323731257.0
2022-09-19,5525,6310501694.0
2022-09-20,5525,6350190384.0
2022-09-21,5525,6403108637.0
2022-09-22,5525,6336960821.0
2022-09-23,5525,6350190384.0
2022-09-26,5525,6297272131.0
2022-09-27,5525,6535404270.0
2022-09-28,5525,6495715580.0
2022-09-29,5525,6588322523.0
2022-09-30,5525,6614781650.0
2022-10-03,5525,6469256454.0
2022-10-04,5525,6548633834.0
2022-10-05,5525,6561863397.0
2022-10-06,5525,6588322523.0
2022-10-07,5525,6601552087.0
2022-10-11,5525,6456026890.0
2022-10-12,5525,6508945144.0
2022-10-13,5525,6416338201.0
2022-10-14,5525,6508945144.0
2022-10-17,5525,6429567764.0
2022-10-18,5525,6429567764.0
2022-10-19,5525,6416338201.0
2022-10-20,5525,6350190384.0
2022-10-21,5525,6323731257.0
2022-10-24,5525,6310501694.0
2022-10-25,5525,6350190384.0
2022-10-26,5525,6350190384.0
2022-10-27,5525,6323731257.0
2022-10-31,5525,6297272131.0
2022-11-01,5525,6336960821.0
2022-11-02,5525,6270813004.0
2022-11-03,5525,6270813004.0
2022-11-04,5525,6257583441.0
2022-11-07,5525,6270813004.0
2022-11-08,5525,6284042568.0
2022-11-09,5525,6217894751.0
2022-11-10,5525,6244353878.0
2022-11-11,5525,6284042568.0
2022-11-14,5525,6323731257.0
2022-11-15,5525,6336960821.0
2022-11-16,5525,6270813004.0
2022-11-17,5525,6284042568.0
2022-11-21,5525,6257583441.0
2022-11-22,5525,6231124314.0
2022-11-23,5525,6244353878.0
2022-11-24,5525,6403108637.0
2022-11-25,5525,6403108637.0
2022-11-28,5525,6310501694.0
2022-11-29,5525,6310501694.0
2022-11-30,5525,6310501694.0
2022-12-01,5525,6310501694.0
2022-12-02,5525,6310501694.0
2022-12-05,5525,6257583441.0
2022-12-06,5525,6270813004.0
2022-12-07,5525,6270813004.0
2022-12-08,5525,6244353878.0
2022-12-09,5525,6217894751.0
2022-12-12,5525,6217894751.0
2022-12-13,5525,6244353878.0
2022-12-14,5525,6244353878.0
2022-12-15,5525,6257583441.0
2022-12-16,5525,6257583441.0
2022-12-19,5525,6495715580.0
2022-12-20,5525,6495715580.0
2022-12-21,5525,6575092960.0
2022-12-22,5525,6575092960.0
2022-12-23,5525,6561863397.0
2022-12-26,5525,6588322523.0
2022-12-27,5525,6575092960.0
2022-12-28,5525,6614781650.0
2022-12-29,5525,6575092960.0
2022-12-30,5525,6548633834.0
2023-01-03,5525,6495715580.0
2023-01-04,5525,6508945144.0
2023-01-05,5525,6522174707.0
2023-01-06,5525,6535404270.0
2023-01-09,5525,6522174707.0
2023-01-10,5525,6522174707.0
2023-01-11,5525,6495715580.0
2023-01-12,5525,6429567764.0
2023-01-13,5525,6469256454.0
2023-01-16,5525,6482486017.0
2023-01-17,5525,6403108637.0
2023-01-30,5525,6403108637.0
2023-01-31,5525,6469256454.0
2023-02-01,5525,6469256454.0
2023-02-02,5525,6442797327.0
2023-02-03,5525,6482486017.0
2023-02-06,5525,6482486017.0
2023-02-07,5525,6456026890.0
2023-02-08,5525,6429567764.0
2023-02-10,5525,6429567764.0
2023-02-13,5525,6363419947.0
2023-02-14,5525,6442797327.0
2023-02-15,5525,6429567764.0
2023-02-16,5525,6442797327.0
2023-02-17,5525,6429567764.0
2023-02-20,5525,6416338201.0
2023-02-21,5525,6389879074.0
2023-02-22,5525,6403108637.0
2023-02-23,5525,6442797327.0
2023-02-24,5525,6456026890.0
2023-03-01,5525,6363419947.0
2023-03-02,5525,6376649511.0
2023-03-03,5525,6403108637.0
2023-03-06,5525,6442797327.0
2023-03-07,5525,6456026890.0
2023-03-08,5525,6614781650.0
2023-03-09,5525,6522174707.0
2023-03-10,5525,6469256454.0
2023-03-13,5525,6482486017.0
2023-03-14,5525,6469256454.0
2023-03-15,5525,6561863397.0
2023-03-16,5525,6601552087.0
2023-03-17,5525,6628011213.0
2023-03-20,5525,6654470340.0
2023-03-21,5525,6694159030.0
2023-03-22,5525,6694159030.0
2023-03-23,5525,6985209422.0
2023-03-24,5525,7130734619.0
2023-03-27,5525,7064586802.0
2023-03-28,5525,7051357239.0
2023-03-29,5525,7051357239.0
2023-03-30,5525,7104275492.0
2023-03-31,5525,7104275492.0
2023-04-06,5525,7236571125.0
2023-04-07,5525,7223341562.0
2023-04-10,5525,7104275492.0
2023-04-11,5525,7130734619.0
2023-04-12,5525,7183652872.0
2023-04-13,5525,7183652872.0
2023-04-14,5525,7143964182.0
2023-04-17,5525,7091045929.0
2023-04-18,5525,7077816366.0
2023-04-19,5525,7104275492.0
2023-04-20,5525,7038127676.0
2023-04-21,5525,6905832043.0
2023-04-24,5525,7077816366.0
2023-04-25,5525,7011668549.0
2023-04-26,5525,7091045929.0
2023-04-27,5525,7038127676.0
2023-04-28,5525,7104275492.0
2023-05-02,5525,7130734619.0
2023-05-03,5525,7157193745.0
2023-05-05,5525,7117505055.0
2023-05-08,5525,7157193745.0
2023-05-09,5525,7117505055.0
2023-05-10,5525,7130734619.0
2023-05-11,5525,7064586802.0
2023-05-12,5525,7077816366.0
2023-05-15,5525,7077816366.0
2023-05-16,5525,7117505055.0
2023-05-17,5525,7130734619.0
2023-05-18,5525,7143964182.0
2023-05-19,5525,7143964182.0
2023-05-22,5525,7157193745.0
2023-05-23,5525,7157193745.0
2023-05-24,5525,7223341562.0
2023-05-25,5525,7170423309.0
2023-05-26,5525,7170423309.0
2023-05-29,5525,7130734619.0
2023-05-30,5525,7143964182.0
2023-05-31,5525,7157193745.0
2023-06-01,5525,7170423309.0
2023-06-02,5525,7143964182.0
2023-06-05,5525,7170423309.0
2023-06-06,5525,7210111999.0
2023-06-07,5525,7223341562.0
2023-06-08,5525,7183652872.0
2023-06-09,5525,7210111999.0
2023-06-12,5525,7210111999.0
2023-06-13,5525,7183652872.0
2023-06-14,5525,7157193745.0
2023-06-15,5525,7170423309.0
2023-06-16,5525,7130734619.0
2023-06-19,5525,7143964182.0
2023-06-20,5525,7157193745.0
2023-06-21,5525,7236571125.0
2023-06-26,5525,7130734619.0
2023-06-27,5525,7077816366.0
2023-06-28,5525,7051357239.0
2023-06-29,5525,7051357239.0
2023-06-30,5525,7064586802.0
2023-07-03,5525,7064586802.0
2023-07-04,5525,7091045929.0
2023-07-05,5525,7064586802.0
2023-07-06,5525,7038127676.0
2023-07-07,5525,7024898112.0
2023-07-10,5525,7024898112.0
2023-07-11,5525,7038127676.0
2023-07-12,5525,7024898112.0
2023-07-13,5525,7038127676.0
2023-07-14,5525,7051357239.0
2023-07-17,5525,6998438986.0
2023-07-18,5525,6958750296.0
2023-07-19,5525,6971979859.0
2023-07-20,5525,6958750296.0
2023-07-21,5525,6958750296.0
2023-07-24,5525,6879372916.0
2023-07-25,5525,6905832043.0
2023-07-26,5525,6866143353.0
2023-07-27,5525,6879372916.0
2023-07-28,5525,6892602479.0
2023-07-31,5525,6879372916.0
2023-08-01,5525,6879372916.0
2023-08-02,5525,6839684226.0
2023-08-04,5525,6839684226.0
2023-08-07,5525,6852913789.0
2023-08-08,5525,6852913789.0
2023-08-09,5525,6852913789.0
2023-08-10,5525,6932291169.0
2023-08-11,5525,6892602479.0
2023-08-14,5525,6919061606.0
2023-08-15,5525,6879372916.0
2023-08-16,5525,6892602479.0
2023-08-17,5525,6866143353.0
2023-08-18,5525,6905832043.0
2023-08-21,5525,6945520733.0
2023-08-22,5525,6932291169.0
2023-08-23,5525,6932291169.0
2023-08-24,5525,7011668549.0
2023-08-25,5525,6191435624.0
2023-08-28,5525,6244353878.0
2023-08-29,5525,6403108637.0
2023-08-30,5525,6442797327.0
2023-08-31,5525,6482486017.0
2023-09-01,5525,6495715580.0
2023-09-04,5525,6588322523.0
2023-09-05,5525,6588322523.0
2023-09-06,5525,6535404270.0
2023-09-07,5525,6535404270.0
2023-09-08,5525,6588322523.0
2023-09-11,5525,6760306846.0
2023-09-12,5525,7151901921.0
2023-09-13,5525,7109831910.0
2023-09-14,5525,7123855247.0
2023-09-15,5525,7123855247.0
2023-09-18,5525,7081785236.0
2023-09-19,5525,7081785236.0
2023-09-20,5525,7095808573.0
2023-09-21,5525,7053738561.0
2023-09-22,5525,7039715224.0
2023-09-25,5525,7011668550.0
2023-09-26,5525,7011668550.0
2023-09-27,5525,7011668550.0
2023-09-28,5525,6997645213.0
2023-10-02,5525,7011668550.0
2023-10-03,5525,7025691887.0
2023-10-04,5525,7011668550.0
2023-10-05,5525,7011668550.0
2023-10-06,5525,7011668550.0
2023-10-11,5525,7011668550.0
2023-10-12,5525,7025691887.0
2023-10-13,5525,7011668550.0
2023-10-16,5525,6983621876.0
2023-10-17,5525,7011668550.0
2023-10-18,5525,6983621876.0
2023-10-19,5525,6941551865.0
2023-10-20,5525,6927528527.0
2023-10-23,5525,6885458516.0
2023-10-24,5525,6899481853.0
2023-10-25,5525,6941551865.0
2023-10-26,5525,6941551865.0
2023-10-27,5525,6955575202.0
2023-10-30,5525,6955575202.0
2023-10-31,5525,6927528527.0
2023-11-01,5525,6899481853.0
2023-11-02,5525,6955575202.0
2023-11-03,5525,6969598539.0
2023-11-06,5525,6983621876.0
2023-11-07,5525,6969598539.0
2023-11-08,5525,7067761898.0
2023-11-09,5525,7095808573.0
2023-11-10,5525,7109831910.0
2023-11-13,5525,7137878584.0
2023-11-14,5525,7137878584.0
2023-11-15,5525,7179948595.0
2023-11-16,5525,7292135292.0
2023-11-17,5525,7348228640.0
2023-11-20,5525,7362251978.0
2023-11-21,5525,7390298652.0
2023-11-22,5525,7418345326.0
2023-11-23,5525,7418345326.0
2023-11-24,5525,7432368663.0
2023-11-27,5525,7432368663.0
2023-11-28,5525,7390298652.0
2023-11-29,5525,7334205303.0
2023-11-30,5525,7376275315.0
2023-12-01,5525,7390298652.0
2023-12-04,5525,7404321989.0
2023-12-05,5525,7376275315.0
2023-12-06,5525,7390298652.0
2023-12-07,5525,7348228640.0
2023-12-08,5525,7334205303.0
2023-12-11,5525,7292135292.0
2023-12-12,5525,7292135292.0
2023-12-13,5525,7292135292.0
2023-12-14,5525,7292135292.0
2023-12-15,5525,7306158629.0
2023-12-18,5525,7278111955.0
2023-12-19,5525,7348228640.0
2023-12-20,5525,7292135292.0
2023-12-21,5525,7292135292.0
2023-12-22,5525,7320181966.0
2023-12-25,5525,7334205303.0
2023-12-26,5525,7334205303.0
2023-12-27,5525,7376275315.0
2023-12-28,5525,7446392000.0
2023-12-29,5525,7474438674.0
2024-01-02,5525,7684788731.0
2024-01-03,5525,7712835405.0
2024-01-04,5525,7684788731.0
2024-01-05,5525,7642718720.0
2024-01-08,5525,7867092113.0
2024-01-09,5525,7810998765.0
2024-01-10,5525,7670765394.0
2024-01-11,5525,7726858742.0
2024-01-12,5525,7628695382.0
2024-01-15,5525,7628695382.0
2024-01-16,5525,7530532023.0
2024-01-17,5525,7362251978.0
2024-01-18,5525,7432368663.0
2024-01-19,5525,7474438674.0
2024-01-22,5525,7516508686.0
2024-01-23,5525,7460415337.0
2024-01-24,5525,7572602034.0
2024-01-25,5525,7586625371.0
2024-01-26,5525,7839045439.0
2024-01-29,5525,7839045439.0
2024-01-30,5525,7839045439.0
2024-01-31,5525,7782952091.0
2024-02-01,5525,7796975428.0
2024-02-02,5525,7839045439.0
2024-02-05,5525,7810998765.0
2024-02-15,5525,7825022102.0
2024-02-16,5525,7839045439.0
2024-02-19,5525,7839045439.0
2024-02-20,5525,7825022102.0
2024-02-21,5525,7839045439.0
2024-02-22,5525,7825022102.0
2024-02-23,5525,7782952091.0
2024-02-26,5525,7712835405.0
2024-02-27,5525,7712835405.0
2024-02-29,5525,7754905416.0
2024-03-01,5525,7839045439.0
2024-03-04,5525,7909162124.0
2024-03-05,5525,7965255473.0
2024-03-06,5525,8371932249.0
2024-03-07,5525,8399978923.0
2024-03-08,5525,8315838900.0
2024-03-11,5525,8385955586.0
2024-03-12,5525,8399978923.0
2024-03-13,5525,8399978923.0
2024-03-14,5525,8834702373.0
2024-03-15,5525,8624352317.0
2024-03-18,5525,8764585688.0
2024-03-19,5525,8876772384.0
2024-03-20,5525,8792632362.0
2024-03-21,5525,8960912407.0
2024-03-22,5525,9129192452.0
2024-03-25,5525,9017005755.0
2024-03-26,5525,8946889070.0
2024-03-27,5525,9002982418.0
2024-03-28,5525,9045052430.0
2024-03-29,5525,9045052430.0
2024-04-01,5525,9059075767.0
2024-04-02,5525,9017005755.0
2024-04-03,5525,8946889070.0
2024-04-08,5525,9563915902.0
2024-04-09,5525,9648055925.0
2024-04-10,5525,9507822554.0
2024-04-11,5525,9507822554.0
2024-04-12,5525,9704149273.0
2024-04-15,5525,9648055925.0
2024-04-16,5525,9311495834.0
2024-04-17,5525,9620009251.0
2024-04-18,5525,9984616015.0
2024-04-19,5525,10026686027.0
2024-04-22,5525,10068756038.0
2024-04-23,5525,10110826049.0
2024-04-24,5525,10419339465.0
2024-04-25,5525,10559572836.0
2024-04-26,5525,10685782870.0
2024-04-29,5525,10966249612.0
2024-04-30,5525,10980272949.0
2024-05-02,5525,11204646343.0
2024-05-03,5525,11485113085.0
2024-05-06,5525,11457066411.0
2024-05-07,5525,11162576332.0
2024-05-08,5525,10531526162.0
2024-05-09,5525,10321176106.0
2024-05-10,5525,10237036083.0
2024-05-13,5525,10265082757.0
2024-05-14,5525,9648055925.0
2024-05-15,5525,9563915902.0
2024-05-16,5525,9816335970.0
2024-05-17,5525,9900475993.0
2024-05-20,5525,9928522667.0
2024-05-21,5525,9914499330.0
2024-05-22,5525,9984616015.0
2024-05-23,5525,9704149273.0
2024-05-24,5525,9760242622.0
2024-05-27,5525,9774265959.0
2024-05-28,5525,9928522667.0
2024-05-29,5525,9998639352.0
2024-05-30,5525,9984616015.0
2024-05-31,5525,10237036083.0
2024-06-03,5525,10377269454.0
2024-06-04,5525,10419339465.0
2024-06-05,5525,10307152769.0
2024-06-06,5525,10265082757.0
2024-06-07,5525,10447386140.0
2024-06-11,5525,10223012746.0
2024-06-12,5525,10026686027.0
2024-06-13,5525,10040709364.0
2024-06-14,5525,10180942735.0
2024-06-17,5525,9970592678.0
2024-06-18,5525,10096802712.0
2024-06-19,5525,10237036083.0
2024-06-20,5525,10251059420.0
2024-06-21,5525,10110826049.0
2024-06-24,5525,10124849386.0
2024-06-25,5525,10194966072.0
2024-06-26,5525,10265082757.0
2024-06-27,5525,10293129431.0
2024-06-28,5525,10363246117.0
2024-07-01,5525,10489456151.0
2024-07-02,5525,10503479488.0
2024-07-03,5525,10559572836.0
2024-07-04,5525,10727852882.0
2024-07-05,5525,10545549499.0
2024-07-08,5525,10503479488.0
2024-07-09,5525,10433362802.0
2024-07-10,5525,10826016241.0
2024-07-11,5525,11232693017.0
2024-07-12,5525,11190623006.0
2024-07-15,5525,11232693017.0
2024-07-16,5525,11414996399.0
2024-07-17,5525,11499136422.0
2024-07-18,5525,11232693017.0
2024-07-19,5525,10826016241.0
2024-07-22,5525,10896132927.0
2024-07-23,5525,11064412972.0
2024-07-26,5525,11218669680.0
2024-07-29,5525,11667416467.0
2024-07-30,5525,12831353447.0
2024-07-31,5525,12480770019.0
2024-08-01,5525,12803306772.0
2024-08-02,5525,12074093243.0
2024-08-05,5525,10868086253.0
2024-08-06,5525,10363246117.0
2024-08-07,5525,10713829544.0
2024-08-08,5525,10629689522.0
2024-08-09,5525,10840039578.0
2024-08-12,5525,10896132927.0
2024-08-13,5525,10840039578.0
2024-08-14,5525,11120506320.0
2024-08-15,5525,11485113085.0
2024-08-16,5525,11877766524.0
2024-08-19,5525,11933859872.0
2024-08-20,5525,11316833040.0
2024-08-21,5525,11485113085.0
2024-08-22,5525,10966249612.0
2024-08-23,5525,10994296286.0
2024-08-26,5525,11218669680.0
2024-08-27,5525,11555229770.0
2024-08-28,5525,10896132927.0
2024-08-29,5525,10699806207.0
2024-08-30,5525,10826016241.0
2024-09-02,5525,10587619511.0
2024-09-03,5525,10405316128.0
2024-09-04,5525,9802312633.0
2024-09-05,5525,9732195947.0
2024-09-06,5525,9535869228.0
2024-09-09,5525,9507822554.0
2024-09-10,5525,9297472497.0
2024-09-11,5525,9311495834.0
2024-09-12,5525,9479775880.0
2024-09-13,5525,9676102599.0
2024-09-16,5525,9928522667.0
2024-09-18,5525,10096802712.0
2024-09-19,5525,10251059420.0
2024-09-20,5525,9451729205.0
2024-09-23,5525,9143215789.0
2024-09-24,5525,9073099104.0
2024-09-25,5525,9381612520.0
2024-09-26,5525,9840456093.0
2024-09-27,5525,10093156627.0
2024-09-30,5525,10078291889.0
2024-10-01,5525,9885050305.0
2024-10-04,5525,9795861881.0
2024-10-07,5525,9989103466.0
2024-10-08,5525,9840456093.0
2024-10-09,5525,9840456093.0
2024-10-11,5525,9825591355.0
2024-10-14,5525,9810726618.0
2024-10-15,5525,9855320830.0
2024-10-16,5525,9780997143.0
2024-10-17,5525,9736402932.0
2024-10-18,5525,9647214508.0
2024-10-21,5525,9528296609.0
2024-10-22,5525,9498567135.0
2024-10-23,5525,9468837660.0
2024-10-24,5525,9364784499.0
2024-10-25,5525,9305325550.0
2024-10-28,5525,9409378711.0
2024-10-29,5525,9275596075.0
2024-10-30,5525,9349919762.0
2024-11-01,5525,9647214508.0
2024-11-04,5525,9543161347.0
2024-11-05,5525,9453972923.0
2024-11-06,5525,9409378711.0
2024-11-07,5525,9840456093.0
2024-11-08,5525,10003968203.0
2024-11-11,5525,10167480313.0
2024-11-12,5525,10435045585.0
2024-11-13,5525,10033697678.0
2024-11-14,5525,9662079245.0
2024-11-15,5525,9959373991.0
2024-11-18,5525,9810726618.0
2024-11-19,5525,10048562415.0
2024-11-20,5525,9974238728.0
2024-11-21,5525,10093156627.0
2024-11-22,5525,10212074525.0
2024-11-25,5525,10464775059.0
2024-11-26,5525,10360721898.0
2024-11-27,5525,10271533474.0
2024-11-28,5525,10137750839.0
2024-11-29,5525,10182345051.0
2024-12-02,5525,10226939262.0
2024-12-03,5525,10316127686.0
2024-12-04,5525,10286398212.0
2024-12-05,5525,10226939262.0
2024-12-06,5525,10330992424.0
2024-12-09,5525,10226939262.0
2024-12-10,5525,10197209788.0
2024-12-11,5525,9810726618.0
2024-12-12,5525,9810726618.0
2024-12-13,5525,9810726618.0
2024-12-16,5525,9810726618.0
2024-12-17,5525,9825591355.0
2024-12-18,5525,9736402932.0
2024-12-19,5525,9572890821.0
2024-12-20,5525,9364784499.0
2024-12-23,5525,9528296609.0
2024-12-24,5525,9528296609.0
2024-12-25,5525,9602620296.0
2024-12-26,5525,9647214508.0
2024-12-27,5525,9587755559.0
2024-12-30,5525,9617485033.0
2024-12-31,5525,9513431872.0
