date,stock_id,market_value
2005-01-03,1319,19747117552.0
2005-01-04,1319,19747117309.0
2005-01-05,1319,19382180849.0
2005-01-06,1319,19666020318.0
2005-01-07,1319,19828214300.0
2005-01-10,1319,19666020318.0
2005-01-11,1319,19909311291.0
2005-01-12,1319,20112053768.0
2005-01-13,1319,20193150759.0
2005-01-14,1319,19909311291.0
2005-01-17,1319,19909311291.0
2005-01-18,1319,19747117309.0
2005-01-19,1319,19706568813.0
2005-01-20,1319,19422729345.0
2005-01-21,1319,19179438372.0
2005-01-24,1319,19463277840.0
2005-01-25,1319,19463277840.0
2005-01-26,1319,19057792885.0
2005-01-27,1319,18652307930.0
2005-01-28,1319,18571210939.0
2005-01-31,1319,18652307930.0
2005-02-01,1319,18530662444.0
2005-02-02,1319,18368468462.0
2005-02-03,1319,18125177489.0
2005-02-14,1319,18490113948.0
2005-02-15,1319,18287371471.0
2005-02-16,1319,18449565453.0
2005-02-17,1319,18490113948.0
2005-02-18,1319,18855050408.0
2005-02-21,1319,19179438372.0
2005-02-22,1319,19625471822.0
2005-02-23,1319,19260535363.0
2005-02-24,1319,19301083858.0
2005-02-25,1319,19341632354.0
2005-03-01,1319,19098341381.0
2005-03-02,1319,19057792885.0
2005-03-03,1319,18956421646.0
2005-03-04,1319,18733404921.0
2005-03-07,1319,18530662444.0
2005-03-08,1319,18327919966.0
2005-03-09,1319,18409016957.0
2005-03-10,1319,18246822975.0
2005-03-11,1319,18206274480.0
2005-03-14,1319,18327919966.0
2005-03-15,1319,18327919966.0
2005-03-16,1319,18023806250.0
2005-03-17,1319,17598047047.0
2005-03-18,1319,17314207579.0
2005-03-21,1319,17030368110.0
2005-03-22,1319,17091190853.0
2005-03-23,1319,17415578817.0
2005-03-24,1319,17152013596.0
2005-03-25,1319,17233110588.0
2005-03-28,1319,17233110588.0
2005-03-29,1319,17354756074.0
2005-03-30,1319,17354756074.0
2005-03-31,1319,17030368110.0
2005-04-01,1319,17172287844.0
2005-04-04,1319,17962983507.0
2005-04-06,1319,17983257754.0
2005-04-07,1319,17638595543.0
2005-04-08,1319,17821063772.0
2005-04-11,1319,17821063772.0
2005-04-12,1319,17760241029.0
2005-04-13,1319,17658869790.0
2005-04-14,1319,17699418286.0
2005-04-15,1319,17699418286.0
2005-04-18,1319,17395304570.0
2005-04-19,1319,17314207579.0
2005-04-20,1319,17192562092.0
2005-04-21,1319,17638595543.0
2005-04-22,1319,17233110588.0
2005-04-25,1319,17253384835.0
2005-04-26,1319,17314207579.0
2005-04-27,1319,16827625633.0
2005-04-28,1319,17326726162.0
2005-04-29,1319,17449901940.0
2005-05-03,1319,17449901940.0
2005-05-04,1319,17449901940.0
2005-05-05,1319,17860487868.0
2005-05-06,1319,17326726162.0
2005-05-09,1319,17039316012.0
2005-05-10,1319,17039316012.0
2005-05-11,1319,16916140234.0
2005-05-12,1319,16587671491.0
2005-05-13,1319,15684382450.0
2005-05-16,1319,15848616821.0
2005-05-17,1319,15889675414.0
2005-05-18,1319,16053909785.0
2005-05-19,1319,17162491790.0
2005-05-20,1319,18353190982.0
2005-05-23,1319,18188956610.0
2005-05-24,1319,19297538616.0
2005-05-25,1319,18804835502.0
2005-05-26,1319,18394249574.0
2005-05-27,1319,18271073796.0
2005-05-30,1319,18271073796.0
2005-05-31,1319,18476366760.0
2005-06-01,1319,18517425353.0
2005-06-02,1319,18722718317.0
2005-06-03,1319,18271073796.0
2005-06-06,1319,18188956610.0
2005-06-07,1319,18599542538.0
2005-06-08,1319,19502831580.0
2005-06-09,1319,19626007358.0
2005-06-10,1319,19235950727.0
2005-06-13,1319,19297538616.0
2005-06-14,1319,19667065951.0
2005-06-15,1319,19584948766.0
2005-06-16,1319,19502831580.0
2005-06-17,1319,19359126505.0
2005-06-20,1319,19297538616.0
2005-06-21,1319,19297538616.0
2005-06-22,1319,19687595248.0
2005-06-23,1319,19708124544.0
2005-06-24,1319,18886952688.0
2005-06-27,1319,18250544500.0
2005-06-28,1319,17860487868.0
2005-06-29,1319,17942605054.0
2005-06-30,1319,18435308167.0
2005-07-01,1319,18188956610.0
2005-07-04,1319,18373720278.0
2005-07-05,1319,18024722239.0
2005-07-06,1319,18106839425.0
2005-07-07,1319,18517425353.0
2005-07-08,1319,18681659724.0
2005-07-11,1319,18455837464.0
2005-07-12,1319,18065780832.0
2005-07-13,1319,17655194904.0
2005-07-14,1319,17449901940.0
2005-07-15,1319,17224079680.0
2005-07-19,1319,18065780832.0
2005-07-20,1319,18414778871.0
2005-07-21,1319,18353190982.0
2005-07-22,1319,19174362838.0
2005-07-25,1319,18804835502.0
2005-07-26,1319,17983663646.0
2005-07-27,1319,18086310128.0
2005-07-28,1319,18065780832.0
2005-07-29,1319,18271073796.0
2005-08-01,1319,18271073796.0
2005-08-02,1319,18065780832.0
2005-08-03,1319,17737312090.0
2005-08-04,1319,17244608976.0
2005-08-08,1319,16690317973.0
2005-08-09,1319,16834023048.0
2005-08-10,1319,16608200788.0
2005-08-11,1319,16382378527.0
2005-08-12,1319,16300261342.0
2005-08-15,1319,16546612898.0
2005-08-16,1319,16772435159.0
2005-08-17,1319,16957198826.0
2005-08-18,1319,16813493752.0
2005-08-19,1319,16916140234.0
2005-08-22,1319,17244608976.0
2005-08-23,1319,18435308167.0
2005-08-24,1319,18230015203.0
2005-08-25,1319,19174362838.0
2005-08-26,1319,19174362838.0
2005-08-29,1319,19092245652.0
2005-08-30,1319,19461772987.0
2005-08-31,1319,18517425353.0
2005-09-02,1319,17737312090.0
2005-09-05,1319,17983663646.0
2005-09-06,1319,17244608976.0
2005-09-07,1319,17429372644.0
2005-09-08,1319,17655194904.0
2005-09-09,1319,17696253497.0
2005-09-12,1319,17408843347.0
2005-09-13,1319,17532019126.0
2005-09-14,1319,17039316012.0
2005-09-15,1319,16834023048.0
2005-09-16,1319,16115497674.0
2005-09-19,1319,16669788677.0
2005-09-20,1319,16834023048.0
2005-09-21,1319,16546612898.0
2005-09-22,1319,16423437120.0
2005-09-23,1319,16423437120.0
2005-09-26,1319,16382378527.0
2005-09-27,1319,16012851192.0
2005-09-28,1319,16053909785.0
2005-09-29,1319,16443966416.0
2005-09-30,1319,16341319934.0
2005-10-03,1319,16464495713.0
2005-10-04,1319,16156556267.0
2005-10-05,1319,16238673452.0
2005-10-06,1319,16094968378.0
2005-10-07,1319,16012851192.0
2005-10-11,1319,16218144156.0
2005-10-12,1319,17347255458.0
2005-10-13,1319,17347255458.0
2005-10-14,1319,18394249574.0
2005-10-17,1319,17655194904.0
2005-10-18,1319,17737312090.0
2005-10-19,1319,16977728123.0
2005-10-20,1319,17059845308.0
2005-10-21,1319,16751905862.0
2005-10-24,1319,16464495713.0
2005-10-25,1319,16608200788.0
2005-10-26,1319,16957198826.0
2005-10-27,1319,17203550383.0
2005-10-28,1319,17244608976.0
2005-10-31,1319,17039316012.0
2005-11-01,1319,17080374605.0
2005-11-02,1319,17080374605.0
2005-11-03,1319,16792964455.0
2005-11-04,1319,16587671491.0
2005-11-07,1319,16423437120.0
2005-11-08,1319,16464495713.0
2005-11-09,1319,16628730084.0
2005-11-10,1319,16587671491.0
2005-11-11,1319,16813493752.0
2005-11-14,1319,16546612898.0
2005-11-15,1319,16464495713.0
2005-11-16,1319,16218144156.0
2005-11-17,1319,16012851192.0
2005-11-18,1319,16259202749.0
2005-11-21,1319,16834023048.0
2005-11-22,1319,16464495713.0
2005-11-23,1319,16546612898.0
2005-11-24,1319,16341319934.0
2005-11-25,1319,16136026970.0
2005-11-28,1319,16218144156.0
2005-11-29,1319,16382378527.0
2005-11-30,1319,16156556267.0
2005-12-01,1319,16177085563.0
2005-12-02,1319,16423437120.0
2005-12-05,1319,16423437120.0
2005-12-06,1319,16423437120.0
2005-12-07,1319,16218144156.0
2005-12-08,1319,16197614860.0
2005-12-09,1319,16218144156.0
2005-12-12,1319,16218144156.0
2005-12-13,1319,16218144156.0
2005-12-14,1319,16033380488.0
2005-12-15,1319,16300261342.0
2005-12-16,1319,16218144156.0
2005-12-19,1319,16628730084.0
2005-12-20,1319,17244608976.0
2005-12-21,1319,17162491790.0
2005-12-22,1319,17162491790.0
2005-12-23,1319,16916140234.0
2005-12-26,1319,16587671491.0
2005-12-27,1319,16751905862.0
2005-12-28,1319,16546612898.0
2005-12-29,1319,16505554306.0
2005-12-30,1319,16443966416.0
2006-01-02,1319,16197614860.0
2006-01-03,1319,16505554306.0
2006-01-04,1319,16279732045.0
2006-01-05,1319,16177085563.0
2006-01-06,1319,16177085563.0
2006-01-09,1319,16177085563.0
2006-01-10,1319,16197614860.0
2006-01-11,1319,16136026970.0
2006-01-12,1319,16074439081.0
2006-01-13,1319,16177085563.0
2006-01-16,1319,16136026970.0
2006-01-17,1319,16012851192.0
2006-01-18,1319,15622794560.0
2006-01-19,1319,14904269186.0
2006-01-20,1319,14452624666.0
2006-01-23,1319,15458560189.0
2006-01-24,1319,15520148078.0
2006-01-25,1319,15479089486.0
2006-02-03,1319,15355913707.0
2006-02-06,1319,15335384411.0
2006-02-07,1319,15273796522.0
2006-02-08,1319,15314855114.0
2006-02-09,1319,15479089486.0
2006-02-10,1319,15520148078.0
2006-02-13,1319,15314855114.0
2006-02-14,1319,15520148078.0
2006-02-15,1319,15766499635.0
2006-02-16,1319,16012851192.0
2006-02-17,1319,16259202749.0
2006-02-20,1319,16033380488.0
2006-02-21,1319,16259202749.0
2006-02-22,1319,16136026970.0
2006-02-23,1319,15848616821.0
2006-02-24,1319,15561206671.0
2006-02-27,1319,15520148078.0
2006-03-01,1319,15663853153.0
2006-03-02,1319,15684382450.0
2006-03-03,1319,15294325818.0
2006-03-06,1319,14575800444.0
2006-03-07,1319,14575800444.0
2006-03-08,1319,14965857076.0
2006-03-09,1319,15643323857.0
2006-03-10,1319,15807558228.0
2006-03-13,1319,15848616821.0
2006-03-14,1319,15479089486.0
2006-03-15,1319,15191679336.0
2006-03-16,1319,14863210594.0
2006-03-17,1319,14986386372.0
2006-03-20,1319,15047974261.0
2006-03-21,1319,15232737929.0
2006-03-22,1319,16197614860.0
2006-03-23,1319,16464495713.0
2006-03-24,1319,16443966416.0
2006-03-27,1319,16094968378.0
2006-03-28,1319,16136026970.0
2006-03-29,1319,16115497674.0
2006-03-30,1319,16136026970.0
2006-03-31,1319,16813493752.0
2006-04-03,1319,16669788677.0
2006-04-04,1319,16649259380.0
2006-04-06,1319,16875081641.0
2006-04-07,1319,16628730084.0
2006-04-10,1319,16649259380.0
2006-04-11,1319,16710847270.0
2006-04-12,1319,16608200788.0
2006-04-13,1319,16649259380.0
2006-04-14,1319,16813493752.0
2006-04-17,1319,17039316012.0
2006-04-18,1319,18230015203.0
2006-04-19,1319,18271073796.0
2006-04-20,1319,17860487868.0
2006-04-21,1319,17573077718.0
2006-04-24,1319,17244608976.0
2006-04-25,1319,17121433198.0
2006-04-26,1319,16710847270.0
2006-04-27,1319,17244608976.0
2006-04-28,1319,16628730084.0
2006-05-02,1319,16587671491.0
2006-05-03,1319,16485025009.0
2006-05-04,1319,16341319934.0
2006-05-05,1319,16423437120.0
2006-05-08,1319,16505554306.0
2006-05-09,1319,16094968378.0
2006-05-10,1319,15766499635.0
2006-05-11,1319,15355913707.0
2006-05-12,1319,15581735968.0
2006-05-15,1319,15766499635.0
2006-05-16,1319,15622794560.0
2006-05-17,1319,15232737929.0
2006-05-18,1319,14185743812.0
2006-05-19,1319,14411566073.0
2006-05-22,1319,14575800444.0
2006-05-23,1319,14411566073.0
2006-05-24,1319,14432095369.0
2006-05-25,1319,14596329740.0
2006-05-26,1319,14760564112.0
2006-05-29,1319,14781093408.0
2006-05-30,1319,14904269186.0
2006-06-01,1319,15232737929.0
2006-06-02,1319,15171150040.0
2006-06-05,1319,14596329740.0
2006-06-06,1319,14534741851.0
2006-06-07,1319,14267860998.0
2006-06-08,1319,13302984067.0
2006-06-09,1319,13302984067.0
2006-06-12,1319,13323513364.0
2006-06-13,1319,12871868843.0
2006-06-14,1319,13036103214.0
2006-06-15,1319,12892398139.0
2006-06-16,1319,12974515325.0
2006-06-19,1319,13233323232.0
2006-06-20,1319,12819781881.0
2006-06-21,1319,12613011206.0
2006-06-22,1319,12716396543.0
2006-06-23,1319,12323532260.0
2006-06-26,1319,12550980003.0
2006-06-27,1319,12695719476.0
2006-06-28,1319,12675042408.0
2006-06-29,1319,12571657070.0
2006-06-30,1319,12613011206.0
2006-07-03,1319,12757750678.0
2006-07-04,1319,12819781881.0
2006-07-05,1319,12819781881.0
2006-07-06,1319,12881813084.0
2006-07-07,1319,12654365341.0
2006-07-10,1319,12571657070.0
2006-07-11,1319,12323532260.0
2006-07-12,1319,12240823990.0
2006-07-13,1319,11992699179.0
2006-07-14,1319,11889313841.0
2006-07-17,1319,11682543166.0
2006-07-18,1319,11517126625.0
2006-07-19,1319,11475772490.0
2006-07-20,1319,11682543166.0
2006-07-21,1319,11661866098.0
2006-07-24,1319,11537803693.0
2006-07-25,1319,11537803693.0
2006-07-26,1319,11517126625.0
2006-07-27,1319,11661866098.0
2006-07-28,1319,11806605571.0
2006-07-31,1319,10462596180.0
2006-08-01,1319,10214471370.0
2006-08-02,1319,10131763100.0
2006-08-03,1319,10235148437.0
2006-08-04,1319,10214471370.0
2006-08-07,1319,10152440167.0
2006-08-08,1319,10214471370.0
2006-08-09,1319,10131763100.0
2006-08-10,1319,10090408964.0
2006-08-11,1319,10173117235.0
2006-08-14,1319,10173117235.0
2006-08-15,1319,10214471370.0
2006-08-16,1319,10214471370.0
2006-08-17,1319,10917491666.0
2006-08-18,1319,10855460464.0
2006-08-21,1319,10193794302.0
2006-08-22,1319,9945669492.0
2006-08-23,1319,9800930019.0
2006-08-24,1319,9738898816.0
2006-08-25,1319,9738898816.0
2006-08-28,1319,9387388668.0
2006-08-29,1319,9408065735.0
2006-08-30,1319,9428742803.0
2006-08-31,1319,9056555587.0
2006-09-01,1319,8580983033.0
2006-09-04,1319,8415566493.0
2006-09-05,1319,8394889425.0
2006-09-06,1319,8312181155.0
2006-09-07,1319,8167441682.0
2006-09-08,1319,8188118750.0
2006-09-11,1319,8374212358.0
2006-09-12,1319,8208795817.0
2006-09-13,1319,8229472885.0
2006-09-14,1319,8146764615.0
2006-09-15,1319,8208795817.0
2006-09-18,1319,8767076641.0
2006-09-19,1319,9366711600.0
2006-09-20,1319,9408065735.0
2006-09-21,1319,9408065735.0
2006-09-22,1319,10049054829.0
2006-09-25,1319,10752075126.0
2006-09-26,1319,10958845802.0
2006-09-27,1319,10586658586.0
2006-09-28,1319,10152440167.0
2006-09-29,1319,10049054829.0
2006-10-02,1319,10503950315.0
2006-10-03,1319,10338533775.0
2006-10-04,1319,11062231139.0
2006-10-05,1319,10814106329.0
2006-10-11,1319,11000199937.0
2006-10-12,1319,10793429261.0
2006-10-13,1319,10814106329.0
2006-10-16,1319,11310355950.0
2006-10-17,1319,11269001815.0
2006-10-18,1319,10938168734.0
2006-10-19,1319,10752075126.0
2006-10-20,1319,10586658586.0
2006-10-23,1319,10524627383.0
2006-10-24,1319,10628012721.0
2006-10-25,1319,10628012721.0
2006-10-26,1319,10545304451.0
2006-10-27,1319,10193794302.0
2006-10-30,1319,9966346559.0
2006-10-31,1319,9966346559.0
2006-11-01,1319,10152440167.0
2006-11-02,1319,10359210843.0
2006-11-03,1319,10483273248.0
2006-11-06,1319,10173117235.0
2006-11-07,1319,10338533775.0
2006-11-08,1319,10214471370.0
2006-11-09,1319,10090408964.0
2006-11-10,1319,10090408964.0
2006-11-13,1319,10483273248.0
2006-11-14,1319,10483273248.0
2006-11-15,1319,10338533775.0
2006-11-16,1319,10421242045.0
2006-11-17,1319,10607335653.0
2006-11-20,1319,10793429261.0
2006-11-21,1319,10669366856.0
2006-11-22,1319,10545304451.0
2006-11-23,1319,10462596180.0
2006-11-24,1319,10421242045.0
2006-11-27,1319,10503950315.0
2006-11-28,1319,11227647680.0
2006-11-29,1319,10772752194.0
2006-11-30,1319,10896814599.0
2006-12-01,1319,10834783396.0
2006-12-04,1319,11269001815.0
2006-12-05,1319,10772752194.0
2006-12-06,1319,10876137531.0
2006-12-07,1319,10834783396.0
2006-12-08,1319,10834783396.0
2006-12-11,1319,10545304451.0
2006-12-12,1319,9966346559.0
2006-12-13,1319,9780252951.0
2006-12-14,1319,9883638289.0
2006-12-15,1319,10173117235.0
2006-12-18,1319,10359210843.0
2006-12-19,1319,10379887910.0
2006-12-20,1319,10379887910.0
2006-12-21,1319,10441919113.0
2006-12-22,1319,10565981518.0
2006-12-25,1319,10814106329.0
2006-12-26,1319,10772752194.0
2006-12-27,1319,10359210843.0
2006-12-28,1319,10297179640.0
2006-12-29,1319,10359210843.0
2007-01-02,1319,10648689788.0
2007-01-03,1319,10690043923.0
2007-01-04,1319,10462596180.0
2007-01-05,1319,10752075126.0
2007-01-08,1319,10731398058.0
2007-01-09,1319,10752075126.0
2007-01-10,1319,10958845802.0
2007-01-11,1319,10628012721.0
2007-01-12,1319,11351710085.0
2007-01-15,1319,11310355950.0
2007-01-16,1319,11434418355.0
2007-01-17,1319,11827282639.0
2007-01-18,1319,11827282639.0
2007-01-19,1319,11909990909.0
2007-01-22,1319,11951345044.0
2007-01-23,1319,12034053314.0
2007-01-24,1319,11909990909.0
2007-01-25,1319,11744574368.0
2007-01-26,1319,11455095423.0
2007-01-29,1319,11351710085.0
2007-01-30,1319,11393064220.0
2007-01-31,1319,11455095423.0
2007-02-01,1319,11206970612.0
2007-02-02,1319,11206970612.0
2007-02-05,1319,11248324747.0
2007-02-06,1319,11269001815.0
2007-02-07,1319,11413741288.0
2007-02-08,1319,11413741288.0
2007-02-09,1319,11455095423.0
2007-02-12,1319,11351710085.0
2007-02-13,1319,11165616477.0
2007-02-14,1319,11144939409.0
2007-02-26,1319,11661866098.0
2007-02-27,1319,12468271733.0
2007-03-01,1319,13336708570.0
2007-03-02,1319,13067906692.0
2007-03-05,1319,12488948800.0
2007-03-06,1319,12695719476.0
2007-03-07,1319,13481448043.0
2007-03-08,1319,13481448043.0
2007-03-09,1319,13233323232.0
2007-03-12,1319,13109260827.0
2007-03-13,1319,13150614962.0
2007-03-14,1319,12881813084.0
2007-03-15,1319,13378062705.0
2007-03-16,1319,12985198421.0
2007-03-19,1319,13026552557.0
2007-03-20,1319,12943844286.0
2007-03-21,1319,12840458949.0
2007-03-22,1319,13336708570.0
2007-03-23,1319,13522802178.0
2007-03-26,1319,13398739772.0
2007-03-27,1319,13233323232.0
2007-03-28,1319,13047229624.0
2007-03-29,1319,13191969097.0
2007-03-30,1319,13150614962.0
2007-04-02,1319,13708895786.0
2007-04-03,1319,13564156313.0
2007-04-04,1319,13254000300.0
2007-04-09,1319,14060405934.0
2007-04-10,1319,14225822474.0
2007-04-11,1319,14060405934.0
2007-04-12,1319,14163791272.0
2007-04-13,1319,13832958191.0
2007-04-16,1319,13998374731.0
2007-04-17,1319,13646864583.0
2007-04-18,1319,13998374731.0
2007-04-19,1319,13667541651.0
2007-04-20,1319,13646864583.0
2007-04-23,1319,13460770975.0
2007-04-24,1319,13316031502.0
2007-04-25,1319,12819781881.0
2007-04-26,1319,12861136016.0
2007-04-27,1319,12302855192.0
2007-04-30,1319,12344209327.0
2007-05-02,1319,12406240530.0
2007-05-03,1319,12013376247.0
2007-05-04,1319,12344209327.0
2007-05-07,1319,12509625868.0
2007-05-08,1319,12199469855.0
2007-05-09,1319,12096084517.0
2007-05-10,1319,12199469855.0
2007-05-11,1319,11847959706.0
2007-05-14,1319,11620511963.0
2007-05-15,1319,11537803693.0
2007-05-16,1319,11723897301.0
2007-05-17,1319,11992699179.0
2007-05-18,1319,12364886395.0
2007-05-21,1319,12530302935.0
2007-05-22,1319,12737073611.0
2007-05-23,1319,12654365341.0
2007-05-24,1319,12364886395.0
2007-05-25,1319,12240823990.0
2007-05-28,1319,12220146922.0
2007-05-29,1319,12675042408.0
2007-05-30,1319,12943844286.0
2007-05-31,1319,13191969097.0
2007-06-01,1319,13129937894.0
2007-06-04,1319,13295354435.0
2007-06-05,1319,13191969097.0
2007-06-06,1319,13316031502.0
2007-06-07,1319,13398739772.0
2007-06-08,1319,13254000300.0
2007-06-11,1319,13584833380.0
2007-06-12,1319,13626187515.0
2007-06-13,1319,13564156313.0
2007-06-14,1319,13316031502.0
2007-06-15,1319,13067906692.0
2007-06-20,1319,13336708570.0
2007-06-21,1319,14122437137.0
2007-06-22,1319,13977697664.0
2007-06-25,1319,14267176610.0
2007-06-26,1319,14019051799.0
2007-06-27,1319,13770926988.0
2007-06-28,1319,13708895786.0
2007-06-29,1319,13812281123.0
2007-07-02,1319,13998374731.0
2007-07-03,1319,14515301420.0
2007-07-04,1319,14680717961.0
2007-07-05,1319,14535978488.0
2007-07-06,1319,14349884880.0
2007-07-09,1319,14515301420.0
2007-07-10,1319,14680717961.0
2007-07-11,1319,14515301420.0
2007-07-12,1319,14618686758.0
2007-07-13,1319,14598009690.0
2007-07-16,1319,14763426231.0
2007-07-17,1319,15156290514.0
2007-07-18,1319,15052905176.0
2007-07-19,1319,14763426231.0
2007-07-20,1319,14804780366.0
2007-07-23,1319,15238998784.0
2007-07-24,1319,15652540135.0
2007-07-25,1319,15590508933.0
2007-07-26,1319,14887488636.0
2007-07-27,1319,14598009690.0
2007-07-30,1319,15301029987.0
2007-07-31,1319,14949519839.0
2007-08-01,1319,13915666461.0
2007-08-02,1319,14453270217.0
2007-08-03,1319,14928842771.0
2007-08-06,1319,15921342014.0
2007-08-07,1319,15425092392.0
2007-08-08,1319,15549154798.0
2007-08-09,1319,15921342014.0
2007-08-10,1319,15921342014.0
2007-08-13,1319,16128112689.0
2007-08-14,1319,16541654040.0
2007-08-15,1319,15507800663.0
2007-08-16,1319,14804780366.0
2007-08-17,1319,14473947285.0
2007-08-20,1319,15487123595.0
2007-08-21,1319,15218321717.0
2007-08-22,1319,15052905176.0
2007-08-23,1319,15342384122.0
2007-08-24,1319,15094259312.0
2007-08-27,1319,15176967582.0
2007-08-28,1319,15176967582.0
2007-08-29,1319,15052905176.0
2007-08-30,1319,15363061190.0
2007-08-31,1319,16107435621.0
2007-09-03,1319,16541654040.0
2007-09-04,1319,16955195391.0
2007-09-05,1319,16169466824.0
2007-09-06,1319,16334883365.0
2007-09-07,1319,15962696149.0
2007-09-10,1319,16024727351.0
2007-09-11,1319,16169466824.0
2007-09-12,1319,16024727351.0
2007-09-13,1319,15755925473.0
2007-09-14,1319,15921342014.0
2007-09-17,1319,16045404419.0
2007-09-19,1319,16004050284.0
2007-09-20,1319,15879987878.0
2007-09-21,1319,16086758554.0
2007-09-26,1319,16107435621.0
2007-09-27,1319,15735248406.0
2007-09-28,1319,15590508933.0
2007-10-01,1319,15879987878.0
2007-10-02,1319,15714571338.0
2007-10-03,1319,15321707055.0
2007-10-04,1319,15760060904.0
2007-10-05,1319,15568384488.0
2007-10-08,1319,15121139516.0
2007-10-09,1319,15334113312.0
2007-10-11,1319,15760060904.0
2007-10-12,1319,15674871386.0
2007-10-15,1319,15398005451.0
2007-10-16,1319,14972057859.0
2007-10-17,1319,14610002406.0
2007-10-18,1319,15035949998.0
2007-10-19,1319,14610002406.0
2007-10-22,1319,14354433850.0
2007-10-23,1319,14205352193.0
2007-10-24,1319,14269244332.0
2007-10-25,1319,14418325989.0
2007-10-26,1319,14269244332.0
2007-10-29,1319,14056270536.0
2007-10-30,1319,14482218128.0
2007-10-31,1319,14418325989.0
2007-11-01,1319,14184054814.0
2007-11-02,1319,13715512462.0
2007-11-05,1319,13843296740.0
2007-11-06,1319,13289564870.0
2007-11-07,1319,13523836046.0
2007-11-08,1319,12586751344.0
2007-11-09,1319,12352480168.0
2007-11-12,1319,11500584984.0
2007-11-13,1319,11564477123.0
2007-11-14,1319,12373777548.0
2007-11-15,1319,12821022519.0
2007-11-16,1319,13204375352.0
2007-11-19,1319,13204375352.0
2007-11-20,1319,12906212038.0
2007-11-21,1319,12544156584.0
2007-11-22,1319,12544156584.0
2007-11-23,1319,12011722094.0
2007-11-26,1319,11926532576.0
2007-11-27,1319,11841343058.0
2007-11-28,1319,11926532576.0
2007-11-29,1319,12075614233.0
2007-11-30,1319,12245993270.0
2007-12-03,1319,12480264446.0
2007-12-04,1319,12395074927.0
2007-12-05,1319,12586751344.0
2007-12-06,1319,12608048723.0
2007-12-07,1319,12608048723.0
2007-12-10,1319,12480264446.0
2007-12-11,1319,12480264446.0
2007-12-12,1319,12480264446.0
2007-12-13,1319,11926532576.0
2007-12-14,1319,11330205947.0
2007-12-17,1319,10733879318.0
2007-12-18,1319,10563500282.0
2007-12-19,1319,10989447874.0
2007-12-20,1319,10819068837.0
2007-12-21,1319,10989447874.0
2007-12-24,1319,11287611188.0
2007-12-25,1319,11245016429.0
2007-12-26,1319,11287611188.0
2007-12-27,1319,11287611188.0
2007-12-28,1319,11266313808.0
2007-12-31,1319,11607071882.0
2008-01-02,1319,11628369262.0
2008-01-03,1319,11628369262.0
2008-01-04,1319,11500584984.0
2008-01-07,1319,11351503327.0
2008-01-08,1319,11351503327.0
2008-01-09,1319,11415395466.0
2008-01-10,1319,11713558780.0
2008-01-11,1319,11713558780.0
2008-01-14,1319,12011722094.0
2008-01-15,1319,12480264446.0
2008-01-16,1319,12395074927.0
2008-01-17,1319,11905235196.0
2008-01-18,1319,12331182788.0
2008-01-21,1319,12309885409.0
2008-01-22,1319,11457990225.0
2008-01-23,1319,10669987180.0
2008-01-24,1319,10904258355.0
2008-01-25,1319,11372800706.0
2008-01-28,1319,10946853114.0
2008-01-29,1319,11032042633.0
2008-01-30,1319,11181124290.0
2008-01-31,1319,11287611188.0
2008-02-01,1319,11734856160.0
2008-02-12,1319,12011722094.0
2008-02-13,1319,11926532576.0
2008-02-14,1319,12629346103.0
2008-02-15,1319,12778427760.0
2008-02-18,1319,12650643482.0
2008-02-19,1319,13268267491.0
2008-02-20,1319,12544156584.0
2008-02-21,1319,12501561825.0
2008-02-22,1319,12182101131.0
2008-02-25,1319,12522859205.0
2008-02-26,1319,12139506372.0
2008-02-27,1319,12309885409.0
2008-02-29,1319,12395074927.0
2008-03-03,1319,12437669686.0
2008-03-04,1319,12544156584.0
2008-03-05,1319,13119185834.0
2008-03-06,1319,13012698936.0
2008-03-07,1319,12480264446.0
2008-03-10,1319,11969127335.0
2008-03-11,1319,12182101131.0
2008-03-12,1319,11947829956.0
2008-03-13,1319,11798748298.0
2008-03-14,1319,11585774502.0
2008-03-17,1319,11308908568.0
2008-03-18,1319,11479287604.0
2008-03-19,1319,11394098086.0
2008-03-20,1319,11479287604.0
2008-03-21,1319,12054316854.0
2008-03-24,1319,11926532576.0
2008-03-25,1319,11649666641.0
2008-03-26,1319,11713558780.0
2008-03-27,1319,11734856160.0
2008-03-28,1319,11713558780.0
2008-03-31,1319,11926532576.0
2008-04-01,1319,12118208992.0
2008-04-02,1319,12182101131.0
2008-04-03,1319,12437669686.0
2008-04-07,1319,12288588029.0
2008-04-08,1319,12096911613.0
2008-04-09,1319,12075614233.0
2008-04-10,1319,12139506372.0
2008-04-11,1319,12011722094.0
2008-04-14,1319,11862640437.0
2008-04-15,1319,11905235196.0
2008-04-16,1319,12182101131.0
2008-04-17,1319,12011722094.0
2008-04-18,1319,12139506372.0
2008-04-21,1319,12011722094.0
2008-04-22,1319,12416372307.0
2008-04-23,1319,12373777548.0
2008-04-24,1319,12373777548.0
2008-04-25,1319,12608048723.0
2008-04-28,1319,12608048723.0
2008-04-29,1319,12267290650.0
2008-04-30,1319,12480264446.0
2008-05-02,1319,12395074927.0
2008-05-05,1319,11947829956.0
2008-05-06,1319,11969127335.0
2008-05-07,1319,12096911613.0
2008-05-08,1319,12139506372.0
2008-05-09,1319,12139506372.0
2008-05-12,1319,12182101131.0
2008-05-13,1319,12075614233.0
2008-05-14,1319,11969127335.0
2008-05-15,1319,12033019474.0
2008-05-16,1319,12075614233.0
2008-05-19,1319,11990424715.0
2008-05-20,1319,11926532576.0
2008-05-21,1319,11798748298.0
2008-05-22,1319,11883937817.0
2008-05-23,1319,11883937817.0
2008-05-26,1319,11585774502.0
2008-05-27,1319,11394098086.0
2008-05-28,1319,11159826910.0
2008-05-29,1319,10968150494.0
2008-05-30,1319,10840366216.0
2008-06-02,1319,10861663596.0
2008-06-03,1319,10946853114.0
2008-06-04,1319,10904258355.0
2008-06-05,1319,11159826910.0
2008-06-06,1319,11032042633.0
2008-06-09,1319,10819068837.0
2008-06-10,1319,10776474078.0
2008-06-11,1319,10563500282.0
2008-06-12,1319,9860686755.0
2008-06-13,1319,9775497236.0
2008-06-16,1319,9626415579.0
2008-06-17,1319,9754199857.0
2008-06-18,1319,9881984134.0
2008-06-19,1319,9754199857.0
2008-06-20,1319,9456036542.0
2008-06-23,1319,9477333922.0
2008-06-24,1319,9690307718.0
2008-06-25,1319,9669010338.0
2008-06-26,1319,9669010338.0
2008-06-27,1319,9008791571.0
2008-06-30,1319,9008791571.0
2008-07-01,1319,8944899432.0
2008-07-02,1319,9008791571.0
2008-07-03,1319,9541226061.0
2008-07-04,1319,9456036542.0
2008-07-07,1319,9456036542.0
2008-07-08,1319,9285657506.0
2008-07-09,1319,9030088950.0
2008-07-10,1319,9647712959.0
2008-07-11,1319,9754199857.0
2008-07-14,1319,9370847024.0
2008-07-15,1319,9157873228.0
2008-07-16,1319,9093981089.0
2008-07-17,1319,9243062746.0
2008-07-18,1319,8817115154.0
2008-07-21,1319,9243062746.0
2008-07-22,1319,9328252265.0
2008-07-23,1319,9839389375.0
2008-07-24,1319,9796794616.0
2008-07-25,1319,9754199857.0
2008-07-29,1319,9477333922.0
2008-07-30,1319,9456036542.0
2008-07-31,1319,9669010338.0
2008-08-01,1319,9626415579.0
2008-08-04,1319,9775497236.0
2008-08-05,1319,9541226061.0
2008-08-06,1319,9647712959.0
2008-08-07,1319,9605118200.0
2008-08-08,1319,9775497236.0
2008-08-11,1319,9967173653.0
2008-08-12,1319,10116255310.0
2008-08-13,1319,9988471032.0
2008-08-14,1319,9456036542.0
2008-08-15,1319,9456036542.0
2008-08-18,1319,9541226061.0
2008-08-19,1319,9583820820.0
2008-08-20,1319,9541226061.0
2008-08-21,1319,9392144404.0
2008-08-22,1319,9157873228.0
2008-08-25,1319,9392144404.0
2008-08-26,1319,9285657506.0
2008-08-27,1319,9562523440.0
2008-08-28,1319,9562523440.0
2008-08-29,1319,9541226061.0
2008-09-01,1319,9157873228.0
2008-09-02,1319,8774520395.0
2008-09-03,1319,8476357081.0
2008-09-04,1319,8305978044.0
2008-09-05,1319,7943922591.0
2008-09-08,1319,8391167562.0
2008-09-09,1319,8305978044.0
2008-09-10,1319,8391167562.0
2008-09-11,1319,8199491146.0
2008-09-12,1319,8391167562.0
2008-09-15,1319,8135599007.0
2008-09-16,1319,7624461897.0
2008-09-17,1319,7411488101.0
2008-09-18,1319,6900350990.0
2008-09-19,1319,7607849949.0
2008-09-22,1319,7675575616.0
2008-09-23,1319,7698150838.0
2008-09-24,1319,7720726061.0
2008-09-25,1319,7743301283.0
2008-09-26,1319,7585274726.0
2008-09-30,1319,7178920723.0
2008-10-01,1319,7382097725.0
2008-10-02,1319,7404672947.0
2008-10-03,1319,7540124282.0
2008-10-06,1319,7698150838.0
2008-10-07,1319,7494973837.0
2008-10-08,1319,6975743722.0
2008-10-09,1319,7043469389.0
2008-10-13,1319,6953168499.0
2008-10-14,1319,7427248170.0
2008-10-15,1319,7178920723.0
2008-10-16,1319,6930593277.0
2008-10-17,1319,6772566720.0
2008-10-20,1319,6546814496.0
2008-10-21,1319,6569389718.0
2008-10-22,1319,6343637494.0
2008-10-23,1319,6140460493.0
2008-10-24,1319,5937283491.0
2008-10-27,1319,5530929488.0
2008-10-28,1319,5463203821.0
2008-10-29,1319,5192301152.0
2008-10-30,1319,5553504710.0
2008-10-31,1319,5937283491.0
2008-11-03,1319,6185610938.0
2008-11-04,1319,5982433936.0
2008-11-05,1319,6140460493.0
2008-11-06,1319,5824407379.0
2008-11-07,1319,5869557824.0
2008-11-10,1319,5869557824.0
2008-11-11,1319,5688956045.0
2008-11-12,1319,5553504710.0
2008-11-13,1319,5169725930.0
2008-11-14,1319,5147150707.0
2008-11-18,1319,4740796704.0
2008-11-19,1319,4582770147.0
2008-11-20,1319,4343472790.0
2008-11-21,1319,4501499347.0
2008-11-24,1319,4515044480.0
2008-11-25,1319,4560194925.0
2008-11-26,1319,4673071037.0
2008-11-27,1319,4808522371.0
2008-11-28,1319,4966548928.0
2008-12-01,1319,4966548928.0
2008-12-02,1319,4627920592.0
2008-12-03,1319,4785947149.0
2008-12-04,1319,4650495814.0
2008-12-05,1319,4673071037.0
2008-12-08,1319,4740796704.0
2008-12-09,1319,4785947149.0
2008-12-10,1319,4876248038.0
2008-12-11,1319,4853672816.0
2008-12-12,1319,4853672816.0
2008-12-15,1319,4943973706.0
2008-12-16,1319,4989124150.0
2008-12-17,1319,5327752486.0
2008-12-18,1319,5553504710.0
2008-12-19,1319,5418053376.0
2008-12-22,1319,5056849818.0
2008-12-23,1319,4921398483.0
2008-12-24,1319,5079425040.0
2008-12-25,1319,5147150707.0
2008-12-26,1319,5147150707.0
2008-12-29,1319,5102000262.0
2008-12-30,1319,5124575485.0
2008-12-31,1319,5102000262.0
2009-01-05,1319,5124575485.0
2009-01-06,1319,5169725930.0
2009-01-07,1319,5327752486.0
2009-01-08,1319,5169725930.0
2009-01-09,1319,5260026819.0
2009-01-12,1319,5169725930.0
2009-01-13,1319,5260026819.0
2009-01-14,1319,5372902931.0
2009-01-15,1319,5169725930.0
2009-01-16,1319,5169725930.0
2009-01-19,1319,5305177264.0
2009-01-20,1319,5327752486.0
2009-01-21,1319,5395478154.0
2009-02-02,1319,5688956045.0
2009-02-03,1319,6072734826.0
2009-02-04,1319,6050159603.0
2009-02-05,1319,6050159603.0
2009-02-06,1319,6117885270.0
2009-02-09,1319,5869557824.0
2009-02-10,1319,5688956045.0
2009-02-11,1319,5643805600.0
2009-02-12,1319,5711531267.0
2009-02-13,1319,6095310048.0
2009-02-16,1319,6501664051.0
2009-02-17,1319,6682265830.0
2009-02-18,1319,6546814496.0
2009-02-19,1319,6501664051.0
2009-02-20,1319,6366212717.0
2009-02-23,1319,6501664051.0
2009-02-24,1319,6727416275.0
2009-02-25,1319,6637115386.0
2009-02-26,1319,6862867610.0
2009-02-27,1319,6772566720.0
2009-03-02,1319,6501664051.0
2009-03-03,1319,6659690608.0
2009-03-04,1319,7111195056.0
2009-03-05,1319,7585274726.0
2009-03-06,1319,7991628730.0
2009-03-09,1319,7991628730.0
2009-03-10,1319,8217380954.0
2009-03-11,1319,8014203952.0
2009-03-12,1319,7901327840.0
2009-03-13,1319,7653000394.0
2009-03-16,1319,7901327840.0
2009-03-17,1319,8081929619.0
2009-03-18,1319,8036779174.0
2009-03-19,1319,7969053507.0
2009-03-20,1319,7969053507.0
2009-03-23,1319,8352832288.0
2009-03-24,1319,8443133178.0
2009-03-25,1319,8443133178.0
2009-03-26,1319,8352832288.0
2009-03-27,1319,8578584512.0
2009-03-30,1319,8578584512.0
2009-03-31,1319,8443133178.0
2009-04-01,1319,8488283622.0
2009-04-02,1319,8691460624.0
2009-04-03,1319,9278416406.0
2009-04-06,1319,9910522634.0
2009-04-07,1319,10068549190.0
2009-04-08,1319,10655504973.0
2009-04-09,1319,11377912090.0
2009-04-10,1319,11265035978.0
2009-04-13,1319,11197310310.0
2009-04-14,1319,10948982864.0
2009-04-15,1319,11061858976.0
2009-04-16,1319,11693965203.0
2009-04-17,1319,10881257197.0
2009-04-20,1319,11490788202.0
2009-04-21,1319,12280920986.0
2009-04-22,1319,13138779437.0
2009-04-23,1319,13274230771.0
2009-04-24,1319,13003328102.0
2009-04-27,1319,13003328102.0
2009-04-28,1319,12596974099.0
2009-04-29,1319,12235770541.0
2009-04-30,1319,13071053770.0
2009-05-04,1319,13974062666.0
2009-05-05,1319,14222390112.0
2009-05-06,1319,14583593670.0
2009-05-07,1319,14493292781.0
2009-05-08,1319,15351151232.0
2009-05-11,1319,15757505235.0
2009-05-12,1319,15576903456.0
2009-05-13,1319,16479912352.0
2009-05-14,1319,16028407904.0
2009-05-15,1319,15983257459.0
2009-05-18,1319,15328576010.0
2009-05-19,1319,15576903456.0
2009-05-20,1319,16660514131.0
2009-05-21,1319,16344461018.0
2009-05-22,1319,16050983126.0
2009-05-25,1319,16028407904.0
2009-05-26,1319,15306000787.0
2009-05-27,1319,15599478678.0
2009-06-01,1319,14719045005.0
2009-06-02,1319,14357841446.0
2009-06-03,1319,13364531661.0
2009-06-04,1319,13522558218.0
2009-06-05,1319,13274230771.0
2009-06-08,1319,13251655549.0
2009-06-09,1319,13748310442.0
2009-06-10,1319,13319381216.0
2009-06-11,1319,13703159997.0
2009-06-15,1319,13319381216.0
2009-06-16,1319,13296805994.0
2009-06-17,1319,12664699766.0
2009-06-18,1319,11806841315.0
2009-06-19,1319,12348646653.0
2009-06-22,1319,12416372320.0
2009-06-23,1319,12822726323.0
2009-06-24,1319,12845301546.0
2009-06-25,1319,13229080326.0
2009-06-26,1319,13409682106.0
2009-06-29,1319,13996637888.0
2009-06-30,1319,14199814890.0
2009-07-01,1319,14312691002.0
2009-07-02,1319,15260850342.0
2009-07-03,1319,14809345894.0
2009-07-06,1319,14719045005.0
2009-07-07,1319,14448142336.0
2009-07-08,1319,14132089222.0
2009-07-09,1319,14899646784.0
2009-07-10,1319,14786770672.0
2009-07-13,1319,13770885664.0
2009-07-14,1319,13635434330.0
2009-07-15,1319,14583593670.0
2009-07-16,1319,15599478678.0
2009-07-17,1319,16299310573.0
2009-07-20,1319,16525062797.0
2009-07-21,1319,16096133571.0
2009-07-22,1319,16163859238.0
2009-07-23,1319,15644629123.0
2009-07-24,1319,15509177789.0
2009-07-27,1319,16592788464.0
2009-07-28,1319,17247469914.0
2009-07-29,1319,16976567245.0
2009-07-30,1319,16705664576.0
2009-07-31,1319,16705664576.0
2009-08-03,1319,16976567245.0
2009-08-04,1319,16367036240.0
2009-08-05,1319,15870381347.0
2009-08-06,1319,15644629123.0
2009-08-10,1319,16096133571.0
2009-08-11,1319,16005832682.0
2009-08-12,1319,16412186685.0
2009-08-13,1319,17066868134.0
2009-08-14,1319,16457337130.0
2009-08-17,1319,16344461018.0
2009-08-18,1319,16254160128.0
2009-08-19,1319,16344461018.0
2009-08-20,1319,16028407904.0
2009-08-21,1319,15576903456.0
2009-08-24,1319,15938107014.0
2009-08-25,1319,16502487574.0
2009-08-26,1319,17270045136.0
2009-08-27,1319,17608673472.0
2009-08-28,1319,18376231034.0
2009-08-31,1319,19617868266.0
2009-09-01,1319,19798470045.0
2009-09-02,1319,19414691264.0
2009-09-03,1319,19595293043.0
2009-09-04,1319,19866195712.0
2009-09-07,1319,20498301939.0
2009-09-08,1319,19414691264.0
2009-09-09,1319,18963186816.0
2009-09-10,1319,19234089485.0
2009-09-11,1319,19369540819.0
2009-09-14,1319,19640443488.0
2009-09-15,1319,19775894822.0
2009-09-16,1319,19527567376.0
2009-09-17,1319,19188939040.0
2009-09-18,1319,19866195712.0
2009-09-21,1319,19730744378.0
2009-09-22,1319,19527567376.0
2009-09-23,1319,19527567376.0
2009-09-24,1319,19617868266.0
2009-09-25,1319,19550142598.0
2009-09-28,1319,18895461149.0
2009-09-29,1319,19834364672.0
2009-09-30,1319,21206260939.0
2009-10-01,1319,21810825396.0
2009-10-02,1319,21810825396.0
2009-10-05,1319,23252479100.0
2009-10-06,1319,23391993975.0
2009-10-07,1319,22903691914.0
2009-10-08,1319,22252622499.0
2009-10-09,1319,22647914643.0
2009-10-12,1319,23810538598.0
2009-10-13,1319,23903548515.0
2009-10-14,1319,23485003891.0
2009-10-15,1319,23345489016.0
2009-10-16,1319,23345489016.0
2009-10-19,1319,23159469184.0
2009-10-20,1319,23112964225.0
2009-10-21,1319,23624518766.0
2009-10-22,1319,23252479100.0
2009-10-23,1319,23298984058.0
2009-10-26,1319,23089711746.0
2009-10-27,1319,22787429518.0
2009-10-28,1319,21880582833.0
2009-10-29,1319,21462038209.0
2009-10-30,1319,21717815479.0
2009-11-02,1319,22089855145.0
2009-11-03,1319,23624518766.0
2009-11-04,1319,25252192303.0
2009-11-05,1319,24182578264.0
2009-11-06,1319,24647627846.0
2009-11-09,1319,24833647679.0
2009-11-10,1319,25345202219.0
2009-11-11,1319,25345202219.0
2009-11-12,1319,25112677428.0
2009-11-13,1319,25438212135.0
2009-11-16,1319,25577727010.0
2009-11-17,1319,27205400547.0
2009-11-18,1319,26461321216.0
2009-11-19,1319,25903261717.0
2009-11-20,1319,25577727010.0
2009-11-23,1319,25670736926.0
2009-11-24,1319,25810251801.0
2009-11-25,1319,26368311299.0
2009-11-26,1319,25856756759.0
2009-11-27,1319,25112677428.0
2009-11-30,1319,25252192303.0
2009-12-01,1319,25577727010.0
2009-12-02,1319,25670736926.0
2009-12-03,1319,25252192303.0
2009-12-04,1319,25019667512.0
2009-12-07,1319,25810251801.0
2009-12-08,1319,27577440213.0
2009-12-09,1319,27112390631.0
2009-12-10,1319,27158895589.0
2009-12-11,1319,27902974920.0
2009-12-14,1319,27530935254.0
2009-12-15,1319,27391420380.0
2009-12-16,1319,26879865840.0
2009-12-17,1319,26507826174.0
2009-12-18,1319,26600836090.0
2009-12-21,1319,27344915422.0
2009-12-22,1319,27437925338.0
2009-12-23,1319,26833360881.0
2009-12-24,1319,26600836090.0
2009-12-25,1319,27065885672.0
2009-12-28,1319,27019380714.0
2009-12-29,1319,26972875756.0
2009-12-30,1319,27112390631.0
2009-12-31,1319,27344915422.0
2010-01-04,1319,26972875756.0
2010-01-05,1319,25903261717.0
2010-01-06,1319,26182291467.0
2010-01-07,1319,26089281550.0
2010-01-08,1319,26647341049.0
2010-01-11,1319,26182291467.0
2010-01-12,1319,26089281550.0
2010-01-13,1319,26321806341.0
2010-01-14,1319,26135786508.0
2010-01-15,1319,25856756759.0
2010-01-18,1319,24833647679.0
2010-01-19,1319,24089568348.0
2010-01-20,1319,23950053473.0
2010-01-21,1319,23624518766.0
2010-01-22,1319,23764033640.0
2010-01-25,1319,23764033640.0
2010-01-26,1319,22438642332.0
2010-01-27,1319,21624805563.0
2010-01-28,1319,22368884894.0
2010-01-29,1319,22392137373.0
2010-02-01,1319,22089855145.0
2010-02-02,1319,22089855145.0
2010-02-03,1319,22089855145.0
2010-02-04,1319,23345489016.0
2010-02-05,1319,21717815479.0
2010-02-08,1319,20624948962.0
2010-02-09,1319,21857330354.0
2010-02-10,1319,21973592750.0
2010-02-22,1319,22554904727.0
2010-02-23,1319,23019954309.0
2010-02-24,1319,23717528682.0
2010-02-25,1319,23717528682.0
2010-02-26,1319,23298984058.0
2010-03-01,1319,23857043557.0
2010-03-02,1319,23857043557.0
2010-03-03,1319,24182578264.0
2010-03-04,1319,24647627846.0
2010-03-05,1319,24368598097.0
2010-03-08,1319,24647627846.0
2010-03-09,1319,24182578264.0
2010-03-10,1319,23950053473.0
2010-03-11,1319,24322093139.0
2010-03-12,1319,24740637762.0
2010-03-15,1319,24461608013.0
2010-03-16,1319,24229083222.0
2010-03-17,1319,24973162553.0
2010-03-18,1319,26693846007.0
2010-03-19,1319,26740350965.0
2010-03-22,1319,26833360881.0
2010-03-23,1319,26833360881.0
2010-03-24,1319,27484430296.0
2010-03-25,1319,27112390631.0
2010-03-26,1319,26554331132.0
2010-03-29,1319,26833360881.0
2010-03-30,1319,27112390631.0
2010-03-31,1319,27391420380.0
2010-04-01,1319,27298410463.0
2010-04-02,1319,27484430296.0
2010-04-06,1319,26647341049.0
2010-04-07,1319,27344915422.0
2010-04-08,1319,26926370798.0
2010-04-09,1319,27158895589.0
2010-04-12,1319,26740350965.0
2010-04-13,1319,26926370798.0
2010-04-14,1319,26926370798.0
2010-04-15,1319,27298410463.0
2010-04-16,1319,27112390631.0
2010-04-19,1319,25252192303.0
2010-04-20,1319,25577727010.0
2010-04-21,1319,25903261717.0
2010-04-22,1319,25438212135.0
2010-04-23,1319,25531222052.0
2010-04-26,1319,25763746843.0
2010-04-27,1319,26089281550.0
2010-04-28,1319,27205400547.0
2010-04-29,1319,26740350965.0
2010-04-30,1319,25624231968.0
2010-05-03,1319,25159182386.0
2010-05-04,1319,25112677428.0
2010-05-05,1319,24136073306.0
2010-05-06,1319,22461894811.0
2010-05-07,1319,23996558431.0
2010-05-10,1319,24415103055.0
2010-05-11,1319,23485003891.0
2010-05-12,1319,23345489016.0
2010-05-13,1319,23624518766.0
2010-05-14,1319,23857043557.0
2010-05-17,1319,23252479100.0
2010-05-18,1319,23624518766.0
2010-05-19,1319,23624518766.0
2010-05-20,1319,23019954309.0
2010-05-21,1319,22089855145.0
2010-05-24,1319,22392137373.0
2010-05-25,1319,21624805563.0
2010-05-26,1319,22206117541.0
2010-05-27,1319,23252479100.0
2010-05-28,1319,23252479100.0
2010-05-31,1319,23019954309.0
2010-06-01,1319,22229370020.0
2010-06-02,1319,21648058042.0
2010-06-03,1319,22043350187.0
2010-06-04,1319,22043350187.0
2010-06-07,1319,20601696483.0
2010-06-08,1319,20276161775.0
2010-06-09,1319,19346062611.0
2010-06-10,1319,19532082444.0
2010-06-11,1319,19904122110.0
2010-06-14,1319,21276018377.0
2010-06-15,1319,21369028293.0
2010-06-17,1319,21206260939.0
2010-06-18,1319,20857473753.0
2010-06-21,1319,21694563000.0
2010-06-22,1319,22368884894.0
2010-06-23,1319,22252622499.0
2010-06-24,1319,22089855145.0
2010-06-25,1319,21810825396.0
2010-06-28,1319,21903835312.0
2010-06-29,1319,21578300605.0
2010-06-30,1319,21020241106.0
2010-07-01,1319,21020241106.0
2010-07-02,1319,20927231190.0
2010-07-05,1319,21834077875.0
2010-07-06,1319,21834077875.0
2010-07-07,1319,21392280772.0
2010-07-08,1319,22182865061.0
2010-07-09,1319,21927087791.0
2010-07-12,1319,21671310521.0
2010-07-13,1319,21438785730.0
2010-07-14,1319,21927087791.0
2010-07-15,1319,22299127457.0
2010-07-16,1319,22647914643.0
2010-07-19,1319,22252622499.0
2010-07-20,1319,23019954309.0
2010-07-21,1319,22787429518.0
2010-07-22,1319,23066459267.0
2010-07-23,1319,23298984058.0
2010-07-26,1319,23717528682.0
2010-07-27,1319,23205974142.0
2010-07-28,1319,22647914643.0
2010-07-29,1319,22461894811.0
2010-07-30,1319,22787429518.0
2010-08-02,1319,24368598097.0
2010-08-03,1319,25112677428.0
2010-08-04,1319,25112677428.0
2010-08-05,1319,23764033640.0
2010-08-06,1319,23671023724.0
2010-08-09,1319,24554617930.0
2010-08-10,1319,24322093139.0
2010-08-11,1319,23950053473.0
2010-08-12,1319,23764033640.0
2010-08-13,1319,24601122888.0
2010-08-16,1319,24368598097.0
2010-08-17,1319,23903548515.0
2010-08-18,1319,24043063389.0
2010-08-19,1319,24461608013.0
2010-08-20,1319,24508112971.0
2010-08-23,1319,25205687344.0
2010-08-24,1319,25763746843.0
2010-08-25,1319,25438212135.0
2010-08-26,1319,25438212135.0
2010-08-27,1319,28024328798.0
2010-08-30,1319,27599717756.0
2010-08-31,1319,26803572052.0
2010-09-01,1319,27546641376.0
2010-09-02,1319,26962801192.0
2010-09-03,1319,26432037389.0
2010-09-06,1319,26750495671.0
2010-09-07,1319,26511651960.0
2010-09-08,1319,25450124354.0
2010-09-09,1319,25317433403.0
2010-09-10,1319,26060502727.0
2010-09-13,1319,27068953953.0
2010-09-14,1319,27175106714.0
2010-09-15,1319,26803572052.0
2010-09-16,1319,27281259474.0
2010-09-17,1319,27652794136.0
2010-09-20,1319,27068953953.0
2010-09-21,1319,26750495671.0
2010-09-23,1319,26962801192.0
2010-09-24,1319,27015877573.0
2010-09-27,1319,27015877573.0
2010-09-28,1319,27122030333.0
2010-09-29,1319,27440488615.0
2010-09-30,1319,28555092601.0
2010-10-01,1319,27742826785.0
2010-10-04,1319,28157672793.0
2010-10-05,1319,27483548030.0
2010-10-06,1319,27327980777.0
2010-10-07,1319,27639115283.0
2010-10-08,1319,27431692279.0
2010-10-11,1319,27068702022.0
2010-10-12,1319,26550144512.0
2010-10-13,1319,26394577259.0
2010-10-14,1319,26653856014.0
2010-10-15,1319,25927875500.0
2010-10-18,1319,24501842348.0
2010-10-19,1319,24112924215.0
2010-10-20,1319,24449986597.0
2010-10-21,1319,24372202970.0
2010-10-22,1319,24553698099.0
2010-10-25,1319,25046327733.0
2010-10-26,1319,25927875500.0
2010-10-27,1319,25927875500.0
2010-10-28,1319,25668596745.0
2010-10-29,1319,25227822862.0
2010-11-01,1319,25150039235.0
2010-11-02,1319,24838904729.0
2010-11-03,1319,24424058721.0
2010-11-04,1319,24605553850.0
2010-11-05,1319,24890760480.0
2010-11-08,1319,24631481725.0
2010-11-09,1319,25201894986.0
2010-11-10,1319,24942616231.0
2010-11-11,1319,25201894986.0
2010-11-12,1319,24553698099.0
2010-11-15,1319,24035140589.0
2010-11-16,1319,24061068464.0
2010-11-17,1319,23749933958.0
2010-11-18,1319,23490655203.0
2010-11-19,1319,23335087950.0
2010-11-22,1319,23438799452.0
2010-11-23,1319,23309160075.0
2010-11-24,1319,22453540183.0
2010-11-25,1319,22712818938.0
2010-11-26,1319,22453540183.0
2010-11-29,1319,22349828681.0
2010-11-30,1319,22712818938.0
2010-12-01,1319,22972097693.0
2010-12-02,1319,22868386191.0
2010-12-03,1319,22738746814.0
2010-12-06,1319,22712818938.0
2010-12-07,1319,22583179561.0
2010-12-08,1319,22790602565.0
2010-12-09,1319,22894314067.0
2010-12-10,1319,22790602565.0
2010-12-13,1319,24372202970.0
2010-12-14,1319,24475914472.0
2010-12-15,1319,24009212713.0
2010-12-16,1319,24009212713.0
2010-12-17,1319,24061068464.0
2010-12-20,1319,24112924215.0
2010-12-21,1319,23905501211.0
2010-12-22,1319,23853645460.0
2010-12-23,1319,24138852091.0
2010-12-24,1319,23931429087.0
2010-12-27,1319,23412871577.0
2010-12-28,1319,22868386191.0
2010-12-29,1319,22453540183.0
2010-12-30,1319,22557251685.0
2010-12-31,1319,22297972930.0
2011-01-03,1319,22401684432.0
2011-01-04,1319,22583179561.0
2011-01-05,1319,22297972930.0
2011-01-06,1319,22401684432.0
2011-01-07,1319,21675703918.0
2011-01-10,1319,21520136665.0
2011-01-11,1319,21520136665.0
2011-01-12,1319,21727559669.0
2011-01-13,1319,21675703918.0
2011-01-14,1319,21623848167.0
2011-01-17,1319,21546064541.0
2011-01-18,1319,22090549926.0
2011-01-19,1319,21960910549.0
2011-01-20,1319,21857199047.0
2011-01-21,1319,21675703918.0
2011-01-24,1319,21727559669.0
2011-01-25,1319,21675703918.0
2011-01-26,1319,21390497288.0
2011-01-27,1319,20897867653.0
2011-01-28,1319,19964464135.0
2011-02-08,1319,19082916368.0
2011-02-09,1319,19601473878.0
2011-02-10,1319,19601473878.0
2011-02-11,1319,19705185380.0
2011-02-14,1319,20171887139.0
2011-02-15,1319,19938536260.0
2011-02-16,1319,19731113256.0
2011-02-17,1319,19601473878.0
2011-02-18,1319,19679257505.0
2011-02-21,1319,19757041131.0
2011-02-22,1319,19186627870.0
2011-02-23,1319,18901421240.0
2011-02-24,1319,18979204866.0
2011-02-25,1319,19316267248.0
2011-03-01,1319,20586733147.0
2011-03-02,1319,20249670766.0
2011-03-03,1319,20223742890.0
2011-03-04,1319,19964464135.0
2011-03-07,1319,20431165894.0
2011-03-08,1319,21468280914.0
2011-03-09,1319,21338641537.0
2011-03-10,1319,21753487545.0
2011-03-11,1319,22220189304.0
2011-03-14,1319,21079362782.0
2011-03-15,1319,20690444649.0
2011-03-16,1319,21623848167.0
2011-03-17,1319,21623848167.0
2011-03-18,1319,21727559669.0
2011-03-21,1319,21597920292.0
2011-03-22,1319,21520136665.0
2011-03-23,1319,21183074284.0
2011-03-24,1319,21520136665.0
2011-03-25,1319,22194261428.0
2011-03-28,1319,21701631794.0
2011-03-29,1319,21468280914.0
2011-03-30,1319,21416425163.0
2011-03-31,1319,21934982673.0
2011-04-01,1319,21779415420.0
2011-04-06,1319,21727559669.0
2011-04-07,1319,21831271171.0
2011-04-08,1319,21649776043.0
2011-04-11,1319,21727559669.0
2011-04-12,1319,21312713661.0
2011-04-13,1319,21494208790.0
2011-04-14,1319,21857199047.0
2011-04-15,1319,21468280914.0
2011-04-18,1319,21934982673.0
2011-04-19,1319,21597920292.0
2011-04-20,1319,21675703918.0
2011-04-21,1319,21675703918.0
2011-04-22,1319,21468280914.0
2011-04-25,1319,21779415420.0
2011-04-26,1319,21597920292.0
2011-04-27,1319,21364569412.0
2011-04-28,1319,21053434906.0
2011-04-29,1319,21364569412.0
2011-05-03,1319,20923795529.0
2011-05-04,1319,21442353039.0
2011-05-05,1319,21053434906.0
2011-05-06,1319,21001579155.0
2011-05-09,1319,20897867653.0
2011-05-10,1319,20846011902.0
2011-05-11,1319,20664516774.0
2011-05-12,1319,20431165894.0
2011-05-13,1319,20275598641.0
2011-05-16,1319,19782969007.0
2011-05-17,1319,19394050874.0
2011-05-18,1319,19860752633.0
2011-05-19,1319,19497762376.0
2011-05-20,1319,19212555746.0
2011-05-23,1319,18149512850.0
2011-05-24,1319,19212555746.0
2011-05-25,1319,18745853987.0
2011-05-26,1319,18979204866.0
2011-05-27,1319,19445906625.0
2011-05-30,1319,19705185380.0
2011-05-31,1319,19601473878.0
2011-06-01,1319,19419978750.0
2011-06-02,1319,19186627870.0
2011-06-03,1319,19394050874.0
2011-06-07,1319,19368122999.0
2011-06-08,1319,19471834501.0
2011-06-09,1319,19290339372.0
2011-06-10,1319,18927349115.0
2011-06-13,1319,18460647356.0
2011-06-14,1319,18149512850.0
2011-06-15,1319,18331007979.0
2011-06-16,1319,18201368601.0
2011-06-17,1319,18149512850.0
2011-06-20,1319,18019873473.0
2011-06-21,1319,18045801348.0
2011-06-22,1319,18097657099.0
2011-06-23,1319,17993945597.0
2011-06-24,1319,17942089846.0
2011-06-27,1319,18201368601.0
2011-06-28,1319,18616214609.0
2011-06-29,1319,18538430983.0
2011-06-30,1319,18460647356.0
2011-07-01,1319,18253224352.0
2011-07-04,1319,19523690252.0
2011-07-05,1319,20560805272.0
2011-07-06,1319,20638588898.0
2011-07-07,1319,20560805272.0
2011-07-08,1319,20301526517.0
2011-07-11,1319,20094103513.0
2011-07-12,1319,19342195123.0
2011-07-13,1319,19912608384.0
2011-07-14,1319,19497762376.0
2011-07-15,1319,20223742890.0
2011-07-18,1319,20197815015.0
2011-07-19,1319,19912608384.0
2011-07-20,1319,20249670766.0
2011-07-21,1319,20145959264.0
2011-07-22,1319,20690444649.0
2011-07-25,1319,20690444649.0
2011-07-26,1319,20690444649.0
2011-07-27,1319,20534877396.0
2011-07-28,1319,20068175637.0
2011-07-29,1319,19834824758.0
2011-08-01,1319,20120031388.0
2011-08-02,1319,20042247762.0
2011-08-03,1319,19627401754.0
2011-08-04,1319,19445906625.0
2011-08-05,1319,18097657099.0
2011-08-08,1319,16853119075.0
2011-08-09,1319,15971571308.0
2011-08-10,1319,17086469955.0
2011-08-11,1319,17371676585.0
2011-08-12,1319,17345748710.0
2011-08-15,1319,17527243838.0
2011-08-16,1319,18356935854.0
2011-08-17,1319,16723479698.0
2011-08-18,1319,16801263324.0
2011-08-19,1319,15945643433.0
2011-08-22,1319,16230850063.0
2011-08-23,1319,16541984569.0
2011-08-24,1319,16308633690.0
2011-08-25,1319,16204922188.0
2011-08-26,1319,15790076180.0
2011-08-29,1319,16256777939.0
2011-08-30,1319,16541984569.0
2011-08-31,1319,16593840320.0
2011-09-01,1319,16360489441.0
2011-09-02,1319,16516056694.0
2011-09-05,1319,15712292553.0
2011-09-06,1319,15090023541.0
2011-09-07,1319,14882600537.0
2011-09-08,1319,14882600537.0
2011-09-09,1319,15038167790.0
2011-09-13,1319,15064095666.0
2011-09-14,1319,15397268874.0
2011-09-15,1319,15924382583.0
2011-09-16,1319,16118582371.0
2011-09-19,1319,16090839544.0
2011-09-20,1319,16063096717.0
2011-09-21,1319,16368267812.0
2011-09-22,1319,15979868237.0
2011-09-23,1319,15535983008.0
2011-09-26,1319,15147583433.0
2011-09-27,1319,15480497354.0
2011-09-28,1319,15591468662.0
2011-09-29,1319,15591468662.0
2011-09-30,1319,15619211488.0
2011-10-03,1319,15535983008.0
2011-10-04,1319,15563725835.0
2011-10-05,1319,15646954315.0
2011-10-06,1319,15674697142.0
2011-10-07,1319,16201810851.0
2011-10-11,1319,17034095655.0
2011-10-12,1319,16645696080.0
2011-10-13,1319,16673438907.0
2011-10-14,1319,16479239119.0
2011-10-17,1319,16950867175.0
2011-10-18,1319,16756667387.0
2011-10-19,1319,16728924560.0
2011-10-20,1319,16368267812.0
2011-10-21,1319,16257296505.0
2011-10-24,1319,16534724773.0
2011-10-25,1319,16146325198.0
2011-10-26,1319,16174068024.0
2011-10-27,1319,16368267812.0
2011-10-28,1319,16257296505.0
2011-10-31,1319,16174068024.0
2011-11-01,1319,16340524985.0
2011-11-02,1319,16201810851.0
2011-11-03,1319,15979868237.0
2011-11-04,1319,16063096717.0
2011-11-07,1319,16340524985.0
2011-11-08,1319,17477980884.0
2011-11-09,1319,17838637632.0
2011-11-10,1319,17200552616.0
2011-11-11,1319,18393494168.0
2011-11-14,1319,18643179610.0
2011-11-15,1319,18504465476.0
2011-11-16,1319,17949608940.0
2011-11-17,1319,18171551554.0
2011-11-18,1319,17533466538.0
2011-11-21,1319,16590210426.0
2011-11-22,1319,16368267812.0
2011-11-23,1319,16645696080.0
2011-11-24,1319,17145066962.0
2011-11-25,1319,16645696080.0
2011-11-28,1319,16923124348.0
2011-11-29,1319,16895381521.0
2011-11-30,1319,16784410214.0
2011-12-01,1319,17699923498.0
2011-12-02,1319,17561209364.0
2011-12-05,1319,17977351766.0
2011-12-06,1319,17145066962.0
2011-12-07,1319,17561209364.0
2011-12-08,1319,17755409152.0
2011-12-09,1319,18060580247.0
2011-12-12,1319,17921866113.0
2011-12-13,1319,17644437845.0
2011-12-14,1319,17533466538.0
2011-12-15,1319,17505723711.0
2011-12-16,1319,17699923498.0
2011-12-19,1319,17089581309.0
2011-12-20,1319,17200552616.0
2011-12-21,1319,17810894806.0
2011-12-22,1319,17672180672.0
2011-12-23,1319,18837379397.0
2011-12-26,1319,18643179610.0
2011-12-27,1319,18476722649.0
2011-12-28,1319,18310265688.0
2011-12-29,1319,18171551554.0
2011-12-30,1319,18032837420.0
2012-01-02,1319,17533466538.0
2012-01-03,1319,18032837420.0
2012-01-04,1319,18310265688.0
2012-01-05,1319,18393494168.0
2012-01-06,1319,18032837420.0
2012-01-09,1319,17783151979.0
2012-01-10,1319,18365751342.0
2012-01-11,1319,18254780034.0
2012-01-12,1319,18171551554.0
2012-01-13,1319,17755409152.0
2012-01-16,1319,18088323074.0
2012-01-17,1319,18865122224.0
2012-01-18,1319,18587693956.0
2012-01-30,1319,18920607878.0
2012-01-31,1319,19031579185.0
2012-02-01,1319,19641921374.0
2012-02-02,1319,20252263564.0
2012-02-03,1319,20085806603.0
2012-02-06,1319,19225778972.0
2012-02-07,1319,19475464414.0
2012-02-08,1319,19891606816.0
2012-02-09,1319,19586435721.0
2012-02-10,1319,20945834234.0
2012-02-13,1319,20252263564.0
2012-02-14,1319,20058063776.0
2012-02-15,1319,20085806603.0
2012-02-16,1319,19780635508.0
2012-02-17,1319,19891606816.0
2012-02-20,1319,20280006391.0
2012-02-21,1319,20058063776.0
2012-02-22,1319,20224520737.0
2012-02-23,1319,19919349642.0
2012-02-24,1319,19780635508.0
2012-02-29,1319,19947092469.0
2012-03-01,1319,20196777910.0
2012-03-02,1319,20196777910.0
2012-03-05,1319,19586435721.0
2012-03-06,1319,18976093531.0
2012-03-07,1319,18976093531.0
2012-03-08,1319,19225778972.0
2012-03-09,1319,19336750280.0
2012-03-12,1319,18865122224.0
2012-03-13,1319,18976093531.0
2012-03-14,1319,19253521799.0
2012-03-15,1319,19253521799.0
2012-03-16,1319,18920607878.0
2012-03-19,1319,18643179610.0
2012-03-20,1319,18726408090.0
2012-03-21,1319,18559951129.0
2012-03-22,1319,18587693956.0
2012-03-23,1319,18809636570.0
2012-03-26,1319,18504465476.0
2012-03-27,1319,18587693956.0
2012-03-28,1319,18254780034.0
2012-03-29,1319,17200552616.0
2012-03-30,1319,17422495230.0
2012-04-02,1319,16867638694.0
2012-04-03,1319,16812153041.0
2012-04-05,1319,16257296505.0
2012-04-06,1319,16534724773.0
2012-04-09,1319,16645696080.0
2012-04-10,1319,16756667387.0
2012-04-11,1319,16701181734.0
2012-04-12,1319,16839895868.0
2012-04-13,1319,17034095655.0
2012-04-16,1319,16950867175.0
2012-04-17,1319,16423753466.0
2012-04-18,1319,16201810851.0
2012-04-19,1319,16506981946.0
2012-04-20,1319,16201810851.0
2012-04-23,1319,16090839544.0
2012-04-24,1319,16090839544.0
2012-04-25,1319,16174068024.0
2012-04-26,1319,16118582371.0
2012-04-27,1319,16174068024.0
2012-04-30,1319,16090839544.0
2012-05-02,1319,17006352828.0
2012-05-03,1319,16923124348.0
2012-05-04,1319,17089581309.0
2012-05-07,1319,16867638694.0
2012-05-08,1319,16895381521.0
2012-05-09,1319,16645696080.0
2012-05-10,1319,16368267812.0
2012-05-11,1319,16257296505.0
2012-05-14,1319,16201810851.0
2012-05-15,1319,16174068024.0
2012-05-16,1319,16090839544.0
2012-05-17,1319,16146325198.0
2012-05-18,1319,15591468662.0
2012-05-21,1319,15674697142.0
2012-05-22,1319,15785668449.0
2012-05-23,1319,15452754528.0
2012-05-24,1319,14981126472.0
2012-05-25,1319,14953383645.0
2012-05-28,1319,14981126472.0
2012-05-29,1319,15979868237.0
2012-05-30,1319,15730182796.0
2012-05-31,1319,15591468662.0
2012-06-01,1319,15425011701.0
2012-06-04,1319,14426269936.0
2012-06-05,1319,14759183858.0
2012-06-06,1319,14814669511.0
2012-06-07,1319,14981126472.0
2012-06-08,1319,14925640818.0
2012-06-11,1319,15008869299.0
2012-06-12,1319,15535983008.0
2012-06-13,1319,15619211488.0
2012-06-14,1319,15535983008.0
2012-06-15,1319,16590210426.0
2012-06-18,1319,16312782158.0
2012-06-19,1319,16534724773.0
2012-06-20,1319,16506981946.0
2012-06-21,1319,16423753466.0
2012-06-22,1319,16257296505.0
2012-06-25,1319,16312782158.0
2012-06-26,1319,16007611064.0
2012-06-27,1319,15952125410.0
2012-06-28,1319,15924382583.0
2012-06-29,1319,15979868237.0
2012-07-02,1319,15896639756.0
2012-07-03,1319,15979868237.0
2012-07-04,1319,16201810851.0
2012-07-05,1319,16118582371.0
2012-07-06,1319,15979868237.0
2012-07-09,1319,15896639756.0
2012-07-10,1319,15535983008.0
2012-07-11,1319,15646954315.0
2012-07-12,1319,15425011701.0
2012-07-13,1319,15425011701.0
2012-07-16,1319,15452754528.0
2012-07-17,1319,15508240181.0
2012-07-18,1319,15674697142.0
2012-07-19,1319,15757925622.0
2012-07-20,1319,15730182796.0
2012-07-23,1319,15646954315.0
2012-07-24,1319,15646954315.0
2012-07-25,1319,16146325198.0
2012-07-26,1319,16146325198.0
2012-07-27,1319,16229553678.0
2012-07-30,1319,16340524985.0
2012-07-31,1319,16368267812.0
2012-08-01,1319,16229553678.0
2012-08-03,1319,16174068024.0
2012-08-06,1319,16229553678.0
2012-08-07,1319,16146325198.0
2012-08-08,1319,16146325198.0
2012-08-09,1319,16479239119.0
2012-08-10,1319,16645696080.0
2012-08-13,1319,16978610002.0
2012-08-14,1319,15979868237.0
2012-08-15,1319,15896639756.0
2012-08-16,1319,16146325198.0
2012-08-17,1319,16257296505.0
2012-08-20,1319,16201810851.0
2012-08-21,1319,16229553678.0
2012-08-22,1319,16146325198.0
2012-08-23,1319,16063096717.0
2012-08-24,1319,16368267812.0
2012-08-27,1319,16312782158.0
2012-08-28,1319,16007611064.0
2012-08-29,1319,15924382583.0
2012-08-30,1319,15841154103.0
2012-08-31,1319,15813411276.0
2012-09-03,1319,15813411276.0
2012-09-04,1319,15924382583.0
2012-09-05,1319,15924382583.0
2012-09-06,1319,16359390123.0
2012-09-07,1319,16445947743.0
2012-09-10,1319,16561357903.0
2012-09-11,1319,16503652823.0
2012-09-12,1319,16561357903.0
2012-09-13,1319,16503652823.0
2012-09-14,1319,16705620602.0
2012-09-17,1319,17080703621.0
2012-09-18,1319,16821030762.0
2012-09-19,1319,16849883302.0
2012-09-20,1319,16647915522.0
2012-09-21,1319,16619062982.0
2012-09-24,1319,16647915522.0
2012-09-25,1319,16792178222.0
2012-09-26,1319,16532505363.0
2012-09-27,1319,16561357903.0
2012-09-28,1319,16676768062.0
2012-10-01,1319,16647915522.0
2012-10-02,1319,16763325682.0
2012-10-03,1319,16821030762.0
2012-10-04,1319,16676768062.0
2012-10-05,1319,16561357903.0
2012-10-08,1319,16243979964.0
2012-10-09,1319,16070864724.0
2012-10-11,1319,15868896945.0
2012-10-12,1319,15724634246.0
2012-10-15,1319,15811191865.0
2012-10-16,1319,15811191865.0
2012-10-17,1319,15493813926.0
2012-10-18,1319,15407256307.0
2012-10-19,1319,15291846147.0
2012-10-22,1319,15118730908.0
2012-10-23,1319,15118730908.0
2012-10-24,1319,15032173288.0
2012-10-25,1319,14743647889.0
2012-10-26,1319,13964629312.0
2012-10-29,1319,13445283593.0
2012-10-30,1319,13647251373.0
2012-10-31,1319,13647251373.0
2012-11-01,1319,13618398833.0
2012-11-02,1319,13474136133.0
2012-11-05,1319,12983642955.0
2012-11-06,1319,13041348035.0
2012-11-07,1319,13358725974.0
2012-11-08,1319,13387578514.0
2012-11-09,1319,13704956453.0
2012-11-12,1319,13560693753.0
2012-11-13,1319,13676103913.0
2012-11-14,1319,13445283593.0
2012-11-15,1319,13445283593.0
2012-11-16,1319,13214463274.0
2012-11-19,1319,13099053115.0
2012-11-20,1319,13156758194.0
2012-11-21,1319,12868232795.0
2012-11-22,1319,12637412476.0
2012-11-23,1319,13012495495.0
2012-11-26,1319,13647251373.0
2012-11-27,1319,13618398833.0
2012-11-28,1319,13647251373.0
2012-11-29,1319,14051186931.0
2012-11-30,1319,14224302171.0
2012-12-03,1319,14570532650.0
2012-12-04,1319,14310859790.0
2012-12-05,1319,14282007251.0
2012-12-06,1319,14108892011.0
2012-12-07,1319,13993481852.0
2012-12-10,1319,13935776772.0
2012-12-11,1319,13964629312.0
2012-12-12,1319,14253154711.0
2012-12-13,1319,14310859790.0
2012-12-14,1319,14426269950.0
2012-12-17,1319,15032173288.0
2012-12-18,1319,15003320748.0
2012-12-19,1319,15032173288.0
2012-12-20,1319,15061025828.0
2012-12-21,1319,14743647889.0
2012-12-24,1319,15147583448.0
2012-12-25,1319,15205288527.0
2012-12-26,1319,14974468208.0
2012-12-27,1319,14945615668.0
2012-12-28,1319,15032173288.0
2013-01-02,1319,15003320748.0
2013-01-03,1319,15147583448.0
2013-01-04,1319,15061025828.0
2013-01-07,1319,15176435987.0
2013-01-08,1319,15291846147.0
2013-01-09,1319,15580371546.0
2013-01-10,1319,15522666466.0
2013-01-11,1319,15551519006.0
2013-01-14,1319,15609224086.0
2013-01-15,1319,15464961386.0
2013-01-16,1319,15061025828.0
2013-01-17,1319,14541680110.0
2013-01-18,1319,14916763128.0
2013-01-21,1319,14916763128.0
2013-01-22,1319,15205288527.0
2013-01-23,1319,15176435987.0
2013-01-24,1319,14916763128.0
2013-01-25,1319,14830205509.0
2013-01-28,1319,15003320748.0
2013-01-29,1319,15061025828.0
2013-01-30,1319,15234141067.0
2013-01-31,1319,15234141067.0
2013-02-01,1319,15118730908.0
2013-02-04,1319,15349551227.0
2013-02-05,1319,15234141067.0
2013-02-06,1319,15291846147.0
2013-02-18,1319,15753486785.0
2013-02-19,1319,16070864724.0
2013-02-20,1319,16099717264.0
2013-02-21,1319,15897749485.0
2013-02-22,1319,16157422344.0
2013-02-25,1319,16070864724.0
2013-02-26,1319,15926602025.0
2013-02-27,1319,15753486785.0
2013-03-01,1319,15638076626.0
2013-03-04,1319,15580371546.0
2013-03-05,1319,15666929166.0
2013-03-06,1319,15695781706.0
2013-03-07,1319,15868896945.0
2013-03-08,1319,16590210443.0
2013-03-11,1319,16503652823.0
2013-03-12,1319,16532505363.0
2013-03-13,1319,16532505363.0
2013-03-14,1319,16330537583.0
2013-03-15,1319,15984307105.0
2013-03-18,1319,15522666466.0
2013-03-19,1319,15811191865.0
2013-03-20,1319,15782339325.0
2013-03-21,1319,15782339325.0
2013-03-22,1319,15926602025.0
2013-03-25,1319,15868896945.0
2013-03-26,1319,15926602025.0
2013-03-27,1319,15926602025.0
2013-03-28,1319,15666929166.0
2013-03-29,1319,15926602025.0
2013-04-01,1319,15897749485.0
2013-04-02,1319,16243979964.0
2013-04-03,1319,16099717264.0
2013-04-08,1319,15955454565.0
2013-04-09,1319,16243979964.0
2013-04-10,1319,15984307105.0
2013-04-11,1319,16157422344.0
2013-04-12,1319,16503652823.0
2013-04-15,1319,16734473142.0
2013-04-16,1319,16792178222.0
2013-04-17,1319,16734473142.0
2013-04-18,1319,17628901879.0
2013-04-19,1319,17744312039.0
2013-04-22,1319,18234805217.0
2013-04-23,1319,18234805217.0
2013-04-24,1319,18119395057.0
2013-04-25,1319,17917427278.0
2013-04-26,1319,17802017118.0
2013-04-29,1319,17830869658.0
2013-04-30,1319,17802017118.0
2013-05-02,1319,18148247597.0
2013-05-03,1319,17888574738.0
2013-05-06,1319,17686606959.0
2013-05-07,1319,17888574738.0
2013-05-08,1319,18581035696.0
2013-05-09,1319,18436772996.0
2013-05-10,1319,19042676334.0
2013-05-13,1319,18927266174.0
2013-05-14,1319,18407920456.0
2013-05-15,1319,18638740775.0
2013-05-16,1319,19158086494.0
2013-05-17,1319,19042676334.0
2013-05-20,1319,18840708555.0
2013-05-21,1319,18984971254.0
2013-05-22,1319,19042676334.0
2013-05-23,1319,18609888236.0
2013-05-24,1319,18350215376.0
2013-05-27,1319,18350215376.0
2013-05-28,1319,18696445855.0
2013-05-29,1319,18725298395.0
2013-05-30,1319,19013823794.0
2013-05-31,1319,19735137292.0
2013-06-03,1319,20196777930.0
2013-06-04,1319,19965957611.0
2013-06-05,1319,20254483010.0
2013-06-06,1319,20023662691.0
2013-06-07,1319,19648579672.0
2013-06-10,1319,19821694911.0
2013-06-11,1319,19792842371.0
2013-06-13,1319,19504316972.0
2013-06-14,1319,19186939034.0
2013-06-17,1319,19735137292.0
2013-06-18,1319,19792842371.0
2013-06-19,1319,19475464433.0
2013-06-20,1319,18869561095.0
2013-06-21,1319,18898413635.0
2013-06-24,1319,19648579672.0
2013-06-25,1319,19619727132.0
2013-06-26,1319,19821694911.0
2013-06-27,1319,20571860949.0
2013-06-28,1319,20571860949.0
2013-07-01,1319,20946943967.0
2013-07-02,1319,20773828728.0
2013-07-03,1319,20831533808.0
2013-07-04,1319,21206616827.0
2013-07-05,1319,21870225244.0
2013-07-08,1319,22129898103.0
2013-07-09,1319,21927930324.0
2013-07-10,1319,21985635404.0
2013-07-11,1319,22245308263.0
2013-07-12,1319,23168589540.0
2013-07-15,1319,23312852239.0
2013-07-16,1319,23601377638.0
2013-07-17,1319,23601377638.0
2013-07-18,1319,24207280976.0
2013-07-19,1319,23572525098.0
2013-07-22,1319,23601377638.0
2013-07-23,1319,23889903037.0
2013-07-24,1319,23630230178.0
2013-07-25,1319,23659082718.0
2013-07-26,1319,23226294620.0
2013-07-29,1319,22764653981.0
2013-07-30,1319,24351543676.0
2013-07-31,1319,24640069075.0
2013-08-01,1319,24120723356.0
2013-08-02,1319,24063018277.0
2013-08-05,1319,24726626694.0
2013-08-06,1319,24726626694.0
2013-08-07,1319,23889903037.0
2013-08-08,1319,24236133516.0
2013-08-09,1319,24380396216.0
2013-08-12,1319,24091870817.0
2013-08-13,1319,24784331774.0
2013-08-14,1319,24236133516.0
2013-08-15,1319,23601377638.0
2013-08-16,1319,23659082718.0
2013-08-19,1319,23485967479.0
2013-08-20,1319,23485967479.0
2013-08-22,1319,22966621760.0
2013-08-23,1319,23283999699.0
2013-08-26,1319,23601377638.0
2013-08-27,1319,23024326840.0
2013-08-28,1319,23024326840.0
2013-08-29,1319,22880064141.0
2013-08-30,1319,22447276042.0
2013-09-02,1319,22880064141.0
2013-09-03,1319,23572525098.0
2013-09-04,1319,23370557319.0
2013-09-05,1319,24005313197.0
2013-09-06,1319,25044004633.0
2013-09-09,1319,25159414793.0
2013-09-10,1319,25505645272.0
2013-09-11,1319,25678760511.0
2013-09-12,1319,26024990990.0
2013-09-13,1319,26082696070.0
2013-09-16,1319,26409451086.0
2013-09-17,1319,26143286406.0
2013-09-18,1319,25699678605.0
2013-09-23,1319,25610957044.0
2013-09-24,1319,26202434112.0
2013-09-25,1319,26912206594.0
2013-09-26,1319,26084138699.0
2013-09-27,1319,26054564845.0
2013-09-30,1319,26232007966.0
2013-10-01,1319,25936269432.0
2013-10-02,1319,26084138699.0
2013-10-03,1319,26379877233.0
2013-10-04,1319,26143286406.0
2013-10-07,1319,25847547872.0
2013-10-08,1319,26172860259.0
2013-10-09,1319,26024990992.0
2013-10-11,1319,27828996049.0
2013-10-14,1319,28420473117.0
2013-10-15,1319,28568342384.0
2013-10-16,1319,28450046971.0
2013-10-17,1319,27858569903.0
2013-10-18,1319,28450046971.0
2013-10-21,1319,27740274489.0
2013-10-22,1319,27947291463.0
2013-10-23,1319,27267092835.0
2013-10-24,1319,27326240542.0
2013-10-25,1319,26912206594.0
2013-10-28,1319,27769848343.0
2013-10-29,1319,27533257515.0
2013-10-30,1319,26971354301.0
2013-10-31,1319,27030502008.0
2013-11-01,1319,27651552929.0
2013-11-04,1319,27444535955.0
2013-11-05,1319,26616468060.0
2013-11-07,1319,26409451086.0
2013-11-08,1319,26734763474.0
2013-11-11,1319,26113712552.0
2013-11-12,1319,26202434112.0
2013-11-13,1319,26232007966.0
2013-11-14,1319,25640530898.0
2013-11-15,1319,25699678605.0
2013-11-18,1319,26084138699.0
2013-11-19,1319,26705189620.0
2013-11-20,1319,26793911180.0
2013-11-21,1319,26439024940.0
2013-11-22,1319,26320729526.0
2013-11-25,1319,25965843285.0
2013-11-26,1319,26113712552.0
2013-11-27,1319,26498172646.0
2013-11-28,1319,27799422196.0
2013-11-29,1319,27769848343.0
2013-12-02,1319,27769848343.0
2013-12-03,1319,27917717610.0
2013-12-04,1319,27976865316.0
2013-12-05,1319,27858569903.0
2013-12-06,1319,27858569903.0
2013-12-09,1319,27503683662.0
2013-12-10,1319,27710700636.0
2013-12-11,1319,27710700636.0
2013-12-12,1319,27237518981.0
2013-12-13,1319,27414962102.0
2013-12-16,1319,27119223568.0
2013-12-17,1319,27385388248.0
2013-12-18,1319,27296666688.0
2013-12-19,1319,27355814395.0
2013-12-20,1319,27385388248.0
2013-12-23,1319,27119223568.0
2013-12-24,1319,26675615767.0
2013-12-25,1319,26261581819.0
2013-12-26,1319,26439024940.0
2013-12-27,1319,26439024940.0
2013-12-30,1319,26261581819.0
2013-12-31,1319,26379877233.0
2014-01-02,1319,25936269432.0
2014-01-03,1319,25108201537.0
2014-01-06,1319,24546298322.0
2014-01-07,1319,25256070804.0
2014-01-08,1319,25049053830.0
2014-01-09,1319,24842036856.0
2014-01-10,1319,24901184563.0
2014-01-13,1319,24723741442.0
2014-01-14,1319,24368855202.0
2014-01-15,1319,24635019882.0
2014-01-16,1319,25285644657.0
2014-01-17,1319,24960332270.0
2014-01-20,1319,25256070804.0
2014-01-21,1319,25256070804.0
2014-01-22,1319,25226496950.0
2014-01-23,1319,24694167589.0
2014-01-24,1319,24487150615.0
2014-01-27,1319,24309707495.0
2014-02-05,1319,24250559788.0
2014-02-06,1319,24546298322.0
2014-02-10,1319,25315218510.0
2014-02-11,1319,25137775390.0
2014-02-12,1319,25433513924.0
2014-02-13,1319,25374366217.0
2014-02-14,1319,25226496950.0
2014-02-17,1319,25522235484.0
2014-02-18,1319,25670104751.0
2014-02-19,1319,25433513924.0
2014-02-20,1319,26024990992.0
2014-02-21,1319,25788400165.0
2014-02-24,1319,25729252458.0
2014-02-25,1319,25463087777.0
2014-02-26,1319,24871610709.0
2014-02-27,1319,24960332270.0
2014-03-03,1319,25019479976.0
2014-03-04,1319,24930758416.0
2014-03-05,1319,24871610709.0
2014-03-06,1319,25817974018.0
2014-03-07,1319,26232007966.0
2014-03-10,1319,26024990992.0
2014-03-11,1319,26113712552.0
2014-03-12,1319,26734763474.0
2014-03-13,1319,26527746500.0
2014-03-14,1319,26557320353.0
2014-03-17,1319,26143286406.0
2014-03-18,1319,26646041913.0
2014-03-19,1319,26498172646.0
2014-03-20,1319,25551809338.0
2014-03-21,1319,25551809338.0
2014-03-24,1319,25522235484.0
2014-03-25,1319,26084138699.0
2014-03-26,1319,25847547872.0
2014-03-27,1319,26113712552.0
2014-03-28,1319,25699678605.0
2014-03-31,1319,26261581819.0
2014-04-01,1319,26379877233.0
2014-04-02,1319,26202434112.0
2014-04-03,1319,26498172646.0
2014-04-07,1319,27888143756.0
2014-04-08,1319,27296666688.0
2014-04-09,1319,27769848343.0
2014-04-10,1319,26616468060.0
2014-04-11,1319,25906695578.0
2014-04-14,1319,25433513924.0
2014-04-15,1319,25374366217.0
2014-04-16,1319,25463087777.0
2014-04-17,1319,25906695578.0
2014-04-18,1319,25670104751.0
2014-04-21,1319,25581383191.0
2014-04-22,1319,26616468060.0
2014-04-23,1319,25906695578.0
2014-04-24,1319,25906695578.0
2014-04-25,1319,25137775390.0
2014-04-28,1319,25256070804.0
2014-04-29,1319,25315218510.0
2014-04-30,1319,25581383191.0
2014-05-02,1319,25610957044.0
2014-05-05,1319,26084138699.0
2014-05-06,1319,25699678605.0
2014-05-07,1319,25788400165.0
2014-05-08,1319,25226496950.0
2014-05-09,1319,24871610709.0
2014-05-12,1319,24250559788.0
2014-05-13,1319,24161838228.0
2014-05-14,1319,24161838228.0
2014-05-15,1319,24635019882.0
2014-05-16,1319,24487150615.0
2014-05-19,1319,24398429055.0
2014-05-20,1319,24546298322.0
2014-05-21,1319,24161838228.0
2014-05-22,1319,24487150615.0
2014-05-23,1319,24546298322.0
2014-05-26,1319,24842036856.0
2014-05-27,1319,25285644657.0
2014-05-28,1319,25256070804.0
2014-05-29,1319,24989906123.0
2014-05-30,1319,25137775390.0
2014-06-03,1319,24901184563.0
2014-06-04,1319,24723741442.0
2014-06-05,1319,24723741442.0
2014-06-06,1319,24812463003.0
2014-06-09,1319,24842036856.0
2014-06-10,1319,24989906123.0
2014-06-11,1319,25167349243.0
2014-06-12,1319,25108201537.0
2014-06-13,1319,24960332270.0
2014-06-16,1319,24723741442.0
2014-06-17,1319,24960332270.0
2014-06-18,1319,25019479976.0
2014-06-19,1319,24989906123.0
2014-06-20,1319,24901184563.0
2014-06-23,1319,24250559788.0
2014-06-24,1319,23984395107.0
2014-06-25,1319,24161838228.0
2014-06-26,1319,24102690521.0
2014-06-27,1319,24073116668.0
2014-06-30,1319,24043542814.0
2014-07-01,1319,24309707495.0
2014-07-02,1319,24073116668.0
2014-07-03,1319,24132264374.0
2014-07-04,1319,23747804280.0
2014-07-07,1319,23599935013.0
2014-07-08,1319,23659082720.0
2014-07-09,1319,23392918039.0
2014-07-10,1319,23540787306.0
2014-07-11,1319,22978884092.0
2014-07-14,1319,22623997851.0
2014-07-15,1319,22121242343.0
2014-07-16,1319,21736782249.0
2014-07-17,1319,21559339129.0
2014-07-18,1319,21500191422.0
2014-07-21,1319,21588912982.0
2014-07-22,1319,21293174448.0
2014-07-24,1319,21293174448.0
2014-07-25,1319,21381896008.0
2014-07-28,1319,21174879034.0
2014-07-29,1319,21884651516.0
2014-07-30,1319,22180390050.0
2014-07-31,1319,22002946930.0
2014-08-01,1319,22239537757.0
2014-08-04,1319,21943799223.0
2014-08-05,1319,21884651516.0
2014-08-06,1319,21618486835.0
2014-08-07,1319,21588912982.0
2014-08-08,1319,21795929956.0
2014-08-11,1319,22150816197.0
2014-08-12,1319,21884651516.0
2014-08-13,1319,22032520783.0
2014-08-14,1319,21825503809.0
2014-08-15,1319,21736782249.0
2014-08-18,1319,21736782249.0
2014-08-19,1319,21884651516.0
2014-08-20,1319,21914225369.0
2014-08-22,1319,22416980877.0
2014-08-25,1319,22180390050.0
2014-08-26,1319,22357833170.0
2014-08-27,1319,22328259317.0
2014-08-28,1319,22357833170.0
2014-08-29,1319,22476128584.0
2014-09-01,1319,22328259317.0
2014-09-02,1319,22298685464.0
2014-09-03,1319,22357833170.0
2014-09-04,1319,21825503809.0
2014-09-05,1319,21411469862.0
2014-09-09,1319,21056583621.0
2014-09-10,1319,20997435914.0
2014-09-11,1319,21056583621.0
2014-09-12,1319,20790418940.0
2014-09-15,1319,20701697380.0
2014-09-16,1319,20021498752.0
2014-09-17,1319,19696186364.0
2014-09-18,1319,20228515726.0
2014-09-19,1319,20376384993.0
2014-09-22,1319,20051072605.0
2014-09-23,1319,19755334071.0
2014-09-24,1319,19696186364.0
2014-09-25,1319,19725760218.0
2014-09-26,1319,19725760218.0
2014-09-29,1319,19518743244.0
2014-09-30,1319,19163857003.0
2014-10-01,1319,19223004710.0
2014-10-02,1319,19459595537.0
2014-10-03,1319,19696186364.0
2014-10-06,1319,19696186364.0
2014-10-07,1319,19400447830.0
2014-10-08,1319,19282152417.0
2014-10-09,1319,19134283150.0
2014-10-13,1319,18631527642.0
2014-10-14,1319,18335789108.0
2014-10-15,1319,17951329014.0
2014-10-16,1319,17507721213.0
2014-10-17,1319,17152834972.0
2014-10-20,1319,17093687265.0
2014-10-21,1319,17093687265.0
2014-10-22,1319,17744312040.0
2014-10-23,1319,17862607454.0
2014-10-24,1319,17271130386.0
2014-10-27,1319,16827522585.0
2014-10-28,1319,17034539558.0
2014-10-29,1319,17152834972.0
2014-10-30,1319,17211982679.0
2014-10-31,1319,18335789108.0
2014-11-03,1319,19252578563.0
2014-11-04,1319,18749823056.0
2014-11-05,1319,19015987736.0
2014-11-06,1319,18749823056.0
2014-11-07,1319,19223004710.0
2014-11-10,1319,19163857003.0
2014-11-11,1319,19341300124.0
2014-11-12,1319,18956840029.0
2014-11-13,1319,18986413883.0
2014-11-14,1319,18986413883.0
2014-11-17,1319,18927266176.0
2014-11-18,1319,18808970762.0
2014-11-19,1319,18690675349.0
2014-11-20,1319,19282152417.0
2014-11-21,1319,19814481778.0
2014-11-24,1319,20110220312.0
2014-11-25,1319,20376384993.0
2014-11-26,1319,20642549673.0
2014-11-27,1319,20228515726.0
2014-11-28,1319,20051072605.0
2014-12-01,1319,20376384993.0
2014-12-02,1319,20169368019.0
2014-12-03,1319,20465106553.0
2014-12-04,1319,20465106553.0
2014-12-05,1319,20317237286.0
2014-12-08,1319,20465106553.0
2014-12-09,1319,20051072605.0
2014-12-10,1319,19696186364.0
2014-12-11,1319,20169368019.0
2014-12-12,1319,20198941872.0
2014-12-15,1319,20819992794.0
2014-12-16,1319,20908714354.0
2014-12-17,1319,20731271233.0
2014-12-18,1319,20879140500.0
2014-12-19,1319,20938288207.0
2014-12-22,1319,21500191422.0
2014-12-23,1319,21352322155.0
2014-12-24,1319,21618486835.0
2014-12-25,1319,21707208396.0
2014-12-26,1319,21470617568.0
2014-12-29,1319,21441043715.0
2014-12-30,1319,21204452888.0
2014-12-31,1319,21677634542.0
2015-01-05,1319,22209963903.0
2015-01-06,1319,21884651516.0
2015-01-07,1319,22002946930.0
2015-01-08,1319,22328259317.0
2015-01-09,1319,22269111610.0
2015-01-12,1319,22328259317.0
2015-01-13,1319,22535276291.0
2015-01-14,1319,22357833170.0
2015-01-15,1319,22032520783.0
2015-01-16,1319,21884651516.0
2015-01-19,1319,21707208396.0
2015-01-20,1319,22446554731.0
2015-01-21,1319,22269111610.0
2015-01-22,1319,22180390050.0
2015-01-23,1319,22180390050.0
2015-01-26,1319,22505702437.0
2015-01-27,1319,22623997851.0
2015-01-28,1319,22653571704.0
2015-01-29,1319,22269111610.0
2015-01-30,1319,22091668490.0
2015-02-02,1319,22328259317.0
2015-02-03,1319,22416980877.0
2015-02-04,1319,22564850144.0
2015-02-05,1319,22564850144.0
2015-02-06,1319,22298685464.0
2015-02-09,1319,22239537757.0
2015-02-10,1319,22446554731.0
2015-02-11,1319,22446554731.0
2015-02-12,1319,22416980877.0
2015-02-13,1319,22239537757.0
2015-02-24,1319,22712719411.0
2015-02-25,1319,22742293265.0
2015-02-26,1319,23126753359.0
2015-03-02,1319,22978884092.0
2015-03-03,1319,23185901066.0
2015-03-04,1319,22919736385.0
2015-03-05,1319,22860588678.0
2015-03-06,1319,22860588678.0
2015-03-09,1319,23245048772.0
2015-03-10,1319,22949310238.0
2015-03-11,1319,23156327212.0
2015-03-12,1319,23067605652.0
2015-03-13,1319,22801440971.0
2015-03-16,1319,22653571704.0
2015-03-17,1319,22328259317.0
2015-03-18,1319,21973373076.0
2015-03-19,1319,22416980877.0
2015-03-20,1319,22269111610.0
2015-03-23,1319,22091668490.0
2015-03-24,1319,21707208396.0
2015-03-25,1319,21145305181.0
2015-03-26,1319,21174879034.0
2015-03-27,1319,21145305181.0
2015-03-30,1319,21056583621.0
2015-03-31,1319,21648060689.0
2015-04-01,1319,21914225369.0
2015-04-02,1319,21618486835.0
2015-04-07,1319,22062094636.0
2015-04-08,1319,21825503809.0
2015-04-09,1319,21677634542.0
2015-04-10,1319,21795929956.0
2015-04-13,1319,21588912982.0
2015-04-14,1319,21263600595.0
2015-04-15,1319,21707208396.0
2015-04-16,1319,21411469862.0
2015-04-17,1319,21529765275.0
2015-04-20,1319,21293174448.0
2015-04-21,1319,21263600595.0
2015-04-22,1319,21381896008.0
2015-04-23,1319,21588912982.0
2015-04-24,1319,21795929956.0
2015-04-27,1319,21914225369.0
2015-04-28,1319,21766356102.0
2015-04-29,1319,21559339129.0
2015-04-30,1319,21529765275.0
2015-05-04,1319,21174879034.0
2015-05-05,1319,20879140500.0
2015-05-06,1319,21204452888.0
2015-05-07,1319,21174879034.0
2015-05-08,1319,21027009767.0
2015-05-11,1319,19873629485.0
2015-05-12,1319,20198941872.0
2015-05-13,1319,20405958846.0
2015-05-14,1319,20317237286.0
2015-05-15,1319,19932777192.0
2015-05-18,1319,19696186364.0
2015-05-19,1319,19666612511.0
2015-05-20,1319,19755334071.0
2015-05-21,1319,19577890951.0
2015-05-22,1319,19430021684.0
2015-05-25,1319,19725760218.0
2015-05-26,1319,20228515726.0
2015-05-27,1319,20110220312.0
2015-05-28,1319,20139794165.0
2015-05-29,1319,19844055631.0
2015-06-01,1319,19844055631.0
2015-06-02,1319,19577890951.0
2015-06-03,1319,19282152417.0
2015-06-04,1319,18631527642.0
2015-06-05,1319,18099198281.0
2015-06-08,1319,18217493694.0
2015-06-09,1319,17537295066.0
2015-06-10,1319,17626016626.0
2015-06-11,1319,17182408825.0
2015-06-12,1319,17211982679.0
2015-06-15,1319,17330278092.0
2015-06-16,1319,17211982679.0
2015-06-17,1319,17152834972.0
2015-06-18,1319,17507721213.0
2015-06-22,1319,17714738187.0
2015-06-23,1319,17833033600.0
2015-06-24,1319,17685164333.0
2015-06-25,1319,17626016626.0
2015-06-26,1319,17596442773.0
2015-06-29,1319,17951329014.0
2015-06-30,1319,19311726270.0
2015-07-01,1319,18897692323.0
2015-07-02,1319,18601953789.0
2015-07-03,1319,18454084522.0
2015-07-06,1319,18158345988.0
2015-07-07,1319,18158345988.0
2015-07-08,1319,17921755160.0
2015-07-09,1319,17655590480.0
2015-07-13,1319,17921755160.0
2015-07-14,1319,18661101495.0
2015-07-15,1319,18749823056.0
2015-07-16,1319,18927266176.0
2015-07-17,1319,18868118469.0
2015-07-20,1319,18720249202.0
2015-07-21,1319,19459595537.0
2015-07-22,1319,19104709296.0
2015-07-23,1319,19282152417.0
2015-07-24,1319,19075135443.0
2015-07-27,1319,18838544616.0
2015-07-28,1319,19400447830.0
2015-07-29,1319,19489169391.0
2015-07-30,1319,19459595537.0
2015-07-31,1319,19873629485.0
2015-08-03,1319,19163857003.0
2015-08-04,1319,19193430857.0
2015-08-05,1319,19459595537.0
2015-08-06,1319,19459595537.0
2015-08-07,1319,19518743244.0
2015-08-10,1319,19962351045.0
2015-08-11,1319,19518743244.0
2015-08-12,1319,19163857003.0
2015-08-13,1319,19075135443.0
2015-08-14,1319,19282152417.0
2015-08-17,1319,19223004710.0
2015-08-18,1319,19252578563.0
2015-08-19,1319,17862607454.0
2015-08-20,1319,17655590480.0
2015-08-21,1319,16886670291.0
2015-08-24,1319,15200960648.0
2015-08-25,1319,15378403768.0
2015-08-26,1319,15496699182.0
2015-08-27,1319,15969880836.0
2015-08-28,1319,16147323956.0
2015-08-31,1319,16147323956.0
2015-09-01,1319,16383914784.0
2015-09-02,1319,16383914784.0
2015-09-03,1319,16531784051.0
2015-09-04,1319,16443062490.0
2015-09-07,1319,16383914784.0
2015-09-08,1319,16620505611.0
2015-09-09,1319,17211982679.0
2015-09-10,1319,17093687265.0
2015-09-11,1319,17152834972.0
2015-09-14,1319,17507721213.0
2015-09-15,1319,17655590480.0
2015-09-16,1319,17892181307.0
2015-09-17,1319,17862607454.0
2015-09-18,1319,17330278092.0
2015-09-21,1319,18010476721.0
2015-09-22,1319,18631527642.0
2015-09-23,1319,18483658375.0
2015-09-24,1319,18720249202.0
2015-09-25,1319,18897692323.0
2015-09-30,1319,19341300124.0
2015-10-01,1319,20701697380.0
2015-10-02,1319,20553828113.0
2015-10-05,1319,20731271233.0
2015-10-06,1319,20346811139.0
2015-10-07,1319,20139794165.0
2015-10-08,1319,20021498752.0
2015-10-12,1319,20110220312.0
2015-10-13,1319,20494680406.0
2015-10-14,1319,20405958846.0
2015-10-15,1319,20435532699.0
2015-10-16,1319,20139794165.0
2015-10-19,1319,20258089579.0
2015-10-20,1319,20524254260.0
2015-10-21,1319,20583401966.0
2015-10-22,1319,21056583621.0
2015-10-23,1319,21086157474.0
2015-10-26,1319,21322748301.0
2015-10-27,1319,21293174448.0
2015-10-28,1319,21441043715.0
2015-10-29,1319,21086157474.0
2015-10-30,1319,21086157474.0
2015-11-02,1319,21559339129.0
2015-11-03,1319,21322748301.0
2015-11-04,1319,21470617568.0
2015-11-05,1319,21234026741.0
2015-11-06,1319,21174879034.0
2015-11-09,1319,20908714354.0
2015-11-10,1319,20967862061.0
2015-11-11,1319,21352322155.0
2015-11-12,1319,21884651516.0
2015-11-13,1319,21470617568.0
2015-11-16,1319,22269111610.0
2015-11-17,1319,22712719411.0
2015-11-18,1319,22890162532.0
2015-11-19,1319,22919736385.0
2015-11-20,1319,22919736385.0
2015-11-23,1319,23274622626.0
2015-11-24,1319,22978884092.0
2015-11-25,1319,22594423998.0
2015-11-26,1319,22949310238.0
2015-11-27,1319,23156327212.0
2015-11-30,1319,22860588678.0
2015-12-01,1319,23126753359.0
2015-12-02,1319,22919736385.0
2015-12-03,1319,23511213453.0
2015-12-04,1319,23245048772.0
2015-12-07,1319,22919736385.0
2015-12-08,1319,22949310238.0
2015-12-09,1319,22416980877.0
2015-12-10,1319,22209963903.0
2015-12-11,1319,21648060689.0
2015-12-14,1319,20701697380.0
2015-12-15,1319,22121242343.0
2015-12-16,1319,22801440971.0
2015-12-17,1319,22978884092.0
2015-12-18,1319,23422491893.0
2015-12-21,1319,23599935013.0
2015-12-22,1319,23008457945.0
2015-12-23,1319,22919736385.0
2015-12-24,1319,22949310238.0
2015-12-25,1319,23599935013.0
2015-12-28,1319,23659082720.0
2015-12-29,1319,23954821254.0
2015-12-30,1319,23984395107.0
2015-12-31,1319,23954821254.0
2016-01-04,1319,23274622626.0
2016-01-05,1319,23659082720.0
2016-01-06,1319,23156327212.0
2016-01-07,1319,22683145558.0
2016-01-08,1319,23481639600.0
2016-01-11,1319,23097179505.0
2016-01-12,1319,23126753359.0
2016-01-13,1319,24842036856.0
2016-01-14,1319,24575872175.0
2016-01-15,1319,24960332270.0
2016-01-18,1319,26734763474.0
2016-01-19,1319,26764337327.0
2016-01-20,1319,25729252458.0
2016-01-21,1319,25817974018.0
2016-01-22,1319,26853058887.0
2016-01-25,1319,27060075861.0
2016-01-26,1319,27000928154.0
2016-01-27,1319,26675615767.0
2016-01-28,1319,27178371275.0
2016-01-29,1319,27178371275.0
2016-02-01,1319,25965843285.0
2016-02-02,1319,26616468060.0
2016-02-15,1319,27207945128.0
2016-02-16,1319,26853058887.0
2016-02-17,1319,27326240542.0
2016-02-18,1319,27089649714.0
2016-02-19,1319,26971354301.0
2016-02-22,1319,26971354301.0
2016-02-23,1319,28361325411.0
2016-02-24,1319,28627490091.0
2016-02-25,1319,28657063945.0
2016-02-26,1319,29278114866.0
2016-03-01,1319,29307688719.0
2016-03-02,1319,28509194678.0
2016-03-03,1319,28213456144.0
2016-03-04,1319,28390899264.0
2016-03-07,1319,27444535955.0
2016-03-08,1319,26823485034.0
2016-03-09,1319,26912206594.0
2016-03-10,1319,27030502008.0
2016-03-11,1319,27326240542.0
2016-03-14,1319,27089649714.0
2016-03-15,1319,27385388248.0
2016-03-16,1319,28361325411.0
2016-03-17,1319,27799422196.0
2016-03-18,1319,28213456144.0
2016-03-21,1319,27947291463.0
2016-03-22,1319,27769848343.0
2016-03-23,1319,27119223568.0
2016-03-24,1319,27740274489.0
2016-03-25,1319,27562831369.0
2016-03-28,1319,27267092835.0
2016-03-29,1319,26971354301.0
2016-03-30,1319,28538768531.0
2016-03-31,1319,28597916238.0
2016-04-01,1319,29633001107.0
2016-04-06,1319,31880613965.0
2016-04-07,1319,31289136897.0
2016-04-08,1319,31466580018.0
2016-04-11,1319,31111693777.0
2016-04-12,1319,29514705693.0
2016-04-13,1319,30165330468.0
2016-04-14,1319,30697659829.0
2016-04-15,1319,29751296520.0
2016-04-18,1319,30165330468.0
2016-04-19,1319,30106182761.0
2016-04-20,1319,30106182761.0
2016-04-21,1319,31111693777.0
2016-04-22,1319,30165330468.0
2016-04-25,1319,30224478175.0
2016-04-26,1319,29633001107.0
2016-04-27,1319,29633001107.0
2016-04-28,1319,28686637798.0
2016-04-29,1319,29071097892.0
2016-05-03,1319,28390899264.0
2016-05-04,1319,28095160730.0
2016-05-05,1319,28923228625.0
2016-05-06,1319,27533257515.0
2016-05-09,1319,27503683662.0
2016-05-10,1319,29218967159.0
2016-05-11,1319,29278114866.0
2016-05-12,1319,28923228625.0
2016-05-13,1319,29011950185.0
2016-05-16,1319,28657063945.0
2016-05-17,1319,29633001107.0
2016-05-18,1319,29218967159.0
2016-05-19,1319,28213456144.0
2016-05-20,1319,27562831369.0
2016-05-23,1319,28036013023.0
2016-05-24,1319,28154308437.0
2016-05-25,1319,27947291463.0
2016-05-26,1319,28331751557.0
2016-05-27,1319,28450046971.0
2016-05-30,1319,28243029997.0
2016-05-31,1319,28597916238.0
2016-06-01,1319,28154308437.0
2016-06-02,1319,27888143756.0
2016-06-03,1319,28361325411.0
2016-06-06,1319,27533257515.0
2016-06-07,1319,27651552929.0
2016-06-08,1319,28272603850.0
2016-06-13,1319,27799422196.0
2016-06-14,1319,28361325411.0
2016-06-15,1319,28509194678.0
2016-06-16,1319,28568342384.0
2016-06-17,1319,29544279547.0
2016-06-20,1319,29573853400.0
2016-06-21,1319,29573853400.0
2016-06-22,1319,30047035054.0
2016-06-23,1319,29751296520.0
2016-06-24,1319,28213456144.0
2016-06-27,1319,28272603850.0
2016-06-28,1319,28597916238.0
2016-06-29,1319,28272603850.0
2016-06-30,1319,28272603850.0
2016-07-01,1319,28657063945.0
2016-07-04,1319,29248541013.0
2016-07-05,1319,29041524039.0
2016-07-06,1319,28982376332.0
2016-07-07,1319,29455557986.0
2016-07-11,1319,29514705693.0
2016-07-12,1319,29810444227.0
2016-07-13,1319,29455557986.0
2016-07-14,1319,29011950185.0
2016-07-15,1319,30520216709.0
2016-07-18,1319,31111693777.0
2016-07-19,1319,31229989190.0
2016-07-20,1319,30224478175.0
2016-07-21,1319,31998909379.0
2016-07-22,1319,33832488290.0
2016-07-25,1319,33655045169.0
2016-07-26,1319,33241011222.0
2016-07-27,1319,33359306635.0
2016-07-28,1319,33241011222.0
2016-07-29,1319,33950783703.0
2016-08-01,1319,34778851598.0
2016-08-02,1319,34423965358.0
2016-08-03,1319,33832488290.0
2016-08-04,1319,34364817651.0
2016-08-05,1319,35370328666.0
2016-08-08,1319,35133737839.0
2016-08-09,1319,34364817651.0
2016-08-10,1319,35547771787.0
2016-08-11,1319,35488624080.0
2016-08-12,1319,35488624080.0
2016-08-15,1319,35961805734.0
2016-08-16,1319,35961805734.0
2016-08-17,1319,35311180960.0
2016-08-18,1319,35902658028.0
2016-08-19,1319,35252033253.0
2016-08-22,1319,34956294719.0
2016-08-23,1319,35311180960.0
2016-08-24,1319,35488624080.0
2016-08-25,1319,35666067200.0
2016-08-26,1319,35843510321.0
2016-08-29,1319,37263055284.0
2016-08-30,1319,37440498404.0
2016-08-31,1319,37795384645.0
2016-09-01,1319,36849021336.0
2016-09-02,1319,36434987389.0
2016-09-05,1319,36908169043.0
2016-09-06,1319,38564304834.0
2016-09-07,1319,37972827766.0
2016-09-08,1319,39274077315.0
2016-09-09,1319,38327714006.0
2016-09-12,1319,37736236938.0
2016-09-13,1319,37381350698.0
2016-09-14,1319,38505157127.0
2016-09-19,1319,41048508519.0
2016-09-20,1319,42113167242.0
2016-09-21,1319,41994871828.0
2016-09-22,1319,41817428708.0
2016-09-23,1319,42349758069.0
2016-09-26,1319,42586348896.0
2016-09-29,1319,44952257168.0
2016-09-30,1319,44005893859.0
2016-10-03,1319,44124189273.0
2016-10-04,1319,44301632393.0
2016-10-05,1319,43177825964.0
2016-10-06,1319,43651007618.0
2016-10-07,1319,42586348896.0
2016-10-11,1319,43710155325.0
2016-10-12,1319,42349758069.0
2016-10-13,1319,43651007618.0
2016-10-14,1319,43651007618.0
2016-10-17,1319,43532712205.0
2016-10-18,1319,44065041566.0
2016-10-19,1319,43532712205.0
2016-10-20,1319,43828450739.0
2016-10-21,1319,43177825964.0
2016-10-24,1319,42704644310.0
2016-10-25,1319,42882087430.0
2016-10-26,1319,42527201189.0
2016-10-27,1319,43414416791.0
2016-10-28,1319,42586348896.0
2016-10-31,1319,43414416791.0
2016-11-01,1319,43236973671.0
2016-11-02,1319,41344247053.0
2016-11-03,1319,39628963556.0
2016-11-04,1319,40161292917.0
2016-11-07,1319,40634474572.0
2016-11-08,1319,41107656226.0
2016-11-09,1319,38564304834.0
2016-11-10,1319,39155781902.0
2016-11-11,1319,36967316750.0
2016-11-14,1319,38564304834.0
2016-11-15,1319,38268566300.0
2016-11-16,1319,38860043368.0
2016-11-17,1319,37913680059.0
2016-11-18,1319,37322202991.0
2016-11-21,1319,37617941525.0
2016-11-22,1319,38919191074.0
2016-11-23,1319,40042997504.0
2016-11-24,1319,39155781902.0
2016-11-25,1319,39333225022.0
2016-11-28,1319,38741747954.0
2016-11-29,1319,39333225022.0
2016-11-30,1319,40220440624.0
2016-12-01,1319,38860043368.0
2016-12-02,1319,38860043368.0
2016-12-05,1319,38623452540.0
2016-12-06,1319,39037486488.0
2016-12-07,1319,39983849797.0
2016-12-08,1319,39865554383.0
2016-12-09,1319,39214929608.0
2016-12-12,1319,39096634195.0
2016-12-13,1319,38800895661.0
2016-12-14,1319,37854532352.0
2016-12-15,1319,37972827766.0
2016-12-16,1319,37913680059.0
2016-12-19,1319,37085612164.0
2016-12-20,1319,36908169043.0
2016-12-21,1319,36553282802.0
2016-12-22,1319,35370328666.0
2016-12-23,1319,35074590132.0
2016-12-26,1319,35606919494.0
2016-12-27,1319,35547771787.0
2016-12-28,1319,35666067200.0
2016-12-29,1319,36967316750.0
2016-12-30,1319,37558793818.0
2017-01-03,1319,37263055284.0
2017-01-04,1319,37026464457.0
2017-01-05,1319,37085612164.0
2017-01-06,1319,37558793818.0
2017-01-09,1319,36789873630.0
2017-01-10,1319,35547771787.0
2017-01-11,1319,33655045169.0
2017-01-12,1319,34246522237.0
2017-01-13,1319,33418454342.0
2017-01-16,1319,33655045169.0
2017-01-17,1319,34778851598.0
2017-01-18,1319,34364817651.0
2017-01-19,1319,34483113064.0
2017-01-20,1319,34246522237.0
2017-01-23,1319,33655045169.0
2017-01-24,1319,34069079117.0
2017-02-02,1319,32826977274.0
2017-02-03,1319,33241011222.0
2017-02-06,1319,34069079117.0
2017-02-07,1319,35252033253.0
2017-02-08,1319,35074590132.0
2017-02-09,1319,36080101148.0
2017-02-10,1319,35547771787.0
2017-02-13,1319,35725214907.0
2017-02-14,1319,35488624080.0
2017-02-15,1319,36375839682.0
2017-02-16,1319,37144759870.0
2017-02-17,1319,36316691975.0
2017-02-20,1319,36316691975.0
2017-02-21,1319,35843510321.0
2017-02-22,1319,36553282802.0
2017-02-23,1319,36080101148.0
2017-02-24,1319,36139248855.0
2017-03-01,1319,36316691975.0
2017-03-02,1319,35370328666.0
2017-03-03,1319,34897147012.0
2017-03-06,1319,34542260771.0
2017-03-07,1319,34069079117.0
2017-03-08,1319,34305669944.0
2017-03-09,1319,33891635996.0
2017-03-10,1319,33891635996.0
2017-03-13,1319,34128226824.0
2017-03-14,1319,34128226824.0
2017-03-15,1319,34660556185.0
2017-03-16,1319,35074590132.0
2017-03-17,1319,34897147012.0
2017-03-20,1319,34660556185.0
2017-03-21,1319,34660556185.0
2017-03-22,1319,34305669944.0
2017-03-23,1319,34009931410.0
2017-03-24,1319,33773340583.0
2017-03-27,1319,32294647913.0
2017-03-28,1319,31289136897.0
2017-03-29,1319,31998909379.0
2017-03-30,1319,31762318552.0
2017-03-31,1319,31170841484.0
2017-04-05,1319,31229989190.0
2017-04-06,1319,31111693777.0
2017-04-07,1319,30875102950.0
2017-04-10,1319,31939761672.0
2017-04-11,1319,31525727724.0
2017-04-12,1319,31762318552.0
2017-04-13,1319,30461069002.0
2017-04-14,1319,30756807536.0
2017-04-17,1319,29633001107.0
2017-04-18,1319,30165330468.0
2017-04-19,1319,30165330468.0
2017-04-20,1319,29751296520.0
2017-04-21,1319,29751296520.0
2017-04-24,1319,29928739641.0
2017-04-25,1319,29869591934.0
2017-04-26,1319,29869591934.0
2017-04-27,1319,30224478175.0
2017-04-28,1319,30283625882.0
2017-05-02,1319,30461069002.0
2017-05-03,1319,30993398363.0
2017-05-04,1319,31762318552.0
2017-05-05,1319,30875102950.0
2017-05-08,1319,30283625882.0
2017-05-09,1319,29810444227.0
2017-05-10,1319,30106182761.0
2017-05-11,1319,29987887348.0
2017-05-12,1319,30165330468.0
2017-05-15,1319,31052546070.0
2017-05-16,1319,31111693777.0
2017-05-17,1319,31348284604.0
2017-05-18,1319,31111693777.0
2017-05-19,1319,30520216709.0
2017-05-22,1319,30224478175.0
2017-05-23,1319,30342773588.0
2017-05-24,1319,30047035054.0
2017-05-25,1319,31229989190.0
2017-05-26,1319,32708681860.0
2017-06-01,1319,33359306635.0
2017-06-02,1319,32945272688.0
2017-06-05,1319,32412943326.0
2017-06-06,1319,31939761672.0
2017-06-07,1319,32117204792.0
2017-06-08,1319,31762318552.0
2017-06-09,1319,31703170845.0
2017-06-12,1319,31289136897.0
2017-06-13,1319,31289136897.0
2017-06-14,1319,31584875431.0
2017-06-15,1319,31407432311.0
2017-06-16,1319,32235500206.0
2017-06-19,1319,32058057086.0
2017-06-20,1319,32117204792.0
2017-06-21,1319,31644023138.0
2017-06-22,1319,31821466258.0
2017-06-23,1319,31644023138.0
2017-06-26,1319,32531238740.0
2017-06-27,1319,32412943326.0
2017-06-28,1319,33004420394.0
2017-06-29,1319,33241011222.0
2017-06-30,1319,33418454342.0
2017-07-03,1319,34069079117.0
2017-07-04,1319,34778851598.0
2017-07-05,1319,34956294719.0
2017-07-06,1319,35015442426.0
2017-07-07,1319,34660556185.0
2017-07-10,1319,35370328666.0
2017-07-11,1319,34601408478.0
2017-07-12,1319,34483113064.0
2017-07-13,1319,35133737839.0
2017-07-14,1319,33536749756.0
2017-07-17,1319,33536749756.0
2017-07-18,1319,34423965358.0
2017-07-19,1319,34128226824.0
2017-07-20,1319,34719703892.0
2017-07-21,1319,34660556185.0
2017-07-24,1319,35015442426.0
2017-07-25,1319,35192885546.0
2017-07-26,1319,34719703892.0
2017-07-27,1319,34128226824.0
2017-07-28,1319,33536749756.0
2017-07-31,1319,33181863515.0
2017-08-01,1319,34128226824.0
2017-08-02,1319,33714192876.0
2017-08-03,1319,33300158928.0
2017-08-04,1319,33950783703.0
2017-08-07,1319,33773340583.0
2017-08-08,1319,34069079117.0
2017-08-09,1319,33595897462.0
2017-08-10,1319,32945272688.0
2017-08-11,1319,32590386447.0
2017-08-14,1319,31703170845.0
2017-08-15,1319,32117204792.0
2017-08-16,1319,32353795620.0
2017-08-17,1319,32649534154.0
2017-08-18,1319,32294647913.0
2017-08-21,1319,31939761672.0
2017-08-22,1319,32412943326.0
2017-08-23,1319,32117204792.0
2017-08-24,1319,32353795620.0
2017-08-25,1319,33595897462.0
2017-08-28,1319,33122715808.0
2017-08-29,1319,32531238740.0
2017-08-30,1319,33122715808.0
2017-08-31,1319,33418454342.0
2017-09-01,1319,33063568101.0
2017-09-04,1319,32826977274.0
2017-09-05,1319,33891635996.0
2017-09-06,1319,33418454342.0
2017-09-07,1319,32945272688.0
2017-09-08,1319,33181863515.0
2017-09-11,1319,33714192876.0
2017-09-12,1319,33536749756.0
2017-09-13,1319,34187374530.0
2017-09-14,1319,34246522237.0
2017-09-15,1319,35311180960.0
2017-09-18,1319,38800895661.0
2017-09-19,1319,37854532352.0
2017-09-20,1319,37322202991.0
2017-09-21,1319,37795384645.0
2017-09-22,1319,36139248855.0
2017-09-25,1319,35902658028.0
2017-09-26,1319,36139248855.0
2017-09-27,1319,37026464457.0
2017-09-28,1319,36789873630.0
2017-09-29,1319,36612430509.0
2017-10-02,1319,38091123179.0
2017-10-03,1319,38327714006.0
2017-10-05,1319,38150270886.0
2017-10-06,1319,37617941525.0
2017-10-11,1319,36908169043.0
2017-10-12,1319,37440498404.0
2017-10-13,1319,37144759870.0
2017-10-16,1319,37854532352.0
2017-10-17,1319,37736236938.0
2017-10-18,1319,36730725923.0
2017-10-19,1319,37736236938.0
2017-10-20,1319,38031975472.0
2017-10-23,1319,37913680059.0
2017-10-24,1319,38091123179.0
2017-10-25,1319,37617941525.0
2017-10-26,1319,37736236938.0
2017-10-27,1319,37263055284.0
2017-10-30,1319,37381350698.0
2017-10-31,1319,37203907577.0
2017-11-01,1319,36494135096.0
2017-11-02,1319,36434987389.0
2017-11-03,1319,36080101148.0
2017-11-06,1319,36316691975.0
2017-11-07,1319,35843510321.0
2017-11-08,1319,34778851598.0
2017-11-09,1319,34128226824.0
2017-11-10,1319,34601408478.0
2017-11-13,1319,33891635996.0
2017-11-14,1319,34601408478.0
2017-11-15,1319,33891635996.0
2017-11-16,1319,34069079117.0
2017-11-17,1319,34956294719.0
2017-11-20,1319,34542260771.0
2017-11-21,1319,34483113064.0
2017-11-22,1319,34128226824.0
2017-11-23,1319,34542260771.0
2017-11-24,1319,34601408478.0
2017-11-27,1319,34305669944.0
2017-11-28,1319,34364817651.0
2017-11-29,1319,34778851598.0
2017-11-30,1319,34601408478.0
2017-12-01,1319,33773340583.0
2017-12-04,1319,33477602049.0
2017-12-05,1319,33122715808.0
2017-12-06,1319,32945272688.0
2017-12-07,1319,32472091033.0
2017-12-08,1319,32472091033.0
2017-12-11,1319,33241011222.0
2017-12-12,1319,33122715808.0
2017-12-13,1319,33477602049.0
2017-12-14,1319,34069079117.0
2017-12-15,1319,34069079117.0
2017-12-18,1319,33714192876.0
2017-12-19,1319,33773340583.0
2017-12-20,1319,34187374530.0
2017-12-21,1319,33891635996.0
2017-12-22,1319,33655045169.0
2017-12-25,1319,34305669944.0
2017-12-26,1319,33832488290.0
2017-12-27,1319,33832488290.0
2017-12-28,1319,34069079117.0
2017-12-29,1319,34069079117.0
2018-01-02,1319,34364817651.0
2018-01-03,1319,34187374530.0
2018-01-04,1319,34128226824.0
2018-01-05,1319,34483113064.0
2018-01-08,1319,34601408478.0
2018-01-09,1319,33714192876.0
2018-01-10,1319,33773340583.0
2018-01-11,1319,33300158928.0
2018-01-12,1319,33241011222.0
2018-01-15,1319,32708681860.0
2018-01-16,1319,33359306635.0
2018-01-17,1319,33832488290.0
2018-01-18,1319,33595897462.0
2018-01-19,1319,33655045169.0
2018-01-22,1319,33181863515.0
2018-01-23,1319,32767829567.0
2018-01-24,1319,33122715808.0
2018-01-25,1319,32708681860.0
2018-01-26,1319,32531238740.0
2018-01-29,1319,32353795620.0
2018-01-30,1319,31170841484.0
2018-01-31,1319,31762318552.0
2018-02-01,1319,31466580018.0
2018-02-02,1319,31644023138.0
2018-02-05,1319,31289136897.0
2018-02-06,1319,29810444227.0
2018-02-07,1319,30047035054.0
2018-02-08,1319,30342773588.0
2018-02-09,1319,30165330468.0
2018-02-12,1319,30579364416.0
2018-02-21,1319,31289136897.0
2018-02-22,1319,31052546070.0
2018-02-23,1319,31407432311.0
2018-02-26,1319,31348284604.0
2018-02-27,1319,31052546070.0
2018-03-01,1319,31348284604.0
2018-03-02,1319,30934250656.0
2018-03-05,1319,31111693777.0
2018-03-06,1319,31229989190.0
2018-03-07,1319,30934250656.0
2018-03-08,1319,30875102950.0
2018-03-09,1319,31407432311.0
2018-03-12,1319,31407432311.0
2018-03-13,1319,31525727724.0
2018-03-14,1319,32117204792.0
2018-03-15,1319,31998909379.0
2018-03-16,1319,31644023138.0
2018-03-19,1319,31525727724.0
2018-03-20,1319,31525727724.0
2018-03-21,1319,31466580018.0
2018-03-22,1319,31466580018.0
2018-03-23,1319,30697659829.0
2018-03-26,1319,30756807536.0
2018-03-27,1319,30875102950.0
2018-03-28,1319,31052546070.0
2018-03-29,1319,30934250656.0
2018-03-30,1319,30993398363.0
2018-04-02,1319,31111693777.0
2018-04-03,1319,31229989190.0
2018-04-09,1319,31939761672.0
2018-04-10,1319,32058057086.0
2018-04-11,1319,32472091033.0
2018-04-12,1319,32117204792.0
2018-04-13,1319,32294647913.0
2018-04-16,1319,32708681860.0
2018-04-17,1319,31762318552.0
2018-04-18,1319,31584875431.0
2018-04-19,1319,31821466258.0
2018-04-20,1319,31584875431.0
2018-04-23,1319,31644023138.0
2018-04-24,1319,31939761672.0
2018-04-25,1319,31525727724.0
2018-04-26,1319,31821466258.0
2018-04-27,1319,31998909379.0
2018-04-30,1319,31703170845.0
2018-05-02,1319,31289136897.0
2018-05-03,1319,31348284604.0
2018-05-04,1319,31584875431.0
2018-05-07,1319,31880613965.0
2018-05-08,1319,30993398363.0
2018-05-09,1319,30934250656.0
2018-05-10,1319,30756807536.0
2018-05-11,1319,30224478175.0
2018-05-14,1319,30401921295.0
2018-05-15,1319,30106182761.0
2018-05-16,1319,30165330468.0
2018-05-17,1319,30224478175.0
2018-05-18,1319,30106182761.0
2018-05-21,1319,30165330468.0
2018-05-22,1319,30106182761.0
2018-05-23,1319,30047035054.0
2018-05-24,1319,29810444227.0
2018-05-25,1319,29810444227.0
2018-05-28,1319,30283625882.0
2018-05-29,1319,29987887348.0
2018-05-30,1319,29987887348.0
2018-05-31,1319,29928739641.0
2018-06-01,1319,29751296520.0
2018-06-04,1319,30047035054.0
2018-06-05,1319,29751296520.0
2018-06-06,1319,29987887348.0
2018-06-07,1319,30283625882.0
2018-06-08,1319,30579364416.0
2018-06-11,1319,30342773588.0
2018-06-12,1319,30165330468.0
2018-06-13,1319,29869591934.0
2018-06-14,1319,29692148814.0
2018-06-15,1319,28982376332.0
2018-06-19,1319,29100671746.0
2018-06-20,1319,29248541013.0
2018-06-21,1319,29218967159.0
2018-06-22,1319,28952802479.0
2018-06-25,1319,28923228625.0
2018-06-26,1319,28627490091.0
2018-06-27,1319,28213456144.0
2018-06-28,1319,27533257515.0
2018-06-29,1319,27769848343.0
2018-07-02,1319,27474109809.0
2018-07-03,1319,26912206594.0
2018-07-04,1319,26409451086.0
2018-07-05,1319,25640530898.0
2018-07-06,1319,25433513924.0
2018-07-09,1319,25167349243.0
2018-07-10,1319,25729252458.0
2018-07-11,1319,25433513924.0
2018-07-12,1319,25463087777.0
2018-07-13,1319,26439024940.0
2018-07-16,1319,26232007966.0
2018-07-17,1319,26291155673.0
2018-07-18,1319,25758826311.0
2018-07-19,1319,26379877233.0
2018-07-20,1319,26468598793.0
2018-07-23,1319,26793911180.0
2018-07-24,1319,26232007966.0
2018-07-25,1319,26054564845.0
2018-07-26,1319,26054564845.0
2018-07-27,1319,26202434112.0
2018-07-30,1319,26143286406.0
2018-07-31,1319,26616468060.0
2018-08-01,1319,27267092835.0
2018-08-02,1319,27621979076.0
2018-08-03,1319,27385388248.0
2018-08-06,1319,27592405222.0
2018-08-07,1319,27326240542.0
2018-08-08,1319,27000928154.0
2018-08-09,1319,26823485034.0
2018-08-10,1319,27119223568.0
2018-08-13,1319,26941780447.0
2018-08-14,1319,26734763474.0
2018-08-15,1319,26793911180.0
2018-08-16,1319,26853058887.0
2018-08-17,1319,26912206594.0
2018-08-20,1319,26823485034.0
2018-08-21,1319,26941780447.0
2018-08-22,1319,26912206594.0
2018-08-23,1319,26616468060.0
2018-08-24,1319,25729252458.0
2018-08-27,1319,26024990992.0
2018-08-28,1319,26261581819.0
2018-08-29,1319,26350303379.0
2018-08-30,1319,26143286406.0
2018-08-31,1319,25936269432.0
2018-09-03,1319,25788400165.0
2018-09-04,1319,25374366217.0
2018-09-05,1319,25226496950.0
2018-09-06,1319,25374366217.0
2018-09-07,1319,25433513924.0
2018-09-10,1319,24102690521.0
2018-09-11,1319,24250559788.0
2018-09-12,1319,24457576762.0
2018-09-13,1319,24487150615.0
2018-09-14,1319,24635019882.0
2018-09-17,1319,24605446029.0
2018-09-18,1319,24664593736.0
2018-09-19,1319,25078627683.0
2018-09-20,1319,25315218510.0
2018-09-21,1319,25758826311.0
2018-09-25,1319,25758826311.0
2018-09-26,1319,25817974018.0
2018-09-27,1319,25551809338.0
2018-09-28,1319,24960332270.0
2018-10-01,1319,25137775390.0
2018-10-02,1319,24960332270.0
2018-10-03,1319,24605446029.0
2018-10-04,1319,24280133641.0
2018-10-08,1319,24102690521.0
2018-10-09,1319,24901184563.0
2018-10-11,1319,23895673547.0
2018-10-12,1319,24102690521.0
2018-10-15,1319,23659082720.0
2018-10-16,1319,22949310238.0
2018-10-17,1319,21795929956.0
2018-10-18,1319,21411469862.0
2018-10-19,1319,21145305181.0
2018-10-22,1319,21234026741.0
2018-10-23,1319,20997435914.0
2018-10-24,1319,20908714354.0
2018-10-25,1319,19873629485.0
2018-10-26,1319,19814481778.0
2018-10-29,1319,19489169391.0
2018-10-30,1319,19932777192.0
2018-10-31,1319,20642549673.0
2018-11-01,1319,20967862061.0
2018-11-02,1319,21086157474.0
2018-11-05,1319,20879140500.0
2018-11-06,1319,20849566647.0
2018-11-07,1319,21115731328.0
2018-11-08,1319,21115731328.0
2018-11-09,1319,20553828113.0
2018-11-12,1319,20524254260.0
2018-11-13,1319,20405958846.0
2018-11-14,1319,20879140500.0
2018-11-15,1319,22269111610.0
2018-11-16,1319,24487150615.0
2018-11-19,1319,25049053830.0
2018-11-20,1319,24339281348.0
2018-11-21,1319,24487150615.0
2018-11-22,1319,23895673547.0
2018-11-23,1319,23659082720.0
2018-11-26,1319,24191412081.0
2018-11-27,1319,23806951987.0
2018-11-28,1319,23629508867.0
2018-11-29,1319,23511213453.0
2018-11-30,1319,23422491893.0
2018-12-03,1319,23895673547.0
2018-12-04,1319,24309707495.0
2018-12-05,1319,23718230427.0
2018-12-06,1319,22949310238.0
2018-12-07,1319,23097179505.0
2018-12-10,1319,22180390050.0
2018-12-11,1319,22180390050.0
2018-12-12,1319,22683145558.0
2018-12-13,1319,22328259317.0
2018-12-14,1319,21855077663.0
2018-12-17,1319,22032520783.0
2018-12-18,1319,21943799223.0
2018-12-19,1319,22446554731.0
2018-12-20,1319,21943799223.0
2018-12-21,1319,22002946930.0
2018-12-24,1319,22002946930.0
2018-12-25,1319,21648060689.0
2018-12-26,1319,21677634542.0
2018-12-27,1319,21795929956.0
2018-12-28,1319,21795929956.0
2019-01-02,1319,21884651516.0
2019-01-03,1319,21766356102.0
2019-01-04,1319,21411469862.0
2019-01-07,1319,22416980877.0
2019-01-08,1319,22150816197.0
2019-01-09,1319,22476128584.0
2019-01-10,1319,22653571704.0
2019-01-11,1319,22712719411.0
2019-01-14,1319,22890162532.0
2019-01-15,1319,23215474919.0
2019-01-16,1319,23422491893.0
2019-01-17,1319,23540787306.0
2019-01-18,1319,23511213453.0
2019-01-21,1319,23599935013.0
2019-01-22,1319,23185901066.0
2019-01-23,1319,23067605652.0
2019-01-24,1319,23304196479.0
2019-01-25,1319,23392918039.0
2019-01-28,1319,23363344186.0
2019-01-29,1319,23067605652.0
2019-01-30,1319,22890162532.0
2019-02-11,1319,23126753359.0
2019-02-12,1319,23215474919.0
2019-02-13,1319,23185901066.0
2019-02-14,1319,22919736385.0
2019-02-15,1319,22476128584.0
2019-02-18,1319,22623997851.0
2019-02-19,1319,22476128584.0
2019-02-20,1319,22476128584.0
2019-02-21,1319,22535276291.0
2019-02-22,1319,22623997851.0
2019-02-25,1319,22978884092.0
2019-02-26,1319,22860588678.0
2019-02-27,1319,22712719411.0
2019-03-04,1319,22742293265.0
2019-03-05,1319,22653571704.0
2019-03-06,1319,23718230427.0
2019-03-07,1319,23185901066.0
2019-03-08,1319,23452065746.0
2019-03-11,1319,23511213453.0
2019-03-12,1319,23363344186.0
2019-03-13,1319,23392918039.0
2019-03-14,1319,23185901066.0
2019-03-15,1319,23629508867.0
2019-03-18,1319,23866099694.0
2019-03-19,1319,24635019882.0
2019-03-20,1319,24812463003.0
2019-03-21,1319,24723741442.0
2019-03-22,1319,24250559788.0
2019-03-25,1319,23836525840.0
2019-03-26,1319,23304196479.0
2019-03-27,1319,23392918039.0
2019-03-28,1319,23274622626.0
2019-03-29,1319,23392918039.0
2019-04-01,1319,23925247401.0
2019-04-02,1319,23836525840.0
2019-04-03,1319,23866099694.0
2019-04-08,1319,24161838228.0
2019-04-09,1319,24280133641.0
2019-04-10,1319,24546298322.0
2019-04-11,1319,24250559788.0
2019-04-12,1319,24250559788.0
2019-04-15,1319,24812463003.0
2019-04-16,1319,25196923097.0
2019-04-17,1319,25847547872.0
2019-04-18,1319,25551809338.0
2019-04-19,1319,26320729526.0
2019-04-22,1319,26113712552.0
2019-04-23,1319,25877121725.0
2019-04-24,1319,25551809338.0
2019-04-25,1319,26084138699.0
2019-04-26,1319,25906695578.0
2019-04-29,1319,25551809338.0
2019-04-30,1319,26084138699.0
2019-05-02,1319,27030502008.0
2019-05-03,1319,26616468060.0
2019-05-06,1319,25758826311.0
2019-05-07,1319,26143286406.0
2019-05-08,1319,25433513924.0
2019-05-09,1319,25167349243.0
2019-05-10,1319,24723741442.0
2019-05-13,1319,24605446029.0
2019-05-14,1319,24398429055.0
2019-05-15,1319,25137775390.0
2019-05-16,1319,25315218510.0
2019-05-17,1319,25344792364.0
2019-05-20,1319,25433513924.0
2019-05-21,1319,25433513924.0
2019-05-22,1319,25551809338.0
2019-05-23,1319,25433513924.0
2019-05-24,1319,25315218510.0
2019-05-27,1319,25344792364.0
2019-05-28,1319,25847547872.0
2019-05-29,1319,25847547872.0
2019-05-30,1319,25906695578.0
2019-05-31,1319,25847547872.0
2019-06-03,1319,25374366217.0
2019-06-04,1319,25256070804.0
2019-06-05,1319,25137775390.0
2019-06-06,1319,24901184563.0
2019-06-10,1319,24457576762.0
2019-06-11,1319,24191412081.0
2019-06-12,1319,24605446029.0
2019-06-13,1319,24753315296.0
2019-06-14,1319,24664593736.0
2019-06-17,1319,24812463003.0
2019-06-18,1319,25433513924.0
2019-06-19,1319,25610957044.0
2019-06-20,1319,25758826311.0
2019-06-21,1319,26084138699.0
2019-06-24,1319,26172860259.0
2019-06-25,1319,26024990992.0
2019-06-26,1319,26291155673.0
2019-06-27,1319,26586894207.0
2019-06-28,1319,26557320353.0
2019-07-01,1319,26468598793.0
2019-07-02,1319,27148797421.0
2019-07-03,1319,26764337327.0
2019-07-04,1319,27089649714.0
2019-07-05,1319,27119223568.0
2019-07-08,1319,26261581819.0
2019-07-09,1319,26912206594.0
2019-07-10,1319,26941780447.0
2019-07-11,1319,27799422196.0
2019-07-12,1319,27828996049.0
2019-07-15,1319,27799422196.0
2019-07-16,1319,27858569903.0
2019-07-17,1319,28154308437.0
2019-07-18,1319,28213456144.0
2019-07-19,1319,27060075861.0
2019-07-22,1319,27207945128.0
2019-07-23,1319,27000928154.0
2019-07-24,1319,26350303379.0
2019-07-25,1319,26912206594.0
2019-07-26,1319,27296666688.0
2019-07-29,1319,27444535955.0
2019-07-30,1319,27060075861.0
2019-07-31,1319,27060075861.0
2019-08-01,1319,26409451086.0
2019-08-02,1319,26498172646.0
2019-08-05,1319,26113712552.0
2019-08-06,1319,26113712552.0
2019-08-07,1319,26113712552.0
2019-08-08,1319,26202434112.0
2019-08-12,1319,25906695578.0
2019-08-13,1319,25817974018.0
2019-08-14,1319,25492661631.0
2019-08-15,1319,24753315296.0
2019-08-16,1319,25817974018.0
2019-08-19,1319,25965843285.0
2019-08-20,1319,26291155673.0
2019-08-21,1319,26468598793.0
2019-08-22,1319,26734763474.0
2019-08-23,1319,26586894207.0
2019-08-26,1319,26379877233.0
2019-08-27,1319,26113712552.0
2019-08-28,1319,27119223568.0
2019-08-29,1319,27207945128.0
2019-08-30,1319,26853058887.0
2019-09-02,1319,27976865316.0
2019-09-03,1319,27474109809.0
2019-09-04,1319,27503683662.0
2019-09-05,1319,27562831369.0
2019-09-06,1319,27148797421.0
2019-09-09,1319,26705189620.0
2019-09-10,1319,27296666688.0
2019-09-11,1319,28272603850.0
2019-09-12,1319,28568342384.0
2019-09-16,1319,28745785505.0
2019-09-17,1319,29011950185.0
2019-09-18,1319,29100671746.0
2019-09-19,1319,29573853400.0
2019-09-20,1319,28716211651.0
2019-09-23,1319,28420473117.0
2019-09-24,1319,28450046971.0
2019-09-25,1319,28627490091.0
2019-09-26,1319,28065586877.0
2019-09-27,1319,27740274489.0
2019-10-01,1319,28243029997.0
2019-10-02,1319,28390899264.0
2019-10-03,1319,28302177704.0
2019-10-04,1319,27769848343.0
2019-10-07,1319,27444535955.0
2019-10-08,1319,27000928154.0
2019-10-09,1319,26616468060.0
2019-10-14,1319,26557320353.0
2019-10-15,1319,27799422196.0
2019-10-16,1319,27947291463.0
2019-10-17,1319,27917717610.0
2019-10-18,1319,27207945128.0
2019-10-21,1319,27621979076.0
2019-10-22,1319,27917717610.0
2019-10-23,1319,27740274489.0
2019-10-24,1319,28538768531.0
2019-10-25,1319,28065586877.0
2019-10-28,1319,27799422196.0
2019-10-29,1319,27799422196.0
2019-10-30,1319,28154308437.0
2019-10-31,1319,28095160730.0
2019-11-01,1319,27740274489.0
2019-11-04,1319,27740274489.0
2019-11-05,1319,27621979076.0
2019-11-06,1319,27769848343.0
2019-11-07,1319,27562831369.0
2019-11-08,1319,27681126782.0
2019-11-11,1319,27828996049.0
2019-11-12,1319,27740274489.0
2019-11-13,1319,27296666688.0
2019-11-14,1319,27296666688.0
2019-11-15,1319,27207945128.0
2019-11-18,1319,27326240542.0
2019-11-19,1319,27119223568.0
2019-11-20,1319,27030502008.0
2019-11-21,1319,26853058887.0
2019-11-22,1319,26705189620.0
2019-11-25,1319,26468598793.0
2019-11-26,1319,26320729526.0
2019-11-27,1319,26232007966.0
2019-11-28,1319,26764337327.0
2019-11-29,1319,26734763474.0
2019-12-02,1319,26527746500.0
2019-12-03,1319,26409451086.0
2019-12-04,1319,26409451086.0
2019-12-05,1319,26882632741.0
2019-12-06,1319,26675615767.0
2019-12-09,1319,27119223568.0
2019-12-10,1319,26941780447.0
2019-12-11,1319,26971354301.0
2019-12-12,1319,27533257515.0
2019-12-13,1319,28036013023.0
2019-12-16,1319,27769848343.0
2019-12-17,1319,27207945128.0
2019-12-18,1319,27799422196.0
2019-12-19,1319,27799422196.0
2019-12-20,1319,27799422196.0
2019-12-23,1319,27474109809.0
2019-12-24,1319,27474109809.0
2019-12-25,1319,27799422196.0
2019-12-26,1319,27651552929.0
2019-12-27,1319,27740274489.0
2019-12-30,1319,27681126782.0
2019-12-31,1319,27592405222.0
2020-01-02,1319,27621979076.0
2020-01-03,1319,27503683662.0
2020-01-06,1319,26912206594.0
2020-01-07,1319,27385388248.0
2020-01-08,1319,26912206594.0
2020-01-09,1319,27178371275.0
2020-01-10,1319,26971354301.0
2020-01-13,1319,27148797421.0
2020-01-14,1319,27207945128.0
2020-01-15,1319,27089649714.0
2020-01-16,1319,27651552929.0
2020-01-17,1319,27503683662.0
2020-01-20,1319,27296666688.0
2020-01-30,1319,24694167589.0
2020-01-31,1319,25196923097.0
2020-02-03,1319,24191412081.0
2020-02-04,1319,24309707495.0
2020-02-05,1319,24428002908.0
2020-02-06,1319,24782889149.0
2020-02-07,1319,24220985935.0
2020-02-10,1319,23954821254.0
2020-02-11,1319,24161838228.0
2020-02-12,1319,24546298322.0
2020-02-13,1319,24605446029.0
2020-02-14,1319,24989906123.0
2020-02-17,1319,24635019882.0
2020-02-18,1319,24635019882.0
2020-02-19,1319,24428002908.0
2020-02-20,1319,24428002908.0
2020-02-21,1319,24368855202.0
2020-02-24,1319,24073116668.0
2020-02-25,1319,23954821254.0
2020-02-26,1319,23747804280.0
2020-02-27,1319,23038031799.0
2020-03-02,1319,22535276291.0
2020-03-03,1319,22949310238.0
2020-03-04,1319,22978884092.0
2020-03-05,1319,23274622626.0
2020-03-06,1319,23038031799.0
2020-03-09,1319,22209963903.0
2020-03-10,1319,22535276291.0
2020-03-11,1319,22209963903.0
2020-03-12,1319,21056583621.0
2020-03-13,1319,19696186364.0
2020-03-16,1319,18661101495.0
2020-03-17,1319,17566868920.0
2020-03-18,1319,17182408825.0
2020-03-19,1319,15792437716.0
2020-03-20,1319,16857096438.0
2020-03-23,1319,15910733129.0
2020-03-24,1319,17182408825.0
2020-03-25,1319,18306215255.0
2020-03-26,1319,17980902867.0
2020-03-27,1319,18276641401.0
2020-03-30,1319,18601953789.0
2020-03-31,1319,18927266176.0
2020-04-01,1319,19430021684.0
2020-04-06,1319,19311726270.0
2020-04-07,1319,19400447830.0
2020-04-08,1319,19784907925.0
2020-04-09,1319,19903203338.0
2020-04-10,1319,20110220312.0
2020-04-13,1319,19962351045.0
2020-04-14,1319,20258089579.0
2020-04-15,1319,20465106553.0
2020-04-16,1319,19991924898.0
2020-04-17,1319,19932777192.0
2020-04-20,1319,20021498752.0
2020-04-21,1319,19814481778.0
2020-04-22,1319,20051072605.0
2020-04-23,1319,20051072605.0
2020-04-24,1319,19962351045.0
2020-04-27,1319,20317237286.0
2020-04-28,1319,20435532699.0
2020-04-29,1319,20553828113.0
2020-04-30,1319,21263600595.0
2020-05-04,1319,20524254260.0
2020-05-05,1319,20612975820.0
2020-05-06,1319,20110220312.0
2020-05-07,1319,20287663432.0
2020-05-08,1319,20317237286.0
2020-05-11,1319,21145305181.0
2020-05-12,1319,21855077663.0
2020-05-13,1319,21293174448.0
2020-05-14,1319,20879140500.0
2020-05-15,1319,20583401966.0
2020-05-18,1319,20997435914.0
2020-05-19,1319,21500191422.0
2020-05-20,1319,22180390050.0
2020-05-21,1319,22239537757.0
2020-05-22,1319,22269111610.0
2020-05-25,1319,22121242343.0
2020-05-26,1319,22683145558.0
2020-05-27,1319,22357833170.0
2020-05-28,1319,22002946930.0
2020-05-29,1319,21588912982.0
2020-06-01,1319,22476128584.0
2020-06-02,1319,22416980877.0
2020-06-03,1319,22978884092.0
2020-06-04,1319,23540787306.0
2020-06-05,1319,24280133641.0
2020-06-08,1319,23836525840.0
2020-06-09,1319,23422491893.0
2020-06-10,1319,23333770333.0
2020-06-12,1319,22890162532.0
2020-06-15,1319,22476128584.0
2020-06-16,1319,23304196479.0
2020-06-17,1319,23659082720.0
2020-06-18,1319,23659082720.0
2020-06-19,1319,23392918039.0
2020-06-22,1319,23540787306.0
2020-06-23,1319,22180390050.0
2020-06-24,1319,22180390050.0
2020-06-29,1319,21559339129.0
2020-06-30,1319,21588912982.0
2020-07-01,1319,22091668490.0
2020-07-02,1319,22357833170.0
2020-07-03,1319,22180390050.0
2020-07-06,1319,22446554731.0
2020-07-07,1319,22357833170.0
2020-07-08,1319,22091668490.0
2020-07-09,1319,22239537757.0
2020-07-10,1319,21736782249.0
2020-07-13,1319,21884651516.0
2020-07-14,1319,21855077663.0
2020-07-15,1319,21766356102.0
2020-07-16,1319,21884651516.0
2020-07-17,1319,21529765275.0
2020-07-20,1319,21322748301.0
2020-07-21,1319,21707208396.0
2020-07-22,1319,21766356102.0
2020-07-23,1319,21677634542.0
2020-07-24,1319,21293174448.0
2020-07-27,1319,20790418940.0
2020-07-28,1319,20258089579.0
2020-07-29,1319,20021498752.0
2020-07-30,1319,20405958846.0
2020-07-31,1319,20435532699.0
2020-08-03,1319,20169368019.0
2020-08-04,1319,20583401966.0
2020-08-05,1319,21411469862.0
2020-08-06,1319,22180390050.0
2020-08-07,1319,22002946930.0
2020-08-10,1319,22209963903.0
2020-08-11,1319,22298685464.0
2020-08-12,1319,22032520783.0
2020-08-13,1319,21795929956.0
2020-08-14,1319,21943799223.0
2020-08-17,1319,21943799223.0
2020-08-18,1319,22269111610.0
2020-08-19,1319,21943799223.0
2020-08-20,1319,21500191422.0
2020-08-21,1319,21441043715.0
2020-08-24,1319,21648060689.0
2020-08-25,1319,22209963903.0
2020-08-26,1319,22032520783.0
2020-08-27,1319,22209963903.0
2020-08-28,1319,22298685464.0
2020-08-31,1319,22890162532.0
2020-09-01,1319,23215474919.0
2020-09-02,1319,22831014825.0
2020-09-03,1319,23215474919.0
2020-09-04,1319,23067605652.0
2020-09-07,1319,23008457945.0
2020-09-08,1319,22446554731.0
2020-09-09,1319,22594423998.0
2020-09-10,1319,22121242343.0
2020-09-11,1319,21825503809.0
2020-09-14,1319,22150816197.0
2020-09-15,1319,22505702437.0
2020-09-16,1319,22387407024.0
2020-09-17,1319,22091668490.0
2020-09-18,1319,22298685464.0
2020-09-21,1319,22416980877.0
2020-09-22,1319,22180390050.0
2020-09-23,1319,21559339129.0
2020-09-24,1319,20997435914.0
2020-09-25,1319,21027009767.0
2020-09-28,1319,21115731328.0
2020-09-29,1319,21234026741.0
2020-09-30,1319,21174879034.0
2020-10-05,1319,21766356102.0
2020-10-06,1319,21943799223.0
2020-10-07,1319,21884651516.0
2020-10-08,1319,21884651516.0
2020-10-12,1319,21973373076.0
2020-10-13,1319,21648060689.0
2020-10-14,1319,22002946930.0
2020-10-15,1319,22002946930.0
2020-10-16,1319,22357833170.0
2020-10-19,1319,22712719411.0
2020-10-20,1319,22742293265.0
2020-10-21,1319,23038031799.0
2020-10-22,1319,23363344186.0
2020-10-23,1319,23274622626.0
2020-10-26,1319,23511213453.0
2020-10-27,1319,23185901066.0
2020-10-28,1319,22623997851.0
2020-10-29,1319,22653571704.0
2020-10-30,1319,22298685464.0
2020-11-02,1319,22505702437.0
2020-11-03,1319,22653571704.0
2020-11-04,1319,22890162532.0
2020-11-05,1319,23008457945.0
2020-11-06,1319,22978884092.0
2020-11-09,1319,22742293265.0
2020-11-10,1319,22919736385.0
2020-11-11,1319,23126753359.0
2020-11-12,1319,22683145558.0
2020-11-13,1319,22564850144.0
2020-11-16,1319,22653571704.0
2020-11-17,1319,22860588678.0
2020-11-18,1319,22978884092.0
2020-11-19,1319,22771867118.0
2020-11-20,1319,22831014825.0
2020-11-23,1319,22653571704.0
2020-11-24,1319,22564850144.0
2020-11-25,1319,22653571704.0
2020-11-26,1319,22890162532.0
2020-11-27,1319,22890162532.0
2020-11-30,1319,23599935013.0
2020-12-01,1319,23245048772.0
2020-12-02,1319,22919736385.0
2020-12-03,1319,22831014825.0
2020-12-04,1319,22949310238.0
2020-12-07,1319,22860588678.0
2020-12-08,1319,22712719411.0
2020-12-09,1319,22712719411.0
2020-12-10,1319,22387407024.0
2020-12-11,1319,22771867118.0
2020-12-14,1319,22446554731.0
2020-12-15,1319,22150816197.0
2020-12-16,1319,22712719411.0
2020-12-17,1319,22416980877.0
2020-12-18,1319,22623997851.0
2020-12-21,1319,22476128584.0
2020-12-22,1319,22328259317.0
2020-12-23,1319,22357833170.0
2020-12-24,1319,22505702437.0
2020-12-25,1319,22446554731.0
2020-12-28,1319,22949310238.0
2020-12-29,1319,22949310238.0
2020-12-30,1319,22831014825.0
2020-12-31,1319,23067605652.0
2021-01-04,1319,23777378134.0
2021-01-05,1319,23629508867.0
2021-01-06,1319,22771867118.0
2021-01-07,1319,23067605652.0
2021-01-08,1319,23156327212.0
2021-01-11,1319,23333770333.0
2021-01-12,1319,22890162532.0
2021-01-13,1319,23333770333.0
2021-01-14,1319,23038031799.0
2021-01-15,1319,22121242343.0
2021-01-18,1319,21677634542.0
2021-01-19,1319,21707208396.0
2021-01-20,1319,21056583621.0
2021-01-21,1319,20819992794.0
2021-01-22,1319,20701697380.0
2021-01-25,1319,20672123527.0
2021-01-26,1319,20642549673.0
2021-01-27,1319,20997435914.0
2021-01-28,1319,21352322155.0
2021-01-29,1319,21204452888.0
2021-02-01,1319,20908714354.0
2021-02-02,1319,20879140500.0
2021-02-03,1319,20879140500.0
2021-02-05,1319,21056583621.0
2021-02-17,1319,20790418940.0
2021-02-18,1319,20997435914.0
2021-02-19,1319,20938288207.0
2021-02-22,1319,21529765275.0
2021-02-23,1319,21707208396.0
2021-02-24,1319,21529765275.0
2021-02-25,1319,22002946930.0
2021-02-26,1319,21855077663.0
2021-03-02,1319,21352322155.0
2021-03-03,1319,21529765275.0
2021-03-04,1319,21529765275.0
2021-03-05,1319,21322748301.0
2021-03-08,1319,21204452888.0
2021-03-09,1319,21559339129.0
2021-03-10,1319,21559339129.0
2021-03-11,1319,21677634542.0
2021-03-12,1319,21234026741.0
2021-03-15,1319,21352322155.0
2021-03-16,1319,21736782249.0
2021-03-17,1319,21795929956.0
2021-03-18,1319,21884651516.0
2021-03-19,1319,21707208396.0
2021-03-22,1319,21855077663.0
2021-03-23,1319,21648060689.0
2021-03-24,1319,21648060689.0
2021-03-25,1319,21411469862.0
2021-03-26,1319,21529765275.0
2021-03-29,1319,21500191422.0
2021-03-30,1319,21470617568.0
2021-03-31,1319,21441043715.0
2021-04-01,1319,21293174448.0
2021-04-06,1319,21293174448.0
2021-04-07,1319,21086157474.0
2021-04-08,1319,21500191422.0
2021-04-09,1319,21263600595.0
2021-04-12,1319,21795929956.0
2021-04-13,1319,21559339129.0
2021-04-14,1319,21381896008.0
2021-04-15,1319,21795929956.0
2021-04-16,1319,22771867118.0
2021-04-19,1319,23659082720.0
2021-04-20,1319,23570361160.0
2021-04-21,1319,23245048772.0
2021-04-22,1319,22446554731.0
2021-04-23,1319,22476128584.0
2021-04-26,1319,22771867118.0
2021-04-28,1319,22919736385.0
2021-04-29,1319,22505702437.0
2021-05-03,1319,21973373076.0
2021-05-04,1319,21204452888.0
2021-05-05,1319,21559339129.0
2021-05-06,1319,21322748301.0
2021-05-07,1319,21795929956.0
2021-05-10,1319,21825503809.0
2021-05-11,1319,21056583621.0
2021-05-12,1319,19755334071.0
2021-05-13,1319,19400447830.0
2021-05-14,1319,19311726270.0
2021-05-17,1319,18335789108.0
2021-05-18,1319,19223004710.0
2021-05-19,1319,19104709296.0
2021-05-20,1319,18986413883.0
2021-05-21,1319,18986413883.0
2021-05-24,1319,18808970762.0
2021-05-25,1319,19134283150.0
2021-05-26,1319,19223004710.0
2021-05-27,1319,19015987736.0
2021-05-28,1319,19400447830.0
2021-05-31,1319,19577890951.0
2021-06-01,1319,20169368019.0
2021-06-02,1319,20198941872.0
2021-06-03,1319,20080646459.0
2021-06-04,1319,20110220312.0
2021-06-07,1319,20376384993.0
2021-06-08,1319,20051072605.0
2021-06-09,1319,19873629485.0
2021-06-10,1319,20376384993.0
2021-06-11,1319,20435532699.0
2021-06-15,1319,20317237286.0
2021-06-16,1319,20110220312.0
2021-06-17,1319,19577890951.0
2021-06-18,1319,19282152417.0
2021-06-21,1319,19518743244.0
2021-06-22,1319,19962351045.0
2021-06-23,1319,20494680406.0
2021-06-24,1319,20701697380.0
2021-06-25,1319,21027009767.0
2021-06-28,1319,20524254260.0
2021-06-29,1319,20879140500.0
2021-06-30,1319,21352322155.0
2021-07-01,1319,21588912982.0
2021-07-02,1319,21411469862.0
2021-07-05,1319,21204452888.0
2021-07-06,1319,21204452888.0
2021-07-07,1319,21056583621.0
2021-07-08,1319,21263600595.0
2021-07-09,1319,21352322155.0
2021-07-12,1319,21293174448.0
2021-07-13,1319,21322748301.0
2021-07-14,1319,21056583621.0
2021-07-15,1319,21293174448.0
2021-07-16,1319,22121242343.0
2021-07-19,1319,21973373076.0
2021-07-20,1319,21677634542.0
2021-07-21,1319,21441043715.0
2021-07-22,1319,21677634542.0
2021-07-23,1319,22771867118.0
2021-07-26,1319,22505702437.0
2021-07-27,1319,22416980877.0
2021-07-28,1319,22062094636.0
2021-07-29,1319,22062094636.0
2021-07-30,1319,21559339129.0
2021-08-02,1319,21588912982.0
2021-08-03,1319,21381896008.0
2021-08-04,1319,21352322155.0
2021-08-05,1319,21263600595.0
2021-08-06,1319,21204452888.0
2021-08-09,1319,20879140500.0
2021-08-10,1319,20642549673.0
2021-08-11,1319,20198941872.0
2021-08-12,1319,20642549673.0
2021-08-13,1319,20819992794.0
2021-08-16,1319,20346811139.0
2021-08-17,1319,20110220312.0
2021-08-18,1319,20228515726.0
2021-08-19,1319,20376384993.0
2021-08-20,1319,19932777192.0
2021-08-23,1319,20021498752.0
2021-08-24,1319,20139794165.0
2021-08-25,1319,20287663432.0
2021-08-26,1319,20139794165.0
2021-08-27,1319,20405958846.0
2021-08-30,1319,20672123527.0
2021-08-31,1319,20405958846.0
2021-09-01,1319,20612975820.0
2021-09-02,1319,20258089579.0
2021-09-03,1319,20672123527.0
2021-09-06,1319,20287663432.0
2021-09-07,1319,19962351045.0
2021-09-08,1319,19725760218.0
2021-09-09,1319,19637038658.0
2021-09-10,1319,19903203338.0
2021-09-13,1319,20051072605.0
2021-09-14,1319,20110220312.0
2021-09-15,1319,20139794165.0
2021-09-16,1319,20287663432.0
2021-09-17,1319,20701697380.0
2021-09-22,1319,20346811139.0
2021-09-24,1319,20287663432.0
2021-09-27,1319,20169368019.0
2021-09-28,1319,20169368019.0
2021-09-29,1319,19844055631.0
2021-09-30,1319,20080646459.0
2021-10-01,1319,19784907925.0
2021-10-04,1319,19548317097.0
2021-10-05,1319,19548317097.0
2021-10-06,1319,19489169391.0
2021-10-07,1319,19873629485.0
2021-10-08,1319,19932777192.0
2021-10-12,1319,19459595537.0
2021-10-13,1319,19666612511.0
2021-10-14,1319,19637038658.0
2021-10-15,1319,19577890951.0
2021-10-18,1319,19489169391.0
2021-10-19,1319,20701697380.0
2021-10-20,1319,20583401966.0
2021-10-21,1319,20435532699.0
2021-10-22,1319,20139794165.0
2021-10-25,1319,20021498752.0
2021-10-26,1319,20021498752.0
2021-10-27,1319,20021498752.0
2021-10-28,1319,20110220312.0
2021-10-29,1319,19991924898.0
2021-11-01,1319,20080646459.0
2021-11-02,1319,20021498752.0
2021-11-03,1319,20317237286.0
2021-11-04,1319,20051072605.0
2021-11-05,1319,19932777192.0
2021-11-08,1319,19962351045.0
2021-11-09,1319,19932777192.0
2021-11-10,1319,19932777192.0
2021-11-11,1319,19873629485.0
2021-11-12,1319,19903203338.0
2021-11-15,1319,19844055631.0
2021-11-16,1319,19844055631.0
2021-11-17,1319,19932777192.0
2021-11-18,1319,19814481778.0
2021-11-19,1319,19666612511.0
2021-11-22,1319,19903203338.0
2021-11-23,1319,19637038658.0
2021-11-24,1319,19489169391.0
2021-11-25,1319,19548317097.0
2021-11-26,1319,19341300124.0
2021-11-29,1319,19518743244.0
2021-11-30,1319,19341300124.0
2021-12-01,1319,19607464804.0
2021-12-02,1319,19518743244.0
2021-12-03,1319,19637038658.0
2021-12-06,1319,19696186364.0
2021-12-07,1319,19755334071.0
2021-12-08,1319,19637038658.0
2021-12-09,1319,19607464804.0
2021-12-10,1319,19637038658.0
2021-12-13,1319,19577890951.0
2021-12-14,1319,19370873977.0
2021-12-15,1319,19459595537.0
2021-12-16,1319,19518743244.0
2021-12-17,1319,19577890951.0
2021-12-20,1319,19370873977.0
2021-12-21,1319,19341300124.0
2021-12-22,1319,19282152417.0
2021-12-23,1319,19311726270.0
2021-12-24,1319,19459595537.0
2021-12-27,1319,19459595537.0
2021-12-28,1319,19459595537.0
2021-12-29,1319,19548317097.0
2021-12-30,1319,19577890951.0
2022-01-03,1319,19430021684.0
2022-01-04,1319,19548317097.0
2022-01-05,1319,19489169391.0
2022-01-06,1319,19370873977.0
2022-01-07,1319,19311726270.0
2022-01-10,1319,19282152417.0
2022-01-11,1319,19282152417.0
2022-01-12,1319,19400447830.0
2022-01-13,1319,19341300124.0
2022-01-14,1319,19341300124.0
2022-01-17,1319,19223004710.0
2022-01-18,1319,19163857003.0
2022-01-19,1319,19193430857.0
2022-01-20,1319,19282152417.0
2022-01-21,1319,19134283150.0
2022-01-24,1319,18927266176.0
2022-01-25,1319,18690675349.0
2022-01-26,1319,18661101495.0
2022-02-07,1319,19223004710.0
2022-02-08,1319,19430021684.0
2022-02-09,1319,19459595537.0
2022-02-10,1319,19430021684.0
2022-02-11,1319,19252578563.0
2022-02-14,1319,19282152417.0
2022-02-15,1319,19282152417.0
2022-02-16,1319,19430021684.0
2022-02-17,1319,19518743244.0
2022-02-18,1319,19637038658.0
2022-02-21,1319,19755334071.0
2022-02-22,1319,19459595537.0
2022-02-23,1319,19518743244.0
2022-02-24,1319,19311726270.0
2022-02-25,1319,19252578563.0
2022-03-01,1319,19400447830.0
2022-03-02,1319,19341300124.0
2022-03-03,1319,19311726270.0
2022-03-04,1319,19163857003.0
2022-03-07,1319,18749823056.0
2022-03-08,1319,18365362961.0
2022-03-09,1319,18158345988.0
2022-03-10,1319,18217493694.0
2022-03-11,1319,18099198281.0
2022-03-14,1319,18276641401.0
2022-03-15,1319,18040050574.0
2022-03-16,1319,18513232228.0
2022-03-17,1319,18897692323.0
2022-03-18,1319,18601953789.0
2022-03-21,1319,19075135443.0
2022-03-22,1319,19075135443.0
2022-03-23,1319,19193430857.0
2022-03-24,1319,18956840029.0
2022-03-25,1319,18808970762.0
2022-03-28,1319,18927266176.0
2022-03-29,1319,18986413883.0
2022-03-30,1319,19075135443.0
2022-03-31,1319,19015987736.0
2022-04-01,1319,18927266176.0
2022-04-06,1319,19045561590.0
2022-04-07,1319,18749823056.0
2022-04-08,1319,18956840029.0
2022-04-11,1319,18779396909.0
2022-04-12,1319,18927266176.0
2022-04-13,1319,19075135443.0
2022-04-14,1319,19282152417.0
2022-04-15,1319,19163857003.0
2022-04-18,1319,19489169391.0
2022-04-19,1319,19489169391.0
2022-04-20,1319,19932777192.0
2022-04-21,1319,20169368019.0
2022-04-22,1319,20051072605.0
2022-04-25,1319,19548317097.0
2022-04-26,1319,19518743244.0
2022-04-27,1319,19311726270.0
2022-04-28,1319,19548317097.0
2022-04-29,1319,19637038658.0
2022-05-03,1319,19282152417.0
2022-05-04,1319,19282152417.0
2022-05-05,1319,19341300124.0
2022-05-06,1319,19134283150.0
2022-05-09,1319,18868118469.0
2022-05-10,1319,19045561590.0
2022-05-11,1319,19459595537.0
2022-05-12,1319,18986413883.0
2022-05-13,1319,19548317097.0
2022-05-16,1319,19696186364.0
2022-05-17,1319,20465106553.0
2022-05-18,1319,21677634542.0
2022-05-19,1319,22002946930.0
2022-05-20,1319,22564850144.0
2022-05-23,1319,22949310238.0
2022-05-24,1319,22771867118.0
2022-05-25,1319,22890162532.0
2022-05-26,1319,22860588678.0
2022-05-27,1319,22771867118.0
2022-05-30,1319,23599935013.0
2022-05-31,1319,23659082720.0
2022-06-01,1319,23629508867.0
2022-06-02,1319,24309707495.0
2022-06-06,1319,23452065746.0
2022-06-07,1319,24043542814.0
2022-06-08,1319,24723741442.0
2022-06-09,1319,24487150615.0
2022-06-10,1319,24546298322.0
2022-06-13,1319,24782889149.0
2022-06-14,1319,24368855202.0
2022-06-15,1319,25906695578.0
2022-06-16,1319,25965843285.0
2022-06-17,1319,26557320353.0
2022-06-20,1319,25226496950.0
2022-06-21,1319,26764337327.0
2022-06-22,1319,26320729526.0
2022-06-23,1319,26320729526.0
2022-06-24,1319,26350303379.0
2022-06-27,1319,27355814395.0
2022-06-28,1319,28597916238.0
2022-06-29,1319,30638512122.0
2022-07-01,1319,27562831369.0
2022-07-04,1319,26764337327.0
2022-07-05,1319,27858569903.0
2022-07-06,1319,27355814395.0
2022-07-07,1319,29810444227.0
2022-07-08,1319,29218967159.0
2022-07-11,1319,28775359358.0
2022-07-12,1319,28183882290.0
2022-07-13,1319,28006439170.0
2022-07-14,1319,28095160730.0
2022-07-15,1319,30283625882.0
2022-07-18,1319,28479620824.0
2022-07-19,1319,27562831369.0
2022-07-20,1319,27947291463.0
2022-07-21,1319,28095160730.0
2022-07-22,1319,28509194678.0
2022-07-25,1319,28864080918.0
2022-07-26,1319,28864080918.0
2022-07-27,1319,28952802479.0
2022-07-28,1319,28775359358.0
2022-07-29,1319,29692148814.0
2022-08-01,1319,29573853400.0
2022-08-02,1319,29366836426.0
2022-08-03,1319,28095160730.0
2022-08-04,1319,29041524039.0
2022-08-05,1319,28923228625.0
2022-08-08,1319,29041524039.0
2022-08-09,1319,30283625882.0
2022-08-10,1319,29041524039.0
2022-08-11,1319,28124734583.0
2022-08-12,1319,28124734583.0
2022-08-15,1319,29337262573.0
2022-08-16,1319,29633001107.0
2022-08-17,1319,30283625882.0
2022-08-18,1319,31407432311.0
2022-08-19,1319,30815955243.0
2022-08-22,1319,30461069002.0
2022-08-23,1319,30461069002.0
2022-08-24,1319,30401921295.0
2022-08-25,1319,30815955243.0
2022-08-26,1319,31229989190.0
2022-08-29,1319,30283625882.0
2022-08-30,1319,31052546070.0
2022-08-31,1319,32294647913.0
2022-09-01,1319,32353795620.0
2022-09-02,1319,32176352499.0
2022-09-05,1319,30875102950.0
2022-09-06,1319,30934250656.0
2022-09-07,1319,31170841484.0
2022-09-08,1319,32590386447.0
2022-09-12,1319,31762318552.0
2022-09-13,1319,32412943326.0
2022-09-14,1319,32945272688.0
2022-09-15,1319,32886124981.0
2022-09-16,1319,32235500206.0
2022-09-19,1319,32058057086.0
2022-09-20,1319,32826977274.0
2022-09-21,1319,32590386447.0
2022-09-22,1319,32767829567.0
2022-09-23,1319,31348284604.0
2022-09-26,1319,30283625882.0
2022-09-27,1319,30638512122.0
2022-09-28,1319,29100671746.0
2022-09-29,1319,29425984133.0
2022-09-30,1319,28568342384.0
2022-10-03,1319,28657063945.0
2022-10-04,1319,28952802479.0
2022-10-05,1319,28568342384.0
2022-10-06,1319,29011950185.0
2022-10-07,1319,28361325411.0
2022-10-11,1319,27621979076.0
2022-10-12,1319,27947291463.0
2022-10-13,1319,26705189620.0
2022-10-14,1319,28509194678.0
2022-10-17,1319,28124734583.0
2022-10-18,1319,28509194678.0
2022-10-19,1319,28154308437.0
2022-10-20,1319,27030502008.0
2022-10-21,1319,27000928154.0
2022-10-24,1319,27119223568.0
2022-10-25,1319,26586894207.0
2022-10-26,1319,26616468060.0
2022-10-27,1319,27326240542.0
2022-10-31,1319,26764337327.0
2022-11-01,1319,27326240542.0
2022-11-02,1319,27119223568.0
2022-11-03,1319,26941780447.0
2022-11-04,1319,27355814395.0
2022-11-07,1319,27089649714.0
2022-11-08,1319,27385388248.0
2022-11-09,1319,26557320353.0
2022-11-10,1319,25226496950.0
2022-11-11,1319,25670104751.0
2022-11-14,1319,25877121725.0
2022-11-15,1319,26113712552.0
2022-11-16,1319,26971354301.0
2022-11-17,1319,27355814395.0
2022-11-21,1319,27178371275.0
2022-11-22,1319,26853058887.0
2022-11-23,1319,27060075861.0
2022-11-24,1319,26941780447.0
2022-11-25,1319,26646041913.0
2022-11-28,1319,26971354301.0
2022-11-29,1319,28657063945.0
2022-11-30,1319,28065586877.0
2022-12-01,1319,29159819452.0
2022-12-02,1319,28834507065.0
2022-12-05,1319,28982376332.0
2022-12-06,1319,28775359358.0
2022-12-07,1319,27681126782.0
2022-12-08,1319,28479620824.0
2022-12-09,1319,28331751557.0
2022-12-12,1319,28390899264.0
2022-12-13,1319,28006439170.0
2022-12-14,1319,28982376332.0
2022-12-15,1319,29100671746.0
2022-12-16,1319,26616468060.0
2022-12-19,1319,25226496950.0
2022-12-20,1319,24723741442.0
2022-12-21,1319,24309707495.0
2022-12-22,1319,24191412081.0
2022-12-23,1319,24280133641.0
2022-12-26,1319,24694167589.0
2022-12-27,1319,24901184563.0
2022-12-28,1319,25433513924.0
2022-12-29,1319,24723741442.0
2022-12-30,1319,25492661631.0
2023-01-03,1319,25344792364.0
2023-01-04,1319,25522235484.0
2023-01-05,1319,25019479976.0
2023-01-06,1319,25640530898.0
2023-01-09,1319,25640530898.0
2023-01-10,1319,25670104751.0
2023-01-11,1319,25492661631.0
2023-01-12,1319,25285644657.0
2023-01-13,1319,25137775390.0
2023-01-16,1319,25492661631.0
2023-01-17,1319,25374366217.0
2023-01-30,1319,25995417139.0
2023-01-31,1319,26616468060.0
2023-02-01,1319,26734763474.0
2023-02-02,1319,27030502008.0
2023-02-03,1319,26291155673.0
2023-02-06,1319,26409451086.0
2023-02-07,1319,26586894207.0
2023-02-08,1319,26172860259.0
2023-02-10,1319,25729252458.0
2023-02-13,1319,25758826311.0
2023-02-14,1319,25670104751.0
2023-02-15,1319,25788400165.0
2023-02-16,1319,26054564845.0
2023-02-17,1319,26379877233.0
2023-02-20,1319,26320729526.0
2023-02-21,1319,26379877233.0
2023-02-22,1319,25758826311.0
2023-02-23,1319,26232007966.0
2023-02-24,1319,25817974018.0
2023-03-01,1319,24871610709.0
2023-03-02,1319,25463087777.0
2023-03-03,1319,25699678605.0
2023-03-06,1319,25936269432.0
2023-03-07,1319,26054564845.0
2023-03-08,1319,26557320353.0
2023-03-09,1319,26705189620.0
2023-03-10,1319,27060075861.0
2023-03-13,1319,26320729526.0
2023-03-14,1319,25906695578.0
2023-03-15,1319,26734763474.0
2023-03-16,1319,26675615767.0
2023-03-17,1319,26172860259.0
2023-03-20,1319,26291155673.0
2023-03-21,1319,26675615767.0
2023-03-22,1319,26882632741.0
2023-03-23,1319,27681126782.0
2023-03-24,1319,27621979076.0
2023-03-27,1319,27119223568.0
2023-03-28,1319,27000928154.0
2023-03-29,1319,27503683662.0
2023-03-30,1319,27533257515.0
2023-03-31,1319,27326240542.0
2023-04-06,1319,27000928154.0
2023-04-07,1319,27503683662.0
2023-04-10,1319,27533257515.0
2023-04-11,1319,27769848343.0
2023-04-12,1319,28272603850.0
2023-04-13,1319,27917717610.0
2023-04-14,1319,27976865316.0
2023-04-17,1319,28893654772.0
2023-04-18,1319,29041524039.0
2023-04-19,1319,28864080918.0
2023-04-20,1319,27888143756.0
2023-04-21,1319,27237518981.0
2023-04-24,1319,27828996049.0
2023-04-25,1319,27533257515.0
2023-04-26,1319,27621979076.0
2023-04-27,1319,28243029997.0
2023-04-28,1319,28183882290.0
2023-05-02,1319,28716211651.0
2023-05-03,1319,29544279547.0
2023-05-05,1319,30047035054.0
2023-05-08,1319,28864080918.0
2023-05-09,1319,28450046971.0
2023-05-10,1319,28509194678.0
2023-05-11,1319,27621979076.0
2023-05-12,1319,28095160730.0
2023-05-15,1319,28657063945.0
2023-05-16,1319,28509194678.0
2023-05-17,1319,29928739641.0
2023-05-18,1319,29307688719.0
2023-05-19,1319,29189393306.0
2023-05-22,1319,30224478175.0
2023-05-23,1319,29514705693.0
2023-05-24,1319,29692148814.0
2023-05-25,1319,29366836426.0
2023-05-26,1319,29337262573.0
2023-05-29,1319,29514705693.0
2023-05-30,1319,29514705693.0
2023-05-31,1319,29278114866.0
2023-06-01,1319,29307688719.0
2023-06-02,1319,29544279547.0
2023-06-05,1319,30401921295.0
2023-06-06,1319,29692148814.0
2023-06-07,1319,29751296520.0
2023-06-08,1319,29751296520.0
2023-06-09,1319,30224478175.0
2023-06-12,1319,30106182761.0
2023-06-13,1319,30993398363.0
2023-06-14,1319,31584875431.0
2023-06-15,1319,32058057086.0
2023-06-16,1319,31939761672.0
2023-06-19,1319,31703170845.0
2023-06-20,1319,32235500206.0
2023-06-21,1319,33300158928.0
2023-06-26,1319,31525727724.0
2023-06-27,1319,30224478175.0
2023-06-28,1319,30875102950.0
2023-06-29,1319,30638512122.0
2023-06-30,1319,31170841484.0
2023-07-03,1319,30993398363.0
2023-07-04,1319,30993398363.0
2023-07-05,1319,30638512122.0
2023-07-06,1319,30224478175.0
2023-07-07,1319,30697659829.0
2023-07-10,1319,30342773588.0
2023-07-11,1319,30401921295.0
2023-07-12,1319,30401921295.0
2023-07-13,1319,31880613965.0
2023-07-14,1319,31466580018.0
2023-07-17,1319,31644023138.0
2023-07-18,1319,31998909379.0
2023-07-19,1319,31111693777.0
2023-07-20,1319,31348284604.0
2023-07-21,1319,31289136897.0
2023-07-24,1319,30697659829.0
2023-07-25,1319,32235500206.0
2023-07-26,1319,32412943326.0
2023-07-27,1319,33655045169.0
2023-07-28,1319,35843510321.0
2023-07-31,1319,35843510321.0
2023-08-01,1319,36080101148.0
2023-08-02,1319,35192885546.0
2023-08-04,1319,34483113064.0
2023-08-07,1319,35074590132.0
2023-08-08,1319,35547771787.0
2023-08-09,1319,35488624080.0
2023-08-10,1319,35547771787.0
2023-08-11,1319,35606919494.0
2023-08-14,1319,34897147012.0
2023-08-15,1319,36612430509.0
2023-08-16,1319,36671578216.0
2023-08-17,1319,36671578216.0
2023-08-18,1319,36316691975.0
2023-08-21,1319,36612430509.0
2023-08-22,1319,36198396562.0
2023-08-23,1319,36612430509.0
2023-08-24,1319,36375839682.0
2023-08-25,1319,36730725923.0
2023-08-28,1319,36198396562.0
2023-08-29,1319,37795384645.0
2023-08-30,1319,39214929608.0
2023-08-31,1319,40161292917.0
2023-09-01,1319,39274077315.0
2023-09-04,1319,40279588331.0
2023-09-05,1319,40220440624.0
2023-09-06,1319,40161292917.0
2023-09-07,1319,39865554383.0
2023-09-08,1319,41285099346.0
2023-09-11,1319,42822939723.0
2023-09-12,1319,43473564498.0
2023-09-13,1319,44005893859.0
2023-09-14,1319,44715666341.0
2023-09-15,1319,43828450739.0
2023-09-18,1319,45188847995.0
2023-09-19,1319,46785836079.0
2023-09-20,1319,46135211304.0
2023-09-21,1319,46076063597.0
2023-09-22,1319,46963279199.0
2023-09-25,1319,46608392958.0
2023-09-26,1319,46312654424.0
2023-09-27,1319,46608392958.0
2023-09-28,1319,46312654424.0
2023-10-02,1319,46016915890.0
2023-10-03,1319,46549245252.0
2023-10-04,1319,45543734236.0
2023-10-05,1319,46312654424.0
2023-10-06,1319,45898620477.0
2023-10-11,1319,46667540665.0
2023-10-12,1319,51281061796.0
2023-10-13,1319,49329187471.0
2023-10-16,1319,49565778298.0
2023-10-17,1319,48796858110.0
2023-10-18,1319,48856005817.0
2023-10-19,1319,48323676456.0
2023-10-20,1319,46312654424.0
2023-10-23,1319,46667540665.0
2023-10-24,1319,46312654424.0
2023-10-25,1319,46135211304.0
2023-10-26,1319,45188847995.0
2023-10-27,1319,45188847995.0
2023-10-30,1319,44538223220.0
2023-10-31,1319,43355269084.0
2023-11-01,1319,43769303032.0
2023-11-02,1319,45425438822.0
2023-11-03,1319,44833961754.0
2023-11-06,1319,45425438822.0
2023-11-07,1319,46726688372.0
2023-11-08,1319,47081574613.0
2023-11-09,1319,47318165440.0
2023-11-10,1319,46430949838.0
2023-11-13,1319,46371802131.0
2023-11-14,1319,46371802131.0
2023-11-15,1319,46371802131.0
2023-11-16,1319,46253506718.0
2023-11-17,1319,45839472770.0
2023-11-20,1319,45425438822.0
2023-11-21,1319,45247995702.0
2023-11-22,1319,45011404875.0
2023-11-23,1319,44538223220.0
2023-11-24,1319,44597370927.0
2023-11-27,1319,43769303032.0
2023-11-28,1319,45247995702.0
2023-11-29,1319,44597370927.0
2023-11-30,1319,44005893859.0
2023-12-01,1319,45484586529.0
2023-12-04,1319,45839472770.0
2023-12-05,1319,48737710403.0
2023-12-06,1319,51458504916.0
2023-12-07,1319,50038959953.0
2023-12-08,1319,49861516832.0
2023-12-11,1319,50512141607.0
2023-12-12,1319,50689584728.0
2023-12-13,1319,50275550780.0
2023-12-14,1319,50512141607.0
2023-12-15,1319,50334698487.0
2023-12-18,1319,46844983786.0
2023-12-19,1319,46135211304.0
2023-12-20,1319,45839472770.0
2023-12-21,1319,45011404875.0
2023-12-22,1319,44833961754.0
2023-12-25,1319,44656518634.0
2023-12-26,1319,44715666341.0
2023-12-27,1319,44715666341.0
2023-12-28,1319,44479075514.0
2023-12-29,1319,44952257168.0
2024-01-02,1319,44715666341.0
2024-01-03,1319,45247995702.0
2024-01-04,1319,44597370927.0
2024-01-05,1319,44419927807.0
2024-01-08,1319,44479075514.0
2024-01-09,1319,44360780100.0
2024-01-10,1319,43710155325.0
2024-01-11,1319,44538223220.0
2024-01-12,1319,43769303032.0
2024-01-15,1319,45011404875.0
2024-01-16,1319,45366291116.0
2024-01-17,1319,45247995702.0
2024-01-18,1319,45898620477.0
2024-01-19,1319,45307143409.0
2024-01-22,1319,44952257168.0
2024-01-23,1319,47436460854.0
2024-01-24,1319,47909642508.0
2024-01-25,1319,51221914089.0
2024-01-26,1319,51044470968.0
2024-01-29,1319,51281061796.0
2024-01-30,1319,50867027848.0
2024-01-31,1319,50452993900.0
2024-02-01,1319,49743221419.0
2024-02-02,1319,49092596644.0
2024-02-05,1319,50275550780.0
2024-02-15,1319,52878049879.0
2024-02-16,1319,54534185670.0
2024-02-19,1319,55303105858.0
2024-02-20,1319,54297594842.0
2024-02-21,1319,55007367324.0
2024-02-22,1319,56190321460.0
2024-02-23,1319,55007367324.0
2024-02-26,1319,56190321460.0
2024-02-27,1319,58615377439.0
2024-02-29,1319,58497082025.0
2024-03-01,1319,59443445334.0
2024-03-04,1319,58911115973.0
2024-03-05,1319,59147706800.0
2024-03-06,1319,60922138004.0
2024-03-07,1319,59088559093.0
2024-03-08,1319,57077537062.0
2024-03-11,1319,58201343491.0
2024-03-12,1319,63879523344.0
2024-03-13,1319,66836908684.0
2024-03-14,1319,66245431616.0
2024-03-15,1319,68315601354.0
2024-03-18,1319,73934633500.0
2024-03-19,1319,74821849102.0
2024-03-20,1319,71864463762.0
2024-03-21,1319,70977248160.0
2024-03-22,1319,69794294024.0
2024-03-25,1319,70090032558.0
2024-03-26,1319,70090032558.0
2024-03-27,1319,73934633500.0
2024-03-28,1319,73934633500.0
2024-03-29,1319,73934633500.0
2024-04-01,1319,72751679364.0
2024-04-02,1319,73047417898.0
2024-04-03,1319,71272986694.0
2024-04-08,1319,72160202296.0
2024-04-09,1319,72455940830.0
2024-04-10,1319,72751679364.0
2024-04-11,1319,72751679364.0
2024-04-12,1319,77779234442.0
2024-04-15,1319,75413326170.0
2024-04-16,1319,74821849102.0
2024-04-17,1319,76596280306.0
2024-04-18,1319,75117587636.0
2024-04-19,1319,73047417898.0
2024-04-22,1319,71568725228.0
2024-04-23,1319,70681509626.0
2024-04-24,1319,69498555490.0
2024-04-25,1319,69498555490.0
2024-04-26,1319,68611339888.0
2024-04-29,1319,72455940830.0
2024-04-30,1319,70385771092.0
2024-05-02,1319,72455940830.0
2024-05-03,1319,70681509626.0
2024-05-06,1319,68315601354.0
2024-05-07,1319,67428385752.0
2024-05-08,1319,68611339888.0
2024-05-09,1319,67724124286.0
2024-05-10,1319,67428385752.0
2024-05-13,1319,65949693082.0
2024-05-14,1319,68907078422.0
2024-05-15,1319,68315601354.0
2024-05-16,1319,66245431616.0
2024-05-17,1319,68019862820.0
2024-05-20,1319,74821849102.0
2024-05-21,1319,73343156432.0
2024-05-22,1319,71272986694.0
2024-05-23,1319,66245431616.0
2024-05-24,1319,67132647218.0
2024-05-27,1319,67132647218.0
2024-05-28,1319,71272986694.0
2024-05-29,1319,70090032558.0
2024-05-30,1319,68019862820.0
2024-05-31,1319,66541170150.0
2024-06-03,1319,68315601354.0
2024-06-04,1319,69202816956.0
2024-06-05,1319,68019862820.0
2024-06-06,1319,67428385752.0
2024-06-07,1319,67724124286.0
2024-06-11,1319,70385771092.0
2024-06-12,1319,70977248160.0
2024-06-13,1319,70385771092.0
2024-06-14,1319,69794294024.0
2024-06-17,1319,70385771092.0
2024-06-18,1319,72751679364.0
2024-06-19,1319,72455940830.0
2024-06-20,1319,69498555490.0
2024-06-21,1319,69498555490.0
2024-06-24,1319,66836908684.0
2024-06-25,1319,65653954548.0
2024-06-26,1319,66836908684.0
2024-06-27,1319,64471000412.0
2024-06-28,1319,63879523344.0
2024-07-01,1319,63879523344.0
2024-07-02,1319,63879523344.0
2024-07-03,1319,65653954548.0
2024-07-04,1319,65358216014.0
2024-07-05,1319,64766738946.0
2024-07-08,1319,62696569208.0
2024-07-09,1319,60330660936.0
2024-07-10,1319,61217876538.0
2024-07-11,1319,60034922402.0
2024-07-12,1319,60626399470.0
2024-07-15,1319,60626399470.0
2024-07-16,1319,60034922402.0
2024-07-17,1319,59147706800.0
2024-07-18,1319,58615377439.0
2024-07-19,1319,57787309544.0
2024-07-22,1319,56367764580.0
2024-07-23,1319,57491571010.0
2024-07-26,1319,56308616874.0
2024-07-29,1319,55007367324.0
2024-07-30,1319,56900093942.0
2024-07-31,1319,54889071910.0
2024-08-01,1319,57195832476.0
2024-08-02,1319,54770776497.0
2024-08-05,1319,49743221419.0
2024-08-06,1319,50098107660.0
2024-08-07,1319,53232936120.0
2024-08-08,1319,51458504916.0
2024-08-09,1319,52937197586.0
2024-08-12,1319,53528674654.0
2024-08-13,1319,53232936120.0
2024-08-14,1319,54356742549.0
2024-08-15,1319,53351231534.0
2024-08-16,1319,53765265481.0
2024-08-19,1319,53528674654.0
2024-08-20,1319,55421401272.0
2024-08-21,1319,54179299429.0
2024-08-22,1319,54415890256.0
2024-08-23,1319,54061004015.0
2024-08-26,1319,55539696685.0
2024-08-27,1319,55362253565.0
2024-08-28,1319,57018389355.0
2024-08-29,1319,56545207701.0
2024-08-30,1319,56722650821.0
2024-09-02,1319,56604355408.0
2024-09-03,1319,57195832476.0
2024-09-04,1319,56190321460.0
2024-09-05,1319,58556229732.0
2024-09-06,1319,60922138004.0
2024-09-09,1319,60922138004.0
2024-09-10,1319,62696569208.0
2024-09-11,1319,60922138004.0
2024-09-12,1319,62105092140.0
2024-09-13,1319,64175261878.0
2024-09-16,1319,63583784810.0
2024-09-18,1319,62105092140.0
2024-09-19,1319,62696569208.0
2024-09-20,1319,66245431616.0
2024-09-23,1319,65653954548.0
2024-09-24,1319,65062477480.0
2024-09-25,1319,64766738946.0
2024-09-26,1319,64471000412.0
2024-09-27,1319,62400830674.0
2024-09-30,1319,62992307742.0
2024-10-01,1319,61217876538.0
2024-10-04,1319,60626399470.0
2024-10-07,1319,63288046276.0
2024-10-08,1319,60626399470.0
2024-10-09,1319,62992307742.0
2024-10-11,1319,61513615072.0
2024-10-14,1319,62105092140.0
2024-10-15,1319,63879523344.0
2024-10-16,1319,62400830674.0
2024-10-17,1319,62105092140.0
2024-10-18,1319,61513615072.0
2024-10-21,1319,62105092140.0
2024-10-22,1319,62696569208.0
2024-10-23,1319,62696569208.0
2024-10-24,1319,62992307742.0
2024-10-25,1319,63583784810.0
2024-10-28,1319,62105092140.0
2024-10-29,1319,62696569208.0
2024-10-30,1319,63288046276.0
2024-11-01,1319,64175261878.0
2024-11-04,1319,64471000412.0
2024-11-05,1319,64766738946.0
2024-11-06,1319,62992307742.0
2024-11-07,1319,64175261878.0
2024-11-08,1319,63288046276.0
2024-11-11,1319,63583784810.0
2024-11-12,1319,62992307742.0
2024-11-13,1319,62696569208.0
2024-11-14,1319,64766738946.0
2024-11-15,1319,67132647218.0
2024-11-18,1319,65653954548.0
2024-11-19,1319,65949693082.0
2024-11-20,1319,65062477480.0
2024-11-21,1319,64766738946.0
2024-11-22,1319,65062477480.0
2024-11-25,1319,65653954548.0
2024-11-26,1319,68019862820.0
2024-11-27,1319,67724124286.0
2024-11-28,1319,69498555490.0
2024-11-29,1319,70090032558.0
2024-12-02,1319,69794294024.0
2024-12-03,1319,69202816956.0
2024-12-04,1319,69202816956.0
2024-12-05,1319,69498555490.0
2024-12-06,1319,68019862820.0
2024-12-09,1319,67132647218.0
2024-12-10,1319,65062477480.0
2024-12-11,1319,65358216014.0
2024-12-12,1319,68019862820.0
2024-12-13,1319,66245431616.0
2024-12-16,1319,65949693082.0
2024-12-17,1319,67132647218.0
2024-12-18,1319,68611339888.0
2024-12-19,1319,65653954548.0
2024-12-20,1319,67428385752.0
2024-12-23,1319,68019862820.0
2024-12-24,1319,68019862820.0
2024-12-25,1319,67724124286.0
2024-12-26,1319,67724124286.0
2024-12-27,1319,65358216014.0
2024-12-30,1319,67132647218.0
2024-12-31,1319,66245431616.0
