date,stock_id,market_value
2005-01-03,2105,42167610547.0
2005-01-04,2105,41852926966.0
2005-01-05,2105,41748032412.0
2005-01-06,2105,41957821520.0
2005-01-07,2105,41748032412.0
2005-01-10,2105,41748032412.0
2005-01-11,2105,42062716074.0
2005-01-12,2105,41643137859.0
2005-01-13,2105,41643137859.0
2005-01-14,2105,41643137859.0
2005-01-17,2105,41748032412.0
2005-01-18,2105,41223559643.0
2005-01-19,2105,40699086874.0
2005-01-20,2105,40069719552.0
2005-01-21,2105,40174614105.0
2005-01-24,2105,39650141336.0
2005-01-25,2105,39964824998.0
2005-01-26,2105,39964824998.0
2005-01-27,2105,39964824998.0
2005-01-28,2105,39755035890.0
2005-01-31,2105,40489297767.0
2005-02-01,2105,40489297767.0
2005-02-02,2105,40489297767.0
2005-02-03,2105,40069719552.0
2005-02-14,2105,40384403213.0
2005-02-15,2105,40489297767.0
2005-02-16,2105,40594192321.0
2005-02-17,2105,40069719552.0
2005-02-18,2105,39964824998.0
2005-02-21,2105,40174614105.0
2005-02-22,2105,40174614105.0
2005-02-23,2105,39859930444.0
2005-02-24,2105,39964824998.0
2005-02-25,2105,40803981428.0
2005-03-01,2105,41852926966.0
2005-03-02,2105,41538243305.0
2005-03-03,2105,41223559643.0
2005-03-04,2105,41223559643.0
2005-03-07,2105,41538243305.0
2005-03-08,2105,41538243305.0
2005-03-09,2105,41538243305.0
2005-03-10,2105,41223559643.0
2005-03-11,2105,41643137859.0
2005-03-14,2105,41328454197.0
2005-03-15,2105,40961323259.0
2005-03-16,2105,40908875982.0
2005-03-17,2105,40384403213.0
2005-03-18,2105,40384403213.0
2005-03-21,2105,40541745044.0
2005-03-22,2105,40384403213.0
2005-03-23,2105,40279508659.0
2005-03-24,2105,39702588613.0
2005-03-25,2105,39964824998.0
2005-03-28,2105,39912377721.0
2005-03-29,2105,39650141336.0
2005-03-30,2105,39807483167.0
2005-03-31,2105,39807483167.0
2005-04-01,2105,39912377721.0
2005-04-04,2105,40174614105.0
2005-04-06,2105,39387904952.0
2005-04-07,2105,39335457675.0
2005-04-08,2105,38915879460.0
2005-04-11,2105,39125668567.0
2005-04-12,2105,38496301245.0
2005-04-13,2105,38601195798.0
2005-04-14,2105,39020774014.0
2005-04-15,2105,38548748522.0
2005-04-18,2105,38338959414.0
2005-04-19,2105,37552250260.0
2005-04-20,2105,36922882938.0
2005-04-21,2105,36083726507.0
2005-04-22,2105,34824991862.0
2005-04-25,2105,36188621061.0
2005-04-26,2105,36136173784.0
2005-04-27,2105,36293515615.0
2005-04-28,2105,36975330215.0
2005-04-29,2105,37027777491.0
2005-05-03,2105,37342461153.0
2005-05-04,2105,37971828476.0
2005-05-05,2105,38968326737.0
2005-05-06,2105,38286512137.0
2005-05-09,2105,37027777491.0
2005-05-10,2105,36713093830.0
2005-05-11,2105,36713093830.0
2005-05-12,2105,37027777491.0
2005-05-13,2105,37762039368.0
2005-05-16,2105,37185119322.0
2005-05-17,2105,37080224768.0
2005-05-18,2105,37080224768.0
2005-05-19,2105,36922882938.0
2005-05-20,2105,36660646553.0
2005-05-23,2105,36660646553.0
2005-05-24,2105,36922882938.0
2005-05-25,2105,36450857446.0
2005-05-26,2105,36293515615.0
2005-05-27,2105,36503304722.0
2005-05-30,2105,36713093830.0
2005-05-31,2105,36503304722.0
2005-06-01,2105,36503304722.0
2005-06-02,2105,37657144814.0
2005-06-03,2105,37604697537.0
2005-06-06,2105,37237566599.0
2005-06-07,2105,36608199276.0
2005-06-08,2105,36975330215.0
2005-06-09,2105,37027777491.0
2005-06-10,2105,36870435661.0
2005-06-13,2105,37394908430.0
2005-06-14,2105,38286512137.0
2005-06-15,2105,38810984906.0
2005-06-16,2105,38286512137.0
2005-06-17,2105,38496301245.0
2005-06-20,2105,38338959414.0
2005-06-21,2105,38496301245.0
2005-06-22,2105,38129170306.0
2005-06-23,2105,38181617583.0
2005-06-24,2105,37814486645.0
2005-06-27,2105,37762039368.0
2005-06-28,2105,37866933922.0
2005-06-29,2105,37342461153.0
2005-06-30,2105,37290013876.0
2005-07-01,2105,37394908430.0
2005-07-04,2105,37342461153.0
2005-07-05,2105,36870435661.0
2005-07-06,2105,36398410169.0
2005-07-07,2105,36188621061.0
2005-07-08,2105,36188621061.0
2005-07-11,2105,36136173784.0
2005-07-12,2105,36136173784.0
2005-07-13,2105,35664148292.0
2005-07-14,2105,35192122800.0
2005-07-15,2105,35926384677.0
2005-07-19,2105,35769042846.0
2005-07-20,2105,35664148292.0
2005-07-21,2105,35873937400.0
2005-07-22,2105,38338959414.0
2005-07-25,2105,38601195798.0
2005-07-26,2105,37919381199.0
2005-07-27,2105,37237566599.0
2005-07-28,2105,37762039368.0
2005-07-29,2105,37290013876.0
2005-08-01,2105,36398410169.0
2005-08-02,2105,36398410169.0
2005-08-03,2105,37237566599.0
2005-08-04,2105,36870435661.0
2005-08-08,2105,33041784447.0
2005-08-09,2105,33461362662.0
2005-08-10,2105,33251573555.0
2005-08-11,2105,33356468108.0
2005-08-12,2105,34038282708.0
2005-08-15,2105,33618704493.0
2005-08-16,2105,33356468108.0
2005-08-17,2105,33146679001.0
2005-08-18,2105,33146679001.0
2005-08-19,2105,32936889893.0
2005-08-22,2105,33251573555.0
2005-08-23,2105,33251573555.0
2005-08-24,2105,32989337170.0
2005-08-25,2105,32884442616.0
2005-08-26,2105,32936889893.0
2005-08-29,2105,32150180740.0
2005-08-30,2105,32412417124.0
2005-08-31,2105,34667650031.0
2005-09-02,2105,32255075294.0
2005-09-05,2105,30996340648.0
2005-09-06,2105,30419420602.0
2005-09-07,2105,30314526048.0
2005-09-08,2105,32663639560.0
2005-09-09,2105,31923870719.0
2005-09-12,2105,30558143630.0
2005-09-13,2105,29761469494.0
2005-09-14,2105,29420037722.0
2005-09-15,2105,29078605949.0
2005-09-16,2105,29192416540.0
2005-09-19,2105,29135511245.0
2005-09-20,2105,29704564199.0
2005-09-21,2105,29647658903.0
2005-09-22,2105,29363132426.0
2005-09-23,2105,29647658903.0
2005-09-26,2105,29647658903.0
2005-09-27,2105,29533848313.0
2005-09-28,2105,29476943017.0
2005-09-29,2105,29875280085.0
2005-09-30,2105,30785764811.0
2005-10-03,2105,30728859516.0
2005-10-04,2105,31070291288.0
2005-10-05,2105,31297912470.0
2005-10-06,2105,31468628356.0
2005-10-07,2105,31354817765.0
2005-10-11,2105,31354817765.0
2005-10-12,2105,31468628356.0
2005-10-13,2105,31468628356.0
2005-10-14,2105,31582438947.0
2005-10-17,2105,31468628356.0
2005-10-18,2105,30728859516.0
2005-10-19,2105,29761469494.0
2005-10-20,2105,29761469494.0
2005-10-21,2105,29476943017.0
2005-10-24,2105,27940500041.0
2005-10-25,2105,27769784155.0
2005-10-26,2105,28111215928.0
2005-10-27,2105,27883594746.0
2005-10-28,2105,27655973564.0
2005-10-31,2105,27542162974.0
2005-11-01,2105,27428352383.0
2005-11-02,2105,26745488838.0
2005-11-03,2105,26460962361.0
2005-11-04,2105,26233341179.0
2005-11-07,2105,25152140567.0
2005-11-08,2105,24526182317.0
2005-11-09,2105,25038329976.0
2005-11-10,2105,26745488838.0
2005-11-11,2105,26631678247.0
2005-11-14,2105,26916204724.0
2005-11-15,2105,27599068269.0
2005-11-16,2105,28566458291.0
2005-11-17,2105,29021700654.0
2005-11-18,2105,29021700654.0
2005-11-21,2105,29875280085.0
2005-11-22,2105,29476943017.0
2005-11-23,2105,28794079472.0
2005-11-24,2105,28225026518.0
2005-11-25,2105,28395742405.0
2005-11-28,2105,28566458291.0
2005-11-29,2105,29021700654.0
2005-11-30,2105,29363132426.0
2005-12-01,2105,29078605949.0
2005-12-02,2105,30501238334.0
2005-12-05,2105,32606734264.0
2005-12-06,2105,34086271945.0
2005-12-07,2105,33005071332.0
2005-12-08,2105,32322207787.0
2005-12-09,2105,32208397196.0
2005-12-12,2105,32436018378.0
2005-12-13,2105,32208397196.0
2005-12-14,2105,32492923673.0
2005-12-15,2105,32720544855.0
2005-12-16,2105,31980776015.0
2005-12-19,2105,32436018378.0
2005-12-20,2105,33915556058.0
2005-12-21,2105,34256987831.0
2005-12-22,2105,33403408400.0
2005-12-23,2105,33744840172.0
2005-12-26,2105,33346503104.0
2005-12-27,2105,32606734264.0
2005-12-28,2105,32265302492.0
2005-12-29,2105,32720544855.0
2005-12-30,2105,33005071332.0
2006-01-02,2105,30785764811.0
2006-01-03,2105,30842670107.0
2006-01-04,2105,30558143630.0
2006-01-05,2105,31354817765.0
2006-01-06,2105,31241007175.0
2006-01-09,2105,31241007175.0
2006-01-10,2105,31753154833.0
2006-01-11,2105,32891260741.0
2006-01-12,2105,32549828969.0
2006-01-13,2105,32322207787.0
2006-01-16,2105,31639344242.0
2006-01-17,2105,31639344242.0
2006-01-18,2105,29590753608.0
2006-01-19,2105,28794079472.0
2006-01-20,2105,28281931814.0
2006-01-23,2105,27542162974.0
2006-01-24,2105,27314541792.0
2006-01-25,2105,27883594746.0
2006-02-03,2105,27997405337.0
2006-02-06,2105,27997405337.0
2006-02-07,2105,28680268882.0
2006-02-08,2105,28395742405.0
2006-02-09,2105,28338837109.0
2006-02-10,2105,28111215928.0
2006-02-13,2105,27769784155.0
2006-02-14,2105,27883594746.0
2006-02-15,2105,27542162974.0
2006-02-16,2105,27655973564.0
2006-02-17,2105,28338837109.0
2006-02-20,2105,28281931814.0
2006-02-21,2105,27883594746.0
2006-02-22,2105,27428352383.0
2006-02-23,2105,27485257678.0
2006-02-24,2105,27542162974.0
2006-02-27,2105,27371447087.0
2006-03-01,2105,28111215928.0
2006-03-02,2105,28566458291.0
2006-03-03,2105,27997405337.0
2006-03-06,2105,27655973564.0
2006-03-07,2105,27485257678.0
2006-03-08,2105,27428352383.0
2006-03-09,2105,27428352383.0
2006-03-10,2105,27485257678.0
2006-03-13,2105,27542162974.0
2006-03-14,2105,27542162974.0
2006-03-15,2105,27371447087.0
2006-03-16,2105,27314541792.0
2006-03-17,2105,27143825906.0
2006-03-20,2105,27030015315.0
2006-03-21,2105,27086920610.0
2006-03-22,2105,26802394133.0
2006-03-23,2105,26290246475.0
2006-03-24,2105,26347151770.0
2006-03-27,2105,26517867656.0
2006-03-28,2105,26517867656.0
2006-03-29,2105,26347151770.0
2006-03-30,2105,26631678247.0
2006-03-31,2105,26973110020.0
2006-04-03,2105,27143825906.0
2006-04-04,2105,25493572339.0
2006-04-06,2105,27257636497.0
2006-04-07,2105,28111215928.0
2006-04-10,2105,27997405337.0
2006-04-11,2105,27314541792.0
2006-04-12,2105,27542162974.0
2006-04-13,2105,27883594746.0
2006-04-14,2105,27997405337.0
2006-04-17,2105,28737174177.0
2006-04-18,2105,28338837109.0
2006-04-19,2105,27940500041.0
2006-04-20,2105,27542162974.0
2006-04-21,2105,27769784155.0
2006-04-24,2105,27655973564.0
2006-04-25,2105,29590753608.0
2006-04-26,2105,29533848313.0
2006-04-27,2105,29306227131.0
2006-04-28,2105,28964795359.0
2006-05-02,2105,29818374790.0
2006-05-03,2105,31866965424.0
2006-05-04,2105,32606734264.0
2006-05-05,2105,31866965424.0
2006-05-08,2105,33005071332.0
2006-05-09,2105,33631029581.0
2006-05-10,2105,35964146693.0
2006-05-11,2105,34598419603.0
2006-05-12,2105,33801745468.0
2006-05-15,2105,32777450150.0
2006-05-16,2105,31297912470.0
2006-05-17,2105,31866965424.0
2006-05-18,2105,31582438947.0
2006-05-19,2105,31810060129.0
2006-05-22,2105,30159806562.0
2006-05-23,2105,30159806562.0
2006-05-24,2105,31297912470.0
2006-05-25,2105,31980776015.0
2006-05-26,2105,32379113083.0
2006-05-29,2105,32265302492.0
2006-05-30,2105,30956480698.0
2006-06-01,2105,30899575402.0
2006-06-02,2105,31639344242.0
2006-06-05,2105,29476943017.0
2006-06-06,2105,29135511245.0
2006-06-07,2105,29249321836.0
2006-06-08,2105,27997405337.0
2006-06-09,2105,28281931814.0
2006-06-12,2105,27655973564.0
2006-06-13,2105,27769784155.0
2006-06-14,2105,29704564199.0
2006-06-15,2105,30671954221.0
2006-06-16,2105,31923870719.0
2006-06-19,2105,32265302492.0
2006-06-20,2105,30671954221.0
2006-06-21,2105,30045995971.0
2006-06-22,2105,31297912470.0
2006-06-23,2105,31582438947.0
2006-06-26,2105,31753154833.0
2006-06-27,2105,32094586606.0
2006-06-28,2105,32948166037.0
2006-06-29,2105,32492923673.0
2006-06-30,2105,32265302492.0
2006-07-03,2105,31866965424.0
2006-07-04,2105,31639344242.0
2006-07-05,2105,30785764811.0
2006-07-06,2105,31013385993.0
2006-07-07,2105,30558143630.0
2006-07-10,2105,30842670107.0
2006-07-11,2105,30728859516.0
2006-07-12,2105,30615048925.0
2006-07-13,2105,30330522448.0
2006-07-14,2105,29590753608.0
2006-07-17,2105,28395742405.0
2006-07-18,2105,27883594746.0
2006-07-19,2105,29135511245.0
2006-07-20,2105,29476943017.0
2006-07-21,2105,29932185380.0
2006-07-24,2105,31297912470.0
2006-07-25,2105,31753154833.0
2006-07-26,2105,31525533652.0
2006-07-27,2105,30671954221.0
2006-07-28,2105,31070291288.0
2006-07-31,2105,30615048925.0
2006-08-01,2105,32094586606.0
2006-08-02,2105,31810060129.0
2006-08-03,2105,31866965424.0
2006-08-04,2105,32094586606.0
2006-08-07,2105,28566458291.0
2006-08-08,2105,29363132426.0
2006-08-09,2105,30728859516.0
2006-08-10,2105,30842670107.0
2006-08-11,2105,29590753608.0
2006-08-14,2105,30501238334.0
2006-08-15,2105,31013385993.0
2006-08-16,2105,31866965424.0
2006-08-17,2105,31866965424.0
2006-08-18,2105,31241007175.0
2006-08-21,2105,30842670107.0
2006-08-22,2105,31582438947.0
2006-08-23,2105,31297912470.0
2006-08-24,2105,31070291288.0
2006-08-25,2105,30615048925.0
2006-08-28,2105,30558143630.0
2006-08-29,2105,30671954221.0
2006-08-30,2105,31980776015.0
2006-08-31,2105,31468628356.0
2006-09-01,2105,31639344242.0
2006-09-04,2105,31639344242.0
2006-09-05,2105,32940768360.0
2006-09-06,2105,32697213696.0
2006-09-07,2105,33488766355.0
2006-09-08,2105,33123434358.0
2006-09-11,2105,33610543687.0
2006-09-12,2105,34280319014.0
2006-09-13,2105,35071871674.0
2006-09-14,2105,35193649006.0
2006-09-15,2105,35558981002.0
2006-09-18,2105,37750972982.0
2006-09-19,2105,39212300968.0
2006-09-20,2105,38725191640.0
2006-09-21,2105,39942964962.0
2006-09-22,2105,39760298963.0
2006-09-25,2105,39516744299.0
2006-09-26,2105,39516744299.0
2006-09-27,2105,39760298963.0
2006-09-28,2105,39029634970.0
2006-09-29,2105,39455855633.0
2006-10-02,2105,41465181614.0
2006-10-03,2105,41465181614.0
2006-10-04,2105,40369185624.0
2006-10-05,2105,42074068275.0
2006-10-11,2105,44996724248.0
2006-10-12,2105,44814058250.0
2006-10-13,2105,44387837587.0
2006-10-16,2105,43230952931.0
2006-10-17,2105,42500288938.0
2006-10-18,2105,41891402277.0
2006-10-19,2105,40795406287.0
2006-10-20,2105,41343404282.0
2006-10-23,2105,42134956941.0
2006-10-24,2105,42439400272.0
2006-10-25,2105,41586958946.0
2006-10-26,2105,41404292948.0
2006-10-27,2105,39577632965.0
2006-10-30,2105,39394966967.0
2006-10-31,2105,39090523636.0
2006-11-01,2105,39821187629.0
2006-11-02,2105,39273189635.0
2006-11-03,2105,42013179609.0
2006-11-06,2105,42561177604.0
2006-11-07,2105,41404292948.0
2006-11-08,2105,41343404282.0
2006-11-09,2105,40856294953.0
2006-11-10,2105,41099849618.0
2006-11-13,2105,41282515616.0
2006-11-14,2105,40490962957.0
2006-11-15,2105,40186519626.0
2006-11-16,2105,40186519626.0
2006-11-17,2105,41038960951.0
2006-11-20,2105,40308296958.0
2006-11-21,2105,39760298963.0
2006-11-22,2105,40003853628.0
2006-11-23,2105,41282515616.0
2006-11-24,2105,40125630960.0
2006-11-27,2105,41282515616.0
2006-11-28,2105,42134956941.0
2006-11-29,2105,41282515616.0
2006-11-30,2105,41647847612.0
2006-12-01,2105,41647847612.0
2006-12-04,2105,43109175599.0
2006-12-05,2105,41526070280.0
2006-12-06,2105,42378511606.0
2006-12-07,2105,42013179609.0
2006-12-08,2105,41647847612.0
2006-12-11,2105,41647847612.0
2006-12-12,2105,41891402277.0
2006-12-13,2105,41160738284.0
2006-12-14,2105,40551851623.0
2006-12-15,2105,40795406287.0
2006-12-18,2105,40551851623.0
2006-12-19,2105,39699410297.0
2006-12-20,2105,39760298963.0
2006-12-21,2105,39029634970.0
2006-12-22,2105,38542525641.0
2006-12-25,2105,39334078301.0
2006-12-26,2105,40125630960.0
2006-12-27,2105,39760298963.0
2006-12-28,2105,38481636975.0
2006-12-29,2105,39273189635.0
2007-01-02,2105,39334078301.0
2007-01-03,2105,38907857638.0
2007-01-04,2105,38359859643.0
2007-01-05,2105,37750972982.0
2007-01-08,2105,39334078301.0
2007-01-09,2105,39699410297.0
2007-01-10,2105,40308296958.0
2007-01-11,2105,38359859643.0
2007-01-12,2105,38786080306.0
2007-01-15,2105,38786080306.0
2007-01-16,2105,38725191640.0
2007-01-17,2105,38725191640.0
2007-01-18,2105,39212300968.0
2007-01-19,2105,38846968972.0
2007-01-22,2105,39882076296.0
2007-01-23,2105,41038960951.0
2007-01-24,2105,40978072285.0
2007-01-25,2105,40186519626.0
2007-01-26,2105,39334078301.0
2007-01-29,2105,39273189635.0
2007-01-30,2105,38968746304.0
2007-01-31,2105,38968746304.0
2007-02-01,2105,38968746304.0
2007-02-02,2105,39455855633.0
2007-02-05,2105,38968746304.0
2007-02-06,2105,38846968972.0
2007-02-07,2105,38968746304.0
2007-02-08,2105,39090523636.0
2007-02-09,2105,39455855633.0
2007-02-12,2105,39334078301.0
2007-02-13,2105,39455855633.0
2007-02-14,2105,40125630960.0
2007-02-26,2105,39212300968.0
2007-02-27,2105,39212300968.0
2007-03-01,2105,37750972982.0
2007-03-02,2105,36959420323.0
2007-03-05,2105,35376315004.0
2007-03-06,2105,35863424333.0
2007-03-07,2105,35741647001.0
2007-03-08,2105,36533199660.0
2007-03-09,2105,36533199660.0
2007-03-12,2105,36472310994.0
2007-03-13,2105,35802535667.0
2007-03-14,2105,35193649006.0
2007-03-15,2105,35437203670.0
2007-03-16,2105,36046090331.0
2007-03-19,2105,36106978997.0
2007-03-20,2105,36289644996.0
2007-03-21,2105,36106978997.0
2007-03-22,2105,36289644996.0
2007-03-23,2105,35985201665.0
2007-03-26,2105,36106978997.0
2007-03-27,2105,36350533662.0
2007-03-28,2105,37324752319.0
2007-03-29,2105,37629195650.0
2007-03-30,2105,37629195650.0
2007-04-02,2105,37629195650.0
2007-04-03,2105,37020308989.0
2007-04-04,2105,37202974987.0
2007-04-09,2105,37750972982.0
2007-04-10,2105,38238082311.0
2007-04-11,2105,37750972982.0
2007-04-12,2105,38725191640.0
2007-04-13,2105,38238082311.0
2007-04-16,2105,39699410297.0
2007-04-17,2105,38420748309.0
2007-04-18,2105,38968746304.0
2007-04-19,2105,40003853628.0
2007-04-20,2105,40064742294.0
2007-04-23,2105,41282515616.0
2007-04-24,2105,42743843602.0
2007-04-25,2105,42622066270.0
2007-04-26,2105,43778950926.0
2007-04-27,2105,42013179609.0
2007-04-30,2105,42013179609.0
2007-05-02,2105,41160738284.0
2007-05-03,2105,40551851623.0
2007-05-04,2105,42134956941.0
2007-05-07,2105,42439400272.0
2007-05-08,2105,41404292948.0
2007-05-09,2105,41404292948.0
2007-05-10,2105,42195845607.0
2007-05-11,2105,42500288938.0
2007-05-14,2105,42622066270.0
2007-05-15,2105,42013179609.0
2007-05-16,2105,41891402277.0
2007-05-17,2105,42987398267.0
2007-05-18,2105,42622066270.0
2007-05-21,2105,43048286933.0
2007-05-22,2105,42987398267.0
2007-05-23,2105,42987398267.0
2007-05-24,2105,42926509601.0
2007-05-25,2105,42013179609.0
2007-05-28,2105,43413618929.0
2007-05-29,2105,43413618929.0
2007-05-30,2105,43839839592.0
2007-05-31,2105,46031831572.0
2007-06-01,2105,46214497570.0
2007-06-04,2105,46397163568.0
2007-06-05,2105,46397163568.0
2007-06-06,2105,46762495565.0
2007-06-07,2105,46640718233.0
2007-06-08,2105,46701606899.0
2007-06-11,2105,47614936890.0
2007-06-12,2105,47310493560.0
2007-06-13,2105,47554048224.0
2007-06-14,2105,47493159558.0
2007-06-15,2105,49076264877.0
2007-06-20,2105,48710932880.0
2007-06-21,2105,49258930875.0
2007-06-22,2105,49319819541.0
2007-06-25,2105,49746040204.0
2007-06-26,2105,48710932880.0
2007-06-27,2105,49137153543.0
2007-06-28,2105,50050483534.0
2007-06-29,2105,51146479524.0
2007-07-02,2105,53582026168.0
2007-07-03,2105,54556244826.0
2007-07-04,2105,54556244826.0
2007-07-05,2105,58331342124.0
2007-07-06,2105,61862884758.0
2007-07-09,2105,61375775429.0
2007-07-10,2105,60218890773.0
2007-07-11,2105,59062006117.0
2007-07-12,2105,58453119456.0
2007-07-13,2105,59427338114.0
2007-07-16,2105,60401556771.0
2007-07-17,2105,61497552761.0
2007-07-18,2105,64663763398.0
2007-07-19,2105,65150872727.0
2007-07-20,2105,64907318063.0
2007-07-23,2105,64054876737.0
2007-07-24,2105,66003314052.0
2007-07-25,2105,68804192693.0
2007-07-26,2105,65881536720.0
2007-07-27,2105,66368646049.0
2007-07-30,2105,66246868717.0
2007-07-31,2105,70630852676.0
2007-08-01,2105,65759759388.0
2007-08-02,2105,62349994086.0
2007-08-03,2105,63689544741.0
2007-08-06,2105,64785540730.0
2007-08-07,2105,65150872727.0
2007-08-08,2105,69656634018.0
2007-08-09,2105,71848625998.0
2007-08-10,2105,74284172642.0
2007-08-13,2105,71239739337.0
2007-08-14,2105,69413079354.0
2007-08-15,2105,64785540730.0
2007-08-16,2105,62106439422.0
2007-08-17,2105,62837103415.0
2007-08-20,2105,67221087374.0
2007-08-21,2105,70021966015.0
2007-08-22,2105,68560638029.0
2007-08-23,2105,69047747357.0
2007-08-24,2105,68804192693.0
2007-08-27,2105,66490423381.0
2007-08-28,2105,63933099405.0
2007-08-29,2105,68317083364.0
2007-08-30,2105,71605071334.0
2007-08-31,2105,73675285981.0
2007-09-03,2105,78789933933.0
2007-09-04,2105,78789933933.0
2007-09-05,2105,77693937944.0
2007-09-06,2105,78668156601.0
2007-09-07,2105,78059269940.0
2007-09-10,2105,78546379269.0
2007-09-11,2105,78059269940.0
2007-09-12,2105,78302824605.0
2007-09-13,2105,76476164622.0
2007-09-14,2105,79155265930.0
2007-09-17,2105,83417472557.0
2007-09-19,2105,84635245879.0
2007-09-20,2105,81590812574.0
2007-09-21,2105,85853019201.0
2007-09-26,2105,86340128530.0
2007-09-27,2105,87070792523.0
2007-09-28,2105,90115225828.0
2007-10-01,2105,89506339167.0
2007-10-02,2105,88897452506.0
2007-10-03,2105,90602335157.0
2007-10-04,2105,84635245879.0
2007-10-05,2105,86218351198.0
2007-10-08,2105,85122355208.0
2007-10-09,2105,83417472557.0
2007-10-11,2105,85244132540.0
2007-10-12,2105,85244132540.0
2007-10-15,2105,86461905862.0
2007-10-16,2105,85487687204.0
2007-10-17,2105,82199699235.0
2007-10-18,2105,82321476567.0
2007-10-19,2105,82199699235.0
2007-10-22,2105,77693937944.0
2007-10-23,2105,80373039252.0
2007-10-24,2105,79155265930.0
2007-10-25,2105,82199699235.0
2007-10-26,2105,80373039252.0
2007-10-29,2105,82808585896.0
2007-10-30,2105,82565031232.0
2007-10-31,2105,77328605947.0
2007-11-01,2105,72092180662.0
2007-11-02,2105,70021966015.0
2007-11-05,2105,72579289991.0
2007-11-06,2105,70630852676.0
2007-11-07,2105,70630852676.0
2007-11-08,2105,66977532710.0
2007-11-09,2105,71361516669.0
2007-11-12,2105,68560638029.0
2007-11-13,2105,71848625998.0
2007-11-14,2105,74284172642.0
2007-11-15,2105,73675285981.0
2007-11-16,2105,70874407340.0
2007-11-19,2105,69656634018.0
2007-11-20,2105,70630852676.0
2007-11-21,2105,68317083364.0
2007-11-22,2105,68317083364.0
2007-11-23,2105,63567767408.0
2007-11-26,2105,64054876737.0
2007-11-27,2105,59610004112.0
2007-11-28,2105,59610004112.0
2007-11-29,2105,62471771419.0
2007-11-30,2105,66733978046.0
2007-12-03,2105,65272650059.0
2007-12-04,2105,68195306032.0
2007-12-05,2105,67342864707.0
2007-12-06,2105,67586419371.0
2007-12-07,2105,69169524690.0
2007-12-10,2105,67586419371.0
2007-12-11,2105,66977532710.0
2007-12-12,2105,64420208734.0
2007-12-13,2105,59914447442.0
2007-12-14,2105,58453119456.0
2007-12-17,2105,54373578827.0
2007-12-18,2105,55956684146.0
2007-12-19,2105,59853558776.0
2007-12-20,2105,56930902804.0
2007-12-21,2105,56626459473.0
2007-12-24,2105,60158002107.0
2007-12-25,2105,60158002107.0
2007-12-26,2105,59670892778.0
2007-12-27,2105,63202435412.0
2007-12-28,2105,64420208734.0
2007-12-31,2105,64541986066.0
2008-01-02,2105,62837103415.0
2008-01-03,2105,60706000102.0
2008-01-04,2105,61497552761.0
2008-01-07,2105,58696674120.0
2008-01-08,2105,62715326083.0
2008-01-09,2105,64785540730.0
2008-01-10,2105,66977532710.0
2008-01-11,2105,65759759388.0
2008-01-14,2105,70021966015.0
2008-01-15,2105,70021966015.0
2008-01-16,2105,67708196703.0
2008-01-17,2105,64541986066.0
2008-01-18,2105,66490423381.0
2008-01-21,2105,66977532710.0
2008-01-22,2105,62349994086.0
2008-01-23,2105,58209564792.0
2008-01-24,2105,61132220764.0
2008-01-25,2105,63324212744.0
2008-01-28,2105,58940228785.0
2008-01-29,2105,54860688156.0
2008-01-30,2105,55530463483.0
2008-01-31,2105,53947358165.0
2008-02-01,2105,57722455463.0
2008-02-12,2105,57844232795.0
2008-02-13,2105,58818451453.0
2008-02-14,2105,62837103415.0
2008-02-15,2105,62349994086.0
2008-02-18,2105,61741107425.0
2008-02-19,2105,66003314052.0
2008-02-20,2105,64541986066.0
2008-02-21,2105,66003314052.0
2008-02-22,2105,66977532710.0
2008-02-25,2105,69169524690.0
2008-02-26,2105,68195306032.0
2008-02-27,2105,72457512659.0
2008-02-29,2105,71117962005.0
2008-03-03,2105,72213957995.0
2008-03-04,2105,75745500628.0
2008-03-05,2105,73675285981.0
2008-03-06,2105,74771281971.0
2008-03-07,2105,71605071334.0
2008-03-10,2105,68804192693.0
2008-03-11,2105,72457512659.0
2008-03-12,2105,72457512659.0
2008-03-13,2105,70630852676.0
2008-03-14,2105,70630852676.0
2008-03-17,2105,68560638029.0
2008-03-18,2105,68195306032.0
2008-03-19,2105,70630852676.0
2008-03-20,2105,70143743347.0
2008-03-21,2105,72822844656.0
2008-03-24,2105,77815715276.0
2008-03-25,2105,76110832625.0
2008-03-26,2105,75014836635.0
2008-03-27,2105,74284172642.0
2008-03-28,2105,76110832625.0
2008-03-31,2105,75136613967.0
2008-04-01,2105,71848625998.0
2008-04-02,2105,71117962005.0
2008-04-03,2105,70630852676.0
2008-04-07,2105,74040617978.0
2008-04-08,2105,72701067323.0
2008-04-09,2105,74893059303.0
2008-04-10,2105,75867277961.0
2008-04-11,2105,77085051283.0
2008-04-14,2105,74284172642.0
2008-04-15,2105,72457512659.0
2008-04-16,2105,74284172642.0
2008-04-17,2105,72457512659.0
2008-04-18,2105,71726848666.0
2008-04-21,2105,71361516669.0
2008-04-22,2105,72457512659.0
2008-04-23,2105,72579289991.0
2008-04-24,2105,71239739337.0
2008-04-25,2105,69900188683.0
2008-04-28,2105,70630852676.0
2008-04-29,2105,68925970025.0
2008-04-30,2105,70509075344.0
2008-05-02,2105,71117962005.0
2008-05-05,2105,72457512659.0
2008-05-06,2105,71605071334.0
2008-05-07,2105,71117962005.0
2008-05-08,2105,70143743347.0
2008-05-09,2105,68925970025.0
2008-05-12,2105,70143743347.0
2008-05-13,2105,76356822804.0
2008-05-14,2105,76617426295.0
2008-05-15,2105,79093159458.0
2008-05-16,2105,77529538513.0
2008-05-19,2105,78571952476.0
2008-05-20,2105,76226521059.0
2008-05-21,2105,73620486151.0
2008-05-22,2105,72968977424.0
2008-05-23,2105,72317468697.0
2008-05-26,2105,69711433789.0
2008-05-27,2105,70623546007.0
2008-05-28,2105,71014451243.0
2008-05-29,2105,69972037280.0
2008-05-30,2105,67756907608.0
2008-06-02,2105,69581132044.0
2008-06-03,2105,68408416335.0
2008-06-04,2105,67496304117.0
2008-06-05,2105,67366002372.0
2008-06-06,2105,67235700626.0
2008-06-09,2105,65802381427.0
2008-06-10,2105,65020570955.0
2008-06-11,2105,64629665718.0
2008-06-12,2105,60590311611.0
2008-06-13,2105,61893329065.0
2008-06-16,2105,61958479938.0
2008-06-17,2105,59678199393.0
2008-06-18,2105,61111518593.0
2008-06-19,2105,60460009866.0
2008-06-20,2105,57984276703.0
2008-06-23,2105,54726733068.0
2008-06-24,2105,55313090922.0
2008-06-25,2105,57137315358.0
2008-06-26,2105,55508543540.0
2008-06-27,2105,52772206887.0
2008-06-30,2105,53488866487.0
2008-07-01,2105,52381301651.0
2008-07-02,2105,52707056014.0
2008-07-03,2105,55247940050.0
2008-07-04,2105,54075224341.0
2008-07-07,2105,54987336559.0
2008-07-08,2105,53554017359.0
2008-07-09,2105,57202466231.0
2008-07-10,2105,60655462484.0
2008-07-11,2105,59938802884.0
2008-07-14,2105,59222143284.0
2008-07-15,2105,55117638304.0
2008-07-16,2105,54726733068.0
2008-07-17,2105,56616108376.0
2008-07-18,2105,52772206887.0
2008-07-21,2105,54726733068.0
2008-07-22,2105,55769147031.0
2008-07-23,2105,59613048521.0
2008-07-24,2105,62023630810.0
2008-07-25,2105,61241820338.0
2008-07-29,2105,59938802884.0
2008-07-30,2105,59808501139.0
2008-07-31,2105,60134255502.0
2008-08-01,2105,61241820338.0
2008-08-04,2105,57072164485.0
2008-08-05,2105,53097961251.0
2008-08-06,2105,56746410122.0
2008-08-07,2105,51273736815.0
2008-08-08,2105,51273736815.0
2008-08-11,2105,53944922596.0
2008-08-12,2105,54857034813.0
2008-08-13,2105,56811560994.0
2008-08-14,2105,56550957504.0
2008-08-15,2105,54726733068.0
2008-08-18,2105,53032810378.0
2008-08-19,2105,53228262996.0
2008-08-20,2105,54726733068.0
2008-08-21,2105,53944922596.0
2008-08-22,2105,52772206887.0
2008-08-25,2105,55834297904.0
2008-08-26,2105,55247940050.0
2008-08-27,2105,55247940050.0
2008-08-28,2105,54987336559.0
2008-08-29,2105,54987336559.0
2008-09-01,2105,53684319105.0
2008-09-02,2105,53749469978.0
2008-09-03,2105,54661582195.0
2008-09-04,2105,52902508632.0
2008-09-05,2105,53097961251.0
2008-09-08,2105,55443392668.0
2008-09-09,2105,54010073468.0
2008-09-10,2105,56094901395.0
2008-09-11,2105,52185849033.0
2008-09-12,2105,53163112123.0
2008-09-15,2105,52250999905.0
2008-09-16,2105,49970719361.0
2008-09-17,2105,51078284197.0
2008-09-18,2105,47560137071.0
2008-09-19,2105,50882831579.0
2008-09-22,2105,61886813974.0
2008-09-23,2105,61961737477.0
2008-09-24,2105,61437272952.0
2008-09-25,2105,61287425945.0
2008-09-26,2105,59938802880.0
2008-09-30,2105,56417398211.0
2008-10-01,2105,56417398211.0
2008-10-02,2105,58440332808.0
2008-10-03,2105,59189567844.0
2008-10-06,2105,55818010182.0
2008-10-07,2105,55593239671.0
2008-10-08,2105,52746146534.0
2008-10-09,2105,53195687556.0
2008-10-13,2105,51397523470.0
2008-10-14,2105,54993851642.0
2008-10-15,2105,55143698650.0
2008-10-16,2105,53270611060.0
2008-10-17,2105,51472446973.0
2008-10-20,2105,52596299527.0
2008-10-21,2105,53645228578.0
2008-10-22,2105,53645228578.0
2008-10-23,2105,51772140988.0
2008-10-24,2105,49973976901.0
2008-10-27,2105,46527495736.0
2008-10-28,2105,48999971354.0
2008-10-29,2105,50348594419.0
2008-10-30,2105,53795075585.0
2008-10-31,2105,55218622153.0
2008-11-03,2105,53045840549.0
2008-11-04,2105,49374588872.0
2008-11-05,2105,47801195297.0
2008-11-06,2105,44954102160.0
2008-11-07,2105,46077954714.0
2008-11-10,2105,49299665369.0
2008-11-11,2105,50947982448.0
2008-11-12,2105,48550430333.0
2008-11-13,2105,47051960261.0
2008-11-14,2105,48400583326.0
2008-11-18,2105,50423517923.0
2008-11-19,2105,47951042304.0
2008-11-20,2105,44654408146.0
2008-11-21,2105,42256856030.0
2008-11-24,2105,39409762894.0
2008-11-25,2105,40458691944.0
2008-11-26,2105,41657468002.0
2008-11-27,2105,44504561138.0
2008-11-28,2105,44055020117.0
2008-12-01,2105,44954102160.0
2008-12-02,2105,44954102160.0
2008-12-03,2105,44954102160.0
2008-12-04,2105,44204867124.0
2008-12-05,2105,44204867124.0
2008-12-08,2105,46452572232.0
2008-12-09,2105,47201807268.0
2008-12-10,2105,47801195297.0
2008-12-11,2105,46602419239.0
2008-12-12,2105,44354714131.0
2008-12-15,2105,43605479095.0
2008-12-16,2105,42406703038.0
2008-12-17,2105,43380708584.0
2008-12-18,2105,44954102160.0
2008-12-19,2105,43905173110.0
2008-12-22,2105,43006091066.0
2008-12-23,2105,42406703038.0
2008-12-24,2105,41882238512.0
2008-12-25,2105,41657468002.0
2008-12-26,2105,42107009023.0
2008-12-29,2105,41207926980.0
2008-12-30,2105,42481626541.0
2008-12-31,2105,42256856030.0
2009-01-05,2105,41582544498.0
2009-01-06,2105,42706397052.0
2009-01-07,2105,43455632088.0
2009-01-08,2105,41282850484.0
2009-01-09,2105,42181932527.0
2009-01-12,2105,42032085520.0
2009-01-13,2105,40983156469.0
2009-01-14,2105,40983156469.0
2009-01-15,2105,38285910340.0
2009-01-16,2105,37911292822.0
2009-01-19,2105,37461751800.0
2009-01-20,2105,35139123188.0
2009-01-21,2105,35288970196.0
2009-02-02,2105,34464811656.0
2009-02-03,2105,36862363771.0
2009-02-04,2105,37761445814.0
2009-02-05,2105,38660527858.0
2009-02-06,2105,38660527858.0
2009-02-09,2105,38210986836.0
2009-02-10,2105,39934227419.0
2009-02-11,2105,40233921433.0
2009-02-12,2105,40158997930.0
2009-02-13,2105,42556550045.0
2009-02-16,2105,44204867124.0
2009-02-17,2105,42706397052.0
2009-02-18,2105,41582544498.0
2009-02-19,2105,41657468002.0
2009-02-20,2105,41207926980.0
2009-02-23,2105,41957162016.0
2009-02-24,2105,41807315009.0
2009-02-25,2105,42856244059.0
2009-02-26,2105,43680402599.0
2009-02-27,2105,43755326102.0
2009-03-02,2105,41357773987.0
2009-03-03,2105,40608538951.0
2009-03-04,2105,43380708584.0
2009-03-05,2105,43905173110.0
2009-03-06,2105,43006091066.0
2009-03-09,2105,46003031210.0
2009-03-10,2105,45853184203.0
2009-03-11,2105,46452572232.0
2009-03-12,2105,46452572232.0
2009-03-13,2105,47351654275.0
2009-03-16,2105,48625353836.0
2009-03-17,2105,48550430333.0
2009-03-18,2105,48400583326.0
2009-03-19,2105,47651348290.0
2009-03-20,2105,48475506829.0
2009-03-23,2105,50273670916.0
2009-03-24,2105,51172752959.0
2009-03-25,2105,51472446973.0
2009-03-26,2105,49749206390.0
2009-03-27,2105,48850124347.0
2009-03-30,2105,48475506829.0
2009-03-31,2105,49224741865.0
2009-04-01,2105,52596299527.0
2009-04-02,2105,56267551204.0
2009-04-03,2105,58740026822.0
2009-04-06,2105,58515256312.0
2009-04-07,2105,57616174268.0
2009-04-08,2105,56192627700.0
2009-04-09,2105,57840944779.0
2009-04-10,2105,58814950326.0
2009-04-13,2105,61437272952.0
2009-04-14,2105,60837884923.0
2009-04-15,2105,60688037916.0
2009-04-16,2105,60388343902.0
2009-04-17,2105,56192627700.0
2009-04-20,2105,60088649887.0
2009-04-21,2105,61212502441.0
2009-04-22,2105,65483142146.0
2009-04-23,2105,68030541269.0
2009-04-24,2105,67581000247.0
2009-04-27,2105,66681918204.0
2009-04-28,2105,65183448132.0
2009-04-29,2105,69678858348.0
2009-04-30,2105,74548886082.0
2009-05-04,2105,79718607830.0
2009-05-05,2105,76122279658.0
2009-05-06,2105,77920443744.0
2009-05-07,2105,77470902722.0
2009-05-08,2105,76871514694.0
2009-05-11,2105,77021361701.0
2009-05-12,2105,75522891629.0
2009-05-13,2105,73125339514.0
2009-05-14,2105,75672738636.0
2009-05-15,2105,78819525787.0
2009-05-18,2105,81816465931.0
2009-05-19,2105,80467842866.0
2009-05-20,2105,81666618924.0
2009-05-21,2105,80168148852.0
2009-05-22,2105,80168148852.0
2009-05-25,2105,79119219802.0
2009-05-26,2105,79119219802.0
2009-05-27,2105,82116159946.0
2009-06-01,2105,81966312938.0
2009-06-02,2105,83914324032.0
2009-06-03,2105,83914324032.0
2009-06-04,2105,83914324032.0
2009-06-05,2105,83914324032.0
2009-06-08,2105,80168148852.0
2009-06-09,2105,76721667686.0
2009-06-10,2105,81966312938.0
2009-06-11,2105,82116159946.0
2009-06-15,2105,75073350607.0
2009-06-16,2105,75073350607.0
2009-06-17,2105,74174268564.0
2009-06-18,2105,69678858348.0
2009-06-19,2105,74024421557.0
2009-06-22,2105,76721667686.0
2009-06-23,2105,76421973672.0
2009-06-24,2105,78369984766.0
2009-06-25,2105,81666618924.0
2009-06-26,2105,81366924910.0
2009-06-29,2105,79119219802.0
2009-06-30,2105,76721667686.0
2009-07-01,2105,81666618924.0
2009-07-02,2105,82415853960.0
2009-07-03,2105,81816465931.0
2009-07-06,2105,83914324032.0
2009-07-07,2105,83165088996.0
2009-07-08,2105,80617689874.0
2009-07-09,2105,80917383888.0
2009-07-10,2105,81217077902.0
2009-07-13,2105,78369984766.0
2009-07-14,2105,80917383888.0
2009-07-15,2105,86461723154.0
2009-07-16,2105,92455603442.0
2009-07-17,2105,93354685486.0
2009-07-20,2105,97700248694.0
2009-07-21,2105,97550401687.0
2009-07-22,2105,93054991471.0
2009-07-23,2105,94403614536.0
2009-07-24,2105,93954073514.0
2009-07-27,2105,93954073514.0
2009-07-28,2105,100397494824.0
2009-07-29,2105,100247647817.0
2009-07-30,2105,95902084608.0
2009-07-31,2105,94853155558.0
2009-08-03,2105,96951013658.0
2009-08-04,2105,87660499212.0
2009-08-05,2105,85262947097.0
2009-08-06,2105,85862335126.0
2009-08-10,2105,86611570162.0
2009-08-11,2105,85562641111.0
2009-08-12,2105,85712488118.0
2009-08-13,2105,88259887241.0
2009-08-14,2105,87510652205.0
2009-08-17,2105,86162029140.0
2009-08-18,2105,83614630018.0
2009-08-19,2105,83314936003.0
2009-08-20,2105,80917383888.0
2009-08-21,2105,82415853960.0
2009-08-24,2105,86611570162.0
2009-08-25,2105,86311876147.0
2009-08-26,2105,87210958190.0
2009-08-27,2105,86311876147.0
2009-08-28,2105,92305756435.0
2009-08-31,2105,94103920522.0
2009-09-01,2105,97250707673.0
2009-09-02,2105,96501472637.0
2009-09-03,2105,103244587961.0
2009-09-04,2105,102795046939.0
2009-09-07,2105,104443364018.0
2009-09-08,2105,107140610148.0
2009-09-09,2105,101895964896.0
2009-09-10,2105,102645199932.0
2009-09-11,2105,103694128982.0
2009-09-14,2105,100547341831.0
2009-09-15,2105,111591066248.0
2009-09-16,2105,112250393080.0
2009-09-17,2105,113404215035.0
2009-09-18,2105,113898710159.0
2009-09-21,2105,113074551619.0
2009-09-22,2105,113074551619.0
2009-09-23,2105,108624095506.0
2009-09-24,2105,108953758922.0
2009-09-25,2105,109283422338.0
2009-09-28,2105,107305441843.0
2009-09-29,2105,107964768675.0
2009-09-30,2105,112085561372.0
2009-10-01,2105,110766907709.0
2009-10-02,2105,108459263798.0
2009-10-05,2105,109283422338.0
2009-10-06,2105,113733878451.0
2009-10-07,2105,112085561372.0
2009-10-08,2105,109283422338.0
2009-10-09,2105,110602076001.0
2009-10-12,2105,108459263798.0
2009-10-13,2105,108459263798.0
2009-10-14,2105,109283422338.0
2009-10-15,2105,108129600382.0
2009-10-16,2105,109283422338.0
2009-10-19,2105,111920729664.0
2009-10-20,2105,110766907709.0
2009-10-21,2105,112085561372.0
2009-10-22,2105,115052532114.0
2009-10-23,2105,119502988228.0
2009-10-26,2105,116206354070.0
2009-10-27,2105,117854671149.0
2009-10-28,2105,114063541867.0
2009-10-29,2105,115382195530.0
2009-10-30,2105,112250393080.0
2009-11-02,2105,113074551619.0
2009-11-03,2105,113239383327.0
2009-11-04,2105,117360176025.0
2009-11-05,2105,116371185777.0
2009-11-06,2105,118349166272.0
2009-11-09,2105,119338156520.0
2009-11-10,2105,117195344317.0
2009-11-11,2105,117195344317.0
2009-11-12,2105,117030512609.0
2009-11-13,2105,117854671149.0
2009-11-16,2105,123623780925.0
2009-11-17,2105,121645800430.0
2009-11-18,2105,122964454093.0
2009-11-19,2105,122305127262.0
2009-11-20,2105,121480968722.0
2009-11-23,2105,121810632138.0
2009-11-24,2105,121480968722.0
2009-11-25,2105,122964454093.0
2009-11-26,2105,123294117509.0
2009-11-27,2105,119832651643.0
2009-11-30,2105,119832651643.0
2009-12-01,2105,118843661396.0
2009-12-02,2105,119173324812.0
2009-12-03,2105,119667819935.0
2009-12-04,2105,119008493104.0
2009-12-07,2105,120327146767.0
2009-12-08,2105,119008493104.0
2009-12-09,2105,119502988228.0
2009-12-10,2105,117525007733.0
2009-12-11,2105,118843661396.0
2009-12-14,2105,119173324812.0
2009-12-15,2105,118349166272.0
2009-12-16,2105,118349166272.0
2009-12-17,2105,117525007733.0
2009-12-18,2105,118349166272.0
2009-12-21,2105,117030512609.0
2009-12-22,2105,116536017485.0
2009-12-23,2105,116536017485.0
2009-12-24,2105,116700849193.0
2009-12-25,2105,117525007733.0
2009-12-28,2105,121151305307.0
2009-12-29,2105,120821641891.0
2009-12-30,2105,121316137014.0
2009-12-31,2105,121151305307.0
2010-01-04,2105,118513997980.0
2010-01-05,2105,117854671149.0
2010-01-06,2105,117854671149.0
2010-01-07,2105,115052532114.0
2010-01-08,2105,115217363822.0
2010-01-11,2105,115382195530.0
2010-01-12,2105,116865680901.0
2010-01-13,2105,114887700406.0
2010-01-14,2105,115052532114.0
2010-01-15,2105,116371185777.0
2010-01-18,2105,113733878451.0
2010-01-19,2105,111261402833.0
2010-01-20,2105,107964768675.0
2010-01-21,2105,107470273551.0
2010-01-22,2105,105657124764.0
2010-01-25,2105,105821956472.0
2010-01-26,2105,99723183280.0
2010-01-27,2105,100712173527.0
2010-01-28,2105,102360490606.0
2010-01-29,2105,101371500359.0
2010-02-01,2105,100382510111.0
2010-02-02,2105,97415539369.0
2010-02-03,2105,100877005235.0
2010-02-04,2105,100547341819.0
2010-02-05,2105,98569361324.0
2010-02-08,2105,99888014987.0
2010-02-09,2105,101041836943.0
2010-02-10,2105,101371500359.0
2010-02-22,2105,102360490606.0
2010-02-23,2105,104832966224.0
2010-02-24,2105,103349480853.0
2010-02-25,2105,101865995482.0
2010-02-26,2105,102195658898.0
2010-03-01,2105,105327461348.0
2010-03-02,2105,105162629640.0
2010-03-03,2105,107140610135.0
2010-03-04,2105,106975778427.0
2010-03-05,2105,107140610135.0
2010-03-08,2105,106810946719.0
2010-03-09,2105,105492293056.0
2010-03-10,2105,106151619888.0
2010-03-11,2105,108788927214.0
2010-03-12,2105,107799936967.0
2010-03-15,2105,106316451596.0
2010-03-16,2105,106151619888.0
2010-03-17,2105,109448254046.0
2010-03-18,2105,108953758922.0
2010-03-19,2105,111426234540.0
2010-03-22,2105,110931739417.0
2010-03-23,2105,110931739417.0
2010-03-24,2105,111755897956.0
2010-03-25,2105,110931739417.0
2010-03-26,2105,109942749169.0
2010-03-29,2105,111261402833.0
2010-03-30,2105,111096571125.0
2010-03-31,2105,111426234540.0
2010-04-01,2105,111591066248.0
2010-04-02,2105,111426234540.0
2010-04-06,2105,112250393080.0
2010-04-07,2105,112250393080.0
2010-04-08,2105,111755897956.0
2010-04-09,2105,111920729664.0
2010-04-12,2105,112085561372.0
2010-04-13,2105,111591066248.0
2010-04-14,2105,111755897956.0
2010-04-15,2105,113733878451.0
2010-04-16,2105,114558036991.0
2010-04-19,2105,110766907709.0
2010-04-20,2105,110766907709.0
2010-04-21,2105,112415224788.0
2010-04-22,2105,110766907709.0
2010-04-23,2105,112580056496.0
2010-04-26,2105,113404215035.0
2010-04-27,2105,112909719912.0
2010-04-28,2105,113733878451.0
2010-04-29,2105,113404215035.0
2010-04-30,2105,111591066248.0
2010-05-03,2105,113074551619.0
2010-05-04,2105,112250393080.0
2010-05-05,2105,110272412585.0
2010-05-06,2105,108624095506.0
2010-05-07,2105,108624095506.0
2010-05-10,2105,112415224788.0
2010-05-11,2105,111261402833.0
2010-05-12,2105,112250393080.0
2010-05-13,2105,112415224788.0
2010-05-14,2105,113404215035.0
2010-05-17,2105,112085561372.0
2010-05-18,2105,111426234540.0
2010-05-19,2105,112909719912.0
2010-05-20,2105,111426234540.0
2010-05-21,2105,110107580877.0
2010-05-24,2105,109448254046.0
2010-05-25,2105,106316451596.0
2010-05-26,2105,108624095506.0
2010-05-27,2105,109283422338.0
2010-05-28,2105,110107580877.0
2010-05-31,2105,110272412585.0
2010-06-01,2105,109613085754.0
2010-06-02,2105,108788927214.0
2010-06-03,2105,109942749169.0
2010-06-04,2105,109777917461.0
2010-06-07,2105,108129600382.0
2010-06-08,2105,107470273551.0
2010-06-09,2105,105986788180.0
2010-06-10,2105,105821956472.0
2010-06-11,2105,106151619888.0
2010-06-14,2105,106810946719.0
2010-06-15,2105,107140610135.0
2010-06-17,2105,109118590630.0
2010-06-18,2105,109118590630.0
2010-06-21,2105,111261402833.0
2010-06-22,2105,112415224788.0
2010-06-23,2105,112085561372.0
2010-06-24,2105,111920729664.0
2010-06-25,2105,110107580877.0
2010-06-28,2105,110766907709.0
2010-06-29,2105,109283422338.0
2010-06-30,2105,107964768675.0
2010-07-01,2105,107470273551.0
2010-07-02,2105,107635105259.0
2010-07-05,2105,108624095506.0
2010-07-06,2105,112085561372.0
2010-07-07,2105,112580056496.0
2010-07-08,2105,113404215035.0
2010-07-09,2105,113074551619.0
2010-07-12,2105,113239383327.0
2010-07-13,2105,117030512609.0
2010-07-14,2105,118184334564.0
2010-07-15,2105,118019502856.0
2010-07-16,2105,115547027238.0
2010-07-19,2105,115382195530.0
2010-07-20,2105,119008493104.0
2010-07-21,2105,121480968722.0
2010-07-22,2105,120821641891.0
2010-07-23,2105,124612771172.0
2010-07-26,2105,126425919959.0
2010-07-27,2105,126920415083.0
2010-07-28,2105,128074237038.0
2010-07-29,2105,135326832186.0
2010-07-30,2105,134997168770.0
2010-08-02,2105,137139980973.0
2010-08-03,2105,137799307804.0
2010-08-04,2105,115052532114.0
2010-08-05,2105,115382195530.0
2010-08-06,2105,115217363822.0
2010-08-09,2105,114393205283.0
2010-08-10,2105,116700849193.0
2010-08-11,2105,116041522362.0
2010-08-12,2105,113239383327.0
2010-08-13,2105,112909719912.0
2010-08-16,2105,115876690654.0
2010-08-17,2105,114228373575.0
2010-08-18,2105,111591066248.0
2010-08-19,2105,110437244293.0
2010-08-20,2105,111261402833.0
2010-08-23,2105,111591066248.0
2010-08-24,2105,111755897956.0
2010-08-25,2105,110272412585.0
2010-08-26,2105,138252595018.0
2010-08-27,2105,139488832827.0
2010-08-30,2105,137840515748.0
2010-08-31,2105,134131802320.0
2010-09-01,2105,133513683415.0
2010-09-02,2105,137016357209.0
2010-09-03,2105,140106951732.0
2010-09-06,2105,142579427351.0
2010-09-07,2105,140931110272.0
2010-09-08,2105,140106951732.0
2010-09-09,2105,137634476113.0
2010-09-10,2105,138046555383.0
2010-09-13,2105,141137149907.0
2010-09-14,2105,141961308446.0
2010-09-15,2105,141961308446.0
2010-09-16,2105,142167348081.0
2010-09-17,2105,145257942605.0
2010-09-20,2105,146288140779.0
2010-09-21,2105,144845863335.0
2010-09-23,2105,142785466986.0
2010-09-24,2105,141137149907.0
2010-09-27,2105,141137149907.0
2010-09-28,2105,140106951732.0
2010-09-29,2105,139900912097.0
2010-09-30,2105,141755268811.0
2010-10-01,2105,141755268811.0
2010-10-04,2105,142991506621.0
2010-10-05,2105,141755268811.0
2010-10-06,2105,142991506621.0
2010-10-07,2105,143815665160.0
2010-10-08,2105,143403585890.0
2010-10-11,2105,142579427351.0
2010-10-12,2105,143815665160.0
2010-10-13,2105,144639823700.0
2010-10-14,2105,147318338954.0
2010-10-15,2105,152057250556.0
2010-10-18,2105,146906259684.0
2010-10-19,2105,146906259684.0
2010-10-20,2105,146906259684.0
2010-10-21,2105,147524378588.0
2010-10-22,2105,146494180414.0
2010-10-25,2105,147112299319.0
2010-10-26,2105,147936457858.0
2010-10-27,2105,147112299319.0
2010-10-28,2105,142991506621.0
2010-10-29,2105,140519031002.0
2010-11-01,2105,140519031002.0
2010-11-02,2105,139076753558.0
2010-11-03,2105,138870713923.0
2010-11-04,2105,140106951732.0
2010-11-05,2105,139694872462.0
2010-11-08,2105,137428436478.0
2010-11-09,2105,137840515748.0
2010-11-10,2105,138252595018.0
2010-11-11,2105,139488832827.0
2010-11-12,2105,138664674288.0
2010-11-15,2105,134955960860.0
2010-11-16,2105,136604277939.0
2010-11-17,2105,135368040129.0
2010-11-18,2105,137016357209.0
2010-11-19,2105,137222396843.0
2010-11-22,2105,137016357209.0
2010-11-23,2105,135986159034.0
2010-11-24,2105,136192198669.0
2010-11-25,2105,134337841955.0
2010-11-26,2105,134131802320.0
2010-11-29,2105,134337841955.0
2010-11-30,2105,134131802320.0
2010-12-01,2105,137428436478.0
2010-12-02,2105,138046555383.0
2010-12-03,2105,136398238304.0
2010-12-06,2105,137634476113.0
2010-12-07,2105,137634476113.0
2010-12-08,2105,137840515748.0
2010-12-09,2105,137840515748.0
2010-12-10,2105,137016357209.0
2010-12-13,2105,137222396843.0
2010-12-14,2105,136810317574.0
2010-12-15,2105,136192198669.0
2010-12-16,2105,136192198669.0
2010-12-17,2105,138046555383.0
2010-12-20,2105,137016357209.0
2010-12-21,2105,137016357209.0
2010-12-22,2105,136604277939.0
2010-12-23,2105,136398238304.0
2010-12-24,2105,135986159034.0
2010-12-27,2105,135162000494.0
2010-12-28,2105,134337841955.0
2010-12-29,2105,134543881590.0
2010-12-30,2105,133925762685.0
2010-12-31,2105,133925762685.0
2011-01-03,2105,134955960860.0
2011-01-04,2105,136398238304.0
2011-01-05,2105,134337841955.0
2011-01-06,2105,134543881590.0
2011-01-07,2105,134337841955.0
2011-01-10,2105,133925762685.0
2011-01-11,2105,134749921225.0
2011-01-12,2105,134955960860.0
2011-01-13,2105,134955960860.0
2011-01-14,2105,136398238304.0
2011-01-17,2105,135780119399.0
2011-01-18,2105,135368040129.0
2011-01-19,2105,134955960860.0
2011-01-20,2105,134131802320.0
2011-01-21,2105,132483485241.0
2011-01-24,2105,132895564511.0
2011-01-25,2105,132895564511.0
2011-01-26,2105,132895564511.0
2011-01-27,2105,132895564511.0
2011-01-28,2105,132483485241.0
2011-02-08,2105,133513683415.0
2011-02-09,2105,133101604145.0
2011-02-10,2105,129804969987.0
2011-02-11,2105,125478137654.0
2011-02-14,2105,125684177289.0
2011-02-15,2105,125066058384.0
2011-02-16,2105,126714375464.0
2011-02-17,2105,127538534003.0
2011-02-18,2105,127332494368.0
2011-02-21,2105,127744573638.0
2011-02-22,2105,124653979115.0
2011-02-23,2105,125684177289.0
2011-02-24,2105,123829820575.0
2011-02-25,2105,123005662035.0
2011-03-01,2105,123211701670.0
2011-03-02,2105,123417741305.0
2011-03-03,2105,126096256559.0
2011-03-04,2105,126920415098.0
2011-03-07,2105,125066058384.0
2011-03-08,2105,126508335829.0
2011-03-09,2105,133925762685.0
2011-03-10,2105,135368040129.0
2011-03-11,2105,135780119399.0
2011-03-14,2105,134749921225.0
2011-03-15,2105,131041207796.0
2011-03-16,2105,137428436478.0
2011-03-17,2105,140106951732.0
2011-03-18,2105,140106951732.0
2011-03-21,2105,138870713923.0
2011-03-22,2105,139488832827.0
2011-03-23,2105,140725070637.0
2011-03-24,2105,139488832827.0
2011-03-25,2105,139900912097.0
2011-03-28,2105,138870713923.0
2011-03-29,2105,139076753558.0
2011-03-30,2105,139076753558.0
2011-03-31,2105,140519031002.0
2011-04-01,2105,142373387716.0
2011-04-06,2105,144227744430.0
2011-04-07,2105,146288140779.0
2011-04-08,2105,145051902970.0
2011-04-11,2105,143815665160.0
2011-04-12,2105,141961308446.0
2011-04-13,2105,143815665160.0
2011-04-14,2105,143197546256.0
2011-04-15,2105,140312991367.0
2011-04-18,2105,140519031002.0
2011-04-19,2105,141137149907.0
2011-04-20,2105,142579427351.0
2011-04-21,2105,148142497493.0
2011-04-22,2105,144845863335.0
2011-04-25,2105,144845863335.0
2011-04-26,2105,148966656033.0
2011-04-27,2105,149378735303.0
2011-04-28,2105,148760616398.0
2011-04-29,2105,148966656033.0
2011-05-03,2105,149172695668.0
2011-05-04,2105,151027052382.0
2011-05-05,2105,161535073762.0
2011-05-06,2105,160092796317.0
2011-05-09,2105,162771311571.0
2011-05-10,2105,163183390841.0
2011-05-11,2105,164831707920.0
2011-05-12,2105,164625668285.0
2011-05-13,2105,164007549380.0
2011-05-16,2105,164831707920.0
2011-05-17,2105,159268637778.0
2011-05-18,2105,162771311571.0
2011-05-19,2105,161329034127.0
2011-05-20,2105,162771311571.0
2011-05-23,2105,158444479238.0
2011-05-24,2105,162153192666.0
2011-05-25,2105,162359232301.0
2011-05-26,2105,160710915222.0
2011-05-27,2105,162565271936.0
2011-05-30,2105,163389430476.0
2011-05-31,2105,166892104269.0
2011-06-01,2105,168128342078.0
2011-06-02,2105,168334381713.0
2011-06-03,2105,168128342078.0
2011-06-07,2105,165861906095.0
2011-06-08,2105,164007549380.0
2011-06-09,2105,164007549380.0
2011-06-10,2105,162771311571.0
2011-06-13,2105,159062598143.0
2011-06-14,2105,162771311571.0
2011-06-15,2105,163183390841.0
2011-06-16,2105,162977351206.0
2011-06-17,2105,164831707920.0
2011-06-20,2105,164213589015.0
2011-06-21,2105,164419628650.0
2011-06-22,2105,165037747555.0
2011-06-23,2105,164831707920.0
2011-06-24,2105,165037747555.0
2011-06-27,2105,165655866460.0
2011-06-28,2105,165861906095.0
2011-06-29,2105,166480024999.0
2011-06-30,2105,169982698793.0
2011-07-01,2105,172043095142.0
2011-07-04,2105,174103491491.0
2011-07-05,2105,176988046379.0
2011-07-06,2105,175957848205.0
2011-07-07,2105,174721610395.0
2011-07-08,2105,176369927474.0
2011-07-11,2105,177606165284.0
2011-07-12,2105,176369927474.0
2011-07-13,2105,178018244554.0
2011-07-14,2105,180284680538.0
2011-07-15,2105,185435671410.0
2011-07-18,2105,183169235426.0
2011-07-19,2105,183375275061.0
2011-07-20,2105,184405473236.0
2011-07-21,2105,184405473236.0
2011-07-22,2105,183375275061.0
2011-07-25,2105,177812204919.0
2011-07-26,2105,178842403093.0
2011-07-27,2105,175957848205.0
2011-07-28,2105,180078640903.0
2011-07-29,2105,178224284189.0
2011-08-01,2105,179872601268.0
2011-08-02,2105,182757156156.0
2011-08-03,2105,180490720172.0
2011-08-04,2105,139900912097.0
2011-08-05,2105,130217049257.0
2011-08-08,2105,129804969987.0
2011-08-09,2105,133307643780.0
2011-08-10,2105,135986159034.0
2011-08-11,2105,131453287066.0
2011-08-12,2105,133513683415.0
2011-08-15,2105,137840515748.0
2011-08-16,2105,138252595018.0
2011-08-17,2105,137016357209.0
2011-08-18,2105,136192198669.0
2011-08-19,2105,131041207796.0
2011-08-22,2105,127950613273.0
2011-08-23,2105,131247247431.0
2011-08-24,2105,130423088892.0
2011-08-25,2105,131453287066.0
2011-08-26,2105,156754954245.0
2011-08-29,2105,163677885978.0
2011-08-30,2105,166150361597.0
2011-08-31,2105,166397609159.0
2011-09-01,2105,169611827463.0
2011-09-02,2105,170353570149.0
2011-09-05,2105,170106322587.0
2011-09-06,2105,164914123787.0
2011-09-07,2105,168128342092.0
2011-09-08,2105,171837055521.0
2011-09-09,2105,173073293330.0
2011-09-13,2105,173567788454.0
2011-09-14,2105,171837055521.0
2011-09-15,2105,174062283578.0
2011-09-16,2105,174556778701.0
2011-09-19,2105,173073293330.0
2011-09-20,2105,170600817711.0
2011-09-21,2105,169611827463.0
2011-09-22,2105,159969172549.0
2011-09-23,2105,154529726188.0
2011-09-26,2105,145876061521.0
2011-09-27,2105,156013211559.0
2011-09-28,2105,159969172549.0
2011-09-29,2105,163183390854.0
2011-09-30,2105,158485687178.0
2011-10-03,2105,155271468873.0
2011-10-04,2105,158238439616.0
2011-10-05,2105,158238439616.0
2011-10-06,2105,159721924987.0
2011-10-07,2105,161947153045.0
2011-10-11,2105,162441648168.0
2011-10-12,2105,162936143292.0
2011-10-13,2105,168622837216.0
2011-10-14,2105,168622837216.0
2011-10-17,2105,168622837216.0
2011-10-18,2105,164666876225.0
2011-10-19,2105,168128342092.0
2011-10-20,2105,166644856721.0
2011-10-21,2105,166644856721.0
2011-10-24,2105,173567788454.0
2011-10-25,2105,173815036016.0
2011-10-26,2105,176287511635.0
2011-10-27,2105,178759987254.0
2011-10-28,2105,178018244568.0
2011-10-31,2105,170848065273.0
2011-11-01,2105,171837055521.0
2011-11-02,2105,170106322587.0
2011-11-03,2105,167139351844.0
2011-11-04,2105,168622837216.0
2011-11-07,2105,168870084778.0
2011-11-08,2105,169611827463.0
2011-11-09,2105,168622837216.0
2011-11-10,2105,162194400606.0
2011-11-11,2105,164914123787.0
2011-11-14,2105,165655866473.0
2011-11-15,2105,159969172549.0
2011-11-16,2105,158980182302.0
2011-11-17,2105,159227429864.0
2011-11-18,2105,159474677426.0
2011-11-21,2105,156260459121.0
2011-11-22,2105,160710915235.0
2011-11-23,2105,156754954245.0
2011-11-24,2105,157249449368.0
2011-11-25,2105,157249449368.0
2011-11-28,2105,159227429864.0
2011-11-29,2105,163430638416.0
2011-11-30,2105,160710915235.0
2011-12-01,2105,166150361597.0
2011-12-02,2105,165655866473.0
2011-12-05,2105,164914123787.0
2011-12-06,2105,160710915235.0
2011-12-07,2105,161947153045.0
2011-12-08,2105,163677885978.0
2011-12-09,2105,160958162797.0
2011-12-12,2105,161947153045.0
2011-12-13,2105,161205410359.0
2011-12-14,2105,159721924987.0
2011-12-15,2105,155024221311.0
2011-12-16,2105,158238439616.0
2011-12-19,2105,157249449368.0
2011-12-20,2105,156260459121.0
2011-12-21,2105,162194400606.0
2011-12-22,2105,162194400606.0
2011-12-23,2105,164914123787.0
2011-12-26,2105,163925133540.0
2011-12-27,2105,161947153045.0
2011-12-28,2105,160710915235.0
2011-12-29,2105,160710915235.0
2011-12-30,2105,161947153045.0
2012-01-02,2105,159969172549.0
2012-01-03,2105,160710915235.0
2012-01-04,2105,160958162797.0
2012-01-05,2105,162936143292.0
2012-01-06,2105,163925133540.0
2012-01-09,2105,164419628664.0
2012-01-10,2105,165903114035.0
2012-01-11,2105,166150361597.0
2012-01-12,2105,168128342092.0
2012-01-13,2105,168870084778.0
2012-01-16,2105,163430638416.0
2012-01-17,2105,167139351844.0
2012-01-18,2105,167881094530.0
2012-01-30,2105,173567788454.0
2012-01-31,2105,173567788454.0
2012-02-01,2105,171837055521.0
2012-02-02,2105,170600817711.0
2012-02-03,2105,170106322587.0
2012-02-06,2105,165655866473.0
2012-02-07,2105,166150361597.0
2012-02-08,2105,168375589654.0
2012-02-09,2105,168622837216.0
2012-02-10,2105,167386599406.0
2012-02-13,2105,166892104283.0
2012-02-14,2105,166644856721.0
2012-02-15,2105,166397609159.0
2012-02-16,2105,166150361597.0
2012-02-17,2105,165161371349.0
2012-02-20,2105,167386599406.0
2012-02-21,2105,170353570149.0
2012-02-22,2105,169117332340.0
2012-02-23,2105,168128342092.0
2012-02-24,2105,168870084778.0
2012-02-29,2105,179254482378.0
2012-03-01,2105,179996225063.0
2012-03-02,2105,180243472625.0
2012-03-05,2105,173320540892.0
2012-03-06,2105,175545768949.0
2012-03-07,2105,176287511635.0
2012-03-08,2105,174309531140.0
2012-03-09,2105,175298521387.0
2012-03-12,2105,173815036016.0
2012-03-13,2105,176782006759.0
2012-03-14,2105,179254482378.0
2012-03-15,2105,177770997006.0
2012-03-16,2105,176534759197.0
2012-03-19,2105,176782006759.0
2012-03-20,2105,175051273825.0
2012-03-21,2105,175793016511.0
2012-03-22,2105,176534759197.0
2012-03-23,2105,179007234816.0
2012-03-26,2105,176782006759.0
2012-03-27,2105,178018244568.0
2012-03-28,2105,176040264073.0
2012-03-29,2105,175298521387.0
2012-03-30,2105,175298521387.0
2012-04-02,2105,170848065273.0
2012-04-03,2105,166397609159.0
2012-04-05,2105,166892104283.0
2012-04-06,2105,169364579902.0
2012-04-09,2105,168375589654.0
2012-04-10,2105,168128342092.0
2012-04-11,2105,168128342092.0
2012-04-12,2105,168375589654.0
2012-04-13,2105,171837055521.0
2012-04-16,2105,173815036016.0
2012-04-17,2105,171589807959.0
2012-04-18,2105,172578798206.0
2012-04-19,2105,174309531140.0
2012-04-20,2105,175051273825.0
2012-04-23,2105,177276501882.0
2012-04-24,2105,174556778701.0
2012-04-25,2105,174556778701.0
2012-04-26,2105,176287511635.0
2012-04-27,2105,176534759197.0
2012-04-30,2105,179748977501.0
2012-05-02,2105,181974205558.0
2012-05-03,2105,180737967749.0
2012-05-04,2105,182963195806.0
2012-05-07,2105,180737967749.0
2012-05-08,2105,182963195806.0
2012-05-09,2105,178759987254.0
2012-05-10,2105,177523749444.0
2012-05-11,2105,178018244568.0
2012-05-14,2105,176040264073.0
2012-05-15,2105,178265492130.0
2012-05-16,2105,177523749444.0
2012-05-17,2105,182963195806.0
2012-05-18,2105,179501729939.0
2012-05-21,2105,178759987254.0
2012-05-22,2105,178018244568.0
2012-05-23,2105,176287511635.0
2012-05-24,2105,177029254320.0
2012-05-25,2105,176782006759.0
2012-05-28,2105,176534759197.0
2012-05-29,2105,179501729939.0
2012-05-30,2105,179501729939.0
2012-05-31,2105,178018244568.0
2012-06-01,2105,177276501882.0
2012-06-04,2105,171589807959.0
2012-06-05,2105,176782006759.0
2012-06-06,2105,177029254320.0
2012-06-07,2105,176040264073.0
2012-06-08,2105,176782006759.0
2012-06-11,2105,177029254320.0
2012-06-12,2105,175793016511.0
2012-06-13,2105,177523749444.0
2012-06-14,2105,177276501882.0
2012-06-15,2105,180243472625.0
2012-06-18,2105,186177414111.0
2012-06-19,2105,185188423863.0
2012-06-20,2105,185435671425.0
2012-06-21,2105,185930166549.0
2012-06-22,2105,183457690930.0
2012-06-25,2105,181479710435.0
2012-06-26,2105,180243472625.0
2012-06-27,2105,180737967749.0
2012-06-28,2105,180243472625.0
2012-06-29,2105,185435671425.0
2012-07-02,2105,185682918987.0
2012-07-03,2105,187166404358.0
2012-07-04,2105,189144384854.0
2012-07-05,2105,189144384854.0
2012-07-06,2105,189391632415.0
2012-07-09,2105,186919156796.0
2012-07-10,2105,190380622663.0
2012-07-11,2105,195325573901.0
2012-07-12,2105,191864108034.0
2012-07-13,2105,190627870225.0
2012-07-16,2105,190380622663.0
2012-07-17,2105,194336583653.0
2012-07-18,2105,193347593406.0
2012-07-19,2105,196067316587.0
2012-07-20,2105,196067316587.0
2012-07-23,2105,196067316587.0
2012-07-24,2105,195820069025.0
2012-07-25,2105,195572821463.0
2012-07-26,2105,193347593406.0
2012-07-27,2105,196067316587.0
2012-07-30,2105,194089336092.0
2012-07-31,2105,197303554396.0
2012-08-01,2105,201506762949.0
2012-08-03,2105,181726957997.0
2012-08-06,2105,183210443368.0
2012-08-07,2105,183210443368.0
2012-08-08,2105,182468700682.0
2012-08-09,2105,185188423863.0
2012-08-10,2105,183457690930.0
2012-08-13,2105,179007234816.0
2012-08-14,2105,179501729939.0
2012-08-15,2105,181479710435.0
2012-08-16,2105,181726957997.0
2012-08-17,2105,181974205558.0
2012-08-20,2105,181974205558.0
2012-08-21,2105,184199433616.0
2012-08-22,2105,184941176301.0
2012-08-23,2105,183457690930.0
2012-08-24,2105,180490720187.0
2012-08-27,2105,179254482378.0
2012-08-28,2105,176782006759.0
2012-08-29,2105,179748977501.0
2012-08-30,2105,203222660980.0
2012-08-31,2105,205195696524.0
2012-09-03,2105,204350109863.0
2012-09-04,2105,203504523201.0
2012-09-05,2105,201249625437.0
2012-09-06,2105,200404038775.0
2012-09-07,2105,203786385422.0
2012-09-10,2105,207450594288.0
2012-09-11,2105,206323145406.0
2012-09-12,2105,210551078714.0
2012-09-13,2105,210551078714.0
2012-09-14,2105,211960389816.0
2012-09-17,2105,211396665375.0
2012-09-18,2105,209141767611.0
2012-09-19,2105,209141767611.0
2012-09-20,2105,209423629832.0
2012-09-21,2105,210832940934.0
2012-09-24,2105,209987354273.0
2012-09-25,2105,211678527595.0
2012-09-26,2105,213369700919.0
2012-09-27,2105,213651563139.0
2012-09-28,2105,217033909785.0
2012-10-01,2105,215060874242.0
2012-10-02,2105,218161358667.0
2012-10-03,2105,216752047565.0
2012-10-04,2105,218443220888.0
2012-10-05,2105,219570669770.0
2012-10-08,2105,219570669770.0
2012-10-09,2105,221261843093.0
2012-10-11,2105,217315772005.0
2012-10-12,2105,214215287580.0
2012-10-15,2105,211678527595.0
2012-10-16,2105,211396665375.0
2012-10-17,2105,209987354273.0
2012-10-18,2105,211114803155.0
2012-10-19,2105,207168732068.0
2012-10-22,2105,207732456509.0
2012-10-23,2105,208014318729.0
2012-10-24,2105,204913834304.0
2012-10-25,2105,205195696524.0
2012-10-26,2105,203222660980.0
2012-10-29,2105,203222660980.0
2012-10-30,2105,204631972083.0
2012-10-31,2105,206041283185.0
2012-11-01,2105,207168732068.0
2012-11-02,2105,207168732068.0
2012-11-05,2105,206605007627.0
2012-11-06,2105,205759420965.0
2012-11-07,2105,206605007627.0
2012-11-08,2105,207168732068.0
2012-11-09,2105,206323145406.0
2012-11-12,2105,204913834304.0
2012-11-13,2105,203786385422.0
2012-11-14,2105,199558452114.0
2012-11-15,2105,197303554350.0
2012-11-16,2105,197303554350.0
2012-11-19,2105,196457967689.0
2012-11-20,2105,197021692130.0
2012-11-21,2105,197303554350.0
2012-11-22,2105,197021692130.0
2012-11-23,2105,201249625437.0
2012-11-26,2105,206886869847.0
2012-11-27,2105,206886869847.0
2012-11-28,2105,206886869847.0
2012-11-29,2105,208296180950.0
2012-11-30,2105,208859905390.0
2012-12-03,2105,210832940934.0
2012-12-04,2105,210832940934.0
2012-12-05,2105,212524114257.0
2012-12-06,2105,215906460903.0
2012-12-07,2105,215906460903.0
2012-12-10,2105,214779012021.0
2012-12-11,2105,213651563139.0
2012-12-12,2105,215624598683.0
2012-12-13,2105,217033909785.0
2012-12-14,2105,215624598683.0
2012-12-17,2105,215624598683.0
2012-12-18,2105,214497149800.0
2012-12-19,2105,214779012021.0
2012-12-20,2105,213087838698.0
2012-12-21,2105,208859905390.0
2012-12-24,2105,211960389816.0
2012-12-25,2105,213369700919.0
2012-12-26,2105,215624598683.0
2012-12-27,2105,213651563139.0
2012-12-28,2105,212524114257.0
2013-01-02,2105,213933425360.0
2013-01-03,2105,214215287580.0
2013-01-04,2105,212805976553.0
2013-01-07,2105,210551078788.0
2013-01-08,2105,209141767685.0
2013-01-09,2105,209141767685.0
2013-01-10,2105,214215287656.0
2013-01-11,2105,213651563215.0
2013-01-14,2105,211678527671.0
2013-01-15,2105,210551078788.0
2013-01-16,2105,208578043244.0
2013-01-17,2105,206886869920.0
2013-01-18,2105,208014318803.0
2013-01-21,2105,206605007700.0
2013-01-22,2105,206886869920.0
2013-01-23,2105,208578043244.0
2013-01-24,2105,208578043244.0
2013-01-25,2105,208578043244.0
2013-01-28,2105,210551078788.0
2013-01-29,2105,218443220965.0
2013-01-30,2105,218443220965.0
2013-01-31,2105,217033909862.0
2013-02-01,2105,218725083186.0
2013-02-04,2105,218443220965.0
2013-02-05,2105,220698118730.0
2013-02-06,2105,220416256509.0
2013-02-18,2105,220698118730.0
2013-02-19,2105,218443220965.0
2013-02-20,2105,217033909862.0
2013-02-21,2105,217879496524.0
2013-02-22,2105,224644189818.0
2013-02-25,2105,224080465377.0
2013-02-26,2105,226335363142.0
2013-02-27,2105,227180949804.0
2013-03-01,2105,228590260907.0
2013-03-04,2105,228026536465.0
2013-03-05,2105,229717709789.0
2013-03-06,2105,233945643098.0
2013-03-07,2105,232254469774.0
2013-03-08,2105,233663780877.0
2013-03-11,2105,238173576407.0
2013-03-12,2105,238173576407.0
2013-03-13,2105,233663780877.0
2013-03-14,2105,231127020892.0
2013-03-15,2105,228026536465.0
2013-03-18,2105,227462812024.0
2013-03-19,2105,226335363142.0
2013-03-20,2105,229435847568.0
2013-03-21,2105,235636816422.0
2013-03-22,2105,234791229760.0
2013-03-25,2105,235073091980.0
2013-03-26,2105,235073091980.0
2013-03-27,2105,236482403083.0
2013-03-28,2105,239582887510.0
2013-03-29,2105,248038754128.0
2013-04-01,2105,251139238555.0
2013-04-02,2105,252548549658.0
2013-04-03,2105,261568140717.0
2013-04-08,2105,252548549658.0
2013-04-09,2105,252830411878.0
2013-04-10,2105,266641660688.0
2013-04-11,2105,272842629541.0
2013-04-12,2105,275097527306.0
2013-04-15,2105,270587731776.0
2013-04-16,2105,279043598394.0
2013-04-17,2105,278479873953.0
2013-04-18,2105,279889185056.0
2013-04-19,2105,281298496159.0
2013-04-22,2105,283271531703.0
2013-04-23,2105,279043598394.0
2013-04-24,2105,281862220600.0
2013-04-25,2105,281862220600.0
2013-04-26,2105,270869593997.0
2013-04-29,2105,275661251747.0
2013-04-30,2105,281580358379.0
2013-05-02,2105,281862220600.0
2013-05-03,2105,281862220600.0
2013-05-06,2105,277352425070.0
2013-05-07,2105,276506838409.0
2013-05-08,2105,281862220600.0
2013-05-09,2105,280734771718.0
2013-05-10,2105,281298496159.0
2013-05-13,2105,281862220600.0
2013-05-14,2105,271997042879.0
2013-05-15,2105,270869593997.0
2013-05-16,2105,268050971791.0
2013-05-17,2105,263259314040.0
2013-05-20,2105,262131865158.0
2013-05-21,2105,267769109570.0
2013-05-22,2105,271151456217.0
2013-05-23,2105,264950487364.0
2013-05-24,2105,259031380731.0
2013-05-27,2105,260722554055.0
2013-05-28,2105,262131865158.0
2013-05-29,2105,263823038482.0
2013-05-30,2105,257903931849.0
2013-05-31,2105,252830411878.0
2013-06-03,2105,256494620746.0
2013-06-04,2105,256776482967.0
2013-06-05,2105,252830411878.0
2013-06-06,2105,250857376334.0
2013-06-07,2105,255085309643.0
2013-06-10,2105,258467656290.0
2013-06-11,2105,260158829614.0
2013-06-13,2105,256776482967.0
2013-06-14,2105,257622069628.0
2013-06-17,2105,262131865158.0
2013-06-18,2105,264386762923.0
2013-06-19,2105,267487247349.0
2013-06-20,2105,260722554055.0
2013-06-21,2105,258467656290.0
2013-06-24,2105,256494620746.0
2013-06-25,2105,246347580804.0
2013-06-26,2105,250857376334.0
2013-06-27,2105,256776482967.0
2013-06-28,2105,266641660688.0
2013-07-01,2105,262413727379.0
2013-07-02,2105,262131865158.0
2013-07-03,2105,262413727379.0
2013-07-04,2105,263541176261.0
2013-07-05,2105,265514211805.0
2013-07-08,2105,266923522908.0
2013-07-09,2105,268050971791.0
2013-07-10,2105,274533802864.0
2013-07-11,2105,272842629541.0
2013-07-12,2105,272560767320.0
2013-07-15,2105,268896558452.0
2013-07-16,2105,271433318438.0
2013-07-17,2105,274533802864.0
2013-07-18,2105,272278905100.0
2013-07-19,2105,272560767320.0
2013-07-22,2105,277070562850.0
2013-07-23,2105,276224976188.0
2013-07-24,2105,272278905100.0
2013-07-25,2105,270587731776.0
2013-07-26,2105,270305869555.0
2013-07-29,2105,274533802864.0
2013-07-30,2105,274533802864.0
2013-07-31,2105,280171047276.0
2013-08-01,2105,280171047276.0
2013-08-02,2105,242965234157.0
2013-08-05,2105,245220131922.0
2013-08-06,2105,246911305246.0
2013-08-07,2105,240992198613.0
2013-08-08,2105,236200540863.0
2013-08-09,2105,236764265304.0
2013-08-12,2105,237046127525.0
2013-08-13,2105,235918678642.0
2013-08-14,2105,231127020892.0
2013-08-15,2105,229153985348.0
2013-08-16,2105,230281434230.0
2013-08-19,2105,214215287656.0
2013-08-20,2105,207450594362.0
2013-08-22,2105,207450594362.0
2013-08-23,2105,210832941009.0
2013-08-26,2105,211396665450.0
2013-08-27,2105,209141767685.0
2013-08-28,2105,210832941009.0
2013-08-29,2105,215906460980.0
2013-08-30,2105,217033909862.0
2013-09-02,2105,216752047641.0
2013-09-03,2105,249588996272.0
2013-09-04,2105,249264854718.0
2013-09-05,2105,252830411808.0
2013-09-06,2105,254126978022.0
2013-09-09,2105,253478694915.0
2013-09-10,2105,253478694915.0
2013-09-11,2105,249588996272.0
2013-09-12,2105,252506270254.0
2013-09-13,2105,250237279379.0
2013-09-16,2105,252830411808.0
2013-09-17,2105,253478694915.0
2013-09-18,2105,250885562486.0
2013-09-23,2105,252182128701.0
2013-09-24,2105,254451119576.0
2013-09-25,2105,255099402683.0
2013-09-26,2105,251209704040.0
2013-09-27,2105,253478694915.0
2013-09-30,2105,250885562486.0
2013-10-01,2105,250885562486.0
2013-10-02,2105,249588996272.0
2013-10-03,2105,253478694915.0
2013-10-04,2105,253802836469.0
2013-10-07,2105,267416781720.0
2013-10-08,2105,264175366184.0
2013-10-09,2105,263527083077.0
2013-10-11,2105,257368393558.0
2013-10-14,2105,257692535112.0
2013-10-15,2105,259313242880.0
2013-10-16,2105,257044252005.0
2013-10-17,2105,258016676666.0
2013-10-18,2105,258016676666.0
2013-10-21,2105,259637384434.0
2013-10-22,2105,257044252005.0
2013-10-23,2105,254451119576.0
2013-10-24,2105,253154553362.0
2013-10-25,2105,255747685790.0
2013-10-28,2105,260285667541.0
2013-10-29,2105,259313242880.0
2013-10-30,2105,258016676666.0
2013-10-31,2105,254126978022.0
2013-11-01,2105,252182128701.0
2013-11-04,2105,254126978022.0
2013-11-05,2105,251533845594.0
2013-11-07,2105,249588996272.0
2013-11-08,2105,239864749664.0
2013-11-11,2105,239864749664.0
2013-11-12,2105,241485457432.0
2013-11-13,2105,238568183450.0
2013-11-14,2105,239216466557.0
2013-11-15,2105,238244041896.0
2013-11-18,2105,236947475682.0
2013-11-19,2105,238892325003.0
2013-11-20,2105,239864749664.0
2013-11-21,2105,239864749664.0
2013-11-22,2105,241161315878.0
2013-11-25,2105,243430306754.0
2013-11-26,2105,245051014522.0
2013-11-27,2105,250561420933.0
2013-11-28,2105,250885562486.0
2013-11-29,2105,251533845594.0
2013-12-02,2105,250885562486.0
2013-12-03,2105,247320005397.0
2013-12-04,2105,246995863843.0
2013-12-05,2105,244726872968.0
2013-12-06,2105,245051014522.0
2013-12-09,2105,247968288504.0
2013-12-10,2105,248292430058.0
2013-12-11,2105,247968288504.0
2013-12-12,2105,242457882093.0
2013-12-13,2105,242133740539.0
2013-12-16,2105,240188891218.0
2013-12-17,2105,240513032771.0
2013-12-18,2105,241485457432.0
2013-12-19,2105,243754448307.0
2013-12-20,2105,241809598986.0
2013-12-23,2105,246023439182.0
2013-12-24,2105,246671722290.0
2013-12-25,2105,245699297629.0
2013-12-26,2105,245699297629.0
2013-12-27,2105,248292430058.0
2013-12-30,2105,252830411808.0
2013-12-31,2105,252830411808.0
2014-01-02,2105,252830411808.0
2014-01-03,2105,249264854718.0
2014-01-06,2105,249264854718.0
2014-01-07,2105,254451119576.0
2014-01-08,2105,256071827344.0
2014-01-09,2105,252830411808.0
2014-01-10,2105,250885562486.0
2014-01-13,2105,251857987147.0
2014-01-14,2105,252830411808.0
2014-01-15,2105,253478694915.0
2014-01-16,2105,252830411808.0
2014-01-17,2105,254451119576.0
2014-01-20,2105,258016676666.0
2014-01-21,2105,257692535112.0
2014-01-22,2105,256071827344.0
2014-01-23,2105,252830411808.0
2014-01-24,2105,252182128701.0
2014-01-27,2105,247968288504.0
2014-02-05,2105,244726872968.0
2014-02-06,2105,251209704040.0
2014-02-10,2105,253478694915.0
2014-02-11,2105,252830411808.0
2014-02-12,2105,253154553362.0
2014-02-13,2105,249588996272.0
2014-02-14,2105,250237279379.0
2014-02-17,2105,252182128701.0
2014-02-18,2105,252506270254.0
2014-02-19,2105,255099402683.0
2014-02-20,2105,253478694915.0
2014-02-21,2105,254451119576.0
2014-02-24,2105,254451119576.0
2014-02-25,2105,253478694915.0
2014-02-26,2105,254775261130.0
2014-02-27,2105,255747685790.0
2014-03-03,2105,253478694915.0
2014-03-04,2105,253478694915.0
2014-03-05,2105,253802836469.0
2014-03-06,2105,256071827344.0
2014-03-07,2105,256395968898.0
2014-03-10,2105,255423544237.0
2014-03-11,2105,254775261130.0
2014-03-12,2105,252830411808.0
2014-03-13,2105,251209704040.0
2014-03-14,2105,248292430058.0
2014-03-17,2105,248292430058.0
2014-03-18,2105,254451119576.0
2014-03-19,2105,254451119576.0
2014-03-20,2105,250561420933.0
2014-03-21,2105,250237279379.0
2014-03-24,2105,251209704040.0
2014-03-25,2105,252506270254.0
2014-03-26,2105,252830411808.0
2014-03-27,2105,270334055702.0
2014-03-28,2105,273899612792.0
2014-03-31,2105,281679010078.0
2014-04-01,2105,282003151632.0
2014-04-02,2105,282651434739.0
2014-04-03,2105,289782548918.0
2014-04-07,2105,288485982704.0
2014-04-08,2105,287513558043.0
2014-04-09,2105,291079115133.0
2014-04-10,2105,291727398240.0
2014-04-11,2105,286865274936.0
2014-04-14,2105,289458407365.0
2014-04-15,2105,291727398240.0
2014-04-16,2105,289458407365.0
2014-04-17,2105,287189416490.0
2014-04-18,2105,289134265811.0
2014-04-21,2105,289782548918.0
2014-04-22,2105,290106690472.0
2014-04-23,2105,289134265811.0
2014-04-24,2105,285892850275.0
2014-04-25,2105,279410019203.0
2014-04-28,2105,282003151632.0
2014-04-29,2105,283948000954.0
2014-04-30,2105,280706585418.0
2014-05-02,2105,274872037453.0
2014-05-05,2105,275520320560.0
2014-05-06,2105,275844462114.0
2014-05-07,2105,274872037453.0
2014-05-08,2105,274872037453.0
2014-05-09,2105,273575471238.0
2014-05-12,2105,266768498613.0
2014-05-13,2105,265471932398.0
2014-05-14,2105,259637384434.0
2014-05-15,2105,259637384434.0
2014-05-16,2105,262878799970.0
2014-05-19,2105,260285667541.0
2014-05-20,2105,259313242880.0
2014-05-21,2105,259961525987.0
2014-05-22,2105,260933950648.0
2014-05-23,2105,260285667541.0
2014-05-26,2105,259313242880.0
2014-05-27,2105,263851224630.0
2014-05-28,2105,265796073952.0
2014-05-29,2105,261906375309.0
2014-05-30,2105,262554658416.0
2014-06-03,2105,264175366184.0
2014-06-04,2105,262230516862.0
2014-06-05,2105,261258092202.0
2014-06-06,2105,263527083077.0
2014-06-09,2105,263202941523.0
2014-06-10,2105,263851224630.0
2014-06-11,2105,260285667541.0
2014-06-12,2105,259313242880.0
2014-06-13,2105,259313242880.0
2014-06-16,2105,257368393558.0
2014-06-17,2105,260609809094.0
2014-06-18,2105,261582233755.0
2014-06-19,2105,260609809094.0
2014-06-20,2105,257368393558.0
2014-06-23,2105,258340818219.0
2014-06-24,2105,254451119576.0
2014-06-25,2105,248292430058.0
2014-06-26,2105,251857987147.0
2014-06-27,2105,251209704040.0
2014-06-30,2105,247644146950.0
2014-07-01,2105,253478694915.0
2014-07-02,2105,251857987147.0
2014-07-03,2105,250561420933.0
2014-07-04,2105,246347580736.0
2014-07-07,2105,245699297629.0
2014-07-08,2105,247320005397.0
2014-07-09,2105,249588996272.0
2014-07-10,2105,252182128701.0
2014-07-11,2105,253802836469.0
2014-07-14,2105,256720110451.0
2014-07-15,2105,259637384434.0
2014-07-16,2105,255099402683.0
2014-07-17,2105,252830411808.0
2014-07-18,2105,253802836469.0
2014-07-21,2105,252830411808.0
2014-07-22,2105,250561420933.0
2014-07-24,2105,244078589861.0
2014-07-25,2105,243106165200.0
2014-07-28,2105,244078589861.0
2014-07-29,2105,245699297629.0
2014-07-30,2105,247320005397.0
2014-07-31,2105,244726872968.0
2014-08-01,2105,244402731414.0
2014-08-04,2105,243430306754.0
2014-08-05,2105,239540608110.0
2014-08-06,2105,240188891218.0
2014-08-07,2105,238244041896.0
2014-08-08,2105,236623334128.0
2014-08-11,2105,237271617235.0
2014-08-12,2105,237919900342.0
2014-08-13,2105,227547370627.0
2014-08-14,2105,222685247323.0
2014-08-15,2105,219119690234.0
2014-08-18,2105,218147265573.0
2014-08-19,2105,221064539555.0
2014-08-20,2105,221712822662.0
2014-08-22,2105,222361105770.0
2014-08-25,2105,221712822662.0
2014-08-26,2105,224630096645.0
2014-08-27,2105,228843936842.0
2014-08-28,2105,226574945966.0
2014-08-29,2105,223657671984.0
2014-09-01,2105,221388681109.0
2014-09-02,2105,219119690234.0
2014-09-03,2105,220416256448.0
2014-09-04,2105,221064539555.0
2014-09-05,2105,224954238198.0
2014-09-09,2105,221064539555.0
2014-09-10,2105,222036964216.0
2014-09-11,2105,219767973341.0
2014-09-12,2105,217174840912.0
2014-09-15,2105,216850699358.0
2014-09-16,2105,215878274698.0
2014-09-17,2105,213933425376.0
2014-09-18,2105,215554133144.0
2014-09-19,2105,215878274698.0
2014-09-22,2105,214257566930.0
2014-09-23,2105,213285142269.0
2014-09-24,2105,212961000715.0
2014-09-25,2105,212961000715.0
2014-09-26,2105,214905850037.0
2014-09-29,2105,215554133144.0
2014-09-30,2105,217498982466.0
2014-10-01,2105,219767973341.0
2014-10-02,2105,222361105770.0
2014-10-03,2105,223333530430.0
2014-10-06,2105,220416256448.0
2014-10-07,2105,219443831787.0
2014-10-08,2105,218147265573.0
2014-10-09,2105,218147265573.0
2014-10-13,2105,216202416251.0
2014-10-14,2105,219767973341.0
2014-10-15,2105,217498982466.0
2014-10-16,2105,216526557805.0
2014-10-17,2105,215229991590.0
2014-10-20,2105,215554133144.0
2014-10-21,2105,213609283822.0
2014-10-22,2105,215229991590.0
2014-10-23,2105,219119690234.0
2014-10-24,2105,219443831787.0
2014-10-27,2105,219443831787.0
2014-10-28,2105,222036964216.0
2014-10-29,2105,227871512181.0
2014-10-30,2105,229168078395.0
2014-10-31,2105,230140503056.0
2014-11-03,2105,230788786163.0
2014-11-04,2105,232733635485.0
2014-11-05,2105,238244041896.0
2014-11-06,2105,235650909467.0
2014-11-07,2105,237271617235.0
2014-11-10,2105,237271617235.0
2014-11-11,2105,236623334128.0
2014-11-12,2105,233057777038.0
2014-11-13,2105,238244041896.0
2014-11-14,2105,235002626360.0
2014-11-17,2105,233381918592.0
2014-11-18,2105,231761210824.0
2014-11-19,2105,235002626360.0
2014-11-20,2105,235002626360.0
2014-11-21,2105,235002626360.0
2014-11-24,2105,235002626360.0
2014-11-25,2105,233057777038.0
2014-11-26,2105,228843936842.0
2014-11-27,2105,231112927717.0
2014-11-28,2105,232409493931.0
2014-12-01,2105,230788786163.0
2014-12-02,2105,229492219949.0
2014-12-03,2105,233057777038.0
2014-12-04,2105,233706060146.0
2014-12-05,2105,231761210824.0
2014-12-08,2105,234678484806.0
2014-12-09,2105,238892325003.0
2014-12-10,2105,235975051021.0
2014-12-11,2105,233381918592.0
2014-12-12,2105,234030201699.0
2014-12-15,2105,232409493931.0
2014-12-16,2105,233381918592.0
2014-12-17,2105,232733635485.0
2014-12-18,2105,232409493931.0
2014-12-19,2105,231761210824.0
2014-12-22,2105,232085352378.0
2014-12-23,2105,238568183450.0
2014-12-24,2105,239216466557.0
2014-12-25,2105,237919900342.0
2014-12-26,2105,236623334128.0
2014-12-29,2105,238244041896.0
2014-12-30,2105,238244041896.0
2014-12-31,2105,241161315878.0
2015-01-05,2105,240513032771.0
2015-01-06,2105,235975051021.0
2015-01-07,2105,232733635485.0
2015-01-08,2105,238892325003.0
2015-01-09,2105,239864749664.0
2015-01-12,2105,238892325003.0
2015-01-13,2105,240837174325.0
2015-01-14,2105,238568183450.0
2015-01-15,2105,239864749664.0
2015-01-16,2105,237595758789.0
2015-01-19,2105,236623334128.0
2015-01-20,2105,239864749664.0
2015-01-21,2105,242457882093.0
2015-01-22,2105,244726872968.0
2015-01-23,2105,247968288504.0
2015-01-26,2105,248292430058.0
2015-01-27,2105,249588996272.0
2015-01-28,2105,247320005397.0
2015-01-29,2105,243754448307.0
2015-01-30,2105,246347580736.0
2015-02-02,2105,247644146950.0
2015-02-03,2105,247968288504.0
2015-02-04,2105,249588996272.0
2015-02-05,2105,251209704040.0
2015-02-06,2105,250885562486.0
2015-02-09,2105,248292430058.0
2015-02-10,2105,246671722290.0
2015-02-11,2105,246995863843.0
2015-02-12,2105,251857987147.0
2015-02-13,2105,251209704040.0
2015-02-24,2105,250885562486.0
2015-02-25,2105,249264854718.0
2015-02-26,2105,245699297629.0
2015-03-02,2105,245051014522.0
2015-03-03,2105,241485457432.0
2015-03-04,2105,242133740539.0
2015-03-05,2105,238568183450.0
2015-03-06,2105,242457882093.0
2015-03-09,2105,241485457432.0
2015-03-10,2105,243106165200.0
2015-03-11,2105,239216466557.0
2015-03-12,2105,243106165200.0
2015-03-13,2105,241809598986.0
2015-03-16,2105,238568183450.0
2015-03-17,2105,238244041896.0
2015-03-18,2105,242133740539.0
2015-03-19,2105,243106165200.0
2015-03-20,2105,243106165200.0
2015-03-23,2105,242457882093.0
2015-03-24,2105,240837174325.0
2015-03-25,2105,238892325003.0
2015-03-26,2105,238568183450.0
2015-03-27,2105,235326767914.0
2015-03-30,2105,234354343253.0
2015-03-31,2105,233057777038.0
2015-04-01,2105,230140503056.0
2015-04-02,2105,231437069270.0
2015-04-07,2105,235326767914.0
2015-04-08,2105,231112927717.0
2015-04-09,2105,234678484806.0
2015-04-10,2105,234354343253.0
2015-04-13,2105,233706060146.0
2015-04-14,2105,231112927717.0
2015-04-15,2105,229816361502.0
2015-04-16,2105,231761210824.0
2015-04-17,2105,232733635485.0
2015-04-20,2105,230788786163.0
2015-04-21,2105,232085352378.0
2015-04-22,2105,230140503056.0
2015-04-23,2105,231761210824.0
2015-04-24,2105,237595758789.0
2015-04-27,2105,235650909467.0
2015-04-28,2105,237271617235.0
2015-04-29,2105,239540608110.0
2015-04-30,2105,237919900342.0
2015-05-04,2105,234354343253.0
2015-05-05,2105,233057777038.0
2015-05-06,2105,231112927717.0
2015-05-07,2105,230788786163.0
2015-05-08,2105,230788786163.0
2015-05-11,2105,231761210824.0
2015-05-12,2105,231761210824.0
2015-05-13,2105,230464644610.0
2015-05-14,2105,230464644610.0
2015-05-15,2105,229816361502.0
2015-05-18,2105,229492219949.0
2015-05-19,2105,229492219949.0
2015-05-20,2105,227547370627.0
2015-05-21,2105,226574945966.0
2015-05-22,2105,225926662859.0
2015-05-25,2105,226574945966.0
2015-05-26,2105,226250804413.0
2015-05-27,2105,226899087520.0
2015-05-28,2105,226574945966.0
2015-05-29,2105,230140503056.0
2015-06-01,2105,227223229074.0
2015-06-02,2105,225602521306.0
2015-06-03,2105,224305955091.0
2015-06-04,2105,219119690234.0
2015-06-05,2105,217823124019.0
2015-06-08,2105,217174840912.0
2015-06-09,2105,213933425376.0
2015-06-10,2105,215878274698.0
2015-06-11,2105,217823124019.0
2015-06-12,2105,218795548680.0
2015-06-15,2105,215878274698.0
2015-06-16,2105,214905850037.0
2015-06-17,2105,213609283822.0
2015-06-18,2105,213933425376.0
2015-06-22,2105,213933425376.0
2015-06-23,2105,214581708483.0
2015-06-24,2105,215878274698.0
2015-06-25,2105,218795548680.0
2015-06-26,2105,217174840912.0
2015-06-29,2105,216850699358.0
2015-06-30,2105,221388681109.0
2015-07-01,2105,216526557805.0
2015-07-02,2105,215229991590.0
2015-07-03,2105,215554133144.0
2015-07-06,2105,214581708483.0
2015-07-07,2105,214581708483.0
2015-07-08,2105,210692009840.0
2015-07-09,2105,210367868286.0
2015-07-13,2105,206478169643.0
2015-07-14,2105,208098877411.0
2015-07-15,2105,208423018965.0
2015-07-16,2105,208747160518.0
2015-07-17,2105,206154028090.0
2015-07-20,2105,207450594304.0
2015-07-21,2105,207450594304.0
2015-07-22,2105,204857461875.0
2015-07-23,2105,198050489250.0
2015-07-24,2105,199671197018.0
2015-07-27,2105,195457356821.0
2015-07-28,2105,197726347696.0
2015-07-29,2105,194484932160.0
2015-07-30,2105,198050489250.0
2015-07-31,2105,197726347696.0
2015-08-03,2105,194809073714.0
2015-08-04,2105,194484932160.0
2015-08-05,2105,190595233517.0
2015-08-06,2105,190595233517.0
2015-08-07,2105,187677959534.0
2015-08-10,2105,188002101088.0
2015-08-11,2105,182815836230.0
2015-08-12,2105,182491694677.0
2015-08-13,2105,182167553123.0
2015-08-14,2105,181843411570.0
2015-08-17,2105,180222703802.0
2015-08-18,2105,179898562248.0
2015-08-19,2105,175360580498.0
2015-08-20,2105,173415731176.0
2015-08-21,2105,170822598747.0
2015-08-24,2105,162394918354.0
2015-08-25,2105,166932900104.0
2015-08-26,2105,167905324765.0
2015-08-27,2105,168553607872.0
2015-08-28,2105,172767448069.0
2015-08-31,2105,169201890979.0
2015-09-01,2105,167581183211.0
2015-09-02,2105,167581183211.0
2015-09-03,2105,169526032533.0
2015-09-04,2105,166932900104.0
2015-09-07,2105,167581183211.0
2015-09-08,2105,166932900104.0
2015-09-09,2105,175684722051.0
2015-09-10,2105,184436543998.0
2015-09-11,2105,181519270016.0
2015-09-14,2105,180546845355.0
2015-09-15,2105,180546845355.0
2015-09-16,2105,183464119338.0
2015-09-17,2105,180870986909.0
2015-09-18,2105,180222703802.0
2015-09-21,2105,181195128462.0
2015-09-22,2105,181195128462.0
2015-09-23,2105,180222703802.0
2015-09-24,2105,175036438944.0
2015-09-25,2105,174712297390.0
2015-09-30,2105,175036438944.0
2015-10-01,2105,177629571373.0
2015-10-02,2105,181519270016.0
2015-10-05,2105,184436543998.0
2015-10-06,2105,189298667302.0
2015-10-07,2105,196753923035.0
2015-10-08,2105,199022913910.0
2015-10-12,2105,202264329446.0
2015-10-13,2105,200967763232.0
2015-10-14,2105,196105639928.0
2015-10-15,2105,196429781482.0
2015-10-16,2105,189946950410.0
2015-10-19,2105,194809073714.0
2015-10-20,2105,193188365946.0
2015-10-21,2105,193512507499.0
2015-10-22,2105,193512507499.0
2015-10-23,2105,194809073714.0
2015-10-26,2105,194160790606.0
2015-10-27,2105,195133215267.0
2015-10-28,2105,193836649053.0
2015-10-29,2105,191567658178.0
2015-10-30,2105,190919375070.0
2015-11-02,2105,194484932160.0
2015-11-03,2105,197078064589.0
2015-11-04,2105,200643621678.0
2015-11-05,2105,199347055464.0
2015-11-06,2105,194484932160.0
2015-11-09,2105,193512507499.0
2015-11-10,2105,194809073714.0
2015-11-11,2105,187677959534.0
2015-11-12,2105,187029676427.0
2015-11-13,2105,182815836230.0
2015-11-16,2105,184760685552.0
2015-11-17,2105,187029676427.0
2015-11-18,2105,181843411570.0
2015-11-19,2105,184760685552.0
2015-11-20,2105,181519270016.0
2015-11-23,2105,182815836230.0
2015-11-24,2105,181519270016.0
2015-11-25,2105,179250279141.0
2015-11-26,2105,180546845355.0
2015-11-27,2105,178277854480.0
2015-11-30,2105,177305429819.0
2015-12-01,2105,178926137587.0
2015-12-02,2105,179898562248.0
2015-12-03,2105,181519270016.0
2015-12-04,2105,178926137587.0
2015-12-07,2105,179250279141.0
2015-12-08,2105,176333005158.0
2015-12-09,2105,173415731176.0
2015-12-10,2105,170174315640.0
2015-12-11,2105,165960475443.0
2015-12-14,2105,165960475443.0
2015-12-15,2105,167257041658.0
2015-12-16,2105,168553607872.0
2015-12-17,2105,171146740301.0
2015-12-18,2105,169526032533.0
2015-12-21,2105,172443306515.0
2015-12-22,2105,169850174086.0
2015-12-23,2105,173739872730.0
2015-12-24,2105,173739872730.0
2015-12-25,2105,175684722051.0
2015-12-28,2105,178277854480.0
2015-12-29,2105,174064014283.0
2015-12-30,2105,173415731176.0
2015-12-31,2105,172767448069.0
2016-01-04,2105,167581183211.0
2016-01-05,2105,169850174086.0
2016-01-06,2105,171470881854.0
2016-01-07,2105,170174315640.0
2016-01-08,2105,167257041658.0
2016-01-11,2105,168553607872.0
2016-01-12,2105,166932900104.0
2016-01-13,2105,164663909229.0
2016-01-14,2105,164015626122.0
2016-01-15,2105,162394918354.0
2016-01-18,2105,160936281362.0
2016-01-19,2105,162394918354.0
2016-01-20,2105,160450069032.0
2016-01-21,2105,158505219710.0
2016-01-22,2105,158667290487.0
2016-01-25,2105,161746635246.0
2016-01-26,2105,162070776800.0
2016-01-27,2105,162070776800.0
2016-01-28,2105,164015626122.0
2016-01-29,2105,165960475443.0
2016-02-01,2105,173739872730.0
2016-02-02,2105,171795023408.0
2016-02-15,2105,172443306515.0
2016-02-16,2105,178277854480.0
2016-02-17,2105,177629571373.0
2016-02-18,2105,178277854480.0
2016-02-19,2105,178926137587.0
2016-02-22,2105,179574420694.0
2016-02-23,2105,181195128462.0
2016-02-24,2105,181843411570.0
2016-02-25,2105,188974525749.0
2016-02-26,2105,188974525749.0
2016-03-01,2105,188326242642.0
2016-03-02,2105,188002101088.0
2016-03-03,2105,187029676427.0
2016-03-04,2105,188326242642.0
2016-03-07,2105,190595233517.0
2016-03-08,2105,192540082838.0
2016-03-09,2105,192215941285.0
2016-03-10,2105,192215941285.0
2016-03-11,2105,198374630803.0
2016-03-14,2105,199022913910.0
2016-03-15,2105,194484932160.0
2016-03-16,2105,196753923035.0
2016-03-17,2105,198698772357.0
2016-03-18,2105,203885037214.0
2016-03-21,2105,199347055464.0
2016-03-22,2105,201940187893.0
2016-03-23,2105,203560895661.0
2016-03-24,2105,202912612554.0
2016-03-25,2105,197726347696.0
2016-03-28,2105,205181603429.0
2016-03-29,2105,207774735858.0
2016-03-30,2105,206802311197.0
2016-03-31,2105,209719585179.0
2016-04-01,2105,207450594304.0
2016-04-06,2105,206802311197.0
2016-04-07,2105,203885037214.0
2016-04-08,2105,204209178768.0
2016-04-11,2105,210692009840.0
2016-04-12,2105,212312717608.0
2016-04-13,2105,213933425376.0
2016-04-14,2105,218147265573.0
2016-04-15,2105,218795548680.0
2016-04-18,2105,219767973341.0
2016-04-19,2105,222036964216.0
2016-04-20,2105,218795548680.0
2016-04-21,2105,226250804413.0
2016-04-22,2105,223657671984.0
2016-04-25,2105,223009388877.0
2016-04-26,2105,223333530430.0
2016-04-27,2105,223009388877.0
2016-04-28,2105,220416256448.0
2016-04-29,2105,217498982466.0
2016-05-03,2105,213609283822.0
2016-05-04,2105,211340292947.0
2016-05-05,2105,210043726733.0
2016-05-06,2105,206154028090.0
2016-05-09,2105,209071302072.0
2016-05-10,2105,208098877411.0
2016-05-11,2105,206154028090.0
2016-05-12,2105,210043726733.0
2016-05-13,2105,216850699358.0
2016-05-16,2105,212312717608.0
2016-05-17,2105,216526557805.0
2016-05-18,2105,222361105770.0
2016-05-19,2105,213933425376.0
2016-05-20,2105,217174840912.0
2016-05-23,2105,217498982466.0
2016-05-24,2105,224305955091.0
2016-05-25,2105,223981813538.0
2016-05-26,2105,216850699358.0
2016-05-27,2105,220416256448.0
2016-05-30,2105,220740398002.0
2016-05-31,2105,217174840912.0
2016-06-01,2105,219443831787.0
2016-06-02,2105,220740398002.0
2016-06-03,2105,219119690234.0
2016-06-06,2105,213285142269.0
2016-06-07,2105,216850699358.0
2016-06-08,2105,220092114894.0
2016-06-13,2105,218795548680.0
2016-06-14,2105,218471407126.0
2016-06-15,2105,217498982466.0
2016-06-16,2105,217823124019.0
2016-06-17,2105,217174840912.0
2016-06-20,2105,218795548680.0
2016-06-21,2105,220092114894.0
2016-06-22,2105,223981813538.0
2016-06-23,2105,220416256448.0
2016-06-24,2105,216850699358.0
2016-06-27,2105,214257566930.0
2016-06-28,2105,213285142269.0
2016-06-29,2105,213285142269.0
2016-06-30,2105,219119690234.0
2016-07-01,2105,220416256448.0
2016-07-04,2105,217498982466.0
2016-07-05,2105,216526557805.0
2016-07-06,2105,210692009840.0
2016-07-07,2105,211988576054.0
2016-07-11,2105,215878274698.0
2016-07-12,2105,215878274698.0
2016-07-13,2105,218147265573.0
2016-07-14,2105,216850699358.0
2016-07-15,2105,218471407126.0
2016-07-18,2105,220416256448.0
2016-07-19,2105,221388681109.0
2016-07-20,2105,223657671984.0
2016-07-21,2105,215878274698.0
2016-07-22,2105,215229991590.0
2016-07-25,2105,214581708483.0
2016-07-26,2105,218471407126.0
2016-07-27,2105,218471407126.0
2016-07-28,2105,217174840912.0
2016-07-29,2105,215878274698.0
2016-08-01,2105,218795548680.0
2016-08-02,2105,220092114894.0
2016-08-03,2105,220740398002.0
2016-08-04,2105,223009388877.0
2016-08-05,2105,226899087520.0
2016-08-08,2105,232409493931.0
2016-08-09,2105,233381918592.0
2016-08-10,2105,236299192574.0
2016-08-11,2105,225602521306.0
2016-08-12,2105,226250804413.0
2016-08-15,2105,226574945966.0
2016-08-16,2105,223657671984.0
2016-08-17,2105,218795548680.0
2016-08-18,2105,221064539555.0
2016-08-19,2105,221712822662.0
2016-08-22,2105,221388681109.0
2016-08-23,2105,220740398002.0
2016-08-24,2105,219767973341.0
2016-08-25,2105,220740398002.0
2016-08-26,2105,221064539555.0
2016-08-29,2105,221064539555.0
2016-08-30,2105,221064539555.0
2016-08-31,2105,218471407126.0
2016-09-01,2105,214257566930.0
2016-09-02,2105,216850699358.0
2016-09-05,2105,220740398002.0
2016-09-06,2105,220416256448.0
2016-09-07,2105,220416256448.0
2016-09-08,2105,220416256448.0
2016-09-09,2105,218471407126.0
2016-09-12,2105,212312717608.0
2016-09-13,2105,210692009840.0
2016-09-14,2105,209071302072.0
2016-09-19,2105,218471407126.0
2016-09-20,2105,214581708483.0
2016-09-21,2105,215878274698.0
2016-09-22,2105,215878274698.0
2016-09-23,2105,218471407126.0
2016-09-26,2105,217174840912.0
2016-09-29,2105,217174840912.0
2016-09-30,2105,213609283822.0
2016-10-03,2105,215229991590.0
2016-10-04,2105,215229991590.0
2016-10-05,2105,216202416251.0
2016-10-06,2105,214257566930.0
2016-10-07,2105,216202416251.0
2016-10-11,2105,214905850037.0
2016-10-12,2105,211340292947.0
2016-10-13,2105,211988576054.0
2016-10-14,2105,208747160518.0
2016-10-17,2105,206802311197.0
2016-10-18,2105,207774735858.0
2016-10-19,2105,214257566930.0
2016-10-20,2105,212636859162.0
2016-10-21,2105,213609283822.0
2016-10-24,2105,213609283822.0
2016-10-25,2105,211340292947.0
2016-10-26,2105,209719585179.0
2016-10-27,2105,207450594304.0
2016-10-28,2105,210043726733.0
2016-10-31,2105,208423018965.0
2016-11-01,2105,211340292947.0
2016-11-02,2105,209071302072.0
2016-11-03,2105,209071302072.0
2016-11-04,2105,209071302072.0
2016-11-07,2105,210367868286.0
2016-11-08,2105,212636859162.0
2016-11-09,2105,208747160518.0
2016-11-10,2105,213285142269.0
2016-11-11,2105,196429781482.0
2016-11-14,2105,193188365946.0
2016-11-15,2105,189946950410.0
2016-11-16,2105,194484932160.0
2016-11-17,2105,189622808856.0
2016-11-18,2105,190919375070.0
2016-11-21,2105,189622808856.0
2016-11-22,2105,191243516624.0
2016-11-23,2105,191243516624.0
2016-11-24,2105,191891799731.0
2016-11-25,2105,192540082838.0
2016-11-28,2105,196429781482.0
2016-11-29,2105,192540082838.0
2016-11-30,2105,194484932160.0
2016-12-01,2105,193836649053.0
2016-12-02,2105,197078064589.0
2016-12-05,2105,196105639928.0
2016-12-06,2105,196753923035.0
2016-12-07,2105,195781498374.0
2016-12-08,2105,197726347696.0
2016-12-09,2105,196753923035.0
2016-12-12,2105,197726347696.0
2016-12-13,2105,197078064589.0
2016-12-14,2105,196105639928.0
2016-12-15,2105,196105639928.0
2016-12-16,2105,192215941285.0
2016-12-19,2105,196429781482.0
2016-12-20,2105,193188365946.0
2016-12-21,2105,192864224392.0
2016-12-22,2105,191891799731.0
2016-12-23,2105,191243516624.0
2016-12-26,2105,192540082838.0
2016-12-27,2105,193188365946.0
2016-12-28,2105,194484932160.0
2016-12-29,2105,195457356821.0
2016-12-30,2105,197078064589.0
2017-01-03,2105,199022913910.0
2017-01-04,2105,199995338571.0
2017-01-05,2105,199995338571.0
2017-01-06,2105,202912612554.0
2017-01-09,2105,204857461875.0
2017-01-10,2105,201940187893.0
2017-01-11,2105,206802311197.0
2017-01-12,2105,206802311197.0
2017-01-13,2105,206154028090.0
2017-01-16,2105,204209178768.0
2017-01-17,2105,205181603429.0
2017-01-18,2105,202264329446.0
2017-01-19,2105,202588471000.0
2017-01-20,2105,200319480125.0
2017-01-23,2105,202264329446.0
2017-01-24,2105,201616046339.0
2017-02-02,2105,199347055464.0
2017-02-03,2105,201291904786.0
2017-02-06,2105,201940187893.0
2017-02-07,2105,206478169643.0
2017-02-08,2105,203560895661.0
2017-02-09,2105,206154028090.0
2017-02-10,2105,208747160518.0
2017-02-13,2105,209719585179.0
2017-02-14,2105,213609283822.0
2017-02-15,2105,216850699358.0
2017-02-16,2105,214257566930.0
2017-02-17,2105,211664434501.0
2017-02-20,2105,213285142269.0
2017-02-21,2105,213933425376.0
2017-02-22,2105,214257566930.0
2017-02-23,2105,213609283822.0
2017-02-24,2105,211664434501.0
2017-03-01,2105,207450594304.0
2017-03-02,2105,210043726733.0
2017-03-03,2105,208423018965.0
2017-03-06,2105,209071302072.0
2017-03-07,2105,209395443626.0
2017-03-08,2105,209719585179.0
2017-03-09,2105,207450594304.0
2017-03-10,2105,210692009840.0
2017-03-13,2105,212312717608.0
2017-03-14,2105,210692009840.0
2017-03-15,2105,213933425376.0
2017-03-16,2105,214581708483.0
2017-03-17,2105,215229991590.0
2017-03-20,2105,215229991590.0
2017-03-21,2105,211988576054.0
2017-03-22,2105,210367868286.0
2017-03-23,2105,209071302072.0
2017-03-24,2105,209719585179.0
2017-03-27,2105,207774735858.0
2017-03-28,2105,205829886536.0
2017-03-29,2105,204209178768.0
2017-03-30,2105,203885037214.0
2017-03-31,2105,203236754107.0
2017-04-05,2105,206154028090.0
2017-04-06,2105,205505744982.0
2017-04-07,2105,202588471000.0
2017-04-10,2105,203885037214.0
2017-04-11,2105,202264329446.0
2017-04-12,2105,204209178768.0
2017-04-13,2105,203236754107.0
2017-04-14,2105,202588471000.0
2017-04-17,2105,201291904786.0
2017-04-18,2105,200643621678.0
2017-04-19,2105,198050489250.0
2017-04-20,2105,196753923035.0
2017-04-21,2105,197078064589.0
2017-04-24,2105,199022913910.0
2017-04-25,2105,202912612554.0
2017-04-26,2105,201291904786.0
2017-04-27,2105,202264329446.0
2017-04-28,2105,201940187893.0
2017-05-02,2105,203236754107.0
2017-05-03,2105,202264329446.0
2017-05-04,2105,202588471000.0
2017-05-05,2105,199671197018.0
2017-05-08,2105,199022913910.0
2017-05-09,2105,198374630803.0
2017-05-10,2105,200319480125.0
2017-05-11,2105,195781498374.0
2017-05-12,2105,193836649053.0
2017-05-15,2105,194484932160.0
2017-05-16,2105,194484932160.0
2017-05-17,2105,194484932160.0
2017-05-18,2105,193836649053.0
2017-05-19,2105,193512507499.0
2017-05-22,2105,193188365946.0
2017-05-23,2105,192215941285.0
2017-05-24,2105,195133215267.0
2017-05-25,2105,195781498374.0
2017-05-26,2105,198050489250.0
2017-06-01,2105,197726347696.0
2017-06-02,2105,200643621678.0
2017-06-05,2105,201291904786.0
2017-06-06,2105,201291904786.0
2017-06-07,2105,200319480125.0
2017-06-08,2105,198698772357.0
2017-06-09,2105,200319480125.0
2017-06-12,2105,195133215267.0
2017-06-13,2105,195457356821.0
2017-06-14,2105,195457356821.0
2017-06-15,2105,195457356821.0
2017-06-16,2105,195457356821.0
2017-06-19,2105,197078064589.0
2017-06-20,2105,196429781482.0
2017-06-21,2105,198374630803.0
2017-06-22,2105,200967763232.0
2017-06-23,2105,201616046339.0
2017-06-26,2105,207126452750.0
2017-06-27,2105,207126452750.0
2017-06-28,2105,207450594304.0
2017-06-29,2105,209719585179.0
2017-06-30,2105,209719585179.0
2017-07-03,2105,211664434501.0
2017-07-04,2105,211340292947.0
2017-07-05,2105,210367868286.0
2017-07-06,2105,210367868286.0
2017-07-07,2105,210367868286.0
2017-07-10,2105,210692009840.0
2017-07-11,2105,212961000715.0
2017-07-12,2105,212961000715.0
2017-07-13,2105,211016151394.0
2017-07-14,2105,210367868286.0
2017-07-17,2105,211340292947.0
2017-07-18,2105,211988576054.0
2017-07-19,2105,211340292947.0
2017-07-20,2105,210043726733.0
2017-07-21,2105,208423018965.0
2017-07-24,2105,210043726733.0
2017-07-25,2105,198698772357.0
2017-07-26,2105,197726347696.0
2017-07-27,2105,201291904786.0
2017-07-28,2105,199022913910.0
2017-07-31,2105,198050489250.0
2017-08-01,2105,198374630803.0
2017-08-02,2105,198050489250.0
2017-08-03,2105,196105639928.0
2017-08-04,2105,197402206142.0
2017-08-07,2105,201291904786.0
2017-08-08,2105,198374630803.0
2017-08-09,2105,198050489250.0
2017-08-10,2105,197078064589.0
2017-08-11,2105,191891799731.0
2017-08-14,2105,191567658178.0
2017-08-15,2105,191243516624.0
2017-08-16,2105,192540082838.0
2017-08-17,2105,192540082838.0
2017-08-18,2105,192864224392.0
2017-08-21,2105,192540082838.0
2017-08-22,2105,191891799731.0
2017-08-23,2105,191567658178.0
2017-08-24,2105,191891799731.0
2017-08-25,2105,192540082838.0
2017-08-28,2105,194160790606.0
2017-08-29,2105,193836649053.0
2017-08-30,2105,197402206142.0
2017-08-31,2105,196753923035.0
2017-09-01,2105,194809073714.0
2017-09-04,2105,197402206142.0
2017-09-05,2105,197726347696.0
2017-09-06,2105,196429781482.0
2017-09-07,2105,196753923035.0
2017-09-08,2105,198050489250.0
2017-09-11,2105,199347055464.0
2017-09-12,2105,197726347696.0
2017-09-13,2105,197078064589.0
2017-09-14,2105,197726347696.0
2017-09-15,2105,196429781482.0
2017-09-18,2105,197402206142.0
2017-09-19,2105,198698772357.0
2017-09-20,2105,198698772357.0
2017-09-21,2105,199995338571.0
2017-09-22,2105,198050489250.0
2017-09-25,2105,196753923035.0
2017-09-26,2105,197402206142.0
2017-09-27,2105,196105639928.0
2017-09-28,2105,195133215267.0
2017-09-29,2105,196753923035.0
2017-10-02,2105,197402206142.0
2017-10-03,2105,198050489250.0
2017-10-05,2105,199671197018.0
2017-10-06,2105,199671197018.0
2017-10-11,2105,198374630803.0
2017-10-12,2105,196753923035.0
2017-10-13,2105,196429781482.0
2017-10-16,2105,197078064589.0
2017-10-17,2105,195457356821.0
2017-10-18,2105,196105639928.0
2017-10-19,2105,195133215267.0
2017-10-20,2105,194809073714.0
2017-10-23,2105,194809073714.0
2017-10-24,2105,195133215267.0
2017-10-25,2105,194484932160.0
2017-10-26,2105,195133215267.0
2017-10-27,2105,196105639928.0
2017-10-30,2105,193188365946.0
2017-10-31,2105,192864224392.0
2017-11-01,2105,192864224392.0
2017-11-02,2105,193188365946.0
2017-11-03,2105,192540082838.0
2017-11-06,2105,191567658178.0
2017-11-07,2105,191567658178.0
2017-11-08,2105,189622808856.0
2017-11-09,2105,190595233517.0
2017-11-10,2105,190271091963.0
2017-11-13,2105,181195128462.0
2017-11-14,2105,177629571373.0
2017-11-15,2105,175360580498.0
2017-11-16,2105,173091589622.0
2017-11-17,2105,176657146712.0
2017-11-20,2105,175360580498.0
2017-11-21,2105,173739872730.0
2017-11-22,2105,174712297390.0
2017-11-23,2105,173415731176.0
2017-11-24,2105,172119164962.0
2017-11-27,2105,171470881854.0
2017-11-28,2105,169526032533.0
2017-11-29,2105,166608758550.0
2017-11-30,2105,166608758550.0
2017-12-01,2105,164988050782.0
2017-12-04,2105,168553607872.0
2017-12-05,2105,172443306515.0
2017-12-06,2105,169201890979.0
2017-12-07,2105,166284616997.0
2017-12-08,2105,165636333890.0
2017-12-11,2105,165636333890.0
2017-12-12,2105,165636333890.0
2017-12-13,2105,164988050782.0
2017-12-14,2105,165312192336.0
2017-12-15,2105,165636333890.0
2017-12-18,2105,165960475443.0
2017-12-19,2105,165312192336.0
2017-12-20,2105,166284616997.0
2017-12-21,2105,164988050782.0
2017-12-22,2105,165636333890.0
2017-12-25,2105,164339767675.0
2017-12-26,2105,164339767675.0
2017-12-27,2105,164988050782.0
2017-12-28,2105,168877749426.0
2017-12-29,2105,170174315640.0
2018-01-02,2105,167581183211.0
2018-01-03,2105,168553607872.0
2018-01-04,2105,167257041658.0
2018-01-05,2105,166932900104.0
2018-01-08,2105,167257041658.0
2018-01-09,2105,165960475443.0
2018-01-10,2105,166932900104.0
2018-01-11,2105,166284616997.0
2018-01-12,2105,167257041658.0
2018-01-15,2105,167257041658.0
2018-01-16,2105,167905324765.0
2018-01-17,2105,170498457194.0
2018-01-18,2105,169850174086.0
2018-01-19,2105,169201890979.0
2018-01-22,2105,168229466318.0
2018-01-23,2105,167581183211.0
2018-01-24,2105,167257041658.0
2018-01-25,2105,168229466318.0
2018-01-26,2105,166932900104.0
2018-01-29,2105,167257041658.0
2018-01-30,2105,165636333890.0
2018-01-31,2105,164663909229.0
2018-02-01,2105,165312192336.0
2018-02-02,2105,166284616997.0
2018-02-05,2105,164988050782.0
2018-02-06,2105,160125927478.0
2018-02-07,2105,159153502818.0
2018-02-08,2105,158829361264.0
2018-02-09,2105,153643096406.0
2018-02-12,2105,158667290487.0
2018-02-21,2105,162070776800.0
2018-02-22,2105,160774210586.0
2018-02-23,2105,163367343014.0
2018-02-26,2105,163691484568.0
2018-02-27,2105,162719059907.0
2018-03-01,2105,162070776800.0
2018-03-02,2105,161260422916.0
2018-03-05,2105,159153502818.0
2018-03-06,2105,159477644371.0
2018-03-07,2105,158991432041.0
2018-03-08,2105,159477644371.0
2018-03-09,2105,159639715148.0
2018-03-12,2105,163043201461.0
2018-03-13,2105,161908706023.0
2018-03-14,2105,163691484568.0
2018-03-15,2105,163367343014.0
2018-03-16,2105,162394918354.0
2018-03-19,2105,161746635246.0
2018-03-20,2105,162394918354.0
2018-03-21,2105,160450069032.0
2018-03-22,2105,160936281362.0
2018-03-23,2105,159639715148.0
2018-03-26,2105,158829361264.0
2018-03-27,2105,157532795050.0
2018-03-28,2105,154939662621.0
2018-03-29,2105,153481025630.0
2018-03-30,2105,152508600969.0
2018-04-02,2105,151698247085.0
2018-04-03,2105,151374105531.0
2018-04-09,2105,155750016505.0
2018-04-10,2105,155263804174.0
2018-04-11,2105,155750016505.0
2018-04-12,2105,154939662621.0
2018-04-13,2105,154777591844.0
2018-04-16,2105,155425874951.0
2018-04-17,2105,153805167183.0
2018-04-18,2105,152994813299.0
2018-04-19,2105,156074158058.0
2018-04-20,2105,155263804174.0
2018-04-23,2105,154615521067.0
2018-04-24,2105,155101733398.0
2018-04-25,2105,153643096406.0
2018-04-26,2105,152508600969.0
2018-04-27,2105,152994813299.0
2018-04-30,2105,155263804174.0
2018-05-02,2105,153481025630.0
2018-05-03,2105,152346530192.0
2018-05-04,2105,151212034754.0
2018-05-07,2105,150401680870.0
2018-05-08,2105,149753397763.0
2018-05-09,2105,149105114656.0
2018-05-10,2105,149105114656.0
2018-05-11,2105,149915468540.0
2018-05-14,2105,148780973102.0
2018-05-15,2105,145863699120.0
2018-05-16,2105,144242991352.0
2018-05-17,2105,145377486790.0
2018-05-18,2105,145377486790.0
2018-05-21,2105,147808548442.0
2018-05-22,2105,151049963978.0
2018-05-23,2105,151049963978.0
2018-05-24,2105,149429256210.0
2018-05-25,2105,148618902326.0
2018-05-28,2105,147808548442.0
2018-05-29,2105,147646477665.0
2018-05-30,2105,145701628343.0
2018-05-31,2105,147808548442.0
2018-06-01,2105,146674053004.0
2018-06-04,2105,147970619218.0
2018-06-05,2105,149915468540.0
2018-06-06,2105,151049963978.0
2018-06-07,2105,152832742522.0
2018-06-08,2105,152184459415.0
2018-06-11,2105,152184459415.0
2018-06-12,2105,155101733398.0
2018-06-13,2105,153967237960.0
2018-06-14,2105,151374105531.0
2018-06-15,2105,149915468540.0
2018-06-19,2105,146187840674.0
2018-06-20,2105,147646477665.0
2018-06-21,2105,146511982227.0
2018-06-22,2105,146187840674.0
2018-06-25,2105,145863699120.0
2018-06-26,2105,144567132906.0
2018-06-27,2105,144567132906.0
2018-06-28,2105,144729203682.0
2018-06-29,2105,148618902326.0
2018-07-02,2105,146674053004.0
2018-07-03,2105,144891274459.0
2018-07-04,2105,147646477665.0
2018-07-05,2105,146998194558.0
2018-07-06,2105,144567132906.0
2018-07-09,2105,146187840674.0
2018-07-10,2105,146349911450.0
2018-07-11,2105,146674053004.0
2018-07-12,2105,149105114656.0
2018-07-13,2105,143918849798.0
2018-07-16,2105,143918849798.0
2018-07-17,2105,146836123781.0
2018-07-18,2105,147970619218.0
2018-07-19,2105,146187840674.0
2018-07-20,2105,146511982227.0
2018-07-23,2105,146511982227.0
2018-07-24,2105,148456831549.0
2018-07-25,2105,148294760772.0
2018-07-26,2105,147970619218.0
2018-07-27,2105,151860317862.0
2018-07-30,2105,152346530192.0
2018-07-31,2105,153318954853.0
2018-08-01,2105,153805167183.0
2018-08-02,2105,151698247085.0
2018-08-03,2105,152508600969.0
2018-08-06,2105,158181078157.0
2018-08-07,2105,160287998255.0
2018-08-08,2105,158991432041.0
2018-08-09,2105,158829361264.0
2018-08-10,2105,159153502818.0
2018-08-13,2105,153156884076.0
2018-08-14,2105,153156884076.0
2018-08-15,2105,149915468540.0
2018-08-16,2105,152508600969.0
2018-08-17,2105,151536176308.0
2018-08-20,2105,152670671746.0
2018-08-21,2105,153805167183.0
2018-08-22,2105,151049963978.0
2018-08-23,2105,149429256210.0
2018-08-24,2105,147484406888.0
2018-08-27,2105,147484406888.0
2018-08-28,2105,150239610094.0
2018-08-29,2105,149429256210.0
2018-08-30,2105,149915468540.0
2018-08-31,2105,152022388638.0
2018-09-03,2105,152184459415.0
2018-09-04,2105,152508600969.0
2018-09-05,2105,149591326986.0
2018-09-06,2105,151212034754.0
2018-09-07,2105,151212034754.0
2018-09-10,2105,148618902326.0
2018-09-11,2105,150563751647.0
2018-09-12,2105,150887893201.0
2018-09-13,2105,151698247085.0
2018-09-14,2105,152994813299.0
2018-09-17,2105,153318954853.0
2018-09-18,2105,155263804174.0
2018-09-19,2105,156398299612.0
2018-09-20,2105,154615521067.0
2018-09-21,2105,155101733398.0
2018-09-25,2105,155912087282.0
2018-09-26,2105,154939662621.0
2018-09-27,2105,157046582719.0
2018-09-28,2105,155587945728.0
2018-10-01,2105,156398299612.0
2018-10-02,2105,153318954853.0
2018-10-03,2105,152346530192.0
2018-10-04,2105,150077539317.0
2018-10-08,2105,147484406888.0
2018-10-09,2105,147808548442.0
2018-10-11,2105,140515363486.0
2018-10-12,2105,141325717370.0
2018-10-15,2105,138084301834.0
2018-10-16,2105,138246372610.0
2018-10-17,2105,140353292709.0
2018-10-18,2105,138732584941.0
2018-10-19,2105,137760160280.0
2018-10-22,2105,138084301834.0
2018-10-23,2105,136463594066.0
2018-10-24,2105,137760160280.0
2018-10-25,2105,135491169405.0
2018-10-26,2105,134680815521.0
2018-10-29,2105,134518744744.0
2018-10-30,2105,137922231057.0
2018-10-31,2105,141163646593.0
2018-11-01,2105,141001575816.0
2018-11-02,2105,140515363486.0
2018-11-05,2105,141001575816.0
2018-11-06,2105,140191221932.0
2018-11-07,2105,140677434262.0
2018-11-08,2105,141325717370.0
2018-11-09,2105,134518744744.0
2018-11-12,2105,126739347458.0
2018-11-13,2105,127063489011.0
2018-11-14,2105,126739347458.0
2018-11-15,2105,127225559788.0
2018-11-16,2105,131115258431.0
2018-11-19,2105,129656621440.0
2018-11-20,2105,130629046101.0
2018-11-21,2105,130629046101.0
2018-11-22,2105,130629046101.0
2018-11-23,2105,129494550663.0
2018-11-26,2105,131601470762.0
2018-11-27,2105,131925612315.0
2018-11-28,2105,132087683092.0
2018-11-29,2105,134842886298.0
2018-11-30,2105,137760160280.0
2018-12-03,2105,140029151155.0
2018-12-04,2105,140677434262.0
2018-12-05,2105,138084301834.0
2018-12-06,2105,135329098628.0
2018-12-07,2105,135491169405.0
2018-12-10,2105,133870461637.0
2018-12-11,2105,133708390860.0
2018-12-12,2105,134680815521.0
2018-12-13,2105,139380868048.0
2018-12-14,2105,139056726494.0
2018-12-17,2105,139380868048.0
2018-12-18,2105,139380868048.0
2018-12-19,2105,139542938825.0
2018-12-20,2105,139705009602.0
2018-12-21,2105,129656621440.0
2018-12-24,2105,133384249306.0
2018-12-25,2105,130629046101.0
2018-12-26,2105,130142833770.0
2018-12-27,2105,131439399985.0
2018-12-28,2105,132411824646.0
2019-01-02,2105,130304904547.0
2019-01-03,2105,133060107753.0
2019-01-04,2105,133546320083.0
2019-01-07,2105,135815310958.0
2019-01-08,2105,135491169405.0
2019-01-09,2105,138246372610.0
2019-01-10,2105,137922231057.0
2019-01-11,2105,137922231057.0
2019-01-14,2105,136625664842.0
2019-01-15,2105,139218797271.0
2019-01-16,2105,138570514164.0
2019-01-17,2105,138732584941.0
2019-01-18,2105,139380868048.0
2019-01-21,2105,139218797271.0
2019-01-22,2105,137760160280.0
2019-01-23,2105,138894655718.0
2019-01-24,2105,138084301834.0
2019-01-25,2105,138732584941.0
2019-01-28,2105,138408443387.0
2019-01-29,2105,139056726494.0
2019-01-30,2105,139867080378.0
2019-02-11,2105,140839505039.0
2019-02-12,2105,143270566691.0
2019-02-13,2105,141487788146.0
2019-02-14,2105,140029151155.0
2019-02-15,2105,137436018726.0
2019-02-18,2105,137922231057.0
2019-02-19,2105,138570514164.0
2019-02-20,2105,140191221932.0
2019-02-21,2105,139542938825.0
2019-02-22,2105,140677434262.0
2019-02-25,2105,141325717370.0
2019-02-26,2105,142784354361.0
2019-02-27,2105,141811929700.0
2019-03-04,2105,141163646593.0
2019-03-05,2105,139705009602.0
2019-03-06,2105,139705009602.0
2019-03-07,2105,139380868048.0
2019-03-08,2105,138570514164.0
2019-03-11,2105,138408443387.0
2019-03-12,2105,138894655718.0
2019-03-13,2105,139380868048.0
2019-03-14,2105,138894655718.0
2019-03-15,2105,139380868048.0
2019-03-18,2105,139867080378.0
2019-03-19,2105,140191221932.0
2019-03-20,2105,141163646593.0
2019-03-21,2105,141649858923.0
2019-03-22,2105,139218797271.0
2019-03-25,2105,136787735619.0
2019-03-26,2105,135004957074.0
2019-03-27,2105,135815310958.0
2019-03-28,2105,134194603190.0
2019-03-29,2105,135977381735.0
2019-04-01,2105,134356673967.0
2019-04-02,2105,134356673967.0
2019-04-03,2105,135167027851.0
2019-04-08,2105,135167027851.0
2019-04-09,2105,135653240182.0
2019-04-10,2105,137922231057.0
2019-04-11,2105,136301523289.0
2019-04-12,2105,134518744744.0
2019-04-15,2105,133870461637.0
2019-04-16,2105,132898036976.0
2019-04-17,2105,133384249306.0
2019-04-18,2105,133060107753.0
2019-04-19,2105,133546320083.0
2019-04-22,2105,132898036976.0
2019-04-23,2105,132898036976.0
2019-04-24,2105,133060107753.0
2019-04-25,2105,130953187654.0
2019-04-26,2105,132898036976.0
2019-04-29,2105,134842886298.0
2019-04-30,2105,133708390860.0
2019-05-02,2105,134356673967.0
2019-05-03,2105,135167027851.0
2019-05-06,2105,132249753869.0
2019-05-07,2105,132411824646.0
2019-05-08,2105,131763541538.0
2019-05-09,2105,129494550663.0
2019-05-10,2105,128684196779.0
2019-05-13,2105,126739347458.0
2019-05-14,2105,125604852020.0
2019-05-15,2105,126415205904.0
2019-05-16,2105,125280710466.0
2019-05-17,2105,125280710466.0
2019-05-20,2105,127549701342.0
2019-05-21,2105,131763541538.0
2019-05-22,2105,130142833770.0
2019-05-23,2105,129170409110.0
2019-05-24,2105,127711772118.0
2019-05-27,2105,129656621440.0
2019-05-28,2105,129656621440.0
2019-05-29,2105,128360055226.0
2019-05-30,2105,129818692217.0
2019-05-31,2105,129980762994.0
2019-06-03,2105,129656621440.0
2019-06-04,2105,129008338333.0
2019-06-05,2105,129980762994.0
2019-06-06,2105,130142833770.0
2019-06-10,2105,130953187654.0
2019-06-11,2105,129980762994.0
2019-06-12,2105,128197984449.0
2019-06-13,2105,126739347458.0
2019-06-14,2105,127387630565.0
2019-06-17,2105,128035913672.0
2019-06-18,2105,129008338333.0
2019-06-19,2105,130466975324.0
2019-06-20,2105,130791116878.0
2019-06-21,2105,131439399985.0
2019-06-24,2105,132249753869.0
2019-06-25,2105,130629046101.0
2019-06-26,2105,131115258431.0
2019-06-27,2105,131925612315.0
2019-06-28,2105,129980762994.0
2019-07-01,2105,129332479886.0
2019-07-02,2105,129656621440.0
2019-07-03,2105,130953187654.0
2019-07-04,2105,130791116878.0
2019-07-05,2105,130466975324.0
2019-07-08,2105,130304904547.0
2019-07-09,2105,129818692217.0
2019-07-10,2105,130466975324.0
2019-07-11,2105,130953187654.0
2019-07-12,2105,131763541538.0
2019-07-15,2105,131763541538.0
2019-07-16,2105,131439399985.0
2019-07-17,2105,130629046101.0
2019-07-18,2105,130304904547.0
2019-07-19,2105,130953187654.0
2019-07-22,2105,127873842895.0
2019-07-23,2105,128522126002.0
2019-07-24,2105,128522126002.0
2019-07-25,2105,129980762994.0
2019-07-26,2105,130304904547.0
2019-07-29,2105,129656621440.0
2019-07-30,2105,130142833770.0
2019-07-31,2105,130953187654.0
2019-08-01,2105,128197984449.0
2019-08-02,2105,126415205904.0
2019-08-05,2105,126253135127.0
2019-08-06,2105,125604852020.0
2019-08-07,2105,125604852020.0
2019-08-08,2105,126577276681.0
2019-08-12,2105,129656621440.0
2019-08-13,2105,130466975324.0
2019-08-14,2105,130142833770.0
2019-08-15,2105,129980762994.0
2019-08-16,2105,129980762994.0
2019-08-19,2105,129656621440.0
2019-08-20,2105,129170409110.0
2019-08-21,2105,129656621440.0
2019-08-22,2105,133870461637.0
2019-08-23,2105,137760160280.0
2019-08-26,2105,138084301834.0
2019-08-27,2105,139380868048.0
2019-08-28,2105,139380868048.0
2019-08-29,2105,139380868048.0
2019-08-30,2105,142622283584.0
2019-09-02,2105,142784354361.0
2019-09-03,2105,140839505039.0
2019-09-04,2105,141001575816.0
2019-09-05,2105,141649858923.0
2019-09-06,2105,142136071254.0
2019-09-09,2105,141974000477.0
2019-09-10,2105,142460212807.0
2019-09-11,2105,142622283584.0
2019-09-12,2105,143108495914.0
2019-09-16,2105,143432637468.0
2019-09-17,2105,143918849798.0
2019-09-18,2105,144567132906.0
2019-09-19,2105,144242991352.0
2019-09-20,2105,143918849798.0
2019-09-23,2105,145863699120.0
2019-09-24,2105,144729203682.0
2019-09-25,2105,145863699120.0
2019-09-26,2105,146187840674.0
2019-09-27,2105,148456831549.0
2019-10-01,2105,149591326986.0
2019-10-02,2105,148618902326.0
2019-10-03,2105,145863699120.0
2019-10-04,2105,147322336111.0
2019-10-07,2105,146998194558.0
2019-10-08,2105,146349911450.0
2019-10-09,2105,145539557566.0
2019-10-14,2105,149267185433.0
2019-10-15,2105,151049963978.0
2019-10-16,2105,155425874951.0
2019-10-17,2105,156074158058.0
2019-10-18,2105,157856936603.0
2019-10-21,2105,157370724273.0
2019-10-22,2105,154939662621.0
2019-10-23,2105,155263804174.0
2019-10-24,2105,155587945728.0
2019-10-25,2105,154615521067.0
2019-10-28,2105,154129308737.0
2019-10-29,2105,153318954853.0
2019-10-30,2105,155587945728.0
2019-10-31,2105,155101733398.0
2019-11-01,2105,156236228835.0
2019-11-04,2105,156398299612.0
2019-11-05,2105,156236228835.0
2019-11-06,2105,156560370389.0
2019-11-07,2105,156236228835.0
2019-11-08,2105,156722441166.0
2019-11-11,2105,152184459415.0
2019-11-12,2105,142622283584.0
2019-11-13,2105,140515363486.0
2019-11-14,2105,139218797271.0
2019-11-15,2105,139218797271.0
2019-11-18,2105,138732584941.0
2019-11-19,2105,137598089503.0
2019-11-20,2105,136787735619.0
2019-11-21,2105,135653240182.0
2019-11-22,2105,136787735619.0
2019-11-25,2105,136463594066.0
2019-11-26,2105,135653240182.0
2019-11-27,2105,136139452512.0
2019-11-28,2105,136139452512.0
2019-11-29,2105,134842886298.0
2019-12-02,2105,133708390860.0
2019-12-03,2105,134194603190.0
2019-12-04,2105,134032532414.0
2019-12-05,2105,133222178530.0
2019-12-06,2105,134194603190.0
2019-12-09,2105,132411824646.0
2019-12-10,2105,132898036976.0
2019-12-11,2105,133384249306.0
2019-12-12,2105,135004957074.0
2019-12-13,2105,135004957074.0
2019-12-16,2105,136139452512.0
2019-12-17,2105,137111877173.0
2019-12-18,2105,136949806396.0
2019-12-19,2105,136787735619.0
2019-12-20,2105,139542938825.0
2019-12-23,2105,137598089503.0
2019-12-24,2105,136139452512.0
2019-12-25,2105,136139452512.0
2019-12-26,2105,136463594066.0
2019-12-27,2105,137111877173.0
2019-12-30,2105,136463594066.0
2019-12-31,2105,135491169405.0
2020-01-02,2105,136463594066.0
2020-01-03,2105,135977381735.0
2020-01-06,2105,134194603190.0
2020-01-07,2105,134032532414.0
2020-01-08,2105,133060107753.0
2020-01-09,2105,134518744744.0
2020-01-10,2105,135329098628.0
2020-01-13,2105,137436018726.0
2020-01-14,2105,136787735619.0
2020-01-15,2105,136463594066.0
2020-01-16,2105,136625664842.0
2020-01-17,2105,136463594066.0
2020-01-20,2105,136949806396.0
2020-01-30,2105,126739347458.0
2020-01-31,2105,127549701342.0
2020-02-03,2105,127549701342.0
2020-02-04,2105,128360055226.0
2020-02-05,2105,129494550663.0
2020-02-06,2105,129656621440.0
2020-02-07,2105,128360055226.0
2020-02-10,2105,127711772118.0
2020-02-11,2105,127387630565.0
2020-02-12,2105,127873842895.0
2020-02-13,2105,128197984449.0
2020-02-14,2105,129494550663.0
2020-02-17,2105,127873842895.0
2020-02-18,2105,127063489011.0
2020-02-19,2105,127873842895.0
2020-02-20,2105,126739347458.0
2020-02-21,2105,126901418234.0
2020-02-24,2105,126091064350.0
2020-02-25,2105,125442781243.0
2020-02-26,2105,126739347458.0
2020-02-27,2105,128197984449.0
2020-03-02,2105,126415205904.0
2020-03-03,2105,126739347458.0
2020-03-04,2105,127063489011.0
2020-03-05,2105,127063489011.0
2020-03-06,2105,126415205904.0
2020-03-09,2105,123497931922.0
2020-03-10,2105,124308285806.0
2020-03-11,2105,123173790368.0
2020-03-12,2105,122687578038.0
2020-03-13,2105,116690959296.0
2020-03-16,2105,113125402206.0
2020-03-17,2105,106966712688.0
2020-03-18,2105,106966712688.0
2020-03-19,2105,96270041419.0
2020-03-20,2105,98052819964.0
2020-03-23,2105,95945899866.0
2020-03-24,2105,99511456955.0
2020-03-25,2105,102266660161.0
2020-03-26,2105,100483881616.0
2020-03-27,2105,100483881616.0
2020-03-30,2105,100970093946.0
2020-03-31,2105,99835598509.0
2020-04-01,2105,98701103071.0
2020-04-06,2105,97404536857.0
2020-04-07,2105,101780447830.0
2020-04-08,2105,105670146474.0
2020-04-09,2105,104049438706.0
2020-04-10,2105,105508075697.0
2020-04-13,2105,103887367929.0
2020-04-14,2105,107939137349.0
2020-04-15,2105,108263278902.0
2020-04-16,2105,106480500358.0
2020-04-17,2105,107290854242.0
2020-04-20,2105,106156358804.0
2020-04-21,2105,103077014045.0
2020-04-22,2105,101456306277.0
2020-04-23,2105,99997669286.0
2020-04-24,2105,99187315402.0
2020-04-27,2105,106318429581.0
2020-04-28,2105,111990906769.0
2020-04-29,2105,111828835992.0
2020-04-30,2105,111990906769.0
2020-05-04,2105,110532269778.0
2020-05-05,2105,111990906769.0
2020-05-06,2105,111828835992.0
2020-05-07,2105,110694340554.0
2020-05-08,2105,109721915894.0
2020-05-11,2105,109721915894.0
2020-05-12,2105,108101208126.0
2020-05-13,2105,107128783465.0
2020-05-14,2105,103725297152.0
2020-05-15,2105,103077014045.0
2020-05-18,2105,104535651036.0
2020-05-19,2105,107939137349.0
2020-05-20,2105,109235703563.0
2020-05-21,2105,109559845117.0
2020-05-22,2105,105508075697.0
2020-05-25,2105,105346004920.0
2020-05-26,2105,109559845117.0
2020-05-27,2105,110208128224.0
2020-05-28,2105,108749491233.0
2020-05-29,2105,106318429581.0
2020-06-01,2105,109397774340.0
2020-06-02,2105,109559845117.0
2020-06-03,2105,112152977546.0
2020-06-04,2105,112639189876.0
2020-06-05,2105,112639189876.0
2020-06-08,2105,114097826867.0
2020-06-09,2105,114746109974.0
2020-06-10,2105,116690959296.0
2020-06-12,2105,111666765215.0
2020-06-15,2105,110856411331.0
2020-06-16,2105,110694340554.0
2020-06-17,2105,115718534635.0
2020-06-18,2105,113773685314.0
2020-06-19,2105,113449543760.0
2020-06-22,2105,112152977546.0
2020-06-23,2105,112477119099.0
2020-06-24,2105,111828835992.0
2020-06-29,2105,110046057447.0
2020-06-30,2105,109397774340.0
2020-07-01,2105,109883986670.0
2020-07-02,2105,113935756090.0
2020-07-03,2105,113287472983.0
2020-07-06,2105,113773685314.0
2020-07-07,2105,113935756090.0
2020-07-08,2105,116690959296.0
2020-07-09,2105,116690959296.0
2020-07-10,2105,115070251528.0
2020-07-13,2105,115232322305.0
2020-07-14,2105,115232322305.0
2020-07-15,2105,117825454734.0
2020-07-16,2105,119932374832.0
2020-07-17,2105,115718534635.0
2020-07-20,2105,113611614537.0
2020-07-21,2105,115232322305.0
2020-07-22,2105,115556463858.0
2020-07-23,2105,113449543760.0
2020-07-24,2105,111828835992.0
2020-07-27,2105,110208128224.0
2020-07-28,2105,108749491233.0
2020-07-29,2105,109073632786.0
2020-07-30,2105,111504694438.0
2020-07-31,2105,110046057447.0
2020-08-03,2105,108911562010.0
2020-08-04,2105,115232322305.0
2020-08-05,2105,116366817742.0
2020-08-06,2105,117987525510.0
2020-08-07,2105,114584039198.0
2020-08-10,2105,114746109974.0
2020-08-11,2105,118797879394.0
2020-08-12,2105,117825454734.0
2020-08-13,2105,122363436484.0
2020-08-14,2105,125280710466.0
2020-08-17,2105,125604852020.0
2020-08-18,2105,126415205904.0
2020-08-19,2105,124470356582.0
2020-08-20,2105,121391011823.0
2020-08-21,2105,123497931922.0
2020-08-24,2105,122039294930.0
2020-08-25,2105,122039294930.0
2020-08-26,2105,122363436484.0
2020-08-27,2105,120904799493.0
2020-08-28,2105,120904799493.0
2020-08-31,2105,116690959296.0
2020-09-01,2105,117987525510.0
2020-09-02,2105,116366817742.0
2020-09-03,2105,116204746966.0
2020-09-04,2105,117015100850.0
2020-09-07,2105,120742728716.0
2020-09-08,2105,121553082600.0
2020-09-09,2105,124632427359.0
2020-09-10,2105,124794498136.0
2020-09-11,2105,122849648814.0
2020-09-14,2105,122525507261.0
2020-09-15,2105,124794498136.0
2020-09-16,2105,123984144252.0
2020-09-17,2105,122849648814.0
2020-09-18,2105,122201365707.0
2020-09-21,2105,123173790368.0
2020-09-22,2105,120094445609.0
2020-09-23,2105,120904799493.0
2020-09-24,2105,115718534635.0
2020-09-25,2105,116690959296.0
2020-09-28,2105,118959950171.0
2020-09-29,2105,120580657939.0
2020-09-30,2105,119608233278.0
2020-10-05,2105,122849648814.0
2020-10-06,2105,123173790368.0
2020-10-07,2105,123173790368.0
2020-10-08,2105,122687578038.0
2020-10-12,2105,122201365707.0
2020-10-13,2105,120580657939.0
2020-10-14,2105,120256516386.0
2020-10-15,2105,118635808618.0
2020-10-16,2105,118959950171.0
2020-10-19,2105,120094445609.0
2020-10-20,2105,119284091725.0
2020-10-21,2105,119446162502.0
2020-10-22,2105,118959950171.0
2020-10-23,2105,119122020948.0
2020-10-26,2105,120742728716.0
2020-10-27,2105,121391011823.0
2020-10-28,2105,120256516386.0
2020-10-29,2105,117825454734.0
2020-10-30,2105,117015100850.0
2020-11-02,2105,116853030073.0
2020-11-03,2105,118959950171.0
2020-11-04,2105,121553082600.0
2020-11-05,2105,123173790368.0
2020-11-06,2105,123984144252.0
2020-11-09,2105,125118639690.0
2020-11-10,2105,125118639690.0
2020-11-11,2105,129656621440.0
2020-11-12,2105,129332479886.0
2020-11-13,2105,129494550663.0
2020-11-16,2105,129494550663.0
2020-11-17,2105,130791116878.0
2020-11-18,2105,133060107753.0
2020-11-19,2105,135491169405.0
2020-11-20,2105,140191221932.0
2020-11-23,2105,140353292709.0
2020-11-24,2105,138570514164.0
2020-11-25,2105,139380868048.0
2020-11-26,2105,140029151155.0
2020-11-27,2105,140029151155.0
2020-11-30,2105,137760160280.0
2020-12-01,2105,141001575816.0
2020-12-02,2105,140029151155.0
2020-12-03,2105,140353292709.0
2020-12-04,2105,141649858923.0
2020-12-07,2105,141974000477.0
2020-12-08,2105,147322336111.0
2020-12-09,2105,146836123781.0
2020-12-10,2105,145215416013.0
2020-12-11,2105,143756779022.0
2020-12-14,2105,146349911450.0
2020-12-15,2105,145215416013.0
2020-12-16,2105,148132689995.0
2020-12-17,2105,147484406888.0
2020-12-18,2105,146187840674.0
2020-12-21,2105,144729203682.0
2020-12-22,2105,139542938825.0
2020-12-23,2105,140515363486.0
2020-12-24,2105,141001575816.0
2020-12-25,2105,141163646593.0
2020-12-28,2105,141325717370.0
2020-12-29,2105,140515363486.0
2020-12-30,2105,142946425138.0
2020-12-31,2105,142784354361.0
2021-01-04,2105,143918849798.0
2021-01-05,2105,138732584941.0
2021-01-06,2105,134032532414.0
2021-01-07,2105,138894655718.0
2021-01-08,2105,141325717370.0
2021-01-11,2105,141163646593.0
2021-01-12,2105,139542938825.0
2021-01-13,2105,140353292709.0
2021-01-14,2105,139705009602.0
2021-01-15,2105,139542938825.0
2021-01-18,2105,137273947950.0
2021-01-19,2105,140029151155.0
2021-01-20,2105,134842886298.0
2021-01-21,2105,135167027851.0
2021-01-22,2105,136139452512.0
2021-01-25,2105,136139452512.0
2021-01-26,2105,134518744744.0
2021-01-27,2105,134194603190.0
2021-01-28,2105,130791116878.0
2021-01-29,2105,129494550663.0
2021-02-01,2105,132249753869.0
2021-02-02,2105,136949806396.0
2021-02-03,2105,137598089503.0
2021-02-05,2105,135491169405.0
2021-02-17,2105,138408443387.0
2021-02-18,2105,140353292709.0
2021-02-19,2105,137922231057.0
2021-02-22,2105,141325717370.0
2021-02-23,2105,144729203682.0
2021-02-24,2105,143918849798.0
2021-02-25,2105,144080920575.0
2021-02-26,2105,139867080378.0
2021-03-02,2105,137436018726.0
2021-03-03,2105,142136071254.0
2021-03-04,2105,141163646593.0
2021-03-05,2105,139218797271.0
2021-03-08,2105,140839505039.0
2021-03-09,2105,141325717370.0
2021-03-10,2105,141487788146.0
2021-03-11,2105,142136071254.0
2021-03-12,2105,142622283584.0
2021-03-15,2105,143108495914.0
2021-03-16,2105,142784354361.0
2021-03-17,2105,144891274459.0
2021-03-18,2105,145863699120.0
2021-03-19,2105,143270566691.0
2021-03-22,2105,144405062129.0
2021-03-23,2105,145053345236.0
2021-03-24,2105,150401680870.0
2021-03-25,2105,148294760772.0
2021-03-26,2105,147322336111.0
2021-03-29,2105,152346530192.0
2021-03-30,2105,153967237960.0
2021-03-31,2105,156236228835.0
2021-04-01,2105,153805167183.0
2021-04-06,2105,153318954853.0
2021-04-07,2105,153318954853.0
2021-04-08,2105,152184459415.0
2021-04-09,2105,155587945728.0
2021-04-12,2105,154939662621.0
2021-04-13,2105,153318954853.0
2021-04-14,2105,156074158058.0
2021-04-15,2105,165960475443.0
2021-04-16,2105,167581183211.0
2021-04-19,2105,174388155837.0
2021-04-20,2105,183139977784.0
2021-04-21,2105,185084827106.0
2021-04-22,2105,181843411570.0
2021-04-23,2105,182491694677.0
2021-04-26,2105,184760685552.0
2021-04-28,2105,179898562248.0
2021-04-29,2105,175360580498.0
2021-05-03,2105,170174315640.0
2021-05-04,2105,165636333890.0
2021-05-05,2105,160450069032.0
2021-05-06,2105,164339767675.0
2021-05-07,2105,165312192336.0
2021-05-10,2105,166932900104.0
2021-05-11,2105,157532795050.0
2021-05-12,2105,145863699120.0
2021-05-13,2105,142298142030.0
2021-05-14,2105,143756779022.0
2021-05-17,2105,133870461637.0
2021-05-18,2105,141811929700.0
2021-05-19,2105,141163646593.0
2021-05-20,2105,143270566691.0
2021-05-21,2105,143756779022.0
2021-05-24,2105,144567132906.0
2021-05-25,2105,150077539317.0
2021-05-26,2105,149915468540.0
2021-05-27,2105,152832742522.0
2021-05-28,2105,153643096406.0
2021-05-31,2105,151212034754.0
2021-06-01,2105,152346530192.0
2021-06-02,2105,156236228835.0
2021-06-03,2105,155587945728.0
2021-06-04,2105,154453450290.0
2021-06-07,2105,150401680870.0
2021-06-08,2105,152346530192.0
2021-06-09,2105,152346530192.0
2021-06-10,2105,150725822424.0
2021-06-11,2105,150239610094.0
2021-06-15,2105,147970619218.0
2021-06-16,2105,147484406888.0
2021-06-17,2105,146836123781.0
2021-06-18,2105,144080920575.0
2021-06-21,2105,143594708245.0
2021-06-22,2105,145701628343.0
2021-06-23,2105,149105114656.0
2021-06-24,2105,153805167183.0
2021-06-25,2105,153481025630.0
2021-06-28,2105,152346530192.0
2021-06-29,2105,151049963978.0
2021-06-30,2105,151536176308.0
2021-07-01,2105,150077539317.0
2021-07-02,2105,147322336111.0
2021-07-05,2105,149105114656.0
2021-07-06,2105,148132689995.0
2021-07-07,2105,145863699120.0
2021-07-08,2105,146349911450.0
2021-07-09,2105,144891274459.0
2021-07-12,2105,145215416013.0
2021-07-13,2105,144405062129.0
2021-07-14,2105,142136071254.0
2021-07-15,2105,143594708245.0
2021-07-16,2105,146349911450.0
2021-07-19,2105,145863699120.0
2021-07-20,2105,142136071254.0
2021-07-21,2105,141974000477.0
2021-07-22,2105,142784354361.0
2021-07-23,2105,144080920575.0
2021-07-26,2105,143594708245.0
2021-07-27,2105,143756779022.0
2021-07-28,2105,141325717370.0
2021-07-29,2105,142784354361.0
2021-07-30,2105,139705009602.0
2021-08-02,2105,143270566691.0
2021-08-03,2105,142298142030.0
2021-08-04,2105,141811929700.0
2021-08-05,2105,141325717370.0
2021-08-06,2105,139705009602.0
2021-08-09,2105,137760160280.0
2021-08-10,2105,135004957074.0
2021-08-11,2105,135491169405.0
2021-08-12,2105,131763541538.0
2021-08-13,2105,130629046101.0
2021-08-16,2105,126901418234.0
2021-08-17,2105,124470356582.0
2021-08-18,2105,122525507261.0
2021-08-19,2105,121877224154.0
2021-08-20,2105,121715153377.0
2021-08-23,2105,123335861145.0
2021-08-24,2105,121877224154.0
2021-08-25,2105,123011719591.0
2021-08-26,2105,121553082600.0
2021-08-27,2105,123660002698.0
2021-08-30,2105,120094445609.0
2021-08-31,2105,120742728716.0
2021-09-01,2105,120094445609.0
2021-09-02,2105,119284091725.0
2021-09-03,2105,120094445609.0
2021-09-06,2105,119608233278.0
2021-09-07,2105,118797879394.0
2021-09-08,2105,116042676189.0
2021-09-09,2105,117501313180.0
2021-09-10,2105,117501313180.0
2021-09-13,2105,118311667064.0
2021-09-14,2105,121066870270.0
2021-09-15,2105,119932374832.0
2021-09-16,2105,117987525510.0
2021-09-17,2105,117177171626.0
2021-09-22,2105,114746109974.0
2021-09-24,2105,115394393082.0
2021-09-27,2105,117339242403.0
2021-09-28,2105,116366817742.0
2021-09-29,2105,114259897644.0
2021-09-30,2105,115070251528.0
2021-10-01,2105,113449543760.0
2021-10-04,2105,112315048322.0
2021-10-05,2105,110856411331.0
2021-10-06,2105,110532269778.0
2021-10-07,2105,113125402206.0
2021-10-08,2105,111504694438.0
2021-10-12,2105,110046057447.0
2021-10-13,2105,109721915894.0
2021-10-14,2105,110532269778.0
2021-10-15,2105,112963331430.0
2021-10-18,2105,113125402206.0
2021-10-19,2105,113125402206.0
2021-10-20,2105,112963331430.0
2021-10-21,2105,114097826867.0
2021-10-22,2105,112963331430.0
2021-10-25,2105,113935756090.0
2021-10-26,2105,114097826867.0
2021-10-27,2105,111990906769.0
2021-10-28,2105,112639189876.0
2021-10-29,2105,110532269778.0
2021-11-01,2105,111666765215.0
2021-11-02,2105,111828835992.0
2021-11-03,2105,111828835992.0
2021-11-04,2105,111342623662.0
2021-11-05,2105,110694340554.0
2021-11-08,2105,112801260653.0
2021-11-09,2105,114097826867.0
2021-11-10,2105,112801260653.0
2021-11-11,2105,111180552885.0
2021-11-12,2105,111666765215.0
2021-11-15,2105,113611614537.0
2021-11-16,2105,112639189876.0
2021-11-17,2105,111666765215.0
2021-11-18,2105,111828835992.0
2021-11-19,2105,111180552885.0
2021-11-22,2105,112801260653.0
2021-11-23,2105,111828835992.0
2021-11-24,2105,113773685314.0
2021-11-25,2105,113125402206.0
2021-11-26,2105,111504694438.0
2021-11-29,2105,110208128224.0
2021-11-30,2105,108587420456.0
2021-12-01,2105,109073632786.0
2021-12-02,2105,110532269778.0
2021-12-03,2105,110370199001.0
2021-12-06,2105,112963331430.0
2021-12-07,2105,111828835992.0
2021-12-08,2105,114097826867.0
2021-12-09,2105,118473737841.0
2021-12-10,2105,116204746966.0
2021-12-13,2105,117015100850.0
2021-12-14,2105,116204746966.0
2021-12-15,2105,115718534635.0
2021-12-16,2105,115232322305.0
2021-12-17,2105,117177171626.0
2021-12-20,2105,115070251528.0
2021-12-21,2105,115394393082.0
2021-12-22,2105,116366817742.0
2021-12-23,2105,116042676189.0
2021-12-24,2105,116853030073.0
2021-12-27,2105,120580657939.0
2021-12-28,2105,118797879394.0
2021-12-29,2105,118473737841.0
2021-12-30,2105,117015100850.0
2022-01-03,2105,116204746966.0
2022-01-04,2105,116366817742.0
2022-01-05,2105,115880605412.0
2022-01-06,2105,115556463858.0
2022-01-07,2105,114584039198.0
2022-01-10,2105,114421968421.0
2022-01-11,2105,116366817742.0
2022-01-12,2105,116690959296.0
2022-01-13,2105,116690959296.0
2022-01-14,2105,114746109974.0
2022-01-17,2105,114746109974.0
2022-01-18,2105,116528888519.0
2022-01-19,2105,114584039198.0
2022-01-20,2105,114908180751.0
2022-01-21,2105,114908180751.0
2022-01-24,2105,113773685314.0
2022-01-25,2105,111990906769.0
2022-01-26,2105,111990906769.0
2022-02-07,2105,117015100850.0
2022-02-08,2105,117825454734.0
2022-02-09,2105,117825454734.0
2022-02-10,2105,117825454734.0
2022-02-11,2105,115880605412.0
2022-02-14,2105,114259897644.0
2022-02-15,2105,113935756090.0
2022-02-16,2105,115394393082.0
2022-02-17,2105,117663383957.0
2022-02-18,2105,116528888519.0
2022-02-21,2105,117987525510.0
2022-02-22,2105,116042676189.0
2022-02-23,2105,115718534635.0
2022-02-24,2105,113611614537.0
2022-02-25,2105,115394393082.0
2022-03-01,2105,115556463858.0
2022-03-02,2105,114746109974.0
2022-03-03,2105,114584039198.0
2022-03-04,2105,113611614537.0
2022-03-07,2105,110856411331.0
2022-03-08,2105,110208128224.0
2022-03-09,2105,110694340554.0
2022-03-10,2105,112801260653.0
2022-03-11,2105,111828835992.0
2022-03-14,2105,113611614537.0
2022-03-15,2105,112477119099.0
2022-03-16,2105,112963331430.0
2022-03-17,2105,113449543760.0
2022-03-18,2105,113449543760.0
2022-03-21,2105,115394393082.0
2022-03-22,2105,115232322305.0
2022-03-23,2105,115070251528.0
2022-03-24,2105,113611614537.0
2022-03-25,2105,112963331430.0
2022-03-28,2105,112963331430.0
2022-03-29,2105,112152977546.0
2022-03-30,2105,114421968421.0
2022-03-31,2105,114908180751.0
2022-04-01,2105,116366817742.0
2022-04-06,2105,115556463858.0
2022-04-07,2105,113287472983.0
2022-04-08,2105,113449543760.0
2022-04-11,2105,111504694438.0
2022-04-12,2105,111342623662.0
2022-04-13,2105,112801260653.0
2022-04-14,2105,112639189876.0
2022-04-15,2105,111018482108.0
2022-04-18,2105,110370199001.0
2022-04-19,2105,110370199001.0
2022-04-20,2105,110694340554.0
2022-04-21,2105,111990906769.0
2022-04-22,2105,111504694438.0
2022-04-25,2105,109559845117.0
2022-04-26,2105,110046057447.0
2022-04-27,2105,108263278902.0
2022-04-28,2105,108587420456.0
2022-04-29,2105,108425349679.0
2022-05-03,2105,109235703563.0
2022-05-04,2105,109235703563.0
2022-05-05,2105,111180552885.0
2022-05-06,2105,109235703563.0
2022-05-09,2105,108425349679.0
2022-05-10,2105,107777066572.0
2022-05-11,2105,106966712688.0
2022-05-12,2105,106966712688.0
2022-05-13,2105,107939137349.0
2022-05-16,2105,108911562010.0
2022-05-17,2105,111180552885.0
2022-05-18,2105,112639189876.0
2022-05-19,2105,110046057447.0
2022-05-20,2105,111504694438.0
2022-05-23,2105,110046057447.0
2022-05-24,2105,109721915894.0
2022-05-25,2105,111828835992.0
2022-05-26,2105,111504694438.0
2022-05-27,2105,112639189876.0
2022-05-30,2105,114421968421.0
2022-05-31,2105,115232322305.0
2022-06-01,2105,114259897644.0
2022-06-02,2105,115070251528.0
2022-06-06,2105,115718534635.0
2022-06-07,2105,115556463858.0
2022-06-08,2105,116042676189.0
2022-06-09,2105,115880605412.0
2022-06-10,2105,115070251528.0
2022-06-13,2105,112477119099.0
2022-06-14,2105,113287472983.0
2022-06-15,2105,113611614537.0
2022-06-16,2105,112963331430.0
2022-06-17,2105,111504694438.0
2022-06-20,2105,109397774340.0
2022-06-21,2105,113287472983.0
2022-06-22,2105,111666765215.0
2022-06-23,2105,113773685314.0
2022-06-24,2105,114908180751.0
2022-06-27,2105,115718534635.0
2022-06-28,2105,115718534635.0
2022-06-29,2105,115556463858.0
2022-07-01,2105,111018482108.0
2022-07-04,2105,112801260653.0
2022-07-05,2105,114908180751.0
2022-07-06,2105,112477119099.0
2022-07-07,2105,113935756090.0
2022-07-08,2105,117015100850.0
2022-07-11,2105,115394393082.0
2022-07-12,2105,113125402206.0
2022-07-13,2105,114259897644.0
2022-07-14,2105,116853030073.0
2022-07-15,2105,117663383957.0
2022-07-18,2105,118635808618.0
2022-07-19,2105,118797879394.0
2022-07-20,2105,116042676189.0
2022-07-21,2105,117177171626.0
2022-07-22,2105,115394393082.0
2022-07-25,2105,113935756090.0
2022-07-26,2105,114097826867.0
2022-07-27,2105,114584039198.0
2022-07-28,2105,114421968421.0
2022-07-29,2105,114908180751.0
2022-08-01,2105,117015100850.0
2022-08-02,2105,116042676189.0
2022-08-03,2105,115880605412.0
2022-08-04,2105,111828835992.0
2022-08-05,2105,113449543760.0
2022-08-08,2105,112801260653.0
2022-08-09,2105,111990906769.0
2022-08-10,2105,111828835992.0
2022-08-11,2105,112639189876.0
2022-08-12,2105,114097826867.0
2022-08-15,2105,113287472983.0
2022-08-16,2105,115070251528.0
2022-08-17,2105,115394393082.0
2022-08-18,2105,115070251528.0
2022-08-19,2105,114584039198.0
2022-08-22,2105,114097826867.0
2022-08-23,2105,113125402206.0
2022-08-24,2105,114259897644.0
2022-08-25,2105,113935756090.0
2022-08-26,2105,114584039198.0
2022-08-29,2105,111990906769.0
2022-08-30,2105,113287472983.0
2022-08-31,2105,114908180751.0
2022-09-01,2105,113449543760.0
2022-09-02,2105,112801260653.0
2022-09-05,2105,112315048322.0
2022-09-06,2105,112152977546.0
2022-09-07,2105,110694340554.0
2022-09-08,2105,113125402206.0
2022-09-12,2105,114097826867.0
2022-09-13,2105,116528888519.0
2022-09-14,2105,122201365707.0
2022-09-15,2105,124470356582.0
2022-09-16,2105,128035913672.0
2022-09-19,2105,127873842895.0
2022-09-20,2105,128360055226.0
2022-09-21,2105,127225559788.0
2022-09-22,2105,125766922797.0
2022-09-23,2105,121066870270.0
2022-09-26,2105,119770304055.0
2022-09-27,2105,120094445609.0
2022-09-28,2105,117663383957.0
2022-09-29,2105,117987525510.0
2022-09-30,2105,115718534635.0
2022-10-03,2105,113449543760.0
2022-10-04,2105,114584039198.0
2022-10-05,2105,115718534635.0
2022-10-06,2105,116042676189.0
2022-10-07,2105,114259897644.0
2022-10-11,2105,111990906769.0
2022-10-12,2105,112963331430.0
2022-10-13,2105,110370199001.0
2022-10-14,2105,110532269778.0
2022-10-17,2105,110208128224.0
2022-10-18,2105,110046057447.0
2022-10-19,2105,108587420456.0
2022-10-20,2105,106318429581.0
2022-10-21,2105,103725297152.0
2022-10-24,2105,103725297152.0
2022-10-25,2105,104049438706.0
2022-10-26,2105,104049438706.0
2022-10-27,2105,107128783465.0
2022-10-31,2105,104697721813.0
2022-11-01,2105,107128783465.0
2022-11-02,2105,106966712688.0
2022-11-03,2105,106966712688.0
2022-11-04,2105,106804641911.0
2022-11-07,2105,108911562010.0
2022-11-08,2105,108425349679.0
2022-11-09,2105,108425349679.0
2022-11-10,2105,107128783465.0
2022-11-11,2105,108101208126.0
2022-11-14,2105,110856411331.0
2022-11-15,2105,111666765215.0
2022-11-16,2105,109559845117.0
2022-11-17,2105,109397774340.0
2022-11-21,2105,109397774340.0
2022-11-22,2105,108587420456.0
2022-11-23,2105,109559845117.0
2022-11-24,2105,111018482108.0
2022-11-25,2105,111342623662.0
2022-11-28,2105,110046057447.0
2022-11-29,2105,111990906769.0
2022-11-30,2105,113287472983.0
2022-12-01,2105,111990906769.0
2022-12-02,2105,113125402206.0
2022-12-05,2105,112152977546.0
2022-12-06,2105,112639189876.0
2022-12-07,2105,111828835992.0
2022-12-08,2105,111828835992.0
2022-12-09,2105,113449543760.0
2022-12-12,2105,112152977546.0
2022-12-13,2105,110532269778.0
2022-12-14,2105,111990906769.0
2022-12-15,2105,111828835992.0
2022-12-16,2105,111018482108.0
2022-12-19,2105,110856411331.0
2022-12-20,2105,109235703563.0
2022-12-21,2105,108911562010.0
2022-12-22,2105,110208128224.0
2022-12-23,2105,109397774340.0
2022-12-26,2105,110370199001.0
2022-12-27,2105,110856411331.0
2022-12-28,2105,110208128224.0
2022-12-29,2105,109235703563.0
2022-12-30,2105,109883986670.0
2023-01-03,2105,110532269778.0
2023-01-04,2105,110856411331.0
2023-01-05,2105,111666765215.0
2023-01-06,2105,111504694438.0
2023-01-09,2105,112639189876.0
2023-01-10,2105,112963331430.0
2023-01-11,2105,112477119099.0
2023-01-12,2105,112639189876.0
2023-01-13,2105,110856411331.0
2023-01-16,2105,111504694438.0
2023-01-17,2105,111828835992.0
2023-01-30,2105,113125402206.0
2023-01-31,2105,111828835992.0
2023-02-01,2105,112477119099.0
2023-02-02,2105,112315048322.0
2023-02-03,2105,111990906769.0
2023-02-06,2105,110694340554.0
2023-02-07,2105,110208128224.0
2023-02-08,2105,109883986670.0
2023-02-10,2105,110046057447.0
2023-02-13,2105,110694340554.0
2023-02-14,2105,110856411331.0
2023-02-15,2105,110370199001.0
2023-02-16,2105,111180552885.0
2023-02-17,2105,111990906769.0
2023-02-20,2105,112152977546.0
2023-02-21,2105,113611614537.0
2023-02-22,2105,112152977546.0
2023-02-23,2105,112963331430.0
2023-02-24,2105,111018482108.0
2023-03-01,2105,110208128224.0
2023-03-02,2105,110856411331.0
2023-03-03,2105,111504694438.0
2023-03-06,2105,113773685314.0
2023-03-07,2105,113287472983.0
2023-03-08,2105,113125402206.0
2023-03-09,2105,112152977546.0
2023-03-10,2105,111504694438.0
2023-03-13,2105,112315048322.0
2023-03-14,2105,111180552885.0
2023-03-15,2105,110856411331.0
2023-03-16,2105,110370199001.0
2023-03-17,2105,110046057447.0
2023-03-20,2105,110370199001.0
2023-03-21,2105,111018482108.0
2023-03-22,2105,112315048322.0
2023-03-23,2105,113287472983.0
2023-03-24,2105,122039294930.0
2023-03-27,2105,117339242403.0
2023-03-28,2105,116528888519.0
2023-03-29,2105,118473737841.0
2023-03-30,2105,118473737841.0
2023-03-31,2105,118473737841.0
2023-04-06,2105,117501313180.0
2023-04-07,2105,119284091725.0
2023-04-10,2105,120418587162.0
2023-04-11,2105,120256516386.0
2023-04-12,2105,122363436484.0
2023-04-13,2105,120904799493.0
2023-04-14,2105,123173790368.0
2023-04-17,2105,122849648814.0
2023-04-18,2105,121228941046.0
2023-04-19,2105,121228941046.0
2023-04-20,2105,119608233278.0
2023-04-21,2105,119608233278.0
2023-04-24,2105,120418587162.0
2023-04-25,2105,119770304055.0
2023-04-26,2105,120256516386.0
2023-04-27,2105,121553082600.0
2023-04-28,2105,122525507261.0
2023-05-02,2105,123011719591.0
2023-05-03,2105,122687578038.0
2023-05-05,2105,124470356582.0
2023-05-08,2105,125118639690.0
2023-05-09,2105,124470356582.0
2023-05-10,2105,125442781243.0
2023-05-11,2105,124956568913.0
2023-05-12,2105,124794498136.0
2023-05-15,2105,126091064350.0
2023-05-16,2105,128846267556.0
2023-05-17,2105,129008338333.0
2023-05-18,2105,129656621440.0
2023-05-19,2105,130142833770.0
2023-05-22,2105,131277329208.0
2023-05-23,2105,129494550663.0
2023-05-24,2105,129008338333.0
2023-05-25,2105,129332479886.0
2023-05-26,2105,128035913672.0
2023-05-29,2105,128360055226.0
2023-05-30,2105,129008338333.0
2023-05-31,2105,126415205904.0
2023-06-01,2105,122687578038.0
2023-06-02,2105,126739347458.0
2023-06-05,2105,125766922797.0
2023-06-06,2105,125442781243.0
2023-06-07,2105,125928993574.0
2023-06-08,2105,124956568913.0
2023-06-09,2105,125766922797.0
2023-06-12,2105,125928993574.0
2023-06-13,2105,127711772118.0
2023-06-14,2105,130466975324.0
2023-06-15,2105,131439399985.0
2023-06-16,2105,133384249306.0
2023-06-19,2105,133546320083.0
2023-06-20,2105,133060107753.0
2023-06-21,2105,132898036976.0
2023-06-26,2105,132087683092.0
2023-06-27,2105,132249753869.0
2023-06-28,2105,132087683092.0
2023-06-29,2105,133222178530.0
2023-06-30,2105,130142833770.0
2023-07-03,2105,127387630565.0
2023-07-04,2105,127063489011.0
2023-07-05,2105,126253135127.0
2023-07-06,2105,127387630565.0
2023-07-07,2105,125604852020.0
2023-07-10,2105,127873842895.0
2023-07-11,2105,128846267556.0
2023-07-12,2105,128684196779.0
2023-07-13,2105,126739347458.0
2023-07-14,2105,126901418234.0
2023-07-17,2105,128035913672.0
2023-07-18,2105,126901418234.0
2023-07-19,2105,124470356582.0
2023-07-20,2105,125766922797.0
2023-07-21,2105,124470356582.0
2023-07-24,2105,123173790368.0
2023-07-25,2105,124794498136.0
2023-07-26,2105,124308285806.0
2023-07-27,2105,125118639690.0
2023-07-28,2105,125442781243.0
2023-07-31,2105,124632427359.0
2023-08-01,2105,122849648814.0
2023-08-02,2105,121066870270.0
2023-08-04,2105,120418587162.0
2023-08-07,2105,121066870270.0
2023-08-08,2105,122201365707.0
2023-08-09,2105,121066870270.0
2023-08-10,2105,119608233278.0
2023-08-11,2105,124470356582.0
2023-08-14,2105,121391011823.0
2023-08-15,2105,123011719591.0
2023-08-16,2105,121228941046.0
2023-08-17,2105,123011719591.0
2023-08-18,2105,122363436484.0
2023-08-21,2105,123011719591.0
2023-08-22,2105,123335861145.0
2023-08-23,2105,123497931922.0
2023-08-24,2105,122687578038.0
2023-08-25,2105,121228941046.0
2023-08-28,2105,121553082600.0
2023-08-29,2105,128197984449.0
2023-08-30,2105,128846267556.0
2023-08-31,2105,128522126002.0
2023-09-01,2105,131115258431.0
2023-09-04,2105,129980762994.0
2023-09-05,2105,129656621440.0
2023-09-06,2105,128846267556.0
2023-09-07,2105,128684196779.0
2023-09-08,2105,134194603190.0
2023-09-11,2105,135004957074.0
2023-09-12,2105,135491169405.0
2023-09-13,2105,138246372610.0
2023-09-14,2105,138570514164.0
2023-09-15,2105,138246372610.0
2023-09-18,2105,139705009602.0
2023-09-19,2105,142298142030.0
2023-09-20,2105,140677434262.0
2023-09-21,2105,138084301834.0
2023-09-22,2105,139056726494.0
2023-09-25,2105,138084301834.0
2023-09-26,2105,138084301834.0
2023-09-27,2105,137598089503.0
2023-09-28,2105,137760160280.0
2023-10-02,2105,137598089503.0
2023-10-03,2105,137436018726.0
2023-10-04,2105,135167027851.0
2023-10-05,2105,138894655718.0
2023-10-06,2105,139705009602.0
2023-10-11,2105,145215416013.0
2023-10-12,2105,145701628343.0
2023-10-13,2105,143108495914.0
2023-10-16,2105,143594708245.0
2023-10-17,2105,140029151155.0
2023-10-18,2105,140677434262.0
2023-10-19,2105,140677434262.0
2023-10-20,2105,139056726494.0
2023-10-23,2105,139218797271.0
2023-10-24,2105,139380868048.0
2023-10-25,2105,142622283584.0
2023-10-26,2105,142136071254.0
2023-10-27,2105,142460212807.0
2023-10-30,2105,141811929700.0
2023-10-31,2105,143108495914.0
2023-11-01,2105,142622283584.0
2023-11-02,2105,141811929700.0
2023-11-03,2105,143594708245.0
2023-11-06,2105,145215416013.0
2023-11-07,2105,145701628343.0
2023-11-08,2105,145863699120.0
2023-11-09,2105,145215416013.0
2023-11-10,2105,145215416013.0
2023-11-13,2105,147970619218.0
2023-11-14,2105,147484406888.0
2023-11-15,2105,150887893201.0
2023-11-16,2105,148780973102.0
2023-11-17,2105,150887893201.0
2023-11-20,2105,147970619218.0
2023-11-21,2105,149429256210.0
2023-11-22,2105,149753397763.0
2023-11-23,2105,150401680870.0
2023-11-24,2105,149429256210.0
2023-11-27,2105,151860317862.0
2023-11-28,2105,153805167183.0
2023-11-29,2105,153318954853.0
2023-11-30,2105,152508600969.0
2023-12-01,2105,150725822424.0
2023-12-04,2105,144891274459.0
2023-12-05,2105,143432637468.0
2023-12-06,2105,145863699120.0
2023-12-07,2105,145377486790.0
2023-12-08,2105,145863699120.0
2023-12-11,2105,147160265334.0
2023-12-12,2105,150077539317.0
2023-12-13,2105,145863699120.0
2023-12-14,2105,146836123781.0
2023-12-15,2105,146998194558.0
2023-12-18,2105,151049963978.0
2023-12-19,2105,149915468540.0
2023-12-20,2105,152346530192.0
2023-12-21,2105,155263804174.0
2023-12-22,2105,147322336111.0
2023-12-25,2105,145053345236.0
2023-12-26,2105,144242991352.0
2023-12-27,2105,145539557566.0
2023-12-28,2105,145863699120.0
2023-12-29,2105,145539557566.0
2024-01-02,2105,147646477665.0
2024-01-03,2105,145701628343.0
2024-01-04,2105,145701628343.0
2024-01-05,2105,145863699120.0
2024-01-08,2105,146187840674.0
2024-01-09,2105,145053345236.0
2024-01-10,2105,142460212807.0
2024-01-11,2105,141325717370.0
2024-01-12,2105,141811929700.0
2024-01-15,2105,141487788146.0
2024-01-16,2105,139705009602.0
2024-01-17,2105,139056726494.0
2024-01-18,2105,137273947950.0
2024-01-19,2105,139867080378.0
2024-01-22,2105,140191221932.0
2024-01-23,2105,140029151155.0
2024-01-24,2105,143108495914.0
2024-01-25,2105,143756779022.0
2024-01-26,2105,145539557566.0
2024-01-29,2105,146511982227.0
2024-01-30,2105,146187840674.0
2024-01-31,2105,147322336111.0
2024-02-01,2105,145377486790.0
2024-02-02,2105,148132689995.0
2024-02-05,2105,147322336111.0
2024-02-15,2105,146187840674.0
2024-02-16,2105,150887893201.0
2024-02-19,2105,150401680870.0
2024-02-20,2105,149105114656.0
2024-02-21,2105,148618902326.0
2024-02-22,2105,150077539317.0
2024-02-23,2105,150077539317.0
2024-02-26,2105,149753397763.0
2024-02-27,2105,150077539317.0
2024-02-29,2105,152184459415.0
2024-03-01,2105,151212034754.0
2024-03-04,2105,151536176308.0
2024-03-05,2105,149267185433.0
2024-03-06,2105,149267185433.0
2024-03-07,2105,148780973102.0
2024-03-08,2105,150077539317.0
2024-03-11,2105,149429256210.0
2024-03-12,2105,150725822424.0
2024-03-13,2105,151049963978.0
2024-03-14,2105,154453450290.0
2024-03-15,2105,156236228835.0
2024-03-18,2105,160450069032.0
2024-03-19,2105,154939662621.0
2024-03-20,2105,156884511942.0
2024-03-21,2105,159315573594.0
2024-03-22,2105,155912087282.0
2024-03-25,2105,156074158058.0
2024-03-26,2105,158343148934.0
2024-03-27,2105,161584564470.0
2024-03-28,2105,161098352139.0
2024-03-29,2105,162070776800.0
2024-04-01,2105,161260422916.0
2024-04-02,2105,158181078157.0
2024-04-03,2105,157856936603.0
2024-04-08,2105,157370724273.0
2024-04-09,2105,160936281362.0
2024-04-10,2105,159153502818.0
2024-04-11,2105,159477644371.0
2024-04-12,2105,157856936603.0
2024-04-15,2105,160287998255.0
2024-04-16,2105,156236228835.0
2024-04-17,2105,155587945728.0
2024-04-18,2105,155101733398.0
2024-04-19,2105,152022388638.0
2024-04-22,2105,153805167183.0
2024-04-23,2105,152670671746.0
2024-04-24,2105,149429256210.0
2024-04-25,2105,149429256210.0
2024-04-26,2105,148780973102.0
2024-04-29,2105,151698247085.0
2024-04-30,2105,152832742522.0
2024-05-02,2105,152022388638.0
2024-05-03,2105,152022388638.0
2024-05-06,2105,156398299612.0
2024-05-07,2105,158505219710.0
2024-05-08,2105,162070776800.0
2024-05-09,2105,157856936603.0
2024-05-10,2105,162070776800.0
2024-05-13,2105,167905324765.0
2024-05-14,2105,166932900104.0
2024-05-15,2105,169201890979.0
2024-05-16,2105,172443306515.0
2024-05-17,2105,173091589622.0
2024-05-20,2105,173091589622.0
2024-05-21,2105,175036438944.0
2024-05-22,2105,192215941285.0
2024-05-23,2105,189622808856.0
2024-05-24,2105,190271091963.0
2024-05-27,2105,188002101088.0
2024-05-28,2105,186381393320.0
2024-05-29,2105,181843411570.0
2024-05-30,2105,187029676427.0
2024-05-31,2105,197078064589.0
2024-06-03,2105,200319480125.0
2024-06-04,2105,199347055464.0
2024-06-05,2105,173739872730.0
2024-06-06,2105,167905324765.0
2024-06-07,2105,163367343014.0
2024-06-11,2105,161422493693.0
2024-06-12,2105,158991432041.0
2024-06-13,2105,158019007380.0
2024-06-14,2105,159963856702.0
2024-06-17,2105,160612139809.0
2024-06-18,2105,162070776800.0
2024-06-19,2105,160774210586.0
2024-06-20,2105,161260422916.0
2024-06-21,2105,159963856702.0
2024-06-24,2105,160774210586.0
2024-06-25,2105,162719059907.0
2024-06-26,2105,162070776800.0
2024-06-27,2105,161098352139.0
2024-06-28,2105,160287998255.0
2024-07-01,2105,159963856702.0
2024-07-02,2105,159315573594.0
2024-07-03,2105,155263804174.0
2024-07-04,2105,154939662621.0
2024-07-05,2105,154939662621.0
2024-07-08,2105,152346530192.0
2024-07-09,2105,149753397763.0
2024-07-10,2105,149591326986.0
2024-07-11,2105,151212034754.0
2024-07-12,2105,153318954853.0
2024-07-15,2105,152508600969.0
2024-07-16,2105,151860317862.0
2024-07-17,2105,151698247085.0
2024-07-18,2105,152508600969.0
2024-07-19,2105,151374105531.0
2024-07-22,2105,151212034754.0
2024-07-23,2105,152832742522.0
2024-07-26,2105,154129308737.0
2024-07-29,2105,154615521067.0
2024-07-30,2105,156236228835.0
2024-07-31,2105,156398299612.0
2024-08-01,2105,158181078157.0
2024-08-02,2105,156560370389.0
2024-08-05,2105,143918849798.0
2024-08-06,2105,147484406888.0
2024-08-07,2105,150563751647.0
2024-08-08,2105,149267185433.0
2024-08-09,2105,152022388638.0
2024-08-12,2105,154129308737.0
2024-08-13,2105,155912087282.0
2024-08-14,2105,159801785925.0
2024-08-15,2105,155750016505.0
2024-08-16,2105,157046582719.0
2024-08-19,2105,155101733398.0
2024-08-20,2105,157208653496.0
2024-08-21,2105,156398299612.0
2024-08-22,2105,159639715148.0
2024-08-23,2105,159315573594.0
2024-08-26,2105,162394918354.0
2024-08-27,2105,162719059907.0
2024-08-28,2105,161260422916.0
2024-08-29,2105,163043201461.0
2024-08-30,2105,160936281362.0
2024-09-02,2105,162070776800.0
2024-09-03,2105,161584564470.0
2024-09-04,2105,157046582719.0
2024-09-05,2105,158343148934.0
2024-09-06,2105,162394918354.0
2024-09-09,2105,159315573594.0
2024-09-10,2105,157856936603.0
2024-09-11,2105,156236228835.0
2024-09-12,2105,158019007380.0
2024-09-13,2105,159153502818.0
2024-09-16,2105,158019007380.0
2024-09-18,2105,159153502818.0
2024-09-19,2105,159315573594.0
2024-09-20,2105,161260422916.0
2024-09-23,2105,157532795050.0
2024-09-24,2105,158343148934.0
2024-09-25,2105,160287998255.0
2024-09-26,2105,160125927478.0
2024-09-27,2105,159963856702.0
2024-09-30,2105,167905324765.0
2024-10-01,2105,166932900104.0
2024-10-04,2105,170174315640.0
2024-10-07,2105,171795023408.0
2024-10-08,2105,165960475443.0
2024-10-09,2105,161260422916.0
2024-10-11,2105,158019007380.0
2024-10-14,2105,159477644371.0
2024-10-15,2105,155912087282.0
2024-10-16,2105,154615521067.0
2024-10-17,2105,155750016505.0
2024-10-18,2105,155101733398.0
2024-10-21,2105,154615521067.0
2024-10-22,2105,153967237960.0
2024-10-23,2105,150401680870.0
2024-10-24,2105,149753397763.0
2024-10-25,2105,151536176308.0
2024-10-28,2105,150401680870.0
2024-10-29,2105,149267185433.0
2024-10-30,2105,150239610094.0
2024-11-01,2105,150239610094.0
2024-11-04,2105,150239610094.0
2024-11-05,2105,153805167183.0
2024-11-06,2105,150725822424.0
2024-11-07,2105,151536176308.0
2024-11-08,2105,149753397763.0
2024-11-11,2105,149915468540.0
2024-11-12,2105,150401680870.0
2024-11-13,2105,146998194558.0
2024-11-14,2105,146998194558.0
2024-11-15,2105,161584564470.0
2024-11-18,2105,174712297390.0
2024-11-19,2105,174712297390.0
2024-11-20,2105,168553607872.0
2024-11-21,2105,165960475443.0
2024-11-22,2105,166608758550.0
2024-11-25,2105,162719059907.0
2024-11-26,2105,163043201461.0
2024-11-27,2105,165312192336.0
2024-11-28,2105,163367343014.0
2024-11-29,2105,164015626122.0
2024-12-02,2105,162070776800.0
2024-12-03,2105,165960475443.0
2024-12-04,2105,167905324765.0
2024-12-05,2105,166284616997.0
2024-12-06,2105,167581183211.0
2024-12-09,2105,168553607872.0
2024-12-10,2105,166932900104.0
2024-12-11,2105,163367343014.0
2024-12-12,2105,164339767675.0
2024-12-13,2105,162394918354.0
2024-12-16,2105,162719059907.0
2024-12-17,2105,160287998255.0
2024-12-18,2105,163043201461.0
2024-12-19,2105,162394918354.0
2024-12-20,2105,160612139809.0
2024-12-23,2105,162070776800.0
2024-12-24,2105,164339767675.0
2024-12-25,2105,165312192336.0
2024-12-26,2105,161260422916.0
2024-12-27,2105,159639715148.0
2024-12-30,2105,161098352139.0
2024-12-31,2105,158991432041.0
