date,stock_id,market_value
2005-01-03,2466,6108041808.0
2005-01-04,2466,5996986389.0
2005-01-05,2466,5996986389.0
2005-01-06,2466,5996986389.0
2005-01-07,2466,6034004824.0
2005-01-10,2466,5996986389.0
2005-01-11,2466,5922949520.0
2005-01-12,2466,5885931086.0
2005-01-13,2466,5663820479.0
2005-01-14,2466,5626802044.0
2005-01-17,2466,5626802044.0
2005-01-18,2466,5626802044.0
2005-01-19,2466,5256617699.0
2005-01-20,2466,5108543961.0
2005-01-21,2466,5219599265.0
2005-01-24,2466,4997488658.0
2005-01-25,2466,4812396485.0
2005-01-26,2466,4960470223.0
2005-01-27,2466,5108543961.0
2005-01-28,2466,5145562396.0
2005-01-31,2466,5330654568.0
2005-02-01,2466,5700838913.0
2005-02-02,2466,5737857348.0
2005-02-03,2466,5700838913.0
2005-02-14,2466,5626802044.0
2005-02-15,2466,5663820479.0
2005-02-16,2466,6034004824.0
2005-02-17,2466,6441207603.0
2005-02-18,2466,6589281341.0
2005-02-21,2466,6589281341.0
2005-02-22,2466,6589281341.0
2005-02-23,2466,6663318210.0
2005-02-24,2466,6663318210.0
2005-02-25,2466,6478226038.0
2005-03-01,2466,6715144018.0
2005-03-02,2466,6448611290.0
2005-03-03,2466,6552262907.0
2005-03-04,2466,6737355079.0
2005-03-07,2466,6848410383.0
2005-03-08,2466,6478226038.0
2005-03-09,2466,6752162453.0
2005-03-10,2466,6959465686.0
2005-03-11,2466,6885428817.0
2005-03-14,2466,6737355079.0
2005-03-15,2466,6766969827.0
2005-03-16,2466,6944658312.0
2005-03-17,2466,6774373514.0
2005-03-18,2466,6811391948.0
2005-03-21,2466,6796584574.0
2005-03-22,2466,6774373514.0
2005-03-23,2466,6715144018.0
2005-03-24,2466,6670721897.0
2005-03-25,2466,6737355079.0
2005-03-28,2466,6722547705.0
2005-03-29,2466,6722547705.0
2005-03-30,2466,6996484120.0
2005-03-31,2466,6892832504.0
2005-04-01,2466,6818795635.0
2005-04-04,2466,6915043565.0
2005-04-06,2466,6803988261.0
2005-04-07,2466,6737355079.0
2005-04-08,2466,6774373514.0
2005-04-11,2466,6470822351.0
2005-04-12,2466,6219096996.0
2005-04-13,2466,6226500683.0
2005-04-14,2466,6226500683.0
2005-04-15,2466,6145060127.0
2005-04-18,2466,5922949520.0
2005-04-19,2466,6026601137.0
2005-04-20,2466,5908142146.0
2005-04-21,2466,5915545833.0
2005-04-22,2466,5774875782.0
2005-04-25,2466,5774875782.0
2005-04-26,2466,5900738459.0
2005-04-27,2466,5848912651.0
2005-04-28,2466,5848912651.0
2005-04-29,2466,5782279469.0
2005-05-03,2466,5589783610.0
2005-05-04,2466,5330654568.0
2005-05-05,2466,5397287750.0
2005-05-06,2466,5404691437.0
2005-05-09,2466,5508343054.0
2005-05-10,2466,5478728306.0
2005-05-11,2466,5389884063.0
2005-05-12,2466,5330654568.0
2005-05-13,2466,5389884063.0
2005-05-16,2466,5256617699.0
2005-05-17,2466,5330654568.0
2005-05-18,2466,5389884063.0
2005-05-19,2466,5515746741.0
2005-05-20,2466,5552765175.0
2005-05-23,2466,5478728306.0
2005-05-24,2466,5463920932.0
2005-05-25,2466,5449113558.0
2005-05-26,2466,5478728306.0
2005-05-27,2466,5552765175.0
2005-05-30,2466,5700838913.0
2005-05-31,2466,5619398357.0
2005-06-01,2466,5774875782.0
2005-06-02,2466,5819297903.0
2005-06-03,2466,5863720025.0
2005-06-06,2466,5871123712.0
2005-06-07,2466,5885931086.0
2005-06-08,2466,5900738459.0
2005-06-09,2466,5967371641.0
2005-06-10,2466,6152463814.0
2005-06-13,2466,6034004824.0
2005-06-14,2466,716983192.0
2005-06-15,2466,716086963.0
2005-06-16,2466,739388917.0
2005-06-17,2466,752832352.0
2005-06-20,2466,752832352.0
2005-06-21,2466,753728581.0
2005-06-22,2466,781511679.0
2005-06-23,2466,788681511.0
2005-06-24,2466,785096595.0
2005-06-27,2466,785096595.0
2005-06-28,2466,805709862.0
2005-06-29,2466,807502320.0
2005-06-30,2466,817360839.0
2005-07-01,2466,821841984.0
2005-07-04,2466,823634442.0
2005-07-05,2466,829011816.0
2005-07-06,2466,823634442.0
2005-07-07,2466,794955114.0
2005-07-08,2466,809294778.0
2005-07-11,2466,819153297.0
2005-07-12,2466,819153297.0
2005-07-13,2466,823634442.0
2005-07-14,2466,837974106.0
2005-07-15,2466,840662793.0
2005-07-19,2466,844247709.0
2005-07-20,2466,849625083.0
2005-07-21,2466,829011816.0
2005-07-22,2466,835285419.0
2005-07-25,2466,833492961.0
2005-07-26,2466,837974106.0
2005-07-27,2466,843351480.0
2005-07-28,2466,834389190.0
2005-07-29,2466,813775923.0
2005-08-01,2466,837974106.0
2005-08-02,2466,832596732.0
2005-08-03,2466,845143938.0
2005-08-04,2466,854106227.0
2005-08-08,2466,851417541.0
2005-08-09,2466,837974106.0
2005-08-10,2466,818257068.0
2005-08-11,2466,830804274.0
2005-08-12,2466,824530671.0
2005-08-15,2466,823634442.0
2005-08-16,2466,801228717.0
2005-08-17,2466,802124946.0
2005-08-18,2466,794058885.0
2005-08-19,2466,809294778.0
2005-08-22,2466,811087236.0
2005-08-23,2466,806606091.0
2005-08-24,2466,788681511.0
2005-08-25,2466,788681511.0
2005-08-26,2466,797643801.0
2005-08-29,2466,820049526.0
2005-08-30,2466,793162656.0
2005-08-31,2466,779719221.0
2005-09-02,2466,779719221.0
2005-09-05,2466,779719221.0
2005-09-06,2466,783304137.0
2005-09-07,2466,793162656.0
2005-09-08,2466,792266427.0
2005-09-09,2466,788681511.0
2005-09-12,2466,791370198.0
2005-09-13,2466,788681511.0
2005-09-14,2466,779719221.0
2005-09-15,2466,788681511.0
2005-09-16,2466,779719221.0
2005-09-19,2466,775238076.0
2005-09-20,2466,766275786.0
2005-09-21,2466,770756931.0
2005-09-22,2466,766275786.0
2005-09-23,2466,765379557.0
2005-09-26,2466,765379557.0
2005-09-27,2466,765379557.0
2005-09-28,2466,765379557.0
2005-09-29,2466,769860702.0
2005-09-30,2466,768068244.0
2005-10-03,2466,760898413.0
2005-10-04,2466,757313497.0
2005-10-05,2466,743870062.0
2005-10-06,2466,738492688.0
2005-10-07,2466,743870062.0
2005-10-11,2466,742973833.0
2005-10-12,2466,737596459.0
2005-10-13,2466,742077604.0
2005-10-14,2466,742973833.0
2005-10-17,2466,735804001.0
2005-10-18,2466,733115314.0
2005-10-19,2466,743870062.0
2005-10-20,2466,725945482.0
2005-10-21,2466,711605818.0
2005-10-24,2466,706228444.0
2005-10-25,2466,706228444.0
2005-10-26,2466,697266154.0
2005-10-27,2466,694577467.0
2005-10-28,2466,690096322.0
2005-10-31,2466,703539757.0
2005-11-01,2466,689200093.0
2005-11-02,2466,699058612.0
2005-11-03,2466,699058612.0
2005-11-04,2466,699954841.0
2005-11-07,2466,702643528.0
2005-11-08,2466,702643528.0
2005-11-09,2466,723256795.0
2005-11-10,2466,725945482.0
2005-11-11,2466,730426627.0
2005-11-14,2466,728634169.0
2005-11-15,2466,733115314.0
2005-11-16,2466,729530398.0
2005-11-17,2466,728634169.0
2005-11-18,2466,728634169.0
2005-11-21,2466,729530398.0
2005-11-22,2466,721464337.0
2005-11-23,2466,716086963.0
2005-11-24,2466,739388917.0
2005-11-25,2466,748351207.0
2005-11-28,2466,742077604.0
2005-11-29,2466,748351207.0
2005-11-30,2466,743870062.0
2005-12-01,2466,749247436.0
2005-12-02,2466,761794642.0
2005-12-05,2466,764483328.0
2005-12-06,2466,817360839.0
2005-12-07,2466,833492961.0
2005-12-08,2466,833492961.0
2005-12-09,2466,831700503.0
2005-12-12,2466,889059158.0
2005-12-13,2466,932078150.0
2005-12-14,2466,909672425.0
2005-12-15,2466,923115860.0
2005-12-16,2466,932078150.0
2005-12-19,2466,932078150.0
2005-12-20,2466,927597005.0
2005-12-21,2466,941040440.0
2005-12-22,2466,936559295.0
2005-12-23,2466,999295324.0
2005-12-26,2466,1066512498.0
2005-12-27,2466,1138210817.0
2005-12-28,2466,1214390281.0
2005-12-29,2466,1295050891.0
2005-12-30,2466,1375711500.0
2006-01-02,2466,1442928674.0
2006-01-03,2466,1541513863.0
2006-01-04,2466,1649061342.0
2006-01-05,2466,1640099052.0
2006-01-06,2466,1528070428.0
2006-01-09,2466,1590806457.0
2006-01-10,2466,1698353936.0
2006-01-11,2466,1765571110.0
2006-01-12,2466,1649061342.0
2006-01-13,2466,1684910501.0
2006-01-16,2466,1747646531.0
2006-01-17,2466,1666985921.0
2006-01-18,2466,1568400733.0
2006-01-19,2466,1563919588.0
2006-01-20,2466,1577363022.0
2006-01-23,2466,1586325312.0
2006-01-24,2466,1684910501.0
2006-01-25,2466,1729721951.0
2006-02-03,2466,1729721951.0
2006-02-06,2466,1734203096.0
2006-02-07,2466,1743165386.0
2006-02-08,2466,1761089965.0
2006-02-09,2466,1765571110.0
2006-02-10,2466,1783495690.0
2006-02-13,2466,1904486604.0
2006-02-14,2466,2034439807.0
2006-02-15,2466,2173355301.0
2006-02-16,2466,2258497055.0
2006-02-17,2466,2186798736.0
2006-02-20,2466,2150949576.0
2006-02-21,2466,2195761026.0
2006-02-22,2466,2061326677.0
2006-02-23,2466,2052364387.0
2006-02-24,2466,2195761026.0
2006-02-27,2466,2133024996.0
2006-03-01,2466,2168874156.0
2006-03-02,2466,2150949576.0
2006-03-03,2466,2110619271.0
2006-03-06,2466,2141987286.0
2006-03-07,2466,2146468431.0
2006-03-08,2466,2209204460.0
2006-03-09,2466,2330195374.0
2006-03-10,2466,2285383925.0
2006-03-13,2466,2267459345.0
2006-03-14,2466,2240572475.0
2006-03-15,2466,2222647895.0
2006-03-16,2466,2240572475.0
2006-03-17,2466,2222647895.0
2006-03-20,2466,2267459345.0
2006-03-21,2466,2240572475.0
2006-03-22,2466,2240572475.0
2006-03-23,2466,2236091330.0
2006-03-24,2466,2213685605.0
2006-03-27,2466,2124062706.0
2006-03-28,2466,2106138127.0
2006-03-29,2466,2106138127.0
2006-03-30,2466,2115100416.0
2006-03-31,2466,2146468431.0
2006-04-03,2466,2124062706.0
2006-04-04,2466,2115100416.0
2006-04-06,2466,2262978200.0
2006-04-07,2466,2191279881.0
2006-04-10,2466,2150949576.0
2006-04-11,2466,2097175837.0
2006-04-12,2466,2034439807.0
2006-04-13,2466,2025477517.0
2006-04-14,2466,2150949576.0
2006-04-17,2466,2186798736.0
2006-04-18,2466,2043402097.0
2006-04-19,2466,2061326677.0
2006-04-20,2466,2056845532.0
2006-04-21,2466,2020996372.0
2006-04-24,2466,1989628358.0
2006-04-25,2466,2052364387.0
2006-04-26,2466,1998590648.0
2006-04-27,2466,2016515228.0
2006-04-28,2466,2020996372.0
2006-05-02,2466,2007552938.0
2006-05-03,2466,1953779198.0
2006-05-04,2466,2088213547.0
2006-05-05,2466,1967222633.0
2006-05-08,2466,2061326677.0
2006-05-09,2466,1989628358.0
2006-05-10,2466,1980666068.0
2006-05-11,2466,2016515228.0
2006-05-12,2466,2034439807.0
2006-05-15,2466,1989628358.0
2006-05-16,2466,1962741488.0
2006-05-17,2466,2012034083.0
2006-05-18,2466,1998590648.0
2006-05-19,2466,1998590648.0
2006-05-22,2466,2016515228.0
2006-05-23,2466,1976184923.0
2006-05-24,2466,1994109503.0
2006-05-25,2466,1989628358.0
2006-05-26,2466,1980666068.0
2006-05-29,2466,1971703778.0
2006-05-30,2466,1994109503.0
2006-06-01,2466,1998590648.0
2006-06-02,2466,2007552938.0
2006-06-05,2466,1980666068.0
2006-06-06,2466,1980666068.0
2006-06-07,2466,1985147213.0
2006-06-08,2466,1962741488.0
2006-06-09,2466,1922411184.0
2006-06-12,2466,1900005459.0
2006-06-13,2466,1873118589.0
2006-06-14,2466,1873118589.0
2006-06-15,2466,1873118589.0
2006-06-16,2466,1882080879.0
2006-06-19,2466,1882080879.0
2006-06-20,2466,1864156299.0
2006-06-21,2466,1882080879.0
2006-06-22,2466,1989628358.0
2006-06-23,2466,2034439807.0
2006-06-26,2466,2124062706.0
2006-06-27,2466,2070288967.0
2006-06-28,2466,2124062706.0
2006-06-29,2466,2074770112.0
2006-06-30,2466,2083732402.0
2006-07-03,2466,2061326677.0
2006-07-04,2466,2088213547.0
2006-07-05,2466,2061326677.0
2006-07-06,2466,2079251257.0
2006-07-07,2466,2079251257.0
2006-07-10,2466,2070288967.0
2006-07-11,2466,2038920952.0
2006-07-12,2466,2025477517.0
2006-07-13,2466,2025477517.0
2006-07-14,2466,2012034083.0
2006-07-17,2466,1994109503.0
2006-07-18,2466,2007552938.0
2006-07-19,2466,1994109503.0
2006-07-20,2466,2020996372.0
2006-07-21,2466,1998590648.0
2006-07-24,2466,1994109503.0
2006-07-25,2466,1994109503.0
2006-07-26,2466,1971703778.0
2006-07-27,2466,1989628358.0
2006-07-28,2466,2003071793.0
2006-07-31,2466,2016515228.0
2006-08-01,2466,2012034083.0
2006-08-02,2466,2012034083.0
2006-08-03,2466,2016515228.0
2006-08-04,2466,2025477517.0
2006-08-07,2466,2007552938.0
2006-08-08,2466,2056845532.0
2006-08-09,2466,2061326677.0
2006-08-10,2466,2038920952.0
2006-08-11,2466,2052364387.0
2006-08-14,2466,2079251257.0
2006-08-15,2466,2097175837.0
2006-08-16,2466,2115100416.0
2006-08-17,2466,2240572475.0
2006-08-18,2466,2231610185.0
2006-08-21,2466,2177836446.0
2006-08-22,2466,2150949576.0
2006-08-23,2466,2146468431.0
2006-08-24,2466,2137506141.0
2006-08-25,2466,2133024996.0
2006-08-28,2466,2128543851.0
2006-08-29,2466,2141987286.0
2006-08-30,2466,2150949576.0
2006-08-31,2466,2182317591.0
2006-09-01,2466,2141987286.0
2006-09-04,2466,2141987286.0
2006-09-05,2466,2110619271.0
2006-09-06,2466,2038920952.0
2006-09-07,2466,1998590648.0
2006-09-08,2466,2003071793.0
2006-09-11,2466,2007552938.0
2006-09-12,2466,1989628358.0
2006-09-13,2466,1926892329.0
2006-09-14,2466,1891043169.0
2006-09-15,2466,1895524314.0
2006-09-18,2466,1922411184.0
2006-09-19,2466,1922411184.0
2006-09-20,2466,1926892329.0
2006-09-21,2466,1962741488.0
2006-09-22,2466,1971703778.0
2006-09-25,2466,1953779198.0
2006-09-26,2466,1935854618.0
2006-09-27,2466,1944816908.0
2006-09-28,2466,1882080879.0
2006-09-29,2466,1882080879.0
2006-10-02,2466,1841750574.0
2006-10-03,2466,1801420270.0
2006-10-04,2466,1855194009.0
2006-10-05,2466,1980666068.0
2006-10-11,2466,2115100416.0
2006-10-12,2466,2222647895.0
2006-10-13,2466,2186798736.0
2006-10-16,2466,2500478882.0
2006-10-17,2466,2603545216.0
2006-10-18,2466,2603545216.0
2006-10-19,2466,2599064071.0
2006-10-20,2466,2563214911.0
2006-10-23,2466,2742460709.0
2006-10-24,2466,2751422999.0
2006-10-25,2466,2634913231.0
2006-10-26,2466,2581139491.0
2006-10-27,2466,2554252622.0
2006-10-30,2466,2590101781.0
2006-10-31,2466,2563214911.0
2006-11-01,2466,2563214911.0
2006-11-02,2466,2742460709.0
2006-11-03,2466,2720054985.0
2006-11-06,2466,2733498420.0
2006-11-07,2466,2742460709.0
2006-11-08,2466,2742460709.0
2006-11-09,2466,2643875521.0
2006-11-10,2466,2661800100.0
2006-11-13,2466,2590101781.0
2006-11-14,2466,2581139491.0
2006-11-15,2466,2581139491.0
2006-11-16,2466,2590101781.0
2006-11-17,2466,2733498420.0
2006-11-20,2466,2702130405.0
2006-11-21,2466,2706611550.0
2006-11-22,2466,2711092695.0
2006-11-23,2466,2711092695.0
2006-11-24,2466,2715573840.0
2006-11-27,2466,2800715594.0
2006-11-28,2466,2769347579.0
2006-11-29,2466,2809677884.0
2006-11-30,2466,2841045898.0
2006-12-01,2466,2845527043.0
2006-12-04,2466,2867932768.0
2006-12-05,2466,2850008188.0
2006-12-06,2466,2841045898.0
2006-12-07,2466,2805196739.0
2006-12-08,2466,2805196739.0
2006-12-11,2466,2782791014.0
2006-12-12,2466,2737979564.0
2006-12-13,2466,2720054985.0
2006-12-14,2466,2755904144.0
2006-12-15,2466,2778309869.0
2006-12-18,2466,2787272159.0
2006-12-19,2466,2791753304.0
2006-12-20,2466,2778309869.0
2006-12-21,2466,2733498420.0
2006-12-22,2466,2715573840.0
2006-12-25,2466,2778309869.0
2006-12-26,2466,2832083608.0
2006-12-27,2466,2823121319.0
2006-12-28,2466,2832083608.0
2006-12-29,2466,2867932768.0
2007-01-02,2466,2917225362.0
2007-01-03,2466,2953074522.0
2007-01-04,2466,2975480247.0
2007-01-05,2466,2975480247.0
2007-01-08,2466,2939631087.0
2007-01-09,2466,3002367117.0
2007-01-10,2466,2966517957.0
2007-01-11,2466,2957555667.0
2007-01-12,2466,2984442537.0
2007-01-15,2466,2966517957.0
2007-01-16,2466,2948593377.0
2007-01-17,2466,2957555667.0
2007-01-18,2466,4007367117.0
2007-01-19,2466,4282499784.0
2007-01-22,2466,4581557032.0
2007-01-23,2466,4784915960.0
2007-01-24,2466,4725104511.0
2007-01-25,2466,5054067483.0
2007-01-26,2466,5203596107.0
2007-01-29,2466,4988274888.0
2007-01-30,2466,5107897787.0
2007-01-31,2466,4970331453.0
2007-02-01,2466,4904538859.0
2007-02-02,2466,4880614279.0
2007-02-05,2466,4922482294.0
2007-02-06,2466,4964350309.0
2007-02-07,2466,4964350309.0
2007-02-08,2466,4940425729.0
2007-02-09,2466,4904538859.0
2007-02-12,2466,4808840540.0
2007-02-13,2466,4844727410.0
2007-02-14,2466,5018180613.0
2007-02-26,2466,5018180613.0
2007-02-27,2466,5012199468.0
2007-03-01,2466,4808840540.0
2007-03-02,2466,4898557714.0
2007-03-05,2466,4778934815.0
2007-03-06,2466,4904538859.0
2007-03-07,2466,4964350309.0
2007-03-08,2466,5012199468.0
2007-03-09,2466,5006218323.0
2007-03-12,2466,5024161758.0
2007-03-13,2466,5054067483.0
2007-03-14,2466,5054067483.0
2007-03-15,2466,5083973208.0
2007-03-16,2466,5024161758.0
2007-03-19,2466,5371068165.0
2007-03-20,2466,5622276253.0
2007-03-21,2466,5442841905.0
2007-03-22,2466,5311256716.0
2007-03-23,2466,5418917325.0
2007-03-26,2466,5442841905.0
2007-03-27,2466,5347143585.0
2007-03-28,2466,5287332136.0
2007-03-29,2466,5293313281.0
2007-03-30,2466,5239482976.0
2007-04-02,2466,5275369846.0
2007-04-03,2466,5323219006.0
2007-04-04,2466,5371068165.0
2007-04-09,2466,5383030455.0
2007-04-10,2466,5263407556.0
2007-04-11,2466,5263407556.0
2007-04-12,2466,5251445266.0
2007-04-13,2466,5275369846.0
2007-04-16,2466,5311256716.0
2007-04-17,2466,5161728092.0
2007-04-18,2466,5197614962.0
2007-04-19,2466,5155746947.0
2007-04-20,2466,5095935497.0
2007-04-23,2466,4760991380.0
2007-04-24,2466,4784915960.0
2007-04-25,2466,4808840540.0
2007-04-26,2466,4808840540.0
2007-04-27,2466,4784915960.0
2007-04-30,2466,4725104511.0
2007-05-02,2466,4653330771.0
2007-05-03,2466,4485858713.0
2007-05-04,2466,4784915960.0
2007-05-07,2466,4910520004.0
2007-05-08,2466,4868651989.0
2007-05-09,2466,4844727410.0
2007-05-10,2466,4808840540.0
2007-05-11,2466,4784915960.0
2007-05-14,2466,4760991380.0
2007-05-15,2466,4808840540.0
2007-05-16,2466,4808840540.0
2007-05-17,2466,4844727410.0
2007-05-18,2466,4784915960.0
2007-05-21,2466,4808840540.0
2007-05-22,2466,4808840540.0
2007-05-23,2466,4784915960.0
2007-05-24,2466,4808840540.0
2007-05-25,2466,4784915960.0
2007-05-28,2466,4844727410.0
2007-05-29,2466,4844727410.0
2007-05-30,2466,4868651989.0
2007-05-31,2466,4892576569.0
2007-06-01,2466,4862670844.0
2007-06-04,2466,4826783975.0
2007-06-05,2466,4826783975.0
2007-06-06,2466,4784915960.0
2007-06-07,2466,4796878250.0
2007-06-08,2466,4844727410.0
2007-06-11,2466,4904538859.0
2007-06-12,2466,4940425729.0
2007-06-13,2466,5281350991.0
2007-06-14,2466,5383030455.0
2007-06-15,2466,5323219006.0
2007-06-20,2466,5107897787.0
2007-06-21,2466,5143784657.0
2007-06-22,2466,5095935497.0
2007-06-25,2466,5012199468.0
2007-06-26,2466,4928463439.0
2007-06-27,2466,4976312598.0
2007-06-28,2466,5036124048.0
2007-06-29,2466,5036124048.0
2007-07-02,2466,4988274888.0
2007-07-03,2466,5179671527.0
2007-07-04,2466,5179671527.0
2007-07-05,2466,5161728092.0
2007-07-06,2466,5143784657.0
2007-07-09,2466,5018180613.0
2007-07-10,2466,5143784657.0
2007-07-11,2466,5095935497.0
2007-07-12,2466,4988274888.0
2007-07-13,2466,4994256033.0
2007-07-16,2466,4964350309.0
2007-07-17,2466,5000237178.0
2007-07-18,2466,5095935497.0
2007-07-19,2466,5095935497.0
2007-07-20,2466,5143784657.0
2007-07-23,2466,5107897787.0
2007-07-24,2466,5024161758.0
2007-07-25,2466,5089954352.0
2007-07-26,2466,4928463439.0
2007-07-27,2466,4982293743.0
2007-07-30,2466,5024161758.0
2007-07-31,2466,5024161758.0
2007-08-01,2466,4904538859.0
2007-08-02,2466,4916501149.0
2007-08-03,2466,4964350309.0
2007-08-06,2466,4904538859.0
2007-08-07,2466,4916501149.0
2007-08-08,2466,4976312598.0
2007-08-09,2466,5024161758.0
2007-08-10,2466,4928463439.0
2007-08-13,2466,4904538859.0
2007-08-14,2466,4916501149.0
2007-08-15,2466,4832765120.0
2007-08-16,2466,4755010235.0
2007-08-17,2466,4778934815.0
2007-08-20,2466,4802859395.0
2007-08-21,2466,4784915960.0
2007-08-22,2466,4784915960.0
2007-08-23,2466,4808840540.0
2007-08-24,2466,4904538859.0
2007-08-27,2466,4928463439.0
2007-08-28,2466,4928463439.0
2007-08-29,2466,5048086338.0
2007-08-30,2466,5060048628.0
2007-08-31,2466,5060048628.0
2007-09-03,2466,5077992063.0
2007-09-04,2466,5066029773.0
2007-09-05,2466,4988274888.0
2007-09-06,2466,4982293743.0
2007-09-07,2466,4964350309.0
2007-09-10,2466,4916501149.0
2007-09-11,2466,4916501149.0
2007-09-12,2466,4916501149.0
2007-09-13,2466,4880614279.0
2007-09-14,2466,4940425729.0
2007-09-17,2466,4952388019.0
2007-09-19,2466,4988274888.0
2007-09-20,2466,4988274888.0
2007-09-21,2466,5036124048.0
2007-09-26,2466,5083973208.0
2007-09-27,2466,5089954352.0
2007-09-28,2466,5107897787.0
2007-10-01,2466,5107897787.0
2007-10-02,2466,5107897787.0
2007-10-03,2466,5095935497.0
2007-10-04,2466,5089954352.0
2007-10-05,2466,5072010918.0
2007-10-08,2466,5036124048.0
2007-10-09,2466,4928463439.0
2007-10-11,2466,5036124048.0
2007-10-12,2466,5012199468.0
2007-10-15,2466,5006218323.0
2007-10-16,2466,4994256033.0
2007-10-17,2466,4946406874.0
2007-10-18,2466,4976312598.0
2007-10-19,2466,4964350309.0
2007-10-22,2466,4952388019.0
2007-10-23,2466,4976312598.0
2007-10-24,2466,4940425729.0
2007-10-25,2466,4928463439.0
2007-10-26,2466,4904538859.0
2007-10-29,2466,4940425729.0
2007-10-30,2466,4952388019.0
2007-10-31,2466,4940425729.0
2007-11-01,2466,4940425729.0
2007-11-02,2466,4928463439.0
2007-11-05,2466,4940425729.0
2007-11-06,2466,4904538859.0
2007-11-07,2466,4928463439.0
2007-11-08,2466,4856689699.0
2007-11-09,2466,4880614279.0
2007-11-12,2466,4707161076.0
2007-11-13,2466,4749029090.0
2007-11-14,2466,4808840540.0
2007-11-15,2466,4796878250.0
2007-11-16,2466,4784915960.0
2007-11-19,2466,4784915960.0
2007-11-20,2466,4766972525.0
2007-11-21,2466,4760991380.0
2007-11-22,2466,4749029090.0
2007-11-23,2466,4725104511.0
2007-11-26,2466,4719123366.0
2007-11-27,2466,4683236496.0
2007-11-28,2466,4641368481.0
2007-11-29,2466,4641368481.0
2007-11-30,2466,4665293061.0
2007-12-03,2466,4665293061.0
2007-12-04,2466,4653330771.0
2007-12-05,2466,4599500467.0
2007-12-06,2466,4677255351.0
2007-12-07,2466,4725104511.0
2007-12-10,2466,4844727410.0
2007-12-11,2466,4964350309.0
2007-12-12,2466,5095935497.0
2007-12-13,2466,4952388019.0
2007-12-14,2466,4952388019.0
2007-12-17,2466,4778934815.0
2007-12-18,2466,4725104511.0
2007-12-19,2466,4904538859.0
2007-12-20,2466,4904538859.0
2007-12-21,2466,4904538859.0
2007-12-24,2466,4868651989.0
2007-12-25,2466,4892576569.0
2007-12-26,2466,4880614279.0
2007-12-27,2466,4892576569.0
2007-12-28,2466,4808840540.0
2007-12-31,2466,4880614279.0
2008-01-02,2466,4880614279.0
2008-01-03,2466,4856689699.0
2008-01-04,2466,4880614279.0
2008-01-07,2466,4844727410.0
2008-01-08,2466,4844727410.0
2008-01-09,2466,4820802830.0
2008-01-10,2466,4880614279.0
2008-01-11,2466,4868651989.0
2008-01-14,2466,4856689699.0
2008-01-15,2466,4856689699.0
2008-01-16,2466,4796878250.0
2008-01-17,2466,4784915960.0
2008-01-18,2466,4784915960.0
2008-01-21,2466,4844727410.0
2008-01-22,2466,4725104511.0
2008-01-23,2466,4611462756.0
2008-01-24,2466,4611462756.0
2008-01-25,2466,4683236496.0
2008-01-28,2466,4665293061.0
2008-01-29,2466,4689217641.0
2008-01-30,2466,4689217641.0
2008-01-31,2466,4557632452.0
2008-02-01,2466,4557632452.0
2008-02-12,2466,4557632452.0
2008-02-13,2466,4557632452.0
2008-02-14,2466,4569594742.0
2008-02-15,2466,4581557032.0
2008-02-18,2466,4485858713.0
2008-02-19,2466,4635387336.0
2008-02-20,2466,4533707872.0
2008-02-21,2466,4665293061.0
2008-02-22,2466,4677255351.0
2008-02-25,2466,4737066800.0
2008-02-26,2466,4832765120.0
2008-02-27,2466,4856689699.0
2008-02-29,2466,4880614279.0
2008-03-03,2466,4844727410.0
2008-03-04,2466,4868651989.0
2008-03-05,2466,4892576569.0
2008-03-06,2466,4928463439.0
2008-03-07,2466,4892576569.0
2008-03-10,2466,4820802830.0
2008-03-11,2466,4820802830.0
2008-03-12,2466,4844727410.0
2008-03-13,2466,4766972525.0
2008-03-14,2466,4808840540.0
2008-03-17,2466,4766972525.0
2008-03-18,2466,4766972525.0
2008-03-19,2466,4784915960.0
2008-03-20,2466,4796878250.0
2008-03-21,2466,4814821685.0
2008-03-24,2466,5018180613.0
2008-03-25,2466,5036124048.0
2008-03-26,2466,5042105193.0
2008-03-27,2466,5024161758.0
2008-03-28,2466,5036124048.0
2008-03-31,2466,5024161758.0
2008-04-01,2466,5000237178.0
2008-04-02,2466,5072010918.0
2008-04-03,2466,5048086338.0
2008-04-07,2466,5048086338.0
2008-04-08,2466,5024161758.0
2008-04-09,2466,5018180613.0
2008-04-10,2466,5042105193.0
2008-04-11,2466,5036124048.0
2008-04-14,2466,5024161758.0
2008-04-15,2466,5012199468.0
2008-04-16,2466,5012199468.0
2008-04-17,2466,5000237178.0
2008-04-18,2466,5000237178.0
2008-04-21,2466,5012199468.0
2008-04-22,2466,5006218323.0
2008-04-23,2466,5006218323.0
2008-04-24,2466,4976312598.0
2008-04-25,2466,4964350309.0
2008-04-28,2466,4964350309.0
2008-04-29,2466,4832765120.0
2008-04-30,2466,5012199468.0
2008-05-02,2466,4892576569.0
2008-05-05,2466,4719123366.0
2008-05-06,2466,4766972525.0
2008-05-07,2466,4772953670.0
2008-05-08,2466,4665293061.0
2008-05-09,2466,4605481612.0
2008-05-12,2466,4485858713.0
2008-05-13,2466,4497821002.0
2008-05-14,2466,4563613597.0
2008-05-15,2466,4605481612.0
2008-05-16,2466,4629406191.0
2008-05-19,2466,4641368481.0
2008-05-20,2466,4701179931.0
2008-05-21,2466,4719123366.0
2008-05-22,2466,4695198786.0
2008-05-23,2466,4653330771.0
2008-05-26,2466,4563613597.0
2008-05-27,2466,4581557032.0
2008-05-28,2466,4485858713.0
2008-05-29,2466,4545670162.0
2008-05-30,2466,4533707872.0
2008-06-02,2466,4521745582.0
2008-06-03,2466,4545670162.0
2008-06-04,2466,4545670162.0
2008-06-05,2466,4581557032.0
2008-06-06,2466,4581557032.0
2008-06-09,2466,4551651307.0
2008-06-10,2466,4545670162.0
2008-06-11,2466,4521745582.0
2008-06-12,2466,4426047263.0
2008-06-13,2466,4449971843.0
2008-06-16,2466,4485858713.0
2008-06-17,2466,4479877568.0
2008-06-18,2466,4509783292.0
2008-06-19,2466,4503802147.0
2008-06-20,2466,4503802147.0
2008-06-23,2466,4479877568.0
2008-06-24,2466,4449971843.0
2008-06-25,2466,4485858713.0
2008-06-26,2466,4581557032.0
2008-06-27,2466,4689217641.0
2008-06-30,2466,4629406191.0
2008-07-01,2466,4593519322.0
2008-07-02,2466,4545670162.0
2008-07-03,2466,4443990698.0
2008-07-04,2466,4426047263.0
2008-07-07,2466,4467915278.0
2008-07-08,2466,4420066118.0
2008-07-09,2466,4449971843.0
2008-07-10,2466,4354273524.0
2008-07-11,2466,4402122683.0
2008-07-14,2466,4270537494.0
2008-07-15,2466,4186801465.0
2008-07-16,2466,4186801465.0
2008-07-17,2466,4402122683.0
2008-07-18,2466,4336330089.0
2008-07-21,2466,4449971843.0
2008-07-22,2466,4306424364.0
2008-07-23,2466,4515764437.0
2008-07-24,2466,4515764437.0
2008-07-25,2466,4503802147.0
2008-07-29,2466,4485858713.0
2008-07-30,2466,4390160393.0
2008-07-31,2466,4126990016.0
2008-08-01,2466,4126990016.0
2008-08-04,2466,4109046581.0
2008-08-05,2466,4132971160.0
2008-08-06,2466,4162876885.0
2008-08-07,2466,4138952305.0
2008-08-08,2466,4115027726.0
2008-08-11,2466,4109046581.0
2008-08-12,2466,4109046581.0
2008-08-13,2466,4109046581.0
2008-08-14,2466,4103065436.0
2008-08-15,2466,4091103146.0
2008-08-18,2466,4073159711.0
2008-08-19,2466,4049235131.0
2008-08-20,2466,4007367117.0
2008-08-21,2466,3983442537.0
2008-08-22,2466,4019329406.0
2008-08-25,2466,4476123811.0
2008-08-26,2466,4462841544.0
2008-08-27,2466,4582381943.0
2008-08-28,2466,4642152142.0
2008-08-29,2466,4662075542.0
2008-09-01,2466,4688640075.0
2008-09-02,2466,4648793275.0
2008-09-03,2466,4648793275.0
2008-09-04,2466,4635511009.0
2008-09-05,2466,4622228742.0
2008-09-08,2466,4642152142.0
2008-09-09,2466,4622228742.0
2008-09-10,2466,4602305342.0
2008-09-11,2466,4569099676.0
2008-09-12,2466,4569099676.0
2008-09-15,2466,4542535143.0
2008-09-16,2466,4502688344.0
2008-09-17,2466,4542535143.0
2008-09-18,2466,4589023076.0
2008-09-19,2466,4668716675.0
2008-09-22,2466,4688640075.0
2008-09-23,2466,4695281208.0
2008-09-24,2466,4715204608.0
2008-09-25,2466,4715204608.0
2008-09-26,2466,4701922341.0
2008-09-30,2466,4648793275.0
2008-10-01,2466,4675357808.0
2008-10-02,2466,4675357808.0
2008-10-03,2466,4662075542.0
2008-10-06,2466,4569099676.0
2008-10-07,2466,4582381943.0
2008-10-08,2466,4515970610.0
2008-10-09,2466,4489406077.0
2008-10-13,2466,4442918144.0
2008-10-14,2466,4496047210.0
2008-10-15,2466,4476123811.0
2008-10-16,2466,4422994745.0
2008-10-17,2466,4416353611.0
2008-10-20,2466,4369865679.0
2008-10-21,2466,4356583412.0
2008-10-22,2466,4330018879.0
2008-10-23,2466,4197196214.0
2008-10-24,2466,4051091283.0
2008-10-27,2466,3931550884.0
2008-10-28,2466,3878421818.0
2008-10-29,2466,3984679950.0
2008-10-30,2466,4150708281.0
2008-10-31,2466,4250325280.0
2008-11-03,2466,4263607547.0
2008-11-04,2466,4263607547.0
2008-11-05,2466,4237043014.0
2008-11-06,2466,4117502615.0
2008-11-07,2466,4077655816.0
2008-11-10,2466,4024526750.0
2008-11-11,2466,4051091283.0
2008-11-12,2466,4051091283.0
2008-11-13,2466,3997962217.0
2008-11-14,2466,3997962217.0
2008-11-18,2466,3891704085.0
2008-11-19,2466,3878421818.0
2008-11-20,2466,3825292752.0
2008-11-21,2466,3825292752.0
2008-11-24,2466,3798728219.0
2008-11-25,2466,3838575019.0
2008-11-26,2466,3825292752.0
2008-11-27,2466,3812010486.0
2008-11-28,2466,3851857285.0
2008-12-01,2466,3825292752.0
2008-12-02,2466,3798728219.0
2008-12-03,2466,3785445953.0
2008-12-04,2466,3785445953.0
2008-12-05,2466,3758881420.0
2008-12-08,2466,3719034620.0
2008-12-09,2466,3712393487.0
2008-12-10,2466,3971397684.0
2008-12-11,2466,3951474284.0
2008-12-12,2466,3885062951.0
2008-12-15,2466,3878421818.0
2008-12-16,2466,3851857285.0
2008-12-17,2466,3851857285.0
2008-12-18,2466,3838575019.0
2008-12-19,2466,3785445953.0
2008-12-22,2466,3785445953.0
2008-12-23,2466,3738958020.0
2008-12-24,2466,3732316887.0
2008-12-25,2466,3719034620.0
2008-12-26,2466,3772163686.0
2008-12-29,2466,3719034620.0
2008-12-30,2466,3772163686.0
2008-12-31,2466,3719034620.0
2009-01-05,2466,3719034620.0
2009-01-06,2466,3705752354.0
2009-01-07,2466,3705752354.0
2009-01-08,2466,3679187821.0
2009-01-09,2466,3626058755.0
2009-01-12,2466,3606135355.0
2009-01-13,2466,3592853088.0
2009-01-14,2466,3579570822.0
2009-01-15,2466,3526441756.0
2009-01-16,2466,3586211955.0
2009-01-19,2466,3572929689.0
2009-01-20,2466,3566288555.0
2009-01-21,2466,3533082889.0
2009-02-02,2466,3519800623.0
2009-02-03,2466,3546365156.0
2009-02-04,2466,3539724022.0
2009-02-05,2466,3533082889.0
2009-02-06,2466,3539724022.0
2009-02-09,2466,3559647422.0
2009-02-10,2466,3546365156.0
2009-02-11,2466,3533082889.0
2009-02-12,2466,3513159489.0
2009-02-13,2466,3672546687.0
2009-02-16,2466,3732316887.0
2009-02-17,2466,3931550884.0
2009-02-18,2466,3958115417.0
2009-02-19,2466,3991321083.0
2009-02-20,2466,3938192017.0
2009-02-23,2466,3898345218.0
2009-02-24,2466,3878421818.0
2009-02-25,2466,3944833151.0
2009-02-26,2466,3931550884.0
2009-02-27,2466,3891704085.0
2009-03-02,2466,3858498418.0
2009-03-03,2466,3845216152.0
2009-03-04,2466,3838575019.0
2009-03-05,2466,3885062951.0
2009-03-06,2466,3865139552.0
2009-03-09,2466,3845216152.0
2009-03-10,2466,3878421818.0
2009-03-11,2466,3944833151.0
2009-03-12,2466,3951474284.0
2009-03-13,2466,3971397684.0
2009-03-16,2466,4051091283.0
2009-03-17,2466,4037809016.0
2009-03-18,2466,4064373549.0
2009-03-19,2466,4071014682.0
2009-03-20,2466,4064373549.0
2009-03-23,2466,3991321083.0
2009-03-24,2466,4024526750.0
2009-03-25,2466,3984679950.0
2009-03-26,2466,4011244483.0
2009-03-27,2466,4017885616.0
2009-03-30,2466,3971397684.0
2009-03-31,2466,3984679950.0
2009-04-01,2466,4037809016.0
2009-04-02,2466,4077655816.0
2009-04-03,2466,4051091283.0
2009-04-06,2466,4064373549.0
2009-04-07,2466,4031167883.0
2009-04-08,2466,4011244483.0
2009-04-09,2466,4017885616.0
2009-04-10,2466,4011244483.0
2009-04-13,2466,4064373549.0
2009-04-14,2466,4077655816.0
2009-04-15,2466,4064373549.0
2009-04-16,2466,4011244483.0
2009-04-17,2466,4011244483.0
2009-04-20,2466,4024526750.0
2009-04-21,2466,4017885616.0
2009-04-22,2466,4051091283.0
2009-04-23,2466,4024526750.0
2009-04-24,2466,4024526750.0
2009-04-27,2466,4011244483.0
2009-04-28,2466,4004603350.0
2009-04-29,2466,4011244483.0
2009-04-30,2466,4090938082.0
2009-05-04,2466,4104220349.0
2009-05-05,2466,4110861482.0
2009-05-06,2466,4064373549.0
2009-05-07,2466,4044450149.0
2009-05-08,2466,4051091283.0
2009-05-11,2466,4044450149.0
2009-05-12,2466,3997962217.0
2009-05-13,2466,4090938082.0
2009-05-14,2466,4051091283.0
2009-05-15,2466,3971397684.0
2009-05-18,2466,3958115417.0
2009-05-19,2466,3997962217.0
2009-05-20,2466,3984679950.0
2009-05-21,2466,3984679950.0
2009-05-22,2466,3991321083.0
2009-05-25,2466,3978038817.0
2009-05-26,2466,3978038817.0
2009-05-27,2466,4051091283.0
2009-06-01,2466,4170631681.0
2009-06-02,2466,4097579215.0
2009-06-03,2466,4051091283.0
2009-06-04,2466,3871780685.0
2009-06-05,2466,3885062951.0
2009-06-08,2466,4064373549.0
2009-06-09,2466,4057732416.0
2009-06-10,2466,4051091283.0
2009-06-11,2466,4064373549.0
2009-06-15,2466,3964756550.0
2009-06-16,2466,3964756550.0
2009-06-17,2466,3984679950.0
2009-06-18,2466,4011244483.0
2009-06-19,2466,3984679950.0
2009-06-22,2466,3984679950.0
2009-06-23,2466,3971397684.0
2009-06-24,2466,3958115417.0
2009-06-25,2466,3964756550.0
2009-06-26,2466,3951474284.0
2009-06-29,2466,3944833151.0
2009-06-30,2466,3971397684.0
2009-07-01,2466,3991321083.0
2009-07-02,2466,3978038817.0
2009-07-03,2466,3918268618.0
2009-07-06,2466,3958115417.0
2009-07-07,2466,3991321083.0
2009-07-08,2466,3984679950.0
2009-07-09,2466,3971397684.0
2009-07-10,2466,3931550884.0
2009-07-13,2466,3918268618.0
2009-07-14,2466,3885062951.0
2009-07-15,2466,3951474284.0
2009-07-16,2466,3971397684.0
2009-07-17,2466,3984679950.0
2009-07-20,2466,4064373549.0
2009-07-21,2466,4064373549.0
2009-07-22,2466,4044450149.0
2009-07-23,2466,4031167883.0
2009-07-24,2466,4024526750.0
2009-07-27,2466,4024526750.0
2009-07-28,2466,4004603350.0
2009-07-29,2466,3978038817.0
2009-07-30,2466,3964756550.0
2009-07-31,2466,3958115417.0
2009-08-03,2466,3958115417.0
2009-08-04,2466,3845216152.0
2009-08-05,2466,3831933885.0
2009-08-06,2466,3831933885.0
2009-08-10,2466,3745599153.0
2009-08-11,2466,3752240286.0
2009-08-12,2466,3745599153.0
2009-08-13,2466,3738958020.0
2009-08-14,2466,3745599153.0
2009-08-17,2466,3712393487.0
2009-08-18,2466,3699111220.0
2009-08-19,2466,3652623288.0
2009-08-20,2466,3659264421.0
2009-08-21,2466,3672546687.0
2009-08-24,2466,3878421818.0
2009-08-25,2466,3878421818.0
2009-08-26,2466,3878421818.0
2009-08-27,2466,3878421818.0
2009-08-28,2466,3865139552.0
2009-08-31,2466,3765522553.0
2009-09-01,2466,3865139552.0
2009-09-02,2466,3805369352.0
2009-09-03,2466,3758881420.0
2009-09-04,2466,3792087086.0
2009-09-07,2466,3798728219.0
2009-09-08,2466,3798728219.0
2009-09-09,2466,3725675753.0
2009-09-10,2466,3772163686.0
2009-09-11,2466,3792087086.0
2009-09-14,2466,3785445953.0
2009-09-15,2466,3792087086.0
2009-09-16,2466,3812010486.0
2009-09-17,2466,3778804819.0
2009-09-18,2466,3805369352.0
2009-09-21,2466,3785445953.0
2009-09-22,2466,3772163686.0
2009-09-23,2466,3758881420.0
2009-09-24,2466,3758881420.0
2009-09-25,2466,3785445953.0
2009-09-28,2466,3765522553.0
2009-09-29,2466,3765522553.0
2009-09-30,2466,3778804819.0
2009-10-01,2466,3785445953.0
2009-10-02,2466,3785445953.0
2009-10-05,2466,3765522553.0
2009-10-06,2466,3772163686.0
2009-10-07,2466,3772163686.0
2009-10-08,2466,3772163686.0
2009-10-09,2466,3812010486.0
2009-10-12,2466,3805369352.0
2009-10-13,2466,3778804819.0
2009-10-14,2466,3825292752.0
2009-10-15,2466,3951474284.0
2009-10-16,2466,4223760747.0
2009-10-19,2466,4515970610.0
2009-10-20,2466,4828103873.0
2009-10-21,2466,4781615940.0
2009-10-22,2466,4715204608.0
2009-10-23,2466,4681998941.0
2009-10-26,2466,4655434408.0
2009-10-27,2466,4535894010.0
2009-10-28,2466,4330018879.0
2009-10-29,2466,4197196214.0
2009-10-30,2466,4144067148.0
2009-11-02,2466,4071014682.0
2009-11-03,2466,4084296949.0
2009-11-04,2466,4110861482.0
2009-11-05,2466,4064373549.0
2009-11-06,2466,4044450149.0
2009-11-09,2466,4037809016.0
2009-11-10,2466,4011244483.0
2009-11-11,2466,4097579215.0
2009-11-12,2466,4170631681.0
2009-11-13,2466,4130784882.0
2009-11-16,2466,4137426015.0
2009-11-17,2466,4044450149.0
2009-11-18,2466,4077655816.0
2009-11-19,2466,4077655816.0
2009-11-20,2466,4037809016.0
2009-11-23,2466,4037809016.0
2009-11-24,2466,3997962217.0
2009-11-25,2466,4011244483.0
2009-11-26,2466,3964756550.0
2009-11-27,2466,3971397684.0
2009-11-30,2466,3997962217.0
2009-12-01,2466,4024526750.0
2009-12-02,2466,3991321083.0
2009-12-03,2466,3958115417.0
2009-12-04,2466,3951474284.0
2009-12-07,2466,3951474284.0
2009-12-08,2466,3918268618.0
2009-12-09,2466,3918268618.0
2009-12-10,2466,3931550884.0
2009-12-11,2466,4024526750.0
2009-12-14,2466,4051091283.0
2009-12-15,2466,4330018879.0
2009-12-16,2466,4628869875.0
2009-12-17,2466,4323377746.0
2009-12-18,2466,4276889813.0
2009-12-21,2466,4144067148.0
2009-12-22,2466,4197196214.0
2009-12-23,2466,4250325280.0
2009-12-24,2466,4197196214.0
2009-12-25,2466,4177272814.0
2009-12-28,2466,4197196214.0
2009-12-29,2466,4197196214.0
2009-12-30,2466,4316736613.0
2009-12-31,2466,4336660012.0
2010-01-04,2466,4356583412.0
2010-01-05,2466,4330018879.0
2010-01-06,2466,4356583412.0
2010-01-07,2466,4383147945.0
2010-01-08,2466,4502688344.0
2010-01-11,2466,4595664209.0
2010-01-12,2466,4914438605.0
2010-01-13,2466,5180083935.0
2010-01-14,2466,5033979004.0
2010-01-15,2466,5007414471.0
2010-01-18,2466,4914438605.0
2010-01-19,2466,4781615940.0
2010-01-20,2466,4781615940.0
2010-01-21,2466,4768333674.0
2010-01-22,2466,4648793275.0
2010-01-25,2466,4456200411.0
2010-01-26,2466,4170631681.0
2010-01-27,2466,4250325280.0
2010-01-28,2466,4316736613.0
2010-01-29,2466,4243684147.0
2010-02-01,2466,4223760747.0
2010-02-02,2466,4223760747.0
2010-02-03,2466,4283530946.0
2010-02-04,2466,4276889813.0
2010-02-05,2466,4183913948.0
2010-02-08,2466,4104220349.0
2010-02-09,2466,4163990548.0
2010-02-10,2466,4369865679.0
2010-02-22,2466,4389789078.0
2010-02-23,2466,4343301146.0
2010-02-24,2466,4349942279.0
2010-02-25,2466,4183913948.0
2010-02-26,2466,4210478481.0
2010-03-01,2466,4130784882.0
2010-03-02,2466,4104220349.0
2010-03-03,2466,4144067148.0
2010-03-04,2466,4170631681.0
2010-03-05,2466,4163990548.0
2010-03-08,2466,4190555081.0
2010-03-09,2466,4163990548.0
2010-03-10,2466,4210478481.0
2010-03-11,2466,4330018879.0
2010-03-12,2466,4290172079.0
2010-03-15,2466,4223760747.0
2010-03-16,2466,4263607547.0
2010-03-17,2466,4356583412.0
2010-03-18,2466,4369865679.0
2010-03-19,2466,4343301146.0
2010-03-22,2466,4263607547.0
2010-03-23,2466,4197196214.0
2010-03-24,2466,4197196214.0
2010-03-25,2466,4250325280.0
2010-03-26,2466,4356583412.0
2010-03-29,2466,4363224545.0
2010-03-30,2466,4383147945.0
2010-03-31,2466,4296813213.0
2010-04-01,2466,4323377746.0
2010-04-02,2466,4330018879.0
2010-04-06,2466,4330018879.0
2010-04-07,2466,4343301146.0
2010-04-08,2466,4316736613.0
2010-04-09,2466,4296813213.0
2010-04-12,2466,4250325280.0
2010-04-13,2466,4163990548.0
2010-04-14,2466,4250325280.0
2010-04-15,2466,4376506812.0
2010-04-16,2466,4330018879.0
2010-04-19,2466,4170631681.0
2010-04-20,2466,4197196214.0
2010-04-21,2466,4170631681.0
2010-04-22,2466,4183913948.0
2010-04-23,2466,4157349415.0
2010-04-26,2466,4250325280.0
2010-04-27,2466,4223760747.0
2010-04-28,2466,4190555081.0
2010-04-29,2466,4157349415.0
2010-04-30,2466,4117502615.0
2010-05-03,2466,4077655816.0
2010-05-04,2466,4117502615.0
2010-05-05,2466,3931550884.0
2010-05-06,2466,3924909751.0
2010-05-07,2466,3891704085.0
2010-05-10,2466,3891704085.0
2010-05-11,2466,3911627484.0
2010-05-12,2466,3918268618.0
2010-05-13,2466,3971397684.0
2010-05-14,2466,3958115417.0
2010-05-17,2466,3931550884.0
2010-05-18,2466,3944833151.0
2010-05-19,2466,4051091283.0
2010-05-20,2466,4011244483.0
2010-05-21,2466,3918268618.0
2010-05-24,2466,3911627484.0
2010-05-25,2466,3838575019.0
2010-05-26,2466,3851857285.0
2010-05-27,2466,3858498418.0
2010-05-28,2466,3904986351.0
2010-05-31,2466,3964756550.0
2010-06-01,2466,3964756550.0
2010-06-02,2466,3878421818.0
2010-06-03,2466,3971397684.0
2010-06-04,2466,3971397684.0
2010-06-07,2466,3904986351.0
2010-06-08,2466,3964756550.0
2010-06-09,2466,3931550884.0
2010-06-10,2466,3944833151.0
2010-06-11,2466,3958115417.0
2010-06-14,2466,3997962217.0
2010-06-15,2466,4051091283.0
2010-06-17,2466,4110861482.0
2010-06-18,2466,4084296949.0
2010-06-21,2466,4117502615.0
2010-06-22,2466,4104220349.0
2010-06-23,2466,4097579215.0
2010-06-24,2466,4090938082.0
2010-06-25,2466,4057732416.0
2010-06-28,2466,4051091283.0
2010-06-29,2466,4064373549.0
2010-06-30,2466,3984679950.0
2010-07-01,2466,3984679950.0
2010-07-02,2466,3997962217.0
2010-07-05,2466,4024526750.0
2010-07-06,2466,4024526750.0
2010-07-07,2466,4117502615.0
2010-07-08,2466,4110861482.0
2010-07-09,2466,4071014682.0
2010-07-12,2466,4051091283.0
2010-07-13,2466,3971397684.0
2010-07-14,2466,4011244483.0
2010-07-15,2466,4017885616.0
2010-07-16,2466,4024526750.0
2010-07-19,2466,4017885616.0
2010-07-20,2466,4024526750.0
2010-07-21,2466,4024526750.0
2010-07-22,2466,4037809016.0
2010-07-23,2466,4064373549.0
2010-07-26,2466,4057732416.0
2010-07-27,2466,4064373549.0
2010-07-28,2466,4077655816.0
2010-07-29,2466,4117502615.0
2010-07-30,2466,4403071345.0
2010-08-02,2466,4436277011.0
2010-08-03,2466,4356583412.0
2010-08-04,2466,4615587609.0
2010-08-05,2466,4515970610.0
2010-08-06,2466,4489406077.0
2010-08-09,2466,4515970610.0
2010-08-10,2466,4422994745.0
2010-08-11,2466,4422994745.0
2010-08-12,2466,4422994745.0
2010-08-13,2466,4429635878.0
2010-08-16,2466,4608946476.0
2010-08-17,2466,4456200411.0
2010-08-18,2466,4482764944.0
2010-08-19,2466,4442918144.0
2010-08-20,2466,4436277011.0
2010-08-23,2466,4356583412.0
2010-08-24,2466,4276889813.0
2010-08-25,2466,4396430212.0
2010-08-26,2466,4356583412.0
2010-08-27,2466,4323377746.0
2010-08-30,2466,4303454346.0
2010-08-31,2466,4217119614.0
2010-09-01,2466,4203837347.0
2010-09-02,2466,4190555081.0
2010-09-03,2466,4217119614.0
2010-09-06,2466,4177272814.0
2010-09-07,2466,4183913948.0
2010-09-08,2466,4177272814.0
2010-09-09,2466,4170631681.0
2010-09-10,2466,4177272814.0
2010-09-13,2466,4197196214.0
2010-09-14,2466,4203837347.0
2010-09-15,2466,4476123811.0
2010-09-16,2466,4369865679.0
2010-09-17,2466,4409712478.0
2010-09-20,2466,4396430212.0
2010-09-21,2466,4356583412.0
2010-09-23,2466,4276889813.0
2010-09-24,2466,4263607547.0
2010-09-27,2466,4270248680.0
2010-09-28,2466,4263607547.0
2010-09-29,2466,4276889813.0
2010-09-30,2466,4391515775.0
2010-10-01,2466,4384675407.0
2010-10-04,2466,4364154306.0
2010-10-05,2466,4309431368.0
2010-10-06,2466,4302591000.0
2010-10-07,2466,4302591000.0
2010-10-08,2466,4336792837.0
2010-10-11,2466,4343633204.0
2010-10-12,2466,4323112102.0
2010-10-13,2466,4295750633.0
2010-10-14,2466,4282069899.0
2010-10-15,2466,4309431368.0
2010-10-18,2466,4247868062.0
2010-10-19,2466,4254708430.0
2010-10-20,2466,4254708430.0
2010-10-21,2466,4172624023.0
2010-10-22,2466,4138422186.0
2010-10-25,2466,4152102921.0
2010-10-26,2466,4138422186.0
2010-10-27,2466,4131581819.0
2010-10-28,2466,4131581819.0
2010-10-29,2466,4152102921.0
2010-11-01,2466,4172624023.0
2010-11-02,2466,4165783655.0
2010-11-03,2466,4145262554.0
2010-11-04,2466,4111060717.0
2010-11-05,2466,4124741452.0
2010-11-08,2466,4104220350.0
2010-11-09,2466,4097379983.0
2010-11-10,2466,4097379983.0
2010-11-11,2466,4111060717.0
2010-11-12,2466,4083699248.0
2010-11-15,2466,4049497412.0
2010-11-16,2466,4049497412.0
2010-11-17,2466,4063178147.0
2010-11-18,2466,4049497412.0
2010-11-19,2466,4035816678.0
2010-11-22,2466,4035816678.0
2010-11-23,2466,4008455209.0
2010-11-24,2466,3994774474.0
2010-11-25,2466,4028976310.0
2010-11-26,2466,4001614841.0
2010-11-29,2466,4001614841.0
2010-11-30,2466,4001614841.0
2010-12-01,2466,4035816678.0
2010-12-02,2466,4035816678.0
2010-12-03,2466,4001614841.0
2010-12-06,2466,3981093740.0
2010-12-07,2466,3981093740.0
2010-12-08,2466,3987934107.0
2010-12-09,2466,4035816678.0
2010-12-10,2466,4035816678.0
2010-12-13,2466,4022135943.0
2010-12-14,2466,4015295576.0
2010-12-15,2466,3994774474.0
2010-12-16,2466,4063178147.0
2010-12-17,2466,4063178147.0
2010-12-20,2466,3981093740.0
2010-12-21,2466,4001614841.0
2010-12-22,2466,3994774474.0
2010-12-23,2466,3994774474.0
2010-12-24,2466,4015295576.0
2010-12-27,2466,4015295576.0
2010-12-28,2466,4015295576.0
2010-12-29,2466,3987934107.0
2010-12-30,2466,3987934107.0
2010-12-31,2466,4015295576.0
2011-01-03,2466,4028976310.0
2011-01-04,2466,4008455209.0
2011-01-05,2466,4008455209.0
2011-01-06,2466,4001614841.0
2011-01-07,2466,3981093740.0
2011-01-10,2466,4001614841.0
2011-01-11,2466,4001614841.0
2011-01-12,2466,4008455209.0
2011-01-13,2466,4001614841.0
2011-01-14,2466,4001614841.0
2011-01-17,2466,4008455209.0
2011-01-18,2466,4008455209.0
2011-01-19,2466,4015295576.0
2011-01-20,2466,4008455209.0
2011-01-21,2466,4015295576.0
2011-01-24,2466,4028976310.0
2011-01-25,2466,4015295576.0
2011-01-26,2466,4028976310.0
2011-01-27,2466,4035816678.0
2011-01-28,2466,4042657045.0
2011-02-08,2466,4056337779.0
2011-02-09,2466,4063178147.0
2011-02-10,2466,4022135943.0
2011-02-11,2466,4008455209.0
2011-02-14,2466,4001614841.0
2011-02-15,2466,4001614841.0
2011-02-16,2466,4001614841.0
2011-02-17,2466,4001614841.0
2011-02-18,2466,4008455209.0
2011-02-21,2466,4001614841.0
2011-02-22,2466,3994774474.0
2011-02-23,2466,4001614841.0
2011-02-24,2466,3987934107.0
2011-02-25,2466,4015295576.0
2011-03-01,2466,4015295576.0
2011-03-02,2466,4008455209.0
2011-03-03,2466,4008455209.0
2011-03-04,2466,3981093740.0
2011-03-07,2466,3994774474.0
2011-03-08,2466,4015295576.0
2011-03-09,2466,4008455209.0
2011-03-10,2466,3994774474.0
2011-03-11,2466,4001614841.0
2011-03-14,2466,3994774474.0
2011-03-15,2466,3912690067.0
2011-03-16,2466,3981093740.0
2011-03-17,2466,3981093740.0
2011-03-18,2466,4001614841.0
2011-03-21,2466,4001614841.0
2011-03-22,2466,3994774474.0
2011-03-23,2466,3981093740.0
2011-03-24,2466,3987934107.0
2011-03-25,2466,4001614841.0
2011-03-28,2466,3994774474.0
2011-03-29,2466,3994774474.0
2011-03-30,2466,3994774474.0
2011-03-31,2466,3994774474.0
2011-04-01,2466,4008455209.0
2011-04-06,2466,4001614841.0
2011-04-07,2466,3994774474.0
2011-04-08,2466,3994774474.0
2011-04-11,2466,3987934107.0
2011-04-12,2466,3987934107.0
2011-04-13,2466,3987934107.0
2011-04-14,2466,3994774474.0
2011-04-15,2466,3994774474.0
2011-04-18,2466,3987934107.0
2011-04-19,2466,3987934107.0
2011-04-20,2466,3987934107.0
2011-04-21,2466,3981093740.0
2011-04-22,2466,3994774474.0
2011-04-25,2466,3987934107.0
2011-04-26,2466,3981093740.0
2011-04-27,2466,3974253372.0
2011-04-28,2466,3967413005.0
2011-04-29,2466,3960572638.0
2011-05-03,2466,3960572638.0
2011-05-04,2466,3953732271.0
2011-05-05,2466,3946891903.0
2011-05-06,2466,3940051536.0
2011-05-09,2466,3940051536.0
2011-05-10,2466,3940051536.0
2011-05-11,2466,3933211169.0
2011-05-12,2466,3919530434.0
2011-05-13,2466,3919530434.0
2011-05-16,2466,3919530434.0
2011-05-17,2466,3912690067.0
2011-05-18,2466,3905849700.0
2011-05-19,2466,3919530434.0
2011-05-20,2466,3919530434.0
2011-05-23,2466,3912690067.0
2011-05-24,2466,3905849700.0
2011-05-25,2466,3905849700.0
2011-05-26,2466,3905849700.0
2011-05-27,2466,3905849700.0
2011-05-30,2466,3905849700.0
2011-05-31,2466,3953732271.0
2011-06-01,2466,3933211169.0
2011-06-02,2466,3967413005.0
2011-06-03,2466,3960572638.0
2011-06-07,2466,3960572638.0
2011-06-08,2466,3994774474.0
2011-06-09,2466,3974253372.0
2011-06-10,2466,3967413005.0
2011-06-13,2466,3967413005.0
2011-06-14,2466,3967413005.0
2011-06-15,2466,3967413005.0
2011-06-16,2466,3960572638.0
2011-06-17,2466,3946891903.0
2011-06-20,2466,3953732271.0
2011-06-21,2466,3960572638.0
2011-06-22,2466,3960572638.0
2011-06-23,2466,3960572638.0
2011-06-24,2466,3960572638.0
2011-06-27,2466,3960572638.0
2011-06-28,2466,3960572638.0
2011-06-29,2466,3960572638.0
2011-06-30,2466,3953732271.0
2011-07-01,2466,3953732271.0
2011-07-04,2466,3940051536.0
2011-07-05,2466,3940051536.0
2011-07-06,2466,3912690067.0
2011-07-07,2466,3946891903.0
2011-07-08,2466,3919530434.0
2011-07-11,2466,3919530434.0
2011-07-12,2466,3926370802.0
2011-07-13,2466,3940051536.0
2011-07-14,2466,3926370802.0
2011-07-15,2466,3953732271.0
2011-07-18,2466,3946891903.0
2011-07-19,2466,3946891903.0
2011-07-20,2466,3953732271.0
2011-07-21,2466,3953732271.0
2011-07-22,2466,3953732271.0
2011-07-25,2466,3953732271.0
2011-07-26,2466,3940051536.0
2011-07-27,2466,3940051536.0
2011-07-28,2466,3946891903.0
2011-07-29,2466,3953732271.0
2011-08-01,2466,3967413005.0
2011-08-02,2466,3953732271.0
2011-08-03,2466,3940051536.0
2011-08-04,2466,3946891903.0
2011-08-05,2466,3926370802.0
2011-08-08,2466,3926370802.0
2011-08-09,2466,3912690067.0
2011-08-10,2466,3851126762.0
2011-08-11,2466,3830605660.0
2011-08-12,2466,3816924926.0
2011-08-15,2466,3830605660.0
2011-08-16,2466,3871647864.0
2011-08-17,2466,3851126762.0
2011-08-18,2466,3830605660.0
2011-08-19,2466,3714319417.0
2011-08-22,2466,3714319417.0
2011-08-23,2466,3714319417.0
2011-08-24,2466,3714319417.0
2011-08-25,2466,3728000151.0
2011-08-26,2466,3673277213.0
2011-08-29,2466,3666436846.0
2011-08-30,2466,3666436846.0
2011-08-31,2466,3652756112.0
2011-09-01,2466,3639075377.0
2011-09-02,2466,3598033174.0
2011-09-05,2466,3543310236.0
2011-09-06,2466,3515948767.0
2011-09-07,2466,3556990970.0
2011-09-08,2466,3563831337.0
2011-09-09,2466,3591192806.0
2011-09-13,2466,3577512072.0
2011-09-14,2466,3563831337.0
2011-09-15,2466,3734840519.0
2011-09-16,2466,3789563457.0
2011-09-19,2466,3837446027.0
2011-09-20,2466,3837446027.0
2011-09-21,2466,3837446027.0
2011-09-22,2466,3810084558.0
2011-09-23,2466,3803244191.0
2011-09-26,2466,3782723089.0
2011-09-27,2466,3789563457.0
2011-09-28,2466,3810084558.0
2011-09-29,2466,3748521253.0
2011-09-30,2466,3673277213.0
2011-10-03,2466,3639075377.0
2011-10-04,2466,3625394643.0
2011-10-05,2466,3707479050.0
2011-10-06,2466,3748521253.0
2011-10-07,2466,3748521253.0
2011-10-11,2466,3734840519.0
2011-10-12,2466,3693798315.0
2011-10-13,2466,3700638682.0
2011-10-14,2466,3693798315.0
2011-10-17,2466,3680117581.0
2011-10-18,2466,3666436846.0
2011-10-19,2466,3639075377.0
2011-10-20,2466,3632235010.0
2011-10-21,2466,3598033174.0
2011-10-24,2466,3639075377.0
2011-10-25,2466,3611713908.0
2011-10-26,2466,3570671705.0
2011-10-27,2466,3598033174.0
2011-10-28,2466,3680117581.0
2011-10-31,2466,3721159784.0
2011-11-01,2466,3830605660.0
2011-11-02,2466,3816924926.0
2011-11-03,2466,3789563457.0
2011-11-04,2466,3810084558.0
2011-11-07,2466,3789563457.0
2011-11-08,2466,3796403824.0
2011-11-09,2466,3775882722.0
2011-11-10,2466,3755361620.0
2011-11-11,2466,3755361620.0
2011-11-14,2466,3769042355.0
2011-11-15,2466,3762201988.0
2011-11-16,2466,3748521253.0
2011-11-17,2466,3741680886.0
2011-11-18,2466,3775882722.0
2011-11-21,2466,3741680886.0
2011-11-22,2466,3734840519.0
2011-11-23,2466,3700638682.0
2011-11-24,2466,3680117581.0
2011-11-25,2466,3652756112.0
2011-11-28,2466,3652756112.0
2011-11-29,2466,3680117581.0
2011-11-30,2466,3673277213.0
2011-12-01,2466,3680117581.0
2011-12-02,2466,3686957948.0
2011-12-05,2466,3666436846.0
2011-12-06,2466,3673277213.0
2011-12-07,2466,3673277213.0
2011-12-08,2466,3659596479.0
2011-12-09,2466,3659596479.0
2011-12-12,2466,3645915744.0
2011-12-13,2466,3639075377.0
2011-12-14,2466,3625394643.0
2011-12-15,2466,3556990970.0
2011-12-16,2466,3529629501.0
2011-12-19,2466,3502268032.0
2011-12-20,2466,3509108399.0
2011-12-21,2466,3556990970.0
2011-12-22,2466,3543310236.0
2011-12-23,2466,3543310236.0
2011-12-26,2466,3515948767.0
2011-12-27,2466,3509108399.0
2011-12-28,2466,3686957948.0
2011-12-29,2466,3666436846.0
2011-12-30,2466,3625394643.0
2012-01-02,2466,3598033174.0
2012-01-03,2466,3611713908.0
2012-01-04,2466,3618554275.0
2012-01-05,2466,3563831337.0
2012-01-06,2466,3550150603.0
2012-01-09,2466,3556990970.0
2012-01-10,2466,3543310236.0
2012-01-11,2466,3543310236.0
2012-01-12,2466,3543310236.0
2012-01-13,2466,3529629501.0
2012-01-16,2466,3502268032.0
2012-01-17,2466,3502268032.0
2012-01-18,2466,3488587298.0
2012-01-30,2466,3556990970.0
2012-01-31,2466,3529629501.0
2012-02-01,2466,3515948767.0
2012-02-02,2466,3502268032.0
2012-02-03,2466,3481746930.0
2012-02-06,2466,3502268032.0
2012-02-07,2466,3502268032.0
2012-02-08,2466,3509108399.0
2012-02-09,2466,3495427665.0
2012-02-10,2466,3488587298.0
2012-02-13,2466,3474906563.0
2012-02-14,2466,3474906563.0
2012-02-15,2466,3488587298.0
2012-02-16,2466,3474906563.0
2012-02-17,2466,3481746930.0
2012-02-20,2466,3474906563.0
2012-02-21,2466,3468066196.0
2012-02-22,2466,3481746930.0
2012-02-23,2466,3481746930.0
2012-02-24,2466,3481746930.0
2012-02-29,2466,3481746930.0
2012-03-01,2466,3481746930.0
2012-03-02,2466,3468066196.0
2012-03-05,2466,3468066196.0
2012-03-06,2466,3454385461.0
2012-03-07,2466,3454385461.0
2012-03-08,2466,3461225829.0
2012-03-09,2466,3461225829.0
2012-03-12,2466,3447545094.0
2012-03-13,2466,3447545094.0
2012-03-14,2466,3447545094.0
2012-03-15,2466,3420183625.0
2012-03-16,2466,3440704727.0
2012-03-19,2466,3433864360.0
2012-03-20,2466,3433864360.0
2012-03-21,2466,3433864360.0
2012-03-22,2466,3440704727.0
2012-03-23,2466,3433864360.0
2012-03-26,2466,3427023992.0
2012-03-27,2466,3420183625.0
2012-03-28,2466,3420183625.0
2012-03-29,2466,3392822156.0
2012-03-30,2466,3420183625.0
2012-04-02,2466,3427023992.0
2012-04-03,2466,3420183625.0
2012-04-05,2466,3413343258.0
2012-04-06,2466,3406502891.0
2012-04-09,2466,3420183625.0
2012-04-10,2466,3413343258.0
2012-04-11,2466,3406502891.0
2012-04-12,2466,3413343258.0
2012-04-13,2466,3413343258.0
2012-04-16,2466,3406502891.0
2012-04-17,2466,3406502891.0
2012-04-18,2466,3399662523.0
2012-04-19,2466,3406502891.0
2012-04-20,2466,3385981789.0
2012-04-23,2466,3379141422.0
2012-04-24,2466,3365460687.0
2012-04-25,2466,3379141422.0
2012-04-26,2466,3379141422.0
2012-04-27,2466,3385981789.0
2012-04-30,2466,3372301054.0
2012-05-02,2466,3372301054.0
2012-05-03,2466,3372301054.0
2012-05-04,2466,3344939585.0
2012-05-07,2466,3317578116.0
2012-05-08,2466,3365460687.0
2012-05-09,2466,3365460687.0
2012-05-10,2466,3365460687.0
2012-05-11,2466,3344939585.0
2012-05-14,2466,3358620320.0
2012-05-15,2466,3399662523.0
2012-05-16,2466,3385981789.0
2012-05-17,2466,3385981789.0
2012-05-18,2466,3351779953.0
2012-05-21,2466,3365460687.0
2012-05-22,2466,3372301054.0
2012-05-23,2466,3358620320.0
2012-05-24,2466,3365460687.0
2012-05-25,2466,3303897382.0
2012-05-28,2466,3331258851.0
2012-05-29,2466,3365460687.0
2012-05-30,2466,3344939585.0
2012-05-31,2466,3338099218.0
2012-06-01,2466,3331258851.0
2012-06-04,2466,3324418484.0
2012-06-05,2466,3297057015.0
2012-06-06,2466,3317578116.0
2012-06-07,2466,3324418484.0
2012-06-08,2466,3317578116.0
2012-06-11,2466,3310737749.0
2012-06-12,2466,3303897382.0
2012-06-13,2466,3297057015.0
2012-06-14,2466,3297057015.0
2012-06-15,2466,3297057015.0
2012-06-18,2466,3297057015.0
2012-06-19,2466,3297057015.0
2012-06-20,2466,3297057015.0
2012-06-21,2466,3297057015.0
2012-06-22,2466,3290216647.0
2012-06-25,2466,3290216647.0
2012-06-26,2466,3290216647.0
2012-06-27,2466,3297057015.0
2012-06-28,2466,3297057015.0
2012-06-29,2466,3297057015.0
2012-07-02,2466,3290216647.0
2012-07-03,2466,3297057015.0
2012-07-04,2466,3297057015.0
2012-07-05,2466,3290216647.0
2012-07-06,2466,3297057015.0
2012-07-09,2466,3297057015.0
2012-07-10,2466,3290216647.0
2012-07-11,2466,3290216647.0
2012-07-12,2466,3290216647.0
2012-07-13,2466,3290216647.0
2012-07-16,2466,3283376280.0
2012-07-17,2466,3283376280.0
2012-07-18,2466,3283376280.0
2012-07-19,2466,3276535913.0
2012-07-20,2466,3283376280.0
2012-07-23,2466,3283376280.0
2012-07-24,2466,3283376280.0
2012-07-25,2466,3283376280.0
2012-07-26,2466,3283376280.0
2012-07-27,2466,3276535913.0
2012-07-30,2466,3283376280.0
2012-07-31,2466,3358620320.0
2012-08-01,2466,3324418484.0
2012-08-03,2466,3324418484.0
2012-08-06,2466,3324418484.0
2012-08-07,2466,3324418484.0
2012-08-08,2466,3324418484.0
2012-08-09,2466,3324418484.0
2012-08-10,2466,3392822156.0
2012-08-13,2466,3399662523.0
2012-08-14,2466,3454385461.0
2012-08-15,2466,3454385461.0
2012-08-16,2466,3468066196.0
2012-08-17,2466,3461225829.0
2012-08-20,2466,3447545094.0
2012-08-21,2466,3454385461.0
2012-08-22,2466,3461225829.0
2012-08-23,2466,3468066196.0
2012-08-24,2466,3468066196.0
2012-08-27,2466,3474906563.0
2012-08-28,2466,3468066196.0
2012-08-29,2466,3461225829.0
2012-08-30,2466,3461225829.0
2012-08-31,2466,3468066196.0
2012-09-03,2466,3474906563.0
2012-09-04,2466,3468066196.0
2012-09-05,2466,3461225829.0
2012-09-06,2466,3454385461.0
2012-09-07,2466,3454385461.0
2012-09-10,2466,3461225829.0
2012-09-11,2466,3461225829.0
2012-09-12,2466,3454385461.0
2012-09-13,2466,3440704727.0
2012-09-14,2466,3433864360.0
2012-09-17,2466,3427023992.0
2012-09-18,2466,3433864360.0
2012-09-19,2466,3433864360.0
2012-09-20,2466,3433864360.0
2012-09-21,2466,3433864360.0
2012-09-24,2466,3427023992.0
2012-09-25,2466,3433864360.0
2012-09-26,2466,3447545094.0
2012-09-27,2466,3447545094.0
2012-09-28,2466,3433864360.0
2012-10-01,2466,3413343258.0
2012-10-02,2466,3427023992.0
2012-10-03,2466,3427023992.0
2012-10-04,2466,3427023992.0
2012-10-05,2466,3433864360.0
2012-10-08,2466,3427023992.0
2012-10-09,2466,3427023992.0
2012-10-11,2466,3427023992.0
2012-10-12,2466,3427023992.0
2012-10-15,2466,3420183625.0
2012-10-16,2466,3420183625.0
2012-10-17,2466,3420183625.0
2012-10-18,2466,3413343258.0
2012-10-19,2466,3413343258.0
2012-10-22,2466,3406502891.0
2012-10-23,2466,3406502891.0
2012-10-24,2466,3399662523.0
2012-10-25,2466,3399662523.0
2012-10-26,2466,3392822156.0
2012-10-29,2466,3379141422.0
2012-10-30,2466,3399662523.0
2012-10-31,2466,3392822156.0
2012-11-01,2466,3385981789.0
2012-11-02,2466,3392822156.0
2012-11-05,2466,3392822156.0
2012-11-06,2466,3392822156.0
2012-11-07,2466,3392822156.0
2012-11-08,2466,3392822156.0
2012-11-09,2466,3399662523.0
2012-11-12,2466,3406502891.0
2012-11-13,2466,3392822156.0
2012-11-14,2466,3392822156.0
2012-11-15,2466,3392822156.0
2012-11-16,2466,3385981789.0
2012-11-19,2466,3392822156.0
2012-11-20,2466,3392822156.0
2012-11-21,2466,3379141422.0
2012-11-22,2466,3385981789.0
2012-11-23,2466,3385981789.0
2012-11-26,2466,3385981789.0
2012-11-27,2466,3379141422.0
2012-11-28,2466,3379141422.0
2012-11-29,2466,3379141422.0
2012-11-30,2466,3379141422.0
2012-12-03,2466,3379141422.0
2012-12-04,2466,3379141422.0
2012-12-05,2466,3379141422.0
2012-12-06,2466,3379141422.0
2012-12-07,2466,3379141422.0
2012-12-10,2466,3365460687.0
2012-12-11,2466,3372301054.0
2012-12-12,2466,3379141422.0
2012-12-13,2466,3379141422.0
2012-12-14,2466,3379141422.0
2012-12-17,2466,3372301054.0
2012-12-18,2466,3372301054.0
2012-12-19,2466,3365460687.0
2012-12-20,2466,3372301054.0
2012-12-21,2466,3372301054.0
2012-12-24,2466,3413343258.0
2012-12-25,2466,3440704727.0
2012-12-26,2466,3427023992.0
2012-12-27,2466,3420183625.0
2012-12-28,2466,3406502891.0
2013-01-02,2466,3406502891.0
2013-01-03,2466,3413343258.0
2013-01-04,2466,3420183625.0
2013-01-07,2466,3420183625.0
2013-01-08,2466,3447545094.0
2013-01-09,2466,3461225829.0
2013-01-10,2466,3474906563.0
2013-01-11,2466,3550150603.0
2013-01-14,2466,3577512072.0
2013-01-15,2466,3598033174.0
2013-01-16,2466,3598033174.0
2013-01-17,2466,3625394643.0
2013-01-18,2466,3659596479.0
2013-01-21,2466,3686957948.0
2013-01-22,2466,3707479050.0
2013-01-23,2466,3700638682.0
2013-01-24,2466,3714319417.0
2013-01-25,2466,3734840519.0
2013-01-28,2466,3741680886.0
2013-01-29,2466,3755361620.0
2013-01-30,2466,3769042355.0
2013-01-31,2466,3775882722.0
2013-02-01,2466,3789563457.0
2013-02-04,2466,3810084558.0
2013-02-05,2466,3810084558.0
2013-02-06,2466,3830605660.0
2013-02-18,2466,3844286395.0
2013-02-19,2466,3851126762.0
2013-02-20,2466,3864807496.0
2013-02-21,2466,3857967129.0
2013-02-22,2466,3871647864.0
2013-02-25,2466,3878488231.0
2013-02-26,2466,3878488231.0
2013-02-27,2466,3892168965.0
2013-03-01,2466,3912690067.0
2013-03-04,2466,3899009333.0
2013-03-05,2466,3912690067.0
2013-03-06,2466,3926370802.0
2013-03-07,2466,3933211169.0
2013-03-08,2466,3946891903.0
2013-03-11,2466,3960572638.0
2013-03-12,2466,3967413005.0
2013-03-13,2466,3981093740.0
2013-03-14,2466,3987934107.0
2013-03-15,2466,4001614841.0
2013-03-18,2466,3994774474.0
2013-03-19,2466,4001614841.0
2013-03-20,2466,4008455209.0
2013-03-21,2466,4015295576.0
2013-03-22,2466,4022135943.0
2013-03-25,2466,4028976310.0
2013-03-26,2466,4028976310.0
2013-03-27,2466,4042657045.0
2013-03-28,2466,4049497412.0
2013-03-29,2466,4063178147.0
2013-04-01,2466,4056337779.0
2013-04-02,2466,4076858881.0
2013-04-03,2466,4076858881.0
2013-04-08,2466,4076858881.0
2013-04-09,2466,4083699248.0
2013-04-10,2466,4090539616.0
2013-04-11,2466,4097379983.0
2013-04-12,2466,4097379983.0
2013-04-15,2466,4097379983.0
2013-04-16,2466,4104220350.0
2013-04-17,2466,4111060717.0
2013-04-18,2466,4117901085.0
2013-04-19,2466,4138422186.0
2013-04-22,2466,4152102921.0
2013-04-23,2466,4158943288.0
2013-04-24,2466,4172624023.0
2013-04-25,2466,4179464390.0
2013-04-26,2466,4193145124.0
2013-04-29,2466,4199985492.0
2013-04-30,2466,4206825859.0
2013-05-02,2466,4220506593.0
2013-05-03,2466,4220506593.0
2013-05-06,2466,4213666226.0
2013-05-07,2466,4220506593.0
2013-05-08,2466,4234187328.0
2013-05-09,2466,4247868062.0
2013-05-10,2466,4254708430.0
2013-05-13,2466,4261548797.0
2013-05-14,2466,4268389164.0
2013-05-15,2466,4282069899.0
2013-05-16,2466,4288910266.0
2013-05-17,2466,4295750633.0
2013-05-20,2466,4302591000.0
2013-05-21,2466,4309431368.0
2013-05-22,2466,4316271735.0
2013-05-23,2466,4316271735.0
2013-05-24,2466,4329952469.0
2013-05-27,2466,4336792837.0
2013-05-28,2466,4350473571.0
2013-05-29,2466,4364154306.0
2013-05-30,2466,4357313938.0
2013-05-31,2466,4364154306.0
2013-06-03,2466,4364154306.0
2013-06-04,2466,4357313938.0
2013-06-05,2466,4056337779.0
2013-06-06,2466,4015295576.0
2013-06-07,2466,4028976310.0
2013-06-10,2466,4049497412.0
2013-06-11,2466,4049497412.0
2013-06-13,2466,4042657045.0
2013-06-14,2466,4042657045.0
2013-06-17,2466,4056337779.0
2013-06-18,2466,4063178147.0
2013-06-19,2466,4076858881.0
2013-06-20,2466,4049497412.0
2013-06-21,2466,4042657045.0
2013-06-24,2466,4042657045.0
2013-06-25,2466,4028976310.0
2013-06-26,2466,4056337779.0
2013-06-27,2466,4097379983.0
2013-06-28,2466,4131581819.0
2013-07-01,2466,4138422186.0
2013-07-02,2466,4145262554.0
2013-07-03,2466,4145262554.0
2013-07-04,2466,4152102921.0
2013-07-05,2466,4172624023.0
2013-07-08,2466,4179464390.0
2013-07-09,2466,4206825859.0
2013-07-10,2466,4220506593.0
2013-07-11,2466,4247868062.0
2013-07-12,2466,4261548797.0
2013-07-15,2466,4282069899.0
2013-07-16,2466,4288910266.0
2013-07-17,2466,4295750633.0
2013-07-18,2466,4309431368.0
2013-07-19,2466,4282069899.0
2013-07-22,2466,4227346961.0
2013-07-23,2466,4234187328.0
2013-07-24,2466,4234187328.0
2013-07-25,2466,4234187328.0
2013-07-26,2466,4241027695.0
2013-07-29,2466,4241027695.0
2013-07-30,2466,4247868062.0
2013-07-31,2466,4241027695.0
2013-08-01,2466,4247868062.0
2013-08-02,2466,4254708430.0
2013-08-05,2466,4261548797.0
2013-08-06,2466,4241027695.0
2013-08-07,2466,4227346961.0
2013-08-08,2466,4220506593.0
2013-08-09,2466,4213666226.0
2013-08-12,2466,4227346961.0
2013-08-13,2466,4234187328.0
2013-08-14,2466,4234187328.0
2013-08-15,2466,4220506593.0
2013-08-16,2466,4234187328.0
2013-08-19,2466,4234187328.0
2013-08-20,2466,4227346961.0
2013-08-22,2466,4213666226.0
2013-08-23,2466,4227346961.0
2013-08-26,2466,4220506593.0
2013-08-27,2466,4213666226.0
2013-08-28,2466,4213666226.0
2013-08-29,2466,4220506593.0
2013-08-30,2466,4227346961.0
2013-09-02,2466,4227346961.0
2013-09-03,2466,4227346961.0
2013-09-04,2466,4227346961.0
2013-09-05,2466,4220506593.0
2013-09-06,2466,4220506593.0
2013-09-09,2466,4220506593.0
2013-09-10,2466,4220506593.0
2013-09-11,2466,4220506593.0
2013-09-12,2466,4227346961.0
2013-09-13,2466,4213666226.0
2013-09-16,2466,4227346961.0
2013-09-17,2466,4220506593.0
2013-09-18,2466,4220506593.0
2013-09-23,2466,4220506593.0
2013-09-24,2466,4220506593.0
2013-09-25,2466,4213666226.0
2013-09-26,2466,4213666226.0
2013-09-27,2466,4213666226.0
2013-09-30,2466,4206825859.0
2013-10-01,2466,4213666226.0
2013-10-02,2466,4220506593.0
2013-10-03,2466,4227346961.0
2013-10-04,2466,4220506593.0
2013-10-07,2466,4220506593.0
2013-10-08,2466,4220506593.0
2013-10-09,2466,4227346961.0
2013-10-11,2466,4234187328.0
2013-10-14,2466,4220506593.0
2013-10-15,2466,4247868062.0
2013-10-16,2466,4254708430.0
2013-10-17,2466,4268389164.0
2013-10-18,2466,4282069899.0
2013-10-21,2466,4295750633.0
2013-10-22,2466,4309431368.0
2013-10-23,2466,4329952469.0
2013-10-24,2466,4343633204.0
2013-10-25,2466,4357313938.0
2013-10-28,2466,4377835040.0
2013-10-29,2466,4384675407.0
2013-10-30,2466,4398356142.0
2013-10-31,2466,4405196509.0
2013-11-01,2466,4418877244.0
2013-11-04,2466,4432557978.0
2013-11-05,2466,4432557978.0
2013-11-07,2466,4446238713.0
2013-11-08,2466,4466759814.0
2013-11-11,2466,4480440549.0
2013-11-12,2466,4487280916.0
2013-11-13,2466,4500961651.0
2013-11-14,2466,4514642385.0
2013-11-15,2466,4535163487.0
2013-11-18,2466,4555684589.0
2013-11-19,2466,4569365323.0
2013-11-20,2466,4583046058.0
2013-11-21,2466,4589886425.0
2013-11-22,2466,4610407527.0
2013-11-25,2466,4630928628.0
2013-11-26,2466,4651449730.0
2013-11-27,2466,4692491934.0
2013-11-28,2466,4726693770.0
2013-11-29,2466,4754055239.0
2013-12-02,2466,4781416708.0
2013-12-03,2466,4808778177.0
2013-12-04,2466,4836139646.0
2013-12-05,2466,4863501115.0
2013-12-06,2466,4890862584.0
2013-12-09,2466,4931904787.0
2013-12-10,2466,4986627725.0
2013-12-11,2466,5055031398.0
2013-12-12,2466,5232880946.0
2013-12-13,2466,4959266256.0
2013-12-16,2466,5075552500.0
2013-12-17,2466,5328646088.0
2013-12-18,2466,5294444252.0
2013-12-19,2466,5294444252.0
2013-12-20,2466,5294444252.0
2013-12-23,2466,5178158008.0
2013-12-24,2466,5171317641.0
2013-12-25,2466,5075552500.0
2013-12-26,2466,4972946991.0
2013-12-27,2466,5212359845.0
2013-12-30,2466,5232880946.0
2013-12-31,2466,5212359845.0
2014-01-02,2466,5157636907.0
2014-01-03,2466,5157636907.0
2014-01-06,2466,5130275438.0
2014-01-07,2466,5116594703.0
2014-01-08,2466,5116594703.0
2014-01-09,2466,5116594703.0
2014-01-10,2466,5143956172.0
2014-01-13,2466,5123435070.0
2014-01-14,2466,5020829562.0
2014-01-15,2466,5027669929.0
2014-01-16,2466,5027669929.0
2014-01-17,2466,4966106624.0
2014-01-20,2466,4986627725.0
2014-01-21,2466,4993468093.0
2014-01-22,2466,4979787358.0
2014-01-23,2466,4952425889.0
2014-01-24,2466,4938745155.0
2014-01-27,2466,4904543318.0
2014-02-05,2466,4890862584.0
2014-02-06,2466,4911383686.0
2014-02-10,2466,4863501115.0
2014-02-11,2466,4863501115.0
2014-02-12,2466,4836139646.0
2014-02-13,2466,4849820380.0
2014-02-14,2466,4979787358.0
2014-02-17,2466,5171317641.0
2014-02-18,2466,5171317641.0
2014-02-19,2466,5198679110.0
2014-02-20,2466,5157636907.0
2014-02-21,2466,5116594703.0
2014-02-24,2466,5116594703.0
2014-02-25,2466,5102913969.0
2014-02-26,2466,5068712132.0
2014-02-27,2466,5232880946.0
2014-03-03,2466,5198679110.0
2014-03-04,2466,5198679110.0
2014-03-05,2466,5157636907.0
2014-03-06,2466,5184998376.0
2014-03-07,2466,5191838743.0
2014-03-10,2466,5191838743.0
2014-03-11,2466,5191838743.0
2014-03-12,2466,5171317641.0
2014-03-13,2466,5184998376.0
2014-03-14,2466,5157636907.0
2014-03-17,2466,5157636907.0
2014-03-18,2466,5143956172.0
2014-03-19,2466,5116594703.0
2014-03-20,2466,5075552500.0
2014-03-21,2466,5068712132.0
2014-03-24,2466,5020829562.0
2014-03-25,2466,5020829562.0
2014-03-26,2466,5048191031.0
2014-03-27,2466,5034510296.0
2014-03-28,2466,5020829562.0
2014-03-31,2466,5007148827.0
2014-04-01,2466,5007148827.0
2014-04-02,2466,4986627725.0
2014-04-03,2466,4952425889.0
2014-04-07,2466,4959266256.0
2014-04-08,2466,4986627725.0
2014-04-09,2466,5007148827.0
2014-04-10,2466,5013989194.0
2014-04-11,2466,4993468093.0
2014-04-14,2466,4952425889.0
2014-04-15,2466,4966106624.0
2014-04-16,2466,4972946991.0
2014-04-17,2466,5000308460.0
2014-04-18,2466,5007148827.0
2014-04-21,2466,4979787358.0
2014-04-22,2466,5000308460.0
2014-04-23,2466,5007148827.0
2014-04-24,2466,5007148827.0
2014-04-25,2466,4938745155.0
2014-04-28,2466,5068712132.0
2014-04-29,2466,5130275438.0
2014-04-30,2466,5130275438.0
2014-05-02,2466,5150796539.0
2014-05-05,2466,5137115805.0
2014-05-06,2466,5130275438.0
2014-05-07,2466,5089233234.0
2014-05-08,2466,5048191031.0
2014-05-09,2466,5013989194.0
2014-05-12,2466,4972946991.0
2014-05-13,2466,4979787358.0
2014-05-14,2466,4966106624.0
2014-05-15,2466,4979787358.0
2014-05-16,2466,4979787358.0
2014-05-19,2466,5000308460.0
2014-05-20,2466,4993468093.0
2014-05-21,2466,4966106624.0
2014-05-22,2466,5000308460.0
2014-05-23,2466,5041350663.0
2014-05-26,2466,5068712132.0
2014-05-27,2466,5089233234.0
2014-05-28,2466,5116594703.0
2014-05-29,2466,5198679110.0
2014-05-30,2466,5308124986.0
2014-06-03,2466,5314965353.0
2014-06-04,2466,5280763517.0
2014-06-05,2466,5219200212.0
2014-06-06,2466,5178158008.0
2014-06-09,2466,5191838743.0
2014-06-10,2466,5219200212.0
2014-06-11,2466,5246561681.0
2014-06-12,2466,5253402048.0
2014-06-13,2466,5267082783.0
2014-06-16,2466,5232880946.0
2014-06-17,2466,5226040579.0
2014-06-18,2466,5260242415.0
2014-06-19,2466,5239721314.0
2014-06-20,2466,5226040579.0
2014-06-23,2466,5212359845.0
2014-06-24,2466,5184998376.0
2014-06-25,2466,5191838743.0
2014-06-26,2466,5198679110.0
2014-06-27,2466,5191838743.0
2014-06-30,2466,5191838743.0
2014-07-01,2466,5198679110.0
2014-07-02,2466,5191838743.0
2014-07-03,2466,5191838743.0
2014-07-04,2466,5178158008.0
2014-07-07,2466,5171317641.0
2014-07-08,2466,5184998376.0
2014-07-09,2466,5184998376.0
2014-07-10,2466,5191838743.0
2014-07-11,2466,5191838743.0
2014-07-14,2466,5171317641.0
2014-07-15,2466,5164477274.0
2014-07-16,2466,5164477274.0
2014-07-17,2466,5178158008.0
2014-07-18,2466,5164477274.0
2014-07-21,2466,5143956172.0
2014-07-22,2466,5164477274.0
2014-07-24,2466,5191838743.0
2014-07-25,2466,5184998376.0
2014-07-28,2466,5178158008.0
2014-07-29,2466,5171317641.0
2014-07-30,2466,5164477274.0
2014-07-31,2466,5171317641.0
2014-08-01,2466,5157636907.0
2014-08-04,2466,5164477274.0
2014-08-05,2466,5130275438.0
2014-08-06,2466,5123435070.0
2014-08-07,2466,5130275438.0
2014-08-08,2466,5130275438.0
2014-08-11,2466,5102913969.0
2014-08-12,2466,5068712132.0
2014-08-13,2466,5020829562.0
2014-08-14,2466,4925064420.0
2014-08-15,2466,4842980013.0
2014-08-18,2466,4808778177.0
2014-08-19,2466,4856660748.0
2014-08-20,2466,4856660748.0
2014-08-22,2466,4863501115.0
2014-08-25,2466,4870341482.0
2014-08-26,2466,4897702951.0
2014-08-27,2466,4918224053.0
2014-08-28,2466,4904543318.0
2014-08-29,2466,4897702951.0
2014-09-01,2466,4890862584.0
2014-09-02,2466,4849820380.0
2014-09-03,2466,4877181849.0
2014-09-04,2466,4884022217.0
2014-09-05,2466,4897702951.0
2014-09-09,2466,4904543318.0
2014-09-10,2466,4918224053.0
2014-09-11,2466,5198679110.0
2014-09-12,2466,5150796539.0
2014-09-15,2466,5157636907.0
2014-09-16,2466,5150796539.0
2014-09-17,2466,5143956172.0
2014-09-18,2466,5150796539.0
2014-09-19,2466,5157636907.0
2014-09-22,2466,5157636907.0
2014-09-23,2466,5150796539.0
2014-09-24,2466,5157636907.0
2014-09-25,2466,5109754336.0
2014-09-26,2466,5061871765.0
2014-09-29,2466,5034510296.0
2014-09-30,2466,5027669929.0
2014-10-01,2466,5061871765.0
2014-10-02,2466,5082392867.0
2014-10-03,2466,5239721314.0
2014-10-06,2466,5246561681.0
2014-10-07,2466,5198679110.0
2014-10-08,2466,5150796539.0
2014-10-09,2466,5130275438.0
2014-10-13,2466,5109754336.0
2014-10-14,2466,4979787358.0
2014-10-15,2466,4993468093.0
2014-10-16,2466,4945585522.0
2014-10-17,2466,4849820380.0
2014-10-20,2466,4671970832.0
2014-10-21,2466,4603567159.0
2014-10-22,2466,4853497894.0
2014-10-23,2466,4867878628.0
2014-10-24,2466,4810355690.0
2014-10-27,2466,4810355690.0
2014-10-28,2466,5141112584.0
2014-10-29,2466,4918211199.0
2014-10-30,2466,4903830465.0
2014-10-31,2466,4918211199.0
2014-11-03,2466,4867878628.0
2014-11-04,2466,4817546058.0
2014-11-05,2466,4839117159.0
2014-11-06,2466,4860688261.0
2014-11-07,2466,4889449730.0
2014-11-10,2466,4946972668.0
2014-11-11,2466,4911020832.0
2014-11-12,2466,4860688261.0
2014-11-13,2466,4839117159.0
2014-11-14,2466,4817546058.0
2014-11-17,2466,4795974956.0
2014-11-18,2466,4803165323.0
2014-11-19,2466,4853497894.0
2014-11-20,2466,4853497894.0
2014-11-21,2466,4853497894.0
2014-11-24,2466,4831926792.0
2014-11-25,2466,4810355690.0
2014-11-26,2466,4810355690.0
2014-11-27,2466,4795974956.0
2014-11-28,2466,4788784589.0
2014-12-01,2466,4731261651.0
2014-12-02,2466,4652167611.0
2014-12-03,2466,4580263938.0
2014-12-04,2466,4580263938.0
2014-12-05,2466,4472408430.0
2014-12-08,2466,4479598797.0
2014-12-09,2466,4486789164.0
2014-12-10,2466,4479598797.0
2014-12-11,2466,4458027695.0
2014-12-12,2466,4465218062.0
2014-12-15,2466,4458027695.0
2014-12-16,2466,4472408430.0
2014-12-17,2466,4443646961.0
2014-12-18,2466,4493979531.0
2014-12-19,2466,4458027695.0
2014-12-22,2466,4472408430.0
2014-12-23,2466,4515550633.0
2014-12-24,2466,4558692837.0
2014-12-25,2466,4565883204.0
2014-12-26,2466,4616215775.0
2014-12-29,2466,4702500182.0
2014-12-30,2466,4752832752.0
2014-12-31,2466,4731261651.0
2015-01-05,2466,4666548345.0
2015-01-06,2466,4637786876.0
2015-01-07,2466,4652167611.0
2015-01-08,2466,4695309814.0
2015-01-09,2466,4702500182.0
2015-01-12,2466,4702500182.0
2015-01-13,2466,4752832752.0
2015-01-14,2466,4709690549.0
2015-01-15,2466,4745642385.0
2015-01-16,2466,4716880916.0
2015-01-19,2466,4688119447.0
2015-01-20,2466,4709690549.0
2015-01-21,2466,4767213487.0
2015-01-22,2466,4824736425.0
2015-01-23,2466,4817546058.0
2015-01-26,2466,4824736425.0
2015-01-27,2466,4846307527.0
2015-01-28,2466,4831926792.0
2015-01-29,2466,4839117159.0
2015-01-30,2466,4846307527.0
2015-02-02,2466,4867878628.0
2015-02-03,2466,4882259363.0
2015-02-04,2466,4896640097.0
2015-02-05,2466,4903830465.0
2015-02-06,2466,4882259363.0
2015-02-09,2466,4896640097.0
2015-02-10,2466,4925401566.0
2015-02-11,2466,4968543770.0
2015-02-12,2466,4968543770.0
2015-02-13,2466,4975734137.0
2015-02-24,2466,5004495606.0
2015-02-25,2466,5026066708.0
2015-02-26,2466,5011685973.0
2015-03-02,2466,5026066708.0
2015-03-03,2466,5018876341.0
2015-03-04,2466,5018876341.0
2015-03-05,2466,4961353403.0
2015-03-06,2466,4954163035.0
2015-03-09,2466,4939782301.0
2015-03-10,2466,4918211199.0
2015-03-11,2466,4846307527.0
2015-03-12,2466,4774403854.0
2015-03-13,2466,4781594221.0
2015-03-16,2466,4795974956.0
2015-03-17,2466,4817546058.0
2015-03-18,2466,4860688261.0
2015-03-19,2466,4889449730.0
2015-03-20,2466,4853497894.0
2015-03-23,2466,4839117159.0
2015-03-24,2466,4846307527.0
2015-03-25,2466,4817546058.0
2015-03-26,2466,4839117159.0
2015-03-27,2466,4831926792.0
2015-03-30,2466,4831926792.0
2015-03-31,2466,4853497894.0
2015-04-01,2466,4867878628.0
2015-04-02,2466,4946972668.0
2015-04-07,2466,4961353403.0
2015-04-08,2466,4968543770.0
2015-04-09,2466,4982924504.0
2015-04-10,2466,4997305239.0
2015-04-13,2466,5011685973.0
2015-04-14,2466,4975734137.0
2015-04-15,2466,4889449730.0
2015-04-16,2466,4803165323.0
2015-04-17,2466,4731261651.0
2015-04-20,2466,4702500182.0
2015-04-21,2466,4587454306.0
2015-04-22,2466,4601835040.0
2015-04-23,2466,4594644673.0
2015-04-24,2466,4601835040.0
2015-04-27,2466,4609025407.0
2015-04-28,2466,4623406142.0
2015-04-29,2466,4680929080.0
2015-04-30,2466,4724071283.0
2015-05-04,2466,4716880916.0
2015-05-05,2466,4709690549.0
2015-05-06,2466,4745642385.0
2015-05-07,2466,4767213487.0
2015-05-08,2466,4788784589.0
2015-05-11,2466,4767213487.0
2015-05-12,2466,4738452018.0
2015-05-13,2466,4724071283.0
2015-05-14,2466,4680929080.0
2015-05-15,2466,4673738713.0
2015-05-18,2466,4630596509.0
2015-05-19,2466,4630596509.0
2015-05-20,2466,4544312102.0
2015-05-21,2466,4551502469.0
2015-05-22,2466,4580263938.0
2015-05-25,2466,4573073571.0
2015-05-26,2466,4580263938.0
2015-05-27,2466,4580263938.0
2015-05-28,2466,4565883204.0
2015-05-29,2466,4580263938.0
2015-06-01,2466,4601835040.0
2015-06-02,2466,4609025407.0
2015-06-03,2466,4609025407.0
2015-06-04,2466,4486789164.0
2015-06-05,2466,4414885492.0
2015-06-08,2466,4386124023.0
2015-06-09,2466,4422075859.0
2015-06-10,2466,4443646961.0
2015-06-11,2466,4436456593.0
2015-06-12,2466,4443646961.0
2015-06-15,2466,4458027695.0
2015-06-16,2466,4479598797.0
2015-06-17,2466,4458027695.0
2015-06-18,2466,4429266226.0
2015-06-22,2466,4436456593.0
2015-06-23,2466,4422075859.0
2015-06-24,2466,4443646961.0
2015-06-25,2466,4429266226.0
2015-06-26,2466,4443646961.0
2015-06-29,2466,4429266226.0
2015-06-30,2466,4429266226.0
2015-07-01,2466,4422075859.0
2015-07-02,2466,4479598797.0
2015-07-03,2466,4465218062.0
2015-07-06,2466,4458027695.0
2015-07-07,2466,4472408430.0
2015-07-08,2466,4465218062.0
2015-07-09,2466,4450837328.0
2015-07-13,2466,4465218062.0
2015-07-14,2466,4429266226.0
2015-07-15,2466,4436456593.0
2015-07-16,2466,4443646961.0
2015-07-17,2466,4407695124.0
2015-07-20,2466,4414885492.0
2015-07-21,2466,4414885492.0
2015-07-22,2466,4414885492.0
2015-07-23,2466,4422075859.0
2015-07-24,2466,4422075859.0
2015-07-27,2466,4422075859.0
2015-07-28,2466,4436456593.0
2015-07-29,2466,4443646961.0
2015-07-30,2466,4443646961.0
2015-07-31,2466,4443646961.0
2015-08-03,2466,4443646961.0
2015-08-04,2466,4443646961.0
2015-08-05,2466,4458027695.0
2015-08-06,2466,4443646961.0
2015-08-07,2466,4443646961.0
2015-08-10,2466,4450837328.0
2015-08-11,2466,4414885492.0
2015-08-12,2466,4414885492.0
2015-08-13,2466,4436456593.0
2015-08-14,2466,4443646961.0
2015-08-17,2466,4436456593.0
2015-08-18,2466,4429266226.0
2015-08-19,2466,4335791452.0
2015-08-20,2466,4386124023.0
2015-08-21,2466,4386124023.0
2015-08-24,2466,4263887779.0
2015-08-25,2466,4314220350.0
2015-08-26,2466,4314220350.0
2015-08-27,2466,4299839616.0
2015-08-28,2466,4321410717.0
2015-08-31,2466,4335791452.0
2015-09-01,2466,4342981819.0
2015-09-02,2466,4364552921.0
2015-09-03,2466,4386124023.0
2015-09-04,2466,4378933655.0
2015-09-07,2466,4386124023.0
2015-09-08,2466,4386124023.0
2015-09-09,2466,4393314390.0
2015-09-10,2466,4400504757.0
2015-09-11,2466,4422075859.0
2015-09-14,2466,4422075859.0
2015-09-15,2466,4436456593.0
2015-09-16,2466,4501169899.0
2015-09-17,2466,4803165323.0
2015-09-18,2466,4745642385.0
2015-09-21,2466,4673738713.0
2015-09-22,2466,4673738713.0
2015-09-23,2466,4587454306.0
2015-09-24,2466,4501169899.0
2015-09-25,2466,4465218062.0
2015-09-30,2466,4429266226.0
2015-10-01,2466,4429266226.0
2015-10-02,2466,4458027695.0
2015-10-05,2466,4458027695.0
2015-10-06,2466,4458027695.0
2015-10-07,2466,4472408430.0
2015-10-08,2466,4443646961.0
2015-10-12,2466,4429266226.0
2015-10-13,2466,4443646961.0
2015-10-14,2466,4443646961.0
2015-10-15,2466,4760023120.0
2015-10-16,2466,4709690549.0
2015-10-19,2466,4760023120.0
2015-10-20,2466,4968543770.0
2015-10-21,2466,5335252500.0
2015-10-22,2466,5320871765.0
2015-10-23,2466,5220206624.0
2015-10-26,2466,5220206624.0
2015-10-27,2466,4774403854.0
2015-10-28,2466,4752832752.0
2015-10-29,2466,4745642385.0
2015-10-30,2466,4716880916.0
2015-11-02,2466,4752832752.0
2015-11-03,2466,4745642385.0
2015-11-04,2466,4961353403.0
2015-11-05,2466,4968543770.0
2015-11-06,2466,4990114872.0
2015-11-09,2466,4990114872.0
2015-11-10,2466,4975734137.0
2015-11-11,2466,4853497894.0
2015-11-12,2466,4731261651.0
2015-11-13,2466,4731261651.0
2015-11-16,2466,4652167611.0
2015-11-17,2466,4407695124.0
2015-11-18,2466,4393314390.0
2015-11-19,2466,4400504757.0
2015-11-20,2466,4790820124.0
2015-11-23,2466,4751743288.0
2015-11-24,2466,4720481819.0
2015-11-25,2466,4642328147.0
2015-11-26,2466,4650143514.0
2015-11-27,2466,4626697412.0
2015-11-30,2466,4611066678.0
2015-12-01,2466,4595435943.0
2015-12-02,2466,4587620576.0
2015-12-03,2466,4587620576.0
2015-12-04,2466,4595435943.0
2015-12-07,2466,4611066678.0
2015-12-08,2466,4611066678.0
2015-12-09,2466,4587620576.0
2015-12-10,2466,4603251310.0
2015-12-11,2466,4595435943.0
2015-12-14,2466,4595435943.0
2015-12-15,2466,4665774248.0
2015-12-16,2466,4689220350.0
2015-12-17,2466,4704851085.0
2015-12-18,2466,4712666452.0
2015-12-21,2466,4712666452.0
2015-12-22,2466,4712666452.0
2015-12-23,2466,4736112554.0
2015-12-24,2466,4736112554.0
2015-12-25,2466,4751743288.0
2015-12-28,2466,4689220350.0
2015-12-29,2466,4673589616.0
2015-12-30,2466,4689220350.0
2015-12-31,2466,4743927921.0
2016-01-04,2466,4704851085.0
2016-01-05,2466,4704851085.0
2016-01-06,2466,4712666452.0
2016-01-07,2466,4704851085.0
2016-01-08,2466,4720481819.0
2016-01-11,2466,4712666452.0
2016-01-12,2466,4720481819.0
2016-01-13,2466,4806450859.0
2016-01-14,2466,4751743288.0
2016-01-15,2466,4759558655.0
2016-01-18,2466,4861158430.0
2016-01-19,2466,5001835040.0
2016-01-20,2466,5236296058.0
2016-01-21,2466,5181588487.0
2016-01-22,2466,5189403854.0
2016-01-25,2466,5205034589.0
2016-01-26,2466,5212849956.0
2016-01-27,2466,5220665323.0
2016-01-28,2466,5197219221.0
2016-01-29,2466,5205034589.0
2016-02-01,2466,5228480690.0
2016-02-02,2466,5228480690.0
2016-02-15,2466,5236296058.0
2016-02-16,2466,5267557527.0
2016-02-17,2466,5283188261.0
2016-02-18,2466,5291003628.0
2016-02-19,2466,5298818996.0
2016-02-22,2466,5314449730.0
2016-02-23,2466,5330080465.0
2016-02-24,2466,5314449730.0
2016-02-25,2466,5330080465.0
2016-02-26,2466,5337895832.0
2016-03-01,2466,5345711199.0
2016-03-02,2466,5353526566.0
2016-03-03,2466,5361341934.0
2016-03-04,2466,5369157301.0
2016-03-07,2466,5369157301.0
2016-03-08,2466,5369157301.0
2016-03-09,2466,5361341934.0
2016-03-10,2466,5369157301.0
2016-03-11,2466,5369157301.0
2016-03-14,2466,5376972668.0
2016-03-15,2466,5376972668.0
2016-03-16,2466,5376972668.0
2016-03-17,2466,5361341934.0
2016-03-18,2466,5345711199.0
2016-03-21,2466,5353526566.0
2016-03-22,2466,5337895832.0
2016-03-23,2466,5330080465.0
2016-03-24,2466,5275372894.0
2016-03-25,2466,5267557527.0
2016-03-28,2466,5244111425.0
2016-03-29,2466,5205034589.0
2016-03-30,2466,5220665323.0
2016-03-31,2466,5220665323.0
2016-04-01,2466,5205034589.0
2016-04-06,2466,5142511651.0
2016-04-07,2466,5142511651.0
2016-04-08,2466,5150327018.0
2016-04-11,2466,5158142385.0
2016-04-12,2466,5134696283.0
2016-04-13,2466,5158142385.0
2016-04-14,2466,5165957752.0
2016-04-15,2466,5181588487.0
2016-04-18,2466,5189403854.0
2016-04-19,2466,5197219221.0
2016-04-20,2466,5181588487.0
2016-04-21,2466,5181588487.0
2016-04-22,2466,5173773120.0
2016-04-25,2466,5173773120.0
2016-04-26,2466,5181588487.0
2016-04-27,2466,5165957752.0
2016-04-28,2466,5158142385.0
2016-04-29,2466,5165957752.0
2016-05-03,2466,5158142385.0
2016-05-04,2466,5150327018.0
2016-05-05,2466,5158142385.0
2016-05-06,2466,5165957752.0
2016-05-09,2466,5150327018.0
2016-05-10,2466,5150327018.0
2016-05-11,2466,5142511651.0
2016-05-12,2466,5134696283.0
2016-05-13,2466,5134696283.0
2016-05-16,2466,5142511651.0
2016-05-17,2466,5158142385.0
2016-05-18,2466,5150327018.0
2016-05-19,2466,5150327018.0
2016-05-20,2466,5150327018.0
2016-05-23,2466,5150327018.0
2016-05-24,2466,5150327018.0
2016-05-25,2466,5150327018.0
2016-05-26,2466,5158142385.0
2016-05-27,2466,5158142385.0
2016-05-30,2466,5158142385.0
2016-05-31,2466,5158142385.0
2016-06-01,2466,5165957752.0
2016-06-02,2466,5165957752.0
2016-06-03,2466,5173773120.0
2016-06-06,2466,5197219221.0
2016-06-07,2466,5205034589.0
2016-06-08,2466,5220665323.0
2016-06-13,2466,5228480690.0
2016-06-14,2466,5244111425.0
2016-06-15,2466,5267557527.0
2016-06-16,2466,5259742159.0
2016-06-17,2466,5275372894.0
2016-06-20,2466,5259742159.0
2016-06-21,2466,5267557527.0
2016-06-22,2466,5267557527.0
2016-06-23,2466,5267557527.0
2016-06-24,2466,5267557527.0
2016-06-27,2466,5236296058.0
2016-06-28,2466,5212849956.0
2016-06-29,2466,5244111425.0
2016-06-30,2466,5251926792.0
2016-07-01,2466,5267557527.0
2016-07-04,2466,5259742159.0
2016-07-05,2466,5251926792.0
2016-07-06,2466,5244111425.0
2016-07-07,2466,5259742159.0
2016-07-11,2466,5267557527.0
2016-07-12,2466,5275372894.0
2016-07-13,2466,5267557527.0
2016-07-14,2466,5259742159.0
2016-07-15,2466,5259742159.0
2016-07-18,2466,5259742159.0
2016-07-19,2466,5259742159.0
2016-07-20,2466,5259742159.0
2016-07-21,2466,5275372894.0
2016-07-22,2466,5283188261.0
2016-07-25,2466,5298818996.0
2016-07-26,2466,5314449730.0
2016-07-27,2466,5322265097.0
2016-07-28,2466,5306634363.0
2016-07-29,2466,5298818996.0
2016-08-01,2466,5314449730.0
2016-08-02,2466,5291003628.0
2016-08-03,2466,5283188261.0
2016-08-04,2466,5298818996.0
2016-08-05,2466,5330080465.0
2016-08-08,2466,5330080465.0
2016-08-09,2466,5322265097.0
2016-08-10,2466,5353526566.0
2016-08-11,2466,5330080465.0
2016-08-12,2466,5337895832.0
2016-08-15,2466,5337895832.0
2016-08-16,2466,5330080465.0
2016-08-17,2466,5361341934.0
2016-08-18,2466,5361341934.0
2016-08-19,2466,5384788035.0
2016-08-22,2466,5376972668.0
2016-08-23,2466,5376972668.0
2016-08-24,2466,5376972668.0
2016-08-25,2466,5408234137.0
2016-08-26,2466,5408234137.0
2016-08-29,2466,5431680239.0
2016-08-30,2466,5462941708.0
2016-08-31,2466,5416049504.0
2016-09-01,2466,5423864872.0
2016-09-02,2466,5408234137.0
2016-09-05,2466,5439495606.0
2016-09-06,2466,5423864872.0
2016-09-07,2466,5439495606.0
2016-09-08,2466,5439495606.0
2016-09-09,2466,5423864872.0
2016-09-12,2466,5416049504.0
2016-09-13,2466,5376972668.0
2016-09-14,2466,5345711199.0
2016-09-19,2466,5392603403.0
2016-09-20,2466,5400418770.0
2016-09-21,2466,5408234137.0
2016-09-22,2466,5392603403.0
2016-09-23,2466,5400418770.0
2016-09-26,2466,5376972668.0
2016-09-29,2466,5400418770.0
2016-09-30,2466,5392603403.0
2016-10-03,2466,5392603403.0
2016-10-04,2466,5408234137.0
2016-10-05,2466,5400418770.0
2016-10-06,2466,5376972668.0
2016-10-07,2466,5384788035.0
2016-10-11,2466,5353526566.0
2016-10-12,2466,5353526566.0
2016-10-13,2466,5353526566.0
2016-10-14,2466,5345711199.0
2016-10-17,2466,5330080465.0
2016-10-18,2466,5298818996.0
2016-10-19,2466,5267557527.0
2016-10-20,2466,5275372894.0
2016-10-21,2466,5259742159.0
2016-10-24,2466,5291003628.0
2016-10-25,2466,5298818996.0
2016-10-26,2466,5306634363.0
2016-10-27,2466,5291003628.0
2016-10-28,2466,5298818996.0
2016-10-31,2466,5267557527.0
2016-11-01,2466,5251926792.0
2016-11-02,2466,5212849956.0
2016-11-03,2466,5197219221.0
2016-11-04,2466,5197219221.0
2016-11-07,2466,5236296058.0
2016-11-08,2466,5259742159.0
2016-11-09,2466,5212849956.0
2016-11-10,2466,5236296058.0
2016-11-11,2466,5228480690.0
2016-11-14,2466,5244111425.0
2016-11-15,2466,5236296058.0
2016-11-16,2466,5259742159.0
2016-11-17,2466,5275372894.0
2016-11-18,2466,5298818996.0
2016-11-21,2466,5314449730.0
2016-11-22,2466,5337895832.0
2016-11-23,2466,5361341934.0
2016-11-24,2466,5345711199.0
2016-11-25,2466,5353526566.0
2016-11-28,2466,5376972668.0
2016-11-29,2466,5400418770.0
2016-11-30,2466,5416049504.0
2016-12-01,2466,5431680239.0
2016-12-02,2466,5408234137.0
2016-12-05,2466,5392603403.0
2016-12-06,2466,5439495606.0
2016-12-07,2466,5447310973.0
2016-12-08,2466,5462941708.0
2016-12-09,2466,5486387810.0
2016-12-12,2466,5502018544.0
2016-12-13,2466,5548910748.0
2016-12-14,2466,5548910748.0
2016-12-15,2466,5502018544.0
2016-12-16,2466,5486387810.0
2016-12-19,2466,5470757075.0
2016-12-20,2466,5502018544.0
2016-12-21,2466,5486387810.0
2016-12-22,2466,5478572442.0
2016-12-23,2466,5439495606.0
2016-12-26,2466,5447310973.0
2016-12-27,2466,5447310973.0
2016-12-28,2466,5447310973.0
2016-12-29,2466,5447310973.0
2016-12-30,2466,5470757075.0
2017-01-03,2466,5494203177.0
2017-01-04,2466,5509833911.0
2017-01-05,2466,5533280013.0
2017-01-06,2466,5533280013.0
2017-01-09,2466,5533280013.0
2017-01-10,2466,5525464646.0
2017-01-11,2466,5533280013.0
2017-01-12,2466,5541095380.0
2017-01-13,2466,5580172217.0
2017-01-16,2466,5587987584.0
2017-01-17,2466,5611433686.0
2017-01-18,2466,5611433686.0
2017-01-19,2466,5595802951.0
2017-01-20,2466,5595802951.0
2017-01-23,2466,5619249053.0
2017-01-24,2466,5627064420.0
2017-02-02,2466,5595802951.0
2017-02-03,2466,5627064420.0
2017-02-06,2466,5627064420.0
2017-02-07,2466,5627064420.0
2017-02-08,2466,5619249053.0
2017-02-09,2466,5619249053.0
2017-02-10,2466,5619249053.0
2017-02-13,2466,5619249053.0
2017-02-14,2466,5619249053.0
2017-02-15,2466,5603618318.0
2017-02-16,2466,5619249053.0
2017-02-17,2466,5627064420.0
2017-02-20,2466,5580172217.0
2017-02-21,2466,5533280013.0
2017-02-22,2466,5502018544.0
2017-02-23,2466,5470757075.0
2017-02-24,2466,5470757075.0
2017-03-01,2466,5470757075.0
2017-03-02,2466,5470757075.0
2017-03-03,2466,5462941708.0
2017-03-06,2466,5478572442.0
2017-03-07,2466,5494203177.0
2017-03-08,2466,5517649279.0
2017-03-09,2466,5509833911.0
2017-03-10,2466,5509833911.0
2017-03-13,2466,5517649279.0
2017-03-14,2466,5533280013.0
2017-03-15,2466,5494203177.0
2017-03-16,2466,5486387810.0
2017-03-17,2466,5494203177.0
2017-03-20,2466,5470757075.0
2017-03-21,2466,5423864872.0
2017-03-22,2466,5400418770.0
2017-03-23,2466,5408234137.0
2017-03-24,2466,5416049504.0
2017-03-27,2466,5400418770.0
2017-03-28,2466,5400418770.0
2017-03-29,2466,5400418770.0
2017-03-30,2466,5400418770.0
2017-03-31,2466,5400418770.0
2017-04-05,2466,5447310973.0
2017-04-06,2466,5462941708.0
2017-04-07,2466,5462941708.0
2017-04-10,2466,5494203177.0
2017-04-11,2466,5556726115.0
2017-04-12,2466,5587987584.0
2017-04-13,2466,5634879787.0
2017-04-14,2466,5580172217.0
2017-04-17,2466,5587987584.0
2017-04-18,2466,5611433686.0
2017-04-19,2466,5642695155.0
2017-04-20,2466,5759925663.0
2017-04-21,2466,6017832783.0
2017-04-24,2466,6002202048.0
2017-04-25,2466,6017832783.0
2017-04-26,2466,6049094252.0
2017-04-27,2466,6002202048.0
2017-04-28,2466,5939679110.0
2017-05-02,2466,5947494477.0
2017-05-03,2466,5939679110.0
2017-05-04,2466,5947494477.0
2017-05-05,2466,5947494477.0
2017-05-08,2466,5963125212.0
2017-05-09,2466,5963125212.0
2017-05-10,2466,5970940579.0
2017-05-11,2466,5970940579.0
2017-05-12,2466,5986571314.0
2017-05-15,2466,5994386681.0
2017-05-16,2466,5994386681.0
2017-05-17,2466,6010017415.0
2017-05-18,2466,6017832783.0
2017-05-19,2466,6017832783.0
2017-05-22,2466,6025648150.0
2017-05-23,2466,6041278884.0
2017-05-24,2466,6049094252.0
2017-05-25,2466,6064724986.0
2017-05-26,2466,6064724986.0
2017-06-01,2466,6080355721.0
2017-06-02,2466,6095986455.0
2017-06-05,2466,6095986455.0
2017-06-06,2466,6095986455.0
2017-06-07,2466,6095986455.0
2017-06-08,2466,6088171088.0
2017-06-09,2466,6072540353.0
2017-06-12,2466,6072540353.0
2017-06-13,2466,6072540353.0
2017-06-14,2466,6049094252.0
2017-06-15,2466,6049094252.0
2017-06-16,2466,6095986455.0
2017-06-19,2466,6111617190.0
2017-06-20,2466,6135063291.0
2017-06-21,2466,6150694026.0
2017-06-22,2466,6181955495.0
2017-06-23,2466,6189770862.0
2017-06-26,2466,6228847698.0
2017-06-27,2466,6228847698.0
2017-06-28,2466,6213216964.0
2017-06-29,2466,6228847698.0
2017-06-30,2466,6228847698.0
2017-07-03,2466,6244478433.0
2017-07-04,2466,6236663066.0
2017-07-05,2466,6252293800.0
2017-07-06,2466,6252293800.0
2017-07-07,2466,6236663066.0
2017-07-10,2466,6252293800.0
2017-07-11,2466,6244478433.0
2017-07-12,2466,6252293800.0
2017-07-13,2466,6244478433.0
2017-07-14,2466,6244478433.0
2017-07-17,2466,6244478433.0
2017-07-18,2466,6244478433.0
2017-07-19,2466,6244478433.0
2017-07-20,2466,6244478433.0
2017-07-21,2466,6244478433.0
2017-07-24,2466,6244478433.0
2017-07-25,2466,6244478433.0
2017-07-26,2466,6221032331.0
2017-07-27,2466,6221032331.0
2017-07-28,2466,6213216964.0
2017-07-31,2466,6189770862.0
2017-08-01,2466,6142878659.0
2017-08-02,2466,6142878659.0
2017-08-03,2466,6127247924.0
2017-08-04,2466,6119432557.0
2017-08-07,2466,6127247924.0
2017-08-08,2466,6135063291.0
2017-08-09,2466,6119432557.0
2017-08-10,2466,6095986455.0
2017-08-11,2466,6088171088.0
2017-08-14,2466,6072540353.0
2017-08-15,2466,6088171088.0
2017-08-16,2466,6056909619.0
2017-08-17,2466,6072540353.0
2017-08-18,2466,6049094252.0
2017-08-21,2466,6033463517.0
2017-08-22,2466,6056909619.0
2017-08-23,2466,6002202048.0
2017-08-24,2466,5994386681.0
2017-08-25,2466,5994386681.0
2017-08-28,2466,6002202048.0
2017-08-29,2466,5994386681.0
2017-08-30,2466,6010017415.0
2017-08-31,2466,6010017415.0
2017-09-01,2466,6010017415.0
2017-09-04,2466,6017832783.0
2017-09-05,2466,6017832783.0
2017-09-06,2466,6010017415.0
2017-09-07,2466,6002202048.0
2017-09-08,2466,6002202048.0
2017-09-11,2466,5970940579.0
2017-09-12,2466,5970940579.0
2017-09-13,2466,5955309845.0
2017-09-14,2466,5963125212.0
2017-09-15,2466,5955309845.0
2017-09-18,2466,5955309845.0
2017-09-19,2466,5947494477.0
2017-09-20,2466,5955309845.0
2017-09-21,2466,5963125212.0
2017-09-22,2466,5955309845.0
2017-09-25,2466,5939679110.0
2017-09-26,2466,5884971539.0
2017-09-27,2466,5892786907.0
2017-09-28,2466,5884971539.0
2017-09-29,2466,5892786907.0
2017-10-02,2466,5916233008.0
2017-10-03,2466,5916233008.0
2017-10-05,2466,5924048376.0
2017-10-06,2466,5924048376.0
2017-10-11,2466,5939679110.0
2017-10-12,2466,5947494477.0
2017-10-13,2466,5947494477.0
2017-10-16,2466,5955309845.0
2017-10-17,2466,5947494477.0
2017-10-18,2466,5963125212.0
2017-10-19,2466,5963125212.0
2017-10-20,2466,5939679110.0
2017-10-23,2466,5947494477.0
2017-10-24,2466,5963125212.0
2017-10-25,2466,5970940579.0
2017-10-26,2466,5986571314.0
2017-10-27,2466,5978755946.0
2017-10-30,2466,5978755946.0
2017-10-31,2466,5970940579.0
2017-11-01,2466,5978755946.0
2017-11-02,2466,5978755946.0
2017-11-03,2466,5963125212.0
2017-11-06,2466,5970940579.0
2017-11-07,2466,5955309845.0
2017-11-08,2466,5939679110.0
2017-11-09,2466,5924048376.0
2017-11-10,2466,5884971539.0
2017-11-13,2466,5853710070.0
2017-11-14,2466,5728664194.0
2017-11-15,2466,5572356849.0
2017-11-16,2466,5502018544.0
2017-11-17,2466,5525464646.0
2017-11-20,2466,5291003628.0
2017-11-21,2466,5384788035.0
2017-11-22,2466,5376972668.0
2017-11-23,2466,5376972668.0
2017-11-24,2466,5376972668.0
2017-11-27,2466,5369157301.0
2017-11-28,2466,5384788035.0
2017-11-29,2466,5376972668.0
2017-11-30,2466,5408234137.0
2017-12-01,2466,5353526566.0
2017-12-04,2466,5376972668.0
2017-12-05,2466,5384788035.0
2017-12-06,2466,5392603403.0
2017-12-07,2466,5416049504.0
2017-12-08,2466,5470757075.0
2017-12-11,2466,5564541482.0
2017-12-12,2466,5634879787.0
2017-12-13,2466,5689587358.0
2017-12-14,2466,5673956624.0
2017-12-15,2466,5533280013.0
2017-12-18,2466,5314449730.0
2017-12-19,2466,5322265097.0
2017-12-20,2466,5353526566.0
2017-12-21,2466,5416049504.0
2017-12-22,2466,5470757075.0
2017-12-25,2466,5509833911.0
2017-12-26,2466,5525464646.0
2017-12-27,2466,5486387810.0
2017-12-28,2466,5486387810.0
2017-12-29,2466,5494203177.0
2018-01-02,2466,5494203177.0
2018-01-03,2466,5478572442.0
2018-01-04,2466,5478572442.0
2018-01-05,2466,5431680239.0
2018-01-08,2466,5369157301.0
2018-01-09,2466,5376972668.0
2018-01-10,2466,5376972668.0
2018-01-11,2466,5384788035.0
2018-01-12,2466,5392603403.0
2018-01-15,2466,5408234137.0
2018-01-16,2466,5447310973.0
2018-01-17,2466,5486387810.0
2018-01-18,2466,5502018544.0
2018-01-19,2466,5502018544.0
2018-01-22,2466,5517649279.0
2018-01-23,2466,5525464646.0
2018-01-24,2466,5517649279.0
2018-01-25,2466,5533280013.0
2018-01-26,2466,5564541482.0
2018-01-29,2466,5611433686.0
2018-01-30,2466,5611433686.0
2018-01-31,2466,5658325889.0
2018-02-01,2466,5634879787.0
2018-02-02,2466,5642695155.0
2018-02-05,2466,5595802951.0
2018-02-06,2466,5611433686.0
2018-02-07,2466,5627064420.0
2018-02-08,2466,5642695155.0
2018-02-09,2466,5627064420.0
2018-02-12,2466,5634879787.0
2018-02-21,2466,5713033460.0
2018-02-22,2466,5744294929.0
2018-02-23,2466,5924048376.0
2018-02-26,2466,5986571314.0
2018-02-27,2466,6002202048.0
2018-03-01,2466,6017832783.0
2018-03-02,2466,6049094252.0
2018-03-05,2466,6064724986.0
2018-03-06,2466,6103801822.0
2018-03-07,2466,6127247924.0
2018-03-08,2466,6158509393.0
2018-03-09,2466,6205401597.0
2018-03-12,2466,6228847698.0
2018-03-13,2466,6283555269.0
2018-03-14,2466,6267924535.0
2018-03-15,2466,6252293800.0
2018-03-16,2466,6252293800.0
2018-03-19,2466,6252293800.0
2018-03-20,2466,6221032331.0
2018-03-21,2466,6197586229.0
2018-03-22,2466,6080355721.0
2018-03-23,2466,5978755946.0
2018-03-26,2466,5924048376.0
2018-03-27,2466,5939679110.0
2018-03-28,2466,5939679110.0
2018-03-29,2466,5947494477.0
2018-03-30,2466,5970940579.0
2018-04-02,2466,6017832783.0
2018-04-03,2466,6049094252.0
2018-04-09,2466,6127247924.0
2018-04-10,2466,6236663066.0
2018-04-11,2466,6408601145.0
2018-04-12,2466,6471124083.0
2018-04-13,2466,6502385552.0
2018-04-16,2466,6541462388.0
2018-04-17,2466,6486754818.0
2018-04-18,2466,6416416512.0
2018-04-19,2466,6228847698.0
2018-04-20,2466,6111617190.0
2018-04-23,2466,6025648150.0
2018-04-24,2466,5908417641.0
2018-04-25,2466,5814633234.0
2018-04-26,2466,5673956624.0
2018-04-27,2466,5611433686.0
2018-04-30,2466,5611433686.0
2018-05-02,2466,5611433686.0
2018-05-03,2466,5611433686.0
2018-05-04,2466,5580172217.0
2018-05-07,2466,5603618318.0
2018-05-08,2466,5634879787.0
2018-05-09,2466,5634879787.0
2018-05-10,2466,5650510522.0
2018-05-11,2466,5650510522.0
2018-05-14,2466,5634879787.0
2018-05-15,2466,5627064420.0
2018-05-16,2466,5369157301.0
2018-05-17,2466,5173773120.0
2018-05-18,2466,5165957752.0
2018-05-21,2466,5174662881.0
2018-05-22,2466,5198113015.0
2018-05-23,2466,5205929726.0
2018-05-24,2466,5229379860.0
2018-05-25,2466,5260646705.0
2018-05-28,2466,5323180395.0
2018-05-29,2466,5284096839.0
2018-05-30,2466,5159029458.0
2018-05-31,2466,5205929726.0
2018-06-01,2466,5252829994.0
2018-06-04,2466,5315363684.0
2018-06-05,2466,5291913550.0
2018-06-06,2466,5307546973.0
2018-06-07,2466,5330997107.0
2018-06-08,2466,5307546973.0
2018-06-11,2466,5315363684.0
2018-06-12,2466,5159029458.0
2018-06-13,2466,5174662881.0
2018-06-14,2466,5151212747.0
2018-06-15,2466,5166846169.0
2018-06-19,2466,5143396035.0
2018-06-20,2466,5151212747.0
2018-06-21,2466,5104312479.0
2018-06-22,2466,5104312479.0
2018-06-25,2466,5049595500.0
2018-06-26,2466,5026145366.0
2018-06-27,2466,5033962077.0
2018-06-28,2466,5057412211.0
2018-06-29,2466,5080862345.0
2018-07-02,2466,5073045634.0
2018-07-03,2466,5049595500.0
2018-07-04,2466,4963611676.0
2018-07-05,2466,4940161542.0
2018-07-06,2466,4947978253.0
2018-07-09,2466,4947978253.0
2018-07-10,2466,4987061809.0
2018-07-11,2466,4932344830.0
2018-07-12,2466,4877627851.0
2018-07-13,2466,4861994429.0
2018-07-16,2466,4846361006.0
2018-07-17,2466,4830727583.0
2018-07-18,2466,4846361006.0
2018-07-19,2466,4815094161.0
2018-07-20,2466,4822910872.0
2018-07-23,2466,4822910872.0
2018-07-24,2466,4830727583.0
2018-07-25,2466,4830727583.0
2018-07-26,2466,4846361006.0
2018-07-27,2466,4869811140.0
2018-07-30,2466,4822910872.0
2018-07-31,2466,4791644027.0
2018-08-01,2466,4869811140.0
2018-08-02,2466,4838544295.0
2018-08-03,2466,4783827316.0
2018-08-06,2466,4776010604.0
2018-08-07,2466,4768193893.0
2018-08-08,2466,4791644027.0
2018-08-09,2466,4791644027.0
2018-08-10,2466,4783827316.0
2018-08-13,2466,4768193893.0
2018-08-14,2466,4791644027.0
2018-08-15,2466,4760377182.0
2018-08-16,2466,4768193893.0
2018-08-17,2466,4783827316.0
2018-08-20,2466,4799460738.0
2018-08-21,2466,4830727583.0
2018-08-22,2466,4854177717.0
2018-08-23,2466,4893261274.0
2018-08-24,2466,4940161542.0
2018-08-27,2466,4979245098.0
2018-08-28,2466,5026145366.0
2018-08-29,2466,5057412211.0
2018-08-30,2466,4987061809.0
2018-08-31,2466,4924528119.0
2018-09-03,2466,4846361006.0
2018-09-04,2466,4846361006.0
2018-09-05,2466,4861994429.0
2018-09-06,2466,4815094161.0
2018-09-07,2466,4697843491.0
2018-09-10,2466,4705660203.0
2018-09-11,2466,4713476914.0
2018-09-12,2466,4729110337.0
2018-09-13,2466,4760377182.0
2018-09-14,2466,4799460738.0
2018-09-17,2466,4807277450.0
2018-09-18,2466,4846361006.0
2018-09-19,2466,4901077985.0
2018-09-20,2466,4932344830.0
2018-09-21,2466,5049595500.0
2018-09-25,2466,5080862345.0
2018-09-26,2466,5088679056.0
2018-09-27,2466,5080862345.0
2018-09-28,2466,5096495768.0
2018-10-01,2466,5104312479.0
2018-10-02,2466,5065228922.0
2018-10-03,2466,5065228922.0
2018-10-04,2466,5002695232.0
2018-10-08,2466,4721293625.0
2018-10-09,2466,4736927048.0
2018-10-11,2466,4494608998.0
2018-10-12,2466,4541509265.0
2018-10-15,2466,4533692554.0
2018-10-16,2466,4596226244.0
2018-10-17,2466,4643126512.0
2018-10-18,2466,4674393357.0
2018-10-19,2466,4674393357.0
2018-10-22,2466,4713476914.0
2018-10-23,2466,4697843491.0
2018-10-24,2466,4713476914.0
2018-10-25,2466,4690026780.0
2018-10-26,2466,4690026780.0
2018-10-29,2466,4682210069.0
2018-10-30,2466,4658759935.0
2018-10-31,2466,4619676378.0
2018-11-01,2466,4604042956.0
2018-11-02,2466,4611859667.0
2018-11-05,2466,4611859667.0
2018-11-06,2466,4611859667.0
2018-11-07,2466,4635309801.0
2018-11-08,2466,4658759935.0
2018-11-09,2466,4674393357.0
2018-11-12,2466,4690026780.0
2018-11-13,2466,4697843491.0
2018-11-14,2466,4690026780.0
2018-11-15,2466,4658759935.0
2018-11-16,2466,4658759935.0
2018-11-19,2466,4697843491.0
2018-11-20,2466,4705660203.0
2018-11-21,2466,4705660203.0
2018-11-22,2466,4690026780.0
2018-11-23,2466,4690026780.0
2018-11-26,2466,4721293625.0
2018-11-27,2466,4721293625.0
2018-11-28,2466,4807277450.0
2018-11-29,2466,4885444563.0
2018-11-30,2466,4869811140.0
2018-12-03,2466,4885444563.0
2018-12-04,2466,4893261274.0
2018-12-05,2466,4869811140.0
2018-12-06,2466,4799460738.0
2018-12-07,2466,4815094161.0
2018-12-10,2466,4815094161.0
2018-12-11,2466,4846361006.0
2018-12-12,2466,4877627851.0
2018-12-13,2466,4893261274.0
2018-12-14,2466,4877627851.0
2018-12-17,2466,4830727583.0
2018-12-18,2466,4830727583.0
2018-12-19,2466,4861994429.0
2018-12-20,2466,4940161542.0
2018-12-21,2466,5088679056.0
2018-12-24,2466,5151212747.0
2018-12-25,2466,5127762613.0
2018-12-26,2466,5135579324.0
2018-12-27,2466,5166846169.0
2018-12-28,2466,5182479592.0
2019-01-02,2466,5198113015.0
2019-01-03,2466,5182479592.0
2019-01-04,2466,5182479592.0
2019-01-07,2466,5221563148.0
2019-01-08,2466,5237196571.0
2019-01-09,2466,5276280128.0
2019-01-10,2466,5245013282.0
2019-01-11,2466,5284096839.0
2019-01-14,2466,5268463416.0
2019-01-15,2466,5237196571.0
2019-01-16,2466,5080862345.0
2019-01-17,2466,4947978253.0
2019-01-18,2466,4940161542.0
2019-01-21,2466,4955794964.0
2019-01-22,2466,4994878521.0
2019-01-23,2466,5002695232.0
2019-01-24,2466,5026145366.0
2019-01-25,2466,5041778789.0
2019-01-28,2466,5057412211.0
2019-01-29,2466,5065228922.0
2019-01-30,2466,5080862345.0
2019-02-11,2466,5104312479.0
2019-02-12,2466,5127762613.0
2019-02-13,2466,5143396035.0
2019-02-14,2466,5104312479.0
2019-02-15,2466,5080862345.0
2019-02-18,2466,4963611676.0
2019-02-19,2466,4994878521.0
2019-02-20,2466,5127762613.0
2019-02-21,2466,5127762613.0
2019-02-22,2466,5166846169.0
2019-02-25,2466,5205929726.0
2019-02-26,2466,5237196571.0
2019-02-27,2466,5260646705.0
2019-03-04,2466,5268463416.0
2019-03-05,2466,5291913550.0
2019-03-06,2466,5346630529.0
2019-03-07,2466,5416980931.0
2019-03-08,2466,5628032136.0
2019-03-11,2466,5620215425.0
2019-03-12,2466,5643665559.0
2019-03-13,2466,5612398713.0
2019-03-14,2466,5581131868.0
2019-03-15,2466,5542048312.0
2019-03-18,2466,5377897374.0
2019-03-19,2466,5119945902.0
2019-03-20,2466,5245013282.0
2019-03-21,2466,5198113015.0
2019-03-22,2466,5205929726.0
2019-03-25,2466,5151212747.0
2019-03-26,2466,5151212747.0
2019-03-27,2466,5088679056.0
2019-03-28,2466,5127762613.0
2019-03-29,2466,5080862345.0
2019-04-01,2466,5041778789.0
2019-04-02,2466,4963611676.0
2019-04-03,2466,4932344830.0
2019-04-08,2466,4979245098.0
2019-04-09,2466,5018328655.0
2019-04-10,2466,5080862345.0
2019-04-11,2466,5080862345.0
2019-04-12,2466,5119945902.0
2019-04-15,2466,5112129190.0
2019-04-16,2466,5002695232.0
2019-04-17,2466,4971428387.0
2019-04-18,2466,4901077985.0
2019-04-19,2466,4916711408.0
2019-04-22,2466,4971428387.0
2019-04-23,2466,4979245098.0
2019-04-24,2466,4994878521.0
2019-04-25,2466,5041778789.0
2019-04-26,2466,5057412211.0
2019-04-29,2466,5073045634.0
2019-04-30,2466,5119945902.0
2019-05-02,2466,5151212747.0
2019-05-03,2466,5315363684.0
2019-05-06,2466,5127762613.0
2019-05-07,2466,5151212747.0
2019-05-08,2466,5080862345.0
2019-05-09,2466,5119945902.0
2019-05-10,2466,5151212747.0
2019-05-13,2466,5159029458.0
2019-05-14,2466,5213746437.0
2019-05-15,2466,5252829994.0
2019-05-16,2466,5221563148.0
2019-05-17,2466,5229379860.0
2019-05-20,2466,5049595500.0
2019-05-21,2466,5127762613.0
2019-05-22,2466,5151212747.0
2019-05-23,2466,5073045634.0
2019-05-24,2466,5010511943.0
2019-05-27,2466,5119945902.0
2019-05-28,2466,5041778789.0
2019-05-29,2466,5096495768.0
2019-05-30,2466,5143396035.0
2019-05-31,2466,5237196571.0
2019-06-03,2466,5260646705.0
2019-06-04,2466,5229379860.0
2019-06-05,2466,5190296303.0
2019-06-06,2466,5151212747.0
2019-06-10,2466,5151212747.0
2019-06-11,2466,5159029458.0
2019-06-12,2466,5159029458.0
2019-06-13,2466,5088679056.0
2019-06-14,2466,5088679056.0
2019-06-17,2466,5080862345.0
2019-06-18,2466,5073045634.0
2019-06-19,2466,5135579324.0
2019-06-20,2466,5166846169.0
2019-06-21,2466,5205929726.0
2019-06-24,2466,5190296303.0
2019-06-25,2466,5198113015.0
2019-06-26,2466,5237196571.0
2019-06-27,2466,5213746437.0
2019-06-28,2466,5229379860.0
2019-07-01,2466,5260646705.0
2019-07-02,2466,5268463416.0
2019-07-03,2466,5284096839.0
2019-07-04,2466,5346630529.0
2019-07-05,2466,5424797642.0
2019-07-08,2466,5432614354.0
2019-07-09,2466,5534231600.0
2019-07-10,2466,5698382538.0
2019-07-11,2466,5690565826.0
2019-07-12,2466,5706199249.0
2019-07-15,2466,5628032136.0
2019-07-16,2466,5674932404.0
2019-07-17,2466,5628032136.0
2019-07-18,2466,5659298981.0
2019-07-19,2466,5690565826.0
2019-07-22,2466,5784366362.0
2019-07-23,2466,5690565826.0
2019-07-24,2466,5635848847.0
2019-07-25,2466,5549865023.0
2019-07-26,2466,5440431065.0
2019-07-29,2466,5385714086.0
2019-07-30,2466,5315363684.0
2019-07-31,2466,5276280128.0
2019-08-01,2466,5205929726.0
2019-08-02,2466,5127762613.0
2019-08-05,2466,5080862345.0
2019-08-06,2466,4987061809.0
2019-08-07,2466,4955794964.0
2019-08-08,2466,4971428387.0
2019-08-12,2466,4916711408.0
2019-08-13,2466,4916711408.0
2019-08-14,2466,5010511943.0
2019-08-15,2466,4994878521.0
2019-08-16,2466,5010511943.0
2019-08-19,2466,5080862345.0
2019-08-20,2466,5088679056.0
2019-08-21,2466,5057412211.0
2019-08-22,2466,5080862345.0
2019-08-23,2466,5104312479.0
2019-08-26,2466,5057412211.0
2019-08-27,2466,5073045634.0
2019-08-28,2466,5112129190.0
2019-08-29,2466,5119945902.0
2019-08-30,2466,5088679056.0
2019-09-02,2466,5112129190.0
2019-09-03,2466,5065228922.0
2019-09-04,2466,5112129190.0
2019-09-05,2466,5127762613.0
2019-09-06,2466,5143396035.0
2019-09-09,2466,5174662881.0
2019-09-10,2466,5135579324.0
2019-09-11,2466,5166846169.0
2019-09-12,2466,5205929726.0
2019-09-16,2466,5221563148.0
2019-09-17,2466,5221563148.0
2019-09-18,2466,5440431065.0
2019-09-19,2466,5549865023.0
2019-09-20,2466,5401347508.0
2019-09-23,2466,5284096839.0
2019-09-24,2466,5245013282.0
2019-09-25,2466,5252829994.0
2019-09-26,2466,5213746437.0
2019-09-27,2466,5135579324.0
2019-10-01,2466,5174662881.0
2019-10-02,2466,5190296303.0
2019-10-03,2466,5096495768.0
2019-10-04,2466,5018328655.0
2019-10-07,2466,5026145366.0
2019-10-08,2466,5041778789.0
2019-10-09,2466,5049595500.0
2019-10-14,2466,5135579324.0
2019-10-15,2466,5057412211.0
2019-10-16,2466,5159029458.0
2019-10-17,2466,5166846169.0
2019-10-18,2466,5190296303.0
2019-10-21,2466,5198113015.0
2019-10-22,2466,5198113015.0
2019-10-23,2466,5182479592.0
2019-10-24,2466,5159029458.0
2019-10-25,2466,5151212747.0
2019-10-28,2466,5080862345.0
2019-10-29,2466,5088679056.0
2019-10-30,2466,5088679056.0
2019-10-31,2466,5096495768.0
2019-11-01,2466,5104312479.0
2019-11-04,2466,5159029458.0
2019-11-05,2466,5221563148.0
2019-11-06,2466,5260646705.0
2019-11-07,2466,5245013282.0
2019-11-08,2466,5260646705.0
2019-11-11,2466,5205929726.0
2019-11-12,2466,5221563148.0
2019-11-13,2466,5174662881.0
2019-11-14,2466,5174662881.0
2019-11-15,2466,5166846169.0
2019-11-18,2466,5190296303.0
2019-11-19,2466,5190296303.0
2019-11-20,2466,5174662881.0
2019-11-21,2466,5073045634.0
2019-11-22,2466,5073045634.0
2019-11-25,2466,5041778789.0
2019-11-26,2466,5026145366.0
2019-11-27,2466,5033962077.0
2019-11-28,2466,5041778789.0
2019-11-29,2466,5049595500.0
2019-12-02,2466,5049595500.0
2019-12-03,2466,5049595500.0
2019-12-04,2466,5049595500.0
2019-12-05,2466,5080862345.0
2019-12-06,2466,5104312479.0
2019-12-09,2466,5127762613.0
2019-12-10,2466,5119945902.0
2019-12-11,2466,5127762613.0
2019-12-12,2466,5159029458.0
2019-12-13,2466,5205929726.0
2019-12-16,2466,5330997107.0
2019-12-17,2466,5330997107.0
2019-12-18,2466,5432614354.0
2019-12-19,2466,5401347508.0
2019-12-20,2466,5370080663.0
2019-12-23,2466,5299730261.0
2019-12-24,2466,5299730261.0
2019-12-25,2466,5299730261.0
2019-12-26,2466,5307546973.0
2019-12-27,2466,5330997107.0
2019-12-30,2466,5338813818.0
2019-12-31,2466,5338813818.0
2020-01-02,2466,5354447241.0
2020-01-03,2466,5362263952.0
2020-01-06,2466,5385714086.0
2020-01-07,2466,5393530797.0
2020-01-08,2466,5409164220.0
2020-01-09,2466,5432614354.0
2020-01-10,2466,5471697910.0
2020-01-13,2466,5471697910.0
2020-01-14,2466,5502964755.0
2020-01-15,2466,5495148044.0
2020-01-16,2466,5495148044.0
2020-01-17,2466,5510781467.0
2020-01-20,2466,5542048312.0
2020-01-30,2466,5432614354.0
2020-01-31,2466,5432614354.0
2020-02-03,2466,5432614354.0
2020-02-04,2466,5456064487.0
2020-02-05,2466,5471697910.0
2020-02-06,2466,5502964755.0
2020-02-07,2466,5354447241.0
2020-02-10,2466,5323180395.0
2020-02-11,2466,5346630529.0
2020-02-12,2466,5409164220.0
2020-02-13,2466,5463881199.0
2020-02-14,2466,5456064487.0
2020-02-17,2466,5448247776.0
2020-02-18,2466,5440431065.0
2020-02-19,2466,5448247776.0
2020-02-20,2466,5448247776.0
2020-02-21,2466,5440431065.0
2020-02-24,2466,5440431065.0
2020-02-25,2466,5409164220.0
2020-02-26,2466,5416980931.0
2020-02-27,2466,5385714086.0
2020-03-02,2466,5401347508.0
2020-03-03,2466,5416980931.0
2020-03-04,2466,5440431065.0
2020-03-05,2466,5463881199.0
2020-03-06,2466,5385714086.0
2020-03-09,2466,5276280128.0
2020-03-10,2466,5229379860.0
2020-03-11,2466,5221563148.0
2020-03-12,2466,5182479592.0
2020-03-13,2466,5119945902.0
2020-03-16,2466,5088679056.0
2020-03-17,2466,5041778789.0
2020-03-18,2466,5033962077.0
2020-03-19,2466,4893261274.0
2020-03-20,2466,4908894696.0
2020-03-23,2466,4901077985.0
2020-03-24,2466,4908894696.0
2020-03-25,2466,4979245098.0
2020-03-26,2466,4963611676.0
2020-03-27,2466,5018328655.0
2020-03-30,2466,5026145366.0
2020-03-31,2466,5026145366.0
2020-04-01,2466,5002695232.0
2020-04-06,2466,5057412211.0
2020-04-07,2466,5018328655.0
2020-04-08,2466,4932344830.0
2020-04-09,2466,4940161542.0
2020-04-10,2466,4861994429.0
2020-04-13,2466,4791644027.0
2020-04-14,2466,4901077985.0
2020-04-15,2466,4885444563.0
2020-04-16,2466,4799460738.0
2020-04-17,2466,4822910872.0
2020-04-20,2466,4846361006.0
2020-04-21,2466,4791644027.0
2020-04-22,2466,4783827316.0
2020-04-23,2466,4768193893.0
2020-04-24,2466,4736927048.0
2020-04-27,2466,4791644027.0
2020-04-28,2466,4854177717.0
2020-04-29,2466,4955794964.0
2020-04-30,2466,5127762613.0
2020-05-04,2466,4877627851.0
2020-05-05,2466,4791644027.0
2020-05-06,2466,4799460738.0
2020-05-07,2466,4846361006.0
2020-05-08,2466,4932344830.0
2020-05-11,2466,4932344830.0
2020-05-12,2466,4721293625.0
2020-05-13,2466,4736927048.0
2020-05-14,2466,4690026780.0
2020-05-15,2466,4611859667.0
2020-05-18,2466,4557142688.0
2020-05-19,2466,4697843491.0
2020-05-20,2466,4658759935.0
2020-05-21,2466,4635309801.0
2020-05-22,2466,4510242420.0
2020-05-25,2466,4525875843.0
2020-05-26,2466,4619676378.0
2020-05-27,2466,4564959399.0
2020-05-28,2466,4541509265.0
2020-05-29,2466,4502425709.0
2020-06-01,2466,4471158864.0
2020-06-02,2466,4455525441.0
2020-06-03,2466,4486792286.0
2020-06-04,2466,4510242420.0
2020-06-05,2466,4541509265.0
2020-06-08,2466,4502425709.0
2020-06-09,2466,4471158864.0
2020-06-10,2466,4502425709.0
2020-06-12,2466,4471158864.0
2020-06-15,2466,4447708730.0
2020-06-16,2466,4486792286.0
2020-06-17,2466,4541509265.0
2020-06-18,2466,4580592822.0
2020-06-19,2466,4588409533.0
2020-06-22,2466,4580592822.0
2020-06-23,2466,4455525441.0
2020-06-24,2466,4471158864.0
2020-06-29,2466,4439892018.0
2020-06-30,2466,4455525441.0
2020-07-01,2466,4463342152.0
2020-07-02,2466,4502425709.0
2020-07-03,2466,4486792286.0
2020-07-06,2466,4486792286.0
2020-07-07,2466,4478975575.0
2020-07-08,2466,4471158864.0
2020-07-09,2466,4486792286.0
2020-07-10,2466,4478975575.0
2020-07-13,2466,4471158864.0
2020-07-14,2466,4471158864.0
2020-07-15,2466,4502425709.0
2020-07-16,2466,4478975575.0
2020-07-17,2466,4478975575.0
2020-07-20,2466,4463342152.0
2020-07-21,2466,4486792286.0
2020-07-22,2466,4502425709.0
2020-07-23,2466,4471158864.0
2020-07-24,2466,4471158864.0
2020-07-27,2466,4455525441.0
2020-07-28,2466,4463342152.0
2020-07-29,2466,4478975575.0
2020-07-30,2466,4486792286.0
2020-07-31,2466,4494608998.0
2020-08-03,2466,4471158864.0
2020-08-04,2466,4478975575.0
2020-08-05,2466,4502425709.0
2020-08-06,2466,4510242420.0
2020-08-07,2466,4463342152.0
2020-08-10,2466,4463342152.0
2020-08-11,2466,4471158864.0
2020-08-12,2466,4478975575.0
2020-08-13,2466,4494608998.0
2020-08-14,2466,4502425709.0
2020-08-17,2466,4518059131.0
2020-08-18,2466,4525875843.0
2020-08-19,2466,4525875843.0
2020-08-20,2466,4502425709.0
2020-08-21,2466,4525875843.0
2020-08-24,2466,4541509265.0
2020-08-25,2466,4713476914.0
2020-08-26,2466,4674393357.0
2020-08-27,2466,4643126512.0
2020-08-28,2466,4619676378.0
2020-08-31,2466,4604042956.0
2020-09-01,2466,4643126512.0
2020-09-02,2466,4650943224.0
2020-09-03,2466,4674393357.0
2020-09-04,2466,4682210069.0
2020-09-07,2466,4611859667.0
2020-09-08,2466,4658759935.0
2020-09-09,2466,4666576646.0
2020-09-10,2466,4658759935.0
2020-09-11,2466,4666576646.0
2020-09-14,2466,4690026780.0
2020-09-15,2466,4682210069.0
2020-09-16,2466,4690026780.0
2020-09-17,2466,4705660203.0
2020-09-18,2466,4713476914.0
2020-09-21,2466,4690026780.0
2020-09-22,2466,4658759935.0
2020-09-23,2466,4643126512.0
2020-09-24,2466,4635309801.0
2020-09-25,2466,4674393357.0
2020-09-28,2466,4682210069.0
2020-09-29,2466,4690026780.0
2020-09-30,2466,4690026780.0
2020-10-05,2466,4697843491.0
2020-10-06,2466,4705660203.0
2020-10-07,2466,4713476914.0
2020-10-08,2466,4713476914.0
2020-10-12,2466,4713476914.0
2020-10-13,2466,4690026780.0
2020-10-14,2466,4682210069.0
2020-10-15,2466,4674393357.0
2020-10-16,2466,4658759935.0
2020-10-19,2466,4674393357.0
2020-10-20,2466,4674393357.0
2020-10-21,2466,4682210069.0
2020-10-22,2466,4658759935.0
2020-10-23,2466,4666576646.0
2020-10-26,2466,4658759935.0
2020-10-27,2466,4666576646.0
2020-10-28,2466,4658759935.0
2020-10-29,2466,4650943224.0
2020-10-30,2466,4650943224.0
2020-11-02,2466,4658759935.0
2020-11-03,2466,4666576646.0
2020-11-04,2466,4666576646.0
2020-11-05,2466,4674393357.0
2020-11-06,2466,4690026780.0
2020-11-09,2466,4697843491.0
2020-11-10,2466,4697843491.0
2020-11-11,2466,4697843491.0
2020-11-12,2466,4697843491.0
2020-11-13,2466,4705660203.0
2020-11-16,2466,4721293625.0
2020-11-17,2466,4752560470.0
2020-11-18,2466,4791644027.0
2020-11-19,2466,4776010604.0
2020-11-20,2466,4830727583.0
2020-11-23,2466,4854177717.0
2020-11-24,2466,4877627851.0
2020-11-25,2466,4869811140.0
2020-11-26,2466,4893261274.0
2020-11-27,2466,4908894696.0
2020-11-30,2466,4854177717.0
2020-12-01,2466,4861994429.0
2020-12-02,2466,4869811140.0
2020-12-03,2466,4861994429.0
2020-12-04,2466,4885444563.0
2020-12-07,2466,4885444563.0
2020-12-08,2466,4869811140.0
2020-12-09,2466,4846361006.0
2020-12-10,2466,4838544295.0
2020-12-11,2466,4838544295.0
2020-12-14,2466,4838544295.0
2020-12-15,2466,4838544295.0
2020-12-16,2466,4908894696.0
2020-12-17,2466,4861994429.0
2020-12-18,2466,4877627851.0
2020-12-21,2466,4916711408.0
2020-12-22,2466,4924528119.0
2020-12-23,2466,4940161542.0
2020-12-24,2466,4963611676.0
2020-12-25,2466,4994878521.0
2020-12-28,2466,5041778789.0
2020-12-29,2466,5049595500.0
2020-12-30,2466,5041778789.0
2020-12-31,2466,5112129190.0
2021-01-04,2466,5166846169.0
2021-01-05,2466,5166846169.0
2021-01-06,2466,5205929726.0
2021-01-07,2466,5245013282.0
2021-01-08,2466,5229379860.0
2021-01-11,2466,5213746437.0
2021-01-12,2466,5127762613.0
2021-01-13,2466,5159029458.0
2021-01-14,2466,5143396035.0
2021-01-15,2466,5119945902.0
2021-01-18,2466,5088679056.0
2021-01-19,2466,5104312479.0
2021-01-20,2466,4963611676.0
2021-01-21,2466,4994878521.0
2021-01-22,2466,5049595500.0
2021-01-25,2466,5065228922.0
2021-01-26,2466,5057412211.0
2021-01-27,2466,5096495768.0
2021-01-28,2466,5096495768.0
2021-01-29,2466,5065228922.0
2021-02-01,2466,5073045634.0
2021-02-02,2466,5088679056.0
2021-02-03,2466,5119945902.0
2021-02-05,2466,5135579324.0
2021-02-17,2466,5198113015.0
2021-02-18,2466,5252829994.0
2021-02-19,2466,5245013282.0
2021-02-22,2466,5276280128.0
2021-02-23,2466,5276280128.0
2021-02-24,2466,5315363684.0
2021-02-25,2466,5370080663.0
2021-02-26,2466,5424797642.0
2021-03-02,2466,5432614354.0
2021-03-03,2466,5487331333.0
2021-03-04,2466,5479514621.0
2021-03-05,2466,5393530797.0
2021-03-08,2466,5370080663.0
2021-03-09,2466,5354447241.0
2021-03-10,2466,5346630529.0
2021-03-11,2466,5346630529.0
2021-03-12,2466,5276280128.0
2021-03-15,2466,5237196571.0
2021-03-16,2466,5245013282.0
2021-03-17,2466,5221563148.0
2021-03-18,2466,5237196571.0
2021-03-19,2466,5174662881.0
2021-03-22,2466,5182479592.0
2021-03-23,2466,5205929726.0
2021-03-24,2466,5276280128.0
2021-03-25,2466,5276280128.0
2021-03-26,2466,5268463416.0
2021-03-29,2466,5268463416.0
2021-03-30,2466,5229379860.0
2021-03-31,2466,5221563148.0
2021-04-01,2466,5190296303.0
2021-04-06,2466,5237196571.0
2021-04-07,2466,5338813818.0
2021-04-08,2466,5323180395.0
2021-04-09,2466,5338813818.0
2021-04-12,2466,5370080663.0
2021-04-13,2466,5385714086.0
2021-04-14,2466,5354447241.0
2021-04-15,2466,5354447241.0
2021-04-16,2466,5362263952.0
2021-04-19,2466,5393530797.0
2021-04-20,2466,5424797642.0
2021-04-21,2466,5385714086.0
2021-04-22,2466,5346630529.0
2021-04-23,2466,5338813818.0
2021-04-26,2466,5409164220.0
2021-04-28,2466,5471697910.0
2021-04-29,2466,5409164220.0
2021-05-03,2466,5346630529.0
2021-05-04,2466,5260646705.0
2021-05-05,2466,5143396035.0
2021-05-06,2466,5119945902.0
2021-05-07,2466,5151212747.0
2021-05-10,2466,5151212747.0
2021-05-11,2466,5159029458.0
2021-05-12,2466,5010511943.0
2021-05-13,2466,4971428387.0
2021-05-14,2466,5018328655.0
2021-05-17,2466,4994878521.0
2021-05-18,2466,4979245098.0
2021-05-19,2466,4947978253.0
2021-05-20,2466,4916711408.0
2021-05-21,2466,4940161542.0
2021-05-24,2466,4877627851.0
2021-05-25,2466,4971428387.0
2021-05-26,2466,5033962077.0
2021-05-27,2466,4947978253.0
2021-05-28,2466,5002695232.0
2021-05-31,2466,5033962077.0
2021-06-01,2466,5065228922.0
2021-06-02,2466,5096495768.0
2021-06-03,2466,5127762613.0
2021-06-04,2466,5112129190.0
2021-06-07,2466,5049595500.0
2021-06-08,2466,5065228922.0
2021-06-09,2466,5080862345.0
2021-06-10,2466,5159029458.0
2021-06-11,2466,5221563148.0
2021-06-15,2466,5252829994.0
2021-06-16,2466,5237196571.0
2021-06-17,2466,5159029458.0
2021-06-18,2466,5182479592.0
2021-06-21,2466,5190296303.0
2021-06-22,2466,5284096839.0
2021-06-23,2466,5463881199.0
2021-06-24,2466,5596765291.0
2021-06-25,2466,5706199249.0
2021-06-28,2466,5799999785.0
2021-06-29,2466,5815633207.0
2021-06-30,2466,5839083341.0
2021-07-01,2466,5846900052.0
2021-07-02,2466,5870350186.0
2021-07-05,2466,5964150722.0
2021-07-06,2466,5940700588.0
2021-07-07,2466,5948517299.0
2021-07-08,2466,5956334011.0
2021-07-09,2466,5940700588.0
2021-07-12,2466,5940700588.0
2021-07-13,2466,6151751793.0
2021-07-14,2466,6206468772.0
2021-07-15,2466,6480053668.0
2021-07-16,2466,6440970111.0
2021-07-19,2466,6253369040.0
2021-07-20,2466,6284635885.0
2021-07-21,2466,6261185751.0
2021-07-22,2466,6769271986.0
2021-07-23,2466,6667654739.0
2021-07-26,2466,6659838028.0
2021-07-27,2466,6605121049.0
2021-07-28,2466,6519137224.0
2021-07-29,2466,6753638563.0
2021-07-30,2466,6659838028.0
2021-08-02,2466,6675471450.0
2021-08-03,2466,6683288162.0
2021-08-04,2466,6706738295.0
2021-08-05,2466,6722371718.0
2021-08-06,2466,6784905408.0
2021-08-09,2466,6761455275.0
2021-08-10,2466,6761455275.0
2021-08-11,2466,6784905408.0
2021-08-12,2466,6839622388.0
2021-08-13,2466,6753638563.0
2021-08-16,2466,6753638563.0
2021-08-17,2466,6761455275.0
2021-08-18,2466,6800538831.0
2021-08-19,2466,6769271986.0
2021-08-20,2466,6956873057.0
2021-08-23,2466,7035040170.0
2021-08-24,2466,7027223459.0
2021-08-25,2466,7050673593.0
2021-08-26,2466,7019406747.0
2021-08-27,2466,7042856881.0
2021-08-30,2466,7042856881.0
2021-08-31,2466,7113207283.0
2021-09-01,2466,7113207283.0
2021-09-02,2466,7167924262.0
2021-09-03,2466,7222641241.0
2021-09-06,2466,7222641241.0
2021-09-07,2466,7191374396.0
2021-09-08,2466,7128840706.0
2021-09-09,2466,7089757149.0
2021-09-10,2466,7097573860.0
2021-09-13,2466,7058490304.0
2021-09-14,2466,7011590036.0
2021-09-15,2466,6831805676.0
2021-09-16,2466,6691104873.0
2021-09-17,2466,6691104873.0
2021-09-22,2466,7066307015.0
2021-09-24,2466,6800538831.0
2021-09-27,2466,6675471450.0
2021-09-28,2466,5971967433.0
2021-09-29,2466,5964150722.0
2021-09-30,2466,5956334011.0
2021-10-01,2466,5893800320.0
2021-10-04,2466,5815633207.0
2021-10-05,2466,5776549651.0
2021-10-06,2466,5690565826.0
2021-10-07,2466,5823449919.0
2021-10-08,2466,5831266630.0
2021-10-12,2466,5792183073.0
2021-10-13,2466,5792183073.0
2021-10-14,2466,5792183073.0
2021-10-15,2466,5784366362.0
2021-10-18,2466,5784366362.0
2021-10-19,2466,5784366362.0
2021-10-20,2466,5942155506.0
2021-10-21,2466,5974449829.0
2021-10-22,2466,5974449829.0
2021-10-25,2466,5998670572.0
2021-10-26,2466,6014817733.0
2021-10-27,2466,5974449829.0
2021-10-28,2466,5966376248.0
2021-10-29,2466,5958302667.0
2021-11-01,2466,6039038476.0
2021-11-02,2466,6071332799.0
2021-11-03,2466,6055185638.0
2021-11-04,2466,6022891314.0
2021-11-05,2466,5950229086.0
2021-11-08,2466,5990596991.0
2021-11-09,2466,6039038476.0
2021-11-10,2466,6039038476.0
2021-11-11,2466,6022891314.0
2021-11-12,2466,6022891314.0
2021-11-15,2466,6030964895.0
2021-11-16,2466,6039038476.0
2021-11-17,2466,6014817733.0
2021-11-18,2466,6047112057.0
2021-11-19,2466,6047112057.0
2021-11-22,2466,6006744152.0
2021-11-23,2466,5958302667.0
2021-11-24,2466,5990596991.0
2021-11-25,2466,6006744152.0
2021-11-26,2466,5958302667.0
2021-11-29,2466,5974449829.0
2021-11-30,2466,5966376248.0
2021-12-01,2466,5885640440.0
2021-12-02,2466,5845272535.0
2021-12-03,2466,5845272535.0
2021-12-06,2466,5732242404.0
2021-12-07,2466,5716095242.0
2021-12-08,2466,5740315984.0
2021-12-09,2466,5756463146.0
2021-12-10,2466,5788757469.0
2021-12-13,2466,5796831050.0
2021-12-14,2466,5716095242.0
2021-12-15,2466,5683800918.0
2021-12-16,2466,5699948080.0
2021-12-17,2466,5708021661.0
2021-12-20,2466,5691874499.0
2021-12-21,2466,5756463146.0
2021-12-22,2466,5796831050.0
2021-12-23,2466,5885640440.0
2021-12-24,2466,5901787601.0
2021-12-27,2466,5934081925.0
2021-12-28,2466,5934081925.0
2021-12-29,2466,5926008344.0
2021-12-30,2466,5909861182.0
2022-01-03,2466,5893714021.0
2022-01-04,2466,5893714021.0
2022-01-05,2466,5877566859.0
2022-01-06,2466,5812978212.0
2022-01-07,2466,5772610308.0
2022-01-10,2466,5740315984.0
2022-01-11,2466,5716095242.0
2022-01-12,2466,5724168823.0
2022-01-13,2466,5732242404.0
2022-01-14,2466,5708021661.0
2022-01-17,2466,5659580176.0
2022-01-18,2466,5667653757.0
2022-01-19,2466,5651506595.0
2022-01-20,2466,5651506595.0
2022-01-21,2466,5538476463.0
2022-01-24,2466,5538476463.0
2022-01-25,2466,5538476463.0
2022-01-26,2466,5538476463.0
2022-02-07,2466,5594991529.0
2022-02-08,2466,5562697206.0
2022-02-09,2466,5603065110.0
2022-02-10,2466,5627285852.0
2022-02-11,2466,5546550044.0
2022-02-14,2466,5522329301.0
2022-02-15,2466,5522329301.0
2022-02-16,2466,5554623625.0
2022-02-17,2466,5586917948.0
2022-02-18,2466,5611138691.0
2022-02-21,2466,5611138691.0
2022-02-22,2466,5514255721.0
2022-02-23,2466,5530402882.0
2022-02-24,2466,5498108559.0
2022-02-25,2466,5522329301.0
2022-03-01,2466,5586917948.0
2022-03-02,2466,5603065110.0
2022-03-03,2466,5635359433.0
2022-03-04,2466,5562697206.0
2022-03-07,2466,5506182140.0
2022-03-08,2466,5481961397.0
2022-03-09,2466,5490034978.0
2022-03-10,2466,5546550044.0
2022-03-11,2466,5490034978.0
2022-03-14,2466,5490034978.0
2022-03-15,2466,5441593493.0
2022-03-16,2466,5409299170.0
2022-03-17,2466,5417372750.0
2022-03-18,2466,5425446331.0
2022-03-21,2466,5409299170.0
2022-03-22,2466,5401225589.0
2022-03-23,2466,5425446331.0
2022-03-24,2466,5425446331.0
2022-03-25,2466,5409299170.0
2022-03-28,2466,5352784104.0
2022-03-29,2466,5352784104.0
2022-03-30,2466,5377004846.0
2022-03-31,2466,5368931265.0
2022-04-01,2466,5320489780.0
2022-04-06,2466,5312416199.0
2022-04-07,2466,5312416199.0
2022-04-08,2466,5312416199.0
2022-04-11,2466,5263974714.0
2022-04-12,2466,5288195457.0
2022-04-13,2466,5425446331.0
2022-04-14,2466,5449667074.0
2022-04-15,2466,5433519912.0
2022-04-18,2466,5417372750.0
2022-04-19,2466,5457740655.0
2022-04-20,2466,5457740655.0
2022-04-21,2466,5490034978.0
2022-04-22,2466,5473887816.0
2022-04-25,2466,5393152008.0
2022-04-26,2466,5441593493.0
2022-04-27,2466,5417372750.0
2022-04-28,2466,5473887816.0
2022-04-29,2466,5417372750.0
2022-05-03,2466,5409299170.0
2022-05-04,2466,5425446331.0
2022-05-05,2466,5393152008.0
2022-05-06,2466,5247827553.0
2022-05-09,2466,5150944582.0
2022-05-10,2466,5167091744.0
2022-05-11,2466,5134797421.0
2022-05-12,2466,5126723840.0
2022-05-13,2466,5199386067.0
2022-05-16,2466,5239753972.0
2022-05-17,2466,5312416199.0
2022-05-18,2466,5272048295.0
2022-05-19,2466,5263974714.0
2022-05-20,2466,5312416199.0
2022-05-23,2466,5320489780.0
2022-05-24,2466,5255901133.0
2022-05-25,2466,5272048295.0
2022-05-26,2466,5277003292.0
2022-05-27,2466,5333571474.0
2022-05-30,2466,5414383163.0
2022-05-31,2466,5462870176.0
2022-06-01,2466,5390139656.0
2022-06-02,2466,5398220825.0
2022-06-06,2466,5446707839.0
2022-06-07,2466,5438626670.0
2022-06-08,2466,5438626670.0
2022-06-09,2466,5430545501.0
2022-06-10,2466,5446707839.0
2022-06-13,2466,5422464332.0
2022-06-14,2466,5390139656.0
2022-06-15,2466,5923496804.0
2022-06-16,2466,5923496804.0
2022-06-17,2466,5866928621.0
2022-06-20,2466,5769954595.0
2022-06-21,2466,5713386412.0
2022-06-22,2466,5527519528.0
2022-06-23,2466,5592168879.0
2022-06-24,2466,5866928621.0
2022-06-27,2466,5988146155.0
2022-06-28,2466,5753792257.0
2022-06-29,2466,5737629919.0
2022-07-01,2466,5656818230.0
2022-07-04,2466,5656818230.0
2022-07-05,2466,5737629919.0
2022-07-06,2466,5656818230.0
2022-07-07,2466,5729548750.0
2022-07-08,2466,5737629919.0
2022-07-11,2466,5616412386.0
2022-07-12,2466,5503276021.0
2022-07-13,2466,5535600697.0
2022-07-14,2466,5519438359.0
2022-07-15,2466,5503276021.0
2022-07-18,2466,5551763034.0
2022-07-19,2466,5559844203.0
2022-07-20,2466,5543681865.0
2022-07-21,2466,5567925372.0
2022-07-22,2466,5543681865.0
2022-07-25,2466,5535600697.0
2022-07-26,2466,5576006541.0
2022-07-27,2466,5600250048.0
2022-07-28,2466,5559844203.0
2022-07-29,2466,5632574723.0
2022-08-01,2466,5624493554.0
2022-08-02,2466,5454789008.0
2022-08-03,2466,5390139656.0
2022-08-04,2466,5349733812.0
2022-08-05,2466,5470951345.0
2022-08-08,2466,5479032514.0
2022-08-09,2466,5559844203.0
2022-08-10,2466,5543681865.0
2022-08-11,2466,5689142906.0
2022-08-12,2466,5648737061.0
2022-08-15,2466,5430545501.0
2022-08-16,2466,5438626670.0
2022-08-17,2466,5438626670.0
2022-08-18,2466,5414383163.0
2022-08-19,2466,5414383163.0
2022-08-22,2466,5349733812.0
2022-08-23,2466,5277003292.0
2022-08-24,2466,5277003292.0
2022-08-25,2466,5293165630.0
2022-08-26,2466,5349733812.0
2022-08-29,2466,5260840954.0
2022-08-30,2466,5293165630.0
2022-08-31,2466,5317409136.0
2022-09-01,2466,5236597447.0
2022-09-02,2466,5244678616.0
2022-09-05,2466,5252759785.0
2022-09-06,2466,5220435109.0
2022-09-07,2466,5220435109.0
2022-09-08,2466,5293165630.0
2022-09-12,2466,5398220825.0
2022-09-13,2466,5414383163.0
2022-09-14,2466,5301246798.0
2022-09-15,2466,5301246798.0
2022-09-16,2466,5301246798.0
2022-09-19,2466,5285084461.0
2022-09-20,2466,5277003292.0
2022-09-21,2466,5188110434.0
2022-09-22,2466,5115379914.0
2022-09-23,2466,5115379914.0
2022-09-26,2466,5042649394.0
2022-09-27,2466,5074974069.0
2022-09-28,2466,5026487056.0
2022-09-29,2466,5074974069.0
2022-09-30,2466,5131542252.0
2022-10-03,2466,5099217576.0
2022-10-04,2466,5188110434.0
2022-10-05,2466,5180029265.0
2022-10-06,2466,5196191603.0
2022-10-07,2466,5220435109.0
2022-10-11,2466,5188110434.0
2022-10-12,2466,5204272772.0
2022-10-13,2466,5139623420.0
2022-10-14,2466,5220435109.0
2022-10-17,2466,5220435109.0
2022-10-18,2466,5212353941.0
2022-10-19,2466,5252759785.0
2022-10-20,2466,5180029265.0
2022-10-21,2466,5171948096.0
2022-10-24,2466,5260840954.0
2022-10-25,2466,5277003292.0
2022-10-26,2466,5268922123.0
2022-10-27,2466,5293165630.0
2022-10-31,2466,5268922123.0
2022-11-01,2466,5301246798.0
2022-11-02,2466,5309327967.0
2022-11-03,2466,5325490305.0
2022-11-04,2466,5325490305.0
2022-11-07,2466,5365896150.0
2022-11-08,2466,5608331217.0
2022-11-09,2466,5753792257.0
2022-11-10,2466,5721467581.0
2022-11-11,2466,5729548750.0
2022-11-14,2466,5713386412.0
2022-11-15,2466,5721467581.0
2022-11-16,2466,5624493554.0
2022-11-17,2466,5576006541.0
2022-11-21,2466,5592168879.0
2022-11-22,2466,5567925372.0
2022-11-23,2466,5608331217.0
2022-11-24,2466,5769954595.0
2022-11-25,2466,5834603946.0
2022-11-28,2466,5737629919.0
2022-11-29,2466,5745711088.0
2022-11-30,2466,5786116932.0
2022-12-01,2466,5996227324.0
2022-12-02,2466,6085120182.0
2022-12-05,2466,6060876675.0
2022-12-06,2466,5980064986.0
2022-12-07,2466,5559844203.0
2022-12-08,2466,5422464332.0
2022-12-09,2466,5365896150.0
2022-12-12,2466,5260840954.0
2022-12-13,2466,5285084461.0
2022-12-14,2466,5333571474.0
2022-12-15,2466,5301246798.0
2022-12-16,2466,5188110434.0
2022-12-19,2466,5115379914.0
2022-12-20,2466,5074974069.0
2022-12-21,2466,5204272772.0
2022-12-22,2466,5446707839.0
2022-12-23,2466,5382058487.0
2022-12-26,2466,5446707839.0
2022-12-27,2466,5430545501.0
2022-12-28,2466,5398220825.0
2022-12-29,2466,5390139656.0
2022-12-30,2466,5373977319.0
2023-01-03,2466,5293165630.0
2023-01-04,2466,5309327967.0
2023-01-05,2466,5555318745.0
2023-01-06,2466,5588936407.0
2023-01-09,2466,5664576148.0
2023-01-10,2466,5656171732.0
2023-01-11,2466,5647767317.0
2023-01-12,2466,5647767317.0
2023-01-13,2466,5664576148.0
2023-01-16,2466,5664576148.0
2023-01-17,2466,5672980564.0
2023-01-30,2466,5647767317.0
2023-01-31,2466,5706598226.0
2023-02-01,2466,5790642383.0
2023-02-02,2466,5849473292.0
2023-02-03,2466,5866282124.0
2023-02-06,2466,5849473292.0
2023-02-07,2466,5857877708.0
2023-02-08,2466,5883090955.0
2023-02-10,2466,5866282124.0
2023-02-13,2466,5832664461.0
2023-02-14,2466,5857877708.0
2023-02-15,2466,5857877708.0
2023-02-16,2466,5857877708.0
2023-02-17,2466,5824260045.0
2023-02-20,2466,5866282124.0
2023-02-21,2466,5857877708.0
2023-02-22,2466,5799046799.0
2023-02-23,2466,5841068877.0
2023-02-24,2466,5841068877.0
2023-03-01,2466,5757024720.0
2023-03-02,2466,5773833552.0
2023-03-03,2466,5807451214.0
2023-03-06,2466,5807451214.0
2023-03-07,2466,5824260045.0
2023-03-08,2466,5757024720.0
2023-03-09,2466,5782237967.0
2023-03-10,2466,5731811473.0
2023-03-13,2466,5748620305.0
2023-03-14,2466,5706598226.0
2023-03-15,2466,5706598226.0
2023-03-16,2466,5681384979.0
2023-03-17,2466,5698193811.0
2023-03-20,2466,5698193811.0
2023-03-21,2466,5698193811.0
2023-03-22,2466,5689789395.0
2023-03-23,2466,5698193811.0
2023-03-24,2466,5757024720.0
2023-03-27,2466,5706598226.0
2023-03-28,2466,5715002642.0
2023-03-29,2466,5832664461.0
2023-03-30,2466,6000752774.0
2023-03-31,2466,5933517449.0
2023-04-06,2466,5883090955.0
2023-04-07,2466,5866282124.0
2023-04-10,2466,5849473292.0
2023-04-11,2466,5899899786.0
2023-04-12,2466,5925113033.0
2023-04-13,2466,5874686539.0
2023-04-14,2466,5908304202.0
2023-04-17,2466,5891495371.0
2023-04-18,2466,5866282124.0
2023-04-19,2466,5866282124.0
2023-04-20,2466,5866282124.0
2023-04-21,2466,5849473292.0
2023-04-24,2466,5857877708.0
2023-04-25,2466,5841068877.0
2023-04-26,2466,5799046799.0
2023-04-27,2466,5824260045.0
2023-04-28,2466,5849473292.0
2023-05-02,2466,5899899786.0
2023-05-03,2466,5866282124.0
2023-05-05,2466,5891495371.0
2023-05-08,2466,5899899786.0
2023-05-09,2466,5891495371.0
2023-05-10,2466,5874686539.0
2023-05-11,2466,5874686539.0
2023-05-12,2466,5925113033.0
2023-05-15,2466,5933517449.0
2023-05-16,2466,5992348358.0
2023-05-17,2466,6059888270.0
2023-05-18,2466,6034673756.0
2023-05-19,2466,6051483432.0
2023-05-22,2466,6043078594.0
2023-05-23,2466,6043078594.0
2023-05-24,2466,6059888270.0
2023-05-25,2466,6043078594.0
2023-05-26,2466,6026268918.0
2023-05-29,2466,6076697946.0
2023-05-30,2466,6076697946.0
2023-05-31,2466,6085102784.0
2023-06-01,2466,6085102784.0
2023-06-02,2466,6085102784.0
2023-06-05,2466,6085102784.0
2023-06-06,2466,6034673756.0
2023-06-07,2466,6101912461.0
2023-06-08,2466,6051483432.0
2023-06-09,2466,6110317299.0
2023-06-12,2466,6118722137.0
2023-06-13,2466,6110317299.0
2023-06-14,2466,6101912461.0
2023-06-15,2466,6219580194.0
2023-06-16,2466,6169151165.0
2023-06-19,2466,6127126975.0
2023-06-20,2466,6118722137.0
2023-06-21,2466,6723870480.0
2023-06-26,2466,7034849490.0
2023-06-27,2466,6488535013.0
2023-06-28,2466,6328843089.0
2023-06-29,2466,6286818899.0
2023-06-30,2466,6278414061.0
2023-07-03,2466,6354057604.0
2023-07-04,2466,6379272118.0
2023-07-05,2466,6345652766.0
2023-07-06,2466,6345652766.0
2023-07-07,2466,6337247927.0
2023-07-10,2466,6337247927.0
2023-07-11,2466,6320438251.0
2023-07-12,2466,6303628575.0
2023-07-13,2466,6345652766.0
2023-07-14,2466,6412891470.0
2023-07-17,2466,6404486632.0
2023-07-18,2466,6270009223.0
2023-07-19,2466,6261604385.0
2023-07-20,2466,6270009223.0
2023-07-21,2466,6219580194.0
2023-07-24,2466,6202770518.0
2023-07-25,2466,6152341489.0
2023-07-26,2466,6194365680.0
2023-07-27,2466,6286818899.0
2023-07-28,2466,6286818899.0
2023-07-31,2466,6312033413.0
2023-08-01,2466,6337247927.0
2023-08-02,2466,6312033413.0
2023-08-04,2466,6286818899.0
2023-08-07,2466,6286818899.0
2023-08-08,2466,6270009223.0
2023-08-09,2466,6270009223.0
2023-08-10,2466,6261604385.0
2023-08-11,2466,6270009223.0
2023-08-14,2466,6253199546.0
2023-08-15,2466,6236389870.0
2023-08-16,2466,6194365680.0
2023-08-17,2466,6202770518.0
2023-08-18,2466,6194365680.0
2023-08-21,2466,6068293108.0
2023-08-22,2466,6093507623.0
2023-08-23,2466,6110317299.0
2023-08-24,2466,6093507623.0
2023-08-25,2466,6043078594.0
2023-08-28,2466,6085102784.0
2023-08-29,2466,6076697946.0
2023-08-30,2466,6085102784.0
2023-08-31,2466,6118722137.0
2023-09-01,2466,6059888270.0
2023-09-04,2466,6093507623.0
2023-09-05,2466,6093507623.0
2023-09-06,2466,6101912461.0
2023-09-07,2466,6051483432.0
2023-09-08,2466,6043078594.0
2023-09-11,2466,6118722137.0
2023-09-12,2466,6152341489.0
2023-09-13,2466,5942220537.0
2023-09-14,2466,6059888270.0
2023-09-15,2466,6135531813.0
2023-09-18,2466,6135531813.0
2023-09-19,2466,6127126975.0
2023-09-20,2466,6093507623.0
2023-09-21,2466,6085102784.0
2023-09-22,2466,6085102784.0
2023-09-25,2466,6085102784.0
2023-09-26,2466,6101912461.0
2023-09-27,2466,6101912461.0
2023-09-28,2466,6127126975.0
2023-10-02,2466,6152341489.0
2023-10-03,2466,6152341489.0
2023-10-04,2466,6143936651.0
2023-10-05,2466,6309680050.0
2023-10-06,2466,6318252984.0
2023-10-11,2466,6335398854.0
2023-10-12,2466,6361117659.0
2023-10-13,2466,6326825919.0
2023-10-16,2466,6292534180.0
2023-10-17,2466,6335398854.0
2023-10-18,2466,6343971789.0
2023-10-19,2466,6343971789.0
2023-10-20,2466,6361117659.0
2023-10-23,2466,6335398854.0
2023-10-24,2466,6343971789.0
2023-10-25,2466,6412555268.0
2023-10-26,2466,6326825919.0
2023-10-27,2466,6378263528.0
2023-10-30,2466,6343971789.0
2023-10-31,2466,6343971789.0
2023-11-01,2466,6378263528.0
2023-11-02,2466,6369690594.0
2023-11-03,2466,6412555268.0
2023-11-06,2466,6429701138.0
2023-11-07,2466,6429701138.0
2023-11-08,2466,6412555268.0
2023-11-09,2466,6395409398.0
2023-11-10,2466,6378263528.0
2023-11-13,2466,6506857551.0
2023-11-14,2466,6524003421.0
2023-11-15,2466,6506857551.0
2023-11-16,2466,6463992877.0
2023-11-17,2466,6566868095.0
2023-11-20,2466,6635451574.0
2023-11-21,2466,6858347880.0
2023-11-22,2466,6944077229.0
2023-11-23,2466,6832629075.0
2023-11-24,2466,6644024509.0
2023-11-27,2466,6695462118.0
2023-11-28,2466,6746899727.0
2023-11-29,2466,6515430486.0
2023-11-30,2466,6463992877.0
2023-12-01,2466,6481138747.0
2023-12-04,2466,6412555268.0
2023-12-05,2466,6455419942.0
2023-12-06,2466,6395409398.0
2023-12-07,2466,6386836463.0
2023-12-08,2466,6472565812.0
2023-12-11,2466,6403982333.0
2023-12-12,2466,6412555268.0
2023-12-13,2466,6429701138.0
2023-12-14,2466,6446847007.0
2023-12-15,2466,6369690594.0
2023-12-18,2466,6429701138.0
2023-12-19,2466,6446847007.0
2023-12-20,2466,6463992877.0
2023-12-21,2466,6438274072.0
2023-12-22,2466,6292534180.0
2023-12-25,2466,6386836463.0
2023-12-26,2466,6429701138.0
2023-12-27,2466,6446847007.0
2023-12-28,2466,6463992877.0
2023-12-29,2466,6524003421.0
2024-01-02,2466,6515430486.0
2024-01-03,2466,6386836463.0
2024-01-04,2466,6421128203.0
2024-01-05,2466,6421128203.0
2024-01-08,2466,6429701138.0
2024-01-09,2466,6412555268.0
2024-01-10,2466,6412555268.0
2024-01-11,2466,6446847007.0
2024-01-12,2466,6429701138.0
2024-01-15,2466,6395409398.0
2024-01-16,2466,6172513092.0
2024-01-17,2466,6069637874.0
2024-01-18,2466,6121075483.0
2024-01-19,2466,6103929613.0
2024-01-22,2466,6129648418.0
2024-01-23,2466,6138221353.0
2024-01-24,2466,6138221353.0
2024-01-25,2466,6189658962.0
2024-01-26,2466,6121075483.0
2024-01-29,2466,6138221353.0
2024-01-30,2466,6146794287.0
2024-01-31,2466,6009627330.0
2024-02-01,2466,6121075483.0
2024-02-02,2466,6266815375.0
2024-02-05,2466,6275388310.0
2024-02-15,2466,6361117659.0
2024-02-16,2466,6369690594.0
2024-02-19,2466,6455419942.0
2024-02-20,2466,6481138747.0
2024-02-21,2466,6412555268.0
2024-02-22,2466,6549722225.0
2024-02-23,2466,6403982333.0
2024-02-26,2466,6283961245.0
2024-02-27,2466,6275388310.0
2024-02-29,2466,6318252984.0
2024-03-01,2466,6309680050.0
2024-03-04,2466,6361117659.0
2024-03-05,2466,6361117659.0
2024-03-06,2466,6318252984.0
2024-03-07,2466,6318252984.0
2024-03-08,2466,6283961245.0
2024-03-11,2466,6369690594.0
2024-03-12,2466,6412555268.0
2024-03-13,2466,6343971789.0
2024-03-14,2466,6343971789.0
2024-03-15,2466,6343971789.0
2024-03-18,2466,6403982333.0
2024-03-19,2466,6429701138.0
2024-03-20,2466,6378263528.0
2024-03-21,2466,6498284616.0
2024-03-22,2466,6498284616.0
2024-03-25,2466,6506857551.0
2024-03-26,2466,6429701138.0
2024-03-27,2466,6386836463.0
2024-03-28,2466,6421128203.0
2024-03-29,2466,6352544724.0
2024-04-01,2466,6412555268.0
2024-04-02,2466,6352544724.0
2024-04-03,2466,6369690594.0
2024-04-08,2466,6318252984.0
2024-04-09,2466,6361117659.0
2024-04-10,2466,6361117659.0
2024-04-11,2466,6412555268.0
2024-04-12,2466,6463992877.0
2024-04-15,2466,6463992877.0
2024-04-16,2466,6326825919.0
2024-04-17,2466,6335398854.0
2024-04-18,2466,6395409398.0
2024-04-19,2466,6206804831.0
2024-04-22,2466,6241096571.0
2024-04-23,2466,6275388310.0
2024-04-24,2466,6343971789.0
2024-04-25,2466,6361117659.0
2024-04-26,2466,6266815375.0
2024-04-29,2466,6283961245.0
2024-04-30,2466,6249669506.0
2024-05-02,2466,6309680050.0
2024-05-03,2466,6326825919.0
2024-05-06,2466,6275388310.0
2024-05-07,2466,6318252984.0
2024-05-08,2466,6335398854.0
2024-05-09,2466,6266815375.0
2024-05-10,2466,6343971789.0
2024-05-13,2466,6258242441.0
2024-05-14,2466,6369690594.0
2024-05-15,2466,6386836463.0
2024-05-16,2466,6463992877.0
2024-05-17,2466,6412555268.0
2024-05-20,2466,6489711681.0
2024-05-21,2466,6506857551.0
2024-05-22,2466,6463992877.0
2024-05-23,2466,6386836463.0
2024-05-24,2466,6343971789.0
2024-05-27,2466,6421128203.0
2024-05-28,2466,6412555268.0
2024-05-29,2466,6343971789.0
2024-05-30,2466,6429701138.0
2024-05-31,2466,6489711681.0
2024-06-03,2466,6481138747.0
2024-06-04,2466,6455419942.0
2024-06-05,2466,6463992877.0
2024-06-06,2466,6361117659.0
2024-06-07,2466,6335398854.0
2024-06-11,2466,6352544724.0
2024-06-12,2466,6463992877.0
2024-06-13,2466,6429701138.0
2024-06-14,2466,6412555268.0
2024-06-17,2466,6318252984.0
2024-06-18,2466,6369690594.0
2024-06-19,2466,6395409398.0
2024-06-20,2466,6429701138.0
2024-06-21,2466,6463992877.0
2024-06-24,2466,6455419942.0
2024-06-25,2466,6472565812.0
2024-06-26,2466,6429701138.0
2024-06-27,2466,6326825919.0
2024-06-28,2466,6386836463.0
2024-07-01,2466,6378263528.0
2024-07-02,2466,6378263528.0
2024-07-03,2466,6378263528.0
2024-07-04,2466,6412555268.0
2024-07-05,2466,6343971789.0
2024-07-08,2466,6352544724.0
2024-07-09,2466,6309680050.0
2024-07-10,2466,6378263528.0
2024-07-11,2466,6326825919.0
2024-07-12,2466,6343971789.0
2024-07-15,2466,6343971789.0
2024-07-16,2466,6318252984.0
2024-07-17,2466,6361117659.0
2024-07-18,2466,6343971789.0
2024-07-19,2466,6266815375.0
2024-07-22,2466,6335398854.0
2024-07-23,2466,6335398854.0
2024-07-26,2466,6181086027.0
2024-07-29,2466,6249669506.0
2024-07-30,2466,6283961245.0
2024-07-31,2466,6361117659.0
2024-08-01,2466,6378263528.0
2024-08-02,2466,6283961245.0
2024-08-05,2466,5923897981.0
2024-08-06,2466,6026773200.0
2024-08-07,2466,6146794287.0
2024-08-08,2466,6009627330.0
2024-08-09,2466,6018200265.0
2024-08-12,2466,6241096571.0
2024-08-13,2466,6292534180.0
2024-08-14,2466,6301107115.0
2024-08-15,2466,6318252984.0
2024-08-16,2466,6326825919.0
2024-08-19,2466,6292534180.0
2024-08-20,2466,6283961245.0
2024-08-21,2466,6343971789.0
2024-08-22,2466,6249669506.0
2024-08-23,2466,6438274072.0
2024-08-26,2466,6361117659.0
2024-08-27,2466,6283961245.0
2024-08-28,2466,6215377766.0
2024-08-29,2466,6103929613.0
2024-08-30,2466,6215377766.0
2024-09-02,2466,6069637874.0
2024-09-03,2466,6069637874.0
2024-09-04,2466,5640991131.0
2024-09-05,2466,5632418196.0
2024-09-06,2466,5743866350.0
2024-09-09,2466,5623845262.0
2024-09-10,2466,5606699392.0
2024-09-11,2466,5555261783.0
2024-09-12,2466,5640991131.0
2024-09-13,2466,5701001675.0
2024-09-16,2466,5795303959.0
2024-09-18,2466,5812449828.0
2024-09-19,2466,5821022763.0
2024-09-20,2466,5855314503.0
2024-09-23,2466,5863887437.0
2024-09-24,2466,5906752112.0
2024-09-25,2466,5983908525.0
2024-09-26,2466,6138221353.0
2024-09-27,2466,6223950701.0
2024-09-30,2466,6181086027.0
2024-10-01,2466,6241096571.0
2024-10-04,2466,6163940157.0
2024-10-07,2466,6241096571.0
2024-10-08,2466,6095356678.0
2024-10-09,2466,6095356678.0
2024-10-11,2466,6086783744.0
2024-10-14,2466,6112502548.0
2024-10-15,2466,6121075483.0
2024-10-16,2466,5983908525.0
2024-10-17,2466,6026773200.0
2024-10-18,2466,6181086027.0
2024-10-21,2466,6172513092.0
2024-10-22,2466,6086783744.0
2024-10-23,2466,6086783744.0
2024-10-24,2466,5932470916.0
2024-10-25,2466,6043919069.0
2024-10-28,2466,5983908525.0
2024-10-29,2466,5881033307.0
2024-10-30,2466,5932470916.0
2024-11-01,2466,6086783744.0
2024-11-04,2466,6129648418.0
2024-11-05,2466,6052492004.0
2024-11-06,2466,6035346134.0
2024-11-07,2466,6018200265.0
2024-11-08,2466,5966762656.0
2024-11-11,2466,5958189721.0
2024-11-12,2466,5846741568.0
2024-11-13,2466,5821022763.0
2024-11-14,2466,5640991131.0
2024-11-15,2466,5743866350.0
2024-11-18,2466,5701001675.0
2024-11-19,2466,5795303959.0
2024-11-20,2466,5761012219.0
2024-11-21,2466,5761012219.0
2024-11-22,2466,5778158089.0
2024-11-25,2466,5923897981.0
2024-11-26,2466,5829595698.0
2024-11-27,2466,5778158089.0
2024-11-28,2466,5898179177.0
2024-11-29,2466,5812449828.0
2024-12-02,2466,5821022763.0
2024-12-03,2466,5872460372.0
2024-12-04,2466,5829595698.0
2024-12-05,2466,6232523636.0
2024-12-06,2466,6001054395.0
2024-12-09,2466,6266815375.0
2024-12-10,2466,6155367222.0
2024-12-11,2466,6429701138.0
2024-12-12,2466,6343971789.0
2024-12-13,2466,6352544724.0
2024-12-16,2466,6403982333.0
2024-12-17,2466,6498284616.0
2024-12-18,2466,7141254730.0
2024-12-19,2466,7852808323.0
2024-12-20,2466,8624372459.0
2024-12-23,2466,9481665944.0
2024-12-24,2466,10424688778.0
2024-12-25,2466,11453440960.0
2024-12-26,2466,11230544654.0
2024-12-27,2466,11967817051.0
2024-12-30,2466,11573462048.0
2024-12-31,2466,12002108790.0
