date,stock_id,Trading_Volume,Trading_money,open,max,min,close,spread,Trading_turnover
2010-01-04,2889,7373318,76444288,4.23,4.26,4.19,4.21,-0.02,1069
2010-01-05,2889,10978785,113571054,4.23,4.26,4.17,4.19,-0.02,1285
2010-01-06,2889,10136369,104984604,4.19,4.23,4.19,4.23,0.04,1381
2010-01-07,2889,89904780,970673784,4.28,4.5,4.28,4.36,0.13,10724
2010-01-08,2889,35462024,385720061,4.38,4.48,4.36,4.46,0.1,4581
2010-01-11,2889,27637229,301442387,4.48,4.5,4.4,4.44,-0.02,3813
2010-01-12,2889,36480152,402673765,4.46,4.56,4.44,4.46,0.02,4667
2010-01-13,2889,22874799,246215229,4.44,4.44,4.34,4.34,-0.12,3770
2010-01-14,2889,12197155,130782342,4.36,4.4,4.34,4.34,0.0,1737
2010-01-15,2889,12853269,138283154,4.38,4.42,4.34,4.4,0.06,1999
2010-01-18,2889,10137571,108112880,4.36,4.38,4.32,4.34,-0.06,1584
2010-01-19,2889,10449947,111081863,4.38,4.38,4.3,4.3,-0.04,1506
2010-01-20,2889,11258080,118415557,4.32,4.34,4.23,4.23,-0.07,1846
2010-01-21,2889,10257263,107167960,4.23,4.3,4.21,4.23,0.0,1606
2010-01-22,2889,14423789,148158471,4.21,4.23,4.15,4.15,-0.08,2061
2010-01-25,2889,18340207,189936363,4.19,4.26,4.17,4.17,0.02,2089
2010-01-26,2889,18610918,189176511,4.21,4.23,4.07,4.11,-0.06,2580
2010-01-27,2889,8276366,84151051,4.11,4.19,4.11,4.13,0.02,1332
2010-01-28,2889,6485318,66590445,4.17,4.19,4.15,4.19,0.06,1034
2010-01-29,2889,5938043,60342172,4.17,4.17,4.11,4.13,-0.06,900
2010-02-01,2889,8672218,88169551,4.17,4.17,4.11,4.15,0.02,1052
2010-02-02,2889,9910733,101140628,4.17,4.19,4.11,4.13,-0.02,1224
2010-02-03,2889,8109410,82440291,4.15,4.15,4.11,4.13,0.0,956
2010-02-04,2889,5024650,51094120,4.15,4.17,4.11,4.15,0.02,704
2010-02-05,2889,19524557,193257408,4.07,4.09,3.93,3.95,-0.2,2863
2010-02-06,2889,11752944,111158308,3.97,3.99,3.71,3.89,-0.06,2024
2010-02-08,2889,6686850,64576879,3.89,3.98,3.85,3.95,0.06,1127
2010-02-09,2889,6020957,58660078,3.95,3.99,3.89,3.99,0.04,1091
2010-02-10,2889,6122429,60415153,4.03,4.04,4.0,4.01,0.02,1065
2010-02-22,2889,13183360,132683309,4.07,4.15,4.02,4.11,0.1,1919
2010-02-23,2889,4128196,41301650,4.11,4.11,4.06,4.07,-0.04,719
2010-02-24,2889,3246079,32350290,4.06,4.09,4.05,4.05,-0.02,665
2010-02-25,2889,5313838,52649839,4.07,4.09,4.02,4.02,-0.03,785
2010-02-26,2889,4823597,48213630,4.02,4.11,4.02,4.09,0.07,888
2010-03-01,2889,8584181,86731361,4.07,4.15,4.07,4.09,0.0,1390
2010-03-02,2889,2486544,24980340,4.11,4.11,4.07,4.07,-0.02,544
2010-03-03,2889,3887190,39119479,4.11,4.13,4.07,4.07,0.0,685
2010-03-04,2889,4729376,47377537,4.07,4.11,4.06,4.07,0.0,706
2010-03-05,2889,2395261,23976896,4.09,4.11,4.07,4.07,0.0,477
2010-03-08,2889,5527686,55355090,4.07,4.11,4.06,4.09,0.02,733
2010-03-09,2889,4064802,40688312,4.07,4.09,4.06,4.09,0.0,1114
2010-03-10,2889,4477446,44940260,4.07,4.11,4.07,4.07,-0.02,495
2010-03-11,2889,4268938,42588051,4.07,4.09,4.04,4.05,-0.02,725
2010-03-12,2889,3770850,37585306,4.06,4.09,4.04,4.07,0.02,496
2010-03-15,2889,2562071,25492176,4.05,4.07,4.05,4.05,-0.02,613
2010-03-16,2889,2465899,24568987,4.05,4.07,4.05,4.07,0.02,388
2010-03-17,2889,10019454,100595090,4.09,4.11,4.07,4.07,0.0,1118
2010-03-18,2889,8953875,89856694,4.09,4.11,4.07,4.07,0.0,1081
2010-03-19,2889,4209333,42185780,4.07,4.11,4.07,4.09,0.02,656
2010-03-22,2889,3445003,34403846,4.07,4.09,4.06,4.06,-0.03,569
2010-03-23,2889,2203978,21992983,4.07,4.09,4.06,4.06,0.0,464
2010-03-24,2889,26427414,271542944,4.11,4.21,4.11,4.19,0.13,3996
2010-03-25,2889,7039858,72029088,4.19,4.19,4.13,4.13,-0.06,1299
2010-03-26,2889,4962335,50642052,4.15,4.17,4.13,4.17,0.04,927
2010-03-29,2889,5634591,57744960,4.17,4.19,4.15,4.17,0.0,925
2010-03-30,2889,4405455,45178619,4.19,4.19,4.15,4.17,0.0,831
2010-03-31,2889,18868597,190940457,4.11,4.15,4.09,4.11,-0.06,2676
2010-04-01,2889,11839363,121365207,4.13,4.21,4.11,4.17,0.06,1953
2010-04-02,2889,4212260,43034106,4.17,4.19,4.15,4.15,-0.02,665
2010-04-06,2889,9902560,101055171,4.15,4.19,4.13,4.13,-0.02,1485
2010-04-07,2889,6447621,65832687,4.15,4.17,4.13,4.13,0.0,945
2010-04-08,2889,9823728,100705453,4.15,4.19,4.15,4.19,0.06,1820
2010-04-09,2889,6324033,64863114,4.19,4.19,4.15,4.17,-0.02,1318
2010-04-12,2889,7941627,81726004,4.19,4.21,4.17,4.19,0.02,1105
2010-04-13,2889,5845185,59946269,4.19,4.19,4.15,4.17,-0.02,694
2010-04-14,2889,13636220,141665339,4.21,4.26,4.19,4.23,0.06,1906
2010-04-15,2889,7730620,80398302,4.26,4.26,4.21,4.23,0.0,1050
2010-04-16,2889,5372406,55606760,4.21,4.23,4.19,4.23,0.0,687
2010-04-19,2889,12574575,128381794,4.19,4.19,4.11,4.11,-0.12,1480
2010-04-20,2889,8317291,84572407,4.15,4.17,4.11,4.17,0.06,1089
2010-04-21,2889,10737396,110687437,4.19,4.21,4.17,4.21,0.04,1403
2010-04-22,2889,13189644,136587074,4.21,4.26,4.17,4.26,0.05,1453
2010-04-23,2889,15737529,162647706,4.26,4.28,4.15,4.19,-0.07,1399
2010-04-26,2889,9717010,99772625,4.21,4.21,4.13,4.19,0.0,1310
2010-04-27,2889,6588310,67263539,4.15,4.19,4.13,4.15,-0.04,549
2010-04-28,2889,6668360,67356821,4.11,4.13,4.09,4.11,-0.04,1035
2010-04-29,2889,4345284,44216660,4.13,4.17,4.11,4.13,0.02,667
2010-04-30,2889,7389050,75071379,4.13,4.17,4.09,4.09,-0.04,837
2010-05-03,2889,4480032,45359054,4.09,4.13,4.09,4.13,0.04,1242
2010-05-04,2889,3606779,36494048,4.15,4.15,4.09,4.13,0.0,610
2010-05-05,2889,8532903,85371200,4.09,4.11,4.06,4.07,-0.06,1293
2010-05-06,2889,7205423,71851817,4.07,4.09,4.04,4.04,-0.03,913
2010-05-07,2889,8722506,85217330,3.95,4.05,3.9,4.05,0.01,1461
2010-05-10,2889,3474774,34583630,4.05,4.07,4.04,4.06,0.01,1026
2010-05-11,2889,11281932,111080378,4.04,4.04,3.98,3.99,-0.07,1800
2010-05-12,2889,16792465,161353168,3.99,3.99,3.83,3.99,0.0,2962
2010-05-13,2889,9604548,93967311,3.99,4.02,3.94,4.01,0.02,1629
2010-05-14,2889,3463775,33995139,3.97,4.01,3.97,4.01,0.0,607
2010-05-17,2889,4752675,46179584,3.99,3.99,3.91,3.97,-0.04,780
2010-05-18,2889,2897522,28379710,3.98,4.01,3.95,4.01,0.04,578
2010-05-19,2889,6311856,61532841,3.99,4.0,3.93,3.99,-0.02,810
2010-05-20,2889,4163014,40499973,3.99,3.99,3.94,3.95,-0.04,844
2010-05-21,2889,4388804,41508544,3.87,3.89,3.82,3.87,-0.08,852
2010-05-24,2889,3606546,34283263,3.87,3.89,3.84,3.88,0.01,562
2010-05-25,2889,5394351,50151332,3.88,3.88,3.72,3.76,-0.12,936
2010-05-26,2889,4797743,43993340,3.77,3.79,3.71,3.71,-0.05,825
2010-05-27,2889,4493131,41748898,3.73,3.87,3.71,3.87,0.16,778
2010-05-28,2889,3108988,29504356,3.89,3.9,3.85,3.85,-0.02,554
2010-05-31,2889,1237016,11728467,3.85,3.87,3.84,3.86,0.01,308
2010-06-01,2889,2687968,25470039,3.87,3.91,3.81,3.91,0.05,544
2010-06-02,2889,2307671,21974891,3.87,3.9,3.85,3.87,-0.04,719
2010-06-03,2889,981958,9374750,3.87,3.9,3.87,3.89,0.02,264
2010-06-04,2889,1323692,12596180,3.9,3.9,3.86,3.88,-0.01,283
2010-06-07,2889,2193727,20504528,3.83,3.83,3.79,3.81,-0.07,511
2010-06-08,2889,1009537,9461157,3.81,3.84,3.8,3.82,0.01,209
2010-06-09,2889,2047585,19142612,3.83,3.83,3.79,3.82,0.0,410
2010-06-10,2889,2043660,19184976,3.81,3.87,3.79,3.87,0.05,582
2010-06-11,2889,3563502,33889271,3.87,3.9,3.85,3.88,0.01,510
2010-06-14,2889,4512274,43409488,3.87,3.95,3.87,3.95,0.07,931
2010-06-15,2889,3075632,29670597,3.95,3.95,3.91,3.95,0.0,383
2010-06-17,2889,2477961,23853061,3.95,3.95,3.9,3.92,-0.03,721
2010-06-18,2889,2086615,20064622,3.92,3.93,3.9,3.91,-0.01,404
2010-06-21,2889,5146458,49977171,3.95,3.99,3.93,3.99,0.08,716
2010-06-22,2889,2687883,26029706,3.98,3.98,3.93,3.94,-0.05,471
2010-06-23,2889,2640214,25604889,3.94,3.99,3.91,3.98,0.04,367
2010-06-24,2889,3344752,32396797,3.97,3.97,3.93,3.95,-0.03,536
2010-06-25,2889,2503791,24303261,3.94,3.97,3.93,3.95,0.0,489
2010-06-28,2889,7311642,71539961,3.95,4.01,3.94,3.97,0.02,1107
2010-06-29,2889,2307525,22416392,3.99,3.99,3.93,3.93,-0.04,576
2010-06-30,2889,2087841,19862497,3.84,3.93,3.83,3.9,-0.03,419
2010-07-01,2889,1857095,17695851,3.88,3.92,3.87,3.88,-0.02,295
2010-07-02,2889,3522746,34110264,3.88,3.98,3.88,3.93,0.05,727
2010-07-05,2889,4460716,43558511,3.93,4.01,3.93,4.0,0.07,751
2010-07-06,2889,5073476,49662650,3.99,4.0,3.96,3.99,-0.01,693
2010-07-07,2889,3985569,38856600,3.99,4.0,3.95,3.99,0.0,489
2010-07-08,2889,3809898,37368549,4.01,4.01,3.97,3.98,-0.01,578
2010-07-09,2889,2238202,21918748,3.98,4.0,3.97,3.98,0.0,392
2010-07-12,2889,2373328,23293317,3.98,4.01,3.98,4.0,0.02,375
2010-07-13,2889,1822858,17780514,4.0,4.01,3.95,3.97,-0.03,347
2010-07-14,2889,3685325,36115842,3.98,4.0,3.98,3.98,0.01,506
2010-07-15,2889,3391870,33229988,3.99,4.01,3.97,3.98,0.0,824
2010-07-16,2889,6395385,62809998,3.98,4.02,3.98,4.0,0.02,869
2010-07-19,2889,2164833,21260121,3.97,4.01,3.97,4.01,0.01,454
2010-07-20,2889,2631481,25894545,4.02,4.02,3.99,4.01,0.0,488
2010-07-21,2889,2550973,25097240,4.01,4.02,3.99,4.0,-0.01,525
2010-07-22,2889,2831039,27901731,4.0,4.02,4.0,4.01,0.01,352
2010-07-23,2889,3587947,35334156,4.01,4.02,4.0,4.01,0.0,582
2010-07-26,2889,5215960,51401827,4.02,4.02,4.01,4.02,0.01,650
2010-07-27,2889,2984039,29357975,4.02,4.02,3.99,4.01,-0.01,714
2010-07-28,2889,2504052,24632711,4.01,4.01,4.0,4.01,0.0,391
2010-07-29,2889,5840192,57657342,4.01,4.04,4.0,4.02,0.01,849
2010-07-30,2889,4548346,44752449,4.03,4.03,3.99,4.01,-0.01,791
2010-08-02,2889,18084045,182488719,4.01,4.21,4.01,4.17,0.16,2684
2010-08-03,2889,9936841,99173816,4.19,4.19,4.12,4.12,-0.05,1452
2010-08-04,2889,6035672,59984536,4.12,4.15,4.1,4.15,0.03,1259
2010-08-05,2889,7768944,77705973,4.15,4.19,4.12,4.12,-0.03,1479
2010-08-06,2889,5436484,54448771,4.14,4.19,4.13,4.15,0.03,823
2010-08-09,2889,12234229,124239286,4.15,4.26,4.15,4.24,0.09,1714
2010-08-10,2889,8235144,83582872,4.24,4.26,4.19,4.19,-0.05,823
2010-08-11,2889,5153398,51675286,4.19,4.22,4.14,4.14,-0.05,705
2010-08-12,2889,1924624,19146214,4.12,4.14,4.12,4.14,0.0,382
2010-08-13,2889,4630468,46017771,4.15,4.17,4.12,4.12,-0.02,809
2010-08-16,2889,2725043,27059038,4.12,4.15,4.11,4.12,0.0,448
2010-08-17,2889,3754324,37325432,4.11,4.14,4.11,4.12,0.0,449
2010-08-18,2889,5062924,50332131,4.12,4.14,4.11,4.11,-0.01,854
2010-08-19,2889,4689369,46301619,4.11,4.13,4.08,4.09,-0.02,691
2010-08-20,2889,4378009,43325461,4.08,4.13,4.08,4.1,0.01,543
2010-08-23,2889,17683474,178127660,4.1,4.24,4.09,4.17,0.07,2007
2010-08-24,2889,3882039,39000612,4.17,4.22,4.15,4.15,-0.02,748
2010-08-25,2889,6058305,59743880,4.14,4.14,4.04,4.05,-0.1,900
2010-08-26,2889,4880174,47557348,4.07,4.08,4.02,4.02,-0.03,672
2010-08-27,2889,2715274,26336601,4.02,4.05,4.02,4.02,0.0,700
2010-08-30,2889,3368717,32832327,4.05,4.07,4.04,4.05,0.03,369
2010-08-31,2889,4085846,39587921,4.04,4.05,4.0,4.02,-0.03,596
2010-09-01,2889,2916601,28224709,4.03,4.04,4.0,4.01,-0.01,640
2010-09-02,2889,2992824,28941294,4.01,4.03,4.01,4.01,0.0,484
2010-09-03,2889,5469826,53035096,4.02,4.05,4.01,4.04,0.03,592
2010-09-06,2889,5500236,53947107,4.06,4.09,4.04,4.09,0.05,737
2010-09-07,2889,5249424,51942110,4.1,4.12,4.09,4.12,0.03,652
2010-09-08,2889,3691687,36516226,4.12,4.13,4.09,4.09,-0.03,610
2010-09-09,2889,7679198,75663637,4.09,4.11,4.07,4.08,-0.01,1228
2010-09-10,2889,5085008,47324293,4.11,4.14,4.1,4.14,0.06,931
2010-09-13,2889,5496036,51556196,4.15,4.18,4.13,4.17,0.03,878
2010-09-14,2889,4636549,43600474,4.17,4.18,4.14,4.17,0.0,605
2010-09-15,2889,2533703,23900971,4.17,4.19,4.15,4.16,-0.01,471
2010-09-16,2889,1914937,18023852,4.16,4.18,4.15,4.16,0.0,413
2010-09-17,2889,5292293,50203721,4.18,4.22,4.16,4.22,0.06,710
2010-09-20,2889,1920201,18221269,4.22,4.22,4.18,4.18,-0.04,379
2010-09-21,2889,2303105,21697680,4.2,4.2,4.16,4.16,-0.02,433
2010-09-23,2889,2552853,24116926,4.16,4.2,4.16,4.18,0.02,405
2010-09-24,2889,3236461,30548399,4.16,4.2,4.15,4.2,0.02,505
2010-09-27,2889,2419032,22918391,4.2,4.22,4.17,4.18,-0.02,522
2010-09-28,2889,1302139,12256857,4.17,4.18,4.16,4.16,-0.02,284
2010-09-29,2889,1718830,16235084,4.17,4.19,4.17,4.18,0.02,437
2010-09-30,2889,1545395,14555871,4.18,4.19,4.16,4.18,0.0,323
2010-10-01,2889,1293537,12171430,4.18,4.18,4.16,4.17,-0.01,283
2010-10-04,2889,2754423,25997622,4.18,4.19,4.17,4.17,0.0,489
2010-10-05,2889,2586018,24303179,4.18,4.18,4.15,4.16,-0.01,398
2010-10-06,2889,3158513,29788741,4.18,4.19,4.16,4.18,0.02,532
2010-10-07,2889,10689429,101681494,4.18,4.24,4.17,4.21,0.03,1410
2010-10-08,2889,2438153,23153053,4.21,4.22,4.18,4.21,0.0,453
2010-10-11,2889,3521569,33539451,4.22,4.22,4.19,4.22,0.01,657
2010-10-12,2889,3654054,34709838,4.22,4.23,4.18,4.18,-0.04,631
2010-10-13,2889,1908805,18066289,4.18,4.2,4.17,4.19,0.01,459
2010-10-14,2889,2772945,26338701,4.2,4.22,4.18,4.18,-0.01,417
2010-10-15,2889,1950588,18492761,4.2,4.2,4.18,4.19,0.01,358
2010-10-18,2889,4347373,40977724,4.19,4.2,4.14,4.15,-0.04,765
2010-10-19,2889,2209994,20721002,4.15,4.17,4.14,4.15,0.0,404
2010-10-20,2889,2096722,19623184,4.14,4.15,4.13,4.15,0.0,295
2010-10-21,2889,2619245,24576080,4.16,4.16,4.14,4.16,0.01,345
2010-10-22,2889,10314373,98332427,4.17,4.25,4.17,4.22,0.06,1608
2010-10-25,2889,18897533,185366887,4.22,4.42,4.21,4.36,0.14,2703
2010-10-26,2889,12772579,126050742,4.37,4.41,4.33,4.33,-0.03,1408
2010-10-27,2889,5762721,56467680,4.34,4.37,4.31,4.33,0.0,730
2010-10-28,2889,9071344,89605463,4.33,4.4,4.32,4.39,0.06,1241
2010-10-29,2889,3251730,32070593,4.38,4.38,4.35,4.37,-0.02,663
2010-11-01,2889,5776463,57184483,4.38,4.4,4.37,4.37,0.0,948
2010-11-02,2889,6927505,68470947,4.38,4.41,4.31,4.31,-0.06,1436
2010-11-03,2889,5420020,52363834,4.33,4.36,4.16,4.23,-0.08,1098
2010-11-04,2889,15312921,150673695,4.25,4.4,4.23,4.35,0.12,2362
2010-11-05,2889,8111961,80257581,4.38,4.4,4.36,4.37,0.02,1370
2010-11-08,2889,4044501,39896661,4.37,4.38,4.35,4.35,-0.02,703
2010-11-09,2889,3949213,38939380,4.34,4.38,4.33,4.36,0.01,799
2010-11-10,2889,3931204,38755440,4.36,4.38,4.34,4.35,-0.01,590
2010-11-11,2889,3619130,35654861,4.35,4.37,4.35,4.36,0.01,597
2010-11-12,2889,4094438,40044836,4.35,4.35,4.3,4.31,-0.05,710
2010-11-15,2889,10005290,98661943,4.31,4.39,4.31,4.33,0.02,1017
2010-11-16,2889,8068232,79781742,4.36,4.38,4.34,4.38,0.05,998
2010-11-17,2889,21350785,213336963,4.37,4.47,4.36,4.41,0.03,2872
2010-11-18,2889,15995041,157559690,4.42,4.42,4.31,4.38,-0.03,1426
2010-11-19,2889,5804588,57675521,4.38,4.41,4.38,4.39,0.01,774
2010-11-22,2889,10598621,105132800,4.38,4.4,4.38,4.39,0.0,452
2010-11-23,2889,19892102,198698223,4.38,4.49,4.37,4.4,0.01,1650
2010-11-24,2889,3963237,39485426,4.38,4.42,4.38,4.4,0.0,788
2010-11-25,2889,6749138,67278534,4.4,4.42,4.39,4.42,0.02,633
2010-11-26,2889,19032123,192737449,4.47,4.53,4.41,4.51,0.09,2227
2010-11-29,2889,12174256,123466473,4.51,4.56,4.45,4.51,0.0,1251
2010-11-30,2889,16096414,164805276,4.51,4.58,4.45,4.53,0.02,1831
2010-12-01,2889,19536808,202873902,4.56,4.62,4.53,4.58,0.05,2485
2010-12-02,2889,20286387,213081320,4.62,4.69,4.62,4.64,0.06,2598
2010-12-03,2889,14029375,147046766,4.64,4.67,4.6,4.64,0.0,1384
2010-12-06,2889,16545179,176675654,4.64,4.75,4.64,4.75,0.11,2180
2010-12-07,2889,32196100,351761910,4.78,4.89,4.73,4.84,0.09,4723
2010-12-08,2889,21455637,236601966,4.84,4.91,4.84,4.89,0.05,2690
2010-12-09,2889,41435660,470500206,4.93,5.06,4.93,5.04,0.15,4972
2010-12-10,2889,35277467,406169075,5.09,5.15,5.06,5.09,0.05,3409
2010-12-13,2889,47480277,568006850,5.09,5.4,5.09,5.37,0.28,6171
2010-12-14,2889,35219833,424070722,5.4,5.48,5.18,5.18,-0.19,4884
2010-12-15,2889,13378675,157892182,5.18,5.29,5.18,5.24,0.06,2285
2010-12-16,2889,18933416,226911534,5.24,5.35,5.24,5.31,0.07,2335
2010-12-17,2889,14333462,173544644,5.37,5.4,5.33,5.33,0.02,2114
2010-12-20,2889,11743294,142323997,5.35,5.4,5.33,5.35,0.02,1462
2010-12-21,2889,13081766,159691732,5.35,5.44,5.35,5.42,0.07,1663
2010-12-22,2889,26255182,327180322,5.44,5.57,5.42,5.46,0.04,2910
2010-12-23,2889,31757870,398108397,5.46,5.6,5.46,5.46,0.0,2812
2010-12-24,2889,51444408,606498637,5.13,5.46,5.13,5.29,-0.17,4109
2010-12-27,2889,19761081,241852872,5.35,5.51,5.31,5.48,0.19,3235
2010-12-28,2889,18977198,232697071,5.51,5.51,5.35,5.46,-0.02,2137
2010-12-29,2889,35366178,452158108,5.53,5.73,5.51,5.71,0.25,5235
2010-12-30,2889,18789680,240616750,5.75,5.75,5.62,5.66,-0.05,3977
2010-12-31,2889,38716201,505764486,5.71,5.86,5.68,5.71,0.05,5715
2011-01-03,2889,25522898,337040613,5.82,5.88,5.75,5.86,0.15,3807
2011-01-04,2889,17037357,221144716,5.86,5.86,5.68,5.68,-0.18,2985
2011-01-05,2889,31386385,398007174,5.73,5.79,5.48,5.53,-0.15,4164
2011-01-06,2889,20291201,255716284,5.57,5.64,5.51,5.62,0.09,1996
2011-01-07,2889,15497909,195952808,5.68,5.68,5.53,5.57,-0.05,2007
2011-01-10,2889,19456431,251518072,5.64,5.79,5.6,5.71,0.14,2967
2011-01-11,2889,11984046,154718278,5.68,5.75,5.64,5.71,0.0,3120
2011-01-12,2889,29759819,391230483,5.84,5.88,5.75,5.82,0.11,4154
2011-01-13,2889,15285112,199340850,5.84,5.86,5.71,5.73,-0.09,4320
2011-01-14,2889,9941222,129056467,5.75,5.77,5.71,5.75,0.02,3404
2011-01-17,2889,62942103,851195470,5.79,6.04,5.79,6.04,0.29,6994
2011-01-18,2889,28371551,386901323,6.04,6.06,5.97,6.06,0.02,3176
2011-01-19,2889,61961570,897070026,6.1,6.48,6.1,6.44,0.38,8046
2011-01-20,2889,48315873,721691067,6.46,6.7,6.46,6.61,0.17,7062
2011-01-21,2889,41515422,629901973,6.61,6.83,6.55,6.77,0.16,6606
2011-01-24,2889,58295016,922623740,6.81,7.23,6.77,7.23,0.46,9229
2011-01-25,2889,72760153,1241086102,7.34,7.72,7.34,7.56,0.33,8835
2011-01-26,2889,84746798,1439960248,7.72,7.78,7.3,7.32,-0.24,11138
2011-01-27,2889,44800565,747464832,7.32,7.5,7.25,7.41,0.09,5933
2011-01-28,2889,29908574,501073414,7.41,7.45,7.36,7.43,0.02,3819
2011-02-08,2889,34577899,583702930,7.56,7.56,7.3,7.45,0.02,4178
2011-02-09,2889,28642085,484458488,7.52,7.56,7.41,7.52,0.07,3471
2011-02-10,2889,38415861,655682015,7.48,7.65,7.48,7.52,0.0,4684
2011-02-11,2889,57627784,928700930,7.48,7.48,7.01,7.01,-0.51,6385
2011-02-14,2889,48991723,748864331,6.79,7.01,6.52,6.57,-0.44,7251
2011-02-15,2889,28145790,428765179,6.59,6.9,6.57,6.79,0.22,5320
2011-02-16,2889,19740570,300572769,6.81,6.86,6.63,6.7,-0.09,3325
2011-02-17,2889,25852941,380953968,6.7,6.7,6.39,6.61,-0.09,3946
2011-02-18,2889,33035992,500799013,6.33,6.92,6.33,6.92,0.31,4477
2011-02-21,2889,9796518,152173172,6.9,6.92,6.77,6.92,0.0,1559
2011-02-22,2889,12019716,183054046,6.77,6.86,6.66,6.79,-0.13,2009
2011-02-23,2889,13892675,211884218,6.72,6.79,6.68,6.77,-0.02,1483
2011-02-24,2889,17158818,266907676,6.77,6.99,6.77,6.99,0.22,2133
2011-02-25,2889,19819312,312189224,7.08,7.08,6.9,7.01,0.02,1874
2011-03-01,2889,9662782,154807062,7.08,7.17,7.01,7.1,0.09,1767
2011-03-02,2889,13226918,213665852,7.08,7.19,7.03,7.19,0.09,1936
2011-03-03,2889,32286690,535701353,7.3,7.52,7.21,7.28,0.09,4482
2011-03-04,2889,15385098,253838721,7.3,7.39,7.25,7.34,0.06,2129
2011-03-07,2889,9971002,166057219,7.39,7.41,7.32,7.41,0.07,1546
2011-03-08,2889,14754663,247994222,7.41,7.45,7.39,7.45,0.04,1875
2011-03-09,2889,19367424,329576506,7.52,7.65,7.43,7.5,0.05,2662
2011-03-10,2889,14234655,241764966,7.52,7.56,7.45,7.48,-0.02,1979
2011-03-11,2889,13886397,230755448,7.43,7.45,7.28,7.39,-0.09,1493
2011-03-14,2889,12400405,200733676,7.3,7.3,7.03,7.08,-0.31,1693
2011-03-15,2889,16702537,261433521,7.03,7.12,6.63,6.92,-0.16,2141
2011-03-16,2889,10240164,162960851,6.92,7.12,6.92,7.1,0.18,1407
2011-03-17,2889,6979124,111029326,6.94,7.08,6.94,7.03,-0.07,959
2011-03-18,2889,6309913,100383492,7.08,7.12,6.99,6.99,-0.04,962
2011-03-21,2889,6811490,108030639,6.99,7.08,6.94,7.06,0.07,847
2011-03-22,2889,19399297,320575252,7.19,7.45,7.17,7.23,0.17,2867
2011-03-23,2889,9401778,155159775,7.3,7.36,7.23,7.25,0.02,1746
2011-03-24,2889,4486853,73537299,7.25,7.3,7.21,7.3,0.05,1011
2011-03-25,2889,7888911,130258903,7.36,7.39,7.25,7.25,-0.05,1128
2011-03-28,2889,4518169,73851661,7.25,7.28,7.21,7.21,-0.04,705
2011-03-29,2889,9157401,150937455,7.21,7.32,7.21,7.3,0.09,1322
2011-03-30,2889,10724275,175154788,7.17,7.3,7.14,7.19,-0.11,2272
2011-03-31,2889,7949045,128543570,7.19,7.23,7.1,7.1,-0.09,1574
2011-04-01,2889,11870669,186379553,7.1,7.1,6.88,6.9,-0.2,2394
2011-04-06,2889,21767963,331431353,6.81,6.88,6.57,6.61,-0.29,3818
2011-04-07,2889,15954730,245393340,6.68,6.9,6.68,6.83,0.22,3000
2011-04-08,2889,10946172,170383317,6.83,6.94,6.81,6.88,0.05,2105
2011-04-11,2889,7553133,117997744,6.94,6.94,6.86,6.9,0.02,1151
2011-04-12,2889,6918609,107679124,6.92,6.92,6.83,6.9,0.0,1393
2011-04-13,2889,5597738,87277988,6.92,6.92,6.88,6.92,0.02,960
2011-04-14,2889,6114560,95372558,6.92,6.94,6.86,6.9,-0.02,958
2011-04-15,2889,10075881,154252368,6.9,6.9,6.68,6.68,-0.22,1423
2011-04-18,2889,12176661,179544221,6.68,6.68,6.46,6.5,-0.18,1888
2011-04-19,2889,5244614,75874531,6.37,6.48,6.33,6.41,-0.09,919
2011-04-20,2889,17594339,265534960,6.41,6.86,6.37,6.77,0.36,2791
2011-04-21,2889,28832733,455191986,6.81,7.06,6.81,7.03,0.26,4247
2011-04-22,2889,4400249,65123666,6.55,6.55,6.55,6.55,-0.48,1370
2011-04-25,2889,38053934,536203976,6.24,6.33,6.13,6.19,-0.36,6046
2011-04-26,2889,13670625,187093968,6.08,6.1,6.02,6.06,-0.13,2801
2011-04-27,2889,10348014,143933760,6.1,6.19,6.1,6.15,0.09,3248
2011-04-28,2889,16613440,233222945,6.15,6.28,6.1,6.15,0.0,4902
2011-04-29,2889,7363403,101057959,6.19,6.19,5.93,6.04,-0.11,1743
2011-05-03,2889,6196300,85112561,6.13,6.13,6.04,6.04,0.0,1433
2011-05-04,2889,3588016,49108296,6.08,6.1,6.02,6.08,0.04,919
2011-05-05,2889,3063775,42029251,6.04,6.1,6.02,6.06,-0.02,865
2011-05-06,2889,4257194,58631334,6.02,6.15,6.02,6.1,0.04,1186
2011-05-09,2889,7315337,102078943,6.1,6.19,6.1,6.19,0.09,3493
2011-05-10,2889,6412115,89759973,6.24,6.26,6.13,6.15,-0.04,2151
2011-05-11,2889,4861918,66986153,6.15,6.19,6.04,6.04,-0.11,1084
2011-05-12,2889,3510314,48274475,6.04,6.15,6.04,6.08,0.04,1069
2011-05-13,2889,3965725,55025587,6.17,6.17,6.1,6.13,0.05,1114
2011-05-16,2889,5536022,76730333,6.15,6.19,6.06,6.06,-0.07,1321
2011-05-17,2889,12388294,164256935,6.04,6.15,5.75,5.84,-0.22,3222
2011-05-18,2889,4892948,64417238,5.84,5.86,5.79,5.84,0.0,1502
2011-05-19,2889,6607847,87340527,5.84,5.9,5.79,5.79,-0.05,1416
2011-05-20,2889,5952804,76933813,5.79,5.84,5.62,5.68,-0.11,2401
2011-05-23,2889,4017250,50988546,5.66,5.68,5.57,5.6,-0.08,803
2011-05-24,2889,1993770,25411415,5.62,5.68,5.6,5.64,0.04,646
2011-05-25,2889,3177883,40444994,5.64,5.68,5.6,5.62,-0.02,629
2011-05-26,2889,4901081,62881761,5.68,5.71,5.62,5.66,0.04,975
2011-05-27,2889,2738623,35307522,5.68,5.73,5.66,5.68,0.02,665
2011-05-30,2889,2130478,27390783,5.66,5.73,5.66,5.66,-0.02,521
2011-05-31,2889,4559886,59246687,5.68,5.82,5.68,5.79,0.13,836
2011-06-01,2889,3375711,44244143,5.86,5.86,5.77,5.77,-0.02,866
2011-06-02,2889,8010080,103638113,5.75,5.75,5.66,5.73,-0.04,2971
2011-06-03,2889,2936390,38253420,5.77,5.82,5.71,5.77,0.04,754
2011-06-07,2889,3025341,39727016,5.77,5.84,5.75,5.84,0.07,682
2011-06-08,2889,3980285,52539100,5.84,5.86,5.82,5.86,0.02,628
2011-06-09,2889,2593242,34245006,5.86,5.88,5.82,5.84,-0.02,725
2011-06-10,2889,4736936,62011055,5.84,5.88,5.75,5.75,-0.09,933
2011-06-13,2889,3025458,39022051,5.75,5.75,5.66,5.71,-0.04,2624
2011-06-14,2889,6799590,88043496,5.68,5.75,5.68,5.73,0.02,1714
2011-06-15,2889,8485593,109044274,5.66,5.75,5.62,5.75,0.02,1701
2011-06-16,2889,2209906,28319038,5.68,5.71,5.64,5.66,-0.09,451
2011-06-17,2889,1802572,22999045,5.66,5.71,5.62,5.64,-0.02,401
2011-06-20,2889,2334457,29735099,5.66,5.68,5.57,5.6,-0.04,614
2011-06-21,2889,1408387,17954947,5.64,5.66,5.62,5.64,0.04,479
2011-06-22,2889,1834016,23548241,5.66,5.71,5.64,5.71,0.07,2537
2011-06-23,2889,1142921,14642322,5.66,5.71,5.64,5.66,-0.05,363
2011-06-24,2889,18975020,244095074,5.71,5.79,5.64,5.75,0.09,1886
2011-06-27,2889,16210027,209956674,5.71,5.77,5.68,5.71,-0.04,2957
2011-06-28,2889,13001098,168361006,5.75,5.75,5.68,5.75,0.04,1746
2011-06-29,2889,3880343,50491010,5.79,5.79,5.71,5.71,-0.04,2834
2011-06-30,2889,1967027,25507280,5.75,5.77,5.71,5.71,0.0,1498
2011-07-01,2889,3352577,43623250,5.75,5.77,5.73,5.75,0.04,729
2011-07-04,2889,20589096,275609831,5.77,6.06,5.75,5.99,0.24,3584
2011-07-05,2889,5803227,77874778,5.99,6.02,5.86,5.86,-0.13,1404
2011-07-06,2889,6121080,82485103,5.9,6.02,5.9,5.95,0.09,1334
2011-07-07,2889,4058488,54505820,5.95,5.99,5.9,5.93,-0.02,883
2011-07-08,2889,4280690,57250387,5.95,5.97,5.86,5.86,-0.07,970
2011-07-11,2889,2914648,38629455,5.86,5.9,5.84,5.84,-0.02,722
2011-07-12,2889,4480985,58156398,5.79,5.82,5.71,5.73,-0.11,3074
2011-07-13,2889,2624441,34197993,5.75,5.82,5.73,5.79,0.06,550
2011-07-14,2889,2316735,30176702,5.79,5.84,5.71,5.75,-0.04,513
2011-07-15,2889,3888979,51081606,5.79,5.86,5.73,5.84,0.09,1316
2011-07-18,2889,2550368,33681122,5.84,5.86,5.82,5.84,0.0,701
2011-07-19,2889,6963940,93088740,5.84,6.02,5.79,5.88,0.04,1460
2011-07-20,2889,3956797,52928676,5.9,5.95,5.88,5.9,0.02,1073
2011-07-21,2889,3603303,48256587,5.97,5.99,5.86,5.86,-0.04,977
2011-07-22,2889,4312219,57226476,5.88,5.9,5.84,5.86,0.0,1780
2011-07-25,2889,3643522,47756646,5.86,5.88,5.75,5.79,-0.07,941
2011-07-26,2889,2496928,32647764,5.75,5.82,5.75,5.77,-0.02,747
2011-07-27,2889,5211215,67926736,5.77,5.82,5.73,5.82,0.05,1043
2011-07-28,2889,1892064,24648054,5.77,5.79,5.75,5.75,-0.07,589
2011-07-29,2889,5121001,67137663,5.79,5.88,5.77,5.77,0.02,1118
2011-08-01,2889,4930159,64958619,5.82,5.86,5.79,5.84,0.07,998
2011-08-02,2889,6046247,80257660,5.84,5.9,5.82,5.9,0.06,1036
2011-08-03,2889,4660974,60860148,5.79,5.86,5.66,5.77,-0.13,1143
2011-08-04,2889,6678986,88409001,5.84,5.9,5.82,5.82,0.05,1199
2011-08-05,2889,9325251,117754051,5.62,5.71,5.44,5.57,-0.25,1759
2011-08-08,2889,8709995,106832823,5.48,5.66,5.22,5.57,0.0,1891
2011-08-09,2889,8135486,98657439,5.22,5.57,5.2,5.57,0.0,1918
2011-08-10,2889,7456018,94985269,5.71,5.71,5.6,5.66,0.09,1586
2011-08-11,2889,3894776,48951639,5.44,5.62,5.44,5.62,-0.04,998
2011-08-12,2889,11076035,141684381,5.64,5.68,5.62,5.62,0.0,1698
2011-08-15,2889,4076441,51704186,5.6,5.66,5.57,5.6,-0.02,744
2011-08-16,2889,3895093,49013202,5.6,5.62,5.53,5.57,-0.03,1142
2011-08-17,2889,2648335,33277810,5.57,5.6,5.53,5.57,0.0,800
2011-08-18,2889,3116701,38648148,5.55,5.55,5.44,5.46,-0.11,971
2011-08-19,2889,4075901,48872693,5.29,5.37,5.26,5.26,-0.2,848
2011-08-22,2889,3762398,46042726,5.53,5.53,5.26,5.35,0.09,801
2011-08-23,2889,2168717,26653381,5.44,5.53,5.35,5.48,0.13,574
2011-08-24,2889,1789805,21859722,5.51,5.51,5.35,5.37,-0.11,542
2011-08-25,2889,1628224,19773461,5.42,5.44,5.35,5.37,0.0,378
2011-08-26,2889,944806,11431592,5.35,5.4,5.31,5.35,-0.02,355
2011-08-29,2889,936727,11409491,5.35,5.42,5.33,5.37,0.02,325
2011-08-30,2889,1867095,22690890,5.44,5.44,5.35,5.35,-0.02,556
2011-08-31,2889,1574315,19117288,5.35,5.42,5.33,5.42,0.07,482
2011-09-01,2889,4232860,52236474,5.42,5.53,5.42,5.42,0.0,980
2011-09-02,2889,2228751,27333243,5.44,5.46,5.4,5.44,0.02,576
2011-09-05,2889,3161609,37850728,5.35,5.37,5.26,5.26,-0.18,1659
2011-09-06,2889,3598622,41926658,5.22,5.24,5.09,5.15,-0.11,1024
2011-09-07,2889,1548769,18087927,5.2,5.22,5.11,5.2,0.05,1427
2011-09-08,2889,1473070,17355868,5.24,5.26,5.15,5.18,-0.02,447
2011-09-09,2889,1408420,16547273,5.18,5.22,5.15,5.22,0.04,1143
2011-09-13,2889,2848469,32773954,5.18,5.18,5.02,5.13,-0.09,751
2011-09-14,2889,4348344,49051825,5.13,5.13,4.91,5.0,-0.13,1047
2011-09-15,2889,4351206,48990257,4.93,5.02,4.93,4.98,-0.02,757
2011-09-16,2889,3847443,44198888,5.02,5.11,5.02,5.06,0.08,863
2011-09-19,2889,1903166,21642370,5.06,5.09,5.0,5.06,0.0,474
2011-09-20,2889,1530768,17401783,5.0,5.09,4.98,5.06,0.0,525
2011-09-21,2889,2057285,23631970,5.02,5.11,5.02,5.09,0.03,431
2011-09-22,2889,4301169,48294354,4.98,5.02,4.91,4.98,-0.11,824
2011-09-23,2889,4532535,49503087,4.87,4.95,4.75,4.95,-0.03,1055
2011-09-26,2889,3745218,41223248,5.0,5.0,4.8,4.87,-0.08,634
2011-09-27,2889,7895571,88244505,4.95,4.98,4.89,4.95,0.08,830
2011-09-28,2889,7949343,88602781,4.95,4.98,4.89,4.93,-0.02,624
2011-09-29,2889,15396887,162284122,4.6,4.75,4.6,4.69,-0.24,3243
2011-09-30,2889,9509331,103005979,4.75,4.82,4.75,4.8,0.11,3327
2011-10-03,2889,4019839,43147504,4.78,4.78,4.69,4.73,-0.07,1799
2011-10-04,2889,7706169,83558266,4.69,4.87,4.67,4.87,0.14,1538
2011-10-05,2889,7409025,82364271,4.87,5.0,4.8,4.95,0.08,1156
2011-10-06,2889,8178194,93916771,5.02,5.13,5.02,5.13,0.18,1225
2011-10-07,2889,9968107,118296750,5.18,5.31,5.18,5.26,0.13,1415
2011-10-11,2889,10732162,129402062,5.37,5.4,5.24,5.26,0.0,2442
2011-10-12,2889,7737437,93915872,5.24,5.44,5.24,5.4,0.14,1363
2011-10-13,2889,7848949,95994414,5.4,5.44,5.37,5.42,0.02,833
2011-10-14,2889,6265069,76378030,5.4,5.44,5.33,5.42,0.0,719
2011-10-17,2889,6579726,80373889,5.42,5.44,5.37,5.42,0.0,1003
2011-10-18,2889,5876629,70180798,5.33,5.37,5.24,5.26,-0.16,1411
2011-10-19,2889,3052257,33863274,5.39,5.44,5.3,5.32,0.06,834
2011-10-20,2889,1773687,19441913,5.3,5.35,5.25,5.25,-0.07,1431
2011-10-21,2889,965965,10537115,5.2,5.3,5.2,5.27,0.02,264
2011-10-24,2889,2499868,27877923,5.3,5.39,5.3,5.37,0.1,765
2011-10-25,2889,1122322,12593227,5.42,5.44,5.37,5.39,0.02,366
2011-10-26,2889,1862946,20896983,5.39,5.47,5.32,5.44,0.05,569
2011-10-27,2889,3561952,40676443,5.49,5.54,5.42,5.54,0.1,712
2011-10-28,2889,4417952,51080838,5.56,5.63,5.49,5.49,-0.05,1054
2011-10-31,2889,2471716,27945540,5.49,5.54,5.35,5.35,-0.14,564
2011-11-01,2889,4803810,54607156,5.35,5.54,5.32,5.42,0.07,989
2011-11-02,2889,3068562,33950827,5.32,5.37,5.3,5.35,-0.07,640
2011-11-03,2889,4873931,52969448,5.32,5.37,5.13,5.13,-0.22,1170
2011-11-04,2889,3967568,43915065,5.32,5.37,5.27,5.35,0.22,1099
2011-11-07,2889,3222842,36079131,5.37,5.47,5.32,5.37,0.02,647
2011-11-08,2889,3156403,35600084,5.44,5.49,5.37,5.37,0.0,763
2011-11-09,2889,2592200,29197764,5.44,5.47,5.39,5.39,0.02,1435
2011-11-10,2889,2706865,29771810,5.35,5.37,5.25,5.27,-0.12,1099
2011-11-11,2889,2362790,26005840,5.32,5.35,5.27,5.32,0.05,778
2011-11-14,2889,1254487,13981447,5.39,5.39,5.35,5.35,0.03,425
2011-11-15,2889,2452723,27173803,5.35,5.39,5.25,5.32,-0.03,796
2011-11-16,2889,8915115,94782422,5.27,5.35,5.01,5.13,-0.19,2999
2011-11-17,2889,2395208,25167731,5.08,5.1,5.01,5.08,-0.05,646
2011-11-18,2889,2304843,24105786,5.01,5.08,5.01,5.06,-0.02,561
2011-11-21,2889,2936598,30091525,5.01,5.03,4.86,4.86,-0.2,742
2011-11-22,2889,4895294,49034963,4.89,4.94,4.74,4.82,-0.04,1225
2011-11-23,2889,16589577,163560986,4.79,4.82,4.65,4.75,-0.07,1328
2011-11-24,2889,3508241,34900444,4.75,4.82,4.75,4.77,0.02,836
2011-11-25,2889,2826777,27725443,4.8,4.8,4.68,4.7,-0.07,957
2011-11-28,2889,1532040,15098706,4.74,4.77,4.72,4.74,0.04,650
2011-11-29,2889,3275929,32325670,4.79,4.8,4.73,4.76,0.02,808
2011-11-30,2889,2165480,21194001,4.76,4.76,4.69,4.7,-0.06,739
2011-12-01,2889,7355349,74462009,4.81,4.96,4.77,4.94,0.24,1836
2011-12-02,2889,2324140,23469394,4.94,4.94,4.82,4.84,-0.1,770
2011-12-05,2889,1435037,14443070,4.86,4.91,4.81,4.82,-0.02,527
2011-12-06,2889,1795530,17831080,4.82,4.82,4.75,4.75,-0.07,706
2011-12-07,2889,2476321,24752838,4.8,4.86,4.77,4.84,0.09,849
2011-12-08,2889,1801913,17865970,4.84,4.84,4.74,4.76,-0.08,564
2011-12-09,2889,1537471,15209666,4.72,4.82,4.7,4.75,-0.01,730
2011-12-12,2889,1196244,11844738,4.79,4.81,4.75,4.75,0.0,365
2011-12-13,2889,1453400,14253082,4.72,4.76,4.7,4.73,-0.02,461
2011-12-14,2889,1338462,13129762,4.73,4.74,4.7,4.74,0.01,393
2011-12-15,2889,2480252,23984427,4.71,4.71,4.62,4.67,-0.07,607
2011-12-16,2889,867083,8410646,4.72,4.72,4.65,4.65,-0.02,344
2011-12-19,2889,3649019,34963840,4.6,4.96,4.38,4.96,0.31,1055
2011-12-20,2889,4315213,41719381,4.63,4.71,4.61,4.67,-0.29,1039
2011-12-21,2889,8588635,86977910,4.84,4.96,4.77,4.89,0.22,1718
2011-12-22,2889,9389920,95426728,4.89,5.01,4.81,4.86,-0.03,1829
2011-12-23,2889,7326606,75221703,4.91,5.01,4.89,4.91,0.05,1383
2011-12-26,2889,3506388,35361283,4.96,4.96,4.82,4.84,-0.07,625
2011-12-27,2889,2049986,20534290,4.82,4.89,4.81,4.81,-0.03,454
2011-12-28,2889,1863911,18630052,4.81,4.84,4.8,4.82,0.01,413
2011-12-29,2889,1121675,11211080,4.81,4.84,4.78,4.82,0.0,399
2011-12-30,2889,2009819,20201119,4.86,4.89,4.82,4.86,0.04,496
2012-01-02,2889,1822344,18090260,4.82,4.84,4.75,4.76,-0.1,496
2012-01-03,2889,1165306,11628385,4.77,4.84,4.77,4.79,0.03,431
2012-01-04,2889,2395731,23914390,4.82,4.84,4.78,4.78,-0.01,974
2012-01-05,2889,2377792,23720226,4.78,4.84,4.78,4.79,0.01,491
2012-01-06,2889,3735867,36811437,4.79,4.81,4.7,4.7,-0.09,971
2012-01-09,2889,2853556,27462766,4.7,4.7,4.61,4.63,-0.07,696
2012-01-10,2889,2684050,25803100,4.66,4.66,4.61,4.62,-0.01,681
2012-01-11,2889,3736162,35468583,4.65,4.65,4.54,4.57,-0.05,907
2012-01-12,2889,2697411,25422151,4.57,4.58,4.52,4.53,-0.04,705
2012-01-13,2889,4571460,43060528,4.57,4.57,4.52,4.53,0.0,976
2012-01-16,2889,4798312,44845070,4.57,4.57,4.45,4.53,0.0,926
2012-01-17,2889,1813141,17065328,4.54,4.55,4.52,4.54,0.01,431
2012-01-18,2889,2315399,21664902,4.55,4.55,4.49,4.49,-0.05,509
2012-01-30,2889,3244696,30672358,4.55,4.57,4.53,4.57,0.08,647
2012-01-31,2889,4807878,46468964,4.57,4.71,4.57,4.68,0.11,1196
2012-02-01,2889,9976818,99878580,4.72,4.91,4.68,4.86,0.18,2048
2012-02-02,2889,6153565,61953754,4.91,4.91,4.8,4.84,-0.02,1144
2012-02-03,2889,4210715,42475093,4.84,4.89,4.82,4.89,0.05,923
2012-02-04,2889,16079678,169909242,4.91,5.18,4.91,5.18,0.29,4090
2012-02-06,2889,6800745,71683714,5.15,5.18,5.01,5.06,-0.12,1391
2012-02-07,2889,6302531,66585321,5.06,5.13,5.01,5.03,-0.03,1343
2012-02-08,2889,5771203,61201311,5.08,5.15,5.06,5.13,0.1,1024
2012-02-09,2889,2982147,31503470,5.13,5.13,5.06,5.08,-0.05,684
2012-02-10,2889,4049662,42818985,5.1,5.15,5.06,5.06,-0.02,928
2012-02-13,2889,4147228,43528597,5.06,5.08,5.01,5.06,0.0,965
2012-02-14,2889,3661748,38357909,5.08,5.13,5.01,5.01,-0.05,739
2012-02-15,2889,4389874,46281459,5.1,5.1,5.03,5.08,0.07,1025
2012-02-16,2889,2379941,24867169,5.08,5.08,4.96,4.96,-0.12,644
2012-02-17,2889,2656597,27614122,5.01,5.06,4.96,4.98,0.02,857
2012-02-20,2889,2118421,22056397,5.03,5.06,4.98,5.01,0.03,543
2012-02-21,2889,2214570,22763021,5.03,5.03,4.91,4.94,-0.07,596
2012-02-22,2889,3146365,32448217,4.91,5.03,4.89,4.96,0.02,828
2012-02-23,2889,2076995,21281482,4.96,4.96,4.91,4.94,-0.02,765
2012-02-24,2889,1895387,19468500,4.96,4.98,4.91,4.94,0.0,361
2012-02-29,2889,2432554,25248280,4.94,5.03,4.94,5.03,0.09,721
2012-03-01,2889,1430138,14847245,5.03,5.03,4.98,4.98,-0.05,407
2012-03-02,2889,2361462,24618298,5.01,5.03,4.98,5.03,0.05,522
2012-03-03,2889,1195394,12424948,5.03,5.03,4.98,5.01,-0.02,363
2012-03-05,2889,2684136,27632272,5.03,5.03,4.94,4.94,-0.07,507
2012-03-06,2889,2692697,27384816,4.94,4.96,4.84,4.89,-0.05,756
2012-03-07,2889,1103643,11167680,4.89,4.89,4.84,4.86,-0.03,423
2012-03-08,2889,2263180,23134871,4.86,4.96,4.86,4.96,0.1,659
2012-03-09,2889,8884600,92896195,4.91,5.1,4.89,4.98,0.02,1993
2012-03-12,2889,1785701,18505722,4.98,5.03,4.94,4.94,-0.04,513
2012-03-13,2889,4057485,42552870,4.96,5.08,4.96,5.06,0.12,1073
2012-03-14,2889,4663056,49182247,5.1,5.15,5.03,5.03,-0.03,1001
2012-03-15,2889,3139930,33038240,5.06,5.1,5.03,5.03,0.0,589
2012-03-16,2889,2431020,25338726,5.06,5.08,4.98,4.98,-0.05,453
2012-03-19,2889,4993498,52514513,5.01,5.13,4.98,5.1,0.12,878
2012-03-20,2889,10429576,111202272,5.13,5.18,5.03,5.03,-0.07,1923
2012-03-21,2889,3278039,34192683,5.06,5.08,4.98,5.01,-0.02,1012
2012-03-22,2889,3925969,41330610,5.06,5.1,5.03,5.08,0.07,685
2012-03-23,2889,2170710,22865339,5.08,5.1,5.06,5.06,-0.02,485
2012-03-26,2889,2547945,26735451,5.1,5.1,5.03,5.03,-0.03,659
2012-03-27,2889,2316900,24228884,5.06,5.08,5.01,5.01,-0.02,515
2012-03-28,2889,1521687,15817184,5.01,5.03,4.98,5.01,0.0,427
2012-03-29,2889,6093792,61958082,4.96,4.98,4.84,4.86,-0.15,1303
2012-03-30,2889,2611930,26498225,4.86,4.94,4.84,4.89,0.03,615
2012-04-02,2889,1730139,17545595,4.91,4.91,4.86,4.91,0.02,470
2012-04-03,2889,2245233,22722533,4.91,4.94,4.84,4.89,-0.02,550
2012-04-05,2889,3380112,33832560,4.82,4.86,4.79,4.82,-0.07,731
2012-04-06,2889,2163474,21737840,4.82,4.86,4.82,4.82,0.0,480
2012-04-09,2889,1832109,18346778,4.82,4.86,4.8,4.84,0.02,576
2012-04-10,2889,1489473,15003830,4.89,4.89,4.82,4.82,-0.02,440
2012-04-11,2889,2051616,20539280,4.8,4.86,4.8,4.86,0.04,506
2012-04-12,2889,1775321,17790160,4.84,4.86,4.82,4.82,-0.04,564
2012-04-13,2889,2435135,24525700,4.86,4.86,4.82,4.86,0.04,566
2012-04-16,2889,1529258,15327560,4.84,4.86,4.81,4.82,-0.04,693
2012-04-17,2889,1582808,15743180,4.82,4.82,4.77,4.79,-0.03,628
2012-04-18,2889,1876248,18682817,4.82,4.84,4.77,4.81,0.02,850
2012-04-19,2889,858804,8573712,4.81,4.82,4.77,4.81,0.0,273
2012-04-20,2889,1309160,13002797,4.81,4.81,4.77,4.78,-0.03,1314
2012-04-23,2889,595853,5911552,4.78,4.81,4.77,4.77,-0.01,1222
2012-04-24,2889,1330758,13170770,4.77,4.78,4.74,4.74,-0.03,284
2012-04-25,2889,952596,9485177,4.76,4.81,4.76,4.81,0.07,1316
2012-04-26,2889,1048735,10439434,4.81,4.82,4.77,4.77,-0.04,269
2012-04-27,2889,829352,8242079,4.81,4.81,4.77,4.77,0.0,285
2012-04-30,2889,533645,5297202,4.77,4.81,4.77,4.8,0.03,1205
2012-05-02,2889,1413090,14165770,4.78,4.86,4.78,4.86,0.06,414
2012-05-03,2889,1089915,10915000,4.82,4.86,4.81,4.82,-0.04,230
2012-05-04,2889,1033634,10393840,4.82,4.86,4.82,4.84,0.02,294
2012-05-07,2889,1284754,12849250,4.82,4.86,4.8,4.82,-0.02,362
2012-05-08,2889,521771,5223560,4.82,4.86,4.82,4.82,0.0,235
2012-05-09,2889,861982,8631120,4.82,4.86,4.82,4.82,0.0,250
2012-05-10,2889,676997,6796920,4.82,4.86,4.82,4.84,0.02,154
2012-05-11,2889,1188042,11900690,4.84,4.86,4.81,4.81,-0.03,300
2012-05-14,2889,662388,6622620,4.82,4.84,4.81,4.82,0.01,185
2012-05-15,2889,1065470,10623601,4.82,4.82,4.79,4.81,-0.01,1264
2012-05-16,2889,1352478,13353127,4.82,4.84,4.68,4.7,-0.11,382
2012-05-17,2889,998294,9809844,4.7,4.76,4.7,4.73,0.03,396
2012-05-18,2889,1620215,15645490,4.7,4.72,4.6,4.62,-0.11,615
2012-05-21,2889,1327389,12798588,4.62,4.69,4.62,4.66,0.04,255
2012-05-22,2889,512727,4981468,4.7,4.7,4.66,4.69,0.03,270
2012-05-23,2889,1852964,17829806,4.68,4.68,4.6,4.67,-0.02,798
2012-05-24,2889,1842782,17651939,4.67,4.67,4.55,4.65,-0.02,739
2012-05-25,2889,1467351,14018470,4.64,4.64,4.56,4.64,-0.01,711
2012-05-28,2889,1074528,10313096,4.62,4.65,4.58,4.65,0.01,408
2012-05-29,2889,1513112,14878647,4.69,4.78,4.66,4.75,0.1,417
2012-05-30,2889,1027396,10008498,4.7,4.72,4.67,4.71,-0.04,528
2012-05-31,2889,1413213,13723087,4.68,4.74,4.6,4.74,0.03,541
2012-06-01,2889,854967,8317811,4.72,4.72,4.66,4.66,-0.08,319
2012-06-04,2889,1492842,14147671,4.59,4.63,4.51,4.52,-0.14,514
2012-06-05,2889,779765,7437165,4.58,4.62,4.54,4.58,0.06,373
2012-06-06,2889,979596,9448508,4.6,4.67,4.59,4.65,0.07,429
2012-06-07,2889,637262,6191639,4.7,4.7,4.67,4.69,0.04,241
2012-06-08,2889,597810,5791154,4.69,4.69,4.65,4.65,-0.04,233
2012-06-11,2889,686202,6679369,4.7,4.71,4.67,4.68,0.03,199
2012-06-12,2889,354000,3440950,4.67,4.7,4.65,4.69,0.01,152
2012-06-13,2889,775954,7576959,4.72,4.72,4.68,4.71,0.02,264
2012-06-14,2889,1208191,11824746,4.71,4.73,4.69,4.72,0.01,344
2012-06-15,2889,2932091,29123482,4.71,4.84,4.71,4.82,0.1,709
2012-06-18,2889,1943797,19471657,4.84,4.86,4.79,4.81,-0.01,420
2012-06-19,2889,1003378,10030028,4.84,4.84,4.8,4.81,0.0,240
2012-06-20,2889,674348,6745890,4.81,4.84,4.81,4.84,0.03,233
2012-06-21,2889,734757,7328239,4.81,4.84,4.77,4.78,-0.06,574
2012-06-22,2889,607224,6029927,4.76,4.82,4.73,4.82,0.04,245
2012-06-25,2889,938593,9250208,4.78,4.79,4.72,4.74,-0.08,317
2012-06-26,2889,760978,7482839,4.73,4.78,4.72,4.72,-0.02,299
2012-06-27,2889,2440066,24238951,4.76,4.82,4.72,4.8,0.08,1227
2012-06-28,2889,2406753,24054004,4.82,4.84,4.79,4.8,0.0,557
2012-06-29,2889,1488294,14913840,4.82,4.84,4.8,4.84,0.04,475
2012-07-02,2889,2189715,21911033,4.84,4.84,4.8,4.82,-0.02,386
2012-07-03,2889,1316791,13207210,4.82,4.86,4.82,4.86,0.04,292
2012-07-04,2889,1983690,20057465,4.86,4.89,4.84,4.86,0.0,392
2012-07-05,2889,590651,5956460,4.86,4.89,4.84,4.84,-0.02,166
2012-07-06,2889,893295,8959172,4.84,4.86,4.82,4.82,-0.02,207
2012-07-09,2889,713336,7138560,4.79,4.86,4.79,4.82,0.0,199
2012-07-10,2889,1037964,10406380,4.84,4.86,4.81,4.84,0.02,226
2012-07-11,2889,1000044,10070040,4.84,4.89,4.82,4.84,0.0,266
2012-07-12,2889,1312295,13157470,4.82,4.86,4.81,4.84,0.0,283
2012-07-13,2889,949990,9512172,4.82,4.86,4.81,4.81,-0.03,220
2012-07-16,2889,1392731,13959550,4.84,4.86,4.81,4.84,0.03,275
2012-07-17,2889,1698598,17138080,4.84,4.89,4.84,4.84,0.0,317
2012-07-18,2889,978813,9812170,4.84,4.84,4.82,4.82,-0.02,362
2012-07-19,2889,887198,8925180,4.84,4.86,4.82,4.84,0.02,253
2012-07-20,2889,1044224,10492590,4.84,4.86,4.82,4.84,0.0,226
2012-07-23,2889,1510573,15153830,4.82,4.86,4.82,4.82,-0.02,246
2012-07-24,2889,1121939,11257740,4.82,4.86,4.82,4.84,0.02,225
2012-07-25,2889,1408950,14178500,4.84,4.86,4.82,4.84,0.0,351
2012-07-26,2889,1566826,15759002,4.86,4.89,4.82,4.82,-0.02,352
2012-07-27,2889,1781975,17933500,4.86,4.86,4.82,4.84,0.02,397
2012-07-30,2889,2796719,28245860,4.86,4.89,4.84,4.86,0.02,495
2012-07-31,2889,3591140,36300546,4.86,4.89,4.84,4.89,0.03,493
2012-08-01,2889,6433127,64788046,4.86,4.86,4.84,4.84,-0.05,966
2012-08-03,2889,3673000,34818001,4.62,4.62,4.53,4.53,-0.31,778
2012-08-06,2889,1754695,16653800,4.6,4.6,4.54,4.54,0.01,395
2012-08-07,2889,877295,8277245,4.54,4.57,4.54,4.54,0.0,248
2012-08-08,2889,1749549,16478277,4.55,4.55,4.53,4.54,0.0,372
2012-08-09,2889,1753606,16528489,4.54,4.56,4.52,4.56,0.02,476
2012-08-10,2889,1765476,16606238,4.56,4.56,4.52,4.52,-0.04,415
2012-08-13,2889,1958231,18347567,4.52,4.53,4.5,4.5,-0.02,367
2012-08-14,2889,1378044,12911097,4.5,4.55,4.5,4.5,0.0,404
2012-08-15,2889,1380776,12916914,4.52,4.52,4.5,4.5,0.0,441
2012-08-16,2889,1483284,13891879,4.54,4.54,4.5,4.53,0.03,444
2012-08-17,2889,1677440,15695900,4.53,4.53,4.5,4.5,-0.03,420
2012-08-20,2889,2158206,20076639,4.5,4.5,4.46,4.46,-0.04,463
2012-08-21,2889,1757833,16307601,4.46,4.5,4.45,4.45,-0.01,484
2012-08-22,2889,1973049,18225451,4.46,4.46,4.44,4.44,-0.01,412
2012-08-23,2889,2625483,24194761,4.44,4.45,4.43,4.44,0.0,471
2012-08-24,2889,2377507,21879762,4.43,4.44,4.42,4.44,0.0,504
2012-08-27,2889,2271410,20836552,4.44,4.44,4.41,4.42,-0.02,427
2012-08-28,2889,2206099,20103496,4.41,4.42,4.37,4.38,-0.04,579
2012-08-29,2889,2115764,19182574,4.37,4.38,4.36,4.37,-0.01,482
2012-08-30,2889,3470360,31192792,4.37,4.37,4.31,4.33,-0.04,591
2012-08-31,2889,3090125,27718499,4.33,4.36,4.3,4.33,0.0,592
2012-09-03,2889,1732500,15550008,4.33,4.34,4.31,4.32,-0.01,391
2012-09-04,2889,1875274,16765999,4.32,4.33,4.3,4.31,-0.01,608
2012-09-05,2889,2190693,19462357,4.31,4.31,4.27,4.27,-0.04,616
2012-09-06,2889,2278810,20169211,4.27,4.27,4.25,4.26,-0.01,580
2012-09-07,2889,3121818,27697078,4.29,4.29,4.26,4.27,0.01,569
2012-09-10,2889,2904532,25859141,4.27,4.31,4.26,4.31,0.04,568
2012-09-11,2889,1871343,16638009,4.31,4.31,4.27,4.29,-0.02,452
2012-09-12,2889,18365808,161478619,4.3,4.3,4.18,4.18,-0.11,2306
2012-09-13,2889,8319126,71531362,4.19,4.19,4.11,4.13,-0.05,1905
2012-09-14,2889,6496798,56846905,4.16,4.27,4.14,4.27,0.14,1734
2012-09-17,2889,4132662,36877920,4.31,4.31,4.28,4.3,0.03,1031
2012-09-18,2889,4036207,36216580,4.29,4.35,4.27,4.35,0.05,897
2012-09-19,2889,3976878,35800486,4.35,4.35,4.32,4.32,-0.03,754
2012-09-20,2889,2626737,23635849,4.33,4.36,4.31,4.34,0.02,555
2012-09-21,2889,1257196,11338184,4.36,4.36,4.33,4.34,0.0,402
2012-09-24,2889,984397,8851623,4.34,4.36,4.31,4.33,-0.01,400
2012-09-25,2889,1114955,10021095,4.34,4.34,4.32,4.32,-0.01,344
2012-09-26,2889,1507215,13432996,4.31,4.32,4.28,4.28,-0.04,394
2012-09-27,2889,1132245,10073716,4.32,4.32,4.27,4.29,0.01,409
2012-09-28,2889,776035,6916532,4.29,4.32,4.28,4.3,0.01,335
2012-10-01,2889,1433758,12731456,4.3,4.31,4.24,4.27,-0.03,393
2012-10-02,2889,1727554,15409088,4.27,4.31,4.27,4.31,0.04,383
2012-10-03,2889,884919,7888001,4.32,4.32,4.28,4.29,-0.02,260
2012-10-04,2889,1371183,12202262,4.29,4.3,4.26,4.29,0.0,437
2012-10-05,2889,1843582,16470921,4.28,4.32,4.28,4.3,0.01,382
2012-10-08,2889,1271414,11289296,4.3,4.31,4.24,4.25,-0.05,388
2012-10-09,2889,1899160,16837858,4.22,4.31,4.22,4.26,0.01,539
2012-10-11,2889,1403049,12275922,4.26,4.26,4.19,4.19,-0.07,421
2012-10-12,2889,879187,7643823,4.19,4.2,4.17,4.17,-0.02,336
2012-10-15,2889,899380,7799656,4.18,4.2,4.15,4.2,0.03,277
2012-10-16,2889,876495,7650568,4.2,4.22,4.19,4.22,0.02,256
2012-10-17,2889,3079231,26951890,4.22,4.23,4.19,4.23,0.01,525
2012-10-18,2889,1176089,10317397,4.23,4.24,4.2,4.24,0.01,288
2012-10-19,2889,644905,5667416,4.24,4.24,4.22,4.24,0.0,178
2012-10-22,2889,944450,8231275,4.2,4.22,4.16,4.22,-0.02,321
2012-10-23,2889,1208244,10559675,4.22,4.22,4.18,4.22,0.0,231
2012-10-24,2889,1182559,10327866,4.18,4.22,4.18,4.22,0.0,228
2012-10-25,2889,1077499,9427124,4.2,4.23,4.19,4.23,0.01,210
2012-10-26,2889,2716658,23677418,4.23,4.23,4.17,4.23,0.0,532
2012-10-29,2889,1609082,14053507,4.22,4.23,4.18,4.23,0.0,384
2012-10-30,2889,1918345,16933159,4.24,4.27,4.23,4.26,0.03,652
2012-10-31,2889,920105,8122701,4.29,4.29,4.23,4.26,0.0,322
2012-11-01,2889,1522982,13485978,4.24,4.33,4.19,4.33,0.07,439
2012-11-02,2889,999602,8943504,4.33,4.33,4.29,4.3,-0.03,459
2012-11-05,2889,685175,6086303,4.29,4.3,4.25,4.29,-0.01,253
2012-11-06,2889,459594,4081394,4.25,4.3,4.25,4.29,0.0,222
2012-11-07,2889,950887,8449043,4.26,4.3,4.26,4.3,0.01,227
2012-11-08,2889,674929,5970187,4.26,4.28,4.24,4.28,-0.02,252
2012-11-09,2889,1017936,9000290,4.24,4.29,4.22,4.26,-0.02,404
2012-11-12,2889,590039,5220854,4.26,4.28,4.25,4.25,-0.01,203
2012-11-13,2889,1173461,10298276,4.24,4.25,4.19,4.25,0.0,436
2012-11-14,2889,752616,6615198,4.21,4.26,4.2,4.26,0.01,260
2012-11-15,2889,2066788,18205053,4.21,4.28,4.19,4.28,0.02,677
2012-11-16,2889,1214474,10709245,4.26,4.28,4.22,4.26,-0.02,492
2012-11-19,2889,1029328,9071540,4.23,4.28,4.23,4.26,0.0,279
2012-11-20,2889,581884,5128287,4.27,4.27,4.23,4.23,-0.03,196
2012-11-21,2889,1746343,15157914,4.24,4.24,4.1,4.11,-0.12,492
2012-11-22,2889,2048828,17534106,4.12,4.16,4.1,4.13,0.02,508
2012-11-23,2889,1744819,15109598,4.14,4.19,4.14,4.17,0.04,616
2012-11-26,2889,1091919,9492912,4.19,4.21,4.17,4.18,0.01,589
2012-11-27,2889,1558641,13670296,4.19,4.23,4.19,4.22,0.04,438
2012-11-28,2889,4413123,39668830,4.33,4.38,4.3,4.31,0.09,1244
2012-11-29,2889,1769452,15879835,4.33,4.34,4.3,4.31,0.0,665
2012-11-30,2889,2559258,22988128,4.33,4.34,4.31,4.31,0.0,558
2012-12-03,2889,1816803,16364546,4.31,4.35,4.31,4.33,0.02,507
2012-12-04,2889,962776,8657130,4.33,4.34,4.31,4.34,0.01,265
2012-12-05,2889,1825764,16522796,4.34,4.38,4.34,4.35,0.01,640
2012-12-06,2889,3112886,28247759,4.35,4.39,4.35,4.38,0.03,665
2012-12-07,2889,3485187,31864139,4.38,4.42,4.38,4.41,0.03,754
2012-12-10,2889,2184221,19965352,4.41,4.42,4.39,4.4,-0.01,399
2012-12-11,2889,1916505,17480947,4.4,4.41,4.36,4.4,0.0,406
2012-12-12,2889,3124932,28765498,4.41,4.45,4.4,4.44,0.04,873
2012-12-13,2889,3316286,30618179,4.44,4.46,4.43,4.44,0.0,598
2012-12-14,2889,3680601,34136444,4.44,4.48,4.44,4.47,0.03,931
2012-12-17,2889,4081345,38375517,4.47,4.57,4.47,4.55,0.08,1133
2012-12-18,2889,2943626,27893326,4.57,4.57,4.54,4.57,0.02,859
2012-12-19,2889,3998378,38323098,4.57,4.65,4.57,4.64,0.07,1110
2012-12-20,2889,3045050,29154130,4.64,4.65,4.57,4.59,-0.05,792
2012-12-21,2889,4467573,42165508,4.59,4.59,4.49,4.5,-0.09,864
2012-12-22,2889,1940285,18389240,4.5,4.59,4.5,4.58,0.08,383
2012-12-24,2889,3008489,28827485,4.55,4.65,4.53,4.62,0.04,672
2012-12-25,2889,3139513,30312990,4.62,4.7,4.6,4.68,0.06,833
2012-12-26,2889,3295350,32133376,4.67,4.71,4.67,4.7,0.02,765
2012-12-27,2889,4601339,45280584,4.69,4.77,4.68,4.76,0.06,897
2012-12-28,2889,5518511,54944432,4.79,4.81,4.77,4.81,0.05,950
2013-01-02,2889,3244219,32439845,4.76,4.86,4.74,4.84,0.03,700
2013-01-03,2889,2737347,27476660,4.89,4.89,4.81,4.86,0.02,842
2013-01-04,2889,3258850,32753850,4.86,4.86,4.81,4.86,0.0,778
2013-01-07,2889,3761107,37597710,4.82,4.86,4.77,4.84,-0.02,780
2013-01-08,2889,2436095,24364660,4.82,4.84,4.78,4.84,0.0,535
2013-01-09,2889,2065420,20669810,4.79,4.84,4.78,4.84,0.0,468
2013-01-10,2889,3984482,39769493,4.82,4.84,4.77,4.77,-0.07,988
2013-01-11,2889,2910882,29073320,4.8,4.84,4.78,4.84,0.07,744
2013-01-14,2889,2395613,23956350,4.81,4.84,4.78,4.84,0.0,599
2013-01-15,2889,2131640,21205339,4.84,4.84,4.77,4.8,-0.04,1516
2013-01-16,2889,2442495,24183644,4.8,4.8,4.75,4.79,-0.01,1646
2013-01-17,2889,2659765,26158797,4.77,4.79,4.71,4.71,-0.08,718
2013-01-18,2889,1951619,19204866,4.74,4.76,4.72,4.74,0.03,457
2013-01-21,2889,2649409,26157675,4.72,4.78,4.7,4.78,0.04,1452
2013-01-22,2889,1739911,17290805,4.79,4.81,4.73,4.81,0.03,1431
2013-01-23,2889,1504661,15004180,4.8,4.81,4.78,4.81,0.0,1322
2013-01-24,2889,2044615,20360361,4.78,4.81,4.76,4.81,0.0,1530
2013-01-25,2889,2083165,20755617,4.81,4.81,4.77,4.79,-0.02,1497
2013-01-28,2889,1182303,11740315,4.81,4.81,4.76,4.77,-0.02,288
2013-01-29,2889,1192854,11802755,4.77,4.79,4.75,4.76,-0.01,385
2013-01-30,2889,2533237,25254743,4.79,4.81,4.79,4.81,0.05,630
2013-01-31,2889,1254180,12481430,4.81,4.81,4.77,4.8,-0.01,442
2013-02-01,2889,589961,5861430,4.77,4.8,4.77,4.79,-0.01,333
2013-02-04,2889,3876878,38736938,4.8,4.84,4.8,4.8,0.01,907
2013-02-05,2889,3643488,36301712,4.8,4.84,4.76,4.81,0.01,824
2013-02-06,2889,2419778,24284260,4.82,4.86,4.81,4.82,0.01,735
2013-02-18,2889,2326637,23322439,4.84,4.86,4.8,4.8,-0.02,1468
2013-02-19,2889,1096676,10938407,4.8,4.84,4.79,4.8,0.0,1427
2013-02-20,2889,2282178,22846828,4.81,4.84,4.81,4.81,0.01,1679
2013-02-21,2889,2501099,24669250,4.74,4.77,4.73,4.74,-0.07,963
2013-02-22,2889,938814,9257021,4.72,4.77,4.72,4.77,0.03,1389
2013-02-23,2889,996476,9897845,4.79,4.81,4.76,4.79,0.02,1294
2013-02-25,2889,1788610,17760750,4.76,4.8,4.76,4.79,0.0,1545
2013-02-26,2889,1149109,11399160,4.79,4.8,4.76,4.76,-0.03,349
2013-02-27,2889,506438,5020604,4.76,4.8,4.76,4.77,0.01,281
2013-03-01,2889,707169,7017646,4.79,4.79,4.77,4.78,0.01,466
2013-03-04,2889,1192257,11770447,4.78,4.78,4.72,4.76,-0.02,603
2013-03-05,2889,1257088,12389470,4.76,4.77,4.72,4.75,-0.01,549
2013-03-06,2889,1326805,13189441,4.77,4.82,4.76,4.79,0.04,1555
2013-03-07,2889,1642297,16318431,4.79,4.81,4.77,4.78,-0.01,1618
2013-03-08,2889,2849364,28526822,4.79,4.84,4.79,4.82,0.04,1112
2013-03-11,2889,5022083,50949782,4.84,4.94,4.84,4.86,0.04,1218
2013-03-12,2889,1185315,11940350,4.89,4.91,4.82,4.82,-0.04,439
2013-03-13,2889,1024642,10234098,4.82,4.84,4.8,4.8,-0.02,1421
2013-03-14,2889,1294528,12917716,4.8,4.82,4.8,4.8,0.0,1485
2013-03-15,2889,4846620,48472888,4.81,4.86,4.79,4.84,0.04,1035
2013-03-18,2889,2500856,24766121,4.79,4.82,4.74,4.74,-0.1,430
2013-03-19,2889,851955,8439612,4.74,4.8,4.74,4.77,0.03,1323
2013-03-20,2889,2057223,20261403,4.79,4.79,4.72,4.73,-0.04,503
2013-03-21,2889,1387207,13709693,4.72,4.79,4.72,4.76,0.03,1316
2013-03-22,2889,861122,8511342,4.72,4.79,4.72,4.75,-0.01,1214
2013-03-25,2889,1313015,13099626,4.75,4.86,4.75,4.82,0.07,446
2013-03-26,2889,2263090,22678028,4.81,4.84,4.81,4.82,0.0,499
2013-03-27,2889,1035684,10364000,4.84,4.84,4.81,4.84,0.02,365
2013-03-28,2889,2097020,21129450,4.84,4.89,4.82,4.84,0.0,563
2013-03-29,2889,1500228,15140931,4.86,4.89,4.82,4.89,0.05,356
2013-04-01,2889,725073,7317130,4.89,4.89,4.84,4.84,-0.05,214
2013-04-02,2889,2549868,25738197,4.86,4.89,4.84,4.86,0.02,542
2013-04-03,2889,12056795,125836957,4.91,5.18,4.89,5.13,0.27,2420
2013-04-08,2889,6813598,71138231,5.06,5.1,4.98,4.98,-0.15,1249
2013-04-09,2889,1650957,17104578,4.98,5.01,4.96,5.01,0.03,572
2013-04-10,2889,1539068,16038777,5.03,5.06,4.98,5.01,0.0,553
2013-04-11,2889,1803344,18778811,5.03,5.06,4.98,4.98,-0.03,450
2013-04-12,2889,1365551,14200843,5.01,5.06,4.98,4.98,0.0,407
2013-04-15,2889,4475583,47406008,5.08,5.18,5.03,5.08,0.1,910
2013-04-16,2889,1138906,11886099,5.03,5.06,4.98,5.03,-0.05,498
2013-04-17,2889,3059983,31862380,5.03,5.03,4.98,5.03,0.0,817
2013-04-18,2889,1155929,12082417,5.03,5.06,5.01,5.06,0.03,500
2013-04-19,2889,1883006,19631135,5.06,5.06,4.98,5.06,0.0,501
2013-04-22,2889,1623466,17022332,5.03,5.08,5.01,5.03,-0.03,608
2013-04-23,2889,1754040,18384145,5.01,5.08,5.01,5.06,0.03,554
2013-04-24,2889,1497145,15727692,5.06,5.08,5.03,5.06,0.0,521
2013-04-25,2889,1380778,14478769,5.06,5.08,5.03,5.03,-0.03,405
2013-04-26,2889,2964119,31065222,5.06,5.08,5.03,5.03,0.0,467
2013-04-29,2889,1417937,14788985,5.01,5.06,4.98,4.98,-0.05,248
2013-04-30,2889,1052991,10956886,5.01,5.06,4.98,5.01,0.03,320
2013-05-02,2889,1276116,13335321,5.01,5.06,5.01,5.01,0.0,324
2013-05-03,2889,1639081,17089672,5.03,5.06,5.01,5.03,0.02,351
2013-05-06,2889,2535168,26454707,5.06,5.06,5.01,5.01,-0.02,691
2013-05-07,2889,1454177,15106205,5.01,5.03,4.98,5.03,0.02,454
2013-05-08,2889,4881236,51084332,5.03,5.08,5.01,5.06,0.03,885
2013-05-09,2889,2576277,27108401,5.06,5.08,5.03,5.08,0.02,733
2013-05-10,2889,997554,10477863,5.08,5.08,5.03,5.08,0.0,500
2013-05-13,2889,1090972,11378493,5.06,5.08,4.98,5.03,-0.05,516
2013-05-14,2889,1323748,13721635,5.03,5.03,4.96,4.98,-0.05,448
2013-05-15,2889,1120007,11604251,5.01,5.01,4.96,5.01,0.03,319
2013-05-16,2889,2059878,21527141,5.03,5.06,4.98,5.03,0.02,719
2013-05-17,2889,2015740,20989503,5.03,5.06,4.98,5.01,-0.02,655
2013-05-20,2889,1430905,14896238,5.01,5.03,4.98,5.03,0.02,384
2013-05-21,2889,1192191,12418300,5.01,5.03,4.98,5.03,0.0,250
2013-05-22,2889,1587285,16520271,5.03,5.06,5.01,5.01,-0.02,479
2013-05-23,2889,2060315,21149996,5.01,5.03,4.89,4.91,-0.1,973
2013-05-24,2889,738822,7547924,4.94,4.96,4.89,4.91,0.0,315
2013-05-27,2889,881072,8977365,4.91,4.94,4.89,4.94,0.03,528
2013-05-28,2889,463642,4736443,4.91,4.94,4.91,4.94,0.0,194
2013-05-29,2889,936520,9575489,4.94,4.94,4.91,4.94,0.0,257
2013-05-30,2889,1855524,18784130,4.94,4.94,4.84,4.89,-0.05,572
2013-05-31,2889,610735,6218146,4.94,4.94,4.89,4.89,0.0,297
2013-06-03,2889,651321,6587428,4.86,4.91,4.84,4.89,0.0,225
2013-06-04,2889,903194,9204949,4.91,4.94,4.89,4.91,0.02,342
2013-06-05,2889,586362,5961105,4.89,4.91,4.89,4.91,0.0,266
2013-06-06,2889,785489,7960924,4.89,4.91,4.86,4.89,-0.02,355
2013-06-07,2889,903615,9163199,4.89,4.91,4.86,4.89,0.0,249
2013-06-10,2889,1054505,10688430,4.91,4.91,4.86,4.89,0.0,306
2013-06-11,2889,607328,6157049,4.89,4.91,4.86,4.89,0.0,277
2013-06-13,2889,1058241,10656010,4.89,4.89,4.82,4.84,-0.05,388
2013-06-14,2889,1550331,15568060,4.86,4.89,4.82,4.82,-0.02,461
2013-06-17,2889,759060,7619750,4.82,4.86,4.82,4.84,0.02,365
2013-06-18,2889,655354,6566780,4.84,4.84,4.82,4.82,-0.02,267
2013-06-19,2889,1317256,13175051,4.82,4.84,4.8,4.82,0.0,526
2013-06-20,2889,859392,8593430,4.81,4.84,4.79,4.84,0.02,388
2013-06-21,2889,1157932,11524890,4.81,4.82,4.77,4.82,-0.02,427
2013-06-24,2889,967591,9664495,4.82,4.84,4.79,4.82,0.0,504
2013-06-25,2889,965104,9616245,4.82,4.84,4.77,4.81,-0.01,1334
2013-06-26,2889,1528322,15242187,4.81,4.84,4.78,4.81,0.0,1527
2013-06-27,2889,1139940,11366306,4.8,4.82,4.8,4.8,-0.01,2509
2013-06-28,2889,1285004,12843095,4.8,4.84,4.79,4.82,0.02,470
2013-07-01,2889,1461285,14679600,4.84,4.86,4.8,4.86,0.04,529
2013-07-02,2889,654882,6586343,4.86,4.86,4.82,4.82,-0.04,432
2013-07-03,2889,717386,7147144,4.82,4.84,4.77,4.81,-0.01,372
2013-07-04,2889,476472,4743573,4.8,4.81,4.78,4.81,0.0,164
2013-07-05,2889,847060,8491610,4.79,4.86,4.79,4.86,0.05,249
2013-07-08,2889,894036,8922358,4.82,4.86,4.79,4.82,-0.04,448
2013-07-09,2889,706840,7078012,4.82,4.84,4.79,4.84,0.02,311
2013-07-10,2889,1292049,12910704,4.84,4.84,4.8,4.81,-0.03,606
2013-07-11,2889,1566869,15649493,4.81,4.86,4.8,4.81,0.0,815
2013-07-12,2889,1487000,14821620,4.82,4.82,4.79,4.8,-0.01,674
2013-07-15,2889,1485692,14781966,4.79,4.82,4.78,4.81,0.01,1814
2013-07-16,2889,1697439,16860220,4.82,4.82,4.77,4.78,-0.03,883
2013-07-17,2889,1758930,17530699,4.78,4.84,4.77,4.82,0.04,1001
2013-07-18,2889,1430203,14318470,4.84,4.84,4.8,4.84,0.02,756
2013-07-19,2889,861816,8586751,4.82,4.82,4.79,4.81,-0.03,1382
2013-07-22,2889,838654,8379598,4.81,4.84,4.8,4.81,0.0,257
2013-07-23,2889,2316170,23132969,4.82,4.82,4.8,4.82,0.01,503
2013-07-24,2889,1286857,12841703,4.82,4.82,4.79,4.81,-0.01,339
2013-07-25,2889,899509,8983180,4.81,4.82,4.8,4.81,0.0,1261
2013-07-26,2889,1043178,10416927,4.8,4.82,4.8,4.81,0.0,1265
2013-07-29,2889,1314991,13145211,4.82,4.84,4.81,4.81,0.0,1249
2013-07-30,2889,2555169,25605600,4.82,4.84,4.81,4.84,0.03,550
2013-07-31,2889,1239816,12414223,4.84,4.84,4.81,4.84,0.0,400
2013-08-01,2889,6195576,62182860,4.84,4.86,4.82,4.84,0.0,404
2013-08-02,2889,905900,9110550,4.84,4.86,4.82,4.84,0.0,273
2013-08-05,2889,1246839,12589159,4.86,4.89,4.84,4.89,0.05,352
2013-08-06,2889,1985043,20129814,4.89,4.91,4.86,4.86,-0.03,460
2013-08-07,2889,2950819,29667690,4.86,4.89,4.82,4.84,-0.02,373
2013-08-08,2889,3374551,33921060,4.84,4.86,4.82,4.84,0.0,720
2013-08-09,2889,4248041,40758377,4.85,4.94,4.82,4.85,0.01,723
2013-08-12,2889,1237872,11880198,4.89,4.89,4.83,4.85,0.0,424
2013-08-13,2889,726459,6967043,4.87,4.87,4.83,4.84,-0.01,261
2013-08-14,2889,550854,5289082,4.85,4.88,4.83,4.85,0.01,262
2013-08-15,2889,638144,6095349,4.85,4.85,4.81,4.82,-0.03,210
2013-08-16,2889,1069627,10148791,4.8,4.81,4.75,4.81,-0.01,380
2013-08-19,2889,1056976,10011706,4.85,4.85,4.76,4.79,-0.02,290
2013-08-20,2889,549738,5212016,4.79,4.8,4.77,4.79,0.0,205
2013-08-22,2889,1128115,10640965,4.76,4.79,4.75,4.79,0.0,557
2013-08-23,2889,397160,3768728,4.79,4.8,4.79,4.79,0.0,187
2013-08-26,2889,289604,2739513,4.8,4.8,4.77,4.78,-0.01,123
2013-08-27,2889,507554,4785174,4.78,4.78,4.75,4.76,-0.02,177
2013-08-28,2889,733410,6895473,4.76,4.78,4.72,4.78,0.02,279
2013-08-29,2889,555029,5253569,4.77,4.8,4.76,4.76,-0.02,238
2013-08-30,2889,1212541,11594174,4.76,4.85,4.76,4.85,0.09,429
2013-09-02,2889,419403,4000110,4.84,4.84,4.8,4.81,-0.04,153
2013-09-03,2889,686091,6588039,4.85,4.88,4.82,4.82,0.01,340
2013-09-04,2889,622841,5964318,4.85,4.87,4.82,4.83,0.01,206
2013-09-05,2889,758896,7274749,4.84,4.87,4.82,4.84,0.01,168
2013-09-06,2889,404125,3864938,4.83,4.85,4.82,4.84,0.0,138
2013-09-09,2889,838608,8061179,4.85,4.87,4.84,4.86,0.02,279
2013-09-10,2889,590983,5676643,4.85,4.87,4.84,4.85,-0.01,322
2013-09-11,2889,755784,7259938,4.87,4.87,4.84,4.85,0.0,273
2013-09-12,2889,2173222,21138878,4.85,4.98,4.85,4.96,0.11,614
2013-09-13,2889,2737139,27228675,4.96,5.08,4.96,5.03,0.07,729
2013-09-14,2889,935573,9292159,5.03,5.03,5.0,5.02,-0.01,1220
2013-09-16,2889,1003832,9970137,5.02,5.03,5.01,5.02,0.0,344
2013-09-17,2889,700191,6961338,5.03,5.03,5.02,5.03,0.01,1248
2013-09-18,2889,1168461,11627051,5.03,5.05,5.02,5.03,0.0,1490
2013-09-23,2889,1228621,12257407,5.03,5.05,5.03,5.05,0.02,341
2013-09-24,2889,1752551,17570110,5.05,5.1,5.05,5.08,0.03,511
2013-09-25,2889,2406764,24296340,5.08,5.13,5.08,5.1,0.02,751
2013-09-26,2889,3250903,32833830,5.1,5.15,5.08,5.1,0.0,506
2013-09-27,2889,1020182,10294120,5.1,5.13,5.08,5.1,0.0,279
2013-09-30,2889,939868,9447730,5.1,5.1,5.05,5.1,0.0,238
2013-10-01,2889,622866,6261510,5.08,5.1,5.08,5.08,-0.02,255
2013-10-02,2889,559598,5626430,5.08,5.1,5.08,5.08,0.0,204
2013-10-03,2889,1375464,13827540,5.08,5.1,5.05,5.1,0.02,345
2013-10-04,2889,972311,9806089,5.1,5.13,5.08,5.1,0.0,308
2013-10-07,2889,2125206,21425460,5.1,5.13,5.05,5.1,0.0,312
2013-10-08,2889,994565,10009543,5.08,5.1,5.08,5.08,-0.02,262
2013-10-09,2889,872240,8797550,5.08,5.13,5.08,5.1,0.02,236
2013-10-11,2889,948846,9578260,5.13,5.13,5.08,5.1,0.0,334
2013-10-14,2889,791026,7949104,5.1,5.1,5.05,5.05,-0.05,203
2013-10-15,2889,1192678,11976480,5.08,5.1,5.05,5.1,0.05,364
2013-10-16,2889,830035,8360050,5.1,5.1,5.08,5.1,0.0,241
2013-10-17,2889,952144,9610604,5.1,5.13,5.08,5.13,0.03,247
2013-10-18,2889,1574268,15955216,5.13,5.15,5.08,5.15,0.02,417
2013-10-21,2889,973284,9872377,5.13,5.15,5.1,5.13,-0.02,213
2013-10-22,2889,875865,8827100,5.13,5.13,5.08,5.08,-0.05,199
2013-10-23,2889,1136927,11448020,5.08,5.13,5.05,5.05,-0.03,255
2013-10-24,2889,718283,7213080,5.05,5.1,5.05,5.05,0.0,185
2013-10-25,2889,1816082,18174320,5.05,5.08,5.05,5.05,0.0,403
2013-10-28,2889,462332,4639720,5.08,5.08,5.05,5.08,0.03,183
2013-10-29,2889,1196709,12068592,5.08,5.13,5.05,5.13,0.05,246
2013-10-30,2889,888131,8974260,5.13,5.13,5.08,5.1,-0.03,194
2013-10-31,2889,467506,4716013,5.1,5.1,5.08,5.1,0.0,166
2013-11-01,2889,1394506,13990610,5.1,5.13,5.05,5.05,-0.05,349
2013-11-04,2889,670332,6727970,5.1,5.1,5.05,5.08,0.03,236
2013-11-05,2889,2147774,21479469,5.08,5.08,5.03,5.04,-0.04,1373
2013-11-06,2889,498376,4984541,5.05,5.08,5.04,5.05,0.01,193
2013-11-07,2889,630721,6295055,5.05,5.05,5.04,5.04,-0.01,1263
2013-11-08,2889,370212,3697450,5.04,5.05,5.04,5.05,0.01,247
2013-11-11,2889,729885,7289365,5.08,5.08,5.04,5.05,0.0,1115
2013-11-12,2889,887464,8877322,5.05,5.08,5.04,5.05,0.0,1400
2013-11-13,2889,750404,7499929,5.04,5.08,5.04,5.05,0.0,1358
2013-11-14,2889,656820,6548764,5.04,5.05,5.03,5.03,-0.02,1296
2013-11-15,2889,506916,5061686,5.04,5.05,5.04,5.05,0.02,1209
2013-11-18,2889,838691,8364681,5.05,5.05,5.03,5.03,-0.02,1207
2013-11-19,2889,235888,2353285,5.05,5.05,5.04,5.05,0.02,1089
2013-11-20,2889,1857664,18716470,5.05,5.13,5.04,5.08,0.03,454
2013-11-21,2889,1259958,12598479,5.08,5.1,5.04,5.05,-0.03,1211
2013-11-22,2889,579654,5795903,5.04,5.08,5.04,5.05,0.0,1168
2013-11-25,2889,611887,6138470,5.08,5.1,5.05,5.08,0.03,218
2013-11-26,2889,246619,2467837,5.08,5.08,5.05,5.05,-0.03,107
2013-11-27,2889,658030,6587050,5.05,5.08,5.05,5.08,0.03,211
2013-11-28,2889,937314,9392146,5.08,5.08,5.05,5.05,-0.03,344
2013-11-29,2889,1236541,12417760,5.08,5.1,5.05,5.1,0.05,397
2013-12-02,2889,456086,4591610,5.1,5.1,5.08,5.08,-0.02,158
2013-12-03,2889,763262,7690670,5.05,5.1,5.05,5.08,0.0,335
2013-12-04,2889,1107576,11102710,5.08,5.1,5.05,5.08,0.0,206
2013-12-05,2889,1507684,15084423,5.05,5.08,5.05,5.05,-0.03,294
2013-12-06,2889,1331150,13345263,5.05,5.1,5.05,5.08,0.03,202
2013-12-09,2889,850749,8532540,5.08,5.1,5.05,5.08,0.0,299
2013-12-10,2889,323650,3249350,5.08,5.08,5.05,5.08,0.0,166
2013-12-11,2889,2171499,21705937,5.05,5.08,5.04,5.05,-0.03,1548
2013-12-12,2889,1210691,12054147,5.05,5.05,5.0,5.04,-0.01,1395
2013-12-13,2889,1357858,13491854,5.02,5.03,5.01,5.03,-0.01,268
2013-12-16,2889,1038527,10268612,5.01,5.01,4.98,5.01,-0.02,1340
2013-12-17,2889,840604,8298123,4.98,5.01,4.98,5.0,-0.01,1275
2013-12-18,2889,514475,5095293,5.0,5.02,4.98,5.0,0.0,1228
2013-12-19,2889,686374,6806993,5.03,5.04,4.98,4.99,-0.01,1254
2013-12-20,2889,1262765,12463256,4.99,5.03,4.96,4.98,-0.01,1554
2013-12-23,2889,470080,4639500,4.98,5.02,4.98,5.0,0.02,1202
2013-12-24,2889,451613,4462512,5.0,5.0,4.98,4.99,-0.01,1169
2013-12-25,2889,451043,4453231,4.98,5.01,4.98,5.01,0.02,1213
2013-12-26,2889,195624,1935879,5.03,5.03,4.98,4.99,-0.02,1140
2013-12-27,2889,435171,4311423,4.99,5.02,4.99,5.02,0.03,1243
2013-12-30,2889,947120,9446578,5.02,5.05,5.02,5.05,0.03,1365
2013-12-31,2889,1172174,11712984,5.05,5.08,5.04,5.05,0.0,1286
2014-01-02,2889,1371060,13719341,5.05,5.08,5.04,5.05,0.0,363
2014-01-03,2889,1050948,10495300,5.05,5.08,5.04,5.05,0.0,1401
2014-01-06,2889,734674,7328800,5.05,5.05,5.03,5.03,-0.02,1212
2014-01-07,2889,647008,6457987,5.02,5.08,5.02,5.04,0.01,1287
2014-01-08,2889,955315,9533590,5.03,5.05,5.03,5.04,0.0,318
2014-01-09,2889,1142024,11403614,5.04,5.05,5.03,5.04,0.0,1306
2014-01-10,2889,1233227,12319273,5.05,5.05,5.04,5.05,0.01,404
2014-01-13,2889,1261635,12661700,5.05,5.1,5.05,5.08,0.03,469
2014-01-14,2889,1351054,13530746,5.08,5.08,5.04,5.04,-0.04,1340
2014-01-15,2889,827661,8287617,5.04,5.08,5.04,5.08,0.04,316
2014-01-16,2889,814228,8150306,5.08,5.08,5.05,5.05,-0.03,285
2014-01-17,2889,572602,5728320,5.05,5.08,5.04,5.05,0.0,183
2014-01-20,2889,2686224,27056170,5.05,5.1,5.05,5.08,0.03,554
2014-01-21,2889,1920249,19380590,5.08,5.13,5.08,5.1,0.02,602
2014-01-22,2889,1317441,13322256,5.1,5.13,5.08,5.13,0.03,487
2014-01-23,2889,1311661,13273160,5.13,5.13,5.08,5.1,-0.03,651
2014-01-24,2889,593990,5970400,5.08,5.1,5.05,5.08,-0.02,260
2014-01-27,2889,1962261,19639860,5.05,5.1,5.04,5.04,-0.04,1431
2014-02-05,2889,2201974,21801906,5.01,5.04,4.98,5.02,-0.02,832
2014-02-06,2889,2166682,21415123,5.02,5.02,4.98,4.99,-0.03,896
2014-02-07,2889,1192816,11861429,5.05,5.05,5.01,5.02,0.03,1505
2014-02-10,2889,2208867,21910532,5.05,5.05,4.99,5.01,-0.01,1527
2014-02-11,2889,4408226,43225848,5.0,5.0,4.93,4.94,-0.07,1250
2014-02-12,2889,2947059,28667901,4.94,4.95,4.9,4.92,-0.02,1011
2014-02-13,2889,920534,8958374,4.91,4.94,4.9,4.93,0.01,318
2014-02-14,2889,939556,9170016,4.93,4.96,4.92,4.92,-0.01,461
2014-02-17,2889,453148,4419199,4.93,4.94,4.92,4.92,0.0,209
2014-02-18,2889,363242,3533908,4.92,4.93,4.91,4.93,0.01,188
2014-02-19,2889,758690,7389059,4.93,4.94,4.91,4.93,0.0,256
2014-02-20,2889,1025086,9964440,4.94,4.94,4.9,4.91,-0.02,344
2014-02-21,2889,1211729,11773866,4.92,4.93,4.9,4.91,0.0,420
2014-02-24,2889,981989,9584143,4.91,4.95,4.91,4.95,0.04,453
2014-02-25,2889,1313495,12905893,4.95,4.98,4.95,4.97,0.02,493
2014-02-26,2889,1225361,12100169,4.97,5.0,4.97,4.98,0.01,518
2014-02-27,2889,1045107,10313619,5.0,5.0,4.98,5.0,0.02,319
2014-03-03,2889,1376545,13506807,5.0,5.0,4.94,4.97,-0.03,447
2014-03-04,2889,1082726,10566866,4.94,4.95,4.92,4.93,-0.04,443
2014-03-05,2889,847038,8314090,4.93,4.98,4.93,4.97,0.04,404
2014-03-06,2889,955834,9411893,4.98,4.99,4.95,4.98,0.01,1572
2014-03-07,2889,1948603,19136409,4.99,5.01,4.94,4.97,-0.01,492
2014-03-10,2889,879524,8581359,4.97,4.97,4.92,4.92,-0.05,367
2014-03-11,2889,1611662,15655191,4.92,4.96,4.89,4.9,-0.02,463
2014-03-12,2889,1320436,12798965,4.9,4.91,4.88,4.9,0.0,301
2014-03-13,2889,1111049,10739099,4.9,4.91,4.87,4.88,-0.02,344
2014-03-14,2889,966931,9325401,4.88,4.88,4.85,4.88,0.0,314
2014-03-17,2889,1342208,12912976,4.85,4.88,4.85,4.88,0.0,573
2014-03-18,2889,1010106,9734611,4.87,4.89,4.85,4.88,0.0,401
2014-03-19,2889,2734397,26108338,4.88,4.88,4.79,4.84,-0.04,661
2014-03-20,2889,1690250,16054984,4.82,4.82,4.78,4.81,-0.03,502
2014-03-21,2889,3465623,32701348,4.81,4.84,4.75,4.75,-0.06,987
2014-03-24,2889,1347978,12573133,4.7,4.75,4.67,4.73,-0.02,323
2014-03-25,2889,855580,8016156,4.72,4.75,4.72,4.74,0.01,324
2014-03-26,2889,775698,7290589,4.74,4.77,4.74,4.76,0.02,259
2014-03-27,2889,941158,8898908,4.75,4.79,4.75,4.78,0.02,382
2014-03-28,2889,1707724,16086156,4.78,4.79,4.75,4.75,-0.03,287
2014-03-31,2889,850190,7967876,4.75,4.76,4.71,4.75,0.0,402
2014-04-01,2889,485392,4568965,4.75,4.76,4.75,4.75,0.0,236
2014-04-02,2889,407273,3837755,4.75,4.77,4.75,4.76,0.01,199
2014-04-03,2889,879326,8307366,4.78,4.79,4.76,4.78,0.02,369
2014-04-07,2889,591181,5607407,4.78,4.8,4.78,4.8,0.02,288
2014-04-08,2889,504910,4806097,4.8,4.82,4.8,4.82,0.02,223
2014-04-09,2889,911328,8695660,4.82,4.83,4.81,4.83,0.01,442
2014-04-10,2889,1124022,10767503,4.83,4.85,4.83,4.83,0.0,491
2014-04-11,2889,1386781,13231577,4.81,4.84,4.8,4.8,-0.03,517
2014-04-14,2889,916547,8679144,4.8,4.8,4.77,4.78,-0.02,518
2014-04-15,2889,702382,6661366,4.8,4.81,4.77,4.79,0.01,436
2014-04-16,2889,2330926,22151225,4.81,4.82,4.77,4.8,0.01,917
2014-04-17,2889,1966860,18697510,4.8,4.81,4.79,4.8,0.0,761
2014-04-18,2889,1277734,12110520,4.79,4.81,4.77,4.79,-0.01,292
2014-04-21,2889,1362933,12977272,4.8,4.84,4.79,4.84,0.05,507
2014-04-22,2889,1299728,12492053,4.84,4.87,4.84,4.87,0.03,463
2014-04-23,2889,1068476,10298570,4.89,4.89,4.85,4.87,0.0,218
2014-04-24,2889,2099390,20084550,4.87,4.87,4.81,4.84,-0.03,250
2014-04-25,2889,1838824,17439118,4.84,4.84,4.76,4.77,-0.07,357
2014-04-28,2889,915179,8627565,4.7,4.8,4.7,4.76,-0.01,299
2014-04-29,2889,927293,8778915,4.77,4.8,4.76,4.78,0.02,159
2014-04-30,2889,1230464,11627338,4.76,4.78,4.76,4.78,0.0,163
2014-05-02,2889,704410,6651095,4.75,4.78,4.75,4.77,-0.01,184
2014-05-05,2889,378384,3567555,4.77,4.78,4.75,4.77,0.0,167
2014-05-06,2889,846548,7947219,4.76,4.76,4.72,4.76,-0.01,239
2014-05-07,2889,454422,4279805,4.76,4.77,4.75,4.77,0.01,141
2014-05-08,2889,659123,6228832,4.79,4.79,4.75,4.78,0.01,201
2014-05-09,2889,581485,5490471,4.78,4.78,4.76,4.76,-0.02,219
2014-05-12,2889,493075,4660308,4.77,4.79,4.76,4.77,0.01,262
2014-05-13,2889,576409,5458472,4.77,4.8,4.76,4.77,0.0,307
2014-05-14,2889,491659,4633761,4.77,4.77,4.75,4.75,-0.02,243
2014-05-15,2889,88625,837432,4.75,4.79,4.75,4.77,0.02,84
2014-05-16,2889,251399,2369433,4.77,4.77,4.75,4.77,0.0,140
2014-05-19,2889,446383,4205805,4.77,4.77,4.75,4.76,-0.01,154
2014-05-20,2889,974716,9165233,4.76,4.77,4.74,4.74,-0.02,298
2014-05-21,2889,1187540,11112230,4.74,4.74,4.71,4.73,-0.01,476
2014-05-22,2889,653667,6145131,4.75,4.76,4.74,4.76,0.03,207
2014-05-23,2889,462514,4350981,4.76,4.77,4.74,4.75,-0.01,194
2014-05-26,2889,985876,9269714,4.75,4.77,4.74,4.75,0.0,305
2014-05-27,2889,723894,6819200,4.75,4.77,4.75,4.76,0.01,223
2014-05-28,2889,1288285,12185359,4.76,4.79,4.75,4.77,0.01,367
2014-05-29,2889,1012811,9588773,4.79,4.79,4.77,4.77,0.0,384
2014-05-30,2889,2042187,19337815,4.77,4.8,4.77,4.8,0.03,357
2014-06-03,2889,5359408,51039204,4.81,4.83,4.78,4.8,0.0,468
2014-06-04,2889,796607,7545256,4.78,4.8,4.77,4.78,-0.02,425
2014-06-05,2889,748095,7067014,4.78,4.78,4.76,4.78,0.0,324
2014-06-06,2889,596031,5631767,4.78,4.79,4.77,4.77,-0.01,261
2014-06-09,2889,542155,5119646,4.77,4.78,4.76,4.77,0.0,211
2014-06-10,2889,588924,5571458,4.78,4.79,4.77,4.78,0.01,229
2014-06-11,2889,781093,7380328,4.78,4.78,4.77,4.77,-0.01,320
2014-06-12,2889,915017,8647891,4.77,4.78,4.76,4.78,0.01,373
2014-06-13,2889,619189,5850058,4.77,4.78,4.76,4.78,0.0,288
2014-06-16,2889,771861,7310137,4.79,4.79,4.77,4.79,0.01,310
2014-06-17,2889,847354,8022756,4.8,4.8,4.77,4.78,-0.01,231
2014-06-18,2889,2580217,24517927,4.78,4.84,4.77,4.81,0.03,1012
2014-06-19,2889,1371783,13102892,4.81,4.84,4.79,4.83,0.02,573
2014-06-20,2889,2611548,24757064,4.84,4.84,4.77,4.77,-0.06,693
2014-06-23,2889,1151437,10920533,4.78,4.8,4.77,4.8,0.03,429
2014-06-24,2889,950653,9067517,4.8,4.82,4.8,4.81,0.01,507
2014-06-25,2889,756211,7204807,4.81,4.82,4.8,4.81,0.0,401
2014-06-26,2889,752430,7165184,4.82,4.82,4.79,4.81,0.0,348
2014-06-27,2889,941167,8934778,4.79,4.81,4.78,4.79,-0.02,359
2014-06-30,2889,1157640,10969779,4.79,4.8,4.78,4.79,0.0,360
2014-07-01,2889,1212162,11493546,4.79,4.81,4.78,4.79,0.0,506
2014-07-02,2889,1935233,18360659,4.79,4.8,4.78,4.79,0.0,476
2014-07-03,2889,720823,6841328,4.8,4.8,4.79,4.79,0.0,273
2014-07-04,2889,882763,8380443,4.8,4.8,4.79,4.79,0.0,385
2014-07-07,2889,684928,6498789,4.79,4.8,4.78,4.79,0.0,239
2014-07-08,2889,1551975,14807305,4.8,4.84,4.79,4.84,0.05,474
2014-07-09,2889,1184125,11327981,4.84,4.85,4.81,4.82,-0.02,358
2014-07-10,2889,2616873,25070431,4.83,4.85,4.83,4.84,0.02,695
2014-07-11,2889,1309775,12517349,4.85,4.85,4.81,4.81,-0.03,478
2014-07-14,2889,1662802,15920330,4.81,4.85,4.81,4.84,0.03,702
2014-07-15,2889,11213098,110027992,4.87,5.02,4.87,4.97,0.13,3383
2014-07-16,2889,3296366,32314873,4.97,5.0,4.92,4.93,-0.04,987
2014-07-17,2889,3409147,33344192,4.95,4.96,4.92,4.94,0.01,774
2014-07-18,2889,2557372,24957825,4.92,4.95,4.92,4.93,-0.01,874
2014-07-21,2889,3717302,36218835,4.94,4.94,4.9,4.92,-0.01,1777
2014-07-22,2889,2693092,26120367,4.92,4.92,4.89,4.91,-0.01,911
2014-07-24,2889,3400406,33008613,4.91,4.94,4.89,4.93,0.02,1858
2014-07-25,2889,4158207,40634889,4.94,4.96,4.91,4.93,0.0,1036
2014-07-28,2889,3539460,34493947,4.93,4.93,4.91,4.93,0.0,875
2014-07-29,2889,5725563,55745463,4.93,4.94,4.9,4.9,-0.03,1282
2014-07-30,2889,4128644,40065420,4.91,4.93,4.89,4.9,0.0,880
2014-07-31,2889,3758627,36316613,4.92,4.92,4.87,4.87,-0.03,930
2014-08-01,2889,5052723,48303967,4.87,4.87,4.81,4.82,-0.05,1008
2014-08-04,2889,4029006,38301025,4.82,4.82,4.79,4.8,-0.02,628
2014-08-05,2889,3970897,37564122,4.79,4.8,4.76,4.76,-0.04,1062
2014-08-06,2889,3498547,32884575,4.76,4.76,4.73,4.75,-0.01,805
2014-08-07,2889,2158807,20335782,4.75,4.77,4.75,4.77,0.02,471
2014-08-08,2889,1493473,14060620,4.77,4.78,4.75,4.76,-0.01,555
2014-08-11,2889,1972993,18648790,4.79,4.79,4.76,4.77,0.01,460
2014-08-12,2889,4248457,40066101,4.77,4.78,4.75,4.76,-0.01,688
2014-08-13,2889,7502450,70744740,4.76,4.77,4.75,4.76,0.0,1177
2014-08-14,2889,5135961,46240079,4.77,4.78,4.76,4.78,0.02,1106
2014-08-15,2889,3261699,29350301,4.77,4.77,4.76,4.77,-0.01,537
2014-08-18,2889,4253755,38306055,4.77,4.81,4.76,4.79,0.02,562
2014-08-19,2889,2486807,22428963,4.8,4.8,4.76,4.78,-0.01,746
2014-08-20,2889,2814183,25407038,4.79,4.8,4.77,4.79,0.01,806
2014-08-21,2889,1271667,11490783,4.79,4.8,4.77,4.79,0.0,439
2014-08-22,2889,1872468,16962357,4.79,4.82,4.79,4.81,0.02,566
2014-08-25,2889,3190097,28986227,4.81,4.82,4.81,4.82,0.01,857
2014-08-26,2889,2196503,19961371,4.82,4.82,4.81,4.82,0.0,374
2014-08-27,2889,2867036,26183182,4.82,4.86,4.82,4.84,0.02,1023
2014-08-28,2889,1415374,12912116,4.84,4.85,4.82,4.83,-0.01,424
2014-08-29,2889,1527201,13931463,4.83,4.84,4.83,4.84,0.01,611
2014-09-01,2889,2294825,21025592,4.84,4.87,4.84,4.85,0.01,395
2014-09-02,2889,3206542,29367368,4.85,4.87,4.84,4.84,-0.01,815
2014-09-03,2889,2033186,18561509,4.84,4.85,4.83,4.84,0.0,339
2014-09-04,2889,7843607,70843055,4.84,4.84,4.77,4.79,-0.05,2135
2014-09-05,2889,3853866,34867103,4.78,4.81,4.78,4.8,0.01,616
2014-09-09,2889,3438351,31132600,4.81,4.82,4.79,4.79,-0.01,629
2014-09-10,2889,3283688,29632438,4.79,4.8,4.77,4.78,-0.01,1097
2014-09-11,2889,4251723,38332207,4.78,4.79,4.77,4.77,-0.01,793
2014-09-12,2889,3900170,35105668,4.77,4.77,4.76,4.76,-0.01,805
2014-09-15,2889,2499907,22472643,4.77,4.77,4.75,4.77,0.01,628
2014-09-16,2889,2343051,21043893,4.77,4.77,4.75,4.76,-0.01,813
2014-09-17,2889,4398171,39493006,4.77,4.77,4.75,4.75,-0.01,1231
2014-09-18,2889,3666289,32884431,4.75,4.77,4.74,4.74,-0.01,1015
2014-09-19,2889,41462098,370516282,4.76,4.78,4.73,4.73,-0.01,1758
2014-09-22,2889,4364546,39123804,4.74,4.76,4.74,4.75,0.02,1374
2014-09-23,2889,4127774,36875977,4.75,4.75,4.72,4.73,-0.02,1090
2014-09-24,2889,2693687,24078363,4.72,4.76,4.72,4.73,0.0,1220
2014-09-25,2889,3787962,33681265,4.73,4.74,4.7,4.7,-0.03,852
2014-09-26,2889,4629219,40747946,4.67,4.7,4.65,4.65,-0.05,1069
2014-09-29,2889,4494465,39270879,4.65,4.66,4.62,4.62,-0.03,888
2014-09-30,2889,6651670,57683254,4.62,4.65,4.56,4.56,-0.06,1648
2014-10-01,2889,3270375,28197370,4.57,4.61,4.56,4.56,0.0,561
2014-10-02,2889,4065734,34892630,4.56,4.58,4.54,4.54,-0.02,843
2014-10-03,2889,3747218,32270605,4.56,4.58,4.55,4.58,0.04,1339
2014-10-06,2889,1538094,13353456,4.61,4.62,4.58,4.59,0.01,675
2014-10-07,2889,1998832,17245526,4.59,4.6,4.56,4.59,0.0,797
2014-10-08,2889,2430350,20988821,4.57,4.59,4.56,4.58,-0.01,616
2014-10-09,2889,3216244,27840247,4.57,4.61,4.57,4.57,-0.01,1458
2014-10-13,2889,3610419,30838665,4.56,4.56,4.5,4.51,-0.06,972
2014-10-14,2889,2715240,23051390,4.51,4.52,4.48,4.51,0.0,766
2014-10-15,2889,2253650,18982208,4.51,4.51,4.45,4.45,-0.06,822
2014-10-16,2889,1795041,15029472,4.44,4.45,4.43,4.44,-0.01,556
2014-10-17,2889,2167804,18098605,4.45,4.46,4.4,4.41,-0.03,1020
2014-10-20,2889,1301473,10871752,4.41,4.46,4.41,4.45,0.04,706
2014-10-21,2889,585674,4895739,4.45,4.45,4.42,4.43,-0.02,284
2014-10-22,2889,2129642,17897750,4.44,4.47,4.44,4.44,0.01,751
2014-10-23,2889,1410243,11805479,4.44,4.46,4.43,4.44,0.0,386
2014-10-24,2889,1536201,12825225,4.44,4.45,4.41,4.44,0.0,570
2014-10-27,2889,1895185,15748615,4.44,4.44,4.39,4.41,-0.03,471
2014-10-28,2889,2512233,21052181,4.45,4.47,4.42,4.44,0.03,843
2014-10-29,2889,1448789,12139734,4.44,4.45,4.43,4.45,0.01,572
2014-10-30,2889,864471,7244802,4.45,4.46,4.43,4.44,-0.01,339
2014-10-31,2889,2372863,19943882,4.46,4.48,4.44,4.48,0.04,690
2014-11-03,2889,2354853,20031132,4.49,4.54,4.47,4.52,0.04,675
2014-11-04,2889,1417653,12091391,4.52,4.54,4.51,4.51,-0.01,586
2014-11-05,2889,1107644,9432753,4.52,4.53,4.5,4.52,0.01,352
2014-11-06,2889,798974,6801560,4.52,4.53,4.5,4.5,-0.02,308
2014-11-07,2889,659138,5614552,4.5,4.52,4.5,4.52,0.02,231
2014-11-10,2889,2053571,17589760,4.52,4.56,4.51,4.54,0.02,393
2014-11-11,2889,903530,7741088,4.54,4.55,4.53,4.54,0.0,426
2014-11-12,2889,1097275,9350865,4.53,4.54,4.51,4.52,-0.02,312
2014-11-13,2889,1884394,16020981,4.5,4.53,4.49,4.5,-0.02,455
2014-11-14,2889,2238335,18926135,4.5,4.5,4.47,4.47,-0.03,537
2014-11-17,2889,695409,5868818,4.5,4.5,4.46,4.48,0.01,263
2014-11-18,2889,786089,6631474,4.48,4.5,4.46,4.46,-0.02,259
2014-11-19,2889,1287449,10856118,4.46,4.49,4.45,4.46,0.0,372
2014-11-20,2889,636832,5381729,4.46,4.49,4.46,4.48,0.02,447
2014-11-21,2889,944412,7989719,4.49,4.5,4.47,4.49,0.01,367
2014-11-24,2889,1265703,10721862,4.49,4.5,4.48,4.49,0.0,420
2014-11-25,2889,2142614,18076642,4.49,4.5,4.46,4.46,-0.03,446
2014-11-26,2889,824481,6949854,4.47,4.49,4.46,4.48,0.02,374
2014-11-27,2889,2615851,22024782,4.48,4.48,4.45,4.45,-0.03,612
2014-11-28,2889,1797712,15102949,4.45,4.46,4.45,4.45,0.0,436
2014-12-01,2889,3549439,29251050,4.32,4.4,4.32,4.37,-0.08,867
2014-12-02,2889,3333755,27366958,4.37,4.37,4.34,4.37,0.0,944
2014-12-03,2889,3842580,31680806,4.37,4.38,4.35,4.38,0.01,985
2014-12-04,2889,3381331,27938953,4.38,4.39,4.37,4.39,0.01,545
2014-12-05,2889,3572123,29519594,4.39,4.39,4.37,4.38,-0.01,707
2014-12-08,2889,3282923,27182983,4.38,4.4,4.38,4.38,0.0,612
2014-12-09,2889,2724963,22551038,4.39,4.39,4.38,4.38,0.0,376
2014-12-10,2889,3509528,28914540,4.38,4.38,4.36,4.36,-0.02,844
2014-12-11,2889,1887624,15507639,4.35,4.36,4.35,4.36,0.0,330
2014-12-12,2889,2526731,20783311,4.36,4.37,4.35,4.36,0.0,723
2014-12-15,2889,850787,6990276,4.36,4.36,4.35,4.36,0.0,280
2014-12-16,2889,1919995,15829535,4.36,4.39,4.35,4.38,0.02,802
2014-12-17,2889,2552189,21017823,4.38,4.39,4.35,4.35,-0.03,1010
2014-12-18,2889,2436519,20021592,4.36,4.37,4.35,4.35,0.0,592
2014-12-19,2889,1213564,9996670,4.37,4.38,4.35,4.37,0.02,412
2014-12-22,2889,1826577,15102675,4.38,4.4,4.37,4.4,0.03,551
2014-12-23,2889,1856351,15436835,4.4,4.41,4.4,4.41,0.01,485
2014-12-24,2889,3073022,25669777,4.41,4.44,4.41,4.44,0.03,698
2014-12-25,2889,3220734,27009954,4.45,4.46,4.43,4.45,0.01,824
2014-12-26,2889,2274024,19068154,4.45,4.45,4.44,4.45,0.0,488
2014-12-27,2889,2290909,19193622,4.45,4.46,4.43,4.45,0.0,503
2014-12-29,2889,3446244,28973911,4.45,4.47,4.44,4.45,0.0,642
2014-12-30,2889,1447484,12150304,4.45,4.46,4.44,4.45,0.0,368
2014-12-31,2889,2893646,24218118,4.45,4.46,4.43,4.43,-0.02,552
2015-01-05,2889,1504710,12553753,4.44,4.44,4.41,4.42,-0.01,465
2015-01-06,2889,1845360,15314639,4.41,4.41,4.38,4.4,-0.02,856
2015-01-07,2889,1837226,15260037,4.39,4.41,4.39,4.4,0.0,487
2015-01-08,2889,2057139,17143071,4.4,4.44,4.4,4.41,0.01,346
2015-01-09,2889,2278452,18997802,4.43,4.44,4.41,4.41,0.0,659
2015-01-12,2889,2091962,17391549,4.43,4.43,4.39,4.4,-0.01,404
2015-01-13,2889,2693611,22390061,4.4,4.43,4.39,4.4,0.0,738
2015-01-14,2889,1672544,13901983,4.41,4.43,4.4,4.4,0.0,495
2015-01-15,2889,992205,8243499,4.4,4.41,4.4,4.4,0.0,307
2015-01-16,2889,2463331,20379592,4.4,4.4,4.37,4.38,-0.02,857
2015-01-19,2889,1964716,16230700,4.38,4.39,4.37,4.38,0.0,482
2015-01-20,2889,2389320,19737217,4.38,4.39,4.37,4.38,0.0,797
2015-01-21,2889,1221094,10082692,4.37,4.38,4.37,4.38,0.0,530
2015-01-22,2889,2762296,22908801,4.38,4.4,4.38,4.4,0.02,893
2015-01-23,2889,4341288,36303694,4.45,4.45,4.41,4.43,0.03,1135
2015-01-26,2889,1935763,16127220,4.43,4.43,4.41,4.41,-0.02,478
2015-01-27,2889,2068689,17207737,4.41,4.42,4.4,4.41,0.0,589
2015-01-28,2889,3634410,30311957,4.41,4.44,4.4,4.44,0.03,875
2015-01-29,2889,2474810,20713227,4.44,4.45,4.43,4.43,-0.01,607
2015-01-30,2889,2664636,22292294,4.43,4.44,4.43,4.44,0.01,737
2015-02-02,2889,2773524,23219278,4.44,4.45,4.43,4.43,-0.01,784
2015-02-03,2889,1347441,11264612,4.43,4.45,4.43,4.43,0.0,426
2015-02-04,2889,3588770,30079888,4.45,4.46,4.43,4.43,0.0,768
2015-02-05,2889,2188580,18308938,4.45,4.45,4.43,4.43,0.0,580
2015-02-06,2889,2519292,21057260,4.44,4.44,4.42,4.44,0.01,653
2015-02-09,2889,1746939,14601762,4.45,4.45,4.43,4.43,-0.01,292
2015-02-10,2889,2575145,21544620,4.43,4.45,4.43,4.45,0.02,654
2015-02-11,2889,2398221,20091439,4.45,4.45,4.44,4.44,-0.01,479
2015-02-12,2889,3128353,26262959,4.45,4.46,4.44,4.46,0.02,526
2015-02-13,2889,2069325,17422004,4.47,4.47,4.46,4.46,0.0,434
2015-02-24,2889,4754326,40216172,4.49,4.49,4.47,4.49,0.03,810
2015-02-25,2889,3034080,25751531,4.5,4.5,4.49,4.49,0.0,765
2015-02-26,2889,6545714,55794211,4.5,4.53,4.5,4.53,0.04,1238
2015-03-02,2889,11014557,96074985,4.56,4.67,4.54,4.64,0.11,1743
2015-03-03,2889,4098207,35766791,4.66,4.66,4.61,4.62,-0.02,882
2015-03-04,2889,3253790,28314597,4.62,4.63,4.6,4.6,-0.02,764
2015-03-05,2889,4517563,39024011,4.6,4.61,4.57,4.57,-0.03,777
2015-03-06,2889,2424317,20948233,4.57,4.59,4.57,4.57,0.0,514
2015-03-09,2889,1454151,12537149,4.57,4.57,4.56,4.57,0.0,318
2015-03-10,2889,2936347,25428925,4.57,4.61,4.57,4.58,0.01,466
2015-03-11,2889,3902438,33695833,4.58,4.58,4.56,4.58,0.0,826
2015-03-12,2889,1803203,15560140,4.57,4.58,4.57,4.57,-0.01,350
2015-03-13,2889,1775859,15303558,4.57,4.58,4.56,4.56,-0.01,404
2015-03-16,2889,1300826,11184413,4.56,4.57,4.54,4.56,0.0,365
2015-03-17,2889,1797006,15435728,4.56,4.57,4.54,4.54,-0.02,399
2015-03-18,2889,2081566,17852531,4.54,4.56,4.54,4.54,0.0,434
2015-03-19,2889,2928784,25204552,4.55,4.57,4.55,4.57,0.03,737
2015-03-20,2889,2289498,19679661,4.57,4.57,4.54,4.56,-0.01,607
2015-03-23,2889,2412051,20763316,4.57,4.61,4.55,4.57,0.01,682
2015-03-24,2889,2178293,18843824,4.58,4.59,4.57,4.58,0.01,483
2015-03-25,2889,6040522,52292815,4.59,4.62,4.56,4.57,-0.01,983
2015-03-26,2889,2484140,21452148,4.59,4.59,4.57,4.57,0.0,700
2015-03-27,2889,4263118,36846198,4.58,4.59,4.57,4.58,0.01,705
2015-03-30,2889,3151051,27238103,4.58,4.59,4.58,4.58,0.0,856
2015-03-31,2889,3601484,31144644,4.59,4.59,4.58,4.58,0.0,845
2015-04-01,2889,1249545,10787216,4.59,4.59,4.57,4.58,0.0,346
2015-04-02,2889,3103662,26809918,4.57,4.59,4.57,4.57,-0.01,507
2015-04-07,2889,2046603,17660595,4.57,4.58,4.57,4.57,0.0,425
2015-04-08,2889,2705070,23287609,4.57,4.57,4.56,4.57,0.0,736
2015-04-09,2889,3444619,29846678,4.57,4.61,4.56,4.61,0.04,953
2015-04-10,2889,3087338,26854974,4.61,4.62,4.61,4.61,0.0,802
2015-04-13,2889,2530253,22011829,4.62,4.62,4.6,4.62,0.01,786
2015-04-14,2889,2613372,22760323,4.62,4.62,4.61,4.62,0.0,791
2015-04-15,2889,2720445,23653053,4.63,4.63,4.59,4.61,-0.01,859
2015-04-16,2889,2444350,21232982,4.61,4.62,4.58,4.61,0.0,891
2015-04-17,2889,2201159,19114624,4.61,4.61,4.59,4.6,-0.01,702
2015-04-20,2889,2397642,20743670,4.6,4.6,4.57,4.6,0.0,666
2015-04-21,2889,2043884,17733274,4.61,4.61,4.59,4.59,-0.01,502
2015-04-22,2889,1593781,13812183,4.59,4.6,4.59,4.6,0.01,624
2015-04-23,2889,15568785,137864335,4.6,4.74,4.6,4.73,0.13,3518
2015-04-24,2889,15212916,135697960,4.73,4.74,4.72,4.72,-0.01,2216
2015-04-27,2889,22145634,201402278,4.73,4.86,4.73,4.85,0.13,3641
2015-04-28,2889,7401031,67569227,4.85,4.85,4.82,4.83,-0.02,1823
2015-04-29,2889,29854540,278042545,4.84,5.01,4.83,4.93,0.1,5070
2015-04-30,2889,7341822,67768752,4.88,4.93,4.87,4.89,-0.04,1628
2015-05-04,2889,9171553,85111646,4.9,4.94,4.89,4.91,0.02,1361
2015-05-05,2889,6884144,63437902,4.93,4.93,4.85,4.85,-0.06,1255
2015-05-06,2889,4695547,42759995,4.84,4.84,4.81,4.83,-0.02,896
2015-05-07,2889,4692348,42626941,4.83,4.83,4.8,4.8,-0.03,1147
2015-05-08,2889,4281575,38729234,4.81,4.82,4.77,4.77,-0.03,864
2015-05-11,2889,5570526,50388294,4.8,4.83,4.77,4.77,0.0,862
2015-05-12,2889,2657052,23899590,4.77,4.8,4.74,4.77,0.0,733
2015-05-13,2889,2660394,23886619,4.78,4.78,4.74,4.76,-0.01,544
2015-05-14,2889,3555229,31872074,4.78,4.78,4.73,4.73,-0.03,865
2015-05-15,2889,3480444,30945540,4.73,4.74,4.7,4.7,-0.03,820
2015-05-18,2889,2981996,26367439,4.71,4.71,4.67,4.67,-0.03,918
2015-05-19,2889,5705046,50457010,4.7,4.72,4.67,4.69,0.02,1271
2015-05-20,2889,2239198,19789129,4.7,4.7,4.67,4.68,-0.01,981
2015-05-21,2889,3386616,29770397,4.68,4.68,4.65,4.65,-0.03,1161
2015-05-22,2889,2959501,25949850,4.64,4.67,4.64,4.64,-0.01,813
2015-05-25,2889,1563864,13679219,4.64,4.65,4.63,4.64,0.0,499
2015-05-26,2889,2919669,25576332,4.64,4.66,4.64,4.66,0.02,877
2015-05-27,2889,6320126,55997176,4.66,4.71,4.66,4.71,0.05,1513
2015-05-28,2889,2947529,26181503,4.72,4.72,4.7,4.71,0.0,1150
2015-05-29,2889,2969389,26362005,4.71,4.71,4.69,4.71,0.0,493
2015-06-01,2889,1489851,13198124,4.71,4.71,4.67,4.69,-0.02,366
2015-06-02,2889,1224383,10810404,4.68,4.69,4.67,4.67,-0.02,377
2015-06-03,2889,2706443,23749927,4.67,4.68,4.63,4.64,-0.03,805
2015-06-04,2889,3799518,33103432,4.64,4.66,4.57,4.57,-0.07,1049
2015-06-05,2889,3087599,26562521,4.57,4.58,4.54,4.56,-0.01,839
2015-06-08,2889,2207211,18968485,4.56,4.57,4.54,4.56,0.0,612
2015-06-09,2889,4447450,38608648,4.59,4.66,4.54,4.55,-0.01,1215
2015-06-10,2889,1795801,15497544,4.55,4.59,4.55,4.57,0.02,682
2015-06-11,2889,2260547,19397222,4.6,4.6,4.52,4.55,-0.02,648
2015-06-12,2889,1243060,10713195,4.54,4.59,4.54,4.58,0.03,409
2015-06-15,2889,1349820,11687814,4.58,4.61,4.58,4.59,0.01,378
2015-06-16,2889,2617732,22635274,4.6,4.6,4.57,4.58,-0.01,654
2015-06-17,2889,2693767,23330100,4.58,4.61,4.58,4.59,0.01,1077
2015-06-18,2889,1376049,11936126,4.59,4.61,4.58,4.61,0.02,349
2015-06-22,2889,1564804,13670394,4.61,4.65,4.61,4.63,0.02,442
2015-06-23,2889,2147605,18858001,4.63,4.67,4.63,4.64,0.01,740
2015-06-24,2889,1555271,13594552,4.65,4.66,4.62,4.63,-0.01,441
2015-06-25,2889,968323,8505536,4.65,4.66,4.64,4.66,0.03,354
2015-06-26,2889,1454604,12807657,4.66,4.68,4.65,4.66,0.0,407
2015-06-29,2889,3321917,28921971,4.64,4.65,4.6,4.61,-0.05,597
2015-06-30,2889,1766917,15335889,4.61,4.62,4.59,4.6,-0.01,271
2015-07-01,2889,1593739,13863275,4.61,4.62,4.6,4.62,0.02,413
2015-07-02,2889,2744801,23861988,4.62,4.63,4.6,4.6,-0.02,855
2015-07-03,2889,2871660,24885588,4.62,4.62,4.58,4.58,-0.02,1102
2015-07-06,2889,2011478,17391631,4.58,4.6,4.57,4.57,-0.01,400
2015-07-07,2889,1313581,11359979,4.58,4.6,4.57,4.58,0.01,511
2015-07-08,2889,4211142,36142835,4.59,4.59,4.51,4.51,-0.07,969
2015-07-09,2889,2972893,25116373,4.49,4.5,4.45,4.49,-0.02,834
2015-07-13,2889,2272667,19350963,4.52,4.53,4.5,4.51,0.02,472
2015-07-14,2889,2346644,19990978,4.52,4.53,4.51,4.52,0.01,923
2015-07-15,2889,1997940,17029669,4.54,4.54,4.5,4.52,0.0,422
2015-07-16,2889,1580963,13533163,4.53,4.55,4.52,4.54,0.02,432
2015-07-17,2889,1580553,13505005,4.54,4.55,4.52,4.52,-0.02,522
2015-07-20,2889,3757292,32105148,4.53,4.55,4.52,4.53,0.01,678
2015-07-21,2889,2235602,19038471,4.53,4.54,4.5,4.52,-0.01,467
2015-07-22,2889,1606440,13714728,4.52,4.54,4.5,4.53,0.01,408
2015-07-23,2889,2787944,23742509,4.54,4.54,4.49,4.52,-0.01,598
2015-07-24,2889,1848445,15691552,4.5,4.52,4.49,4.51,-0.01,537
2015-07-27,2889,4949721,41635404,4.51,4.51,4.39,4.47,-0.04,893
2015-07-28,2889,2785960,23202928,4.45,4.46,4.38,4.42,-0.05,1113
2015-07-29,2889,1871815,15582867,4.45,4.45,4.4,4.4,-0.02,505
2015-07-30,2889,1454786,12171875,4.44,4.45,4.42,4.43,0.03,387
2015-07-31,2889,1493779,12434843,4.44,4.45,4.4,4.4,-0.03,631
2015-08-03,2889,2310714,19171399,4.4,4.4,4.39,4.39,-0.01,638
2015-08-04,2889,2455946,20390923,4.39,4.44,4.38,4.39,0.0,604
2015-08-05,2889,2147651,17850451,4.39,4.42,4.39,4.41,0.02,728
2015-08-06,2889,3321941,27561519,4.41,4.42,4.39,4.39,-0.02,658
2015-08-07,2889,4648597,38284038,4.38,4.38,4.36,4.37,-0.02,878
2015-08-10,2889,11193330,92088736,4.36,4.37,4.35,4.36,-0.01,1137
2015-08-11,2889,6664079,51904148,4.4,4.43,4.39,4.4,0.04,1358
2015-08-12,2889,5040505,38873571,4.4,4.4,4.34,4.35,-0.05,1075
2015-08-13,2889,4053975,31129036,4.36,4.37,4.33,4.34,-0.01,625
2015-08-14,2889,3074278,23733054,4.34,4.38,4.34,4.38,0.04,496
2015-08-17,2889,2215553,17063047,4.36,4.38,4.34,4.38,0.0,416
2015-08-18,2889,2101190,16180570,4.37,4.37,4.34,4.35,-0.03,693
2015-08-19,2889,4822151,36528953,4.36,4.36,4.16,4.2,-0.15,1078
2015-08-20,2889,2274303,16809999,4.16,4.21,4.16,4.2,0.0,596
2015-08-21,2889,3354224,24326986,4.19,4.19,4.05,4.07,-0.13,832
2015-08-24,2889,8870927,60185301,3.97,3.99,3.71,3.86,-0.21,1514
2015-08-25,2889,3880573,26792876,3.74,3.96,3.74,3.96,0.1,1038
2015-08-26,2889,3532145,24885180,3.93,4.06,3.89,4.06,0.1,852
2015-08-27,2889,3617543,26358037,4.1,4.15,4.08,4.12,0.06,939
2015-08-28,2889,2685537,19817895,4.15,4.2,4.15,4.19,0.07,723
2015-08-31,2889,3385221,25319270,4.17,4.4,4.14,4.4,0.21,772
2015-09-01,2889,3445407,26409147,4.33,4.37,4.3,4.33,-0.07,747
2015-09-02,2889,4289702,33060942,4.27,4.41,4.27,4.41,0.08,1398
2015-09-03,2889,10102008,80513263,4.46,4.57,4.37,4.57,0.16,2269
2015-09-04,2889,4001795,32217380,4.53,4.58,4.53,4.55,-0.02,1177
2015-09-07,2889,4767750,38381756,4.55,4.6,4.47,4.59,0.04,1266
2015-09-08,2889,1949554,15721785,4.53,4.59,4.53,4.55,-0.04,867
2015-09-09,2889,5468247,44411289,4.58,4.61,4.58,4.6,0.05,1374
2015-09-10,2889,1577039,12713753,4.54,4.58,4.54,4.55,-0.05,668
2015-09-11,2889,1971734,15874832,4.58,4.58,4.54,4.55,0.0,809
2015-09-14,2889,2307278,18582279,4.54,4.58,4.53,4.56,0.01,843
2015-09-15,2889,1695038,13656200,4.55,4.58,4.54,4.56,0.0,754
2015-09-16,2889,3400877,27455684,4.56,4.58,4.54,4.57,0.01,1175
2015-09-17,2889,4159513,33680837,4.57,4.59,4.55,4.58,0.01,1266
2015-09-18,2889,35644574,296758832,4.57,5.0,4.55,4.73,0.15,4536
2015-09-21,2889,5843720,48281248,4.75,4.76,4.62,4.66,-0.07,1938
2015-09-22,2889,2811652,23139714,4.66,4.68,4.62,4.67,0.01,1038
2015-09-23,2889,2050702,16714790,4.63,4.64,4.58,4.61,-0.06,900
2015-09-24,2889,2758620,22404730,4.61,4.62,4.56,4.62,0.01,921
2015-09-25,2889,2596251,20935242,4.59,4.59,4.53,4.59,-0.03,651
2015-09-30,2889,2124839,17100448,4.54,4.58,4.54,4.55,-0.04,789
2015-10-01,2889,3365379,27279655,4.57,4.62,4.53,4.58,0.03,1086
2015-10-02,2889,2252601,18317128,4.55,4.63,4.55,4.6,0.02,756
2015-10-05,2889,2110448,17227978,4.6,4.64,4.58,4.63,0.03,926
2015-10-06,2889,2144529,17568252,4.64,4.66,4.6,4.64,0.01,890
2015-10-07,2889,2107930,17275556,4.64,4.66,4.61,4.65,0.01,794
2015-10-08,2889,2050065,16773948,4.64,4.66,4.61,4.64,-0.01,1035
2015-10-12,2889,1679288,13745287,4.64,4.65,4.62,4.63,-0.01,671
2015-10-13,2889,1792338,14698618,4.63,4.65,4.62,4.64,0.01,844
2015-10-14,2889,993198,8141066,4.64,4.64,4.63,4.64,0.0,527
2015-10-15,2889,1792419,14698310,4.65,4.65,4.63,4.64,0.0,535
2015-10-16,2889,2532371,20748765,4.64,4.65,4.62,4.65,0.01,713
2015-10-19,2889,2064568,16985789,4.65,4.66,4.64,4.66,0.01,776
2015-10-20,2889,3746318,30770165,4.66,4.69,4.62,4.69,0.03,1006
2015-10-21,2889,2072145,17048212,4.68,4.68,4.63,4.68,-0.01,709
2015-10-22,2889,1651070,13627599,4.67,4.68,4.65,4.68,0.0,388
2015-10-23,2889,2574126,21284735,4.69,4.7,4.66,4.68,0.0,944
2015-10-26,2889,2857892,23595868,4.67,4.71,4.64,4.71,0.03,721
2015-10-27,2889,1873596,15423206,4.68,4.7,4.64,4.64,-0.07,509
2015-10-28,2889,1670399,13660970,4.64,4.64,4.61,4.62,-0.02,504
2015-10-29,2889,2572316,20844851,4.64,4.64,4.56,4.56,-0.06,691
2015-10-30,2889,2571545,20656940,4.58,4.58,4.54,4.54,-0.02,580
2015-11-02,2889,2259300,18114484,4.54,4.57,4.53,4.54,0.0,813
2015-11-03,2889,3189049,25724975,4.54,4.58,4.54,4.57,0.03,1086
2015-11-04,2889,3430937,27883072,4.58,4.61,4.58,4.59,0.02,1246
2015-11-05,2889,2140197,17425533,4.59,4.62,4.59,4.6,0.01,959
2015-11-06,2889,2246980,18184691,4.61,4.62,4.57,4.58,-0.02,634
2015-11-09,2889,2436324,19593586,4.58,4.58,4.53,4.57,-0.01,954
2015-11-10,2889,2860494,22866355,4.57,4.57,4.5,4.5,-0.07,1168
2015-11-11,2889,1802835,14373734,4.53,4.54,4.49,4.5,0.0,646
2015-11-12,2889,1695973,13418093,4.53,4.53,4.46,4.5,0.0,499
2015-11-13,2889,1667359,13135702,4.49,4.49,4.44,4.45,-0.05,390
2015-11-16,2889,2166384,16791462,4.41,4.42,4.37,4.38,-0.07,1039
2015-11-17,2889,1398039,10916368,4.4,4.44,4.4,4.41,0.03,817
2015-11-18,2889,2039545,15933252,4.53,4.53,4.38,4.38,-0.03,1026
2015-11-19,2889,1929568,15024060,4.4,4.43,4.38,4.42,0.04,1101
2015-11-20,2889,1693789,13143479,4.41,4.43,4.37,4.41,-0.01,1314
2015-11-23,2889,1429973,11139735,4.41,4.42,4.39,4.41,0.0,1079
2015-11-24,2889,1264294,9822123,4.41,4.41,4.38,4.39,-0.02,699
2015-11-25,2889,2235407,17267082,4.39,4.4,4.36,4.38,-0.01,1320
2015-11-26,2889,1699643,13194157,4.38,4.41,4.37,4.39,0.01,838
2015-11-27,2889,1482234,11493300,4.41,4.41,4.38,4.38,-0.01,414
2015-11-30,2889,2521339,19444713,4.41,4.41,4.34,4.36,-0.02,798
2015-12-01,2889,2098539,16155196,4.36,4.37,4.34,4.35,-0.01,528
2015-12-02,2889,2051346,15752082,4.36,4.36,4.33,4.34,-0.01,1299
2015-12-03,2889,1388757,10636646,4.36,4.36,4.32,4.33,-0.01,442
2015-12-04,2889,2784237,21203989,4.3,4.33,4.29,4.32,-0.01,831
2015-12-07,2889,1210142,9223042,4.33,4.33,4.3,4.3,-0.02,417
2015-12-08,2889,2074713,15722491,4.3,4.33,4.27,4.31,0.01,1362
2015-12-09,2889,1451462,10957134,4.3,4.3,4.25,4.28,-0.03,424
2015-12-10,2889,2240179,16752311,4.28,4.28,4.21,4.24,-0.04,674
2015-12-11,2889,2259415,16851624,4.29,4.29,4.19,4.2,-0.04,1321
2015-12-14,2889,1295630,9518389,4.19,4.19,4.14,4.16,-0.04,431
2015-12-15,2889,1203049,8878451,4.14,4.23,4.14,4.21,0.05,580
2015-12-16,2889,1338737,9984781,4.24,4.24,4.2,4.21,0.0,745
2015-12-17,2889,2702524,20161765,4.22,4.24,4.21,4.21,0.0,1075
2015-12-18,2889,2560167,18807718,4.19,4.19,4.13,4.13,-0.08,796
2015-12-21,2889,1634343,11850679,4.1,4.12,4.08,4.1,-0.03,612
2015-12-22,2889,1963920,14214130,4.09,4.11,4.08,4.1,0.0,576
2015-12-23,2889,3111710,22727396,4.12,4.16,4.1,4.14,0.04,1119
2015-12-24,2889,1592377,11667235,4.16,4.16,4.13,4.13,-0.01,452
2015-12-25,2889,1262039,9219857,4.15,4.15,4.12,4.14,0.01,1068
2015-12-28,2889,1495962,10936750,4.15,4.16,4.12,4.16,0.02,1063
2015-12-29,2889,1679591,12263103,4.16,4.16,4.12,4.14,-0.02,975
2015-12-30,2889,2545251,18559825,4.15,4.16,4.1,4.16,0.02,911
2015-12-31,2889,3066776,23102842,4.13,4.35,4.13,4.35,0.19,405
2016-01-04,2889,2590256,19136602,4.25,4.25,4.15,4.16,-0.19,681
2016-01-05,2889,2085725,15238811,4.14,4.16,4.11,4.14,-0.02,659
2016-01-06,2889,1227540,8914934,4.13,4.13,4.09,4.11,-0.03,407
2016-01-07,2889,2331746,16799805,4.1,4.11,4.06,4.08,-0.03,710
2016-01-08,2889,1598592,11532848,4.06,4.1,4.06,4.07,-0.01,508
2016-01-11,2889,2418705,17199214,4.07,4.07,3.99,4.01,-0.06,629
2016-01-12,2889,1513008,10731313,4.04,4.04,3.99,4.01,0.0,344
2016-01-13,2889,1548687,10974226,4.02,4.03,3.99,4.02,0.01,413
2016-01-14,2889,4194811,29563687,3.99,4.01,3.97,3.98,-0.04,495
2016-01-15,2889,1342139,9435238,3.99,4.03,3.96,3.97,-0.01,468
2016-01-18,2889,1626246,11373272,3.95,3.97,3.94,3.95,-0.02,602
2016-01-19,2889,1713484,12152540,3.96,4.06,3.96,4.06,0.11,460
2016-01-20,2889,1342914,9500094,4.04,4.05,3.97,3.99,-0.07,474
2016-01-21,2889,2196731,15426946,3.99,4.0,3.96,3.97,-0.02,758
2016-01-22,2889,1471101,10294827,3.97,3.99,3.94,3.96,-0.01,559
2016-01-25,2889,1276614,8995236,3.98,3.99,3.96,3.99,0.03,534
2016-01-26,2889,701480,4926176,3.99,3.99,3.97,3.98,-0.01,414
2016-01-27,2889,1213356,8521632,3.99,4.01,3.95,3.95,-0.03,469
2016-01-28,2889,654072,4615798,3.98,4.01,3.96,4.0,0.05,269
2016-01-29,2889,2799592,20058129,3.99,4.1,3.99,4.08,0.08,665
2016-01-30,2889,2019586,14667481,4.1,4.12,4.08,4.11,0.03,626
2016-02-01,2889,1895658,13781205,4.12,4.14,4.06,4.1,-0.01,582
2016-02-02,2889,2092321,15243125,4.1,4.15,4.08,4.13,0.03,650
2016-02-03,2889,1681430,12058601,4.07,4.09,4.03,4.07,-0.06,698
2016-02-15,2889,1215398,8712332,4.04,4.07,4.03,4.07,0.0,389
2016-02-16,2889,2552024,18722526,4.08,4.21,4.08,4.19,0.12,785
2016-02-17,2889,1535728,11334736,4.19,4.2,4.15,4.17,-0.02,568
2016-02-18,2889,1318551,9740696,4.19,4.2,4.16,4.17,0.0,349
2016-02-19,2889,790257,5813636,4.17,4.17,4.15,4.17,0.0,289
2016-02-22,2889,894487,6591210,4.17,4.19,4.14,4.17,0.0,396
2016-02-23,2889,979963,7242264,4.19,4.2,4.16,4.16,-0.01,372
2016-02-24,2889,626461,4608604,4.18,4.18,4.15,4.16,0.0,424
2016-02-25,2889,1036335,7634853,4.18,4.18,4.16,4.16,0.0,423
2016-02-26,2889,2486961,18355487,4.16,4.2,4.15,4.17,0.01,730
2016-03-01,2889,1497396,11152154,4.19,4.24,4.19,4.24,0.07,548
2016-03-02,2889,1834242,13798764,4.25,4.28,4.24,4.25,0.01,558
2016-03-03,2889,2322054,17564125,4.26,4.3,4.25,4.28,0.03,626
2016-03-04,2889,2678527,20499165,4.32,4.35,4.31,4.33,0.05,727
2016-03-07,2889,2979131,23043214,4.35,4.4,4.35,4.39,0.06,768
2016-03-08,2889,2704815,20774933,4.39,4.4,4.32,4.34,-0.05,694
2016-03-09,2889,1302288,9979632,4.33,4.36,4.32,4.33,-0.01,507
2016-03-10,2889,1524693,11755087,4.36,4.38,4.34,4.36,0.03,460
2016-03-11,2889,1628273,12618269,4.36,4.41,4.36,4.4,0.04,595
2016-03-14,2889,3135881,24719510,4.43,4.47,4.41,4.46,0.06,753
2016-03-15,2889,2917626,22911380,4.47,4.49,4.41,4.41,-0.05,629
2016-03-16,2889,1617381,12636814,4.4,4.44,4.4,4.42,0.01,446
2016-03-17,2889,1797828,14082077,4.44,4.46,4.4,4.42,0.0,534
2016-03-18,2889,1688982,13167615,4.42,4.42,4.4,4.41,-0.01,489
2016-03-21,2889,1583393,12393581,4.44,4.45,4.42,4.43,0.02,520
2016-03-22,2889,3100083,24335771,4.43,4.47,4.4,4.44,0.01,585
2016-03-23,2889,2959822,23451687,4.44,4.5,4.44,4.49,0.05,602
2016-03-24,2889,1864401,14779289,4.48,4.51,4.46,4.49,0.0,429
2016-03-25,2889,1870937,14792852,4.5,4.5,4.46,4.46,-0.03,334
2016-03-28,2889,1365446,10774264,4.47,4.49,4.45,4.46,0.0,322
2016-03-29,2889,4047743,32265632,4.55,4.56,4.47,4.47,0.01,876
2016-03-30,2889,2797663,22305891,4.51,4.53,4.49,4.51,0.04,934
2016-03-31,2889,2650910,21255718,4.53,4.56,4.51,4.51,0.0,809
2016-04-01,2889,3265328,26097094,4.53,4.54,4.51,4.53,0.02,578
2016-04-06,2889,4373903,34974330,4.53,4.55,4.51,4.53,0.0,1194
2016-04-07,2889,2948563,23617175,4.53,4.55,4.52,4.54,0.01,697
2016-04-08,2889,3124064,25044722,4.53,4.56,4.52,4.55,0.01,630
2016-04-11,2889,1016780,8157830,4.55,4.55,4.53,4.55,0.0,442
2016-04-12,2889,1670033,13388458,4.55,4.55,4.53,4.54,-0.01,630
2016-04-13,2889,1846102,14806392,4.54,4.55,4.53,4.54,0.0,614
2016-04-14,2889,2574843,20727129,4.55,4.57,4.54,4.56,0.02,648
2016-04-15,2889,2814229,22701379,4.56,4.58,4.53,4.58,0.02,645
2016-04-18,2889,2363396,19112945,4.58,4.58,4.57,4.58,0.0,406
2016-04-19,2889,2778035,22474511,4.58,4.59,4.57,4.58,0.0,380
2016-04-20,2889,3283692,26510646,4.58,4.59,4.55,4.55,-0.03,507
2016-04-21,2889,3708748,29785271,4.55,4.55,4.53,4.54,-0.01,429
2016-04-22,2889,3744935,29932299,4.54,4.54,4.5,4.51,-0.03,456
2016-04-25,2889,3678555,29217803,4.51,4.51,4.48,4.49,-0.02,671
2016-04-26,2889,3093147,24612621,4.49,4.52,4.49,4.52,0.03,284
2016-04-27,2889,2083490,16644689,4.52,4.53,4.51,4.53,0.01,206
2016-04-28,2889,2860265,22830226,4.53,4.54,4.5,4.51,-0.02,290
2016-04-29,2889,1882936,14996067,4.5,4.52,4.5,4.51,0.0,284
2016-05-03,2889,2140277,17018669,4.5,4.51,4.49,4.51,0.0,382
2016-05-04,2889,3000007,23842078,4.5,4.51,4.47,4.49,-0.02,448
2016-05-05,2889,4453985,34956346,4.47,4.49,4.42,4.42,-0.07,596
2016-05-06,2889,3874050,30025332,4.4,4.4,4.36,4.36,-0.06,567
2016-05-09,2889,2423542,18813026,4.42,4.42,4.38,4.38,0.02,289
2016-05-10,2889,3152805,24464810,4.38,4.41,4.37,4.41,0.03,473
2016-05-11,2889,2758303,21387378,4.42,4.45,4.37,4.38,-0.03,458
2016-05-12,2889,2643477,20369981,4.38,4.38,4.35,4.37,-0.01,331
2016-05-13,2889,2964669,22710915,4.37,4.37,4.32,4.33,-0.04,279
2016-05-16,2889,1862417,14228430,4.33,4.35,4.32,4.33,0.0,279
2016-05-17,2889,1454160,11167742,4.33,4.38,4.32,4.38,0.05,302
2016-05-18,2889,1327444,10188554,4.38,4.38,4.33,4.34,-0.04,296
2016-05-19,2889,2151674,16499842,4.36,4.36,4.33,4.33,-0.01,474
2016-05-20,2889,1501163,11521128,4.33,4.36,4.33,4.36,0.03,317
2016-05-23,2889,1874747,14610906,4.36,4.44,4.34,4.43,0.07,464
2016-05-24,2889,525593,4104967,4.41,4.44,4.4,4.42,-0.01,225
2016-05-25,2889,1303953,10240018,4.44,4.47,4.41,4.46,0.04,345
2016-05-26,2889,1338381,10577765,4.46,4.5,4.44,4.47,0.01,481
2016-05-27,2889,1475377,11676811,4.47,4.5,4.46,4.47,0.0,378
2016-05-30,2889,1486018,11821775,4.47,4.53,4.47,4.53,0.06,311
2016-05-31,2889,3120123,24751838,4.53,4.53,4.46,4.52,-0.01,1064
2016-06-01,2889,1286162,10214656,4.5,4.51,4.47,4.5,-0.02,358
2016-06-02,2889,758957,6020261,4.5,4.5,4.48,4.49,-0.01,343
2016-06-03,2889,1008574,8006263,4.49,4.51,4.47,4.51,0.02,266
2016-06-04,2889,392216,3118690,4.5,4.51,4.49,4.51,0.0,117
2016-06-06,2889,1032767,8219516,4.51,4.52,4.5,4.5,-0.01,323
2016-06-07,2889,2138978,17054376,4.49,4.53,4.49,4.53,0.03,675
2016-06-08,2889,1647619,13152730,4.51,4.53,4.5,4.52,-0.01,619
2016-06-13,2889,1641992,12974508,4.5,4.5,4.45,4.47,-0.05,535
2016-06-14,2889,876132,6910845,4.46,4.49,4.45,4.47,0.0,346
2016-06-15,2889,1941651,15260790,4.47,4.47,4.42,4.47,0.0,459
2016-06-16,2889,986357,7757530,4.46,4.47,4.44,4.45,-0.02,391
2016-06-17,2889,1835898,14670999,4.46,4.56,4.43,4.56,0.11,359
2016-06-20,2889,2149875,17168332,4.54,4.54,4.5,4.51,-0.05,756
2016-06-21,2889,1523651,12134778,4.5,4.53,4.47,4.52,0.01,673
2016-06-22,2889,1399729,11187114,4.52,4.53,4.5,4.53,0.01,495
2016-06-23,2889,480088,3829658,4.51,4.52,4.5,4.52,-0.01,287
2016-06-24,2889,2840326,22486863,4.53,4.53,4.44,4.46,-0.06,519
2016-06-27,2889,1064743,8391943,4.44,4.49,4.44,4.46,0.0,460
2016-06-28,2889,1177165,9290397,4.47,4.49,4.44,4.48,0.02,288
2016-06-29,2889,1513698,12007222,4.48,4.5,4.46,4.49,0.01,421
2016-06-30,2889,1292408,10277204,4.49,4.51,4.48,4.51,0.02,475
2016-07-01,2889,1658384,13251278,4.5,4.54,4.5,4.53,0.02,485
2016-07-04,2889,1253675,9998932,4.51,4.52,4.5,4.51,-0.02,429
2016-07-05,2889,1046087,8348647,4.51,4.52,4.5,4.52,0.01,248
2016-07-06,2889,1769935,14082483,4.5,4.51,4.48,4.5,-0.02,452
2016-07-07,2889,786236,6263672,4.5,4.51,4.49,4.5,0.0,348
2016-07-11,2889,2948253,23624360,4.52,4.54,4.52,4.53,0.03,673
2016-07-12,2889,1582838,12695811,4.53,4.55,4.53,4.54,0.01,361
2016-07-13,2889,2230950,17916048,4.55,4.55,4.54,4.55,0.01,738
2016-07-14,2889,3553475,28514525,4.55,4.57,4.53,4.54,-0.01,618
2016-07-15,2889,8737187,70641447,4.55,4.63,4.54,4.61,0.07,1230
2016-07-18,2889,3934044,32028827,4.61,4.62,4.59,4.61,0.0,600
2016-07-19,2889,3956907,32327454,4.61,4.63,4.6,4.63,0.02,564
2016-07-20,2889,2468824,20077559,4.61,4.62,4.58,4.59,-0.04,618
2016-07-21,2889,3361919,27457322,4.61,4.63,4.6,4.62,0.03,682
2016-07-22,2889,2912228,23755973,4.62,4.63,4.6,4.62,0.0,659
2016-07-25,2889,3684142,30066766,4.62,4.64,4.59,4.63,0.01,697
2016-07-26,2889,2236371,18262780,4.62,4.63,4.6,4.62,-0.01,405
2016-07-27,2889,1670495,13646227,4.62,4.63,4.62,4.62,0.0,361
2016-07-28,2889,2552725,20882184,4.62,4.64,4.61,4.63,0.01,589
2016-07-29,2889,2203139,17991148,4.63,4.63,4.62,4.62,-0.01,469
2016-08-01,2889,2283503,18641216,4.62,4.63,4.61,4.62,0.0,508
2016-08-02,2889,2237213,18248117,4.62,4.62,4.61,4.61,-0.01,354
2016-08-03,2889,4272987,34678088,4.61,4.61,4.58,4.58,-0.03,760
2016-08-04,2889,4609079,37351355,4.59,4.6,4.58,4.58,0.0,852
2016-08-05,2889,10995134,89415614,4.58,4.62,4.58,4.62,0.04,1314
2016-08-08,2889,8789097,68366515,4.63,4.69,4.63,4.69,0.07,1466
2016-08-09,2889,2887382,22569081,4.69,4.71,4.68,4.7,0.01,676
2016-08-10,2889,8871952,70847560,4.74,4.82,4.74,4.81,0.11,1291
2016-08-11,2889,4541324,36294656,4.81,4.81,4.78,4.8,-0.01,567
2016-08-12,2889,2731430,21857070,4.8,4.81,4.8,4.8,0.0,538
2016-08-15,2889,2692828,21527877,4.8,4.81,4.78,4.8,0.0,328
2016-08-16,2889,1851911,14812488,4.8,4.81,4.79,4.81,0.01,463
2016-08-17,2889,1659003,13273388,4.8,4.81,4.79,4.81,0.0,699
2016-08-18,2889,2011927,16104583,4.8,4.82,4.78,4.81,0.0,396
2016-08-19,2889,2671773,21321185,4.8,4.81,4.77,4.77,-0.04,578
2016-08-22,2889,2175888,17244713,4.77,4.77,4.75,4.77,0.0,571
2016-08-23,2889,950741,7547904,4.77,4.77,4.75,4.77,0.0,293
2016-08-24,2889,1398269,11121238,4.77,4.79,4.76,4.78,0.01,316
2016-08-25,2889,1017098,8098008,4.78,4.79,4.77,4.79,0.01,326
2016-08-26,2889,1033549,8232710,4.78,4.79,4.77,4.78,-0.01,339
2016-08-29,2889,1201758,9573793,4.78,4.8,4.76,4.78,0.0,368
2016-08-30,2889,1131435,9007249,4.78,4.79,4.77,4.78,0.0,403
2016-08-31,2889,3364287,26773312,4.78,4.79,4.75,4.79,0.01,711
2016-09-01,2889,1112054,8855762,4.77,4.79,4.77,4.78,-0.01,344
2016-09-02,2889,1291772,10304605,4.77,4.8,4.77,4.8,0.02,309
2016-09-05,2889,1549679,12369534,4.8,4.8,4.78,4.79,-0.01,340
2016-09-06,2889,2470320,19681953,4.79,4.79,4.77,4.78,-0.01,354
2016-09-07,2889,2011816,16093615,4.78,4.81,4.78,4.8,0.02,408
2016-09-08,2889,1440530,11505019,4.8,4.8,4.78,4.79,-0.01,283
2016-09-09,2889,4905746,39495834,4.81,4.84,4.81,4.83,0.04,1022
2016-09-10,2889,3648756,29367099,4.85,4.85,4.82,4.83,0.0,614
2016-09-12,2889,2785412,22381529,4.83,4.83,4.81,4.83,0.0,641
2016-09-13,2889,3296806,26397989,4.83,4.83,4.8,4.81,-0.02,612
2016-09-14,2889,2618732,20899026,4.8,4.81,4.78,4.78,-0.03,450
2016-09-19,2889,1075468,8604602,4.78,4.81,4.78,4.81,0.03,396
2016-09-20,2889,847341,6788813,4.8,4.82,4.8,4.81,0.0,350
2016-09-21,2889,1649739,13242904,4.81,4.84,4.8,4.83,0.02,759
2016-09-22,2889,950159,7639413,4.83,4.84,4.81,4.83,0.0,346
2016-09-23,2889,1179454,9493124,4.83,4.84,4.82,4.83,0.0,369
2016-09-26,2889,603750,4850052,4.83,4.83,4.81,4.83,0.0,178
2016-09-29,2889,1641036,13208288,4.83,4.84,4.82,4.83,0.0,330
2016-09-30,2889,1640676,13171774,4.83,4.83,4.81,4.82,-0.01,535
2016-10-03,2889,862399,6917849,4.81,4.83,4.81,4.81,-0.01,311
2016-10-04,2889,1515695,12155653,4.81,4.83,4.8,4.83,0.02,495
2016-10-05,2889,717926,5770378,4.83,4.83,4.82,4.83,0.0,208
2016-10-06,2889,643777,5173012,4.82,4.83,4.81,4.83,0.0,250
2016-10-07,2889,660375,5298914,4.81,4.83,4.81,4.82,-0.01,328
2016-10-11,2889,1381765,11074220,4.82,4.83,4.8,4.81,-0.01,442
2016-10-12,2889,1748061,13994648,4.81,4.81,4.8,4.81,0.0,394
2016-10-13,2889,882871,7067593,4.81,4.81,4.8,4.81,0.0,309
2016-10-14,2889,860223,6875589,4.79,4.81,4.79,4.8,-0.01,322
2016-10-17,2889,1265279,10104553,4.8,4.8,4.79,4.79,-0.01,315
2016-10-18,2889,697728,5576085,4.79,4.81,4.79,4.8,0.01,302
2016-10-19,2889,873876,6992122,4.8,4.81,4.79,4.8,0.0,258
2016-10-20,2889,1181345,9448011,4.8,4.81,4.79,4.81,0.01,298
2016-10-21,2889,527470,4219750,4.81,4.81,4.8,4.8,-0.01,231
2016-10-24,2889,936739,7499337,4.8,4.81,4.8,4.81,0.01,275
2016-10-25,2889,705422,5646773,4.81,4.81,4.8,4.81,0.0,204
2016-10-26,2889,469475,3754720,4.81,4.81,4.8,4.8,-0.01,168
2016-10-27,2889,581443,4646898,4.8,4.8,4.79,4.8,0.0,238
2016-10-28,2889,690024,5517762,4.8,4.8,4.8,4.8,0.0,268
2016-10-31,2889,824937,6584597,4.8,4.8,4.78,4.8,0.0,276
2016-11-01,2889,820577,6556650,4.79,4.8,4.79,4.79,-0.01,414
2016-11-02,2889,1010947,8071906,4.79,4.8,4.78,4.79,0.0,361
2016-11-03,2889,1091541,8695214,4.79,4.8,4.77,4.78,-0.01,485
2016-11-04,2889,1000895,7969054,4.8,4.8,4.77,4.77,-0.01,248
2016-11-07,2889,1194173,9511287,4.77,4.8,4.77,4.78,0.01,174
2016-11-08,2889,1145433,9128127,4.79,4.8,4.78,4.79,0.01,250
2016-11-09,2889,3985063,31663629,4.8,4.8,4.74,4.74,-0.05,596
2016-11-10,2889,1229261,9759561,4.75,4.79,4.75,4.76,0.02,285
2016-11-11,2889,2218895,17577303,4.75,4.78,4.75,4.76,0.0,320
2016-11-14,2889,1247654,9895482,4.77,4.78,4.75,4.78,0.02,274
2016-11-15,2889,1781412,14189666,4.77,4.8,4.76,4.8,0.02,445
2016-11-16,2889,1992234,15956847,4.8,4.83,4.8,4.81,0.01,573
2016-11-17,2889,1466137,11701148,4.8,4.81,4.77,4.8,-0.01,422
2016-11-18,2889,691326,5527808,4.81,4.81,4.79,4.8,0.0,351
2016-11-21,2889,914651,7318238,4.8,4.81,4.8,4.81,0.01,359
2016-11-22,2889,1939919,15544757,4.8,4.83,4.78,4.82,0.01,572
2016-11-23,2889,1225057,9819553,4.82,4.83,4.8,4.82,0.0,383
2016-11-24,2889,2957754,23808196,4.82,4.85,4.8,4.84,0.02,619
2016-11-25,2889,4839141,39343601,4.84,4.92,4.83,4.89,0.05,983
2016-11-28,2889,2916518,23842023,4.89,4.92,4.89,4.9,0.01,635
2016-11-29,2889,1193684,9702506,4.9,4.9,4.86,4.88,-0.02,360
2016-11-30,2889,1412669,11513027,4.86,4.9,4.86,4.9,0.02,547
2016-12-01,2889,3393586,27967115,4.9,4.96,4.9,4.96,0.06,820
2016-12-02,2889,4713535,39023342,4.97,4.99,4.93,4.98,0.02,928
2016-12-05,2889,4396584,36639568,5.01,5.05,4.97,4.98,0.0,1210
2016-12-06,2889,2138004,17695118,4.98,5.0,4.95,4.96,-0.02,474
2016-12-07,2889,1897798,15677265,4.96,4.98,4.95,4.97,0.01,410
2016-12-08,2889,4093480,34012802,4.98,5.01,4.96,4.99,0.02,785
2016-12-09,2889,1676870,13903779,4.99,5.0,4.97,4.97,-0.02,505
2016-12-12,2889,1901381,15814744,4.98,5.01,4.98,4.99,0.02,455
2016-12-13,2889,2459597,20576172,4.99,5.03,4.99,5.02,0.03,796
2016-12-14,2889,1811806,15168318,5.02,5.05,5.01,5.02,0.0,828
2016-12-15,2889,1679527,14014823,5.01,5.02,5.0,5.02,0.0,423
2016-12-16,2889,1659230,13832825,5.0,5.02,4.99,5.0,-0.02,439
2016-12-19,2889,1755710,14530416,5.0,5.01,4.95,4.95,-0.05,440
2016-12-20,2889,1715937,14076197,4.95,4.95,4.9,4.92,-0.03,531
2016-12-21,2889,1160037,9505819,4.92,4.94,4.91,4.93,0.01,365
2016-12-22,2889,1336653,10941535,4.92,4.93,4.9,4.92,-0.01,325
2016-12-23,2889,594970,4864488,4.91,4.92,4.9,4.91,-0.01,204
2016-12-26,2889,660715,5396611,4.92,4.92,4.89,4.9,-0.01,185
2016-12-27,2889,1150437,9380872,4.9,4.91,4.89,4.91,0.01,254
2016-12-28,2889,793107,6489962,4.91,4.92,4.9,4.92,0.01,224
2016-12-29,2889,657842,5380059,4.92,4.92,4.9,4.92,0.0,263
2016-12-30,2889,860289,7071107,4.92,4.94,4.92,4.94,0.02,420
2017-01-03,2889,967344,7982047,4.95,4.96,4.94,4.96,0.02,397
2017-01-04,2889,1319761,10927545,4.97,4.98,4.96,4.96,0.0,428
2017-01-05,2889,1049538,8692326,4.96,4.98,4.96,4.96,0.0,310
2017-01-06,2889,911739,7547587,4.96,4.98,4.96,4.97,0.01,373
2017-01-09,2889,899798,7429484,4.97,4.97,4.95,4.95,-0.02,274
2017-01-10,2889,1289433,10646392,4.95,4.96,4.95,4.95,0.0,447
2017-01-11,2889,4898617,40811192,4.96,5.02,4.96,5.01,0.06,942
2017-01-12,2889,3144804,26265925,5.01,5.02,5.0,5.01,0.0,693
2017-01-13,2889,1488598,12401674,5.01,5.01,4.99,4.99,-0.02,400
2017-01-16,2889,1401422,11593109,4.99,4.99,4.95,4.98,-0.01,428
2017-01-17,2889,635441,5261620,4.98,4.98,4.96,4.98,0.0,228
2017-01-18,2889,932551,7719570,4.96,4.98,4.95,4.98,0.0,363
2017-01-19,2889,601326,4969920,4.96,4.97,4.96,4.96,-0.02,240
2017-01-20,2889,1222495,10103504,4.96,4.97,4.95,4.95,-0.01,264
2017-01-23,2889,1429006,11809768,4.96,4.97,4.95,4.96,0.01,320
2017-01-24,2889,1758648,14606529,4.98,5.0,4.96,4.99,0.03,505
2017-02-02,2889,2610664,21765094,5.0,5.01,4.99,5.01,0.02,930
2017-02-03,2889,3331331,27897119,5.0,5.04,4.99,5.04,0.03,690
2017-02-06,2889,4202548,35460183,5.04,5.08,5.03,5.08,0.04,1090
2017-02-07,2889,3298518,27989493,5.08,5.11,5.08,5.11,0.03,980
2017-02-08,2889,5583281,48051536,5.13,5.19,5.11,5.19,0.08,1313
2017-02-09,2889,6120069,53033058,5.19,5.25,5.14,5.25,0.06,1549
2017-02-10,2889,4994536,43685129,5.25,5.28,5.22,5.23,-0.02,1181
2017-02-13,2889,2912356,25354632,5.26,5.26,5.2,5.24,0.01,1033
2017-02-14,2889,2814267,24477801,5.25,5.25,5.2,5.2,-0.04,756
2017-02-15,2889,3078032,26715374,5.21,5.23,5.19,5.23,0.03,839
2017-02-16,2889,2384219,20768341,5.23,5.25,5.22,5.23,0.0,720
2017-02-17,2889,3019921,26173620,5.22,5.23,5.19,5.2,-0.03,714
2017-02-18,2889,1630707,14110276,5.22,5.22,5.19,5.2,0.0,440
2017-02-20,2889,1656502,14354410,5.21,5.22,5.19,5.19,-0.01,493
2017-02-21,2889,1261432,10938773,5.19,5.22,5.19,5.22,0.03,441
2017-02-22,2889,2352594,20505993,5.22,5.25,5.2,5.24,0.02,548
2017-02-23,2889,1945507,16912070,5.24,5.25,5.21,5.21,-0.03,497
2017-02-24,2889,1333786,11594709,5.21,5.24,5.2,5.24,0.03,412
2017-03-01,2889,1378190,12011155,5.23,5.24,5.22,5.23,-0.01,510
2017-03-02,2889,1868645,16314862,5.23,5.26,5.23,5.24,0.01,423
2017-03-03,2889,1326512,11572797,5.24,5.25,5.23,5.23,-0.01,366
2017-03-06,2889,1465827,12784967,5.24,5.25,5.23,5.23,0.0,431
2017-03-07,2889,845501,7377996,5.25,5.25,5.23,5.24,0.01,350
2017-03-08,2889,4356781,38308326,5.24,5.32,5.23,5.28,0.04,967
2017-03-09,2889,2483130,21796525,5.29,5.29,5.25,5.27,-0.01,671
2017-03-10,2889,2515149,22028988,5.27,5.28,5.23,5.27,0.0,660
2017-03-13,2889,2120290,18696552,5.28,5.31,5.27,5.29,0.02,520
2017-03-14,2889,2971677,26237646,5.29,5.31,5.29,5.3,0.01,671
2017-03-15,2889,2010022,17775959,5.3,5.32,5.3,5.31,0.01,549
2017-03-16,2889,2307987,20429466,5.3,5.32,5.3,5.32,0.01,638
2017-03-17,2889,7867712,69791063,5.32,5.35,5.29,5.34,0.02,1606
2017-03-20,2889,2685673,23833194,5.32,5.35,5.31,5.34,0.0,567
2017-03-21,2889,3702726,32978737,5.32,5.35,5.32,5.35,0.01,1061
2017-03-22,2889,2781134,24723511,5.34,5.35,5.32,5.34,-0.01,699
2017-03-23,2889,17947879,166851544,5.46,5.61,5.46,5.61,0.27,3601
2017-03-24,2889,7689185,72134659,5.61,5.65,5.61,5.63,0.02,1514
2017-03-27,2889,6856874,64509740,5.62,5.67,5.62,5.64,0.01,1451
2017-03-28,2889,4841400,45179560,5.64,5.65,5.55,5.6,-0.04,1372
2017-03-29,2889,2787696,25987391,5.6,5.62,5.58,5.62,0.02,837
2017-03-30,2889,2773374,25878786,5.63,5.64,5.58,5.58,-0.04,795
2017-03-31,2889,4083825,37927641,5.59,5.59,5.56,5.58,0.0,941
2017-04-05,2889,3892088,36375288,5.61,5.64,5.58,5.64,0.06,1362
2017-04-06,2889,4394602,41341668,5.64,5.66,5.64,5.64,0.0,1311
2017-04-07,2889,6340109,59678563,5.65,5.66,5.64,5.66,0.02,1140
2017-04-10,2889,4767600,45202851,5.67,5.73,5.66,5.7,0.04,1092
2017-04-11,2889,7663734,72166113,5.7,5.7,5.62,5.62,-0.08,1342
2017-04-12,2889,3717614,34872431,5.62,5.65,5.62,5.65,0.03,810
2017-04-13,2889,3097791,29106127,5.64,5.65,5.63,5.64,-0.01,517
2017-04-14,2889,4345017,40291499,5.61,5.61,5.52,5.54,-0.1,1119
2017-04-17,2889,5116670,46489066,5.54,5.55,5.42,5.46,-0.08,1078
2017-04-18,2889,3274319,29891106,5.46,5.5,5.46,5.49,0.03,856
2017-04-19,2889,2637817,24053880,5.47,5.5,5.46,5.5,0.01,1015
2017-04-20,2889,2244240,20465533,5.49,5.49,5.46,5.47,-0.03,675
2017-04-21,2889,3823109,34890806,5.47,5.5,5.46,5.46,-0.01,903
2017-04-24,2889,2551649,23216247,5.46,5.47,5.44,5.47,0.01,637
2017-04-25,2889,3072019,28119466,5.48,5.52,5.47,5.52,0.05,842
2017-04-26,2889,3307831,30561868,5.53,5.57,5.49,5.57,0.05,878
2017-04-27,2889,1293113,11977441,5.57,5.58,5.55,5.56,-0.01,425
2017-04-28,2889,1538708,14263775,5.56,5.59,5.55,5.55,-0.01,537
2017-05-02,2889,3758633,34821740,5.55,5.58,5.55,5.57,0.02,1071
2017-05-03,2889,1827815,16968725,5.57,5.58,5.56,5.58,0.01,486
2017-05-04,2889,4178722,39066825,5.58,5.64,5.56,5.63,0.05,1211
2017-05-05,2889,2112983,19677843,5.62,5.62,5.58,5.58,-0.05,560
2017-05-08,2889,1636914,15243900,5.59,5.61,5.57,5.57,-0.01,392
2017-05-09,2889,2429079,22423854,5.57,5.57,5.51,5.52,-0.05,640
2017-05-10,2889,1686586,15580361,5.53,5.56,5.52,5.55,0.03,680
2017-05-11,2889,1255145,11628631,5.55,5.57,5.55,5.57,0.02,593
2017-05-12,2889,1131249,10480539,5.55,5.58,5.53,5.58,0.01,495
2017-05-15,2889,1651826,15374367,5.58,5.6,5.57,5.59,0.01,593
2017-05-16,2889,3071094,28659797,5.6,5.62,5.59,5.61,0.02,1134
2017-05-17,2889,2101996,19625292,5.61,5.61,5.6,5.61,0.0,945
2017-05-18,2889,2259012,21006123,5.58,5.59,5.56,5.58,-0.03,757
2017-05-19,2889,2074902,19304349,5.58,5.59,5.57,5.58,0.0,577
2017-05-22,2889,2098289,19565164,5.58,5.61,5.58,5.59,0.01,571
2017-05-23,2889,1903571,17736743,5.61,5.61,5.58,5.59,0.0,487
2017-05-24,2889,1935868,18064631,5.58,5.61,5.58,5.59,0.0,569
2017-05-25,2889,3744212,34933882,5.59,5.61,5.58,5.59,0.0,852
2017-05-26,2889,1766486,16457297,5.6,5.61,5.58,5.61,0.02,579
2017-05-31,2889,7907797,72759424,5.52,5.53,5.5,5.53,-0.08,2061
2017-06-01,2889,1834934,16929154,5.52,5.55,5.52,5.53,0.0,730
2017-06-02,2889,1473179,13610400,5.53,5.56,5.53,5.56,0.03,518
2017-06-03,2889,1562968,14489115,5.55,5.58,5.55,5.58,0.02,369
2017-06-05,2889,3021017,28173856,5.58,5.61,5.58,5.59,0.01,637
2017-06-06,2889,1625731,15137772,5.6,5.6,5.58,5.6,0.01,473
2017-06-07,2889,1873093,17440268,5.6,5.6,5.58,5.58,-0.02,708
2017-06-08,2889,1651693,15377866,5.58,5.59,5.58,5.58,0.0,543
2017-06-09,2889,2004939,18658311,5.58,5.59,5.58,5.59,0.01,605
2017-06-12,2889,1703773,15879292,5.6,5.6,5.58,5.59,0.0,580
2017-06-13,2889,1907431,17775807,5.59,5.6,5.59,5.59,0.0,511
2017-06-14,2889,2349287,21859654,5.6,5.6,5.57,5.59,0.0,508
2017-06-15,2889,2448239,22766608,5.59,5.59,5.57,5.59,0.0,734
2017-06-16,2889,2606107,24273971,5.59,5.6,5.58,5.6,0.01,623
2017-06-19,2889,2665678,24841098,5.6,5.61,5.58,5.6,0.0,671
2017-06-20,2889,1776997,16564199,5.6,5.61,5.59,5.59,-0.01,484
2017-06-21,2889,3865260,35995312,5.59,5.61,5.58,5.6,0.01,1052
2017-06-22,2889,4407157,41224918,5.6,5.64,5.59,5.63,0.03,853
2017-06-23,2889,2853056,26792074,5.63,5.65,5.62,5.65,0.02,814
2017-06-26,2889,5508618,52428289,5.66,5.73,5.66,5.71,0.06,1415
2017-06-27,2889,4601605,43876959,5.71,5.73,5.71,5.73,0.02,1011
2017-06-28,2889,3610331,34377749,5.72,5.73,5.7,5.72,-0.01,809
2017-06-29,2889,4486076,42688631,5.73,5.73,5.69,5.7,-0.02,926
2017-06-30,2889,3029260,28782029,5.7,5.71,5.69,5.7,0.0,608
2017-07-03,2889,1946878,18475293,5.7,5.7,5.69,5.7,0.0,595
2017-07-04,2889,1785929,16964884,5.7,5.71,5.7,5.7,0.0,460
2017-07-05,2889,1926207,18276937,5.7,5.7,5.68,5.7,0.0,447
2017-07-06,2889,1478299,14011820,5.7,5.7,5.67,5.7,0.0,445
2017-07-07,2889,1675733,15876038,5.7,5.7,5.68,5.68,-0.02,588
2017-07-10,2889,2442482,23076446,5.67,5.68,5.66,5.67,-0.01,715
2017-07-11,2889,1819809,17177815,5.65,5.67,5.65,5.67,0.0,491
2017-07-12,2889,2125049,20106940,5.67,5.7,5.66,5.7,0.03,525
2017-07-13,2889,3753154,35657267,5.7,5.71,5.69,5.71,0.01,755
2017-07-14,2889,2592402,24624760,5.7,5.71,5.69,5.7,-0.01,556
2017-07-17,2889,3858471,36679969,5.7,5.71,5.69,5.71,0.01,1107
2017-07-18,2889,2476264,23549176,5.71,5.71,5.7,5.71,0.0,856
2017-07-19,2889,3572342,34070969,5.71,5.74,5.7,5.74,0.03,953
2017-07-20,2889,1514587,14454881,5.74,5.74,5.72,5.73,-0.01,413
2017-07-21,2889,1372514,13061959,5.73,5.73,5.7,5.72,-0.01,446
2017-07-24,2889,2128240,20271148,5.72,5.73,5.71,5.73,0.01,574
2017-07-25,2889,2467232,23611064,5.73,5.76,5.73,5.75,0.02,581
2017-07-26,2889,2796065,26808031,5.75,5.76,5.74,5.75,0.0,709
2017-07-27,2889,2838004,27193450,5.75,5.76,5.74,5.74,-0.01,567
2017-07-28,2889,1438589,13768474,5.74,5.75,5.74,5.75,0.01,417
2017-07-31,2889,2335165,22361576,5.75,5.76,5.74,5.74,-0.01,514
2017-08-01,2889,3971676,38098958,5.74,5.77,5.74,5.77,0.03,667
2017-08-02,2889,4282868,41245178,5.77,5.79,5.77,5.79,0.02,703
2017-08-03,2889,3128276,30115007,5.79,5.79,5.76,5.78,-0.01,628
2017-08-04,2889,7334146,70643373,5.79,5.79,5.77,5.78,0.0,1167
2017-08-07,2889,14504484,139684546,5.78,5.79,5.77,5.79,0.01,2031
2017-08-08,2889,11481840,103629208,5.81,5.87,5.81,5.83,0.04,1799
2017-08-09,2889,3296400,29793482,5.85,5.85,5.83,5.83,0.0,682
2017-08-10,2889,5702463,50923347,5.83,5.83,5.72,5.72,-0.11,1455
2017-08-11,2889,2824873,25005923,5.72,5.75,5.68,5.74,0.02,859
2017-08-14,2889,3156610,27848990,5.75,5.75,5.66,5.68,-0.06,1012
2017-08-15,2889,2244450,19786147,5.7,5.73,5.68,5.68,0.0,611
2017-08-16,2889,2442946,21570528,5.68,5.73,5.68,5.71,0.03,1003
2017-08-17,2889,1980286,17497063,5.71,5.72,5.69,5.7,-0.01,486
2017-08-18,2889,2275014,20016503,5.7,5.7,5.68,5.69,-0.01,647
2017-08-21,2889,2037842,17881445,5.68,5.69,5.66,5.66,-0.03,615
2017-08-22,2889,2154686,18869124,5.66,5.66,5.65,5.65,-0.01,672
2017-08-23,2889,2682443,23472000,5.66,5.66,5.63,5.64,-0.01,918
2017-08-24,2889,1850515,16158988,5.64,5.66,5.63,5.64,0.0,605
2017-08-25,2889,1500879,13123189,5.64,5.66,5.63,5.65,0.01,456
2017-08-28,2889,1614545,14230246,5.65,5.73,5.65,5.73,0.08,533
2017-08-29,2889,1960376,17270060,5.73,5.73,5.68,5.69,-0.04,530
2017-08-30,2889,938712,8286515,5.69,5.72,5.69,5.71,0.02,364
2017-08-31,2889,1801986,15909007,5.72,5.72,5.69,5.7,-0.01,599
2017-09-01,2889,2925798,26087109,5.7,5.78,5.7,5.78,0.08,844
2017-09-04,2889,4541670,40943502,5.78,5.85,5.76,5.83,0.05,929
2017-09-05,2889,1683169,15206651,5.83,5.85,5.82,5.83,0.0,512
2017-09-06,2889,2073900,18640830,5.83,5.83,5.79,5.81,-0.02,613
2017-09-07,2889,2369374,21406350,5.81,5.85,5.81,5.84,0.03,806
2017-09-08,2889,1429241,12939255,5.86,5.86,5.82,5.85,0.01,644
2017-09-11,2889,1681554,15195713,5.85,5.85,5.82,5.84,-0.01,585
2017-09-12,2889,1916846,17341315,5.84,5.85,5.84,5.84,0.0,630
2017-09-13,2889,1331035,12052786,5.84,5.86,5.84,5.84,0.0,635
2017-09-14,2889,1570889,14246829,5.85,5.86,5.84,5.86,0.02,645
2017-09-15,2889,1695463,15385522,5.85,5.88,5.84,5.88,0.02,521
2017-09-18,2889,4052971,37200995,5.89,5.95,5.89,5.94,0.06,1083
2017-09-19,2889,3527899,32419935,5.95,5.95,5.91,5.91,-0.03,857
2017-09-20,2889,3010228,27544447,5.91,5.94,5.89,5.89,-0.02,787
2017-09-21,2889,1497812,13681796,5.89,5.93,5.88,5.89,0.0,480
2017-09-22,2889,1842970,16782799,5.9,5.9,5.87,5.88,-0.01,488
2017-09-25,2889,1815936,16473917,5.88,5.88,5.84,5.86,-0.02,474
2017-09-26,2889,1761046,15959809,5.85,5.87,5.84,5.85,-0.01,571
2017-09-27,2889,865909,7845429,5.85,5.86,5.84,5.84,-0.01,390
2017-09-28,2889,952698,8619872,5.85,5.86,5.84,5.84,0.0,325
2017-09-29,2889,1324426,11995394,5.86,5.86,5.83,5.86,0.02,445
2017-09-30,2889,707017,6427749,5.88,5.89,5.86,5.86,0.0,228
2017-10-02,2889,695490,6306877,5.88,5.88,5.84,5.85,-0.01,261
2017-10-03,2889,1062620,9623929,5.88,5.88,5.84,5.86,0.01,320
2017-10-05,2889,1764991,16050028,5.86,5.88,5.86,5.88,0.02,507
2017-10-06,2889,1292140,11766491,5.88,5.89,5.87,5.88,0.0,397
2017-10-11,2889,3989105,36554334,5.89,5.97,5.88,5.97,0.09,1209
2017-10-12,2889,2029455,18685199,5.97,5.97,5.94,5.94,-0.03,838
2017-10-13,2889,1519829,13961811,5.94,5.94,5.92,5.94,0.0,476
2017-10-16,2889,1650934,15128688,5.94,5.94,5.89,5.93,-0.01,547
2017-10-17,2889,1805641,16578002,5.93,5.96,5.92,5.93,0.0,653
2017-10-18,2889,2597445,23792847,5.93,5.94,5.9,5.93,0.0,1303
2017-10-19,2889,631125,5785114,5.94,5.94,5.92,5.92,-0.01,287
2017-10-20,2889,930374,8517905,5.92,5.92,5.9,5.91,-0.01,344
2017-10-23,2889,730390,6683548,5.92,5.92,5.9,5.9,-0.01,286
2017-10-24,2889,787391,7194243,5.91,5.91,5.9,5.9,0.0,364
2017-10-25,2889,1677344,15297760,5.9,5.9,5.88,5.89,-0.01,469
2017-10-26,2889,1662786,15139099,5.89,5.9,5.87,5.87,-0.02,565
2017-10-27,2889,1959512,17870285,5.87,5.91,5.87,5.88,0.01,570
2017-10-30,2889,1657782,15119957,5.88,5.92,5.86,5.92,0.04,484
2017-10-31,2889,885113,8089748,5.92,5.92,5.88,5.91,-0.01,362
2017-11-01,2889,1134294,10359181,5.91,5.92,5.88,5.89,-0.02,362
2017-11-02,2889,1305621,11931041,5.9,5.92,5.88,5.91,0.02,285
2017-11-03,2889,702000,6420659,5.91,5.92,5.9,5.9,-0.01,282
2017-11-06,2889,775303,7077251,5.9,5.91,5.88,5.9,0.0,318
2017-11-07,2889,843222,7695719,5.89,5.9,5.88,5.9,0.0,290
2017-11-08,2889,938780,8568859,5.89,5.91,5.89,5.9,0.0,300
2017-11-09,2889,1466213,13376027,5.89,5.9,5.88,5.9,0.0,413
2017-11-10,2889,967647,8819450,5.89,5.9,5.88,5.88,-0.02,293
2017-11-13,2889,1555529,14157014,5.88,5.89,5.87,5.88,0.0,476
2017-11-14,2889,858044,7816420,5.88,5.89,5.88,5.88,0.0,293
2017-11-15,2889,1042437,9489907,5.88,5.88,5.88,5.88,0.0,375
2017-11-16,2889,788375,7172473,5.87,5.88,5.87,5.88,0.0,305
2017-11-17,2889,1013750,9233358,5.88,5.89,5.88,5.88,0.0,253
2017-11-20,2889,1499727,13693117,5.88,5.92,5.88,5.91,0.03,455
2017-11-21,2889,3178642,29219393,5.91,5.95,5.9,5.94,0.03,1020
2017-11-22,2889,4301693,39871449,5.95,6.03,5.95,5.99,0.05,1097
2017-11-23,2889,1433988,13296374,6.0,6.01,5.97,5.97,-0.02,457
2017-11-24,2889,1164826,10758892,5.99,5.99,5.95,5.97,0.0,386
2017-11-27,2889,1151915,10615913,5.97,5.97,5.94,5.96,-0.01,327
2017-11-28,2889,1148763,10593171,5.96,5.97,5.95,5.95,-0.01,364
2017-11-29,2889,1364660,12568053,5.95,5.97,5.94,5.95,0.0,406
2017-11-30,2889,2924019,26987676,5.95,5.98,5.94,5.98,0.03,1020
2017-12-01,2889,1364521,12592926,5.95,5.98,5.95,5.97,-0.01,481
2017-12-04,2889,1695830,15660469,5.95,5.98,5.95,5.97,0.0,452
2017-12-05,2889,2695387,24991747,5.97,6.01,5.95,6.0,0.03,1294
2017-12-06,2889,1594370,14762914,6.01,6.01,5.95,5.96,-0.04,455
2017-12-07,2889,1422605,13099522,5.95,5.96,5.94,5.95,-0.01,399
2017-12-08,2889,1223870,11235821,5.94,5.95,5.92,5.94,-0.01,419
2017-12-11,2889,1325533,12250536,5.94,5.99,5.94,5.97,0.03,438
2017-12-12,2889,1839190,17016056,5.97,5.99,5.96,5.97,0.0,576
2017-12-13,2889,1337949,12392716,5.97,5.99,5.97,5.99,0.02,454
2017-12-14,2889,2657412,24695378,5.99,6.01,5.99,6.0,0.01,671
2017-12-15,2889,2559666,23788203,6.01,6.01,5.99,6.01,0.01,428
2017-12-18,2889,1134635,10557017,6.01,6.01,6.0,6.01,0.0,403
2017-12-19,2889,2673718,24930956,6.02,6.03,6.01,6.02,0.01,637
2017-12-20,2889,4252958,39977854,6.04,6.1,6.04,6.07,0.05,945
2017-12-21,2889,5093162,48086952,6.07,6.15,6.07,6.11,0.04,892
2017-12-22,2889,2650567,25135925,6.11,6.14,6.11,6.13,0.02,612
2017-12-25,2889,1664532,15804922,6.14,6.15,6.13,6.13,0.0,466
2017-12-26,2889,1862363,17572531,6.14,6.14,6.07,6.08,-0.05,550
2017-12-27,2889,1776564,16756650,6.08,6.12,6.08,6.1,0.02,507
2017-12-28,2889,1364714,12934725,6.11,6.14,6.11,6.12,0.02,372
2017-12-29,2889,2225607,21131774,6.14,6.14,6.12,6.13,0.01,523
2018-01-02,2889,1771623,16817781,6.13,6.14,6.12,6.13,0.0,357
2018-01-03,2889,1609217,15263205,6.13,6.14,6.12,6.12,-0.01,422
2018-01-04,2889,2371567,22513379,6.12,6.14,6.12,6.14,0.02,661
2018-01-05,2889,2530505,24008239,6.14,6.14,6.12,6.13,-0.01,538
2018-01-08,2889,6993013,66469035,6.13,6.15,6.12,6.14,0.01,921
2018-01-09,2889,3367450,31986922,6.14,6.14,6.12,6.14,0.0,733
2018-01-10,2889,6151054,58461645,6.14,6.14,6.13,6.14,0.0,999
2018-01-11,2889,6336643,60400176,6.15,6.16,6.15,6.16,0.02,1080
2018-01-12,2889,7005292,66881652,6.16,6.17,6.15,6.17,0.01,1147
2018-01-15,2889,8629974,83292083,6.18,6.26,6.17,6.23,0.06,1633
2018-01-16,2889,10603661,102988776,6.24,6.3,6.24,6.26,0.03,1722
2018-01-17,2889,9125482,88759493,6.28,6.3,6.26,6.29,0.03,1848
2018-01-18,2889,13501108,133257870,6.32,6.46,6.3,6.43,0.14,2624
2018-01-19,2889,8550615,85333036,6.45,6.46,6.42,6.45,0.02,1848
2018-01-22,2889,13160684,133042861,6.46,6.56,6.46,6.56,0.11,2383
2018-01-23,2889,6961950,70703785,6.56,6.59,6.52,6.56,0.0,1743
2018-01-24,2889,6367187,64227987,6.56,6.59,6.49,6.56,0.0,1488
2018-01-25,2889,3792297,38460646,6.56,6.59,6.49,6.59,0.03,1073
2018-01-26,2889,2703466,27389182,6.59,6.59,6.52,6.56,-0.03,772
2018-01-29,2889,2541872,25630119,6.56,6.59,6.49,6.49,-0.07,590
2018-01-30,2889,5104552,51063771,6.49,6.49,6.45,6.46,-0.03,1187
2018-01-31,2889,3730833,37086504,6.42,6.45,6.39,6.45,-0.01,1038
2018-02-01,2889,4410677,44077677,6.45,6.49,6.45,6.45,0.0,750
2018-02-02,2889,2119143,21168675,6.46,6.49,6.43,6.46,0.01,493
2018-02-05,2889,4743004,46851440,6.38,6.4,6.33,6.39,-0.07,1345
2018-02-06,2889,12604723,120287387,6.28,6.28,6.04,6.12,-0.27,2997
2018-02-07,2889,7262819,70328395,6.21,6.3,6.2,6.22,0.1,2042
2018-02-08,2889,2609266,25165299,6.22,6.26,6.21,6.25,0.03,700
2018-02-09,2889,4569372,43459989,6.03,6.23,6.03,6.22,-0.03,1152
2018-02-12,2889,2961116,28731139,6.25,6.3,6.25,6.26,0.04,928
2018-02-21,2889,4707856,46527271,6.33,6.42,6.3,6.42,0.16,1709
2018-02-22,2889,1851298,18381651,6.42,6.43,6.39,6.43,0.01,839
2018-02-23,2889,4856738,48538135,6.4,6.49,6.4,6.45,0.02,1171
2018-02-26,2889,2975329,29751750,6.49,6.49,6.45,6.46,0.01,769
2018-02-27,2889,2840798,28378880,6.46,6.49,6.43,6.46,0.0,798
2018-03-01,2889,1923683,19150757,6.39,6.45,6.39,6.45,-0.01,761
2018-03-02,2889,4194132,41554701,6.41,6.43,6.38,6.38,-0.07,1591
2018-03-05,2889,2367498,23307259,6.38,6.39,6.34,6.35,-0.03,972
2018-03-06,2889,1423289,14038579,6.37,6.39,6.36,6.37,0.02,467
2018-03-07,2889,1156263,11384986,6.37,6.38,6.35,6.35,-0.02,648
2018-03-08,2889,1106894,10897754,6.36,6.37,6.34,6.36,0.01,573
2018-03-09,2889,1464579,14467438,6.36,6.4,6.36,6.4,0.04,604
2018-03-12,2889,4285588,42779674,6.4,6.49,6.4,6.46,0.06,1071
2018-03-13,2889,2241554,22372116,6.45,6.46,6.43,6.46,0.0,937
2018-03-14,2889,1146941,11455702,6.46,6.46,6.44,6.46,0.0,576
2018-03-15,2889,1430266,14269873,6.44,6.45,6.43,6.45,-0.01,690
2018-03-16,2889,6620611,67287699,6.46,6.62,6.44,6.62,0.17,1090
2018-03-19,2889,3340903,33689776,6.56,6.56,6.49,6.49,-0.13,1018
2018-03-20,2889,3453481,34899863,6.52,6.56,6.49,6.52,0.03,1133
2018-03-21,2889,2852281,28848057,6.52,6.56,6.52,6.52,0.0,927
2018-03-22,2889,2279737,23034732,6.52,6.56,6.49,6.52,0.0,880
2018-03-23,2889,3134765,31369561,6.46,6.49,6.45,6.49,-0.03,1078
2018-03-26,2889,1836130,18381180,6.46,6.49,6.46,6.49,0.0,787
2018-03-27,2889,2478920,24942766,6.52,6.52,6.46,6.49,0.0,819
2018-03-28,2889,5683064,57705678,6.59,6.59,6.52,6.56,0.07,1780
2018-03-29,2889,4242851,43235089,6.59,6.59,6.56,6.59,0.03,1149
2018-03-30,2889,4076772,41613224,6.59,6.62,6.56,6.59,0.0,1243
2018-03-31,2889,2339956,23883369,6.59,6.62,6.56,6.62,0.03,544
2018-04-02,2889,4136767,42413398,6.62,6.65,6.59,6.62,0.0,1133
2018-04-03,2889,2534799,25865094,6.59,6.62,6.56,6.62,0.0,845
2018-04-09,2889,3874461,39494006,6.59,6.62,6.56,6.62,0.0,1113
2018-04-10,2889,3141208,32081920,6.62,6.62,6.56,6.59,-0.03,1254
2018-04-11,2889,4022859,41220643,6.59,6.65,6.59,6.62,0.03,1174
2018-04-12,2889,3184932,32675441,6.62,6.65,6.62,6.65,0.03,1344
2018-04-13,2889,3061150,31380551,6.65,6.65,6.59,6.62,-0.03,695
2018-04-16,2889,1926130,19679701,6.62,6.65,6.59,6.59,-0.03,576
2018-04-17,2889,5122442,52403280,6.62,6.65,6.59,6.59,0.0,1182
2018-04-18,2889,2948329,30175989,6.62,6.65,6.59,6.59,0.0,756
2018-04-19,2889,2393244,24482268,6.59,6.62,6.59,6.62,0.03,880
2018-04-20,2889,2141699,21874796,6.59,6.62,6.56,6.62,0.0,553
2018-04-23,2889,3100685,31814993,6.59,6.65,6.59,6.65,0.03,660
2018-04-24,2889,2981855,30528601,6.65,6.65,6.59,6.59,-0.06,627
2018-04-25,2889,2475636,25292001,6.59,6.62,6.56,6.62,0.03,536
2018-04-26,2889,1954338,19970231,6.62,6.62,6.59,6.59,-0.03,588
2018-04-27,2889,2406754,24687461,6.62,6.65,6.59,6.65,0.06,612
2018-04-30,2889,3055680,31511767,6.65,6.68,6.62,6.68,0.03,741
2018-05-02,2889,5275580,55192767,6.72,6.78,6.68,6.78,0.1,1264
2018-05-03,2889,2801757,29292287,6.78,6.78,6.72,6.75,-0.03,838
2018-05-04,2889,1643113,17177302,6.75,6.78,6.72,6.75,0.0,595
2018-05-07,2889,1836274,19149727,6.75,6.75,6.72,6.75,0.0,483
2018-05-08,2889,1976199,20636445,6.75,6.78,6.72,6.75,0.0,613
2018-05-09,2889,2200879,22975561,6.75,6.78,6.72,6.75,0.0,436
2018-05-10,2889,4640423,48282380,6.75,6.75,6.68,6.75,0.0,872
2018-05-11,2889,5106036,53422389,6.75,6.78,6.72,6.75,0.0,816
2018-05-14,2889,2828453,29422682,6.75,6.78,6.68,6.72,-0.03,677
2018-05-15,2889,3628851,37885913,6.72,6.78,6.72,6.75,0.03,864
2018-05-16,2889,2271778,23742818,6.75,6.78,6.72,6.75,0.0,765
2018-05-17,2889,2068152,21633657,6.78,6.78,6.75,6.75,0.0,711
2018-05-18,2889,2372108,24828148,6.75,6.78,6.75,6.78,0.03,596
2018-05-21,2889,2333284,24436910,6.75,6.78,6.75,6.78,0.0,691
2018-05-22,2889,2068562,21672367,6.78,6.78,6.75,6.78,0.0,594
2018-05-23,2889,2689749,28161095,6.75,6.78,6.75,6.75,-0.03,900
2018-05-24,2889,2424666,25382230,6.75,6.78,6.72,6.78,0.03,720
2018-05-25,2889,2264493,23766932,6.78,6.81,6.75,6.78,0.0,709
2018-05-28,2889,3454767,36380085,6.81,6.81,6.78,6.81,0.03,812
2018-05-29,2889,3666748,38669290,6.81,6.85,6.78,6.85,0.04,772
2018-05-30,2889,6577148,68914940,6.81,6.81,6.72,6.78,-0.07,1424
2018-05-31,2889,5422684,56787670,6.78,6.81,6.75,6.75,-0.03,750
2018-06-01,2889,1971816,20728154,6.75,6.81,6.75,6.78,0.03,490
2018-06-04,2889,2082845,21901949,6.81,6.81,6.78,6.78,0.0,679
2018-06-05,2889,2576938,27135307,6.78,6.81,6.78,6.81,0.03,593
2018-06-06,2889,2868470,30289826,6.81,6.85,6.78,6.81,0.0,837
2018-06-07,2889,5696074,60520797,6.85,6.88,6.81,6.88,0.07,1090
2018-06-08,2889,3326471,35368263,6.88,6.88,6.85,6.88,0.0,655
2018-06-11,2889,4532782,48485128,6.91,6.94,6.88,6.91,0.03,882
2018-06-12,2889,3518529,37564288,6.91,6.91,6.88,6.88,-0.03,735
2018-06-13,2889,2982620,31784760,6.88,6.91,6.85,6.88,0.0,770
2018-06-14,2889,3569486,38096827,6.88,6.91,6.85,6.91,0.03,1446
2018-06-15,2889,6299995,67740020,6.91,6.97,6.88,6.97,0.06,1500
2018-06-19,2889,7954603,86300576,7.01,7.04,6.97,7.04,0.07,3199
2018-06-20,2889,7082470,77354967,6.97,7.1,6.97,7.07,0.03,2051
2018-06-21,2889,2662749,29104074,7.04,7.07,7.04,7.04,-0.03,798
2018-06-22,2889,3484180,37657173,7.04,7.04,6.94,6.97,-0.07,812
2018-06-25,2889,3876450,42144963,7.01,7.07,6.97,7.01,0.04,799
2018-06-26,2889,3299358,35701103,6.97,7.04,6.94,7.01,0.0,1559
2018-06-27,2889,1928087,20791063,6.97,7.04,6.94,6.94,-0.07,584
2018-06-28,2889,1643297,17622361,6.94,6.97,6.91,6.91,-0.03,543
2018-06-29,2889,1913724,20519827,6.91,6.97,6.91,6.94,0.03,491
2018-07-02,2889,1723854,18506623,6.94,6.97,6.91,6.91,-0.03,669
2018-07-03,2889,2684185,28636351,6.91,6.94,6.85,6.88,-0.03,800
2018-07-04,2889,1344601,14306162,6.88,6.91,6.85,6.91,0.03,589
2018-07-05,2889,1409557,15050511,6.91,6.94,6.88,6.88,-0.03,419
2018-07-06,2889,2708687,28706931,6.88,6.91,6.81,6.81,-0.07,793
2018-07-09,2889,2174959,23055841,6.81,6.88,6.81,6.88,0.07,592
2018-07-10,2889,1674586,17821150,6.85,6.91,6.85,6.91,0.03,405
2018-07-11,2889,1728154,18420082,6.88,6.91,6.88,6.91,0.0,469
2018-07-12,2889,1003514,10718528,6.88,6.91,6.88,6.91,0.0,302
2018-07-13,2889,2063201,22131141,6.91,6.94,6.91,6.94,0.03,562
2018-07-16,2889,2084091,22451614,6.94,6.97,6.91,6.97,0.03,542
2018-07-17,2889,1233043,13300853,6.97,6.97,6.94,6.97,0.0,338
2018-07-18,2889,1759533,18976667,6.97,6.97,6.94,6.97,0.0,930
2018-07-19,2889,3203119,34626563,6.97,7.01,6.94,6.97,0.0,599
2018-07-20,2889,2291661,24724219,6.97,6.97,6.94,6.97,0.0,655
2018-07-23,2889,4266217,46158730,6.97,7.01,6.97,7.01,0.04,716
2018-07-24,2889,5387566,58705145,7.01,7.07,6.97,7.07,0.06,903
2018-07-25,2889,4595011,50364821,7.07,7.1,7.04,7.1,0.03,897
2018-07-26,2889,7916173,87040053,7.1,7.14,7.07,7.1,0.0,1316
2018-07-27,2889,5808151,63938261,7.1,7.14,7.07,7.1,0.0,1204
2018-07-30,2889,10361834,114404811,7.1,7.17,7.07,7.17,0.07,1759
2018-07-31,2889,11366322,127176606,7.17,7.27,7.17,7.27,0.1,2165
2018-08-01,2889,22075409,249858451,7.27,7.39,7.23,7.39,0.12,3724
2018-08-02,2889,16835853,180035143,7.42,7.45,7.38,7.38,-0.01,3657
2018-08-03,2889,4616032,49434373,7.42,7.45,7.38,7.45,0.07,1115
2018-08-06,2889,3253948,35091718,7.45,7.52,7.45,7.48,0.03,904
2018-08-07,2889,5270273,56666990,7.48,7.52,7.42,7.42,-0.06,1826
2018-08-08,2889,3920154,42152023,7.45,7.48,7.42,7.45,0.03,878
2018-08-09,2889,1720845,18476067,7.45,7.48,7.42,7.45,0.0,686
2018-08-10,2889,8522541,90334112,7.38,7.38,7.31,7.35,-0.1,1779
2018-08-13,2889,6247718,64988150,7.28,7.31,7.14,7.21,-0.14,1990
2018-08-14,2889,2952124,30533821,7.17,7.21,7.14,7.21,0.0,970
2018-08-15,2889,4167021,43629542,7.21,7.35,7.14,7.17,-0.04,878
2018-08-16,2889,4453699,45927550,7.14,7.21,7.07,7.21,0.04,975
2018-08-17,2889,2174811,22687004,7.21,7.28,7.21,7.24,0.03,434
2018-08-20,2889,1658589,17300012,7.24,7.24,7.21,7.24,0.0,547
2018-08-21,2889,2477577,25768594,7.21,7.24,7.17,7.24,0.0,832
2018-08-22,2889,3139566,32786582,7.21,7.28,7.21,7.24,0.0,745
2018-08-23,2889,2010367,20964493,7.24,7.28,7.21,7.24,0.0,709
2018-08-24,2889,1972979,20576017,7.24,7.28,7.21,7.28,0.04,557
2018-08-27,2889,1875964,19597757,7.28,7.28,7.21,7.28,0.0,560
2018-08-28,2889,4074994,42940011,7.28,7.35,7.24,7.31,0.03,1038
2018-08-29,2889,3876570,41247987,7.31,7.42,7.31,7.38,0.07,1099
2018-08-30,2889,3591946,38415590,7.38,7.45,7.38,7.42,0.04,827
2018-08-31,2889,1605247,17064646,7.42,7.42,7.35,7.35,-0.07,441
2018-09-03,2889,1453429,15449522,7.38,7.42,7.35,7.38,0.03,436
2018-09-04,2889,1730060,18372356,7.35,7.38,7.35,7.38,0.0,1224
2018-09-05,2889,2706952,28608082,7.35,7.38,7.28,7.28,-0.1,1224
2018-09-06,2889,1913473,20034271,7.28,7.31,7.24,7.24,-0.04,728
2018-09-07,2889,2176050,22796502,7.24,7.28,7.24,7.28,0.04,832
2018-09-10,2889,2041435,21299397,7.28,7.28,7.21,7.24,-0.04,944
2018-09-11,2889,2206472,23003783,7.24,7.28,7.21,7.24,0.0,762
2018-09-12,2889,3152193,33070899,7.24,7.35,7.21,7.35,0.11,1163
2018-09-13,2889,2996501,31633074,7.31,7.38,7.28,7.38,0.03,1193
2018-09-14,2889,3097527,32889212,7.38,7.42,7.31,7.38,0.0,1128
2018-09-17,2889,1626981,17142816,7.35,7.38,7.28,7.28,-0.1,563
2018-09-18,2889,1529209,16060835,7.24,7.31,7.24,7.28,0.0,697
2018-09-19,2889,2198829,23256005,7.28,7.38,7.28,7.35,0.07,1156
2018-09-20,2889,1591739,16827025,7.31,7.35,7.31,7.35,0.0,634
2018-09-21,2889,2891531,30572000,7.35,7.38,7.28,7.38,0.03,920
2018-09-25,2889,2119135,22419434,7.35,7.38,7.31,7.38,0.0,655
2018-09-26,2889,1603613,17023234,7.35,7.38,7.31,7.35,-0.03,582
2018-09-27,2889,6035489,64525462,7.35,7.48,7.35,7.45,0.1,1803
2018-09-28,2889,4939749,52927270,7.48,7.48,7.42,7.42,-0.03,998
2018-10-01,2889,1071390,11415083,7.42,7.42,7.35,7.38,-0.04,476
2018-10-02,2889,1566008,16627155,7.38,7.42,7.35,7.35,-0.03,556
2018-10-03,2889,977840,10334168,7.35,7.35,7.31,7.35,0.0,364
2018-10-04,2889,1883585,19805342,7.35,7.35,7.28,7.28,-0.07,613
2018-10-05,2889,3477812,36364961,7.28,7.31,7.21,7.21,-0.07,889
2018-10-08,2889,2065789,21523395,7.21,7.28,7.17,7.24,0.03,645
2018-10-09,2889,1821766,19067891,7.24,7.28,7.21,7.28,0.04,677
2018-10-11,2889,9155509,93014493,7.17,7.17,6.97,7.07,-0.21,2735
2018-10-12,2889,4350485,44202041,6.97,7.14,6.93,7.1,0.03,1654
2018-10-15,2889,3198474,32664850,7.1,7.14,7.03,7.14,0.04,1039
2018-10-16,2889,4547161,46228922,7.07,7.1,6.97,7.1,-0.04,1732
2018-10-17,2889,3276487,33466167,7.1,7.14,7.0,7.1,0.0,1453
2018-10-18,2889,2305259,23355972,7.03,7.07,7.0,7.03,-0.07,905
2018-10-19,2889,16541647,168048740,7.0,7.17,6.93,6.97,-0.06,2151
2018-10-22,2889,1720584,17370037,6.97,7.03,6.97,7.03,0.06,830
2018-10-23,2889,3513872,35269240,7.0,7.03,6.93,6.93,-0.1,1719
2018-10-24,2889,4445680,44369694,6.93,6.97,6.89,6.97,0.04,1521
2018-10-25,2889,3791244,37343861,6.88,6.88,6.79,6.79,-0.18,1735
2018-10-26,2889,5858064,56812958,6.79,6.84,6.59,6.72,-0.07,2320
2018-10-29,2889,3435301,32946953,6.68,6.72,6.6,6.63,-0.09,1177
2018-10-30,2889,2688350,25991426,6.63,6.79,6.63,6.79,0.16,1026
2018-10-31,2889,3981795,39728157,6.8,6.97,6.8,6.97,0.18,1227
2018-11-01,2889,3389633,33525010,6.97,6.97,6.81,6.86,-0.11,1379
2018-11-02,2889,1676357,16570538,6.92,6.92,6.83,6.85,-0.01,829
2018-11-05,2889,1193112,11769349,6.85,6.85,6.82,6.85,0.0,735
2018-11-06,2889,1324445,13089406,6.85,6.89,6.83,6.86,0.01,555
2018-11-07,2889,2756487,27274919,6.86,6.88,6.84,6.88,0.02,1038
2018-11-08,2889,4500570,45033589,6.92,7.0,6.9,6.97,0.09,1127
2018-11-09,2889,1091674,10890970,6.93,6.93,6.9,6.91,-0.06,384
2018-11-12,2889,1084727,10793340,6.86,6.92,6.86,6.92,0.01,416
2018-11-13,2889,971306,9604334,6.86,6.87,6.81,6.87,-0.05,486
2018-11-14,2889,1057625,10516848,6.85,6.92,6.85,6.91,0.04,388
2018-11-15,2889,644114,6407031,6.9,6.92,6.88,6.9,-0.01,290
2018-11-16,2889,1287568,12836144,6.9,6.93,6.9,6.91,0.01,583
2018-11-19,2889,877968,8764550,6.91,6.93,6.9,6.93,0.02,490
2018-11-20,2889,1137320,11319354,6.9,6.92,6.89,6.89,-0.04,435
2018-11-21,2889,1379895,13675704,6.87,6.88,6.86,6.86,-0.03,544
2018-11-22,2889,1016210,10058900,6.86,6.88,6.85,6.86,0.0,423
2018-11-23,2889,1246639,12322399,6.85,6.88,6.84,6.84,-0.02,584
2018-11-26,2889,1005065,9994992,6.83,6.92,6.83,6.88,0.04,461
2018-11-27,2889,1177576,11642413,6.87,6.87,6.83,6.87,-0.01,585
2018-11-28,2889,1375258,13681976,6.87,6.93,6.85,6.91,0.04,633
2018-11-29,2889,1688891,16842192,6.92,6.93,6.89,6.91,0.0,510
2018-11-30,2889,2146974,21494777,6.89,6.97,6.89,6.97,0.06,472
2018-12-03,2889,2887257,28890779,6.93,6.97,6.92,6.97,0.0,735
2018-12-04,2889,1176145,11771487,6.93,6.97,6.92,6.97,0.0,580
2018-12-05,2889,6472372,64509383,6.92,6.92,6.88,6.91,-0.06,780
2018-12-06,2889,2396147,23735760,6.9,6.9,6.85,6.89,-0.02,861
2018-12-07,2889,970189,9669014,6.88,6.93,6.88,6.92,0.03,509
2018-12-10,2889,4089877,40680497,6.9,6.9,6.86,6.9,-0.02,503
2018-12-11,2889,1159930,11493318,6.89,6.89,6.86,6.87,-0.03,569
2018-12-12,2889,2927840,28931202,6.87,6.88,6.83,6.86,-0.01,1644
2018-12-13,2889,2051363,20266180,6.87,6.88,6.83,6.87,0.01,1260
2018-12-14,2889,3146815,30936987,6.85,6.85,6.79,6.84,-0.03,1692
2018-12-17,2889,2532730,24818237,6.81,6.83,6.76,6.81,-0.03,1441
2018-12-18,2889,4646019,44808621,6.79,6.79,6.65,6.65,-0.16,2463
2018-12-19,2889,4091039,39024636,6.64,6.65,6.58,6.64,-0.01,2026
2018-12-20,2889,2108150,20073324,6.63,6.64,6.58,6.63,-0.01,661
2018-12-21,2889,1823409,17366135,6.63,6.63,6.58,6.63,0.0,538
2018-12-22,2889,1420168,13643773,6.61,6.74,6.6,6.73,0.1,357
2018-12-24,2889,3173602,30772551,6.72,6.79,6.65,6.79,0.06,703
2018-12-25,2889,1474833,14184792,6.72,6.72,6.65,6.65,-0.14,725
2018-12-26,2889,1534537,14678752,6.65,6.67,6.59,6.65,0.0,671
2018-12-27,2889,1355028,13006160,6.67,6.68,6.63,6.65,0.0,588
2018-12-28,2889,3625349,34596563,6.65,6.65,6.6,6.6,-0.05,449
2019-01-02,2889,2807703,26739839,6.63,6.69,6.57,6.62,0.02,1097
2019-01-03,2889,1021873,9775337,6.6,6.65,6.6,6.64,0.02,516
2019-01-04,2889,2009224,19097038,6.6,6.62,6.56,6.61,-0.03,875
2019-01-07,2889,1537929,14758071,6.63,6.67,6.62,6.67,0.06,595
2019-01-08,2889,1013479,9716963,6.67,6.67,6.63,6.65,-0.02,687
2019-01-09,2889,2761446,26742755,6.67,6.76,6.66,6.75,0.1,1340
2019-01-10,2889,1508349,14708877,6.75,6.78,6.74,6.78,0.03,846
2019-01-11,2889,729497,7109313,6.78,6.78,6.74,6.76,-0.02,404
2019-01-14,2889,865266,8411499,6.76,6.76,6.72,6.76,0.0,560
2019-01-15,2889,894513,8722235,6.72,6.77,6.72,6.77,0.01,419
2019-01-16,2889,1782490,17280441,6.74,6.78,6.69,6.69,-0.08,822
2019-01-17,2889,1418010,13775805,6.7,6.74,6.7,6.73,0.04,712
2019-01-18,2889,1248554,12158103,6.71,6.76,6.71,6.76,0.03,688
2019-01-21,2889,1233056,12035063,6.77,6.78,6.75,6.78,0.02,667
2019-01-22,2889,1045872,10212572,6.76,6.78,6.76,6.78,0.0,588
2019-01-23,2889,658217,6437107,6.76,6.79,6.76,6.79,0.01,425
2019-01-24,2889,802673,7866636,6.78,6.81,6.78,6.8,0.01,494
2019-01-25,2889,1483468,14556936,6.8,6.82,6.79,6.8,0.0,705
2019-01-28,2889,1027644,10095044,6.81,6.83,6.8,6.83,0.03,529
2019-01-29,2889,1415796,13949176,6.82,6.84,6.81,6.84,0.01,674
2019-01-30,2889,2577687,25495257,6.83,6.87,6.83,6.86,0.02,874
2019-02-11,2889,2869052,28386539,6.87,6.88,6.85,6.85,-0.01,1187
2019-02-12,2889,1595833,15800889,6.85,6.88,6.85,6.87,0.02,670
2019-02-13,2889,1997370,19847258,6.87,6.9,6.87,6.9,0.03,745
2019-02-14,2889,1475309,14685202,6.9,6.91,6.88,6.9,0.0,547
2019-02-15,2889,1629776,16230651,6.9,6.91,6.89,6.91,0.01,486
2019-02-18,2889,2777069,27798403,6.93,6.97,6.93,6.97,0.06,825
2019-02-19,2889,1568072,15691160,6.93,6.97,6.92,6.93,-0.04,622
2019-02-20,2889,1627735,16315950,6.97,6.97,6.93,6.97,0.04,732
2019-02-21,2889,1745304,17462440,6.97,6.97,6.93,6.93,-0.04,769
2019-02-22,2889,1232736,12361360,6.93,6.97,6.93,6.97,0.04,496
2019-02-25,2889,2364340,23783697,6.97,7.0,6.93,7.0,0.03,656
2019-02-26,2889,2060762,20736975,6.97,7.0,6.97,6.97,-0.03,660
2019-02-27,2889,2650534,26601336,6.97,7.0,6.93,7.0,0.03,792
2019-03-04,2889,2542638,25685124,7.0,7.03,6.97,7.03,0.03,906
2019-03-05,2889,2466039,24915762,7.0,7.03,7.0,7.0,-0.03,826
2019-03-06,2889,2285416,23105040,7.0,7.03,7.0,7.0,0.0,1118
2019-03-07,2889,2085628,21082967,7.0,7.03,7.0,7.0,0.0,673
2019-03-08,2889,1926050,19390286,7.0,7.0,6.97,7.0,0.0,492
2019-03-11,2889,2679380,26970707,7.0,7.0,6.93,7.0,0.0,517
2019-03-12,2889,1929827,19469373,7.0,7.0,6.97,7.0,0.0,526
2019-03-13,2889,1083242,10919205,7.0,7.0,6.97,7.0,0.0,347
2019-03-14,2889,2789844,28222845,7.0,7.03,7.0,7.0,0.0,846
2019-03-15,2889,5529668,56292182,7.0,7.1,7.0,7.1,0.1,1180
2019-03-18,2889,3052283,31256311,7.1,7.14,7.07,7.14,0.04,1006
2019-03-19,2889,147545598,1563225457,7.1,7.14,7.1,7.1,-0.04,985
2019-03-20,2889,3220941,33165496,7.1,7.17,7.07,7.17,0.07,1070
2019-03-21,2889,3364812,34929103,7.17,7.24,7.14,7.24,0.07,849
2019-03-22,2889,3707218,38781483,7.24,7.28,7.21,7.28,0.04,1302
2019-03-25,2889,91476492,968941797,7.24,7.24,7.14,7.21,-0.07,925
2019-03-26,2889,2090565,21712347,7.21,7.24,7.17,7.21,0.0,626
2019-03-27,2889,2513044,26041779,7.21,7.21,7.14,7.21,0.0,577
2019-03-28,2889,2196856,22857327,7.24,7.24,7.17,7.24,0.03,656
2019-03-29,2889,2750534,28706083,7.24,7.28,7.17,7.28,0.04,652
2019-04-01,2889,3084136,32342024,7.24,7.31,7.24,7.28,0.0,632
2019-04-02,2889,3253009,33768497,7.28,7.28,7.17,7.21,-0.07,757
2019-04-03,2889,1912542,19795279,7.21,7.21,7.14,7.21,0.0,593
2019-04-08,2889,1998353,20776184,7.21,7.24,7.17,7.24,0.03,758
2019-04-09,2889,1736197,18052858,7.24,7.24,7.17,7.24,0.0,633
2019-04-10,2889,2226583,23183803,7.24,7.24,7.17,7.24,0.0,837
2019-04-11,2889,1507898,15666607,7.21,7.24,7.17,7.17,-0.07,523
2019-04-12,2889,932655,9659998,7.17,7.21,7.17,7.21,0.04,313
2019-04-15,2889,2022040,20929680,7.17,7.21,7.14,7.21,0.0,600
2019-04-16,2889,1454429,15081907,7.21,7.21,7.17,7.21,0.0,427
2019-04-17,2889,1840816,19087066,7.21,7.21,7.17,7.21,0.0,762
2019-04-18,2889,2592310,26807382,7.21,7.21,7.14,7.17,-0.04,492
2019-04-19,2889,2203287,22774984,7.17,7.21,7.14,7.17,0.0,391
2019-04-22,2889,913373,9421758,7.17,7.17,7.14,7.17,0.0,325
2019-04-23,2889,1024161,10561782,7.14,7.17,7.14,7.17,0.0,326
2019-04-24,2889,1443865,14885539,7.14,7.17,7.14,7.14,-0.03,584
2019-04-25,2889,2232433,22952221,7.14,7.17,7.1,7.14,0.0,744
2019-04-26,2889,1172700,12055286,7.14,7.17,7.1,7.14,0.0,406
2019-04-29,2889,2891078,29913478,7.14,7.21,7.1,7.17,0.03,759
2019-04-30,2889,1726608,17932977,7.17,7.21,7.17,7.21,0.04,533
2019-05-02,2889,2630532,27419647,7.21,7.24,7.17,7.24,0.03,788
2019-05-03,2889,1408790,14720267,7.24,7.28,7.21,7.24,0.0,543
2019-05-06,2889,2301374,23949463,7.21,7.24,7.21,7.24,0.0,690
2019-05-07,2889,1440878,14996146,7.21,7.24,7.21,7.21,-0.03,552
2019-05-08,2889,1087523,11275415,7.17,7.21,7.17,7.21,0.0,382
2019-05-09,2889,1654288,17115311,7.21,7.21,7.14,7.17,-0.04,414
2019-05-10,2889,1618424,16741213,7.14,7.21,7.14,7.14,-0.03,387
2019-05-13,2889,1349362,13920007,7.14,7.17,7.14,7.14,0.0,413
2019-05-14,2889,3142397,32210971,7.14,7.14,7.07,7.14,0.0,1059
2019-05-15,2889,1540808,15818454,7.14,7.14,7.1,7.1,-0.04,576
2019-05-16,2889,1423255,14585062,7.1,7.14,7.07,7.1,0.0,586
2019-05-17,2889,1016041,10433859,7.14,7.14,7.1,7.1,0.0,329
2019-05-20,2889,2321102,23918277,7.1,7.17,7.1,7.14,0.04,688
2019-05-21,2889,1659508,17130384,7.14,7.17,7.1,7.17,0.03,602
2019-05-22,2889,1868452,19342151,7.17,7.21,7.14,7.17,0.0,567
2019-05-23,2889,1899476,19681448,7.17,7.21,7.14,7.17,0.0,741
2019-05-24,2889,2171800,22510959,7.17,7.21,7.17,7.17,0.0,895
2019-05-27,2889,2398615,24939826,7.17,7.24,7.17,7.21,0.04,924
2019-05-28,2889,8164824,84937892,7.21,7.24,7.17,7.21,0.0,744
2019-05-29,2889,1223043,12758575,7.24,7.24,7.21,7.24,0.03,537
2019-05-30,2889,896397,9356159,7.24,7.24,7.21,7.24,0.0,458
2019-05-31,2889,2691264,28241811,7.24,7.31,7.24,7.28,0.04,845
2019-06-03,2889,2212328,23207231,7.24,7.31,7.24,7.28,0.0,715
2019-06-04,2889,1624845,17085558,7.28,7.31,7.28,7.31,0.03,564
2019-06-05,2889,1241170,13060824,7.31,7.31,7.28,7.28,-0.03,404
2019-06-06,2889,3863699,40457128,7.31,7.31,7.21,7.28,0.0,601
2019-06-10,2889,3371835,35399348,7.31,7.31,7.24,7.31,0.03,592
2019-06-11,2889,1576924,16531529,7.28,7.31,7.24,7.28,-0.03,403
2019-06-12,2889,3585982,37275027,7.28,7.28,7.17,7.17,-0.11,786
2019-06-13,2889,1190302,12303249,7.17,7.21,7.14,7.14,-0.03,416
2019-06-14,2889,1221231,12635815,7.17,7.21,7.14,7.17,0.03,400
2019-06-17,2889,2548323,26449840,7.17,7.24,7.14,7.21,0.04,667
2019-06-18,2889,2333643,24403838,7.24,7.28,7.21,7.28,0.07,741
2019-06-19,2889,3905663,41106755,7.28,7.31,7.24,7.31,0.03,1341
2019-06-20,2889,2761052,29177530,7.31,7.35,7.28,7.35,0.04,867
2019-06-21,2889,4980792,53359585,7.35,7.48,7.35,7.48,0.13,1371
2019-06-24,2889,2561696,27483393,7.48,7.48,7.38,7.42,-0.06,653
2019-06-25,2889,2407478,25662109,7.42,7.45,7.38,7.38,-0.04,391
2019-06-26,2889,1071864,11426239,7.38,7.42,7.35,7.38,0.0,391
2019-06-27,2889,1680915,17957035,7.38,7.42,7.38,7.42,0.04,666
2019-06-28,2889,1380120,14720255,7.42,7.42,7.38,7.42,0.0,352
2019-07-01,2889,1322498,14112920,7.42,7.42,7.38,7.42,0.0,314
2019-07-02,2889,1604760,17046783,7.42,7.42,7.35,7.35,-0.07,535
2019-07-03,2889,1880712,19922382,7.38,7.38,7.31,7.38,0.03,579
2019-07-04,2889,1087630,11607734,7.38,7.42,7.35,7.38,0.0,318
2019-07-05,2889,1878521,20036652,7.38,7.42,7.38,7.38,0.0,373
2019-07-08,2889,2143758,22755867,7.38,7.42,7.35,7.38,0.0,406
2019-07-09,2889,2227685,23733474,7.38,7.42,7.35,7.38,0.0,512
2019-07-10,2889,2956577,31561553,7.38,7.45,7.35,7.38,0.0,838
2019-07-11,2889,1890896,20262206,7.38,7.45,7.38,7.45,0.07,514
2019-07-12,2889,2461561,26541652,7.48,7.48,7.45,7.48,0.03,638
2019-07-15,2889,4785782,52034074,7.48,7.59,7.48,7.59,0.11,1134
2019-07-16,2889,2947421,32135395,7.59,7.59,7.52,7.55,-0.04,740
2019-07-17,2889,3574151,38956022,7.55,7.62,7.52,7.59,0.04,1075
2019-07-18,2889,1220647,13329886,7.59,7.59,7.55,7.59,0.0,449
2019-07-19,2889,3221051,35179619,7.59,7.62,7.52,7.59,0.0,567
2019-07-22,2889,2588575,28328643,7.59,7.62,7.55,7.59,0.0,544
2019-07-23,2889,3376833,36947339,7.59,7.62,7.55,7.59,0.0,561
2019-07-24,2889,4469926,48934724,7.59,7.62,7.55,7.59,0.0,871
2019-07-25,2889,5177868,56989948,7.59,7.66,7.59,7.66,0.07,972
2019-07-26,2889,2167409,23877499,7.62,7.66,7.62,7.66,0.0,619
2019-07-29,2889,4430835,48988335,7.66,7.69,7.62,7.66,0.0,754
2019-07-30,2889,2943052,32586722,7.66,7.69,7.66,7.69,0.03,649
2019-07-31,2889,9289676,103510772,7.73,7.76,7.69,7.69,0.0,1959
2019-08-01,2889,6292878,69483258,7.73,7.73,7.59,7.62,-0.07,1246
2019-08-02,2889,6364833,69369396,7.59,7.59,7.52,7.55,-0.07,1203
2019-08-05,2889,9622014,104598946,7.55,7.59,7.48,7.55,0.0,1689
2019-08-06,2889,9344032,95081509,7.37,7.45,7.3,7.41,-0.14,1970
2019-08-07,2889,3225100,33104358,7.45,7.45,7.41,7.41,0.0,992
2019-08-08,2889,5476000,56638566,7.45,7.52,7.45,7.52,0.11,1031
2019-08-12,2889,3942169,40918784,7.52,7.52,7.45,7.52,0.0,913
2019-08-13,2889,6022654,62123319,7.52,7.52,7.41,7.41,-0.11,1198
2019-08-14,2889,2780121,28694776,7.45,7.48,7.45,7.48,0.07,619
2019-08-15,2889,2578985,26380979,7.45,7.45,7.37,7.41,-0.07,938
2019-08-16,2889,2503206,25758954,7.41,7.48,7.37,7.45,0.04,1065
2019-08-19,2889,2308734,23941308,7.48,7.52,7.45,7.52,0.07,988
2019-08-20,2889,1568222,16253421,7.52,7.52,7.48,7.48,-0.04,560
2019-08-21,2889,2185255,22629880,7.48,7.52,7.45,7.48,0.0,749
2019-08-22,2889,1253539,13001933,7.52,7.52,7.48,7.52,0.04,494
2019-08-23,2889,2109603,21849324,7.52,7.52,7.48,7.48,-0.04,500
2019-08-26,2889,2273389,23395360,7.41,7.48,7.41,7.48,0.0,451
2019-08-27,2889,3492926,36094017,7.48,7.52,7.45,7.45,-0.03,741
2019-08-28,2889,2858427,29540129,7.45,7.52,7.45,7.52,0.07,859
2019-08-29,2889,1283090,13297718,7.52,7.52,7.45,7.52,0.0,390
2019-08-30,2889,2159567,22465220,7.52,7.55,7.48,7.55,0.03,663
2019-09-02,2889,3223262,33797619,7.52,7.63,7.52,7.63,0.08,1007
2019-09-03,2889,2190055,23154907,7.63,7.66,7.63,7.66,0.03,673
2019-09-04,2889,2860458,30234297,7.63,7.7,7.59,7.7,0.04,928
2019-09-05,2889,3643271,38969057,7.73,7.77,7.7,7.73,0.03,969
2019-09-06,2889,3190263,34226264,7.73,7.77,7.73,7.73,0.0,890
2019-09-09,2889,6304837,68287698,7.77,7.88,7.77,7.84,0.11,1093
2019-09-10,2889,3555653,38484403,7.88,7.92,7.77,7.84,0.0,886
2019-09-11,2889,2731912,29461213,7.84,7.84,7.77,7.81,-0.03,914
2019-09-12,2889,3006875,32353635,7.81,7.84,7.73,7.77,-0.04,773
2019-09-16,2889,2557177,27603181,7.81,7.84,7.77,7.81,0.04,811
2019-09-17,2889,1066873,11483454,7.77,7.81,7.77,7.77,-0.04,332
2019-09-18,2889,2618566,28287074,7.81,7.84,7.77,7.81,0.04,1271
2019-09-19,2889,3312593,35929185,7.81,7.88,7.81,7.84,0.03,790
2019-09-20,2889,7702575,84371552,7.84,8.02,7.84,7.92,0.08,1390
2019-09-23,2889,2972511,32454195,7.92,7.95,7.84,7.92,0.0,918
2019-09-24,2889,2167626,23455342,7.96,7.96,7.85,7.92,0.0,665
2019-09-25,2889,1910728,20585788,7.89,7.92,7.85,7.85,-0.07,691
2019-09-26,2889,1671329,18016574,7.89,7.89,7.85,7.89,0.04,810
2019-09-27,2889,1781654,19105818,7.89,7.89,7.81,7.81,-0.08,527
2019-10-01,2889,1481469,15807025,7.78,7.81,7.78,7.81,0.0,553
2019-10-02,2889,1308510,13973681,7.81,7.81,7.78,7.81,0.0,449
2019-10-03,2889,1576420,16749606,7.78,7.81,7.74,7.78,-0.03,484
2019-10-04,2889,1332566,14161147,7.78,7.81,7.74,7.78,0.0,414
2019-10-07,2889,1530204,16247892,7.78,7.78,7.74,7.78,0.0,558
2019-10-08,2889,4721781,50256416,7.78,7.85,7.74,7.85,0.07,956
2019-10-09,2889,2599246,27883680,7.85,7.89,7.81,7.81,-0.04,855
2019-10-14,2889,3774583,40614062,7.85,7.89,7.81,7.89,0.08,1160
2019-10-15,2889,1901953,20380862,7.89,7.89,7.81,7.81,-0.08,808
2019-10-16,2889,3068245,32826130,7.81,7.85,7.78,7.81,0.0,1165
2019-10-17,2889,2228349,23804530,7.81,7.85,7.78,7.78,-0.03,916
2019-10-18,2889,6619099,71436685,7.81,7.92,7.78,7.92,0.14,1059
2019-10-21,2889,5716323,62376494,7.92,8.03,7.89,8.0,0.08,1165
2019-10-22,2889,2024955,22139365,8.0,8.03,7.96,8.0,0.0,673
2019-10-23,2889,1963451,21349926,8.03,8.03,7.89,7.96,-0.04,935
2019-10-24,2889,2332945,25460263,7.96,8.0,7.92,8.0,0.04,648
2019-10-25,2889,1116770,12162618,8.0,8.0,7.92,7.96,-0.04,369
2019-10-28,2889,1679966,18268528,7.92,7.96,7.92,7.92,-0.04,509
2019-10-29,2889,1943512,21175295,7.96,8.0,7.92,7.96,0.04,607
2019-10-30,2889,1396305,15200213,7.96,8.0,7.92,7.92,-0.04,547
2019-10-31,2889,2950367,32027101,7.92,7.96,7.89,7.96,0.04,869
2019-11-01,2889,1121194,12182645,7.92,7.96,7.92,7.92,-0.04,516
2019-11-04,2889,1824595,19855935,7.92,7.96,7.92,7.96,0.04,824
2019-11-05,2889,3594111,39172278,7.96,8.0,7.92,7.96,0.0,775
2019-11-06,2889,1796717,19615034,7.96,8.0,7.96,7.96,0.0,735
2019-11-07,2889,3624301,39690706,7.96,8.03,7.96,8.0,0.04,992
2019-11-08,2889,2367154,25937044,8.0,8.03,7.96,8.03,0.03,698
2019-11-11,2889,2842549,31044843,8.0,8.03,7.96,8.0,-0.03,931
2019-11-12,2889,1558981,17077641,7.96,8.03,7.96,8.03,0.03,620
2019-11-13,2889,1816788,19891433,8.0,8.03,7.96,8.0,-0.03,790
2019-11-14,2889,1170197,12775905,8.0,8.0,7.96,8.0,0.0,442
2019-11-15,2889,1834250,20031626,8.0,8.03,7.96,7.96,-0.04,801
2019-11-18,2889,1096355,11968524,7.96,8.0,7.96,8.0,0.04,580
2019-11-19,2889,2503119,27392305,8.0,8.03,7.96,8.03,0.03,577
2019-11-20,2889,1450369,15878683,8.0,8.03,7.96,8.0,-0.03,714
2019-11-21,2889,1678157,18309368,8.0,8.0,7.96,7.96,-0.04,624
2019-11-22,2889,1221988,13333511,7.96,8.0,7.96,8.0,0.04,425
2019-11-25,2889,1546086,16910888,8.0,8.0,7.96,8.0,0.0,513
2019-11-26,2889,8336928,91742108,8.0,8.07,7.96,8.07,0.07,1098
2019-11-27,2889,2389866,26339576,8.03,8.07,8.03,8.07,0.0,774
2019-11-28,2889,1987836,21837109,8.07,8.07,8.0,8.0,-0.07,689
2019-11-29,2889,1919000,21041364,8.0,8.03,8.0,8.0,0.0,675
2019-12-02,2889,1741413,19128543,8.03,8.03,8.0,8.03,0.03,379
2019-12-03,2889,1116569,12259009,8.03,8.03,8.0,8.0,-0.03,348
2019-12-04,2889,1468015,16102465,8.0,8.03,8.0,8.03,0.03,482
2019-12-05,2889,1907230,20936824,8.03,8.03,8.0,8.0,-0.03,643
2019-12-06,2889,899767,9864870,8.0,8.03,8.0,8.0,0.0,361
2019-12-09,2889,3142491,34365180,8.0,8.03,7.96,8.0,0.0,885
2019-12-10,2889,3257294,35586784,8.0,8.03,7.96,8.0,0.0,719
2019-12-11,2889,1305741,14266117,8.0,8.0,7.96,7.96,-0.04,488
2019-12-12,2889,3158679,34461468,7.96,8.0,7.92,8.0,0.04,964
2019-12-13,2889,2163673,23686419,8.0,8.03,7.96,8.03,0.03,684
2019-12-16,2889,1757094,19276991,8.03,8.03,8.0,8.0,-0.03,797
2019-12-17,2889,2144416,23549526,8.03,8.03,8.0,8.03,0.03,692
2019-12-18,2889,3141620,34512920,8.03,8.03,8.0,8.03,0.0,1029
2019-12-19,2889,1906299,20906040,8.03,8.03,8.0,8.0,-0.03,414
2019-12-20,2889,3028983,33193408,8.03,8.03,8.0,8.0,0.0,741
2019-12-23,2889,1352730,14835051,8.0,8.03,8.0,8.0,0.0,406
2019-12-24,2889,1616144,17706282,8.0,8.03,8.0,8.0,0.0,360
2019-12-25,2889,2404429,26374559,8.0,8.03,8.0,8.0,0.0,1123
2019-12-26,2889,7673797,84672217,8.03,8.11,8.0,8.03,0.03,1511
2019-12-27,2889,5008292,55488589,8.07,8.11,8.07,8.07,0.04,1150
2019-12-30,2889,5691607,63475342,8.11,8.21,8.07,8.14,0.07,1403
2019-12-31,2889,5888459,66217292,8.14,8.25,8.14,8.21,0.07,1352
2020-01-02,2889,11786735,133920513,8.25,8.36,8.21,8.29,0.08,1720
2020-01-03,2889,8280082,95037729,8.32,8.43,8.32,8.4,0.11,1968
2020-01-06,2889,5286120,60835094,8.4,8.43,8.36,8.43,0.03,1611
2020-01-07,2889,11760376,138064703,8.43,8.69,8.43,8.69,0.26,3320
2020-01-08,2889,8005347,93944150,8.69,8.69,8.47,8.54,-0.15,2491
2020-01-09,2889,4736692,55395192,8.54,8.62,8.51,8.54,0.0,1355
2020-01-10,2889,4055522,47530238,8.54,8.62,8.51,8.62,0.08,983
2020-01-13,2889,5445664,64569571,8.62,8.69,8.62,8.69,0.07,1269
2020-01-14,2889,4368400,52060008,8.69,8.76,8.65,8.69,0.0,1351
2020-01-15,2889,2323259,27603963,8.73,8.73,8.65,8.65,-0.04,1059
2020-01-16,2889,3349885,39540301,8.65,8.65,8.58,8.65,0.0,1076
2020-01-17,2889,2617599,31016572,8.69,8.69,8.62,8.69,0.04,628
2020-01-20,2889,4358255,52101010,8.69,8.76,8.69,8.76,0.07,1110
2020-01-30,2889,11370311,131904465,8.4,8.62,8.36,8.47,-0.29,3697
2020-01-31,2889,4842987,56790943,8.47,8.62,8.47,8.58,0.11,1511
2020-02-03,2889,6888407,79771167,8.47,8.54,8.36,8.51,-0.07,2284
2020-02-04,2889,2853102,33399660,8.54,8.58,8.51,8.58,0.07,1084
2020-02-05,2889,2831355,33189740,8.58,8.58,8.51,8.58,0.0,1061
2020-02-06,2889,4589969,54421269,8.58,8.69,8.58,8.69,0.11,1083
2020-02-07,2889,2255516,26643372,8.65,8.65,8.58,8.62,-0.07,1012
2020-02-10,2889,3660274,42709486,8.58,8.58,8.47,8.58,-0.04,1203
2020-02-11,2889,4693304,54751270,8.54,8.58,8.51,8.54,-0.04,1565
2020-02-12,2889,1676792,19595665,8.54,8.54,8.51,8.54,0.0,785
2020-02-13,2889,3767499,43920442,8.54,8.54,8.51,8.54,0.0,1252
2020-02-14,2889,1804114,21022091,8.51,8.54,8.47,8.51,-0.03,842
2020-02-17,2889,4370753,50542591,8.47,8.47,8.4,8.47,-0.04,1583
2020-02-18,2889,2135709,24674660,8.43,8.47,8.4,8.47,0.0,896
2020-02-19,2889,3026872,35192910,8.43,8.54,8.43,8.51,0.04,881
2020-02-20,2889,2662063,31012448,8.54,8.54,8.47,8.51,0.0,841
2020-02-21,2889,2611604,30310640,8.51,8.51,8.47,8.51,0.0,910
2020-02-24,2889,2865243,33147290,8.47,8.47,8.43,8.43,-0.08,1132
2020-02-25,2889,2961062,34080072,8.4,8.43,8.36,8.4,-0.03,1281
2020-02-26,2889,1887845,21757278,8.43,8.43,8.4,8.43,0.03,830
2020-02-27,2889,7710688,88073576,8.4,8.43,8.29,8.29,-0.14,2908
2020-03-02,2889,10617045,118355418,8.14,8.18,8.11,8.14,-0.15,3582
2020-03-03,2889,3343590,37585637,8.21,8.25,8.18,8.21,0.07,1110
2020-03-04,2889,3393903,37922283,8.18,8.21,8.11,8.21,0.0,1039
2020-03-05,2889,2932711,33267551,8.21,8.32,8.21,8.32,0.11,767
2020-03-06,2889,2539102,28590277,8.25,8.29,8.18,8.21,-0.11,884
2020-03-09,2889,8475353,93357083,8.14,8.14,7.96,8.0,-0.21,3219
2020-03-10,2889,7082746,76450056,7.85,8.0,7.81,8.0,0.0,2331
2020-03-11,2889,3426278,37638058,8.03,8.07,7.96,8.0,0.0,1219
2020-03-12,2889,10928780,115850304,7.89,7.92,7.67,7.74,-0.26,3094
2020-03-13,2889,13602880,135357905,7.38,7.48,7.08,7.45,-0.29,4201
2020-03-16,2889,7099748,70656732,7.3,7.34,7.2,7.27,-0.18,3150
2020-03-17,2889,8882641,84735927,6.87,7.11,6.87,7.05,-0.22,3203
2020-03-18,2889,7581168,72009703,7.02,7.02,6.86,7.02,-0.03,2842
2020-03-19,2889,14923131,136157015,6.75,7.67,6.33,7.67,0.65,4537
2020-03-20,2889,18420741,179047374,7.02,7.27,6.99,7.01,-0.66,5612
2020-03-23,2889,9213644,84627337,6.61,7.01,6.51,7.01,0.0,2193
2020-03-24,2889,15106223,150133055,7.16,7.34,7.16,7.26,0.25,4405
2020-03-25,2889,11720563,119358395,7.38,7.52,7.38,7.45,0.19,3222
2020-03-26,2889,4339241,43960862,7.45,7.48,7.3,7.41,-0.04,1398
2020-03-27,2889,7991868,81999618,7.48,7.56,7.45,7.48,0.07,2246
2020-03-30,2889,4529205,45966878,7.34,7.48,7.3,7.45,-0.03,1390
2020-03-31,2889,6793214,69642833,7.48,7.56,7.41,7.56,0.11,1594
2020-04-01,2889,2382225,24478643,7.52,7.52,7.45,7.52,-0.04,830
2020-04-06,2889,5342584,54424707,7.52,7.52,7.38,7.48,-0.04,1445
2020-04-07,2889,4642879,47903812,7.52,7.59,7.48,7.56,0.08,1260
2020-04-08,2889,4601192,47735794,7.52,7.63,7.52,7.59,0.03,1362
2020-04-09,2889,5262292,54982995,7.63,7.67,7.59,7.67,0.08,1423
2020-04-10,2889,5370693,56345851,7.63,7.7,7.59,7.7,0.03,1378
2020-04-13,2889,4632929,48605106,7.67,7.7,7.59,7.7,0.0,1266
2020-04-14,2889,6139392,64851820,7.67,7.74,7.63,7.74,0.04,1709
2020-04-15,2889,5851801,62591852,7.74,7.89,7.74,7.81,0.07,2451
2020-04-16,2889,4509777,47898131,7.78,7.81,7.7,7.74,-0.07,1467
2020-04-17,2889,6670020,71477405,7.81,7.89,7.78,7.78,0.04,1520
2020-04-20,2889,6124827,65781101,7.78,7.96,7.74,7.96,0.18,1440
2020-04-21,2889,6661979,70809210,7.85,7.89,7.67,7.67,-0.29,1999
2020-04-22,2889,2839185,29757961,7.63,7.74,7.56,7.67,0.0,1702
2020-04-23,2889,1502515,15902986,7.7,7.78,7.67,7.7,0.03,583
2020-04-24,2889,2995114,31545926,7.74,7.74,7.67,7.67,-0.03,1036
2020-04-27,2889,2922944,31209613,7.78,7.85,7.7,7.81,0.14,908
2020-04-28,2889,3037707,32632811,7.85,7.89,7.81,7.85,0.04,868
2020-04-29,2889,4721103,51034536,7.89,7.92,7.85,7.89,0.04,1362
2020-04-30,2889,6749205,73769146,7.92,8.03,7.92,8.0,0.11,1646
2020-05-04,2889,5913073,63766673,7.89,7.92,7.81,7.89,-0.11,1350
2020-05-05,2889,3994440,43391992,7.92,8.0,7.89,7.89,0.0,881
2020-05-06,2889,2900681,31365787,7.92,7.92,7.89,7.89,0.0,1103
2020-05-07,2889,2694063,29282600,7.89,7.96,7.89,7.96,0.07,716
2020-05-08,2889,4593185,50318885,7.96,8.03,7.96,8.0,0.04,1068
2020-05-11,2889,9147790,101858349,8.07,8.18,8.07,8.18,0.18,1941
2020-05-12,2889,5567653,62139584,8.18,8.21,8.11,8.18,0.0,1239
2020-05-13,2889,4035032,45230978,8.18,8.21,8.14,8.21,0.03,1147
2020-05-14,2889,3862220,43257957,8.18,8.21,8.14,8.18,-0.03,1125
2020-05-15,2889,4489176,50398799,8.21,8.25,8.18,8.21,0.03,1177
2020-05-18,2889,5265756,59727435,8.21,8.32,8.18,8.29,0.08,1370
2020-05-19,2889,4214035,48181316,8.36,8.4,8.32,8.32,0.03,1177
2020-05-20,2889,4697179,53787240,8.32,8.4,8.32,8.36,0.04,1162
2020-05-21,2889,5297579,61056830,8.36,8.47,8.36,8.47,0.11,1354
2020-05-22,2889,5581914,64735730,8.47,8.51,8.43,8.43,-0.04,1536
2020-05-25,2889,4896844,56232710,8.43,8.47,8.32,8.4,-0.03,1354
2020-05-26,2889,5121686,59329070,8.43,8.51,8.4,8.51,0.11,1464
2020-05-27,2889,4295511,50026753,8.51,8.58,8.47,8.51,0.0,1205
2020-05-28,2889,3908390,45412210,8.54,8.54,8.43,8.47,-0.04,1234
2020-05-29,2889,9977115,113595659,8.47,8.51,8.25,8.25,-0.22,2077
2020-06-01,2889,8413144,97232372,8.36,8.51,8.32,8.51,0.26,1754
2020-06-02,2889,3471786,40557961,8.51,8.54,8.51,8.54,0.03,1195
2020-06-03,2889,8458746,99491216,8.58,8.62,8.54,8.62,0.08,2238
2020-06-04,2889,5569459,65469479,8.62,8.65,8.54,8.58,-0.04,2275
2020-06-05,2889,5110287,59801648,8.54,8.58,8.51,8.58,0.0,1485
2020-06-08,2889,4847802,56982817,8.58,8.62,8.54,8.58,0.0,1369
2020-06-09,2889,4064938,47729286,8.58,8.62,8.54,8.58,0.0,1078
2020-06-10,2889,5992244,70663310,8.58,8.65,8.54,8.65,0.07,1284
2020-06-11,2889,6234934,73254772,8.65,8.65,8.54,8.54,-0.11,1772
2020-06-12,2889,8292315,95440527,8.4,8.51,8.29,8.47,-0.07,2202
2020-06-15,2889,4916155,57581377,8.51,8.62,8.47,8.58,0.11,1404
2020-06-16,2889,6595137,77954387,8.62,8.65,8.58,8.65,0.07,1833
2020-06-17,2889,2850158,33571983,8.62,8.62,8.58,8.58,-0.07,1054
2020-06-18,2889,3365092,39533316,8.62,8.62,8.54,8.58,0.0,1075
2020-06-19,2889,5177405,61168644,8.62,8.65,8.58,8.65,0.07,1903
2020-06-22,2889,4478351,52838954,8.62,8.65,8.58,8.65,0.0,2078
2020-06-23,2889,3297267,38879431,8.62,8.65,8.58,8.65,0.0,1857
2020-06-24,2889,3766095,44378248,8.62,8.65,8.58,8.62,-0.03,905
2020-06-29,2889,3517139,41200016,8.58,8.58,8.51,8.58,-0.04,961
2020-06-30,2889,4626349,54439168,8.58,8.62,8.58,8.58,0.0,1078
2020-07-01,2889,4817067,56926693,8.62,8.65,8.58,8.65,0.07,1250
2020-07-02,2889,10168403,121154663,8.65,8.76,8.65,8.73,0.08,1879
2020-07-03,2889,6462879,77394398,8.73,8.76,8.73,8.76,0.03,1490
2020-07-06,2889,11689689,141818683,8.76,8.95,8.76,8.95,0.19,2666
2020-07-07,2889,11086567,134834578,8.95,8.98,8.8,8.84,-0.11,2030
2020-07-08,2889,8449646,102425677,8.84,8.91,8.8,8.84,0.0,1727
2020-07-09,2889,9302452,112676316,8.84,8.87,8.84,8.84,0.0,1339
2020-07-10,2889,13441056,162629582,8.84,8.87,8.8,8.84,0.0,1900
2020-07-13,2889,20448168,248803885,8.84,8.91,8.84,8.91,0.07,3301
2020-07-14,2889,18167415,210016160,8.87,8.87,8.79,8.83,-0.08,3821
2020-07-15,2889,10586372,122907319,8.87,9.06,8.87,9.06,0.23,2491
2020-07-16,2889,6159795,72625499,9.1,9.18,9.02,9.06,0.0,1690
2020-07-17,2889,4218957,49175662,9.06,9.06,8.95,8.99,-0.07,1250
2020-07-20,2889,2698667,31215010,8.99,8.99,8.87,8.91,-0.08,920
2020-07-21,2889,6590751,76814196,8.95,9.06,8.91,9.02,0.11,1333
2020-07-22,2889,2627055,30736510,9.02,9.1,8.99,9.02,0.0,702
2020-07-23,2889,2090681,24285426,9.02,9.02,8.95,8.95,-0.07,762
2020-07-24,2889,5139589,59131313,8.95,8.99,8.83,8.83,-0.12,1764
2020-07-27,2889,6031922,68524634,8.83,8.87,8.68,8.75,-0.08,1797
2020-07-28,2889,6939792,77897735,8.72,8.75,8.6,8.68,-0.07,1896
2020-07-29,2889,4086058,46540334,8.68,8.87,8.68,8.83,0.15,1311
2020-07-30,2889,2276729,25969262,8.87,8.87,8.75,8.79,-0.04,754
2020-07-31,2889,1979518,22524533,8.79,8.83,8.75,8.75,-0.04,636
2020-08-03,2889,2152267,24483230,8.75,8.79,8.75,8.79,0.04,752
2020-08-04,2889,2758099,31740210,8.79,8.91,8.79,8.91,0.12,701
2020-08-05,2889,4414279,51476686,8.95,9.02,8.91,9.02,0.11,1228
2020-08-06,2889,4327547,50676932,9.02,9.1,8.99,9.06,0.04,1118
2020-08-07,2889,3286840,38491528,9.06,9.06,8.99,9.06,0.0,995
2020-08-10,2889,6904765,81537104,9.06,9.14,9.06,9.1,0.04,1969
2020-08-11,2889,7680480,91236602,9.18,9.22,9.1,9.18,0.08,1745
2020-08-12,2889,6451350,75741511,9.14,9.3,9.14,9.26,0.08,1591
2020-08-13,2889,4222768,49741485,9.26,9.34,9.14,9.22,-0.04,1124
2020-08-14,2889,1958352,22994329,9.22,9.26,9.18,9.22,0.0,629
2020-08-17,2889,2823348,33086299,9.22,9.26,9.14,9.18,-0.04,708
2020-08-18,2889,2266119,26493704,9.18,9.22,9.14,9.22,0.04,629
2020-08-19,2889,2494524,29215685,9.22,9.22,9.14,9.18,-0.04,1282
2020-08-20,2889,8122794,93716146,9.18,9.22,8.94,9.02,-0.16,2405
2020-08-21,2889,3414168,39386027,9.02,9.1,9.02,9.06,0.04,1391
2020-08-24,2889,1851918,21319770,9.06,9.1,8.98,9.06,0.0,605
2020-08-25,2889,2054833,23700629,9.1,9.1,9.02,9.06,0.0,641
2020-08-26,2889,1425209,16475087,9.06,9.1,9.02,9.06,0.0,521
2020-08-27,2889,1566937,18099351,9.1,9.1,9.02,9.1,0.04,564
2020-08-28,2889,1801215,20829569,9.1,9.1,9.02,9.1,0.0,601
2020-08-31,2889,2932796,33983812,9.1,9.14,9.06,9.06,-0.04,580
2020-09-01,2889,2662648,30856740,9.06,9.14,9.06,9.1,0.04,538
2020-09-02,2889,2792041,32225404,9.1,9.14,9.02,9.06,-0.04,811
2020-09-03,2889,2732034,31533862,9.06,9.1,9.02,9.06,0.0,741
2020-09-04,2889,2864475,32815147,8.98,9.02,8.94,9.02,-0.04,1074
2020-09-07,2889,2755180,31685947,9.02,9.06,8.98,9.06,0.04,741
2020-09-08,2889,4359426,50826521,9.1,9.18,9.1,9.14,0.08,1110
2020-09-09,2889,4577005,53570179,9.14,9.26,9.06,9.26,0.12,1349
2020-09-10,2889,6150471,72776160,9.26,9.34,9.18,9.34,0.08,1282
2020-09-11,2889,2922767,34553289,9.34,9.34,9.22,9.3,-0.04,868
2020-09-14,2889,1875523,22155761,9.3,9.3,9.26,9.3,0.0,642
2020-09-15,2889,2589677,30716761,9.26,9.34,9.26,9.34,0.04,752
2020-09-16,2889,3449734,40929048,9.34,9.34,9.26,9.3,-0.04,954
2020-09-17,2889,5736988,68365244,9.34,9.41,9.3,9.37,0.07,1691
2020-09-18,2889,3327456,39683617,9.37,9.37,9.34,9.37,0.0,1319
2020-09-21,2889,3651129,43387553,9.34,9.37,9.26,9.34,-0.03,1188
2020-09-22,2889,4736791,55670044,9.3,9.3,9.18,9.26,-0.08,1200
2020-09-23,2889,7428971,86364942,9.22,9.26,9.06,9.14,-0.12,2290
2020-09-24,2889,9490703,108204453,9.02,9.06,8.86,8.94,-0.2,3070
2020-09-25,2889,4960221,56803212,8.94,9.1,8.94,8.94,0.0,1430
2020-09-28,2889,4394660,50510660,8.98,9.06,8.98,9.06,0.12,993
2020-09-29,2889,5269675,61530807,9.1,9.22,9.06,9.22,0.16,1083
2020-09-30,2889,4076160,47836531,9.22,9.22,9.18,9.22,0.0,812
2020-10-05,2889,2500120,29221556,9.22,9.22,9.14,9.22,0.0,938
2020-10-06,2889,2882392,33821210,9.26,9.26,9.14,9.22,0.0,1188
2020-10-07,2889,2166160,25297819,9.22,9.22,9.1,9.22,0.0,774
2020-10-08,2889,1406145,16473570,9.26,9.26,9.14,9.22,0.0,610
2020-10-12,2889,2229715,26023624,9.22,9.22,9.14,9.18,-0.04,1045
2020-10-13,2889,1799950,20933915,9.18,9.18,9.06,9.18,0.0,790
2020-10-14,2889,3264714,38352438,9.18,9.26,9.18,9.22,0.04,1231
2020-10-15,2889,1363906,15968409,9.18,9.22,9.14,9.22,0.0,665
2020-10-16,2889,1957529,22976768,9.22,9.26,9.18,9.22,0.0,629
2020-10-19,2889,1579989,18518463,9.22,9.22,9.18,9.22,0.0,674
2020-10-20,2889,1911042,22333604,9.18,9.22,9.14,9.18,-0.04,823
2020-10-21,2889,2951145,34534214,9.18,9.22,9.14,9.22,0.04,1224
2020-10-22,2889,8306925,98568100,9.22,9.37,9.14,9.37,0.15,1804
2020-10-23,2889,4681488,55889817,9.37,9.41,9.3,9.41,0.04,1404
2020-10-26,2889,4858625,58289858,9.41,9.45,9.37,9.41,0.0,1451
2020-10-27,2889,3067913,36458886,9.34,9.37,9.3,9.3,-0.11,900
2020-10-28,2889,2365252,28013265,9.3,9.34,9.26,9.3,0.0,1357
2020-10-29,2889,1840706,21702251,9.22,9.3,9.18,9.3,0.0,797
2020-10-30,2889,1650522,19444534,9.3,9.3,9.22,9.22,-0.08,764
2020-11-02,2889,1745653,20496540,9.22,9.26,9.18,9.26,0.04,681
2020-11-03,2889,2377667,28007134,9.22,9.3,9.22,9.22,-0.04,812
2020-11-04,2889,1862756,21913160,9.26,9.26,9.18,9.26,0.04,640
2020-11-05,2889,1612346,19011491,9.22,9.3,9.22,9.22,-0.04,566
2020-11-06,2889,4269347,50657180,9.3,9.34,9.26,9.3,0.08,1055
2020-11-09,2889,7108836,85134046,9.34,9.45,9.34,9.37,0.07,1529
2020-11-10,2889,6369055,76519999,9.41,9.49,9.37,9.37,0.0,1579
2020-11-11,2889,7347422,88400183,9.41,9.49,9.37,9.45,0.08,1926
2020-11-12,2889,4125183,49470061,9.45,9.45,9.37,9.41,-0.04,955
2020-11-13,2889,1954007,23379271,9.37,9.41,9.34,9.37,-0.04,697
2020-11-16,2889,4489340,54122783,9.41,9.49,9.41,9.45,0.08,1379
2020-11-17,2889,3269604,39435772,9.45,9.49,9.41,9.45,0.0,1110
2020-11-18,2889,2316590,27950955,9.45,9.49,9.45,9.49,0.04,1077
2020-11-19,2889,6174766,73918658,9.41,9.45,9.34,9.41,-0.08,1677
2020-11-20,2889,2303244,27509458,9.37,9.41,9.34,9.41,0.0,788
2020-11-23,2889,5878591,70264208,9.41,9.45,9.34,9.41,0.0,1525
2020-11-24,2889,2070514,24814365,9.41,9.45,9.37,9.41,0.0,706
2020-11-25,2889,3359000,40339434,9.41,9.45,9.37,9.45,0.04,1080
2020-11-26,2889,2268797,27365009,9.45,9.49,9.41,9.49,0.04,910
2020-11-27,2889,2578758,31113995,9.49,9.49,9.45,9.49,0.0,834
2020-11-30,2889,5052410,60773230,9.49,9.49,9.41,9.41,-0.08,1370
2020-12-01,2889,2310030,27748964,9.41,9.45,9.37,9.45,0.04,957
2020-12-02,2889,2569447,30922820,9.41,9.45,9.41,9.45,0.0,669
2020-12-03,2889,4482838,53951577,9.45,9.49,9.41,9.41,-0.04,1398
2020-12-04,2889,2701859,32565408,9.49,9.49,9.41,9.49,0.08,992
2020-12-07,2889,2593307,31290703,9.49,9.49,9.45,9.49,0.0,1121
2020-12-08,2889,6358369,76343334,9.49,9.49,9.37,9.45,-0.04,1797
2020-12-09,2889,4330404,52221168,9.45,9.49,9.41,9.49,0.04,1344
2020-12-10,2889,5223500,63008910,9.45,9.49,9.41,9.49,0.0,1495
2020-12-11,2889,8084531,98815315,9.49,9.65,9.49,9.61,0.12,2300
2020-12-14,2889,18660659,237246808,9.61,10.16,9.61,10.08,0.47,5343
2020-12-15,2889,8495426,107390154,10.04,10.04,9.85,9.96,-0.12,2558
2020-12-16,2889,3845477,48684329,9.92,9.96,9.88,9.96,0.0,1902
2020-12-17,2889,2947849,37253062,9.96,10.0,9.88,9.92,-0.04,1085
2020-12-18,2889,3926287,49667969,9.96,9.96,9.88,9.96,0.04,920
2020-12-21,2889,4507829,57200435,10.04,10.04,9.88,10.0,0.04,1367
2020-12-22,2889,6343343,80697985,10.0,10.08,9.88,9.88,-0.12,1608
2020-12-23,2889,3698094,46494862,9.88,9.92,9.85,9.88,0.0,1122
2020-12-24,2889,2817512,35566021,9.88,9.92,9.88,9.92,0.04,734
2020-12-25,2889,2034467,25767073,9.92,9.96,9.92,9.96,0.04,756
2020-12-28,2889,3329385,42181875,9.96,10.0,9.92,9.92,-0.04,1430
2020-12-29,2889,2305600,29216203,9.92,10.0,9.92,9.96,0.04,1009
2020-12-30,2889,12645606,163596629,9.96,10.28,9.92,10.2,0.24,4024
2020-12-31,2889,7817337,100763312,10.2,10.24,10.08,10.08,-0.12,1871
2021-01-04,2889,7473169,96754989,10.12,10.28,10.0,10.24,0.16,1977
2021-01-05,2889,3093915,40099220,10.2,10.24,10.12,10.2,-0.04,1297
2021-01-06,2889,10701485,137478363,10.16,10.2,10.0,10.0,-0.2,2948
2021-01-07,2889,5008286,64295468,10.04,10.12,10.04,10.04,0.04,1351
2021-01-08,2889,14176847,185143689,10.2,10.32,10.16,10.32,0.28,3375
2021-01-11,2889,11039496,147679100,10.36,10.59,10.36,10.47,0.15,3125
2021-01-12,2889,7314472,96462354,10.47,10.51,10.28,10.28,-0.19,2422
2021-01-13,2889,9355137,124395558,10.43,10.51,10.36,10.43,0.15,2830
2021-01-14,2889,3616202,48169668,10.43,10.51,10.43,10.47,0.04,1369
2021-01-15,2889,6177844,81792676,10.47,10.51,10.32,10.39,-0.08,2127
2021-01-18,2889,9310585,121339331,10.32,10.32,10.16,10.24,-0.15,2580
2021-01-19,2889,3084926,40292542,10.24,10.32,10.24,10.24,0.0,1294
2021-01-20,2889,12159589,156564616,10.24,10.24,10.0,10.04,-0.2,4835
2021-01-21,2889,3837376,49398506,10.04,10.16,10.04,10.08,0.04,1472
2021-01-22,2889,4503645,57605593,10.08,10.08,10.0,10.04,-0.04,1621
2021-01-25,2889,4708162,59896032,10.0,10.04,9.92,10.04,0.0,1664
2021-01-26,2889,2790311,35511192,10.04,10.04,9.96,9.96,-0.08,1277
2021-01-27,2889,4667478,59292593,10.0,10.04,9.92,9.96,0.0,1054
2021-01-28,2889,7049024,88671903,9.88,9.92,9.81,9.92,-0.04,2352
2021-01-29,2889,4629278,58498210,9.92,10.0,9.85,9.88,-0.04,1433
2021-02-01,2889,4324513,54600935,9.85,9.96,9.85,9.96,0.08,1169
2021-02-02,2889,3913928,49792129,9.96,10.04,9.88,10.0,0.04,1095
2021-02-03,2889,2732450,34826149,10.0,10.04,9.96,10.0,0.0,649
2021-02-04,2889,3215415,41136275,10.0,10.08,9.96,10.08,0.08,886
2021-02-05,2889,3594003,46219053,10.08,10.16,10.04,10.08,0.0,1124
2021-02-17,2889,18291521,243676695,10.36,10.59,10.32,10.47,0.39,4323
2021-02-18,2889,4679651,62519138,10.55,10.55,10.43,10.51,0.04,1610
2021-02-19,2889,3640173,48355651,10.51,10.51,10.39,10.39,-0.12,1373
2021-02-22,2889,3833487,51257935,10.43,10.51,10.43,10.51,0.12,1650
2021-02-23,2889,6994777,94233897,10.55,10.63,10.51,10.63,0.12,2139
2021-02-24,2889,10604527,145581755,10.63,10.87,10.63,10.75,0.12,2796
2021-02-25,2889,9431717,130761518,10.83,10.94,10.79,10.94,0.19,2771
2021-02-26,2889,8434615,116319896,10.79,10.9,10.75,10.9,-0.04,2650
2021-03-02,2889,7284362,101085770,10.94,10.98,10.83,10.83,-0.07,2331
2021-03-03,2889,7112109,98366917,10.87,10.9,10.75,10.9,0.07,2061
2021-03-04,2889,4337047,59898247,10.87,10.9,10.79,10.87,-0.03,1390
2021-03-05,2889,3813136,52618751,10.79,10.9,10.75,10.9,0.03,1468
2021-03-08,2889,5077940,70488990,10.94,10.94,10.83,10.9,0.0,1705
2021-03-09,2889,28574123,413990018,11.06,11.61,11.06,11.49,0.59,8200
2021-03-10,2889,23296581,350165815,11.53,11.92,11.53,11.89,0.4,6488
2021-03-11,2889,26810399,408396745,12.16,12.28,11.65,11.73,-0.16,8891
2021-03-12,2889,15292961,224899649,11.73,11.73,11.38,11.65,-0.08,4669
2021-03-15,2889,8254533,124149724,11.77,11.89,11.73,11.85,0.2,2736
2021-03-16,2889,7446607,113083505,11.89,11.96,11.85,11.96,0.11,2451
2021-03-17,2889,7618709,114831290,11.92,11.96,11.77,11.81,-0.15,3216
2021-03-18,2889,4534268,68369674,11.85,11.89,11.81,11.81,0.0,1699
2021-03-19,2889,9285844,138798113,11.85,11.85,11.69,11.73,-0.08,3249
2021-03-22,2889,4688660,70503780,11.73,11.85,11.69,11.85,0.12,1950
2021-03-23,2889,3802159,57397181,11.85,11.89,11.81,11.89,0.04,1531
2021-03-24,2889,24425305,387322694,12.55,12.67,12.32,12.47,0.58,8465
2021-03-25,2889,22176787,360055591,12.55,12.87,12.51,12.87,0.4,7138
2021-03-26,2889,13717687,224133923,12.91,12.94,12.67,12.87,0.0,4973
2021-03-29,2889,11244126,184533370,12.94,12.94,12.79,12.87,0.0,3870
2021-03-30,2889,8746475,143345917,12.87,12.94,12.79,12.91,0.04,2926
2021-03-31,2889,14722909,245681308,12.91,13.26,12.87,13.26,0.35,3859
2021-04-01,2889,11300616,190172372,13.26,13.3,13.1,13.3,0.04,3950
2021-04-06,2889,11569772,197766704,13.3,13.49,13.3,13.41,0.11,4176
2021-04-07,2889,6544685,111559306,13.41,13.41,13.34,13.41,0.0,2855
2021-04-08,2889,9319005,158312489,13.41,13.41,13.26,13.38,-0.03,3537
2021-04-09,2889,8106192,137572821,13.41,13.41,13.26,13.34,-0.04,3341
2021-04-12,2889,23370219,390996729,13.26,13.26,12.94,13.14,-0.2,8300
2021-04-13,2889,19127761,317864636,13.14,13.14,12.94,12.98,-0.16,6962
2021-04-14,2889,15886011,262452081,12.98,13.1,12.79,13.02,0.04,5208
2021-04-15,2889,9268838,155311977,13.1,13.26,13.02,13.14,0.12,2938
2021-04-16,2889,9109152,153746358,13.14,13.34,13.1,13.34,0.2,2814
2021-04-19,2889,15093738,260709653,13.38,13.69,13.38,13.65,0.31,4575
2021-04-20,2889,7676926,132799648,13.65,13.69,13.45,13.57,-0.08,3091
2021-04-21,2889,7620704,131530154,13.57,13.61,13.45,13.61,0.04,2824
2021-04-22,2889,13652691,236376443,13.65,13.73,13.38,13.49,-0.12,3809
2021-04-23,2889,9492425,162046917,13.49,13.49,13.34,13.45,-0.04,3136
2021-04-26,2889,10482189,181812282,13.45,13.69,13.45,13.69,0.24,3078
2021-04-27,2889,4732088,82212715,13.69,13.69,13.57,13.65,-0.04,2107
2021-04-28,2889,13052247,230956731,13.65,13.96,13.65,13.92,0.27,3951
2021-04-29,2889,7840145,138408272,13.96,14.0,13.73,13.89,-0.03,2475
2021-05-03,2889,13135711,232078911,13.92,14.08,13.65,13.65,-0.24,4549
2021-05-04,2889,21798596,372860598,13.73,13.89,13.14,13.49,-0.16,7108
2021-05-05,2889,7099923,123142107,13.49,13.73,13.34,13.61,0.12,2753
2021-05-06,2889,8516591,149696786,13.73,13.92,13.61,13.77,0.16,2971
2021-05-07,2889,19525097,349028020,13.85,14.12,13.81,14.12,0.35,5300
2021-05-10,2889,14090278,254104713,14.04,14.28,13.96,14.24,0.12,4249
2021-05-11,2889,15962228,284530770,14.12,14.2,13.65,13.89,-0.35,5691
2021-05-12,2889,42329616,707482319,13.73,13.73,12.51,12.98,-0.91,14315
2021-05-13,2889,19242124,316394581,12.55,13.26,12.4,13.02,0.04,6461
2021-05-14,2889,10940662,182973196,13.3,13.34,12.94,13.18,0.16,3837
2021-05-17,2889,23132386,368844110,12.4,12.91,12.16,12.32,-0.86,8877
2021-05-18,2889,11654510,192030400,12.47,13.14,12.47,13.1,0.78,3842
2021-05-19,2889,7469803,124161506,13.1,13.22,12.87,13.06,-0.04,2772
2021-05-20,2889,6135139,101763351,12.94,13.1,12.91,13.1,0.04,2175
2021-05-21,2889,6278282,105608410,13.22,13.34,13.1,13.22,0.12,2313
2021-05-24,2889,5175657,85925320,13.1,13.22,12.98,13.14,-0.08,1666
2021-05-25,2889,4489824,75394856,13.14,13.3,13.14,13.18,0.04,1698
2021-05-26,2889,3708353,62334664,13.22,13.26,13.1,13.26,0.08,1483
2021-05-27,2889,6689820,112490622,13.22,13.26,13.06,13.26,0.0,1972
2021-05-28,2889,5621267,95906969,13.26,13.45,13.26,13.41,0.15,2510
2021-05-31,2889,3483806,59539166,13.45,13.49,13.34,13.41,0.0,1593
2021-06-01,2889,2474069,42287424,13.41,13.45,13.38,13.45,0.04,1167
2021-06-02,2889,4230767,72480907,13.45,13.49,13.38,13.49,0.04,2028
2021-06-03,2889,2322703,39835671,13.49,13.53,13.41,13.45,-0.04,1177
2021-06-04,2889,2645210,45170553,13.41,13.45,13.34,13.41,-0.04,1138
2021-06-07,2889,5131997,86824596,13.41,13.41,13.18,13.26,-0.15,2024
2021-06-08,2889,12855369,212871039,12.98,13.1,12.79,13.06,-0.2,5006
2021-06-09,2889,11369093,186682765,13.02,13.02,12.79,12.79,-0.27,5669
2021-06-10,2889,8060826,130857293,12.79,12.87,12.67,12.79,0.0,3200
2021-06-11,2889,2449306,40074012,12.83,12.87,12.79,12.87,0.08,1484
2021-06-15,2889,5926483,97391169,12.87,13.02,12.79,12.98,0.11,2505
2021-06-16,2889,5194049,85509216,12.98,12.98,12.83,12.91,-0.07,3091
2021-06-17,2889,3824017,62526352,12.87,12.91,12.79,12.87,-0.04,2014
2021-06-18,2889,7945441,129452072,12.83,12.83,12.75,12.79,-0.08,2352
2021-06-21,2889,5195722,84033260,12.79,12.79,12.63,12.67,-0.12,2417
2021-06-22,2889,3393932,54943546,12.71,12.75,12.67,12.71,0.04,1593
2021-06-23,2889,3736909,60907724,12.71,12.87,12.67,12.79,0.08,1880
2021-06-24,2889,2603254,42369439,12.79,12.83,12.75,12.79,0.0,1256
2021-06-25,2889,5516622,90486816,12.83,12.94,12.79,12.83,0.04,1891
2021-06-28,2889,3138694,51646685,12.94,12.98,12.83,12.94,0.11,1359
2021-06-29,2889,3585132,58857917,12.94,12.98,12.83,12.91,-0.03,1426
2021-06-30,2889,3216663,53012129,12.91,12.98,12.91,12.94,0.03,1258
2021-07-01,2889,3107619,50965134,12.94,12.94,12.83,12.83,-0.11,1582
2021-07-02,2889,2713301,44415360,12.83,12.87,12.83,12.87,0.04,1442
2021-07-05,2889,3450144,56806114,12.87,12.94,12.87,12.94,0.07,1296
2021-07-06,2889,2337210,38613149,12.98,12.98,12.91,12.98,0.04,1121
2021-07-07,2889,2819623,46463194,12.98,12.98,12.91,12.94,-0.04,1222
2021-07-08,2889,7212310,121146847,13.02,13.3,13.02,13.18,0.24,2294
2021-07-09,2889,3021324,50551834,13.18,13.18,13.06,13.14,-0.04,1327
2021-07-12,2889,7393442,125774487,13.26,13.41,13.26,13.34,0.2,2447
2021-07-13,2889,5236959,89478638,13.45,13.49,13.34,13.38,0.04,2131
2021-07-14,2889,4725196,80835615,13.41,13.45,13.38,13.41,0.03,1775
2021-07-15,2889,7412273,127794740,13.45,13.61,13.41,13.57,0.16,2201
2021-07-16,2889,8265257,144397345,13.61,13.77,13.53,13.77,0.2,2988
2021-07-19,2889,7249844,127567861,13.81,13.89,13.73,13.85,0.08,2577
2021-07-20,2889,5918386,103408590,13.77,13.77,13.65,13.73,-0.12,2294
2021-07-21,2889,6477631,113527789,13.77,13.85,13.65,13.73,0.0,2935
2021-07-22,2889,5862765,102828513,13.73,13.81,13.73,13.77,0.04,1892
2021-07-23,2889,9060218,158612692,13.77,13.81,13.69,13.73,-0.04,3668
2021-07-26,2889,15659477,273621007,13.73,13.77,13.65,13.69,-0.04,5445
2021-07-27,2889,15194884,250387804,13.61,13.65,13.28,13.36,-0.33,6357
2021-07-28,2889,6884949,112033111,13.32,13.36,13.12,13.28,-0.08,3246
2021-07-29,2889,3574885,58346585,13.32,13.4,13.24,13.32,0.04,1573
2021-07-30,2889,2338376,38324723,13.36,13.4,13.32,13.4,0.08,1053
2021-08-02,2889,3142342,51329787,13.4,13.4,13.24,13.32,-0.08,1495
2021-08-03,2889,2062382,33626154,13.32,13.32,13.24,13.32,0.0,1252
2021-08-04,2889,2016758,33020916,13.32,13.36,13.32,13.36,0.04,1021
2021-08-05,2889,2322457,38062301,13.36,13.4,13.32,13.36,0.0,1084
2021-08-06,2889,2450781,40083695,13.36,13.36,13.28,13.36,0.0,864
2021-08-09,2889,2855968,47003854,13.36,13.49,13.32,13.4,0.04,1130
2021-08-10,2889,2959536,48487899,13.4,13.45,13.32,13.32,-0.08,1229
2021-08-11,2889,3507785,57408986,13.32,13.4,13.28,13.4,0.08,1203
2021-08-12,2889,1751156,28685919,13.4,13.4,13.32,13.36,-0.04,981
2021-08-13,2889,3069188,49985419,13.36,13.36,13.24,13.24,-0.12,1641
2021-08-16,2889,6418538,102908179,13.2,13.2,12.96,13.04,-0.2,3005
2021-08-17,2889,3484087,55451448,13.04,13.12,12.92,12.92,-0.12,2301
2021-08-18,2889,4249473,67036345,12.87,13.04,12.75,13.04,0.12,2315
2021-08-19,2889,2929869,46523443,13.08,13.12,12.87,12.92,-0.12,1651
2021-08-20,2889,2189164,34506306,12.92,12.96,12.79,12.83,-0.09,1286
2021-08-23,2889,1671933,26478419,12.87,12.96,12.83,12.92,0.09,995
2021-08-24,2889,1764566,28119703,12.96,13.04,12.96,13.04,0.12,800
2021-08-25,2889,1364530,21799372,13.08,13.08,12.96,13.04,0.0,743
2021-08-26,2889,2050325,32699480,13.04,13.04,12.96,12.96,-0.08,873
2021-08-27,2889,2730379,43729745,13.04,13.12,12.96,13.08,0.12,974
2021-08-30,2889,2344159,37815350,13.16,13.2,13.08,13.2,0.12,1077
2021-08-31,2889,3105602,50014601,13.24,13.24,13.08,13.08,-0.12,1347
2021-09-01,2889,4065717,66174472,13.12,13.32,13.12,13.28,0.2,1371
2021-09-02,2889,3705137,59748452,13.24,13.28,13.08,13.08,-0.2,1840
2021-09-03,2889,3121121,50163805,13.12,13.16,13.08,13.12,0.04,1660
2021-09-06,2889,3116416,49945721,13.16,13.16,13.04,13.04,-0.08,1661
2021-09-07,2889,2193045,35036934,13.04,13.08,13.0,13.04,0.0,1099
2021-09-08,2889,7135241,112957895,13.0,13.0,12.83,12.87,-0.17,4368
2021-09-09,2889,2125486,33523280,12.83,12.92,12.79,12.87,0.0,1209
2021-09-10,2889,3038887,47969097,12.83,12.92,12.83,12.87,0.0,1795
2021-09-13,2889,4403694,69503205,12.87,12.92,12.83,12.92,0.05,2155
2021-09-14,2889,2903335,46057780,12.92,13.0,12.87,12.92,0.0,1387
2021-09-15,2889,3923666,62210897,12.92,12.96,12.87,12.96,0.04,1826
2021-09-16,2889,3068440,48587520,12.96,12.96,12.87,12.87,-0.09,1646
2021-09-17,2889,3173377,50094365,12.87,12.92,12.83,12.87,0.0,1340
2021-09-22,2889,6311433,98982744,12.79,12.83,12.71,12.79,-0.08,2950
2021-09-23,2889,2103789,33185053,12.87,12.87,12.79,12.83,0.04,1228
2021-09-24,2889,2137219,33920193,12.92,12.96,12.87,12.92,0.09,1029
2021-09-27,2889,4367312,69827344,12.96,13.16,12.92,13.04,0.12,1759
2021-09-28,2889,4536328,72562782,13.08,13.12,12.96,13.04,0.0,1425
2021-09-29,2889,4901762,78076864,12.96,13.04,12.96,13.0,-0.04,2661
2021-09-30,2889,6083555,97821468,13.0,13.16,13.0,13.16,0.16,1440
2021-10-01,2889,6459844,102810134,13.08,13.12,12.83,13.0,-0.16,2868
2021-10-04,2889,2975998,47432356,13.0,13.04,12.92,13.04,0.04,1644
2021-10-05,2889,5908716,93805105,12.96,13.0,12.87,12.96,-0.08,2307
2021-10-06,2889,5763488,89328808,13.07,13.12,13.03,13.03,0.07,3335
2021-10-07,2889,3821876,59517547,13.12,13.2,13.07,13.12,0.09,1746
2021-10-08,2889,3760607,58600735,13.2,13.2,13.12,13.12,0.0,1649
2021-10-12,2889,2453779,38192408,13.12,13.16,13.07,13.12,0.0,1310
2021-10-13,2889,3203470,49870542,13.16,13.2,13.07,13.12,0.0,1780
2021-10-15,2889,10825384,173275173,13.33,13.62,13.29,13.45,0.33,4200
2021-10-18,2889,6601870,106376863,13.54,13.66,13.5,13.54,0.09,2190
2021-10-19,2889,3295619,52917704,13.54,13.62,13.5,13.5,-0.04,1662
2021-10-20,2889,4637838,73827534,13.54,13.54,13.37,13.45,-0.05,2074
2021-10-21,2889,7874535,124772475,13.45,13.5,13.33,13.33,-0.12,1908
2021-10-22,2889,1955433,31036335,13.41,13.45,13.33,13.41,0.08,1101
2021-10-25,2889,1700122,27010823,13.41,13.45,13.37,13.45,0.04,1025
2021-10-26,2889,2582832,41150897,13.45,13.45,13.41,13.45,0.0,1276
2021-10-27,2889,2177137,34560552,13.45,13.45,13.37,13.41,-0.04,1238
2021-10-28,2889,1091339,17355114,13.41,13.45,13.37,13.45,0.04,623
2021-10-29,2889,1891497,30022072,13.41,13.45,13.33,13.41,-0.04,4237
2021-11-01,2889,1876746,29728398,13.41,13.41,13.33,13.37,-0.04,1281
2021-11-02,2889,2438368,38570219,13.41,13.41,13.29,13.37,0.0,1307
2021-11-03,2889,1937056,30642929,13.37,13.37,13.29,13.37,0.0,953
2021-11-04,2889,2513749,39772668,13.37,13.37,13.29,13.37,0.0,1112
2021-11-05,2889,2987628,47136243,13.33,13.33,13.29,13.33,-0.04,3528
2021-11-08,2889,5004724,78744509,13.33,13.33,13.24,13.29,-0.04,4676
2021-11-09,2889,3641431,57252256,13.24,13.29,13.24,13.29,0.0,3320
2021-11-10,2889,2912829,45794185,13.29,13.29,13.24,13.29,0.0,1857
2021-11-11,2889,4351288,68358717,13.29,13.29,13.2,13.29,0.0,2138
2021-11-12,2889,5662183,89417186,13.29,13.37,13.24,13.37,0.08,2002
2021-11-15,2889,6955370,109826439,13.37,13.37,13.29,13.33,-0.04,2682
2021-11-16,2889,3680913,58074598,13.33,13.37,13.29,13.37,0.04,1619
2021-11-17,2889,11664955,185688695,13.37,13.5,13.33,13.5,0.13,3804
2021-11-18,2889,14524926,235470454,13.45,13.83,13.45,13.83,0.33,4766
2021-11-19,2889,7034907,114147504,13.83,13.88,13.58,13.62,-0.21,3006
2021-11-22,2889,3560773,57226016,13.58,13.62,13.5,13.58,-0.04,1610
2021-11-23,2889,2342308,37554929,13.58,13.58,13.5,13.5,-0.08,1212
2021-11-24,2889,5634503,90844709,13.5,13.66,13.5,13.66,0.16,1666
2021-11-25,2889,3717178,60252110,13.66,13.71,13.62,13.66,0.0,1387
2021-11-26,2889,3018968,48425357,13.66,13.66,13.5,13.5,-0.16,1750
2021-11-29,2889,5095509,80595155,13.45,13.45,13.24,13.37,-0.13,2379
2021-11-30,2889,4902314,77946076,13.33,13.5,13.33,13.5,0.13,1934
2021-12-01,2889,2782343,44231376,13.37,13.45,13.37,13.41,-0.09,1643
2021-12-02,2889,2732255,43408488,13.37,13.45,13.37,13.41,0.0,1427
2021-12-03,2889,2400185,38242316,13.5,13.5,13.41,13.41,0.0,1203
2021-12-06,2889,3289576,52141710,13.41,13.41,13.33,13.37,-0.04,11689
2021-12-07,2889,4640977,73451868,13.37,13.41,13.29,13.41,0.04,32442
2021-12-08,2889,4060238,64534685,13.45,13.5,13.37,13.41,0.0,2803
2021-12-09,2889,2750415,43747822,13.41,13.45,13.37,13.41,0.0,1306
2021-12-10,2889,3943140,63002931,13.41,13.54,13.37,13.5,0.09,1633
2021-12-13,2889,6327412,101527348,13.54,13.58,13.5,13.54,0.04,2671
2021-12-14,2889,2949755,47158473,13.5,13.54,13.45,13.45,-0.09,1366
2021-12-15,2889,2561329,40837210,13.41,13.5,13.41,13.41,-0.04,1385
2021-12-16,2889,3980170,63321162,13.45,13.5,13.37,13.37,-0.04,2411
2021-12-17,2889,7826774,124179827,13.37,13.5,13.37,13.37,0.0,1911
2021-12-20,2889,4599217,72794341,13.37,13.41,13.33,13.33,-0.04,2069
2021-12-21,2889,1806086,28575452,13.33,13.37,13.33,13.33,0.0,995
2021-12-22,2889,2427040,38426297,13.37,13.41,13.33,13.33,0.0,1170
2021-12-23,2889,3046900,48226075,13.33,13.41,13.33,13.37,0.04,1555
2021-12-24,2889,2531541,40085350,13.33,13.41,13.33,13.37,0.0,1382
2021-12-27,2889,2419846,38331850,13.33,13.41,13.33,13.37,0.0,1396
2021-12-28,2889,5648997,89415915,13.37,13.41,13.33,13.41,0.04,2431
2021-12-29,2889,3280421,52333556,13.41,13.5,13.37,13.45,0.04,1479
2021-12-30,2889,5845315,93656677,13.5,13.54,13.45,13.54,0.09,1782
2022-01-03,2889,2629277,42035810,13.54,13.54,13.45,13.45,-0.09,1348
2022-01-04,2889,1955221,31206853,13.45,13.5,13.45,13.45,0.0,1134
2022-01-05,2889,2351492,37447988,13.45,13.5,13.41,13.41,-0.04,1234
2022-01-06,2889,2025467,32218541,13.41,13.45,13.37,13.41,0.0,1224
2022-01-07,2889,5087009,80875219,13.41,13.5,13.37,13.41,0.0,2225
2022-01-10,2889,2795452,44512524,13.41,13.45,13.41,13.45,0.04,1588
2022-01-11,2889,7490697,119714463,13.45,13.54,13.41,13.45,0.0,2950
2022-01-12,2889,11626457,188222112,13.54,13.79,13.54,13.62,0.17,3763
2022-01-13,2889,12302500,200416927,13.66,13.83,13.62,13.79,0.17,4141
2022-01-14,2889,9263498,151015923,13.79,13.83,13.66,13.75,-0.04,3562
2022-01-17,2889,3843719,62378226,13.71,13.75,13.66,13.66,-0.09,1941
2022-01-18,2889,3976236,64652997,13.66,13.75,13.66,13.71,0.05,1425
2022-01-19,2889,5035770,81657524,13.71,13.75,13.62,13.66,-0.05,1922
2022-01-20,2889,3739699,60366182,13.66,13.66,13.58,13.62,-0.04,1412
2022-01-21,2889,7102126,113853494,13.58,13.62,13.45,13.5,-0.12,2883
2022-01-24,2889,6923620,109727790,13.37,13.5,13.29,13.45,-0.05,3283
2022-01-25,2889,3219050,51155298,13.41,13.45,13.37,13.41,-0.04,1807
2022-01-26,2889,3493940,55680719,13.41,13.5,13.41,13.45,0.04,1644
2022-02-07,2889,7219676,115518984,13.5,13.54,13.45,13.54,0.09,2631
2022-02-08,2889,6571540,105887349,13.54,13.66,13.5,13.62,0.08,2215
2022-02-09,2889,5603808,90621318,13.62,13.66,13.58,13.66,0.04,2134
2022-02-10,2889,3439765,55708334,13.66,13.71,13.62,13.71,0.05,1537
2022-02-11,2889,5953546,95956241,13.58,13.66,13.54,13.62,-0.09,2239
2022-02-14,2889,9183182,146939945,13.54,13.58,13.45,13.54,-0.08,3693
2022-02-15,2889,3263732,52252015,13.5,13.54,13.5,13.5,-0.04,1623
2022-02-16,2889,2913652,46684065,13.54,13.58,13.5,13.5,0.0,1722
2022-02-17,2889,4875741,77994099,13.5,13.54,13.45,13.5,0.0,2018
2022-02-18,2889,4229663,67623277,13.45,13.54,13.45,13.5,0.0,1802
2022-02-21,2889,4296650,68742480,13.5,13.54,13.41,13.54,0.04,1554
2022-02-22,2889,3731061,59502739,13.5,13.5,13.41,13.45,-0.09,1802
2022-02-23,2889,2797132,44620078,13.45,13.5,13.41,13.45,0.0,1362
2022-02-24,2889,7521237,119416767,13.41,13.45,13.33,13.37,-0.08,4970
2022-02-25,2889,4675494,74034129,13.37,13.41,13.33,13.33,-0.04,20010
2022-03-01,2889,3002804,47681130,13.33,13.45,13.33,13.41,0.08,1486
2022-03-02,2889,2802455,44557681,13.41,13.45,13.37,13.41,0.0,1473
2022-03-03,2889,1901224,30304091,13.5,13.5,13.41,13.45,0.04,944
2022-03-04,2889,3033483,48166565,13.41,13.45,13.33,13.37,-0.08,1296
2022-03-07,2889,9553830,149669243,13.33,13.33,13.16,13.2,-0.17,5081
2022-03-08,2889,15966441,242966577,13.03,13.07,12.65,12.69,-0.51,9170
2022-03-09,2889,13989309,207137932,12.69,12.74,12.4,12.48,-0.21,8197
2022-03-10,2889,5868373,87738431,12.48,12.69,12.48,12.65,0.17,3233
2022-03-11,2889,3116923,46567708,12.65,12.65,12.57,12.57,-0.08,1992
2022-03-14,2889,4085351,61489781,12.61,12.74,12.57,12.69,0.12,1694
2022-03-15,2889,18257444,287234956,13.16,13.41,13.07,13.37,0.68,6642
2022-03-16,2889,7457293,118301127,13.37,13.41,13.33,13.41,0.04,3200
2022-03-17,2889,8797534,141237021,13.5,13.58,13.45,13.58,0.17,2780
2022-03-18,2889,11563888,188831129,13.62,13.92,13.62,13.75,0.17,4096
2022-03-21,2889,6086076,99532840,13.75,13.88,13.75,13.79,0.04,2679
2022-03-22,2889,3570010,58201317,13.79,13.79,13.66,13.79,0.0,1943
2022-03-23,2889,10178606,167467690,13.79,13.92,13.79,13.92,0.13,3479
2022-03-24,2889,5028207,82779304,13.92,13.92,13.83,13.92,0.0,2256
2022-03-25,2889,5309991,87374877,13.92,13.96,13.83,13.88,-0.04,2201
2022-03-28,2889,4494818,73583531,13.88,13.88,13.71,13.83,-0.05,1909
2022-03-29,2889,5171491,85146551,13.83,13.92,13.83,13.92,0.09,2041
2022-03-30,2889,6429981,106504762,13.96,14.0,13.92,13.96,0.04,2488
2022-03-31,2889,11633408,194292201,13.96,14.21,13.92,14.13,0.17,3935
2022-04-01,2889,6496257,109338215,14.13,14.26,14.0,14.26,0.13,4516
2022-04-06,2889,12487277,212786381,14.26,14.55,14.13,14.51,0.25,4417
2022-04-07,2889,15066845,258148183,14.51,14.63,14.26,14.26,-0.25,5730
2022-04-08,2889,5052224,85975276,14.42,14.42,14.26,14.42,0.16,2162
2022-04-11,2889,20375276,338382044,14.17,14.21,13.83,13.92,-0.5,9056
2022-04-12,2889,7370477,120254172,13.79,13.83,13.66,13.83,-0.09,3231
2022-04-13,2889,6059397,98962286,13.79,13.88,13.71,13.83,0.0,2706
2022-04-14,2889,5263472,85547552,13.83,13.83,13.66,13.71,-0.12,2450
2022-04-15,2889,3517448,57057544,13.66,13.79,13.62,13.66,-0.05,1692
2022-04-18,2889,7476814,119746670,13.62,13.62,13.45,13.54,-0.12,3526
2022-04-19,2889,4263767,68656411,13.54,13.66,13.5,13.58,0.04,2115
2022-04-20,2889,3460338,55624734,13.62,13.62,13.5,13.58,0.0,1886
2022-04-21,2889,2663559,42963876,13.58,13.66,13.58,13.62,0.04,1211
2022-04-22,2889,3204318,51789014,13.58,13.71,13.54,13.66,0.04,1604
2022-04-25,2889,8094068,129211105,13.5,13.54,13.41,13.5,-0.16,2521
2022-04-26,2889,4375283,70166675,13.5,13.58,13.5,13.5,0.0,1661
2022-04-27,2889,6810740,108434761,13.45,13.5,13.37,13.45,-0.05,2578
2022-04-28,2889,3644451,58178177,13.45,13.54,13.41,13.54,0.09,1329
2022-04-29,2889,2840258,45578861,13.58,13.58,13.5,13.54,0.0,1255
2022-05-03,2889,2245119,35905572,13.54,13.54,13.45,13.5,-0.04,985
2022-05-04,2889,2296873,36731838,13.54,13.54,13.45,13.45,-0.05,1038
2022-05-05,2889,2293644,36665343,13.5,13.54,13.45,13.45,0.0,1260
2022-05-06,2889,4402170,69748811,13.41,13.41,13.33,13.37,-0.08,2203
2022-05-09,2889,6454079,100866817,13.33,13.33,13.12,13.16,-0.21,3576
2022-05-10,2889,5637370,87523118,13.03,13.2,12.91,13.2,0.04,2200
2022-05-11,2889,3644267,57074541,13.2,13.33,13.16,13.16,-0.04,1425
2022-05-12,2889,8266774,126881837,13.16,13.16,12.74,12.78,-0.38,3924
2022-05-13,2889,5495802,84351786,12.78,12.95,12.78,12.91,0.13,2121
2022-05-16,2889,3139390,48146214,12.99,13.03,12.86,12.99,0.08,1810
2022-05-17,2889,2376923,36920855,13.03,13.16,12.99,13.16,0.17,1287
2022-05-18,2889,2942160,46220401,13.12,13.37,13.07,13.33,0.17,1526
2022-05-19,2889,3188755,49499944,13.16,13.16,13.03,13.07,-0.26,1443
2022-05-20,2889,2228433,34475373,13.07,13.16,12.99,13.03,-0.04,1355
2022-05-23,2889,1745357,26950771,13.12,13.12,12.95,13.07,0.04,888
2022-05-24,2889,2000986,30873829,13.07,13.07,12.99,12.99,-0.08,985
2022-05-25,2889,2530148,38865546,13.03,13.07,12.91,12.91,-0.08,1370
2022-05-26,2889,1757552,26906313,12.86,12.99,12.86,12.91,0.0,1116
2022-05-27,2889,1668272,25684078,12.91,13.03,12.91,12.99,0.08,914
2022-05-30,2889,2602405,40564725,13.07,13.24,13.03,13.2,0.21,1078
2022-05-31,2889,2201806,34357823,13.2,13.2,13.12,13.16,-0.04,818
2022-06-01,2889,4390996,68351566,13.16,13.29,13.03,13.07,-0.09,1585
2022-06-02,2889,2063724,31878087,12.99,13.12,12.99,13.03,-0.04,1175
2022-06-06,2889,1834916,28449198,13.07,13.12,13.03,13.07,0.04,906
2022-06-07,2889,1485470,23076092,13.07,13.16,13.03,13.07,0.0,704
2022-06-08,2889,3247652,50646668,13.16,13.24,13.12,13.2,0.13,1414
2022-06-09,2889,2237203,34822251,13.12,13.16,13.07,13.16,-0.04,866
2022-06-10,2889,1463818,22803622,13.07,13.2,13.07,13.2,0.04,739
2022-06-13,2889,5866451,91206316,13.07,13.16,13.07,13.07,-0.13,1733
2022-06-14,2889,9077014,143015957,13.12,13.45,13.12,13.37,0.3,3536
2022-06-15,2889,7599385,121776309,13.41,13.58,13.37,13.54,0.17,3146
2022-06-16,2889,5825293,93774874,13.62,13.66,13.5,13.5,-0.04,2276
2022-06-17,2889,20554610,324070505,13.41,13.5,13.29,13.29,-0.21,2058
2022-06-20,2889,4045526,63493920,13.29,13.37,13.16,13.16,-0.13,1922
2022-06-21,2889,3916415,61832011,13.29,13.37,13.2,13.37,0.21,2427
2022-06-22,2889,4450395,69749062,13.37,13.37,13.16,13.2,-0.17,1766
2022-06-23,2889,4257977,66494724,13.29,13.33,13.07,13.2,0.0,1538
2022-06-24,2889,4110873,64688047,13.29,13.33,13.2,13.29,0.09,2027
2022-06-27,2889,7686181,121396980,13.33,13.41,13.24,13.33,0.04,2098
2022-06-28,2889,7003853,110238271,13.29,13.33,13.24,13.29,-0.04,3378
2022-06-29,2889,8947796,131852074,12.98,13.02,12.89,13.02,-0.27,4908
2022-06-30,2889,6292418,91460073,12.98,13.02,12.71,12.8,-0.22,3114
2022-07-01,2889,6170173,87460532,12.76,12.76,12.32,12.36,-0.44,3752
2022-07-04,2889,6636468,90898853,12.36,12.41,11.88,11.97,-0.39,4157
2022-07-05,2889,2521122,34572695,12.1,12.23,11.92,12.1,0.13,1531
2022-07-06,2889,4927045,66245964,12.1,12.1,11.7,11.7,-0.4,2599
2022-07-07,2889,3240162,43733330,11.79,12.01,11.75,11.88,0.18,1312
2022-07-08,2889,1757928,23977371,11.92,12.1,11.92,11.97,0.09,1103
2022-07-11,2889,3236153,43251221,11.88,11.92,11.66,11.7,-0.27,1875
2022-07-12,2889,6700229,86358472,11.7,11.7,11.17,11.26,-0.44,3477
2022-07-13,2889,4884729,62933588,11.35,11.53,11.26,11.31,0.05,2245
2022-07-14,2889,2712746,34790346,11.31,11.35,11.22,11.31,0.0,1107
2022-07-15,2889,3235035,40802371,11.31,11.31,11.0,11.09,-0.22,2208
2022-07-18,2889,2787529,35628276,11.09,11.31,11.04,11.26,0.17,1470
2022-07-19,2889,2627001,34263463,11.26,11.61,11.22,11.53,0.27,1293
2022-07-20,2889,3071545,40615115,11.61,11.75,11.53,11.57,0.04,1893
2022-07-21,2889,1204473,15846653,11.44,11.75,11.44,11.66,0.09,778
2022-07-22,2889,2049046,27245716,11.61,11.83,11.61,11.83,0.17,1046
2022-07-25,2889,1613081,21846569,11.79,12.01,11.75,12.01,0.18,945
2022-07-26,2889,1868916,25528404,12.05,12.1,11.97,11.97,-0.04,877
2022-07-27,2889,1858438,25385956,11.97,12.14,11.92,12.14,0.17,860
2022-07-28,2889,2366556,32903317,12.27,12.27,12.19,12.27,0.13,1287
2022-07-29,2889,4502633,63199497,12.27,12.41,12.27,12.41,0.14,1658
2022-08-01,2889,3035049,40714717,12.38,12.56,12.29,12.52,0.11,1693
2022-08-02,2889,2832483,37793675,12.47,12.47,12.29,12.33,-0.19,1654
2022-08-03,2889,1590798,21102344,12.33,12.38,12.19,12.29,-0.04,970
2022-08-04,2889,2161164,28483346,12.19,12.29,12.05,12.29,0.0,1515
2022-08-05,2889,3345695,44213000,12.24,12.29,12.15,12.19,-0.1,1939
2022-08-08,2889,1774885,23291202,12.19,12.19,12.05,12.15,-0.04,1170
2022-08-09,2889,2217308,29135467,12.05,12.24,12.05,12.19,0.04,928
2022-08-10,2889,2847154,38240294,12.15,12.52,12.15,12.42,0.23,1339
2022-08-11,2889,2556766,34658753,12.47,12.65,12.42,12.61,0.19,1082
2022-08-12,2889,2215086,30463232,12.61,12.79,12.61,12.7,0.09,946
2022-08-15,2889,2260399,30981442,12.75,12.89,12.56,12.61,-0.09,1564
2022-08-16,2889,2185695,29725145,12.65,12.7,12.47,12.65,0.04,1183
2022-08-17,2889,1327342,18182664,12.7,12.75,12.61,12.61,-0.04,852
2022-08-18,2889,803232,11002332,12.65,12.7,12.56,12.65,0.04,543
2022-08-19,2889,3463225,46969114,12.65,12.65,12.47,12.52,-0.13,1623
2022-08-22,2889,2124500,28669668,12.47,12.56,12.42,12.52,0.0,1007
2022-08-23,2889,2513683,33729756,12.52,12.52,12.33,12.33,-0.19,1336
2022-08-24,2889,3593174,47811967,12.52,12.52,12.19,12.29,-0.04,1512
2022-08-25,2889,4509914,59785821,12.29,12.33,12.19,12.19,-0.1,2080
2022-08-26,2889,5100891,67758119,12.24,12.33,12.19,12.19,0.0,1555
2022-08-29,2889,4608454,60703840,12.24,12.29,12.1,12.15,-0.04,1887
2022-08-30,2889,2628888,34563792,12.15,12.24,12.1,12.1,-0.05,1378
2022-08-31,2889,1778479,23638348,12.15,12.38,12.1,12.33,0.23,974
2022-09-01,2889,2103364,27770177,12.29,12.29,12.15,12.19,-0.14,1369
2022-09-02,2889,952731,12606384,12.19,12.29,12.19,12.19,0.0,821
2022-09-05,2889,1516104,19969413,12.19,12.24,12.1,12.15,-0.04,973
2022-09-06,2889,2387968,31272935,12.1,12.19,12.05,12.1,-0.05,1660
2022-09-07,2889,4132629,53128164,12.01,12.05,11.68,11.87,-0.23,2996
2022-09-08,2889,3023537,38864890,11.92,11.96,11.82,11.92,0.05,1946
2022-09-12,2889,2526170,32504736,11.92,11.96,11.78,11.92,0.0,1618
2022-09-13,2889,2269436,29302753,11.92,11.96,11.87,11.96,0.04,1342
2022-09-14,2889,2070595,26585975,11.78,11.92,11.73,11.87,-0.09,1431
2022-09-15,2889,1843198,23664692,11.82,11.96,11.78,11.96,0.09,1259
2022-09-16,2889,13398366,170377502,11.92,11.96,11.73,11.73,-0.23,2132
2022-09-19,2889,1811854,23090515,11.73,11.87,11.73,11.73,0.0,1270
2022-09-20,2889,2179559,27661023,11.82,11.87,11.68,11.73,0.0,1981
2022-09-21,2889,3879355,48861209,11.73,11.73,11.55,11.59,-0.14,3466
2022-09-22,2889,3076336,38241232,11.59,11.59,11.45,11.5,-0.09,2698
2022-09-23,2889,2020522,25250638,11.5,11.68,11.45,11.5,0.0,1500
2022-09-26,2889,2964689,36265059,11.32,11.36,11.27,11.27,-0.23,2122
2022-09-27,2889,4000723,48307327,11.27,11.36,11.08,11.13,-0.14,2657
2022-09-28,2889,7375483,86404156,11.13,11.13,10.62,10.71,-0.42,5112
2022-09-29,2889,8058125,91947219,10.76,10.81,10.39,10.58,-0.13,4194
2022-09-30,2889,6216594,71327407,10.44,10.76,10.35,10.67,0.09,1747
2022-10-03,2889,2377333,27474832,10.67,10.76,10.53,10.76,0.09,1361
2022-10-04,2889,2026276,23803904,10.76,10.9,10.76,10.85,0.09,1275
2022-10-05,2889,1787479,21137649,10.9,11.04,10.9,10.9,0.05,1250
2022-10-06,2889,1589728,18794860,10.9,10.95,10.85,10.95,0.05,1139
2022-10-07,2889,2596280,30341841,10.9,10.9,10.71,10.76,-0.19,1922
2022-10-11,2889,6024130,67927893,10.44,10.58,10.35,10.58,-0.18,3121
2022-10-12,2889,3141153,35617534,10.53,10.58,10.35,10.58,0.0,1480
2022-10-13,2889,4104801,46206800,10.53,10.58,10.25,10.58,0.0,2029
2022-10-14,2889,3086746,35061062,10.58,10.58,10.39,10.53,-0.05,1377
2022-10-17,2889,3002476,33523784,10.44,10.44,10.21,10.44,-0.09,1473
2022-10-18,2889,2794826,31466203,10.44,10.53,10.3,10.53,0.09,1325
2022-10-19,2889,2749806,30995887,10.48,10.53,10.3,10.44,-0.09,1690
2022-10-20,2889,11288319,125202245,10.35,10.44,10.07,10.44,0.0,3857
2022-10-21,2889,3253598,36867422,10.48,10.53,10.3,10.48,0.04,1222
2022-10-24,2889,2941542,33115729,10.53,10.58,10.35,10.39,-0.09,1063
2022-10-25,2889,2381760,26668522,10.39,10.44,10.25,10.35,-0.04,1092
2022-10-26,2889,3308475,37030318,10.3,10.44,10.25,10.39,0.04,1333
2022-10-27,2889,7901517,88521425,10.39,10.48,10.25,10.35,-0.04,2095
2022-10-28,2889,9560296,105335259,10.35,10.35,10.11,10.16,-0.19,3068
2022-10-31,2889,5211567,57481004,10.3,10.3,10.11,10.25,0.09,1558
2022-11-01,2889,8801096,96701404,10.21,10.21,10.07,10.21,-0.04,2344
2022-11-02,2889,5678274,62917359,10.21,10.3,10.16,10.3,0.09,1318
2022-11-03,2889,4975219,54967802,10.25,10.25,10.16,10.25,-0.05,1617
2022-11-04,2889,4071756,44873591,10.25,10.25,10.16,10.21,-0.04,1362
2022-11-07,2889,6088388,67869998,10.21,10.39,10.21,10.39,0.18,1664
2022-11-08,2889,5841934,66139726,10.44,10.53,10.39,10.48,0.09,1718
2022-11-09,2889,5226374,59540494,10.53,10.58,10.48,10.58,0.1,1880
2022-11-10,2889,10439908,118183514,10.56,10.7,10.51,10.51,-0.07,1995
2022-11-11,2889,5952534,67587168,10.6,10.7,10.56,10.6,0.09,1864
2022-11-14,2889,6866485,77646474,10.56,10.65,10.51,10.56,-0.04,2057
2022-11-15,2889,13444091,151362251,10.51,10.6,10.46,10.6,0.04,2616
2022-11-16,2889,10456312,116486742,10.6,10.6,10.32,10.32,-0.28,3963
2022-11-17,2889,6327076,70209994,10.37,10.42,10.32,10.42,0.1,1817
2022-11-18,2889,7157890,80012692,10.42,10.51,10.37,10.46,0.04,1629
2022-11-21,2889,4718656,52459487,10.46,10.46,10.32,10.37,-0.09,1522
2022-11-22,2889,20124158,229683256,10.42,10.88,10.37,10.88,0.51,4569
2022-11-23,2889,15149713,177441572,10.88,11.07,10.79,11.02,0.14,3962
2022-11-24,2889,9280710,108565577,11.02,11.02,10.84,10.93,-0.09,3236
2022-11-25,2889,7562417,87881711,10.88,10.93,10.79,10.84,-0.09,2353
2022-11-28,2889,10040335,114722031,10.79,10.79,10.56,10.7,-0.14,3071
2022-11-29,2889,8582628,97805312,10.65,10.74,10.56,10.7,0.0,2575
2022-11-30,2889,9081839,104076759,10.65,10.79,10.65,10.74,0.04,2252
2022-12-01,2889,9242181,107025626,10.84,10.98,10.74,10.74,0.0,2716
2022-12-02,2889,9074174,103226021,10.7,10.7,10.56,10.6,-0.14,4623
2022-12-05,2889,22601949,255030009,10.56,10.65,10.42,10.65,0.05,6195
2022-12-06,2889,10174089,115182589,10.6,10.7,10.6,10.6,-0.05,2719
2022-12-07,2889,11714049,133522425,10.6,10.74,10.6,10.65,0.05,2882
2022-12-08,2889,7387926,84539991,10.7,10.74,10.65,10.7,0.05,2688
2022-12-09,2889,11046277,127532530,10.7,10.79,10.65,10.65,-0.05,2402
2022-12-12,2889,22489356,257615890,10.65,10.65,10.56,10.65,0.0,12246
2022-12-13,2889,9338407,106318881,10.65,10.7,10.6,10.65,0.0,5136
2022-12-14,2889,7104305,81347436,10.7,10.74,10.65,10.74,0.09,3902
2022-12-15,2889,6789385,77824710,10.74,10.74,10.65,10.7,-0.04,3491
2022-12-16,2889,8502316,97104573,10.7,10.7,10.6,10.7,0.0,3475
2022-12-19,2889,10728132,122827369,10.7,10.84,10.6,10.6,-0.1,4059
2022-12-20,2889,13465371,152071215,10.65,10.7,10.46,10.51,-0.09,4431
2022-12-21,2889,3430447,38686156,10.56,10.6,10.51,10.51,0.0,2593
2022-12-22,2889,2804077,31769038,10.56,10.65,10.51,10.6,0.09,2259
2022-12-23,2889,2314104,26262207,10.56,10.65,10.56,10.6,0.0,2171
2022-12-26,2889,3618842,41250876,10.65,10.7,10.6,10.65,0.05,2216
2022-12-27,2889,3812265,43636534,10.65,10.74,10.65,10.7,0.05,2189
2022-12-28,2889,4768676,54506707,10.7,10.74,10.65,10.65,-0.05,2762
2022-12-29,2889,2644752,29990137,10.65,10.7,10.56,10.6,-0.05,2139
2022-12-30,2889,30725797,346230481,10.46,10.65,10.37,10.56,-0.04,2619
2023-01-03,2889,5566458,62925376,10.56,10.6,10.51,10.6,0.04,1416
2023-01-04,2889,2242758,25449721,10.6,10.65,10.56,10.6,0.0,806
2023-01-05,2889,3186993,36436224,10.65,10.74,10.6,10.74,0.14,1413
2023-01-06,2889,4279213,49243719,10.74,10.79,10.7,10.79,0.05,1496
2023-01-09,2889,6004459,69637684,10.84,10.88,10.79,10.84,0.05,2146
2023-01-10,2889,4774686,55375746,10.84,10.88,10.79,10.88,0.04,1768
2023-01-11,2889,7650759,90146928,10.88,10.98,10.88,10.93,0.05,2097
2023-01-12,2889,9931242,117533729,10.93,11.21,10.88,11.12,0.19,3091
2023-01-13,2889,19818381,240218050,11.21,11.49,11.17,11.35,0.23,4417
2023-01-16,2889,15066016,185542927,11.49,11.63,11.35,11.4,0.05,2955
2023-01-17,2889,6844805,83683460,11.4,11.49,11.35,11.4,0.0,1528
2023-01-30,2889,11577106,142329203,11.59,11.63,11.4,11.54,0.14,3001
2023-01-31,2889,9696268,121745224,11.59,11.91,11.54,11.77,0.23,3125
2023-02-01,2889,7046753,88916311,11.77,11.91,11.68,11.82,0.05,2334
2023-02-02,2889,11119296,143602612,11.87,12.24,11.82,12.19,0.37,3534
2023-02-03,2889,12825217,168017969,12.33,12.38,12.05,12.29,0.1,3049
2023-02-06,2889,8299955,107852644,12.24,12.29,12.01,12.15,-0.14,2992
2023-02-07,2889,5807152,74839468,12.1,12.1,12.01,12.01,-0.14,2601
2023-02-08,2889,6172321,78644344,11.96,12.01,11.87,11.91,-0.1,3197
2023-02-09,2889,3432226,43725100,11.87,12.01,11.77,11.96,0.05,1516
2023-02-10,2889,6156805,77865401,11.96,11.96,11.77,11.82,-0.14,2173
2023-02-13,2889,4429122,55687550,11.82,11.82,11.68,11.77,-0.05,1803
2023-02-14,2889,3759724,47696373,11.82,11.96,11.77,11.91,0.14,1521
2023-02-15,2889,3469842,44076733,11.91,11.96,11.77,11.82,-0.09,1506
2023-02-16,2889,3079306,38945270,11.87,11.87,11.77,11.77,-0.05,1417
2023-02-17,2889,4322078,54962970,11.77,11.96,11.77,11.91,0.14,1307
2023-02-20,2889,3967930,50446072,11.91,11.91,11.82,11.87,-0.04,1784
2023-02-21,2889,3060424,38807257,11.87,11.91,11.82,11.87,0.0,1379
2023-02-22,2889,8298750,103315261,11.73,11.77,11.49,11.68,-0.19,3156
2023-02-23,2889,2603848,32710636,11.68,11.77,11.68,11.77,0.09,1453
2023-02-24,2889,2687295,33716089,11.77,11.77,11.68,11.77,0.0,1374
2023-03-01,2889,4320301,54234392,11.77,11.77,11.68,11.77,0.0,1674
2023-03-02,2889,2066698,25972362,11.77,11.82,11.68,11.77,0.0,1205
2023-03-03,2889,2072873,26065058,11.77,11.77,11.73,11.77,0.0,1241
2023-03-06,2889,6057361,77216132,11.77,12.01,11.77,11.96,0.19,2015
2023-03-07,2889,10415834,135897607,12.1,12.29,12.01,12.24,0.28,2944
2023-03-08,2889,6752720,88401019,12.24,12.33,12.15,12.29,0.05,1943
2023-03-09,2889,5314185,70219834,12.33,12.43,12.24,12.29,0.0,1513
2023-03-10,2889,6759122,88935464,12.29,12.38,12.15,12.29,0.0,2133
2023-03-13,2889,7698311,100468880,12.15,12.33,12.1,12.33,0.04,2232
2023-03-14,2889,29572178,364137848,11.77,11.77,11.4,11.45,-0.88,9144
2023-03-15,2889,22651888,269624762,11.4,11.4,11.07,11.12,-0.33,9450
2023-03-16,2889,14865296,172666930,10.98,10.98,10.74,10.93,-0.19,5059
2023-03-17,2889,24077040,288093673,10.93,11.54,10.84,11.35,0.42,6983
2023-03-20,2889,14547330,178020786,11.21,11.68,11.07,11.68,0.33,5563
2023-03-21,2889,22639800,290909942,11.68,12.19,11.68,12.15,0.47,7111
2023-03-22,2889,23783912,315562371,12.19,12.52,12.19,12.43,0.28,7439
2023-03-23,2889,33925922,461355933,12.43,12.85,12.38,12.8,0.37,9000
2023-03-24,2889,15875846,212339082,12.8,12.85,12.33,12.43,-0.37,4790
2023-03-27,2889,12933096,166918550,12.33,12.33,11.96,12.05,-0.38,4805
2023-03-28,2889,7223388,93607080,12.1,12.24,12.01,12.19,0.14,2778
2023-03-29,2889,15131894,201378102,12.19,12.61,12.19,12.33,0.14,4963
2023-03-30,2889,20531623,258737643,12.05,12.24,11.63,11.63,-0.7,14049
2023-03-31,2889,11561697,142672595,11.68,11.73,11.45,11.54,-0.09,5176
2023-04-06,2889,7018063,86301872,11.49,11.59,11.4,11.49,-0.05,2472
2023-04-07,2889,5492222,67158871,11.49,11.49,11.35,11.45,-0.04,2118
2023-04-10,2889,5254415,64326415,11.54,11.54,11.4,11.45,0.0,1962
2023-04-11,2889,3281225,40552741,11.45,11.59,11.45,11.59,0.14,1325
2023-04-12,2889,3309622,41233147,11.63,11.68,11.59,11.68,0.09,1236
2023-04-13,2889,2875697,35765251,11.68,11.68,11.59,11.63,-0.05,1321
2023-04-14,2889,2637800,32868549,11.68,11.73,11.59,11.68,0.05,1265
2023-04-17,2889,2396669,29980362,11.73,11.73,11.63,11.68,0.0,1140
2023-04-18,2889,3788089,47509039,11.68,11.82,11.63,11.77,0.09,1281
2023-04-19,2889,5992557,74470199,11.68,11.77,11.49,11.54,-0.23,2437
2023-04-20,2889,2770100,34219978,11.54,11.59,11.49,11.59,0.05,1188
2023-04-21,2889,3000986,36910627,11.59,11.59,11.4,11.49,-0.1,1505
2023-04-24,2889,2051151,25179851,11.45,11.54,11.4,11.54,0.05,901
2023-04-25,2889,3384133,41480685,11.63,11.63,11.35,11.49,-0.05,1620
2023-04-26,2889,2666164,32634960,11.49,11.49,11.35,11.49,0.0,1368
2023-04-27,2889,1967230,24049972,11.45,11.49,11.35,11.45,-0.04,994
2023-04-28,2889,2741771,33775656,11.49,11.54,11.45,11.54,0.09,974
2023-05-02,2889,2391211,29384336,11.54,11.54,11.45,11.45,-0.09,1444
2023-05-03,2889,1611634,19708160,11.45,11.49,11.4,11.45,0.0,1094
2023-05-04,2889,2203340,26934621,11.45,11.45,11.4,11.45,0.0,1218
2023-05-05,2889,1606361,19705309,11.45,11.49,11.45,11.49,0.04,1006
2023-05-08,2889,3561394,43403934,11.49,11.49,11.35,11.4,-0.09,1878
2023-05-09,2889,2123728,25850680,11.45,11.45,11.35,11.35,-0.05,1223
2023-05-10,2889,1880181,22910430,11.35,11.45,11.35,11.4,0.05,1334
2023-05-11,2889,2237196,27137382,11.4,11.45,11.31,11.31,-0.09,1247
2023-05-12,2889,2999780,36076673,11.31,11.31,11.21,11.26,-0.05,1856
2023-05-15,2889,3362726,40239902,11.26,11.26,11.12,11.21,-0.05,1784
2023-05-16,2889,3022637,36629431,11.21,11.4,11.21,11.35,0.14,1588
2023-05-17,2889,5115565,62896567,11.35,11.59,11.26,11.59,0.24,3099
2023-05-18,2889,6067426,75389582,11.59,11.68,11.49,11.68,0.09,2182
2023-05-19,2889,3545190,43928150,11.68,11.68,11.49,11.59,-0.09,1339
2023-05-22,2889,3140283,38768028,11.59,11.59,11.45,11.54,-0.05,1471
2023-05-23,2889,8615775,107997950,11.54,11.87,11.54,11.73,0.19,2972
2023-05-24,2889,4339932,54571119,11.73,11.82,11.63,11.82,0.09,2141
2023-05-25,2889,5362428,67580377,11.77,11.87,11.63,11.82,0.0,1803
2023-05-26,2889,2628155,32892039,11.73,11.77,11.63,11.73,-0.09,1391
2023-05-29,2889,3654276,45964340,11.73,11.82,11.68,11.77,0.04,1471
2023-05-30,2889,2917166,36695194,11.77,11.82,11.68,11.77,0.0,1210
2023-05-31,2889,5240340,65438998,11.77,11.77,11.63,11.63,-0.14,1523
2023-06-01,2889,1581329,19756218,11.63,11.73,11.63,11.63,0.0,846
2023-06-02,2889,5870115,72918801,11.68,11.68,11.54,11.54,-0.09,1684
2023-06-05,2889,7618199,93725241,11.54,11.59,11.4,11.45,-0.09,3073
2023-06-06,2889,3983388,48822293,11.45,11.54,11.45,11.45,0.0,1730
2023-06-07,2889,8950616,109436273,11.45,11.54,11.35,11.4,-0.05,3385
2023-06-08,2889,4895314,59406656,11.4,11.45,11.31,11.31,-0.09,2318
2023-06-09,2889,2476067,30175516,11.4,11.45,11.35,11.4,0.09,1523
2023-06-12,2889,4261662,51748912,11.4,11.4,11.31,11.31,-0.09,2132
2023-06-13,2889,4028371,48836823,11.31,11.4,11.26,11.35,0.04,1917
2023-06-14,2889,2542860,31001378,11.35,11.45,11.35,11.4,0.05,1385
2023-06-15,2889,2637925,32087472,11.4,11.4,11.35,11.35,-0.05,1392
2023-06-16,2889,3881665,47176552,11.35,11.4,11.31,11.35,0.0,1753
2023-06-19,2889,2939977,35636021,11.35,11.4,11.31,11.31,-0.04,1622
2023-06-20,2889,1827130,22072448,11.31,11.35,11.26,11.26,-0.05,1224
2023-06-21,2889,7776507,93608991,11.31,11.35,11.21,11.21,-0.05,2981
2023-06-26,2889,6198962,74267463,11.21,11.31,11.12,11.21,0.0,2510
2023-06-27,2889,2938834,35883923,11.21,11.26,11.17,11.21,0.0,1427
2023-06-28,2889,1904484,22803794,11.21,11.26,11.17,11.21,0.0,1059
2023-06-29,2889,2495946,30079701,11.26,11.35,11.17,11.26,0.05,1151
2023-06-30,2889,1987622,23940119,11.26,11.31,11.21,11.26,0.0,1127
2023-07-03,2889,2103523,25402180,11.31,11.35,11.26,11.31,0.05,1206
2023-07-04,2889,18590090,240521914,11.31,11.31,11.17,11.17,-0.14,1738
2023-07-05,2889,6673027,79541655,11.17,11.21,11.12,11.12,-0.05,2772
2023-07-06,2889,6872176,81224129,11.12,11.17,10.98,11.07,-0.05,3375
2023-07-07,2889,3683973,43308788,11.02,11.02,10.93,11.02,-0.05,1844
2023-07-10,2889,4939176,58225929,11.02,11.12,10.93,10.98,-0.04,2653
2023-07-11,2889,3672400,43378693,10.98,11.12,10.98,11.07,0.09,2277
2023-07-12,2889,3447251,40624855,11.07,11.12,10.98,11.02,-0.05,2196
2023-07-13,2889,13988784,164479977,11.02,11.07,10.84,11.07,0.05,3718
2023-07-14,2889,3219171,38180870,11.07,11.12,10.98,11.12,0.05,1733
2023-07-17,2889,4905893,58224073,11.07,11.17,11.02,11.07,-0.05,1965
2023-07-18,2889,7672660,90151912,11.07,11.07,10.88,10.98,-0.09,3055
2023-07-19,2889,5318635,62323333,11.02,11.02,10.88,10.93,-0.05,2178
2023-07-20,2889,2594999,30473734,10.93,11.02,10.88,10.98,0.05,1134
2023-07-21,2889,2921314,34397262,11.02,11.07,10.93,10.98,0.0,1304
2023-07-24,2889,4797693,56074096,11.02,11.02,10.88,10.93,-0.05,1789
2023-07-25,2889,2611362,30665934,10.98,11.02,10.93,11.02,0.09,1209
2023-07-26,2889,5424054,64856071,11.02,11.26,11.02,11.17,0.15,1941
2023-07-27,2889,5782214,69521030,11.31,11.31,11.17,11.21,0.04,1541
2023-07-28,2889,4002146,48006471,11.21,11.26,11.17,11.21,0.0,1340
2023-07-31,2889,7005947,84563157,11.21,11.4,11.21,11.21,0.0,1848
2023-08-01,2889,3684728,44573628,11.31,11.35,11.21,11.35,0.14,1330
2023-08-02,2889,5591671,67212659,11.35,11.35,11.17,11.21,-0.14,2036
2023-08-04,2889,2369592,28385648,11.12,11.21,11.12,11.17,-0.04,1053
2023-08-07,2889,1455122,17456755,11.17,11.26,11.17,11.26,0.09,823
2023-08-08,2889,2614744,31281114,11.26,11.31,11.12,11.17,-0.09,1071
2023-08-09,2889,1374993,16450083,11.17,11.21,11.17,11.21,0.04,797
2023-08-10,2889,1729962,20673815,11.17,11.21,11.12,11.17,-0.04,787
2023-08-11,2889,1258441,15023669,11.12,11.21,11.12,11.17,0.0,779
2023-08-14,2889,4162138,49048352,11.12,11.12,10.93,10.98,-0.19,2005
2023-08-15,2889,1787764,21079628,10.98,11.07,10.98,11.02,0.04,778
2023-08-16,2889,3102690,36332614,11.02,11.07,10.88,10.93,-0.09,1753
2023-08-17,2889,2908854,33826138,10.88,10.93,10.79,10.88,-0.05,1712
2023-08-18,2889,2607241,30496036,10.84,11.02,10.84,10.93,0.05,1395
2023-08-21,2889,1436300,16804252,10.93,10.98,10.88,10.93,0.0,828
2023-08-22,2889,2383446,28061765,10.93,11.07,10.93,10.98,0.05,765
2023-08-23,2889,2058473,24300390,10.98,11.07,10.93,10.98,0.0,764
2023-08-24,2889,1717464,19563188,10.98,11.02,10.98,10.98,0.0,785
2023-08-25,2889,3150837,36883382,10.98,11.02,10.88,10.93,-0.05,1251
2023-08-28,2889,1224280,14334644,10.93,10.98,10.93,10.93,0.0,671
2023-08-29,2889,1968676,23292644,10.93,11.12,10.93,11.12,0.19,926
2023-08-30,2889,2010654,23889449,11.12,11.12,11.07,11.07,-0.05,948
2023-08-31,2889,2992966,35541920,11.07,11.12,10.98,11.12,0.05,788
2023-09-01,2889,1483825,17568877,11.02,11.12,11.02,11.02,-0.1,696
2023-09-04,2889,1950612,22962116,11.02,11.07,10.93,10.98,-0.04,1194
2023-09-05,2889,1419729,16734783,10.98,11.07,10.98,11.02,0.04,1022
2023-09-06,2889,2069857,24341385,10.98,11.02,10.98,10.98,-0.04,1187
2023-09-07,2889,1833153,21536768,10.93,11.02,10.93,10.98,0.0,1262
2023-09-08,2889,1392182,16356445,10.93,11.02,10.93,11.02,0.04,707
2023-09-11,2889,2050091,24098184,11.02,11.02,10.93,10.93,-0.09,1483
2023-09-12,2889,3251030,38121336,10.93,11.07,10.88,11.07,0.14,1485
2023-09-13,2889,2676243,32187732,11.02,11.07,10.98,10.98,-0.09,1143
2023-09-14,2889,4176764,49087633,10.98,11.02,10.93,10.98,0.0,1625
2023-09-15,2889,10737242,127063917,10.98,11.07,10.98,11.07,0.09,1595
2023-09-18,2889,1617419,19120439,11.07,11.07,10.98,11.07,0.0,777
2023-09-19,2889,1189073,14054895,11.07,11.07,11.02,11.02,-0.05,626
2023-09-20,2889,1254857,14801094,11.02,11.07,10.98,10.98,-0.04,688
2023-09-21,2889,2827055,33195886,10.98,11.02,10.93,10.98,0.0,930
2023-09-22,2889,2399113,28118292,10.93,11.02,10.88,10.93,-0.05,799
2023-09-25,2889,794689,9347272,11.02,11.02,10.98,10.98,0.05,492
2023-09-26,2889,4116453,48065692,10.98,10.98,10.84,10.84,-0.14,1587
2023-09-27,2889,2530438,29458362,10.88,10.93,10.84,10.84,0.0,1172
2023-09-28,2889,914535,10669024,10.88,10.93,10.88,10.88,0.04,466
2023-10-02,2889,1511630,17636545,10.93,10.93,10.88,10.88,0.0,978
2023-10-03,2889,1233701,14426751,10.88,10.98,10.88,10.93,0.05,571
2023-10-04,2889,2684563,31260382,10.88,10.93,10.84,10.88,-0.05,1088
2023-10-05,2889,1300859,15177342,10.84,10.93,10.84,10.88,0.0,702
2023-10-06,2889,1209688,14182441,10.93,11.02,10.88,10.93,0.05,695
2023-10-11,2889,2789346,32758404,10.98,11.07,10.88,11.07,0.14,1237
2023-10-12,2889,1819656,21530958,11.07,11.12,10.98,11.12,0.05,864
2023-10-13,2889,1768369,20900691,11.07,11.07,10.98,11.07,-0.05,740
2023-10-16,2889,918030,10830089,11.02,11.07,10.98,11.02,-0.05,599
2023-10-17,2889,1092966,12863984,11.02,11.02,10.98,10.98,-0.04,619
2023-10-18,2889,1360293,15947875,10.98,11.02,10.93,10.93,-0.05,864
2023-10-19,2889,1727927,20179859,10.93,10.98,10.88,10.93,0.0,877
2023-10-20,2889,2319896,26947804,10.88,10.93,10.79,10.84,-0.09,1020
2023-10-23,2889,1250489,14559101,10.84,10.93,10.84,10.84,0.0,659
2023-10-24,2889,1540786,17975775,10.84,10.93,10.84,10.93,0.09,622
2023-10-25,2889,1072301,12481200,10.93,10.93,10.84,10.84,-0.09,665
2023-10-26,2889,2441011,28256480,10.84,10.88,10.79,10.79,-0.05,1271
2023-10-27,2889,1799836,20823067,10.79,10.88,10.79,10.79,0.0,608
2023-10-30,2889,1407780,16228196,10.84,10.84,10.74,10.74,-0.05,854
2023-10-31,2889,1499662,17286042,10.74,10.84,10.74,10.74,0.0,706
2023-11-01,2889,2500659,28802787,10.74,10.84,10.7,10.79,0.05,758
2023-11-02,2889,3740174,43358107,10.79,10.93,10.74,10.93,0.14,1168
2023-11-03,2889,1610079,18697831,10.88,10.88,10.84,10.84,-0.09,939
2023-11-06,2889,1549748,17994777,10.84,10.88,10.79,10.88,0.04,874
2023-11-07,2889,1964502,22720737,10.84,10.88,10.74,10.79,-0.09,1028
2023-11-08,2889,1129249,13064172,10.84,10.84,10.79,10.84,0.05,636
2023-11-09,2889,2232349,25728779,10.79,10.84,10.74,10.74,-0.1,848
2023-11-10,2889,3007490,34495214,10.74,10.74,10.7,10.7,-0.04,1625
2023-11-13,2889,3706228,42349107,10.7,10.7,10.65,10.65,-0.05,1718
2023-11-14,2889,2686426,30776138,10.65,10.74,10.65,10.74,0.09,1113
2023-11-15,2889,3519293,40645634,10.74,10.84,10.74,10.84,0.1,1381
2023-11-16,2889,2783824,32231948,10.88,10.88,10.79,10.84,0.0,1099
2023-11-17,2889,2225866,25837411,10.79,10.88,10.79,10.88,0.04,912
2023-11-20,2889,2160051,25043236,10.88,10.88,10.79,10.84,-0.04,883
2023-11-21,2889,4419433,51497132,10.84,10.93,10.79,10.88,0.04,1678
2023-11-22,2889,2025610,23526736,10.88,10.88,10.84,10.88,0.0,949
2023-11-23,2889,2452570,28380818,10.84,10.88,10.79,10.79,-0.09,1212
2023-11-24,2889,2339118,27058526,10.79,10.84,10.79,10.84,0.05,838
2023-11-27,2889,3451569,39917260,10.84,10.88,10.74,10.79,-0.05,1089
2023-11-28,2889,6012612,69937412,10.84,10.93,10.79,10.84,0.05,1528
2023-11-29,2889,3457356,40034672,10.88,10.88,10.79,10.84,0.0,1162
2023-11-30,2889,4290716,49706555,10.84,10.88,10.79,10.79,-0.05,1528
2023-12-01,2889,4303832,49985775,10.79,10.88,10.79,10.84,0.05,999
2023-12-04,2889,5125449,59456173,10.84,10.88,10.79,10.84,0.0,1334
2023-12-05,2889,4793749,55658110,10.84,10.88,10.79,10.84,0.0,1211
2023-12-06,2889,4647070,53997701,10.84,10.88,10.84,10.84,0.0,1340
2023-12-07,2889,9443821,108812121,10.79,10.79,10.74,10.74,-0.1,2861
2023-12-08,2889,5903313,67746564,10.74,10.74,10.7,10.7,-0.04,2257
2023-12-11,2889,5084540,58135506,10.74,10.74,10.65,10.65,-0.05,1911
2023-12-12,2889,5809866,66313473,10.7,10.74,10.65,10.65,0.0,1856
2023-12-13,2889,5298353,60445995,10.65,10.7,10.6,10.65,0.0,1749
2023-12-14,2889,6211347,71788728,10.7,10.84,10.7,10.84,0.19,2208
2023-12-15,2889,4932665,57170174,10.84,10.88,10.79,10.79,-0.05,1804
2023-12-18,2889,2644232,30711425,10.79,10.88,10.79,10.88,0.09,1037
2023-12-19,2889,2549685,29517471,10.84,10.88,10.79,10.79,-0.09,909
2023-12-20,2889,2587378,29984630,10.88,10.88,10.79,10.79,0.0,958
2023-12-21,2889,1784296,20622650,10.79,10.84,10.74,10.79,0.0,779
2023-12-22,2889,1380758,15968733,10.79,10.84,10.79,10.79,0.0,625
2023-12-25,2889,1429692,16537935,10.84,10.84,10.79,10.79,0.0,686
2023-12-26,2889,18602157,219950065,10.93,11.21,10.93,11.17,0.38,4736
2023-12-27,2889,17132959,207932003,11.26,11.4,11.21,11.4,0.23,4347
2023-12-28,2889,7594991,92754225,11.45,11.45,11.35,11.45,0.05,2302
2023-12-29,2889,8049593,98768710,11.45,11.54,11.4,11.45,0.0,2472
2024-01-02,2889,4909748,60512854,11.49,11.59,11.45,11.49,0.04,1580
2024-01-03,2889,5981534,73090427,11.49,11.49,11.35,11.45,-0.04,2064
2024-01-04,2889,4517901,55295903,11.45,11.49,11.4,11.45,0.0,1154
2024-01-05,2889,3372546,41375640,11.49,11.49,11.45,11.49,0.04,1018
2024-01-08,2889,3748460,46226090,11.49,11.59,11.49,11.49,0.0,1290
2024-01-09,2889,3661222,44925910,11.49,11.54,11.4,11.45,-0.04,1052
2024-01-10,2889,3326064,40245173,11.4,11.4,11.26,11.26,-0.19,1353
2024-01-11,2889,1659500,20031483,11.31,11.31,11.26,11.26,0.0,891
2024-01-12,2889,1638102,19746784,11.26,11.31,11.21,11.26,0.0,801
2024-01-15,2889,1627914,19655952,11.31,11.31,11.26,11.26,0.0,773
2024-01-16,2889,6296816,74853256,11.21,11.26,11.02,11.07,-0.19,2334
2024-01-17,2889,4522441,53442672,11.07,11.12,10.98,10.98,-0.09,2168
2024-01-18,2889,1677323,19826696,11.02,11.12,10.93,11.02,0.04,868
2024-01-19,2889,3625338,43315439,11.12,11.21,11.12,11.17,0.15,1148
2024-01-22,2889,2321557,27704954,11.21,11.26,11.12,11.12,-0.05,1074
2024-01-23,2889,1322682,15799472,11.12,11.21,11.12,11.21,0.09,714
2024-01-24,2889,1650150,19727733,11.21,11.21,11.12,11.17,-0.04,912
2024-01-25,2889,1104455,13160171,11.17,11.21,11.12,11.12,-0.05,747
2024-01-26,2889,2402114,28692785,11.07,11.21,11.07,11.17,0.05,733
2024-01-29,2889,2202678,26377004,11.12,11.21,11.12,11.17,0.0,655
2024-01-30,2889,1853411,22087833,11.17,11.21,11.12,11.12,-0.05,856
2024-01-31,2889,2122347,25411467,11.17,11.21,11.17,11.17,0.05,872
2024-02-01,2889,2017387,24128850,11.21,11.21,11.12,11.17,0.0,897
2024-02-02,2889,4914804,59473516,11.26,11.35,11.21,11.35,0.18,1902
2024-02-05,2889,10477390,128355586,11.4,11.54,11.4,11.45,0.1,2996
2024-02-15,2889,5397383,65739222,11.45,11.45,11.31,11.4,-0.05,1988
2024-02-16,2889,3094153,37554540,11.4,11.4,11.31,11.35,-0.05,1317
2024-02-19,2889,4756857,58189561,11.35,11.49,11.35,11.49,0.14,1679
2024-02-20,2889,1850831,22651142,11.45,11.49,11.4,11.4,-0.09,1054
2024-02-21,2889,2641190,32215134,11.45,11.45,11.35,11.35,-0.05,1057
2024-02-22,2889,2531202,30778779,11.35,11.4,11.35,11.35,0.0,935
2024-02-23,2889,2889799,35100906,11.35,11.4,11.31,11.31,-0.04,1165
2024-02-26,2889,1762353,21349403,11.31,11.35,11.31,11.31,0.0,967
2024-02-27,2889,2973612,36099364,11.31,11.4,11.31,11.31,0.0,967
2024-02-29,2889,8916770,109777173,11.4,11.59,11.4,11.49,0.18,2608
2024-03-01,2889,2324397,28453260,11.49,11.49,11.4,11.45,-0.04,1148
2024-03-04,2889,3170742,38734363,11.45,11.45,11.4,11.4,-0.05,1503
2024-03-05,2889,7045024,86865157,11.45,11.59,11.45,11.54,0.14,2063
2024-03-06,2889,4994839,61943828,11.54,11.63,11.54,11.59,0.05,1923
2024-03-07,2889,11698005,147213272,11.63,11.87,11.63,11.77,0.18,3288
2024-03-08,2889,8529500,106952605,11.77,11.82,11.63,11.68,-0.09,2965
2024-03-11,2889,5629307,70987186,11.68,11.87,11.63,11.82,0.14,1854
2024-03-12,2889,4819313,60989907,11.82,11.87,11.77,11.87,0.05,1594
2024-03-13,2889,8536710,108458825,11.82,11.96,11.77,11.91,0.04,2988
2024-03-14,2889,75735561,1049497629,12.94,13.08,12.66,12.89,0.98,18740
2024-03-15,2889,30474669,420147066,12.85,13.03,12.66,12.99,0.1,8275
2024-03-18,2889,15583637,213635406,12.99,12.99,12.71,12.75,-0.24,5078
2024-03-19,2889,7232063,98467499,12.75,12.8,12.66,12.71,-0.04,3137
2024-03-20,2889,10765070,145710941,12.71,12.8,12.61,12.61,-0.1,3798
2024-03-21,2889,8733930,118710306,12.66,12.75,12.66,12.71,0.1,2529
2024-03-22,2889,8495952,116014525,12.71,12.85,12.66,12.8,0.09,2563
2024-03-25,2889,7619663,104944966,12.85,12.94,12.8,12.8,0.0,2662
2024-03-26,2889,6410351,88009133,12.85,12.89,12.75,12.8,0.0,2440
2024-03-27,2889,6267418,86483369,12.8,12.94,12.8,12.94,0.14,2477
2024-03-28,2889,5524852,76732504,12.99,13.03,12.94,12.99,0.05,3123
2024-03-29,2889,5972657,82866649,13.03,13.03,12.89,12.99,0.0,2233
2024-04-01,2889,6749468,94162380,12.99,13.17,12.99,12.99,0.0,1960
2024-04-02,2889,5640939,78152138,12.99,13.03,12.89,12.99,0.0,1739
2024-04-03,2889,5139752,71084765,12.94,12.99,12.89,12.89,-0.1,1520
2024-04-08,2889,6170960,85507301,12.85,13.03,12.85,12.99,0.1,1739
2024-04-09,2889,11372142,159020210,12.99,13.13,12.99,13.08,0.09,2386
2024-04-10,2889,6072067,84691690,13.03,13.08,12.99,13.03,-0.05,1704
2024-04-11,2889,3818976,53117487,13.03,13.03,12.94,12.99,-0.04,1059
2024-04-12,2889,4906263,67935673,12.94,12.99,12.89,12.94,-0.05,1540
2024-04-15,2889,4458627,61402762,12.89,12.94,12.8,12.89,-0.05,1837
2024-04-16,2889,9862953,134718484,12.85,12.89,12.71,12.71,-0.18,3449
2024-04-17,2889,11581044,157362521,12.71,12.8,12.61,12.61,-0.1,2861
2024-04-18,2889,20403200,274778034,12.71,12.71,12.52,12.57,-0.04,3247
2024-04-19,2889,12136291,164303244,12.66,12.8,12.47,12.71,0.14,3429
2024-04-22,2889,11248746,155736295,12.75,13.03,12.75,12.99,0.28,2945
2024-04-23,2889,9711759,135855007,13.08,13.13,12.99,13.08,0.09,2826
2024-04-24,2889,6042651,84299877,13.08,13.13,12.99,13.08,0.0,2332
2024-04-25,2889,2566525,35796969,13.08,13.08,12.99,13.03,-0.05,1267
2024-04-26,2889,7254019,100947895,13.03,13.03,12.94,13.03,0.0,1849
2024-04-29,2889,35989613,519301571,13.03,13.73,13.03,13.64,0.61,8508
2024-04-30,2889,8516109,123703328,13.55,13.64,13.45,13.59,-0.05,3200
2024-05-02,2889,17614830,258253468,13.59,13.78,13.55,13.73,0.14,4167
2024-05-03,2889,24342289,366722892,13.87,14.25,13.78,14.11,0.38,6427
2024-05-06,2889,21504722,329640858,14.25,14.58,14.06,14.48,0.37,6801
2024-05-07,2889,18487794,288181077,14.58,14.72,14.48,14.53,0.05,5550
2024-05-08,2889,13795635,214127875,14.58,14.67,14.34,14.48,-0.05,4501
2024-05-09,2889,21995903,333105519,14.39,14.39,14.01,14.01,-0.47,8516
2024-05-10,2889,28517545,441849688,14.11,14.67,14.11,14.58,0.57,8123
2024-05-13,2889,11470857,177956645,14.58,14.62,14.34,14.58,0.0,4033
2024-05-14,2889,10006176,154170236,14.53,14.53,14.29,14.34,-0.24,3607
2024-05-15,2889,11072969,172072371,14.34,14.62,14.29,14.48,0.14,3296
2024-05-16,2889,13356760,208199813,14.58,14.62,14.39,14.62,0.14,4239
2024-05-17,2889,10444656,163221421,14.62,14.72,14.44,14.67,0.05,2878
2024-05-20,2889,15882914,252135363,14.67,14.95,14.62,14.9,0.23,5278
2024-05-21,2889,12730330,198488001,14.9,14.9,14.39,14.67,-0.23,4964
2024-05-22,2889,5818815,91032826,14.67,14.76,14.53,14.58,-0.09,2415
2024-05-23,2889,7643053,118411933,14.67,14.67,14.39,14.48,-0.1,3276
2024-05-24,2889,7085147,109258225,14.39,14.53,14.25,14.44,-0.04,2640
2024-05-27,2889,4764195,73734313,14.39,14.58,14.34,14.48,0.04,2346
2024-05-28,2889,5376631,83037513,14.48,14.53,14.39,14.39,-0.09,2821
2024-05-29,2889,35747613,554669123,14.39,14.86,14.11,14.39,0.0,10521
2024-05-30,2889,30188849,465886630,14.39,14.62,14.25,14.29,-0.1,5716
2024-05-31,2889,41322672,628535528,14.48,14.48,14.06,14.06,-0.23,10368
2024-06-03,2889,40106303,603871307,14.2,14.25,13.92,13.97,-0.09,8317
2024-06-04,2889,37691522,560279442,13.97,14.01,13.64,13.87,-0.1,8254
2024-06-05,2889,32133541,484259754,13.87,14.2,13.87,14.06,0.19,5398
2024-06-06,2889,33344423,509255338,14.06,14.39,14.06,14.25,0.19,7261
2024-06-07,2889,33034145,513024517,14.25,14.62,14.25,14.53,0.28,5430
2024-06-11,2889,32124733,500847147,14.53,14.72,14.39,14.48,-0.05,4791
2024-06-12,2889,26923619,416820865,14.48,14.62,14.2,14.62,0.14,5121
2024-06-13,2889,6378994,98966186,14.62,14.62,14.44,14.53,-0.09,2638
2024-06-14,2889,5901926,90716486,14.44,14.44,14.29,14.34,-0.19,2339
2024-06-17,2889,9240713,143194938,14.34,14.58,14.29,14.48,0.14,2361
2024-06-18,2889,5642522,87579498,14.53,14.53,14.44,14.53,0.05,1944
2024-06-19,2889,8763656,136384441,14.48,14.62,14.44,14.58,0.05,2597
2024-06-20,2889,6139080,96058412,14.58,14.67,14.58,14.67,0.09,1893
2024-06-21,2889,18971997,300113105,14.62,14.9,14.58,14.86,0.19,3501
2024-06-24,2889,6195707,97824906,14.86,14.86,14.67,14.67,-0.19,1771
2024-06-25,2889,3375207,53066495,14.81,14.81,14.58,14.76,0.09,1630
2024-06-26,2889,4287709,67321272,14.76,14.76,14.58,14.67,-0.09,1686
2024-06-27,2889,11888314,186855022,14.53,14.76,14.44,14.72,0.05,2806
2024-06-28,2889,28797348,462716214,14.76,15.14,14.76,15.04,0.32,5751
2024-07-01,2889,36544106,603144114,15.04,15.7,15.0,15.42,0.38,7528
2024-07-02,2889,21051016,351909320,15.51,15.74,15.37,15.7,0.28,4509
2024-07-03,2889,19776889,334155429,15.7,15.88,15.56,15.79,0.09,4705
2024-07-04,2889,18913302,321468864,15.79,16.07,15.65,15.84,0.05,5700
2024-07-05,2889,7201516,121919385,15.84,15.93,15.74,15.84,0.0,2290
2024-07-08,2889,20934117,358110783,15.84,16.07,15.79,16.02,0.18,4567
2024-07-09,2889,18316882,311378300,16.07,16.07,15.65,15.88,-0.14,4478
2024-07-10,2889,15936492,272229446,15.79,16.12,15.79,15.98,0.1,3831
2024-07-11,2889,22217779,381928594,15.98,16.21,15.93,15.98,0.0,4839
2024-07-12,2889,23052341,393935770,15.98,16.12,15.88,15.93,-0.05,7277
2024-07-15,2889,48559486,765224048,15.85,16.1,15.4,15.75,-0.18,8439
2024-07-16,2889,18146130,281591796,15.8,15.95,15.4,15.5,-0.25,4792
2024-07-17,2889,11130319,170002868,15.4,15.45,15.2,15.25,-0.25,6332
2024-07-18,2889,10551915,161325212,15.1,15.5,15.0,15.45,0.2,3308
2024-07-19,2889,14971972,225318059,15.4,15.4,14.9,15.0,-0.45,5084
2024-07-22,2889,9355059,138804531,15.0,15.0,14.65,15.0,0.0,3365
2024-07-23,2889,7409189,111626975,14.95,15.2,14.9,15.2,0.2,2582
2024-07-26,2889,10547980,158288129,14.8,15.15,14.8,15.0,-0.2,3347
2024-07-29,2889,8491926,129035184,15.1,15.3,15.05,15.3,0.3,2349
2024-07-30,2889,8342967,125539028,15.25,15.25,14.85,15.2,-0.1,2678
2024-07-31,2889,6049009,92108655,15.25,15.3,15.05,15.2,0.0,1582
2024-08-01,2889,6068760,93360892,15.35,15.45,15.2,15.45,0.25,1787
2024-08-02,2889,7768876,118634701,15.3,15.35,15.15,15.25,-0.2,1908
2024-08-05,2889,16987248,244493095,14.95,15.0,14.1,14.25,-1.0,5267
2024-08-06,2889,12709576,181430865,14.25,14.5,13.8,14.4,0.15,3875
2024-08-07,2889,7793824,114262459,14.4,14.9,14.4,14.65,0.25,2148
2024-08-08,2889,6323157,93886802,14.6,15.0,14.55,14.95,0.3,2051
2024-08-09,2889,7996555,121147205,14.95,15.25,14.95,15.15,0.2,2428
2024-08-12,2889,4390326,66480665,15.1,15.2,15.05,15.15,0.0,1847
2024-08-13,2889,5354798,81269504,15.2,15.25,15.0,15.25,0.1,1945
2024-08-14,2889,6545972,100820526,15.3,15.5,15.2,15.5,0.25,1975
2024-08-15,2889,4235867,64837979,15.55,15.55,15.2,15.25,-0.25,1843
2024-08-16,2889,3247167,49958110,15.45,15.5,15.25,15.25,0.0,1333
2024-08-19,2889,2383937,36271518,15.3,15.3,15.15,15.2,-0.05,1044
2024-08-20,2889,2104914,31933473,15.2,15.2,15.1,15.2,0.0,848
2024-08-21,2889,3451407,52428095,15.15,15.3,15.1,15.3,0.1,1324
2024-08-22,2889,1657549,25269605,15.3,15.3,15.15,15.3,0.0,937
2024-08-23,2889,2434028,37111593,15.3,15.3,15.15,15.3,0.0,909
2024-08-26,2889,5674613,88034139,15.3,15.6,15.3,15.55,0.25,1948
2024-08-27,2889,3466861,53727270,15.45,15.6,15.35,15.6,0.05,1475
2024-08-28,2889,2428981,37794242,15.6,15.65,15.5,15.5,-0.1,1085
2024-08-29,2889,5213623,81077572,15.5,15.65,15.35,15.6,0.1,1930
2024-08-30,2889,5919731,92635838,15.6,15.75,15.5,15.75,0.15,1895
2024-09-02,2889,5434633,86036256,15.7,15.95,15.65,15.95,0.2,2322
2024-09-03,2889,7760525,123234134,15.95,16.0,15.75,15.8,-0.15,3735
2024-09-04,2889,13418811,209208948,15.45,15.85,15.25,15.4,-0.4,4862
2024-09-05,2889,7795208,122392370,15.5,15.9,15.45,15.6,0.2,2723
2024-09-06,2889,8413555,131757980,15.6,15.8,15.3,15.8,0.2,3044
2024-09-09,2889,10051297,156370058,15.35,15.75,15.35,15.5,-0.3,3439
2024-09-10,2889,4303371,66861314,15.55,15.7,15.4,15.5,0.0,1661
2024-09-11,2889,8071885,122375856,15.45,15.45,15.0,15.05,-0.45,3761
2024-09-12,2889,4097197,62121049,15.2,15.25,15.0,15.2,0.15,1484
2024-09-13,2889,6943704,105368375,15.25,15.3,15.05,15.3,0.1,2762
2024-09-16,2889,4562678,69517985,15.25,15.45,15.1,15.25,-0.05,2265
2024-09-18,2889,8190384,122356396,15.2,15.2,14.8,14.8,-0.45,4408
2024-09-19,2889,6766422,101064649,14.85,15.05,14.8,14.95,0.15,2250
2024-09-20,2889,14260831,210769515,15.1,15.1,14.7,14.75,-0.2,4407
2024-09-23,2889,8812465,129451760,14.8,14.85,14.55,14.7,-0.05,3184
2024-09-24,2889,4375539,64828279,14.75,14.95,14.65,14.8,0.1,1985
2024-09-25,2889,8206861,123194688,14.9,15.1,14.8,15.1,0.3,3122
2024-09-26,2889,7861696,118425053,15.15,15.15,14.95,15.1,0.0,2934
2024-09-27,2889,7138333,108258951,15.15,15.2,15.05,15.2,0.1,3373
2024-09-30,2889,8467976,128184951,15.1,15.25,15.0,15.15,-0.05,1996
2024-10-01,2889,7260660,109492983,15.15,15.15,14.95,15.15,0.0,2750
2024-10-04,2889,10594718,160918499,15.0,15.3,15.0,15.2,0.05,4285
2024-10-07,2889,6965254,107337897,15.3,15.5,15.3,15.5,0.3,3011
2024-10-08,2889,9080702,140046269,15.35,15.55,15.1,15.55,0.05,3684
2024-10-09,2889,6591404,101390230,15.45,15.5,15.2,15.45,-0.1,2884
2024-10-11,2889,5914340,89796969,15.4,15.4,15.1,15.2,-0.25,2593
2024-10-14,2889,7176572,110240784,15.2,15.45,15.15,15.45,0.25,2721
2024-10-15,2889,8512049,132037835,15.45,15.6,15.35,15.6,0.15,3746
2024-10-16,2889,17068167,264853431,15.55,15.6,15.3,15.55,-0.05,3508
2024-10-17,2889,7232528,112620082,15.5,15.65,15.35,15.65,0.1,3400
2024-10-18,2889,5006543,78071116,15.7,15.7,15.5,15.55,-0.1,2133
2024-10-21,2889,7204500,111513728,15.6,15.6,15.35,15.55,0.0,3154
2024-10-22,2889,6073027,93111349,15.45,15.5,15.25,15.25,-0.3,1862
2024-10-23,2889,4929041,74740805,15.25,15.35,15.05,15.05,-0.2,1891
2024-10-24,2889,5361097,80712003,15.05,15.15,14.9,15.15,0.1,1746
2024-10-25,2889,3625967,54225741,15.1,15.15,14.9,14.9,-0.25,2015
2024-10-28,2889,2152084,32088062,15.05,15.05,14.85,14.85,-0.05,1308
2024-10-29,2889,3986866,58834622,14.85,14.85,14.7,14.75,-0.1,1568
2024-10-30,2889,3840066,56546294,14.8,14.8,14.65,14.75,0.0,1483
2024-11-01,2889,6577995,97932492,14.65,15.0,14.6,15.0,0.25,2358
2024-11-04,2889,4560306,67765020,15.0,15.0,14.75,14.8,-0.2,1738
2024-11-05,2889,4793599,70613205,14.8,14.85,14.65,14.8,0.0,2001
2024-11-06,2889,3369379,49601287,14.85,14.85,14.65,14.75,-0.05,1683
2024-11-07,2889,5080394,74451197,14.65,14.8,14.55,14.7,-0.05,2588
2024-11-08,2889,7912001,114797247,14.75,14.75,14.35,14.6,-0.1,3996
2024-11-11,2889,6477007,92957076,14.65,14.65,14.25,14.4,-0.2,3117
2024-11-12,2889,7259805,104556730,14.25,14.6,14.2,14.6,0.2,2805
2024-11-13,2889,7583095,108206868,14.4,14.4,14.2,14.25,-0.35,3708
2024-11-14,2889,6058189,86210470,14.2,14.4,14.1,14.2,-0.05,2010
2024-11-15,2889,4424721,62908337,14.05,14.4,14.05,14.15,-0.05,1821
2024-11-18,2889,6612516,94757031,14.1,14.5,14.1,14.5,0.35,2591
2024-11-19,2889,6059169,87474009,14.45,14.5,14.3,14.5,0.0,2719
2024-11-20,2889,2934327,42042905,14.4,14.5,14.2,14.25,-0.25,1807
2024-11-21,2889,2553405,36522648,14.25,14.4,14.15,14.35,0.1,1324
2024-11-22,2889,2065777,29508740,14.35,14.4,14.2,14.25,-0.1,1028
2024-11-25,2889,7190496,102031800,14.25,14.3,14.1,14.25,0.0,2536
2024-11-26,2889,8947089,127308107,14.25,14.3,14.1,14.3,0.05,3309
2024-11-27,2889,11582029,166269556,14.3,14.45,14.1,14.45,0.15,4555
2024-11-28,2889,13362590,193975360,14.4,14.7,14.25,14.7,0.25,5824
2024-11-29,2889,9284692,134755510,14.5,14.8,14.3,14.8,0.1,3365
2024-12-02,2889,8923004,131330322,14.65,14.85,14.5,14.7,-0.1,3142
2024-12-03,2889,9096212,134346194,14.8,14.85,14.6,14.85,0.15,3729
2024-12-04,2889,11957823,175964336,14.8,14.8,14.55,14.8,-0.05,4034
2024-12-05,2889,8384217,123768783,14.75,14.9,14.6,14.9,0.1,2953
2024-12-06,2889,7848899,116945104,14.8,15.0,14.8,15.0,0.1,3045
2024-12-09,2889,7609442,113884685,14.95,15.05,14.85,14.95,-0.05,2053
2024-12-10,2889,5897833,88069082,14.95,15.05,14.8,14.95,0.0,2043
2024-12-11,2889,10395106,154827609,14.9,15.0,14.75,15.0,0.05,3436
2024-12-12,2889,8888594,132984474,14.9,15.05,14.85,15.0,0.0,3041
2024-12-13,2889,10343933,155021943,14.9,15.05,14.85,15.05,0.05,3638
2024-12-16,2889,11076229,167212924,15.0,15.2,14.95,15.1,0.05,4546
2024-12-17,2889,14613102,220428166,15.05,15.2,14.9,15.2,0.1,3507
2024-12-18,2889,14102599,217353068,15.15,15.5,15.15,15.5,0.3,5616
2024-12-19,2889,13670387,211781751,15.35,15.6,15.35,15.5,0.0,4951
2024-12-20,2889,13604967,209074861,15.45,15.55,15.2,15.2,-0.3,3908
2024-12-23,2889,12872903,198394881,15.35,15.6,15.2,15.25,0.05,3967
2024-12-24,2889,7282101,110961373,15.2,15.3,15.1,15.25,0.0,2898
2024-12-25,2889,5845489,88938641,15.3,15.4,15.1,15.15,-0.1,2889
2024-12-26,2889,4840157,73427402,15.15,15.3,15.1,15.1,-0.05,2106
2024-12-27,2889,5620127,85294663,15.15,15.3,15.05,15.2,0.1,2518
2024-12-30,2889,5792608,88396856,15.2,15.35,15.05,15.35,0.15,2199
2024-12-31,2889,7486520,112207214,15.2,15.25,14.85,14.95,-0.4,3211
