date,stock_id,Trading_Volume,Trading_money,open,max,min,close,spread,Trading_turnover
2010-01-04,1532,11620829,546756398,15.01,16.01,15.01,15.98,1.0,3929
2010-01-05,1532,7616055,360675695,16.01,16.24,15.44,15.51,-0.47,2843
2010-01-06,1532,3213853,150884940,15.64,15.81,15.51,15.63,0.12,1399
2010-01-07,1532,10729808,518998947,16.01,16.51,15.78,15.93,0.3,3872
2010-01-08,1532,4762752,228990646,16.18,16.28,15.74,16.01,0.08,2016
2010-01-11,1532,5233896,254354958,16.03,16.38,16.03,16.06,0.05,1931
2010-01-12,1532,3367990,160286607,16.21,16.21,15.76,15.78,-0.28,1385
2010-01-13,1532,2473111,116306960,15.61,15.84,15.53,15.58,-0.2,941
2010-01-14,1532,2011295,94596138,15.61,15.84,15.54,15.64,0.06,868
2010-01-15,1532,1941453,91101141,15.84,15.88,15.58,15.58,-0.06,793
2010-01-18,1532,2417345,114995572,15.51,16.01,15.51,15.84,0.26,1087
2010-01-19,1532,1772972,83953532,15.91,16.03,15.64,15.64,-0.2,734
2010-01-20,1532,1909640,90246462,15.88,15.89,15.61,15.68,0.04,798
2010-01-21,1532,2040324,94531616,15.61,15.68,15.26,15.31,-0.37,896
2010-01-22,1532,2483031,110978830,15.01,15.08,14.69,14.94,-0.37,841
2010-01-25,1532,1605181,70693370,14.68,14.83,14.59,14.61,-0.33,635
2010-01-26,1532,2209944,94286959,14.68,14.94,13.81,13.94,-0.67,895
2010-01-27,1532,1624322,68368879,14.01,14.41,13.78,14.08,0.14,682
2010-01-28,1532,917113,39456432,14.34,14.46,14.18,14.38,0.3,485
2010-01-29,1532,898801,38289395,14.34,14.34,14.01,14.34,-0.04,442
2010-02-01,1532,358006,15271752,14.34,14.38,14.11,14.19,-0.15,211
2010-02-02,1532,732991,31082769,14.31,14.33,13.94,13.94,-0.25,451
2010-02-03,1532,682417,28621378,14.21,14.21,13.86,13.98,0.04,352
2010-02-04,1532,531628,22499924,14.09,14.24,14.01,14.14,0.16,284
2010-02-05,1532,1509719,60899286,13.94,13.94,13.31,13.38,-0.76,672
2010-02-06,1532,1037202,40676578,13.44,13.48,12.68,13.01,-0.37,398
2010-02-08,1532,450157,17760464,13.06,13.26,13.01,13.21,0.2,255
2010-02-09,1532,606296,24415939,13.13,13.63,13.06,13.63,0.42,316
2010-02-10,1532,899533,37562367,13.74,14.18,13.74,13.84,0.21,373
2010-02-22,1532,860293,36766791,14.51,14.51,14.08,14.14,0.3,373
2010-02-23,1532,479093,20377726,14.48,14.48,14.06,14.09,-0.05,234
2010-02-24,1532,502188,21217609,13.84,14.18,13.84,14.18,0.09,259
2010-02-25,1532,681268,28693821,14.31,14.31,13.86,13.86,-0.32,339
2010-02-26,1532,649807,27188918,13.86,14.14,13.84,13.88,0.02,301
2010-03-01,1532,616660,26032266,13.88,14.19,13.88,14.11,0.23,260
2010-03-02,1532,2262244,98690942,14.41,14.78,14.34,14.34,0.23,869
2010-03-03,1532,849493,36829249,14.34,14.61,14.34,14.34,0.0,383
2010-03-04,1532,543235,23352009,14.34,14.48,14.19,14.21,-0.13,325
2010-03-05,1532,552617,23789981,14.28,14.46,14.28,14.34,0.13,261
2010-03-08,1532,746304,32210359,14.54,14.54,14.34,14.34,0.0,287
2010-03-09,1532,476958,20498243,14.36,14.44,14.28,14.34,0.0,232
2010-03-10,1532,673122,29090724,14.34,14.51,14.28,14.51,0.17,285
2010-03-11,1532,3527273,157180150,14.68,15.01,14.68,14.86,0.35,1427
2010-03-12,1532,993654,43743560,14.88,14.88,14.56,14.58,-0.28,488
2010-03-15,1532,1020237,43984402,14.58,14.59,14.26,14.28,-0.3,514
2010-03-16,1532,481601,20632919,14.24,14.44,14.21,14.34,0.06,265
2010-03-17,1532,844060,36381368,14.34,14.48,14.34,14.38,0.04,418
2010-03-18,1532,6933204,309320133,14.38,15.09,14.34,14.96,0.58,2576
2010-03-19,1532,3226197,145157972,15.08,15.16,14.84,14.96,0.0,1472
2010-03-22,1532,1391301,62009535,15.04,15.04,14.73,14.96,0.0,581
2010-03-23,1532,1067654,47604300,15.04,15.06,14.74,14.74,-0.22,479
2010-03-24,1532,876858,38913902,14.74,14.89,14.74,14.74,0.0,433
2010-03-25,1532,1686686,75783852,14.74,15.14,14.68,15.01,0.27,830
2010-03-26,1532,3603894,163960744,15.01,15.34,14.96,15.23,0.22,1325
2010-03-29,1532,2512826,115378852,15.34,15.39,15.23,15.23,0.0,973
2010-03-30,1532,1313303,60188913,15.28,15.39,15.18,15.23,0.0,563
2010-03-31,1532,1201690,54767770,15.31,15.31,15.14,15.14,-0.09,398
2010-04-01,1532,1412333,64254035,15.18,15.31,15.04,15.09,-0.05,610
2010-04-02,1532,953159,43317239,15.14,15.24,15.09,15.18,0.09,382
2010-04-06,1532,1809337,83173640,15.29,15.41,15.24,15.29,0.11,755
2010-04-07,1532,1692829,77858812,15.34,15.43,15.26,15.28,-0.01,641
2010-04-08,1532,4204840,195670211,15.34,15.83,15.24,15.59,0.31,1538
2010-04-09,1532,1841792,85032671,15.59,15.66,15.28,15.36,-0.23,755
2010-04-12,1532,1272004,58393630,15.41,15.44,15.23,15.24,-0.12,483
2010-04-13,1532,1009619,46033505,15.31,15.31,15.11,15.11,-0.13,449
2010-04-14,1532,803994,36884671,15.34,15.41,15.21,15.31,0.2,325
2010-04-15,1532,1411330,65095188,15.44,15.51,15.18,15.31,0.0,636
2010-04-16,1532,661620,30289138,15.34,15.39,15.18,15.19,-0.12,367
2010-04-19,1532,1893360,83855481,15.01,15.11,14.48,14.51,-0.68,795
2010-04-20,1532,834947,36568031,14.58,14.81,14.36,14.56,0.05,384
2010-04-21,1532,591981,26029660,14.74,14.74,14.61,14.71,0.15,350
2010-04-22,1532,742777,32394484,14.61,14.68,14.49,14.58,-0.13,401
2010-04-23,1532,566644,24857723,14.64,14.73,14.59,14.61,0.03,268
2010-04-26,1532,1030539,45394594,14.68,14.81,14.61,14.64,0.03,386
2010-04-27,1532,412967,18140052,14.64,14.74,14.61,14.64,0.0,174
2010-04-28,1532,637866,27698022,14.19,14.64,14.19,14.58,-0.06,319
2010-04-29,1532,3048519,138114046,14.58,15.41,14.54,15.18,0.6,1263
2010-04-30,1532,3351415,151381816,15.34,15.34,14.78,14.83,-0.35,1085
2010-05-03,1532,1456328,63851231,14.83,14.84,14.48,14.59,-0.24,576
2010-05-04,1532,991787,43159691,14.61,14.68,14.41,14.44,-0.15,438
2010-05-05,1532,1346566,56783972,14.21,14.21,13.98,13.99,-0.45,610
2010-05-06,1532,682742,28718922,13.99,14.18,13.94,14.01,0.02,351
2010-05-07,1532,999427,41322913,13.84,13.94,13.61,13.94,-0.07,419
2010-05-10,1532,421995,17748740,14.11,14.11,13.94,14.04,0.1,250
2010-05-11,1532,572929,24210071,14.11,14.18,14.03,14.03,-0.01,278
2010-05-12,1532,248007,10448438,14.04,14.11,14.01,14.03,0.0,137
2010-05-13,1532,474781,20255616,14.34,14.34,14.11,14.21,0.18,247
2010-05-14,1532,557839,23527908,14.18,14.19,14.01,14.01,-0.2,320
2010-05-17,1532,282583,11780967,14.01,14.01,13.88,13.88,-0.13,177
2010-05-18,1532,392600,16356969,13.94,13.94,13.86,13.91,0.03,186
2010-05-19,1532,479300,19953589,13.84,14.08,13.79,13.98,0.07,233
2010-05-20,1532,238300,9949850,14.01,14.01,13.88,13.88,-0.1,135
2010-05-21,1532,865031,34951714,13.34,13.68,13.34,13.51,-0.37,335
2010-05-24,1532,535524,21753809,13.61,13.61,13.51,13.53,0.02,209
2010-05-25,1532,969359,38208282,13.34,13.48,12.91,13.04,-0.49,434
2010-05-26,1532,751372,29390577,13.01,13.21,13.01,13.01,-0.03,383
2010-05-27,1532,337796,13223429,13.01,13.24,12.94,13.18,0.17,179
2010-05-28,1532,946402,38327298,13.51,13.58,13.44,13.51,0.33,354
2010-05-31,1532,621786,25497006,13.64,13.84,13.58,13.78,0.27,244
2010-06-01,1532,537105,22257930,13.79,13.94,13.68,13.74,-0.04,279
2010-06-02,1532,366060,14930568,13.68,13.71,13.53,13.61,-0.13,205
2010-06-03,1532,217634,8976469,13.71,13.86,13.71,13.78,0.17,120
2010-06-04,1532,223401,9193148,13.91,13.91,13.64,13.69,-0.09,153
2010-06-07,1532,343386,13801594,13.38,13.54,13.34,13.46,-0.23,195
2010-06-08,1532,444013,17839220,13.44,13.51,13.38,13.38,-0.08,284
2010-06-09,1532,358405,14372676,13.48,13.54,13.28,13.28,-0.1,209
2010-06-10,1532,169800,6820939,13.28,13.44,13.28,13.44,0.16,95
2010-06-11,1532,209038,8486779,13.58,13.64,13.51,13.54,0.1,121
2010-06-14,1532,352165,14396747,13.59,13.74,13.56,13.68,0.14,173
2010-06-15,1532,684013,28126875,13.81,13.84,13.63,13.63,-0.05,293
2010-06-17,1532,563069,23060366,13.68,13.79,13.61,13.63,0.0,197
2010-06-18,1532,294788,12070658,13.64,13.74,13.61,13.68,0.05,134
2010-06-21,1532,780953,32419890,13.81,13.93,13.74,13.88,0.2,354
2010-06-22,1532,549049,22927888,13.88,14.01,13.88,13.91,0.03,225
2010-06-23,1532,389960,16232242,13.84,13.94,13.81,13.86,-0.05,181
2010-06-24,1532,272127,11370482,13.88,13.96,13.88,13.96,0.1,132
2010-06-25,1532,460098,18944468,13.91,13.91,13.64,13.68,-0.28,244
2010-06-28,1532,378172,15534691,13.76,13.78,13.66,13.69,0.01,224
2010-06-29,1532,298159,12233909,13.68,13.81,13.61,13.61,-0.08,157
2010-06-30,1532,408400,16386289,13.36,13.49,13.34,13.41,-0.2,214
2010-07-01,1532,415038,16655974,13.34,13.51,13.34,13.36,-0.05,168
2010-07-02,1532,336302,13498791,13.46,13.46,13.36,13.36,0.0,161
2010-07-05,1532,346207,13898730,13.38,13.46,13.34,13.46,0.1,159
2010-07-06,1532,330851,13442564,13.44,13.68,13.38,13.58,0.12,182
2010-07-07,1532,693174,28425557,13.63,13.78,13.61,13.61,0.03,409
2010-07-08,1532,381626,15670287,13.68,13.79,13.61,13.68,0.07,196
2010-07-09,1532,479670,19768618,13.74,13.81,13.68,13.78,0.1,186
2010-07-12,1532,313644,12921287,13.84,13.84,13.68,13.68,-0.1,174
2010-07-13,1532,437181,17937733,13.68,13.74,13.68,13.68,0.0,148
2010-07-14,1532,193044,7943245,13.71,13.76,13.69,13.71,0.03,123
2010-07-15,1532,360495,14777218,13.71,13.71,13.64,13.66,-0.05,179
2010-07-16,1532,378259,15444629,13.61,13.68,13.58,13.61,-0.05,183
2010-07-19,1532,352925,14321761,13.54,13.64,13.48,13.58,-0.03,157
2010-07-20,1532,487130,19811331,13.59,13.66,13.49,13.63,0.05,230
2010-07-21,1532,427727,17390592,13.63,13.63,13.51,13.56,-0.07,203
2010-07-22,1532,3011027,128570534,13.61,14.48,13.56,14.14,0.58,1412
2010-07-23,1532,2019135,86723894,14.28,14.44,14.26,14.26,0.12,846
2010-07-26,1532,2255953,97791541,14.48,14.59,14.38,14.59,0.33,890
2010-07-27,1532,1695319,74393908,14.78,14.78,14.51,14.54,-0.05,738
2010-07-28,1532,1133059,49516569,14.61,14.63,14.54,14.59,0.05,488
2010-07-29,1532,1514902,66026887,14.58,14.63,14.41,14.56,-0.03,650
2010-07-30,1532,1830259,80043233,14.58,14.64,14.56,14.61,0.05,701
2010-08-02,1532,2812082,124153348,14.61,14.94,14.61,14.94,0.33,1056
2010-08-03,1532,3934891,177383320,15.01,15.18,14.93,14.96,0.02,1487
2010-08-04,1532,8274429,373078502,14.96,15.21,14.93,15.19,0.23,2717
2010-08-05,1532,8758044,313292746,15.7,15.79,15.35,15.35,0.16,2757
2010-08-06,1532,2499381,87562747,15.22,15.39,15.18,15.26,-0.09,845
2010-08-09,1532,1132451,39998106,15.48,15.48,15.35,15.37,0.11,489
2010-08-10,1532,957478,34061525,15.7,15.7,15.39,15.44,0.07,475
2010-08-11,1532,938856,32967986,15.44,15.44,15.22,15.26,-0.18,413
2010-08-12,1532,950195,32755013,15.05,15.18,14.94,15.02,-0.24,463
2010-08-13,1532,487000,16911149,15.24,15.24,15.09,15.13,0.11,320
2010-08-16,1532,595779,20725548,15.09,15.35,15.05,15.24,0.11,323
2010-08-17,1532,745798,26109280,15.35,15.37,15.18,15.22,-0.02,365
2010-08-18,1532,537002,18776918,15.37,15.37,15.2,15.26,0.04,283
2010-08-19,1532,857341,30007835,15.26,15.35,15.2,15.26,0.0,292
2010-08-20,1532,620785,21648625,15.11,15.26,15.11,15.22,-0.04,222
2010-08-23,1532,1101398,38468138,15.26,15.35,15.07,15.18,-0.04,380
2010-08-24,1532,958322,33568943,15.35,15.39,15.13,15.26,0.08,432
2010-08-25,1532,985866,33868188,15.18,15.18,14.83,14.83,-0.43,458
2010-08-26,1532,866103,28931876,14.74,14.83,14.39,14.48,-0.35,354
2010-08-27,1532,676048,22371182,14.48,14.54,14.39,14.54,0.06,295
2010-08-30,1532,660555,22366859,14.57,15.0,14.57,14.74,0.2,290
2010-08-31,1532,560338,18581865,14.61,14.65,14.39,14.48,-0.26,302
2010-09-01,1532,1074900,35107600,14.48,14.52,14.0,14.13,-0.35,422
2010-09-02,1532,1551309,49827135,14.39,14.39,13.76,14.04,-0.09,644
2010-09-03,1532,1647038,54600663,14.04,14.81,14.04,14.5,0.46,806
2010-09-06,1532,839240,28387376,14.74,14.87,14.63,14.65,0.15,355
2010-09-07,1532,804380,27421387,14.78,15.05,14.76,14.83,0.18,450
2010-09-08,1532,412504,13758184,14.61,14.81,14.46,14.48,-0.35,244
2010-09-09,1532,231051,7680988,14.41,14.67,14.41,14.48,0.0,125
2010-09-10,1532,931959,30480775,14.35,14.39,14.13,14.13,-0.35,643
2010-09-13,1532,804101,26106074,14.13,14.35,14.06,14.19,0.06,571
2010-09-14,1532,759781,25041064,14.41,14.57,14.26,14.28,0.09,681
2010-09-15,1532,619463,20169336,14.17,14.28,14.15,14.17,-0.11,491
2010-09-16,1532,537994,17455611,14.17,14.35,14.09,14.13,-0.04,317
2010-09-17,1532,552826,17948659,14.13,14.24,14.11,14.15,0.02,389
2010-09-20,1532,775175,25200914,14.15,14.28,14.09,14.09,-0.06,482
2010-09-21,1532,860574,27803616,14.17,14.17,13.98,13.98,-0.11,364
2010-09-23,1532,511903,16422746,14.0,14.09,13.93,13.95,-0.03,296
2010-09-24,1532,668501,21175395,13.95,13.95,13.74,13.78,-0.17,414
2010-09-27,1532,750497,23740933,13.78,13.91,13.74,13.76,-0.02,415
2010-09-28,1532,447809,14103924,13.76,13.87,13.69,13.72,-0.04,260
2010-09-29,1532,455305,14415720,13.72,13.87,13.72,13.8,0.08,270
2010-09-30,1532,1688727,55231832,13.87,14.52,13.87,14.26,0.46,826
2010-10-01,1532,731522,24043644,14.39,14.43,14.26,14.33,0.07,409
2010-10-04,1532,568845,18701795,14.48,14.48,14.17,14.26,-0.07,362
2010-10-05,1532,621206,19947508,14.26,14.26,13.89,13.93,-0.33,309
2010-10-06,1532,740187,23897339,14.06,14.13,14.02,14.11,0.18,409
2010-10-07,1532,604711,19589700,14.26,14.28,13.98,13.98,-0.13,315
2010-10-08,1532,412788,13165294,14.04,14.04,13.85,13.87,-0.11,219
2010-10-11,1532,329966,10476158,13.87,14.04,13.8,13.82,-0.05,169
2010-10-12,1532,578736,18195186,13.82,13.93,13.58,13.63,-0.19,315
2010-10-13,1532,310602,9717625,13.63,13.74,13.58,13.67,0.04,229
2010-10-14,1532,437882,13844121,13.72,13.91,13.67,13.82,0.15,293
2010-10-15,1532,425710,13401758,13.85,13.85,13.69,13.69,-0.13,212
2010-10-18,1532,615156,19189098,13.72,13.76,13.52,13.56,-0.13,273
2010-10-19,1532,438309,13605329,13.61,13.61,13.43,13.5,-0.06,232
2010-10-20,1532,508220,15636181,13.48,13.48,13.34,13.41,-0.09,237
2010-10-21,1532,166980,5150624,13.41,13.54,13.41,13.41,0.0,139
2010-10-22,1532,267869,8246631,13.43,13.52,13.34,13.43,0.02,162
2010-10-25,1532,370433,11537816,13.61,13.69,13.43,13.56,0.13,232
2010-10-26,1532,415815,13079556,13.61,13.78,13.61,13.69,0.13,229
2010-10-27,1532,794585,25353332,13.69,14.13,13.69,13.91,0.22,438
2010-10-28,1532,286916,9121467,13.82,14.04,13.8,13.85,-0.06,193
2010-10-29,1532,283451,8916156,13.85,13.85,13.65,13.69,-0.16,138
2010-11-01,1532,773123,24266290,13.56,13.85,13.52,13.69,0.0,334
2010-11-02,1532,549229,17209062,13.69,13.72,13.56,13.65,-0.04,247
2010-11-03,1532,528365,16444830,13.56,13.72,13.45,13.45,-0.2,301
2010-11-04,1532,380403,11884494,13.45,13.76,13.45,13.63,0.18,219
2010-11-05,1532,4704527,155314338,13.69,14.57,13.69,14.57,0.94,1791
2010-11-08,1532,5172067,175774126,14.83,15.0,14.65,14.81,0.24,2050
2010-11-09,1532,1217608,40648890,14.83,14.83,14.41,14.46,-0.35,620
2010-11-10,1532,4997730,171530967,14.54,15.24,14.52,14.89,0.43,1961
2010-11-11,1532,1398490,47471998,14.96,14.96,14.74,14.78,-0.11,588
2010-11-12,1532,1413978,46705671,14.78,14.78,14.17,14.24,-0.54,667
2010-11-15,1532,740616,23608472,14.13,14.22,13.56,13.82,-0.42,369
2010-11-16,1532,454102,14409414,13.56,14.0,13.56,14.0,0.18,245
2010-11-17,1532,294604,9366680,13.95,13.95,13.74,13.87,-0.13,176
2010-11-18,1532,399691,12732437,13.87,14.0,13.78,13.91,0.04,213
2010-11-19,1532,447810,14298281,14.09,14.11,13.76,13.8,-0.11,257
2010-11-22,1532,343070,10962617,13.95,14.0,13.87,13.95,0.15,170
2010-11-23,1532,472057,15151248,13.95,14.13,13.89,13.89,-0.06,199
2010-11-24,1532,641506,20212885,13.56,13.87,13.56,13.78,-0.11,214
2010-11-25,1532,516329,16528921,13.78,14.04,13.78,13.98,0.2,244
2010-11-26,1532,718492,23030813,14.06,14.11,13.89,13.89,-0.09,321
2010-11-29,1532,675955,21953996,14.3,14.52,14.0,14.11,0.22,370
2010-11-30,1532,515411,16598798,14.11,14.11,13.95,14.09,-0.02,240
2010-12-01,1532,1271220,41466556,13.95,14.48,13.95,14.3,0.21,625
2010-12-02,1532,800522,26149293,14.52,14.52,14.09,14.17,-0.13,430
2010-12-03,1532,727076,23448832,14.13,14.17,13.95,13.95,-0.22,354
2010-12-06,1532,876399,28377548,14.0,14.19,14.0,14.09,0.14,393
2010-12-07,1532,593750,19236110,14.13,14.19,14.06,14.09,0.0,340
2010-12-08,1532,569531,18394842,14.09,14.17,14.02,14.02,-0.07,292
2010-12-09,1532,1004890,32340933,14.04,14.17,13.95,13.98,-0.04,476
2010-12-10,1532,1116105,35316797,14.0,14.06,13.74,13.78,-0.2,462
2010-12-13,1532,664515,21052910,13.74,13.89,13.74,13.87,0.09,338
2010-12-14,1532,462060,14768246,13.95,14.0,13.82,13.93,0.06,328
2010-12-15,1532,568231,18192336,14.04,14.09,13.87,13.95,0.02,330
2010-12-16,1532,1607322,52603735,14.15,14.46,14.04,14.24,0.29,742
2010-12-17,1532,855148,27818817,14.37,14.37,14.04,14.11,-0.13,384
2010-12-20,1532,342152,11064215,14.17,14.24,14.02,14.06,-0.05,228
2010-12-21,1532,2911251,96432090,14.22,14.61,14.13,14.52,0.46,1231
2010-12-22,1532,1004591,33483053,14.61,14.72,14.43,14.48,-0.04,491
2010-12-23,1532,2874398,97086925,14.48,14.96,14.39,14.63,0.15,1094
2010-12-24,1532,947157,31637481,14.63,14.72,14.41,14.5,-0.13,399
2010-12-27,1532,2960331,100601159,14.61,14.98,14.61,14.72,0.22,1065
2010-12-28,1532,829454,27820567,14.72,14.83,14.46,14.57,-0.15,388
2010-12-29,1532,734400,24615250,14.57,14.81,14.5,14.52,-0.05,347
2010-12-30,1532,1168864,38859565,14.48,14.65,14.37,14.37,-0.15,403
2010-12-31,1532,1006792,33510081,14.39,14.63,14.37,14.57,0.2,413
2011-01-03,1532,6166787,215119452,14.65,15.46,14.65,15.24,0.67,2211
2011-01-04,1532,3942913,138495631,15.31,15.48,15.13,15.13,-0.11,1470
2011-01-05,1532,3166579,110089929,15.18,15.48,14.83,14.96,-0.17,1163
2011-01-06,1532,1416386,48050539,15.05,15.13,14.65,14.76,-0.2,575
2011-01-07,1532,1509934,50388178,14.76,14.87,14.09,14.28,-0.48,574
2011-01-10,1532,703196,22980972,14.3,14.39,14.15,14.3,0.02,351
2011-01-11,1532,464021,15389793,14.3,14.52,14.28,14.46,0.16,227
2011-01-12,1532,729020,24150741,14.46,14.61,14.39,14.39,-0.07,354
2011-01-13,1532,553114,18304730,14.41,14.61,14.3,14.39,0.0,303
2011-01-14,1532,401952,13295470,14.43,14.52,14.35,14.37,-0.02,162
2011-01-17,1532,1151005,37520701,14.39,14.48,14.09,14.09,-0.28,545
2011-01-18,1532,359349,11689801,14.13,14.35,14.09,14.19,0.1,198
2011-01-19,1532,635004,20603819,14.19,14.33,14.11,14.11,-0.08,287
2011-01-20,1532,546262,17688605,14.11,14.28,14.09,14.17,0.06,226
2011-01-21,1532,371453,12002672,14.11,14.17,14.04,14.09,-0.08,166
2011-01-24,1532,307960,9964820,14.04,14.22,14.04,14.06,-0.03,166
2011-01-25,1532,396432,12794035,14.11,14.22,14.04,14.06,0.0,208
2011-01-26,1532,875063,28623696,14.11,14.37,14.11,14.3,0.24,387
2011-01-27,1532,397769,12974839,14.3,14.37,14.15,14.17,-0.13,226
2011-01-28,1532,446806,14458994,14.17,14.28,14.09,14.09,-0.08,221
2011-02-08,1532,584697,19089283,14.26,14.39,14.13,14.24,0.15,288
2011-02-09,1532,516452,16815142,14.26,14.26,14.09,14.19,-0.05,270
2011-02-10,1532,498060,16186145,14.22,14.28,14.11,14.22,0.03,292
2011-02-11,1532,944388,30159236,14.22,14.22,13.69,13.74,-0.48,426
2011-02-14,1532,439229,13920987,13.74,13.93,13.65,13.8,0.06,252
2011-02-15,1532,420133,13260962,13.8,13.85,13.69,13.78,-0.02,228
2011-02-16,1532,886936,27849762,13.74,13.82,13.56,13.82,0.04,396
2011-02-17,1532,407357,12808246,13.82,13.87,13.65,13.65,-0.17,228
2011-02-18,1532,381505,12043453,13.67,13.85,13.67,13.76,0.11,164
2011-02-21,1532,279086,8795802,13.76,13.91,13.69,13.74,-0.02,155
2011-02-22,1532,575268,17885766,13.56,13.69,13.52,13.56,-0.18,305
2011-02-23,1532,808697,24766989,13.52,13.52,13.17,13.24,-0.32,372
2011-02-24,1532,322732,9788375,13.19,13.3,13.17,13.17,-0.07,201
2011-02-25,1532,355593,10743204,13.21,13.41,13.1,13.17,0.0,210
2011-03-01,1532,258163,7891450,13.17,13.43,13.17,13.41,0.24,179
2011-03-02,1532,316302,9612584,13.17,13.39,13.13,13.26,-0.15,193
2011-03-03,1532,302233,9277818,13.34,13.5,13.3,13.41,0.15,152
2011-03-04,1532,346316,10675314,13.5,13.54,13.34,13.41,0.0,182
2011-03-07,1532,372604,11340804,13.43,13.48,13.17,13.3,-0.11,234
2011-03-08,1532,223772,6838799,13.3,13.41,13.26,13.3,0.0,148
2011-03-09,1532,273703,8361125,13.3,13.39,13.21,13.39,0.09,171
2011-03-10,1532,159371,4865812,13.39,13.41,13.26,13.3,-0.09,115
2011-03-11,1532,704670,21113250,13.21,13.28,13.0,13.04,-0.26,366
2011-03-14,1532,797931,24383695,13.08,13.72,13.08,13.3,0.26,383
2011-03-15,1532,969281,28594599,13.39,13.52,12.39,12.65,-0.65,522
2011-03-16,1532,747135,21621215,12.65,12.86,12.47,12.56,-0.09,456
2011-03-17,1532,571856,16141605,12.47,12.56,12.19,12.21,-0.35,324
2011-03-18,1532,596649,17141739,12.21,12.67,12.21,12.49,0.28,312
2011-03-21,1532,439649,12753562,12.52,12.78,12.43,12.73,0.24,267
2011-03-22,1532,222617,6523612,12.73,12.86,12.73,12.73,0.0,157
2011-03-23,1532,306167,8979203,12.86,12.86,12.65,12.84,0.11,185
2011-03-24,1532,307454,9144579,12.86,13.02,12.86,12.97,0.13,185
2011-03-25,1532,370300,11092484,13.06,13.1,13.0,13.08,0.11,194
2011-03-28,1532,347002,10303852,13.15,13.15,12.65,12.93,-0.15,197
2011-03-29,1532,188308,5575998,12.95,12.95,12.86,12.89,-0.04,98
2011-03-30,1532,297808,8926840,12.89,13.21,12.89,13.08,0.19,178
2011-03-31,1532,319095,9609227,13.08,13.3,13.08,13.08,0.0,193
2011-04-01,1532,157504,4714340,13.08,13.13,13.02,13.02,-0.06,103
2011-04-06,1532,506188,15126385,13.08,13.13,13.0,13.04,0.02,220
2011-04-07,1532,450471,13516348,13.08,13.17,13.0,13.08,0.04,216
2011-04-08,1532,412795,12340943,13.04,13.17,12.95,13.0,-0.08,224
2011-04-11,1532,207981,6209781,13.0,13.08,12.93,12.97,-0.03,144
2011-04-12,1532,158657,4723296,12.95,13.08,12.89,12.97,0.0,91
2011-04-13,1532,249401,7472086,13.04,13.1,13.02,13.06,0.09,143
2011-04-14,1532,230617,6905841,13.06,13.1,13.0,13.04,-0.02,136
2011-04-15,1532,252941,7545688,13.06,13.06,12.97,13.06,0.02,129
2011-04-18,1532,193415,5785892,13.06,13.08,13.0,13.0,-0.06,105
2011-04-19,1532,203742,5986113,13.0,13.0,12.71,12.89,-0.11,117
2011-04-20,1532,282312,8409744,12.93,13.06,12.89,13.06,0.17,151
2011-04-21,1532,636079,19178057,13.15,13.24,13.08,13.13,0.07,280
2011-04-22,1532,261987,7912760,13.21,13.24,13.13,13.17,0.04,147
2011-04-25,1532,494361,14969563,13.24,13.24,13.17,13.21,0.04,182
2011-04-26,1532,354103,10752813,13.21,13.3,13.15,13.3,0.09,180
2011-04-27,1532,792181,24025680,13.37,13.45,13.19,13.19,-0.11,351
2011-04-28,1532,233558,7060790,13.19,13.26,13.13,13.13,-0.06,145
2011-04-29,1532,405915,12195049,13.13,13.17,13.02,13.13,0.0,180
2011-05-03,1532,168735,5024461,13.08,13.08,12.91,12.97,-0.16,91
2011-05-04,1532,297112,8781068,12.97,13.04,12.82,12.95,-0.02,148
2011-05-05,1532,465554,13711150,12.86,12.89,12.78,12.82,-0.13,253
2011-05-06,1532,232401,6852835,12.82,13.0,12.78,12.89,0.07,127
2011-05-09,1532,343286,10275000,13.0,13.13,12.91,13.04,0.15,207
2011-05-10,1532,312940,9386947,13.08,13.13,13.02,13.1,0.06,134
2011-05-11,1532,295099,8831106,13.1,13.13,12.97,13.08,-0.02,131
2011-05-12,1532,147642,4385544,12.95,13.08,12.91,12.95,-0.13,93
2011-05-13,1532,248555,7406873,13.04,13.08,12.91,13.04,0.09,130
2011-05-16,1532,222712,6646629,13.04,13.08,12.95,12.97,-0.07,100
2011-05-17,1532,322250,9581173,12.97,13.06,12.95,12.95,-0.02,103
2011-05-18,1532,261302,7808377,13.04,13.08,12.95,13.08,0.13,145
2011-05-19,1532,256252,7687806,13.08,13.13,13.0,13.0,-0.08,132
2011-05-20,1532,245144,7269098,13.08,13.08,12.82,12.91,-0.09,128
2011-05-23,1532,291606,8620840,12.91,13.0,12.86,12.86,-0.05,130
2011-05-24,1532,292448,8663864,12.86,13.0,12.84,12.89,0.03,121
2011-05-25,1532,200345,5907026,12.91,12.97,12.78,12.91,0.02,83
2011-05-26,1532,131901,3902770,12.91,13.0,12.84,12.93,0.02,78
2011-05-27,1532,182880,5430396,12.93,13.0,12.91,12.91,-0.02,88
2011-05-30,1532,137598,4053218,12.78,12.91,12.73,12.8,-0.11,72
2011-05-31,1532,493372,14508297,12.82,12.93,12.78,12.91,0.11,243
2011-06-01,1532,427751,12645508,12.91,13.0,12.84,12.86,-0.05,184
2011-06-02,1532,346054,10156070,12.86,12.86,12.76,12.84,-0.02,153
2011-06-03,1532,241520,7133960,12.84,12.97,12.84,12.97,0.13,152
2011-06-07,1532,401053,11949822,12.97,13.06,12.95,13.0,0.03,184
2011-06-08,1532,328647,9743198,13.0,13.04,12.86,12.86,-0.14,161
2011-06-09,1532,266679,7882527,12.86,12.95,12.86,12.91,0.05,145
2011-06-10,1532,290577,8556203,12.86,12.97,12.78,12.78,-0.13,144
2011-06-13,1532,204644,5988419,12.69,12.89,12.69,12.73,-0.05,95
2011-06-14,1532,194490,5715603,12.78,12.86,12.76,12.8,0.07,116
2011-06-15,1532,623450,18399107,12.89,13.06,12.73,13.06,0.26,359
2011-06-16,1532,318350,9462827,13.04,13.04,12.91,13.0,-0.06,208
2011-06-17,1532,4855595,153277919,13.0,13.89,13.0,13.65,0.65,1789
2011-06-20,1532,1458704,45357283,13.78,13.85,13.13,13.15,-0.5,646
2011-06-21,1532,936540,28392598,13.61,13.61,12.97,13.21,0.06,471
2011-06-22,1532,475275,14413200,13.19,13.34,13.13,13.15,-0.06,231
2011-06-23,1532,411118,12411340,13.15,13.28,13.1,13.1,-0.05,229
2011-06-24,1532,2573901,80861100,13.13,13.98,13.08,13.87,0.77,1202
2011-06-27,1532,2487931,80088110,13.87,14.28,13.69,13.87,0.0,1116
2011-06-28,1532,5604519,184886562,13.87,14.65,13.87,14.54,0.67,2275
2011-06-29,1532,2890234,96014639,14.61,14.63,14.22,14.52,-0.02,1185
2011-06-30,1532,2038617,68013096,14.52,14.65,14.43,14.43,-0.09,739
2011-07-01,1532,1470657,48749329,14.48,14.72,14.17,14.35,-0.08,587
2011-07-04,1532,988548,32712555,14.43,14.54,14.3,14.33,-0.02,511
2011-07-05,1532,911012,29730331,14.39,14.52,14.04,14.04,-0.29,479
2011-07-06,1532,696120,22421990,14.04,14.17,13.95,13.98,-0.06,324
2011-07-07,1532,825031,26986452,14.04,14.39,14.02,14.22,0.24,445
2011-07-08,1532,811085,26367021,14.39,14.41,13.98,13.98,-0.24,421
2011-07-11,1532,422878,13593596,13.98,14.19,13.98,14.02,0.04,231
2011-07-12,1532,978727,30887561,14.02,14.02,13.61,13.72,-0.3,422
2011-07-13,1532,537118,16858906,13.63,13.85,13.61,13.67,-0.05,278
2011-07-14,1532,794187,24512774,13.72,13.82,13.3,13.48,-0.19,364
2011-07-15,1532,1670136,52899121,13.3,14.09,13.3,13.95,0.47,408
2011-07-18,1532,715244,22574731,13.87,13.87,13.69,13.72,-0.23,399
2011-07-19,1532,902395,28243793,13.72,13.82,13.5,13.56,-0.16,411
2011-07-20,1532,2542745,79875615,13.67,13.82,13.58,13.69,0.13,877
2011-07-21,1532,1886507,53969117,13.86,14.4,13.76,14.13,0.44,920
2011-07-22,1532,760040,22106960,14.2,14.33,14.2,14.2,0.07,399
2011-07-25,1532,475027,13583166,14.2,14.2,13.91,13.91,-0.29,260
2011-07-26,1532,312026,8922288,13.91,14.06,13.86,13.98,0.07,173
2011-07-27,1532,419241,11945717,14.06,14.1,13.91,13.91,-0.07,209
2011-07-28,1532,348875,9948186,13.81,14.15,13.81,13.96,0.05,187
2011-07-29,1532,2230362,64193262,13.86,14.4,13.86,13.96,0.0,672
2011-08-01,1532,1699051,49288386,13.98,14.4,13.98,14.4,0.44,677
2011-08-02,1532,1444478,41456190,14.3,14.33,13.93,13.96,-0.44,628
2011-08-03,1532,2958380,81150369,13.71,13.79,13.27,13.42,-0.54,993
2011-08-04,1532,2646266,73140534,13.47,13.96,13.1,13.79,0.37,1276
2011-08-05,1532,3203469,86994953,12.98,13.66,12.83,13.27,-0.52,1417
2011-08-08,1532,1573246,40464967,12.98,13.17,12.37,12.37,-0.9,570
2011-08-09,1532,1574299,37578892,11.51,12.37,11.51,12.29,-0.08,579
2011-08-10,1532,1310829,33400002,12.42,12.64,12.39,12.44,0.15,673
2011-08-11,1532,1001432,24555682,12.24,12.24,11.8,12.0,-0.44,478
2011-08-12,1532,1157916,28652266,12.19,12.29,11.97,12.05,0.05,434
2011-08-15,1532,552617,13811473,12.07,12.32,12.07,12.32,0.27,275
2011-08-16,1532,632258,15964611,12.37,12.46,12.27,12.37,0.05,358
2011-08-17,1532,581385,14515709,12.37,12.37,12.15,12.15,-0.22,287
2011-08-18,1532,828212,20117304,12.07,12.12,11.66,12.0,-0.15,457
2011-08-19,1532,963959,22473786,11.36,11.58,11.31,11.39,-0.61,417
2011-08-22,1532,919671,21189081,11.39,11.61,10.92,11.19,-0.2,536
2011-08-23,1532,572662,13629138,11.26,11.75,11.26,11.75,0.56,313
2011-08-24,1532,361748,8643676,11.85,11.85,11.61,11.63,-0.12,242
2011-08-25,1532,744345,17377485,11.75,11.75,11.26,11.29,-0.34,403
2011-08-26,1532,936370,21281198,11.29,11.51,10.97,11.29,0.0,434
2011-08-29,1532,568383,13355128,11.29,11.63,11.29,11.46,0.17,266
2011-08-30,1532,499200,11859119,11.56,11.73,11.51,11.61,0.15,280
2011-08-31,1532,595826,14085654,11.61,11.73,11.51,11.7,0.09,285
2011-09-01,1532,760169,18152819,11.75,11.8,11.53,11.61,-0.09,317
2011-09-02,1532,683817,16144175,11.61,11.7,11.46,11.51,-0.1,431
2011-09-05,1532,855682,19538936,11.26,11.29,11.12,11.17,-0.34,424
2011-09-06,1532,566715,12852490,11.17,11.22,11.02,11.02,-0.15,266
2011-09-07,1532,210014,4793172,11.31,11.31,11.09,11.24,0.22,119
2011-09-08,1532,689044,16142323,11.26,11.56,11.26,11.56,0.32,382
2011-09-09,1532,1550272,37695658,11.56,12.0,11.56,11.95,0.39,677
2011-09-13,1532,821531,19638094,11.8,11.88,11.58,11.61,-0.34,291
2011-09-14,1532,736167,17277520,11.73,11.85,11.26,11.36,-0.25,362
2011-09-15,1532,593726,13925362,11.53,11.56,11.39,11.41,0.05,284
2011-09-16,1532,495915,11790820,11.58,11.7,11.51,11.63,0.22,258
2011-09-19,1532,2907551,72451925,11.85,12.42,11.85,12.27,0.64,982
2011-09-20,1532,1685572,41766280,12.17,12.44,11.95,12.15,-0.12,507
2011-09-21,1532,800644,19803100,12.22,12.24,11.97,12.22,0.07,361
2011-09-22,1532,942839,22983754,12.15,12.15,11.88,11.95,-0.27,360
2011-09-23,1532,1457187,34095138,11.17,11.7,11.17,11.66,-0.29,427
2011-09-26,1532,1193722,27484504,11.66,11.88,10.92,11.12,-0.54,449
2011-09-27,1532,1741223,39802605,11.26,11.36,11.02,11.09,-0.03,690
2011-09-28,1532,1622066,36229988,11.14,11.17,10.7,10.92,-0.17,557
2011-09-29,1532,751375,16747983,10.77,11.12,10.77,11.12,0.2,395
2011-09-30,1532,1042521,23593971,11.17,11.36,10.92,11.07,-0.05,419
2011-10-03,1532,1311656,28796926,10.68,10.99,10.58,10.87,-0.2,499
2011-10-04,1532,915147,19802542,10.19,10.77,10.19,10.77,-0.1,314
2011-10-05,1532,472174,10367828,10.48,10.82,10.48,10.73,-0.04,175
2011-10-06,1532,870233,19073206,10.77,10.82,10.63,10.75,0.02,341
2011-10-07,1532,789984,17411092,10.77,10.92,10.7,10.77,0.02,281
2011-10-11,1532,724919,16308922,10.87,11.12,10.87,11.02,0.25,358
2011-10-12,1532,639385,14515071,10.87,11.22,10.87,11.19,0.17,297
2011-10-13,1532,664423,15259729,11.26,11.34,11.17,11.26,0.07,264
2011-10-14,1532,500701,11452890,11.17,11.29,11.09,11.22,-0.04,217
2011-10-17,1532,619131,14245013,11.22,11.34,11.22,11.34,0.12,212
2011-10-18,1532,394525,9026375,11.24,11.26,11.14,11.26,-0.08,163
2011-10-19,1532,534232,12332486,11.22,11.41,11.17,11.31,0.05,226
2011-10-20,1532,309938,7131532,11.22,11.36,11.22,11.22,-0.09,126
2011-10-21,1532,459400,10598125,11.14,11.41,11.14,11.24,0.02,191
2011-10-24,1532,645688,14871724,11.29,11.39,11.22,11.34,0.1,260
2011-10-25,1532,735882,16998614,11.36,11.41,11.19,11.36,0.02,246
2011-10-26,1532,398829,9247810,11.34,11.41,11.29,11.41,0.05,153
2011-10-27,1532,696656,16356027,11.41,11.63,11.31,11.63,0.22,332
2011-10-28,1532,946821,22829884,11.75,11.97,11.7,11.85,0.22,425
2011-10-31,1532,632540,15278058,11.85,11.95,11.73,11.88,0.03,219
2011-11-01,1532,576546,13922101,11.78,11.88,11.7,11.88,0.0,260
2011-11-02,1532,498374,11900978,11.53,11.83,11.53,11.83,-0.05,174
2011-11-03,1532,348422,8367478,11.83,11.85,11.63,11.8,-0.03,151
2011-11-04,1532,468385,11306505,11.85,11.9,11.73,11.85,0.05,191
2011-11-07,1532,231684,5587916,11.9,11.9,11.7,11.85,0.0,104
2011-11-08,1532,303812,7304888,11.85,11.85,11.7,11.75,-0.1,119
2011-11-09,1532,370203,8918922,11.73,11.85,11.73,11.83,0.08,164
2011-11-10,1532,600359,14093211,11.63,11.8,11.14,11.51,-0.32,184
2011-11-11,1532,491412,11571859,11.51,11.7,11.31,11.51,0.0,142
2011-11-14,1532,253300,6025604,11.58,11.73,11.51,11.7,0.19,117
2011-11-15,1532,356042,8468100,11.7,11.73,11.53,11.7,0.0,140
2011-11-16,1532,409840,9536220,11.7,11.7,11.17,11.22,-0.48,179
2011-11-17,1532,116392,2647402,10.9,11.26,10.9,11.12,-0.1,66
2011-11-18,1532,281909,6268698,11.12,11.12,10.77,10.77,-0.35,171
2011-11-21,1532,1123499,23447024,10.73,10.73,10.04,10.33,-0.44,406
2011-11-22,1532,925012,18879435,10.11,10.24,9.92,9.97,-0.36,402
2011-11-23,1532,937919,18480967,9.92,9.92,9.38,9.55,-0.42,438
2011-11-24,1532,677546,13093071,9.31,9.79,9.31,9.6,0.05,339
2011-11-25,1532,381074,7466996,9.6,9.75,9.5,9.6,0.0,199
2011-11-28,1532,257955,5139450,9.6,9.99,9.6,9.7,0.1,142
2011-11-29,1532,246461,4946111,9.89,9.89,9.77,9.84,0.14,134
2011-11-30,1532,291971,5820915,9.87,9.87,9.6,9.87,0.03,180
2011-12-01,1532,636574,13500982,10.19,10.53,10.19,10.36,0.49,353
2011-12-02,1532,239980,5018728,10.51,10.51,10.14,10.33,-0.03,141
2011-12-05,1532,224594,4662063,10.33,10.33,10.06,10.09,-0.24,128
2011-12-06,1532,324650,6566623,10.09,10.09,9.82,10.02,-0.07,160
2011-12-07,1532,144090,2932460,9.94,10.04,9.89,9.89,-0.13,107
2011-12-08,1532,200660,4009250,9.89,9.92,9.7,9.77,-0.12,116
2011-12-09,1532,276120,5424968,9.55,9.67,9.53,9.65,-0.12,175
2011-12-12,1532,139098,2764234,9.75,9.89,9.67,9.7,0.05,85
2011-12-13,1532,215382,4221574,9.7,9.77,9.55,9.6,-0.1,112
2011-12-14,1532,353139,6872114,9.55,9.7,9.45,9.55,-0.05,171
2011-12-15,1532,244680,4695747,9.55,9.55,9.31,9.33,-0.22,146
2011-12-16,1532,642601,12081462,9.31,9.33,9.13,9.13,-0.2,281
2011-12-19,1532,1186441,21186041,9.04,9.08,8.52,8.52,-0.61,447
2011-12-20,1532,294581,5167458,8.52,8.74,8.52,8.64,0.12,154
2011-12-21,1532,532430,9995481,9.13,9.23,8.94,9.23,0.59,214
2011-12-22,1532,231216,4363404,9.23,9.4,9.11,9.26,0.03,104
2011-12-23,1532,307861,5961688,9.35,9.6,9.26,9.5,0.24,146
2011-12-26,1532,139629,2717148,9.5,9.6,9.48,9.5,0.0,92
2011-12-27,1532,214980,4112365,9.5,9.5,9.31,9.35,-0.15,110
2011-12-28,1532,184222,3487845,9.31,9.31,9.21,9.21,-0.14,102
2011-12-29,1532,112057,2131333,9.21,9.4,9.16,9.33,0.12,71
2011-12-30,1532,113852,2173971,9.38,9.43,9.31,9.33,0.0,67
2012-01-02,1532,103480,1960671,9.38,9.38,9.16,9.26,-0.07,48
2012-01-03,1532,179232,3400208,9.26,9.35,9.23,9.26,0.0,85
2012-01-04,1532,256348,4937359,9.33,9.6,9.33,9.4,0.14,124
2012-01-05,1532,143867,2768707,9.35,9.5,9.31,9.38,-0.02,83
2012-01-06,1532,218847,4172116,9.35,9.45,9.31,9.31,-0.07,160
2012-01-09,1532,135891,2591578,9.31,9.38,9.31,9.33,0.02,74
2012-01-10,1532,241967,4626867,9.38,9.38,9.33,9.35,0.02,138
2012-01-11,1532,357682,6871939,9.35,9.5,9.35,9.45,0.1,133
2012-01-12,1532,461278,8802148,9.45,9.45,9.26,9.28,-0.17,153
2012-01-13,1532,348839,6591769,9.33,9.35,9.18,9.23,-0.05,180
2012-01-16,1532,226377,4303635,9.38,9.43,9.21,9.26,0.03,131
2012-01-17,1532,355240,6782982,9.26,9.4,9.26,9.4,0.14,133
2012-01-18,1532,497025,9634372,9.4,9.53,9.4,9.45,0.05,225
2012-01-30,1532,586802,11711671,9.62,9.87,9.62,9.75,0.3,247
2012-01-31,1532,559873,11251086,9.75,9.92,9.75,9.87,0.12,242
2012-02-01,1532,862946,17795314,9.87,10.28,9.87,10.24,0.37,365
2012-02-02,1532,1276541,27946062,10.46,10.9,10.38,10.77,0.53,501
2012-02-03,1532,577684,12528317,10.82,10.87,10.53,10.58,-0.19,273
2012-02-04,1532,825775,18137065,10.95,10.95,10.65,10.75,0.17,304
2012-02-06,1532,544052,11800344,10.75,10.77,10.51,10.51,-0.24,241
2012-02-07,1532,232742,4981723,10.58,10.58,10.43,10.48,-0.03,132
2012-02-08,1532,899846,19473104,10.48,10.73,10.48,10.68,0.2,304
2012-02-09,1532,1212177,26731496,10.7,11.02,10.63,10.8,0.12,461
2012-02-10,1532,918042,20227817,10.8,10.92,10.7,10.77,-0.03,355
2012-02-13,1532,1679160,37511724,10.92,11.09,10.77,10.97,0.2,713
2012-02-14,1532,761483,16825619,11.07,11.07,10.73,10.73,-0.24,403
2012-02-15,1532,1807236,39931942,10.77,11.02,10.73,10.77,0.04,629
2012-02-16,1532,1288936,28310953,10.77,10.9,10.63,10.63,-0.14,429
2012-02-17,1532,803321,17590442,10.77,10.85,10.63,10.68,0.05,313
2012-02-20,1532,3247434,73902782,10.77,11.34,10.77,11.34,0.66,1253
2012-02-21,1532,3677514,85296361,11.7,11.7,11.04,11.07,-0.27,1261
2012-02-22,1532,2883554,66491899,11.24,11.44,11.12,11.19,0.12,1052
2012-02-23,1532,2156676,49388271,11.19,11.41,11.04,11.14,-0.05,762
2012-02-24,1532,1671696,37285621,11.22,11.24,10.75,10.9,-0.24,613
2012-02-29,1532,1110923,24776773,10.95,11.02,10.82,10.92,0.02,430
2012-03-01,1532,1154267,26055388,11.02,11.14,10.92,11.14,0.22,431
2012-03-02,1532,1170586,26727221,11.24,11.24,11.12,11.19,0.05,454
2012-03-03,1532,744063,16836462,11.19,11.19,11.02,11.07,-0.12,264
2012-03-05,1532,994226,22481134,11.07,11.22,11.02,11.02,-0.05,427
2012-03-06,1532,1724336,37789265,11.02,11.09,10.48,10.6,-0.42,564
2012-03-07,1532,1433147,30423272,10.48,10.53,10.28,10.43,-0.17,558
2012-03-08,1532,882058,18888831,10.43,10.58,10.38,10.46,0.03,407
2012-03-09,1532,742381,15906205,10.53,10.55,10.43,10.55,0.09,386
2012-03-12,1532,442834,9438925,10.55,10.55,10.38,10.38,-0.17,219
2012-03-13,1532,437142,9339082,10.41,10.53,10.41,10.53,0.15,245
2012-03-14,1532,676168,14591095,10.63,10.68,10.48,10.53,0.0,379
2012-03-15,1532,465441,9934942,10.58,10.58,10.41,10.41,-0.12,244
2012-03-16,1532,447678,9531968,10.41,10.48,10.38,10.43,0.02,199
2012-03-19,1532,412475,8768267,10.48,10.48,10.38,10.46,0.03,204
2012-03-20,1532,483780,10316165,10.46,10.51,10.41,10.41,-0.05,201
2012-03-21,1532,362224,7697656,10.38,10.46,10.36,10.41,0.0,215
2012-03-22,1532,425106,9072389,10.41,10.51,10.38,10.43,0.02,177
2012-03-23,1532,968583,20946304,10.43,10.68,10.43,10.63,0.2,382
2012-03-26,1532,596176,12878120,10.63,10.73,10.48,10.51,-0.12,247
2012-03-27,1532,1545430,32593718,10.48,10.55,10.19,10.33,-0.18,485
2012-03-28,1532,689848,14524146,10.33,10.36,10.26,10.36,0.03,208
2012-03-29,1532,2123223,42778860,10.31,10.31,9.65,9.77,-0.59,720
2012-03-30,1532,576222,11528099,9.62,9.97,9.62,9.94,0.17,336
2012-04-02,1532,306000,6114038,9.79,9.84,9.7,9.77,-0.17,163
2012-04-03,1532,713465,14028511,9.77,9.87,9.45,9.53,-0.24,319
2012-04-05,1532,754490,14473805,9.53,9.53,9.31,9.45,-0.08,287
2012-04-06,1532,389537,7629194,9.38,9.7,9.38,9.62,0.17,200
2012-04-09,1532,264923,5187679,9.53,9.65,9.53,9.62,0.0,117
2012-04-10,1532,322486,6424886,9.7,9.84,9.67,9.72,0.1,151
2012-04-11,1532,154600,3065568,9.7,9.75,9.67,9.7,-0.02,73
2012-04-12,1532,275395,5433267,9.7,9.72,9.6,9.65,-0.05,197
2012-04-13,1532,351267,7010609,9.65,9.82,9.65,9.82,0.17,211
2012-04-16,1532,306706,6145220,9.82,9.87,9.75,9.79,-0.03,152
2012-04-17,1532,479284,9524911,9.79,9.84,9.65,9.65,-0.14,257
2012-04-18,1532,294641,5829324,9.7,9.75,9.65,9.7,0.05,114
2012-04-19,1532,177985,3513353,9.7,9.7,9.6,9.7,0.0,93
2012-04-20,1532,328838,6450173,9.7,9.79,9.45,9.65,-0.05,150
2012-04-23,1532,280840,5466064,9.6,9.6,9.48,9.53,-0.12,145
2012-04-24,1532,161276,3115723,9.5,9.62,9.4,9.45,-0.08,87
2012-04-25,1532,101265,1975786,9.6,9.6,9.5,9.55,0.1,75
2012-04-26,1532,279400,5469619,9.6,9.7,9.5,9.5,-0.05,91
2012-04-27,1532,330039,6379843,9.45,9.6,9.38,9.43,-0.07,129
2012-04-30,1532,67241,1301887,9.4,9.57,9.4,9.48,0.05,41
2012-05-02,1532,495203,9728578,9.45,9.72,9.45,9.67,0.19,197
2012-05-03,1532,150021,2946861,9.67,9.67,9.55,9.57,-0.1,74
2012-05-04,1532,244561,4795193,9.57,9.67,9.57,9.6,0.03,99
2012-05-07,1532,223028,4350996,9.57,9.65,9.5,9.6,0.0,100
2012-05-08,1532,194959,3793454,9.55,9.6,9.48,9.55,-0.05,91
2012-05-09,1532,201616,3894764,9.45,9.55,9.4,9.43,-0.12,89
2012-05-10,1532,315955,6063445,9.4,9.48,9.35,9.4,-0.03,112
2012-05-11,1532,374371,7208303,9.4,9.55,9.4,9.43,0.03,143
2012-05-14,1532,205825,3943306,9.43,9.43,9.35,9.35,-0.08,69
2012-05-15,1532,248056,4698755,9.31,9.31,9.23,9.31,-0.04,106
2012-05-16,1532,339904,6403461,9.31,9.31,9.16,9.16,-0.15,157
2012-05-17,1532,215320,4032431,9.16,9.28,9.11,9.23,0.07,113
2012-05-18,1532,928533,16907692,9.18,9.21,8.82,8.84,-0.39,309
2012-05-21,1532,375508,6774118,8.74,9.01,8.74,8.89,0.05,142
2012-05-22,1532,229059,4199874,9.04,9.04,8.91,8.94,0.05,112
2012-05-23,1532,147376,2675105,8.91,8.96,8.84,8.89,-0.05,85
2012-05-24,1532,1085842,19685225,8.91,8.96,8.74,8.77,-0.12,145
2012-05-25,1532,106164,1904316,8.82,8.91,8.74,8.74,-0.03,70
2012-05-28,1532,200401,3610268,8.74,8.86,8.74,8.79,0.05,68
2012-05-29,1532,318278,5867891,8.82,9.26,8.82,9.11,0.32,150
2012-05-30,1532,172059,3156368,9.18,9.18,8.91,8.91,-0.2,105
2012-05-31,1532,108114,1970139,8.91,9.04,8.82,9.04,0.13,69
2012-06-01,1532,545108,9758437,8.99,8.99,8.72,8.77,-0.27,210
2012-06-04,1532,699774,12201581,8.72,8.72,8.45,8.45,-0.32,272
2012-06-05,1532,236024,4181069,8.52,8.74,8.52,8.57,0.12,95
2012-06-06,1532,92669,1641867,8.67,8.74,8.62,8.74,0.17,67
2012-06-07,1532,221845,3968580,8.82,8.86,8.72,8.72,-0.02,67
2012-06-08,1532,151893,2715444,8.74,8.82,8.72,8.72,0.0,63
2012-06-11,1532,202728,3648127,8.79,8.84,8.77,8.77,0.05,100
2012-06-12,1532,166000,2982000,8.77,8.84,8.77,8.77,0.0,57
2012-06-13,1532,137851,2495668,8.82,8.94,8.79,8.86,0.09,74
2012-06-14,1532,129307,2349126,8.91,8.96,8.84,8.84,-0.02,59
2012-06-15,1532,113216,2047088,8.91,8.91,8.84,8.86,0.02,62
2012-06-18,1532,274969,4987992,8.89,8.99,8.82,8.89,0.03,130
2012-06-19,1532,169633,3067887,8.86,8.94,8.82,8.86,-0.03,96
2012-06-20,1532,210323,3806164,8.89,8.89,8.82,8.84,-0.02,95
2012-06-21,1532,325831,5919921,8.86,8.96,8.86,8.96,0.12,107
2012-06-22,1532,158400,2889088,8.94,8.96,8.91,8.91,-0.05,71
2012-06-25,1532,223070,4047326,8.86,8.99,8.82,8.96,0.05,81
2012-06-26,1532,146581,2667208,8.96,8.96,8.86,8.86,-0.1,60
2012-06-27,1532,105354,1913356,8.91,8.96,8.86,8.89,0.03,58
2012-06-28,1532,99245,1806483,8.89,8.96,8.89,8.91,0.02,51
2012-06-29,1532,178447,3258108,8.91,8.99,8.86,8.96,0.05,102
2012-07-02,1532,154561,2838164,9.01,9.01,8.96,8.99,0.03,70
2012-07-03,1532,245565,4487881,8.99,8.99,8.89,8.96,-0.03,100
2012-07-04,1532,336877,6176358,8.96,9.01,8.94,8.96,0.0,119
2012-07-05,1532,94842,1739315,8.96,9.01,8.96,8.99,0.03,52
2012-07-06,1532,146802,2685684,8.96,8.99,8.94,8.96,-0.03,59
2012-07-09,1532,103531,1892616,8.96,8.99,8.91,8.94,-0.02,56
2012-07-10,1532,175048,3192768,8.96,8.99,8.91,8.91,-0.03,55
2012-07-11,1532,270170,4877631,8.91,8.91,8.82,8.82,-0.09,149
2012-07-12,1532,230580,4143874,8.82,8.84,8.77,8.77,-0.05,109
2012-07-13,1532,277801,4955107,8.77,8.82,8.72,8.74,-0.03,103
2012-07-16,1532,202077,3595803,8.77,8.77,8.67,8.67,-0.07,87
2012-07-17,1532,342174,6042877,8.67,8.72,8.6,8.72,0.05,129
2012-07-18,1532,146580,2598164,8.72,8.72,8.64,8.72,0.0,69
2012-07-19,1532,297918,5306488,8.72,8.77,8.69,8.77,0.05,117
2012-07-20,1532,264348,4716011,8.79,8.79,8.69,8.74,-0.03,116
2012-07-23,1532,417137,7386589,8.67,8.74,8.6,8.62,-0.12,132
2012-07-24,1532,407402,7157893,8.62,8.69,8.55,8.57,-0.05,151
2012-07-25,1532,720896,12573591,8.57,8.62,8.5,8.52,-0.05,269
2012-07-26,1532,531133,8898881,8.91,8.91,8.63,8.68,0.16,227
2012-07-27,1532,325108,5463028,8.68,8.83,8.68,8.83,0.15,129
2012-07-30,1532,240080,4111722,8.86,8.96,8.86,8.89,0.06,92
2012-07-31,1532,178139,3048404,8.94,8.99,8.86,8.99,0.1,79
2012-08-01,1532,218356,3772738,9.02,9.04,8.94,8.99,0.0,89
2012-08-03,1532,300986,5163862,8.99,8.99,8.89,8.91,-0.08,68
2012-08-06,1532,372051,6466029,9.02,9.09,8.96,9.07,0.16,119
2012-08-07,1532,154100,2665866,9.07,9.12,8.96,8.96,-0.11,87
2012-08-08,1532,212546,3683222,9.07,9.07,8.99,9.02,0.06,91
2012-08-09,1532,171532,2995958,9.07,9.12,9.07,9.12,0.1,81
2012-08-10,1532,255351,4504271,9.12,9.28,9.12,9.17,0.05,127
2012-08-13,1532,278740,4960592,9.28,9.36,9.23,9.33,0.16,133
2012-08-14,1532,531696,9632863,9.33,9.51,9.33,9.49,0.16,230
2012-08-15,1532,326740,5967476,9.49,9.56,9.43,9.56,0.07,197
2012-08-16,1532,985218,18229665,9.56,9.72,9.56,9.62,0.06,422
2012-08-17,1532,781386,14455299,9.64,9.69,9.59,9.59,-0.03,187
2012-08-20,1532,254469,4668984,9.64,9.64,9.46,9.46,-0.13,124
2012-08-21,1532,366656,6705154,9.54,9.59,9.49,9.51,0.05,138
2012-08-22,1532,174353,3182608,9.46,9.56,9.46,9.49,-0.02,83
2012-08-23,1532,2093080,39626840,9.49,10.14,9.49,10.14,0.65,750
2012-08-24,1532,3765105,74523331,10.03,10.53,10.03,10.42,0.28,1157
2012-08-27,1532,2151042,43144792,10.48,10.58,10.37,10.58,0.16,662
2012-08-28,1532,1809084,36189206,10.58,10.58,10.22,10.27,-0.31,599
2012-08-29,1532,625214,12364923,10.24,10.37,10.16,10.29,0.02,256
2012-08-30,1532,323646,6390447,10.27,10.37,10.19,10.24,-0.05,147
2012-08-31,1532,1283523,25875732,10.37,10.66,10.22,10.53,0.29,533
2012-09-03,1532,1889708,38991394,10.53,10.84,10.53,10.76,0.23,696
2012-09-04,1532,5726556,124902956,10.89,11.49,10.89,11.15,0.39,1740
2012-09-05,1532,6267831,137908632,11.05,11.6,11.05,11.52,0.37,1814
2012-09-06,1532,7508018,172912346,11.52,12.25,11.52,12.2,0.68,2699
2012-09-07,1532,5298025,125015035,12.25,12.53,11.99,12.51,0.31,1861
2012-09-10,1532,6957883,174094900,12.72,13.34,12.46,13.34,0.83,2478
2012-09-11,1532,4677130,116650786,13.34,13.34,12.77,12.98,-0.36,1570
2012-09-12,1532,4688721,119358982,13.03,13.45,13.03,13.26,0.28,1928
2012-09-13,1532,2326523,58892849,13.24,13.37,13.08,13.08,-0.18,1014
2012-09-14,1532,4769413,123251277,13.34,13.66,13.26,13.53,0.45,2030
2012-09-17,1532,2496043,64771272,13.55,13.73,13.39,13.47,-0.06,1023
2012-09-18,1532,2043027,51664693,13.47,13.5,13.03,13.06,-0.41,972
2012-09-19,1532,2490338,63007741,13.06,13.34,12.95,13.21,0.15,994
2012-09-20,1532,2528540,64896251,13.24,13.58,13.24,13.37,0.16,952
2012-09-21,1532,1508080,38416161,13.37,13.37,13.16,13.24,-0.13,986
2012-09-24,1532,1801290,45596135,13.24,13.39,12.93,13.29,0.05,633
2012-09-25,1532,2964227,75459971,13.29,13.63,12.93,12.95,-0.34,1090
2012-09-26,1532,2384985,59110217,12.95,13.03,12.74,12.93,-0.02,977
2012-09-27,1532,2208517,56105840,12.85,13.42,12.85,13.24,0.31,1018
2012-09-28,1532,1836689,46706168,13.24,13.32,13.16,13.24,0.0,827
2012-10-01,1532,897498,22881913,13.29,13.5,13.16,13.29,0.05,429
2012-10-02,1532,1322583,33703109,13.29,13.37,13.19,13.19,-0.1,511
2012-10-03,1532,951595,24044132,13.13,13.24,13.06,13.19,0.0,379
2012-10-04,1532,2358599,60239266,13.21,13.55,13.19,13.21,0.02,950
2012-10-05,1532,1362927,34794283,13.21,13.39,13.21,13.32,0.11,676
2012-10-08,1532,9250272,247316226,13.53,14.23,13.39,14.23,0.91,3169
2012-10-09,1532,5787004,157579769,14.33,14.46,13.97,14.23,0.0,2226
2012-10-11,1532,3034426,80369048,13.97,13.97,13.71,13.86,-0.37,967
2012-10-12,1532,1869710,49919192,13.73,14.02,13.73,13.97,0.11,1005
2012-10-15,1532,2182758,58952173,13.97,14.23,13.97,14.1,0.13,1191
2012-10-16,1532,1253444,33795846,14.1,14.12,13.97,13.99,-0.11,885
2012-10-17,1532,1607678,43108316,14.07,14.12,13.76,13.86,-0.13,1042
2012-10-18,1532,1752609,47440284,13.92,14.28,13.92,14.07,0.21,759
2012-10-19,1532,1928976,52352952,14.07,14.2,13.97,14.15,0.08,879
2012-10-22,1532,3005825,82394300,14.02,14.44,13.97,14.33,0.18,1240
2012-10-23,1532,4385104,124228118,14.44,15.04,14.28,14.91,0.58,1804
2012-10-24,1532,6877875,201858800,14.85,15.64,14.8,15.11,0.2,2837
2012-10-25,1532,3922571,113903068,15.17,15.43,14.85,14.85,-0.26,1589
2012-10-26,1532,4042098,111256249,14.85,14.93,13.97,13.97,-0.88,1398
2012-10-29,1532,2129170,55605841,13.92,13.92,13.29,13.39,-0.58,810
2012-10-30,1532,1317929,34487229,13.45,13.84,13.45,13.63,0.24,600
2012-10-31,1532,1123327,29473890,13.71,13.86,13.45,13.86,0.23,446
2012-11-01,1532,1170299,31248563,13.68,14.18,13.66,13.97,0.11,487
2012-11-02,1532,1872537,51198608,14.28,14.49,13.97,14.02,0.05,794
2012-11-05,1532,1270002,34215994,13.97,14.18,13.81,14.07,0.05,443
2012-11-06,1532,1349409,36553148,14.07,14.28,14.02,14.07,0.0,443
2012-11-07,1532,1542104,42405777,14.33,14.52,14.18,14.31,0.24,664
2012-11-08,1532,706811,19442466,14.31,14.44,14.25,14.31,0.0,323
2012-11-09,1532,1170061,32440485,14.12,14.62,14.12,14.54,0.23,496
2012-11-12,1532,1891302,53737905,14.8,15.01,14.54,14.78,0.24,864
2012-11-13,1532,1652101,45662992,14.78,14.83,14.12,14.23,-0.55,751
2012-11-14,1532,592057,16287115,14.23,14.41,14.18,14.41,0.18,284
2012-11-15,1532,805355,22455008,14.18,14.75,14.18,14.57,0.16,532
2012-11-16,1532,628467,17587157,14.49,14.75,14.49,14.49,-0.08,289
2012-11-19,1532,2911061,77208177,14.49,14.49,13.5,13.5,-0.99,985
2012-11-20,1532,3214424,80073735,13.19,13.34,12.61,13.16,-0.34,1017
2012-11-21,1532,800614,20094950,13.16,13.24,12.93,13.03,-0.13,369
2012-11-22,1532,606111,15224360,13.03,13.29,12.95,13.0,-0.03,274
2012-11-23,1532,660145,16685013,13.03,13.29,13.03,13.26,0.26,336
2012-11-26,1532,1078880,28106680,13.47,13.81,13.34,13.6,0.34,531
2012-11-27,1532,2132564,57437739,13.6,14.23,13.6,14.07,0.47,840
2012-11-28,1532,859059,23321234,14.05,14.25,14.05,14.18,0.11,429
2012-11-29,1532,1014880,27705884,14.28,14.33,14.15,14.23,0.05,400
2012-11-30,1532,1197004,32771900,14.25,14.31,14.23,14.23,0.0,743
2012-12-03,1532,576668,15833282,14.33,14.39,14.23,14.25,0.02,383
2012-12-04,1532,749146,20296466,14.25,14.25,14.07,14.07,-0.18,332
2012-12-05,1532,1432854,39462267,14.07,14.52,14.07,14.44,0.37,593
2012-12-06,1532,2738420,77566783,14.39,14.98,14.39,14.72,0.28,990
2012-12-07,1532,1443753,40586091,14.72,14.8,14.59,14.65,-0.07,584
2012-12-10,1532,820175,23022233,14.65,14.75,14.49,14.49,-0.16,294
2012-12-11,1532,487375,13495860,14.49,14.49,14.36,14.44,-0.05,184
2012-12-12,1532,646209,18020694,14.49,14.7,14.46,14.54,0.1,268
2012-12-13,1532,1291792,36391326,14.7,14.75,14.59,14.67,0.13,442
2012-12-14,1532,557596,15683892,14.7,14.78,14.54,14.62,-0.05,193
2012-12-17,1532,455060,12667058,14.44,14.59,14.39,14.54,-0.08,166
2012-12-18,1532,762312,21059788,14.65,14.65,14.31,14.49,-0.05,308
2012-12-19,1532,787474,21786759,14.49,14.65,14.31,14.33,-0.16,276
2012-12-20,1532,744654,20289087,14.36,14.44,14.07,14.1,-0.23,373
2012-12-21,1532,671663,18024680,14.07,14.2,13.94,13.94,-0.16,184
2012-12-22,1532,585639,15655983,13.92,14.02,13.92,14.02,0.08,182
2012-12-24,1532,335188,9201787,14.12,14.39,14.12,14.33,0.31,172
2012-12-25,1532,669899,18524848,14.33,14.49,14.31,14.44,0.11,276
2012-12-26,1532,767547,21458525,14.54,14.7,14.46,14.54,0.1,345
2012-12-27,1532,508220,14107538,14.59,14.59,14.41,14.49,-0.05,211
2012-12-28,1532,620226,17208158,14.49,14.59,14.41,14.44,-0.05,192
2013-01-02,1532,1090015,30114410,14.44,14.52,14.23,14.41,-0.03,350
2013-01-03,1532,1010163,27957779,14.41,14.57,14.33,14.39,-0.02,380
2013-01-04,1532,613864,16787058,14.39,14.46,14.15,14.2,-0.19,293
2013-01-07,1532,910295,24908584,14.07,14.39,14.07,14.28,0.08,402
2013-01-08,1532,595954,16301040,14.33,14.33,14.15,14.33,0.05,244
2013-01-09,1532,7201711,207510897,14.33,15.32,14.31,15.32,0.99,2232
2013-01-10,1532,9953504,308649240,16.16,16.39,15.84,15.97,0.65,3538
2013-01-11,1532,2617771,80130650,15.97,16.16,15.69,16.05,0.08,1119
2013-01-14,1532,4410238,137187919,16.16,16.39,15.95,16.26,0.21,1756
2013-01-15,1532,2832130,85951563,16.26,16.26,15.51,15.64,-0.62,991
2013-01-16,1532,1663995,49897697,15.74,15.87,15.38,15.43,-0.21,700
2013-01-17,1532,2523765,73793748,15.43,15.71,14.85,14.91,-0.52,920
2013-01-18,1532,1590143,45911505,15.11,15.27,14.85,15.06,0.15,552
2013-01-21,1532,667163,19234059,15.06,15.14,14.88,15.01,-0.05,299
2013-01-22,1532,1000632,28584358,15.11,15.11,14.8,14.85,-0.16,343
2013-01-23,1532,2574444,74987975,14.65,15.4,14.65,15.35,0.5,904
2013-01-24,1532,1266056,36900171,15.35,15.35,15.01,15.17,-0.18,582
2013-01-25,1532,771207,22499953,15.32,15.43,15.11,15.17,0.0,319
2013-01-28,1532,442153,12861537,15.11,15.22,15.11,15.11,-0.06,177
2013-01-29,1532,594418,17311673,15.14,15.25,15.14,15.14,0.03,211
2013-01-30,1532,627454,18298166,15.14,15.25,15.14,15.19,0.05,269
2013-01-31,1532,769984,22375330,15.25,15.25,15.01,15.17,-0.02,275
2013-02-01,1532,643933,18742457,15.17,15.22,15.06,15.19,0.02,209
2013-02-04,1532,1184970,34910301,15.22,15.51,15.22,15.51,0.32,547
2013-02-05,1532,1321102,39077760,15.48,15.58,15.3,15.51,0.0,530
2013-02-06,1532,4499433,137540683,15.51,16.26,15.51,16.05,0.54,1587
2013-02-18,1532,10286252,334793791,16.39,17.17,16.26,17.12,1.07,2959
2013-02-19,1532,4478397,147301487,17.15,17.36,16.94,17.07,-0.05,1510
2013-02-20,1532,5892374,194454033,17.12,17.62,16.81,17.62,0.55,1982
2013-02-21,1532,5221261,176777901,17.59,17.88,17.36,17.62,0.0,1694
2013-02-22,1532,7272687,250801246,17.62,18.32,17.43,17.98,0.36,2437
2013-02-23,1532,3058213,105712162,18.19,18.22,17.88,18.01,0.03,1171
2013-02-25,1532,3203020,109888462,18.06,18.11,17.62,17.62,-0.39,1008
2013-02-26,1532,2614999,88084805,17.41,17.77,17.3,17.62,0.0,1172
2013-02-27,1532,3707852,127111022,17.62,18.11,17.59,17.88,0.26,1522
2013-03-01,1532,7303666,264499905,18.84,19.13,18.58,18.82,0.94,2291
2013-03-04,1532,5592677,202711371,18.84,19.18,18.68,19.0,0.18,2062
2013-03-05,1532,7352035,274510019,19.02,19.81,19.02,19.44,0.44,2438
2013-03-06,1532,8289073,317780524,19.6,20.43,19.49,20.27,0.83,3056
2013-03-07,1532,4505307,173483715,20.27,20.64,19.81,19.99,-0.28,1695
2013-03-08,1532,2798925,106415182,20.07,20.12,19.6,19.86,-0.13,1157
2013-03-11,1532,2120160,79947606,19.86,19.96,19.54,19.54,-0.32,877
2013-03-12,1532,4626997,177688469,19.75,20.27,19.57,19.86,0.32,1587
2013-03-13,1532,3925620,152577255,20.07,20.56,19.91,20.07,0.21,1481
2013-03-14,1532,2631784,100721926,20.07,20.12,19.65,20.04,-0.03,918
2013-03-15,1532,1762515,67402556,20.04,20.17,19.75,20.04,0.0,621
2013-03-18,1532,2089170,78494199,19.91,19.91,19.23,19.26,-0.78,690
2013-03-19,1532,4935726,182134412,19.28,19.6,18.76,19.39,0.13,1748
2013-03-20,1532,2271500,84502041,19.28,19.6,19.13,19.39,0.0,666
2013-03-21,1532,2464605,93434790,19.44,19.94,19.44,19.83,0.44,964
2013-03-22,1532,1988279,75806527,19.7,20.17,19.7,19.7,-0.13,828
2013-03-25,1532,8039239,314005536,19.91,20.85,19.65,20.67,0.97,2961
2013-03-26,1532,4688232,183813909,20.67,20.67,20.12,20.48,-0.19,1818
2013-03-27,1532,1566458,61358331,20.64,20.64,20.3,20.33,-0.15,588
2013-03-28,1532,1898128,73912865,20.35,20.43,20.09,20.33,0.0,726
2013-03-29,1532,1789706,70318281,20.59,20.69,20.22,20.27,-0.06,727
2013-04-01,1532,2303857,90385391,20.33,20.64,20.12,20.43,0.16,1050
2013-04-02,1532,5613935,223725693,20.43,21.0,20.33,21.0,0.57,1967
2013-04-03,1532,3220302,129347325,20.95,21.03,20.77,21.0,0.0,1120
2013-04-08,1532,5961311,224738606,20.07,20.33,19.54,19.54,-1.46,1649
2013-04-09,1532,3240242,118372135,19.54,19.65,18.76,19.21,-0.33,1266
2013-04-10,1532,1690689,62311201,19.23,19.47,18.92,19.41,0.2,695
2013-04-11,1532,1875517,70652146,19.54,19.94,19.39,19.91,0.5,780
2013-04-12,1532,1326802,49877042,19.86,19.86,19.39,19.49,-0.42,559
2013-04-15,1532,1889484,69093543,19.49,19.65,18.68,18.89,-0.6,744
2013-04-16,1532,1755062,62429567,17.98,18.89,17.93,18.79,-0.1,651
2013-04-17,1532,1209517,43868910,18.79,19.08,18.66,19.02,0.23,535
2013-04-18,1532,1533058,56488663,19.02,19.39,19.02,19.15,0.13,673
2013-04-19,1532,4600942,173103492,19.81,19.91,19.23,19.23,0.08,1694
2013-04-22,1532,1360879,51213343,19.75,19.75,19.44,19.7,0.47,699
2013-04-23,1532,2838452,108417224,19.81,20.12,19.54,19.86,0.16,1157
2013-04-24,1532,4447320,173220486,20.12,20.56,19.99,20.22,0.36,1901
2013-04-25,1532,6967003,276724252,20.43,20.95,20.2,20.69,0.47,2673
2013-04-26,1532,5421945,216240897,20.87,21.08,20.27,20.33,-0.36,2232
2013-04-29,1532,1283706,50068928,20.43,20.56,20.2,20.48,0.15,647
2013-04-30,1532,1566779,61467229,20.64,20.69,20.2,20.38,-0.1,739
2013-05-02,1532,7210329,291918760,20.59,21.42,20.59,20.95,0.57,2340
2013-05-03,1532,1885252,75212795,20.9,21.11,20.64,20.74,-0.21,818
2013-05-06,1532,1357015,54143538,20.74,20.9,20.69,20.77,0.03,595
2013-05-07,1532,1510375,59571075,20.64,20.85,20.4,20.48,-0.29,613
2013-05-08,1532,2067134,81402288,20.33,20.69,20.33,20.48,0.0,856
2013-05-09,1532,1801428,71635037,20.67,20.93,20.54,20.54,0.06,793
2013-05-10,1532,2181842,86939117,20.54,20.9,20.54,20.8,0.26,932
2013-05-13,1532,3250201,130416619,20.85,21.03,20.74,20.8,0.0,1033
2013-05-14,1532,2511254,100662867,20.8,21.03,20.74,20.9,0.1,869
2013-05-15,1532,1284387,51035320,20.85,20.93,20.54,20.74,-0.16,587
2013-05-16,1532,5219960,211406471,20.8,21.42,20.64,21.06,0.32,1724
2013-05-17,1532,12373092,520685592,21.11,22.39,21.11,22.12,1.06,4276
2013-05-20,1532,8364348,362720264,22.41,22.93,22.2,22.52,0.4,3295
2013-05-21,1532,3239801,140432441,22.75,22.78,22.41,22.59,0.07,1340
2013-05-22,1532,7950302,351459593,22.7,23.25,22.7,22.93,0.34,2902
2013-05-23,1532,4182050,181026500,22.93,22.93,22.31,22.49,-0.44,1665
2013-05-24,1532,3215687,137203478,22.52,22.67,21.94,22.23,-0.26,1126
2013-05-27,1532,1928008,82617126,22.07,22.57,21.94,22.52,0.29,749
2013-05-28,1532,2923652,128382009,22.52,23.19,22.41,22.72,0.2,1208
2013-05-29,1532,11328805,511635310,22.93,23.82,22.93,23.61,0.89,3651
2013-05-30,1532,8970826,412974415,23.45,24.47,23.35,24.24,0.63,3083
2013-05-31,1532,10791417,504318722,24.5,24.91,23.4,23.51,-0.73,3807
2013-06-03,1532,3104598,139143321,22.98,23.58,22.96,23.4,-0.11,1307
2013-06-04,1532,2595609,116508842,23.69,23.71,23.14,23.17,-0.23,1199
2013-06-05,1532,5230662,236930964,23.14,23.95,23.14,23.66,0.49,1881
2013-06-06,1532,2344975,106067325,23.56,23.77,23.48,23.51,-0.15,897
2013-06-07,1532,8857394,378991474,22.96,23.3,21.86,21.86,-1.65,2668
2013-06-10,1532,2509989,106154421,21.86,22.28,21.73,22.18,0.32,1049
2013-06-11,1532,1763585,75193340,22.18,22.39,22.07,22.15,-0.03,706
2013-06-13,1532,2631665,109526225,21.94,22.28,21.21,21.63,-0.52,1178
2013-06-14,1532,2614781,107046871,21.86,21.86,21.03,21.5,-0.13,1075
2013-06-17,1532,1379247,57506293,21.5,21.99,21.47,21.94,0.44,673
2013-06-18,1532,1574789,66723860,21.94,22.23,21.89,22.05,0.11,1042
2013-06-19,1532,2412024,103881770,22.36,22.65,22.07,22.44,0.39,937
2013-06-20,1532,1210769,51268019,22.41,22.41,21.94,21.99,-0.45,491
2013-06-21,1532,1785647,71665817,20.46,21.29,20.46,21.0,-0.99,787
2013-06-24,1532,2590051,101354507,21.0,21.06,20.09,20.12,-0.88,1351
2013-06-25,1532,6117596,222412892,19.88,20.01,18.71,18.71,-1.41,2200
2013-06-26,1532,2352365,85281365,18.97,19.18,18.71,18.74,0.03,1258
2013-06-27,1532,2918458,109135154,19.02,19.88,18.89,19.88,1.14,1390
2013-06-28,1532,1924754,72901147,20.07,20.07,19.44,19.49,-0.39,796
2013-07-01,1532,1308635,50022367,19.52,20.07,19.49,20.07,0.58,602
2013-07-02,1532,1138904,43638661,20.25,20.25,19.81,19.83,-0.24,524
2013-07-03,1532,717838,27132462,19.83,19.99,19.41,19.41,-0.42,426
2013-07-04,1532,930629,34757458,19.57,19.65,19.31,19.34,-0.07,492
2013-07-05,1532,1428398,52547329,19.36,19.6,18.79,18.97,-0.37,756
2013-07-08,1532,1223775,44044350,18.95,18.95,18.58,18.76,-0.21,609
2013-07-09,1532,2957013,112609397,18.92,20.07,18.92,20.07,1.31,1072
2013-07-10,1532,5865258,234014788,20.54,21.29,20.07,21.08,1.01,2406
2013-07-11,1532,5853613,244663697,21.37,22.07,21.37,21.58,0.5,2089
2013-07-12,1532,2310000,95296850,21.86,21.86,21.26,21.58,0.0,1114
2013-07-15,1532,1544398,63418232,21.58,21.58,21.32,21.37,-0.21,654
2013-07-16,1532,2048065,85064822,21.37,21.86,21.37,21.53,0.16,968
2013-07-17,1532,3060340,128860438,21.53,22.28,21.42,22.07,0.54,1292
2013-07-18,1532,3867075,165674656,22.41,22.62,21.84,22.07,0.0,1576
2013-07-19,1532,5065264,218706567,22.31,22.83,21.89,22.67,0.6,2493
2013-07-22,1532,4156615,184679379,23.19,23.35,22.85,22.85,0.18,1645
2013-07-23,1532,4147468,184965514,22.93,23.4,22.93,23.25,0.4,1736
2013-07-24,1532,3648602,164230508,23.25,23.61,23.25,23.32,0.07,1129
2013-07-25,1532,8686671,398595708,23.56,24.11,23.4,23.98,0.66,2345
2013-07-26,1532,4096237,188625754,24.13,24.21,23.77,23.95,-0.03,1338
2013-07-29,1532,3996950,185612138,23.98,24.26,23.95,24.05,0.1,1536
2013-07-30,1532,5755992,263129882,24.05,24.18,23.19,23.4,-0.65,1807
2013-07-31,1532,4087717,183769508,23.45,24.13,22.83,23.92,0.52,1734
2013-08-01,1532,3187156,145248795,23.87,23.98,23.45,23.71,-0.21,1187
2013-08-02,1532,5839597,269226240,24.03,24.16,23.79,23.98,0.27,1765
2013-08-05,1532,6183695,284545998,23.92,24.13,23.77,24.05,0.07,1989
2013-08-06,1532,8747443,400751231,24.21,25.11,24.21,24.92,0.87,2715
2013-08-07,1532,2858695,130630128,24.81,25.16,24.35,24.78,-0.14,1121
2013-08-08,1532,9240689,404159365,24.54,24.62,23.07,23.42,-1.36,2955
2013-08-09,1532,5062384,211196444,22.88,23.21,22.31,23.21,-0.21,2204
2013-08-12,1532,1743938,74601687,22.93,23.45,22.88,23.37,0.16,793
2013-08-13,1532,2063851,90046599,23.37,23.88,23.37,23.69,0.32,1065
2013-08-14,1532,2336335,100647855,23.86,23.86,23.23,23.37,-0.32,933
2013-08-15,1532,822565,35348579,23.37,23.45,22.99,23.37,0.0,390
2013-08-16,1532,1444216,62726647,23.34,23.72,23.34,23.64,0.27,675
2013-08-19,1532,2322866,103447764,23.69,24.62,23.64,24.56,0.92,1057
2013-08-20,1532,3150034,141615266,24.62,24.7,24.18,24.35,-0.21,1408
2013-08-22,1532,1788507,79889706,24.08,24.51,24.08,24.13,-0.22,848
2013-08-23,1532,1898866,85081854,24.24,24.67,24.02,24.08,-0.05,958
2013-08-26,1532,2118456,95544402,24.18,24.78,24.18,24.32,0.24,739
2013-08-27,1532,1401273,62578207,24.32,24.51,23.94,24.32,0.0,637
2013-08-28,1532,1957846,85451510,24.08,24.13,23.5,23.69,-0.63,766
2013-08-29,1532,1997585,86695872,23.8,23.99,23.37,23.37,-0.32,677
2013-08-30,1532,2805338,124171945,24.62,24.67,23.69,23.86,0.49,1044
2013-09-02,1532,1082761,47621540,23.86,24.1,23.8,24.1,0.24,472
2013-09-03,1532,1111689,49334647,24.4,24.4,23.83,24.21,0.11,458
2013-09-04,1532,1171257,52211591,24.4,24.4,23.99,24.21,0.0,741
2013-09-05,1532,2028484,90715368,24.24,24.51,24.1,24.51,0.3,901
2013-09-06,1532,3103405,140239663,24.51,24.73,24.35,24.73,0.22,1072
2013-09-09,1532,7254712,324692422,26.19,26.25,23.21,23.26,-1.47,2673
2013-09-10,1532,5205321,216963961,23.26,23.48,21.85,22.28,-0.98,1999
2013-09-11,1532,1876246,77542041,22.42,22.66,22.17,22.63,0.35,894
2013-09-12,1532,896055,37834758,22.72,23.07,22.66,22.96,0.33,541
2013-09-13,1532,939667,39749495,22.96,23.1,22.8,22.99,0.03,547
2013-09-14,1532,708955,30203187,23.15,23.26,22.93,23.15,0.16,378
2013-09-16,1532,1010430,43228028,23.31,23.4,23.04,23.15,0.0,444
2013-09-17,1532,1262237,53269364,23.18,23.26,22.63,22.63,-0.52,609
2013-09-18,1532,3488188,141132169,22.55,22.63,21.68,21.96,-0.67,1623
2013-09-23,1532,1321048,53329980,21.74,22.12,21.74,22.01,0.05,758
2013-09-24,1532,2080001,83880040,22.17,22.2,21.71,21.9,-0.11,1138
2013-09-25,1532,679647,27347779,21.9,22.04,21.79,21.82,-0.08,438
2013-09-26,1532,1007092,40197277,21.74,21.96,21.6,21.66,-0.16,498
2013-09-27,1532,5623975,212141093,21.47,21.66,20.16,20.52,-1.14,2514
2013-09-30,1532,2256457,86099022,20.38,21.11,20.11,21.11,0.59,1372
2013-10-01,1532,952070,36740970,21.19,21.19,20.87,20.92,-0.19,524
2013-10-02,1532,1045092,40437964,21.38,21.38,20.84,20.92,0.0,501
2013-10-03,1532,1368265,53310285,20.92,21.33,20.92,21.3,0.38,720
2013-10-04,1532,894607,34720620,21.3,21.3,20.98,20.98,-0.32,413
2013-10-07,1532,555408,21632974,21.19,21.25,21.0,21.14,0.16,299
2013-10-08,1532,2208521,87989780,21.14,21.87,21.14,21.77,0.63,1034
2013-10-09,1532,954953,38064930,21.79,21.87,21.47,21.55,-0.22,446
2013-10-11,1532,4893492,203798451,22.28,22.99,22.01,22.83,1.28,2267
2013-10-14,1532,1783532,73663749,22.88,22.88,22.28,22.31,-0.52,983
2013-10-15,1532,4501600,193536204,22.5,23.86,22.5,23.86,1.55,1747
2013-10-16,1532,6603994,296305153,24.13,25.0,23.59,24.46,0.6,2933
2013-10-17,1532,2612540,118574198,25.0,25.0,24.48,24.84,0.38,1361
2013-10-18,1532,2243118,101602960,24.84,24.97,24.43,24.73,-0.11,1292
2013-10-21,1532,1449771,65809009,24.73,24.73,24.51,24.73,0.0,882
2013-10-22,1532,3419329,157242433,24.84,25.16,24.67,25.05,0.32,1447
2013-10-23,1532,2434517,111008168,25.22,25.27,24.46,24.89,-0.16,1123
2013-10-24,1532,1510124,69033325,24.89,25.0,24.62,24.67,-0.22,909
2013-10-25,1532,1733431,78863094,24.67,25.0,24.54,24.54,-0.13,1138
2013-10-28,1532,1941837,88753247,24.73,25.11,24.56,24.62,0.08,843
2013-10-29,1532,2045939,93725099,24.62,25.11,24.51,25.0,0.38,974
2013-10-30,1532,2884111,130256363,25.0,25.05,24.21,24.48,-0.52,1299
2013-10-31,1532,1345082,59836913,24.29,24.56,23.72,23.72,-0.76,630
2013-11-01,1532,2273558,97251404,23.75,23.86,22.74,22.83,-0.89,1231
2013-11-04,1532,1525774,65827179,23.04,23.78,22.91,23.5,0.67,1003
2013-11-05,1532,1046529,44444381,23.5,23.59,22.85,22.88,-0.62,552
2013-11-06,1532,661266,28120524,22.55,23.29,22.55,23.26,0.38,398
2013-11-07,1532,1630421,71559733,23.15,24.35,23.15,24.13,0.87,860
2013-11-08,1532,1757285,77594400,23.94,24.35,23.61,23.91,-0.22,862
2013-11-11,1532,696200,30607673,23.91,24.13,23.72,23.86,-0.05,384
2013-11-12,1532,882714,38663356,24.1,24.13,23.56,23.75,-0.11,607
2013-11-13,1532,640743,28189090,24.02,24.02,23.75,23.97,0.22,381
2013-11-14,1532,1364559,60861371,24.43,24.43,24.13,24.29,0.32,826
2013-11-15,1532,1506601,68104645,24.29,24.92,24.16,24.78,0.49,746
2013-11-18,1532,1214496,55320888,24.78,24.94,24.56,24.81,0.03,799
2013-11-19,1532,1851710,85105855,25.0,25.19,24.65,24.65,-0.16,886
2013-11-20,1532,1291788,57282609,24.67,24.81,23.31,23.67,-0.98,674
2013-11-21,1532,905018,39762581,23.86,24.24,23.67,23.75,0.08,562
2013-11-22,1532,405547,17889997,24.13,24.13,23.8,23.8,0.05,214
2013-11-25,1532,518792,23082041,23.91,24.4,23.91,24.29,0.49,379
2013-11-26,1532,336017,14952344,24.4,24.4,24.02,24.02,-0.27,245
2013-11-27,1532,290076,12858752,24.02,24.29,23.94,24.13,0.11,165
2013-11-28,1532,794287,35092687,24.13,24.32,23.67,24.08,-0.05,480
2013-11-29,1532,839752,37672391,24.08,24.73,24.08,24.32,0.24,391
2013-12-02,1532,638806,28366531,24.35,24.35,24.02,24.1,-0.22,352
2013-12-03,1532,552582,24460716,24.1,24.37,23.88,23.91,-0.19,279
2013-12-04,1532,393256,17274403,24.18,24.18,23.64,23.8,-0.11,248
2013-12-05,1532,931618,40115904,23.8,23.8,23.26,23.31,-0.49,508
2013-12-06,1532,474850,20423503,23.53,23.53,23.23,23.29,-0.02,288
2013-12-09,1532,394258,17108513,23.75,23.78,23.5,23.53,0.24,228
2013-12-10,1532,596764,25586178,23.53,23.75,23.02,23.29,-0.24,290
2013-12-11,1532,404596,17446281,23.29,23.56,23.29,23.53,0.24,232
2013-12-12,1532,203507,8762602,23.26,23.5,23.26,23.37,-0.16,122
2013-12-13,1532,360146,15434259,23.37,23.45,23.23,23.26,-0.11,214
2013-12-16,1532,835670,35167801,23.26,23.34,22.72,22.72,-0.54,504
2013-12-17,1532,467721,19640851,23.1,23.1,22.74,22.8,0.08,261
2013-12-18,1532,487142,20398280,22.83,22.88,22.66,22.83,0.03,356
2013-12-19,1532,666096,27819424,22.93,22.93,22.58,22.58,-0.25,438
2013-12-20,1532,876031,36113509,22.74,22.83,22.28,22.28,-0.3,514
2013-12-23,1532,554542,22985457,22.34,22.77,22.34,22.58,0.3,430
2013-12-24,1532,738085,30613269,22.44,23.07,22.39,22.53,-0.05,451
2013-12-25,1532,768796,31776686,22.47,22.77,22.31,22.39,-0.14,469
2013-12-26,1532,545990,22543382,22.39,22.58,22.36,22.36,-0.03,397
2013-12-27,1532,877204,36134638,22.36,22.5,22.31,22.34,-0.02,500
2013-12-30,1532,1134794,46855984,22.34,22.61,22.31,22.55,0.21,700
2013-12-31,1532,881847,36274931,22.55,22.55,22.28,22.31,-0.24,492
2014-01-02,1532,1151103,46651890,22.36,22.47,21.9,21.98,-0.33,756
2014-01-03,1532,2337809,94016561,21.9,22.25,21.68,22.12,0.14,755
2014-01-06,1532,2125294,83485038,22.28,22.28,20.95,21.25,-0.87,1237
2014-01-07,1532,1022100,40295573,21.25,21.68,21.19,21.63,0.38,613
2014-01-08,1532,1081395,42543827,21.63,21.63,21.22,21.3,-0.33,656
2014-01-09,1532,710693,27769077,21.36,21.36,21.09,21.36,0.06,393
2014-01-10,1532,864001,33746339,21.36,21.41,21.11,21.19,-0.17,486
2014-01-13,1532,893435,34556111,21.14,21.19,20.95,20.95,-0.24,593
2014-01-14,1532,1962368,74063869,20.95,20.95,20.27,20.38,-0.57,1170
2014-01-15,1532,2526859,92973706,20.38,20.38,19.56,20.19,-0.19,1555
2014-01-16,1532,1816170,67372567,20.19,20.38,19.94,20.08,-0.11,1131
2014-01-17,1532,842076,31270429,20.22,20.27,20.11,20.27,0.19,476
2014-01-20,1532,2145151,81976205,20.38,21.09,20.3,20.65,0.38,1207
2014-01-21,1532,1176005,44399985,20.65,20.9,20.38,20.49,-0.16,786
2014-01-22,1532,1182602,44249802,20.49,20.76,20.11,20.22,-0.27,851
2014-01-23,1532,842213,31108852,20.22,20.38,20.0,20.05,-0.17,587
2014-01-24,1532,1104610,40348441,19.84,20.03,19.78,19.94,-0.11,525
2014-01-27,1532,402464,14841887,19.94,20.22,19.78,20.19,0.25,271
2014-02-05,1532,408659,15041383,20.19,20.22,19.84,19.94,-0.25,313
2014-02-06,1532,587927,21668333,20.11,20.22,19.86,20.22,0.28,351
2014-02-07,1532,760431,28615316,20.43,20.6,20.27,20.54,0.32,452
2014-02-10,1532,780479,29737819,20.76,20.79,20.54,20.68,0.14,445
2014-02-11,1532,500904,18978972,20.79,20.79,20.46,20.52,-0.16,301
2014-02-12,1532,425432,16065641,20.65,20.68,20.41,20.43,-0.09,255
2014-02-13,1532,482584,18031136,20.43,20.43,20.22,20.41,-0.02,328
2014-02-14,1532,683982,25542824,20.41,20.46,20.22,20.24,-0.17,404
2014-02-17,1532,665202,24763312,20.41,20.43,20.11,20.22,-0.02,387
2014-02-18,1532,607743,22535191,20.14,20.38,20.05,20.11,-0.11,396
2014-02-19,1532,877916,32333676,20.11,20.27,19.84,20.19,0.08,412
2014-02-20,1532,1476406,55267832,20.19,20.62,20.14,20.43,0.24,710
2014-02-21,1532,4109196,155684962,20.6,20.84,20.38,20.57,0.14,1190
2014-02-24,1532,4464604,174159068,20.76,21.47,20.76,21.44,0.87,2075
2014-02-25,1532,1889650,73720464,21.63,21.63,20.98,21.09,-0.35,1164
2014-02-26,1532,1113121,43037491,21.09,21.38,20.92,20.92,-0.17,675
2014-02-27,1532,718261,27724473,20.92,21.19,20.87,21.09,0.17,362
2014-03-03,1532,644586,24748993,21.09,21.09,20.73,20.76,-0.33,409
2014-03-04,1532,763473,29057424,20.76,20.84,20.6,20.71,-0.05,430
2014-03-05,1532,856482,32780483,20.76,20.92,20.71,20.84,0.13,492
2014-03-06,1532,601302,22925338,20.9,20.9,20.65,20.76,-0.08,285
2014-03-07,1532,989849,37448784,20.76,20.84,20.38,20.38,-0.38,486
2014-03-10,1532,599656,22415002,20.38,20.54,20.22,20.24,-0.14,317
2014-03-11,1532,669204,25028059,20.24,20.52,20.22,20.41,0.17,433
2014-03-12,1532,499173,18711381,20.22,20.62,20.22,20.24,-0.17,280
2014-03-13,1532,562479,21042165,20.54,20.54,20.24,20.27,0.03,273
2014-03-14,1532,638999,24201553,20.24,20.81,20.24,20.54,0.27,356
2014-03-17,1532,477365,18197220,20.65,20.84,20.54,20.71,0.17,357
2014-03-18,1532,461536,17590455,20.92,20.92,20.57,20.6,-0.11,245
2014-03-19,1532,786121,29573017,20.6,20.68,20.35,20.35,-0.25,510
2014-03-20,1532,283786,10626530,20.35,20.46,20.27,20.35,0.0,143
2014-03-21,1532,393456,14724476,20.35,20.54,20.19,20.19,-0.16,182
2014-03-24,1532,457866,16946492,20.19,20.22,19.94,20.11,-0.08,221
2014-03-25,1532,350759,13063732,19.97,20.38,19.97,20.38,0.27,186
2014-03-26,1532,670373,25608657,20.54,20.98,20.54,20.73,0.35,367
2014-03-27,1532,6800017,272757585,20.84,22.17,20.76,22.17,1.44,2560
2014-03-28,1532,3738856,147640357,21.9,21.9,21.09,21.47,-0.7,1761
2014-03-31,1532,1495073,58967217,21.58,21.85,21.11,21.38,-0.09,724
2014-04-01,1532,1351707,52722608,21.47,21.47,21.09,21.11,-0.27,631
2014-04-02,1532,1298666,50514050,21.14,21.38,20.98,20.98,-0.13,553
2014-04-03,1532,1127615,43808784,20.92,21.25,20.92,21.09,0.11,518
2014-04-07,1532,1003038,39197540,21.11,21.38,20.98,21.38,0.29,496
2014-04-08,1532,637468,24906524,21.38,21.38,21.11,21.17,-0.21,342
2014-04-09,1532,901352,35219205,21.17,21.33,21.17,21.19,0.02,385
2014-04-10,1532,701598,27282904,21.19,21.28,21.0,21.06,-0.13,373
2014-04-11,1532,616622,23915006,20.98,21.25,20.98,20.98,-0.08,311
2014-04-14,1532,560787,21542665,20.92,21.14,20.73,20.73,-0.25,283
2014-04-15,1532,455134,17441771,20.76,21.03,20.76,20.79,0.06,288
2014-04-16,1532,473104,18135274,20.81,20.98,20.76,20.81,0.02,310
2014-04-17,1532,352089,13522995,20.95,20.95,20.81,20.81,0.0,223
2014-04-18,1532,913208,35450335,20.87,21.25,20.87,21.19,0.38,490
2014-04-21,1532,698321,27172251,21.19,21.3,21.03,21.03,-0.16,384
2014-04-22,1532,599235,23328904,21.11,21.25,21.06,21.06,0.03,314
2014-04-23,1532,896017,34459449,21.11,21.19,20.76,20.76,-0.3,437
2014-04-24,1532,470377,17961161,20.76,20.9,20.68,20.76,0.0,276
2014-04-25,1532,1188163,44435045,20.65,20.65,20.22,20.22,-0.54,565
2014-04-28,1532,1762323,64102928,19.81,20.08,19.29,19.51,-0.71,786
2014-04-29,1532,996767,36012633,19.56,19.81,19.51,19.62,0.11,591
2014-04-30,1532,1911914,67668440,19.62,19.78,18.83,18.91,-0.71,995
2014-05-02,1532,1246333,43591966,18.91,19.27,18.78,19.16,0.25,703
2014-05-05,1532,690232,24424833,19.16,19.29,19.16,19.16,0.0,392
2014-05-06,1532,543414,19402174,19.16,19.56,19.16,19.4,0.24,354
2014-05-07,1532,616782,21962460,19.4,19.46,19.29,19.32,-0.08,329
2014-05-08,1532,476554,16993695,19.46,19.51,19.29,19.37,0.05,272
2014-05-09,1532,948693,34055342,19.35,19.78,19.29,19.56,0.19,577
2014-05-12,1532,1113849,40411646,19.62,19.84,19.51,19.73,0.17,589
2014-05-13,1532,824100,29907750,19.81,19.92,19.56,19.56,-0.17,401
2014-05-14,1532,675761,24242612,19.56,19.78,19.32,19.35,-0.21,346
2014-05-15,1532,431068,15258195,19.35,19.37,19.16,19.24,-0.11,278
2014-05-16,1532,1843468,64013139,19.13,19.13,18.75,18.8,-0.44,971
2014-05-19,1532,1820074,61960149,18.8,18.83,18.31,18.45,-0.35,881
2014-05-20,1532,909083,30790983,18.45,18.64,18.34,18.4,-0.05,545
2014-05-21,1532,1011323,33846919,18.4,18.48,18.1,18.1,-0.3,568
2014-05-22,1532,1061300,35570950,18.12,18.42,18.12,18.15,0.05,512
2014-05-23,1532,427747,14401794,18.31,18.4,18.23,18.37,0.22,261
2014-05-26,1532,956863,33013522,18.48,18.97,18.48,18.8,0.43,546
2014-05-27,1532,595710,20623877,18.97,18.97,18.69,18.78,-0.02,346
2014-05-28,1532,847900,29345758,18.78,18.91,18.75,18.8,0.02,581
2014-05-29,1532,654381,22593828,18.8,18.94,18.67,18.72,-0.08,475
2014-05-30,1532,1137386,38819388,18.72,18.8,18.48,18.48,-0.24,704
2014-06-03,1532,441976,14986830,18.37,18.61,18.37,18.4,-0.08,313
2014-06-04,1532,514578,17557114,18.37,18.83,18.37,18.59,0.19,304
2014-06-05,1532,501012,17118303,18.59,18.69,18.45,18.53,-0.06,259
2014-06-06,1532,2070183,72624181,18.69,19.46,18.45,19.35,0.82,1064
2014-06-09,1532,1108964,39408481,19.4,19.67,19.08,19.24,-0.11,519
2014-06-10,1532,446565,15757675,19.24,19.37,19.1,19.13,-0.11,236
2014-06-11,1532,431202,15163136,19.1,19.24,19.02,19.13,0.0,243
2014-06-12,1532,775550,27098170,19.08,19.16,18.89,18.99,-0.14,516
2014-06-13,1532,860848,29781919,19.02,19.02,18.67,18.69,-0.3,550
2014-06-16,1532,748509,25989409,18.69,19.02,18.69,18.86,0.17,493
2014-06-17,1532,484271,16842347,18.8,19.18,18.8,18.89,0.03,266
2014-06-18,1532,726157,25285512,18.89,19.1,18.83,19.02,0.13,613
2014-06-19,1532,319531,11171918,19.08,19.24,18.91,18.97,-0.05,173
2014-06-20,1532,382531,13353725,19.13,19.13,18.91,18.97,0.0,211
2014-06-23,1532,663380,23045616,18.97,19.02,18.8,18.83,-0.14,353
2014-06-24,1532,447592,15557870,19.02,19.02,18.83,18.89,0.06,309
2014-06-25,1532,324612,11276564,18.89,18.97,18.83,18.89,0.0,209
2014-06-26,1532,586021,20284321,18.97,18.97,18.72,18.89,0.0,225
2014-06-27,1532,448450,15643162,18.83,19.08,18.75,18.97,0.08,276
2014-06-30,1532,414121,14489045,18.97,19.08,18.86,18.99,0.02,240
2014-07-01,1532,784921,27441384,19.02,19.1,18.8,19.08,0.09,372
2014-07-02,1532,493780,17364669,19.08,19.18,19.02,19.08,0.0,346
2014-07-03,1532,499692,17545620,19.24,19.24,19.05,19.05,-0.03,332
2014-07-04,1532,463933,16182437,19.08,19.08,18.91,18.91,-0.14,279
2014-07-07,1532,498627,17246545,18.86,19.02,18.69,18.72,-0.19,262
2014-07-08,1532,299239,10340754,18.72,18.86,18.69,18.8,0.08,214
2014-07-09,1532,509309,17545399,18.8,18.86,18.64,18.83,0.03,310
2014-07-10,1532,586882,20339215,18.83,18.99,18.78,18.89,0.06,496
2014-07-11,1532,371248,12901955,18.75,18.97,18.75,18.75,-0.14,188
2014-07-14,1532,196892,6834573,19.02,19.02,18.8,18.89,0.14,114
2014-07-15,1532,264956,9222315,18.89,18.97,18.89,18.89,0.0,181
2014-07-16,1532,919744,32381807,18.99,19.51,18.89,19.16,0.27,551
2014-07-17,1532,646772,22832874,19.29,19.35,19.1,19.13,-0.03,358
2014-07-18,1532,478846,16834560,19.16,19.18,19.02,19.13,0.0,251
2014-07-21,1532,333311,11736663,19.13,19.24,19.08,19.13,0.0,184
2014-07-22,1532,808567,28727296,19.24,19.4,19.16,19.35,0.22,411
2014-07-24,1532,690442,24706567,19.46,19.51,19.37,19.48,0.13,414
2014-07-25,1532,1670714,60693885,19.48,19.89,19.48,19.78,0.3,781
2014-07-28,1532,1889209,69966833,19.78,20.38,19.78,20.16,0.38,898
2014-07-29,1532,1329426,49411083,20.41,20.41,20.03,20.08,-0.08,639
2014-07-30,1532,963033,35665014,20.08,20.22,20.05,20.16,0.08,413
2014-07-31,1532,1521529,56257041,20.16,20.22,20.03,20.03,-0.13,578
2014-08-01,1532,687173,25286787,19.84,20.11,19.84,20.03,0.0,388
2014-08-04,1532,3453269,127336042,20.11,20.22,19.89,19.94,-0.09,1351
2014-08-05,1532,2016393,66076377,20.04,20.1,19.65,19.65,-0.29,1032
2014-08-06,1532,987710,31521586,19.65,19.71,19.02,19.26,-0.39,497
2014-08-07,1532,322180,10266887,19.23,19.41,19.14,19.14,-0.12,206
2014-08-08,1532,591462,18849234,19.38,19.5,19.05,19.17,0.03,262
2014-08-11,1532,635556,20440484,19.44,19.59,19.26,19.26,0.09,300
2014-08-12,1532,1444119,47273827,19.32,20.01,19.32,19.77,0.51,925
2014-08-13,1532,734469,23988411,20.04,20.07,19.62,19.65,-0.12,411
2014-08-14,1532,363622,11893723,19.74,19.92,19.65,19.68,0.03,277
2014-08-15,1532,321843,10362299,19.56,19.62,19.35,19.41,-0.27,209
2014-08-18,1532,449548,14305430,19.41,19.5,19.11,19.11,-0.3,294
2014-08-19,1532,824181,26592206,19.2,19.71,19.2,19.5,0.39,475
2014-08-20,1532,542478,17527406,19.68,19.68,19.35,19.53,0.03,365
2014-08-21,1532,423403,13574973,19.53,19.56,19.23,19.32,-0.21,350
2014-08-22,1532,545681,17637452,19.32,19.68,19.32,19.65,0.33,409
2014-08-25,1532,371501,12014481,19.65,19.68,19.35,19.53,-0.12,285
2014-08-26,1532,803166,25865534,19.56,19.65,19.29,19.59,0.06,518
2014-08-27,1532,698240,22698625,19.62,19.71,19.59,19.65,0.06,486
2014-08-28,1532,463298,14997484,19.8,19.8,19.38,19.56,-0.09,387
2014-08-29,1532,348656,11222472,19.38,19.56,19.38,19.41,-0.15,303
2014-09-01,1532,312080,10027700,19.44,19.56,19.32,19.47,0.06,199
2014-09-02,1532,432275,13851500,19.56,19.56,19.26,19.26,-0.21,331
2014-09-03,1532,797028,25288038,19.32,19.41,19.02,19.05,-0.21,573
2014-09-04,1532,698086,21978211,19.05,19.17,18.89,18.98,-0.07,469
2014-09-05,1532,333896,10426074,18.98,19.02,18.74,18.89,-0.09,210
2014-09-09,1532,364655,11406279,18.89,18.98,18.8,18.95,0.06,187
2014-09-10,1532,312125,9809766,19.02,19.05,18.92,19.02,0.07,218
2014-09-11,1532,393942,12572047,19.08,19.41,19.08,19.26,0.24,257
2014-09-12,1532,221967,7039348,19.26,19.26,19.11,19.11,-0.15,134
2014-09-15,1532,157959,4996399,19.05,19.23,19.05,19.14,0.03,98
2014-09-16,1532,188840,5950602,19.11,19.17,18.92,19.02,-0.12,135
2014-09-17,1532,539040,17074059,19.02,19.26,18.95,19.11,0.09,407
2014-09-18,1532,199472,6283190,19.29,19.29,18.95,18.95,-0.16,140
2014-09-19,1532,240992,7570139,18.98,19.17,18.86,18.95,0.0,210
2014-09-22,1532,205290,6438396,18.83,19.02,18.83,18.95,0.0,178
2014-09-23,1532,139805,4383260,18.95,19.05,18.83,18.95,0.0,157
2014-09-24,1532,459681,14454430,18.95,19.14,18.89,19.14,0.19,358
2014-09-25,1532,544456,17348017,19.29,19.44,19.11,19.23,0.09,481
2014-09-26,1532,332652,10449498,19.2,19.2,18.86,18.95,-0.28,278
2014-09-29,1532,362885,11389985,19.2,19.2,18.86,18.95,0.0,270
2014-09-30,1532,527788,16561864,18.95,19.17,18.83,19.17,0.22,325
2014-10-01,1532,347349,10897039,19.17,19.17,18.83,18.83,-0.34,258
2014-10-02,1532,466723,14490221,18.83,19.02,18.65,18.71,-0.12,272
2014-10-03,1532,530319,16467628,18.71,18.89,18.68,18.77,0.06,374
2014-10-06,1532,362544,11238640,18.89,18.89,18.65,18.71,-0.06,279
2014-10-07,1532,427388,13088578,18.71,18.71,18.35,18.53,-0.18,291
2014-10-08,1532,549773,16859765,18.44,18.65,18.44,18.53,0.0,358
2014-10-09,1532,961446,29804099,18.68,18.95,18.47,18.95,0.42,649
2014-10-13,1532,689863,21042080,18.65,18.77,18.23,18.23,-0.72,519
2014-10-14,1532,435077,13247783,18.11,18.68,18.11,18.35,0.12,316
2014-10-15,1532,600840,17980109,18.2,18.41,17.96,18.02,-0.33,440
2014-10-16,1532,2212355,61835646,17.93,17.99,16.78,16.78,-1.24,1055
2014-10-17,1532,3244982,85608182,16.0,16.78,15.63,15.63,-1.15,1556
2014-10-20,1532,4434842,109011672,15.73,15.76,14.55,14.73,-0.9,2095
2014-10-21,1532,1722105,42120294,14.7,15.06,14.28,14.94,0.21,1030
2014-10-22,1532,1630616,41755821,15.06,15.88,14.97,15.76,0.82,808
2014-10-23,1532,1004340,25455401,15.7,15.7,14.94,15.45,-0.31,544
2014-10-24,1532,802245,20151007,15.45,15.51,15.09,15.18,-0.27,407
2014-10-27,1532,1094658,26441103,15.18,15.21,14.28,14.43,-0.75,429
2014-10-28,1532,2026971,47355423,14.49,14.61,13.79,13.97,-0.46,1136
2014-10-29,1532,1540682,37062087,14.04,14.76,14.0,14.73,0.76,737
2014-10-30,1532,818907,19585324,14.73,14.73,14.19,14.73,0.0,376
2014-10-31,1532,1010989,24995870,14.76,15.09,14.76,15.09,0.36,477
2014-11-03,1532,924450,23342463,15.09,15.51,14.88,15.18,0.09,476
2014-11-04,1532,546821,13574820,15.15,15.15,14.82,14.97,-0.21,259
2014-11-05,1532,424235,10441864,14.85,15.15,14.79,14.79,-0.18,266
2014-11-06,1532,397808,9646745,14.79,14.91,14.49,14.61,-0.18,224
2014-11-07,1532,602179,14496220,14.61,14.76,14.49,14.52,-0.09,312
2014-11-10,1532,1029753,24926020,14.55,14.82,14.49,14.76,0.24,415
2014-11-11,1532,492404,11933985,14.76,14.82,14.49,14.55,-0.21,261
2014-11-12,1532,401487,9577937,14.52,14.52,14.31,14.37,-0.18,235
2014-11-13,1532,453661,10714059,14.37,14.43,14.16,14.19,-0.18,278
2014-11-14,1532,381426,8935511,14.25,14.25,14.07,14.16,-0.03,203
2014-11-17,1532,592829,13770961,14.28,14.28,13.88,14.07,-0.09,347
2014-11-18,1532,795108,18210653,14.07,14.07,13.7,13.85,-0.22,375
2014-11-19,1532,382771,8817497,13.88,14.07,13.76,13.97,0.12,221
2014-11-20,1532,381862,8935870,13.97,14.28,13.94,14.13,0.16,230
2014-11-21,1532,346571,8182044,14.13,14.4,14.13,14.28,0.15,274
2014-11-24,1532,426199,10047253,14.28,14.37,14.1,14.22,-0.06,299
2014-11-25,1532,315481,7354669,14.19,14.22,14.0,14.22,0.0,206
2014-11-26,1532,278904,6493802,14.13,14.19,13.97,14.0,-0.22,157
2014-11-27,1532,613717,14175907,14.0,14.07,13.85,13.97,-0.03,310
2014-11-28,1532,449591,10530165,13.97,14.31,13.88,14.19,0.22,274
2014-12-01,1532,461551,10673347,13.58,14.28,13.58,14.28,0.09,250
2014-12-02,1532,865017,20846407,14.37,14.73,14.19,14.43,0.15,487
2014-12-03,1532,1466296,36786505,14.67,15.42,14.49,15.42,0.99,833
2014-12-04,1532,1146892,29112450,15.7,15.97,15.03,15.03,-0.39,640
2014-12-05,1532,819760,20556111,15.03,15.3,14.88,15.15,0.12,515
2014-12-08,1532,408508,10242536,15.21,15.21,15.06,15.06,-0.09,188
2014-12-09,1532,637811,15747718,14.97,15.06,14.73,15.03,-0.03,370
2014-12-10,1532,603992,14795853,14.88,14.91,14.67,14.73,-0.3,340
2014-12-11,1532,487809,11822089,14.61,14.85,14.55,14.61,-0.12,283
2014-12-12,1532,755792,18782308,14.55,15.36,14.55,14.91,0.3,486
2014-12-15,1532,632080,15394213,14.91,14.91,14.64,14.67,-0.24,278
2014-12-16,1532,394177,9600024,14.55,14.79,14.55,14.76,0.09,243
2014-12-17,1532,443930,10824780,14.73,14.79,14.64,14.67,-0.09,287
2014-12-18,1532,585846,14431176,14.7,15.03,14.7,14.79,0.12,360
2014-12-19,1532,670340,16539562,15.06,15.06,14.76,14.94,0.15,417
2014-12-22,1532,465983,11692018,15.21,15.24,15.09,15.18,0.24,259
2014-12-23,1532,1890841,49158516,15.24,15.88,15.24,15.79,0.61,926
2014-12-24,1532,3798570,105247972,15.91,16.87,15.91,16.87,1.08,1298
2014-12-25,1532,2665879,75432085,17.08,17.2,16.87,17.08,0.21,1175
2014-12-26,1532,1798228,51501032,17.05,17.6,16.96,17.45,0.37,830
2014-12-27,1532,1820845,53435388,17.45,18.05,17.05,17.93,0.48,855
2014-12-29,1532,2165801,65848959,18.11,18.53,18.11,18.29,0.36,1020
2014-12-30,1532,1505009,45270765,18.29,18.44,17.93,18.29,0.0,699
2014-12-31,1532,725852,22049346,18.29,18.59,18.17,18.29,0.0,393
2015-01-05,1532,784202,23692427,18.35,18.47,18.02,18.32,0.03,455
2015-01-06,1532,1048757,31478060,18.23,18.23,18.05,18.11,-0.21,500
2015-01-07,1532,2385362,74025820,18.11,19.11,18.08,18.89,0.78,1100
2015-01-08,1532,1632487,51205986,19.02,19.14,18.74,19.02,0.13,656
2015-01-09,1532,1381556,43857214,19.26,19.44,18.98,19.02,0.0,635
2015-01-12,1532,1003370,31092209,19.02,19.02,18.41,18.71,-0.31,582
2015-01-13,1532,882560,27811238,18.71,19.23,18.71,19.14,0.43,435
2015-01-14,1532,1680590,53916086,19.23,19.56,19.17,19.32,0.18,668
2015-01-15,1532,1702831,55282805,19.56,19.8,19.32,19.71,0.39,704
2015-01-16,1532,1630013,53396872,19.71,20.13,19.53,19.8,0.09,762
2015-01-19,1532,921683,30324059,19.92,20.22,19.68,19.8,0.0,416
2015-01-20,1532,858371,27959055,19.74,19.92,19.53,19.74,-0.06,399
2015-01-21,1532,905677,29621981,19.74,19.92,19.62,19.71,-0.03,427
2015-01-22,1532,974805,32118678,19.74,19.98,19.74,19.98,0.27,482
2015-01-23,1532,848709,28070699,20.04,20.07,19.92,19.95,-0.03,401
2015-01-26,1532,1052181,34279439,19.98,19.98,19.5,19.59,-0.36,491
2015-01-27,1532,1008001,32395032,19.68,19.71,19.23,19.56,-0.03,508
2015-01-28,1532,358444,11498458,19.38,19.56,19.29,19.32,-0.24,224
2015-01-29,1532,499018,15972976,19.26,19.44,19.26,19.32,0.0,250
2015-01-30,1532,407965,13057130,19.56,19.56,19.2,19.26,-0.06,225
2015-02-02,1532,846739,26591092,19.26,19.26,18.83,19.08,-0.18,399
2015-02-03,1532,725525,22952059,19.08,19.41,18.86,19.05,-0.03,432
2015-02-04,1532,396754,12497747,19.08,19.2,18.92,18.95,-0.1,244
2015-02-05,1532,354090,11153392,19.08,19.17,18.83,19.17,0.22,262
2015-02-06,1532,588181,18724931,19.29,19.38,19.14,19.26,0.09,218
2015-02-09,1532,476579,15037408,19.26,19.26,18.95,19.08,-0.18,276
2015-02-10,1532,245291,7756763,19.26,19.26,19.02,19.08,0.0,227
2015-02-11,1532,361569,11416915,19.26,19.26,18.95,19.08,0.0,203
2015-02-12,1532,319815,10056233,19.08,19.17,18.92,18.95,-0.13,178
2015-02-13,1532,851311,27294925,19.11,19.5,19.11,19.5,0.55,383
2015-02-24,1532,1407669,46287677,19.53,20.04,19.53,19.92,0.42,567
2015-02-25,1532,662864,21828871,19.98,20.07,19.71,19.89,-0.03,323
2015-02-26,1532,511868,16791983,19.74,19.95,19.71,19.86,-0.03,260
2015-03-02,1532,353748,11533257,19.83,19.83,19.62,19.62,-0.24,181
2015-03-03,1532,364811,11861981,19.62,19.74,19.5,19.65,0.03,220
2015-03-04,1532,276602,8956587,19.44,19.71,19.44,19.56,-0.09,191
2015-03-05,1532,270933,8769226,19.56,19.65,19.47,19.53,-0.03,156
2015-03-06,1532,467755,15089429,19.77,19.77,19.38,19.44,-0.09,217
2015-03-09,1532,527451,16721697,19.29,19.29,19.02,19.08,-0.36,261
2015-03-10,1532,483630,15202987,19.08,19.2,18.86,18.95,-0.13,247
2015-03-11,1532,367846,11528293,18.83,19.14,18.62,18.95,0.0,214
2015-03-12,1532,322318,10112396,18.95,19.02,18.89,18.89,-0.06,175
2015-03-13,1532,274169,8562618,18.95,18.95,18.77,18.89,0.0,177
2015-03-16,1532,351145,10871061,18.95,18.95,18.59,18.59,-0.3,239
2015-03-17,1532,699466,21364612,18.62,18.74,18.29,18.38,-0.21,408
2015-03-18,1532,657626,19829030,18.11,18.44,18.02,18.05,-0.33,455
2015-03-19,1532,1098400,34212735,18.2,19.02,18.2,18.86,0.81,573
2015-03-20,1532,611817,19155976,19.08,19.14,18.59,18.86,0.0,359
2015-03-23,1532,296616,9202696,18.83,18.86,18.62,18.8,-0.06,171
2015-03-24,1532,269495,8327292,18.8,18.8,18.5,18.71,-0.09,141
2015-03-25,1532,474800,14476956,18.71,18.71,18.26,18.47,-0.24,248
2015-03-26,1532,263141,8078010,18.47,18.68,18.29,18.59,0.12,216
2015-03-27,1532,255869,7887989,18.71,18.71,18.41,18.53,-0.06,147
2015-03-30,1532,182529,5586730,18.65,18.65,18.38,18.53,0.0,127
2015-03-31,1532,756230,23600085,18.53,19.14,18.53,18.98,0.45,425
2015-04-01,1532,408726,12674678,19.08,19.08,18.59,18.59,-0.39,218
2015-04-02,1532,212882,6553359,18.53,18.71,18.47,18.71,0.12,162
2015-04-07,1532,169470,5240870,18.71,18.74,18.59,18.71,0.0,114
2015-04-08,1532,206860,6380234,18.71,18.71,18.5,18.59,-0.12,129
2015-04-09,1532,204118,6289831,18.59,18.71,18.47,18.53,-0.06,141
2015-04-10,1532,438883,13706459,18.68,19.17,18.56,19.11,0.58,289
2015-04-13,1532,1275274,41180218,19.32,19.8,19.14,19.32,0.21,733
2015-04-14,1532,711278,23030499,19.44,19.68,19.38,19.56,0.24,376
2015-04-15,1532,688552,22279714,19.68,19.77,19.23,19.38,-0.18,420
2015-04-16,1532,390472,12464107,19.44,19.5,19.08,19.14,-0.24,303
2015-04-17,1532,409154,13085964,19.14,19.41,19.11,19.32,0.18,308
2015-04-20,1532,345949,10912287,19.32,19.32,18.89,19.02,-0.3,231
2015-04-21,1532,384278,12022401,19.08,19.26,18.56,18.8,-0.22,226
2015-04-22,1532,129000,4036147,19.2,19.2,18.83,18.83,0.03,105
2015-04-23,1532,265760,8277284,18.83,18.92,18.65,18.77,-0.06,200
2015-04-24,1532,240640,7580515,18.86,19.2,18.86,18.86,0.09,229
2015-04-27,1532,223272,7046834,18.86,19.14,18.86,19.08,0.22,207
2015-04-28,1532,858982,27640125,19.2,19.68,19.05,19.26,0.18,442
2015-04-29,1532,358626,11449379,19.5,19.5,19.14,19.23,-0.03,303
2015-04-30,1532,280764,8985455,19.41,19.47,19.23,19.32,0.09,249
2015-05-04,1532,217387,6938126,19.5,19.5,19.14,19.2,-0.12,154
2015-05-05,1532,277856,8738141,19.2,19.26,18.83,18.92,-0.28,189
2015-05-06,1532,383340,11916954,18.92,18.92,18.65,18.83,-0.09,271
2015-05-07,1532,467908,14598568,18.77,19.11,18.56,19.02,0.19,265
2015-05-08,1532,485096,15264614,19.02,19.17,18.89,19.02,0.0,198
2015-05-11,1532,685212,21096875,18.95,19.02,18.11,18.71,-0.31,388
2015-05-12,1532,377165,11529694,18.23,18.71,18.23,18.35,-0.36,220
2015-05-13,1532,230968,7034366,18.35,18.59,18.26,18.41,0.06,181
2015-05-14,1532,434142,13211548,18.35,18.44,18.29,18.38,-0.03,207
2015-05-15,1532,712800,21319158,18.41,18.41,17.75,18.17,-0.21,373
2015-05-18,1532,300960,9035405,18.23,18.35,17.84,17.99,-0.18,206
2015-05-19,1532,473531,13989992,18.17,18.17,17.6,17.9,-0.09,336
2015-05-20,1532,338077,9958270,17.72,17.99,17.6,17.75,-0.15,207
2015-05-21,1532,429157,12355677,17.6,17.6,17.2,17.23,-0.52,302
2015-05-22,1532,266688,7685162,17.23,17.51,17.23,17.39,0.16,159
2015-05-25,1532,157457,4515311,17.42,17.51,17.2,17.48,0.09,122
2015-05-26,1532,255551,7375505,17.48,17.51,17.29,17.29,-0.19,150
2015-05-27,1532,365388,10409068,17.29,17.39,17.05,17.26,-0.03,205
2015-05-28,1532,639558,18861105,17.2,18.29,17.17,18.02,0.76,379
2015-05-29,1532,724527,21280433,18.29,18.29,17.32,17.32,-0.7,328
2015-06-01,1532,254280,7350026,17.39,17.78,17.39,17.42,0.1,189
2015-06-02,1532,414633,11996976,17.45,17.57,17.36,17.39,-0.03,221
2015-06-03,1532,247386,7079031,17.39,17.51,17.14,17.14,-0.25,182
2015-06-04,1532,453985,12996867,17.45,17.45,17.14,17.29,0.15,378
2015-06-05,1532,569670,16020758,17.26,17.48,16.57,16.84,-0.45,398
2015-06-08,1532,476458,13352565,16.84,17.02,16.81,16.99,0.15,308
2015-06-09,1532,719255,19517666,16.99,16.99,15.82,16.0,-0.99,375
2015-06-10,1532,700758,18718366,16.0,16.42,15.94,16.39,0.39,421
2015-06-11,1532,492398,13148096,16.45,16.45,15.97,16.09,-0.3,315
2015-06-12,1532,1009099,26491330,15.7,16.36,15.6,16.36,0.27,591
2015-06-15,1532,240200,6369938,16.36,16.36,15.91,15.94,-0.42,172
2015-06-16,1532,351745,9184944,16.06,16.06,15.63,15.7,-0.24,262
2015-06-17,1532,432603,11190578,15.7,15.76,15.48,15.7,0.0,341
2015-06-18,1532,485189,12572014,15.91,15.91,15.51,15.6,-0.1,339
2015-06-22,1532,492579,12746054,15.51,15.79,15.51,15.63,0.03,311
2015-06-23,1532,464361,12107111,15.7,15.94,15.63,15.91,0.28,255
2015-06-24,1532,618163,16161493,15.91,15.94,15.63,15.73,-0.18,253
2015-06-25,1532,663434,17651660,15.7,16.42,15.7,16.36,0.63,340
2015-06-26,1532,388875,10465475,16.42,16.42,16.15,16.3,-0.06,184
2015-06-29,1532,727700,19786418,16.3,16.84,16.06,16.45,0.15,347
2015-06-30,1532,396498,10877693,16.27,16.69,16.27,16.63,0.18,223
2015-07-01,1532,433828,11924266,16.63,16.78,16.45,16.78,0.15,212
2015-07-02,1532,539390,14909331,16.78,16.96,16.33,16.78,0.0,338
2015-07-03,1532,502578,13957044,16.84,16.9,16.48,16.9,0.12,258
2015-07-06,1532,380280,10598827,16.63,16.96,16.63,16.78,-0.12,140
2015-07-07,1532,174948,4858410,16.78,16.87,16.69,16.78,0.0,138
2015-07-08,1532,546862,15073917,16.9,16.9,16.33,16.69,-0.09,283
2015-07-09,1532,568878,15361373,16.57,16.57,16.15,16.21,-0.48,304
2015-07-13,1532,1020042,27605025,16.3,16.39,16.27,16.36,0.15,342
2015-07-14,1532,652756,17090155,16.81,17.0,16.52,16.84,0.48,351
2015-07-15,1532,1409999,37881721,16.93,17.45,16.84,17.25,0.41,437
2015-07-16,1532,1871073,53057933,17.45,18.76,17.45,18.4,1.15,866
2015-07-17,1532,1422491,41645958,18.66,18.85,18.53,18.6,0.2,764
2015-07-20,1532,974500,28421450,18.6,18.95,18.37,18.6,0.0,558
2015-07-21,1532,1060994,31186022,18.6,19.07,18.44,18.66,0.06,537
2015-07-22,1532,848766,24805402,18.53,18.79,18.53,18.72,0.06,632
2015-07-23,1532,888360,26062026,18.79,18.85,18.63,18.79,0.07,557
2015-07-24,1532,468521,13607051,18.79,18.79,18.31,18.4,-0.39,328
2015-07-27,1532,667269,18999112,18.31,18.76,17.7,17.73,-0.67,412
2015-07-28,1532,1567071,43680270,17.73,17.96,17.61,17.83,0.1,456
2015-07-29,1532,365938,10148801,17.99,18.02,17.57,17.61,-0.22,225
2015-07-30,1532,280100,7803240,17.96,17.96,17.7,17.76,0.15,232
2015-07-31,1532,291291,8051330,17.76,17.76,17.61,17.64,-0.12,169
2015-08-03,1532,377759,10266369,17.64,17.64,17.19,17.29,-0.35,244
2015-08-04,1532,529224,14198488,17.25,17.45,16.81,16.81,-0.48,210
2015-08-05,1532,356482,9447128,16.9,17.06,16.77,17.03,0.22,256
2015-08-06,1532,172984,4592924,16.93,17.09,16.87,16.97,-0.06,141
2015-08-07,1532,186060,4934687,16.9,17.06,16.87,17.03,0.06,128
2015-08-10,1532,159241,4230115,16.97,17.06,16.9,17.0,-0.03,111
2015-08-11,1532,445704,11692254,17.09,17.22,16.49,16.55,-0.45,297
2015-08-12,1532,217444,5605007,16.55,16.55,16.42,16.42,-0.13,141
2015-08-13,1532,301248,7778784,16.71,16.71,16.42,16.45,0.03,151
2015-08-14,1532,403523,10636700,16.61,17.06,16.52,16.9,0.45,288
2015-08-17,1532,140389,3662491,16.87,16.87,16.61,16.61,-0.29,74
2015-08-18,1532,214921,5541776,16.74,16.74,16.39,16.42,-0.19,135
2015-08-19,1532,491980,12550683,16.49,16.58,16.07,16.07,-0.35,286
2015-08-20,1532,885080,21082597,15.72,16.04,14.63,15.4,-0.67,403
2015-08-21,1532,983369,22799637,14.95,15.27,14.57,14.57,-0.83,499
2015-08-24,1532,1242716,26286436,14.25,14.25,13.13,13.42,-1.15,544
2015-08-25,1532,993214,21092251,13.42,13.9,13.23,13.9,0.48,292
2015-08-26,1532,344240,7505034,13.96,14.38,13.68,14.38,0.48,186
2015-08-27,1532,428850,9745736,14.51,14.76,14.22,14.51,0.13,262
2015-08-28,1532,399240,9179270,14.51,14.89,14.51,14.79,0.28,233
2015-08-31,1532,393571,9071423,14.79,14.95,14.6,14.63,-0.16,190
2015-09-01,1532,517390,12159339,14.83,15.3,14.67,15.14,0.51,273
2015-09-02,1532,632105,15340903,15.14,16.07,14.89,15.85,0.71,321
2015-09-03,1532,895627,23306806,15.88,17.16,15.88,16.61,0.76,429
2015-09-04,1532,894268,22649900,16.49,16.49,15.91,15.91,-0.7,448
2015-09-07,1532,502330,12523313,15.62,16.17,15.59,15.94,0.03,279
2015-09-08,1532,577960,14722872,16.3,16.42,16.07,16.42,0.48,285
2015-09-09,1532,497630,12933980,16.42,16.81,16.39,16.71,0.29,246
2015-09-10,1532,763393,20182572,16.55,17.22,16.23,17.13,0.42,379
2015-09-11,1532,491281,13197676,17.0,17.25,16.84,17.25,0.12,250
2015-09-14,1532,624624,16800712,17.13,17.29,17.0,17.22,-0.03,259
2015-09-15,1532,614088,16518945,17.19,17.29,17.06,17.06,-0.16,232
2015-09-16,1532,510212,13776813,17.06,17.38,16.97,17.38,0.32,212
2015-09-17,1532,579205,15827854,17.38,17.57,17.29,17.57,0.19,299
2015-09-18,1532,798093,22294579,17.57,18.18,17.51,18.18,0.61,455
2015-09-21,1532,460020,12880366,17.92,18.18,17.73,18.18,0.0,246
2015-09-22,1532,419292,11890390,18.08,18.28,17.92,18.24,0.06,234
2015-09-23,1532,455202,12956794,18.15,18.4,18.02,18.15,-0.09,199
2015-09-24,1532,373880,10456122,18.28,18.31,17.64,17.96,-0.19,220
2015-09-25,1532,550224,15455646,18.05,18.21,17.73,18.21,0.25,193
2015-09-30,1532,452690,13011264,18.02,18.63,18.02,18.31,0.1,222
2015-10-01,1532,422061,12097948,18.31,18.37,18.24,18.34,0.03,174
2015-10-02,1532,410356,11668296,18.5,18.5,18.08,18.08,-0.26,184
2015-10-05,1532,318500,8999650,18.28,18.28,17.96,18.05,-0.03,141
2015-10-06,1532,379420,10586732,17.99,18.08,17.64,17.7,-0.35,253
2015-10-07,1532,260761,7164172,17.86,17.86,17.41,17.45,-0.25,188
2015-10-08,1532,195922,5356524,17.45,17.61,17.41,17.41,-0.04,113
2015-10-12,1532,452847,12463021,17.89,17.96,17.25,17.25,-0.16,295
2015-10-13,1532,280729,7711500,17.76,17.76,17.45,17.51,0.26,182
2015-10-14,1532,652902,18119513,17.7,17.86,17.54,17.83,0.32,264
2015-10-15,1532,490502,13901478,17.89,18.18,17.89,18.15,0.32,285
2015-10-16,1532,541816,15400109,18.15,18.21,18.02,18.21,0.06,216
2015-10-19,1532,874788,25219941,18.34,18.53,18.28,18.47,0.26,348
2015-10-20,1532,689048,20001242,18.6,18.72,18.47,18.63,0.16,347
2015-10-21,1532,465563,13593681,18.66,18.82,18.56,18.69,0.06,230
2015-10-22,1532,496908,14454349,18.72,18.79,18.5,18.5,-0.19,285
2015-10-23,1532,600940,17463860,18.53,18.66,18.5,18.63,0.13,321
2015-10-26,1532,497339,14523713,18.63,18.72,18.6,18.69,0.06,272
2015-10-27,1532,420333,12235357,18.69,18.69,18.56,18.63,-0.06,148
2015-10-28,1532,508615,14823114,18.63,18.66,18.56,18.66,0.03,234
2015-10-29,1532,490895,14303708,18.6,18.66,18.56,18.6,-0.06,213
2015-10-30,1532,740549,21590893,18.56,18.88,18.56,18.6,0.0,344
2015-11-02,1532,453364,13036673,18.53,18.53,18.08,18.34,-0.26,256
2015-11-03,1532,384263,10949818,18.4,18.4,18.12,18.15,-0.19,223
2015-11-04,1532,705442,20319986,18.28,18.6,18.21,18.6,0.45,446
2015-11-05,1532,142151,4126147,18.6,18.63,18.4,18.53,-0.07,108
2015-11-06,1532,408207,11561518,18.53,18.53,17.96,18.28,-0.25,291
2015-11-09,1532,347060,9692616,17.96,17.96,17.67,17.86,-0.42,198
2015-11-10,1532,118108,3278629,17.89,17.89,17.57,17.7,-0.16,86
2015-11-11,1532,151980,4184499,17.7,17.7,17.45,17.57,-0.13,97
2015-11-12,1532,253661,6908643,17.45,17.54,17.32,17.35,-0.22,120
2015-11-13,1532,227243,6132685,17.45,17.45,17.13,17.16,-0.19,119
2015-11-16,1532,154950,4129767,16.97,17.09,16.97,17.0,-0.16,111
2015-11-17,1532,330196,8965079,17.25,17.67,17.22,17.22,0.22,144
2015-11-18,1532,86496,2329840,17.0,17.35,17.0,17.25,0.03,63
2015-11-19,1532,278754,7667009,17.32,17.8,17.32,17.76,0.51,157
2015-11-20,1532,287282,7882124,17.64,17.73,17.41,17.51,-0.25,145
2015-11-23,1532,145006,3929312,17.38,17.48,17.25,17.32,-0.19,115
2015-11-24,1532,181540,4905493,17.48,17.48,17.19,17.19,-0.13,129
2015-11-25,1532,249827,6645145,17.06,17.16,16.81,16.9,-0.29,198
2015-11-26,1532,137804,3687294,16.93,17.25,16.93,16.97,0.07,99
2015-11-27,1532,58121,1549594,17.06,17.13,16.97,17.0,0.03,48
2015-11-30,1532,231120,6050130,16.77,16.9,16.65,16.71,-0.29,131
2015-12-01,1532,190012,4981361,16.68,16.9,16.68,16.74,0.03,165
2015-12-02,1532,126155,3356821,16.71,17.45,16.68,17.13,0.39,105
2015-12-03,1532,105921,2791462,16.81,16.93,16.71,16.81,-0.32,88
2015-12-04,1532,267621,7033081,16.68,16.93,16.68,16.81,0.0,97
2015-12-07,1532,105124,2789845,16.9,17.09,16.77,17.09,0.28,81
2015-12-08,1532,166497,4358444,17.03,17.03,16.68,16.71,-0.38,140
2015-12-09,1532,164136,4259056,16.68,16.71,16.45,16.55,-0.16,113
2015-12-10,1532,142831,3649021,16.55,16.61,16.2,16.3,-0.25,116
2015-12-11,1532,70523,1810729,16.52,16.61,16.23,16.3,0.0,62
2015-12-14,1532,104383,2680184,16.45,16.52,16.2,16.42,0.12,87
2015-12-15,1532,107086,2751610,16.49,16.55,16.36,16.42,0.0,83
2015-12-16,1532,68536,1784242,16.49,16.74,16.49,16.74,0.32,67
2015-12-17,1532,101782,2665982,16.87,16.87,16.61,16.61,-0.13,75
2015-12-18,1532,230004,6073654,16.74,17.0,16.61,17.0,0.39,106
2015-12-21,1532,104403,2776547,17.09,17.09,16.87,17.09,0.09,87
2015-12-22,1532,108505,2883006,17.06,17.09,16.84,17.09,0.0,105
2015-12-23,1532,75220,2003879,17.13,17.13,16.97,17.0,-0.09,61
2015-12-24,1532,94582,2525130,17.0,17.16,17.0,17.06,0.06,72
2015-12-25,1532,52276,1394418,17.06,17.13,17.0,17.0,-0.06,41
2015-12-28,1532,160125,4261998,17.03,17.25,16.87,16.93,-0.07,125
2015-12-29,1532,141040,3709593,16.93,16.93,16.74,16.77,-0.16,113
2015-12-30,1532,232330,6100609,16.77,16.93,16.71,16.9,0.13,148
2015-12-31,1532,68840,1808175,16.9,16.9,16.74,16.77,-0.13,52
2016-01-04,1532,130206,3384406,16.77,16.77,16.39,16.61,-0.16,80
2016-01-05,1532,146117,3783866,16.61,16.65,16.42,16.49,-0.12,117
2016-01-06,1532,281391,7116800,16.49,16.55,15.98,16.1,-0.39,167
2016-01-07,1532,349539,8710660,16.1,16.45,15.78,15.85,-0.25,221
2016-01-08,1532,125320,3139850,15.66,16.14,15.66,16.1,0.25,76
2016-01-11,1532,105060,2615740,16.01,16.07,15.85,15.88,-0.22,63
2016-01-12,1532,240474,5933926,15.82,16.1,15.59,15.59,-0.29,154
2016-01-13,1532,123802,3050728,15.85,15.94,15.62,15.72,0.13,89
2016-01-14,1532,219506,5333367,15.56,15.62,15.4,15.46,-0.26,140
2016-01-15,1532,136500,3303798,15.46,15.66,15.24,15.59,0.13,106
2016-01-18,1532,374250,8979787,15.46,15.91,15.14,15.62,0.03,208
2016-01-19,1532,117120,2870351,15.62,15.82,15.53,15.82,0.2,92
2016-01-20,1532,118144,2875619,15.82,15.82,15.37,15.46,-0.36,79
2016-01-21,1532,167972,4022282,15.46,15.53,15.14,15.3,-0.16,117
2016-01-22,1532,402420,9638030,15.4,15.5,15.21,15.34,0.04,243
2016-01-25,1532,256490,6269605,15.46,15.91,15.34,15.69,0.35,162
2016-01-26,1532,214000,5199550,15.62,15.72,15.37,15.66,-0.03,116
2016-01-27,1532,185115,4548433,15.72,15.85,15.56,15.72,0.06,118
2016-01-28,1532,166277,4098841,15.59,15.94,15.56,15.85,0.13,89
2016-01-29,1532,196572,4919263,15.82,16.1,15.75,16.1,0.25,113
2016-01-30,1532,136223,3420475,16.14,16.17,15.98,16.1,0.0,87
2016-02-01,1532,230129,5738010,16.1,16.14,15.85,15.98,-0.12,129
2016-02-02,1532,270513,6710219,15.85,16.01,15.75,15.85,-0.13,142
2016-02-03,1532,269551,6620521,15.78,15.85,15.66,15.72,-0.13,118
2016-02-15,1532,293390,7316250,15.72,16.1,15.72,16.1,0.38,181
2016-02-16,1532,414318,10638117,16.14,16.61,15.98,16.61,0.51,223
2016-02-17,1532,271511,7054432,16.61,16.87,16.39,16.61,0.0,169
2016-02-18,1532,293542,7696399,16.74,17.0,16.61,16.87,0.26,185
2016-02-19,1532,322970,8579598,17.09,17.13,16.84,17.13,0.26,205
2016-02-22,1532,372395,10061282,17.32,17.45,17.13,17.22,0.09,205
2016-02-23,1532,299285,8095851,17.32,17.38,17.16,17.25,0.03,190
2016-02-24,1532,275420,7355129,17.25,17.35,16.93,17.06,-0.19,166
2016-02-25,1532,238769,6313444,17.13,17.13,16.77,16.87,-0.19,180
2016-02-26,1532,255579,6729575,16.97,16.97,16.71,16.87,0.0,160
2016-03-01,1532,297416,7862745,16.93,17.16,16.77,17.16,0.29,177
2016-03-02,1532,435296,11645270,17.19,17.32,16.97,17.0,-0.16,205
2016-03-03,1532,335413,8975707,17.19,17.22,17.0,17.22,0.22,245
2016-03-04,1532,416222,11196908,17.29,17.32,17.06,17.16,-0.06,236
2016-03-07,1532,507876,13510099,17.19,17.22,16.93,17.0,-0.16,267
2016-03-08,1532,329040,8784417,17.03,17.19,16.93,17.19,0.19,218
2016-03-09,1532,572681,15301262,17.19,17.19,16.77,17.13,-0.06,310
2016-03-10,1532,492077,13085390,17.13,17.13,16.93,17.0,-0.13,214
2016-03-11,1532,378301,10082140,17.03,17.19,16.93,17.03,0.03,177
2016-03-14,1532,920560,25040782,17.13,17.61,17.06,17.25,0.22,475
2016-03-15,1532,470341,12589953,17.45,17.45,17.0,17.0,-0.25,241
2016-03-16,1532,470150,12506475,17.06,17.13,16.9,16.93,-0.07,246
2016-03-17,1532,516570,13568270,16.93,17.13,16.61,16.68,-0.25,309
2016-03-18,1532,715786,18534487,16.87,16.87,16.45,16.45,-0.23,374
2016-03-21,1532,521572,13494014,16.52,16.9,16.3,16.87,0.42,336
2016-03-22,1532,426395,11190457,16.87,16.93,16.65,16.77,-0.1,244
2016-03-23,1532,267099,7090316,16.77,17.19,16.68,17.03,0.26,195
2016-03-24,1532,299610,8005255,17.0,17.25,16.87,17.09,0.06,232
2016-03-25,1532,2931125,83235511,17.57,18.66,17.54,18.6,1.51,1317
2016-03-28,1532,4516016,136323417,18.98,19.75,18.98,19.23,0.63,1867
2016-03-29,1532,2212702,64982307,19.17,19.2,18.28,18.66,-0.57,983
2016-03-30,1532,1282986,37777887,18.69,19.04,18.66,18.85,0.19,616
2016-03-31,1532,1576102,47282857,18.95,19.62,18.92,18.95,0.1,707
2016-04-01,1532,3128688,95439228,18.85,19.97,18.85,19.91,0.96,1389
2016-04-06,1532,8603790,284419011,19.75,21.73,19.75,21.28,1.37,3612
2016-04-07,1532,3574955,116455736,21.09,21.18,20.42,20.77,-0.51,1570
2016-04-08,1532,4613204,149845423,20.32,21.41,20.16,21.34,0.57,1687
2016-04-11,1532,7321261,250380929,21.18,22.33,21.15,21.15,-0.19,2929
2016-04-12,1532,6854198,234663074,21.06,22.49,20.96,21.54,0.39,3086
2016-04-13,1532,8284254,293201035,22.17,23.13,22.17,22.62,1.08,3315
2016-04-14,1532,2433340,86208990,22.75,22.91,22.37,22.59,-0.03,1151
2016-04-15,1532,1434852,50978268,22.75,23.0,22.56,22.69,0.1,788
2016-04-18,1532,1017604,35701902,22.62,22.65,22.27,22.27,-0.42,489
2016-04-19,1532,1598872,55886852,22.3,22.69,21.98,22.56,0.29,750
2016-04-20,1532,1279056,44872393,22.56,22.65,22.27,22.3,-0.26,717
2016-04-21,1532,4099326,146396202,22.37,23.1,22.33,22.88,0.58,2104
2016-04-22,1532,9432205,355723750,23.39,24.6,23.32,23.96,1.08,3904
2016-04-25,1532,4052580,154504190,24.09,24.79,23.68,24.47,0.51,2082
2016-04-26,1532,3525729,134983002,24.47,25.02,24.06,24.28,-0.19,2052
2016-04-27,1532,1939431,73886260,24.28,24.6,23.96,24.47,0.19,925
2016-04-28,1532,4426529,171752376,24.47,25.05,24.19,24.86,0.39,1888
2016-04-29,1532,2607273,99907582,24.54,24.79,24.12,24.38,-0.48,1561
2016-05-03,1532,2087112,79385223,24.16,24.57,23.87,24.47,0.09,1344
2016-05-04,1532,1996209,75482944,24.09,24.35,23.96,24.06,-0.41,1110
2016-05-05,1532,2998360,110105887,24.06,24.31,22.72,24.28,0.22,1538
2016-05-06,1532,1343255,50001035,24.22,24.22,23.26,23.77,-0.51,859
2016-05-09,1532,1509368,55929196,23.84,24.06,23.1,23.74,-0.03,709
2016-05-10,1532,1407952,51778171,23.58,23.84,22.88,23.61,-0.13,778
2016-05-11,1532,1070165,39350494,23.64,23.71,23.26,23.39,-0.22,538
2016-05-12,1532,887052,32331528,23.04,23.52,23.04,23.26,-0.13,464
2016-05-13,1532,1079519,38378986,23.26,23.26,22.49,22.56,-0.7,648
2016-05-16,1532,1683327,59918336,22.56,23.39,21.63,23.07,0.51,787
2016-05-17,1532,1251984,44604626,23.13,23.16,22.43,23.04,-0.03,609
2016-05-18,1532,1128618,40910818,22.75,23.45,22.62,23.32,0.28,586
2016-05-19,1532,780226,28145739,23.23,23.32,22.78,23.0,-0.32,338
2016-05-20,1532,520046,18522278,22.81,23.0,22.69,22.75,-0.25,275
2016-05-23,1532,625283,22482565,22.75,23.2,22.69,22.97,0.22,368
2016-05-24,1532,585840,21027585,22.97,23.29,22.78,22.78,-0.19,346
2016-05-25,1532,774448,27594507,22.75,23.13,22.49,22.75,-0.03,429
2016-05-26,1532,742231,26171956,22.69,22.75,22.37,22.56,-0.19,349
2016-05-27,1532,2207056,81491896,22.46,24.25,22.46,24.12,1.56,1188
2016-05-30,1532,4034808,154690714,24.44,25.15,23.87,23.9,-0.22,1955
2016-05-31,1532,1914893,71675342,24.0,24.38,23.61,23.61,-0.29,954
2016-06-01,1532,1831243,68446691,23.64,24.25,23.42,23.74,0.13,891
2016-06-02,1532,1103867,41136707,23.77,24.12,23.52,23.8,0.06,532
2016-06-03,1532,1151677,42904243,23.64,24.28,23.32,23.61,-0.19,502
2016-06-04,1532,267335,9868493,23.61,23.68,23.52,23.68,0.07,115
2016-06-06,1532,928160,33502592,23.68,23.77,22.85,22.91,-0.77,494
2016-06-07,1532,532444,19350148,23.0,23.52,22.91,23.23,0.32,350
2016-06-08,1532,743361,27360329,23.13,23.77,23.13,23.64,0.41,479
2016-06-13,1532,804756,29070172,23.64,23.64,22.94,22.97,-0.67,399
2016-06-14,1532,716169,25963191,22.78,23.45,22.78,23.16,0.19,403
2016-06-15,1532,615210,22407150,23.39,23.39,23.13,23.32,0.16,342
2016-06-16,1532,1090457,40055735,23.64,23.71,23.26,23.36,0.04,598
2016-06-17,1532,717950,26381912,23.36,23.64,23.23,23.61,0.25,371
2016-06-20,1532,576341,21205930,23.64,23.74,23.26,23.61,0.0,263
2016-06-21,1532,615100,22647637,23.58,23.71,23.36,23.61,0.0,323
2016-06-22,1532,369999,13612262,23.58,23.64,23.39,23.58,-0.03,239
2016-06-23,1532,1572915,58789189,23.45,24.19,23.45,23.84,0.26,708
2016-06-24,1532,674126,24524590,23.96,24.06,23.0,23.04,-0.8,429
2016-06-27,1532,1067915,39216655,22.69,23.9,22.69,23.74,0.7,710
2016-06-28,1532,485400,17949290,23.61,23.77,23.39,23.58,-0.16,417
2016-06-29,1532,2808327,106756307,23.64,24.6,23.64,24.28,0.7,1281
2016-06-30,1532,3847281,147497382,24.35,24.79,24.16,24.44,0.16,1586
2016-07-01,1532,7309415,287253047,24.41,25.56,24.28,25.43,0.99,3085
2016-07-04,1532,6908411,284785545,25.56,26.84,25.56,26.71,1.28,2907
2016-07-05,1532,5096620,215089670,26.84,27.61,26.07,26.23,-0.48,2730
2016-07-06,1532,3807624,156138460,26.33,26.84,25.43,25.56,-0.67,1823
2016-07-07,1532,6734561,256186434,25.88,25.91,23.45,23.84,-1.72,3429
2016-07-11,1532,3832407,141420108,23.71,24.25,23.07,24.0,0.16,1954
2016-07-12,1532,3716260,140900975,23.64,24.47,23.64,24.47,0.47,1617
2016-07-13,1532,2415800,88559686,24.71,25.12,24.58,24.58,0.11,1114
2016-07-14,1532,1634080,58545614,24.61,24.85,23.9,23.9,-0.68,1003
2016-07-15,1532,3983712,135888181,23.8,23.8,22.58,22.72,-1.18,2158
2016-07-18,1532,2281663,76487992,22.78,23.12,22.38,22.99,0.27,1319
2016-07-19,1532,1850612,61638403,23.02,23.02,22.38,22.38,-0.61,1134
2016-07-20,1532,1317887,44061524,22.38,22.75,22.35,22.58,0.2,797
2016-07-21,1532,1502472,49960575,22.68,22.78,22.24,22.24,-0.34,777
2016-07-22,1532,2225217,71734033,22.38,22.38,21.6,21.77,-0.47,1340
2016-07-25,1532,1353301,42805777,21.84,21.97,21.16,21.26,-0.51,870
2016-07-26,1532,2639302,86936520,21.33,22.78,21.3,22.45,1.19,1448
2016-07-27,1532,961248,31707684,22.51,22.58,22.07,22.11,-0.34,549
2016-07-28,1532,710287,23234432,22.11,22.35,21.84,22.07,-0.04,468
2016-07-29,1532,586465,19043272,22.04,22.21,21.7,22.21,0.14,363
2016-08-01,1532,1006144,32979592,22.21,22.41,21.84,22.24,0.03,636
2016-08-02,1532,2054497,65937749,22.11,22.11,21.53,21.74,-0.5,1217
2016-08-03,1532,954359,30465891,21.64,21.8,21.33,21.7,-0.04,559
2016-08-04,1532,1759538,55737409,21.67,21.67,21.23,21.36,-0.34,849
2016-08-05,1532,937620,29483111,21.43,21.43,21.16,21.16,-0.2,562
2016-08-08,1532,442473,13959498,21.3,21.43,21.26,21.4,0.24,258
2016-08-09,1532,1156754,37104602,21.36,22.04,21.3,21.84,0.44,650
2016-08-10,1532,1068113,34633657,22.11,22.21,21.6,21.64,-0.2,500
2016-08-11,1532,2334226,72012223,21.36,21.47,20.45,21.03,-0.61,1134
2016-08-12,1532,864159,26827629,21.03,21.3,20.65,20.96,-0.07,508
2016-08-15,1532,460375,14307184,20.96,21.2,20.72,21.16,0.2,319
2016-08-16,1532,331132,10274104,21.13,21.16,20.82,20.96,-0.2,208
2016-08-17,1532,827064,25341889,20.93,20.93,20.55,20.82,-0.14,488
2016-08-18,1532,501032,15528892,20.82,21.16,20.72,21.03,0.21,350
2016-08-19,1532,828658,25850977,21.16,21.3,20.86,21.03,0.0,446
2016-08-22,1532,622815,18981821,20.96,20.96,20.42,20.55,-0.48,359
2016-08-23,1532,518709,15724244,20.55,20.62,20.42,20.45,-0.1,276
2016-08-24,1532,463612,13986360,20.45,20.55,20.32,20.38,-0.07,331
2016-08-25,1532,450332,13575754,20.35,20.59,20.28,20.49,0.11,300
2016-08-26,1532,1130710,34011055,20.49,20.52,20.32,20.32,-0.17,313
2016-08-29,1532,422678,12702253,20.32,20.38,20.28,20.35,0.03,317
2016-08-30,1532,414384,12434470,20.28,20.45,20.22,20.22,-0.13,300
2016-08-31,1532,683254,20733319,20.22,20.79,20.15,20.49,0.27,490
2016-09-01,1532,914551,28032899,20.62,20.86,20.59,20.69,0.2,702
2016-09-02,1532,727392,22151177,20.69,20.79,20.42,20.49,-0.2,399
2016-09-05,1532,759982,23536993,20.59,21.16,20.59,20.89,0.4,473
2016-09-06,1532,516978,16088514,21.23,21.23,20.96,21.06,0.17,293
2016-09-07,1532,427760,13386134,21.2,21.23,21.03,21.16,0.1,295
2016-09-08,1532,651352,20546600,21.3,21.43,21.23,21.33,0.17,411
2016-09-09,1532,200506,6290286,21.3,21.43,21.13,21.16,-0.17,151
2016-09-10,1532,227256,7042636,20.86,21.06,20.82,20.96,-0.2,113
2016-09-12,1532,337339,10368155,20.96,20.96,20.69,20.76,-0.2,231
2016-09-13,1532,260905,7975069,20.79,20.89,20.52,20.55,-0.21,187
2016-09-14,1532,281794,8588816,20.35,20.76,20.35,20.76,0.21,190
2016-09-19,1532,275089,8446768,20.69,20.96,20.65,20.65,-0.11,253
2016-09-20,1532,307716,9546902,20.89,21.16,20.69,20.96,0.31,206
2016-09-21,1532,546500,17157746,21.16,21.43,20.96,21.36,0.4,320
2016-09-22,1532,339259,10699142,21.57,21.57,21.13,21.13,-0.23,239
2016-09-23,1532,544767,17270731,21.3,21.53,21.2,21.36,0.23,251
2016-09-26,1532,484099,15159683,21.5,21.5,20.96,21.2,-0.16,234
2016-09-29,1532,312743,9718483,21.03,21.13,20.96,20.96,-0.24,269
2016-09-30,1532,1225590,37303572,20.96,21.03,20.42,20.62,-0.34,546
2016-10-03,1532,235652,7166818,20.69,20.69,20.49,20.55,-0.07,190
2016-10-04,1532,270727,8207049,20.55,20.62,20.45,20.62,0.07,193
2016-10-05,1532,223794,6851756,20.62,20.76,20.62,20.65,0.03,157
2016-10-06,1532,294255,8971273,20.93,20.93,20.52,20.62,-0.03,227
2016-10-07,1532,158202,4816520,20.82,20.82,20.52,20.55,-0.07,127
2016-10-11,1532,493809,15036291,20.55,20.69,20.38,20.69,0.14,258
2016-10-12,1532,284355,8688085,20.79,20.79,20.52,20.55,-0.14,203
2016-10-13,1532,468773,14118526,20.52,20.55,20.28,20.42,-0.13,260
2016-10-14,1532,386769,11618770,20.42,20.45,20.22,20.28,-0.14,236
2016-10-17,1532,205068,6101262,20.22,20.28,19.98,20.15,-0.13,153
2016-10-18,1532,202651,6108480,20.15,20.52,20.15,20.42,0.27,126
2016-10-19,1532,485711,14654380,20.65,20.65,20.28,20.38,-0.04,238
2016-10-20,1532,348829,10521407,20.49,20.55,20.28,20.38,0.0,294
2016-10-21,1532,1165182,36623662,20.45,22.28,20.32,22.28,1.9,722
2016-10-24,1532,1443491,46559183,21.97,22.04,21.64,21.77,-0.51,803
2016-10-25,1532,456939,14499077,21.77,21.77,21.33,21.36,-0.41,311
2016-10-26,1532,529137,16905439,21.3,21.8,21.3,21.53,0.17,314
2016-10-27,1532,268121,8531772,21.64,21.67,21.43,21.47,-0.06,173
2016-10-28,1532,271437,8597270,21.47,21.5,21.33,21.36,-0.11,183
2016-10-31,1532,283012,8827222,21.43,21.43,20.96,21.06,-0.3,189
2016-11-01,1532,355400,11144618,21.06,21.4,21.03,21.23,0.17,267
2016-11-02,1532,268742,8328051,21.09,21.16,20.82,20.96,-0.27,167
2016-11-03,1532,242060,7458187,20.96,20.96,20.72,20.76,-0.2,175
2016-11-04,1532,281101,8595669,20.69,20.93,20.55,20.62,-0.14,153
2016-11-07,1532,139879,4302844,20.79,20.93,20.65,20.69,0.07,93
2016-11-08,1532,275541,8423376,20.86,20.86,20.62,20.65,-0.04,126
2016-11-09,1532,412421,12466419,20.86,20.89,20.28,20.35,-0.3,218
2016-11-10,1532,305125,9337299,20.93,20.93,20.55,20.69,0.34,136
2016-11-11,1532,162369,4953541,20.69,20.82,20.42,20.69,0.0,124
2016-11-14,1532,456381,14093611,20.89,21.13,20.72,20.96,0.27,206
2016-11-15,1532,1670559,53215217,21.06,21.84,20.99,21.74,0.78,914
2016-11-16,1532,743166,23725418,22.07,22.07,21.33,21.4,-0.34,447
2016-11-17,1532,259304,8168263,21.43,21.47,21.23,21.33,-0.07,158
2016-11-18,1532,609600,19386139,21.43,21.64,21.23,21.6,0.27,364
2016-11-21,1532,354744,11262215,21.77,21.77,21.33,21.53,-0.07,199
2016-11-22,1532,336868,10701510,21.64,21.64,21.33,21.36,-0.17,243
2016-11-23,1532,448591,14212932,21.4,21.6,21.3,21.4,0.04,253
2016-11-24,1532,431230,13493535,21.5,21.53,21.06,21.06,-0.34,260
2016-11-25,1532,287276,8938056,20.99,21.2,20.96,21.03,-0.03,232
2016-11-28,1532,484109,15329260,21.16,21.6,21.16,21.36,0.33,310
2016-11-29,1532,1667099,53804805,21.36,22.11,21.36,21.64,0.28,848
2016-11-30,1532,3985259,132392549,21.84,22.85,21.7,22.58,0.94,2104
2016-12-01,1532,2451395,82791871,22.72,23.22,22.35,22.85,0.27,1273
2016-12-02,1532,2022851,69011274,22.85,23.53,22.48,22.48,-0.37,1026
2016-12-05,1532,1685826,57441715,22.65,23.33,22.65,23.02,0.54,805
2016-12-06,1532,2318913,80099857,23.49,23.66,22.89,23.39,0.37,1135
2016-12-07,1532,2934651,102486744,23.6,23.97,23.16,23.26,-0.13,1326
2016-12-08,1532,1400450,47427211,23.26,23.39,22.65,22.89,-0.37,708
2016-12-09,1532,1066193,35628305,22.85,23.05,22.38,22.58,-0.31,539
2016-12-12,1532,986688,32435999,22.62,22.65,21.97,22.24,-0.34,490
2016-12-13,1532,591960,19506530,22.18,22.51,22.11,22.31,0.07,403
2016-12-14,1532,557358,18287533,22.31,22.48,22.01,22.14,-0.17,339
2016-12-15,1532,528312,17078707,22.14,22.14,21.74,21.87,-0.27,399
2016-12-16,1532,783082,25077792,22.01,22.01,21.53,21.77,-0.1,467
2016-12-19,1532,294160,9464377,21.7,21.91,21.64,21.64,-0.13,234
2016-12-20,1532,444457,14418000,21.64,22.21,21.57,22.07,0.43,323
2016-12-21,1532,210790,6822558,22.04,22.04,21.8,21.8,-0.27,169
2016-12-22,1532,303497,9681751,21.8,21.8,21.47,21.53,-0.27,184
2016-12-23,1532,210450,6678014,21.36,21.53,21.36,21.47,-0.06,105
2016-12-26,1532,105323,3354418,21.47,21.64,21.43,21.6,0.13,65
2016-12-27,1532,137717,4378075,21.77,21.77,21.4,21.5,-0.1,93
2016-12-28,1532,231260,7346581,21.5,21.57,21.4,21.43,-0.07,149
2016-12-29,1532,155589,4910992,21.36,21.5,21.3,21.33,-0.1,89
2016-12-30,1532,297008,9451503,21.3,21.67,21.3,21.57,0.24,146
2017-01-03,1532,167715,5341421,21.57,21.7,21.43,21.43,-0.14,123
2017-01-04,1532,266189,8421324,21.5,21.5,21.33,21.36,-0.07,180
2017-01-05,1532,320989,10188449,21.43,21.53,21.36,21.4,0.04,150
2017-01-06,1532,367841,11604455,21.43,21.43,21.26,21.33,-0.07,211
2017-01-09,1532,381710,11955793,21.33,21.33,20.99,20.99,-0.34,198
2017-01-10,1532,467762,14542173,20.96,21.16,20.96,21.16,0.17,310
2017-01-11,1532,379402,11879482,21.3,21.36,21.09,21.13,-0.03,227
2017-01-12,1532,441205,13800304,21.3,21.3,21.06,21.09,-0.04,210
2017-01-13,1532,85351,2667517,21.09,21.16,21.09,21.13,0.04,54
2017-01-16,1532,134248,4178511,21.09,21.16,20.96,21.03,-0.1,82
2017-01-17,1532,235582,7309465,21.03,21.06,20.89,20.96,-0.07,180
2017-01-18,1532,416281,12959699,20.96,21.3,20.82,21.3,0.34,319
2017-01-19,1532,331264,10412488,21.3,21.36,21.13,21.23,-0.07,174
2017-01-20,1532,212491,6632017,21.23,21.23,21.03,21.03,-0.2,129
2017-01-23,1532,445504,13815520,21.03,21.13,20.93,20.96,-0.07,264
2017-01-24,1532,662292,20669683,20.96,21.26,20.93,21.26,0.3,341
2017-02-02,1532,540015,17007763,21.3,21.5,21.2,21.2,-0.06,362
2017-02-03,1532,524610,16530142,21.2,21.47,21.16,21.43,0.23,291
2017-02-06,1532,1745046,57107535,21.57,22.45,21.57,22.04,0.61,944
2017-02-07,1532,518168,16714897,21.94,21.97,21.74,21.74,-0.3,292
2017-02-08,1532,494575,16002319,21.74,22.04,21.74,21.97,0.23,282
2017-02-09,1532,454405,14690427,21.91,21.97,21.77,21.91,-0.06,219
2017-02-10,1532,532782,17193756,21.97,22.11,21.64,21.67,-0.24,290
2017-02-13,1532,544420,17458031,21.57,21.87,21.53,21.84,0.17,214
2017-02-14,1532,320897,10309163,21.84,21.91,21.64,21.67,-0.17,194
2017-02-15,1532,984159,31994421,21.77,22.31,21.7,22.11,0.44,559
2017-02-16,1532,389080,12628729,22.18,22.24,21.8,21.91,-0.2,239
2017-02-17,1532,342734,11139175,22.04,22.04,21.91,22.04,0.13,206
2017-02-18,1532,210259,6846074,22.11,22.14,21.94,22.04,0.0,106
2017-02-20,1532,316241,10224209,21.91,22.01,21.77,21.77,-0.27,194
2017-02-21,1532,289009,9322437,21.74,22.04,21.74,21.94,0.17,179
2017-02-22,1532,306767,9890916,21.94,21.97,21.74,21.8,-0.14,207
2017-02-23,1532,345463,11096907,21.7,21.91,21.64,21.87,0.07,243
2017-02-24,1532,287060,9220625,21.74,21.87,21.64,21.8,-0.07,161
2017-03-01,1532,336429,10799878,21.8,21.8,21.64,21.67,-0.13,228
2017-03-02,1532,196713,6339628,21.67,21.91,21.67,21.84,0.17,130
2017-03-03,1532,259550,8383313,21.84,21.94,21.74,21.94,0.1,153
2017-03-06,1532,722020,23466340,21.97,22.07,21.87,21.97,0.03,357
2017-03-07,1532,248736,8072958,22.07,22.07,21.87,21.97,0.0,162
2017-03-08,1532,434575,14152084,21.97,22.11,21.84,22.11,0.14,207
2017-03-09,1532,459358,14929893,22.18,22.24,21.84,21.84,-0.27,276
2017-03-10,1532,318024,10234725,21.84,21.94,21.67,21.87,0.03,173
2017-03-13,1532,276021,8865169,21.87,21.87,21.64,21.67,-0.2,177
2017-03-14,1532,667119,21378383,21.67,21.84,21.53,21.8,0.13,277
2017-03-15,1532,292688,9429066,21.8,21.94,21.7,21.74,-0.06,148
2017-03-16,1532,326987,10566576,21.94,21.94,21.74,21.91,0.17,225
2017-03-17,1532,511490,16623094,21.94,22.14,21.84,22.14,0.23,372
2017-03-20,1532,840926,27589577,22.24,22.31,22.04,22.31,0.17,429
2017-03-21,1532,593778,19639625,22.31,22.58,22.24,22.28,-0.03,373
2017-03-22,1532,474394,15582277,22.28,22.31,22.11,22.28,0.0,269
2017-03-23,1532,621253,20348858,22.28,22.28,22.07,22.07,-0.21,377
2017-03-24,1532,348492,11365089,22.11,22.11,21.97,22.07,0.0,178
2017-03-27,1532,581376,18748032,22.07,22.07,21.64,21.67,-0.4,412
2017-03-28,1532,827002,26412464,21.84,21.84,21.43,21.5,-0.17,522
2017-03-29,1532,772902,24336078,21.53,21.53,21.13,21.16,-0.34,458
2017-03-30,1532,1027229,31993120,21.23,21.4,20.86,20.89,-0.27,631
2017-03-31,1532,746382,23101606,20.89,21.16,20.82,20.99,0.1,487
2017-04-05,1532,1202139,37455009,21.09,21.2,20.96,21.16,0.17,806
2017-04-06,1532,1146804,35518185,21.16,21.16,20.89,20.89,-0.27,564
2017-04-07,1532,993260,30589679,20.93,21.06,20.69,20.89,0.0,445
2017-04-10,1532,1365002,41731107,20.89,20.96,20.52,20.62,-0.27,825
2017-04-11,1532,1718054,51725220,20.55,20.72,20.25,20.38,-0.24,1028
2017-04-12,1532,693430,20782634,20.45,20.45,20.15,20.45,0.07,426
2017-04-13,1532,1047421,31395380,20.52,20.52,20.22,20.22,-0.23,548
2017-04-14,1532,935524,27678259,20.22,20.22,19.94,19.94,-0.28,385
2017-04-17,1532,407399,12002124,19.94,20.01,19.84,19.88,-0.06,248
2017-04-18,1532,1042288,30674494,20.08,20.08,19.84,19.94,0.06,617
2017-04-19,1532,962339,28006046,19.91,19.91,19.44,19.47,-0.47,507
2017-04-20,1532,487250,13981435,19.54,19.54,19.34,19.4,-0.07,358
2017-04-21,1532,909503,26110208,19.54,19.67,19.3,19.34,-0.06,575
2017-04-24,1532,560944,16009003,19.47,19.51,19.2,19.23,-0.11,292
2017-04-25,1532,1013582,28736767,19.57,19.57,19.07,19.37,0.14,409
2017-04-26,1532,736096,21064159,19.54,19.57,19.23,19.4,0.03,398
2017-04-27,1532,602903,17517337,19.47,19.84,19.4,19.67,0.27,340
2017-04-28,1532,348463,10249844,19.67,19.98,19.67,19.98,0.31,225
2017-05-02,1532,571060,16910726,20.15,20.25,19.88,19.88,-0.1,368
2017-05-03,1532,492942,14613194,20.05,20.15,19.94,19.94,0.06,186
2017-05-04,1532,126830,3756332,20.11,20.11,19.94,20.05,0.11,76
2017-05-05,1532,387903,11330860,20.05,20.05,19.67,19.71,-0.34,235
2017-05-08,1532,335402,9713066,19.71,19.71,19.44,19.51,-0.2,235
2017-05-09,1532,154568,4449528,19.51,19.51,19.4,19.51,0.0,102
2017-05-10,1532,389999,11270218,19.67,19.74,19.34,19.74,0.23,276
2017-05-11,1532,198765,5750958,19.78,19.78,19.47,19.74,0.0,143
2017-05-12,1532,623848,17996626,19.74,19.94,19.44,19.44,-0.3,399
2017-05-15,1532,835600,23853620,19.47,19.67,19.2,19.23,-0.21,455
2017-05-16,1532,763686,21651851,19.23,19.47,19.07,19.37,0.14,418
2017-05-17,1532,639427,18131519,19.44,19.44,19.1,19.27,-0.1,367
2017-05-18,1532,960343,27099574,19.13,19.2,19.0,19.1,-0.17,551
2017-05-19,1532,585948,16472985,19.1,19.1,18.96,19.0,-0.1,405
2017-05-22,1532,646148,18148337,19.1,19.13,18.96,19.1,0.1,337
2017-05-23,1532,391290,11146171,19.13,19.34,19.1,19.34,0.24,313
2017-05-24,1532,499822,14349031,19.37,19.47,19.3,19.44,0.1,340
2017-05-25,1532,612046,17719126,19.44,19.71,19.44,19.61,0.17,343
2017-05-26,1532,653809,18791943,19.61,19.61,19.34,19.4,-0.21,352
2017-05-31,1532,1165966,33906945,19.61,19.78,19.51,19.64,0.24,547
2017-06-01,1532,768345,22519305,19.78,19.98,19.67,19.81,0.17,459
2017-06-02,1532,904264,26799274,19.94,20.11,19.88,20.05,0.24,474
2017-06-03,1532,396810,11809725,20.01,20.18,20.01,20.15,0.1,188
2017-06-05,1532,1182417,35775841,20.25,20.69,20.22,20.59,0.44,580
2017-06-06,1532,1527001,46837277,20.55,20.93,20.49,20.62,0.03,685
2017-06-07,1532,616941,18788350,20.82,20.82,20.38,20.72,0.1,336
2017-06-08,1532,347711,10605467,20.69,20.76,20.55,20.55,-0.17,236
2017-06-09,1532,499064,15046060,20.55,20.55,20.28,20.35,-0.2,264
2017-06-12,1532,567977,17164054,20.35,20.52,20.35,20.49,0.14,161
2017-06-13,1532,818772,25009517,20.49,20.86,20.49,20.59,0.1,332
2017-06-14,1532,476475,14387396,20.76,20.76,20.28,20.45,-0.14,260
2017-06-15,1532,634458,19009919,20.32,20.35,20.11,20.22,-0.23,289
2017-06-16,1532,420552,12657697,20.38,20.49,20.25,20.28,0.06,282
2017-06-19,1532,927386,28243630,20.49,20.69,20.35,20.69,0.41,499
2017-06-20,1532,525847,16165981,20.72,20.89,20.69,20.76,0.07,279
2017-06-21,1532,532184,16208278,20.76,20.76,20.45,20.69,-0.07,426
2017-06-22,1532,191178,5836658,20.76,20.76,20.55,20.65,-0.04,113
2017-06-23,1532,656215,19800963,20.62,20.62,20.28,20.42,-0.23,356
2017-06-26,1532,373095,11325612,20.35,20.62,20.35,20.52,0.1,254
2017-06-27,1532,285960,8666035,20.62,20.62,20.42,20.52,0.0,262
2017-06-28,1532,121959,3692563,20.52,20.55,20.32,20.52,0.0,94
2017-06-29,1532,185840,5646167,20.52,20.59,20.45,20.52,0.0,131
2017-06-30,1532,94828,2874287,20.49,20.59,20.38,20.59,0.07,62
2017-07-03,1532,199380,6078902,20.59,20.69,20.55,20.62,0.03,124
2017-07-04,1532,479044,14702292,20.62,20.82,20.62,20.72,0.1,281
2017-07-05,1532,368571,11323715,20.82,20.82,20.72,20.76,0.04,193
2017-07-06,1532,326887,9979368,20.76,20.76,20.59,20.62,-0.14,184
2017-07-07,1532,463239,14180662,20.62,20.76,20.62,20.72,0.1,215
2017-07-10,1532,1765145,55263029,20.82,21.4,20.82,21.23,0.51,786
2017-07-11,1532,1420070,45079259,21.23,21.6,21.2,21.53,0.3,636
2017-07-12,1532,1543990,49323183,21.64,21.77,21.33,21.47,-0.06,703
2017-07-13,1532,1970632,62901364,21.36,21.7,21.36,21.53,0.06,604
2017-07-14,1532,1383548,44151594,21.57,21.67,21.5,21.57,0.04,615
2017-07-17,1532,3668250,118190478,21.57,21.91,21.53,21.8,0.23,1379
2017-07-18,1532,3082705,94485713,21.98,22.05,21.48,21.8,0.0,1280
2017-07-19,1532,847017,25712308,21.91,21.95,21.52,21.63,-0.17,536
2017-07-20,1532,882100,26559503,21.59,21.7,21.45,21.45,-0.18,425
2017-07-21,1532,478213,14395527,21.52,21.66,21.41,21.48,0.03,210
2017-07-24,1532,526260,15768989,21.45,21.48,21.34,21.41,-0.07,273
2017-07-25,1532,432524,12991117,21.41,21.63,21.38,21.48,0.07,195
2017-07-26,1532,1345647,41196570,21.55,22.09,21.48,21.98,0.5,612
2017-07-27,1532,555384,17165773,22.13,22.16,21.98,22.05,0.07,293
2017-07-28,1532,352325,10780208,22.05,22.05,21.77,21.8,-0.25,178
2017-07-31,1532,316253,9595575,21.66,21.77,21.52,21.73,-0.07,186
2017-08-01,1532,360523,11017223,21.84,21.95,21.77,21.84,0.11,223
2017-08-02,1532,291939,8926784,21.91,21.91,21.77,21.91,0.07,155
2017-08-03,1532,404951,12509376,21.77,22.13,21.77,22.13,0.22,232
2017-08-04,1532,173584,5349752,22.13,22.13,21.88,21.98,-0.15,127
2017-08-07,1532,306996,9475573,22.05,22.13,21.95,22.05,0.07,117
2017-08-08,1532,549869,16984569,22.05,22.13,21.8,22.05,0.0,193
2017-08-09,1532,186600,5743518,22.05,22.05,21.84,21.84,-0.21,129
2017-08-10,1532,397688,12136745,22.05,22.05,21.55,21.73,-0.11,236
2017-08-11,1532,273835,8310074,21.66,21.84,21.45,21.63,-0.1,119
2017-08-14,1532,285580,8641000,21.63,21.8,21.48,21.48,-0.15,144
2017-08-15,1532,185970,5618150,21.48,21.66,21.48,21.48,0.0,127
2017-08-16,1532,241333,7281704,21.52,21.59,21.41,21.59,0.11,129
2017-08-17,1532,412389,12650298,21.63,22.13,21.55,22.09,0.5,218
2017-08-18,1532,509969,15733193,22.05,22.13,21.91,21.95,-0.14,272
2017-08-21,1532,223095,6871806,21.95,22.09,21.88,21.88,-0.07,127
2017-08-22,1532,2823800,90028117,22.09,23.05,22.09,22.91,1.03,1226
2017-08-23,1532,1105577,35471981,23.16,23.23,22.45,22.59,-0.32,643
2017-08-24,1532,516346,16379730,22.73,22.95,22.45,22.77,0.18,246
2017-08-25,1532,256481,8138669,22.77,22.84,22.48,22.7,-0.07,164
2017-08-28,1532,984034,31680035,22.77,23.16,22.7,23.05,0.35,404
2017-08-29,1532,1127185,36375804,23.16,23.16,22.84,23.12,0.07,466
2017-08-30,1532,1155499,36977216,23.2,23.2,22.48,22.77,-0.35,448
2017-08-31,1532,886511,27849494,22.84,23.09,22.13,22.55,-0.22,445
2017-09-01,1532,394383,12477283,22.55,22.77,22.38,22.45,-0.1,182
2017-09-04,1532,686777,21371212,22.41,22.62,22.05,22.3,-0.15,366
2017-09-05,1532,502304,15614924,22.34,22.38,22.09,22.09,-0.21,213
2017-09-06,1532,734652,22538161,22.05,22.05,21.77,22.02,-0.07,349
2017-09-07,1532,426915,13307637,21.91,22.52,21.91,22.45,0.43,247
2017-09-08,1532,413055,12883106,22.62,22.62,22.05,22.34,-0.11,244
2017-09-11,1532,348346,10806926,22.34,22.38,22.09,22.13,-0.21,182
2017-09-12,1532,398404,12402163,22.13,22.3,22.13,22.3,0.17,182
2017-09-13,1532,417542,12922290,22.34,22.34,21.98,22.02,-0.28,230
2017-09-14,1532,501744,15387451,22.05,22.3,21.73,21.84,-0.18,298
2017-09-15,1532,651944,19914914,21.84,22.13,21.55,22.13,0.29,332
2017-09-18,1532,237763,7345310,22.2,22.2,21.88,21.98,-0.15,114
2017-09-19,1532,271764,8383850,22.13,22.13,21.88,21.88,-0.1,116
2017-09-20,1532,546260,16593074,21.84,21.91,21.63,21.63,-0.25,284
2017-09-21,1532,84728,2576714,21.63,21.77,21.63,21.7,0.07,93
2017-09-22,1532,682676,20541546,21.63,21.7,21.38,21.55,-0.15,291
2017-09-25,1532,712137,21027130,21.55,21.55,20.91,21.09,-0.46,436
2017-09-26,1532,215278,6367084,20.95,21.27,20.88,21.27,0.18,126
2017-09-27,1532,230600,6871129,21.27,21.45,21.13,21.23,-0.04,99
2017-09-28,1532,180045,5344389,21.2,21.41,21.09,21.09,-0.14,99
2017-09-29,1532,277423,8238740,21.09,21.3,21.05,21.3,0.21,191
2017-09-30,1532,291787,8632495,21.3,21.3,21.05,21.05,-0.25,171
2017-10-02,1532,228865,6743564,21.05,21.2,20.98,21.05,0.0,135
2017-10-03,1532,190235,5624492,21.23,21.23,21.05,21.09,0.04,110
2017-10-05,1532,273585,8051307,21.05,21.09,20.91,21.05,-0.04,194
2017-10-06,1532,133707,3936568,21.02,21.05,20.98,21.02,-0.03,100
2017-10-11,1532,251060,7440615,21.2,21.27,21.05,21.2,0.18,188
2017-10-12,1532,706556,20636832,21.13,21.16,20.73,20.73,-0.47,451
2017-10-13,1532,313490,9126681,20.84,20.91,20.73,20.91,0.18,211
2017-10-16,1532,602639,17448431,21.05,21.05,20.52,20.7,-0.21,384
2017-10-17,1532,134656,3899124,20.7,20.73,20.59,20.7,0.0,103
2017-10-18,1532,475383,13627340,20.7,20.7,20.27,20.41,-0.29,282
2017-10-19,1532,230854,6612606,20.56,20.56,20.38,20.45,0.04,154
2017-10-20,1532,1285144,36498632,20.56,20.56,20.09,20.38,-0.07,559
2017-10-23,1532,199347,5717536,20.48,20.56,20.41,20.45,0.07,147
2017-10-24,1532,224999,6471970,20.45,20.63,20.45,20.56,0.11,157
2017-10-25,1532,257446,7417918,20.63,20.63,20.52,20.52,-0.04,211
2017-10-26,1532,343555,9909459,20.63,20.66,20.48,20.59,0.07,167
2017-10-27,1532,261172,7481202,20.59,20.59,20.34,20.34,-0.25,176
2017-10-30,1532,702872,19745033,20.38,20.38,19.73,20.13,-0.21,405
2017-10-31,1532,761395,21183147,20.06,20.13,19.77,19.81,-0.32,461
2017-11-01,1532,571610,15893398,19.84,20.02,19.77,19.88,0.07,244
2017-11-02,1532,282362,7945688,20.02,20.16,19.95,20.09,0.21,221
2017-11-03,1532,308658,8680221,20.2,20.2,20.02,20.06,-0.03,170
2017-11-06,1532,245227,6870628,20.06,20.09,19.95,19.95,-0.11,134
2017-11-07,1532,557219,15583832,19.95,20.02,19.88,19.95,0.0,220
2017-11-08,1532,113848,3186594,19.95,20.02,19.95,20.02,0.07,85
2017-11-09,1532,529518,14894528,20.02,20.23,19.98,20.13,0.11,295
2017-11-10,1532,155620,4392229,20.2,20.2,20.06,20.16,0.03,92
2017-11-13,1532,495740,13855520,20.13,20.27,19.81,19.91,-0.25,313
2017-11-14,1532,612144,16897593,19.84,19.98,19.56,19.63,-0.28,383
2017-11-15,1532,907614,24709328,19.27,19.77,19.13,19.27,-0.36,594
2017-11-16,1532,698142,18583234,19.27,19.27,18.95,18.95,-0.32,514
2017-11-17,1532,770627,20442979,19.02,19.09,18.84,18.88,-0.07,379
2017-11-20,1532,483000,12833600,18.84,19.16,18.84,18.98,0.1,246
2017-11-21,1532,709675,19061255,19.06,19.41,18.95,19.27,0.29,284
2017-11-22,1532,377667,10210559,19.41,19.41,19.16,19.34,0.07,216
2017-11-23,1532,327886,8901048,19.59,19.59,19.34,19.41,0.07,179
2017-11-24,1532,332152,9013310,19.48,19.56,19.27,19.45,0.04,165
2017-11-27,1532,303640,8271238,19.45,19.48,19.34,19.45,0.0,118
2017-11-28,1532,116192,3176230,19.45,19.59,19.38,19.52,0.07,90
2017-11-29,1532,182433,4966961,19.52,19.56,19.38,19.41,-0.11,120
2017-11-30,1532,232104,6333933,19.52,19.59,19.34,19.59,0.18,156
2017-12-01,1532,292042,7994677,19.63,19.7,19.41,19.48,-0.11,189
2017-12-04,1532,145000,3974700,19.48,19.7,19.45,19.63,0.15,87
2017-12-05,1532,250131,6897276,19.56,19.81,19.56,19.63,0.0,160
2017-12-06,1532,239393,6529261,19.63,19.81,19.27,19.34,-0.29,176
2017-12-07,1532,270784,7332068,19.41,19.59,19.2,19.27,-0.07,172
2017-12-08,1532,295202,7929904,19.27,19.38,19.06,19.38,0.11,151
2017-12-11,1532,106812,2886374,19.38,19.38,19.23,19.31,-0.07,73
2017-12-12,1532,200658,5445695,19.41,19.52,19.16,19.48,0.17,120
2017-12-13,1532,267803,7319920,19.48,19.63,19.38,19.59,0.11,151
2017-12-14,1532,123321,3399077,19.66,19.81,19.59,19.63,0.04,81
2017-12-15,1532,345330,9510989,19.63,19.91,19.48,19.91,0.28,176
2017-12-18,1532,217611,5988152,19.91,19.91,19.59,19.63,-0.28,126
2017-12-19,1532,111461,3077277,19.7,19.81,19.63,19.63,0.0,78
2017-12-20,1532,201450,5600275,19.84,19.95,19.7,19.95,0.32,142
2017-12-21,1532,1689302,48776705,19.98,20.88,19.98,20.48,0.53,927
2017-12-22,1532,262870,7506679,20.48,20.56,20.27,20.41,-0.07,160
2017-12-25,1532,336601,9571855,20.48,20.48,20.16,20.31,-0.1,136
2017-12-26,1532,285126,8030128,20.38,20.41,19.91,19.98,-0.33,180
2017-12-27,1532,466306,12988832,20.2,20.2,19.81,19.98,0.0,192
2017-12-28,1532,167103,4664321,20.06,20.06,19.88,19.91,-0.07,116
2017-12-29,1532,266751,7513675,19.91,20.27,19.88,20.27,0.36,123
2018-01-02,1532,141833,4015539,20.27,20.27,20.13,20.27,0.0,83
2018-01-03,1532,241103,6865334,20.34,20.41,20.27,20.34,0.07,151
2018-01-04,1532,830022,23956690,20.41,20.7,20.34,20.7,0.36,554
2018-01-05,1532,717127,20864650,20.7,20.88,20.56,20.84,0.14,522
2018-01-08,1532,564606,16471250,20.98,21.02,20.63,20.7,-0.14,337
2018-01-09,1532,318676,9153079,20.7,20.7,20.41,20.48,-0.22,214
2018-01-10,1532,364052,10501426,20.73,20.73,20.48,20.63,0.15,252
2018-01-11,1532,542697,15713013,20.8,20.8,20.56,20.7,0.07,303
2018-01-12,1532,575411,16729619,20.7,20.84,20.63,20.7,0.0,493
2018-01-15,1532,342740,9981034,20.7,20.88,20.7,20.73,0.03,191
2018-01-16,1532,470995,13779398,20.88,21.02,20.77,21.02,0.29,276
2018-01-17,1532,427741,12520711,21.02,21.02,20.84,20.95,-0.07,227
2018-01-18,1532,519758,15198556,20.84,20.95,20.84,20.88,-0.07,204
2018-01-19,1532,261222,7603509,20.84,20.88,20.73,20.77,-0.11,170
2018-01-22,1532,392515,11480209,20.77,20.98,20.77,20.91,0.14,193
2018-01-23,1532,447584,13032986,20.8,20.91,20.7,20.88,-0.03,191
2018-01-24,1532,395410,11457017,20.77,20.8,20.59,20.63,-0.25,178
2018-01-25,1532,297325,8583091,20.63,20.7,20.52,20.56,-0.07,144
2018-01-26,1532,340842,9755897,20.48,20.48,20.34,20.48,-0.08,157
2018-01-29,1532,144275,4143913,20.45,20.63,20.34,20.59,0.11,120
2018-01-30,1532,306841,8806634,20.52,20.66,20.41,20.41,-0.18,120
2018-01-31,1532,282661,8042654,20.38,20.48,20.27,20.31,-0.1,151
2018-02-01,1532,353240,10059588,20.27,20.41,20.27,20.34,0.03,149
2018-02-02,1532,120718,3443561,20.45,20.45,20.34,20.41,0.07,80
2018-02-05,1532,261100,7406840,20.2,20.38,20.2,20.27,-0.14,147
2018-02-06,1532,720849,19907832,19.98,19.98,19.27,19.48,-0.79,362
2018-02-07,1532,201107,5568951,19.63,19.88,19.63,19.77,0.29,154
2018-02-08,1532,177200,4912090,19.63,20.06,19.63,19.73,-0.04,122
2018-02-09,1532,241020,6581148,19.63,19.63,19.31,19.52,-0.21,162
2018-02-12,1532,278687,7647040,19.52,19.84,19.52,19.63,0.11,136
2018-02-21,1532,321280,9049006,19.7,20.23,19.66,20.23,0.6,267
2018-02-22,1532,152200,4327799,20.2,20.38,20.2,20.34,0.11,91
2018-02-23,1532,243881,7035177,20.23,20.7,20.23,20.59,0.25,147
2018-02-26,1532,249720,7257356,20.77,20.88,20.63,20.77,0.18,152
2018-02-27,1532,291061,8437762,20.77,20.84,20.56,20.73,-0.04,185
2018-03-01,1532,151395,4376125,20.48,20.7,20.48,20.7,-0.03,125
2018-03-02,1532,219000,6291000,20.56,20.7,20.45,20.48,-0.22,135
2018-03-05,1532,226198,6461153,20.48,20.56,20.27,20.34,-0.14,148
2018-03-06,1532,232260,6616896,20.31,20.52,20.27,20.31,-0.03,111
2018-03-07,1532,86245,2450094,20.27,20.38,20.23,20.23,-0.08,79
2018-03-08,1532,130235,3698260,20.23,20.45,20.23,20.23,0.0,89
2018-03-09,1532,141606,4021748,20.16,20.34,20.16,20.34,0.11,100
2018-03-12,1532,300619,8547977,20.23,20.45,20.23,20.41,0.07,192
2018-03-13,1532,299320,8530250,20.34,20.48,20.23,20.48,0.07,190
2018-03-14,1532,199260,5668793,20.34,20.48,20.27,20.31,-0.17,146
2018-03-15,1532,203210,5777885,20.31,20.45,20.23,20.41,0.1,155
2018-03-16,1532,225520,6432467,20.31,20.41,20.31,20.34,-0.07,153
2018-03-19,1532,241313,6858826,20.34,20.45,20.2,20.27,-0.07,150
2018-03-20,1532,539300,15580919,20.23,20.98,20.2,20.63,0.36,275
2018-03-21,1532,472931,13565897,20.63,20.77,20.27,20.34,-0.29,334
2018-03-22,1532,196501,5589553,20.27,20.45,20.23,20.38,0.04,172
2018-03-23,1532,262070,7325581,19.59,20.23,19.59,20.16,-0.22,177
2018-03-26,1532,226264,6378118,19.98,20.27,19.98,20.09,-0.07,154
2018-03-27,1532,177383,5022012,20.13,20.27,20.13,20.2,0.11,138
2018-03-28,1532,267222,7581431,20.2,20.38,20.16,20.38,0.18,171
2018-03-29,1532,404976,11658155,20.34,20.63,20.34,20.63,0.25,230
2018-03-30,1532,1811347,53593367,20.8,21.45,20.7,21.05,0.42,842
2018-03-31,1532,655061,19165293,21.05,21.05,20.73,20.98,-0.07,197
2018-04-02,1532,744180,22007209,21.02,21.23,20.95,21.2,0.22,370
2018-04-03,1532,550809,16224772,21.13,21.13,20.98,21.05,-0.15,246
2018-04-09,1532,433107,12727704,21.05,21.05,20.91,21.05,0.0,204
2018-04-10,1532,1973166,59983046,20.95,22.13,20.91,21.41,0.36,958
2018-04-11,1532,911834,27113101,21.41,21.48,21.05,21.2,-0.21,428
2018-04-12,1532,423182,12616499,21.34,21.41,21.16,21.41,0.21,292
2018-04-13,1532,307858,9208217,21.41,21.45,21.3,21.41,0.0,154
2018-04-16,1532,482834,14459319,21.34,21.45,21.3,21.3,-0.11,254
2018-04-17,1532,555980,16464659,21.27,21.34,21.05,21.05,-0.25,282
2018-04-18,1532,320575,9527346,21.05,21.34,21.05,21.3,0.25,214
2018-04-19,1532,504577,15163149,21.13,21.55,21.13,21.48,0.18,265
2018-04-20,1532,356290,10727378,21.48,21.55,21.38,21.55,0.07,246
2018-04-23,1532,697506,21263380,21.55,21.98,21.48,21.77,0.22,358
2018-04-24,1532,506500,15275849,21.91,21.91,21.3,21.59,-0.18,352
2018-04-25,1532,457872,13833863,21.38,21.77,21.27,21.77,0.18,254
2018-04-26,1532,576714,17624076,21.77,21.95,21.66,21.66,-0.11,303
2018-04-27,1532,376937,11549382,21.77,22.13,21.66,21.84,0.18,257
2018-04-30,1532,406040,12472425,21.84,21.98,21.84,21.98,0.14,214
2018-05-02,1532,1060756,33057859,21.98,22.45,21.91,22.34,0.36,594
2018-05-03,1532,663826,20766926,22.45,22.48,22.13,22.48,0.14,415
2018-05-04,1532,435294,13676993,22.48,22.59,22.34,22.45,-0.03,282
2018-05-07,1532,553716,17450271,22.48,22.66,22.38,22.66,0.21,321
2018-05-08,1532,778914,24716534,22.66,22.77,22.52,22.62,-0.04,345
2018-05-09,1532,535568,16787997,22.7,22.7,22.2,22.2,-0.42,327
2018-05-10,1532,236676,7373806,22.3,22.34,22.2,22.27,0.07,171
2018-05-11,1532,259708,8108503,22.27,22.48,22.2,22.34,0.07,163
2018-05-14,1532,295824,9283300,22.34,22.48,22.27,22.48,0.14,167
2018-05-15,1532,438080,13793862,22.38,22.62,22.34,22.52,0.04,221
2018-05-16,1532,1099684,34097235,22.52,22.52,21.95,22.23,-0.29,372
2018-05-17,1532,567649,17714782,22.2,22.38,22.13,22.3,0.07,385
2018-05-18,1532,374500,11740522,22.27,22.48,22.23,22.41,0.11,287
2018-05-21,1532,403362,12581536,22.45,22.45,22.16,22.2,-0.21,208
2018-05-22,1532,426524,13156106,22.2,22.2,21.88,21.88,-0.32,266
2018-05-23,1532,307524,9337872,21.91,21.95,21.52,21.59,-0.29,220
2018-05-24,1532,251286,7569664,21.52,21.7,21.38,21.63,0.04,187
2018-05-25,1532,564537,16960320,21.45,21.66,21.38,21.45,-0.18,240
2018-05-28,1532,245735,7382450,21.45,21.59,21.2,21.48,0.03,189
2018-05-29,1532,175918,5273690,21.41,21.48,21.34,21.41,-0.07,138
2018-05-30,1532,364609,10868897,21.63,21.63,21.16,21.2,-0.21,254
2018-05-31,1532,583764,17374063,21.2,21.34,21.2,21.23,0.03,279
2018-06-01,1532,281035,8340890,21.23,21.38,21.09,21.34,0.11,199
2018-06-04,1532,402095,12109395,21.41,21.7,21.41,21.45,0.11,207
2018-06-05,1532,284900,8548008,21.41,21.59,21.38,21.38,-0.07,142
2018-06-06,1532,232100,6946650,21.27,21.45,21.27,21.41,0.03,143
2018-06-07,1532,430398,12819999,21.34,21.45,21.2,21.2,-0.21,306
2018-06-08,1532,257616,7690421,21.2,21.48,21.2,21.2,0.0,191
2018-06-11,1532,240180,7172679,21.41,21.41,21.27,21.3,0.1,153
2018-06-12,1532,198322,5902681,21.23,21.41,21.16,21.2,-0.1,144
2018-06-13,1532,515326,15203733,21.34,21.34,20.84,20.84,-0.36,350
2018-06-14,1532,705267,20497606,20.84,20.95,20.63,20.63,-0.21,411
2018-06-15,1532,504626,14598339,20.7,20.8,20.56,20.56,-0.07,282
2018-06-19,1532,295828,8607712,20.63,20.88,20.63,20.73,0.17,202
2018-06-20,1532,203215,5936166,20.73,20.95,20.73,20.8,0.07,121
2018-06-21,1532,157395,4605655,20.8,20.98,20.8,20.84,0.04,84
2018-06-22,1532,232392,6785013,20.84,20.91,20.77,20.8,-0.04,134
2018-06-25,1532,247904,7277281,20.84,21.16,20.84,20.95,0.15,150
2018-06-26,1532,302892,8793127,20.7,20.8,20.66,20.73,-0.22,159
2018-06-27,1532,274244,7948515,20.73,20.77,20.63,20.63,-0.1,142
2018-06-28,1532,392873,11294609,20.63,20.7,20.41,20.45,-0.18,291
2018-06-29,1532,210736,6065346,20.45,20.7,20.45,20.52,0.07,181
2018-07-02,1532,262100,7592790,20.8,20.8,20.56,20.63,0.11,183
2018-07-03,1532,324336,9354292,20.84,20.84,20.52,20.56,-0.07,203
2018-07-04,1532,148100,4284630,20.52,20.77,20.48,20.59,0.03,68
2018-07-05,1532,350100,10098949,20.48,20.73,20.45,20.45,-0.14,145
2018-07-06,1532,303244,8632566,20.45,20.45,20.2,20.27,-0.18,213
2018-07-09,1532,394585,11133121,20.2,20.27,20.06,20.16,-0.11,261
2018-07-10,1532,392000,11180900,20.2,20.48,20.2,20.34,0.18,163
2018-07-11,1532,246350,7075296,20.34,20.63,20.34,20.56,0.22,153
2018-07-12,1532,417230,12095857,20.56,20.84,20.56,20.66,0.1,234
2018-07-13,1532,263940,7653060,20.66,20.73,20.63,20.7,0.04,158
2018-07-16,1532,764263,22210127,20.7,20.8,20.7,20.7,0.0,442
2018-07-17,1532,825422,23084422,21.34,21.34,20.85,21.0,0.3,458
2018-07-18,1532,354027,9892403,21.04,21.19,20.89,21.11,0.11,272
2018-07-19,1532,385622,10838178,21.07,21.3,20.92,21.26,0.15,238
2018-07-20,1532,567166,16039930,21.26,21.45,21.07,21.38,0.12,267
2018-07-23,1532,243980,6930384,21.3,21.56,21.26,21.45,0.07,179
2018-07-24,1532,270087,7734083,21.38,21.64,21.38,21.53,0.08,210
2018-07-25,1532,529200,15293560,21.45,21.83,21.45,21.79,0.26,265
2018-07-26,1532,5886350,178498910,21.94,22.39,21.9,22.39,0.6,520
2018-07-27,1532,3502656,108731710,22.35,23.82,22.35,23.33,0.94,1538
2018-07-30,1532,2810658,86273053,23.26,23.6,22.65,22.88,-0.45,912
2018-07-31,1532,834340,25435203,22.92,23.11,22.84,23.07,0.19,314
2018-08-01,1532,725523,22396431,23.07,23.37,23.03,23.33,0.26,332
2018-08-02,1532,844667,26003226,23.37,23.41,22.96,23.03,-0.3,306
2018-08-03,1532,195690,6027351,23.33,23.33,23.07,23.22,0.19,130
2018-08-06,1532,2045427,64693887,23.48,24.16,23.41,23.48,0.26,1011
2018-08-07,1532,864595,27312661,23.52,24.08,23.52,23.71,0.23,450
2018-08-08,1532,587398,18625337,23.9,24.01,23.78,23.86,0.15,370
2018-08-09,1532,509902,16062070,23.86,23.86,23.63,23.71,-0.15,266
2018-08-10,1532,533995,16790990,23.71,23.71,23.56,23.6,-0.11,267
2018-08-13,1532,943772,28494060,23.48,23.48,22.35,22.58,-1.02,498
2018-08-14,1532,395159,11895977,22.69,22.81,22.54,22.69,0.11,164
2018-08-15,1532,634069,19388606,22.81,23.18,22.81,22.96,0.27,311
2018-08-16,1532,441392,13436879,22.96,23.29,22.58,23.22,0.26,218
2018-08-17,1532,367904,11480213,23.33,23.78,23.22,23.48,0.26,195
2018-08-20,1532,275242,8621439,23.48,23.71,23.41,23.41,-0.07,174
2018-08-21,1532,748369,23614399,23.63,24.01,23.56,23.67,0.26,302
2018-08-22,1532,168617,5293399,23.67,23.78,23.45,23.56,-0.11,117
2018-08-23,1532,438020,13773474,23.67,23.82,23.41,23.63,0.07,181
2018-08-24,1532,137374,4298681,23.63,23.63,23.45,23.56,-0.07,79
2018-08-27,1532,145599,4572577,23.63,23.71,23.56,23.6,0.04,91
2018-08-28,1532,198629,6237136,23.63,23.67,23.6,23.63,0.03,106
2018-08-29,1532,261942,8199384,23.45,23.67,23.37,23.56,-0.07,144
2018-08-30,1532,301500,9467649,23.56,23.71,23.45,23.67,0.11,162
2018-08-31,1532,140894,4419387,23.52,23.67,23.52,23.63,-0.04,83
2018-09-03,1532,392563,12136626,23.63,23.63,22.96,23.18,-0.45,180
2018-09-04,1532,310978,9638415,23.18,23.67,23.14,23.45,0.27,201
2018-09-05,1532,208208,6459424,23.37,23.48,23.22,23.41,-0.04,105
2018-09-06,1532,253006,7800433,23.41,23.41,23.07,23.11,-0.3,115
2018-09-07,1532,391142,11802665,23.07,23.07,22.43,22.73,-0.38,216
2018-09-10,1532,251200,7528240,22.81,22.84,22.28,22.5,-0.23,182
2018-09-11,1532,791626,24516792,22.73,23.71,22.73,23.41,0.91,484
2018-09-12,1532,315005,9604902,23.33,23.33,22.58,22.92,-0.49,219
2018-09-13,1532,768528,24008662,23.14,23.82,23.11,23.29,0.37,378
2018-09-14,1532,357820,11182237,23.41,23.78,23.29,23.37,0.08,219
2018-09-17,1532,1476426,46729419,23.37,24.08,23.33,24.08,0.71,713
2018-09-18,1532,1808984,57447194,24.01,24.12,23.67,23.71,-0.37,865
2018-09-19,1532,1123600,35882269,23.82,24.24,23.78,24.01,0.3,582
2018-09-20,1532,979132,30644177,24.01,24.05,23.33,23.41,-0.6,576
2018-09-21,1532,600230,18682080,23.48,23.67,23.26,23.26,-0.15,316
2018-09-25,1532,346873,10761423,23.29,23.52,23.18,23.26,0.0,194
2018-09-26,1532,448740,13915129,23.26,23.63,23.18,23.18,-0.08,315
2018-09-27,1532,430835,13316640,23.18,23.45,23.03,23.22,0.04,213
2018-09-28,1532,356330,11021780,23.29,23.41,23.22,23.26,0.04,194
2018-10-01,1532,122200,3781060,23.33,23.41,23.22,23.26,0.0,75
2018-10-02,1532,258289,7995279,23.33,23.48,23.26,23.37,0.11,106
2018-10-03,1532,321146,9940560,23.37,23.52,23.18,23.26,-0.11,119
2018-10-04,1532,397294,12386322,23.26,23.67,23.26,23.63,0.37,229
2018-10-05,1532,450158,13974277,23.78,23.78,23.11,23.41,-0.22,251
2018-10-08,1532,536158,16691889,23.41,23.75,23.18,23.29,-0.12,215
2018-10-09,1532,373500,11534248,23.33,23.33,23.11,23.22,-0.07,199
2018-10-11,1532,1021967,30411616,23.07,23.07,21.41,22.58,-0.64,462
2018-10-12,1532,668500,20346698,22.39,23.33,22.39,23.33,0.75,368
2018-10-15,1532,1136133,35791724,23.37,24.01,23.37,23.78,0.45,555
2018-10-16,1532,3724324,120910786,23.93,24.95,23.45,23.78,0.0,1824
2018-10-17,1532,925160,29498723,24.16,24.46,23.71,23.75,-0.03,541
2018-10-18,1532,1533942,49375356,23.93,24.57,23.78,24.57,0.82,775
2018-10-19,1532,3960738,130169521,24.42,25.06,24.08,24.99,0.42,1647
2018-10-22,1532,3923011,131855607,25.44,25.82,24.69,24.84,-0.15,2073
2018-10-23,1532,1918500,61865899,24.76,24.8,23.93,24.01,-0.83,1002
2018-10-24,1532,1195476,37930322,23.97,24.2,23.71,23.71,-0.3,627
2018-10-25,1532,1169502,35509082,22.99,23.14,22.47,22.84,-0.87,618
2018-10-26,1532,863430,26304193,22.88,23.33,22.58,22.77,-0.07,458
2018-10-29,1532,809688,24099162,22.62,22.65,22.24,22.35,-0.42,404
2018-10-30,1532,380100,11350095,22.28,22.62,22.24,22.58,0.23,242
2018-10-31,1532,491328,14858520,22.73,22.96,22.65,22.65,0.07,250
2018-11-01,1532,346001,10430730,22.65,22.84,22.58,22.62,-0.03,165
2018-11-02,1532,724000,21731200,22.65,22.88,22.39,22.39,-0.23,254
2018-11-05,1532,323060,9819336,22.77,23.18,22.43,23.18,0.79,183
2018-11-06,1532,274030,8365512,23.18,23.18,22.73,22.88,-0.3,139
2018-11-07,1532,231080,7077448,23.03,23.22,22.88,23.07,0.19,116
2018-11-08,1532,736000,23005800,23.29,23.78,23.18,23.52,0.45,400
2018-11-09,1532,236020,7272810,23.45,23.45,23.11,23.11,-0.41,108
2018-11-12,1532,555125,16805085,22.73,22.96,22.58,22.84,-0.27,202
2018-11-13,1532,381111,11462263,22.54,22.99,22.35,22.92,0.08,180
2018-11-14,1532,394192,12099756,23.11,23.37,22.92,23.11,0.19,222
2018-11-15,1532,990350,30648645,23.48,23.71,23.07,23.11,0.0,573
2018-11-16,1532,550300,17102335,23.41,23.56,23.18,23.33,0.22,303
2018-11-19,1532,271456,8436686,23.63,23.63,23.29,23.48,0.15,213
2018-11-20,1532,411924,12791056,23.48,23.52,23.22,23.33,-0.15,233
2018-11-21,1532,257278,7879911,23.03,23.18,22.84,23.18,-0.15,167
2018-11-22,1532,341457,10516984,23.18,23.33,23.07,23.18,0.0,170
2018-11-23,1532,481230,14842714,23.33,23.41,23.03,23.07,-0.11,239
2018-11-26,1532,320130,9877480,22.81,23.33,22.81,23.26,0.19,162
2018-11-27,1532,903261,27986141,23.52,23.52,23.07,23.33,0.07,498
2018-11-28,1532,1973863,62778284,23.52,24.27,23.41,24.05,0.72,937
2018-11-29,1532,1068749,34204468,24.2,24.24,23.97,24.08,0.03,656
2018-11-30,1532,2767418,89285990,24.39,24.84,23.37,23.37,-0.71,1466
2018-12-03,1532,1540290,49736333,24.2,24.61,24.08,24.31,0.94,786
2018-12-04,1532,1001228,32627342,24.31,24.72,24.24,24.72,0.41,631
2018-12-05,1532,1529524,50309792,24.46,25.14,24.31,25.14,0.42,900
2018-12-06,1532,2454757,82431492,25.29,25.63,24.57,25.33,0.19,1372
2018-12-07,1532,1268038,42900127,25.55,25.89,25.03,25.4,0.07,758
2018-12-10,1532,1094700,37174850,25.36,25.7,25.14,25.67,0.27,607
2018-12-11,1532,1536566,52743470,25.89,26.19,25.51,25.7,0.03,822
2018-12-12,1532,814277,27588683,25.7,25.85,25.36,25.44,-0.26,537
2018-12-13,1532,3306644,114471601,25.67,26.31,25.59,25.97,0.53,1388
2018-12-14,1532,1382640,47913171,25.74,26.31,25.67,26.27,0.3,871
2018-12-17,1532,5157168,185234413,26.42,27.58,26.38,26.87,0.6,2196
2018-12-18,1532,2761412,100021682,27.25,27.58,26.87,27.21,0.34,1326
2018-12-19,1532,5518221,204458523,27.21,28.45,27.21,28.45,1.24,2391
2018-12-20,1532,6815583,260248639,28.75,29.28,28.07,28.83,0.38,3383
2018-12-21,1532,2464805,93251918,28.71,28.75,28.07,28.75,-0.08,1220
2018-12-22,1532,1255163,47395423,28.6,28.9,27.92,28.79,0.04,700
2018-12-24,1532,3891440,151348153,29.13,29.73,28.79,29.28,0.49,1945
2018-12-25,1532,1869072,71715366,28.9,29.17,28.6,29.05,-0.23,869
2018-12-26,1532,1595391,61123408,29.2,29.24,28.49,28.68,-0.37,729
2018-12-27,1532,1796511,69455940,29.01,29.54,28.79,28.79,0.11,981
2018-12-28,1532,1439498,55370020,28.83,29.17,28.68,29.17,0.38,633
2019-01-02,1532,1519238,58430244,29.69,29.69,28.53,28.68,-0.49,728
2019-01-03,1532,1461373,55828932,28.68,29.13,28.37,28.94,0.26,842
2019-01-04,1532,1090435,41493824,28.9,28.94,28.45,28.71,-0.23,679
2019-01-07,1532,1341900,51317701,28.98,29.05,28.49,28.98,0.27,694
2019-01-08,1532,742066,28294392,28.9,29.01,28.56,28.68,-0.3,479
2019-01-09,1532,1020107,39295368,28.94,29.13,28.68,29.13,0.45,601
2019-01-10,1532,4786523,190143009,29.13,30.41,29.01,30.11,0.98,2590
2019-01-11,1532,4995126,199977368,29.92,30.63,29.35,29.54,-0.57,2701
2019-01-14,1532,981823,38620530,29.8,29.88,29.47,29.73,0.19,569
2019-01-15,1532,1146770,44988001,29.96,29.96,29.39,29.43,-0.3,557
2019-01-16,1532,1521862,58648768,29.35,29.35,28.75,28.86,-0.57,823
2019-01-17,1532,809747,31025584,28.83,29.09,28.68,28.86,0.0,482
2019-01-18,1532,451612,17281606,28.94,28.94,28.68,28.68,-0.18,285
2019-01-21,1532,1455764,55006484,28.75,28.79,28.22,28.26,-0.42,702
2019-01-22,1532,1618297,60229056,28.3,28.37,27.7,27.89,-0.37,812
2019-01-23,1532,616324,23097317,27.7,28.45,27.7,28.22,0.33,339
2019-01-24,1532,782107,29514221,28.34,28.49,28.3,28.41,0.19,384
2019-01-25,1532,794936,30325109,28.6,28.9,28.56,28.71,0.3,479
2019-01-28,1532,1017598,38756541,28.9,28.98,28.41,28.79,0.08,601
2019-01-29,1532,557973,21096873,28.45,28.6,28.37,28.56,-0.23,360
2019-01-30,1532,560620,21297360,28.6,28.75,28.41,28.56,0.0,356
2019-02-11,1532,588480,22237693,28.75,28.75,28.3,28.45,-0.11,347
2019-02-12,1532,1074252,40705410,28.41,28.98,28.22,28.64,0.19,577
2019-02-13,1532,910753,34369360,28.68,28.86,28.3,28.41,-0.23,481
2019-02-14,1532,554398,20994691,28.41,28.75,28.3,28.56,0.15,339
2019-02-15,1532,988009,36851331,28.15,28.37,27.92,28.0,-0.56,532
2019-02-18,1532,543838,20240937,28.0,28.22,27.92,27.92,-0.08,282
2019-02-19,1532,1190805,44699628,27.92,28.6,27.77,28.6,0.68,572
2019-02-20,1532,1443562,54769816,28.75,28.98,28.34,28.53,-0.07,821
2019-02-21,1532,571899,21688413,28.53,28.64,28.45,28.56,0.03,380
2019-02-22,1532,607484,22992091,28.6,28.6,28.3,28.56,0.0,470
2019-02-25,1532,1042424,39951194,28.6,29.09,28.45,28.94,0.38,495
2019-02-26,1532,1156060,44613433,29.09,29.35,28.71,28.71,-0.23,580
2019-02-27,1532,566730,21543390,28.83,28.83,28.45,28.53,-0.18,389
2019-03-04,1532,1257319,48389481,28.53,29.13,28.45,29.09,0.56,559
2019-03-05,1532,658045,25440029,29.17,29.2,28.98,29.01,-0.08,354
2019-03-06,1532,559751,21423036,29.09,29.09,28.68,28.68,-0.33,275
2019-03-07,1532,801841,30380648,28.68,28.75,28.34,28.71,0.03,423
2019-03-08,1532,480287,18241756,28.75,28.75,28.37,28.68,-0.03,252
2019-03-11,1532,2487039,96800121,28.75,29.65,28.71,29.47,0.79,1077
2019-03-12,1532,1484612,57968718,29.73,29.73,29.17,29.35,-0.12,824
2019-03-13,1532,399309,15517480,29.35,29.35,29.13,29.35,0.0,270
2019-03-14,1532,612620,23744725,29.32,29.43,29.05,29.13,-0.22,357
2019-03-15,1532,1544665,60352548,28.98,29.62,28.98,29.58,0.45,809
2019-03-18,1532,1139108,44685492,29.73,29.84,29.2,29.35,-0.23,655
2019-03-19,1532,2368650,93638269,29.58,29.96,29.47,29.92,0.57,1030
2019-03-20,1532,2899970,115692600,29.88,30.44,29.5,30.22,0.3,1399
2019-03-21,1532,1690503,67842164,30.22,30.56,29.96,29.96,-0.26,918
2019-03-22,1532,1363209,53670061,30.03,30.11,29.47,29.58,-0.38,780
2019-03-25,1532,741413,28862139,29.17,29.43,29.09,29.35,-0.23,367
2019-03-26,1532,502068,19594538,29.35,29.65,29.24,29.24,-0.11,284
2019-03-27,1532,1340088,52718783,29.32,29.99,29.24,29.99,0.75,743
2019-03-28,1532,1512720,59847845,30.11,30.22,29.54,29.58,-0.41,804
2019-03-29,1532,4624990,174030673,29.32,29.32,27.77,28.15,-1.43,2351
2019-04-01,1532,1410579,53684118,28.56,28.98,28.34,28.56,0.41,758
2019-04-02,1532,814942,31202034,28.68,28.98,28.6,28.71,0.15,448
2019-04-03,1532,502517,19199748,28.75,28.94,28.68,28.75,0.04,333
2019-04-08,1532,716889,27215848,28.75,28.9,28.3,28.56,-0.19,421
2019-04-09,1532,824550,31292509,28.56,28.83,28.34,28.75,0.19,414
2019-04-10,1532,905980,34595240,28.98,29.09,28.56,28.6,-0.15,561
2019-04-11,1532,551200,20913630,28.68,28.75,28.49,28.53,-0.07,282
2019-04-12,1532,817661,30824484,28.49,28.53,28.3,28.37,-0.16,498
2019-04-15,1532,427472,16182545,28.79,28.79,28.41,28.45,0.08,308
2019-04-16,1532,658438,24790778,28.45,28.49,28.26,28.34,-0.11,351
2019-04-17,1532,802100,30282365,28.45,28.49,28.34,28.45,0.11,425
2019-04-18,1532,872231,32825311,28.53,28.6,28.19,28.22,-0.23,498
2019-04-19,1532,489648,18345516,28.3,28.34,28.15,28.19,-0.03,296
2019-04-22,1532,933220,35051434,28.26,28.41,28.19,28.19,0.0,524
2019-04-23,1532,1181597,44358925,28.41,28.45,28.15,28.15,-0.04,692
2019-04-24,1532,1470157,54959655,28.22,28.34,28.0,28.0,-0.15,859
2019-04-25,1532,1114327,41375346,28.0,28.07,27.89,27.92,-0.08,738
2019-04-26,1532,701688,26014185,28.0,28.07,27.81,27.89,-0.03,406
2019-04-29,1532,844421,31256355,28.0,28.15,27.74,27.74,-0.15,467
2019-04-30,1532,419300,15591955,27.77,28.26,27.77,28.26,0.52,218
2019-05-02,1532,378055,14181509,28.3,28.3,28.15,28.26,0.0,213
2019-05-03,1532,594529,22356388,28.3,28.45,28.22,28.34,0.08,347
2019-05-06,1532,833856,31107495,28.3,28.34,27.89,27.96,-0.38,300
2019-05-07,1532,671292,24949167,28.11,28.11,27.89,27.89,-0.07,450
2019-05-08,1532,310124,11564873,27.85,28.3,27.77,28.19,0.3,180
2019-05-09,1532,718454,26753292,28.11,28.3,27.89,27.92,-0.27,412
2019-05-10,1532,775346,28753585,27.92,28.11,27.81,27.81,-0.11,383
2019-05-13,1532,981020,35680577,27.7,27.74,27.17,27.28,-0.53,588
2019-05-14,1532,687126,24543536,27.1,27.1,26.79,26.91,-0.37,398
2019-05-15,1532,599677,21404549,27.02,27.06,26.79,26.79,-0.12,436
2019-05-16,1532,1314949,46176015,26.42,26.64,26.34,26.34,-0.45,502
2019-05-17,1532,694551,24241523,26.46,26.57,26.04,26.04,-0.3,311
2019-05-20,1532,927263,31445535,25.97,26.0,25.44,25.44,-0.6,397
2019-05-21,1532,919674,31715018,25.33,26.34,25.33,26.15,0.71,488
2019-05-22,1532,247000,8617100,26.34,26.34,26.15,26.19,0.04,139
2019-05-23,1532,167200,5790510,26.19,26.19,25.97,26.08,-0.11,124
2019-05-24,1532,170808,5924895,26.0,26.31,25.82,26.08,0.0,129
2019-05-27,1532,287177,10031345,26.0,26.46,25.97,26.34,0.26,230
2019-05-28,1532,551150,19450066,26.38,26.72,26.38,26.42,0.08,279
2019-05-29,1532,251999,8897714,26.34,26.79,26.23,26.76,0.34,201
2019-05-30,1532,217900,7715192,26.79,26.87,26.49,26.53,-0.23,176
2019-05-31,1532,289421,10232979,26.57,26.72,26.49,26.61,0.08,211
2019-06-03,1532,283312,9887682,26.38,26.42,26.04,26.27,-0.34,212
2019-06-04,1532,283995,9887725,26.08,26.34,26.08,26.34,0.07,204
2019-06-05,1532,246945,8632932,26.42,26.46,26.15,26.15,-0.19,140
2019-06-06,1532,149322,5201472,26.15,26.34,26.12,26.12,-0.03,97
2019-06-10,1532,211108,7383408,26.12,26.53,26.12,26.34,0.22,134
2019-06-11,1532,165544,5802190,26.38,26.49,26.31,26.34,0.0,93
2019-06-12,1532,194010,6763193,26.34,26.34,26.15,26.23,-0.11,123
2019-06-13,1532,136338,4753711,26.15,26.34,26.15,26.23,0.0,95
2019-06-14,1532,273100,9537979,26.19,26.61,26.19,26.19,-0.04,168
2019-06-17,1532,184481,6438735,26.19,26.42,26.19,26.19,0.0,118
2019-06-18,1532,301489,10498915,26.19,26.27,26.15,26.19,0.0,124
2019-06-19,1532,493326,17247922,26.31,26.53,26.15,26.31,0.12,352
2019-06-20,1532,288807,10142336,26.23,26.61,26.23,26.57,0.26,243
2019-06-21,1532,576548,20364047,26.64,26.72,26.49,26.61,0.04,298
2019-06-24,1532,706525,25459095,26.72,27.32,26.61,27.32,0.71,389
2019-06-25,1532,320773,11580313,27.36,27.36,27.13,27.13,-0.19,163
2019-06-26,1532,325405,11825999,27.17,27.47,27.13,27.47,0.34,171
2019-06-27,1532,379605,13798148,27.36,27.55,27.25,27.36,-0.11,216
2019-06-28,1532,618478,22234103,27.4,27.4,26.87,27.06,-0.3,336
2019-07-01,1532,311905,11298605,27.1,27.47,27.1,27.47,0.41,163
2019-07-02,1532,725378,26278176,27.51,27.51,27.17,27.4,-0.07,286
2019-07-03,1532,549190,19779707,27.43,27.43,27.02,27.06,-0.34,354
2019-07-04,1532,334247,12073329,27.13,27.32,27.1,27.21,0.15,231
2019-07-05,1532,415055,15013985,27.21,27.4,27.13,27.17,-0.04,261
2019-07-08,1532,457240,16472064,27.21,27.25,27.06,27.06,-0.11,272
2019-07-09,1532,280730,10102230,27.1,27.21,27.02,27.06,0.0,202
2019-07-10,1532,957438,34674960,27.17,27.4,27.17,27.25,0.19,591
2019-07-11,1532,984238,35532513,27.32,27.43,27.06,27.1,-0.15,625
2019-07-12,1532,1296846,46724156,27.13,27.36,27.06,27.1,0.0,746
2019-07-15,1532,2588099,93791347,27.17,27.47,27.13,27.4,0.3,1295
2019-07-16,1532,1860337,62107104,27.48,27.48,26.87,27.07,-0.33,878
2019-07-17,1532,764510,25372433,27.07,27.11,26.91,26.91,-0.16,483
2019-07-18,1532,337504,11216207,27.03,27.11,26.91,26.95,0.04,182
2019-07-19,1532,389800,12970998,26.99,27.19,26.91,27.03,0.08,204
2019-07-22,1532,326200,10830499,26.91,27.15,26.91,26.99,-0.04,158
2019-07-23,1532,577373,19114144,27.15,27.15,26.83,27.03,0.04,260
2019-07-24,1532,452590,14986678,26.95,27.15,26.83,26.87,-0.16,266
2019-07-25,1532,315934,10416366,26.91,26.99,26.54,26.87,0.0,196
2019-07-26,1532,166977,5503839,26.91,26.91,26.75,26.75,-0.12,123
2019-07-29,1532,523155,17154434,26.75,26.75,26.58,26.58,-0.17,222
2019-07-30,1532,577586,18910898,26.62,26.75,26.54,26.71,0.13,157
2019-07-31,1532,350124,11424442,26.62,26.66,26.42,26.42,-0.29,211
2019-08-01,1532,503609,16192297,26.26,26.34,26.06,26.06,-0.36,252
2019-08-02,1532,492925,15750404,25.93,26.18,25.85,25.93,-0.13,163
2019-08-05,1532,414892,13383860,25.97,26.46,25.97,26.42,0.49,237
2019-08-06,1532,584366,18917843,26.58,26.58,26.1,26.38,-0.04,212
2019-08-07,1532,184985,6020807,26.34,26.66,26.34,26.42,0.04,155
2019-08-08,1532,245355,8047300,26.46,26.99,26.46,26.91,0.49,175
2019-08-12,1532,249946,8194126,26.79,26.87,26.58,26.66,-0.25,171
2019-08-13,1532,232381,7542983,26.58,26.58,26.3,26.34,-0.32,178
2019-08-14,1532,202712,6605089,26.38,26.54,26.38,26.42,0.08,130
2019-08-15,1532,347236,11105963,26.01,26.38,25.65,26.06,-0.36,200
2019-08-16,1532,163080,5254722,26.38,26.38,26.14,26.14,0.08,107
2019-08-19,1532,1058893,33224050,26.01,26.54,24.71,25.0,-1.14,619
2019-08-20,1532,435138,13491410,24.96,25.49,24.84,25.45,0.45,283
2019-08-21,1532,292619,9077506,25.49,25.49,25.12,25.16,-0.29,220
2019-08-22,1532,274116,8486580,25.36,25.36,24.96,25.12,-0.04,193
2019-08-23,1532,279335,8613515,25.12,25.24,24.96,24.96,-0.16,191
2019-08-26,1532,273205,8290308,24.8,24.8,24.55,24.63,-0.33,201
2019-08-27,1532,279604,8464729,24.67,24.71,24.55,24.55,-0.08,154
2019-08-28,1532,376385,11357456,24.59,24.63,24.43,24.43,-0.12,227
2019-08-29,1532,366200,11031380,24.51,24.67,24.43,24.43,0.0,211
2019-08-30,1532,337243,10178383,24.47,24.67,24.43,24.63,0.2,224
2019-09-02,1532,232864,7120772,24.71,25.16,24.63,25.12,0.49,158
2019-09-03,1532,312101,9581414,25.28,25.28,24.8,25.12,0.0,219
2019-09-04,1532,443492,13529852,24.96,25.0,24.71,24.75,-0.37,368
2019-09-05,1532,328930,10032815,25.08,25.08,24.75,24.75,0.0,167
2019-09-06,1532,312008,9505390,25.04,25.04,24.67,24.67,-0.08,189
2019-09-09,1532,199236,6070697,24.71,24.96,24.67,24.8,0.13,89
2019-09-10,1532,219653,6715945,24.75,25.0,24.75,24.96,0.16,97
2019-09-11,1532,199150,6067081,24.8,24.96,24.71,24.75,-0.21,163
2019-09-12,1532,204500,6277573,25.04,25.08,24.8,25.0,0.25,160
2019-09-16,1532,279792,8664870,25.08,25.36,25.04,25.12,0.12,194
2019-09-17,1532,189000,5796300,25.12,25.12,24.84,24.96,-0.16,125
2019-09-18,1532,274255,8466715,24.96,25.32,24.88,25.16,0.2,193
2019-09-19,1532,219485,6765585,25.28,25.32,24.92,25.04,-0.12,167
2019-09-20,1532,164736,5084566,24.96,25.28,24.84,25.28,0.24,113
2019-09-23,1532,592001,18720078,25.28,25.85,25.28,25.81,0.53,350
2019-09-24,1532,187080,5900177,25.73,25.85,25.57,25.61,-0.2,162
2019-09-25,1532,266320,8389977,25.61,25.69,25.53,25.61,0.0,148
2019-09-26,1532,383708,11953542,25.45,25.73,25.2,25.4,-0.21,231
2019-09-27,1532,636476,19463748,25.45,25.45,24.67,24.75,-0.65,331
2019-10-01,1532,374094,11369721,24.88,24.92,24.55,24.8,0.05,197
2019-10-02,1532,301170,9115042,24.75,24.8,24.51,24.75,-0.05,207
2019-10-03,1532,122025,3694420,24.63,24.75,24.51,24.63,-0.12,82
2019-10-04,1532,190167,5769611,24.67,24.75,24.59,24.71,0.08,99
2019-10-07,1532,116821,3567661,24.8,24.96,24.75,24.92,0.21,79
2019-10-08,1532,218340,6714702,24.8,25.16,24.8,25.0,0.08,153
2019-10-09,1532,265699,8119252,25.0,25.04,24.8,24.84,-0.16,103
2019-10-14,1532,679065,21070721,25.04,25.36,25.04,25.2,0.36,403
2019-10-15,1532,272225,8438727,25.36,25.4,25.04,25.24,0.04,228
2019-10-16,1532,214829,6658079,25.16,25.28,25.08,25.28,0.04,162
2019-10-17,1532,505700,15881778,25.28,25.73,25.24,25.69,0.41,259
2019-10-18,1532,635357,19828437,25.69,25.69,25.12,25.12,-0.57,252
2019-10-21,1532,235906,7379248,25.12,25.53,25.12,25.49,0.37,162
2019-10-22,1532,117290,3662418,25.57,25.57,25.28,25.28,-0.21,93
2019-10-23,1532,263944,8193871,25.28,25.45,25.08,25.24,-0.04,157
2019-10-24,1532,244300,7570163,25.16,25.36,25.08,25.28,0.04,136
2019-10-25,1532,108200,3361479,25.24,25.32,25.2,25.32,0.04,46
2019-10-28,1532,273300,8490342,25.28,25.4,25.2,25.32,0.0,117
2019-10-29,1532,150700,4703173,25.32,25.45,25.32,25.32,0.0,89
2019-10-30,1532,234354,7332280,25.2,25.53,25.2,25.53,0.21,117
2019-10-31,1532,305218,9601020,25.4,25.61,25.4,25.61,0.08,148
2019-11-01,1532,139724,4395432,25.61,25.65,25.49,25.53,-0.08,70
2019-11-04,1532,408558,12853346,25.57,25.65,25.49,25.61,0.08,112
2019-11-05,1532,869146,28160193,25.61,26.71,25.61,26.46,0.85,501
2019-11-06,1532,352604,11315787,26.46,26.46,25.89,26.01,-0.45,230
2019-11-07,1532,253469,8145808,26.1,26.26,26.01,26.1,0.09,141
2019-11-08,1532,248003,7945396,26.18,26.3,25.97,26.01,-0.09,103
2019-11-11,1532,222503,7035593,25.93,26.01,25.45,25.57,-0.44,142
2019-11-12,1532,138978,4359858,25.53,25.57,25.45,25.49,-0.08,109
2019-11-13,1532,135020,4230274,25.49,25.57,25.4,25.4,-0.09,89
2019-11-14,1532,292944,9090254,25.24,25.49,25.12,25.28,-0.12,167
2019-11-15,1532,746204,22823104,25.12,25.12,24.67,24.92,-0.36,334
2019-11-18,1532,160145,4917580,24.84,25.12,24.84,24.96,0.04,107
2019-11-19,1532,88504,2735198,25.16,25.2,25.0,25.2,0.24,61
2019-11-20,1532,110308,3411693,25.2,25.32,24.92,25.32,0.12,95
2019-11-21,1532,253484,7890154,25.12,25.45,25.12,25.45,0.13,137
2019-11-22,1532,132146,4118194,25.32,25.57,25.2,25.2,-0.25,88
2019-11-25,1532,141710,4385744,25.04,25.45,25.04,25.12,-0.08,97
2019-11-26,1532,274068,8625740,25.12,25.77,25.12,25.77,0.65,122
2019-11-27,1532,178714,5611725,25.61,25.69,25.45,25.45,-0.32,129
2019-11-28,1532,50472,1576676,25.45,25.49,25.32,25.32,-0.13,39
2019-11-29,1532,111950,3483950,25.45,25.53,25.2,25.24,-0.08,76
2019-12-02,1532,56160,1746610,25.49,25.49,25.12,25.32,0.08,48
2019-12-03,1532,77061,2393247,25.4,25.4,25.12,25.16,-0.16,54
2019-12-04,1532,173269,5365008,25.16,25.28,25.12,25.28,0.12,81
2019-12-05,1532,294875,9100248,25.36,25.36,25.0,25.04,-0.24,159
2019-12-06,1532,103343,3186214,25.04,25.28,24.96,25.04,0.0,82
2019-12-09,1532,186317,5749628,25.2,25.2,25.04,25.04,0.0,105
2019-12-10,1532,180024,5530989,24.96,25.12,24.84,25.0,-0.04,92
2019-12-11,1532,244644,7520866,24.92,25.12,24.92,25.08,0.08,123
2019-12-12,1532,254831,7832035,25.12,25.12,24.88,25.0,-0.08,111
2019-12-13,1532,293515,9048957,25.04,25.16,24.92,25.12,0.12,147
2019-12-16,1532,223720,6943724,25.04,25.36,25.04,25.2,0.08,144
2019-12-17,1532,176404,5476752,25.4,25.4,25.08,25.16,-0.04,115
2019-12-18,1532,227244,7052988,25.2,25.28,25.12,25.16,0.0,185
2019-12-19,1532,98060,3044054,25.28,25.28,25.16,25.28,0.12,63
2019-12-20,1532,188918,5832115,25.16,25.36,24.96,24.96,-0.32,126
2019-12-23,1532,206877,6435212,25.0,25.49,24.96,25.49,0.53,117
2019-12-24,1532,109411,3425283,25.49,25.53,25.36,25.49,0.0,72
2019-12-25,1532,110933,3458265,25.24,25.49,25.24,25.49,0.0,66
2019-12-26,1532,119185,3724153,25.36,25.45,25.32,25.4,-0.09,62
2019-12-27,1532,420600,12956810,24.71,25.4,24.71,25.4,0.0,186
2019-12-30,1532,85293,2668590,25.45,25.57,25.36,25.4,0.0,64
2019-12-31,1532,112624,3519866,25.4,25.49,25.36,25.49,0.09,66
2020-01-02,1532,246707,7681291,25.49,25.49,25.2,25.45,-0.04,137
2020-01-03,1532,241169,7461427,25.32,25.32,25.04,25.16,-0.29,166
2020-01-06,1532,231942,7116616,25.12,25.12,24.88,24.88,-0.28,139
2020-01-07,1532,286849,8754798,24.88,25.0,24.75,24.8,-0.08,148
2020-01-08,1532,631404,18981200,24.71,24.71,24.27,24.39,-0.41,309
2020-01-09,1532,243022,7308475,24.39,24.67,24.35,24.35,-0.04,156
2020-01-10,1532,396097,11909710,24.35,24.67,24.35,24.39,0.04,207
2020-01-13,1532,177210,5344728,24.39,24.59,24.39,24.51,0.12,125
2020-01-14,1532,147801,4473237,24.63,24.75,24.51,24.55,0.04,99
2020-01-15,1532,87700,2653209,24.63,24.67,24.51,24.55,0.0,53
2020-01-16,1532,110960,3363542,24.55,24.71,24.55,24.71,0.16,55
2020-01-17,1532,176051,5373309,24.71,24.88,24.63,24.88,0.17,106
2020-01-20,1532,181096,5579862,24.88,25.12,24.88,25.12,0.24,115
2020-01-30,1532,612270,18255692,24.31,24.39,24.06,24.23,-0.89,299
2020-01-31,1532,285208,8545219,24.23,24.51,24.23,24.51,0.28,110
2020-02-03,1532,724201,21320507,23.98,24.39,23.37,24.06,-0.45,262
2020-02-04,1532,142112,4223860,24.06,24.47,24.06,24.14,0.08,94
2020-02-05,1532,338124,10040532,24.31,24.31,24.02,24.02,-0.12,142
2020-02-06,1532,284545,8452263,24.02,24.39,24.02,24.14,0.12,147
2020-02-07,1532,416613,12241159,24.31,24.31,23.66,23.74,-0.4,239
2020-02-10,1532,248359,7165942,23.74,23.74,23.33,23.41,-0.33,139
2020-02-11,1532,268733,7725081,23.58,23.58,23.17,23.49,0.08,152
2020-02-12,1532,100233,2895876,23.49,23.58,23.41,23.49,0.0,73
2020-02-13,1532,277683,8052390,23.49,23.74,23.41,23.45,-0.04,152
2020-02-14,1532,227074,6556999,23.45,23.53,23.41,23.45,0.0,164
2020-02-17,1532,220517,6383593,23.49,23.7,23.41,23.49,0.04,130
2020-02-18,1532,163990,4729358,23.53,23.53,23.37,23.45,-0.04,119
2020-02-19,1532,383240,11100034,23.41,23.7,23.29,23.7,0.25,226
2020-02-20,1532,193742,5653068,23.74,23.9,23.58,23.74,0.04,114
2020-02-21,1532,202326,5871621,23.74,23.78,23.49,23.49,-0.25,116
2020-02-24,1532,262655,7559429,23.49,23.53,23.37,23.37,-0.12,134
2020-02-25,1532,173078,4971012,23.29,23.53,23.21,23.49,0.12,101
2020-02-26,1532,172465,4975468,23.33,23.58,23.33,23.49,0.0,82
2020-02-27,1532,493096,14197584,23.49,23.58,23.17,23.58,0.09,237
2020-03-02,1532,230162,6584715,23.21,23.37,23.17,23.25,-0.33,173
2020-03-03,1532,223271,6439676,23.25,23.53,23.25,23.49,0.24,96
2020-03-04,1532,339634,9854262,23.33,23.82,23.33,23.82,0.33,176
2020-03-05,1532,164033,4804162,23.82,23.9,23.7,23.74,-0.08,109
2020-03-06,1532,109000,3154450,23.74,23.78,23.41,23.53,-0.21,76
2020-03-09,1532,517372,14596701,23.29,23.45,22.76,22.76,-0.77,286
2020-03-10,1532,373752,10221629,21.67,22.76,21.67,22.64,-0.12,156
2020-03-11,1532,220000,6169400,22.64,23.09,22.64,22.64,0.0,101
2020-03-12,1532,828878,22297999,22.36,22.52,21.54,21.54,-1.1,370
2020-03-13,1532,1355258,33141443,20.32,20.73,19.47,19.67,-1.87,553
2020-03-16,1532,530085,12988160,20.08,20.16,19.67,19.75,0.08,270
2020-03-17,1532,502783,11810941,18.01,19.63,18.01,19.06,-0.69,265
2020-03-18,1532,535915,12440753,18.7,19.39,18.62,18.7,-0.36,316
2020-03-19,1532,1324313,28126942,18.29,18.7,16.83,16.83,-1.87,566
2020-03-20,1532,703169,15787792,16.99,18.49,16.99,18.49,1.66,358
2020-03-23,1532,498552,11042531,17.23,18.45,17.23,18.09,-0.4,113
2020-03-24,1532,390833,9043106,18.13,19.31,18.13,18.29,0.2,206
2020-03-25,1532,470709,10881235,18.98,19.02,18.54,18.62,0.33,219
2020-03-26,1532,328502,7571970,18.7,18.94,18.09,18.82,0.2,195
2020-03-27,1532,260000,6083350,18.9,19.39,18.78,18.78,-0.04,151
2020-03-30,1532,104590,2387301,18.58,18.7,18.41,18.54,-0.24,74
2020-03-31,1532,337020,7672200,18.58,18.74,18.37,18.37,-0.17,165
2020-04-01,1532,431004,9586834,18.54,18.54,17.88,18.17,-0.2,216
2020-04-06,1532,372725,8182000,18.17,18.17,17.68,17.88,-0.29,231
2020-04-07,1532,247640,5507426,18.05,18.29,17.88,18.01,0.13,161
2020-04-08,1532,707027,16307148,18.05,19.8,18.05,19.59,1.58,375
2020-04-09,1532,429750,10264236,19.71,19.75,19.19,19.39,-0.2,248
2020-04-10,1532,213010,5139740,19.39,19.8,19.39,19.59,0.2,138
2020-04-13,1532,408000,9777100,19.84,19.84,19.35,19.51,-0.08,193
2020-04-14,1532,404037,9761291,19.67,19.75,19.55,19.71,0.2,196
2020-04-15,1532,821273,20463627,19.96,20.69,19.84,20.65,0.94,520
2020-04-16,1532,504401,12538594,20.41,20.41,20.08,20.16,-0.49,312
2020-04-17,1532,449150,11215738,20.41,20.65,20.08,20.08,-0.08,287
2020-04-20,1532,100221,2475346,19.96,20.24,19.96,20.0,-0.08,77
2020-04-21,1532,461472,10925246,19.96,19.96,18.62,18.94,-1.06,308
2020-04-22,1532,114149,2666051,18.82,19.19,18.7,19.1,0.16,84
2020-04-23,1532,90407,2139394,19.15,19.31,19.15,19.27,0.17,67
2020-04-24,1532,167401,3913691,19.27,19.39,18.82,18.98,-0.29,117
2020-04-27,1532,317651,7651638,19.27,19.92,19.23,19.71,0.73,199
2020-04-28,1532,314100,7659545,19.8,20.0,19.55,19.71,0.0,151
2020-04-29,1532,553484,13688752,19.92,20.28,19.92,20.24,0.53,235
2020-04-30,1532,549620,13913843,20.32,20.81,20.32,20.57,0.33,347
2020-05-04,1532,618904,15186327,20.16,20.16,19.75,19.88,-0.69,225
2020-05-05,1532,302380,7436298,20.04,20.12,19.92,20.0,0.12,136
2020-05-06,1532,297573,7242272,20.0,20.0,19.67,19.75,-0.25,156
2020-05-07,1532,164694,4020318,19.75,20.04,19.67,19.92,0.17,91
2020-05-08,1532,221565,5427733,19.92,20.12,19.84,19.84,-0.08,144
2020-05-11,1532,382029,9436372,20.08,20.32,19.92,20.24,0.4,201
2020-05-12,1532,840384,21258061,20.32,20.77,20.28,20.73,0.49,370
2020-05-13,1532,1825499,48876194,21.46,22.32,21.42,22.11,1.38,1078
2020-05-14,1532,1152224,31174748,22.03,22.48,21.54,22.07,-0.04,544
2020-05-15,1532,948295,26019003,22.36,22.52,21.95,22.52,0.45,414
2020-05-18,1532,861056,24234068,22.88,23.05,22.56,22.88,0.36,400
2020-05-19,1532,705374,19808913,23.01,23.17,22.68,22.8,-0.08,288
2020-05-20,1532,488503,13814207,22.8,23.53,22.76,22.97,0.17,256
2020-05-21,1532,651906,18440584,22.97,23.21,22.72,22.72,-0.25,279
2020-05-22,1532,769812,21443790,22.8,22.8,22.44,22.64,-0.08,203
2020-05-25,1532,489760,13530614,22.76,22.93,21.58,22.72,0.08,196
2020-05-26,1532,643500,18093748,23.01,23.17,22.56,22.8,0.08,280
2020-05-27,1532,540421,15038495,22.93,23.01,22.36,22.84,0.04,289
2020-05-28,1532,465754,13004056,23.01,23.01,22.56,22.6,-0.24,200
2020-05-29,1532,397222,10992448,22.44,22.64,22.36,22.64,0.04,172
2020-06-01,1532,385380,10700876,22.64,22.72,22.4,22.68,0.04,170
2020-06-02,1532,414525,11543542,22.64,22.88,22.44,22.68,0.0,187
2020-06-03,1532,627166,17580230,22.76,23.01,22.64,22.8,0.12,302
2020-06-04,1532,1225615,34841925,22.88,23.53,22.68,23.29,0.49,701
2020-06-05,1532,982256,28295833,23.29,23.58,23.17,23.45,0.16,535
2020-06-08,1532,459200,13180659,23.58,23.62,23.21,23.25,-0.2,287
2020-06-09,1532,377089,10842350,23.33,23.58,23.13,23.49,0.24,202
2020-06-10,1532,353794,10213476,23.58,23.58,23.37,23.49,0.0,181
2020-06-11,1532,1527032,42889768,23.29,23.41,22.23,22.23,-1.26,546
2020-06-12,1532,544700,14618277,21.87,22.03,21.54,21.87,-0.36,333
2020-06-15,1532,395273,10704471,21.91,22.36,21.83,22.03,0.16,145
2020-06-16,1532,180469,4971996,22.15,22.52,22.11,22.52,0.49,122
2020-06-17,1532,138411,3836375,22.68,22.68,22.4,22.6,0.08,93
2020-06-18,1532,459257,12805796,22.68,24.84,22.36,22.93,0.33,217
2020-06-19,1532,978815,28232070,22.97,23.82,22.97,23.58,0.65,403
2020-06-22,1532,787443,22952079,23.53,24.39,23.25,23.53,-0.05,332
2020-06-23,1532,486477,14101342,23.66,23.9,23.37,23.37,-0.16,249
2020-06-24,1532,427350,12142335,23.37,23.49,22.97,22.97,-0.4,173
2020-06-29,1532,274752,7649729,22.97,22.97,22.52,22.64,-0.33,180
2020-06-30,1532,93436,2597033,22.64,22.72,22.52,22.56,-0.08,76
2020-07-01,1532,277420,7681666,22.68,22.68,22.36,22.36,-0.2,168
2020-07-02,1532,180536,4979386,22.44,22.48,22.36,22.48,0.12,112
2020-07-03,1532,492464,13768746,22.72,23.01,22.56,22.72,0.24,235
2020-07-06,1532,773464,21860160,22.84,23.21,22.64,22.8,0.08,310
2020-07-07,1532,749378,21088334,22.88,23.05,22.76,22.8,0.0,157
2020-07-08,1532,730688,20521114,22.76,22.97,22.68,22.84,0.04,202
2020-07-09,1532,487446,13795880,22.88,23.17,22.84,23.01,0.17,279
2020-07-10,1532,392797,11028216,23.05,23.05,22.56,22.97,-0.04,195
2020-07-13,1532,492584,13553970,22.8,22.88,22.19,22.36,-0.61,299
2020-07-14,1532,319452,8731492,22.27,22.52,22.07,22.11,-0.25,224
2020-07-15,1532,329833,8930491,22.32,22.36,21.91,22.07,-0.04,196
2020-07-16,1532,254041,6887807,22.07,22.36,21.91,21.95,-0.12,172
2020-07-17,1532,258614,6953422,21.99,22.03,21.75,21.83,-0.12,167
2020-07-20,1532,218125,5818593,21.87,21.91,21.58,21.62,-0.21,125
2020-07-21,1532,430301,11667596,21.79,22.27,21.71,22.03,0.41,294
2020-07-22,1532,153500,4208849,22.15,22.36,22.15,22.32,0.29,102
2020-07-23,1532,130358,3578035,22.4,22.44,22.19,22.19,-0.13,80
2020-07-24,1532,242500,6582574,22.15,22.36,21.87,21.99,-0.2,146
2020-07-27,1532,228262,6135394,21.95,22.07,21.71,21.79,-0.2,159
2020-07-28,1532,279638,7459428,21.54,22.07,21.54,21.54,-0.25,194
2020-07-29,1532,139350,3758326,21.54,22.19,21.46,21.87,0.33,126
2020-07-30,1532,170276,4590137,22.11,22.19,21.79,21.79,-0.08,117
2020-07-31,1532,181025,4856369,22.03,22.03,21.71,21.87,0.08,107
2020-08-03,1532,247278,6594571,21.71,21.87,21.58,21.79,-0.08,159
2020-08-04,1532,260999,7017072,21.83,21.99,21.71,21.95,0.16,107
2020-08-05,1532,209548,5743234,22.19,22.44,22.07,22.23,0.28,133
2020-08-06,1532,188060,5182450,22.44,22.48,22.32,22.48,0.25,114
2020-08-07,1532,206463,5668085,22.4,22.6,22.19,22.23,-0.25,126
2020-08-10,1532,1362645,37773580,22.23,22.84,22.23,22.76,0.53,284
2020-08-11,1532,280970,7796016,22.76,22.84,22.32,22.4,-0.36,169
2020-08-12,1532,227117,6080041,22.46,22.71,22.29,22.54,0.14,128
2020-08-13,1532,125228,3349498,22.58,22.62,22.41,22.5,-0.04,64
2020-08-14,1532,403025,10879875,22.37,22.92,22.33,22.71,0.21,180
2020-08-17,1532,423759,11567818,22.79,23.13,22.71,23.13,0.42,214
2020-08-18,1532,200080,5448525,23.13,23.13,22.75,23.0,-0.13,98
2020-08-19,1532,141800,3857769,23.09,23.13,22.71,22.83,-0.17,70
2020-08-20,1532,433538,11471335,22.96,22.96,21.61,22.2,-0.63,235
2020-08-21,1532,335519,9027534,22.46,22.79,22.46,22.58,0.38,200
2020-08-24,1532,198350,5296174,22.58,22.83,22.37,22.41,-0.17,105
2020-08-25,1532,286093,7687514,22.58,22.75,22.46,22.46,0.05,129
2020-08-26,1532,211024,5618886,22.41,22.58,22.29,22.37,-0.09,111
2020-08-27,1532,189908,5074810,22.37,22.67,22.37,22.46,0.09,90
2020-08-28,1532,431007,11514083,22.37,22.54,22.29,22.54,0.08,195
2020-08-31,1532,222073,5958247,22.71,22.71,22.46,22.54,0.0,122
2020-09-01,1532,329245,8829067,22.58,22.67,22.37,22.54,0.0,118
2020-09-02,1532,415299,11158213,22.62,22.83,22.5,22.54,0.0,139
2020-09-03,1532,2160603,60392252,22.62,24.22,22.5,23.89,1.35,832
2020-09-04,1532,2198886,63300844,23.42,24.56,23.38,24.47,0.58,1000
2020-09-07,1532,4154313,125337037,24.47,26.79,24.47,25.23,0.76,1895
2020-09-08,1532,2059605,62807050,25.23,26.41,24.98,25.27,0.04,990
2020-09-09,1532,1119827,33803204,25.23,25.78,24.73,25.69,0.42,511
2020-09-10,1532,527388,15906876,25.69,25.69,25.23,25.48,-0.21,283
2020-09-11,1532,982004,29993467,25.48,26.32,25.02,25.23,-0.25,540
2020-09-14,1532,806206,23984213,25.23,25.65,24.77,24.94,-0.29,348
2020-09-15,1532,409498,12236190,25.19,25.23,25.06,25.15,0.21,153
2020-09-16,1532,931890,28304508,25.27,25.65,25.27,25.57,0.42,441
2020-09-17,1532,4691800,150086316,25.61,27.92,25.61,26.49,0.92,2153
2020-09-18,1532,2441303,79148794,26.49,27.67,26.49,27.46,0.97,1504
2020-09-21,1532,3144606,105314272,28.93,28.93,27.59,27.67,0.21,1580
2020-09-22,1532,1996960,65585838,27.17,28.26,26.7,27.67,0.0,978
2020-09-23,1532,1532309,49458938,27.42,27.92,26.83,26.91,-0.76,765
2020-09-24,1532,1925607,59604931,26.11,26.58,25.4,25.69,-1.22,892
2020-09-25,1532,1062626,32365111,25.9,26.28,25.02,25.4,-0.29,563
2020-09-28,1532,803919,25082919,25.99,26.7,25.74,26.41,1.01,478
2020-09-29,1532,1459769,46762373,26.91,27.63,26.41,26.62,0.21,716
2020-09-30,1532,637254,20288224,27.38,27.38,26.32,26.74,0.12,308
2020-10-05,1532,271100,8602975,26.91,27.08,26.49,26.7,-0.04,190
2020-10-06,1532,588102,18774635,26.66,27.0,26.62,26.91,0.21,285
2020-10-07,1532,1630453,52999341,26.96,27.84,26.74,27.5,0.59,709
2020-10-08,1532,669948,21797157,27.38,27.63,27.17,27.5,0.0,394
2020-10-12,1532,1635700,53245200,27.75,28.09,26.83,26.91,-0.59,748
2020-10-13,1532,2065568,67271634,27.12,27.75,26.66,27.75,0.84,856
2020-10-14,1532,1644037,54102212,27.54,27.92,27.42,27.63,-0.12,685
2020-10-15,1532,587440,19224137,27.67,27.92,27.33,27.63,0.0,288
2020-10-16,1532,1180234,38885537,27.63,27.88,27.5,27.5,-0.13,465
2020-10-19,1532,3130251,104446691,27.38,28.47,27.33,28.43,0.93,1410
2020-10-20,1532,2780664,94284820,28.26,29.18,27.75,28.85,0.42,1240
2020-10-21,1532,1763718,59456737,28.6,28.68,28.13,28.6,-0.25,894
2020-10-22,1532,2514097,83659855,28.68,28.68,27.84,27.84,-0.76,809
2020-10-23,1532,4180367,143101427,27.92,29.27,27.92,28.85,1.01,1872
2020-10-26,1532,1170589,40223067,28.89,29.14,28.81,28.85,0.0,533
2020-10-27,1532,1340684,45618902,28.76,28.89,28.26,28.68,-0.17,655
2020-10-28,1532,4196544,146307395,29.06,30.03,28.64,28.89,0.21,1842
2020-10-29,1532,710301,23964327,28.51,28.68,28.01,28.43,-0.46,411
2020-10-30,1532,1199140,40478569,28.55,28.76,27.92,27.96,-0.47,549
2020-11-02,1532,1421074,46406253,28.01,28.13,27.12,27.33,-0.63,681
2020-11-03,1532,618238,20584393,27.75,28.26,27.75,27.88,0.55,384
2020-11-04,1532,1558507,50966960,28.13,28.17,27.25,27.46,-0.42,632
2020-11-05,1532,394000,12932350,27.59,27.92,27.17,27.5,0.04,262
2020-11-06,1532,1139985,36912129,27.71,27.71,27.08,27.08,-0.42,583
2020-11-09,1532,940196,31051876,27.42,27.96,27.42,27.92,0.84,529
2020-11-10,1532,1147573,38670594,28.17,28.6,27.8,28.38,0.46,564
2020-11-11,1532,2088951,72243448,28.68,29.44,28.6,29.06,0.68,1074
2020-11-12,1532,765631,26036883,29.27,29.27,28.34,28.47,-0.59,500
2020-11-13,1532,843853,28410483,28.43,28.6,27.71,28.51,0.04,492
2020-11-16,1532,584809,19830094,28.68,28.85,28.26,28.38,-0.13,374
2020-11-17,1532,704580,23718118,28.43,28.6,28.05,28.51,0.13,410
2020-11-18,1532,430920,14618664,28.51,28.76,28.26,28.51,0.0,281
2020-11-19,1532,257820,8713584,28.51,28.55,28.3,28.47,-0.04,141
2020-11-20,1532,1534432,50776647,28.34,28.38,27.59,27.8,-0.67,796
2020-11-23,1532,882150,29081006,27.92,28.09,27.59,27.8,0.0,430
2020-11-24,1532,867546,28251348,27.75,27.84,27.17,27.33,-0.47,438
2020-11-25,1532,1389049,46105794,27.29,28.34,27.25,28.22,0.89,678
2020-11-26,1532,635664,21144205,28.13,28.43,27.84,28.01,-0.21,422
2020-11-27,1532,1481496,50476451,28.01,29.18,27.88,28.93,0.92,795
2020-11-30,1532,2641604,91466949,29.02,29.6,28.64,29.23,0.3,1356
2020-12-01,1532,1202521,41327720,29.18,29.27,28.43,28.97,-0.26,712
2020-12-02,1532,1221645,41552856,28.76,29.18,28.47,28.47,-0.5,495
2020-12-03,1532,707890,23733413,28.47,28.47,28.09,28.13,-0.34,434
2020-12-04,1532,666404,22202965,28.13,28.3,27.8,28.09,-0.04,427
2020-12-07,1532,718730,23997584,28.3,28.3,27.92,28.22,0.13,326
2020-12-08,1532,3082815,99240029,27.8,27.8,26.62,26.87,-1.35,1395
2020-12-09,1532,1033637,32510194,26.62,26.74,26.16,26.53,-0.34,504
2020-12-10,1532,1090444,34919080,26.49,27.25,26.49,27.12,0.59,667
2020-12-11,1532,974867,30767450,27.12,27.29,26.2,26.58,-0.54,450
2020-12-14,1532,629771,20175904,26.58,27.29,26.41,26.79,0.21,294
2020-12-15,1532,867260,27057484,26.66,26.91,26.03,26.16,-0.63,423
2020-12-16,1532,445366,14095129,26.2,26.74,26.2,26.7,0.54,305
2020-12-17,1532,223702,7011699,26.49,26.58,26.24,26.37,-0.33,160
2020-12-18,1532,339744,10656391,26.37,26.49,26.28,26.32,-0.05,187
2020-12-21,1532,434987,13795959,26.66,26.87,26.32,26.79,0.47,259
2020-12-22,1532,625057,19806854,26.79,27.17,26.16,26.16,-0.63,354
2020-12-23,1532,302741,9428074,26.16,26.58,25.9,26.2,0.04,174
2020-12-24,1532,190503,5969970,26.58,26.66,26.24,26.28,0.08,109
2020-12-25,1532,390671,12260589,26.28,26.66,26.2,26.49,0.21,169
2020-12-28,1532,301440,9506245,26.49,26.7,26.32,26.66,0.17,199
2020-12-29,1532,264377,8380508,26.83,26.83,26.58,26.7,0.04,148
2020-12-30,1532,394279,12588406,26.7,27.0,26.7,26.91,0.21,235
2020-12-31,1532,206503,6592378,26.91,27.08,26.74,26.74,-0.17,124
2021-01-04,1532,570377,18278990,26.83,27.17,26.7,27.17,0.43,364
2021-01-05,1532,815842,26527959,27.17,27.46,27.17,27.25,0.08,343
2021-01-06,1532,690503,21994726,27.5,27.5,26.49,26.53,-0.72,380
2021-01-07,1532,681205,21849871,26.87,27.25,26.74,27.25,0.72,385
2021-01-08,1532,465902,14943105,27.25,27.25,26.74,26.83,-0.42,227
2021-01-11,1532,395922,12640660,26.83,27.08,26.58,27.0,0.17,242
2021-01-12,1532,531470,16966191,27.04,27.12,26.62,26.66,-0.34,271
2021-01-13,1532,730288,23422068,26.66,27.17,26.66,27.08,0.42,381
2021-01-14,1532,600574,19100871,27.08,27.25,26.62,26.79,-0.29,245
2021-01-15,1532,551139,17305854,26.79,26.91,26.2,26.28,-0.51,299
2021-01-18,1532,352824,10997734,26.28,26.45,26.07,26.16,-0.12,241
2021-01-19,1532,296268,9225928,26.16,26.32,26.11,26.11,-0.05,170
2021-01-20,1532,1721386,51851645,26.07,26.07,25.06,25.27,-0.84,716
2021-01-21,1532,355814,10678983,25.27,25.53,25.15,25.19,-0.08,177
2021-01-22,1532,266753,8007779,25.32,25.44,25.19,25.36,0.17,150
2021-01-25,1532,402866,12282277,25.36,25.99,25.32,25.9,0.54,243
2021-01-26,1532,410419,12489927,25.86,25.9,25.44,25.48,-0.42,199
2021-01-27,1532,178630,5474830,25.48,25.86,25.48,25.74,0.26,132
2021-01-28,1532,544803,16470341,25.65,25.9,25.23,25.23,-0.51,215
2021-01-29,1532,395495,11856959,25.23,25.61,25.06,25.06,-0.17,249
2021-02-01,1532,185756,5548531,25.06,25.27,24.98,25.06,0.0,137
2021-02-02,1532,294418,8907966,25.06,25.69,25.06,25.61,0.55,161
2021-02-03,1532,1535845,46607818,25.61,25.95,25.4,25.61,0.0,243
2021-02-04,1532,131728,4014332,25.53,25.82,25.48,25.69,0.08,89
2021-02-05,1532,263015,8028345,25.69,25.9,25.48,25.57,-0.12,149
2021-02-17,1532,504720,15645564,25.57,26.32,25.57,26.11,0.54,267
2021-02-18,1532,616473,19502945,26.11,26.91,26.11,26.7,0.59,347
2021-02-19,1532,318346,10088516,26.7,26.87,26.53,26.7,0.0,169
2021-02-22,1532,560099,17847107,26.79,27.12,26.66,26.7,0.0,256
2021-02-23,1532,557652,17935118,26.87,27.25,26.83,27.08,0.38,331
2021-02-24,1532,595378,19028062,27.17,27.29,26.7,26.74,-0.34,257
2021-02-25,1532,534600,17127676,26.87,27.17,26.79,26.96,0.22,246
2021-02-26,1532,638600,20348857,26.87,27.17,26.62,26.96,0.0,393
2021-03-02,1532,829781,26530901,27.04,27.08,26.74,26.74,-0.22,407
2021-03-03,1532,610452,19527748,26.74,27.04,26.74,26.91,0.17,260
2021-03-04,1532,981695,31395208,26.91,27.17,26.66,27.0,0.09,508
2021-03-05,1532,398921,12752127,27.0,27.04,26.7,26.83,-0.17,210
2021-03-08,1532,333901,10635965,26.83,26.96,26.66,26.74,-0.09,188
2021-03-09,1532,560244,17851145,26.87,26.96,26.62,26.83,0.09,279
2021-03-10,1532,645651,20492680,26.83,26.91,26.53,26.7,-0.13,265
2021-03-11,1532,315980,10066090,26.83,26.91,26.66,26.7,0.0,202
2021-03-12,1532,290870,9264549,26.91,26.91,26.7,26.79,0.09,160
2021-03-15,1532,250266,7972125,26.79,26.91,26.7,26.79,0.0,123
2021-03-16,1532,480099,15300398,26.79,26.91,26.7,26.87,0.08,190
2021-03-17,1532,314312,10012731,26.79,26.87,26.7,26.87,0.0,173
2021-03-18,1532,1043325,33367132,26.91,27.0,26.83,26.87,0.0,474
2021-03-19,1532,841500,26635524,26.87,26.87,26.41,26.7,-0.17,352
2021-03-22,1532,692481,21705245,26.66,26.66,26.2,26.58,-0.12,369
2021-03-23,1532,534522,16750198,26.58,26.58,26.24,26.28,-0.3,251
2021-03-24,1532,452468,14164497,26.32,26.41,26.28,26.32,0.04,254
2021-03-25,1532,349165,10995262,26.32,26.7,26.28,26.62,0.3,207
2021-03-26,1532,215387,6806379,26.66,26.7,26.41,26.62,0.0,155
2021-03-29,1532,447617,14211412,26.79,26.87,26.62,26.62,0.0,239
2021-03-30,1532,364942,11501555,26.62,26.66,26.41,26.62,0.0,206
2021-03-31,1532,2527523,81661233,26.66,27.54,26.66,27.25,0.63,1153
2021-04-01,1532,704087,22709658,27.38,27.42,26.91,27.21,-0.04,385
2021-04-06,1532,1099494,35770328,27.33,27.59,27.25,27.29,0.08,450
2021-04-07,1532,2376580,78379564,27.29,28.34,27.29,28.17,0.88,1133
2021-04-08,1532,2163067,73251234,28.43,28.76,28.22,28.72,0.55,973
2021-04-09,1532,2490176,86060463,28.85,29.44,28.76,28.89,0.17,1142
2021-04-12,1532,2080588,72484298,29.18,29.56,29.06,29.31,0.42,756
2021-04-13,1532,2664406,93098051,29.39,29.73,28.97,29.52,0.21,1066
2021-04-14,1532,2415946,84076412,29.56,29.81,28.64,29.31,-0.21,840
2021-04-15,1532,3388335,120987431,29.31,30.61,29.31,30.61,1.3,1317
2021-04-16,1532,3053609,112612904,31.03,31.29,30.45,30.99,0.38,1406
2021-04-19,1532,2564873,96094347,31.03,31.88,30.95,31.62,0.63,1136
2021-04-20,1532,1496203,56303310,31.88,31.88,31.29,31.71,0.09,800
2021-04-21,1532,3264510,125472932,31.71,32.76,31.54,32.63,0.92,1315
2021-04-22,1532,4521676,175026013,32.8,33.26,31.37,32.04,-0.59,1987
2021-04-23,1532,1747757,66827802,32.04,32.67,31.54,32.25,0.21,962
2021-04-26,1532,1707918,65482571,32.25,32.76,31.88,31.96,-0.29,806
2021-04-27,1532,1519525,58249129,31.96,32.55,31.79,32.42,0.46,727
2021-04-28,1532,846675,32552243,32.55,32.72,32.0,32.51,0.09,444
2021-04-29,1532,890099,34203643,32.59,32.63,32.13,32.38,-0.13,458
2021-05-03,1532,1748788,66123494,32.34,32.8,31.12,31.12,-1.26,980
2021-05-04,1532,2550613,90956410,31.54,31.54,28.17,30.32,-0.8,1103
2021-05-05,1532,1483781,55370126,30.49,31.96,30.28,31.33,1.01,728
2021-05-06,1532,964526,35611622,31.37,31.96,30.28,31.16,-0.17,449
2021-05-07,1532,941107,34625522,31.5,31.5,30.61,31.29,0.13,446
2021-05-10,1532,1005163,38007160,31.29,32.04,31.2,31.88,0.59,532
2021-05-11,1532,1565875,56967615,31.62,31.88,29.77,30.24,-1.64,840
2021-05-12,1532,2646753,89136812,29.69,29.86,27.25,28.17,-2.07,1220
2021-05-13,1532,1412092,46288192,27.67,28.47,26.96,27.5,-0.67,698
2021-05-14,1532,1391967,45666116,27.5,28.17,27.33,27.67,0.17,620
2021-05-17,1532,1926460,59066825,26.2,26.91,25.15,25.27,-2.4,922
2021-05-18,1532,1048245,33195439,25.32,27.29,25.32,27.21,1.94,482
2021-05-19,1532,584389,18703288,27.21,27.59,26.49,27.04,-0.17,291
2021-05-20,1532,568561,18003552,27.0,27.0,26.49,26.53,-0.51,287
2021-05-21,1532,458424,14703560,26.7,27.25,26.7,27.17,0.64,238
2021-05-24,1532,638046,20936932,27.17,27.92,27.04,27.8,0.63,296
2021-05-25,1532,821037,27129697,28.17,28.17,27.63,27.75,-0.05,360
2021-05-26,1532,260422,8568653,27.67,27.84,27.33,27.84,0.09,181
2021-05-27,1532,380513,12493775,27.92,27.92,27.42,27.54,-0.3,206
2021-05-28,1532,421268,13913160,27.59,28.09,27.59,27.67,0.13,222
2021-05-31,1532,546174,17656261,27.67,28.09,27.63,27.88,0.21,225
2021-06-01,1532,662490,22157580,28.13,28.43,27.71,28.3,0.42,308
2021-06-02,1532,295563,10025272,28.3,28.93,28.22,28.3,0.0,202
2021-06-03,1532,269839,9114952,28.85,28.85,28.26,28.34,0.04,195
2021-06-04,1532,326453,10956063,28.34,28.51,28.09,28.17,-0.17,173
2021-06-07,1532,779626,25557644,28.22,28.38,27.17,27.63,-0.54,344
2021-06-08,1532,211360,6924419,27.71,27.71,27.42,27.63,0.0,116
2021-06-09,1532,183451,6012559,27.63,27.67,27.42,27.63,0.0,111
2021-06-10,1532,188617,6206819,27.54,27.84,27.54,27.75,0.12,120
2021-06-11,1532,294440,9725830,27.75,27.88,27.59,27.71,-0.04,125
2021-06-15,1532,408661,13406929,27.84,27.84,27.5,27.59,-0.12,284
2021-06-16,1532,341169,11143570,27.59,27.75,27.38,27.46,-0.13,202
2021-06-17,1532,271665,8865528,27.54,27.63,27.38,27.42,-0.04,138
2021-06-18,1532,699479,22731336,27.38,27.46,27.17,27.46,0.04,292
2021-06-21,1532,757386,24383266,27.29,27.33,27.0,27.0,-0.46,340
2021-06-22,1532,507837,16414374,27.08,27.46,26.91,27.04,0.04,298
2021-06-23,1532,308851,9938877,27.17,27.25,26.91,27.17,0.13,187
2021-06-24,1532,403879,13264176,27.17,27.92,27.17,27.75,0.58,279
2021-06-25,1532,335569,11116795,28.05,28.05,27.67,27.67,-0.08,197
2021-06-28,1532,568027,18932755,27.67,28.47,27.5,28.43,0.76,284
2021-06-29,1532,640176,21647873,28.6,28.68,28.17,28.3,-0.13,294
2021-06-30,1532,1259257,43083624,28.47,29.1,28.38,28.64,0.34,647
2021-07-01,1532,922096,31617975,28.64,29.27,28.47,28.68,0.04,504
2021-07-02,1532,319092,10830878,28.89,28.89,28.17,28.17,-0.51,219
2021-07-05,1532,395599,13434171,28.38,28.85,28.38,28.47,0.3,200
2021-07-06,1532,401860,13716581,28.81,28.89,28.55,28.64,0.17,206
2021-07-07,1532,209808,7112353,28.64,28.76,28.43,28.55,-0.09,158
2021-07-08,1532,417350,14157485,28.72,28.76,28.38,28.51,-0.04,221
2021-07-09,1532,1306662,43525546,28.51,28.6,27.75,27.92,-0.59,548
2021-07-12,1532,624935,20445825,28.12,28.9,28.04,28.73,0.81,324
2021-07-13,1532,589650,19312927,28.51,28.77,28.3,28.34,-0.39,342
2021-07-14,1532,363145,11729573,28.34,28.34,27.82,28.08,-0.26,241
2021-07-15,1532,188635,6140701,28.08,28.43,28.08,28.3,0.22,126
2021-07-16,1532,172867,5596745,28.3,28.3,27.95,28.21,-0.09,123
2021-07-19,1532,239057,7753637,27.99,28.25,27.99,28.25,0.04,162
2021-07-20,1532,325345,10466419,27.99,28.08,27.86,27.99,-0.26,230
2021-07-21,1532,485830,15598217,28.04,28.17,27.69,27.69,-0.3,263
2021-07-22,1532,226311,7277302,27.86,27.99,27.82,27.95,0.26,168
2021-07-23,1532,281523,9119568,28.08,28.38,27.77,28.08,0.13,159
2021-07-26,1532,112454,3656157,28.08,28.38,28.08,28.21,0.13,81
2021-07-27,1532,414477,13437364,28.21,28.25,28.04,28.04,-0.17,209
2021-07-28,1532,827664,26357994,27.95,28.12,27.43,27.77,-0.27,316
2021-07-29,1532,253543,8144464,27.77,28.17,27.69,27.86,0.09,142
2021-07-30,1532,1068461,35484087,27.86,29.38,27.86,28.82,0.96,558
2021-08-02,1532,377597,12610450,28.77,29.25,28.77,28.99,0.17,231
2021-08-03,1532,249830,8292793,28.82,29.25,28.64,28.82,-0.17,152
2021-08-04,1532,1609549,55255380,28.82,30.16,28.82,30.03,1.21,780
2021-08-05,1532,659101,22801521,30.21,30.29,29.64,29.99,-0.04,437
2021-08-06,1532,489143,16815629,30.03,30.16,29.55,29.64,-0.35,348
2021-08-09,1532,465787,15697635,29.51,29.73,29.03,29.08,-0.56,259
2021-08-10,1532,311904,10565391,29.12,29.64,29.12,29.29,0.21,202
2021-08-11,1532,1114763,36839911,29.29,29.47,28.3,28.43,-0.86,478
2021-08-12,1532,236007,7788725,28.73,28.86,28.47,28.51,0.08,138
2021-08-13,1532,258885,8507082,28.38,28.77,28.38,28.43,-0.08,151
2021-08-16,1532,1052582,34253170,28.38,28.73,28.04,28.12,-0.31,471
2021-08-17,1532,300029,9744522,28.12,28.43,28.08,28.12,0.0,186
2021-08-18,1532,882724,28255227,27.82,28.17,27.51,28.12,0.0,374
2021-08-19,1532,817816,26128383,27.95,28.17,27.51,28.08,-0.04,428
2021-08-20,1532,970056,30547890,27.64,28.08,27.12,27.12,-0.96,590
2021-08-23,1532,787903,24706637,27.17,27.6,26.99,27.08,-0.04,446
2021-08-24,1532,466067,14499113,27.12,27.3,26.86,27.04,-0.04,240
2021-08-25,1532,514349,16277988,27.12,27.77,27.12,27.47,0.43,251
2021-08-26,1532,381664,11989209,27.34,27.56,27.12,27.21,-0.26,237
2021-08-27,1532,215317,6759445,27.04,27.43,27.04,27.25,0.04,165
2021-08-30,1532,361263,11546183,27.34,27.91,27.34,27.77,0.52,212
2021-08-31,1532,849813,27616135,27.6,28.64,27.6,28.56,0.79,520
2021-09-01,1532,5310727,186575186,29.9,31.33,29.42,31.12,2.56,3281
2021-09-02,1532,4791451,173890033,31.77,32.24,30.68,30.73,-0.39,2922
2021-09-03,1532,3935226,143098207,31.77,32.11,30.86,30.86,0.13,2133
2021-09-06,1532,1577962,55144800,30.38,30.9,29.86,30.03,-0.83,915
2021-09-07,1532,664357,23036082,30.03,30.47,29.77,30.12,0.09,492
2021-09-08,1532,808515,28046557,30.21,30.68,29.68,29.73,-0.39,561
2021-09-09,1532,2045544,72286922,30.03,31.16,29.94,30.38,0.65,1149
2021-09-10,1532,633942,22010434,30.38,30.47,29.81,30.25,-0.13,398
2021-09-13,1532,634474,22004004,30.38,30.68,29.73,29.99,-0.26,422
2021-09-14,1532,777487,26617282,30.03,30.29,29.51,29.6,-0.39,516
2021-09-15,1532,1043389,34986106,29.42,29.42,28.82,29.03,-0.57,588
2021-09-16,1532,775462,25693751,28.99,29.29,28.51,28.86,-0.17,401
2021-09-17,1532,1240004,41153677,28.86,29.25,28.47,28.47,-0.39,517
2021-09-22,1532,919663,29603101,28.12,28.34,27.73,27.82,-0.65,596
2021-09-23,1532,721336,23158232,28.08,28.17,27.73,27.77,-0.05,476
2021-09-24,1532,697041,22574566,27.86,28.47,27.86,28.12,0.35,341
2021-09-27,1532,652294,21057475,28.12,28.3,27.77,28.08,-0.04,371
2021-09-28,1532,533597,17122239,27.99,27.99,27.82,27.86,-0.22,323
2021-09-29,1532,895340,28395825,27.64,27.73,27.43,27.47,-0.39,512
2021-09-30,1532,615448,19519561,27.47,27.77,27.38,27.47,0.0,382
2021-10-01,1532,1198696,37386935,27.47,27.47,26.86,26.95,-0.52,685
2021-10-04,1532,619538,19114396,27.17,27.17,26.6,26.86,-0.09,373
2021-10-05,1532,670165,20444664,26.56,26.69,26.21,26.65,-0.21,419
2021-10-06,1532,652843,19892820,26.69,26.78,26.26,26.39,-0.26,398
2021-10-07,1532,467382,14417752,26.56,26.99,26.39,26.91,0.52,258
2021-10-08,1532,407719,12690068,27.08,27.21,26.78,27.04,0.13,259
2021-10-12,1532,772270,24531650,27.12,27.95,27.08,27.77,0.73,485
2021-10-13,1532,802120,25359090,28.21,28.21,26.99,27.08,-0.69,475
2021-10-14,1532,345346,10882928,27.08,27.6,27.08,27.43,0.35,214
2021-10-15,1532,381190,12145898,27.51,27.77,27.43,27.64,0.21,274
2021-10-18,1532,206578,6572628,27.77,27.91,27.43,27.69,0.05,153
2021-10-19,1532,259414,8302454,27.86,27.91,27.69,27.77,0.08,239
2021-10-20,1532,167258,5347197,27.99,27.99,27.64,27.64,-0.13,143
2021-10-21,1532,527956,17013305,27.77,28.17,27.73,28.04,0.4,298
2021-10-22,1532,450549,14586180,28.08,28.3,27.77,28.17,0.13,360
2021-10-25,1532,387567,12635691,28.38,28.51,28.17,28.21,0.04,289
2021-10-26,1532,244401,7938857,28.3,28.43,27.99,28.17,-0.04,193
2021-10-27,1532,230819,7442280,28.08,28.43,27.69,27.95,-0.22,164
2021-10-28,1532,200928,6457391,28.17,28.17,27.77,27.91,-0.04,147
2021-10-29,1532,188574,6030706,28.12,28.12,27.69,27.77,-0.14,182
2021-11-01,1532,230922,7435554,27.77,28.12,27.77,27.99,0.22,150
2021-11-02,1532,272516,8718633,28.08,28.12,27.64,27.69,-0.3,212
2021-11-03,1532,172778,5554596,28.04,28.04,27.69,27.91,0.22,117
2021-11-04,1532,283318,9163397,27.95,28.21,27.91,28.04,0.13,201
2021-11-05,1532,275437,8955524,28.47,28.47,27.91,28.12,0.08,209
2021-11-08,1532,480464,15741218,28.12,28.64,28.12,28.34,0.22,351
2021-11-09,1532,447824,14714357,28.34,28.64,28.34,28.51,0.17,220
2021-11-10,1532,447703,14841817,28.6,28.9,28.56,28.77,0.26,302
2021-11-11,1532,242439,8023739,28.82,28.9,28.51,28.56,-0.21,195
2021-11-12,1532,533891,17292813,28.43,28.43,27.82,27.91,-0.65,465
2021-11-15,1532,296707,9522653,28.21,28.21,27.69,27.77,-0.14,228
2021-11-16,1532,367939,11739053,27.73,27.95,27.56,27.82,0.05,244
2021-11-17,1532,145139,4664461,27.69,27.99,27.69,27.95,0.13,133
2021-11-18,1532,346162,11237014,28.04,28.34,27.95,28.21,0.26,180
2021-11-19,1532,140294,4532282,28.17,28.21,27.95,28.08,-0.13,81
2021-11-22,1532,308983,9870557,27.95,27.95,27.64,27.64,-0.44,284
2021-11-23,1532,176240,5607225,27.64,27.73,27.56,27.56,-0.08,153
2021-11-24,1532,180244,5783080,27.64,27.99,27.6,27.82,0.26,131
2021-11-25,1532,266484,8522553,27.77,27.91,27.64,27.69,-0.13,119
2021-11-26,1532,550805,17446501,27.69,27.73,27.34,27.51,-0.18,222
2021-11-29,1532,284228,8911337,27.51,27.51,26.91,27.38,-0.13,196
2021-11-30,1532,538305,17274498,27.56,28.08,27.56,27.86,0.48,223
2021-12-01,1532,374345,12115642,27.77,28.34,27.77,28.21,0.35,221
2021-12-02,1532,91100,2952369,28.34,28.34,27.99,28.04,-0.17,64
2021-12-03,1532,196104,6310955,28.08,28.17,27.77,27.95,-0.09,159
2021-12-06,1532,195440,6246461,27.77,27.99,27.64,27.82,-0.13,119
2021-12-07,1532,933095,30661596,27.91,28.69,27.91,28.64,0.82,500
2021-12-08,1532,371012,12254866,28.77,28.82,28.47,28.6,-0.04,242
2021-12-09,1532,254293,8357231,28.69,28.69,28.43,28.47,-0.13,138
2021-12-10,1532,174038,5675251,28.34,28.47,28.17,28.21,-0.26,120
2021-12-13,1532,205416,6719661,28.38,28.51,28.21,28.43,0.22,110
2021-12-14,1532,209738,6753125,28.08,28.34,27.77,27.86,-0.57,224
2021-12-15,1532,180191,5781290,27.86,27.95,27.69,27.82,-0.04,171
2021-12-16,1532,205810,6604440,27.86,27.95,27.77,27.86,0.04,184
2021-12-17,1532,296149,9492226,27.6,28.12,27.6,27.64,-0.22,202
2021-12-20,1532,154358,4993152,27.69,28.34,27.69,28.08,0.44,130
2021-12-21,1532,181824,5879084,28.04,28.25,27.82,28.25,0.17,117
2021-12-22,1532,95202,3086736,28.21,28.25,28.04,28.17,-0.08,95
2021-12-23,1532,119412,3876837,28.3,28.3,27.95,28.3,0.13,90
2021-12-24,1532,82568,2688517,28.25,28.34,28.21,28.3,0.0,62
2021-12-27,1532,184840,6016663,28.3,28.34,28.17,28.25,-0.05,116
2021-12-28,1532,162592,5292193,28.3,28.3,28.21,28.3,0.05,130
2021-12-29,1532,252425,8254602,28.3,28.6,28.21,28.47,0.17,204
2021-12-30,1532,539965,17826366,28.64,28.73,28.51,28.69,0.22,264
2022-01-03,1532,293660,9632043,28.77,28.77,28.34,28.38,-0.31,192
2022-01-04,1532,131048,4291303,28.3,28.6,28.3,28.38,0.0,137
2022-01-05,1532,171829,5613936,28.34,28.43,28.25,28.38,0.0,120
2022-01-06,1532,802014,26529332,28.25,29.08,28.17,29.08,0.7,468
2022-01-07,1532,847633,28249292,29.34,29.34,28.47,28.56,-0.52,537
2022-01-10,1532,1774455,60186978,28.56,29.81,28.56,29.77,1.21,968
2022-01-11,1532,1149444,38487730,29.94,29.94,28.6,28.69,-1.08,756
2022-01-12,1532,527562,17537772,28.73,29.08,28.73,28.86,0.17,422
2022-01-13,1532,616423,20627416,29.03,29.21,28.86,29.08,0.22,283
2022-01-14,1532,320542,10651011,29.12,29.12,28.69,28.86,-0.22,207
2022-01-17,1532,491292,16432208,28.86,29.21,28.82,29.08,0.22,204
2022-01-18,1532,350528,11751752,29.16,29.21,28.99,29.12,0.04,264
2022-01-19,1532,485721,16326018,29.12,29.29,29.03,29.08,-0.04,294
2022-01-20,1532,359493,12093132,29.12,29.38,28.99,29.34,0.26,219
2022-01-21,1532,1049299,35037468,29.21,29.34,28.82,28.9,-0.44,363
2022-01-24,1532,890263,29637283,28.73,29.12,28.64,29.08,0.18,387
2022-01-25,1532,812062,26817635,29.12,29.12,28.43,28.51,-0.57,500
2022-01-26,1532,278155,9212636,28.6,28.9,28.47,28.86,0.35,169
2022-02-07,1532,822231,27610115,28.86,29.42,28.69,29.38,0.52,468
2022-02-08,1532,1920769,66560510,29.55,30.29,29.51,30.07,0.69,952
2022-02-09,1532,1537752,54102268,30.25,30.73,30.21,30.73,0.66,756
2022-02-10,1532,849693,30356793,30.73,31.25,30.64,30.94,0.21,789
2022-02-11,1532,1413845,50816802,30.64,31.51,30.64,31.46,0.52,854
2022-02-14,1532,726063,25791678,31.16,31.16,30.51,30.64,-0.82,454
2022-02-15,1532,614809,21715368,30.55,30.94,30.51,30.55,-0.09,362
2022-02-16,1532,1385700,49992367,30.64,31.85,30.64,31.85,1.3,774
2022-02-17,1532,1051193,38213755,31.59,31.98,31.29,31.59,-0.26,637
2022-02-18,1532,439054,15852552,31.03,31.59,30.99,31.38,-0.21,209
2022-02-21,1532,462149,16883280,31.25,31.94,31.25,31.81,0.43,418
2022-02-22,1532,503619,18157154,31.59,31.59,31.07,31.25,-0.56,290
2022-02-23,1532,276027,9941195,31.25,31.38,31.07,31.33,0.08,268
2022-02-24,1532,990015,35043078,31.07,31.2,30.34,30.42,-0.91,879
2022-02-25,1532,731752,26125881,30.47,31.25,30.47,31.07,0.65,578
2022-03-01,1532,388748,14018419,31.33,31.46,31.07,31.25,0.18,212
2022-03-02,1532,380900,13703121,31.2,31.51,31.07,31.25,0.0,194
2022-03-03,1532,178043,6386549,31.16,31.29,31.03,31.12,-0.13,117
2022-03-04,1532,564782,20032787,30.9,30.99,30.68,30.81,-0.31,375
2022-03-07,1532,1095339,37887944,30.64,30.64,29.81,29.81,-1.0,488
2022-03-08,1532,749662,25510668,29.47,29.94,29.25,29.38,-0.43,350
2022-03-09,1532,276466,9461196,29.86,29.86,29.51,29.64,0.26,209
2022-03-10,1532,204860,7067189,29.77,30.12,29.77,29.99,0.35,135
2022-03-11,1532,134019,4619761,30.12,30.12,29.81,29.94,-0.05,182
2022-03-14,1532,190192,6538380,29.73,30.07,29.73,29.73,-0.21,152
2022-03-15,1532,337084,11433663,29.68,29.68,29.34,29.38,-0.35,160
2022-03-16,1532,386300,13016151,29.42,29.51,29.03,29.25,-0.13,201
2022-03-17,1532,293290,10100722,29.6,30.03,29.6,29.9,0.65,208
2022-03-18,1532,436470,14795005,29.64,29.94,29.16,29.16,-0.74,342
2022-03-21,1532,238096,8121694,29.34,29.81,29.34,29.6,0.44,242
2022-03-22,1532,118509,4035160,29.73,29.73,29.42,29.64,0.04,87
2022-03-23,1532,261213,8905795,29.68,29.73,29.42,29.64,0.0,156
2022-03-24,1532,481252,16385744,29.42,29.64,29.42,29.55,-0.09,178
2022-03-25,1532,199973,6838847,29.55,29.81,29.55,29.64,0.09,122
2022-03-28,1532,481268,16210102,29.47,29.47,29.03,29.34,-0.3,167
2022-03-29,1532,359888,12188863,29.34,29.51,29.29,29.34,0.0,120
2022-03-30,1532,365074,12394467,29.55,29.77,29.34,29.73,0.39,186
2022-03-31,1532,561715,19333457,29.81,30.03,29.73,29.77,0.04,286
2022-04-01,1532,1150559,39967624,29.99,30.55,29.6,30.51,0.74,597
2022-04-06,1532,311613,10847664,30.29,30.51,29.94,30.25,-0.26,293
2022-04-07,1532,441089,15333008,29.94,30.38,29.94,30.07,-0.18,271
2022-04-08,1532,297136,10273257,30.38,30.38,29.86,29.99,-0.08,133
2022-04-11,1532,368087,12769982,30.03,30.51,29.81,29.86,-0.13,236
2022-04-12,1532,391901,13373798,29.81,29.86,29.47,29.51,-0.35,218
2022-04-13,1532,331579,11396688,29.51,30.03,29.51,29.94,0.43,181
2022-04-14,1532,278553,9601880,29.94,30.03,29.81,29.9,-0.04,157
2022-04-15,1532,142337,4870617,29.94,29.94,29.6,29.6,-0.3,107
2022-04-18,1532,495240,16758459,29.6,29.64,29.25,29.25,-0.35,241
2022-04-19,1532,315733,10719206,29.42,29.6,29.25,29.55,0.3,194
2022-04-20,1532,194076,6597583,29.64,29.64,29.38,29.38,-0.17,152
2022-04-21,1532,133434,4522893,29.64,29.64,29.34,29.47,0.09,97
2022-04-22,1532,129171,4368922,29.47,29.47,29.21,29.34,-0.13,90
2022-04-25,1532,603225,19788676,29.08,29.08,28.12,28.34,-1.0,440
2022-04-26,1532,186953,6195199,28.6,28.9,28.56,28.86,0.52,135
2022-04-27,1532,290328,9535744,28.82,28.82,28.21,28.51,-0.35,167
2022-04-28,1532,153847,5056042,28.51,28.64,28.43,28.43,-0.08,115
2022-04-29,1532,98283,3231779,28.43,28.82,28.43,28.64,0.21,85
2022-05-03,1532,431001,14070532,28.64,28.64,28.25,28.47,-0.17,219
2022-05-04,1532,273267,8928156,28.47,28.47,28.3,28.43,-0.04,166
2022-05-05,1532,155392,5126334,28.56,28.73,28.56,28.56,0.13,101
2022-05-06,1532,313297,10169963,28.25,28.3,28.04,28.25,-0.31,178
2022-05-09,1532,272044,8731466,28.25,28.25,27.69,27.73,-0.52,178
2022-05-10,1532,386557,12137251,27.38,27.51,26.91,27.51,-0.22,268
2022-05-11,1532,179491,5632832,27.12,27.34,27.12,27.25,-0.26,130
2022-05-12,1532,387006,11996791,27.17,27.17,26.73,26.78,-0.47,265
2022-05-13,1532,207947,6477844,26.78,27.3,26.78,27.21,0.43,155
2022-05-16,1532,316484,9876586,26.99,27.34,26.95,27.17,-0.04,291
2022-05-17,1532,166868,5247986,27.17,27.51,27.12,27.34,0.17,147
2022-05-18,1532,169657,5370973,27.21,27.64,27.21,27.47,0.13,152
2022-05-19,1532,114393,3577953,27.12,27.25,27.08,27.21,-0.26,104
2022-05-20,1532,118324,3719186,27.21,27.43,27.12,27.43,0.22,115
2022-05-23,1532,106470,3384434,27.43,27.73,27.43,27.69,0.26,93
2022-05-24,1532,120889,3827293,27.69,27.69,27.3,27.34,-0.35,86
2022-05-25,1532,117329,3701721,27.56,27.56,27.3,27.47,0.13,111
2022-05-26,1532,287856,9235348,27.6,28.21,27.47,27.73,0.26,124
2022-05-27,1532,107413,3431275,27.77,27.95,27.6,27.64,-0.09,92
2022-05-30,1532,325026,10533075,28.04,28.51,27.86,27.99,0.35,181
2022-05-31,1532,218086,7020642,28.08,28.08,27.77,27.99,0.0,114
2022-06-01,1532,326268,10609640,27.91,28.47,27.91,28.12,0.13,165
2022-06-02,1532,128108,4143234,28.17,28.17,27.99,27.99,-0.13,66
2022-06-06,1532,196750,6352854,28.3,28.3,27.91,27.91,-0.08,116
2022-06-07,1532,411040,13372993,27.91,28.47,27.91,28.34,0.43,167
2022-06-08,1532,106250,3463172,28.34,28.38,28.12,28.25,-0.09,71
2022-06-09,1532,100020,3253103,28.04,28.43,28.04,28.38,0.13,80
2022-06-10,1532,222469,7302153,28.21,28.6,28.21,28.6,0.22,111
2022-06-13,1532,342004,11110482,28.04,28.51,28.04,28.3,-0.3,153
2022-06-14,1532,197679,6396242,28.38,28.47,27.95,27.99,-0.31,124
2022-06-15,1532,236850,7745875,28.12,28.56,28.12,28.47,0.48,164
2022-06-16,1532,198367,6439352,28.64,28.64,27.86,27.91,-0.56,144
2022-06-17,1532,598251,19129874,27.77,28.3,27.43,27.43,-0.48,248
2022-06-20,1532,294015,9273938,27.51,27.69,27.17,27.17,-0.26,167
2022-06-21,1532,248762,7976852,27.51,27.99,27.51,27.95,0.78,160
2022-06-22,1532,205366,6537526,27.77,27.77,27.51,27.69,-0.26,119
2022-06-23,1532,439000,14091400,27.73,28.21,27.51,27.82,0.13,205
2022-06-24,1532,346448,11195600,28.08,28.3,27.82,28.08,0.26,259
2022-06-27,1532,232897,7558691,28.3,28.3,27.95,28.25,0.17,160
2022-06-28,1532,88230,2846636,28.21,28.21,27.91,28.04,-0.21,66
2022-06-29,1532,115264,3707320,27.86,28.17,27.86,27.95,-0.09,112
2022-06-30,1532,323255,10276306,27.82,27.91,27.38,27.64,-0.31,209
2022-07-01,1532,332419,10474361,27.51,27.73,27.08,27.17,-0.47,227
2022-07-04,1532,276358,8654122,27.17,27.64,26.91,27.08,-0.09,205
2022-07-05,1532,307886,9752664,27.69,27.99,27.04,27.6,0.52,203
2022-07-06,1532,483538,15325222,27.6,27.86,27.17,27.21,-0.39,213
2022-07-07,1532,380249,11875322,27.21,27.51,26.78,27.08,-0.13,203
2022-07-08,1532,851370,26494580,27.08,27.51,26.78,26.95,-0.13,307
2022-07-11,1532,377899,11696998,27.25,27.34,26.73,26.73,-0.22,159
2022-07-12,1532,402801,12205714,26.73,26.73,26.08,26.13,-0.6,226
2022-07-13,1532,390827,11933099,26.3,26.6,26.3,26.43,0.3,256
2022-07-14,1532,296434,8477999,26.86,26.95,26.49,26.67,0.24,221
2022-07-15,1532,446736,12622864,26.67,26.67,26.25,26.3,-0.37,267
2022-07-18,1532,240649,6884667,26.35,27.0,26.35,26.81,0.51,155
2022-07-19,1532,507789,14925729,26.95,27.7,26.86,27.65,0.84,350
2022-07-20,1532,324356,9630512,27.65,27.98,27.32,27.37,-0.28,187
2022-07-21,1532,92154,2712070,27.46,27.6,27.28,27.56,0.19,89
2022-07-22,1532,123965,3626117,27.32,27.46,27.14,27.28,-0.28,202
2022-07-25,1532,541341,15858499,27.23,27.46,27.09,27.32,0.04,73
2022-07-26,1532,487121,14254203,27.46,27.46,27.14,27.28,-0.04,54
2022-07-27,1532,87277,2548008,27.28,27.32,27.18,27.18,-0.1,65
2022-07-28,1532,40234,1181078,27.28,27.51,27.18,27.42,0.24,31
2022-07-29,1532,133301,3921448,27.51,27.6,27.32,27.42,0.0,97
2022-08-01,1532,277918,8251201,27.37,27.98,27.32,27.6,0.18,170
2022-08-02,1532,197189,5758549,27.42,27.51,27.14,27.18,-0.42,114
2022-08-03,1532,262179,7568421,27.18,27.18,26.81,26.95,-0.23,167
2022-08-04,1532,221970,6354976,26.95,26.95,26.44,26.81,-0.14,153
2022-08-05,1532,98138,2861131,27.05,27.32,27.05,27.28,0.47,75
2022-08-08,1532,87233,2562589,27.23,27.46,27.23,27.46,0.18,60
2022-08-09,1532,119123,3519130,27.46,27.7,27.42,27.46,0.0,88
2022-08-10,1532,169619,5000842,27.32,27.6,27.32,27.56,0.1,85
2022-08-11,1532,58913,1741039,27.51,27.79,27.51,27.56,0.0,70
2022-08-12,1532,257029,7580621,27.6,27.65,27.42,27.6,0.04,118
2022-08-15,1532,265268,7870299,27.84,27.84,27.6,27.79,0.19,135
2022-08-16,1532,232685,6893009,27.79,27.79,27.51,27.6,-0.19,97
2022-08-17,1532,434303,12952796,27.79,28.16,27.56,27.88,0.28,158
2022-08-18,1532,419197,12515303,27.88,27.98,27.74,27.84,-0.04,187
2022-08-19,1532,359892,10735629,27.84,27.98,27.65,27.93,0.09,157
2022-08-22,1532,331797,9828345,27.65,27.88,27.37,27.6,-0.33,183
2022-08-23,1532,298664,8806081,27.51,27.6,27.37,27.6,0.0,111
2022-08-24,1532,149288,4431633,27.6,27.79,27.6,27.7,0.1,87
2022-08-25,1532,274903,8183222,27.79,27.93,27.65,27.84,0.14,96
2022-08-26,1532,140551,4207154,27.88,28.02,27.84,27.93,0.09,114
2022-08-29,1532,165623,4885066,27.37,27.6,27.37,27.51,-0.42,140
2022-08-30,1532,59016,1745273,27.51,27.7,27.46,27.65,0.14,48
2022-08-31,1532,79159,2355311,27.79,27.84,27.56,27.79,0.14,51
2022-09-01,1532,141077,4164925,27.56,27.84,27.42,27.7,-0.09,123
2022-09-02,1532,100207,2986820,27.84,27.88,27.7,27.79,0.09,79
2022-09-05,1532,166650,4934198,27.79,27.84,27.51,27.51,-0.28,111
2022-09-06,1532,159472,4681682,27.51,27.56,27.23,27.32,-0.19,83
2022-09-07,1532,166701,4851125,27.32,27.32,27.0,27.09,-0.23,146
2022-09-08,1532,53941,1579928,27.28,27.37,27.23,27.32,0.23,42
2022-09-12,1532,209125,6195398,27.32,27.7,27.32,27.65,0.33,87
2022-09-13,1532,322735,9628501,27.65,27.88,27.65,27.88,0.23,122
2022-09-14,1532,148543,4414239,27.32,27.79,27.32,27.65,-0.23,92
2022-09-15,1532,150143,4473611,27.51,27.93,27.51,27.84,0.19,103
2022-09-16,1532,97107,2880928,27.51,27.88,27.51,27.7,-0.14,76
2022-09-19,1532,87622,2593698,27.74,27.84,27.51,27.51,-0.19,91
2022-09-20,1532,111882,3300207,27.6,27.65,27.46,27.6,0.09,79
2022-09-21,1532,229934,6771656,27.6,27.74,27.32,27.32,-0.28,191
2022-09-22,1532,121760,3565271,27.37,27.51,27.23,27.23,-0.09,129
2022-09-23,1532,1420448,42117204,27.37,28.44,27.37,27.51,0.28,325
2022-09-26,1532,1060099,31240687,27.18,27.84,27.0,27.09,-0.42,455
2022-09-27,1532,911605,27262679,27.56,28.44,27.37,27.37,0.28,711
2022-09-28,1532,789950,23168143,27.37,27.88,26.91,27.05,-0.32,545
2022-09-29,1532,211459,6234597,27.37,27.74,27.32,27.32,0.27,187
2022-09-30,1532,400881,11836859,27.0,27.88,26.95,27.46,0.14,280
2022-10-03,1532,335227,9975306,27.42,27.98,27.32,27.93,0.47,241
2022-10-04,1532,601342,18268674,27.93,28.63,27.93,28.58,0.65,389
2022-10-05,1532,503685,15394888,29.1,29.14,28.16,28.4,-0.18,373
2022-10-06,1532,511495,15829786,28.12,29.19,28.12,29.0,0.6,395
2022-10-07,1532,386830,12046622,28.72,29.38,28.68,28.68,-0.32,394
2022-10-11,1532,460597,13728533,27.98,28.16,27.56,27.6,-1.08,367
2022-10-12,1532,358120,10521716,27.65,27.7,27.14,27.51,-0.09,270
2022-10-13,1532,609471,17640272,27.51,27.51,26.72,26.77,-0.74,422
2022-10-14,1532,410178,11934739,27.14,27.6,26.81,26.86,0.09,313
2022-10-17,1532,776824,21783252,26.44,26.58,25.88,26.07,-0.79,493
2022-10-18,1532,420653,11772956,26.44,26.44,25.93,26.35,0.28,280
2022-10-19,1532,355840,9973258,26.16,26.35,26.02,26.16,-0.19,294
2022-10-20,1532,1726198,47331563,26.11,26.11,25.09,26.02,-0.14,672
2022-10-21,1532,385358,10487104,25.83,25.83,25.18,25.37,-0.65,239
2022-10-24,1532,418333,11497676,25.51,25.93,25.37,25.6,0.23,300
2022-10-25,1532,559417,15171754,25.69,25.74,24.85,25.23,-0.37,416
2022-10-26,1532,252171,6802098,25.55,25.55,24.9,25.13,-0.1,170
2022-10-27,1532,196200,5331209,25.13,25.46,25.13,25.32,0.19,144
2022-10-28,1532,190271,5121094,25.55,25.55,24.95,24.95,-0.37,152
2022-10-31,1532,100205,2694949,25.09,25.23,24.99,24.99,0.04,83
2022-11-01,1532,119155,3213390,24.99,25.27,24.9,25.09,0.1,85
2022-11-02,1532,86056,2338117,25.18,25.41,25.18,25.37,0.28,75
2022-11-03,1532,114096,3081933,25.41,25.41,25.13,25.18,-0.19,82
2022-11-04,1532,90951,2456884,25.09,25.32,25.09,25.27,0.09,75
2022-11-07,1532,304924,8263362,25.41,25.41,25.13,25.32,0.05,207
2022-11-08,1532,287524,7780199,25.51,25.51,25.13,25.32,0.0,204
2022-11-09,1532,311807,8444434,25.32,25.46,25.18,25.18,-0.14,203
2022-11-10,1532,138208,3760742,25.18,25.46,25.18,25.37,0.19,104
2022-11-11,1532,260003,7145331,25.46,25.83,25.46,25.55,0.18,151
2022-11-14,1532,448604,12603062,25.93,26.58,25.83,26.16,0.61,277
2022-11-15,1532,329321,9281029,26.11,26.58,26.02,26.53,0.37,177
2022-11-16,1532,196810,5523590,26.25,26.53,25.97,26.07,-0.46,164
2022-11-17,1532,95412,2672624,26.02,26.35,26.02,26.16,0.09,72
2022-11-18,1532,91217,2561160,26.11,26.49,26.07,26.21,0.05,72
2022-11-21,1532,108149,3052161,26.25,26.44,26.16,26.3,0.09,76
2022-11-22,1532,175322,4962798,26.3,26.53,26.16,26.35,0.05,120
2022-11-23,1532,223085,6355269,26.35,26.77,26.3,26.63,0.28,124
2022-11-24,1532,336517,9687205,26.63,27.05,26.58,27.05,0.42,180
2022-11-25,1532,267606,7751109,27.05,27.18,26.91,26.95,-0.1,110
2022-11-28,1532,148142,4263042,26.67,27.0,26.67,27.0,0.05,100
2022-11-29,1532,240949,7053287,27.0,27.51,26.95,27.37,0.37,164
2022-11-30,1532,359178,10594502,27.46,27.7,27.18,27.7,0.33,215
2022-12-01,1532,453601,13419805,27.84,27.88,27.28,27.56,-0.14,277
2022-12-02,1532,186570,5510258,27.51,27.7,27.42,27.56,0.0,162
2022-12-05,1532,973213,29430243,27.56,28.63,27.56,28.26,0.7,454
2022-12-06,1532,479190,14296587,28.26,28.3,27.6,27.6,-0.66,314
2022-12-07,1532,234345,6956727,27.51,28.07,27.42,27.51,-0.09,161
2022-12-08,1532,140361,4144038,27.51,27.74,27.37,27.51,0.0,120
2022-12-09,1532,92525,2745336,27.7,27.79,27.51,27.7,0.19,82
2022-12-12,1532,209840,6223789,27.7,27.84,27.32,27.7,0.0,108
2022-12-13,1532,115881,3436558,27.84,27.84,27.46,27.6,-0.1,119
2022-12-14,1532,234145,6967508,27.6,27.93,27.6,27.65,0.05,173
2022-12-15,1532,161745,4779522,27.65,27.84,27.37,27.56,-0.09,122
2022-12-16,1532,452251,13179746,27.32,27.37,26.95,26.95,-0.61,384
2022-12-19,1532,169440,4885802,26.77,27.28,26.77,26.86,-0.09,131
2022-12-20,1532,494797,14113950,26.81,27.09,26.21,26.3,-0.56,275
2022-12-21,1532,178561,5066054,26.72,26.72,26.35,26.35,0.05,117
2022-12-22,1532,139562,3982500,26.67,26.77,26.3,26.67,0.32,113
2022-12-23,1532,119601,3401587,26.49,26.72,26.44,26.53,-0.14,104
2022-12-26,1532,113533,3236545,26.49,26.81,26.44,26.58,0.05,67
2022-12-27,1532,132319,3798187,26.86,26.95,26.63,26.63,0.05,91
2022-12-28,1532,83330,2381418,26.58,26.86,26.53,26.53,-0.1,75
2022-12-29,1532,450457,12818248,26.58,26.77,26.35,26.58,0.05,163
2022-12-30,1532,213290,6101055,26.58,27.18,26.58,26.77,0.19,151
2023-01-03,1532,182930,5235258,26.77,26.95,26.53,26.86,0.09,130
2023-01-04,1532,131594,3798186,26.95,27.05,26.81,27.05,0.19,99
2023-01-05,1532,148130,4286984,27.05,27.18,26.91,27.0,-0.05,110
2023-01-06,1532,130809,3769337,26.86,27.05,26.77,26.95,-0.05,132
2023-01-09,1532,370063,10799389,27.18,27.32,27.14,27.23,0.28,177
2023-01-10,1532,192375,5654009,27.23,27.51,27.23,27.46,0.23,115
2023-01-11,1532,352125,10401186,27.51,27.74,27.28,27.28,-0.18,192
2023-01-12,1532,236765,7003400,27.32,27.7,27.28,27.6,0.32,170
2023-01-13,1532,126494,3741268,27.42,27.65,27.42,27.6,0.0,99
2023-01-16,1532,397948,11842523,27.6,27.88,27.56,27.65,0.05,182
2023-01-17,1532,174540,5195079,27.84,27.84,27.6,27.65,0.0,78
2023-01-30,1532,548111,16333524,27.7,28.07,27.65,27.65,0.0,275
2023-01-31,1532,825149,24773231,27.7,28.21,27.7,27.98,0.33,336
2023-02-01,1532,449103,13575854,27.98,28.44,27.98,28.3,0.32,222
2023-02-02,1532,271191,8287991,28.4,28.58,28.3,28.54,0.24,202
2023-02-03,1532,387927,11894826,28.44,28.77,28.21,28.68,0.14,295
2023-02-06,1532,326437,9948218,28.68,28.77,28.21,28.26,-0.42,253
2023-02-07,1532,318219,9691434,28.44,28.49,28.26,28.35,0.09,220
2023-02-08,1532,716645,21911730,28.35,28.77,28.35,28.77,0.42,435
2023-02-09,1532,1603013,50265225,28.68,29.84,28.68,29.19,0.42,754
2023-02-10,1532,822092,25824189,29.0,29.61,28.86,29.52,0.33,508
2023-02-13,1532,416714,13070118,29.42,29.52,29.05,29.19,-0.33,315
2023-02-14,1532,489294,15243603,29.19,29.47,28.91,29.1,-0.09,180
2023-02-15,1532,265285,8305061,29.14,29.33,29.1,29.14,0.04,136
2023-02-16,1532,351955,11032087,29.14,29.38,29.1,29.38,0.24,185
2023-02-17,1532,355399,11197226,29.33,29.56,29.24,29.33,-0.05,174
2023-02-20,1532,393844,12428490,29.33,29.61,29.33,29.42,0.09,126
2023-02-21,1532,257410,8108008,29.42,29.47,29.28,29.42,0.0,114
2023-02-22,1532,900567,28545017,29.42,29.75,29.24,29.66,0.24,331
2023-02-23,1532,1799215,58381666,29.84,30.4,29.84,30.22,0.56,705
2023-02-24,1532,2265150,74655358,30.5,31.33,30.12,31.24,1.02,996
2023-03-01,1532,1126459,37637824,31.24,31.52,30.82,31.01,-0.23,639
2023-03-02,1532,456366,15221733,31.06,31.24,30.92,31.15,0.14,283
2023-03-03,1532,514625,17162406,31.43,31.43,30.96,31.06,-0.09,265
2023-03-06,1532,1200192,40952338,31.38,32.08,31.29,32.03,0.97,608
2023-03-07,1532,1876334,65577645,32.03,32.92,31.89,32.64,0.61,800
2023-03-08,1532,1099826,38361024,32.55,32.78,32.13,32.78,0.14,511
2023-03-09,1532,759460,26504789,32.92,32.92,32.36,32.45,-0.33,383
2023-03-10,1532,1170953,39923233,32.22,32.22,31.52,31.71,-0.74,739
2023-03-13,1532,799054,26993784,31.52,31.99,31.06,31.89,0.18,440
2023-03-14,1532,839602,28791993,31.89,32.36,31.47,31.71,-0.18,535
2023-03-15,1532,504502,17239798,31.71,32.03,31.52,31.8,0.09,245
2023-03-16,1532,697668,23553759,31.52,31.85,31.29,31.52,-0.28,363
2023-03-17,1532,2085371,72310883,31.43,32.69,31.38,32.64,1.12,827
2023-03-20,1532,2123095,75169407,32.69,33.25,32.69,33.11,0.47,1107
2023-03-21,1532,843629,29826692,33.01,33.34,32.73,32.87,-0.24,695
2023-03-22,1532,1112488,39032815,33.01,33.11,32.5,33.11,0.24,675
2023-03-23,1532,364853,12897305,32.73,33.11,32.73,32.92,-0.19,193
2023-03-24,1532,1131543,40277992,33.2,33.43,32.92,33.25,0.33,496
2023-03-27,1532,697295,24827610,33.43,33.43,33.11,33.2,-0.05,544
2023-03-28,1532,732667,25894543,33.25,33.25,32.83,32.83,-0.37,451
2023-03-29,1532,810210,28627599,33.06,33.39,32.69,32.78,-0.05,437
2023-03-30,1532,501246,17624952,32.92,32.97,32.69,32.73,-0.05,390
2023-03-31,1532,752491,26518012,32.78,33.11,32.69,33.11,0.38,526
2023-04-06,1532,368220,13033021,33.29,33.29,32.92,32.92,-0.19,273
2023-04-07,1532,369056,13012626,33.06,33.06,32.78,32.92,0.0,242
2023-04-10,1532,483914,17089315,32.92,33.11,32.83,32.83,-0.09,275
2023-04-11,1532,1309268,45947171,32.83,32.87,32.64,32.73,-0.1,575
2023-04-12,1532,2431484,87025034,32.92,33.85,32.78,33.62,0.89,1037
2023-04-13,1532,1058883,38246818,33.62,33.95,33.43,33.57,-0.05,654
2023-04-14,1532,744435,26759605,33.67,33.81,33.39,33.48,-0.09,379
2023-04-17,1532,511839,18405010,33.48,33.76,33.39,33.43,-0.05,297
2023-04-18,1532,789695,28013235,33.43,33.57,32.83,32.87,-0.56,533
2023-04-19,1532,455746,16055983,33.01,33.01,32.73,32.83,-0.04,313
2023-04-20,1532,1054262,36659258,32.83,32.92,32.17,32.22,-0.61,683
2023-04-21,1532,1089873,37152569,32.27,32.41,31.38,31.85,-0.37,607
2023-04-24,1532,417882,14414313,32.13,32.27,31.85,32.22,0.37,196
2023-04-25,1532,621631,21273894,32.5,32.55,31.47,31.61,-0.61,406
2023-04-26,1532,407328,13903771,31.61,32.22,31.57,32.08,0.47,238
2023-04-27,1532,121168,4150026,32.27,32.27,31.71,31.94,-0.14,104
2023-04-28,1532,204562,7020628,32.08,32.08,31.89,32.08,0.14,124
2023-05-02,1532,205698,7080709,32.17,32.27,31.99,32.08,0.0,168
2023-05-03,1532,304215,10415896,32.03,32.03,31.85,31.94,-0.14,147
2023-05-04,1532,272350,9308592,31.89,32.03,31.75,31.89,-0.05,176
2023-05-05,1532,139400,4776021,31.85,32.17,31.85,31.89,0.0,102
2023-05-08,1532,504690,17182548,31.89,31.89,31.66,31.8,-0.09,328
2023-05-09,1532,308762,10498534,31.8,31.89,31.57,31.85,0.05,207
2023-05-10,1532,178791,6082648,31.8,31.89,31.61,31.8,-0.05,138
2023-05-11,1532,610916,20544581,31.66,31.66,31.24,31.33,-0.47,412
2023-05-12,1532,349684,11713826,31.33,31.43,31.01,31.24,-0.09,231
2023-05-15,1532,502082,16742744,31.15,31.61,30.92,31.24,0.0,228
2023-05-16,1532,333790,11283763,31.43,31.66,31.33,31.57,0.33,253
2023-05-17,1532,523606,17848525,31.38,32.08,31.38,31.94,0.37,432
2023-05-18,1532,260500,8898786,31.94,32.08,31.71,31.8,-0.14,194
2023-05-19,1532,598129,20391593,31.8,32.27,31.52,31.61,-0.19,329
2023-05-22,1532,2722442,97003948,31.61,34.23,31.61,33.43,1.82,1336
2023-05-23,1532,1008387,35980574,33.34,33.48,32.64,33.43,0.0,624
2023-05-24,1532,543919,19338161,33.43,33.53,32.92,33.06,-0.37,349
2023-05-25,1532,458959,16145412,32.73,33.06,32.64,32.73,-0.33,280
2023-05-26,1532,751448,26133880,32.73,32.73,32.27,32.5,-0.23,486
2023-05-29,1532,469842,16332436,32.5,32.64,32.27,32.41,-0.09,349
2023-05-30,1532,299509,10407013,32.55,32.55,32.27,32.55,0.14,216
2023-05-31,1532,542557,18980538,32.55,32.83,32.41,32.55,0.0,275
2023-06-01,1532,256883,9012145,32.55,32.87,32.45,32.73,0.18,192
2023-06-02,1532,1553168,55535889,32.73,33.57,32.73,33.53,0.8,676
2023-06-05,1532,1935389,70773992,33.81,34.37,33.71,33.71,0.18,1042
2023-06-06,1532,798963,29000139,33.71,34.13,33.53,33.81,0.1,574
2023-06-07,1532,3030640,111775493,33.81,34.74,33.81,34.65,0.84,1307
2023-06-08,1532,1051297,38822902,34.55,34.79,34.18,34.27,-0.38,870
2023-06-09,1532,1625160,60277523,34.32,35.07,34.13,34.55,0.28,720
2023-06-12,1532,860607,31767871,34.6,34.6,34.23,34.27,-0.28,448
2023-06-13,1532,525286,19315017,34.41,34.51,34.18,34.27,0.0,301
2023-06-14,1532,365508,13399478,34.13,34.32,34.09,34.18,-0.09,290
2023-06-15,1532,588440,21419040,34.18,34.23,33.76,33.85,-0.33,450
2023-06-16,1532,391830,14248754,33.85,34.09,33.76,33.76,-0.09,266
2023-06-19,1532,269023,9734977,33.76,33.95,33.67,33.76,0.0,219
2023-06-20,1532,302429,10920050,33.76,33.81,33.57,33.57,-0.19,202
2023-06-21,1532,443007,15973116,33.57,33.81,33.57,33.71,0.14,265
2023-06-26,1532,1461865,53295405,33.71,34.51,33.53,34.13,0.42,715
2023-06-27,1532,634042,23158463,33.99,34.23,33.95,34.13,0.0,526
2023-06-28,1532,836423,30843482,34.13,34.74,34.04,34.27,0.14,428
2023-06-29,1532,871994,31941544,34.6,34.65,33.76,33.99,-0.28,477
2023-06-30,1532,359536,13153737,33.99,34.27,33.95,33.95,-0.04,282
2023-07-03,1532,1498208,55369000,34.13,34.65,34.13,34.41,0.46,749
2023-07-04,1532,495301,18294472,34.41,34.6,34.32,34.46,0.05,276
2023-07-05,1532,480327,17743351,34.37,34.6,34.32,34.41,-0.05,275
2023-07-06,1532,756382,27626555,34.23,34.41,33.9,33.9,-0.51,409
2023-07-07,1532,572345,20714060,33.95,33.99,33.57,33.81,-0.09,310
2023-07-10,1532,549681,20191969,33.9,34.41,33.85,34.37,0.56,299
2023-07-11,1532,2263752,84588520,34.88,34.97,34.65,34.83,0.46,1033
2023-07-12,1532,1014144,37871789,34.93,35.21,34.27,34.27,-0.56,606
2023-07-13,1532,886941,32461091,34.46,34.55,33.71,33.99,-0.28,626
2023-07-14,1532,921196,33454215,34.13,34.13,33.76,33.81,-0.18,535
2023-07-17,1532,1014865,35917296,34.14,34.29,33.95,34.19,0.38,563
2023-07-18,1532,1340014,46789170,34.19,34.34,33.42,33.66,-0.53,709
2023-07-19,1532,662386,23034133,33.47,34.0,33.37,33.47,-0.19,485
2023-07-20,1532,377715,13288194,33.57,34.24,33.42,34.14,0.67,255
2023-07-21,1532,962369,34768618,34.1,35.16,34.1,34.96,0.82,584
2023-07-24,1532,4732046,177182191,35.2,36.65,35.2,36.02,1.06,2429
2023-07-25,1532,1527179,57440494,36.07,36.65,35.98,36.22,0.2,831
2023-07-26,1532,861455,32350112,36.46,36.56,36.02,36.27,0.05,594
2023-07-27,1532,746996,28169072,36.56,36.6,36.27,36.36,0.09,467
2023-07-28,1532,2131881,81240541,36.6,37.09,36.46,36.51,0.15,1183
2023-07-31,1532,2637447,101395683,36.8,37.42,36.7,37.37,0.86,1685
2023-08-01,1532,2334799,90201102,37.62,37.81,36.99,37.18,-0.19,1469
2023-08-02,1532,3948994,153553105,37.33,38.0,37.09,37.47,0.29,1899
2023-08-04,1532,2187475,84424536,37.62,37.76,36.89,37.13,-0.34,1450
2023-08-07,1532,1904142,73576223,37.57,37.76,36.94,37.13,0.0,1286
2023-08-08,1532,2282005,88405683,37.23,37.81,36.99,37.33,0.2,1167
2023-08-09,1532,1824046,70003653,37.23,37.62,36.8,36.94,-0.39,1157
2023-08-10,1532,1690316,64219835,36.94,37.04,36.31,36.89,-0.05,1031
2023-08-11,1532,3005298,112364252,36.89,36.89,35.59,36.12,-0.77,1819
2023-08-14,1532,2728044,98280121,35.98,35.98,34.14,34.72,-1.4,1736
2023-08-15,1532,1341464,48459208,34.77,35.4,34.38,34.72,0.0,843
2023-08-16,1532,1229057,44359672,34.72,35.2,34.24,34.96,0.24,735
2023-08-17,1532,1766092,64957158,34.96,35.98,34.53,35.83,0.87,957
2023-08-18,1532,1955759,72016657,35.83,35.98,35.11,35.2,-0.63,1431
2023-08-21,1532,1939333,69308800,35.2,35.2,34.1,34.67,-0.53,1550
2023-08-22,1532,1177817,41770687,34.67,34.72,33.9,34.05,-0.62,894
2023-08-23,1532,1335187,46938726,34.05,34.38,33.52,34.19,0.14,892
2023-08-24,1532,693804,24588651,34.24,34.63,33.81,34.0,-0.19,685
2023-08-25,1532,810581,28700431,34.05,34.53,33.81,34.1,0.1,595
2023-08-28,1532,1317097,46126557,34.1,34.24,33.61,33.71,-0.39,958
2023-08-29,1532,731419,25988475,34.14,34.53,33.9,34.53,0.82,436
2023-08-30,1532,635467,22770235,34.67,34.92,34.29,34.58,0.05,473
2023-08-31,1532,569724,20387021,34.72,34.77,34.29,34.77,0.19,427
2023-09-01,1532,2056481,75572945,34.77,36.02,34.77,35.3,0.53,1108
2023-09-04,1532,1563368,57898012,35.59,35.98,35.3,35.74,0.44,1099
2023-09-05,1532,1444310,53822174,35.88,36.31,35.69,35.98,0.24,855
2023-09-06,1532,1474960,54509068,36.36,36.41,35.16,35.45,-0.53,1094
2023-09-07,1532,965081,35537221,35.64,35.83,35.01,35.35,-0.1,571
2023-09-08,1532,641176,23433125,35.35,35.49,35.01,35.3,-0.05,513
2023-09-11,1532,1503393,54852973,35.45,35.64,34.92,35.35,0.05,926
2023-09-12,1532,1077651,39743379,35.16,35.98,35.16,35.74,0.39,718
2023-09-13,1532,821238,30371009,35.88,35.98,35.45,35.78,0.04,611
2023-09-14,1532,698615,25889734,35.98,35.98,35.59,35.88,0.1,371
2023-09-15,1532,1271533,46690198,35.93,35.93,35.2,35.25,-0.63,790
2023-09-18,1532,616773,22600401,35.2,35.59,35.01,35.4,0.15,423
2023-09-19,1532,1042201,38275790,35.49,35.88,35.06,35.35,-0.05,545
2023-09-20,1532,822451,29886191,35.4,35.59,34.77,34.92,-0.43,728
2023-09-21,1532,1097804,39433607,34.92,35.2,34.34,34.48,-0.44,690
2023-09-22,1532,682043,24219469,34.24,34.53,34.1,34.24,-0.24,433
2023-09-25,1532,354029,12663258,34.43,34.67,34.38,34.53,0.29,273
2023-09-26,1532,1501437,52837596,34.38,34.38,33.76,33.76,-0.77,1005
2023-09-27,1532,412950,14577358,33.76,34.48,33.66,33.85,0.09,249
2023-09-28,1532,522535,18506535,33.85,34.43,33.85,34.24,0.39,246
2023-10-02,1532,462458,16563824,34.24,34.67,34.24,34.63,0.39,262
2023-10-03,1532,1670165,61140584,34.72,35.69,34.58,35.54,0.91,829
2023-10-04,1532,640106,23379119,35.45,35.45,35.06,35.3,-0.24,472
2023-10-05,1532,434422,15928627,35.59,35.59,35.16,35.45,0.15,237
2023-10-06,1532,519629,19104324,35.49,35.69,35.25,35.49,0.04,309
2023-10-11,1532,506029,18554689,35.83,35.83,35.01,35.16,-0.33,384
2023-10-12,1532,868125,31260795,35.16,35.16,34.53,34.77,-0.39,664
2023-10-13,1532,394289,14190815,34.72,35.06,34.53,34.67,-0.1,305
2023-10-16,1532,293506,10542631,34.53,34.92,34.38,34.63,-0.04,222
2023-10-17,1532,749938,26832884,34.58,35.01,34.34,34.34,-0.29,514
2023-10-18,1532,1252195,44587794,34.34,34.53,34.05,34.53,0.19,577
2023-10-19,1532,653446,23061003,34.14,34.34,33.95,34.0,-0.53,483
2023-10-20,1532,1046061,36580957,34.0,34.0,33.47,33.81,-0.19,709
2023-10-23,1532,391466,13792460,33.71,34.48,33.71,33.76,-0.05,312
2023-10-24,1532,380614,13313297,33.85,33.95,33.57,33.95,0.19,288
2023-10-25,1532,236700,8362029,33.95,34.19,33.81,34.05,0.1,190
2023-10-26,1532,419734,14715232,33.95,34.14,33.66,33.76,-0.29,325
2023-10-27,1532,251275,8824803,33.71,34.14,33.71,33.9,0.14,176
2023-10-30,1532,196896,6962199,33.95,34.34,33.95,34.19,0.29,175
2023-10-31,1532,758028,26836928,34.05,34.92,33.71,33.81,-0.38,474
2023-11-01,1532,524244,18348027,33.76,34.05,33.66,33.76,-0.05,297
2023-11-02,1532,466517,16561658,33.85,34.48,33.76,34.34,0.58,236
2023-11-03,1532,292499,10466177,34.34,34.77,34.34,34.48,0.14,180
2023-11-06,1532,323282,11632979,34.48,34.87,34.48,34.82,0.34,213
2023-11-07,1532,622620,22582576,34.92,35.16,34.67,35.11,0.29,276
2023-11-08,1532,543974,19791906,35.25,35.25,35.01,35.11,0.0,284
2023-11-09,1532,471564,17119397,35.11,35.2,34.87,35.11,0.0,268
2023-11-10,1532,271623,9792276,34.92,35.01,34.63,34.77,-0.34,278
2023-11-13,1532,588969,21094305,34.96,34.96,34.24,34.72,-0.05,386
2023-11-14,1532,525956,18916948,34.72,34.96,34.43,34.92,0.2,342
2023-11-15,1532,919196,33563969,34.96,35.4,34.77,35.3,0.38,578
2023-11-16,1532,893102,32758009,35.3,35.59,35.11,35.49,0.19,428
2023-11-17,1532,1848554,68888212,35.49,36.27,35.49,36.07,0.58,985
2023-11-20,1532,1364426,51011122,36.31,36.36,35.83,35.88,-0.19,706
2023-11-21,1532,1192718,44454158,36.02,36.27,35.59,36.22,0.34,703
2023-11-22,1532,1253734,47227573,36.12,36.46,35.88,36.31,0.09,584
2023-11-23,1532,1494127,56755944,36.51,36.94,36.36,36.56,0.25,1034
2023-11-24,1532,1861592,71201689,36.65,37.09,36.56,37.04,0.48,1056
2023-11-27,1532,3782969,147669062,37.13,38.15,37.13,37.57,0.53,2025
2023-11-28,1532,2430001,95686026,37.57,38.29,37.57,37.95,0.38,1327
2023-11-29,1532,1829434,72555820,38.1,38.48,37.91,38.24,0.29,1090
2023-11-30,1532,1200503,47469227,38.39,38.39,37.86,38.24,0.0,883
2023-12-01,1532,1727447,68702992,38.29,38.53,37.91,38.53,0.29,1055
2023-12-04,1532,1800445,72068643,38.87,38.87,38.34,38.73,0.2,1056
2023-12-05,1532,1349235,54091610,38.68,38.87,38.44,38.77,0.04,808
2023-12-06,1532,1970030,78523591,38.77,38.97,37.81,38.34,-0.43,1234
2023-12-07,1532,3107845,121388450,38.1,38.34,37.33,37.57,-0.77,1456
2023-12-08,1532,1154705,45112540,37.86,37.95,37.37,37.86,0.29,659
2023-12-11,1532,1345034,52089404,37.62,37.91,37.13,37.23,-0.63,837
2023-12-12,1532,868804,33456136,37.18,37.33,36.99,37.13,-0.1,519
2023-12-13,1532,1691998,66158134,37.13,38.1,36.94,37.91,0.78,928
2023-12-14,1532,1465686,57440726,38.05,38.24,37.28,37.52,-0.39,855
2023-12-15,1532,734900,28854585,37.86,38.1,37.52,37.91,0.39,464
2023-12-18,1532,851473,33386129,38.1,38.19,37.62,37.66,-0.25,582
2023-12-19,1532,888562,34702859,37.71,38.1,37.33,37.91,0.25,613
2023-12-20,1532,2579469,102348170,37.95,38.68,37.81,37.91,0.0,1321
2023-12-21,1532,791431,31149909,37.52,38.29,37.52,37.95,0.04,595
2023-12-22,1532,1989721,79334952,37.95,38.77,37.81,38.77,0.82,1102
2023-12-25,1532,2195712,89094024,38.92,39.55,38.82,38.97,0.2,1304
2023-12-26,1532,3375186,138341348,38.97,40.03,38.73,39.93,0.96,1845
2023-12-27,1532,4191705,175919080,39.93,40.9,39.55,40.41,0.48,3162
2023-12-28,1532,2265548,94612610,40.65,40.7,39.69,40.03,-0.38,1368
2023-12-29,1532,2126122,87994588,39.98,40.51,39.3,40.46,0.43,1244
2024-01-02,1532,1641693,69253302,40.46,40.94,40.22,40.65,0.19,865
2024-01-03,1532,1343766,56217791,40.51,40.85,39.79,40.03,-0.62,985
2024-01-04,1532,1153721,47599840,40.03,40.22,39.55,39.55,-0.48,774
2024-01-05,1532,1161412,47656699,39.45,39.98,39.4,39.55,0.0,724
2024-01-08,1532,3711000,155517540,39.59,41.23,39.45,40.17,0.62,1828
2024-01-09,1532,2278208,93701676,40.22,40.41,39.26,39.55,-0.62,1538
2024-01-10,1532,2975403,119890109,39.55,39.74,38.1,38.68,-0.87,1811
2024-01-11,1532,1274735,51153597,38.73,39.11,38.39,38.73,0.05,694
2024-01-12,1532,2113051,83901247,38.73,38.73,38.0,38.48,-0.25,1268
2024-01-15,1532,1058998,42770864,38.53,39.35,38.53,39.3,0.82,599
2024-01-16,1532,1832096,73314718,39.01,39.16,38.34,38.58,-0.72,1073
2024-01-17,1532,2450575,95750913,38.53,38.53,37.23,37.42,-1.16,1693
2024-01-18,1532,1433275,55166604,37.42,37.71,36.8,37.18,-0.24,1018
2024-01-19,1532,1228226,47400075,37.28,37.47,37.04,37.23,0.05,803
2024-01-22,1532,623838,24336307,37.33,37.81,37.33,37.62,0.39,459
2024-01-23,1532,972792,37699579,37.62,37.76,37.23,37.28,-0.34,602
2024-01-24,1532,1391215,54573410,37.47,38.24,36.94,38.05,0.77,919
2024-01-25,1532,858915,33560076,38.05,38.05,37.52,37.62,-0.43,695
2024-01-26,1532,552925,21659455,37.71,38.05,37.52,37.95,0.33,350
2024-01-29,1532,639759,25183770,37.91,38.1,37.86,38.05,0.1,389
2024-01-30,1532,806425,31547799,38.1,38.29,37.47,37.91,-0.14,842
2024-01-31,1532,546120,21456974,37.91,38.1,37.52,38.05,0.14,417
2024-02-01,1532,482742,18981766,38.1,38.19,37.71,37.81,-0.24,455
2024-02-02,1532,829586,32298530,38.05,38.05,37.28,37.47,-0.34,605
2024-02-05,1532,1176047,45289707,37.42,37.47,36.94,37.33,-0.14,699
2024-02-15,1532,1027257,40027913,37.33,37.86,37.18,37.76,0.43,569
2024-02-16,1532,1615783,62497368,37.42,37.62,37.09,37.47,-0.29,953
2024-02-19,1532,1289935,50247261,37.57,37.91,37.33,37.57,0.1,653
2024-02-20,1532,845649,32991432,37.76,37.76,37.57,37.62,0.05,512
2024-02-21,1532,762272,29638773,37.62,37.62,37.33,37.62,0.0,480
2024-02-22,1532,647095,25162271,37.66,37.66,37.42,37.57,-0.05,401
2024-02-23,1532,1585183,62462213,37.52,38.19,37.42,38.1,0.53,828
2024-02-26,1532,1696718,66293245,37.66,38.15,37.47,37.52,-0.58,995
2024-02-27,1532,969986,37502112,37.62,37.76,37.09,37.13,-0.39,650
2024-02-29,1532,895190,34711292,37.37,37.71,37.13,37.33,0.2,466
2024-03-01,1532,663614,25650762,37.33,37.52,37.13,37.42,0.09,445
2024-03-04,1532,1057292,41294489,37.47,38.05,37.47,37.52,0.1,584
2024-03-05,1532,668832,25975553,37.52,37.81,37.37,37.37,-0.15,478
2024-03-06,1532,5183140,206976103,37.47,39.06,37.47,38.68,1.31,2552
2024-03-07,1532,2371465,94874727,38.87,39.16,38.1,38.39,-0.29,1516
2024-03-08,1532,2190008,86025821,38.39,38.68,36.94,37.95,-0.44,1245
2024-03-11,1532,891555,34973791,38.19,38.19,37.52,37.76,-0.19,708
2024-03-12,1532,1386935,55249164,38.19,38.63,38.15,38.39,0.63,937
2024-03-13,1532,1479027,58044745,38.58,38.58,37.28,37.62,-0.77,1049
2024-03-14,1532,691197,26962826,37.66,37.91,37.47,37.62,0.0,460
2024-03-15,1532,8371959,307009167,37.28,37.28,34.67,35.25,-2.37,4562
2024-03-18,1532,3486785,125912749,34.82,35.49,34.34,35.35,0.1,1893
2024-03-19,1532,2321334,85551633,35.35,35.78,35.25,35.45,0.1,1398
2024-03-20,1532,1228242,44865697,35.45,35.59,35.06,35.3,-0.15,839
2024-03-21,1532,1033669,37833299,35.35,35.49,35.16,35.25,-0.05,717
2024-03-22,1532,1299587,47380801,35.25,35.35,34.96,35.16,-0.09,887
2024-03-25,1532,1274519,46851818,34.96,35.69,34.96,35.54,0.38,761
2024-03-26,1532,1108738,40619012,35.54,35.64,35.06,35.2,-0.34,842
2024-03-27,1532,1606198,59315855,35.25,35.78,35.25,35.49,0.29,888
2024-03-28,1532,2650682,99350740,35.88,36.36,35.88,36.02,0.53,1453
2024-03-29,1532,1222850,45456473,36.07,36.07,35.64,36.02,0.0,682
2024-04-01,1532,2597959,98070400,36.17,36.65,36.17,36.22,0.2,1323
2024-04-02,1532,1583334,58906105,36.27,36.27,35.69,36.07,-0.15,911
2024-04-03,1532,1567033,58962776,36.17,36.51,36.02,36.41,0.34,904
2024-04-08,1532,1651873,62555381,36.46,36.65,36.41,36.65,0.24,956
2024-04-09,1532,3609260,138867225,36.94,37.57,36.75,37.04,0.39,1511
2024-04-10,1532,2097606,81385375,37.18,37.62,37.09,37.52,0.48,1323
2024-04-11,1532,5343345,210254833,37.86,38.44,37.33,38.34,0.82,2749
2024-04-12,1532,10083516,415467978,38.77,40.41,38.68,39.88,1.54,5988
2024-04-15,1532,6627868,275890369,39.69,40.94,39.4,39.88,0.0,4899
2024-04-16,1532,5246358,211763490,39.93,39.93,38.39,38.77,-1.11,3318
2024-04-17,1532,8131837,338421867,39.55,40.8,39.4,40.27,1.5,4803
2024-04-18,1532,8362783,354575875,40.12,41.76,39.69,41.52,1.25,4708
2024-04-19,1532,10242550,427436303,41.28,41.38,38.73,40.65,-0.87,5356
2024-04-22,1532,11829708,507997119,41.33,42.87,39.88,40.7,0.05,6187
2024-04-23,1532,4590527,194628765,41.33,41.86,40.03,40.9,0.2,3169
2024-04-24,1532,6734746,293887075,41.62,42.68,41.18,41.86,0.96,4300
2024-04-25,1532,6918669,305042032,41.47,43.16,41.47,42.44,0.58,4048
2024-04-26,1532,9395540,417854828,43.16,43.31,42.2,42.58,0.14,4059
2024-04-29,1532,19741265,922480815,43.6,46.78,43.11,45.67,3.09,9337
2024-04-30,1532,10208881,478592938,44.8,46.25,43.79,45.81,0.14,5598
2024-05-02,1532,26913213,1368382178,45.81,50.35,45.81,50.35,4.54,12628
2024-05-03,1532,27665873,1460495984,49.96,53.92,47.74,53.53,3.18,14901
2024-05-06,1532,20206108,1086089158,53.92,54.69,50.15,51.41,-2.12,10924
2024-05-07,1532,30014952,1614665566,52.57,56.23,48.32,51.79,0.38,16758
2024-05-08,1532,12885726,662117523,51.41,52.18,48.42,49.19,-2.6,7218
2024-05-09,1532,8801996,441406803,49.58,49.96,47.02,47.02,-2.17,6187
2024-05-10,1532,8741590,432443785,47.7,48.9,46.68,46.92,-0.1,5416
2024-05-13,1532,5128901,252758419,47.74,48.23,46.54,47.55,0.63,3282
2024-05-14,1532,5075235,247390222,47.74,47.84,46.39,47.02,-0.53,3350
2024-05-15,1532,9982968,504327285,47.26,49.67,47.16,48.9,1.88,5465
2024-05-16,1532,13521809,702045572,49.09,51.22,48.42,49.77,0.87,7097
2024-05-17,1532,8854907,462996902,49.29,51.22,49.29,50.64,0.87,4932
2024-05-20,1532,5686399,297776858,51.31,51.41,49.77,50.44,-0.2,3356
2024-05-21,1532,3837722,199337622,50.44,50.73,49.48,50.35,-0.09,2267
2024-05-22,1532,5794350,296304262,50.35,50.44,48.52,49.58,-0.77,3590
2024-05-23,1532,9549748,475048701,49.19,49.19,47.12,47.74,-1.84,5074
2024-05-24,1532,3228014,159238869,47.74,48.03,47.02,47.6,-0.14,2086
2024-05-27,1532,3072676,151165412,47.6,47.84,46.88,47.41,-0.19,2015
2024-05-28,1532,3720481,187186500,47.55,49.19,47.45,48.13,0.72,1988
2024-05-29,1532,4454083,226687312,48.8,49.77,48.23,49.29,1.16,2815
2024-05-30,1532,4844664,246382284,49.58,49.77,48.23,48.71,-0.58,2866
2024-05-31,1532,9023972,471232134,48.42,51.31,48.42,49.96,1.25,4508
2024-06-03,1532,4477074,230964133,50.54,50.54,49.0,50.06,0.1,2963
2024-06-04,1532,7102360,372081441,50.35,51.02,50.06,50.54,0.48,4438
2024-06-05,1532,5425760,282974005,50.93,51.31,49.58,50.35,-0.19,3184
2024-06-06,1532,3489124,179183058,50.15,50.35,49.0,49.77,-0.58,2032
2024-06-07,1532,11670934,622355462,50.64,52.47,50.15,50.73,0.96,5733
2024-06-11,1532,8620733,441263975,51.31,51.6,48.03,48.52,-2.21,5479
2024-06-12,1532,4103412,204017922,48.23,48.52,47.55,48.03,-0.49,2734
2024-06-13,1532,3351455,167996162,48.23,49.09,47.94,48.52,0.49,2103
2024-06-14,1532,4503957,228900019,49.0,49.77,48.52,48.61,0.09,2909
2024-06-17,1532,4929701,243953539,48.61,49.09,47.31,47.65,-0.96,3259
2024-06-18,1532,2879892,143913412,47.65,49.19,47.36,47.74,0.09,1908
2024-06-19,1532,2881577,142685802,47.89,48.32,47.5,47.6,-0.14,1818
2024-06-20,1532,6950911,338821544,47.74,47.98,46.06,47.7,0.1,4541
2024-06-21,1532,4794639,232539921,47.7,47.7,46.44,46.54,-1.16,2896
2024-06-24,1532,2290562,110595428,46.73,47.07,46.3,46.59,0.05,1456
2024-06-25,1532,2172515,104509841,46.88,47.21,45.81,46.59,0.0,1613
2024-06-26,1532,3997771,190572770,46.68,46.83,45.72,45.86,-0.73,2394
2024-06-27,1532,2908193,136668108,45.72,45.86,45.04,45.19,-0.67,1982
2024-06-28,1532,3531990,165328317,45.19,45.72,44.85,45.24,0.05,1892
2024-07-01,1532,2432213,115191105,45.24,46.1,45.09,45.72,0.48,1441
2024-07-02,1532,2601890,121339998,45.81,45.81,44.61,44.8,-0.92,1928
2024-07-03,1532,1955525,90720288,44.9,45.09,44.61,44.66,-0.14,1205
2024-07-04,1532,2168910,100952118,44.66,45.33,44.56,44.61,-0.05,1465
2024-07-05,1532,1605267,74733625,44.75,45.09,44.66,44.99,0.38,1067
2024-07-08,1532,3157511,144684824,44.95,45.33,43.69,43.79,-1.2,2549
2024-07-09,1532,3599138,162080256,43.89,43.89,42.78,43.84,0.05,2327
2024-07-10,1532,4497213,209967637,43.98,45.72,43.98,45.04,1.2,2707
2024-07-11,1532,9525575,426164023,43.69,44.32,42.49,42.87,-2.17,6118
2024-07-12,1532,4264667,189233647,42.54,43.21,42.44,42.87,0.0,2661
2024-07-15,1532,6642685,303462021,43.02,44.8,42.73,44.17,1.3,3867
2024-07-16,1532,3807366,175395846,44.66,45.19,43.98,44.32,0.15,2580
2024-07-17,1532,3929555,181171160,44.42,44.95,44.17,44.32,0.0,2014
2024-07-18,1532,4759739,219492070,44.27,44.99,43.64,44.75,0.43,2243
2024-07-19,1532,3538167,161382392,44.99,45.09,43.5,43.69,-1.06,2507
2024-07-22,1532,4054970,178296811,43.55,43.55,41.67,42.78,-0.91,2047
2024-07-23,1532,3166720,141610135,42.92,43.4,42.82,43.02,0.24,1585
2024-07-26,1532,3917171,169954265,42.25,42.54,41.57,41.86,-1.16,1952
2024-07-29,1532,3727473,162020849,42.15,42.63,41.47,41.62,-0.24,1881
2024-07-30,1532,3184713,136982321,41.76,42.05,40.75,42.05,0.43,2048
2024-07-31,1532,1837624,79606425,41.96,42.1,41.43,41.96,-0.09,2089
2024-08-01,1532,3071879,137109513,42.05,43.6,42.0,43.55,1.59,1999
2024-08-02,1532,3328316,145527678,42.92,43.11,41.52,41.67,-1.88,2599
2024-08-05,1532,4297901,169715905,40.65,40.65,37.52,37.66,-4.01,2530
2024-08-06,1532,4347961,165891973,37.81,38.19,35.3,37.18,-0.48,2635
2024-08-07,1532,3618482,147968269,37.33,40.12,37.28,39.98,2.8,1967
2024-08-08,1532,1854843,75154839,39.64,39.64,38.68,38.73,-1.25,1264
2024-08-09,1532,1893700,78331191,39.35,40.36,39.35,39.55,0.82,1035
2024-08-12,1532,2855217,115038390,38.97,39.21,38.19,39.06,-0.49,1582
2024-08-13,1532,2890404,119629798,39.5,40.36,39.06,40.36,1.3,1542
2024-08-14,1532,4835935,201978754,40.8,40.85,39.69,39.88,-0.48,2532
2024-08-15,1532,2065093,86128834,39.88,40.51,39.88,39.98,0.1,1153
2024-08-16,1532,1846341,77075457,40.32,40.46,40.03,40.08,0.1,1031
2024-08-19,1532,1852897,77525339,40.12,40.61,39.98,40.27,0.19,1174
2024-08-20,1532,2787380,114503853,40.36,40.36,39.35,39.59,-0.68,1707
2024-08-21,1532,2275044,92350472,39.4,39.5,38.82,38.92,-0.67,1619
2024-08-22,1532,3989414,160462398,38.97,39.4,38.24,39.3,0.38,1966
2024-08-23,1532,1873295,74941036,39.21,39.21,38.39,38.82,-0.48,1083
2024-08-26,1532,1485863,59645240,38.87,39.06,38.58,38.58,-0.24,1034
2024-08-27,1532,1580338,63473972,38.63,38.97,38.39,38.97,0.39,880
2024-08-28,1532,2554509,102650046,39.06,39.11,38.44,38.87,-0.1,1497
2024-08-29,1532,1495693,58256213,38.8,39.15,38.7,39.05,0.18,937
2024-08-30,1532,1180860,46350778,39.1,39.45,38.85,39.45,0.4,750
2024-09-02,1532,1771465,68976812,39.45,39.55,38.65,38.75,-0.7,1298
2024-09-03,1532,1378685,53079336,38.8,38.95,38.25,38.4,-0.35,926
2024-09-04,1532,2203061,81059123,37.25,37.25,35.6,36.8,-1.6,1719
2024-09-05,1532,1293932,48327928,36.9,37.65,36.9,37.2,0.4,871
2024-09-06,1532,1886374,70575649,37.35,37.75,37.15,37.75,0.55,1074
2024-09-09,1532,1197119,44719773,36.7,37.85,36.65,37.7,-0.05,820
2024-09-10,1532,2228855,85269180,37.9,38.85,37.75,37.8,0.1,1551
2024-09-11,1532,857841,32186267,37.9,37.9,37.35,37.5,-0.3,589
2024-09-12,1532,1058183,40043662,37.9,38.2,37.5,37.8,0.3,653
2024-09-13,1532,1227917,47236798,37.95,38.65,37.95,38.6,0.8,814
2024-09-16,1532,1513589,58591775,38.7,39.0,38.55,38.65,0.05,781
2024-09-18,1532,2162776,84534648,38.95,39.4,38.8,38.8,0.15,1186
2024-09-19,1532,946186,36845192,38.9,39.2,38.6,39.2,0.4,651
2024-09-20,1532,4898937,184769624,38.25,38.4,37.25,37.4,-1.8,3020
2024-09-23,1532,3885277,148957855,37.35,38.85,37.35,38.85,1.45,1857
2024-09-24,1532,2233542,86105995,38.85,38.85,38.4,38.55,-0.3,1690
2024-09-25,1532,2081184,81313729,38.8,39.25,38.7,39.05,0.5,1241
2024-09-26,1532,1302974,50831391,39.2,39.25,38.8,38.9,-0.15,1020
2024-09-27,1532,1199269,46691981,39.1,39.15,38.75,38.9,0.0,1072
2024-09-30,1532,2377695,93820598,39.0,40.0,38.75,39.15,0.25,1474
2024-10-01,1532,1422957,54865875,39.2,39.2,38.4,38.5,-0.65,1081
2024-10-04,1532,1394400,53069534,38.6,38.6,37.8,38.1,-0.4,839
2024-10-07,1532,768804,29337814,38.3,38.4,38.0,38.2,0.1,512
2024-10-08,1532,1683532,63426758,38.3,38.3,37.45,37.5,-0.7,1074
2024-10-09,1532,2638064,97286393,37.6,37.6,36.4,36.5,-1.0,1572
2024-10-11,1532,1392332,50729987,36.7,36.8,36.15,36.5,0.0,865
2024-10-14,1532,784763,28899128,36.8,37.1,36.15,37.0,0.5,614
2024-10-15,1532,869012,32144597,37.1,37.25,36.75,36.9,-0.1,743
2024-10-16,1532,1018137,37742111,36.9,37.35,36.8,37.25,0.35,621
2024-10-17,1532,1082905,40674376,37.3,37.8,37.1,37.35,0.1,667
2024-10-18,1532,1493002,56187903,38.0,38.0,37.3,37.5,0.15,682
2024-10-21,1532,2047709,77517405,37.75,38.1,37.55,38.0,0.5,1076
2024-10-22,1532,907034,34394681,38.1,38.15,37.75,37.95,-0.05,874
2024-10-23,1532,1682635,63044980,38.0,38.0,37.2,37.2,-0.75,1123
2024-10-24,1532,723769,26956765,37.4,37.5,37.05,37.15,-0.05,527
2024-10-25,1532,842035,31291200,36.85,37.5,36.85,37.45,0.3,527
2024-10-28,1532,1798234,67232893,37.7,37.8,37.1,37.1,-0.35,1152
2024-10-29,1532,1071932,39678477,37.15,37.4,36.8,36.9,-0.2,579
2024-10-30,1532,695052,25603753,37.0,37.05,36.7,36.9,0.0,588
2024-11-01,1532,2228556,83769174,36.75,38.3,36.35,38.3,1.4,1175
2024-11-04,1532,974645,37047018,38.15,38.4,37.85,37.85,-0.45,951
2024-11-05,1532,1010210,38306611,37.85,38.3,37.65,37.7,-0.15,558
2024-11-06,1532,597213,22542561,37.8,37.95,37.6,37.8,0.1,405
2024-11-07,1532,1041344,39511140,37.8,38.15,37.8,38.1,0.3,593
2024-11-08,1532,1361975,51406865,38.2,38.2,37.25,37.4,-0.7,802
2024-11-11,1532,847509,31844686,37.5,37.9,37.1,37.8,0.4,583
2024-11-12,1532,1615908,59904133,37.5,37.7,36.7,37.05,-0.75,933
2024-11-13,1532,1202672,44306809,37.0,37.15,36.6,36.6,-0.45,842
2024-11-14,1532,9084815,315021517,36.0,36.0,33.8,33.95,-2.65,4454
2024-11-15,1532,6231984,213442635,34.35,35.05,33.9,34.05,0.1,2616
2024-11-18,1532,1490821,50921993,34.05,34.3,33.95,34.2,0.15,895
2024-11-19,1532,1649488,56308631,34.2,34.35,34.0,34.15,-0.05,838
2024-11-20,1532,2390091,80671583,34.15,34.2,33.55,33.65,-0.5,1465
2024-11-21,1532,1611310,54258179,33.7,34.0,33.3,33.85,0.2,849
2024-11-22,1532,1734981,59219573,33.9,34.45,33.9,33.9,0.05,1045
2024-11-25,1532,1029694,35183741,34.0,34.3,34.0,34.2,0.3,665
2024-11-26,1532,882659,30175829,34.3,34.4,33.9,34.15,-0.05,761
2024-11-27,1532,1666506,56191746,34.2,34.25,33.45,33.5,-0.65,948
2024-11-28,1532,1286177,42610696,33.6,33.6,32.9,33.0,-0.5,875
2024-11-29,1532,2057008,68385737,33.0,33.7,32.65,33.65,0.65,869
2024-12-02,1532,2008589,67711607,33.6,34.0,33.45,33.6,-0.05,976
2024-12-03,1532,1751515,58868236,33.85,34.05,33.3,33.35,-0.25,960
2024-12-04,1532,970738,32544299,33.55,33.75,33.35,33.4,0.05,661
2024-12-05,1532,1559571,52073483,33.6,33.7,33.2,33.25,-0.15,903
2024-12-06,1532,2520361,85599283,33.5,34.25,33.35,34.1,0.85,1161
2024-12-09,1532,2659792,90002428,34.3,34.4,33.55,33.55,-0.55,1245
2024-12-10,1532,1802540,59990563,33.55,33.65,33.1,33.1,-0.45,1086
2024-12-11,1532,851487,28364494,33.25,33.5,33.2,33.2,0.1,533
2024-12-12,1532,915392,30448708,33.3,33.45,33.1,33.2,0.0,503
2024-12-13,1532,2256465,73437734,33.2,33.2,32.3,32.35,-0.85,1367
2024-12-16,1532,2123248,69052122,32.5,33.05,32.0,32.0,-0.35,1003
2024-12-17,1532,2215368,70271114,32.0,32.0,31.5,31.5,-0.5,1245
2024-12-18,1532,1095565,34601484,31.6,31.85,31.25,31.5,0.0,664
2024-12-19,1532,1073909,33526971,31.6,31.6,31.0,31.15,-0.35,782
2024-12-20,1532,1414676,43987226,31.25,31.65,30.8,30.8,-0.35,1052
2024-12-23,1532,1157629,36204033,31.0,31.55,30.8,31.45,0.65,631
2024-12-24,1532,1030094,32700430,31.5,32.0,31.5,31.6,0.15,572
2024-12-25,1532,685170,21689610,31.8,31.85,31.5,31.65,0.05,456
2024-12-26,1532,982900,31267761,31.7,31.95,31.7,31.7,0.05,424
2024-12-27,1532,581019,18341234,31.8,31.8,31.4,31.6,-0.1,404
2024-12-30,1532,835664,26410802,31.7,31.8,31.5,31.5,-0.1,396
2024-12-31,1532,1525848,47287548,31.5,31.5,30.8,31.0,-0.5,895
