date,stock_id,Trading_Volume,Trading_money,open,max,min,close,spread,Trading_turnover
2010-01-04,6269,2453080,129252140,19.63,20.16,19.37,19.93,-0.26,915
2010-01-05,6269,3482927,183538986,20.01,20.12,19.37,19.63,-0.3,1061
2010-01-06,6269,3102708,162050299,19.63,19.97,19.26,19.45,-0.18,1073
2010-01-07,6269,3370265,171542769,19.3,19.52,18.81,18.85,-0.6,1153
2010-01-08,6269,2232359,112621699,18.85,19.15,18.51,19.07,0.22,732
2010-01-11,6269,4852693,257268862,19.07,20.12,18.96,20.01,0.94,1725
2010-01-12,6269,3227419,174204052,20.19,20.38,19.86,20.16,0.15,1238
2010-01-13,6269,2684703,141160445,20.16,20.16,19.41,19.75,-0.41,798
2010-01-14,6269,900636,47760453,19.75,19.97,19.75,19.78,0.03,438
2010-01-15,6269,3648798,197749150,19.78,20.53,19.78,20.01,0.23,1579
2010-01-18,6269,1309299,69066647,19.82,19.97,19.56,19.97,-0.04,600
2010-01-19,6269,2027224,107324635,20.01,20.12,19.6,19.71,-0.26,918
2010-01-20,6269,1388343,72288897,19.9,19.97,19.26,19.41,-0.3,730
2010-01-21,6269,949157,49101707,19.26,19.67,19.19,19.19,-0.22,496
2010-01-22,6269,1498774,75446629,19.07,19.22,18.51,18.92,-0.27,736
2010-01-25,6269,1636500,84899148,18.85,19.78,18.77,19.22,0.3,833
2010-01-26,6269,3577462,175508353,19.22,19.3,17.89,17.89,-1.33,1280
2010-01-27,6269,5091936,229013746,17.89,17.89,16.66,16.66,-1.23,1245
2010-01-28,6269,3512040,157066392,16.53,16.96,16.46,16.68,0.02,1468
2010-01-29,6269,3964213,172772272,15.71,16.79,15.71,16.53,-0.15,1265
2010-02-01,6269,2265180,96666414,16.53,16.53,15.41,15.48,-1.05,865
2010-02-02,6269,2543960,105016674,15.59,15.88,14.59,15.26,-0.22,1010
2010-02-03,6269,3193960,129319816,15.71,15.71,14.77,15.33,0.07,1196
2010-02-04,6269,2939013,123877699,15.33,16.04,15.15,15.82,0.49,1142
2010-02-05,6269,3695344,145947136,15.0,15.33,14.72,14.72,-1.1,931
2010-02-06,6269,3007520,112974224,14.77,14.92,13.69,14.04,-0.68,1064
2010-02-08,6269,2303000,89266700,14.04,14.88,13.84,14.64,0.6,1092
2010-02-09,6269,2706892,110915630,14.77,15.65,14.7,15.65,1.01,940
2010-02-10,6269,4343490,186835069,16.14,16.31,15.93,15.97,0.32,1565
2010-02-22,6269,1466538,63263275,16.34,16.34,16.01,16.08,0.11,559
2010-02-23,6269,700473,30061012,16.08,16.17,15.95,16.17,0.09,313
2010-02-24,6269,1101858,47747178,16.04,16.38,16.01,16.17,0.0,502
2010-02-25,6269,2619185,116258890,16.19,17.02,16.16,16.53,0.36,1158
2010-02-26,6269,956200,41888960,16.57,16.6,16.21,16.23,-0.3,404
2010-03-01,6269,893343,39770296,16.27,16.87,16.23,16.81,0.58,433
2010-03-02,6269,1345133,59936458,16.83,16.89,16.46,16.72,-0.09,652
2010-03-03,6269,1378589,60366676,16.68,16.68,16.16,16.64,-0.08,540
2010-03-04,6269,2198720,94838160,16.23,16.53,15.74,15.95,-0.69,1039
2010-03-05,6269,4121400,172277469,16.01,16.27,15.15,15.95,0.0,1522
2010-03-08,6269,3192058,139697422,15.97,16.64,15.95,16.34,0.39,1649
2010-03-09,6269,3664863,157139294,16.34,16.46,15.69,15.97,-0.37,1431
2010-03-10,6269,1980400,83902738,15.97,16.08,15.71,15.74,-0.23,879
2010-03-11,6269,1661120,70534325,15.78,16.08,15.78,15.89,0.15,705
2010-03-12,6269,1668306,71244094,16.23,16.27,15.71,15.97,0.08,692
2010-03-15,6269,1069120,45491374,15.97,16.12,15.82,15.82,-0.15,505
2010-03-16,6269,1328669,55716262,15.82,15.89,15.59,15.74,-0.08,516
2010-03-17,6269,4791564,209575996,15.82,16.57,15.78,16.42,0.68,1956
2010-03-18,6269,6717692,308238935,16.42,17.56,16.42,17.56,1.14,2641
2010-03-19,6269,7983929,383504623,17.65,18.25,17.65,17.88,0.32,2968
2010-03-22,6269,6429205,297069732,17.86,18.14,16.87,17.2,-0.68,2373
2010-03-23,6269,4035480,182351197,17.5,17.5,16.74,16.75,-0.45,1921
2010-03-24,6269,1893386,86353321,17.13,17.18,16.87,17.05,0.3,893
2010-03-25,6269,1530231,69189816,17.05,17.15,16.68,16.94,-0.11,610
2010-03-26,6269,2813520,129880408,16.94,17.46,16.94,17.09,0.15,1314
2010-03-29,6269,4591518,215256321,17.46,18.04,17.15,17.69,0.6,1750
2010-03-30,6269,2823277,134289755,17.88,18.12,17.43,17.43,-0.26,1080
2010-03-31,6269,7963032,390203220,17.46,18.64,17.46,18.51,1.08,2489
2010-04-01,6269,5056384,251104529,18.32,18.85,18.19,18.34,-0.17,1815
2010-04-02,6269,2691023,133994178,18.59,18.85,18.32,18.44,0.1,899
2010-04-06,6269,1828062,91426397,18.62,18.92,18.44,18.46,0.02,775
2010-04-07,6269,1386642,69062309,18.51,18.81,18.44,18.61,0.15,566
2010-04-08,6269,3482209,175638166,18.61,19.41,18.32,18.51,-0.1,1404
2010-04-09,6269,2552277,123581733,18.66,18.7,17.95,18.03,-0.48,951
2010-04-12,6269,1457440,69576381,18.14,18.25,17.6,17.78,-0.25,638
2010-04-13,6269,3248386,156474597,17.58,18.29,17.58,18.25,0.47,1085
2010-04-14,6269,3350320,161736338,18.44,18.51,17.75,18.12,-0.13,1181
2010-04-15,6269,1950402,93554443,18.18,18.32,17.76,17.86,-0.26,888
2010-04-16,6269,3048879,145710750,17.84,18.08,17.71,17.71,-0.15,1166
2010-04-19,6269,2373360,108534295,17.39,17.71,16.53,16.64,-1.07,1135
2010-04-20,6269,1387421,62585422,16.75,17.18,16.64,16.89,0.25,612
2010-04-21,6269,2076600,95377760,16.89,17.39,16.89,17.11,0.22,884
2010-04-22,6269,1089388,49467867,17.13,17.2,16.89,16.96,-0.15,555
2010-04-23,6269,2023720,91671600,17.13,17.13,16.83,16.85,-0.11,971
2010-04-26,6269,2379960,107485592,16.83,17.13,16.79,16.94,0.09,935
2010-04-27,6269,1523461,68747691,16.94,17.05,16.83,16.85,-0.09,559
2010-04-28,6269,1200000,52931250,15.97,16.75,15.97,16.55,-0.3,569
2010-04-29,6269,1964461,88794838,16.68,17.13,16.64,16.94,0.39,899
2010-04-30,6269,1901608,86658169,17.13,17.35,16.46,16.94,0.0,810
2010-05-03,6269,911000,40538650,16.87,16.87,16.29,16.83,-0.11,381
2010-05-04,6269,2366314,108154528,17.13,17.33,16.85,17.2,0.37,966
2010-05-05,6269,2038557,90521143,16.83,17.02,16.34,16.46,-0.74,753
2010-05-06,6269,1160122,50618896,16.46,16.68,16.01,16.01,-0.45,513
2010-05-07,6269,1887006,78244905,15.07,16.01,15.0,16.01,0.0,762
2010-05-10,6269,739120,32025380,16.08,16.44,15.89,16.34,0.33,413
2010-05-11,6269,6610280,306376319,16.75,17.48,16.57,17.45,1.11,2404
2010-05-12,6269,7124487,338546816,17.91,18.1,17.39,17.56,0.11,2777
2010-05-13,6269,10972600,533467326,17.95,18.38,17.84,18.16,0.6,3525
2010-05-14,6269,4363069,212964117,18.06,18.47,17.95,18.06,-0.1,1793
2010-05-17,6269,2544020,120123732,18.06,18.06,17.39,17.39,-0.67,1142
2010-05-18,6269,3187854,145828649,17.5,17.58,16.79,16.9,-0.49,1237
2010-05-19,6269,2837120,125717220,16.83,16.9,16.17,16.74,-0.16,1166
2010-05-20,6269,1547554,68901947,16.74,16.9,16.27,16.27,-0.47,721
2010-05-21,6269,3537800,144855329,15.37,15.63,15.15,15.26,-1.01,1249
2010-05-24,6269,3241880,131239418,15.33,15.48,14.98,15.02,-0.24,1316
2010-05-25,6269,3710031,140948357,14.77,14.77,13.97,13.97,-1.05,1354
2010-05-26,6269,10692440,381532374,13.97,14.1,13.0,13.95,-0.02,3576
2010-05-27,6269,7023660,261168650,13.63,14.36,13.46,14.1,0.15,2837
2010-05-28,6269,6526998,252960224,14.51,14.7,14.21,14.21,0.11,2614
2010-05-31,6269,5572120,218333081,14.32,14.96,14.32,14.96,0.75,2116
2010-06-01,6269,10313000,418784450,14.94,15.52,14.66,15.52,0.56,3357
2010-06-02,6269,6580120,267984815,15.37,15.56,14.7,14.7,-0.82,2557
2010-06-03,6269,6119898,243679048,15.03,15.11,14.75,14.79,0.09,2151
2010-06-04,6269,3464428,136661312,14.79,14.96,14.57,14.59,-0.2,1440
2010-06-07,6269,3619678,134812586,14.02,14.16,13.67,14.02,-0.57,1517
2010-06-08,6269,2710390,101842115,13.76,14.4,13.76,14.4,0.38,1239
2010-06-09,6269,3096499,117701861,14.4,14.72,13.8,13.87,-0.53,1395
2010-06-10,6269,2599469,96874541,14.02,14.17,13.67,13.95,0.08,1178
2010-06-11,6269,2371500,90644124,14.4,14.4,14.17,14.34,0.39,1068
2010-06-14,6269,1209011,46679175,14.47,14.68,14.3,14.34,0.0,528
2010-06-15,6269,1250072,48360847,14.42,14.66,14.32,14.4,0.06,719
2010-06-17,6269,1718600,66877189,14.45,14.66,14.45,14.51,0.11,946
2010-06-18,6269,4336400,172663408,14.7,15.09,14.47,14.88,0.37,1985
2010-06-21,6269,3035921,122610865,15.03,15.26,14.9,15.15,0.27,1278
2010-06-22,6269,2123140,84712772,15.11,15.15,14.75,14.85,-0.3,1082
2010-06-23,6269,1534511,60503129,14.77,14.85,14.62,14.68,-0.17,635
2010-06-24,6269,2849829,114269011,14.73,15.18,14.73,14.9,0.22,1163
2010-06-25,6269,2187423,84925550,14.68,14.85,14.29,14.38,-0.52,986
2010-06-28,6269,1226714,46830481,14.44,14.51,14.12,14.14,-0.24,629
2010-06-29,6269,1021800,38583789,14.27,14.36,13.95,14.01,-0.13,556
2010-06-30,6269,2773030,99204737,13.39,13.61,13.22,13.43,-0.58,1135
2010-07-01,6269,2859068,100512790,13.43,13.5,13.01,13.16,-0.27,1161
2010-07-02,6269,1851112,65317732,13.31,13.31,13.09,13.28,0.12,896
2010-07-05,6269,1941188,68543333,13.35,13.39,13.11,13.29,0.01,873
2010-07-06,6269,2934119,106911059,13.29,13.78,13.28,13.69,0.4,1423
2010-07-07,6269,2763000,102468300,13.78,14.06,13.69,14.01,0.32,1211
2010-07-08,6269,4193000,161130000,14.21,14.66,14.12,14.16,0.15,1653
2010-07-09,6269,5039841,196588919,14.34,14.77,14.34,14.47,0.31,1952
2010-07-12,6269,1577300,61083255,14.66,14.66,14.34,14.34,-0.13,696
2010-07-13,6269,1720818,65311020,14.55,14.55,13.95,13.99,-0.35,838
2010-07-14,6269,1472240,55773098,14.21,14.29,14.04,14.16,0.17,684
2010-07-15,6269,802567,30461016,14.16,14.34,14.1,14.16,0.0,386
2010-07-16,6269,739950,27818800,14.21,14.27,13.91,14.04,-0.12,371
2010-07-19,6269,540650,19972900,13.69,13.95,13.65,13.84,-0.2,295
2010-07-20,6269,1733120,65866646,13.86,14.32,13.86,14.21,0.37,749
2010-07-21,6269,2038666,78511223,14.44,14.66,14.21,14.36,0.15,937
2010-07-22,6269,1802680,69680911,14.55,14.62,14.34,14.36,0.0,865
2010-07-23,6269,5632692,220015156,14.59,14.77,14.32,14.64,0.28,2136
2010-07-26,6269,4387040,173180812,14.7,14.94,14.49,14.62,-0.02,1650
2010-07-27,6269,2077100,80638645,14.62,14.75,14.34,14.38,-0.24,871
2010-07-28,6269,962100,37026080,14.4,14.47,14.25,14.32,-0.06,433
2010-07-29,6269,1384897,52818026,14.32,14.44,14.16,14.16,-0.16,632
2010-07-30,6269,989249,37648761,14.16,14.4,14.12,14.12,-0.04,486
2010-08-02,6269,1102658,42137254,14.16,14.36,14.16,14.25,0.13,474
2010-08-03,6269,3486150,136099937,14.4,14.75,14.4,14.68,0.43,1449
2010-08-04,6269,7600290,305866200,14.92,15.22,14.83,15.0,0.32,3002
2010-08-05,6269,3579500,143299150,15.15,15.18,14.7,14.73,-0.27,1409
2010-08-06,6269,1708880,67699379,14.73,14.96,14.6,14.94,0.21,691
2010-08-09,6269,4643173,190201714,15.16,15.5,15.0,15.22,0.28,1798
2010-08-10,6269,4315428,176227062,15.33,15.45,15.13,15.33,0.11,1360
2010-08-11,6269,4080628,166410034,15.41,15.5,15.07,15.13,-0.2,1636
2010-08-12,6269,4104150,161530594,14.77,14.96,14.51,14.68,-0.45,1632
2010-08-13,6269,5832730,237490130,14.83,15.5,14.81,15.5,0.82,2273
2010-08-16,6269,10658276,463813289,15.67,16.59,15.67,16.59,1.09,3793
2010-08-17,6269,12871530,602680776,17.05,17.75,17.05,17.58,0.99,4455
2010-08-18,6269,7042885,328805960,17.75,17.88,16.94,17.24,-0.34,2791
2010-08-19,6269,5819040,271917904,17.39,17.88,17.2,17.41,0.17,2060
2010-08-20,6269,3831440,179272182,17.41,17.76,17.3,17.76,0.35,1447
2010-08-23,6269,7564328,358083137,17.95,17.99,17.46,17.5,-0.26,2767
2010-08-24,6269,8438288,378181569,17.72,18.69,17.72,18.12,0.62,3504
2010-08-25,6269,3858978,169343546,18.0,18.21,17.56,17.58,-0.54,1721
2010-08-26,6269,3801098,158771979,17.6,17.86,16.38,16.86,-0.72,1621
2010-08-27,6269,2606593,108164607,16.86,17.15,16.68,16.88,0.02,1191
2010-08-30,6269,5956490,256049716,17.07,17.96,16.97,17.6,0.72,2259
2010-08-31,6269,2728400,114918858,17.33,17.47,16.93,16.99,-0.61,1226
2010-09-01,6269,5011385,220965356,17.27,18.16,17.27,18.16,1.17,1782
2010-09-02,6269,4324782,206544378,19.38,19.42,19.38,19.42,1.26,1080
2010-09-03,6269,19991532,987099380,20.36,20.48,19.71,19.93,0.51,6665
2010-09-06,6269,17324000,881172892,20.2,21.29,19.81,21.29,1.36,6061
2010-09-07,6269,7534991,385359736,21.13,21.17,20.44,20.89,-0.4,3267
2010-09-08,6269,10625497,551422841,20.77,21.46,20.77,20.89,0.0,4081
2010-09-09,6269,5247460,266611214,21.13,21.21,20.16,20.16,-0.73,2489
2010-09-10,6269,5812702,284162033,20.56,20.64,19.3,19.67,-0.49,2343
2010-09-13,6269,5354958,270306974,19.99,21.01,19.83,21.01,1.34,2202
2010-09-14,6269,11781304,625779655,21.13,21.94,21.13,21.33,0.32,4660
2010-09-15,6269,4791700,253486400,21.54,21.94,21.13,21.21,-0.12,2304
2010-09-16,6269,6003499,317418695,21.5,21.82,21.17,21.21,0.0,2717
2010-09-17,6269,3914322,206158444,21.7,21.7,21.13,21.17,-0.04,1769
2010-09-20,6269,3122150,160908810,21.33,21.46,20.48,20.72,-0.45,1447
2010-09-21,6269,2549905,130848501,21.01,21.21,20.6,20.6,-0.12,1184
2010-09-23,6269,10044787,535707651,20.77,22.03,20.77,22.03,1.43,3856
2010-09-24,6269,9753385,535348961,22.03,22.72,21.94,22.03,0.0,3910
2010-09-27,6269,7171764,392410370,22.63,22.96,20.93,21.74,-0.29,3146
2010-09-28,6269,1919604,101083849,21.13,21.74,21.13,21.33,-0.41,933
2010-09-29,6269,2441671,129089226,21.54,21.74,21.33,21.33,0.0,1092
2010-09-30,6269,3621983,195452398,21.37,22.35,21.37,21.46,0.13,1746
2010-10-01,6269,1476755,78103253,21.54,21.78,21.21,21.62,0.16,1177
2010-10-04,6269,6406043,325827187,21.74,21.98,20.12,20.2,-1.42,3045
2010-10-05,6269,3292802,164035651,19.99,20.72,19.75,20.72,0.52,1866
2010-10-06,6269,4457575,221447178,21.01,21.09,19.59,19.97,-0.75,2281
2010-10-07,6269,4502305,226565794,19.97,20.85,19.75,20.64,0.67,2417
2010-10-08,6269,3486749,178162184,21.13,21.13,20.44,20.72,0.08,1739
2010-10-11,6269,1609725,81691803,20.93,21.01,20.4,20.4,-0.32,1000
2010-10-12,6269,3886634,190814690,20.4,20.64,19.59,20.07,-0.33,1998
2010-10-13,6269,1805764,89288171,20.12,20.28,19.81,20.2,0.13,1096
2010-10-14,6269,2892959,142942960,20.4,20.52,19.91,19.99,-0.21,1135
2010-10-15,6269,8126142,380231873,19.71,19.93,18.61,19.02,-0.97,3376
2010-10-18,6269,4587370,206266122,18.88,18.98,17.88,18.16,-0.86,1713
2010-10-19,6269,3208165,146601273,18.16,18.81,17.96,18.61,0.45,1508
2010-10-20,6269,3727700,176110097,18.69,19.63,18.35,19.46,0.85,1838
2010-10-21,6269,2706082,130723288,19.51,19.89,19.34,19.75,0.29,1379
2010-10-22,6269,2878415,141110505,20.12,20.12,19.75,20.05,0.3,1189
2010-10-25,6269,1766202,86869299,20.05,20.12,19.75,20.03,-0.02,867
2010-10-26,6269,2170949,107480005,20.03,20.24,19.83,20.16,0.13,1082
2010-10-27,6269,3979998,189788534,19.87,20.16,18.94,19.08,-1.08,1895
2010-10-28,6269,2357673,111632582,19.26,19.44,18.98,19.26,0.18,1301
2010-10-29,6269,2104163,100955424,19.22,19.65,19.22,19.51,0.25,957
2010-11-01,6269,1674267,80579566,19.79,19.79,19.3,19.59,0.08,799
2010-11-02,6269,1310026,62172372,19.59,19.69,19.14,19.22,-0.37,695
2010-11-03,6269,2815585,129023886,19.22,19.42,18.29,18.65,-0.57,1140
2010-11-04,6269,895541,41136466,18.65,18.94,18.53,18.63,-0.02,612
2010-11-05,6269,2021227,92115982,18.9,18.9,18.21,18.86,0.23,1034
2010-11-08,6269,796597,36223665,18.86,18.86,18.31,18.37,-0.49,530
2010-11-09,6269,1623264,73667880,18.37,18.57,18.25,18.37,0.0,784
2010-11-10,6269,2012805,92235930,18.69,18.86,18.33,18.65,0.28,943
2010-11-11,6269,5120535,245940740,18.77,19.95,18.77,19.95,1.3,2338
2010-11-12,6269,8880446,438691486,19.99,20.26,19.75,19.99,0.04,2933
2010-11-15,6269,2668851,129251730,19.91,20.07,19.18,19.26,-0.73,1291
2010-11-16,6269,1777758,82904938,18.69,19.26,18.65,18.92,-0.34,996
2010-11-17,6269,1250691,58708227,18.92,19.18,18.81,19.1,0.18,674
2010-11-18,6269,1379133,65498901,19.22,19.46,19.14,19.28,0.18,636
2010-11-19,6269,4172209,204077283,19.51,20.22,19.34,19.71,0.43,1904
2010-11-22,6269,9727426,492797906,19.81,21.01,19.81,20.89,1.18,4059
2010-11-23,6269,7653962,398209981,21.01,21.33,20.81,21.09,0.2,3542
2010-11-24,6269,3494268,180235168,21.01,21.17,20.77,20.85,-0.24,1637
2010-11-25,6269,7134012,377817368,21.13,21.86,20.93,21.33,0.48,3574
2010-11-26,6269,4582748,241112874,21.54,21.62,20.97,21.01,-0.32,2215
2010-11-29,6269,3800561,201299833,21.46,21.78,21.13,21.66,0.65,2008
2010-11-30,6269,5799846,313905262,21.66,22.55,21.46,21.74,0.08,2970
2010-12-01,6269,2322957,123241909,21.74,21.9,21.37,21.58,-0.16,1249
2010-12-02,6269,9939540,540136995,21.94,22.63,21.54,21.74,0.16,4148
2010-12-03,6269,2462056,131520838,21.74,21.94,21.54,21.58,-0.16,1046
2010-12-06,6269,1166195,61872435,21.7,21.74,21.42,21.66,0.08,672
2010-12-07,6269,1861557,97342378,21.54,21.66,21.05,21.05,-0.61,1132
2010-12-08,6269,1315478,68445990,21.09,21.29,20.97,21.25,0.2,772
2010-12-09,6269,4357998,234461571,21.37,22.31,21.37,21.86,0.61,2123
2010-12-10,6269,15537015,880096573,21.82,23.37,21.58,23.37,1.51,5144
2010-12-13,6269,10954530,633423397,23.81,23.98,23.0,23.45,0.08,4559
2010-12-14,6269,4925920,299581176,23.81,25.07,23.81,25.07,1.62,1934
2010-12-15,6269,8508471,508845943,25.28,25.28,23.41,23.81,-1.26,3702
2010-12-16,6269,3914402,230505322,23.61,24.22,23.49,23.81,0.0,1935
2010-12-17,6269,5070738,301082933,23.81,24.5,23.77,23.85,0.04,2116
2010-12-20,6269,4666990,271118704,24.1,24.1,23.16,23.85,0.0,1705
2010-12-21,6269,1890056,110368554,23.98,24.02,23.45,23.77,-0.08,898
2010-12-22,6269,3854039,227383460,23.98,24.38,23.69,23.73,-0.04,1981
2010-12-23,6269,3164938,184399232,23.94,24.06,23.41,23.41,-0.32,1595
2010-12-24,6269,3855014,218355172,23.33,23.33,22.76,22.8,-0.61,1754
2010-12-27,6269,2787179,153467032,22.76,22.8,22.19,22.19,-0.61,1331
2010-12-28,6269,3527754,196088909,22.27,22.96,22.23,22.35,0.16,1567
2010-12-29,6269,3089105,167372068,22.76,22.84,21.58,21.94,-0.41,1473
2010-12-30,6269,2643540,141456231,21.62,22.03,21.58,21.74,-0.2,1298
2010-12-31,6269,3022158,164336166,22.03,22.47,21.82,22.15,0.41,1392
2011-01-03,6269,2989555,159259615,22.31,22.35,21.42,21.54,-0.61,1127
2011-01-04,6269,2160045,116169926,21.74,22.07,21.66,21.98,0.44,984
2011-01-05,6269,2753765,148259714,22.07,22.31,21.54,21.58,-0.4,1268
2011-01-06,6269,2010881,107506350,21.54,21.98,21.54,21.74,0.16,776
2011-01-07,6269,3036974,165539178,21.9,22.39,21.86,22.15,0.41,1574
2011-01-10,6269,2121508,115226576,22.35,22.43,21.74,22.07,-0.08,861
2011-01-11,6269,10875824,623662454,22.27,23.61,22.27,23.61,1.54,3490
2011-01-12,6269,9785048,571206359,23.77,23.94,23.37,23.61,0.0,3769
2011-01-13,6269,7157717,423878288,23.94,24.59,23.41,23.41,-0.2,3164
2011-01-14,6269,5297973,310850202,23.57,24.06,23.45,23.81,0.4,2445
2011-01-17,6269,9584541,574993511,24.02,24.95,23.81,24.22,0.41,4050
2011-01-18,6269,3846260,228551240,24.22,24.59,23.94,23.98,-0.24,1772
2011-01-19,6269,7152609,429320955,24.3,24.87,23.94,23.94,-0.04,2959
2011-01-20,6269,4004450,229229227,23.94,23.94,22.72,22.88,-1.06,1948
2011-01-21,6269,2617153,147993511,22.76,23.24,22.68,22.88,0.0,1430
2011-01-24,6269,986438,55665498,22.96,23.12,22.72,22.92,0.04,543
2011-01-25,6269,1119313,63693845,23.12,23.28,22.92,23.0,0.08,585
2011-01-26,6269,1932791,110737303,23.16,23.53,23.08,23.2,0.2,906
2011-01-27,6269,2945802,172031862,23.57,23.98,23.33,23.98,0.78,1460
2011-01-28,6269,4646757,278156377,24.14,24.67,23.77,23.85,-0.13,2330
2011-02-08,6269,1715005,100715386,24.5,24.5,23.41,23.73,-0.12,930
2011-02-09,6269,2771925,163064184,23.57,24.14,23.53,23.94,0.21,1324
2011-02-10,6269,2359631,140153656,23.94,24.46,23.77,23.98,0.04,1185
2011-02-11,6269,3334978,193038256,23.77,24.3,22.47,22.84,-1.14,1786
2011-02-14,6269,2475319,141364310,22.92,23.41,22.92,23.24,0.4,1230
2011-02-15,6269,3016172,172878916,23.28,23.57,22.92,23.16,-0.08,1463
2011-02-16,6269,2259593,129596114,23.16,23.57,23.08,23.37,0.21,1115
2011-02-17,6269,2637622,148790264,23.2,23.49,22.68,22.84,-0.53,1291
2011-02-18,6269,2000541,113784223,22.88,23.33,22.84,23.16,0.32,1024
2011-02-21,6269,3403707,189165245,23.37,23.37,22.23,22.68,-0.48,1767
2011-02-22,6269,7193929,378685734,22.07,22.19,21.09,21.37,-1.31,3014
2011-02-23,6269,2839451,146188005,20.77,21.25,20.72,20.81,-0.56,1290
2011-02-24,6269,1648280,86204539,20.97,21.46,20.93,21.25,0.44,937
2011-02-25,6269,4821609,262737151,21.58,22.68,21.37,22.59,1.34,2215
2011-03-01,6269,2127434,118270104,22.88,22.88,22.39,22.55,-0.04,1134
2011-03-02,6269,2890010,158494940,22.23,22.55,22.03,22.07,-0.48,1152
2011-03-03,6269,9330892,530783313,22.43,23.61,22.27,23.33,1.26,3899
2011-03-04,6269,13480034,800549666,23.73,24.71,23.69,23.69,0.36,5632
2011-03-07,6269,4195640,246602135,23.77,24.3,23.61,23.77,0.08,2056
2011-03-08,6269,3015017,173362475,23.77,23.98,23.2,23.37,-0.4,1597
2011-03-09,6269,2321241,134030030,23.85,23.85,23.24,23.41,0.04,1266
2011-03-10,6269,2260765,128489357,23.49,23.61,22.88,23.28,-0.13,991
2011-03-11,6269,2539821,142444867,22.68,23.12,22.68,23.0,-0.28,1176
2011-03-14,6269,2385526,129755119,23.0,23.0,21.74,22.23,-0.77,1380
2011-03-15,6269,4187722,216312622,21.94,22.03,20.68,20.68,-1.55,1891
2011-03-16,6269,3252306,166172589,20.85,21.25,19.95,21.17,0.49,1513
2011-03-17,6269,3263702,167271983,20.32,21.58,19.95,21.54,0.37,1445
2011-03-18,6269,6658354,367106145,21.94,22.92,21.86,22.63,1.09,2617
2011-03-21,6269,3337470,188264523,22.76,23.33,22.35,22.76,0.13,1631
2011-03-22,6269,5428892,313345628,23.16,23.69,23.0,23.33,0.57,2590
2011-03-23,6269,2267905,128800360,23.65,23.65,22.88,22.96,-0.37,1155
2011-03-24,6269,1976563,112597734,23.08,23.45,22.84,23.16,0.2,936
2011-03-25,6269,1376225,77914500,23.37,23.45,22.84,22.84,-0.32,698
2011-03-28,6269,1359004,74970016,22.92,22.92,22.15,22.23,-0.61,735
2011-03-29,6269,1790920,97160980,22.07,22.47,21.78,21.94,-0.29,917
2011-03-30,6269,2308252,126695905,21.94,22.55,21.94,22.35,0.41,1352
2011-03-31,6269,2348287,131406485,22.76,22.92,22.51,22.92,0.57,1139
2011-04-01,6269,2353397,133935949,23.12,23.33,22.76,23.16,0.24,1108
2011-04-06,6269,3589000,208742191,23.57,23.85,23.37,23.37,0.21,1583
2011-04-07,6269,2090515,121255921,23.41,23.81,23.33,23.77,0.4,991
2011-04-08,6269,2991524,175367983,23.69,24.02,23.49,23.57,-0.2,1347
2011-04-11,6269,1235150,70543961,23.81,23.85,23.08,23.2,-0.37,605
2011-04-12,6269,1205042,67538939,23.2,23.2,22.55,22.68,-0.52,566
2011-04-13,6269,1404404,79083722,22.55,23.16,22.47,22.96,0.28,571
2011-04-14,6269,6082258,352758688,23.2,24.06,22.76,23.81,0.85,3212
2011-04-15,6269,6258276,370457174,23.81,24.38,23.65,23.65,-0.16,3218
2011-04-18,6269,3505209,206809177,23.77,24.26,23.61,23.69,0.04,1802
2011-04-19,6269,1796400,103463256,23.61,23.61,23.16,23.49,-0.2,996
2011-04-20,6269,10307537,628280550,23.81,25.11,23.69,25.11,1.62,3684
2011-04-21,6269,7990076,520149701,25.8,26.86,25.8,26.86,1.75,2551
2011-04-22,6269,10953953,722560954,27.19,27.31,26.21,26.21,-0.65,4263
2011-04-25,6269,4575349,295302215,26.37,26.74,25.72,25.76,-0.45,2153
2011-04-26,6269,5546933,354526262,25.6,26.45,25.32,25.64,-0.12,2473
2011-04-27,6269,3589897,226237323,25.93,26.01,25.28,25.6,-0.04,1700
2011-04-28,6269,8293176,537684011,25.8,26.78,25.6,26.45,0.85,3992
2011-04-29,6269,10003898,666106187,26.45,27.59,26.05,27.02,0.57,4347
2011-05-03,6269,3363604,219879398,27.23,27.43,26.25,26.62,-0.4,1558
2011-05-04,6269,2584207,169546853,26.25,26.98,26.25,26.7,0.08,1206
2011-05-05,6269,9544581,645997335,26.54,28.2,26.25,27.88,1.18,4028
2011-05-06,6269,9329480,653018457,27.88,29.1,27.63,27.96,0.08,3681
2011-05-09,6269,5566979,386061572,28.04,28.97,27.63,27.63,-0.33,2136
2011-05-10,6269,4778010,317338052,27.63,27.8,26.66,26.78,-0.85,1925
2011-05-11,6269,4185461,272189731,26.82,27.06,26.05,26.78,0.0,1884
2011-05-12,6269,6692038,431297738,26.54,26.66,25.72,26.21,-0.57,2584
2011-05-13,6269,3553346,228936944,25.6,26.58,25.6,25.93,-0.28,1570
2011-05-16,6269,4011200,255984640,25.93,26.41,25.48,25.93,0.0,1924
2011-05-17,6269,2858978,183508795,25.93,26.58,25.72,25.93,0.0,1413
2011-05-18,6269,4025186,253183194,26.21,26.29,25.19,25.56,-0.37,1918
2011-05-19,6269,2384810,151862487,25.56,26.13,25.56,25.72,0.16,1275
2011-05-20,6269,1832957,116975970,25.93,26.21,25.56,25.84,0.12,853
2011-05-23,6269,1790050,114681030,25.72,26.37,25.64,26.17,0.33,920
2011-05-24,6269,2549070,164997168,26.13,26.58,25.89,26.41,0.24,1217
2011-05-25,6269,9407720,632294000,26.62,27.92,26.45,27.1,0.69,3942
2011-05-26,6269,4065272,274792797,27.92,27.92,27.15,27.35,0.25,1922
2011-05-27,6269,2594622,175392894,27.59,27.71,27.31,27.31,-0.04,1131
2011-05-30,6269,3636699,248181983,27.31,28.0,27.27,28.0,0.69,1732
2011-05-31,6269,4768348,331918912,28.24,28.65,27.92,28.16,0.16,1978
2011-06-01,6269,9174029,658904517,28.28,29.87,28.24,29.66,1.5,3514
2011-06-02,6269,6995794,503018281,29.71,29.79,28.45,29.42,-0.24,2268
2011-06-03,6269,2693997,195283779,29.66,29.66,29.22,29.42,0.0,1194
2011-06-07,6269,4050637,301062073,29.58,30.68,29.42,30.36,0.94,1920
2011-06-08,6269,2084061,154412314,30.27,30.44,29.99,30.23,-0.13,914
2011-06-09,6269,3273466,244600523,29.95,30.72,29.95,30.27,0.04,1151
2011-06-10,6269,3227018,240787022,31.09,31.09,29.99,30.23,-0.04,1335
2011-06-13,6269,4798022,347136885,30.15,30.15,28.73,29.34,-0.89,1705
2011-06-14,6269,1561975,113898647,29.26,30.03,29.26,30.03,0.69,776
2011-06-15,6269,1696507,124340364,30.07,30.07,29.38,29.87,-0.16,825
2011-06-16,6269,4999574,353506306,29.38,29.66,27.8,27.84,-2.03,1620
2011-06-17,6269,3163620,217931561,27.84,28.32,27.67,28.12,0.28,1111
2011-06-20,6269,2528070,169620393,28.41,28.41,26.41,27.43,-0.69,971
2011-06-21,6269,2673208,180973344,27.43,28.04,27.06,27.59,0.16,1093
2011-06-22,6269,2413680,167660421,27.8,28.81,27.75,28.24,0.65,1294
2011-06-23,6269,2436198,168563678,28.15,28.52,28.11,28.19,-0.05,788
2011-06-24,6269,2238067,150989037,28.19,28.19,27.29,27.91,-0.28,821
2011-06-27,6269,1423200,94008299,27.5,27.5,26.63,27.21,-0.7,658
2011-06-28,6269,2502203,167469881,27.21,27.86,27.17,27.66,0.45,1035
2011-06-29,6269,3400524,234555925,27.82,28.81,27.54,28.69,1.03,1575
2011-06-30,6269,3034789,213917984,28.73,29.26,28.48,29.22,0.53,1236
2011-07-01,6269,4169173,301120734,29.34,30.08,28.93,29.75,0.53,1550
2011-07-04,6269,1985668,143865656,29.96,29.96,29.55,29.55,-0.2,805
2011-07-05,6269,1252567,90390969,29.83,29.88,29.38,29.75,0.2,636
2011-07-06,6269,3764548,281460152,29.75,31.27,29.55,30.45,0.7,1753
2011-07-07,6269,4227605,318593980,30.74,31.27,30.53,31.19,0.74,1904
2011-07-08,6269,3245872,250756020,32.22,32.22,31.19,31.27,0.08,1487
2011-07-11,6269,1485663,112518745,31.39,31.39,30.78,31.27,0.0,667
2011-07-12,6269,2172696,162282337,31.11,31.31,29.75,30.66,-0.61,975
2011-07-13,6269,1759355,131329022,30.78,31.07,29.96,30.29,-0.37,983
2011-07-14,6269,2284598,166327027,30.45,30.45,29.22,29.47,-0.82,917
2011-07-15,6269,4410797,332894337,29.47,31.52,29.47,31.02,1.55,1977
2011-07-18,6269,3572913,273669008,30.9,32.05,30.78,31.48,0.46,1657
2011-07-19,6269,2769135,213156873,31.07,31.89,31.02,31.6,0.12,1106
2011-07-20,6269,11879277,974778765,32.83,33.77,32.83,33.77,2.17,2567
2011-07-21,6269,8856618,749489993,34.06,35.7,33.82,34.88,1.11,3981
2011-07-22,6269,3494125,296051503,35.25,35.62,34.31,34.39,-0.49,1997
2011-07-25,6269,1561142,130437686,33.94,34.76,33.9,34.06,-0.33,959
2011-07-26,6269,4956434,433358441,34.35,36.44,34.14,36.44,2.38,2405
2011-07-27,6269,5534227,497969381,36.44,37.55,36.32,37.3,0.86,3000
2011-07-28,6269,3917113,368085318,36.93,39.6,36.73,39.07,1.77,2488
2011-07-29,6269,4612686,434159048,39.89,40.63,37.26,37.76,-1.31,2318
2011-08-01,6269,4350360,402893199,38.7,38.78,37.47,37.88,0.12,2099
2011-08-02,6269,2946627,267787153,37.63,37.76,36.77,37.39,-0.49,1312
2011-08-03,6269,3388276,300481240,36.44,36.93,35.5,36.93,-0.46,1353
2011-08-04,6269,3714337,329032676,37.34,38.04,34.92,35.54,-1.39,1980
2011-08-05,6269,6286226,507892997,33.08,33.61,33.08,33.08,-2.46,1598
2011-08-08,6269,5742955,465413227,33.24,34.27,31.97,33.45,0.37,2447
2011-08-09,6269,5173606,407396768,32.01,34.31,31.11,33.98,0.53,2286
2011-08-10,6269,6338185,540438225,34.88,35.58,34.47,34.76,0.78,2878
2011-08-11,6269,3563308,294623722,33.53,34.76,32.83,34.47,-0.29,1727
2011-08-12,6269,2431224,205054824,35.09,35.33,33.65,33.77,-0.7,1296
2011-08-15,6269,3745392,320012896,34.68,36.11,33.82,36.07,2.3,1722
2011-08-16,6269,3082486,275831090,36.48,37.02,36.2,36.73,0.66,1565
2011-08-17,6269,4499203,390445781,37.06,37.06,34.88,35.58,-1.15,2037
2011-08-18,6269,3237102,260175382,35.59,35.59,34.59,35.07,-0.51,1444
2011-08-19,6269,3571269,269434157,33.28,33.67,32.62,32.62,-2.45,1577
2011-08-22,6269,4225226,303782073,32.62,32.75,30.35,30.35,-2.27,1711
2011-08-23,6269,3834359,278341733,30.74,32.44,30.74,32.44,2.09,1991
2011-08-24,6269,5104327,397805256,32.88,34.68,32.79,34.46,2.02,2426
2011-08-25,6269,4275456,328894311,34.46,34.76,32.66,32.79,-1.67,2132
2011-08-26,6269,5757322,451879860,33.89,35.07,33.36,34.46,1.67,2724
2011-08-29,6269,4084397,331537054,34.72,36.47,34.54,35.86,1.4,2289
2011-08-30,6269,4709117,402931724,36.38,38.13,36.29,37.52,1.66,2567
2011-08-31,6269,1724910,147684667,37.52,37.82,36.86,37.52,0.0,1150
2011-09-01,6269,2720815,233475914,37.56,38.13,36.64,36.99,-0.53,1502
2011-09-02,6269,1951811,165850746,36.77,37.6,36.29,37.6,0.61,1048
2011-09-05,6269,2204898,191082590,36.73,38.7,36.73,37.74,0.14,1382
2011-09-06,6269,2891646,239819407,37.52,37.74,35.51,35.64,-2.1,1521
2011-09-07,6269,3028091,251928537,36.07,37.56,35.42,37.21,1.57,1675
2011-09-08,6269,3306693,284971581,37.21,38.26,36.99,37.47,0.26,1950
2011-09-09,6269,9522197,857868485,38.09,40.05,37.74,39.97,2.5,4526
2011-09-13,6269,3077918,277391342,39.35,39.97,39.05,39.18,-0.79,1694
2011-09-14,6269,4802743,424554423,39.79,40.36,36.86,37.6,-1.58,2807
2011-09-15,6269,3429757,300377059,38.92,38.92,37.47,38.04,0.44,2168
2011-09-16,6269,2449710,214156509,38.39,38.61,37.87,38.13,0.09,1359
2011-09-19,6269,2237669,190233290,38.13,38.13,36.56,36.77,-1.36,1228
2011-09-20,6269,2291325,192440825,36.77,37.56,36.25,36.86,0.09,1505
2011-09-21,6269,2113734,175621237,36.86,36.95,36.07,36.25,-0.61,1223
2011-09-22,6269,5447197,425711335,34.98,35.24,33.71,33.76,-2.49,2578
2011-09-23,6269,3046803,219125817,31.48,31.88,31.4,31.4,-2.36,1200
2011-09-26,6269,4450699,299824960,30.61,30.7,29.21,29.21,-2.19,1834
2011-09-27,6269,7305688,495002708,29.73,31.05,27.2,28.86,-0.35,3647
2011-09-28,6269,6407257,446963314,29.25,30.87,29.25,30.87,2.01,2930
2011-09-29,6269,7559681,553486657,30.83,32.88,30.52,32.66,1.79,4036
2011-09-30,6269,4002622,301184033,33.01,33.58,32.36,32.66,0.0,2371
2011-10-03,6269,2549725,189746268,32.23,32.88,31.96,32.62,-0.04,1470
2011-10-04,6269,3969676,291379309,31.92,32.62,31.26,32.62,0.0,2166
2011-10-05,6269,2667545,194665484,32.62,32.84,31.26,31.31,-1.31,1503
2011-10-06,6269,6574828,460585282,31.48,32.05,29.12,30.17,-1.14,3358
2011-10-07,6269,4198567,290107723,30.83,30.83,29.73,30.17,0.0,2355
2011-10-11,6269,2166035,158646065,32.14,32.27,31.05,32.27,2.1,1218
2011-10-12,6269,8875500,674652123,32.66,33.67,32.58,33.01,0.74,4412
2011-10-13,6269,6456038,498084823,33.45,34.33,33.19,33.98,0.97,3554
2011-10-14,6269,3644654,280786062,33.98,34.33,33.28,33.76,-0.22,1888
2011-10-17,6269,6475685,517883215,34.54,35.51,34.19,35.37,1.61,3379
2011-10-18,6269,3855643,304291570,34.68,35.2,33.93,34.68,-0.69,2057
2011-10-19,6269,3664688,278930023,34.68,34.68,32.58,32.88,-1.8,2100
2011-10-20,6269,3745059,281374589,32.44,33.45,32.44,32.58,-0.3,2055
2011-10-21,6269,3542318,256453514,32.58,32.66,31.0,31.75,-0.83,2145
2011-10-24,6269,5534178,426198297,33.36,33.93,33.01,33.93,2.18,2117
2011-10-25,6269,6560292,515949881,34.37,34.68,33.93,34.15,0.22,3371
2011-10-26,6269,4322513,342225819,33.93,34.85,33.76,34.81,0.66,2389
2011-10-27,6269,4088996,325603871,34.89,35.37,34.33,34.89,0.08,2493
2011-10-28,6269,4418494,356087007,35.86,35.86,34.89,34.98,0.09,2308
2011-10-31,6269,2627399,212575119,35.33,36.07,34.59,34.68,-0.3,1654
2011-11-01,6269,3642376,293243228,34.68,35.68,34.28,35.68,1.0,2012
2011-11-02,6269,2672956,215438514,34.68,35.68,34.68,35.51,-0.17,1670
2011-11-03,6269,3759860,307175202,35.42,36.29,34.94,34.94,-0.57,2184
2011-11-04,6269,3777450,302558207,35.86,35.86,34.5,34.81,-0.13,2220
2011-11-07,6269,1807514,143531858,34.81,34.94,34.46,34.81,0.0,1037
2011-11-08,6269,3169668,255556761,34.89,35.81,34.59,34.81,0.0,1887
2011-11-09,6269,2372130,188366767,34.89,35.42,34.37,34.59,-0.22,1440
2011-11-10,6269,5786833,430851650,33.89,34.11,32.18,32.18,-2.41,2942
2011-11-11,6269,6594994,466688156,32.18,32.31,30.0,31.57,-0.61,3361
2011-11-14,6269,7865472,583772627,31.92,33.14,31.35,33.1,1.53,4009
2011-11-15,6269,1941891,145538754,33.1,33.19,32.27,32.58,-0.52,1190
2011-11-16,6269,2152872,160056962,32.79,33.1,32.18,32.18,-0.4,1264
2011-11-17,6269,1036252,76127889,31.53,32.49,31.53,32.27,0.09,741
2011-11-18,6269,3305322,248088976,31.75,33.41,31.75,32.84,0.57,2057
2011-11-21,6269,3706189,278055386,32.84,33.45,32.1,32.58,-0.26,1938
2011-11-22,6269,2414010,179072841,32.66,33.01,31.75,32.58,0.0,1388
2011-11-23,6269,2016383,150193480,32.58,33.01,32.18,32.27,-0.31,1209
2011-11-24,6269,3660557,258330660,32.14,32.27,30.13,31.48,-0.79,1882
2011-11-25,6269,1258816,89730871,31.48,31.7,30.83,30.83,-0.65,776
2011-11-28,6269,1949881,137482570,31.35,31.53,30.43,30.83,0.0,1050
2011-11-29,6269,2650745,191143935,31.09,32.01,31.05,31.7,0.87,1609
2011-11-30,6269,1310786,93471259,31.7,31.92,30.83,31.13,-0.57,798
2011-12-01,6269,2358392,173161486,32.36,32.62,31.7,32.01,0.88,1381
2011-12-02,6269,1931380,143234289,32.01,32.79,32.01,32.44,0.43,1271
2011-12-05,6269,842133,61958266,32.44,32.62,31.92,31.96,-0.48,543
2011-12-06,6269,1245981,90077140,31.96,32.14,31.22,31.26,-0.7,773
2011-12-07,6269,4492268,308491502,31.26,31.35,29.12,29.56,-1.7,2294
2011-12-08,6269,8851384,603273234,29.56,30.61,29.08,29.95,0.39,4196
2011-12-09,6269,6564977,458431290,29.73,31.44,29.3,30.61,0.66,3469
2011-12-12,6269,4024711,284689570,31.48,31.48,30.61,30.61,0.0,2213
2011-12-13,6269,2336407,163869491,30.61,31.0,30.17,30.78,0.17,1454
2011-12-14,6269,4310339,310453174,30.61,32.1,30.61,31.61,0.83,2444
2011-12-15,6269,2012726,145447692,31.4,31.83,31.18,31.44,-0.17,1359
2011-12-16,6269,2971296,216208274,31.61,32.14,31.44,31.44,0.0,1710
2011-12-19,6269,2060727,143245504,31.05,31.18,29.73,30.17,-1.27,1228
2011-12-20,6269,1446135,100969364,30.17,30.78,30.17,30.3,0.13,971
2011-12-21,6269,2904189,214290199,32.05,32.4,31.48,32.4,2.1,1269
2011-12-22,6269,7802539,601464783,32.66,34.41,32.49,33.63,1.23,3960
2011-12-23,6269,8266061,663015280,33.8,35.94,33.8,35.94,2.31,3695
2011-12-26,6269,7258914,611747176,36.21,38.04,35.81,36.82,0.88,3680
2011-12-27,6269,3575701,295964538,36.42,36.86,35.42,36.34,-0.48,1937
2011-12-28,6269,2415122,200515818,36.25,36.82,35.86,35.94,-0.4,1441
2011-12-29,6269,3550576,292945508,35.72,36.38,35.55,36.29,0.35,1723
2011-12-30,6269,5979146,489065863,36.56,36.91,34.98,35.46,-0.83,2493
2012-01-02,6269,4922481,390412780,35.37,35.55,33.67,34.98,-0.48,2318
2012-01-03,6269,4055521,327651587,35.42,35.64,34.76,35.24,0.26,2041
2012-01-04,6269,3877752,315330130,35.42,36.12,35.02,35.02,-0.22,2013
2012-01-05,6269,6977544,572877564,36.29,36.6,35.2,35.42,0.4,3455
2012-01-06,6269,9572261,798564414,35.81,36.95,35.81,35.9,0.48,4489
2012-01-09,6269,6239951,521016895,36.07,37.17,35.68,36.51,0.61,3611
2012-01-10,6269,11293448,982296510,37.17,38.83,36.95,38.04,1.53,5258
2012-01-11,6269,4910299,430252446,38.22,38.87,37.6,38.13,0.09,2972
2012-01-12,6269,5358567,454339429,38.22,38.22,36.56,36.82,-1.31,2820
2012-01-13,6269,3509986,297010808,37.04,37.34,36.56,37.08,0.26,1847
2012-01-16,6269,2358935,200495182,37.6,37.6,36.77,37.08,0.0,1173
2012-01-17,6269,5973820,530236328,37.08,39.66,37.08,39.66,2.58,2735
2012-01-18,6269,8362738,794523352,39.88,42.41,39.88,42.28,2.62,3819
2012-01-30,6269,3574763,365165089,43.73,45.04,43.73,45.04,2.76,1525
2012-01-31,6269,10587981,1059320623,46.57,46.57,41.98,42.46,-2.58,5155
2012-02-01,6269,4903088,478154281,42.46,43.11,41.98,42.85,0.39,2827
2012-02-02,6269,7312101,721089198,42.85,44.16,41.54,43.07,0.22,3893
2012-02-03,6269,6701979,644218784,42.37,42.9,41.28,41.98,-1.09,3859
2012-02-04,6269,5814446,588882288,42.5,44.82,42.33,44.82,2.84,2579
2012-02-06,6269,5497522,546246356,44.6,44.6,42.63,42.85,-1.97,2853
2012-02-07,6269,6264504,647496641,44.38,45.69,43.94,45.69,2.84,2894
2012-02-08,6269,10730023,1178884530,46.57,48.75,46.35,48.75,3.06,4145
2012-02-09,6269,10505040,1225336140,49.41,52.03,48.75,50.72,1.97,4682
2012-02-10,6269,8522196,1025611412,51.6,54.0,50.72,53.35,2.63,4453
2012-02-13,6269,5520362,670280526,53.35,54.22,51.38,54.22,0.87,2657
2012-02-14,6269,4853268,604716587,54.22,55.75,53.13,54.22,0.0,2855
2012-02-15,6269,6630756,822739988,54.22,55.97,52.91,54.0,-0.22,3364
2012-02-16,6269,5500713,651354495,52.91,53.56,50.29,50.29,-3.71,2884
2012-02-17,6269,9176621,1037136334,50.29,51.38,47.66,51.16,0.87,4487
2012-02-20,6269,5282033,629305497,51.6,53.56,49.41,53.13,1.97,3214
2012-02-21,6269,3777587,453214052,53.56,54.0,51.16,52.03,-1.1,2385
2012-02-22,6269,3843205,461080281,52.03,53.56,51.6,51.82,-0.21,2452
2012-02-23,6269,3215847,388995552,51.82,53.78,51.82,52.69,0.87,2059
2012-02-24,6269,3345337,403985614,53.35,53.56,51.6,53.35,0.66,2062
2012-02-29,6269,5832450,752627708,54.66,57.06,54.66,57.06,3.71,3226
2012-03-01,6269,5423498,712148236,57.94,58.59,55.97,57.72,0.66,3408
2012-03-02,6269,3998382,542936750,58.59,60.34,57.72,59.25,1.53,2835
2012-03-03,6269,3916499,517245367,59.25,59.25,56.41,58.16,-1.09,2387
2012-03-05,6269,2185070,284154530,58.16,58.16,55.75,56.41,-1.75,1542
2012-03-06,6269,3372130,425096270,55.97,56.41,53.56,56.41,0.0,2121
2012-03-07,6269,3674750,473353372,54.22,57.5,54.22,56.19,-0.22,2127
2012-03-08,6269,5689515,742960435,57.72,58.59,55.75,56.41,0.22,3406
2012-03-09,6269,4341131,553980637,56.63,56.63,54.66,55.53,-0.88,2498
2012-03-12,6269,2060429,262751264,55.53,56.41,54.88,55.31,-0.22,1353
2012-03-13,6269,2959072,372523428,56.63,56.63,54.22,54.22,-1.09,1923
2012-03-14,6269,6689509,873125430,55.97,57.94,55.31,57.94,3.72,3834
2012-03-15,6269,5428730,725256050,57.94,59.69,56.84,59.03,1.09,3545
2012-03-16,6269,5474115,762049527,59.03,62.53,58.59,61.0,1.97,3516
2012-03-19,6269,6066844,802863720,61.0,61.0,56.84,56.84,-4.16,3424
2012-03-20,6269,5447596,708438273,56.84,58.16,55.75,57.28,0.44,2957
2012-03-21,6269,5442428,681390716,57.06,57.28,53.35,53.35,-3.93,2948
2012-03-22,6269,4898049,621267272,52.47,57.06,52.47,55.97,2.62,2777
2012-03-23,6269,4752565,611804080,55.1,57.72,54.22,57.72,1.75,2888
2012-03-26,6269,1183981,153049556,57.72,57.72,55.97,56.19,-1.53,921
2012-03-27,6269,1952098,249251142,57.28,57.28,54.44,56.41,0.22,1040
2012-03-28,6269,1381479,176922567,54.88,56.63,54.88,55.97,-0.44,907
2012-03-29,6269,3110330,376157431,55.31,55.31,52.25,52.25,-3.72,1725
2012-03-30,6269,7101686,841180971,50.94,53.13,49.85,52.25,0.0,3911
2012-04-02,6269,7514474,865112010,52.25,52.25,48.97,50.72,-1.53,3831
2012-04-03,6269,11682393,1283422944,50.72,50.72,47.22,47.22,-3.5,4566
2012-04-05,6269,17651065,1854804150,44.16,48.32,43.94,47.88,0.66,7218
2012-04-06,6269,12875832,1453454923,47.88,51.16,47.22,49.63,1.75,6868
2012-04-09,6269,13458116,1466750108,46.35,49.41,46.35,49.41,-0.22,6046
2012-04-10,6269,5428524,617148712,50.72,51.16,48.54,49.41,0.0,3703
2012-04-11,6269,7281619,836504923,48.32,51.6,48.32,51.16,1.75,4297
2012-04-12,6269,5733492,679788305,51.38,52.69,50.94,51.38,0.22,3596
2012-04-13,6269,4658163,557998811,52.47,53.13,51.82,51.82,0.44,3231
2012-04-16,6269,3532042,419551040,51.16,52.47,50.94,52.47,0.65,2066
2012-04-17,6269,7371542,856557746,52.47,52.91,49.63,49.63,-2.84,4191
2012-04-18,6269,6737358,768005412,51.16,51.16,48.75,48.97,-0.66,3897
2012-04-19,6269,7917296,855315560,48.97,48.97,45.91,48.1,-0.87,4431
2012-04-20,6269,4832858,518846372,47.22,47.88,46.13,46.57,-1.53,3118
2012-04-23,6269,4171822,445875362,46.35,47.44,45.91,47.01,0.44,2667
2012-04-24,6269,5415859,586132338,47.22,48.54,46.35,47.01,0.0,3393
2012-04-25,6269,9473331,1053263741,48.1,49.41,47.44,48.54,1.53,5331
2012-04-26,6269,5676428,627073296,49.19,49.85,46.35,46.35,-2.19,3497
2012-04-27,6269,9316920,955772700,46.57,47.01,43.38,43.38,-2.97,5551
2012-04-30,6269,18330623,1771265772,43.38,45.04,40.88,41.02,-2.36,9486
2012-05-02,6269,11224345,1101909600,41.67,43.73,41.19,43.73,2.71,5670
2012-05-03,6269,14319796,1433971896,43.73,44.82,42.68,44.16,0.43,7404
2012-05-04,6269,12448007,1246899990,43.73,44.82,43.2,43.51,-0.65,6622
2012-05-07,6269,14722723,1365499941,40.67,41.06,40.49,40.49,-3.02,5080
2012-05-08,6269,10913580,1025086482,40.93,41.41,40.67,41.37,0.88,6424
2012-05-09,6269,6554500,619166944,40.67,41.8,40.49,41.06,-0.31,4123
2012-05-10,6269,8451774,786552055,41.41,41.41,40.1,40.53,-0.53,4935
2012-05-11,6269,6691928,628892967,40.58,41.71,40.18,40.88,0.35,4385
2012-05-14,6269,7239553,692535599,41.45,42.33,41.19,41.58,0.7,4470
2012-05-15,6269,12701127,1248581027,41.23,44.16,41.1,44.16,2.58,7059
2012-05-16,6269,13239248,1346921296,44.16,45.26,43.73,44.6,0.44,6437
2012-05-17,6269,13640532,1466563988,46.13,47.66,45.91,47.66,3.06,6107
2012-05-18,6269,8106877,860155585,46.79,47.01,45.91,45.91,-1.75,4092
2012-05-21,6269,5190095,572573045,47.01,48.97,47.01,48.54,2.63,2847
2012-05-22,6269,6868750,755824750,49.41,49.41,47.22,48.54,0.0,3311
2012-05-23,6269,5023143,554499511,47.88,49.19,47.22,47.44,-1.1,2947
2012-05-24,6269,3016472,328752004,48.32,48.54,46.79,46.79,-0.65,1968
2012-05-25,6269,3998207,423311528,47.22,47.66,45.26,45.48,-1.31,2453
2012-05-28,6269,4406278,476949358,45.91,48.54,45.69,48.54,3.06,2774
2012-05-29,6269,6490127,755188986,49.41,51.82,49.41,51.6,3.06,3817
2012-05-30,6269,2955118,344646746,51.6,51.82,50.5,50.5,-1.1,1906
2012-05-31,6269,4786280,557637260,49.63,51.82,49.41,51.16,0.66,2874
2012-06-01,6269,6065798,683750877,50.07,50.5,47.66,47.88,-3.28,3558
2012-06-04,6269,5377459,571699759,45.91,48.54,45.04,48.54,0.66,3253
2012-06-05,6269,6848922,786912686,50.72,51.6,48.97,49.41,0.87,3940
2012-06-06,6269,4735974,537854545,49.85,50.5,48.75,49.63,0.22,2841
2012-06-07,6269,6860088,791438398,50.5,51.82,49.19,49.19,-0.44,4280
2012-06-08,6269,4919348,559611497,48.97,50.72,48.97,49.41,0.22,3062
2012-06-11,6269,3697899,421947986,50.5,50.72,49.19,49.85,0.44,2268
2012-06-12,6269,1879000,213318500,49.63,50.07,49.19,49.41,-0.44,1229
2012-06-13,6269,3875101,433058211,49.63,49.85,48.1,48.1,-1.31,2374
2012-06-14,6269,4753792,522930996,48.1,49.41,47.22,49.19,1.09,3004
2012-06-15,6269,10268387,1205200940,49.41,52.47,48.75,52.47,3.28,6074
2012-06-18,6269,8423952,1061033952,53.78,55.97,53.78,55.1,2.63,4615
2012-06-19,6269,3851883,485999579,55.53,55.75,54.66,55.75,0.65,2574
2012-06-20,6269,6779836,839824904,56.84,56.84,53.35,53.35,-2.4,4121
2012-06-21,6269,3597199,439942977,53.35,54.22,52.69,53.56,0.21,2341
2012-06-22,6269,3570089,438751578,52.69,54.44,52.69,54.44,0.88,2451
2012-06-25,6269,2811386,344409092,54.0,54.44,53.13,53.13,-1.31,1898
2012-06-26,6269,4572123,552431195,53.56,54.22,51.38,52.03,-1.1,3091
2012-06-27,6269,4322430,518136382,51.6,53.13,51.6,52.25,0.22,2713
2012-06-28,6269,3117859,371710649,52.69,53.13,51.6,51.82,-0.43,1954
2012-06-29,6269,3177339,379121187,52.03,52.69,51.6,52.47,0.65,1870
2012-07-02,6269,4807937,587119877,53.35,54.0,52.91,52.91,0.44,2620
2012-07-03,6269,6096230,723382600,53.56,53.56,51.16,51.82,-1.09,3389
2012-07-04,6269,3824253,460089360,52.03,53.13,51.82,52.69,0.87,2318
2012-07-05,6269,5751051,703863195,52.69,54.44,52.47,53.13,0.44,3484
2012-07-06,6269,5743433,683963094,53.56,53.56,50.94,51.38,-1.75,3156
2012-07-09,6269,3040487,357173453,50.72,52.03,50.72,51.6,0.22,1815
2012-07-10,6269,5247845,604584247,51.82,52.03,49.41,50.07,-1.53,2931
2012-07-11,6269,4994104,575883168,50.07,51.16,48.97,51.16,1.09,2910
2012-07-12,6269,3468174,405741770,51.38,51.6,50.72,50.72,-0.44,1888
2012-07-13,6269,3806340,441675280,50.72,51.6,49.63,51.16,0.44,2215
2012-07-16,6269,2972488,345907840,51.6,51.82,50.07,50.94,-0.22,1961
2012-07-17,6269,8864265,981116242,51.16,51.16,47.44,47.44,-3.5,4384
2012-07-18,6269,7797410,835393482,46.79,47.88,45.91,47.44,0.0,4161
2012-07-19,6269,8369834,936743657,48.1,50.5,47.01,49.63,2.19,5171
2012-07-20,6269,3930730,452923180,49.85,50.72,49.63,50.72,1.09,2651
2012-07-23,6269,2329625,263452375,49.85,50.29,48.75,49.41,-1.31,1692
2012-07-24,6269,4576105,506767600,48.97,50.07,47.44,48.32,-1.09,2852
2012-07-25,6269,4207122,464234979,47.01,49.41,46.79,48.32,0.0,2897
2012-07-26,6269,2867451,319480512,48.97,49.41,47.88,49.19,0.87,1939
2012-07-27,6269,10934600,1294005000,50.29,52.47,49.41,52.47,3.28,5679
2012-07-30,6269,4663184,561058396,53.35,53.35,52.03,52.03,-0.44,2899
2012-07-31,6269,6794918,823925534,52.91,53.56,52.03,53.13,1.1,3800
2012-08-01,6269,10379182,1241038928,53.13,53.13,51.16,52.69,-0.44,4487
2012-08-03,6269,3047634,363885446,52.03,53.13,51.6,52.03,-0.66,1889
2012-08-06,6269,3538821,422261786,53.13,53.35,51.6,51.82,-0.21,1984
2012-08-07,6269,3466936,417381756,51.82,53.35,51.82,52.91,1.09,2212
2012-08-08,6269,3810305,462473100,53.35,53.78,52.47,52.47,-0.44,2435
2012-08-09,6269,7630141,964694548,53.35,55.97,53.35,55.97,3.5,3661
2012-08-10,6269,10145526,1346166685,57.72,58.59,57.5,57.94,1.97,4909
2012-08-13,6269,6595012,881017086,57.94,59.69,57.06,57.94,0.0,3774
2012-08-14,6269,4835780,645405020,57.94,59.03,57.72,58.59,0.65,2550
2012-08-15,6269,7873578,1091860970,59.25,62.31,58.37,60.12,1.53,4670
2012-08-16,6269,4065081,560353259,60.56,60.78,59.69,60.78,0.66,2416
2012-08-17,6269,3474967,481758927,61.22,61.65,59.69,60.56,-0.22,2257
2012-08-20,6269,3147350,439111322,61.22,61.87,60.34,61.0,0.44,2034
2012-08-21,6269,5265461,725635196,61.44,62.09,59.03,59.47,-1.53,3163
2012-08-22,6269,4186967,560958111,59.47,59.69,57.94,58.16,-1.31,2465
2012-08-23,6269,4054666,552039742,58.16,60.34,58.16,59.91,1.75,2751
2012-08-24,6269,4665580,624921008,59.47,59.69,57.72,58.59,-1.32,2760
2012-08-27,6269,4455785,609523863,60.34,60.78,59.03,59.03,0.44,2682
2012-08-28,6269,3263674,437950152,59.03,59.69,57.94,58.37,-0.66,2111
2012-08-29,6269,4335261,575056124,58.37,59.47,56.84,59.47,1.1,2811
2012-08-30,6269,2693527,365520405,59.69,59.91,58.81,59.25,-0.22,1609
2012-08-31,6269,3172475,431511359,58.59,60.12,58.59,59.25,0.0,1774
2012-09-03,6269,2575161,352526136,59.25,60.56,58.81,60.12,0.87,1308
2012-09-04,6269,2279257,311637952,60.12,60.34,59.25,59.91,-0.21,1134
2012-09-05,6269,4610131,635471133,59.91,60.78,59.69,60.78,0.87,2335
2012-09-06,6269,8062733,1030356824,60.71,60.71,58.62,59.09,-1.69,4381
2012-09-07,6269,5873454,751049381,60.02,60.71,58.62,58.85,-0.24,3311
2012-09-10,6269,6821696,839580804,58.62,58.62,56.29,57.23,-1.62,3783
2012-09-11,6269,6126464,767497158,57.46,59.32,57.46,57.69,0.46,3552
2012-09-12,6269,6124923,764575721,58.39,58.85,57.23,58.39,0.7,3671
2012-09-13,6269,4165180,517220407,58.62,58.62,57.23,57.23,-1.16,2547
2012-09-14,6269,7947512,985550476,58.16,58.62,56.76,56.76,-0.47,4443
2012-09-17,6269,7719144,962337424,57.23,58.85,56.99,57.92,1.16,4231
2012-09-18,6269,4527530,568454780,57.92,58.85,57.46,58.39,0.47,2830
2012-09-19,6269,9939978,1287891162,59.09,61.18,59.09,59.78,1.39,5478
2012-09-20,6269,4621787,588675810,60.02,60.25,58.16,59.09,-0.69,2724
2012-09-21,6269,2381118,301615604,59.32,59.55,58.39,58.85,-0.24,1428
2012-09-24,6269,3720750,473788000,59.09,60.02,58.85,58.85,0.0,1963
2012-09-25,6269,4597573,571781552,59.09,59.32,56.99,57.23,-1.62,2629
2012-09-26,6269,12641715,1482194515,56.76,56.76,53.27,53.27,-3.96,6677
2012-09-27,6269,6460030,747328552,53.04,54.43,52.81,53.97,0.7,3786
2012-09-28,6269,3072631,356641958,54.43,54.67,53.5,54.43,0.46,1999
2012-10-01,6269,4067962,468912608,54.43,55.13,52.81,53.27,-1.16,2509
2012-10-02,6269,4987580,586798308,53.5,55.6,53.27,55.36,2.09,3311
2012-10-03,6269,4303142,513045608,55.36,55.83,54.9,55.83,0.47,2534
2012-10-04,6269,2453366,293326420,56.06,56.29,55.13,55.36,-0.47,1564
2012-10-05,6269,2134576,254314544,55.83,55.83,55.13,55.36,0.0,1277
2012-10-08,6269,8003997,917035652,54.9,55.13,52.34,52.81,-2.55,4450
2012-10-09,6269,8371561,971945515,53.97,54.67,53.5,53.5,0.69,4388
2012-10-11,6269,8173736,962733943,53.5,55.6,53.27,55.36,1.86,4564
2012-10-12,6269,4229233,506001808,55.6,56.06,55.13,55.83,0.47,2899
2012-10-15,6269,6029164,741063844,56.06,57.92,56.06,56.76,0.93,3975
2012-10-16,6269,4775378,584351871,57.69,57.69,56.06,56.53,-0.23,3108
2012-10-17,6269,4681845,563975110,57.23,57.23,55.36,55.6,-0.93,3008
2012-10-18,6269,5731883,673110428,55.83,56.06,53.97,53.97,-1.63,3521
2012-10-19,6269,4088012,475999884,53.5,54.67,53.5,54.43,0.46,2419
2012-10-22,6269,2855539,333045323,53.5,54.9,53.04,54.9,0.47,1867
2012-10-23,6269,1879628,220603147,55.13,55.13,54.2,54.2,-0.7,1277
2012-10-24,6269,2081724,243761557,53.97,54.9,53.97,54.9,0.7,1434
2012-10-25,6269,4786699,571285283,54.9,56.29,54.67,54.67,-0.23,2873
2012-10-26,6269,4079091,477609556,55.36,55.36,53.97,54.2,-0.47,2552
2012-10-29,6269,8793570,991395200,54.9,55.13,50.71,51.64,-2.56,4496
2012-10-30,6269,6317615,740330861,53.04,55.13,52.57,55.13,3.49,3660
2012-10-31,6269,6018316,717551104,55.36,56.29,54.67,55.36,0.23,3112
2012-11-01,6269,9625101,1180865125,55.6,58.62,54.67,58.39,3.03,5271
2012-11-02,6269,4788622,599988506,58.62,59.09,56.99,57.23,-1.16,2867
2012-11-05,6269,3477382,432306045,57.23,58.85,57.23,57.92,0.69,2269
2012-11-06,6269,3468380,433248380,57.69,58.62,57.23,58.62,0.7,2122
2012-11-07,6269,3607920,454519867,58.85,59.32,57.92,58.85,0.23,2299
2012-11-08,6269,5434685,669773070,57.92,58.16,56.76,56.76,-2.09,3060
2012-11-09,6269,6326823,754474842,55.36,56.53,54.43,55.83,-0.93,3846
2012-11-12,6269,4611362,553965578,56.29,56.53,55.13,55.36,-0.47,2995
2012-11-13,6269,5105606,598685700,55.36,55.6,53.97,54.67,-0.69,3059
2012-11-14,6269,4029076,475782968,54.43,55.36,54.2,54.9,0.23,2333
2012-11-15,6269,3175237,374642466,54.43,55.36,54.2,54.9,0.0,1908
2012-11-16,6269,3642235,425798260,54.67,55.36,53.74,53.97,-0.93,2312
2012-11-19,6269,2050762,237258130,54.2,54.43,53.5,53.5,-0.47,1409
2012-11-20,6269,3086043,363199074,54.43,55.13,53.97,54.9,1.4,2002
2012-11-21,6269,2166452,254715384,55.13,55.36,53.97,54.43,-0.47,1653
2012-11-22,6269,4712850,541866319,54.9,54.9,53.04,53.27,-1.16,2927
2012-11-23,6269,3629681,424736512,53.97,54.9,53.5,54.67,1.4,2476
2012-11-26,6269,3150784,372766115,55.36,55.83,54.43,54.67,0.0,1972
2012-11-27,6269,5565691,668502229,54.9,56.76,54.67,55.36,0.69,3405
2012-11-28,6269,1761245,209614655,55.36,55.83,55.13,55.36,0.0,1190
2012-11-29,6269,4292865,516884435,55.83,56.53,55.36,55.36,0.0,2224
2012-11-30,6269,4198179,496871206,55.6,55.6,54.67,55.13,-0.23,2409
2012-12-03,6269,2499526,298252326,55.36,56.06,55.13,55.13,0.0,1632
2012-12-04,6269,8989328,1102176152,55.13,58.62,55.13,58.62,3.49,4801
2012-12-05,6269,5439550,675269417,58.62,58.62,57.23,57.46,-1.16,3054
2012-12-06,6269,6779455,839256555,58.16,58.85,56.29,56.29,-1.17,3643
2012-12-07,6269,2795228,341852194,56.76,57.46,56.53,56.53,0.24,1801
2012-12-10,6269,7060318,834890041,56.99,57.23,53.97,54.2,-2.33,4195
2012-12-11,6269,8854588,1003026821,54.2,54.2,51.64,53.04,-1.16,5311
2012-12-12,6269,5710446,651986344,53.97,53.97,52.57,52.81,-0.23,3590
2012-12-13,6269,5150813,591180495,53.5,53.97,52.57,53.5,0.69,3128
2012-12-14,6269,7342980,820713280,53.04,53.04,51.18,51.41,-2.09,4673
2012-12-17,6269,10905392,1139981268,50.48,50.48,47.92,48.15,-3.26,6553
2012-12-18,6269,14147928,1439684992,48.15,48.62,46.29,46.34,-1.81,8062
2012-12-19,6269,12199229,1225772208,46.99,47.69,46.06,46.29,-0.05,6888
2012-12-20,6269,15845776,1561211380,46.52,47.22,44.66,46.11,-0.18,8916
2012-12-21,6269,10484653,1045561947,46.52,46.76,45.83,46.06,-0.05,5874
2012-12-22,6269,4317619,431546401,46.76,46.99,46.29,46.38,0.32,2567
2012-12-24,6269,7499728,759954585,46.76,47.46,46.38,46.99,0.61,4414
2012-12-25,6269,10077297,1051515685,47.69,49.32,47.46,48.85,1.86,6240
2012-12-26,6269,6411030,669392620,49.08,49.08,47.92,48.39,-0.46,3500
2012-12-27,6269,4456840,461527595,48.39,48.85,47.46,47.69,-0.7,2599
2012-12-28,6269,3388436,347994472,48.39,48.62,47.46,47.46,-0.23,2103
2013-01-02,6269,4144105,430596420,48.39,48.62,47.92,48.39,0.93,2421
2013-01-03,6269,4459948,464393661,49.08,49.08,47.69,47.69,-0.7,2625
2013-01-04,6269,3221741,331939582,47.69,48.39,47.46,47.46,-0.23,2034
2013-01-07,6269,7545807,744420872,47.46,47.46,45.27,45.27,-2.19,4826
2013-01-08,6269,5743561,559323735,45.13,45.87,44.2,45.87,0.6,3919
2013-01-09,6269,4857095,476957056,45.87,46.2,45.27,45.27,-0.6,3210
2013-01-10,6269,4476992,436203715,45.59,46.01,44.9,44.94,-0.33,2826
2013-01-11,6269,3965680,383953160,44.94,45.45,44.66,45.36,0.42,2491
2013-01-14,6269,2756716,269159289,45.18,45.78,45.18,45.22,-0.14,1657
2013-01-15,6269,9428308,886435845,44.66,44.9,42.9,43.04,-2.18,5611
2013-01-16,6269,6211946,575914232,42.8,43.5,42.8,42.9,-0.14,3725
2013-01-17,6269,6748912,635076925,43.59,44.38,43.04,43.17,0.27,4343
2013-01-18,6269,6464990,620196211,44.57,45.41,43.97,45.13,1.96,3967
2013-01-21,6269,2995392,286858632,44.9,44.9,44.34,44.38,-0.75,1874
2013-01-22,6269,6437331,628641235,44.52,46.01,44.52,45.13,0.75,3838
2013-01-23,6269,2955079,288334206,45.55,45.59,45.13,45.41,0.28,1830
2013-01-24,6269,6509111,625747967,44.48,45.36,43.97,45.22,-0.19,3414
2013-01-25,6269,3344828,321227888,44.52,45.18,44.34,44.71,-0.51,2042
2013-01-28,6269,3995116,377605204,44.71,44.8,43.55,43.69,-1.02,2468
2013-01-29,6269,6532826,629668175,43.87,45.59,43.87,45.5,1.81,3939
2013-01-30,6269,4604356,453825545,45.78,46.15,45.31,45.55,0.05,2760
2013-01-31,6269,8055489,805836800,45.59,47.22,45.59,46.52,0.97,4479
2013-02-01,6269,3371187,337400925,46.76,46.99,46.11,46.11,-0.41,2108
2013-02-04,6269,3275394,325292723,46.52,46.76,45.87,46.06,-0.05,1770
2013-02-05,6269,3062743,305313622,45.97,46.76,45.83,46.2,0.14,1886
2013-02-06,6269,3718877,372422789,47.22,47.22,46.11,46.11,-0.09,2225
2013-02-18,6269,5970872,572955952,46.43,46.43,43.97,43.97,-2.14,3678
2013-02-19,6269,2476606,235919039,44.01,44.57,43.97,44.34,0.37,1711
2013-02-20,6269,3021025,289916009,44.66,45.18,44.11,45.04,0.7,2085
2013-02-21,6269,1815369,173485021,44.76,44.76,44.24,44.29,-0.75,1172
2013-02-22,6269,2176168,206029612,44.29,44.57,43.83,43.87,-0.42,1494
2013-02-23,6269,1128544,106791980,44.06,44.29,43.87,43.97,0.1,885
2013-02-25,6269,1860882,177206509,44.06,44.8,43.92,44.11,0.14,1212
2013-02-26,6269,2634601,247567894,43.87,44.06,43.5,43.55,-0.56,1599
2013-02-27,6269,4234754,393387422,43.69,43.97,42.8,43.36,-0.19,2687
2013-03-01,6269,2984088,276797732,42.8,43.69,42.8,43.04,-0.32,1899
2013-03-04,6269,9869349,874193288,42.8,42.8,40.15,40.38,-2.66,5947
2013-03-05,6269,6672936,584656329,40.38,41.22,40.1,41.22,0.84,4079
2013-03-06,6269,4518292,403650228,41.78,42.01,41.17,41.27,0.05,2545
2013-03-07,6269,7944877,676235353,38.43,40.94,38.38,40.94,-0.33,4654
2013-03-08,6269,3234475,284492300,40.94,41.59,40.38,41.08,0.14,2193
2013-03-11,6269,2569782,224361678,41.08,41.08,40.48,40.48,-0.6,1529
2013-03-12,6269,3933279,349898035,40.9,41.78,40.71,41.27,0.79,2570
2013-03-13,6269,4134740,372971344,41.64,42.43,41.5,41.64,0.37,2734
2013-03-14,6269,2979545,263766145,41.78,41.97,40.8,41.17,-0.47,2014
2013-03-15,6269,2250658,199079667,41.41,41.64,40.8,40.85,-0.32,1457
2013-03-18,6269,2695998,238482416,40.94,41.5,40.85,40.94,0.09,1738
2013-03-19,6269,6456259,584324869,41.5,42.62,41.27,42.34,1.4,4255
2013-03-20,6269,5824986,537052926,42.34,43.5,42.1,42.34,0.0,3891
2013-03-21,6269,2869691,263385358,42.62,43.04,42.34,42.66,0.32,1813
2013-03-22,6269,3586873,334883633,42.85,43.73,42.85,43.45,0.79,2404
2013-03-25,6269,6364771,604181701,44.2,44.57,43.55,44.48,1.03,3562
2013-03-26,6269,11134040,1105747174,44.66,46.99,44.66,46.48,2.0,6695
2013-03-27,6269,5060408,504929349,46.76,46.99,45.92,46.48,0.0,3292
2013-03-28,6269,3271700,326697600,46.52,46.76,46.06,46.06,-0.42,1915
2013-03-29,6269,2580797,257765798,46.48,46.76,46.2,46.29,0.23,1510
2013-04-01,6269,4641688,470319788,46.38,47.46,46.34,46.99,0.7,2553
2013-04-02,6269,2741391,273396854,47.22,47.22,45.87,46.43,-0.56,1735
2013-04-03,6269,4097623,402428370,46.48,46.52,45.04,45.69,-0.74,2461
2013-04-08,6269,1891414,181537205,44.2,45.22,44.2,44.76,-0.93,1378
2013-04-09,6269,2163787,210934864,44.66,45.69,44.66,45.5,0.74,1357
2013-04-10,6269,1894422,187029422,45.78,46.34,45.22,46.06,0.56,1445
2013-04-11,6269,3373667,335609293,46.52,46.76,45.78,46.38,0.32,2211
2013-04-12,6269,9798673,937313962,46.29,46.34,43.27,43.64,-2.74,5702
2013-04-15,6269,8765057,793536611,43.36,43.36,41.27,41.78,-1.86,5621
2013-04-16,6269,4488332,404569444,41.08,42.62,40.94,42.62,0.84,2953
2013-04-17,6269,3205288,290178127,42.52,42.62,41.83,41.92,-0.7,2025
2013-04-18,6269,7814201,690616161,40.94,41.64,40.52,41.36,-0.56,4542
2013-04-19,6269,3909743,349783890,41.31,42.01,41.17,41.45,0.09,2388
2013-04-22,6269,2736885,247022402,41.69,42.34,41.31,41.78,0.33,1730
2013-04-23,6269,2588637,234465147,41.97,42.57,41.87,42.01,0.23,1707
2013-04-24,6269,5449464,505994152,42.8,43.59,42.66,43.17,1.16,3266
2013-04-25,6269,2998231,273994921,43.04,43.04,42.29,42.29,-0.88,1964
2013-04-26,6269,2858612,263863658,42.94,43.36,42.62,42.85,0.56,1670
2013-04-29,6269,8461897,811013423,43.31,45.73,43.22,45.45,2.6,5200
2013-04-30,6269,6586484,650399333,46.29,46.52,45.41,45.41,-0.04,4169
2013-05-02,6269,3354952,326500344,45.59,45.92,44.94,45.08,-0.33,2210
2013-05-03,6269,5983307,592905023,45.59,46.48,45.5,45.97,0.89,3810
2013-05-06,6269,13086444,1343677581,46.99,49.08,46.48,48.62,2.65,7093
2013-05-07,6269,6195700,643926639,48.62,48.85,47.69,48.62,0.0,3557
2013-05-08,6269,6589352,697333812,48.62,50.01,48.39,49.32,0.7,3497
2013-05-09,6269,5855302,622567210,50.01,50.25,48.85,48.85,-0.47,2856
2013-05-10,6269,4685568,493905418,49.32,49.32,48.85,49.32,0.47,2141
2013-05-13,6269,2355226,248357456,49.32,49.78,48.39,49.32,0.0,1295
2013-05-14,6269,4156636,434539459,49.78,49.78,47.92,48.62,-0.7,1977
2013-05-15,6269,7057523,753122216,48.85,50.01,48.15,50.01,1.39,3478
2013-05-16,6269,6462856,687823301,50.01,50.25,48.85,49.08,-0.93,2954
2013-05-17,6269,4945270,532220660,49.55,50.48,49.32,50.25,1.17,2770
2013-05-20,6269,1746710,187132322,50.25,50.25,49.55,50.01,-0.24,1002
2013-05-21,6269,6007755,659325550,50.25,51.64,49.78,51.18,1.17,3233
2013-05-22,6269,7225560,817550280,51.64,53.5,51.41,52.57,1.39,3943
2013-05-23,6269,3945815,441499054,52.57,53.04,51.41,51.41,-1.16,2220
2013-05-24,6269,3469981,382070910,51.64,52.34,50.48,51.18,-0.23,1945
2013-05-27,6269,2149202,240431826,51.18,52.57,51.18,52.57,1.39,1461
2013-05-28,6269,2616485,292547805,52.57,52.57,51.41,52.57,0.0,1283
2013-05-29,6269,3196109,359411817,53.04,53.27,51.41,52.34,-0.23,1885
2013-05-30,6269,1827206,203716866,51.87,52.57,51.41,51.64,-0.7,1146
2013-05-31,6269,2148969,241884559,52.57,53.04,51.64,51.64,0.0,1237
2013-06-03,6269,1188528,132027636,50.94,52.11,50.94,52.11,0.47,807
2013-06-04,6269,870831,96411410,52.11,52.34,51.18,51.18,-0.93,640
2013-06-05,6269,1455369,162035270,51.18,52.34,50.94,51.41,0.23,970
2013-06-06,6269,5814616,611182564,51.41,51.41,47.92,48.15,-3.26,3033
2013-06-07,6269,3710262,388450034,48.15,49.78,47.92,49.78,1.63,2407
2013-06-10,6269,5100315,578414910,51.18,53.04,51.18,53.04,3.26,2405
2013-06-11,6269,3477446,393770344,52.57,53.27,52.34,52.57,-0.47,1936
2013-06-13,6269,4903933,562160827,52.34,54.2,52.11,53.27,0.7,3007
2013-06-14,6269,3525855,404323825,53.74,53.74,52.57,53.5,0.23,1950
2013-06-17,6269,2933009,337874544,53.97,54.2,52.81,53.97,0.47,1707
2013-06-18,6269,3893559,456330738,54.2,54.9,53.5,54.9,0.93,2374
2013-06-19,6269,3109023,369277214,54.9,55.83,54.9,54.9,0.0,1909
2013-06-20,6269,4956138,559681522,54.43,54.43,51.64,51.87,-3.03,2655
2013-06-21,6269,4036140,449474660,50.25,53.04,50.01,52.11,0.24,2360
2013-06-24,6269,2391597,270286961,52.81,53.04,52.11,52.57,0.46,1334
2013-06-25,6269,6266930,675945971,53.04,53.04,49.08,50.01,-2.56,3442
2013-06-26,6269,2254980,247456820,51.18,51.64,50.71,50.71,0.7,1352
2013-06-27,6269,6516377,695835270,51.18,51.18,48.15,48.85,-1.86,3694
2013-06-28,6269,6286876,643393104,48.85,48.85,46.76,47.92,-0.93,3777
2013-07-01,6269,4030531,420533755,47.46,49.32,47.22,48.62,0.7,2475
2013-07-02,6269,3059798,323781290,48.85,50.01,48.85,48.85,0.23,1971
2013-07-03,6269,4159880,424126817,48.62,49.08,46.99,47.22,-1.63,2599
2013-07-04,6269,4343680,433979200,47.46,47.92,45.59,46.52,-0.7,2988
2013-07-05,6269,1755526,178051413,47.22,47.69,46.76,47.46,0.94,1212
2013-07-08,6269,6228237,662156737,46.76,50.71,46.76,49.55,2.09,3274
2013-07-09,6269,2909794,311542252,49.78,50.25,49.32,50.25,0.7,1493
2013-07-10,6269,2830524,303318803,50.25,50.48,49.32,49.55,-0.7,1621
2013-07-11,6269,5723930,637431660,50.71,52.81,50.25,52.11,2.56,3327
2013-07-12,6269,3285000,366402500,52.11,52.81,51.18,51.18,-0.93,1682
2013-07-15,6269,2140087,234418983,50.71,51.41,50.25,50.71,-0.47,1127
2013-07-16,6269,2535585,277395180,50.71,52.11,50.01,50.25,-0.46,1645
2013-07-17,6269,4280246,458183568,50.25,51.41,48.39,49.32,-0.93,2208
2013-07-18,6269,3781956,392044398,48.85,48.85,47.46,48.62,-0.7,2106
2013-07-19,6269,3300622,345697688,48.62,49.55,47.69,48.39,-0.23,1816
2013-07-22,6269,2172118,224894654,48.39,48.85,47.69,47.92,-0.47,1138
2013-07-23,6269,3713733,392351562,47.69,50.01,47.69,49.55,1.63,2108
2013-07-24,6269,4896949,524731594,50.71,51.18,48.85,49.32,-0.23,2579
2013-07-25,6269,4059130,432798690,49.55,50.48,49.08,49.32,0.0,1788
2013-07-26,6269,3408332,367138521,49.78,50.71,49.32,50.48,1.16,1826
2013-07-29,6269,4579575,505279536,50.71,52.11,50.71,51.18,0.7,2536
2013-07-30,6269,2658229,290952075,51.41,51.64,50.01,50.94,-0.24,1514
2013-07-31,6269,2086098,227883280,51.64,51.64,50.48,51.18,0.24,1241
2013-08-01,6269,2760009,298987963,51.87,51.87,49.55,49.78,-1.4,1510
2013-08-02,6269,5127517,536668285,49.78,50.25,47.92,48.15,-1.63,2725
2013-08-05,6269,3686666,390038096,48.85,49.78,48.39,49.32,1.17,1621
2013-08-06,6269,3108890,332213281,49.32,50.25,49.08,49.55,0.23,1686
2013-08-07,6269,2549549,266869096,49.32,49.32,47.92,48.39,-1.16,1365
2013-08-08,6269,2730590,291356922,48.85,50.01,48.62,50.01,1.62,1361
2013-08-09,6269,1232375,129655561,50.25,50.25,48.39,48.85,-1.16,646
2013-08-12,6269,4840009,526824979,50.01,51.18,49.32,50.94,2.09,2361
2013-08-13,6269,11370470,1305717735,52.11,54.43,51.64,54.2,3.26,4553
2013-08-14,6269,12966427,1482644678,56.14,57.88,55.65,56.64,2.44,5689
2013-08-15,6269,5555770,637610550,57.14,57.63,56.14,57.14,0.5,2844
2013-08-16,6269,7043031,818558134,57.14,59.12,56.39,58.38,1.24,3470
2013-08-19,6269,4451721,520728713,58.88,58.88,57.39,58.38,0.0,2064
2013-08-20,6269,6071026,701296438,57.88,58.88,55.9,55.9,-2.48,2880
2013-08-22,6269,8252100,962160900,55.9,59.12,55.65,59.12,3.22,4069
2013-08-23,6269,4372980,519752145,60.12,60.12,58.13,58.38,-0.74,2383
2013-08-26,6269,2721010,317642174,58.63,59.12,57.39,57.63,-0.75,1575
2013-08-27,6269,4035564,469235574,57.88,58.88,56.64,56.64,-0.99,2170
2013-08-28,6269,2827681,322012634,55.9,57.14,55.9,56.64,0.0,1538
2013-08-29,6269,2618185,301300275,57.14,57.63,56.64,57.14,0.5,1265
2013-08-30,6269,3307796,387292928,57.39,58.88,56.89,58.63,1.49,1828
2013-09-02,6269,3156776,369496792,59.12,59.37,57.63,57.63,-1.0,1763
2013-09-03,6269,3165456,367969352,57.14,58.38,57.14,58.13,0.5,1587
2013-09-04,6269,5575034,634126357,57.88,57.88,55.65,56.39,-1.74,2748
2013-09-05,6269,4171229,472887218,56.64,56.89,55.65,56.89,0.5,2429
2013-09-06,6269,3222033,363492742,56.89,56.89,55.65,56.39,-0.5,1752
2013-09-09,6269,3736985,422950323,56.89,57.14,55.15,55.15,-1.24,2139
2013-09-10,6269,3598886,400281787,55.9,56.39,54.16,54.4,-0.75,2214
2013-09-11,6269,15133317,1551744968,53.41,53.41,50.68,51.18,-3.22,5826
2013-09-12,6269,12191985,1213941155,49.93,50.18,48.89,49.93,-1.25,6580
2013-09-13,6269,4636550,466040373,50.18,50.43,49.54,50.18,0.25,2753
2013-09-14,6269,3215969,322740638,50.18,50.43,49.29,50.18,0.0,2002
2013-09-16,6269,7651299,802170041,51.18,52.67,50.93,52.42,2.24,4305
2013-09-17,6269,4603225,471650175,51.42,51.42,50.68,50.68,-1.74,3034
2013-09-18,6269,3819867,394041168,51.18,51.67,50.93,51.67,0.99,2202
2013-09-23,6269,3544755,369104897,52.17,52.17,51.42,51.67,0.0,2408
2013-09-24,6269,4183297,443956125,52.67,53.41,52.17,52.17,0.5,2539
2013-09-25,6269,2659354,276495992,52.17,52.67,51.18,51.42,-0.75,1561
2013-09-26,6269,1976080,202660698,51.18,51.67,50.43,50.93,-0.49,1332
2013-09-27,6269,4748289,477175931,50.68,50.93,49.29,50.18,-0.75,2782
2013-09-30,6269,2113198,211713392,49.44,50.68,49.29,50.68,0.5,1325
2013-10-01,6269,2310596,232681489,50.43,50.43,49.68,50.43,-0.25,1469
2013-10-02,6269,3769982,384760672,51.42,51.67,49.93,50.18,-0.25,2226
2013-10-03,6269,3233867,330873301,50.43,51.18,50.18,50.93,0.75,1804
2013-10-04,6269,1829656,187167100,50.93,51.42,50.43,50.68,-0.25,1298
2013-10-07,6269,8350758,824184737,50.43,50.93,48.14,48.69,-1.99,5424
2013-10-08,6269,7214058,711667159,48.69,49.68,48.54,48.54,-0.15,4541
2013-10-09,6269,5553552,544514499,48.19,49.34,48.19,48.44,-0.1,3340
2013-10-11,6269,4262572,414647016,49.44,49.44,47.45,47.75,-0.69,2997
2013-10-14,6269,12908787,1164176203,47.2,47.2,44.42,44.62,-3.13,6188
2013-10-15,6269,10672039,941234127,44.72,45.06,42.48,44.17,-0.45,6409
2013-10-16,6269,5282031,472333129,43.72,45.21,43.72,43.97,-0.2,3495
2013-10-17,6269,3044736,272994052,44.52,44.72,44.12,44.72,0.75,1954
2013-10-18,6269,4467267,402388130,44.96,45.11,44.12,44.82,0.1,2339
2013-10-21,6269,6278306,584119026,45.31,46.9,45.06,46.26,1.44,4289
2013-10-22,6269,3302776,310051902,46.26,46.95,46.26,46.5,0.24,2183
2013-10-23,6269,4003998,369353397,46.8,46.95,45.11,45.46,-1.04,2640
2013-10-24,6269,2815123,256503393,45.61,45.91,44.82,45.21,-0.25,2184
2013-10-25,6269,2370874,217392296,45.26,45.86,45.21,45.21,0.0,1712
2013-10-28,6269,2799566,259756636,45.71,46.41,45.46,45.96,0.75,1771
2013-10-29,6269,1741597,160328490,45.96,46.11,45.51,45.71,-0.25,1049
2013-10-30,6269,4920634,460990889,46.7,46.85,46.26,46.26,0.55,2857
2013-10-31,6269,2362434,217662294,46.26,46.26,45.51,45.51,-0.75,1517
2013-11-01,6269,4013013,362433370,45.51,45.86,44.32,44.72,-0.79,2533
2013-11-04,6269,2757588,245956126,44.22,44.72,44.02,44.57,-0.15,1815
2013-11-05,6269,2104145,190213463,44.52,45.31,44.52,44.91,0.34,1423
2013-11-06,6269,1521984,137655038,45.31,45.31,44.37,45.11,0.2,1071
2013-11-07,6269,2829687,261080725,45.21,46.21,45.11,45.81,0.7,1969
2013-11-08,6269,6490199,610468133,46.5,47.45,46.01,46.36,0.55,3882
2013-11-11,6269,2460281,230164550,47.15,47.15,45.91,45.91,-0.45,1601
2013-11-12,6269,3041853,282540182,46.11,46.95,45.51,46.7,0.79,1775
2013-11-13,6269,2039277,189559725,46.7,46.7,45.81,45.81,-0.89,1365
2013-11-14,6269,1307145,120822140,45.96,46.36,45.61,45.71,-0.1,962
2013-11-15,6269,2196880,203027360,45.96,46.26,45.71,45.71,0.0,1280
2013-11-18,6269,5655451,505371604,45.96,46.06,43.72,43.87,-1.84,3499
2013-11-19,6269,3172300,282353732,43.77,44.82,43.72,44.82,0.95,2118
2013-11-20,6269,2830206,251298028,44.82,44.82,43.87,43.87,-0.95,1933
2013-11-21,6269,3137748,273219869,43.72,43.72,43.03,43.37,-0.5,2124
2013-11-22,6269,3755073,337407392,44.22,45.11,44.07,44.32,0.95,2454
2013-11-25,6269,1616213,145689899,44.91,45.26,44.47,44.57,0.25,1099
2013-11-26,6269,1272707,114389081,44.57,44.96,44.22,44.62,0.05,886
2013-11-27,6269,3906613,357682183,45.01,45.96,44.87,45.21,0.59,2456
2013-11-28,6269,6698657,624481974,45.96,46.9,45.46,46.46,1.25,3756
2013-11-29,6269,7829656,749835691,46.95,48.0,46.85,47.5,1.04,4836
2013-12-02,6269,3953919,375085750,47.85,47.9,46.75,46.8,-0.7,2314
2013-12-03,6269,2916511,273223222,46.8,47.0,46.36,46.7,-0.1,1710
2013-12-04,6269,5747269,543406783,46.7,47.4,46.41,47.1,0.4,3577
2013-12-05,6269,3834783,359575444,47.1,47.15,46.26,46.31,-0.79,2376
2013-12-06,6269,6409132,606454231,46.85,47.35,46.7,46.8,0.49,3597
2013-12-09,6269,6345195,588891440,47.2,47.3,45.56,45.61,-1.19,3846
2013-12-10,6269,4538390,411203390,45.61,46.01,44.32,45.06,-0.55,2953
2013-12-11,6269,3590425,323505950,45.31,45.46,44.47,44.47,-0.59,2197
2013-12-12,6269,2716082,244111862,44.22,45.21,43.82,45.21,0.74,1651
2013-12-13,6269,2865921,261683811,45.21,45.71,44.96,45.01,-0.2,1974
2013-12-16,6269,2275157,205525530,45.21,45.26,44.52,44.62,-0.39,1313
2013-12-17,6269,2339566,213555716,45.16,45.61,44.91,45.21,0.59,1678
2013-12-18,6269,10468675,984280253,45.46,47.45,45.46,46.8,1.59,5983
2013-12-19,6269,7713295,731937767,47.2,47.7,46.55,47.15,0.35,3762
2013-12-20,6269,3677346,346024435,47.15,47.2,46.41,46.46,-0.69,2051
2013-12-23,6269,3690298,345393653,46.65,46.9,46.06,46.46,0.0,1921
2013-12-24,6269,6620816,627406434,46.95,47.55,46.6,46.6,0.14,3394
2013-12-25,6269,3416610,323348568,46.8,47.45,46.65,46.65,0.05,1910
2013-12-26,6269,8320188,795132996,46.75,47.95,46.75,47.35,0.7,4293
2013-12-27,6269,6854500,661619500,47.7,48.29,47.45,47.7,0.35,3571
2013-12-30,6269,4331818,415734128,47.9,47.9,47.4,47.7,0.0,2205
2013-12-31,6269,4208734,407101664,47.8,48.44,47.7,47.7,0.0,2307
2014-01-02,6269,10087018,992893155,47.75,49.64,47.55,49.34,1.64,5756
2014-01-03,6269,6253247,616478306,49.34,49.34,48.64,48.79,-0.55,3216
2014-01-06,6269,5661457,559116860,48.79,49.59,48.64,49.59,0.8,2583
2014-01-07,6269,11097563,1133533056,50.18,51.67,49.93,49.93,0.34,5332
2014-01-08,6269,7921009,806134909,50.43,51.18,49.93,50.18,0.25,3511
2014-01-09,6269,13003094,1276428731,49.93,49.93,47.75,47.8,-2.38,6087
2014-01-10,6269,9796692,935099549,47.5,48.14,46.8,47.8,0.0,5248
2014-01-13,6269,4574515,435595802,47.65,47.8,47.0,47.0,-0.8,2982
2014-01-14,6269,3592803,343637588,46.95,47.85,46.85,47.6,0.6,2286
2014-01-15,6269,5699114,549249266,48.09,48.39,47.5,47.85,0.25,3329
2014-01-16,6269,6070687,578544947,48.09,48.14,46.95,47.0,-0.85,3467
2014-01-17,6269,7856582,744405151,47.0,47.65,46.85,47.35,0.35,3883
2014-01-20,6269,5061935,480745448,47.2,47.6,46.85,46.85,-0.5,2634
2014-01-21,6269,4813906,458440783,47.15,47.85,46.9,47.05,0.2,3013
2014-01-22,6269,2802496,265965564,47.45,47.45,47.05,47.05,0.0,1806
2014-01-23,6269,5585695,522832762,47.4,47.4,45.81,46.31,-0.74,3163
2014-01-24,6269,3678083,341107975,46.16,46.65,45.76,45.76,-0.55,2221
2014-01-27,6269,2893449,264016780,45.26,45.76,45.01,45.26,-0.5,1631
2014-02-05,6269,2867021,258769608,44.67,45.11,44.62,45.11,-0.15,1789
2014-02-06,6269,3243973,296702730,45.71,45.96,44.96,45.16,0.05,2192
2014-02-07,6269,10844834,965638833,43.72,44.72,43.72,44.32,-0.84,5628
2014-02-10,6269,3140151,280952745,44.42,44.77,44.12,44.12,-0.2,1965
2014-02-11,6269,2561751,230673911,44.22,45.01,44.22,44.72,0.6,1579
2014-02-12,6269,4758570,428497973,44.87,45.41,44.12,44.96,0.24,2507
2014-02-13,6269,2499986,224684046,45.21,45.31,44.32,44.32,-0.64,1547
2014-02-14,6269,2003937,179350671,44.47,44.72,44.27,44.27,-0.05,1234
2014-02-17,6269,2154248,191439072,44.37,44.52,43.97,44.02,-0.25,1355
2014-02-18,6269,2107282,186798806,44.32,44.32,43.92,44.07,0.05,1305
2014-02-19,6269,1930310,172400837,44.22,44.67,44.17,44.27,0.2,1156
2014-02-20,6269,2175144,193699320,44.47,44.47,44.02,44.22,-0.05,1251
2014-02-21,6269,1664291,148457899,44.47,44.57,44.22,44.22,0.0,1001
2014-02-24,6269,2729351,244812106,44.22,45.11,43.87,44.47,0.25,1702
2014-02-25,6269,1860765,167217961,44.87,44.87,44.52,44.52,0.05,988
2014-02-26,6269,5933475,544958142,44.52,45.96,44.52,45.56,1.04,3635
2014-02-27,6269,2653052,243858132,45.61,46.01,45.31,45.31,-0.25,1512
2014-03-03,6269,2549342,231011022,45.21,45.46,44.72,45.36,0.05,1569
2014-03-04,6269,2163984,194912059,45.36,45.36,44.47,44.57,-0.79,1357
2014-03-05,6269,3372901,303009618,44.72,44.96,44.52,44.52,-0.05,2002
2014-03-06,6269,4173616,371027829,44.52,44.67,43.92,44.07,-0.45,2542
2014-03-07,6269,4292104,385305656,44.12,45.11,44.12,44.22,0.15,2831
2014-03-10,6269,2616392,231688018,43.97,44.22,43.87,44.02,-0.2,1718
2014-03-11,6269,1967369,174125888,44.12,44.27,43.82,43.92,-0.1,1155
2014-03-12,6269,2565813,227005526,44.12,44.42,43.77,43.77,-0.15,1507
2014-03-13,6269,5812218,505662737,43.72,43.72,42.88,43.42,-0.35,3384
2014-03-14,6269,2444344,212232711,43.03,43.33,42.98,43.03,-0.39,1375
2014-03-17,6269,1989786,175058694,43.33,44.02,43.13,43.77,0.74,1380
2014-03-18,6269,1285680,113629498,44.22,44.37,43.72,43.72,-0.05,841
2014-03-19,6269,2256807,199749137,43.87,44.22,43.67,44.17,0.45,1309
2014-03-20,6269,1351914,119372032,44.17,44.17,43.72,43.72,-0.45,861
2014-03-21,6269,1006695,88721760,44.12,44.12,43.52,43.72,0.0,689
2014-03-24,6269,1498725,130234486,43.52,43.67,42.73,43.37,-0.35,973
2014-03-25,6269,1189509,104811934,43.67,43.97,43.47,43.87,0.5,843
2014-03-26,6269,4971609,449313983,44.57,45.46,44.12,45.36,1.49,3106
2014-03-27,6269,6989365,642000180,45.36,46.21,45.16,45.76,0.4,4118
2014-03-28,6269,5634676,518293128,45.86,46.36,44.82,44.96,-0.8,3404
2014-03-31,6269,2501637,226330775,45.06,45.46,44.52,45.01,0.05,1469
2014-04-01,6269,1799237,162907367,45.01,45.41,44.67,45.21,0.2,1227
2014-04-02,6269,11064893,1022761773,45.86,46.36,45.36,46.21,1.0,5572
2014-04-03,6269,3788849,349022728,46.21,46.21,45.46,45.61,-0.6,2323
2014-04-07,6269,2584084,238471342,45.61,46.11,45.46,45.86,0.25,1576
2014-04-08,6269,9374407,880385956,45.91,47.2,45.66,46.46,0.6,4931
2014-04-09,6269,4842874,455239478,47.15,47.2,46.46,46.55,0.09,2396
2014-04-10,6269,3949612,367582458,46.8,46.9,45.81,46.01,-0.54,2341
2014-04-11,6269,3038534,278626328,45.81,45.96,45.01,45.71,-0.3,1787
2014-04-14,6269,1746569,160201214,45.96,46.01,45.21,45.51,-0.2,1039
2014-04-15,6269,4714613,440300509,45.61,47.05,45.51,46.31,0.8,2755
2014-04-16,6269,4143140,389798974,46.7,47.2,46.11,46.85,0.54,2595
2014-04-17,6269,12320827,1179497516,47.2,48.09,47.0,47.0,0.15,6713
2014-04-18,6269,3443200,323236970,47.2,47.3,46.31,46.65,-0.35,2082
2014-04-21,6269,5657151,530974074,46.65,47.45,46.01,46.01,-0.64,3478
2014-04-22,6269,6165752,566498972,46.01,46.31,45.41,45.51,-0.5,3761
2014-04-23,6269,8093554,732308433,45.51,45.86,44.42,44.52,-0.99,5418
2014-04-24,6269,4429450,396979520,44.77,44.82,44.07,44.77,0.25,2503
2014-04-25,6269,6651250,596425666,44.82,45.46,43.77,44.47,-0.3,3918
2014-04-28,6269,3666276,325838455,43.97,44.82,43.28,44.52,0.05,2231
2014-04-29,6269,14555539,1249325230,42.73,43.47,41.83,42.58,-1.94,7823
2014-04-30,6269,15906589,1317403753,42.53,42.53,40.05,40.74,-1.84,8975
2014-05-02,6269,5161807,421959378,40.54,41.04,40.24,40.24,-0.5,3347
2014-05-05,6269,4680428,382886517,40.24,41.14,40.15,40.69,0.45,2936
2014-05-06,6269,5181410,429987268,40.84,41.64,40.39,41.54,0.85,3487
2014-05-07,6269,3451994,286653802,41.39,41.44,41.04,41.04,-0.5,2158
2014-05-08,6269,4175742,340098069,41.04,41.24,40.1,40.44,-0.6,2564
2014-05-09,6269,2050754,166141837,40.24,40.54,40.15,40.15,-0.29,1502
2014-05-12,6269,7786970,601611979,39.75,40.1,37.81,38.01,-2.14,4743
2014-05-13,6269,5343430,412657375,38.01,38.9,37.86,38.31,0.3,3586
2014-05-14,6269,4950180,374231080,37.76,38.26,37.31,37.51,-0.8,3102
2014-05-15,6269,2173780,166226874,37.26,38.21,37.26,38.21,0.7,1469
2014-05-16,6269,4364547,342137038,38.16,39.35,38.11,39.1,0.89,2795
2014-05-19,6269,2008653,158436187,39.25,39.4,38.85,39.15,0.05,1164
2014-05-20,6269,1734681,135897554,39.35,39.35,38.65,38.7,-0.45,1117
2014-05-21,6269,1306420,102025183,38.85,39.0,38.65,38.75,0.05,944
2014-05-22,6269,1233882,96923154,39.05,39.25,38.8,38.9,0.15,849
2014-05-23,6269,1792621,141558202,39.05,39.5,39.05,39.05,0.15,1136
2014-05-26,6269,2272366,180163639,39.25,39.75,39.15,39.3,0.25,1429
2014-05-27,6269,2565479,200197809,39.4,39.4,38.46,38.46,-0.84,1780
2014-05-28,6269,2449253,190229743,38.46,38.95,38.41,38.41,-0.05,1646
2014-05-29,6269,2299962,180263012,38.41,39.3,38.41,38.95,0.54,1376
2014-05-30,6269,2491766,197517180,39.4,39.6,39.15,39.4,0.45,1554
2014-06-03,6269,1807826,143250430,39.75,39.75,39.15,39.25,-0.15,946
2014-06-04,6269,1507689,119202357,39.5,39.55,39.15,39.15,-0.1,839
2014-06-05,6269,8796046,720632869,39.65,41.29,39.45,40.84,1.69,4781
2014-06-06,6269,3105289,255746345,41.44,41.44,40.44,40.49,-0.35,1831
2014-06-09,6269,7866508,658313315,40.74,41.88,40.74,41.59,1.1,3756
2014-06-10,6269,6437842,544245813,41.98,42.38,41.49,41.49,-0.1,3187
2014-06-11,6269,3259535,272861656,41.64,41.93,41.19,41.39,-0.1,1610
2014-06-12,6269,2122510,176224825,41.39,41.64,40.99,41.24,-0.15,1257
2014-06-13,6269,1568084,129749025,41.04,41.39,40.99,40.99,-0.25,843
2014-06-16,6269,1490891,123038533,41.04,41.34,40.79,40.79,-0.2,878
2014-06-17,6269,2633516,215035842,41.19,41.19,40.34,40.39,-0.4,1687
2014-06-18,6269,3553150,285800754,40.54,40.59,39.45,39.95,-0.44,2264
2014-06-19,6269,1412480,114109235,40.0,40.44,39.7,40.15,0.2,851
2014-06-20,6269,931721,75402352,40.19,40.39,40.1,40.1,-0.05,578
2014-06-23,6269,3831554,301612383,40.1,40.24,38.61,38.7,-1.4,2190
2014-06-24,6269,2431928,189337784,38.7,39.2,38.41,38.56,-0.14,1292
2014-06-25,6269,901901,70601424,38.56,39.05,38.56,38.95,0.39,616
2014-06-26,6269,972336,76767144,39.2,39.5,39.05,39.15,0.2,651
2014-06-27,6269,870161,68664280,39.25,39.4,39.1,39.25,0.1,482
2014-06-30,6269,2888366,227525791,39.25,39.85,38.65,39.5,0.25,1611
2014-07-01,6269,1786281,143521715,39.95,40.1,39.65,39.9,0.4,1153
2014-07-02,6269,2573897,208472972,40.1,40.84,39.6,39.65,-0.25,1516
2014-07-03,6269,3091413,251253693,39.75,40.64,39.65,40.59,0.94,1484
2014-07-04,6269,5787455,482225808,41.34,41.83,41.09,41.19,0.6,2990
2014-07-07,6269,2003151,163467055,41.19,41.19,40.24,40.24,-0.95,1489
2014-07-08,6269,1179517,95322366,40.24,40.39,40.0,40.1,-0.14,897
2014-07-09,6269,6161034,508825722,40.24,41.39,40.24,41.14,1.04,3608
2014-07-10,6269,5690328,473650279,41.49,41.54,41.24,41.34,0.2,3655
2014-07-11,6269,3875624,319204668,41.34,41.34,40.69,40.79,-0.55,2054
2014-07-14,6269,1412926,116728504,40.89,41.34,40.84,41.04,0.25,877
2014-07-15,6269,1815770,148903351,41.14,41.29,40.49,40.49,-0.55,1207
2014-07-16,6269,2797884,225485704,40.54,40.64,39.75,40.0,-0.49,1748
2014-07-17,6269,1638862,131840221,40.24,40.29,39.75,39.85,-0.15,1041
2014-07-18,6269,1012319,81750927,39.7,40.39,39.25,40.39,0.54,708
2014-07-21,6269,1764275,144440010,40.64,40.99,40.39,40.64,0.25,996
2014-07-22,6269,4911724,408777316,40.89,41.69,40.74,41.59,0.95,2643
2014-07-24,6269,6426673,543365166,42.23,42.23,41.64,42.03,0.44,3345
2014-07-25,6269,2565232,214803289,42.08,42.08,41.39,41.54,-0.49,1345
2014-07-28,6269,1935537,160765316,41.54,41.64,40.99,41.04,-0.5,1099
2014-07-29,6269,2231830,183475486,41.39,41.44,40.39,40.64,-0.4,1335
2014-07-30,6269,2534449,207016869,40.64,40.89,40.44,40.64,0.0,1410
2014-07-31,6269,2657161,216081335,40.64,40.64,40.15,40.49,-0.15,1011
2014-08-01,6269,2924955,237796921,40.0,41.14,40.0,41.14,0.65,1787
2014-08-04,6269,1313524,108319727,40.99,41.14,40.74,40.99,-0.15,843
2014-08-05,6269,1805427,148840527,41.14,41.14,40.79,40.89,-0.1,990
2014-08-06,6269,4838187,400634411,41.34,41.64,40.19,41.49,0.6,2672
2014-08-07,6269,2839108,236026456,41.98,41.98,40.64,40.74,-0.75,1608
2014-08-08,6269,3242110,260240110,40.24,40.54,39.1,40.05,-0.69,1938
2014-08-11,6269,2004987,160761138,40.24,40.24,39.65,40.0,-0.05,1440
2014-08-12,6269,1968880,157626900,40.0,40.24,39.55,39.55,-0.45,1117
2014-08-13,6269,4712726,372452186,39.55,39.75,39.05,39.15,-0.4,2435
2014-08-14,6269,10600484,771101095,39.17,41.88,39.17,41.26,2.11,5159
2014-08-15,6269,4819616,356143100,41.31,42.05,41.03,41.99,0.73,2767
2014-08-18,6269,3732190,278249350,42.67,42.67,41.37,42.16,0.17,2045
2014-08-19,6269,11126401,870935379,42.67,45.09,42.67,44.59,2.43,5722
2014-08-20,6269,11063655,879331966,44.87,45.21,44.3,44.59,0.0,5508
2014-08-21,6269,6694569,526402001,44.76,44.93,43.57,44.93,0.34,3375
2014-08-22,6269,6796110,541246572,45.15,45.49,44.36,44.87,-0.06,3345
2014-08-25,6269,3450093,274149989,44.87,45.15,44.59,44.7,-0.17,1747
2014-08-26,6269,8945773,729655196,44.87,46.45,44.87,46.11,1.41,4560
2014-08-27,6269,5527744,451245680,46.22,46.28,45.72,45.83,-0.28,2941
2014-08-28,6269,7623065,631249095,46.05,46.96,46.05,46.84,1.01,4122
2014-08-29,6269,16060638,1366691726,46.96,48.82,46.62,47.8,0.96,7463
2014-09-01,6269,6979057,595498438,48.54,48.59,47.69,48.03,0.23,3330
2014-09-02,6269,7343072,610644110,47.92,47.92,46.45,46.62,-1.41,3934
2014-09-03,6269,4526004,374283032,47.07,47.3,46.05,46.73,0.11,2696
2014-09-04,6269,3213111,265204254,46.22,47.13,46.17,46.56,-0.17,1965
2014-09-05,6269,2900839,237655213,46.56,46.56,46.0,46.56,0.0,1711
2014-09-09,6269,2152369,178977543,46.84,47.13,46.67,47.13,0.57,1253
2014-09-10,6269,3224966,264319835,46.62,46.9,45.72,46.79,-0.34,2067
2014-09-11,6269,2211468,181234476,47.13,47.13,45.94,45.94,-0.85,1373
2014-09-12,6269,2586524,210187102,46.0,46.22,45.49,45.88,-0.06,1339
2014-09-15,6269,4880511,388520723,45.43,45.77,44.3,44.59,-1.29,2740
2014-09-16,6269,2343500,184739495,44.59,44.98,44.25,44.36,-0.23,1495
2014-09-17,6269,3463381,277462080,44.76,45.66,44.59,44.98,0.62,2139
2014-09-18,6269,2840648,229355703,45.15,46.17,45.04,46.11,1.13,1681
2014-09-19,6269,3330444,275557059,46.56,46.96,46.39,46.62,0.51,1860
2014-09-22,6269,1530094,125387884,46.34,46.62,45.83,46.17,-0.45,1040
2014-09-23,6269,1907573,155335698,46.0,46.51,45.72,45.72,-0.45,1095
2014-09-24,6269,1703400,137901336,46.17,46.17,45.32,45.83,0.11,1128
2014-09-25,6269,2655675,211608219,46.11,46.11,44.36,44.87,-0.96,1663
2014-09-26,6269,3347577,260922534,44.36,44.42,43.63,43.97,-0.9,2044
2014-09-29,6269,2144643,166154031,44.36,44.36,43.18,43.46,-0.51,1297
2014-09-30,6269,4098505,311246285,43.46,43.85,41.88,43.34,-0.12,2367
2014-10-01,6269,2020298,156539888,42.89,44.08,42.89,44.08,0.74,1308
2014-10-02,6269,3117588,246706090,43.74,45.15,43.63,45.09,1.01,2404
2014-10-03,6269,3962623,319610764,45.15,45.88,45.15,45.43,0.34,2582
2014-10-06,6269,2580414,208727411,45.66,45.94,45.26,45.55,0.12,1817
2014-10-07,6269,2005401,160360745,45.55,45.55,44.64,44.64,-0.91,1724
2014-10-08,6269,3016641,239787792,44.59,45.32,44.3,44.76,0.12,1783
2014-10-09,6269,13845518,1040115117,44.7,44.76,41.65,41.65,-3.11,6215
2014-10-13,6269,9514809,659698096,39.79,40.07,38.77,38.77,-2.88,3581
2014-10-14,6269,6470453,431992781,38.38,39.0,36.4,37.42,-1.35,3707
2014-10-15,6269,9014507,567430707,37.42,37.48,34.88,35.05,-2.37,4845
2014-10-16,6269,8992422,542869064,34.2,35.22,33.24,34.99,-0.06,4378
2014-10-17,6269,6064556,368707268,35.1,35.5,33.41,33.69,-1.3,3348
2014-10-20,6269,4616674,290752074,35.16,36.01,34.77,36.01,2.32,2840
2014-10-21,6269,4321179,277359615,36.01,36.63,35.44,36.4,0.39,2754
2014-10-22,6269,5793907,373083379,37.25,37.25,35.39,35.56,-0.84,3453
2014-10-23,6269,4792825,306774066,35.73,36.85,35.61,35.78,0.22,3031
2014-10-24,6269,3363711,210168467,36.18,36.23,34.94,35.16,-0.62,2304
2014-10-27,6269,4580758,276046307,35.16,35.5,33.36,33.64,-1.52,2575
2014-10-28,6269,3832072,237022636,33.98,35.56,33.98,35.56,1.92,2460
2014-10-29,6269,7266493,481574648,36.12,38.04,36.01,37.53,1.97,4287
2014-10-30,6269,6049565,393968973,37.53,37.64,36.01,36.4,-1.13,3630
2014-10-31,6269,4403722,282234517,36.29,36.74,35.73,36.23,-0.17,2546
2014-11-03,6269,3000736,193708467,36.23,36.85,36.12,36.35,0.12,2064
2014-11-04,6269,3144823,199626221,36.46,36.57,35.56,35.9,-0.45,2179
2014-11-05,6269,3882166,241434592,35.95,35.95,34.77,34.94,-0.96,2548
2014-11-06,6269,2182869,135780142,35.1,35.44,34.82,35.05,0.11,1508
2014-11-07,6269,2480493,156462622,35.05,35.84,34.99,35.78,0.73,1550
2014-11-10,6269,2070906,130861466,35.78,36.06,35.33,35.5,-0.28,1379
2014-11-11,6269,2096787,133754955,35.67,36.23,35.5,35.95,0.45,1276
2014-11-12,6269,2892069,180721778,35.56,35.9,34.88,34.99,-0.96,1983
2014-11-13,6269,2188266,134189112,35.05,35.33,34.2,34.65,-0.34,1578
2014-11-14,6269,1380316,85413012,34.77,35.16,34.65,34.94,0.29,966
2014-11-17,6269,1504397,92836217,35.22,35.44,34.43,34.48,-0.46,1097
2014-11-18,6269,3081356,184639455,34.71,34.88,33.36,33.75,-0.73,1947
2014-11-19,6269,1782742,107523405,33.98,34.37,33.69,34.15,0.4,1201
2014-11-20,6269,2751090,168634017,34.26,34.94,34.03,34.77,0.62,1791
2014-11-21,6269,1758435,107958237,34.77,34.94,34.48,34.48,-0.29,1240
2014-11-24,6269,2180939,135441728,34.99,35.33,34.71,34.71,0.23,1357
2014-11-25,6269,1702285,105450130,34.77,35.22,34.77,34.77,0.06,1152
2014-11-26,6269,1499773,93078826,35.16,35.33,34.71,35.05,0.28,955
2014-11-27,6269,6399966,414707872,36.91,37.14,36.23,36.29,1.24,3662
2014-11-28,6269,3251604,208691556,36.46,36.57,35.9,36.29,0.0,1746
2014-12-01,6269,1955505,124113504,35.33,36.23,35.33,35.78,-0.51,1293
2014-12-02,6269,2770048,176492953,35.78,36.23,35.67,36.06,0.28,1579
2014-12-03,6269,4163482,270022745,36.18,37.14,35.95,36.97,0.91,2448
2014-12-04,6269,4542940,300805739,37.25,37.81,37.02,37.08,0.11,2663
2014-12-05,6269,5889559,395010401,37.08,38.38,37.02,38.15,1.07,3185
2014-12-08,6269,5344808,364180881,38.43,38.94,37.81,38.38,0.23,2816
2014-12-09,6269,5569247,380118096,38.94,39.0,37.93,38.38,0.0,2913
2014-12-10,6269,4856496,327338512,38.38,38.89,37.42,38.32,-0.06,2633
2014-12-11,6269,7397178,511786226,37.81,39.79,37.81,39.39,1.07,4321
2014-12-12,6269,13190651,956595895,40.07,41.76,40.02,41.48,2.09,7590
2014-12-15,6269,7389687,540260046,41.48,41.76,40.64,41.48,0.0,4160
2014-12-16,6269,4901062,359154370,41.48,41.93,40.86,40.97,-0.51,2508
2014-12-17,6269,3911176,281764496,40.97,41.31,40.07,40.07,-0.9,2240
2014-12-18,6269,3454844,247321243,40.47,40.86,39.96,40.3,0.23,1933
2014-12-19,6269,5117434,363870186,40.92,41.26,38.83,39.62,-0.68,2832
2014-12-22,6269,2545587,182310059,40.18,40.81,39.85,40.47,0.85,1669
2014-12-23,6269,2833651,205705090,40.81,41.37,40.47,40.92,0.45,1711
2014-12-24,6269,1635095,117832506,40.92,40.92,40.52,40.58,-0.34,1164
2014-12-25,6269,1429101,101973167,40.35,40.64,40.13,40.24,-0.34,1003
2014-12-26,6269,1305515,93000739,40.07,40.47,40.02,40.18,-0.06,986
2014-12-27,6269,1234717,87859118,40.07,40.52,40.02,40.02,-0.16,855
2014-12-29,6269,2080679,147180958,40.07,40.24,39.68,39.79,-0.23,1315
2014-12-30,6269,4157101,295959049,40.64,40.75,39.62,40.13,0.34,2719
2014-12-31,6269,1141136,80976829,40.13,40.3,39.9,40.02,-0.11,769
2015-01-05,6269,1307429,93338598,40.02,40.47,39.9,40.41,0.39,973
2015-01-06,6269,2724474,190361913,38.89,40.02,38.83,39.51,-0.9,1839
2015-01-07,6269,2001404,142541582,39.51,40.52,39.51,40.3,0.79,1411
2015-01-08,6269,5605782,410466138,41.48,41.82,40.92,40.97,0.67,3363
2015-01-09,6269,2169653,156746116,41.2,41.37,40.52,40.69,-0.28,1419
2015-01-12,6269,1626114,117471608,40.64,41.09,40.52,40.64,-0.05,1067
2015-01-13,6269,1679456,121074282,40.52,40.86,40.52,40.69,0.05,911
2015-01-14,6269,1593588,114417089,40.75,40.92,40.35,40.35,-0.34,1042
2015-01-15,6269,1475482,105990389,40.35,40.75,40.13,40.52,0.17,1025
2015-01-16,6269,1365182,97582522,40.64,40.75,40.07,40.07,-0.45,1021
2015-01-19,6269,1272286,90089865,40.35,40.52,39.56,39.62,-0.45,818
2015-01-20,6269,1584371,112000454,39.51,40.24,39.51,40.24,0.62,1135
2015-01-21,6269,1785866,128605391,40.64,40.92,40.47,40.47,0.23,1254
2015-01-22,6269,5285853,386318197,40.86,41.6,40.64,41.14,0.67,3222
2015-01-23,6269,5212397,385771024,41.54,42.05,41.48,41.76,0.62,3090
2015-01-26,6269,5267145,397102100,41.48,43.01,41.48,42.78,1.02,3155
2015-01-27,6269,3546817,269974059,43.4,43.46,42.55,42.78,0.0,2171
2015-01-28,6269,2210466,167181944,42.61,43.01,42.27,42.84,0.06,1500
2015-01-29,6269,1364268,103086352,42.95,42.95,42.44,42.55,-0.29,981
2015-01-30,6269,999186,75513641,42.78,42.89,42.44,42.55,0.0,702
2015-02-02,6269,1187627,89023389,42.33,42.72,42.1,42.22,-0.33,754
2015-02-03,6269,999266,75370002,42.39,42.67,42.39,42.61,0.39,739
2015-02-04,6269,5647449,432868720,43.34,43.97,42.61,42.61,0.0,3392
2015-02-05,6269,11134618,859970142,44.02,44.14,43.01,43.63,1.02,5747
2015-02-06,6269,3865164,296766827,43.63,43.74,43.18,43.23,-0.4,2427
2015-02-09,6269,2245621,172657376,43.46,43.57,43.12,43.4,0.17,1479
2015-02-10,6269,2943781,223060029,43.4,43.4,42.44,42.67,-0.73,1796
2015-02-11,6269,2148084,163243731,42.95,43.18,42.55,42.84,0.17,1360
2015-02-12,6269,2004669,153152644,43.01,43.29,42.84,43.06,0.22,1229
2015-02-13,6269,4176075,322674375,43.23,43.85,43.23,43.51,0.45,2173
2015-02-24,6269,4249004,331976042,43.97,44.3,43.85,44.25,0.74,2365
2015-02-25,6269,4293979,337928441,44.3,44.76,43.97,43.97,-0.28,2532
2015-02-26,6269,1802065,140748470,43.74,44.36,43.74,44.14,0.17,1165
2015-03-02,6269,4070900,324396910,44.53,45.32,44.42,45.04,0.9,2317
2015-03-03,6269,3159729,249865691,45.32,45.43,44.3,44.64,-0.4,2082
2015-03-04,6269,2635985,209529562,44.59,45.09,44.53,44.98,0.34,1678
2015-03-05,6269,4772514,382838284,45.15,45.55,44.98,45.09,0.11,2649
2015-03-06,6269,1750146,139969980,45.09,45.32,44.81,45.32,0.23,1338
2015-03-09,6269,2609033,207318807,45.09,45.21,44.59,45.09,-0.23,1511
2015-03-10,6269,4171834,333409620,44.87,45.55,44.64,45.32,0.23,2173
2015-03-11,6269,6707023,548280277,44.87,46.67,44.87,46.0,0.68,3771
2015-03-12,6269,7139209,593060538,46.22,47.3,46.22,47.24,1.24,3930
2015-03-13,6269,4837204,407506641,47.41,47.86,47.13,47.18,-0.06,2584
2015-03-16,6269,2303560,193815949,47.24,47.63,47.24,47.41,0.23,1600
2015-03-17,6269,7566726,646344956,47.92,48.59,47.41,48.48,1.07,4141
2015-03-18,6269,14256874,1259210937,48.65,51.02,48.31,49.16,0.68,7581
2015-03-19,6269,7027949,623638325,49.67,50.46,49.5,50.23,1.07,4464
2015-03-20,6269,6156203,540476813,50.0,50.34,49.05,49.38,-0.85,3823
2015-03-23,6269,5909455,523983143,49.38,50.68,48.93,49.61,0.23,3492
2015-03-24,6269,2731824,241555212,49.67,50.23,49.44,49.89,0.28,1585
2015-03-25,6269,6280645,562733605,50.23,51.13,49.89,50.51,0.62,3438
2015-03-26,6269,4829469,430223762,49.55,50.79,49.55,50.51,0.0,2702
2015-03-27,6269,6208436,560997015,50.74,51.7,50.17,50.29,-0.22,3459
2015-03-30,6269,3290572,293684608,50.79,50.96,49.67,50.4,0.11,1967
2015-03-31,6269,3775609,340204899,50.74,51.13,50.51,50.85,0.45,2338
2015-04-01,6269,6131018,558642576,50.51,51.81,50.51,51.42,0.57,3376
2015-04-02,6269,7745585,721121425,51.64,53.11,51.64,52.77,1.35,4302
2015-04-07,6269,4983658,469154329,53.73,53.73,52.77,53.33,0.56,2498
2015-04-08,6269,5036549,477520006,53.5,54.07,53.11,53.17,-0.16,2827
2015-04-09,6269,8605136,827215680,53.33,55.08,53.28,54.18,1.01,4658
2015-04-10,6269,6356349,613416775,54.75,55.08,53.9,54.18,0.0,3740
2015-04-13,6269,6765672,661645294,54.52,55.54,54.52,55.37,1.19,3883
2015-04-14,6269,8168302,813551780,55.59,56.72,55.25,56.44,1.07,4718
2015-04-15,6269,9166685,925434685,57.0,58.13,55.42,57.57,1.13,5372
2015-04-16,6269,7181760,782811840,61.52,61.52,61.52,61.52,3.95,2964
2015-04-17,6269,21584410,2388724818,63.21,63.78,61.52,61.52,0.0,9683
2015-04-20,6269,10386609,1139828669,61.52,62.65,60.95,62.65,1.13,5192
2015-04-21,6269,12406441,1331914805,63.21,63.49,58.41,59.54,-3.11,6275
2015-04-22,6269,12676488,1391105180,60.11,62.93,60.11,62.36,2.82,5919
2015-04-23,6269,7836317,865490940,63.49,63.49,61.52,62.65,0.29,4161
2015-04-24,6269,13343031,1527900565,62.65,66.03,62.08,65.47,2.82,6389
2015-04-27,6269,5571686,647320890,66.03,66.32,64.9,65.19,-0.28,2898
2015-04-28,6269,6221538,709614294,66.03,66.32,63.21,64.06,-1.13,3730
2015-04-29,6269,14868262,1595317632,63.49,63.49,59.83,61.24,-2.82,6727
2015-04-30,6269,8102690,879592818,61.52,62.08,60.39,61.52,0.28,4327
2015-05-04,6269,7989849,853373192,61.52,61.8,59.26,61.24,-0.28,3650
2015-05-05,6269,8425426,922373189,60.95,63.49,60.11,61.24,0.0,3826
2015-05-06,6269,6022456,652906704,61.8,62.08,60.39,61.8,0.56,2951
2015-05-07,6269,10287434,1135344915,61.52,63.78,60.67,62.65,0.85,5161
2015-05-08,6269,9980295,1087530186,63.21,63.49,60.39,60.67,-1.98,4621
2015-05-11,6269,8369189,880142345,61.8,61.8,57.85,59.26,-1.41,3503
2015-05-12,6269,5061590,532026315,59.26,60.39,58.13,60.11,0.85,2751
2015-05-13,6269,4575993,487980239,60.39,60.95,59.54,60.11,0.0,2405
2015-05-14,6269,3747208,397104840,60.11,60.67,59.26,59.26,-0.85,2424
2015-05-15,6269,5605521,577943886,59.54,59.83,57.57,57.85,-1.41,2866
2015-05-18,6269,5005219,526157214,58.41,60.11,58.13,59.83,1.98,2802
2015-05-19,6269,6241861,665101534,59.83,60.95,59.26,60.95,1.12,3216
2015-05-20,6269,7943139,870631693,60.95,62.65,60.11,62.08,1.13,4375
2015-05-21,6269,4430786,488059047,61.8,63.21,60.95,61.8,-0.28,2638
2015-05-22,6269,10987468,1245588559,62.65,65.47,61.8,64.34,2.54,5601
2015-05-25,6269,8594190,1006937253,65.47,66.6,64.9,66.6,2.26,4562
2015-05-26,6269,8423054,975005153,67.44,67.44,64.06,64.62,-1.98,4666
2015-05-27,6269,3507410,402526824,64.62,65.47,64.06,65.19,0.57,2101
2015-05-28,6269,6418539,733999446,66.03,66.6,63.78,64.34,-0.85,3641
2015-05-29,6269,4420733,499190450,64.9,64.9,63.21,63.49,-0.85,2164
2015-06-01,6269,4087550,466505700,63.21,65.47,62.65,64.34,0.85,2258
2015-06-02,6269,7048052,823830033,64.9,67.16,64.34,65.75,1.41,3726
2015-06-03,6269,18740098,2286369248,66.6,70.27,66.32,68.57,2.82,8913
2015-06-04,6269,11284225,1332845150,69.42,69.7,63.49,64.34,-4.23,5865
2015-06-05,6269,6618803,762178951,64.34,66.6,63.49,66.03,1.69,3708
2015-06-08,6269,3993616,466597250,66.03,66.88,64.9,65.75,-0.28,2304
2015-06-09,6269,10433019,1226302666,66.88,68.01,63.78,64.34,-1.41,4974
2015-06-10,6269,7333056,859694102,65.75,67.44,64.62,67.16,2.82,4004
2015-06-11,6269,17635757,2184658131,68.57,71.11,68.29,70.55,3.39,8476
2015-06-12,6269,7666929,944694838,69.98,70.83,68.57,68.86,-1.69,4151
2015-06-15,6269,6681943,799214729,69.42,69.42,66.03,66.88,-1.98,3262
2015-06-16,6269,7377620,856430420,66.6,67.44,64.34,65.19,-1.69,3539
2015-06-17,6269,5574732,650370265,65.47,66.6,65.19,65.75,0.56,2722
2015-06-18,6269,5069243,600900020,66.03,67.73,65.47,67.73,1.98,2522
2015-06-22,6269,10394987,1285993364,68.86,70.55,68.86,69.7,1.97,5202
2015-06-23,6269,8339022,1042431665,71.11,71.96,68.86,69.14,-0.56,4540
2015-06-24,6269,7389424,928625924,69.98,71.68,69.42,71.11,1.97,3991
2015-06-25,6269,10472737,1342416388,72.24,73.37,71.11,73.37,2.26,5678
2015-06-26,6269,4836481,617137809,72.81,72.81,71.4,71.68,-1.69,2994
2015-06-29,6269,6047677,743926422,69.98,70.55,68.01,68.86,-2.82,3496
2015-06-30,6269,4882284,603542500,68.86,70.83,68.57,70.55,1.69,2680
2015-07-01,6269,22537345,3032752765,73.37,77.6,73.09,77.6,7.05,10312
2015-07-02,6269,10586509,1427614706,77.04,77.32,75.35,75.63,-1.97,6236
2015-07-03,6269,11496338,1583084427,75.91,79.86,74.78,77.6,1.97,7073
2015-07-06,6269,7709992,1072078376,76.76,80.14,76.47,77.6,0.0,4650
2015-07-07,6269,13829892,1871687172,79.58,79.86,74.22,74.78,-2.82,7528
2015-07-08,6269,19355754,2419416111,73.93,75.35,67.44,71.11,-3.67,9885
2015-07-09,6269,10335438,1286568893,68.86,72.24,67.16,71.4,0.29,5811
2015-07-13,6269,9631121,1245449875,74.22,74.22,71.96,72.24,0.84,4498
2015-07-14,6269,5996583,775569825,73.09,73.93,71.96,71.96,-0.28,3366
2015-07-15,6269,5165933,659684510,73.37,73.65,70.55,71.4,-0.56,2708
2015-07-16,6269,5705773,725169444,72.24,73.09,70.27,72.24,0.84,3138
2015-07-17,6269,10280812,1279215376,72.24,72.81,69.14,69.14,-3.1,5205
2015-07-20,6269,7057612,883763612,70.55,71.68,69.7,71.11,1.97,4007
2015-07-21,6269,5373628,669474128,71.68,71.68,68.86,71.11,0.0,3255
2015-07-22,6269,8575327,1040126718,68.29,69.7,66.88,68.57,-2.54,4809
2015-07-23,6269,17659378,2036495762,68.29,69.7,61.8,64.62,-3.95,8435
2015-07-24,6269,12705070,1430517360,63.78,65.19,62.36,63.78,-0.84,6354
2015-07-27,6269,16052994,1711003382,62.65,62.93,57.85,58.13,-5.65,8214
2015-07-28,6269,16170404,1738746152,57.85,63.78,57.29,63.78,5.65,7756
2015-07-29,6269,18925644,2087038511,62.93,64.06,60.11,61.8,-1.98,9600
2015-07-30,6269,12902181,1426701632,61.52,63.78,60.95,61.24,-0.56,7502
2015-07-31,6269,11154078,1190300221,61.8,62.36,58.98,59.54,-1.7,5915
2015-08-03,6269,9251429,974445974,59.26,60.39,58.13,59.54,0.0,4518
2015-08-04,6269,22168521,2233658849,60.11,61.8,53.62,53.62,-5.92,10433
2015-08-05,6269,28064275,2675296852,53.79,56.38,50.29,56.16,2.54,15004
2015-08-06,6269,23606572,2217577771,54.18,54.75,51.64,51.92,-4.24,13912
2015-08-07,6269,15883879,1509927784,51.36,54.69,51.36,54.18,2.26,9488
2015-08-10,6269,10063483,990555400,54.18,57.57,53.45,56.44,2.26,5761
2015-08-11,6269,11646923,1192776363,57.85,59.26,55.93,55.93,-0.51,5698
2015-08-12,6269,7659226,744710964,54.75,55.82,53.73,54.69,-1.24,4820
2015-08-13,6269,6327111,628268107,55.31,56.72,55.2,55.87,1.18,3519
2015-08-14,6269,4010343,395244402,55.87,56.27,54.86,54.97,-0.9,2668
2015-08-17,6269,7890733,779876138,55.31,56.44,54.69,56.33,1.36,4425
2015-08-18,6269,8408541,808321503,58.17,58.17,57.09,57.15,0.82,4504
2015-08-19,6269,6064965,573597364,57.45,57.75,55.95,57.03,-0.12,3909
2015-08-20,6269,6186577,596434992,56.67,58.71,56.61,57.33,0.3,4107
2015-08-21,6269,10686507,966598057,55.71,56.73,52.11,52.89,-4.44,6403
2015-08-24,6269,13099751,1055267643,50.12,50.24,47.6,47.6,-5.29,3811
2015-08-25,6269,13061692,1060076945,45.02,50.79,45.02,50.42,2.82,7263
2015-08-26,6269,7998972,677229493,50.12,52.17,49.22,51.03,0.61,4993
2015-08-27,6269,11115210,980401880,51.93,53.73,51.93,52.83,1.8,5844
2015-08-28,6269,11568607,1047749729,54.99,55.83,52.65,52.89,0.06,6585
2015-08-31,6269,11361709,1039655672,53.13,56.31,53.13,55.65,2.76,6885
2015-09-01,6269,8509684,780171259,55.17,56.13,54.33,54.33,-1.32,5362
2015-09-02,6269,6141351,552705524,53.25,54.51,53.25,54.27,-0.06,3697
2015-09-03,6269,5840894,535538542,55.77,55.89,54.15,54.15,-0.12,3668
2015-09-04,6269,8816442,784138654,54.51,55.11,51.93,51.93,-2.22,5159
2015-09-07,6269,7770701,666423800,51.93,52.29,50.79,51.99,0.06,4774
2015-09-08,6269,9710080,864427262,52.35,54.57,52.35,54.57,2.58,6183
2015-09-09,6269,18500189,1774232344,56.43,59.61,56.13,57.63,3.06,11187
2015-09-10,6269,6759322,641044374,56.43,57.45,56.31,57.09,-0.54,4340
2015-09-11,6269,11318564,1107003688,57.75,59.73,57.75,58.11,1.02,7579
2015-09-14,6269,7171784,700418838,59.13,59.49,57.93,57.99,-0.12,4645
2015-09-15,6269,5955265,572738848,59.13,59.25,56.85,57.03,-0.96,3905
2015-09-16,6269,8847494,834808532,57.69,57.99,55.83,56.19,-0.84,5553
2015-09-17,6269,6804580,648450293,57.27,57.87,56.55,57.45,1.26,4409
2015-09-18,6269,3870041,369727029,57.33,57.69,56.67,57.51,0.06,2489
2015-09-21,6269,3695881,346810871,56.49,56.79,56.07,56.13,-1.38,2509
2015-09-22,6269,5198696,493665656,56.73,57.63,56.43,56.43,0.3,3222
2015-09-23,6269,4459891,412917469,55.89,56.19,55.11,55.17,-1.26,3052
2015-09-24,6269,7732859,697034134,55.95,56.01,53.19,53.61,-1.56,4595
2015-09-25,6269,6202426,550168760,53.91,54.21,52.23,54.21,0.6,3851
2015-09-30,6269,5008807,446953767,53.43,54.15,52.83,54.03,-0.18,2890
2015-10-01,6269,9428117,877466937,54.33,57.21,54.33,57.21,3.18,5615
2015-10-02,6269,5528508,520441595,56.61,56.97,56.01,56.61,-0.6,3524
2015-10-05,6269,7239118,688168228,57.39,57.75,56.19,57.69,1.08,4193
2015-10-06,6269,18645613,1862715716,59.73,61.83,58.35,58.35,0.66,10686
2015-10-07,6269,8349652,809908053,58.65,58.77,57.75,58.23,-0.12,5572
2015-10-08,6269,6687958,648250325,59.01,59.67,56.79,56.79,-1.44,4656
2015-10-12,6269,4608546,440734522,57.69,57.81,56.91,57.75,0.96,3127
2015-10-13,6269,4465365,434317781,58.23,59.01,57.99,58.11,0.36,3099
2015-10-14,6269,5082209,484272642,57.27,57.81,56.79,56.91,-1.2,3524
2015-10-15,6269,5578888,527840238,57.63,57.93,56.19,56.25,-0.66,4045
2015-10-16,6269,5218487,485521041,56.73,56.85,55.23,55.71,-0.54,3397
2015-10-19,6269,6014467,554475848,56.31,56.31,54.69,55.17,-0.54,3994
2015-10-20,6269,6407431,586872600,55.77,56.01,54.33,55.41,0.24,4278
2015-10-21,6269,6836511,639845130,55.77,56.73,55.47,56.61,1.2,4712
2015-10-22,6269,3825267,357457833,56.13,56.61,55.89,55.89,-0.72,2666
2015-10-23,6269,3900326,365376618,56.73,56.79,55.83,55.83,-0.06,2474
2015-10-26,6269,16688811,1624532189,56.73,59.73,56.55,59.73,3.9,10135
2015-10-27,6269,12169436,1181249544,58.83,59.07,57.39,57.93,-1.8,7267
2015-10-28,6269,13813477,1352132623,58.35,59.61,57.99,59.61,1.68,8090
2015-10-29,6269,30160987,2908553726,60.03,60.03,56.07,56.31,-3.3,17263
2015-10-30,6269,16273061,1493814965,56.31,56.73,54.21,54.75,-1.56,10879
2015-11-02,6269,8606241,784055257,54.39,55.29,54.15,54.69,-0.06,5500
2015-11-03,6269,6868583,634210536,55.23,55.83,55.05,55.23,0.54,4270
2015-11-04,6269,10998311,1025350647,55.83,56.67,55.23,55.77,0.54,6868
2015-11-05,6269,7037723,650151657,55.65,55.95,55.05,55.53,-0.24,4531
2015-11-06,6269,15764077,1493869893,56.43,57.63,55.95,56.31,0.78,9878
2015-11-09,6269,6903860,649624398,56.91,57.27,55.83,56.01,-0.3,4155
2015-11-10,6269,4519437,423297772,56.25,56.73,55.83,55.89,-0.12,2961
2015-11-11,6269,8404731,769692617,56.19,56.25,54.39,54.51,-1.38,5373
2015-11-12,6269,7613206,688309152,55.11,55.11,53.31,55.11,0.6,5019
2015-11-13,6269,5037931,464181006,54.33,56.01,54.33,55.47,0.36,3429
2015-11-16,6269,8404766,760801586,54.15,54.75,53.91,54.39,-1.08,5164
2015-11-17,6269,4404244,405202662,55.29,55.53,54.93,55.05,0.66,2711
2015-11-18,6269,8552073,801189264,55.65,56.61,55.41,55.89,0.84,5672
2015-11-19,6269,10775765,1022741830,57.03,57.33,56.55,56.79,0.9,5870
2015-11-20,6269,7070968,672172784,57.33,57.81,56.31,56.43,-0.36,4498
2015-11-23,6269,3750983,354346472,57.27,57.27,56.37,56.91,0.48,2464
2015-11-24,6269,4512125,423136879,57.15,57.15,55.77,55.77,-1.14,3174
2015-11-25,6269,4128557,379197102,56.31,56.31,54.75,55.11,-0.66,2881
2015-11-26,6269,2945021,271426432,55.41,55.59,55.11,55.23,0.12,1931
2015-11-27,6269,3121710,285752020,55.53,55.53,54.63,55.23,0.0,2082
2015-11-30,6269,2063840,189085978,55.05,55.23,54.63,55.17,-0.06,1349
2015-12-01,6269,6028342,565022061,55.59,56.91,55.53,56.31,1.14,3810
2015-12-02,6269,7487457,707968453,56.61,57.51,56.25,56.43,0.12,4937
2015-12-03,6269,3520249,330267457,56.13,57.03,55.71,55.71,-0.72,2590
2015-12-04,6269,3738413,343422596,54.99,55.47,54.75,55.17,-0.54,2589
2015-12-07,6269,5103246,469276163,55.95,56.01,54.75,54.87,-0.3,3405
2015-12-08,6269,12482700,1113037860,54.03,54.21,52.59,53.01,-1.86,7296
2015-12-09,6269,5813863,513058114,52.89,53.43,52.53,52.77,-0.24,3694
2015-12-10,6269,6052495,523961495,52.71,52.83,51.21,51.99,-0.78,4043
2015-12-11,6269,9551226,799387742,52.29,52.47,48.74,48.86,-3.13,5985
2015-12-14,6269,10589730,839043040,47.9,48.74,46.52,46.52,-2.34,6412
2015-12-15,6269,6084310,476986489,47.18,47.54,46.28,46.82,0.3,3869
2015-12-16,6269,11583227,892040109,47.12,47.42,45.26,47.12,0.3,7343
2015-12-17,6269,7685132,614462486,47.66,48.5,47.06,48.02,0.9,4788
2015-12-18,6269,4376097,344403063,47.12,47.6,46.76,47.42,-0.6,2797
2015-12-21,6269,3793595,300620628,46.58,48.38,46.58,47.96,0.54,2438
2015-12-22,6269,4551013,365061321,48.62,48.74,47.48,47.48,-0.48,3049
2015-12-23,6269,3600371,286141009,47.6,48.26,47.3,47.3,-0.18,2546
2015-12-24,6269,2741510,218421419,48.02,48.14,47.48,47.48,0.18,1923
2015-12-25,6269,9230071,767541858,49.82,50.73,49.46,49.58,2.1,5826
2015-12-28,6269,3623806,297577586,49.94,50.06,48.8,48.8,-0.78,2440
2015-12-29,6269,3048110,244760812,48.62,48.68,47.9,48.14,-0.66,2023
2015-12-30,6269,3086583,246219844,48.62,48.74,47.36,47.6,-0.54,1833
2015-12-31,6269,3257192,256632868,47.42,47.72,46.94,47.24,-0.36,2040
2016-01-04,6269,2707539,213592981,47.54,47.9,46.82,47.12,-0.12,1976
2016-01-05,6269,7462452,575696567,47.18,47.36,45.74,45.74,-1.38,4704
2016-01-06,6269,12806455,924194275,45.02,45.02,42.14,43.34,-2.4,7759
2016-01-07,6269,8042471,567018339,42.62,43.4,41.42,42.2,-1.14,4780
2016-01-08,6269,8554617,595916707,40.76,42.86,39.92,42.62,0.42,5092
2016-01-11,6269,3754108,264225368,41.78,43.1,41.42,42.68,0.06,2315
2016-01-12,6269,5262162,364962386,43.1,43.28,40.88,40.94,-1.74,3004
2016-01-13,6269,3571594,246884942,41.9,41.96,41.06,41.06,0.12,2373
2016-01-14,6269,6493243,433244019,40.04,40.64,39.2,39.68,-1.38,3960
2016-01-15,6269,5586590,377759495,40.52,41.24,40.22,40.46,0.78,3525
2016-01-18,6269,6416716,446304136,39.98,43.04,39.92,42.62,2.16,4141
2016-01-19,6269,5332197,377426484,42.2,43.28,41.72,42.74,0.12,3150
2016-01-20,6269,7501652,523042929,42.02,42.38,41.18,42.2,-0.54,3747
2016-01-21,6269,3975764,278136580,42.56,42.62,41.48,41.96,-0.24,2039
2016-01-22,6269,4481509,313639074,42.44,42.62,41.48,42.02,0.06,2390
2016-01-25,6269,4030150,288318060,43.1,43.4,42.62,42.62,0.6,2674
2016-01-26,6269,2728938,192695856,42.2,42.98,41.96,42.92,0.3,1704
2016-01-27,6269,3896504,277062529,43.04,43.22,42.26,42.92,0.0,2118
2016-01-28,6269,6319476,452044872,42.32,43.4,42.2,43.22,0.3,3532
2016-01-29,6269,12716940,980625231,44.24,47.54,44.24,47.54,4.32,6231
2016-01-30,6269,13543407,1100285260,48.62,49.46,47.96,47.96,0.42,7615
2016-02-01,6269,8059735,654256535,48.62,49.4,47.96,48.62,0.66,4647
2016-02-02,6269,4939195,399236190,48.92,49.16,48.08,48.32,-0.3,2769
2016-02-03,6269,5460344,438482378,47.72,48.8,47.66,47.9,-0.42,2806
2016-02-15,6269,3938512,316176357,47.6,48.8,47.42,48.38,0.48,2532
2016-02-16,6269,8758805,727327739,48.8,50.67,48.62,49.64,1.26,5540
2016-02-17,6269,3736908,309270614,50.24,50.24,49.28,49.34,-0.3,2405
2016-02-18,6269,4909848,409284752,50.36,50.42,49.52,49.52,0.18,2908
2016-02-19,6269,4776197,398223920,49.76,50.42,49.58,50.0,0.48,2829
2016-02-22,6269,5869035,480414039,50.0,50.3,48.62,48.8,-1.2,3561
2016-02-23,6269,3509724,285486581,49.1,49.28,48.56,48.74,-0.06,2417
2016-02-24,6269,3359047,269545159,48.56,48.56,47.84,48.14,-0.6,2274
2016-02-25,6269,2540265,205513301,48.56,48.86,48.32,48.44,0.3,1655
2016-02-26,6269,3164476,258108632,48.74,49.28,48.26,49.28,0.84,2250
2016-03-01,6269,11875608,1020191231,49.7,53.01,49.52,52.23,2.95,7632
2016-03-02,6269,13780011,1233602339,53.37,54.39,53.01,53.31,1.08,8258
2016-03-03,6269,5128410,453030751,54.03,54.09,52.29,53.25,-0.06,3187
2016-03-04,6269,3331276,295778038,53.55,53.73,52.95,53.19,-0.06,2128
2016-03-07,6269,2875096,254104095,53.85,53.85,52.53,52.59,-0.6,2100
2016-03-08,6269,3772313,330396300,52.35,53.31,51.93,53.19,0.6,2491
2016-03-09,6269,2851668,250123072,52.83,53.01,52.29,52.71,-0.48,1811
2016-03-10,6269,2880895,253340190,52.71,53.07,52.35,52.53,-0.18,1871
2016-03-11,6269,2709890,238779496,52.71,53.25,52.35,53.13,0.6,1718
2016-03-14,6269,6097927,548310673,53.61,54.63,53.25,54.33,1.2,3709
2016-03-15,6269,7060295,624127165,54.63,54.75,52.05,52.05,-2.28,4395
2016-03-16,6269,3203749,282892952,52.77,53.55,52.53,52.83,0.78,2195
2016-03-17,6269,2888891,255233855,53.67,53.73,52.35,52.53,-0.3,1883
2016-03-18,6269,2186855,193463762,52.65,53.37,52.53,53.37,0.84,1480
2016-03-21,6269,1630181,145001428,53.73,53.79,52.83,53.37,0.0,1091
2016-03-22,6269,2890710,252849570,53.13,53.13,52.11,52.23,-1.14,1806
2016-03-23,6269,5896579,500785615,52.11,52.17,50.3,50.61,-1.62,3420
2016-03-24,6269,4970864,419587990,50.36,51.39,49.76,51.33,0.72,2809
2016-03-25,6269,2734311,230734751,51.63,51.63,50.18,50.3,-1.03,1681
2016-03-28,6269,6527170,534709111,50.36,50.79,48.5,48.68,-1.62,3895
2016-03-29,6269,4435776,362667030,48.38,50.42,48.38,48.62,-0.06,2916
2016-03-30,6269,3582811,298704027,49.52,50.42,49.46,50.42,1.8,2324
2016-03-31,6269,1566269,130579627,50.91,50.91,49.64,49.82,-0.6,1070
2016-04-01,6269,2353768,192857112,50.0,50.0,48.8,49.1,-0.72,1472
2016-04-06,6269,3804788,309994251,49.1,49.94,47.78,49.94,0.84,2333
2016-04-07,6269,3152580,260119118,49.82,49.88,48.98,49.7,-0.24,1860
2016-04-08,6269,3606408,296594069,49.4,50.06,48.92,49.4,-0.3,2149
2016-04-11,6269,3026326,244747206,48.8,48.8,48.26,48.56,-0.84,2020
2016-04-12,6269,2351805,189283498,48.56,48.98,48.02,48.32,-0.24,1565
2016-04-13,6269,1779691,144143329,48.68,48.86,48.38,48.62,0.3,1261
2016-04-14,6269,1747201,143499053,49.22,49.64,48.98,49.16,0.54,1187
2016-04-15,6269,2393207,194543803,48.92,49.1,48.44,49.1,-0.06,1521
2016-04-18,6269,5723212,453460525,48.5,48.62,47.0,47.12,-1.98,3411
2016-04-19,6269,4223820,331305478,47.84,48.02,46.58,46.7,-0.42,2850
2016-04-20,6269,4457885,340510430,46.82,47.42,45.02,45.62,-1.08,2869
2016-04-21,6269,3717637,282641746,45.74,45.98,45.32,45.38,-0.24,2208
2016-04-22,6269,3429096,260398788,45.2,46.4,44.78,46.4,1.02,1987
2016-04-25,6269,1513127,116232679,46.4,46.4,45.62,46.1,-0.3,1046
2016-04-26,6269,877228,67728056,46.64,46.64,45.92,45.92,-0.18,651
2016-04-27,6269,1484634,114806996,45.8,46.76,45.62,46.4,0.48,1096
2016-04-28,6269,2441036,185212772,46.4,46.4,44.78,44.96,-1.44,1524
2016-04-29,6269,2277862,168586431,44.42,44.78,44.12,44.66,-0.3,1520
2016-05-03,6269,2040401,148770430,44.78,44.96,43.4,43.52,-1.14,1439
2016-05-04,6269,1536559,112551457,43.52,44.42,43.34,43.88,0.36,1062
2016-05-05,6269,1162291,84842868,43.94,44.36,43.28,44.12,0.24,875
2016-05-06,6269,1677922,124596900,44.12,44.9,43.52,44.78,0.66,1188
2016-05-09,6269,2947010,224132546,44.72,46.22,44.48,45.68,0.9,1871
2016-05-10,6269,2207038,169242888,44.78,47.0,44.78,45.62,-0.06,1597
2016-05-11,6269,2342814,179796943,46.1,46.76,45.38,45.74,0.12,1652
2016-05-12,6269,1610180,122261031,45.74,46.04,45.14,45.32,-0.42,1063
2016-05-13,6269,3733048,275291000,44.9,45.02,43.4,45.02,-0.3,2364
2016-05-16,6269,1523669,112788128,44.6,44.9,44.12,44.12,-0.9,1081
2016-05-17,6269,6973647,540005947,45.02,47.78,45.02,47.12,3.0,4632
2016-05-18,6269,5131873,409103154,46.7,48.44,46.58,48.02,0.9,3580
2016-05-19,6269,2948029,233352162,48.32,48.56,47.0,47.06,-0.96,2160
2016-05-20,6269,2037214,161399764,47.06,47.9,46.82,47.6,0.54,1573
2016-05-23,6269,9114556,756962412,48.32,51.27,47.9,49.88,2.28,5631
2016-05-24,6269,3513468,292320140,50.18,50.61,49.52,49.88,0.0,2481
2016-05-25,6269,4438828,370478934,50.73,50.79,49.58,49.58,-0.3,2842
2016-05-26,6269,2659667,221902761,50.42,50.42,49.76,50.06,0.48,1484
2016-05-27,6269,1481026,124040664,50.18,50.48,50.12,50.36,0.3,1115
2016-05-30,6269,1361108,113980237,50.42,50.61,49.88,50.42,0.06,892
2016-05-31,6269,1918915,161044715,50.67,50.85,50.0,50.24,-0.18,1264
2016-06-01,6269,2665734,224853556,50.42,51.15,50.24,50.42,0.18,1749
2016-06-02,6269,1830947,153362620,50.61,50.97,49.7,49.82,-0.6,1277
2016-06-03,6269,2455145,201954921,50.12,50.24,48.8,49.34,-0.48,1562
2016-06-04,6269,591747,48567254,49.22,49.46,49.16,49.22,-0.12,470
2016-06-06,6269,1989025,162410225,49.22,49.82,48.68,48.74,-0.48,1396
2016-06-07,6269,3048214,247239639,48.5,49.16,48.38,48.38,-0.36,1866
2016-06-08,6269,2743230,225735008,48.62,49.82,48.56,49.22,0.84,1950
2016-06-13,6269,2016993,162171029,49.22,49.22,47.9,48.14,-1.08,1385
2016-06-14,6269,1760775,141846244,47.9,49.1,47.48,48.8,0.66,1270
2016-06-15,6269,1855890,149926215,48.8,48.92,48.14,48.38,-0.42,1286
2016-06-16,6269,2555475,202368725,48.14,48.38,47.18,47.18,-1.2,1821
2016-06-17,6269,2063820,164411137,47.6,48.26,47.3,48.26,1.08,1344
2016-06-20,6269,1384001,111856572,48.5,48.86,48.08,48.62,0.36,832
2016-06-21,6269,1167906,94574910,48.62,48.74,48.32,48.62,0.0,736
2016-06-22,6269,1435648,117259308,48.62,49.22,48.5,49.22,0.6,924
2016-06-23,6269,1188731,96925615,49.16,49.16,48.62,49.16,-0.06,966
2016-06-24,6269,3425962,272436995,48.92,49.1,46.7,47.12,-2.04,2207
2016-06-27,6269,1654806,131829280,46.94,48.2,46.88,48.2,1.08,1138
2016-06-28,6269,1370532,110423538,47.78,48.74,47.54,48.68,0.48,936
2016-06-29,6269,3707619,308666377,49.52,50.48,49.22,49.88,1.2,2496
2016-06-30,6269,1518110,126234087,50.18,50.18,49.64,49.82,-0.06,980
2016-07-01,6269,1565005,130804608,50.18,50.42,50.0,50.12,0.3,899
2016-07-04,6269,1086445,90326776,50.3,50.3,49.7,49.76,-0.36,671
2016-07-05,6269,2403795,201690539,49.88,50.73,49.88,50.24,0.48,1414
2016-07-06,6269,2559242,210599663,50.0,50.0,49.1,49.4,-0.84,1475
2016-07-07,6269,1500675,123797109,49.82,49.82,49.28,49.46,0.06,902
2016-07-11,6269,3337714,280463720,50.12,51.03,49.46,50.42,0.96,2182
2016-07-12,6269,2247287,187443345,50.36,50.42,49.76,49.94,-0.48,1489
2016-07-13,6269,1551795,128908085,50.12,50.3,49.7,49.88,-0.06,941
2016-07-14,6269,3525697,297021786,49.88,51.03,49.82,50.85,0.97,2083
2016-07-15,6269,5981901,513736385,51.33,51.81,51.15,51.21,0.36,3473
2016-07-18,6269,2047365,174543225,51.33,51.75,50.85,51.21,0.0,1249
2016-07-19,6269,3834860,330897205,51.75,52.23,51.21,51.57,0.36,2542
2016-07-20,6269,1779011,152110728,51.57,51.81,51.03,51.27,-0.3,1067
2016-07-21,6269,3349884,288924576,51.81,52.11,51.51,51.81,0.54,1873
2016-07-22,6269,8331424,735745022,52.29,53.55,52.29,53.01,1.2,5055
2016-07-25,6269,4857670,422008207,53.25,53.37,51.45,51.81,-1.2,3077
2016-07-26,6269,3400374,293310838,51.63,52.47,51.03,52.47,0.66,2160
2016-07-27,6269,5266479,462816406,53.19,53.25,52.11,52.41,-0.06,3312
2016-07-28,6269,7613774,650602916,52.47,52.83,50.12,50.24,-2.17,4529
2016-07-29,6269,13025597,1096025111,50.61,51.21,49.52,51.03,0.79,6032
2016-08-01,6269,4753254,405578208,51.03,51.75,50.79,51.51,0.48,2871
2016-08-02,6269,4476131,388427662,51.51,52.41,51.27,52.23,0.72,3069
2016-08-03,6269,3094541,267720947,51.63,52.29,51.51,52.17,-0.06,1911
2016-08-04,6269,6546178,578118877,52.23,53.73,52.23,52.59,0.42,3731
2016-08-05,6269,3844522,339795232,52.71,53.37,52.23,53.13,0.54,2403
2016-08-08,6269,4542345,405844457,53.55,53.85,53.37,53.67,0.54,2796
2016-08-09,6269,7699519,697572581,54.03,55.11,53.85,54.03,0.36,4860
2016-08-10,6269,2682933,239670837,54.09,54.09,53.31,53.49,-0.54,1845
2016-08-11,6269,4887445,427802682,53.43,53.43,51.63,52.47,-1.02,2747
2016-08-12,6269,1731505,151307035,53.01,53.01,52.05,52.23,-0.24,1180
2016-08-15,6269,1893586,166346068,52.29,53.07,52.17,52.83,0.6,1186
2016-08-16,6269,1893919,166148114,53.19,53.25,52.29,52.71,-0.12,1330
2016-08-17,6269,2761339,242169086,52.77,52.95,52.35,52.71,0.0,1842
2016-08-18,6269,1380730,121774040,52.71,53.19,52.53,53.01,0.3,1007
2016-08-19,6269,1311571,115285352,53.19,53.25,52.53,52.53,-0.48,936
2016-08-22,6269,2446864,210698509,52.41,52.41,51.39,51.51,-1.02,1708
2016-08-23,6269,1895539,162357059,51.21,51.75,51.21,51.27,-0.24,1396
2016-08-24,6269,1795186,153256396,51.27,51.75,51.09,51.15,-0.12,1367
2016-08-25,6269,3070947,266911151,51.51,52.71,51.15,52.53,1.38,2140
2016-08-26,6269,2962158,258437292,52.77,52.83,51.93,51.99,-0.54,1978
2016-08-29,6269,1957686,169039618,52.17,52.23,51.51,51.75,-0.24,1115
2016-08-30,6269,2165224,188838088,52.23,52.71,51.87,52.35,0.6,1446
2016-08-31,6269,3276909,288654692,53.01,53.13,52.65,53.01,0.66,2053
2016-09-01,6269,2118502,185705760,53.01,53.13,52.35,52.59,-0.42,1417
2016-09-02,6269,2757504,238449485,52.89,52.89,51.21,52.05,-0.54,1767
2016-09-05,6269,1953347,170440813,52.77,52.77,52.17,52.23,0.18,1176
2016-09-06,6269,8307166,740992291,52.83,53.97,52.71,53.73,1.5,4488
2016-09-07,6269,12750274,1152395361,54.03,54.75,53.91,54.57,0.84,5989
2016-09-08,6269,10374888,872059254,55.89,56.16,55.36,55.69,1.12,5729
2016-09-09,6269,3754669,312779051,55.1,55.56,54.83,55.43,-0.26,1890
2016-09-10,6269,2118603,174609027,54.57,54.9,54.5,54.7,-0.73,1271
2016-09-12,6269,2238081,184485854,54.7,54.96,54.37,54.37,-0.33,1369
2016-09-13,6269,2630745,216038790,55.03,55.3,53.9,54.1,-0.27,1539
2016-09-14,6269,4413431,361246242,54.7,54.96,53.57,54.04,-0.06,2311
2016-09-19,6269,9285533,788145164,55.76,57.02,55.43,56.62,2.58,4814
2016-09-20,6269,11093155,959275328,56.69,58.68,56.62,57.95,1.33,6367
2016-09-21,6269,13613764,1213809948,58.48,59.54,58.21,58.94,0.99,7028
2016-09-22,6269,10946732,988687276,60.14,60.8,59.21,59.67,0.73,5995
2016-09-23,6269,5962406,538307422,60.34,60.4,59.54,60.2,0.53,4086
2016-09-26,6269,8165264,741919724,59.8,60.67,59.67,60.67,0.47,4448
2016-09-29,6269,7542920,698187340,61.33,62.19,60.67,61.13,0.46,4641
2016-09-30,6269,8202536,764009014,61.13,62.32,61.0,61.86,0.73,4862
2016-10-03,6269,5122337,476190143,62.26,62.52,61.0,61.73,-0.13,2614
2016-10-04,6269,3424482,317734362,61.79,61.93,61.2,61.33,-0.4,1840
2016-10-05,6269,3898530,363353209,61.6,62.52,61.33,61.66,0.33,2595
2016-10-06,6269,2901395,267903609,61.73,61.99,60.87,61.4,-0.26,1777
2016-10-07,6269,5648779,510842802,61.0,61.0,59.27,59.61,-1.79,3472
2016-10-11,6269,5235939,467383854,60.34,60.34,58.48,59.21,-0.4,2942
2016-10-12,6269,3355212,301257038,59.27,60.2,58.68,59.61,0.4,2103
2016-10-13,6269,2197067,196088663,59.67,59.8,58.81,59.08,-0.53,1605
2016-10-14,6269,5911327,516362089,59.01,59.01,57.42,57.68,-1.4,3302
2016-10-17,6269,4315231,385384836,58.35,60.0,58.01,59.87,2.19,2762
2016-10-18,6269,1806631,161953653,59.87,59.94,59.14,59.41,-0.46,1285
2016-10-19,6269,2371638,213280671,59.67,59.94,59.27,59.54,0.13,1728
2016-10-20,6269,2236923,201170579,59.74,59.94,59.27,59.61,0.07,1525
2016-10-21,6269,2007077,180221796,59.61,59.94,59.27,59.61,0.0,1519
2016-10-24,6269,4112661,375711930,59.8,61.0,59.61,60.73,1.12,2882
2016-10-25,6269,6366191,591100451,61.0,61.99,60.73,61.6,0.87,3951
2016-10-26,6269,7005695,653698079,61.33,62.46,60.73,62.06,0.46,4872
2016-10-27,6269,3814325,354205050,61.86,62.52,61.13,61.26,-0.8,2956
2016-10-28,6269,6858875,620877627,60.27,60.47,59.67,59.67,-1.59,4209
2016-10-31,6269,2671867,239879095,59.67,60.14,59.21,59.61,-0.06,2245
2016-11-01,6269,4449146,399616518,59.34,60.27,58.61,60.14,0.53,3074
2016-11-02,6269,4443585,395893830,59.47,60.14,58.55,58.55,-1.59,3260
2016-11-03,6269,3043258,265877795,58.55,59.08,57.42,57.82,-0.73,2162
2016-11-04,6269,1741626,152393694,57.75,58.48,57.55,57.55,-0.27,1367
2016-11-07,6269,2945235,261148249,58.21,59.34,57.55,59.21,1.66,2050
2016-11-08,6269,2441588,217438032,59.41,59.41,58.68,59.21,0.0,1857
2016-11-09,6269,6285536,547566968,59.47,60.14,56.03,56.22,-2.99,4016
2016-11-10,6269,3403828,295414534,57.82,58.15,57.15,57.42,1.2,2347
2016-11-11,6269,3274062,276699208,56.09,56.56,55.63,55.63,-1.79,2109
2016-11-14,6269,6779230,553049719,55.69,55.76,53.57,53.9,-1.73,4457
2016-11-15,6269,3573905,291285124,53.57,54.77,52.78,54.63,0.73,2654
2016-11-16,6269,2496743,206441282,54.9,55.36,54.37,54.57,-0.06,1881
2016-11-17,6269,3329933,272992828,54.83,54.96,53.57,54.9,0.33,2435
2016-11-18,6269,1923268,159616823,54.9,55.36,54.57,55.36,0.46,1543
2016-11-21,6269,3584752,301091568,55.36,56.22,55.16,55.69,0.33,2813
2016-11-22,6269,3580444,301528239,55.83,56.03,55.56,56.03,0.34,2404
2016-11-23,6269,3220129,274670233,56.09,56.89,56.09,56.69,0.66,2284
2016-11-24,6269,2438662,205786478,56.69,56.75,55.3,55.5,-1.19,1690
2016-11-25,6269,2030410,170807271,55.1,56.22,55.1,56.16,0.66,1511
2016-11-28,6269,1996833,170306605,56.36,56.82,56.16,56.62,0.46,1485
2016-11-29,6269,2058698,176612876,56.62,57.02,56.56,56.95,0.33,1738
2016-11-30,6269,1334686,113936310,56.95,57.09,56.22,56.62,-0.33,1068
2016-12-01,6269,1083415,91999642,56.42,56.56,56.03,56.03,-0.59,872
2016-12-02,6269,2372906,197542835,55.03,55.5,54.9,55.23,-0.8,1662
2016-12-05,6269,2012829,165647007,54.96,55.1,54.24,55.03,-0.2,1376
2016-12-06,6269,1597928,132659508,55.23,55.5,54.7,54.9,-0.13,1220
2016-12-07,6269,1812233,150113267,55.1,55.36,54.63,54.63,-0.27,1472
2016-12-08,6269,3695106,302983894,54.63,54.63,53.97,54.63,0.0,2297
2016-12-09,6269,1608261,132535848,55.1,55.1,54.43,54.57,-0.06,1116
2016-12-12,6269,1412003,116613524,54.96,55.03,54.5,54.7,0.13,1062
2016-12-13,6269,3266387,274824508,54.7,56.29,54.7,55.89,1.19,2390
2016-12-14,6269,1788792,150983828,56.36,56.36,55.69,55.69,-0.2,1274
2016-12-15,6269,1042232,87716488,55.5,56.03,55.23,56.03,0.34,827
2016-12-16,6269,925548,77825855,56.03,56.16,55.56,55.63,-0.4,794
2016-12-19,6269,844547,70365201,55.63,55.63,54.96,55.03,-0.6,673
2016-12-20,6269,1034361,86645912,55.16,56.09,55.1,55.43,0.4,725
2016-12-21,6269,3593608,305640027,56.36,56.89,55.89,55.89,0.46,2263
2016-12-22,6269,1019376,85882833,56.36,56.36,55.63,55.63,-0.26,773
2016-12-23,6269,937424,78575346,55.56,56.03,55.3,55.3,-0.33,694
2016-12-26,6269,1230475,103520821,55.5,56.36,55.1,55.96,0.66,778
2016-12-27,6269,608953,51343646,56.09,56.29,55.76,55.76,-0.2,435
2016-12-28,6269,811110,68608246,55.76,56.22,55.76,56.09,0.33,537
2016-12-29,6269,1666382,141780180,56.09,56.69,55.89,56.22,0.13,1030
2016-12-30,6269,952363,80782329,56.09,56.49,56.09,56.22,0.0,662
2017-01-03,6269,1893129,161225065,55.76,56.75,55.56,56.69,0.47,1067
2017-01-04,6269,2762313,237914666,56.69,57.42,56.49,57.02,0.33,1753
2017-01-05,6269,1514256,130247618,56.89,57.35,56.56,57.09,0.07,1000
2017-01-06,6269,2933806,254749586,57.02,58.01,56.82,57.68,0.59,1912
2017-01-09,6269,3515056,308764563,57.68,58.68,57.68,58.21,0.53,2130
2017-01-10,6269,2430833,213958600,58.21,58.61,57.75,58.55,0.34,1384
2017-01-11,6269,3492510,309989245,58.55,59.47,58.15,59.08,0.53,2325
2017-01-12,6269,3082813,274724062,59.01,59.41,58.74,58.81,-0.27,1748
2017-01-13,6269,1674565,148530807,58.55,59.08,58.55,58.81,0.0,1090
2017-01-16,6269,2294991,199956101,58.68,58.68,57.48,57.48,-1.33,1504
2017-01-17,6269,1831631,160379816,57.68,58.48,57.29,58.48,1.0,1119
2017-01-18,6269,2055931,180411767,58.15,58.48,57.82,58.08,-0.4,1371
2017-01-19,6269,1458834,127870927,57.68,58.41,57.68,58.08,0.0,900
2017-01-20,6269,1173746,102970901,58.01,58.28,58.01,58.15,0.07,728
2017-01-23,6269,7695173,695115870,58.48,60.53,58.48,60.07,1.92,4293
2017-01-24,6269,8374627,745444103,59.01,59.54,58.55,59.47,-0.6,4096
2017-02-02,6269,6683092,614924930,60.0,61.73,60.0,61.0,1.53,4335
2017-02-03,6269,4201455,388275647,61.53,62.26,60.53,60.53,-0.47,2982
2017-02-06,6269,1950967,179252797,60.87,61.33,60.67,60.67,0.14,1563
2017-02-07,6269,3554354,321649012,60.67,60.87,59.74,60.0,-0.67,2642
2017-02-08,6269,2542482,231281162,60.14,60.8,59.8,60.73,0.73,1925
2017-02-09,6269,2362221,216003335,60.67,61.2,60.27,60.34,-0.39,1714
2017-02-10,6269,6215150,575073634,60.87,61.66,60.53,61.0,0.66,3985
2017-02-13,6269,6816177,642448560,61.13,63.65,60.73,62.92,1.92,4391
2017-02-14,6269,10730083,1044585051,63.32,66.17,62.79,64.98,2.06,6665
2017-02-15,6269,5878438,574465648,64.98,65.57,63.98,63.98,-1.0,3873
2017-02-16,6269,3296886,314653132,64.11,64.25,62.85,63.05,-0.93,2143
2017-02-17,6269,3008163,284169422,63.05,63.05,62.46,62.46,-0.59,1995
2017-02-18,6269,2388758,226680810,62.46,63.52,62.06,63.32,0.86,1556
2017-02-20,6269,2897335,272128845,63.52,63.52,61.53,61.53,-1.79,1805
2017-02-21,6269,1659574,155121282,61.79,62.32,61.33,61.93,0.4,1198
2017-02-22,6269,2383683,224119832,62.92,62.92,61.99,61.99,0.06,1711
2017-02-23,6269,3332065,316295710,61.99,63.45,61.66,62.46,0.47,2418
2017-02-24,6269,2465842,233529797,62.52,63.05,62.13,62.66,0.2,1732
2017-03-01,6269,3322799,307803593,62.66,62.66,60.67,61.53,-1.13,2426
2017-03-02,6269,3428042,315958432,62.19,62.19,60.67,61.06,-0.47,2282
2017-03-03,6269,3443037,319758477,60.93,62.19,60.67,61.6,0.54,2142
2017-03-06,6269,1781163,164880523,61.66,61.79,61.13,61.26,-0.34,1295
2017-03-07,6269,4867385,460774131,61.73,63.32,61.66,63.25,1.99,3379
2017-03-08,6269,5069874,488457004,63.32,64.98,62.66,63.78,0.53,3254
2017-03-09,6269,3934321,373098095,63.58,63.78,62.46,62.99,-0.79,2965
2017-03-10,6269,2688773,251558962,62.52,62.66,61.66,62.32,-0.67,2009
2017-03-13,6269,2140880,201882621,62.59,63.05,62.13,62.19,-0.13,1574
2017-03-14,6269,1874065,178451909,62.39,63.78,62.39,62.99,0.8,1380
2017-03-15,6269,1894207,178739045,62.99,62.99,62.32,62.39,-0.6,1513
2017-03-16,6269,7657230,737182517,62.99,64.51,62.66,63.45,1.06,4752
2017-03-17,6269,3501019,337557287,63.39,64.45,62.92,64.25,0.8,2592
2017-03-20,6269,16232050,1644130300,63.98,68.95,63.98,68.62,4.37,8754
2017-03-21,6269,5102174,526702748,68.62,69.29,67.63,67.96,-0.66,3179
2017-03-22,6269,7517978,760264092,66.3,68.95,65.84,68.29,0.33,4183
2017-03-23,6269,7790045,813578110,68.29,71.28,67.3,69.62,1.33,4664
2017-03-24,6269,4762562,500179886,70.28,70.94,68.62,68.62,-1.0,2943
2017-03-27,6269,2761841,284169282,68.62,69.29,67.63,67.63,-0.99,1558
2017-03-28,6269,6809623,679060961,68.29,68.62,64.84,65.97,-1.66,3438
2017-03-29,6269,5001644,511521188,66.97,68.62,66.63,67.63,1.66,3302
2017-03-30,6269,2177523,223783064,68.29,68.95,67.63,67.63,0.0,1546
2017-03-31,6269,10482075,1113739875,68.29,71.61,68.29,69.95,2.32,5457
2017-04-05,6269,6769583,722978715,71.61,72.6,69.29,69.62,-0.33,3648
2017-04-06,6269,4729562,489826886,69.62,70.61,67.63,68.29,-1.33,2625
2017-04-07,6269,6654653,673544358,68.29,68.95,66.24,67.3,-0.99,3297
2017-04-10,6269,3149134,315547351,66.63,67.3,66.04,66.63,-0.67,2013
2017-04-11,6269,2766674,275407977,66.97,67.3,65.64,65.64,-0.99,1796
2017-04-12,6269,5727961,580949021,66.97,67.96,66.3,67.63,1.99,3534
2017-04-13,6269,6639850,695834900,68.95,70.28,68.29,68.95,1.32,3742
2017-04-14,6269,4407784,447320400,68.95,68.95,66.3,66.3,-2.65,2424
2017-04-17,6269,5031092,503935800,67.96,68.62,65.18,66.3,0.0,2871
2017-04-18,6269,3673597,374758075,67.3,68.29,66.97,67.3,1.0,1993
2017-04-19,6269,5688811,581420911,66.63,68.95,66.63,66.97,-0.33,2928
2017-04-20,6269,4813022,481819380,67.3,67.3,65.97,65.97,-1.0,2601
2017-04-21,6269,3583456,358351907,66.63,67.3,65.97,66.04,0.07,2349
2017-04-24,6269,4144138,419044276,66.97,67.96,66.17,67.96,1.92,2357
2017-04-25,6269,7044794,732177576,67.96,69.62,67.63,69.29,1.33,4414
2017-04-26,6269,10712625,1147443009,69.95,72.27,69.29,70.94,1.65,5450
2017-04-27,6269,4491016,477564196,70.61,71.28,69.62,70.61,-0.33,2891
2017-04-28,6269,24319452,2767144320,69.95,77.57,69.62,74.26,3.65,11176
2017-05-02,6269,12216029,1408629335,75.58,77.91,74.92,76.58,2.32,6547
2017-05-03,6269,5814284,666137592,76.25,76.91,75.25,75.25,-1.33,3312
2017-05-04,6269,6199135,719311161,75.58,77.91,75.58,77.57,2.32,3464
2017-05-05,6269,5109865,583364745,76.25,76.91,74.92,74.92,-2.65,2904
2017-05-08,6269,3128409,357157407,75.58,76.25,74.59,76.25,1.33,1912
2017-05-09,6269,6927757,799762390,76.58,78.57,74.92,75.25,-1.0,3877
2017-05-10,6269,3043409,348395035,75.58,76.91,74.59,76.58,1.33,1779
2017-05-11,6269,2727887,311738661,76.91,76.91,74.92,75.58,-1.0,1462
2017-05-12,6269,2757801,314231013,75.58,76.25,74.92,74.92,-0.66,1463
2017-05-15,6269,2478398,284094550,75.25,76.58,75.25,76.25,1.33,1382
2017-05-16,6269,6394584,744692160,76.58,78.9,75.92,76.25,0.0,3487
2017-05-17,6269,2592101,296109951,76.25,76.91,75.25,75.25,-1.0,1620
2017-05-18,6269,5016186,559944704,73.26,75.58,72.6,75.58,0.33,2218
2017-05-19,6269,1455365,164989555,76.25,76.25,74.59,74.59,-0.99,1088
2017-05-22,6269,2400831,273447903,75.25,76.25,74.59,74.92,0.33,1396
2017-05-23,6269,1851861,210002793,75.25,76.25,74.59,74.59,-0.33,1196
2017-05-24,6269,1261156,142594541,75.25,75.25,74.59,74.92,0.33,914
2017-05-25,6269,2073281,233690472,74.92,75.25,74.26,74.92,0.0,1289
2017-05-26,6269,4367562,488437641,75.25,75.25,73.6,73.93,-0.99,2245
2017-05-31,6269,5635183,606377974,74.26,74.59,70.28,70.61,-3.32,3281
2017-06-01,6269,3828477,408072761,70.61,71.61,69.95,71.28,0.67,2391
2017-06-02,6269,1937009,209806972,71.94,72.6,71.28,71.94,0.66,1347
2017-06-03,6269,1452270,159164970,71.94,73.6,71.61,73.6,1.66,993
2017-06-05,6269,3343080,373608880,74.26,75.25,73.6,73.93,0.33,2380
2017-06-06,6269,1899171,210305310,73.93,73.93,72.93,73.26,-0.67,1245
2017-06-07,6269,1823476,201162884,73.6,73.93,72.6,72.6,-0.66,1408
2017-06-08,6269,6279088,712936966,72.93,76.25,72.93,75.58,2.98,3992
2017-06-09,6269,3090548,353258472,75.58,76.25,74.92,75.92,0.34,2192
2017-06-12,6269,2828259,317858633,74.92,75.25,73.6,74.59,-1.33,1659
2017-06-13,6269,1639827,183099700,73.93,74.59,73.6,74.26,-0.33,1217
2017-06-14,6269,7200495,800677955,74.92,76.25,71.61,72.27,-1.99,2983
2017-06-15,6269,1704890,186179900,72.27,72.93,71.61,72.93,0.66,1147
2017-06-16,6269,1527014,169013554,72.93,73.93,72.27,73.6,0.67,1096
2017-06-19,6269,2834699,321137823,73.93,76.25,73.26,75.58,1.98,1701
2017-06-20,6269,3230894,371019022,76.25,77.24,74.92,74.92,-0.66,2091
2017-06-21,6269,5279562,607093326,75.58,77.24,74.92,75.92,1.0,3253
2017-06-22,6269,7898322,929680318,76.91,79.23,76.25,79.23,3.31,4442
2017-06-23,6269,4164886,489694276,78.24,78.9,77.24,77.24,-1.99,2455
2017-06-26,6269,3685420,429321416,77.57,78.24,76.25,77.57,0.33,2147
2017-06-27,6269,1746617,202694572,77.57,77.91,76.25,76.91,-0.66,1042
2017-06-28,6269,5081674,576319162,75.92,76.58,74.26,74.59,-2.32,3251
2017-06-29,6269,4722842,527493962,75.25,75.58,72.93,73.6,-0.99,3137
2017-06-30,6269,2841714,320339242,72.93,75.92,72.6,75.92,2.32,1693
2017-07-03,6269,1850206,209811872,75.58,75.92,74.59,74.92,-1.0,1441
2017-07-04,6269,1938299,218264629,74.92,75.25,73.93,74.92,0.0,1361
2017-07-05,6269,1812723,203479476,75.25,75.25,73.93,74.26,-0.66,1128
2017-07-06,6269,2274609,257125817,74.59,75.58,74.26,74.92,0.66,1281
2017-07-07,6269,6183193,708285205,75.25,77.24,74.59,74.59,-0.33,3387
2017-07-10,6269,1392894,157164522,74.59,75.25,74.26,75.25,0.66,926
2017-07-11,6269,3079945,354358175,75.58,76.91,75.25,76.58,1.33,1932
2017-07-12,6269,4506645,528582965,76.58,78.57,76.25,77.91,1.33,2649
2017-07-13,6269,2568666,301890422,78.57,78.9,77.24,77.57,-0.34,1635
2017-07-14,6269,2065783,241740894,77.57,78.57,76.58,78.57,1.0,1283
2017-07-17,6269,4340558,501482429,78.57,78.57,75.58,76.58,-1.99,2535
2017-07-18,6269,2034016,235855335,76.25,77.57,75.92,76.91,0.33,1145
2017-07-19,6269,2462695,286888261,76.91,78.24,76.25,76.58,-0.33,1742
2017-07-20,6269,3253894,380575132,77.24,78.24,76.91,77.57,0.99,2108
2017-07-21,6269,6511992,775954532,77.57,79.89,76.91,78.9,1.33,3928
2017-07-24,6269,4975705,604032805,78.9,81.22,78.57,80.56,1.66,3025
2017-07-25,6269,4376032,533687404,80.89,81.88,79.89,80.89,0.33,2671
2017-07-26,6269,7220801,899328324,81.55,83.54,81.55,82.22,1.33,3914
2017-07-27,6269,10728692,1381141554,82.88,86.19,82.88,86.19,3.97,6295
2017-07-28,6269,20409939,2686750135,86.86,89.18,84.2,85.53,-0.66,9631
2017-07-31,6269,18927563,2591354820,87.52,93.82,87.19,93.49,7.96,9124
2017-08-01,6269,10322384,1443443623,94.81,95.81,90.17,91.83,-1.66,6701
2017-08-02,6269,11426811,1621268973,94.15,95.14,92.16,94.81,2.98,6399
2017-08-03,6269,12077966,1602281004,95.52,96.96,94.09,94.09,-0.72,7312
2017-08-04,6269,5722660,747929426,94.09,95.52,91.93,95.16,1.07,3553
2017-08-07,6269,3872515,513527980,96.24,96.24,94.45,94.81,-0.35,2402
2017-08-08,6269,8113614,1088749048,96.96,98.04,94.81,94.81,0.0,4722
2017-08-09,6269,4511991,589304304,95.16,95.52,92.29,93.73,-1.08,2650
2017-08-10,6269,6951719,889027313,95.16,95.16,89.42,91.21,-2.52,3928
2017-08-11,6269,4637186,598515680,89.78,94.45,89.78,93.73,2.52,2725
2017-08-14,6269,4385260,567475520,94.09,95.16,91.21,91.21,-2.52,2588
2017-08-15,6269,5539018,724749376,93.37,94.81,93.01,94.81,3.6,3468
2017-08-16,6269,6100182,809740842,95.88,96.96,93.73,93.73,-1.08,3624
2017-08-17,6269,3070782,405805224,94.45,95.88,94.09,94.81,1.08,2002
2017-08-18,6269,2588200,338478291,93.73,94.81,93.37,94.09,-0.72,1700
2017-08-21,6269,6251475,832322364,94.09,97.32,93.37,96.6,2.51,3393
2017-08-22,6269,5031853,676154966,97.32,97.68,95.52,95.52,-1.08,2910
2017-08-23,6269,6536842,882202897,96.96,98.04,95.88,95.88,0.36,3819
2017-08-24,6269,9170319,1258896335,96.24,100.19,96.24,99.11,3.23,5315
2017-08-25,6269,5246593,732036604,100.55,101.63,99.47,99.47,0.36,3180
2017-08-28,6269,3028398,419172924,100.19,100.55,98.4,99.47,0.0,1800
2017-08-29,6269,2825222,386537692,99.47,99.47,97.68,97.68,-1.79,1946
2017-08-30,6269,2840523,388541128,98.4,99.47,97.68,97.68,0.0,2159
2017-08-31,6269,4789450,642963800,98.4,98.76,95.16,95.88,-1.8,2621
2017-09-01,6269,4021265,537480127,96.24,96.96,94.81,96.6,0.72,2747
2017-09-04,6269,9150120,1200741100,95.52,95.52,93.01,93.37,-3.23,4596
2017-09-05,6269,5248378,690771577,94.45,95.52,93.37,95.16,1.79,3065
2017-09-06,6269,6181697,808476610,94.81,96.24,92.29,93.37,-1.79,3349
2017-09-07,6269,8801380,1116763880,94.45,94.45,89.42,90.14,-3.23,5879
2017-09-08,6269,6007466,764818614,91.21,93.01,90.14,92.65,2.51,3508
2017-09-11,6269,4161612,533253224,92.65,93.73,90.14,91.21,-1.44,2548
2017-09-12,6269,2857696,363790392,92.65,92.65,90.5,90.86,-0.35,1763
2017-09-13,6269,6945870,854983564,91.21,91.57,85.47,87.98,-2.88,3937
2017-09-14,6269,4568948,560078070,88.34,89.06,86.19,88.7,0.72,2752
2017-09-15,6269,3785028,462745416,88.7,88.7,86.55,87.98,-0.72,1981
2017-09-18,6269,3848392,478901500,89.06,90.5,87.98,89.78,1.8,2289
2017-09-19,6269,3670845,453760350,89.42,89.78,87.62,88.7,-1.08,2633
2017-09-20,6269,8248614,973655261,87.98,88.34,82.95,83.31,-5.39,5604
2017-09-21,6269,8596687,1016030379,84.03,86.19,83.31,84.03,0.72,5059
2017-09-22,6269,4666607,539299825,84.39,85.11,81.52,81.88,-2.15,3011
2017-09-25,6269,8826541,972113428,82.24,82.24,77.57,77.57,-4.31,4799
2017-09-26,6269,12682052,1433114772,78.29,82.95,78.29,80.44,2.87,6782
2017-09-27,6269,11427611,1332880987,82.6,85.11,81.52,84.03,3.59,6286
2017-09-28,6269,4467909,520607944,84.39,84.75,82.6,83.31,-0.72,2964
2017-09-29,6269,3435069,398670443,83.31,84.39,82.24,83.31,0.0,1846
2017-09-30,6269,2523445,299570641,83.67,85.83,83.67,85.83,2.52,1675
2017-10-02,6269,3065585,368183866,86.19,86.91,85.47,85.83,0.0,1989
2017-10-03,6269,6709592,802531134,86.55,87.62,84.39,85.11,-0.72,2384
2017-10-05,6269,5701225,686643725,84.75,87.98,84.03,87.26,2.15,3519
2017-10-06,6269,7407456,891773412,88.34,88.7,84.39,86.55,-0.71,4599
2017-10-11,6269,3760965,453314765,87.26,87.62,85.47,86.91,0.36,2459
2017-10-12,6269,3181179,384382534,87.26,87.62,85.83,86.55,-0.36,2013
2017-10-13,6269,3798288,460770670,86.55,88.34,86.19,86.55,0.0,2426
2017-10-16,6269,4781042,581820059,87.62,88.34,86.19,87.26,0.71,3512
2017-10-17,6269,2685925,325764000,87.98,88.34,86.55,86.55,-0.71,1932
2017-10-18,6269,6064128,715750387,87.26,87.62,83.31,83.67,-2.88,4158
2017-10-19,6269,4158288,490514984,83.67,85.83,83.31,84.75,1.08,2711
2017-10-20,6269,4115839,475495485,84.03,84.39,81.88,82.6,-2.15,2791
2017-10-23,6269,2928440,340035740,83.31,84.03,82.6,84.03,1.43,2055
2017-10-24,6269,8153890,987000080,84.03,88.7,83.67,87.62,3.59,4704
2017-10-25,6269,4596593,567249346,88.7,89.78,87.62,87.98,0.36,2882
2017-10-26,6269,10879140,1372037913,89.06,92.29,88.34,92.29,4.31,6323
2017-10-27,6269,26022015,3070243740,85.47,86.91,83.31,83.31,-8.98,14761
2017-10-30,6269,11862539,1353890157,84.75,85.11,79.0,80.8,-2.51,6970
2017-10-31,6269,9676268,1104090929,80.8,83.67,79.36,82.95,2.15,5638
2017-11-01,6269,7202056,823439884,82.24,83.67,81.16,81.88,-1.07,3843
2017-11-02,6269,8531774,1005918058,84.75,86.19,84.03,84.03,2.15,4845
2017-11-03,6269,6649359,792192874,84.75,86.19,84.39,85.83,1.8,4208
2017-11-06,6269,5204762,629317297,86.91,87.62,86.19,86.55,0.72,3518
2017-11-07,6269,3940108,470690782,86.55,86.91,85.11,85.47,-1.08,2326
2017-11-08,6269,5957167,721914263,85.47,88.34,85.47,87.62,2.15,3468
2017-11-09,6269,4411274,529084106,88.34,88.34,84.39,85.47,-2.15,2723
2017-11-10,6269,2552157,303615092,86.19,86.91,84.75,85.11,-0.36,1470
2017-11-13,6269,4563219,533455774,84.75,85.47,82.95,82.95,-2.16,2281
2017-11-14,6269,2314252,270218099,83.31,84.75,82.95,84.75,1.8,1404
2017-11-15,6269,2511722,293080103,84.03,84.75,82.95,83.67,-1.08,1837
2017-11-16,6269,6151586,735194011,83.31,87.26,82.95,86.19,2.52,3540
2017-11-17,6269,3424295,409033445,85.83,86.91,85.11,85.47,-0.72,2308
2017-11-20,6269,2962685,352500330,85.47,86.19,84.39,85.11,-0.36,2131
2017-11-21,6269,2504242,300196398,85.47,86.55,85.11,86.19,1.08,1549
2017-11-22,6269,16979352,2136489648,89.06,91.93,88.7,89.06,2.87,8790
2017-11-23,6269,13680554,1751118145,90.86,93.01,90.5,92.65,3.59,7264
2017-11-24,6269,5280698,674249764,92.65,93.73,90.86,90.86,-1.79,3057
2017-11-27,6269,4036881,512803125,91.57,92.65,89.78,89.78,-1.08,2313
2017-11-28,6269,3287696,410767444,90.14,91.21,88.7,89.06,-0.72,2060
2017-11-29,6269,4054702,511593080,90.14,91.93,89.06,90.5,1.44,2312
2017-11-30,6269,5278315,643249572,88.34,89.06,86.19,88.34,-2.16,3091
2017-12-01,6269,14842476,1713247240,88.34,88.34,80.08,82.6,-5.74,8133
2017-12-04,6269,13496107,1470255163,81.16,81.16,76.85,78.29,-4.31,7665
2017-12-05,6269,13364056,1501209216,81.16,82.6,79.0,79.36,1.07,7181
2017-12-06,6269,7269667,788063369,79.72,80.44,76.13,76.49,-2.87,4613
2017-12-07,6269,5714957,613840399,76.85,78.65,76.13,76.49,0.0,3168
2017-12-08,6269,2731119,295040524,77.93,78.29,76.49,78.29,1.8,1691
2017-12-11,6269,4903247,552250013,80.44,81.88,78.65,81.52,3.23,3370
2017-12-12,6269,2850018,319796516,81.52,81.88,80.08,80.44,-1.08,1881
2017-12-13,6269,5573427,613972470,80.44,81.16,77.57,78.29,-2.15,3753
2017-12-14,6269,3019741,334241751,79.0,80.08,78.65,79.72,1.43,2088
2017-12-15,6269,1909760,210039860,79.72,80.08,78.29,79.72,0.0,1276
2017-12-18,6269,2793132,308766020,80.8,81.16,78.29,78.29,-1.43,1828
2017-12-19,6269,2650275,290724475,79.0,79.72,78.29,78.29,0.0,2013
2017-12-20,6269,9236107,1049115698,79.0,82.95,79.0,82.24,3.95,5896
2017-12-21,6269,4211975,473470725,82.24,82.24,79.36,79.72,-2.52,2690
2017-12-22,6269,3317517,375865652,81.88,82.6,80.44,80.8,1.08,2166
2017-12-25,6269,2567820,284721100,80.8,81.16,79.0,79.36,-1.44,1680
2017-12-26,6269,13341179,1385931937,78.29,79.0,72.18,73.26,-6.1,8219
2017-12-27,6269,4231646,438305989,72.9,75.41,72.9,75.05,1.79,2782
2017-12-28,6269,5340983,567681683,75.41,77.21,74.34,76.49,1.44,3093
2017-12-29,6269,1661171,177510703,77.21,77.57,75.77,76.49,0.0,1131
2018-01-02,6269,5639797,616481467,76.85,79.72,75.77,79.72,3.23,3229
2018-01-03,6269,4569507,498865492,80.44,80.44,77.57,77.93,-1.79,2743
2018-01-04,6269,3042210,330561774,78.65,79.0,77.21,77.21,-0.72,1914
2018-01-05,6269,3072874,330458392,78.29,78.29,76.49,77.21,0.0,2048
2018-01-08,6269,5044022,543460920,77.21,79.36,75.77,79.0,1.79,2866
2018-01-09,6269,6055140,652680401,80.08,80.08,76.13,76.13,-2.87,3381
2018-01-10,6269,4809057,505429941,76.13,77.21,74.34,74.7,-1.43,3055
2018-01-11,6269,4481138,475420766,75.05,77.21,74.7,77.21,2.51,2295
2018-01-12,6269,2592924,280221292,76.85,78.65,76.49,77.57,0.36,1609
2018-01-15,6269,4972346,549689877,78.65,80.8,77.93,79.0,1.43,2833
2018-01-16,6269,3430228,379202682,79.0,80.08,78.29,79.72,0.72,2169
2018-01-17,6269,2081383,230446130,80.08,80.08,79.0,79.36,-0.36,1358
2018-01-18,6269,3338992,372679120,80.08,80.8,79.36,79.36,0.0,2008
2018-01-19,6269,1935201,212543997,79.72,79.72,78.29,78.65,-0.71,1166
2018-01-22,6269,4410989,493644257,78.65,81.52,78.65,81.16,2.51,2718
2018-01-23,6269,5179673,588444549,81.16,82.6,80.08,81.16,0.0,2892
2018-01-24,6269,7944110,918423687,81.52,84.03,81.16,82.95,1.79,4140
2018-01-25,6269,4099957,477004523,83.67,84.75,82.6,83.31,0.36,2304
2018-01-26,6269,3607891,422202787,83.67,84.75,83.31,84.03,0.72,2099
2018-01-29,6269,7897234,944102580,84.75,86.91,84.39,86.55,2.52,4276
2018-01-30,6269,9187471,1066674665,85.47,85.83,81.16,82.95,-3.6,4752
2018-01-31,6269,13067300,1460007400,79.72,81.52,79.0,79.72,-3.23,6760
2018-02-01,6269,4375308,492101641,80.44,81.88,80.08,80.08,0.36,2645
2018-02-02,6269,4784215,545343725,81.16,82.6,80.8,82.6,2.52,3215
2018-02-05,6269,3713926,415656094,79.36,81.52,79.0,81.52,-1.08,2391
2018-02-06,6269,8027000,865998500,79.36,80.08,74.34,76.13,-5.39,4721
2018-02-07,6269,4267584,470415740,79.0,80.44,77.57,77.93,1.8,2580
2018-02-08,6269,2720993,297329244,79.0,79.36,77.57,78.29,0.36,1586
2018-02-09,6269,5180997,559253660,75.41,80.08,74.34,79.36,1.07,2908
2018-02-12,6269,3701751,402831465,80.08,80.08,77.57,77.57,-1.79,2205
2018-02-21,6269,2942964,325696504,79.36,80.44,77.93,80.08,2.51,2090
2018-02-22,6269,2373354,265313148,79.72,81.16,79.0,80.8,0.72,1638
2018-02-23,6269,5499587,630421108,81.52,83.67,81.16,81.52,0.72,3414
2018-02-26,6269,2127808,241920804,82.95,82.95,80.8,81.16,-0.36,1430
2018-02-27,6269,2684711,303242632,82.24,82.6,80.44,80.44,-0.72,1672
2018-03-01,6269,3001212,341537880,79.72,82.6,79.36,82.6,2.16,1913
2018-03-02,6269,2086877,237131528,81.52,82.24,80.8,81.52,-1.08,1328
2018-03-05,6269,2272952,256284654,81.88,82.24,80.08,80.08,-1.44,1224
2018-03-06,6269,1387513,156006456,81.52,81.52,80.44,80.8,0.72,968
2018-03-07,6269,4397561,482826649,79.0,79.72,77.93,78.29,-2.51,2641
2018-03-08,6269,3255480,356014320,77.93,79.36,77.57,78.29,0.0,2039
2018-03-09,6269,1822571,200841810,79.0,79.72,78.65,79.36,1.07,1119
2018-03-12,6269,2884212,323888632,80.08,81.16,79.72,80.08,0.72,1481
2018-03-13,6269,3283512,364568332,79.36,80.44,79.0,79.72,-0.36,1942
2018-03-14,6269,2003672,220827920,79.0,79.72,78.65,79.0,-0.72,1384
2018-03-15,6269,1513135,167277205,79.36,80.08,79.0,79.36,0.36,873
2018-03-16,6269,2214824,243126540,79.36,80.08,78.29,78.29,-1.07,1326
2018-03-19,6269,1443840,158401950,78.65,79.36,78.29,78.65,0.36,1097
2018-03-20,6269,1359481,147818429,77.93,78.65,77.93,78.29,-0.36,925
2018-03-21,6269,2419849,264430041,78.65,79.0,78.29,78.29,0.0,1848
2018-03-22,6269,3279574,361194340,78.65,80.08,77.93,78.65,0.36,2215
2018-03-23,6269,6341489,669824581,75.77,77.21,74.7,75.05,-3.6,3922
2018-03-26,6269,5835392,599848268,74.34,74.7,73.26,74.34,-0.71,3442
2018-03-27,6269,3951486,410462769,75.77,76.13,73.62,74.34,0.0,2777
2018-03-28,6269,7102037,715899737,73.98,73.98,71.68,71.82,-2.52,4986
2018-03-29,6269,4190009,417411509,72.54,73.26,70.74,71.75,-0.07,3105
2018-03-30,6269,4394250,439052300,72.18,72.9,71.1,71.82,0.07,2865
2018-03-31,6269,2050915,203934610,71.82,72.18,71.03,71.25,-0.57,1545
2018-04-02,6269,3391194,334927434,71.68,71.82,70.39,70.39,-0.86,2419
2018-04-03,6269,8802943,832561272,68.95,69.38,67.15,67.51,-2.88,5662
2018-04-09,6269,5688062,543630352,68.73,69.81,68.16,68.66,1.15,3815
2018-04-10,6269,4722647,450613365,69.67,69.88,67.73,67.87,-0.79,3520
2018-04-11,6269,4444079,425519617,68.59,69.67,68.09,68.81,0.94,2964
2018-04-12,6269,5606792,547722912,69.6,71.32,69.02,71.25,2.44,3854
2018-04-13,6269,4973357,486645937,71.46,71.68,69.67,69.81,-1.44,3388
2018-04-16,6269,2594943,252441019,70.24,70.53,69.52,69.88,0.07,1940
2018-04-17,6269,2423581,236801768,70.39,70.53,69.67,70.31,0.43,1757
2018-04-18,6269,2420460,237578280,70.67,71.32,69.95,70.1,-0.21,1824
2018-04-19,6269,1468073,144139986,70.1,70.89,70.03,70.67,0.57,1085
2018-04-20,6269,2159157,211975586,70.6,71.03,70.1,70.31,-0.36,1551
2018-04-23,6269,4721519,449339886,70.31,70.96,67.08,67.15,-3.16,3012
2018-04-24,6269,8344182,738907851,67.01,67.01,62.05,63.28,-3.87,5311
2018-04-25,6269,4355806,378208757,61.55,63.56,60.47,63.35,0.07,2961
2018-04-26,6269,5591161,484464538,64.64,64.64,60.69,60.76,-2.59,3679
2018-04-27,6269,12275553,962630549,54.8,57.46,54.8,57.03,-3.73,7607
2018-04-30,6269,9852931,768422149,57.53,57.53,55.38,56.09,-0.94,6343
2018-05-02,6269,5380407,429016760,56.6,57.89,56.52,57.1,1.01,3805
2018-05-03,6269,2556074,202106385,56.24,57.31,56.17,56.6,-0.5,1701
2018-05-04,6269,3313677,264511294,56.74,57.67,56.67,57.46,0.86,2295
2018-05-07,6269,6169938,505895816,59.04,59.83,57.82,59.61,2.15,3750
2018-05-08,6269,6284862,539408202,60.12,62.92,60.12,61.77,2.16,4059
2018-05-09,6269,3600568,307748730,62.13,62.13,60.76,61.05,-0.72,2473
2018-05-10,6269,2196443,188992245,61.19,62.27,61.19,61.48,0.43,1543
2018-05-11,6269,2306521,199231949,61.77,62.49,61.77,61.84,0.36,1612
2018-05-14,6269,2147597,184561242,61.98,62.41,61.19,61.48,-0.36,1334
2018-05-15,6269,1883538,161990068,61.77,62.13,61.48,61.55,0.07,1192
2018-05-16,6269,2583861,218014424,61.41,61.91,59.61,59.61,-1.94,1775
2018-05-17,6269,2652139,225730933,59.97,61.62,59.97,61.19,1.58,1774
2018-05-18,6269,1359978,116375308,61.19,61.84,60.91,61.48,0.29,932
2018-05-21,6269,3697729,325941409,62.13,64.07,61.7,63.35,1.87,2564
2018-05-22,6269,2237845,197477003,64.07,64.5,62.77,63.42,0.07,1613
2018-05-23,6269,1336290,116929471,63.42,63.42,62.56,62.77,-0.65,977
2018-05-24,6269,1131367,99286896,62.92,63.35,62.77,63.06,0.29,779
2018-05-25,6269,1579761,137709874,62.84,62.99,62.2,62.41,-0.65,1059
2018-05-28,6269,2487576,218405924,62.41,63.63,62.41,62.99,0.58,1469
2018-05-29,6269,2423753,210377953,62.99,63.2,61.98,61.98,-1.01,1528
2018-05-30,6269,2534863,219739681,61.98,62.7,61.77,62.2,0.22,1482
2018-05-31,6269,2247550,195105950,62.49,62.7,61.98,62.34,0.14,1208
2018-06-01,6269,2650293,232479634,62.49,63.49,62.05,63.06,0.72,1692
2018-06-04,6269,3785922,339204718,63.56,65.0,63.42,65.0,1.94,2335
2018-06-05,6269,2503274,226841723,65.72,65.93,64.28,64.35,-0.65,1657
2018-06-06,6269,2335103,211098073,64.93,65.36,64.42,65.36,1.01,1556
2018-06-07,6269,3332344,306346767,65.72,66.51,65.29,66.15,0.79,2026
2018-06-08,6269,2190745,200604935,66.29,66.65,65.36,65.36,-0.79,1332
2018-06-11,6269,1392992,126815656,65.57,66.08,64.78,65.86,0.5,856
2018-06-12,6269,4325704,406384156,67.15,68.09,66.87,67.23,1.37,2467
2018-06-13,6269,3756015,355164012,67.08,68.73,66.51,68.37,1.14,2324
2018-06-14,6269,3918924,374885480,68.37,69.52,67.66,68.23,-0.14,2465
2018-06-15,6269,6374752,620943430,69.67,70.67,69.31,69.95,1.72,3708
2018-06-19,6269,2762830,264713650,69.81,69.88,68.23,68.23,-1.72,1963
2018-06-20,6269,3227861,301319778,67.87,68.3,66.22,66.51,-1.72,2078
2018-06-21,6269,1600298,150780010,66.79,68.09,66.79,68.02,1.51,1160
2018-06-22,6269,2138434,200334317,67.15,68.02,66.87,66.94,-1.08,1357
2018-06-25,6269,2120806,196635430,67.23,67.51,66.15,66.29,-0.65,1205
2018-06-26,6269,2817868,256133521,65.43,65.79,64.71,65.29,-1.0,1626
2018-06-27,6269,3850640,363445974,65.79,68.73,65.79,68.02,2.73,2663
2018-06-28,6269,1952226,182363918,67.01,67.73,66.65,66.79,-1.23,1278
2018-06-29,6269,1791708,169440052,67.8,68.59,67.23,67.51,0.72,1155
2018-07-02,6269,1724675,164130414,68.02,69.31,67.51,67.51,0.0,1340
2018-07-03,6269,1618909,151943576,67.87,68.37,66.44,66.87,-0.64,1050
2018-07-04,6269,1677491,157220633,67.01,68.09,66.29,68.09,1.22,1208
2018-07-05,6269,1789911,168891367,68.52,68.81,66.79,66.94,-1.15,1278
2018-07-06,6269,2848470,263507700,67.66,67.87,65.65,67.15,0.21,1678
2018-07-09,6269,2106434,199368630,67.94,68.3,67.66,68.23,1.08,1254
2018-07-10,6269,1804423,172382373,68.95,69.09,68.02,68.52,0.29,1366
2018-07-11,6269,1421782,135382377,67.87,68.95,67.66,68.23,-0.29,1071
2018-07-12,6269,6269483,613096034,69.09,70.89,68.81,70.31,2.08,4107
2018-07-13,6269,8835535,884389950,70.67,72.54,70.67,72.18,1.87,5087
2018-07-16,6269,12079838,1254300652,73.62,75.41,73.26,74.7,2.52,6694
2018-07-17,6269,3778588,389766564,74.34,75.05,73.62,73.98,-0.72,2697
2018-07-18,6269,10967177,1169284661,75.05,77.57,75.05,75.77,1.79,6396
2018-07-19,6269,4529656,478198536,76.85,77.21,74.7,76.13,0.36,3143
2018-07-20,6269,4147232,442563963,76.49,77.93,75.41,75.77,-0.36,2809
2018-07-23,6269,5334954,552481271,76.13,76.49,73.26,73.62,-2.15,3972
2018-07-24,6269,4448878,452870488,73.26,74.34,72.54,73.62,0.0,2930
2018-07-25,6269,4933869,510180007,73.98,75.77,72.9,73.98,0.36,3210
2018-07-26,6269,6320027,635660000,73.98,73.98,71.54,71.68,-2.3,4053
2018-07-27,6269,17610568,1781415639,70.6,75.05,69.38,75.05,3.37,10051
2018-07-30,6269,8495878,899580996,75.41,76.85,74.7,76.85,1.8,5348
2018-07-31,6269,8258733,879535789,76.49,77.57,74.34,77.57,0.72,4843
2018-08-01,6269,4029031,433949320,77.57,77.93,76.85,77.57,0.0,2732
2018-08-02,6269,3942867,424760136,77.93,78.65,76.13,77.57,0.0,2638
2018-08-03,6269,3855644,417904359,78.29,78.65,76.85,77.57,0.0,2456
2018-08-06,6269,10925814,1216143738,77.93,81.16,77.93,80.08,2.51,6203
2018-08-07,6269,5669035,629694885,80.08,80.44,79.0,80.08,0.0,3449
2018-08-08,6269,6490786,682994536,80.1,80.85,78.22,78.22,-1.86,3942
2018-08-09,6269,2260230,235317420,78.97,79.34,77.46,77.84,-0.38,1557
2018-08-10,6269,1550702,160209948,78.22,78.59,77.09,77.09,-0.75,1166
2018-08-13,6269,4523431,462962662,76.71,79.34,75.13,76.34,-0.75,3046
2018-08-14,6269,2632674,269668922,77.46,78.22,76.34,77.09,0.75,1884
2018-08-15,6269,4128332,415080800,77.46,77.46,74.91,75.21,-1.88,3108
2018-08-16,6269,2798967,281140946,75.21,76.71,73.7,75.96,0.75,2158
2018-08-17,6269,3761809,379392191,77.09,77.84,74.16,74.16,-1.8,2592
2018-08-20,6269,7031587,664015491,74.08,74.91,68.51,68.67,-5.49,4544
2018-08-21,6269,4235899,398678586,70.09,71.6,69.34,71.45,2.78,2890
2018-08-22,6269,1831157,172250985,71.45,71.52,70.32,70.32,-1.13,1362
2018-08-23,6269,1337319,124938922,70.17,71.15,69.79,69.94,-0.38,919
2018-08-24,6269,2785409,251825119,69.94,69.94,67.09,68.06,-1.88,2010
2018-08-27,6269,2686381,249279389,68.44,70.62,68.44,70.32,2.26,2115
2018-08-28,6269,2746529,260885549,70.7,72.2,70.7,71.45,1.13,1919
2018-08-29,6269,5375218,523923700,72.2,73.93,72.05,73.55,2.1,3434
2018-08-30,6269,4045044,398261856,73.7,74.83,73.1,74.46,0.91,2981
2018-08-31,6269,1827714,179551386,74.46,74.46,73.1,74.46,0.0,1410
2018-09-03,6269,1978302,193838194,73.7,74.46,73.1,73.1,-1.36,1445
2018-09-04,6269,1134851,111279933,73.7,74.23,73.18,73.55,0.45,902
2018-09-05,6269,1777935,174927895,74.08,74.98,72.95,72.95,-0.6,1328
2018-09-06,6269,4155220,394185580,72.88,73.7,70.02,70.24,-2.71,3204
2018-09-07,6269,5215967,476768964,70.02,70.7,67.39,69.04,-1.2,3786
2018-09-10,6269,5466332,489820416,69.27,69.79,65.58,65.96,-3.08,3171
2018-09-11,6269,2505722,223455660,66.41,68.14,65.81,67.69,1.73,1780
2018-09-12,6269,2569637,232309745,67.76,68.74,66.56,68.67,0.98,1892
2018-09-13,6269,3258144,301186379,69.79,70.32,68.59,69.42,0.75,2475
2018-09-14,6269,1991888,185938919,70.24,70.55,69.64,70.32,0.9,1401
2018-09-17,6269,1170869,108632331,69.57,70.62,69.19,69.72,-0.6,910
2018-09-18,6269,5449909,489809010,69.57,69.57,66.63,67.31,-2.41,3529
2018-09-19,6269,1530303,137762970,67.69,68.21,67.39,67.39,0.08,1135
2018-09-20,6269,9187601,780362152,67.76,68.06,62.42,63.55,-3.84,5827
2018-09-21,6269,4385790,377817106,63.55,66.56,62.57,66.56,3.01,3138
2018-09-25,6269,1648822,144196699,65.06,66.48,64.75,65.88,-0.68,1350
2018-09-26,6269,2745337,238928349,65.96,66.63,64.83,65.06,-0.82,2132
2018-09-27,6269,4005029,351996311,64.75,67.31,64.75,67.31,2.25,2782
2018-09-28,6269,3193465,279076585,66.79,67.16,64.98,65.13,-2.18,2257
2018-10-01,6269,1014074,89067546,65.36,66.48,65.36,66.11,0.98,761
2018-10-02,6269,1030401,90441646,66.18,66.71,65.73,65.73,-0.38,785
2018-10-03,6269,1008677,87462053,65.73,66.11,64.75,64.83,-0.9,829
2018-10-04,6269,1010774,87367504,64.68,65.73,63.93,65.21,0.38,828
2018-10-05,6269,2804315,239422377,65.43,65.43,62.65,64.68,-0.53,1905
2018-10-08,6269,1522191,131089526,64.08,65.66,63.93,64.6,-0.08,1070
2018-10-09,6269,2838979,239558013,64.3,64.75,62.65,63.55,-1.05,1834
2018-10-11,6269,6283099,481189366,57.53,59.41,57.23,57.23,-6.32,3653
2018-10-12,6269,3264524,253171938,55.73,59.79,55.73,59.41,2.18,2244
2018-10-15,6269,2119305,169837850,59.11,61.29,58.29,61.29,1.88,1531
2018-10-16,6269,1723448,141948353,60.69,62.5,60.69,61.37,0.08,1339
2018-10-17,6269,1856371,152434467,62.57,63.02,60.99,60.99,-0.38,1423
2018-10-18,6269,1005626,81977361,60.99,61.97,60.69,61.6,0.61,807
2018-10-19,6269,3175068,254806580,60.17,60.77,59.64,60.54,-1.06,1512
2018-10-22,6269,2150741,173605349,60.54,61.6,60.17,60.24,-0.3,1458
2018-10-23,6269,1182714,94635472,59.64,60.77,59.64,59.87,-0.37,902
2018-10-24,6269,2141627,173259530,60.09,61.52,59.79,60.62,0.75,1612
2018-10-25,6269,2762147,214323430,57.91,59.41,57.91,57.91,-2.71,2026
2018-10-26,6269,2823801,216288353,58.81,59.19,56.78,56.78,-1.13,1901
2018-10-29,6269,1718063,129430688,57.46,57.84,55.73,56.41,-0.37,1181
2018-10-30,6269,5498162,425756836,57.68,59.64,57.16,57.16,0.75,3791
2018-10-31,6269,3769222,293691216,57.84,59.19,57.84,58.44,1.28,2679
2018-11-01,6269,12750118,1069581565,59.94,64.23,59.49,64.23,5.79,6464
2018-11-02,6269,7960128,678101210,64.23,66.18,62.87,63.33,-0.9,5388
2018-11-05,6269,3464083,288722172,62.42,63.63,61.82,61.9,-1.43,2096
2018-11-06,6269,8034722,632475534,62.35,62.5,57.91,57.99,-3.91,5270
2018-11-07,6269,3652883,289341268,59.04,60.17,58.89,59.64,1.65,2400
2018-11-08,6269,2415072,192150888,61.45,61.52,59.04,59.11,-0.53,1774
2018-11-09,6269,3067619,242035701,60.62,60.77,57.99,59.11,0.0,2068
2018-11-12,6269,3509361,277619180,58.66,60.24,58.29,59.79,0.68,2322
2018-11-13,6269,3234444,251090083,56.63,59.26,56.63,58.96,-0.83,2187
2018-11-14,6269,2664200,210750654,59.41,60.69,58.81,59.04,0.08,1838
2018-11-15,6269,4487098,358816542,60.09,60.62,59.64,59.64,0.6,3072
2018-11-16,6269,3983342,321593860,60.62,61.67,60.02,60.17,0.53,2774
2018-11-19,6269,3215726,254488683,60.62,60.62,59.04,59.26,-0.91,2274
2018-11-20,6269,1681572,131429797,58.74,59.34,58.14,59.04,-0.22,1191
2018-11-21,6269,1511405,119016675,58.89,59.64,58.29,59.49,0.45,1106
2018-11-22,6269,2280300,181958000,59.72,60.77,59.49,59.49,0.0,1425
2018-11-23,6269,2495179,194209934,59.26,59.72,57.99,58.44,-1.05,1768
2018-11-26,6269,1881216,146324755,58.59,59.34,57.99,58.14,-0.3,1215
2018-11-27,6269,2636443,202875454,58.59,58.66,57.53,58.29,0.15,1963
2018-11-28,6269,2787744,219020840,58.44,59.64,58.44,59.34,1.05,1977
2018-11-29,6269,3749268,300695181,60.09,60.92,59.64,59.72,0.38,2614
2018-11-30,6269,3236414,261343976,60.02,61.29,60.02,60.62,0.9,1966
2018-12-03,6269,10207330,874174229,61.67,66.33,61.6,66.03,5.41,6142
2018-12-04,6269,5230871,450746636,65.88,65.88,64.08,64.38,-1.65,3786
2018-12-05,6269,4774656,393467319,62.42,63.1,61.14,61.9,-2.48,2978
2018-12-06,6269,6108628,485007051,61.14,61.9,58.66,58.81,-3.09,4112
2018-12-07,6269,1842419,146691773,59.11,60.47,59.11,60.02,1.21,1299
2018-12-10,6269,4057768,311495477,57.99,58.29,57.23,57.91,-2.11,2892
2018-12-11,6269,2847148,218376907,57.91,58.06,57.38,57.61,-0.3,1758
2018-12-12,6269,2131775,167943725,59.04,59.79,58.74,59.41,1.8,1505
2018-12-13,6269,1500957,119152785,60.17,60.17,59.04,59.41,0.0,1052
2018-12-14,6269,1067011,83923467,59.87,59.87,58.74,59.34,-0.07,849
2018-12-17,6269,2006878,156830284,59.04,59.34,58.36,58.44,-0.9,1205
2018-12-18,6269,1220817,94195337,57.91,58.74,57.53,58.36,-0.08,905
2018-12-19,6269,698297,54362381,58.74,58.89,58.36,58.36,0.0,571
2018-12-20,6269,1851160,141202185,57.91,58.36,56.86,56.86,-1.5,1283
2018-12-21,6269,2502726,187674576,56.48,57.16,55.88,56.93,0.07,1764
2018-12-22,6269,515671,38727767,56.48,56.71,56.18,56.56,-0.37,373
2018-12-24,6269,782840,59493410,57.16,57.53,56.63,57.16,0.6,633
2018-12-25,6269,1193146,89403120,56.48,56.78,55.96,56.41,-0.75,815
2018-12-26,6269,1001441,75092648,56.41,57.08,56.03,56.03,-0.38,742
2018-12-27,6269,1463776,110820617,57.16,57.46,56.48,57.01,0.98,972
2018-12-28,6269,3266494,243846450,57.01,57.01,55.73,56.03,-0.98,2008
2019-01-02,6269,1222259,91930521,56.48,56.93,56.18,56.63,0.6,890
2019-01-03,6269,6914643,494378908,56.41,56.56,51.89,53.1,-3.53,4473
2019-01-04,6269,4999320,344955043,51.89,53.02,50.31,52.65,-0.45,3237
2019-01-07,6269,1916033,136664541,53.92,54.23,53.1,53.4,0.75,1339
2019-01-08,6269,3875488,267132107,52.87,53.02,51.37,51.74,-1.66,2866
2019-01-09,6269,8917494,614720323,50.69,53.02,50.24,52.65,0.91,5490
2019-01-10,6269,5272010,363991083,52.12,52.57,51.37,51.37,-1.28,3535
2019-01-11,6269,2719013,186656982,51.37,52.04,51.29,51.52,0.15,1898
2019-01-14,6269,2861586,199069591,51.89,52.8,51.74,52.35,0.83,1939
2019-01-15,6269,2735954,190859581,52.19,52.8,51.97,52.5,0.15,1842
2019-01-16,6269,4454454,315003633,52.5,53.85,52.35,52.95,0.45,3118
2019-01-17,6269,6341846,457844358,53.55,55.35,53.17,54.9,1.95,4211
2019-01-18,6269,6992746,519349642,54.15,57.08,54.15,56.26,1.36,4257
2019-01-21,6269,3193317,237479907,56.33,56.86,55.35,55.58,-0.68,1975
2019-01-22,6269,2486450,181971480,55.65,56.03,54.23,54.23,-1.35,1772
2019-01-23,6269,2617237,189798179,54.6,55.28,54.0,54.45,0.22,1758
2019-01-24,6269,2141804,154639485,54.53,55.05,53.85,54.0,-0.45,1372
2019-01-25,6269,2912500,212629794,54.15,55.35,54.15,55.05,1.05,1833
2019-01-28,6269,3418993,252563578,55.2,56.33,54.98,55.28,0.23,1952
2019-01-29,6269,4045396,299722515,55.2,56.18,54.6,56.03,0.75,2753
2019-01-30,6269,3753149,281505611,56.11,56.63,55.88,56.56,0.53,2196
2019-02-11,6269,5728695,441121058,57.16,58.66,56.86,58.66,2.1,3630
2019-02-12,6269,5877558,465606305,58.59,60.17,58.59,59.41,0.75,3758
2019-02-13,6269,3464164,269803734,59.72,59.72,58.14,58.51,-0.9,2421
2019-02-14,6269,7381413,588326465,58.59,60.39,58.59,60.32,1.81,4560
2019-02-15,6269,27854085,2432786072,64.3,66.33,63.93,66.33,6.01,14100
2019-02-18,6269,17991194,1613293009,67.31,67.99,66.71,67.99,1.66,10121
2019-02-19,6269,5697559,510967476,67.16,68.06,66.79,68.06,0.07,3661
2019-02-20,6269,11388764,1052473635,68.44,71.15,68.29,68.67,0.61,7360
2019-02-21,6269,4979180,456525965,69.64,69.79,67.76,69.79,1.12,3535
2019-02-22,6269,2747927,253983541,69.49,70.17,69.04,69.57,-0.22,2002
2019-02-25,6269,3248548,301020179,69.72,70.4,69.12,69.64,0.07,2070
2019-02-26,6269,4769335,435778830,70.09,70.4,67.84,68.14,-1.5,3163
2019-02-27,6269,5604229,500401426,68.14,68.51,66.33,67.61,-0.53,3486
2019-03-04,6269,4180899,378625863,68.59,69.12,67.54,67.84,0.23,2703
2019-03-05,6269,2191374,197123427,67.54,68.06,67.16,67.69,-0.15,1350
2019-03-06,6269,2805826,253137258,67.69,68.36,67.54,67.76,0.07,2104
2019-03-07,6269,7051451,640526172,68.29,69.87,66.86,66.94,-0.82,4478
2019-03-08,6269,4924941,431360549,65.36,66.94,64.98,66.94,0.0,3244
2019-03-11,6269,3245999,291793496,66.94,68.21,66.86,67.84,0.9,2040
2019-03-12,6269,3211763,290902769,68.97,69.12,67.39,67.39,-0.45,2207
2019-03-13,6269,3002943,268714285,67.01,67.76,67.01,67.31,-0.08,1702
2019-03-14,6269,2062161,185380022,67.31,67.99,67.31,67.46,0.15,1478
2019-03-15,6269,3005472,272766191,67.76,68.97,67.54,68.21,0.75,2027
2019-03-18,6269,5072372,464376447,68.97,69.64,68.44,68.59,0.38,3473
2019-03-19,6269,9359611,865406092,69.19,70.62,68.67,68.67,0.08,5788
2019-03-20,6269,4857335,439735471,68.67,69.19,67.69,67.76,-0.91,3056
2019-03-21,6269,2673726,243047034,68.14,68.97,67.76,68.06,0.3,1800
2019-03-22,6269,5184435,475083635,69.19,69.79,68.06,68.21,0.15,2916
2019-03-25,6269,5556351,490888390,67.31,67.46,65.88,66.18,-2.03,3775
2019-03-26,6269,2364020,210112768,66.33,67.16,66.33,66.63,0.45,1720
2019-03-27,6269,4041532,364673434,67.16,68.36,67.01,68.06,1.43,2826
2019-03-28,6269,2186056,197760163,68.21,68.74,67.54,67.54,-0.52,1535
2019-03-29,6269,8876808,817250144,68.89,69.79,68.36,69.79,2.25,5086
2019-04-01,6269,13959666,1326265373,71.3,72.58,70.24,70.92,1.13,8629
2019-04-02,6269,4933255,465542930,71.67,71.9,70.4,70.55,-0.37,3414
2019-04-03,6269,4889371,456797386,70.7,71.15,69.04,70.32,-0.23,3456
2019-04-08,6269,3934602,372263151,70.7,71.82,70.4,71.52,1.2,2622
2019-04-09,6269,10174178,975517032,74.08,74.31,70.62,70.7,-0.82,6848
2019-04-10,6269,3116605,295028782,70.77,71.67,70.32,71.6,0.9,2180
2019-04-11,6269,3890688,369079987,71.67,72.05,70.55,70.55,-1.05,2660
2019-04-12,6269,7488416,710513377,70.55,72.35,70.55,71.22,0.67,3798
2019-04-15,6269,10153136,984467982,71.97,73.7,71.22,73.03,1.81,6139
2019-04-16,6269,15611131,1581409258,74.53,77.84,74.31,76.71,3.68,8915
2019-04-17,6269,8651120,888779500,77.84,79.34,75.21,75.21,-1.5,5457
2019-04-18,6269,6485986,658617081,76.34,77.84,75.21,75.58,0.37,3819
2019-04-19,6269,6044213,616402439,77.09,77.46,75.58,77.46,1.88,3484
2019-04-22,6269,9305436,957495972,77.09,78.59,75.58,76.71,-0.75,5469
2019-04-23,6269,10942788,1073858624,77.09,77.09,72.95,73.33,-3.38,6949
2019-04-24,6269,3878702,376480908,73.7,73.7,72.58,72.73,-0.6,2864
2019-04-25,6269,9380504,927208528,72.8,75.58,72.28,73.93,1.2,6044
2019-04-26,6269,8852803,844628515,73.1,73.48,71.3,71.45,-2.48,5757
2019-04-29,6269,4405114,414470722,71.6,72.28,69.94,70.32,-1.13,2563
2019-04-30,6269,10455372,981274135,67.84,72.95,67.69,72.88,2.56,6625
2019-05-02,6269,5965606,568424285,71.9,72.8,71.22,71.3,-1.58,3918
2019-05-03,6269,4369860,420454586,71.82,72.88,71.45,72.58,1.28,3019
2019-05-06,6269,3743622,353403877,71.07,71.45,70.32,70.7,-1.88,2289
2019-05-07,6269,3016422,286423199,71.67,71.97,70.85,71.15,0.45,2032
2019-05-08,6269,3866690,369211671,70.4,72.43,70.32,72.43,1.28,2361
2019-05-09,6269,3684739,349802266,72.2,72.88,70.7,70.7,-1.73,2382
2019-05-10,6269,3427326,320126844,71.45,71.75,69.27,69.79,-0.91,2439
2019-05-13,6269,6920658,620110785,69.34,69.42,66.03,66.63,-3.16,4513
2019-05-14,6269,6764484,584902243,63.1,66.63,63.02,65.43,-1.2,4361
2019-05-15,6269,3973638,352523206,66.11,67.39,66.03,66.79,1.36,2960
2019-05-16,6269,5386907,467912302,66.33,67.31,64.0,64.08,-2.71,3761
2019-05-17,6269,9083274,750094830,64.08,64.83,60.92,61.07,-3.01,6080
2019-05-20,6269,6142725,490567600,61.67,61.67,59.41,60.02,-1.05,4202
2019-05-21,6269,4242292,337572180,59.41,60.99,58.66,60.92,0.9,3102
2019-05-22,6269,3917761,315985731,60.62,61.6,59.79,59.87,-1.05,2490
2019-05-23,6269,3423499,267067521,58.74,59.41,58.21,58.51,-1.36,2443
2019-05-24,6269,3172762,250065560,58.74,60.39,58.36,58.36,-0.15,2281
2019-05-27,6269,2576273,202594340,58.66,59.79,58.36,59.79,1.43,1885
2019-05-28,6269,6181632,480690454,60.17,60.24,57.91,57.91,-1.88,4507
2019-05-29,6269,4359359,332179843,57.76,57.84,56.93,57.31,-0.6,3409
2019-05-30,6269,2944589,227701342,57.91,58.51,57.68,58.29,0.98,2098
2019-05-31,6269,3093895,242680305,58.29,59.64,58.14,59.19,0.9,1916
2019-06-03,6269,1946600,151095919,58.96,58.96,57.76,58.59,-0.6,1370
2019-06-04,6269,2088810,162143195,59.04,59.04,58.06,58.06,-0.53,1607
2019-06-05,6269,3711855,292751425,58.89,60.17,58.66,59.41,1.35,2422
2019-06-06,6269,2520158,195602624,58.66,59.19,57.99,58.14,-1.27,1721
2019-06-10,6269,2613927,204928105,58.51,59.49,58.29,59.49,1.35,1791
2019-06-11,6269,7756660,633316001,59.64,62.35,59.19,62.2,2.71,5593
2019-06-12,6269,4506327,370345003,62.42,62.5,61.29,61.97,-0.23,2970
2019-06-13,6269,2598642,213483112,62.2,62.2,60.92,61.97,0.0,1854
2019-06-14,6269,1644428,135513076,62.35,62.35,61.67,61.67,-0.3,1078
2019-06-17,6269,2552276,211532836,61.67,62.87,61.67,61.67,0.0,1614
2019-06-18,6269,1462799,120490732,62.2,62.42,61.67,61.82,0.15,904
2019-06-19,6269,9540614,812374304,63.93,64.83,63.25,64.6,2.78,6104
2019-06-20,6269,3918917,336584162,64.38,65.21,64.08,64.6,0.0,2782
2019-06-21,6269,3022017,260180445,64.98,65.43,64.08,64.15,-0.45,2155
2019-06-24,6269,1457870,124099292,64.15,64.53,63.33,63.93,-0.22,1154
2019-06-25,6269,3600998,303154927,64.15,64.68,62.57,62.65,-1.28,2448
2019-06-26,6269,2213445,185177704,62.42,63.33,62.35,62.65,0.0,1670
2019-06-27,6269,2427743,206621247,63.25,64.53,63.18,64.08,1.43,1698
2019-06-28,6269,3581458,308218713,64.6,65.28,64.15,64.83,0.75,2420
2019-07-01,6269,10716926,965864372,67.31,68.67,66.79,68.21,3.38,6307
2019-07-02,6269,4336395,394513758,67.99,69.04,67.54,68.29,0.08,3099
2019-07-03,6269,3373167,304568923,68.29,68.51,67.39,68.06,-0.23,2230
2019-07-04,6269,4094644,377143865,68.67,69.64,68.67,69.49,1.43,3266
2019-07-05,6269,2046299,188160460,68.89,69.34,68.82,69.34,-0.15,1552
2019-07-08,6269,2802069,257420656,68.59,69.64,68.44,68.89,-0.45,2202
2019-07-09,6269,5337251,480405831,68.59,68.74,67.09,67.54,-1.35,2984
2019-07-10,6269,2546805,229846107,68.06,68.21,67.69,67.76,0.22,1639
2019-07-11,6269,4903071,449782691,68.29,69.42,68.29,68.82,1.06,3263
2019-07-12,6269,2951920,271890040,69.19,69.57,68.97,69.19,0.37,1811
2019-07-15,6269,5321092,499799148,69.79,71.22,69.79,70.77,1.58,3252
2019-07-16,6269,3520966,333109587,71.07,71.45,70.77,71.07,0.3,2177
2019-07-17,6269,2299287,217761321,71.22,71.45,70.55,71.37,0.3,1714
2019-07-18,6269,2453242,230300496,71.37,71.75,69.94,70.09,-1.28,1599
2019-07-19,6269,2481241,232867078,70.85,71.3,70.17,70.17,0.08,1690
2019-07-22,6269,2181667,205794492,70.47,71.45,70.4,71.15,0.98,1567
2019-07-23,6269,1927514,181964519,71.45,71.6,70.62,71.15,0.0,1440
2019-07-24,6269,2267042,213686451,71.45,71.45,70.55,70.77,-0.38,1341
2019-07-25,6269,5476231,522536215,70.92,72.12,70.92,72.05,1.28,3199
2019-07-26,6269,6943256,666206160,72.2,72.58,71.67,72.5,0.45,4009
2019-07-29,6269,6536773,592545013,72.58,72.66,71.07,71.39,-1.11,4063
2019-07-30,6269,5325597,468036133,70.91,71.71,68.61,69.01,-2.38,3741
2019-07-31,6269,25582437,2407237405,72.18,75.91,72.18,75.91,6.9,14266
2019-08-01,6269,22533303,2178417775,76.55,77.74,75.67,76.07,0.16,12688
2019-08-02,6269,10163743,933955898,72.98,73.69,72.18,72.18,-3.89,6344
2019-08-05,6269,6259393,572273621,72.18,73.53,71.47,71.55,-0.63,4508
2019-08-06,6269,5821486,523955216,69.88,72.74,69.01,72.18,0.63,4127
2019-08-07,6269,8938832,829333222,73.93,74.64,72.34,72.58,0.4,5438
2019-08-08,6269,4924538,455466380,72.74,73.93,72.74,73.69,1.11,2951
2019-08-12,6269,7942857,751011901,74.25,75.52,74.01,74.8,1.11,4389
2019-08-13,6269,3486088,325222486,74.09,74.56,73.53,74.17,-0.63,2450
2019-08-14,6269,7921452,756655491,76.15,76.63,74.17,74.17,0.0,4917
2019-08-15,6269,3575658,332821978,72.74,74.8,72.74,74.17,0.0,2485
2019-08-16,6269,4149156,391364681,75.12,75.52,73.93,74.33,0.16,2330
2019-08-19,6269,3853608,366591572,75.36,76.07,75.04,75.12,0.79,2686
2019-08-20,6269,8052629,772532335,76.07,77.18,74.96,74.96,-0.16,4901
2019-08-21,6269,2316648,219841880,74.96,75.75,74.96,75.28,0.32,1645
2019-08-22,6269,7203265,693917251,76.07,77.26,75.52,76.15,0.87,4941
2019-08-23,6269,7456184,722411362,76.55,77.5,75.83,77.5,1.35,4713
2019-08-26,6269,7601328,717430492,75.04,75.91,74.25,74.56,-2.94,4963
2019-08-27,6269,5975233,566138036,75.99,76.31,74.17,74.17,-0.39,3583
2019-08-28,6269,3056556,285243908,74.25,74.8,73.61,73.69,-0.48,2232
2019-08-29,6269,2277636,211523605,74.17,74.4,73.37,73.77,0.08,1460
2019-08-30,6269,2267506,212475647,74.4,74.8,73.77,74.4,0.63,1690
2019-09-02,6269,2014491,189606626,74.4,75.36,73.93,75.2,0.8,1459
2019-09-03,6269,2483142,235056860,75.36,75.75,74.48,74.96,-0.24,1678
2019-09-04,6269,2258335,214015852,74.96,75.67,74.8,74.8,-0.16,1329
2019-09-05,6269,13242724,1287759952,75.36,78.45,75.2,78.13,3.33,8156
2019-09-06,6269,15124142,1500278593,79.16,79.72,77.1,78.85,0.72,9841
2019-09-09,6269,8479327,821031792,78.45,78.53,75.75,75.91,-2.94,5985
2019-09-10,6269,11033311,1023750736,75.91,76.15,72.5,73.93,-1.98,7325
2019-09-11,6269,4330377,403570526,74.48,74.72,73.45,73.77,-0.16,3114
2019-09-12,6269,4578213,432689235,74.96,75.52,74.4,75.36,1.59,2892
2019-09-16,6269,1930813,182505289,75.28,75.83,74.48,74.64,-0.72,1365
2019-09-17,6269,8406062,812816414,75.04,77.34,74.88,77.1,2.46,5552
2019-09-18,6269,5777607,560938402,77.58,77.89,76.31,76.47,-0.63,3890
2019-09-19,6269,5504060,537162726,76.63,78.13,76.63,77.18,0.71,3672
2019-09-20,6269,3306516,322362698,77.97,78.05,76.86,76.86,-0.32,2023
2019-09-23,6269,2224176,216470572,77.1,77.66,76.55,76.94,0.08,1433
2019-09-24,6269,9169139,899090944,77.74,79.16,75.91,75.91,-1.03,5854
2019-09-25,6269,2908348,277921060,75.75,76.55,75.12,75.91,0.0,1887
2019-09-26,6269,1699676,163069196,76.7,76.78,75.52,76.15,0.24,1136
2019-09-27,6269,3019350,286111864,76.15,76.55,74.56,74.88,-1.27,2045
2019-10-01,6269,3693616,356900614,75.91,77.34,75.52,76.55,1.67,2391
2019-10-02,6269,2407694,232061965,76.15,77.18,75.83,76.7,0.15,1784
2019-10-03,6269,8338929,780786855,73.85,75.36,73.61,75.36,-1.34,5314
2019-10-04,6269,8518013,793778296,74.56,74.96,73.37,73.53,-1.83,6160
2019-10-07,6269,3387918,318441792,73.93,74.96,73.93,74.33,0.8,2265
2019-10-08,6269,4275620,400182660,75.28,75.36,73.45,73.45,-0.88,2862
2019-10-09,6269,2846605,261847160,73.06,73.45,72.82,72.82,-0.63,2019
2019-10-14,6269,3701006,347698845,74.25,75.12,74.01,74.25,1.43,2307
2019-10-15,6269,3754589,355634092,74.96,75.59,74.4,74.96,0.71,2530
2019-10-16,6269,5407533,514801762,76.15,76.47,74.64,74.96,0.0,3915
2019-10-17,6269,2276008,215416660,75.67,75.67,74.64,75.2,0.24,1742
2019-10-18,6269,4405291,421486514,75.59,76.31,75.28,75.83,0.63,2182
2019-10-21,6269,4353059,420092010,76.31,77.26,75.83,76.86,1.03,3124
2019-10-22,6269,4390377,424852231,77.5,77.5,75.99,77.18,0.32,2947
2019-10-23,6269,4593505,446936685,77.34,77.74,76.78,76.94,-0.24,3119
2019-10-24,6269,5490383,526455133,76.55,76.94,75.44,76.31,-0.63,3709
2019-10-25,6269,2837336,272330180,76.31,76.78,75.67,75.75,-0.56,1800
2019-10-28,6269,9601430,939279940,76.07,78.29,76.07,77.89,2.14,6412
2019-10-29,6269,10606710,1043071086,79.16,79.72,76.07,76.86,-1.03,6234
2019-10-30,6269,33317764,3411513256,77.66,84.08,77.58,83.29,6.43,18334
2019-10-31,6269,58892388,6560360434,86.86,90.43,86.07,87.25,3.96,28115
2019-11-01,6269,32464190,3663064470,89.63,90.82,88.05,90.03,2.78,16014
2019-11-04,6269,15412351,1761624158,90.43,91.62,89.24,91.22,1.19,9367
2019-11-05,6269,8390644,961250416,91.22,91.62,89.63,90.82,-0.4,5002
2019-11-06,6269,9600037,1077714644,90.03,90.82,88.05,88.84,-1.98,5204
2019-11-07,6269,11745593,1291953823,88.84,89.63,85.27,88.44,-0.4,6305
2019-11-08,6269,7478795,820363950,88.05,89.24,85.67,86.86,-1.58,4431
2019-11-11,6269,8295518,911685944,87.65,88.44,85.67,85.67,-1.19,4625
2019-11-12,6269,13215753,1463700190,86.46,89.63,85.27,87.65,1.98,7119
2019-11-13,6269,8433565,935411585,86.46,90.03,86.07,86.46,-1.19,4607
2019-11-14,6269,5017309,548183181,87.25,87.65,85.67,86.86,0.4,3098
2019-11-15,6269,6229704,692496778,87.65,88.84,87.25,87.65,0.79,3351
2019-11-18,6269,6614394,744637317,88.84,90.03,88.05,89.24,1.59,4246
2019-11-19,6269,18186606,2098353190,90.03,93.2,89.63,91.62,2.38,10362
2019-11-20,6269,12063772,1401069508,92.01,93.2,90.43,90.82,-0.8,6816
2019-11-21,6269,10510393,1214361874,90.82,92.81,90.03,91.62,0.8,5695
2019-11-22,6269,3313197,380615958,92.01,92.41,90.43,90.43,-1.19,2080
2019-11-25,6269,10777089,1255010146,92.41,94.0,90.43,90.43,0.0,6089
2019-11-26,6269,4707944,541276116,91.22,91.62,90.43,91.22,0.79,2416
2019-11-27,6269,3503121,405135349,92.81,92.81,90.82,91.22,0.0,2388
2019-11-28,6269,8335692,963396580,92.01,93.2,90.03,91.22,0.0,4190
2019-11-29,6269,4459738,499732575,92.01,92.01,89.63,89.63,-1.59,2240
2019-12-02,6269,9054447,992957223,90.03,90.82,85.27,86.86,-2.77,5176
2019-12-03,6269,9076008,985766780,87.65,88.84,85.67,86.07,-0.79,4888
2019-12-04,6269,3424420,373112700,86.46,87.25,85.67,86.86,0.79,2102
2019-12-05,6269,7007509,769463981,87.25,88.44,85.67,86.07,-0.79,3460
2019-12-06,6269,5672869,612324778,85.67,86.86,84.48,86.07,0.0,3115
2019-12-09,6269,5383907,591034270,85.27,88.05,85.27,87.25,1.18,2820
2019-12-10,6269,3190759,352407249,87.25,88.05,86.46,88.05,0.8,1739
2019-12-11,6269,4031580,444801582,87.65,88.44,86.86,87.65,-0.4,2239
2019-12-12,6269,3487320,384673855,88.05,88.05,86.46,87.65,0.0,1924
2019-12-13,6269,4220756,460757648,88.05,88.44,85.67,85.67,-1.98,2317
2019-12-16,6269,13369311,1508667643,88.05,90.82,87.65,89.63,3.96,7302
2019-12-17,6269,7828174,897675908,90.43,91.62,90.43,90.82,1.19,4711
2019-12-18,6269,3485304,399471298,91.62,91.62,90.43,90.82,0.0,2445
2019-12-19,6269,4230992,476145590,90.43,90.82,88.44,89.24,-1.58,2900
2019-12-20,6269,2062704,231290848,89.24,90.03,88.44,88.84,-0.4,1434
2019-12-23,6269,1268457,141489450,88.05,88.84,88.05,88.44,-0.4,881
2019-12-24,6269,2601672,291909764,88.84,90.03,88.05,88.84,0.4,1480
2019-12-25,6269,2162454,242176568,88.44,89.63,88.05,89.24,0.4,1314
2019-12-26,6269,1753597,196453060,89.24,89.63,88.44,88.44,-0.8,1270
2019-12-27,6269,2268722,255609218,88.44,90.03,88.44,89.63,1.19,1307
2019-12-30,6269,4589384,508074421,90.03,90.03,86.86,87.65,-1.98,2899
2019-12-31,6269,6357295,720315266,88.44,90.82,88.05,90.82,3.17,3813
2020-01-02,6269,28506427,3489464948,92.41,99.55,92.41,98.36,7.54,16238
2020-01-03,6269,22723904,2825883192,99.15,101.14,95.58,97.57,-0.79,13682
2020-01-06,6269,6847060,826924224,97.17,97.57,94.39,95.58,-1.99,4163
2020-01-07,6269,14779812,1745339504,97.57,98.76,90.82,92.41,-3.17,8901
2020-01-08,6269,6691300,762353543,91.22,91.62,88.84,90.03,-2.38,4061
2020-01-09,6269,5598836,643465214,91.22,92.01,90.43,90.43,0.4,3284
2020-01-10,6269,7381367,846523716,90.82,93.2,90.43,91.62,1.19,3621
2020-01-13,6269,9105759,1078824803,93.2,95.58,92.41,92.81,1.19,5157
2020-01-14,6269,4547422,537712796,93.6,95.19,92.41,93.6,0.79,3131
2020-01-15,6269,4522012,526058892,93.2,93.6,91.22,92.01,-1.59,3023
2020-01-16,6269,2669074,310545113,92.41,93.6,91.22,92.41,0.4,1803
2020-01-17,6269,3440085,404828980,93.2,94.0,92.81,93.2,0.79,2351
2020-01-20,6269,9520076,1142705044,94.0,96.77,93.6,94.0,0.8,5408
2020-01-30,6269,11463804,1261182832,89.63,89.63,84.88,85.67,-8.33,5835
2020-01-31,6269,8386374,903015018,86.86,88.44,82.89,84.08,-1.59,4862
2020-02-03,6269,8659348,890561484,78.93,85.27,77.66,85.27,1.19,4900
2020-02-04,6269,7194412,786337908,85.67,88.44,84.88,86.46,1.19,4339
2020-02-05,6269,4665880,508434093,86.86,87.65,84.88,85.27,-1.19,3007
2020-02-06,6269,2697325,293741080,86.86,87.25,85.67,86.86,1.59,1869
2020-02-07,6269,3157289,342587712,86.86,87.25,85.27,85.67,-1.19,1994
2020-02-10,6269,5045790,529589530,82.89,85.67,81.31,84.88,-0.79,3378
2020-02-11,6269,6128429,674922119,86.07,88.84,85.67,88.44,3.56,3737
2020-02-12,6269,28223668,3444460800,97.17,97.17,95.19,97.17,8.73,11255
2020-02-13,6269,30753401,3823696422,99.95,100.34,96.77,96.77,-0.4,14414
2020-02-14,6269,12918932,1598752587,97.96,99.15,96.77,97.96,1.19,6517
2020-02-17,6269,7717442,944962510,96.77,98.76,95.58,98.76,0.8,4817
2020-02-18,6269,12634101,1522717120,98.76,98.76,93.6,94.0,-4.76,7223
2020-02-19,6269,11891637,1415811471,95.19,96.38,93.6,94.39,0.39,5376
2020-02-20,6269,6635092,800964663,95.58,96.77,94.39,96.38,1.99,3824
2020-02-21,6269,3529752,425591240,96.38,96.77,94.79,95.19,-1.19,2117
2020-02-24,6269,4159978,483104284,93.6,94.39,92.81,93.6,-1.59,2124
2020-02-25,6269,4679917,550473145,92.01,94.39,91.62,94.39,0.79,2417
2020-02-26,6269,3940584,463151828,93.2,94.39,92.41,92.41,-1.98,2156
2020-02-27,6269,5981588,681806316,92.81,93.2,88.84,90.03,-2.38,3653
2020-03-02,6269,5311681,597011134,86.07,91.22,86.07,90.43,0.4,3060
2020-03-03,6269,6833514,809493877,93.2,95.19,92.81,93.2,2.77,4203
2020-03-04,6269,4289301,496773357,93.2,93.2,90.82,92.01,-1.19,2832
2020-03-05,6269,4912864,582420316,93.6,94.79,92.81,94.79,2.78,3139
2020-03-06,6269,3463548,407535712,94.39,94.39,92.81,92.81,-1.98,2066
2020-03-09,6269,5866115,662123495,91.62,91.62,88.05,88.44,-4.37,3632
2020-03-10,6269,6726338,749681694,85.67,90.82,85.27,90.03,1.59,3358
2020-03-11,6269,5782845,664557985,91.22,92.41,89.63,89.63,-0.4,3402
2020-03-12,6269,11017163,1161875952,88.05,88.05,80.91,82.1,-7.53,6823
2020-03-13,6269,12599571,1192016158,74.56,78.93,73.93,77.58,-4.52,7288
2020-03-16,6269,6594977,638322624,76.78,79.01,74.56,74.56,-3.02,4174
2020-03-17,6269,9481557,864131031,71.39,74.56,71.15,71.23,-3.33,5825
2020-03-18,6269,6239041,562066939,72.82,72.9,69.01,69.01,-2.22,3775
2020-03-19,6269,10050924,823565224,67.5,68.38,62.51,63.06,-5.95,6228
2020-03-20,6269,6441778,559890878,68.85,69.33,67.66,69.17,6.11,4045
2020-03-23,6269,4623534,386951539,65.44,67.74,64.97,66.39,-2.78,2308
2020-03-24,6269,5508541,497670372,71.07,72.74,70.36,72.18,5.79,3861
2020-03-25,6269,6946244,664834348,75.2,77.18,74.33,74.8,2.62,4697
2020-03-26,6269,4879467,464090958,74.8,76.78,73.29,76.55,1.75,3364
2020-03-27,6269,5779509,566024750,78.53,79.08,75.75,75.75,-0.8,3772
2020-03-30,6269,3192309,305159674,73.77,76.7,73.69,76.31,0.56,2159
2020-03-31,6269,6655172,635413641,77.1,77.34,74.56,75.67,-0.64,4398
2020-04-01,6269,7435734,688595427,73.77,74.4,72.58,73.77,-1.9,5400
2020-04-06,6269,5978671,544470018,73.45,74.25,71.39,72.26,-1.51,4177
2020-04-07,6269,9557756,897879064,73.45,75.83,73.06,75.83,3.57,5504
2020-04-08,6269,13042236,1293861200,76.7,82.5,76.15,79.32,3.49,8664
2020-04-09,6269,6677696,662348078,80.12,81.31,77.5,77.74,-1.58,4612
2020-04-10,6269,4778474,465840387,77.97,78.37,76.15,77.89,0.15,3374
2020-04-13,6269,2764606,272183901,77.5,79.08,76.55,77.58,-0.31,1797
2020-04-14,6269,5386068,541691286,78.53,80.91,77.97,80.51,2.93,3659
2020-04-15,6269,4647424,476263451,81.7,82.1,80.12,81.31,0.8,3133
2020-04-16,6269,3917281,401858443,79.72,82.1,79.72,81.7,0.39,2379
2020-04-17,6269,5513913,575265039,83.29,84.08,80.91,81.7,0.0,3385
2020-04-20,6269,1992250,205689850,82.1,82.5,80.91,82.1,0.4,1430
2020-04-21,6269,4785237,488860437,82.1,82.89,79.72,80.12,-1.98,2697
2020-04-22,6269,2877581,289054366,79.32,80.91,78.13,80.12,0.0,1769
2020-04-23,6269,6622911,690238566,80.91,84.08,80.91,84.08,3.96,3934
2020-04-24,6269,4022483,421175953,83.29,84.08,81.7,83.69,-0.39,2673
2020-04-27,6269,10423358,1136440380,85.67,88.05,84.88,87.65,3.96,5684
2020-04-28,6269,9512739,1044936393,86.86,88.84,84.88,88.84,1.19,5070
2020-04-29,6269,19931648,2151507452,85.67,86.86,83.69,86.07,-2.77,12154
2020-04-30,6269,10324509,1119802219,86.46,87.25,84.88,86.07,0.0,5843
2020-05-04,6269,6617030,701401657,83.29,86.07,82.5,83.69,-2.38,4398
2020-05-05,6269,8223462,875397736,84.48,86.07,83.29,83.69,0.0,4377
2020-05-06,6269,5165026,547657764,84.48,84.88,83.29,84.48,0.79,3456
2020-05-07,6269,8059267,876986603,84.48,87.25,84.48,86.46,1.98,4678
2020-05-08,6269,7256302,792739418,87.65,88.05,85.67,85.67,-0.79,4963
2020-05-11,6269,8026392,884043620,86.86,88.44,86.07,87.25,1.58,5293
2020-05-12,6269,5392016,593111760,87.65,88.44,85.67,86.46,-0.79,3505
2020-05-13,6269,6050074,649620992,85.67,86.46,84.48,84.88,-1.58,4101
2020-05-14,6269,4768266,505974282,84.48,86.07,82.89,82.89,-1.99,3523
2020-05-15,6269,6667354,690793133,84.08,84.88,80.51,82.1,-0.79,4002
2020-05-18,6269,5609383,569440683,81.7,82.5,79.72,79.72,-2.38,3077
2020-05-19,6269,3664363,373801702,81.7,82.1,80.12,80.51,0.79,1919
2020-05-20,6269,3422910,349474320,81.31,82.1,80.51,80.51,0.0,1992
2020-05-21,6269,5275994,551489864,81.31,84.08,81.31,83.69,3.18,2782
2020-05-22,6269,5591573,587215375,83.69,84.48,82.1,82.1,-1.59,2930
2020-05-25,6269,2975187,312101909,82.89,84.08,81.31,84.08,1.98,1743
2020-05-26,6269,6395423,688991684,84.48,86.46,84.08,85.67,1.59,3857
2020-05-27,6269,4286369,463456852,85.67,86.46,84.88,85.27,-0.4,2565
2020-05-28,6269,3200682,344335974,85.67,86.07,84.48,84.48,-0.79,1936
2020-05-29,6269,3287202,354421316,84.48,86.07,84.48,86.07,1.59,2106
2020-06-01,6269,8627761,957758339,87.25,89.24,86.46,88.44,2.37,5311
2020-06-02,6269,7968156,900876543,90.03,90.43,88.44,89.63,1.19,4769
2020-06-03,6269,11611048,1336065520,91.62,92.41,89.63,91.62,1.99,7583
2020-06-04,6269,13027902,1539150971,92.41,95.19,92.01,93.6,1.98,7190
2020-06-05,6269,9355550,1112289617,94.0,95.98,92.81,93.6,0.0,5078
2020-06-08,6269,4770960,567774740,94.39,95.19,93.2,95.19,1.59,2976
2020-06-09,6269,8184617,977740189,96.77,97.57,92.81,92.81,-2.38,5171
2020-06-10,6269,5605044,656439692,92.81,94.0,91.62,93.6,0.79,3649
2020-06-11,6269,4999148,578062372,92.01,93.2,90.43,90.43,-3.17,2928
2020-06-12,6269,4811408,540887713,87.25,90.82,86.86,90.82,0.39,2730
2020-06-15,6269,2649060,301526720,90.43,90.82,89.63,89.63,-1.19,1650
2020-06-16,6269,3445297,399165452,92.81,92.81,91.22,92.01,2.38,2153
2020-06-17,6269,4433640,506676271,92.01,92.01,90.03,90.82,-1.19,3020
2020-06-18,6269,5577242,652134056,91.22,94.0,90.43,93.6,2.78,3151
2020-06-19,6269,7197835,856880777,94.79,95.19,92.41,95.19,1.59,3959
2020-06-22,6269,3705225,441480156,95.58,95.98,93.6,94.39,-0.8,2363
2020-06-23,6269,3064315,361592170,94.39,94.79,92.41,93.6,-0.79,1633
2020-06-24,6269,5043076,604682120,94.0,95.98,94.0,95.58,1.98,2721
2020-06-29,6269,4044912,479650616,94.39,95.19,93.2,94.0,-1.58,2005
2020-06-30,6269,4599174,556072625,95.98,96.77,94.39,96.38,2.38,2674
2020-07-01,6269,17325546,2208636994,97.57,104.71,97.17,99.95,3.57,9943
2020-07-02,6269,10077108,1292866456,100.34,103.12,99.15,102.72,2.77,5702
2020-07-03,6269,19143473,2578218328,105.5,109.86,103.91,107.88,5.16,10885
2020-07-06,6269,12709709,1781943085,109.47,113.43,108.67,112.24,4.36,7360
2020-07-07,6269,11618830,1595990380,111.05,112.24,107.09,107.88,-4.36,7026
2020-07-08,6269,8519362,1178587956,107.88,111.45,107.88,110.26,2.38,4967
2020-07-09,6269,15635613,2245544006,110.66,116.6,110.26,113.83,3.57,8465
2020-07-10,6269,6878116,964842609,113.83,115.02,109.07,110.66,-3.17,4576
2020-07-13,6269,4415267,618290880,112.24,113.43,110.26,111.05,0.39,3222
2020-07-14,6269,8764152,1218685744,111.05,114.62,109.47,111.05,0.0,4912
2020-07-15,6269,8438872,1213092824,113.43,116.21,111.84,113.03,1.98,5618
2020-07-16,6269,7393921,1043158286,113.43,115.02,110.66,112.24,-0.79,4401
2020-07-17,6269,4412026,621573164,113.03,113.83,110.66,112.24,0.0,2582
2020-07-20,6269,3974392,566995556,114.22,114.22,111.05,113.83,1.59,2716
2020-07-21,6269,9241409,1352172805,115.02,118.19,114.22,115.41,1.58,6034
2020-07-22,6269,3044273,441492585,114.62,115.81,113.83,115.81,0.4,1957
2020-07-23,6269,9514465,1419909285,115.81,120.17,115.02,118.59,2.78,6589
2020-07-24,6269,6983987,1025544106,117.79,119.38,113.83,114.62,-3.97,4729
2020-07-27,6269,5718036,843046820,115.81,118.98,114.22,117.79,3.17,3634
2020-07-28,6269,7513352,1117308596,119.38,119.78,115.81,118.19,0.4,4463
2020-07-29,6269,8607260,1294341000,120.17,121.36,117.79,118.98,0.79,5531
2020-07-30,6269,20150003,2763575399,109.11,117.32,107.47,112.4,-6.58,11921
2020-07-31,6269,9579680,1348746060,112.4,116.91,112.4,116.09,3.69,6510
2020-08-03,6269,6540087,901999419,116.09,116.91,111.58,111.58,-4.51,4654
2020-08-04,6269,5840411,796712629,113.22,114.04,109.93,113.63,2.05,4367
2020-08-05,6269,3492083,484216537,113.63,114.86,112.81,113.63,0.0,2510
2020-08-06,6269,5883847,804410039,114.45,114.86,110.76,111.58,-2.05,3550
2020-08-07,6269,6633896,915854044,112.4,114.45,111.99,113.63,2.05,4282
2020-08-10,6269,5175238,698023130,113.22,113.22,109.11,109.52,-4.11,3385
2020-08-11,6269,6368894,867364478,109.52,112.81,109.11,112.81,3.29,3698
2020-08-12,6269,3212687,441349140,111.58,114.04,110.76,113.63,0.82,2274
2020-08-13,6269,3764111,511317207,114.04,114.45,109.93,111.17,-2.46,2449
2020-08-14,6269,1681846,229323816,111.17,113.22,109.93,112.81,1.64,1104
2020-08-17,6269,1854683,252999388,113.22,113.63,110.76,111.17,-1.64,1335
2020-08-18,6269,3354890,448796807,111.99,112.4,108.29,109.11,-2.06,2299
2020-08-19,6269,4105571,541657546,109.52,109.93,107.47,107.47,-1.64,2487
2020-08-20,6269,9359223,1152479807,107.47,107.47,98.04,99.68,-7.79,6004
2020-08-21,6269,5392494,680421744,102.55,106.24,102.14,103.37,3.69,3678
2020-08-24,6269,3623782,464468476,105.42,107.06,103.78,105.42,2.05,2166
2020-08-25,6269,3068109,397812561,106.65,107.88,105.42,106.24,0.82,1586
2020-08-26,6269,2127858,275395607,106.24,106.65,105.42,106.24,0.0,825
2020-08-27,6269,1863870,237648990,106.24,106.65,103.78,103.78,-2.46,1390
2020-08-28,6269,1026679,130159233,103.37,105.01,102.55,104.19,0.41,830
2020-08-31,6269,2283388,290652776,105.01,106.65,102.96,103.37,-0.82,1364
2020-09-01,6269,4042629,494683409,103.78,105.42,101.32,105.01,1.64,2088
2020-09-02,6269,3944843,503021162,105.83,105.83,103.37,104.6,-0.41,2245
2020-09-03,6269,3522492,448798476,105.83,106.24,103.37,104.6,0.0,2260
2020-09-04,6269,3251476,404383476,102.14,102.96,101.32,102.55,-2.05,2235
2020-09-07,6269,2382769,292801587,102.55,103.37,100.09,100.09,-2.46,1814
2020-09-08,6269,4345927,522069698,100.5,100.91,97.63,98.04,-2.05,3152
2020-09-09,6269,3479878,414013048,96.81,100.5,96.4,100.5,2.46,1864
2020-09-10,6269,2766426,335932829,100.91,102.55,97.63,98.04,-2.46,1991
2020-09-11,6269,2561931,304953113,98.45,99.27,95.99,99.27,1.23,1452
2020-09-14,6269,3553271,438260732,100.09,102.55,98.86,102.14,2.87,2131
2020-09-15,6269,5293289,674379492,102.14,105.83,101.73,105.01,2.87,3139
2020-09-16,6269,4449333,572970952,106.65,107.47,103.37,104.19,-0.82,2783
2020-09-17,6269,1496174,188683424,103.78,104.6,102.55,103.37,-0.82,1121
2020-09-18,6269,1244389,157418903,103.37,104.6,102.55,104.6,1.23,906
2020-09-21,6269,1179252,148526500,105.01,105.01,102.55,102.55,-2.05,896
2020-09-22,6269,2173465,265535410,102.14,103.78,100.09,102.14,-0.41,1117
2020-09-23,6269,2626761,327041364,102.96,103.37,100.5,102.14,0.0,1325
2020-09-24,6269,2631607,323691768,100.91,101.73,100.09,100.91,-1.23,1426
2020-09-25,6269,3094393,372039660,101.32,101.73,96.81,98.04,-2.87,1848
2020-09-28,6269,1094810,132687510,99.68,100.5,98.04,99.68,1.64,814
2020-09-29,6269,739056,90085302,100.91,100.91,99.27,99.68,0.0,469
2020-09-30,6269,1191546,144078612,99.68,100.09,98.04,99.68,0.0,762
2020-10-05,6269,1144913,138610973,99.27,100.91,98.45,98.86,-0.82,825
2020-10-06,6269,2681785,331716340,99.68,102.55,99.68,101.73,2.87,1723
2020-10-07,6269,1520140,188374000,101.73,102.14,100.91,102.14,0.41,1093
2020-10-08,6269,2158532,269412730,103.37,103.37,101.73,102.14,0.0,1306
2020-10-12,6269,3054028,362428213,102.96,102.96,100.09,100.09,-2.05,1274
2020-10-13,6269,4170054,518433250,100.09,102.96,100.09,102.55,2.46,2198
2020-10-14,6269,7584438,917857936,101.73,101.73,98.45,98.86,-3.69,5224
2020-10-15,6269,3408135,407464700,98.45,99.27,97.22,98.04,-0.82,2135
2020-10-16,6269,2253239,270266180,98.04,99.27,97.63,98.04,0.0,1423
2020-10-19,6269,6363882,784734368,98.45,102.14,98.04,101.73,3.69,3860
2020-10-20,6269,2546242,315382008,101.32,102.55,100.91,101.32,-0.41,1716
2020-10-21,6269,2452176,302630218,101.32,102.55,100.5,100.91,-0.41,1523
2020-10-22,6269,4118970,499103380,100.91,101.73,98.04,98.45,-2.46,2456
2020-10-23,6269,2713154,329938788,99.27,100.91,98.45,100.09,1.64,1615
2020-10-26,6269,2431619,295372479,100.09,100.5,98.86,100.09,0.0,1396
2020-10-27,6269,2530381,308475352,99.27,101.32,98.86,100.5,0.41,1693
2020-10-28,6269,2817440,342861140,100.5,100.91,98.86,99.68,-0.82,1758
2020-10-29,6269,2190610,263680824,97.63,100.09,97.22,100.09,0.41,1503
2020-10-30,6269,10077561,1185229809,96.81,97.63,95.17,95.58,-4.51,5958
2020-11-02,6269,4010202,456196756,95.58,95.99,92.3,92.71,-2.87,2661
2020-11-03,6269,1959075,224866874,93.94,95.17,93.12,93.94,1.23,1334
2020-11-04,6269,1554560,180022890,94.76,95.99,93.94,95.17,1.23,1016
2020-11-05,6269,2916616,335962658,95.17,95.58,93.94,94.35,-0.82,1223
2020-11-06,6269,2963823,348600593,95.17,97.22,94.35,97.22,2.87,2020
2020-11-09,6269,2997271,356157063,98.04,98.86,96.81,97.22,0.0,1886
2020-11-10,6269,3713762,432359351,97.63,97.63,94.35,94.76,-2.46,2280
2020-11-11,6269,2227765,261781673,94.76,97.22,94.76,96.81,2.05,1463
2020-11-12,6269,2771828,328748158,98.45,98.45,96.81,97.22,0.41,1672
2020-11-13,6269,3089190,360778406,96.81,97.22,95.17,95.58,-1.64,1984
2020-11-16,6269,3655556,433138012,96.4,98.45,96.4,96.4,0.82,2350
2020-11-17,6269,3026431,354339660,96.81,97.63,95.17,95.99,-0.41,1999
2020-11-18,6269,6227043,715487360,95.58,95.99,93.53,93.94,-2.05,4311
2020-11-19,6269,4917707,558979158,93.12,93.94,92.71,93.53,-0.41,2752
2020-11-20,6269,6124889,698430375,93.53,95.17,92.71,93.53,0.0,3894
2020-11-23,6269,2214707,253489688,93.94,94.76,93.12,93.94,0.41,1524
2020-11-24,6269,4487373,520020001,94.35,95.99,93.94,94.76,0.82,3266
2020-11-25,6269,2827831,329416363,95.58,96.4,94.76,95.58,0.82,2016
2020-11-26,6269,4081615,476930941,95.99,96.81,94.76,95.99,0.41,2522
2020-11-27,6269,2840514,333056949,95.99,96.81,95.17,96.4,0.41,1726
2020-11-30,6269,8885097,1065490956,97.22,99.68,96.4,98.45,2.05,5217
2020-12-01,6269,6085717,739501178,99.68,100.5,98.04,100.5,2.05,3937
2020-12-02,6269,3446737,421433341,101.32,101.32,99.27,100.5,0.0,2419
2020-12-03,6269,3508908,429551001,101.32,101.73,99.27,99.68,-0.82,2355
2020-12-04,6269,3652585,440970904,99.68,100.09,98.45,99.27,-0.41,2287
2020-12-07,6269,6018481,729721973,100.91,101.32,98.04,99.68,0.41,3288
2020-12-08,6269,6279886,775160302,100.91,102.14,100.09,101.32,1.64,4324
2020-12-09,6269,4047437,497878887,101.73,102.55,100.09,100.5,-0.82,2844
2020-12-10,6269,6308039,757031813,100.09,100.09,97.63,98.45,-2.05,4435
2020-12-11,6269,4953423,582959645,98.86,99.27,95.17,95.99,-2.46,3342
2020-12-14,6269,1718428,200735498,96.4,96.81,94.76,95.99,0.0,1244
2020-12-15,6269,3926576,449226015,95.99,95.99,92.71,93.12,-2.87,2629
2020-12-16,6269,4078429,478202860,94.35,97.22,94.35,97.22,4.1,2316
2020-12-17,6269,2032325,239915268,96.4,97.63,95.58,96.81,-0.41,1342
2020-12-18,6269,3831310,458950232,97.22,99.27,97.22,98.45,1.64,2350
2020-12-21,6269,3166923,376860529,98.45,98.86,96.81,97.63,-0.82,1352
2020-12-22,6269,3331481,393248796,98.04,98.04,95.17,96.4,-1.23,1820
2020-12-23,6269,1593916,188361568,97.22,97.63,95.99,97.22,0.82,1123
2020-12-24,6269,3175852,381407010,98.04,99.27,97.63,98.04,0.82,1757
2020-12-25,6269,1702270,204189962,99.27,99.68,97.22,98.04,0.0,1226
2020-12-28,6269,1530106,182643005,98.04,98.45,97.63,98.04,0.0,1148
2020-12-29,6269,4668149,564483709,98.86,100.5,98.45,98.45,0.41,3187
2020-12-30,6269,1855344,224080745,99.27,99.68,98.45,99.27,0.82,1352
2020-12-31,6269,1383206,166964563,99.27,99.68,98.45,99.27,0.0,829
2021-01-04,6269,3681882,451410529,99.27,101.73,98.86,100.91,1.64,2486
2021-01-05,6269,2854509,348362129,100.91,100.91,99.27,100.91,0.0,1912
2021-01-06,6269,8773724,1087519251,101.73,103.37,100.09,100.5,-0.41,5810
2021-01-07,6269,4747100,588058378,101.73,102.55,100.5,101.73,1.23,3096
2021-01-08,6269,3929256,483481130,102.14,102.55,100.09,100.5,-1.23,2645
2021-01-11,6269,3215128,393678965,100.91,101.32,99.27,100.5,0.0,1845
2021-01-12,6269,4559784,548978787,100.5,100.5,97.63,97.63,-2.87,2956
2021-01-13,6269,6700419,808280829,98.45,100.5,98.04,98.45,0.82,3428
2021-01-14,6269,10477896,1289918371,98.45,102.55,98.45,102.14,3.69,6697
2021-01-15,6269,9046395,1099000617,102.14,102.55,98.45,98.86,-3.28,5181
2021-01-18,6269,3748313,445245458,98.04,98.86,95.99,98.45,-0.41,2115
2021-01-19,6269,3063805,363345179,98.45,98.86,96.81,97.22,-1.23,2025
2021-01-20,6269,6037831,697127212,96.81,97.22,93.12,93.12,-4.1,3751
2021-01-21,6269,10937179,1308825432,96.4,100.09,95.99,98.45,5.33,6492
2021-01-22,6269,7938507,964764063,98.45,101.73,97.63,99.27,0.82,4746
2021-01-25,6269,5117237,625807539,99.68,101.32,98.45,100.91,1.64,3084
2021-01-26,6269,6211069,768926003,102.14,102.96,99.68,99.68,-1.23,3952
2021-01-27,6269,3575268,441101910,100.91,101.73,100.5,100.91,1.23,2087
2021-01-28,6269,3471558,421395124,98.45,100.91,98.45,99.68,-1.23,2315
2021-01-29,6269,3785275,455167384,99.68,99.68,97.22,97.63,-2.05,2324
2021-02-01,6269,2722578,320213318,97.63,97.63,94.76,96.4,-1.23,1731
2021-02-02,6269,2053266,243656446,97.22,98.45,96.81,96.81,0.41,1342
2021-02-03,6269,3470976,410387474,97.63,98.04,96.81,97.22,0.41,830
2021-02-04,6269,3445263,416276878,96.81,100.5,96.4,100.09,2.87,2084
2021-02-05,6269,2871944,351641796,100.91,101.32,99.68,100.5,0.41,1707
2021-02-17,6269,5532316,686655817,102.55,102.55,100.5,102.14,1.64,3722
2021-02-18,6269,7921803,986903135,102.55,103.37,100.5,102.55,0.41,4278
2021-02-19,6269,20144825,2645027437,101.73,109.93,101.73,108.29,5.74,12359
2021-02-22,6269,10806141,1401977927,107.88,108.29,105.01,106.24,-2.05,7141
2021-02-23,6269,6253998,798265366,105.42,105.83,103.78,105.01,-1.23,4353
2021-02-24,6269,6437953,827668768,105.83,107.47,104.19,104.6,-0.41,4242
2021-02-25,6269,4112631,531127258,105.83,107.47,105.01,105.01,0.41,3141
2021-02-26,6269,3944461,498093407,103.37,104.6,102.96,103.37,-1.64,2926
2021-03-02,6269,3916875,491315972,104.6,105.01,101.32,101.32,-2.05,2939
2021-03-03,6269,3313273,413369829,102.55,103.37,100.91,103.37,2.05,2130
2021-03-04,6269,3333287,414213850,103.78,103.78,100.91,101.73,-1.64,2064
2021-03-05,6269,2185097,268801132,100.09,101.73,99.27,101.73,0.0,1614
2021-03-08,6269,2936725,361437174,102.14,102.96,99.68,100.5,-1.23,1991
2021-03-09,6269,2948665,358059010,100.91,101.32,98.86,99.27,-1.23,2210
2021-03-10,6269,2115826,257512612,100.09,101.32,99.27,99.27,0.0,1567
2021-03-11,6269,3855021,475820126,100.09,102.55,99.27,101.73,2.46,2495
2021-03-12,6269,2143279,265306163,101.73,102.55,100.91,100.91,-0.82,1557
2021-03-15,6269,1345054,166887302,101.73,102.55,101.32,101.73,0.82,1084
2021-03-16,6269,2144248,266659143,102.55,102.96,101.32,101.73,0.0,1505
2021-03-17,6269,4084105,512562642,101.73,104.19,101.73,102.14,0.41,2657
2021-03-18,6269,2634857,332382702,102.96,104.19,102.96,103.37,1.23,2040
2021-03-19,6269,2360623,294522166,102.55,103.37,101.73,102.55,-0.82,1679
2021-03-22,6269,1906767,236882536,102.55,102.55,101.32,101.73,-0.82,1343
2021-03-23,6269,1916162,239803290,102.96,103.37,101.73,102.14,0.41,1487
2021-03-24,6269,1090474,135929178,102.14,102.96,101.73,102.14,0.0,976
2021-03-25,6269,2437186,301481842,102.14,102.55,100.91,100.91,-1.23,1509
2021-03-26,6269,1252562,154707637,101.32,101.73,100.91,101.32,0.41,967
2021-03-29,6269,1727949,215523557,101.73,102.96,101.73,102.14,0.82,1319
2021-03-30,6269,2139061,268962622,102.55,103.78,102.14,102.96,0.82,1494
2021-03-31,6269,3607216,455934308,103.78,104.19,102.96,102.96,0.0,2420
2021-04-01,6269,3127155,393211200,104.19,104.6,102.14,102.55,-0.41,1996
2021-04-06,6269,2840490,354453744,103.37,103.78,101.73,102.96,0.41,2138
2021-04-07,6269,2711770,340201884,102.55,103.78,101.73,103.78,0.82,1767
2021-04-08,6269,2588544,324786318,103.37,103.37,102.55,102.96,-0.82,1918
2021-04-09,6269,3157716,392859477,103.37,103.37,101.32,101.73,-1.23,2026
2021-04-12,6269,2994907,368537015,102.14,102.55,100.09,100.5,-1.23,2243
2021-04-13,6269,4935479,595131859,101.32,101.32,97.63,98.04,-2.46,4091
2021-04-14,6269,4585205,537491567,98.45,98.86,94.35,96.4,-1.64,3441
2021-04-15,6269,3004984,353639360,96.81,97.63,95.99,96.81,0.41,2265
2021-04-16,6269,4574274,550537293,97.22,99.68,96.81,99.68,2.87,3262
2021-04-19,6269,4403829,540196063,100.09,102.14,98.86,102.14,2.46,2707
2021-04-20,6269,13110292,1665150755,103.37,106.24,102.96,103.78,1.64,8289
2021-04-21,6269,4421520,551415862,102.96,103.37,101.32,101.73,-2.05,2908
2021-04-22,6269,3690955,458174144,102.55,102.96,100.91,102.14,0.41,2416
2021-04-23,6269,4353284,545906841,103.78,104.19,101.32,103.37,1.23,2835
2021-04-26,6269,4128506,523166488,104.6,105.01,102.96,104.19,0.82,2847
2021-04-27,6269,2768343,347261394,104.19,104.19,102.14,102.14,-2.05,1817
2021-04-28,6269,6727802,821100287,102.55,102.96,98.86,100.09,-2.05,5034
2021-04-29,6269,8228531,981569700,99.68,100.09,97.22,97.63,-2.46,5796
2021-05-03,6269,5752365,666285463,97.63,97.63,93.94,93.94,-3.69,4357
2021-05-04,6269,5881931,662344262,93.94,94.76,90.66,92.3,-1.64,3739
2021-05-05,6269,3068294,346156691,93.53,94.35,91.89,91.89,-0.41,2125
2021-05-06,6269,5103587,587394581,94.76,95.99,93.12,93.94,2.05,2833
2021-05-07,6269,3844439,448268364,95.17,96.4,94.76,95.99,2.05,1745
2021-05-10,6269,1695819,196994280,96.4,96.4,94.76,95.99,0.0,919
2021-05-11,6269,4622037,537188353,94.35,96.81,93.53,94.35,-1.64,2382
2021-05-12,6269,6959718,772012768,94.76,95.17,85.32,90.66,-3.69,4393
2021-05-13,6269,3408851,373696260,88.6,91.89,86.14,91.89,1.23,2254
2021-05-14,6269,3462596,394934906,92.71,95.17,91.89,93.53,1.64,1959
2021-05-17,6269,5856384,644569446,88.6,93.53,88.19,93.12,-0.41,2974
2021-05-18,6269,2465811,282648191,93.53,95.17,93.12,94.35,1.23,1574
2021-05-19,6269,2230848,257453640,95.17,95.17,93.53,95.17,0.82,1295
2021-05-20,6269,2358922,265985423,94.76,95.17,92.3,92.71,-2.46,1336
2021-05-21,6269,1124306,127854147,93.53,94.76,92.71,92.71,0.0,727
2021-05-24,6269,1579674,181084124,91.89,95.17,91.48,94.76,2.05,941
2021-05-25,6269,2592564,299334886,95.17,95.99,93.53,94.35,-0.41,1626
2021-05-26,6269,1113678,128177525,94.76,95.17,93.94,94.35,0.0,854
2021-05-27,6269,1767632,200985133,94.35,94.35,92.71,92.71,-1.64,1170
2021-05-28,6269,2248109,258596764,93.94,94.76,93.94,94.76,2.05,1459
2021-05-31,6269,3704929,438574624,95.58,98.86,95.17,97.63,2.87,2727
2021-06-01,6269,2714540,326687677,98.45,99.27,98.04,98.45,0.82,1868
2021-06-02,6269,1960559,231338331,98.45,98.86,95.99,96.4,-2.05,1467
2021-06-03,6269,1116063,131776583,96.81,97.63,96.4,97.22,0.82,678
2021-06-04,6269,1951225,232876102,96.81,98.45,96.4,98.04,0.82,1613
2021-06-07,6269,1387576,165459485,98.45,98.86,96.4,98.04,0.0,998
2021-06-08,6269,2357938,283411118,98.45,99.68,97.22,97.22,-0.82,1545
2021-06-09,6269,2028364,243750976,97.63,99.27,97.22,98.45,1.23,1436
2021-06-10,6269,6205261,758328202,99.27,101.73,98.86,99.68,1.23,4001
2021-06-11,6269,2738534,334097941,100.09,100.91,99.27,99.68,0.0,1947
2021-06-15,6269,3240657,397568958,100.91,100.91,100.09,100.5,0.82,2356
2021-06-16,6269,5889275,725768937,100.91,101.73,100.5,100.5,0.0,3842
2021-06-17,6269,5382814,657962404,100.5,101.32,99.27,100.5,0.0,3360
2021-06-18,6269,4986632,592512481,101.46,102.32,101.03,102.32,1.82,3257
2021-06-21,6269,2986824,353036739,101.46,102.32,100.17,101.03,-1.29,2397
2021-06-22,6269,4346389,521511783,101.89,103.6,101.89,103.6,2.57,3179
2021-06-23,6269,22162248,2771254526,104.46,109.59,102.32,109.16,5.56,13442
2021-06-24,6269,16880472,2182610973,110.88,112.16,108.74,110.02,0.86,10253
2021-06-25,6269,25617812,3434755424,113.87,116.44,112.59,114.3,4.28,14707
2021-06-28,6269,16942893,2292737528,116.01,117.73,114.3,114.3,0.0,9857
2021-06-29,6269,24385307,3362431002,116.01,121.58,115.59,116.87,2.57,14698
2021-06-30,6269,11202579,1525697977,118.58,119.44,114.73,115.59,-1.28,7342
2021-07-01,6269,8446280,1123233973,115.59,116.44,112.16,113.45,-2.14,5286
2021-07-02,6269,8570810,1149841471,115.59,116.44,113.45,114.3,0.85,5045
2021-07-05,6269,11503274,1580503929,116.44,120.72,116.44,117.3,3.0,7915
2021-07-06,6269,6391303,858581752,117.73,117.73,113.45,113.87,-3.43,4632
2021-07-07,6269,5915082,799634199,113.87,116.87,113.87,116.44,2.57,4128
2021-07-08,6269,19132251,2504975783,111.73,113.87,110.45,111.73,-4.71,12440
2021-07-09,6269,9704724,1254858649,110.02,112.59,109.59,110.45,-1.28,5881
2021-07-12,6269,10622369,1356257870,111.31,112.16,106.17,110.88,0.43,7009
2021-07-13,6269,7021253,915220737,112.16,114.3,109.16,109.59,-1.29,5099
2021-07-14,6269,8651974,1087874908,109.16,109.59,106.6,107.02,-2.57,5465
2021-07-15,6269,11167759,1453594819,109.16,113.02,108.74,113.02,6.0,7302
2021-07-16,6269,5159187,675156661,110.88,113.02,110.45,113.02,0.0,3466
2021-07-19,6269,6037782,795748951,112.59,114.3,111.73,113.45,0.43,3229
2021-07-20,6269,5727859,736491492,111.31,111.31,108.74,108.74,-4.71,4159
2021-07-21,6269,7181836,904817722,110.88,111.31,106.17,106.6,-2.14,5049
2021-07-22,6269,4436653,565613356,107.88,110.45,107.02,109.16,2.56,3169
2021-07-23,6269,3053216,389712510,109.59,110.88,107.88,108.74,-0.42,2126
2021-07-26,6269,5487532,714061139,109.59,113.02,109.59,110.88,2.14,3474
2021-07-27,6269,5055831,656693274,112.59,113.02,109.16,112.59,1.71,3617
2021-07-28,6269,9671731,1209352445,111.73,111.73,103.6,107.02,-5.57,6523
2021-07-29,6269,4205665,534139460,108.31,110.02,107.02,109.16,2.14,2612
2021-07-30,6269,12012099,1554392481,106.17,112.59,106.17,111.31,2.15,7419
2021-08-02,6269,6381568,843943204,113.02,114.73,111.73,113.45,2.14,4621
2021-08-03,6269,9949736,1321028144,113.87,117.3,111.31,112.59,-0.86,7311
2021-08-04,6269,5265515,686624074,112.59,113.87,110.45,110.88,-1.71,4020
2021-08-05,6269,6115480,774140873,110.02,110.45,107.45,108.31,-2.57,4534
2021-08-06,6269,2591883,327300506,107.88,109.59,107.02,108.31,0.0,1920
2021-08-09,6269,1935480,244596059,108.74,109.16,107.02,107.45,-0.86,1424
2021-08-10,6269,9170433,1115404588,107.45,107.88,101.46,104.88,-2.57,6057
2021-08-11,6269,6693270,815708811,105.31,106.6,102.32,103.17,-1.71,3081
2021-08-12,6269,3207363,393190500,104.46,106.17,103.17,105.31,2.14,1865
2021-08-13,6269,4394486,527866557,105.74,106.17,101.46,101.46,-3.85,2764
2021-08-16,6269,4793322,552915745,100.17,100.6,96.32,99.32,-2.14,3313
2021-08-17,6269,2129448,248664120,100.6,101.89,98.03,98.03,-1.29,1605
2021-08-18,6269,4332144,505600653,96.75,102.32,96.75,101.03,3.0,2880
2021-08-19,6269,2558317,300278700,100.17,101.89,98.89,99.32,-1.71,1730
2021-08-20,6269,2387757,274574186,99.75,100.6,97.18,97.61,-1.71,1649
2021-08-23,6269,2576416,300580278,99.75,101.03,98.03,100.6,2.99,1634
2021-08-24,6269,5151945,618087690,101.46,104.88,101.03,101.89,1.29,3232
2021-08-25,6269,2638549,318449844,101.89,104.46,101.46,104.03,2.14,1695
2021-08-26,6269,1754991,210330666,104.46,104.88,101.46,102.32,-1.71,1387
2021-08-27,6269,3931645,457853224,101.89,101.89,98.46,99.32,-3.0,2661
2021-08-30,6269,2812470,323022775,99.32,99.75,97.61,98.89,-0.43,2084
2021-08-31,6269,2369124,273911865,99.32,100.6,98.03,99.32,0.43,1677
2021-09-01,6269,3421032,405053208,101.03,102.74,100.17,102.32,3.0,2419
2021-09-02,6269,3158706,376748546,102.74,103.6,100.6,101.03,-1.29,1885
2021-09-03,6269,3935960,459575749,101.89,101.89,98.89,101.03,0.0,2328
2021-09-06,6269,4561869,522160190,99.75,99.75,96.75,97.18,-3.85,3155
2021-09-07,6269,2322544,264106942,97.18,98.46,96.32,98.46,1.28,1634
2021-09-08,6269,4701103,525242461,97.18,97.18,94.61,95.04,-3.42,3427
2021-09-09,6269,2240132,247525321,94.18,95.89,92.9,95.47,0.43,1708
2021-09-10,6269,4159228,454634717,94.61,95.89,92.47,93.33,-2.14,3227
2021-09-13,6269,4450060,477970013,93.75,93.75,91.18,91.61,-1.72,2866
2021-09-14,6269,2815803,301290579,92.47,92.9,90.76,91.61,0.0,2245
2021-09-15,6269,3789806,403235460,91.61,92.04,89.9,90.76,-0.85,2505
2021-09-16,6269,2451024,265322017,92.04,93.75,91.61,92.04,1.28,1950
2021-09-17,6269,3692261,395534221,92.47,92.9,90.76,92.04,0.0,2197
2021-09-22,6269,2449274,260465589,89.9,92.9,89.04,91.18,-0.86,1658
2021-09-23,6269,1762148,189712899,92.04,92.9,91.61,92.47,1.29,1280
2021-09-24,6269,1525273,166301024,93.33,93.75,92.47,93.33,0.86,1167
2021-09-27,6269,2830527,302865336,92.9,92.9,90.76,90.76,-2.57,1997
2021-09-28,6269,7979196,810903692,89.47,89.47,85.62,87.33,-3.43,5348
2021-09-29,6269,3471759,349182090,85.53,87.76,85.28,86.05,-1.28,2391
2021-09-30,6269,1690398,171848407,86.48,88.19,85.62,87.76,1.71,1563
2021-10-01,6269,5253178,519643004,86.9,86.9,83.31,83.65,-4.11,4128
2021-10-04,6269,2528194,247110252,84.68,85.19,82.79,83.31,-0.34,2410
2021-10-05,6269,3779602,368222651,82.88,85.11,81.42,84.85,1.54,3235
2021-10-06,6269,2959565,288342959,85.02,85.53,82.02,82.19,-2.66,2701
2021-10-07,6269,2332417,229347498,83.48,85.45,83.22,84.34,2.15,1886
2021-10-08,6269,3067205,303516099,85.36,86.05,84.08,84.34,0.0,2575
2021-10-12,6269,2212746,215946873,83.82,85.11,82.28,82.37,-1.97,1810
2021-10-13,6269,3885293,365021087,83.05,83.31,79.2,79.37,-3.0,2634
2021-10-14,6269,2336365,217033676,80.31,80.82,78.77,79.2,-0.17,1789
2021-10-15,6269,2921058,277861060,80.57,82.28,80.57,82.02,2.82,2206
2021-10-18,6269,2900351,274262391,82.45,83.31,80.05,80.48,-1.54,3290
2021-10-19,6269,2249367,213917212,80.48,81.94,80.4,81.34,0.86,1713
2021-10-20,6269,3089738,290822217,81.77,81.85,79.8,79.8,-1.54,2630
2021-10-21,6269,4788625,445606285,79.88,80.91,79.11,79.63,-0.17,3072
2021-10-22,6269,2447777,227678540,79.88,80.23,79.2,79.54,-0.09,1571
2021-10-25,6269,1988519,184909421,79.8,80.23,78.94,79.8,0.26,1259
2021-10-26,6269,2622364,247732997,80.57,81.85,80.23,80.57,0.77,1827
2021-10-27,6269,3375792,321940477,80.57,82.37,80.23,81.94,1.37,2509
2021-10-28,6269,13431728,1325449910,84.42,87.33,83.48,83.65,1.71,8112
2021-10-29,6269,5037964,488705734,84.76,84.85,82.28,82.28,-1.37,3846
2021-11-01,6269,2695799,260312853,83.31,83.31,82.28,82.45,0.17,2222
2021-11-02,6269,5071910,481275777,82.62,82.71,80.48,80.57,-1.88,4050
2021-11-03,6269,2230792,210953505,81.0,81.68,80.57,81.25,0.68,1936
2021-11-04,6269,4468483,434418916,81.85,83.91,81.77,83.65,2.4,3692
2021-11-05,6269,2554103,249177624,83.82,84.16,82.79,83.91,0.26,2132
2021-11-08,6269,3822213,379085920,84.42,85.53,83.91,85.36,1.45,2950
2021-11-09,6269,4397367,433223490,86.05,86.05,83.65,83.65,-1.71,3483
2021-11-10,6269,2852910,276246640,83.48,83.65,82.54,83.05,-0.6,2208
2021-11-11,6269,1430555,139621986,82.71,84.34,82.71,83.39,0.34,1419
2021-11-12,6269,1439196,140564350,84.25,84.25,83.14,83.82,0.43,1171
2021-11-15,6269,8071669,817571312,85.53,88.19,85.53,86.9,3.08,5558
2021-11-16,6269,3026774,303746389,86.48,86.48,85.11,86.48,-0.42,2585
2021-11-17,6269,2457076,248014977,86.9,86.9,85.62,86.48,0.0,1760
2021-11-18,6269,2119627,215080326,86.9,87.33,86.05,86.9,0.42,1720
2021-11-19,6269,2170819,219184853,87.76,88.19,85.62,85.62,-1.28,1695
2021-11-22,6269,1914430,192130604,85.62,86.48,85.28,86.48,0.86,1193
2021-11-23,6269,1708909,171603609,86.48,86.48,85.53,86.05,-0.43,1264
2021-11-24,6269,4172362,426824727,86.05,89.04,85.62,89.04,2.99,2804
2021-11-25,6269,3582880,372117814,89.47,89.47,88.19,88.62,-0.42,2446
2021-11-26,6269,4827163,500843744,89.04,90.76,87.33,87.76,-0.86,3190
2021-11-29,6269,3550150,357024778,86.05,87.33,84.85,86.48,-1.28,2434
2021-11-30,6269,3380299,347611769,87.76,89.04,86.9,88.19,1.71,1937
2021-12-01,6269,3610684,375841131,87.76,89.9,87.33,89.47,1.28,2546
2021-12-02,6269,3121774,325101467,89.47,90.33,88.19,88.62,-0.85,2036
2021-12-03,6269,1760101,183048755,89.04,89.9,88.19,89.04,0.42,1128
2021-12-06,6269,2355871,241500479,88.62,88.62,87.33,87.76,-1.28,1826
2021-12-07,6269,1579850,162663044,88.19,88.62,87.33,88.62,0.86,1035
2021-12-08,6269,4561550,478527694,90.76,91.61,89.04,89.04,0.42,2910
2021-12-09,6269,1953580,204509474,90.33,90.76,88.62,89.47,0.43,1608
2021-12-10,6269,1418100,146478807,89.47,89.47,87.76,88.62,-0.85,1040
2021-12-13,6269,1145007,117966255,88.62,89.04,87.76,87.76,-0.86,903
2021-12-14,6269,2029789,205756855,87.33,87.76,86.05,86.05,-1.71,1569
2021-12-15,6269,1034889,105373988,86.48,87.76,86.48,87.33,1.28,883
2021-12-16,6269,1192631,122123612,88.19,88.19,87.33,87.76,0.43,825
2021-12-17,6269,1383548,141775393,87.33,88.19,86.9,88.19,0.43,809
2021-12-20,6269,1724417,178350014,88.19,89.47,87.33,88.62,0.43,1347
2021-12-21,6269,1587084,165482932,89.04,89.9,88.19,89.47,0.85,1333
2021-12-22,6269,944888,98555875,89.9,90.33,88.62,89.04,-0.43,731
2021-12-23,6269,1123511,117119143,89.9,89.9,89.04,89.47,0.43,773
2021-12-24,6269,857894,89320087,89.47,89.9,88.62,89.04,-0.43,618
2021-12-27,6269,942400,97695885,89.47,89.47,88.19,89.04,0.0,714
2021-12-28,6269,897856,93432294,89.47,89.9,88.62,89.04,0.0,636
2021-12-29,6269,803363,83278023,89.04,89.47,88.19,89.04,0.0,534
2021-12-30,6269,1969159,206136862,89.04,90.33,88.62,89.47,0.43,1273
2022-01-03,6269,1162727,121680373,90.33,90.33,89.04,89.47,0.0,857
2022-01-04,6269,2376285,247461748,89.9,89.9,88.62,89.04,-0.43,1640
2022-01-05,6269,1246193,129860469,89.47,89.9,88.62,89.47,0.43,883
2022-01-06,6269,5201649,549445654,90.33,92.04,89.04,89.47,0.0,3136
2022-01-07,6269,3212561,329833260,89.9,90.33,86.9,87.76,-1.71,2169
2022-01-10,6269,1212717,123076423,87.76,87.76,86.05,86.9,-0.86,893
2022-01-11,6269,1189031,119944476,87.76,87.76,86.05,86.05,-0.85,974
2022-01-12,6269,1811079,181809969,86.48,86.9,85.36,86.48,0.43,1369
2022-01-13,6269,957916,96413243,86.48,86.9,85.62,86.05,-0.43,694
2022-01-14,6269,2170805,214780345,86.05,86.05,83.91,85.19,-0.86,1683
2022-01-17,6269,825622,82613797,85.62,86.05,84.85,86.05,0.86,689
2022-01-18,6269,1033997,104804523,86.48,87.33,86.48,86.48,0.43,752
2022-01-19,6269,970096,97374258,85.62,86.48,85.19,86.48,0.0,1102
2022-01-20,6269,731424,73287682,86.48,86.48,85.36,85.62,-0.86,559
2022-01-21,6269,1542986,152751136,85.62,85.62,84.34,84.34,-1.28,1463
2022-01-24,6269,1396643,135185988,83.65,83.65,82.02,83.31,-1.03,1271
2022-01-25,6269,1283145,123831407,83.22,83.31,82.28,82.45,-0.86,1507
2022-01-26,6269,1284254,123682556,82.19,83.05,81.77,82.71,0.26,966
2022-02-07,6269,1712388,169180795,83.99,85.62,83.39,85.36,2.65,1686
2022-02-08,6269,1251563,126142377,86.05,87.33,85.45,86.48,1.12,1068
2022-02-09,6269,2137479,215830204,86.48,87.33,85.53,87.33,0.85,1880
2022-02-10,6269,11772724,1156517336,85.19,85.19,83.31,84.76,-2.57,7741
2022-02-11,6269,9672960,931243065,82.62,83.22,81.77,83.05,-1.71,6966
2022-02-14,6269,4099747,388767842,81.94,81.94,80.91,80.91,-2.14,3419
2022-02-15,6269,2657421,252496308,81.08,82.19,80.48,82.19,1.28,2015
2022-02-16,6269,3043376,291668070,82.88,82.88,81.77,82.19,0.0,2163
2022-02-17,6269,3296345,315761703,82.19,82.37,81.68,81.94,-0.25,1920
2022-02-18,6269,2372657,226134697,81.51,81.94,81.42,81.42,-0.52,1613
2022-02-21,6269,1426247,135938986,81.25,82.37,80.91,82.19,0.77,1124
2022-02-22,6269,1613281,153878893,81.94,82.28,81.08,82.19,0.0,1410
2022-02-23,6269,1663446,158800651,82.19,82.19,81.42,81.77,-0.42,1177
2022-02-24,6269,1946838,183673094,81.51,81.51,80.14,80.91,-0.86,1973
2022-02-25,6269,1555532,146460422,80.82,81.08,80.31,80.91,0.0,2039
2022-03-01,6269,1404286,134343341,80.91,82.71,80.74,82.62,1.71,1882
2022-03-02,6269,680201,65091583,82.11,82.11,81.6,81.77,-0.85,1126
2022-03-03,6269,1675807,160514280,82.19,82.62,81.42,82.62,0.85,1241
2022-03-04,6269,2593261,247765313,82.19,82.28,81.17,82.19,-0.43,1997
2022-03-07,6269,1711177,162097659,81.42,81.6,80.74,81.0,-1.19,1144
2022-03-08,6269,1403820,131225232,79.2,81.0,79.2,79.88,-1.12,1116
2022-03-09,6269,654495,61288492,80.48,80.65,79.8,79.97,0.09,624
2022-03-10,6269,803862,76047345,80.65,81.42,80.57,80.82,0.85,732
2022-03-11,6269,612621,57883070,80.91,81.34,80.57,80.91,0.09,470
2022-03-14,6269,731169,69162663,81.25,81.42,80.57,81.34,0.43,555
2022-03-15,6269,1827304,170920145,80.91,81.08,79.63,80.48,-0.86,1469
2022-03-16,6269,2847352,271966053,80.65,82.62,80.65,82.02,1.54,1758
2022-03-17,6269,4249611,413008653,82.71,83.99,82.62,83.56,1.54,2814
2022-03-18,6269,3945219,389930023,83.91,85.45,83.82,84.34,0.78,2685
2022-03-21,6269,4633089,469601705,85.19,88.62,84.93,86.9,2.56,3130
2022-03-22,6269,2651092,269908729,86.9,88.19,86.05,87.76,0.86,1772
2022-03-23,6269,3210688,328090265,88.19,88.62,86.48,87.76,0.0,2437
2022-03-24,6269,1366219,139343389,86.9,87.76,86.48,87.76,0.0,963
2022-03-25,6269,2435737,246334818,88.19,88.19,85.62,85.62,-2.14,1347
2022-03-28,6269,2893625,291957697,85.62,87.33,85.45,86.48,0.86,1565
2022-03-29,6269,1864159,189517829,86.9,87.76,86.48,86.48,0.0,1172
2022-03-30,6269,1543985,156705799,87.33,87.76,86.48,86.48,0.0,1191
2022-03-31,6269,1523447,154442391,86.9,87.33,86.05,86.9,0.42,903
2022-04-01,6269,1644250,165172272,86.48,86.9,85.19,86.48,-0.42,1323
2022-04-06,6269,3249474,323329799,85.62,86.48,83.99,86.05,-0.43,2190
2022-04-07,6269,3665805,363034053,85.19,86.05,83.82,83.82,-2.23,2421
2022-04-08,6269,3983804,392916356,84.16,85.45,83.74,84.34,0.52,2638
2022-04-11,6269,2928419,283322418,84.34,84.34,81.77,82.19,-2.15,2410
2022-04-12,6269,1004495,96029043,81.51,82.28,81.08,82.19,0.0,981
2022-04-13,6269,926713,89310827,82.71,83.05,82.02,82.79,0.6,1093
2022-04-14,6269,690793,66738419,82.88,83.14,82.19,82.88,0.09,693
2022-04-15,6269,952711,91402135,82.79,82.79,81.68,82.19,-0.69,749
2022-04-18,6269,1001003,95503968,82.02,82.19,81.0,81.85,-0.34,925
2022-04-19,6269,1383542,134704969,82.45,84.25,82.45,84.16,2.31,1020
2022-04-20,6269,3175982,315533719,84.59,86.05,83.99,84.34,0.18,1864
2022-04-21,6269,2262917,226020442,85.19,86.05,84.93,85.53,1.19,1234
2022-04-22,6269,2643777,260074082,83.65,84.68,83.65,84.42,-1.11,1874
2022-04-25,6269,3067679,292432826,83.65,83.82,80.82,81.34,-3.08,2522
2022-04-26,6269,2710263,257951962,82.11,82.79,81.0,81.34,0.0,1465
2022-04-27,6269,5388059,493712751,78.77,79.11,77.49,79.11,-2.23,4114
2022-04-28,6269,1742161,161156567,78.86,79.63,78.34,79.2,0.09,1307
2022-04-29,6269,980102,91000228,79.63,80.05,79.2,79.28,0.08,1123
2022-05-03,6269,1032241,96961775,79.28,81.25,79.2,81.0,1.72,848
2022-05-04,6269,832535,78880207,81.0,81.94,80.57,80.91,-0.09,1091
2022-05-05,6269,950364,90527937,82.02,82.19,81.17,81.17,0.26,1046
2022-05-06,6269,1157162,108853760,80.31,81.17,80.05,81.17,0.0,1337
2022-05-09,6269,1330366,122923458,80.48,80.65,78.43,78.51,-2.66,1406
2022-05-10,6269,1808620,164916927,78.26,79.11,76.8,79.11,0.6,1309
2022-05-11,6269,1265844,115286246,78.6,78.6,77.57,77.57,-1.54,1768
2022-05-12,6269,2222977,200473615,77.49,78.17,76.89,77.06,-0.51,1356
2022-05-13,6269,825106,75336787,77.23,78.68,77.23,78.51,1.45,769
2022-05-16,6269,1329524,121992027,79.2,79.71,77.91,78.17,-0.34,2112
2022-05-17,6269,1219194,112572538,78.26,79.54,78.26,79.37,1.2,1337
2022-05-18,6269,1398857,130225178,79.45,79.97,79.2,79.63,0.26,1337
2022-05-19,6269,534425,49340743,78.34,79.54,78.34,79.54,-0.09,490
2022-05-20,6269,652519,60849562,80.14,80.14,79.45,79.71,0.17,440
2022-05-23,6269,1252519,117289724,80.91,80.91,79.71,80.4,0.69,1540
2022-05-24,6269,856418,80228120,80.4,80.65,79.88,80.14,-0.26,828
2022-05-25,6269,1266182,119843358,80.31,81.51,79.97,81.17,1.03,927
2022-05-26,6269,3175589,307932150,81.68,83.82,81.6,83.65,2.48,2315
2022-05-27,6269,3060562,302898017,83.91,85.19,83.56,84.93,1.28,2473
2022-05-30,6269,3006515,301880762,86.05,86.48,85.19,86.05,1.12,2478
2022-05-31,6269,3938839,397860613,86.05,87.33,85.62,86.9,0.85,2487
2022-06-01,6269,4363507,418261963,86.81,87.53,85.64,86.09,-0.81,4584
2022-06-02,6269,1344881,129202128,86.09,86.72,86.09,86.45,0.36,1340
2022-06-06,6269,1016093,97423415,86.9,87.17,85.82,85.82,-0.63,1333
2022-06-07,6269,715142,68150069,85.82,86.36,85.64,85.73,-0.09,652
2022-06-08,6269,835831,79768884,86.36,86.54,85.73,85.73,0.0,811
2022-06-09,6269,652028,62102159,85.73,86.0,85.55,85.91,0.18,524
2022-06-10,6269,466320,44220250,85.55,85.64,85.1,85.37,-0.54,662
2022-06-13,6269,987951,92000325,84.38,84.47,83.48,83.48,-1.89,877
2022-06-14,6269,1051288,96771979,83.03,84.02,82.04,83.66,0.18,972
2022-06-15,6269,672866,62806024,83.93,84.47,83.75,83.75,0.09,875
2022-06-16,6269,933693,86646656,84.56,84.92,82.22,82.58,-1.17,1653
2022-06-17,6269,1254149,114564471,81.86,83.57,81.14,83.57,0.99,1125
2022-06-20,6269,1313745,118971820,83.57,83.57,80.87,80.87,-2.7,1342
2022-06-21,6269,795225,72023051,81.05,82.13,80.69,81.77,0.9,671
2022-06-22,6269,957493,86120383,81.86,81.95,80.69,81.14,-0.63,1542
2022-06-23,6269,996657,88975974,81.5,81.5,79.97,80.15,-0.99,1167
2022-06-24,6269,598492,53764592,81.05,81.86,80.15,80.33,0.18,912
2022-06-27,6269,665181,59969700,81.14,81.68,80.69,81.32,0.99,890
2022-06-28,6269,505606,45343555,81.41,81.41,80.42,80.69,-0.63,1307
2022-06-29,6269,894608,80153621,80.33,81.23,79.88,80.78,0.09,773
2022-06-30,6269,1926861,168826756,80.6,80.6,77.81,77.99,-2.79,2589
2022-07-01,6269,2626059,217738281,77.45,77.45,73.67,73.85,-4.14,1879
2022-07-04,6269,2131497,171253715,73.85,73.85,71.5,71.5,-2.35,1435
2022-07-05,6269,4023658,310988881,72.04,72.49,67.99,69.61,-1.89,2865
2022-07-06,6269,1238067,95597896,70.42,70.78,68.98,68.98,-0.63,910
2022-07-07,6269,1553905,120876610,69.79,70.78,68.89,70.33,1.35,1387
2022-07-08,6269,1681388,133005627,70.51,72.31,70.51,70.69,0.36,2267
2022-07-11,6269,819808,64852077,71.95,72.04,70.69,71.23,0.54,1480
2022-07-12,6269,1491710,117935558,70.87,71.86,70.06,71.5,0.27,1225
2022-07-13,6269,1204304,97043784,72.49,73.22,72.22,72.77,1.27,1230
2022-07-14,6269,1378508,111761847,72.58,73.67,71.68,73.31,0.54,1289
2022-07-15,6269,999778,81713400,73.31,74.12,72.77,73.85,0.54,1276
2022-07-18,6269,1221110,100893946,74.66,74.93,73.85,74.66,0.81,1203
2022-07-19,6269,1558697,129240145,74.3,75.29,73.4,75.29,0.63,1418
2022-07-20,6269,2128122,181080638,75.47,77.36,75.47,76.91,1.62,2156
2022-07-21,6269,1892291,165042413,77.0,79.7,76.73,79.16,2.25,2522
2022-07-22,6269,2024153,175600912,79.16,79.34,77.45,77.99,-1.17,3133
2022-07-25,6269,801547,69659337,77.99,78.8,77.63,78.26,0.27,1051
2022-07-26,6269,435693,37560443,78.26,78.35,77.27,77.27,-0.99,609
2022-07-27,6269,636117,55033158,77.27,78.71,76.91,78.71,1.44,914
2022-07-28,6269,549682,48050291,78.98,79.7,78.17,78.62,-0.09,957
2022-07-29,6269,2736474,245683318,79.61,81.77,79.61,81.59,2.97,2366
2022-08-01,6269,2951071,271447249,82.49,83.75,81.95,82.76,1.17,3282
2022-08-02,6269,2932745,269949953,81.86,83.66,81.41,83.66,0.9,2439
2022-08-03,6269,2424841,225768208,83.3,84.47,83.03,84.02,0.36,2923
2022-08-04,6269,1843565,170524038,83.66,84.02,82.76,83.3,-0.72,1888
2022-08-05,6269,1579687,146223801,84.47,84.83,82.67,82.67,-0.63,3286
2022-08-08,6269,952139,88310053,82.85,84.11,82.67,84.11,1.44,780
2022-08-09,6269,1711339,161794104,85.01,85.73,84.38,85.1,0.99,1921
2022-08-10,6269,1040259,97951528,84.38,85.46,84.02,84.74,-0.36,1517
2022-08-11,6269,1460504,139130274,85.55,86.09,85.1,85.91,1.17,1202
2022-08-12,6269,761155,72360861,86.0,86.27,85.1,85.82,-0.09,1470
2022-08-15,6269,830634,78786391,86.18,86.18,84.83,85.37,-0.45,1139
2022-08-16,6269,809193,76717877,85.82,85.82,85.1,85.55,0.18,1059
2022-08-17,6269,841287,79877266,85.73,85.73,85.1,85.46,-0.09,807
2022-08-18,6269,1165254,109231824,85.46,85.46,83.57,84.92,-0.54,2350
2022-08-19,6269,532075,50080039,85.37,85.37,84.29,84.29,-0.63,829
2022-08-22,6269,716820,66588767,83.75,84.11,83.3,83.48,-0.81,1499
2022-08-23,6269,1438537,134722010,82.76,85.37,82.49,85.37,1.89,1038
2022-08-24,6269,712929,67040393,85.73,85.73,84.02,84.02,-1.35,1352
2022-08-25,6269,594196,55343003,84.56,84.83,83.48,83.48,-0.54,1406
2022-08-26,6269,389369,36434878,84.2,84.47,84.02,84.47,0.99,398
2022-08-29,6269,717824,66087103,82.94,83.3,82.49,83.03,-1.44,1353
2022-08-30,6269,458118,42380330,82.85,83.84,82.85,83.39,0.36,645
2022-08-31,6269,916501,85663128,83.57,84.47,83.39,84.29,0.9,519
2022-09-01,6269,487420,45148500,83.66,83.93,83.03,83.3,-0.99,1017
2022-09-02,6269,351506,32779289,83.3,84.2,83.3,84.02,0.72,325
2022-09-05,6269,597879,55638693,83.93,84.56,83.3,83.48,-0.54,811
2022-09-06,6269,732246,67752638,83.93,84.02,82.67,83.48,0.0,958
2022-09-07,6269,2214701,208665200,84.65,85.64,83.66,85.64,2.16,1788
2022-09-08,6269,2038138,193928383,86.36,87.17,84.65,85.82,0.18,2300
2022-09-12,6269,1407283,133699307,86.54,86.54,85.01,85.55,-0.27,1321
2022-09-13,6269,1891939,181931194,86.36,86.99,85.82,86.54,0.99,1712
2022-09-14,6269,1388343,133187381,85.64,86.99,85.19,86.99,0.45,1063
2022-09-15,6269,1230270,118828849,87.26,87.35,86.63,86.9,-0.09,1291
2022-09-16,6269,2482522,235792933,86.45,86.63,84.83,85.55,-1.35,2141
2022-09-19,6269,422693,39718789,85.55,85.55,84.2,84.38,-1.17,892
2022-09-20,6269,1806238,173656028,85.73,87.08,85.1,86.81,2.43,1497
2022-09-21,6269,705824,67701654,86.45,86.81,85.73,86.36,-0.45,764
2022-09-22,6269,1385678,132719308,86.27,87.08,85.19,86.45,0.09,1334
2022-09-23,6269,554774,53167811,86.72,86.81,85.64,85.64,-0.81,537
2022-09-26,6269,1562556,143801434,84.65,84.65,81.77,81.77,-3.87,3885
2022-09-27,6269,557766,51091929,81.86,83.3,81.86,83.3,1.53,657
2022-09-28,6269,955944,86504149,83.3,83.93,80.51,80.51,-2.79,2074
2022-09-29,6269,1240173,109663444,80.78,81.5,78.08,78.8,-1.71,2156
2022-09-30,6269,1281115,109868096,75.38,78.44,75.38,78.26,-0.54,1824
2022-10-03,6269,1124407,95063763,77.18,77.36,75.65,75.92,-2.34,1942
2022-10-04,6269,1212297,104864476,77.81,78.8,77.0,78.8,2.88,1197
2022-10-05,6269,1016453,90884948,79.43,81.32,79.34,80.6,1.8,1256
2022-10-06,6269,1539283,142695373,84.29,84.47,82.85,82.85,2.25,1521
2022-10-07,6269,645590,59071249,83.12,83.21,81.95,82.58,-0.27,1017
2022-10-11,6269,654498,58736059,79.7,81.59,79.7,81.05,-1.53,1545
2022-10-12,6269,788078,71775829,80.42,82.67,80.42,82.58,1.53,717
2022-10-13,6269,623501,55734346,82.67,82.67,79.43,79.52,-3.06,1299
2022-10-14,6269,715097,65053392,80.87,82.4,80.87,82.04,2.52,568
2022-10-17,6269,527746,46843554,81.5,81.5,79.25,80.51,-1.53,689
2022-10-18,6269,520720,46967763,81.05,81.59,80.42,81.5,0.99,636
2022-10-19,6269,787417,71302243,81.14,82.58,80.69,81.41,-0.09,832
2022-10-20,6269,516581,45907551,81.32,81.32,79.34,80.33,-1.08,890
2022-10-21,6269,592945,52401467,80.15,80.6,79.07,79.16,-1.17,1106
2022-10-24,6269,380007,33919048,80.6,80.78,79.79,80.06,0.9,355
2022-10-25,6269,462096,40955244,80.42,80.78,79.34,79.52,-0.54,505
2022-10-26,6269,942205,82634240,79.52,79.97,77.9,79.52,0.0,987
2022-10-27,6269,441821,39447236,79.7,80.69,79.7,80.51,0.99,409
2022-10-28,6269,194619,17317455,80.06,80.87,79.61,79.61,-0.9,716
2022-10-31,6269,1343107,122150262,80.69,82.49,80.69,82.49,2.88,1070
2022-11-01,6269,8595754,830180952,86.63,88.88,84.92,87.35,4.86,6217
2022-11-02,6269,6309691,623806332,87.26,90.06,87.17,88.61,1.26,6098
2022-11-03,6269,3658179,363263439,89.61,89.88,87.8,89.88,1.27,2981
2022-11-04,6269,2666572,265724626,90.06,90.06,88.43,90.06,0.18,2480
2022-11-07,6269,3949626,394452721,91.41,92.31,88.61,90.06,0.0,3985
2022-11-08,6269,2283795,228467766,88.98,90.51,88.98,90.51,0.45,1777
2022-11-09,6269,2575640,258997324,90.96,91.41,90.06,90.96,0.45,1904
2022-11-10,6269,3110336,317440429,90.96,92.76,90.51,92.76,1.8,2514
2022-11-11,6269,4010109,413964213,95.01,95.01,91.41,92.31,-0.45,3586
2022-11-14,6269,3160796,327886779,91.41,94.11,91.41,94.11,1.8,2132
2022-11-15,6269,3323178,350704136,94.11,95.91,93.66,95.91,1.8,2549
2022-11-16,6269,4327884,463330577,95.91,97.26,95.01,97.26,1.35,3319
2022-11-17,6269,3540294,383009876,96.81,98.61,96.36,97.26,0.0,2294
2022-11-18,6269,2819583,303664448,97.26,98.16,96.36,97.26,0.0,2061
2022-11-21,6269,2267638,243960987,97.26,97.71,95.91,97.26,0.0,1617
2022-11-22,6269,1685190,180328749,96.81,97.26,95.91,96.36,-0.9,1108
2022-11-23,6269,2905515,315745020,96.81,98.61,96.81,98.61,2.25,2167
2022-11-24,6269,1471403,160496938,98.61,99.06,97.71,98.16,-0.45,1020
2022-11-25,6269,1878108,199768145,98.16,98.16,94.11,95.01,-3.15,1736
2022-11-28,6269,1834673,195035244,94.11,96.36,93.66,96.36,1.35,1680
2022-11-29,6269,1841453,195924586,95.46,96.81,95.01,96.36,0.0,2020
2022-11-30,6269,2158308,231283778,95.91,97.26,95.46,96.36,0.0,1129
2022-12-01,6269,3166474,343194122,98.16,98.61,96.81,98.16,1.8,2385
2022-12-02,6269,2100236,229643888,97.26,99.06,97.26,99.06,0.9,1737
2022-12-05,6269,2507939,278240902,99.51,100.41,99.06,100.41,1.35,1641
2022-12-06,6269,4325025,486424413,100.41,102.66,99.51,100.86,0.45,5370
2022-12-07,6269,5226203,551942640,101.31,101.31,91.86,93.21,-7.65,10173
2022-12-08,6269,2407444,247697670,93.21,93.66,91.86,92.76,-0.45,3665
2022-12-09,6269,2774772,280409072,92.31,92.76,90.06,90.96,-1.8,2923
2022-12-12,6269,931662,94063169,90.96,91.86,89.61,91.86,0.9,961
2022-12-13,6269,1883172,189309344,92.31,92.76,89.88,90.51,-1.35,2153
2022-12-14,6269,1298838,130998941,90.96,91.41,90.51,90.51,0.0,904
2022-12-15,6269,1365065,139692723,90.96,93.21,90.06,92.31,1.8,891
2022-12-16,6269,1548996,157572944,91.41,92.76,90.96,90.96,-1.35,862
2022-12-19,6269,648778,65938470,90.51,92.31,90.51,91.86,0.9,508
2022-12-20,6269,1462572,147265236,90.96,92.31,89.52,89.52,-2.34,1106
2022-12-21,6269,813171,81415082,89.88,90.51,89.79,90.06,0.54,607
2022-12-22,6269,825016,82771101,90.51,90.96,89.97,90.06,0.0,560
2022-12-23,6269,645276,63858181,90.06,90.06,88.7,89.34,-0.72,576
2022-12-26,6269,284197,28208492,90.06,90.06,89.16,89.61,0.27,220
2022-12-27,6269,293743,29354903,89.79,90.51,89.61,89.79,0.18,272
2022-12-28,6269,858274,84535882,89.61,89.61,88.07,88.43,-1.36,721
2022-12-29,6269,451014,43892125,87.71,88.16,86.9,88.16,-0.27,410
2022-12-30,6269,475936,46751338,89.34,89.43,87.98,88.25,0.09,397
2023-01-03,6269,328092,32116950,87.17,88.88,87.17,88.61,0.36,391
2023-01-04,6269,859487,83565479,88.16,88.88,87.08,87.08,-1.53,1252
2023-01-05,6269,809265,78029658,87.53,87.89,86.36,86.63,-0.45,751
2023-01-06,6269,464042,44655465,86.27,87.26,86.18,86.9,0.27,468
2023-01-09,6269,1647352,164165537,88.07,90.96,87.98,90.51,3.61,1291
2023-01-10,6269,1049048,106466419,90.96,92.31,90.51,91.41,0.9,915
2023-01-11,6269,1044223,104394833,91.86,91.86,89.52,89.79,-1.62,1173
2023-01-12,6269,730464,72994881,90.06,90.51,89.61,89.97,0.18,573
2023-01-13,6269,491667,49013218,90.51,90.51,89.52,89.61,-0.36,440
2023-01-16,6269,321059,32053660,89.61,90.96,89.34,89.97,0.36,329
2023-01-17,6269,592591,58761720,89.97,89.97,88.98,89.25,-0.72,529
2023-01-30,6269,1151215,115369434,90.06,90.96,89.34,90.51,1.26,915
2023-01-31,6269,1201852,121025142,90.96,91.86,90.06,90.06,-0.45,996
2023-02-01,6269,1163819,118103581,90.51,92.31,90.06,91.86,1.8,898
2023-02-02,6269,1239619,127724801,92.31,93.66,91.86,93.21,1.35,1019
2023-02-03,6269,979610,101581451,93.21,93.66,92.31,93.66,0.45,909
2023-02-06,6269,1295894,132553754,93.66,93.66,90.96,91.41,-2.25,955
2023-02-07,6269,831239,84195379,91.41,91.86,90.96,90.96,-0.45,736
2023-02-08,6269,1501184,155384923,92.31,94.56,92.31,92.76,1.8,1210
2023-02-09,6269,755222,77718996,92.76,93.21,91.86,93.21,0.45,700
2023-02-10,6269,3562420,356957880,91.86,91.86,89.25,89.25,-3.96,2743
2023-02-13,6269,2329620,227489562,88.79,88.98,87.08,87.89,-1.36,1995
2023-02-14,6269,2285964,222828423,88.16,88.52,87.44,87.53,-0.36,2010
2023-02-15,6269,1174872,114576226,87.53,88.25,87.35,87.89,0.36,1205
2023-02-16,6269,2227490,219396134,88.07,89.34,88.07,88.52,0.63,1819
2023-02-17,6269,916729,90418998,88.25,89.07,88.25,88.79,0.27,858
2023-02-20,6269,765295,75557177,88.79,89.07,88.7,88.79,0.0,727
2023-02-21,6269,835530,82697030,88.88,89.43,88.7,89.25,0.46,754
2023-02-22,6269,1380149,135412542,88.7,88.79,88.25,88.25,-1.0,1276
2023-02-23,6269,1395737,137105545,88.34,88.98,88.25,88.25,0.0,1136
2023-02-24,6269,1440348,141233781,88.61,88.98,87.71,88.25,0.0,1030
2023-03-01,6269,2458280,237880038,87.17,88.25,85.73,87.35,-0.9,1981
2023-03-02,6269,1235481,120792498,87.44,88.52,87.44,88.16,0.81,1192
2023-03-03,6269,1300789,128516167,88.43,89.25,88.43,89.16,1.0,1194
2023-03-06,6269,1504280,150403813,89.61,90.51,89.61,90.51,1.35,1288
2023-03-07,6269,1794194,179673328,90.51,90.96,89.52,90.06,-0.45,1398
2023-03-08,6269,2597243,259235752,89.61,90.96,89.34,89.7,-0.36,1773
2023-03-09,6269,1843276,182490970,90.06,90.06,88.7,88.7,-1.0,1525
2023-03-10,6269,1208596,118007908,88.34,88.79,87.44,87.89,-0.81,1297
2023-03-13,6269,927980,90178627,87.8,87.98,86.9,87.89,0.0,865
2023-03-14,6269,1946101,187040391,87.89,87.89,86.09,86.09,-1.8,1880
2023-03-15,6269,1158444,111265158,86.9,86.99,86.09,86.09,0.0,1103
2023-03-16,6269,2028095,192486485,85.55,85.91,85.1,85.37,-0.72,1794
2023-03-17,6269,798446,76287945,85.82,86.36,85.82,85.91,0.54,658
2023-03-20,6269,677428,64690693,86.27,86.27,85.73,85.91,0.0,703
2023-03-21,6269,954802,91930156,86.09,87.17,86.09,86.54,0.63,811
2023-03-22,6269,531681,51541152,86.9,87.62,86.9,87.44,0.9,593
2023-03-23,6269,736888,71473084,86.99,87.62,86.99,87.44,0.0,669
2023-03-24,6269,1629357,160701851,87.53,89.43,87.53,89.16,1.72,1358
2023-03-27,6269,863004,85561750,89.34,89.7,88.79,89.25,0.09,913
2023-03-28,6269,771388,76027895,89.25,89.43,88.34,88.61,-0.64,723
2023-03-29,6269,853558,84241792,88.34,89.16,88.34,88.98,0.37,1025
2023-03-30,6269,888918,88232399,89.43,89.52,89.25,89.43,0.45,1031
2023-03-31,6269,2049479,204572454,89.61,90.51,89.16,89.16,-0.27,1526
2023-04-06,6269,1564404,154385424,89.16,89.97,88.43,88.52,-0.64,1296
2023-04-07,6269,368234,36372548,88.61,89.34,88.61,88.98,0.46,390
2023-04-10,6269,649504,63826523,88.7,88.98,88.16,88.43,-0.55,684
2023-04-11,6269,1510543,147770844,88.25,88.7,87.8,87.89,-0.54,1479
2023-04-12,6269,789693,77733925,88.34,89.16,87.89,88.98,1.09,795
2023-04-13,6269,1355888,133647454,89.25,89.34,88.25,88.25,-0.73,1156
2023-04-14,6269,666043,65395263,88.34,88.88,88.07,88.16,-0.09,646
2023-04-17,6269,859706,84502633,88.16,88.98,88.16,88.34,0.18,715
2023-04-18,6269,4862620,489376810,88.79,91.86,88.25,90.51,2.17,3650
2023-04-19,6269,2444008,245850077,90.96,91.86,90.06,90.06,-0.45,2623
2023-04-20,6269,2090827,207642958,90.06,90.51,88.7,88.7,-1.36,1618
2023-04-21,6269,2853995,284441919,89.61,90.51,89.07,89.07,0.37,2070
2023-04-24,6269,4187581,419037915,89.88,91.41,89.07,89.07,0.0,2908
2023-04-25,6269,5780654,560093299,89.43,89.79,85.73,85.73,-3.34,4721
2023-04-26,6269,1939812,185948097,85.82,86.72,85.82,86.72,0.99,1658
2023-04-27,6269,2867708,278732933,86.9,88.61,86.63,87.26,0.54,2195
2023-04-28,6269,6367843,597481570,85.55,85.73,82.49,85.1,-2.16,5039
2023-05-02,6269,2633369,245586146,84.92,84.92,83.03,84.02,-1.08,2498
2023-05-03,6269,1561876,144545225,83.57,83.57,83.03,83.48,-0.54,1480
2023-05-04,6269,1121261,104302338,83.21,84.11,83.12,83.48,0.0,1008
2023-05-05,6269,1990054,184820126,83.48,84.11,83.39,83.39,-0.09,1474
2023-05-08,6269,2069429,196168015,84.56,86.0,84.29,85.73,2.34,1696
2023-05-09,6269,1395993,133168987,85.82,86.54,85.37,85.73,0.0,1188
2023-05-10,6269,624595,59738317,85.64,86.45,85.64,86.18,0.45,578
2023-05-11,6269,1082315,102901646,86.27,86.36,85.19,85.37,-0.81,814
2023-05-12,6269,736586,69494693,84.74,85.37,84.56,85.19,-0.18,671
2023-05-15,6269,961217,90547642,85.19,85.73,84.38,84.92,-0.27,725
2023-05-16,6269,1298434,123480052,85.19,86.09,85.01,85.55,0.63,1086
2023-05-17,6269,1338856,127423748,86.18,86.18,85.28,85.37,-0.18,1178
2023-05-18,6269,1149687,110094681,85.91,86.54,85.73,86.36,0.99,990
2023-05-19,6269,1416657,136463070,86.9,87.08,86.18,86.81,0.45,1032
2023-05-22,6269,1110950,107320892,87.26,87.71,86.63,86.72,-0.09,924
2023-05-23,6269,695593,67012129,86.72,87.08,86.18,86.99,0.27,630
2023-05-24,6269,784552,75619432,86.99,87.26,86.54,86.81,-0.18,708
2023-05-25,6269,1716623,166453677,86.81,87.89,86.45,87.71,0.9,1393
2023-05-26,6269,2408842,236479786,88.43,88.98,88.07,88.25,0.54,1923
2023-05-29,6269,1844188,182203343,88.88,89.34,88.43,89.16,0.91,1587
2023-05-30,6269,1882631,186199199,89.25,89.34,88.7,89.34,0.18,1368
2023-05-31,6269,3868274,383514307,89.88,89.88,88.88,88.88,-0.46,2792
2023-06-01,6269,2913897,274660794,89.17,90.02,88.51,89.93,1.05,2340
2023-06-02,6269,2116445,200342150,90.4,90.5,89.26,89.74,-0.19,1856
2023-06-05,6269,1381633,130742975,90.12,90.21,89.55,89.83,0.09,1075
2023-06-06,6269,1131201,106935206,89.93,89.93,89.55,89.64,-0.19,914
2023-06-07,6269,1318318,124264242,89.64,89.93,89.26,89.45,-0.19,1128
2023-06-08,6269,2121178,199559167,89.64,89.74,88.98,89.45,0.0,1385
2023-06-09,6269,1860643,174949780,89.74,89.83,88.98,89.17,-0.28,1263
2023-06-12,6269,1389212,131169998,89.26,90.02,89.07,89.83,0.66,1056
2023-06-13,6269,1993882,188164071,90.02,90.02,89.26,89.36,-0.47,1710
2023-06-14,6269,2622677,245612205,89.64,89.64,88.41,88.41,-0.95,2317
2023-06-15,6269,2527593,233964440,88.41,88.7,87.56,87.84,-0.57,2261
2023-06-16,6269,1561283,145144717,88.22,88.51,87.84,88.22,0.38,1212
2023-06-19,6269,1471593,136051169,88.22,88.22,87.46,87.46,-0.76,1312
2023-06-20,6269,1547893,142194092,87.84,87.84,86.89,86.89,-0.57,1457
2023-06-21,6269,998853,91501755,86.99,87.18,86.7,86.8,-0.09,1053
2023-06-26,6269,1254571,114955557,86.8,87.37,86.32,87.18,0.38,1066
2023-06-27,6269,1626924,150297562,87.37,88.22,87.18,87.46,0.28,1340
2023-06-28,6269,1346405,123500691,87.75,87.75,86.7,86.8,-0.66,1287
2023-06-29,6269,858111,78905452,87.08,87.65,86.99,87.08,0.28,804
2023-06-30,6269,1202904,111410461,87.27,88.22,87.18,87.84,0.76,921
2023-07-03,6269,1322870,123160745,88.22,88.79,87.94,88.32,0.48,972
2023-07-04,6269,1792518,168446929,88.51,89.45,88.32,89.17,0.85,1389
2023-07-05,6269,1465658,137929845,89.36,90.02,88.7,88.79,-0.38,1092
2023-07-06,6269,915190,85699981,88.7,89.26,88.32,88.79,0.0,756
2023-07-07,6269,930106,86402434,88.41,88.41,87.84,88.03,-0.76,804
2023-07-10,6269,1241950,114584060,88.22,88.32,87.08,87.08,-0.95,979
2023-07-11,6269,1695779,155355800,87.27,87.37,86.51,87.18,0.1,1501
2023-07-12,6269,1156030,106694697,87.27,88.03,86.89,87.94,0.76,909
2023-07-13,6269,988817,91794726,88.22,88.6,87.37,87.37,-0.57,915
2023-07-14,6269,586972,54404054,87.56,88.32,87.46,87.75,0.38,511
2023-07-17,6269,1014952,94299605,87.75,88.51,87.65,88.22,0.47,826
2023-07-18,6269,1735830,162108629,88.41,89.07,87.84,88.41,0.19,1362
2023-07-19,6269,2727621,255289901,89.07,89.55,87.94,88.41,0.0,2074
2023-07-20,6269,2011498,189317765,88.41,89.45,88.41,89.36,0.95,1486
2023-07-21,6269,1541193,144907343,89.17,89.45,88.41,89.36,0.0,1529
2023-07-24,6269,3303208,310333595,89.93,90.4,88.51,88.6,-0.76,2553
2023-07-25,6269,1979808,185092120,88.79,89.45,88.22,88.6,0.0,1655
2023-07-26,6269,1835764,170560702,88.98,88.98,87.56,87.84,-0.76,1357
2023-07-27,6269,2649302,244554089,88.51,88.51,86.89,88.22,0.38,1980
2023-07-28,6269,16103041,1567025950,89.93,93.44,89.93,93.06,4.84,11266
2023-07-31,6269,12149642,1149893658,92.96,92.96,88.13,88.13,-4.93,15050
2023-08-01,6269,2732917,254525527,88.32,89.17,87.46,88.7,0.57,2452
2023-08-02,6269,2010599,187897813,88.7,89.55,87.94,88.22,-0.48,1809
2023-08-04,6269,1385407,128437615,88.03,88.41,87.46,87.94,-0.28,1196
2023-08-07,6269,1133477,104989807,87.94,88.32,87.46,88.32,0.38,1073
2023-08-08,6269,1121668,103830784,87.84,88.13,87.56,87.75,-0.57,919
2023-08-09,6269,2280813,209273746,87.75,87.75,86.51,86.7,-1.05,1932
2023-08-10,6269,2156445,194401074,86.51,86.61,85.0,85.47,-1.23,2058
2023-08-11,6269,2384514,212035996,85.66,85.66,83.95,83.95,-1.52,2395
2023-08-14,6269,1279654,112013324,83.95,83.95,82.62,83.57,-0.38,1463
2023-08-15,6269,1423147,125053932,83.76,84.14,82.91,83.57,0.0,1286
2023-08-16,6269,806110,71512068,83.48,84.81,82.72,84.52,0.95,790
2023-08-17,6269,895712,79502325,84.43,84.62,83.57,84.43,-0.09,774
2023-08-18,6269,548791,48957229,84.43,85.0,84.05,84.9,0.47,565
2023-08-21,6269,1027877,90966030,85.0,85.0,83.57,83.57,-1.33,1069
2023-08-22,6269,496312,44013418,83.95,84.52,83.57,84.24,0.67,511
2023-08-23,6269,654133,58778334,84.24,85.66,84.14,85.38,1.14,1292
2023-08-24,6269,546064,49019777,85.47,85.75,84.9,85.0,-0.38,791
2023-08-25,6269,469167,41717860,85.19,85.19,83.86,84.24,-0.76,478
2023-08-28,6269,472341,41999838,84.24,84.81,83.86,84.52,0.28,536
2023-08-29,6269,721453,64028210,84.43,84.62,83.86,84.62,0.1,745
2023-08-30,6269,1126657,101314804,85.0,85.56,84.52,85.28,0.66,873
2023-08-31,6269,1481120,134503707,85.75,86.51,85.19,86.23,0.95,1277
2023-09-01,6269,811884,73945326,86.23,86.8,85.94,86.51,0.28,815
2023-09-04,6269,639752,58465152,87.08,87.08,86.42,86.89,0.38,637
2023-09-05,6269,792912,72537580,86.99,87.08,86.42,87.08,0.19,768
2023-09-06,6269,1329553,122486156,87.27,87.75,86.7,87.65,0.57,1044
2023-09-07,6269,711346,65762159,87.65,88.03,87.37,88.03,0.38,608
2023-09-08,6269,2050345,184493691,86.89,86.89,84.71,85.47,-2.56,2035
2023-09-11,6269,1654832,146473908,85.38,85.38,83.57,83.57,-1.9,1635
2023-09-12,6269,1188974,105193374,83.76,84.33,83.48,83.95,0.38,1004
2023-09-13,6269,769104,68056661,83.95,84.24,83.57,83.76,-0.19,739
2023-09-14,6269,1017724,90521968,83.95,84.71,83.95,84.33,0.57,840
2023-09-15,6269,894371,79660140,84.62,84.81,84.24,84.81,0.48,719
2023-09-18,6269,718764,64346467,84.81,85.38,84.52,85.09,0.28,543
2023-09-19,6269,1459520,130698439,85.19,85.94,84.43,84.43,-0.66,1223
2023-09-20,6269,1227586,108563168,84.52,84.81,83.57,83.57,-0.86,1306
2023-09-21,6269,1092017,95651318,83.67,83.67,82.81,83.19,-0.38,1081
2023-09-22,6269,532073,46695016,82.72,83.67,82.72,83.19,0.0,463
2023-09-25,6269,408528,35700360,84.05,84.43,83.76,84.33,1.14,357
2023-09-26,6269,359611,31845011,84.24,84.52,83.67,83.76,-0.57,409
2023-09-27,6269,442812,39130847,83.76,84.24,83.48,83.95,0.19,409
2023-09-28,6269,768563,67690541,83.57,83.95,83.0,83.48,-0.47,653
2023-10-02,6269,459665,40783892,84.24,84.43,83.95,84.05,0.57,463
2023-10-03,6269,654376,57855543,83.86,84.43,83.48,83.67,-0.38,503
2023-10-04,6269,957721,83705241,83.57,83.57,82.62,82.81,-0.86,952
2023-10-05,6269,381701,33410637,82.91,83.38,82.91,83.1,0.29,422
2023-10-06,6269,923245,81568614,83.1,84.24,83.1,83.57,0.47,683
2023-10-11,6269,1338438,117998635,83.19,83.95,83.1,83.67,0.1,908
2023-10-12,6269,874585,77489461,84.43,84.43,83.67,84.14,0.47,650
2023-10-13,6269,1079087,95993902,84.05,84.71,83.57,84.33,0.19,817
2023-10-16,6269,622008,55042857,84.33,84.43,83.67,83.86,-0.47,563
2023-10-17,6269,1158100,101888668,84.43,84.43,82.81,82.81,-1.05,1044
2023-10-18,6269,2381481,205175298,82.81,83.0,81.11,81.2,-1.61,1796
2023-10-19,6269,3685877,326158588,81.96,85.75,81.58,83.29,2.09,2851
2023-10-20,6269,1492803,128868506,83.29,83.29,81.58,81.58,-1.71,1471
2023-10-23,6269,1207707,102611948,81.39,81.39,80.16,80.92,-0.66,1153
2023-10-24,6269,387615,33231112,81.3,81.77,80.73,81.77,0.85,421
2023-10-25,6269,758093,65858935,82.05,83.38,81.77,81.87,0.1,669
2023-10-26,6269,614248,52580895,81.49,81.77,80.92,81.01,-0.86,539
2023-10-27,6269,1361728,115857902,81.58,81.87,80.25,80.54,-0.47,1264
2023-10-30,6269,797393,67445694,80.44,80.63,79.78,80.44,-0.1,743
2023-10-31,6269,2101348,176544599,80.16,80.63,79.21,79.21,-1.23,1707
2023-11-01,6269,1738514,143725598,79.49,79.68,77.79,78.73,-0.48,1500
2023-11-02,6269,1097598,92460227,79.3,80.25,79.3,79.97,1.24,851
2023-11-03,6269,527401,44637007,80.06,80.54,80.06,80.16,0.19,530
2023-11-06,6269,765693,65202773,80.25,81.2,80.25,80.54,0.38,666
2023-11-07,6269,1072174,90552948,80.54,80.92,79.87,79.87,-0.67,1021
2023-11-08,6269,995375,84305596,80.16,81.01,79.68,80.82,0.95,837
2023-11-09,6269,767433,65526992,80.92,81.3,80.63,80.92,0.1,675
2023-11-10,6269,689694,58701057,80.82,81.01,80.54,80.73,-0.19,601
2023-11-13,6269,933277,80324653,81.39,82.34,81.3,81.68,0.95,823
2023-11-14,6269,1036342,89782613,82.24,82.81,81.96,82.05,0.37,906
2023-11-15,6269,1062596,92007741,82.72,82.81,81.77,82.24,0.19,922
2023-11-16,6269,910150,79058110,82.62,82.72,81.87,82.34,0.1,722
2023-11-17,6269,1027369,89606653,82.43,83.0,82.34,82.53,0.19,917
2023-11-20,6269,1207492,105093886,82.81,82.91,82.15,82.53,0.0,939
2023-11-21,6269,1510513,131766444,82.72,83.38,82.34,82.72,0.19,1275
2023-11-22,6269,951060,83189827,82.72,83.19,82.72,83.0,0.28,837
2023-11-23,6269,2491218,220955826,83.0,85.28,83.0,83.57,0.57,1756
2023-11-24,6269,1080055,94860120,83.76,84.05,82.91,83.38,-0.19,991
2023-11-27,6269,926221,80987775,83.48,84.05,82.53,82.62,-0.76,900
2023-11-28,6269,1219030,106441909,82.81,83.48,82.15,83.38,0.76,1057
2023-11-29,6269,1334325,117985840,83.38,84.14,83.38,83.95,0.57,1091
2023-11-30,6269,1981100,174451736,84.05,84.33,83.1,83.1,-0.85,1646
2023-12-01,6269,662389,58409968,83.19,83.95,83.19,83.86,0.76,655
2023-12-04,6269,1001284,88906816,83.76,84.62,83.76,84.05,0.19,816
2023-12-05,6269,1536084,134789741,83.95,84.33,83.0,83.0,-1.05,1457
2023-12-06,6269,876881,76963938,83.1,83.57,82.91,83.1,0.1,660
2023-12-07,6269,976560,85253287,83.19,83.48,82.53,82.53,-0.57,1001
2023-12-08,6269,1719355,149111182,81.96,82.91,81.87,81.96,-0.57,1463
2023-12-11,6269,1051708,90606460,82.15,82.15,81.49,81.77,-0.19,909
2023-12-12,6269,1131541,97396762,81.77,82.24,81.3,81.3,-0.47,1024
2023-12-13,6269,661326,56949345,81.58,81.87,81.58,81.58,0.28,623
2023-12-14,6269,1031553,89732171,82.15,83.0,82.15,82.91,1.33,861
2023-12-15,6269,1468342,129095326,83.29,83.86,83.1,83.48,0.57,1044
2023-12-18,6269,2153754,189673067,83.48,84.05,82.81,83.57,0.09,1276
2023-12-19,6269,5801199,514919834,84.05,85.94,83.19,84.43,0.86,3747
2023-12-20,6269,3203583,286095930,84.62,85.38,84.05,84.9,0.47,2018
2023-12-21,6269,2908762,257526114,84.43,84.52,83.38,84.33,-0.57,1760
2023-12-22,6269,2430128,215942824,84.43,84.81,83.95,84.24,-0.09,1316
2023-12-25,6269,1714813,152013944,84.52,85.0,83.57,83.86,-0.38,871
2023-12-26,6269,1375783,121514096,83.86,84.43,83.48,83.48,-0.38,928
2023-12-27,6269,1113854,98564981,83.48,84.24,83.48,84.24,0.76,897
2023-12-28,6269,879606,78125793,84.71,84.71,84.05,84.24,0.0,683
2023-12-29,6269,660025,58393713,84.43,84.43,83.67,83.76,-0.48,571
2024-01-02,6269,876023,77224020,83.86,84.24,83.38,83.67,-0.09,665
2024-01-03,6269,985515,86387062,83.19,83.57,82.91,83.29,-0.38,979
2024-01-04,6269,1735914,151441374,83.29,83.48,82.24,82.24,-1.05,1395
2024-01-05,6269,892657,77353689,82.53,82.72,81.87,81.96,-0.28,899
2024-01-08,6269,439850,38272714,82.34,82.81,82.34,82.62,0.66,461
2024-01-09,6269,665515,58279002,83.0,83.48,82.72,82.91,0.29,705
2024-01-10,6269,536394,46650313,82.81,82.91,82.24,82.62,-0.29,606
2024-01-11,6269,447316,38984565,83.1,83.19,82.43,82.81,0.19,466
2024-01-12,6269,552087,48019195,82.72,82.72,82.24,82.53,-0.28,575
2024-01-15,6269,550615,48174747,82.72,83.57,82.43,83.38,0.85,483
2024-01-16,6269,554077,48419670,83.1,83.1,82.72,82.91,-0.47,561
2024-01-17,6269,1295797,112087842,82.62,82.72,81.58,81.58,-1.33,1098
2024-01-18,6269,1203231,102376329,81.49,81.87,80.16,80.44,-1.14,1305
2024-01-19,6269,878820,74567982,80.73,80.92,80.25,80.44,0.0,983
2024-01-22,6269,891165,75685853,80.54,80.82,80.35,80.54,0.1,851
2024-01-23,6269,891663,75645854,80.54,80.82,80.16,80.73,0.19,835
2024-01-24,6269,942786,80930690,80.73,81.77,80.73,81.68,0.95,867
2024-01-25,6269,647797,55813561,81.68,82.15,81.39,81.87,0.19,620
2024-01-26,6269,387604,33320612,81.87,81.87,81.2,81.2,-0.67,420
2024-01-29,6269,506601,43424515,81.2,81.87,80.82,81.58,0.38,556
2024-01-30,6269,410756,35192659,81.68,81.77,81.11,81.2,-0.38,540
2024-01-31,6269,680048,58036982,81.2,81.49,80.73,81.01,-0.19,580
2024-02-01,6269,239750,20536818,81.11,81.58,81.01,81.3,0.29,290
2024-02-02,6269,632477,54027233,81.58,81.58,80.73,80.82,-0.48,574
2024-02-05,6269,1030987,87081880,80.82,81.01,79.87,79.97,-0.85,1027
2024-02-15,6269,1074990,90995017,80.25,81.01,79.87,80.25,0.28,962
2024-02-16,6269,2898884,243835898,79.4,80.82,78.92,80.44,0.19,2428
2024-02-19,6269,2108383,182088147,80.92,82.43,80.73,82.43,1.99,1934
2024-02-20,6269,1711010,148455942,82.43,82.62,81.58,82.15,-0.28,1314
2024-02-21,6269,1244656,108194936,82.15,82.81,81.96,82.62,0.47,1160
2024-02-22,6269,2034232,178367693,83.0,83.48,82.81,83.0,0.38,1511
2024-02-23,6269,2362465,208102187,83.48,84.05,83.1,83.29,0.29,1583
2024-02-26,6269,1584130,138957013,83.29,83.95,82.72,82.72,-0.57,1584
2024-02-27,6269,2264166,196015555,82.34,82.72,81.58,82.34,-0.38,1642
2024-02-29,6269,1466016,126909472,82.34,82.53,81.96,81.96,-0.38,1152
2024-03-01,6269,901848,78407929,82.24,83.0,81.96,82.62,0.66,820
2024-03-04,6269,1292765,112445421,82.62,82.81,82.34,82.43,-0.19,1228
2024-03-05,6269,1813837,159652204,82.72,83.76,82.72,83.67,1.24,1619
2024-03-06,6269,1996527,174493335,83.67,83.67,82.62,82.62,-1.05,1658
2024-03-07,6269,1426528,123650559,82.81,83.0,81.96,81.96,-0.66,1412
2024-03-08,6269,2336947,200983027,81.87,82.15,81.2,81.3,-0.66,1942
2024-03-11,6269,544884,47062080,81.3,82.34,81.3,82.34,1.04,765
2024-03-12,6269,2519754,222017093,82.43,83.95,82.43,83.76,1.42,2032
2024-03-13,6269,1752259,154449190,83.86,84.71,83.29,83.38,-0.38,1489
2024-03-14,6269,2665834,236898429,83.95,84.71,83.48,84.43,1.05,1867
2024-03-15,6269,2618678,233335347,84.43,85.0,84.24,84.33,-0.1,1806
2024-03-18,6269,1496204,132765281,84.43,84.52,83.95,84.05,-0.28,1288
2024-03-19,6269,2554780,229513930,84.33,85.56,84.14,85.28,1.23,1985
2024-03-20,6269,5151996,471274590,85.75,87.18,85.75,86.51,1.23,4322
2024-03-21,6269,3207738,293923921,87.94,88.03,86.32,86.8,0.29,3340
2024-03-22,6269,2295655,208966213,86.8,86.89,86.04,86.51,-0.29,1803
2024-03-25,6269,2217177,201243915,86.61,87.18,85.38,85.85,-0.66,2101
2024-03-26,6269,2410273,217194041,86.51,86.61,84.52,84.9,-0.95,2157
2024-03-27,6269,1175360,106433812,84.9,86.51,84.9,85.94,1.04,1512
2024-03-28,6269,2182021,199929445,86.04,87.75,86.04,86.99,1.05,2227
2024-03-29,6269,1356900,123683076,87.56,87.56,86.13,86.51,-0.48,1351
2024-04-01,6269,1027562,94223270,86.51,87.37,86.51,86.7,0.19,991
2024-04-02,6269,1158130,106479724,86.8,87.46,86.8,87.27,0.57,1181
2024-04-03,6269,1240718,113580826,87.27,87.46,86.32,86.32,-0.95,1038
2024-04-08,6269,1201383,109778809,86.61,87.18,85.66,86.89,0.57,1145
2024-04-09,6269,2267358,208802867,86.61,87.65,86.61,87.46,0.57,1893
2024-04-10,6269,2536894,235078187,87.46,88.41,87.18,87.37,-0.09,1907
2024-04-11,6269,1478767,136908403,87.27,88.22,87.18,88.03,0.66,1368
2024-04-12,6269,1408615,130494348,88.41,88.41,87.56,87.84,-0.19,1563
2024-04-15,6269,2496743,230701278,87.84,88.22,87.08,88.13,0.29,1549
2024-04-16,6269,3167820,290409352,87.75,87.75,86.13,86.42,-1.71,2425
2024-04-17,6269,2388628,220830743,86.89,88.13,86.8,88.13,1.71,1628
2024-04-18,6269,1974657,183242061,87.94,88.41,87.27,88.13,0.0,1982
2024-04-19,6269,2436674,221961155,87.94,87.94,85.38,86.04,-2.09,4495
2024-04-22,6269,1353829,122908011,86.04,86.61,85.47,86.04,0.0,1208
2024-04-23,6269,1704132,155897752,86.32,87.27,86.04,86.89,0.85,1558
2024-04-24,6269,2000726,183514570,87.27,87.56,86.51,87.08,0.19,2230
2024-04-25,6269,2152536,198910461,86.99,88.03,86.99,87.75,0.67,1461
2024-04-26,6269,2547200,235492692,87.94,88.03,87.08,87.65,-0.1,2558
2024-04-29,6269,6104451,578820958,88.22,90.88,88.22,89.83,2.18,4625
2024-04-30,6269,6926563,629511720,86.23,87.08,85.19,86.7,-3.13,6799
2024-05-02,6269,8402011,789975618,86.32,90.4,86.04,89.83,3.13,5594
2024-05-03,6269,12952395,1260849339,91.83,93.06,90.5,92.21,2.38,10565
2024-05-06,6269,8596559,840530244,93.44,93.82,91.73,91.92,-0.29,14919
2024-05-07,6269,11218399,1109484162,92.39,94.39,92.39,94.1,2.18,8196
2024-05-08,6269,7351912,729228788,94.86,95.81,93.34,93.82,-0.28,7350
2024-05-09,6269,5176275,515801070,93.82,95.34,93.25,94.86,1.04,4442
2024-05-10,6269,6071155,603775713,95.34,95.81,92.96,95.34,0.48,6735
2024-05-13,6269,4781901,480888191,94.39,96.28,94.2,95.81,0.47,3810
2024-05-14,6269,3885334,389108026,95.81,96.28,94.29,94.58,-1.23,3281
2024-05-15,6269,3725810,369655295,94.86,95.34,93.44,93.63,-0.95,3475
2024-05-16,6269,3379025,335833841,94.48,94.77,93.63,94.39,0.76,2764
2024-05-17,6269,3853519,384848077,94.1,95.34,93.72,94.86,0.47,3989
2024-05-20,6269,7232197,705007341,94.2,94.29,90.12,92.68,-2.18,8242
2024-05-21,6269,3227119,317283828,94.86,94.86,92.58,92.58,-0.1,2296
2024-05-22,6269,2272937,223146324,93.34,93.72,92.68,92.96,0.38,1832
2024-05-23,6269,5133595,505316465,92.3,94.48,91.73,93.72,0.76,3422
2024-05-24,6269,5897936,588450576,93.91,95.34,93.53,94.39,0.67,3789
2024-05-27,6269,5665985,558644357,94.86,94.86,92.96,93.63,-0.76,4300
2024-05-28,6269,3680688,361981086,93.63,93.91,92.96,93.06,-0.57,2744
2024-05-29,6269,6393618,624075924,92.21,93.44,92.11,92.3,-0.76,4578
2024-05-30,6269,18316492,1608361632,90.8,90.9,85.8,85.8,-6.5,13411
2024-05-31,6269,6690611,585573808,86.2,88.5,85.9,87.5,1.7,4833
2024-06-03,6269,3295875,286619661,88.0,88.2,86.4,86.8,-0.7,3291
2024-06-04,6269,2997134,258307726,86.8,86.8,85.8,86.5,-0.3,2353
2024-06-05,6269,2323965,201982704,86.8,87.3,86.3,87.0,0.5,1793
2024-06-06,6269,1736701,150839144,87.2,87.5,86.1,87.0,0.0,1525
2024-06-07,6269,2198177,193010124,87.1,88.4,87.1,88.1,1.1,1517
2024-06-11,6269,2290938,199653196,88.0,88.0,86.6,87.0,-1.1,1738
2024-06-12,6269,2415924,210735771,87.3,88.2,86.3,86.8,-0.2,1778
2024-06-13,6269,2004411,174735435,87.2,87.5,86.6,87.2,0.4,1438
2024-06-14,6269,1495626,129751006,87.1,87.2,86.4,86.6,-0.6,1384
2024-06-17,6269,1594052,137997522,86.6,87.0,86.4,86.4,-0.2,1373
2024-06-18,6269,2330270,202612944,86.6,87.9,86.6,86.9,0.5,1804
2024-06-19,6269,5333746,464285488,87.0,87.7,86.5,87.4,0.5,3200
2024-06-20,6269,6307027,561893604,87.4,90.0,87.3,89.7,2.3,4361
2024-06-21,6269,13301743,1246024982,89.5,96.9,88.5,95.0,5.3,8679
2024-06-24,6269,18974983,1806775499,95.0,98.0,91.1,91.5,-3.5,13460
2024-06-25,6269,7756357,705778198,91.8,91.8,90.1,91.3,-0.2,8045
2024-06-26,6269,5562989,503393488,91.4,92.0,89.3,89.7,-1.6,5986
2024-06-27,6269,3590576,325451191,89.9,91.8,89.7,90.6,0.9,2335
2024-06-28,6269,7520541,687903762,90.9,93.3,89.9,90.7,0.1,5161
2024-07-01,6269,6935084,638494285,91.7,92.8,91.3,91.5,0.8,5162
2024-07-02,6269,6871929,631220503,92.5,92.8,90.9,91.1,-0.4,5710
2024-07-03,6269,14468561,1357154794,91.8,94.9,90.9,93.2,2.1,8524
2024-07-04,6269,7064093,664967264,94.1,95.1,93.2,93.6,0.4,5663
2024-07-05,6269,6751195,624897799,92.3,94.0,90.9,92.0,-1.6,6915
2024-07-08,6269,7447963,673148935,92.5,92.6,89.5,89.5,-2.5,5290
2024-07-09,6269,3806702,336692894,89.4,89.9,87.9,88.1,-1.4,3070
2024-07-10,6269,1298184,115379132,88.4,89.4,88.4,88.6,0.5,1150
2024-07-11,6269,5379657,489287914,88.9,91.9,88.9,91.3,2.7,3369
2024-07-12,6269,3049378,279238251,90.4,92.2,90.1,91.7,0.4,2140
2024-07-15,6269,2253718,206640015,92.3,92.4,90.8,92.0,0.3,1768
2024-07-16,6269,5771513,543029901,92.7,94.8,92.7,94.5,2.5,4489
2024-07-17,6269,4452553,423690977,94.6,95.9,94.0,94.7,0.2,4588
2024-07-18,6269,4856673,459617826,93.8,95.5,93.0,95.0,0.3,3694
2024-07-19,6269,3392219,314134408,94.1,94.8,91.9,91.9,-3.1,8423
2024-07-22,6269,3871665,350988997,91.7,92.0,89.8,90.6,-1.3,4312
2024-07-23,6269,1621305,146965000,91.0,92.3,90.4,90.8,0.2,3478
2024-07-26,6269,1525239,136767594,89.0,90.1,88.5,89.7,-1.1,4328
2024-07-29,6269,2934951,259832986,90.0,90.8,87.8,88.0,-1.7,2058
2024-07-30,6269,1591824,139344644,88.1,88.5,86.5,88.0,0.0,1313
2024-07-31,6269,1620096,143006811,87.6,88.9,87.6,88.5,0.5,1357
2024-08-01,6269,2122342,189031312,89.4,89.8,88.3,89.7,1.2,1785
2024-08-02,6269,3228103,281420355,88.0,88.0,86.5,87.1,-2.6,2806
2024-08-05,6269,4891903,392371538,84.5,84.6,79.0,79.9,-7.2,4108
2024-08-06,6269,4652670,372230449,82.0,83.1,78.2,79.9,0.0,3337
2024-08-07,6269,2437983,199951120,79.9,83.3,79.3,83.3,3.4,2093
2024-08-08,6269,3133747,252585849,81.8,81.8,80.2,80.4,-2.9,2725
2024-08-09,6269,2456417,203660378,81.8,84.3,81.1,83.7,3.3,1785
2024-08-12,6269,2068430,176205402,84.2,86.2,83.9,86.2,2.5,2468
2024-08-13,6269,7934879,627503230,79.6,80.0,78.4,79.5,-6.7,8405
2024-08-14,6269,6662294,524884100,79.5,80.2,78.1,78.3,-1.2,5586
2024-08-15,6269,2145938,168568804,78.9,79.0,78.0,78.8,0.5,1890
2024-08-16,6269,2415752,190997098,79.3,79.8,78.8,78.9,0.1,1795
2024-08-19,6269,1566038,124662475,79.6,80.0,79.0,79.5,0.6,1434
2024-08-20,6269,2125823,170649721,79.6,80.8,79.6,80.2,0.7,1844
2024-08-21,6269,1398259,111864651,80.0,80.4,79.7,80.0,-0.2,1262
2024-08-22,6269,1541411,123282032,80.4,80.4,79.5,80.3,0.3,1116
2024-08-23,6269,872521,69631506,80.3,80.5,79.2,80.4,0.1,853
2024-08-26,6269,1175524,94812479,80.7,80.9,80.4,80.5,0.1,897
2024-08-27,6269,930732,74895285,80.6,80.8,80.1,80.7,0.2,815
2024-08-28,6269,1799172,147151169,81.0,82.8,80.7,81.7,1.0,1593
2024-08-29,6269,5604113,474361044,81.5,86.3,81.1,85.3,3.6,4414
2024-08-30,6269,6826259,593015493,86.5,88.3,85.8,86.7,1.4,8077
2024-09-02,6269,2376997,204875307,86.9,86.9,85.1,86.9,0.2,2403
2024-09-03,6269,2621219,224850079,86.8,87.2,85.1,85.2,-1.7,2737
2024-09-04,6269,3461712,285883243,82.5,84.3,80.2,82.3,-2.9,2724
2024-09-05,6269,1929367,158667629,83.0,83.5,81.0,81.2,-1.1,1894
2024-09-06,6269,1350447,110018336,81.8,82.3,80.5,82.1,0.9,1182
2024-09-09,6269,2002498,161371997,80.9,81.3,80.1,81.0,-1.1,1689
2024-09-10,6269,2548964,203285334,81.3,81.4,79.0,79.0,-2.0,2402
2024-09-11,6269,1162535,91877421,79.7,79.7,78.7,79.1,0.1,969
2024-09-12,6269,960453,76227492,79.9,80.0,79.1,79.1,0.0,982
2024-09-13,6269,1301131,103825086,79.3,80.3,79.3,80.2,1.1,918
2024-09-16,6269,978791,78838774,81.0,81.0,80.0,80.9,0.7,767
2024-09-18,6269,2855578,226270565,80.8,80.9,78.5,78.5,-2.4,2024
2024-09-19,6269,1687471,133089897,78.7,79.5,78.6,78.6,0.1,1287
2024-09-20,6269,1659719,130777507,79.2,79.8,78.5,78.5,-0.1,1153
2024-09-23,6269,1756020,138021054,78.5,78.9,78.4,78.5,0.0,1228
2024-09-24,6269,1255146,98868863,78.6,79.3,78.5,78.6,0.1,873
2024-09-25,6269,1704577,135199716,79.2,79.7,78.7,79.2,0.6,1048
2024-09-26,6269,1820918,143899911,79.6,79.8,78.6,78.6,-0.6,1322
2024-09-27,6269,1711332,135182498,78.7,79.3,78.5,79.0,0.4,1113
2024-09-30,6269,855163,67483464,79.0,79.5,78.6,78.6,-0.4,840
2024-10-01,6269,1122556,88575051,79.3,79.5,78.2,79.5,0.9,842
2024-10-04,6269,1020287,80116908,79.3,79.3,78.3,78.4,-1.1,958
2024-10-07,6269,952751,75177485,78.6,79.4,78.6,79.0,0.6,717
2024-10-08,6269,4084729,314202564,78.5,78.9,76.4,76.6,-2.4,3882
2024-10-09,6269,1773326,135714291,76.8,77.4,76.1,76.1,-0.5,1544
2024-10-11,6269,1645566,124317312,76.2,76.4,75.1,75.4,-0.7,1535
2024-10-14,6269,729908,55505049,75.5,76.6,75.3,76.6,1.2,656
2024-10-15,6269,857337,65569361,76.8,77.1,76.1,76.1,-0.5,1212
2024-10-16,6269,2039506,153908373,75.6,76.0,75.3,75.4,-0.7,1220
2024-10-17,6269,828972,63392852,75.5,76.8,75.5,76.6,1.2,714
2024-10-18,6269,1149820,88349997,77.1,77.5,76.4,76.5,-0.1,1048
2024-10-21,6269,652510,50256440,77.2,77.3,76.5,77.2,0.7,734
2024-10-22,6269,893798,69212437,77.2,77.7,77.0,77.6,0.4,1009
2024-10-23,6269,1803352,141193747,77.7,78.9,77.6,77.8,0.2,1754
2024-10-24,6269,810464,62688904,77.8,77.9,76.6,77.5,-0.3,895
2024-10-25,6269,866425,66840322,78.0,78.0,76.8,77.0,-0.5,770
2024-10-28,6269,923082,70769310,77.0,77.7,76.2,76.7,-0.3,901
2024-10-29,6269,1743907,131693208,76.5,76.5,75.1,75.2,-1.5,1637
2024-10-30,6269,855598,64391736,76.1,76.1,75.0,75.4,0.2,783
2024-11-01,6269,1176209,87846982,75.4,75.4,74.1,75.4,0.0,1108
2024-11-04,6269,878361,66064396,75.5,75.8,74.7,75.4,0.0,793
2024-11-05,6269,648713,49086037,75.4,76.4,75.1,75.8,0.4,578
2024-11-06,6269,654614,49510796,76.4,76.4,75.3,75.7,-0.1,633
2024-11-07,6269,1441144,111514535,75.7,78.0,75.7,77.6,1.9,1146
2024-11-08,6269,5814420,425682105,73.5,74.8,71.6,72.4,-5.2,6375
2024-11-11,6269,3807098,263150332,71.6,71.6,68.6,68.7,-3.7,3494
2024-11-12,6269,3150097,210885095,67.9,68.0,66.4,67.3,-1.4,2855
2024-11-13,6269,1553711,104309331,67.3,67.8,66.7,66.8,-0.5,1406
2024-11-14,6269,1213846,80653390,66.8,67.1,66.1,66.6,-0.2,1080
2024-11-15,6269,934990,62629005,66.8,67.4,66.5,66.7,0.1,830
2024-11-18,6269,1198123,80404612,67.0,67.6,66.7,67.6,0.9,975
2024-11-19,6269,1270371,86768469,67.6,68.8,67.2,68.7,1.1,1175
2024-11-20,6269,1085869,73369151,68.7,68.8,67.0,67.2,-1.5,1381
2024-11-21,6269,588092,39710290,67.2,68.2,66.7,67.8,0.6,505
2024-11-22,6269,786374,53368095,68.2,68.3,67.3,67.3,-0.5,732
2024-11-25,6269,1317208,90139787,67.7,68.7,67.7,68.7,1.4,929
2024-11-26,6269,826182,56817934,68.3,69.1,68.1,68.8,0.1,905
2024-11-27,6269,1049720,71063284,68.8,68.8,67.4,67.6,-1.2,770
2024-11-28,6269,1784094,118206566,67.6,67.7,65.4,66.8,-0.8,1412
2024-11-29,6269,966247,64014338,66.2,67.2,65.3,67.1,0.3,829
2024-12-02,6269,985998,65697437,67.7,68.4,66.3,66.3,-0.8,1097
2024-12-03,6269,1811916,119885205,66.6,67.1,65.8,66.3,0.0,1550
2024-12-04,6269,1797070,118604716,66.1,66.7,65.4,66.3,0.0,1365
2024-12-05,6269,1100327,72794466,66.3,66.7,65.8,66.3,0.0,1214
2024-12-06,6269,1355629,89640290,66.2,66.9,65.7,65.8,-0.5,1044
2024-12-09,6269,2169442,141049590,65.8,65.8,64.8,65.0,-0.8,1594
2024-12-10,6269,971636,63803445,65.4,66.4,65.3,65.5,0.5,757
2024-12-11,6269,917484,59815731,65.9,65.9,64.9,65.3,-0.2,684
2024-12-12,6269,1221536,80266786,65.3,66.3,65.0,65.0,-0.3,910
2024-12-13,6269,1191154,76571341,65.2,65.2,63.9,64.3,-0.7,1153
2024-12-16,6269,896326,57339123,64.4,64.6,63.6,63.7,-0.6,811
2024-12-17,6269,1020929,65183489,63.6,64.3,63.5,63.5,-0.2,863
2024-12-18,6269,838701,53252363,63.5,64.3,62.8,64.2,0.7,990
2024-12-19,6269,599031,37989457,63.5,63.9,63.1,63.5,-0.7,1216
2024-12-20,6269,1096127,69743807,63.2,64.5,63.1,63.3,-0.2,851
2024-12-23,6269,788454,50338086,63.3,64.3,63.3,64.1,0.8,704
2024-12-24,6269,775256,50401397,64.6,65.5,64.4,64.8,0.7,954
2024-12-25,6269,360613,23333972,65.4,65.4,64.4,64.7,-0.1,484
2024-12-26,6269,556837,36305793,64.6,65.5,64.5,65.4,0.7,524
2024-12-27,6269,1624184,106834686,65.5,66.6,65.0,65.2,-0.2,1164
2024-12-30,6269,601499,39451125,65.1,66.0,65.1,65.4,0.2,925
2024-12-31,6269,728857,47033109,65.5,65.5,63.9,64.3,-1.1,784
