date,stock_id,close
2023-02-01,1101,33.85
2023-02-02,1101,33.89
2023-02-03,1101,33.57
2023-02-06,1101,33.29
2023-02-07,1101,33.75
2023-02-08,1101,33.85
2023-02-09,1101,33.71
2023-02-10,1101,33.94
2023-02-13,1101,34.08
2023-02-14,1101,34.31
2023-02-15,1101,34.58
2023-02-16,1101,34.54
2023-02-17,1101,35.0
2023-02-20,1101,35.23
2023-02-21,1101,35.32
2023-02-22,1101,35.04
2023-02-23,1101,36.38
2023-02-24,1101,36.06
2023-02-01,1101B,42.96
2023-02-02,1101B,42.96
2023-02-03,1101B,42.91
2023-02-06,1101B,42.91
2023-02-07,1101B,42.91
2023-02-08,1101B,42.91
2023-02-09,1101B,42.91
2023-02-10,1101B,42.91
2023-02-13,1101B,42.91
2023-02-14,1101B,42.87
2023-02-15,1101B,42.87
2023-02-16,1101B,42.87
2023-02-17,1101B,42.87
2023-02-20,1101B,42.96
2023-02-21,1101B,43.09
2023-02-22,1101B,43.09
2023-02-23,1101B,43.18
2023-02-24,1101B,43.36
2023-02-01,1102,36.42
2023-02-02,1102,36.25
2023-02-03,1102,36.12
2023-02-06,1102,35.86
2023-02-07,1102,35.99
2023-02-08,1102,36.12
2023-02-09,1102,36.08
2023-02-10,1102,36.03
2023-02-13,1102,35.95
2023-02-14,1102,36.08
2023-02-15,1102,35.99
2023-02-16,1102,36.33
2023-02-17,1102,36.59
2023-02-20,1102,37.36
2023-02-21,1102,37.57
2023-02-22,1102,37.57
2023-02-23,1102,38.0
2023-02-24,1102,38.21
2023-02-01,1103,17.17
2023-02-02,1103,17.22
2023-02-03,1103,17.36
2023-02-06,1103,17.4
2023-02-07,1103,17.36
2023-02-08,1103,17.4
2023-02-09,1103,17.45
2023-02-10,1103,17.45
2023-02-13,1103,17.45
2023-02-14,1103,17.64
2023-02-15,1103,17.78
2023-02-16,1103,18.58
2023-02-17,1103,18.58
2023-02-20,1103,19.9
2023-02-21,1103,19.57
2023-02-22,1103,19.52
2023-02-23,1103,19.61
2023-02-24,1103,19.19
2023-02-01,1104,19.18
2023-02-02,1104,19.26
2023-02-03,1104,19.3
2023-02-06,1104,19.3
2023-02-07,1104,19.62
2023-02-08,1104,19.74
2023-02-09,1104,19.74
2023-02-10,1104,19.42
2023-02-13,1104,19.14
2023-02-14,1104,19.14
2023-02-15,1104,19.14
2023-02-16,1104,19.34
2023-02-17,1104,19.38
2023-02-20,1104,19.74
2023-02-21,1104,19.62
2023-02-22,1104,19.54
2023-02-23,1104,19.74
2023-02-24,1104,19.83
2023-02-01,1108,10.13
2023-02-02,1108,10.22
2023-02-03,1108,10.26
2023-02-06,1108,10.17
2023-02-07,1108,10.17
2023-02-08,1108,10.4
2023-02-09,1108,10.35
2023-02-10,1108,10.35
2023-02-13,1108,10.31
2023-02-14,1108,10.26
2023-02-15,1108,10.17
2023-02-16,1108,10.35
2023-02-17,1108,10.44
2023-02-20,1108,11.47
2023-02-21,1108,11.56
2023-02-22,1108,11.91
2023-02-23,1108,13.07
2023-02-24,1108,12.63
2023-02-01,1109,14.02
2023-02-02,1109,14.02
2023-02-03,1109,14.1
2023-02-06,1109,14.02
2023-02-07,1109,13.98
2023-02-08,1109,13.93
2023-02-09,1109,13.93
2023-02-10,1109,13.85
2023-02-13,1109,13.72
2023-02-14,1109,13.81
2023-02-15,1109,13.89
2023-02-16,1109,14.06
2023-02-17,1109,14.06
2023-02-20,1109,14.44
2023-02-21,1109,14.57
2023-02-22,1109,14.57
2023-02-23,1109,14.61
2023-02-24,1109,14.53
2023-02-01,1110,17.56
2023-02-02,1110,17.46
2023-02-03,1110,17.42
2023-02-06,1110,17.42
2023-02-07,1110,17.42
2023-02-08,1110,17.32
2023-02-09,1110,17.42
2023-02-10,1110,17.37
2023-02-13,1110,17.37
2023-02-14,1110,17.42
2023-02-15,1110,17.37
2023-02-16,1110,17.37
2023-02-17,1110,17.37
2023-02-20,1110,17.61
2023-02-21,1110,17.51
2023-02-22,1110,17.12
2023-02-23,1110,17.17
2023-02-24,1110,17.37
2023-02-01,1201,18.92
2023-02-02,1201,18.92
2023-02-03,1201,19.26
2023-02-06,1201,19.91
2023-02-07,1201,19.91
2023-02-08,1201,20.0
2023-02-09,1201,19.91
2023-02-10,1201,20.0
2023-02-13,1201,20.0
2023-02-14,1201,20.4
2023-02-15,1201,20.4
2023-02-16,1201,20.4
2023-02-17,1201,20.4
2023-02-20,1201,20.15
2023-02-21,1201,20.05
2023-02-22,1201,19.91
2023-02-23,1201,20.1
2023-02-24,1201,20.35
2023-02-01,1203,35.62
2023-02-02,1203,35.72
2023-02-03,1203,35.1
2023-02-06,1203,35.1
2023-02-07,1203,35.24
2023-02-08,1203,34.86
2023-02-09,1203,34.81
2023-02-10,1203,34.67
2023-02-13,1203,34.77
2023-02-14,1203,35.1
2023-02-15,1203,35.15
2023-02-16,1203,35.29
2023-02-17,1203,35.0
2023-02-20,1203,34.86
2023-02-21,1203,34.67
2023-02-22,1203,34.48
2023-02-23,1203,35.15
2023-02-24,1203,35.24
2023-02-01,1210,42.77
2023-02-02,1210,43.15
2023-02-03,1210,43.75
2023-02-06,1210,43.57
2023-02-07,1210,43.99
2023-02-08,1210,44.45
2023-02-09,1210,44.13
2023-02-10,1210,43.29
2023-02-13,1210,43.52
2023-02-14,1210,43.57
2023-02-15,1210,43.75
2023-02-16,1210,44.17
2023-02-17,1210,43.94
2023-02-20,1210,44.59
2023-02-21,1210,45.44
2023-02-22,1210,45.81
2023-02-23,1210,46.28
2023-02-24,1210,47.26
2023-02-01,1213,6.84
2023-02-02,1213,6.9
2023-02-03,1213,7.21
2023-02-06,1213,6.85
2023-02-07,1213,6.9
2023-02-08,1213,6.81
2023-02-09,1213,6.86
2023-02-10,1213,6.86
2023-02-13,1213,6.74
2023-02-14,1213,6.76
2023-02-15,1213,6.74
2023-02-16,1213,6.72
2023-02-17,1213,6.88
2023-02-20,1213,6.8
2023-02-21,1213,6.86
2023-02-22,1213,7.05
2023-02-23,1213,6.88
2023-02-24,1213,6.89
2023-02-01,1215,69.59
2023-02-02,1215,70.12
2023-02-03,1215,70.39
2023-02-06,1215,70.65
2023-02-07,1215,70.56
2023-02-08,1215,70.47
2023-02-09,1215,70.12
2023-02-10,1215,70.03
2023-02-13,1215,69.42
2023-02-14,1215,69.59
2023-02-15,1215,69.59
2023-02-16,1215,69.59
2023-02-17,1215,69.42
2023-02-20,1215,69.94
2023-02-21,1215,69.68
2023-02-22,1215,69.59
2023-02-23,1215,70.12
2023-02-24,1215,70.91
2023-02-01,1216,64.7
2023-02-02,1216,65.09
2023-02-03,1216,63.93
2023-02-06,1216,63.83
2023-02-07,1216,64.41
2023-02-08,1216,64.22
2023-02-09,1216,64.41
2023-02-10,1216,64.22
2023-02-13,1216,64.7
2023-02-14,1216,64.6
2023-02-15,1216,64.12
2023-02-16,1216,63.93
2023-02-17,1216,64.03
2023-02-20,1216,64.03
2023-02-21,1216,64.41
2023-02-22,1216,64.22
2023-02-23,1216,64.8
2023-02-24,1216,65.09
2023-02-01,1217,10.05
2023-02-02,1217,10.0
2023-02-03,1217,10.0
2023-02-06,1217,10.05
2023-02-07,1217,10.0
2023-02-08,1217,10.05
2023-02-09,1217,10.05
2023-02-10,1217,10.14
2023-02-13,1217,10.33
2023-02-14,1217,10.28
2023-02-15,1217,10.19
2023-02-16,1217,10.23
2023-02-17,1217,10.19
2023-02-20,1217,10.37
2023-02-21,1217,10.46
2023-02-22,1217,10.51
2023-02-23,1217,10.6
2023-02-24,1217,10.42
2023-02-01,1218,28.62
2023-02-02,1218,28.34
2023-02-03,1218,28.43
2023-02-06,1218,28.34
2023-02-07,1218,28.11
2023-02-08,1218,27.74
2023-02-09,1218,27.97
2023-02-10,1218,27.56
2023-02-13,1218,27.79
2023-02-14,1218,27.51
2023-02-15,1218,27.42
2023-02-16,1218,27.42
2023-02-17,1218,28.2
2023-02-20,1218,27.79
2023-02-21,1218,27.83
2023-02-22,1218,27.97
2023-02-23,1218,28.11
2023-02-24,1218,27.65
2023-02-01,1219,17.13
2023-02-02,1219,17.04
2023-02-03,1219,17.13
2023-02-06,1219,17.3
2023-02-07,1219,17.39
2023-02-08,1219,17.3
2023-02-09,1219,17.17
2023-02-10,1219,17.13
2023-02-13,1219,17.35
2023-02-14,1219,17.56
2023-02-15,1219,17.43
2023-02-16,1219,17.39
2023-02-17,1219,17.39
2023-02-20,1219,17.56
2023-02-21,1219,17.56
2023-02-22,1219,17.74
2023-02-23,1219,17.78
2023-02-24,1219,18.13
2023-02-01,1220,14.12
2023-02-02,1220,14.16
2023-02-03,1220,14.25
2023-02-06,1220,14.34
2023-02-07,1220,14.39
2023-02-08,1220,14.3
2023-02-09,1220,14.3
2023-02-10,1220,14.21
2023-02-13,1220,14.25
2023-02-14,1220,14.34
2023-02-15,1220,14.39
2023-02-16,1220,14.39
2023-02-17,1220,14.39
2023-02-20,1220,14.48
2023-02-21,1220,14.53
2023-02-22,1220,14.57
2023-02-23,1220,14.57
2023-02-24,1220,14.62
2023-02-01,1225,52.57
2023-02-02,1225,52.57
2023-02-03,1225,53.4
2023-02-06,1225,52.66
2023-02-08,1225,52.39
2023-02-09,1225,52.66
2023-02-10,1225,53.21
2023-02-13,1225,52.66
2023-02-14,1225,52.39
2023-02-15,1225,52.75
2023-02-16,1225,53.21
2023-02-20,1225,53.58
2023-02-21,1225,52.85
2023-02-22,1225,52.94
2023-02-23,1225,53.03
2023-02-24,1225,53.67
2023-02-01,1227,37.96
2023-02-02,1227,37.74
2023-02-03,1227,37.74
2023-02-06,1227,37.74
2023-02-07,1227,37.83
2023-02-08,1227,37.92
2023-02-09,1227,37.83
2023-02-10,1227,37.38
2023-02-13,1227,37.11
2023-02-14,1227,37.06
2023-02-15,1227,37.02
2023-02-16,1227,37.11
2023-02-17,1227,37.2
2023-02-20,1227,37.02
2023-02-21,1227,37.33
2023-02-22,1227,37.24
2023-02-23,1227,37.24
2023-02-24,1227,37.6
2023-02-01,1229,43.68
2023-02-02,1229,44.51
2023-02-03,1229,44.84
2023-02-06,1229,44.76
2023-02-07,1229,44.93
2023-02-08,1229,45.51
2023-02-09,1229,45.84
2023-02-10,1229,45.34
2023-02-13,1229,44.76
2023-02-14,1229,44.51
2023-02-15,1229,44.34
2023-02-16,1229,44.43
2023-02-17,1229,44.51
2023-02-20,1229,45.26
2023-02-21,1229,44.93
2023-02-22,1229,44.84
2023-02-23,1229,45.26
2023-02-24,1229,45.34
2023-02-01,1231,64.25
2023-02-02,1231,65.61
2023-02-03,1231,67.37
2023-02-06,1231,67.37
2023-02-07,1231,68.34
2023-02-08,1231,67.86
2023-02-09,1231,66.89
2023-02-10,1231,66.81
2023-02-13,1231,68.02
2023-02-14,1231,67.45
2023-02-15,1231,67.53
2023-02-16,1231,67.94
2023-02-17,1231,67.61
2023-02-20,1231,67.86
2023-02-21,1231,67.86
2023-02-22,1231,67.86
2023-02-23,1231,67.86
2023-02-24,1231,68.98
2023-02-01,1232,126.91
2023-02-02,1232,128.23
2023-02-03,1232,129.1
2023-02-06,1232,128.67
2023-02-07,1232,129.98
2023-02-08,1232,129.98
2023-02-09,1232,128.67
2023-02-10,1232,128.23
2023-02-13,1232,126.47
2023-02-14,1232,127.79
2023-02-15,1232,128.23
2023-02-16,1232,128.23
2023-02-17,1232,128.67
2023-02-20,1232,128.23
2023-02-21,1232,128.67
2023-02-22,1232,128.23
2023-02-23,1232,129.54
2023-02-24,1232,128.67
2023-02-01,1233,29.72
2023-02-02,1233,29.86
2023-02-03,1233,29.99
2023-02-06,1233,29.95
2023-02-07,1233,29.72
2023-02-08,1233,29.86
2023-02-09,1233,29.81
2023-02-10,1233,29.86
2023-02-13,1233,29.86
2023-02-14,1233,31.1
2023-02-15,1233,30.92
2023-02-16,1233,31.01
2023-02-17,1233,31.01
2023-02-20,1233,31.29
2023-02-21,1233,30.87
2023-02-22,1233,30.96
2023-02-23,1233,31.33
2023-02-24,1233,31.29
2023-02-01,1234,29.06
2023-02-02,1234,29.1
2023-02-03,1234,29.1
2023-02-06,1234,29.06
2023-02-07,1234,29.1
2023-02-08,1234,29.06
2023-02-09,1234,29.06
2023-02-10,1234,29.41
2023-02-13,1234,29.76
2023-02-14,1234,30.06
2023-02-15,1234,29.85
2023-02-16,1234,30.02
2023-02-17,1234,30.46
2023-02-20,1234,30.5
2023-02-21,1234,30.37
2023-02-22,1234,30.24
2023-02-23,1234,30.46
2023-02-24,1234,30.54
2023-02-01,1235,57.68
2023-02-06,1235,57.26
2023-02-07,1235,57.34
2023-02-08,1235,57.34
2023-02-09,1235,57.34
2023-02-10,1235,56.92
2023-02-15,1235,56.92
2023-02-16,1235,56.67
2023-02-17,1235,56.84
2023-02-20,1235,57.18
2023-02-21,1235,56.76
2023-02-22,1235,57.09
2023-02-23,1235,57.09
2023-02-24,1235,57.68
2023-02-01,1236,24.0
2023-02-02,1236,23.89
2023-02-03,1236,24.35
2023-02-06,1236,25.49
2023-02-07,1236,25.03
2023-02-08,1236,25.23
2023-02-09,1236,24.92
2023-02-10,1236,24.61
2023-02-13,1236,24.31
2023-02-14,1236,24.25
2023-02-15,1236,24.15
2023-02-16,1236,24.82
2023-02-17,1236,24.92
2023-02-20,1236,24.97
2023-02-21,1236,25.03
2023-02-22,1236,25.07
2023-02-23,1236,25.54
2023-02-24,1236,25.54
2023-02-01,1240,38.82
2023-02-02,1240,38.82
2023-02-03,1240,38.99
2023-02-06,1240,39.47
2023-02-07,1240,39.12
2023-02-08,1240,39.12
2023-02-09,1240,39.04
2023-02-10,1240,39.04
2023-02-13,1240,39.25
2023-02-14,1240,39.43
2023-02-15,1240,39.43
2023-02-16,1240,39.69
2023-02-17,1240,39.34
2023-02-20,1240,39.21
2023-02-21,1240,39.43
2023-02-22,1240,39.56
2023-02-23,1240,41.1
2023-02-24,1240,41.41
2023-02-01,1256,259.25
2023-02-02,1256,263.8
2023-02-03,1256,268.35
2023-02-06,1256,269.26
2023-02-07,1256,273.35
2023-02-08,1256,273.35
2023-02-09,1256,274.72
2023-02-10,1256,276.08
2023-02-13,1256,273.35
2023-02-14,1256,276.99
2023-02-15,1256,277.9
2023-02-16,1256,279.72
2023-02-17,1256,281.99
2023-02-20,1256,283.81
2023-02-21,1256,297.46
2023-02-22,1256,295.64
2023-02-23,1256,295.18
2023-02-24,1256,291.09
2023-02-01,1258,22.25
2023-02-02,1258,22.3
2023-02-03,1258,22.25
2023-02-06,1258,22.25
2023-02-07,1258,22.35
2023-02-08,1258,22.3
2023-02-09,1258,22.5
2023-02-10,1258,22.25
2023-02-13,1258,23.5
2023-02-14,1258,23.65
2023-02-15,1258,23.4
2023-02-16,1258,23.8
2023-02-17,1258,23.85
2023-02-20,1258,23.9
2023-02-21,1258,23.75
2023-02-22,1258,23.75
2023-02-24,1258,26.1
2023-02-01,1259,68.17
2023-02-02,1259,68.08
2023-02-03,1259,67.98
2023-02-06,1259,68.45
2023-02-07,1259,68.54
2023-02-08,1259,68.72
2023-02-09,1259,68.81
2023-02-10,1259,68.72
2023-02-13,1259,68.81
2023-02-14,1259,69.64
2023-02-15,1259,68.81
2023-02-16,1259,69.64
2023-02-17,1259,70.01
2023-02-20,1259,70.01
2023-02-21,1259,69.83
2023-02-22,1259,71.03
2023-02-23,1259,74.9
2023-02-24,1259,74.26
2023-02-01,1264,234.98
2023-02-02,1264,236.74
2023-02-03,1264,238.49
2023-02-06,1264,238.49
2023-02-07,1264,240.24
2023-02-08,1264,238.93
2023-02-09,1264,235.86
2023-02-10,1264,236.3
2023-02-13,1264,235.42
2023-02-14,1264,236.74
2023-02-15,1264,236.74
2023-02-16,1264,238.93
2023-02-17,1264,238.05
2023-02-20,1264,238.93
2023-02-21,1264,237.61
2023-02-22,1264,235.86
2023-02-23,1264,235.86
2023-02-24,1264,237.17
2023-02-01,1268,122.69
2023-02-02,1268,120.35
2023-02-03,1268,121.76
2023-02-06,1268,125.03
2023-02-07,1268,123.63
2023-02-08,1268,122.69
2023-02-09,1268,125.97
2023-02-10,1268,128.78
2023-02-13,1268,127.38
2023-02-14,1268,137.68
2023-02-15,1268,134.4
2023-02-16,1268,134.4
2023-02-17,1268,133.93
2023-02-20,1268,134.87
2023-02-21,1268,136.27
2023-02-22,1268,140.49
2023-02-23,1268,142.83
2023-02-24,1268,145.64
2023-02-01,1294,48.16
2023-02-02,1294,47.87
2023-02-03,1294,47.87
2023-02-06,1294,48.06
2023-02-07,1294,47.97
2023-02-08,1294,47.82
2023-02-09,1294,47.54
2023-02-10,1294,47.54
2023-02-13,1294,47.63
2023-02-14,1294,47.78
2023-02-15,1294,47.49
2023-02-17,1294,47.78
2023-02-20,1294,47.78
2023-02-21,1294,46.91
2023-02-22,1294,47.1
2023-02-23,1294,47.87
2023-02-24,1294,49.69
2023-02-01,1301,82.26
2023-02-02,1301,82.36
2023-02-03,1301,81.99
2023-02-06,1301,81.8
2023-02-07,1301,82.36
2023-02-08,1301,82.73
2023-02-09,1301,82.82
2023-02-10,1301,82.45
2023-02-13,1301,82.63
2023-02-14,1301,83.84
2023-02-15,1301,82.91
2023-02-16,1301,83.0
2023-02-17,1301,83.37
2023-02-20,1301,83.93
2023-02-21,1301,84.48
2023-02-22,1301,84.85
2023-02-23,1301,84.48
2023-02-24,1301,84.11
2023-02-01,1303,71.39
2023-02-02,1303,71.2
2023-02-03,1303,70.63
2023-02-06,1303,70.44
2023-02-07,1303,71.3
2023-02-08,1303,70.73
2023-02-09,1303,70.82
2023-02-10,1303,70.44
2023-02-13,1303,71.3
2023-02-14,1303,71.49
2023-02-15,1303,70.73
2023-02-16,1303,71.39
2023-02-17,1303,71.67
2023-02-20,1303,71.77
2023-02-21,1303,71.96
2023-02-22,1303,71.96
2023-02-23,1303,72.05
2023-02-24,1303,71.58
2023-02-01,1304,23.17
2023-02-02,1304,23.56
2023-02-03,1304,23.61
2023-02-06,1304,23.85
2023-02-07,1304,23.65
2023-02-08,1304,23.56
2023-02-09,1304,23.31
2023-02-10,1304,23.07
2023-02-13,1304,23.22
2023-02-14,1304,23.36
2023-02-15,1304,23.22
2023-02-16,1304,23.22
2023-02-17,1304,23.65
2023-02-20,1304,24.33
2023-02-21,1304,24.28
2023-02-22,1304,24.43
2023-02-23,1304,24.33
2023-02-24,1304,24.33
2023-02-01,1305,28.81
2023-02-02,1305,27.97
2023-02-03,1305,26.83
2023-02-06,1305,27.08
2023-02-07,1305,27.43
2023-02-08,1305,27.18
2023-02-09,1305,26.83
2023-02-10,1305,26.34
2023-02-13,1305,26.98
2023-02-14,1305,27.52
2023-02-15,1305,27.33
2023-02-16,1305,27.38
2023-02-17,1305,27.33
2023-02-20,1305,27.62
2023-02-21,1305,27.77
2023-02-22,1305,28.07
2023-02-23,1305,27.87
2023-02-24,1305,28.17
2023-02-01,1307,17.89
2023-02-02,1307,17.94
2023-02-03,1307,18.07
2023-02-06,1307,18.07
2023-02-07,1307,18.07
2023-02-08,1307,17.94
2023-02-09,1307,17.94
2023-02-10,1307,17.89
2023-02-13,1307,17.77
2023-02-14,1307,17.81
2023-02-15,1307,17.81
2023-02-16,1307,17.89
2023-02-17,1307,17.81
2023-02-20,1307,17.81
2023-02-21,1307,17.89
2023-02-22,1307,17.81
2023-02-23,1307,17.89
2023-02-24,1307,17.98
2023-02-01,1308,27.98
2023-02-02,1308,28.26
2023-02-03,1308,27.79
2023-02-06,1308,28.17
2023-02-07,1308,27.93
2023-02-08,1308,27.88
2023-02-09,1308,27.69
2023-02-10,1308,26.78
2023-02-13,1308,26.74
2023-02-14,1308,27.5
2023-02-15,1308,27.41
2023-02-16,1308,27.17
2023-02-17,1308,27.45
2023-02-20,1308,27.74
2023-02-21,1308,27.79
2023-02-22,1308,27.93
2023-02-23,1308,27.98
2023-02-24,1308,27.74
2023-02-01,1309,22.81
2023-02-02,1309,22.81
2023-02-03,1309,22.52
2023-02-06,1309,22.76
2023-02-07,1309,22.71
2023-02-08,1309,22.61
2023-02-09,1309,22.22
2023-02-10,1309,21.74
2023-02-13,1309,21.83
2023-02-14,1309,22.13
2023-02-15,1309,21.83
2023-02-16,1309,21.83
2023-02-17,1309,22.08
2023-02-20,1309,22.56
2023-02-21,1309,22.52
2023-02-22,1309,22.42
2023-02-23,1309,22.52
2023-02-24,1309,22.52
2023-02-01,1310,14.02
2023-02-02,1310,13.97
2023-02-03,1310,13.92
2023-02-06,1310,13.87
2023-02-07,1310,13.92
2023-02-08,1310,13.87
2023-02-09,1310,13.68
2023-02-10,1310,13.58
2023-02-13,1310,13.58
2023-02-14,1310,13.73
2023-02-15,1310,13.68
2023-02-16,1310,13.73
2023-02-17,1310,13.73
2023-02-20,1310,13.92
2023-02-21,1310,13.87
2023-02-22,1310,13.87
2023-02-23,1310,13.92
2023-02-24,1310,13.97
2023-02-01,1312,19.06
2023-02-02,1312,18.91
2023-02-03,1312,18.82
2023-02-06,1312,18.91
2023-02-07,1312,18.77
2023-02-08,1312,18.58
2023-02-09,1312,18.63
2023-02-10,1312,18.3
2023-02-13,1312,18.39
2023-02-14,1312,18.49
2023-02-15,1312,18.63
2023-02-16,1312,18.63
2023-02-17,1312,18.82
2023-02-20,1312,18.91
2023-02-21,1312,18.77
2023-02-22,1312,18.82
2023-02-23,1312,18.91
2023-02-24,1312,18.87
2023-02-01,1312A,26.21
2023-02-02,1312A,26.21
2023-02-03,1312A,26.21
2023-02-07,1312A,26.93
2023-02-10,1312A,26.88
2023-02-13,1312A,26.74
2023-02-20,1312A,26.93
2023-02-23,1312A,26.45
2023-02-24,1312A,27.35
2023-02-01,1313,14.34
2023-02-02,1313,14.48
2023-02-03,1313,14.77
2023-02-06,1313,15.01
2023-02-07,1313,14.58
2023-02-08,1313,14.44
2023-02-09,1313,14.44
2023-02-10,1313,14.1
2023-02-13,1313,14.1
2023-02-14,1313,14.53
2023-02-15,1313,14.44
2023-02-16,1313,14.53
2023-02-17,1313,14.48
2023-02-20,1313,14.91
2023-02-21,1313,14.82
2023-02-22,1313,14.87
2023-02-23,1313,14.87
2023-02-24,1313,14.82
2023-02-01,1314,10.2
2023-02-02,1314,10.25
2023-02-03,1314,10.25
2023-02-06,1314,10.25
2023-02-07,1314,10.35
2023-02-08,1314,10.35
2023-02-09,1314,10.25
2023-02-10,1314,10.1
2023-02-13,1314,10.15
2023-02-14,1314,10.2
2023-02-15,1314,10.15
2023-02-16,1314,10.2
2023-02-17,1314,10.3
2023-02-20,1314,10.45
2023-02-21,1314,10.35
2023-02-22,1314,10.3
2023-02-23,1314,10.4
2023-02-24,1314,10.2
2023-02-01,1315,59.01
2023-02-02,1315,59.1
2023-02-03,1315,59.18
2023-02-06,1315,58.85
2023-02-07,1315,58.85
2023-02-08,1315,58.85
2023-02-09,1315,58.85
2023-02-10,1315,58.35
2023-02-13,1315,58.85
2023-02-14,1315,58.93
2023-02-15,1315,59.18
2023-02-16,1315,59.51
2023-02-17,1315,59.68
2023-02-20,1315,59.84
2023-02-21,1315,59.84
2023-02-22,1315,59.51
2023-02-23,1315,59.76
2023-02-24,1315,59.43
2023-02-01,1316,10.88
2023-02-02,1316,10.84
2023-02-03,1316,10.79
2023-02-06,1316,10.7
2023-02-07,1316,10.92
2023-02-08,1316,11.06
2023-02-09,1316,10.88
2023-02-10,1316,10.7
2023-02-13,1316,10.61
2023-02-14,1316,10.66
2023-02-15,1316,10.75
2023-02-16,1316,10.66
2023-02-17,1316,10.61
2023-02-20,1316,10.79
2023-02-21,1316,10.79
2023-02-22,1316,10.75
2023-02-23,1316,10.75
2023-02-24,1316,10.66
2023-02-01,1319,39.75
2023-02-02,1319,40.19
2023-02-03,1319,39.09
2023-02-06,1319,39.27
2023-02-07,1319,39.53
2023-02-08,1319,38.92
2023-02-09,1319,39.14
2023-02-10,1319,38.26
2023-02-13,1319,38.3
2023-02-14,1319,38.17
2023-02-15,1319,38.34
2023-02-16,1319,38.74
2023-02-17,1319,39.22
2023-02-20,1319,39.14
2023-02-21,1319,39.22
2023-02-22,1319,38.3
2023-02-23,1319,39.0
2023-02-24,1319,38.39
2023-02-01,1321,33.6
2023-02-02,1321,33.8
2023-02-03,1321,33.85
2023-02-06,1321,33.65
2023-02-07,1321,33.85
2023-02-08,1321,33.85
2023-02-09,1321,34.0
2023-02-10,1321,34.25
2023-02-13,1321,33.8
2023-02-14,1321,33.75
2023-02-15,1321,33.8
2023-02-16,1321,33.95
2023-02-17,1321,33.95
2023-02-20,1321,34.15
2023-02-21,1321,35.14
2023-02-22,1321,36.62
2023-02-23,1321,36.42
2023-02-24,1321,35.78
2023-02-01,1323,30.4
2023-02-02,1323,29.87
2023-02-03,1323,29.91
2023-02-06,1323,30.0
2023-02-07,1323,29.91
2023-02-08,1323,29.91
2023-02-09,1323,29.87
2023-02-10,1323,29.87
2023-02-13,1323,30.0
2023-02-14,1323,30.05
2023-02-15,1323,30.14
2023-02-16,1323,30.09
2023-02-17,1323,29.96
2023-02-20,1323,29.87
2023-02-21,1323,29.64
2023-02-22,1323,30.0
2023-02-23,1323,29.91
2023-02-24,1323,29.91
2023-02-01,1324,10.65
2023-02-02,1324,10.65
2023-02-03,1324,10.7
2023-02-06,1324,10.75
2023-02-07,1324,10.65
2023-02-08,1324,10.6
2023-02-09,1324,10.55
2023-02-10,1324,10.55
2023-02-13,1324,10.55
2023-02-14,1324,10.55
2023-02-15,1324,10.55
2023-02-16,1324,10.6
2023-02-17,1324,10.65
2023-02-20,1324,10.7
2023-02-21,1324,10.65
2023-02-22,1324,10.75
2023-02-23,1324,10.89
2023-02-24,1324,10.89
2023-02-01,1325,23.7
2023-02-02,1325,23.8
2023-02-03,1325,23.85
2023-02-06,1325,23.85
2023-02-07,1325,23.66
2023-02-08,1325,23.61
2023-02-09,1325,23.61
2023-02-10,1325,22.85
2023-02-13,1325,22.37
2023-02-14,1325,22.61
2023-02-15,1325,22.37
2023-02-16,1325,22.56
2023-02-17,1325,22.61
2023-02-20,1325,22.71
2023-02-21,1325,22.71
2023-02-22,1325,22.71
2023-02-23,1325,22.85
2023-02-24,1325,22.71
2023-02-01,1326,68.23
2023-02-02,1326,67.66
2023-02-03,1326,67.19
2023-02-06,1326,66.72
2023-02-07,1326,67.0
2023-02-08,1326,66.91
2023-02-09,1326,66.63
2023-02-10,1326,66.63
2023-02-13,1326,66.63
2023-02-14,1326,67.1
2023-02-15,1326,66.72
2023-02-16,1326,66.91
2023-02-17,1326,67.19
2023-02-20,1326,67.29
2023-02-21,1326,67.29
2023-02-22,1326,67.29
2023-02-23,1326,67.57
2023-02-24,1326,66.91
2023-02-01,1336,26.97
2023-02-02,1336,26.84
2023-02-03,1336,28.63
2023-02-06,1336,26.61
2023-02-07,1336,27.3
2023-02-08,1336,27.98
2023-02-09,1336,28.12
2023-02-10,1336,27.48
2023-02-13,1336,26.24
2023-02-14,1336,26.33
2023-02-15,1336,26.42
2023-02-16,1336,26.33
2023-02-17,1336,26.74
2023-02-20,1336,26.84
2023-02-21,1336,26.79
2023-02-22,1336,27.52
2023-02-23,1336,27.2
2023-02-24,1336,27.52
2023-02-01,1337,7.11
2023-02-02,1337,7.15
2023-02-03,1337,7.13
2023-02-06,1337,7.15
2023-02-07,1337,7.24
2023-02-08,1337,7.18
2023-02-09,1337,7.21
2023-02-10,1337,7.08
2023-02-13,1337,7.13
2023-02-14,1337,7.08
2023-02-15,1337,7.06
2023-02-16,1337,7.09
2023-02-17,1337,7.1
2023-02-20,1337,7.13
2023-02-21,1337,7.15
2023-02-22,1337,7.18
2023-02-23,1337,7.2
2023-02-24,1337,7.2
2023-02-01,1338,41.74
2023-02-02,1338,41.78
2023-02-03,1338,41.65
2023-02-06,1338,41.15
2023-02-07,1338,41.37
2023-02-08,1338,41.19
2023-02-09,1338,41.19
2023-02-10,1338,40.69
2023-02-13,1338,40.69
2023-02-14,1338,40.96
2023-02-15,1338,40.92
2023-02-16,1338,41.24
2023-02-17,1338,41.74
2023-02-20,1338,42.42
2023-02-21,1338,42.42
2023-02-22,1338,42.46
2023-02-23,1338,42.37
2023-02-24,1338,41.83
2023-02-01,1339,37.35
2023-02-02,1339,37.79
2023-02-03,1339,37.48
2023-02-06,1339,37.66
2023-02-07,1339,37.39
2023-02-08,1339,37.48
2023-02-09,1339,37.48
2023-02-10,1339,37.21
2023-02-13,1339,37.17
2023-02-14,1339,37.39
2023-02-15,1339,37.66
2023-02-16,1339,38.06
2023-02-17,1339,38.11
2023-02-20,1339,38.37
2023-02-21,1339,38.37
2023-02-22,1339,38.06
2023-02-23,1339,38.24
2023-02-24,1339,38.02
2023-02-01,1340,10.25
2023-02-02,1340,10.25
2023-02-03,1340,10.25
2023-02-06,1340,10.3
2023-02-07,1340,10.35
2023-02-08,1340,10.85
2023-02-09,1340,10.9
2023-02-10,1340,10.8
2023-02-13,1340,10.65
2023-02-14,1340,10.75
2023-02-15,1340,10.6
2023-02-16,1340,10.55
2023-02-17,1340,10.55
2023-02-20,1340,10.8
2023-02-21,1340,10.85
2023-02-22,1340,10.75
2023-02-23,1340,11.15
2023-02-24,1340,11.1
2023-02-01,1341,56.63
2023-02-02,1341,56.71
2023-02-03,1341,56.88
2023-02-06,1341,57.21
2023-02-07,1341,57.46
2023-02-08,1341,57.55
2023-02-09,1341,57.63
2023-02-10,1341,57.29
2023-02-13,1341,56.79
2023-02-14,1341,56.71
2023-02-15,1341,56.71
2023-02-16,1341,56.88
2023-02-17,1341,56.96
2023-02-20,1341,56.96
2023-02-21,1341,57.04
2023-02-22,1341,57.13
2023-02-23,1341,57.21
2023-02-24,1341,57.46
2023-02-01,1342,105.76
2023-02-02,1342,102.54
2023-02-03,1342,100.52
2023-02-06,1342,103.75
2023-02-07,1342,104.55
2023-02-08,1342,104.55
2023-02-09,1342,114.65
2023-02-10,1342,116.66
2023-02-13,1342,119.09
2023-02-14,1342,116.26
2023-02-15,1342,117.88
2023-02-16,1342,119.89
2023-02-17,1342,120.3
2023-02-20,1342,123.93
2023-02-21,1342,126.76
2023-02-22,1342,129.99
2023-02-23,1342,130.39
2023-02-24,1342,124.74
2023-02-01,1402,28.71
2023-02-02,1402,28.44
2023-02-03,1402,28.4
2023-02-06,1402,28.44
2023-02-07,1402,28.57
2023-02-08,1402,28.31
2023-02-09,1402,28.27
2023-02-10,1402,28.22
2023-02-13,1402,28.4
2023-02-14,1402,28.18
2023-02-15,1402,28.09
2023-02-16,1402,28.31
2023-02-17,1402,28.09
2023-02-20,1402,28.09
2023-02-21,1402,28.27
2023-02-22,1402,28.22
2023-02-23,1402,28.49
2023-02-24,1402,28.49
2023-02-01,1409,16.36
2023-02-02,1409,16.41
2023-02-03,1409,16.5
2023-02-06,1409,16.5
2023-02-07,1409,16.54
2023-02-08,1409,16.91
2023-02-09,1409,16.54
2023-02-10,1409,16.41
2023-02-13,1409,16.27
2023-02-14,1409,16.36
2023-02-15,1409,16.36
2023-02-16,1409,16.41
2023-02-17,1409,16.41
2023-02-20,1409,16.54
2023-02-21,1409,16.54
2023-02-22,1409,16.5
2023-02-23,1409,16.5
2023-02-24,1409,16.54
2023-02-01,1410,40.29
2023-02-02,1410,39.71
2023-02-03,1410,39.52
2023-02-06,1410,39.37
2023-02-07,1410,39.42
2023-02-08,1410,39.71
2023-02-09,1410,39.27
2023-02-10,1410,39.18
2023-02-13,1410,39.37
2023-02-14,1410,39.42
2023-02-15,1410,39.03
2023-02-16,1410,39.22
2023-02-17,1410,39.18
2023-02-20,1410,38.98
2023-02-21,1410,39.03
2023-02-22,1410,38.98
2023-02-23,1410,39.22
2023-02-24,1410,39.37
2023-02-01,1413,9.52
2023-02-02,1413,9.53
2023-02-03,1413,9.53
2023-02-06,1413,9.53
2023-02-07,1413,9.48
2023-02-08,1413,9.53
2023-02-09,1413,9.45
2023-02-10,1413,9.43
2023-02-13,1413,9.43
2023-02-14,1413,9.45
2023-02-15,1413,9.46
2023-02-16,1413,9.42
2023-02-17,1413,9.5
2023-02-20,1413,9.55
2023-02-21,1413,9.55
2023-02-22,1413,9.5
2023-02-23,1413,9.55
2023-02-24,1413,9.55
2023-02-01,1414,17.25
2023-02-02,1414,17.25
2023-02-03,1414,17.3
2023-02-06,1414,17.3
2023-02-07,1414,17.35
2023-02-08,1414,17.44
2023-02-09,1414,17.44
2023-02-10,1414,17.4
2023-02-13,1414,17.44
2023-02-14,1414,17.44
2023-02-15,1414,17.11
2023-02-16,1414,17.25
2023-02-17,1414,17.3
2023-02-20,1414,17.35
2023-02-21,1414,17.3
2023-02-22,1414,17.3
2023-02-23,1414,17.25
2023-02-24,1414,17.3
2023-02-01,1416,9.12
2023-02-02,1416,9.16
2023-02-03,1416,9.12
2023-02-06,1416,9.16
2023-02-07,1416,9.25
2023-02-08,1416,9.34
2023-02-09,1416,9.34
2023-02-10,1416,9.29
2023-02-13,1416,9.29
2023-02-14,1416,9.43
2023-02-15,1416,9.34
2023-02-16,1416,9.43
2023-02-17,1416,9.43
2023-02-20,1416,9.56
2023-02-21,1416,9.69
2023-02-22,1416,9.65
2023-02-23,1416,9.6
2023-02-24,1416,9.78
2023-02-01,1417,14.39
2023-02-02,1417,14.0
2023-02-03,1417,14.05
2023-02-06,1417,13.91
2023-02-07,1417,14.2
2023-02-08,1417,14.0
2023-02-09,1417,13.95
2023-02-10,1417,14.0
2023-02-13,1417,13.86
2023-02-14,1417,13.95
2023-02-15,1417,13.86
2023-02-16,1417,14.2
2023-02-17,1417,13.95
2023-02-20,1417,13.91
2023-02-21,1417,14.0
2023-02-22,1417,14.1
2023-02-23,1417,13.95
2023-02-24,1417,13.71
2023-02-01,1418,13.8
2023-02-02,1418,14.0
2023-02-03,1418,14.05
2023-02-06,1418,13.95
2023-02-07,1418,14.0
2023-02-08,1418,14.0
2023-02-09,1418,14.0
2023-02-10,1418,14.0
2023-02-13,1418,13.95
2023-02-15,1418,14.1
2023-02-16,1418,14.05
2023-02-17,1418,14.1
2023-02-20,1418,14.1
2023-02-21,1418,14.05
2023-02-22,1418,14.0
2023-02-23,1418,14.0
2023-02-24,1418,14.0
2023-02-01,1419,38.41
2023-02-02,1419,38.37
2023-02-03,1419,38.37
2023-02-06,1419,38.32
2023-02-07,1419,38.41
2023-02-08,1419,38.37
2023-02-09,1419,38.32
2023-02-10,1419,38.51
2023-02-13,1419,38.32
2023-02-14,1419,38.22
2023-02-15,1419,38.08
2023-02-16,1419,38.32
2023-02-17,1419,38.32
2023-02-20,1419,38.51
2023-02-21,1419,38.6
2023-02-22,1419,38.32
2023-02-23,1419,38.6
2023-02-24,1419,38.6
2023-02-01,1423,23.97
2023-02-02,1423,23.97
2023-02-03,1423,24.03
2023-02-06,1423,23.91
2023-02-07,1423,23.91
2023-02-08,1423,24.03
2023-02-09,1423,23.91
2023-02-10,1423,24.03
2023-02-13,1423,23.85
2023-02-14,1423,23.85
2023-02-15,1423,24.32
2023-02-16,1423,24.27
2023-02-17,1423,24.08
2023-02-20,1423,24.14
2023-02-21,1423,23.97
2023-02-22,1423,23.91
2023-02-23,1423,23.85
2023-02-24,1423,23.85
2023-02-01,1432,13.25
2023-02-02,1432,13.65
2023-02-03,1432,13.75
2023-02-06,1432,15.1
2023-02-07,1432,16.6
2023-02-08,1432,15.75
2023-02-09,1432,15.8
2023-02-10,1432,15.9
2023-02-13,1432,15.9
2023-02-14,1432,17.45
2023-02-15,1432,17.3
2023-02-16,1432,17.5
2023-02-17,1432,17.75
2023-02-20,1432,19.45
2023-02-21,1432,19.2
2023-02-22,1432,18.8
2023-02-23,1432,19.15
2023-02-24,1432,18.55
2023-02-01,1434,25.16
2023-02-02,1434,25.16
2023-02-03,1434,25.21
2023-02-06,1434,25.16
2023-02-07,1434,25.44
2023-02-08,1434,25.58
2023-02-09,1434,25.58
2023-02-10,1434,25.44
2023-02-13,1434,25.44
2023-02-14,1434,25.39
2023-02-15,1434,25.16
2023-02-16,1434,25.16
2023-02-17,1434,25.35
2023-02-20,1434,25.39
2023-02-21,1434,25.39
2023-02-22,1434,25.3
2023-02-23,1434,25.39
2023-02-24,1434,25.62
2023-02-01,1436,45.09
2023-02-02,1436,45.01
2023-02-03,1436,45.01
2023-02-06,1436,44.93
2023-02-07,1436,44.76
2023-02-08,1436,44.6
2023-02-09,1436,44.43
2023-02-10,1436,44.43
2023-02-13,1436,44.27
2023-02-14,1436,44.27
2023-02-15,1436,44.35
2023-02-16,1436,44.93
2023-02-17,1436,44.93
2023-02-20,1436,45.01
2023-02-21,1436,44.84
2023-02-22,1436,44.84
2023-02-23,1436,44.6
2023-02-24,1436,44.52
2023-02-01,1437,24.43
2023-02-02,1437,24.57
2023-02-03,1437,24.48
2023-02-06,1437,24.62
2023-02-07,1437,25.0
2023-02-08,1437,24.86
2023-02-09,1437,25.9
2023-02-10,1437,26.27
2023-02-13,1437,26.37
2023-02-14,1437,26.08
2023-02-15,1437,26.23
2023-02-16,1437,26.79
2023-02-17,1437,28.11
2023-02-20,1437,28.77
2023-02-21,1437,29.29
2023-02-22,1437,29.2
2023-02-23,1437,29.24
2023-02-24,1437,29.15
2023-02-01,1438,30.64
2023-02-02,1438,30.41
2023-02-03,1438,30.46
2023-02-06,1438,29.94
2023-02-07,1438,29.75
2023-02-08,1438,29.24
2023-02-09,1438,29.28
2023-02-10,1438,29.24
2023-02-13,1438,29.56
2023-02-14,1438,29.47
2023-02-15,1438,29.75
2023-02-16,1438,29.7
2023-02-17,1438,30.08
2023-02-20,1438,31.21
2023-02-21,1438,30.92
2023-02-22,1438,30.97
2023-02-23,1438,30.97
2023-02-24,1438,30.92
2023-02-01,1439,21.58
2023-02-02,1439,21.58
2023-02-03,1439,21.58
2023-02-06,1439,21.53
2023-02-07,1439,21.49
2023-02-08,1439,21.39
2023-02-09,1439,21.44
2023-02-10,1439,21.53
2023-02-13,1439,21.58
2023-02-14,1439,21.68
2023-02-15,1439,21.68
2023-02-16,1439,21.92
2023-02-17,1439,22.22
2023-02-20,1439,22.36
2023-02-21,1439,23.1
2023-02-22,1439,22.9
2023-02-23,1439,22.85
2023-02-24,1439,22.85
2023-02-01,1440,16.13
2023-02-02,1440,16.27
2023-02-03,1440,16.37
2023-02-06,1440,16.32
2023-02-07,1440,16.27
2023-02-08,1440,16.27
2023-02-09,1440,16.27
2023-02-10,1440,16.13
2023-02-13,1440,16.18
2023-02-14,1440,16.27
2023-02-15,1440,16.55
2023-02-16,1440,16.69
2023-02-17,1440,16.55
2023-02-20,1440,16.51
2023-02-21,1440,16.55
2023-02-22,1440,16.51
2023-02-23,1440,16.65
2023-02-24,1440,16.65
2023-02-01,1441,14.37
2023-02-02,1441,14.3
2023-02-03,1441,14.39
2023-02-06,1441,14.35
2023-02-07,1441,14.35
2023-02-08,1441,14.35
2023-02-09,1441,14.35
2023-02-10,1441,14.39
2023-02-13,1441,14.32
2023-02-14,1441,14.37
2023-02-15,1441,14.39
2023-02-16,1441,14.39
2023-02-17,1441,14.41
2023-02-20,1441,14.6
2023-02-21,1441,14.68
2023-02-22,1441,14.64
2023-02-23,1441,14.68
2023-02-24,1441,14.64
2023-02-01,1442,28.68
2023-02-02,1442,28.73
2023-02-03,1442,28.28
2023-02-06,1442,28.73
2023-02-07,1442,28.73
2023-02-08,1442,28.59
2023-02-09,1442,28.95
2023-02-10,1442,28.77
2023-02-13,1442,28.77
2023-02-14,1442,29.23
2023-02-15,1442,29.14
2023-02-16,1442,29.5
2023-02-17,1442,29.77
2023-02-20,1442,29.5
2023-02-21,1442,29.14
2023-02-22,1442,28.86
2023-02-23,1442,28.77
2023-02-24,1442,28.68
2023-02-01,1443,32.9
2023-02-02,1443,31.35
2023-02-03,1443,31.7
2023-02-06,1443,30.75
2023-02-07,1443,31.2
2023-02-08,1443,29.8
2023-02-09,1443,29.0
2023-02-10,1443,27.95
2023-02-13,1443,29.4
2023-02-14,1443,29.25
2023-02-15,1443,29.0
2023-02-16,1443,29.1
2023-02-17,1443,29.5
2023-02-20,1443,30.2
2023-02-21,1443,30.45
2023-02-22,1443,30.2
2023-02-23,1443,31.3
2023-02-24,1443,30.85
2023-02-01,1444,10.05
2023-02-02,1444,10.1
2023-02-03,1444,10.05
2023-02-06,1444,9.95
2023-02-07,1444,10.0
2023-02-08,1444,10.0
2023-02-09,1444,10.0
2023-02-10,1444,9.9
2023-02-13,1444,10.05
2023-02-14,1444,10.05
2023-02-15,1444,10.0
2023-02-16,1444,10.05
2023-02-17,1444,10.1
2023-02-20,1444,10.1
2023-02-21,1444,10.1
2023-02-22,1444,10.1
2023-02-23,1444,10.53
2023-02-24,1444,10.24
2023-02-01,1445,13.76
2023-02-02,1445,13.76
2023-02-03,1445,13.81
2023-02-06,1445,13.81
2023-02-07,1445,13.81
2023-02-08,1445,13.81
2023-02-09,1445,13.76
2023-02-10,1445,13.68
2023-02-13,1445,13.72
2023-02-14,1445,13.72
2023-02-15,1445,13.72
2023-02-16,1445,13.72
2023-02-17,1445,13.76
2023-02-20,1445,13.81
2023-02-21,1445,13.81
2023-02-22,1445,13.72
2023-02-23,1445,13.76
2023-02-24,1445,13.76
2023-02-01,1446,31.71
2023-02-02,1446,31.8
2023-02-03,1446,32.05
2023-02-06,1446,31.26
2023-02-07,1446,31.31
2023-02-08,1446,31.12
2023-02-09,1446,31.12
2023-02-10,1446,30.77
2023-02-13,1446,30.43
2023-02-14,1446,30.72
2023-02-15,1446,31.02
2023-02-16,1446,31.02
2023-02-17,1446,30.97
2023-02-20,1446,30.97
2023-02-21,1446,31.17
2023-02-22,1446,31.17
2023-02-23,1446,31.8
2023-02-24,1446,31.8
2023-02-01,1447,7.86
2023-02-02,1447,7.87
2023-02-03,1447,7.83
2023-02-06,1447,7.8
2023-02-07,1447,7.79
2023-02-08,1447,7.79
2023-02-09,1447,7.76
2023-02-10,1447,7.7
2023-02-13,1447,8.2
2023-02-14,1447,8.21
2023-02-15,1447,8.07
2023-02-16,1447,8.15
2023-02-17,1447,8.23
2023-02-20,1447,8.3
2023-02-21,1447,8.22
2023-02-22,1447,8.22
2023-02-23,1447,8.54
2023-02-24,1447,8.37
2023-02-01,1449,14.05
2023-02-02,1449,13.96
2023-02-03,1449,13.73
2023-02-06,1449,13.87
2023-02-07,1449,13.96
2023-02-08,1449,14.0
2023-02-09,1449,14.05
2023-02-10,1449,13.64
2023-02-13,1449,13.51
2023-02-14,1449,13.51
2023-02-15,1449,13.42
2023-02-16,1449,13.46
2023-02-17,1449,13.51
2023-02-20,1449,13.78
2023-02-21,1449,13.64
2023-02-22,1449,13.91
2023-02-23,1449,14.0
2023-02-24,1449,13.82
2023-02-01,1451,17.86
2023-02-02,1451,17.82
2023-02-03,1451,17.82
2023-02-06,1451,17.9
2023-02-07,1451,18.03
2023-02-08,1451,18.28
2023-02-09,1451,18.37
2023-02-10,1451,18.32
2023-02-13,1451,18.66
2023-02-14,1451,19.04
2023-02-15,1451,18.95
2023-02-16,1451,19.2
2023-02-17,1451,19.33
2023-02-20,1451,19.79
2023-02-21,1451,19.58
2023-02-22,1451,19.58
2023-02-23,1451,19.71
2023-02-24,1451,19.67
2023-02-01,1452,16.16
2023-02-02,1452,16.25
2023-02-03,1452,16.2
2023-02-06,1452,16.07
2023-02-07,1452,16.16
2023-02-08,1452,16.11
2023-02-09,1452,16.11
2023-02-10,1452,16.16
2023-02-13,1452,15.98
2023-02-14,1452,16.02
2023-02-15,1452,16.11
2023-02-16,1452,16.16
2023-02-17,1452,16.07
2023-02-20,1452,16.16
2023-02-21,1452,16.2
2023-02-22,1452,16.16
2023-02-23,1452,16.16
2023-02-24,1452,16.25
2023-02-01,1453,16.21
2023-02-02,1453,15.69
2023-02-03,1453,15.5
2023-02-06,1453,15.6
2023-02-07,1453,15.55
2023-02-08,1453,16.92
2023-02-09,1453,16.21
2023-02-10,1453,15.79
2023-02-13,1453,15.74
2023-02-14,1453,15.83
2023-02-15,1453,15.74
2023-02-16,1453,15.93
2023-02-17,1453,15.79
2023-02-20,1453,15.97
2023-02-21,1453,15.93
2023-02-22,1453,15.6
2023-02-23,1453,15.6
2023-02-24,1453,15.22
2023-02-01,1454,13.0
2023-02-02,1454,13.0
2023-02-03,1454,13.0
2023-02-06,1454,13.04
2023-02-07,1454,13.0
2023-02-08,1454,12.9
2023-02-09,1454,12.95
2023-02-10,1454,12.8
2023-02-13,1454,12.75
2023-02-14,1454,12.85
2023-02-15,1454,12.65
2023-02-16,1454,12.7
2023-02-17,1454,12.7
2023-02-20,1454,12.61
2023-02-21,1454,12.75
2023-02-22,1454,12.7
2023-02-23,1454,12.7
2023-02-24,1454,12.61
2023-02-01,1455,10.75
2023-02-02,1455,10.75
2023-02-03,1455,10.7
2023-02-06,1455,10.7
2023-02-07,1455,10.75
2023-02-08,1455,10.75
2023-02-09,1455,10.8
2023-02-10,1455,10.65
2023-02-13,1455,10.7
2023-02-14,1455,10.75
2023-02-15,1455,10.7
2023-02-16,1455,10.75
2023-02-17,1455,10.8
2023-02-20,1455,10.9
2023-02-21,1455,10.9
2023-02-22,1455,10.85
2023-02-23,1455,10.99
2023-02-24,1455,10.99
2023-02-01,1456,15.44
2023-02-02,1456,15.64
2023-02-03,1456,15.74
2023-02-06,1456,15.74
2023-02-07,1456,15.84
2023-02-08,1456,15.25
2023-02-09,1456,15.25
2023-02-10,1456,14.9
2023-02-13,1456,15.0
2023-02-14,1456,15.0
2023-02-15,1456,15.3
2023-02-16,1456,14.8
2023-02-17,1456,14.85
2023-02-20,1456,14.85
2023-02-21,1456,14.85
2023-02-22,1456,14.95
2023-02-23,1456,15.05
2023-02-24,1456,15.05
2023-02-01,1457,15.3
2023-02-02,1457,15.3
2023-02-03,1457,15.34
2023-02-06,1457,15.42
2023-02-07,1457,15.42
2023-02-08,1457,15.46
2023-02-09,1457,15.38
2023-02-10,1457,15.38
2023-02-13,1457,15.3
2023-02-14,1457,15.34
2023-02-15,1457,15.38
2023-02-16,1457,15.38
2023-02-17,1457,15.3
2023-02-20,1457,15.42
2023-02-21,1457,15.46
2023-02-22,1457,15.46
2023-02-23,1457,15.5
2023-02-24,1457,15.5
2023-02-01,1459,8.54
2023-02-02,1459,8.64
2023-02-03,1459,8.64
2023-02-06,1459,8.53
2023-02-07,1459,8.53
2023-02-08,1459,8.52
2023-02-09,1459,8.51
2023-02-10,1459,8.49
2023-02-13,1459,8.47
2023-02-14,1459,8.48
2023-02-15,1459,8.46
2023-02-16,1459,8.52
2023-02-17,1459,8.6
2023-02-20,1459,8.67
2023-02-21,1459,8.66
2023-02-22,1459,8.54
2023-02-23,1459,8.61
2023-02-24,1459,8.62
2023-02-01,1460,7.14
2023-02-02,1460,7.14
2023-02-03,1460,7.16
2023-02-06,1460,7.14
2023-02-07,1460,7.16
2023-02-08,1460,7.17
2023-02-09,1460,7.17
2023-02-10,1460,7.13
2023-02-13,1460,7.15
2023-02-14,1460,7.19
2023-02-15,1460,7.15
2023-02-16,1460,7.19
2023-02-17,1460,7.17
2023-02-20,1460,7.32
2023-02-21,1460,7.37
2023-02-22,1460,7.3
2023-02-23,1460,7.34
2023-02-24,1460,7.31
2023-02-01,1463,14.07
2023-02-02,1463,14.07
2023-02-03,1463,14.03
2023-02-06,1463,13.98
2023-02-07,1463,14.07
2023-02-08,1463,14.12
2023-02-09,1463,14.17
2023-02-10,1463,14.12
2023-02-13,1463,13.93
2023-02-14,1463,14.07
2023-02-15,1463,14.69
2023-02-16,1463,14.6
2023-02-17,1463,14.46
2023-02-20,1463,14.31
2023-02-21,1463,14.31
2023-02-22,1463,14.26
2023-02-23,1463,14.31
2023-02-24,1463,14.31
2023-02-01,1464,12.66
2023-02-02,1464,12.7
2023-02-03,1464,12.7
2023-02-06,1464,12.7
2023-02-07,1464,12.66
2023-02-08,1464,12.75
2023-02-09,1464,12.84
2023-02-10,1464,12.75
2023-02-13,1464,12.75
2023-02-14,1464,12.75
2023-02-15,1464,12.7
2023-02-16,1464,12.75
2023-02-17,1464,12.79
2023-02-20,1464,12.84
2023-02-21,1464,12.93
2023-02-22,1464,12.88
2023-02-23,1464,12.93
2023-02-24,1464,12.93
2023-02-01,1465,12.75
2023-02-02,1465,12.75
2023-02-03,1465,12.89
2023-02-06,1465,12.89
2023-02-07,1465,12.75
2023-02-08,1465,12.8
2023-02-09,1465,12.7
2023-02-10,1465,12.66
2023-02-13,1465,12.57
2023-02-14,1465,12.66
2023-02-15,1465,12.7
2023-02-16,1465,12.7
2023-02-17,1465,12.66
2023-02-20,1465,12.75
2023-02-21,1465,12.7
2023-02-22,1465,12.7
2023-02-23,1465,12.75
2023-02-24,1465,12.7
2023-02-01,1466,11.65
2023-02-02,1466,11.7
2023-02-03,1466,11.75
2023-02-06,1466,11.75
2023-02-07,1466,11.75
2023-02-08,1466,11.8
2023-02-09,1466,11.65
2023-02-10,1466,11.65
2023-02-13,1466,11.6
2023-02-14,1466,11.6
2023-02-15,1466,11.7
2023-02-16,1466,11.6
2023-02-17,1466,11.6
2023-02-20,1466,11.7
2023-02-21,1466,11.7
2023-02-22,1466,11.6
2023-02-23,1466,11.7
2023-02-24,1466,11.75
2023-02-01,1467,11.6
2023-02-02,1467,11.6
2023-02-03,1467,11.6
2023-02-06,1467,11.7
2023-02-07,1467,11.6
2023-02-08,1467,11.75
2023-02-09,1467,11.85
2023-02-10,1467,11.8
2023-02-13,1467,11.7
2023-02-14,1467,11.65
2023-02-15,1467,11.55
2023-02-16,1467,11.55
2023-02-17,1467,11.6
2023-02-20,1467,11.65
2023-02-21,1467,11.6
2023-02-22,1467,11.55
2023-02-23,1467,11.55
2023-02-24,1467,11.55
2023-02-01,1468,15.0
2023-02-02,1468,15.05
2023-02-03,1468,15.2
2023-02-06,1468,15.15
2023-02-07,1468,15.35
2023-02-08,1468,15.35
2023-02-09,1468,15.3
2023-02-10,1468,14.45
2023-02-13,1468,14.05
2023-02-14,1468,13.9
2023-02-15,1468,14.0
2023-02-16,1468,14.05
2023-02-17,1468,14.05
2023-02-20,1468,14.25
2023-02-21,1468,14.25
2023-02-22,1468,14.05
2023-02-23,1468,14.1
2023-02-24,1468,14.15
2023-02-01,1470,16.71
2023-02-02,1470,16.8
2023-02-03,1470,16.76
2023-02-06,1470,16.71
2023-02-07,1470,17.21
2023-02-08,1470,17.07
2023-02-09,1470,17.12
2023-02-10,1470,16.8
2023-02-13,1470,17.25
2023-02-14,1470,17.21
2023-02-15,1470,17.21
2023-02-16,1470,17.34
2023-02-17,1470,17.16
2023-02-20,1470,17.16
2023-02-21,1470,17.25
2023-02-22,1470,17.16
2023-02-23,1470,17.07
2023-02-24,1470,17.34
2023-02-01,1471,8.0
2023-02-02,1471,7.93
2023-02-03,1471,7.87
2023-02-06,1471,7.87
2023-02-07,1471,7.9
2023-02-08,1471,7.84
2023-02-09,1471,7.75
2023-02-10,1471,7.76
2023-02-13,1471,7.77
2023-02-14,1471,7.78
2023-02-15,1471,7.78
2023-02-16,1471,7.77
2023-02-17,1471,7.79
2023-02-20,1471,7.82
2023-02-21,1471,7.84
2023-02-22,1471,7.77
2023-02-23,1471,7.89
2023-02-24,1471,7.88
2023-02-01,1472,21.26
2023-02-02,1472,21.26
2023-02-03,1472,20.37
2023-02-06,1472,22.38
2023-02-07,1472,22.24
2023-02-08,1472,21.84
2023-02-09,1472,22.78
2023-02-10,1472,22.83
2023-02-13,1472,22.87
2023-02-14,1472,22.96
2023-02-15,1472,24.12
2023-02-16,1472,25.51
2023-02-17,1472,26.0
2023-02-20,1472,26.35
2023-02-21,1472,26.8
2023-02-22,1472,26.85
2023-02-23,1472,27.02
2023-02-24,1472,26.58
2023-02-01,1473,18.38
2023-02-02,1473,18.29
2023-02-03,1473,18.25
2023-02-06,1473,18.29
2023-02-07,1473,18.46
2023-02-08,1473,18.6
2023-02-09,1473,19.12
2023-02-10,1473,19.82
2023-02-13,1473,20.47
2023-02-14,1473,20.47
2023-02-15,1473,20.43
2023-02-16,1473,20.69
2023-02-17,1473,21.26
2023-02-20,1473,21.91
2023-02-21,1473,21.61
2023-02-22,1473,22.52
2023-02-23,1473,22.57
2023-02-24,1473,22.92
2023-02-01,1474,11.64
2023-02-02,1474,11.69
2023-02-03,1474,11.74
2023-02-06,1474,11.74
2023-02-07,1474,11.74
2023-02-08,1474,11.74
2023-02-09,1474,11.69
2023-02-10,1474,11.69
2023-02-13,1474,11.69
2023-02-14,1474,11.74
2023-02-15,1474,11.64
2023-02-16,1474,11.69
2023-02-17,1474,11.69
2023-02-20,1474,11.79
2023-02-21,1474,11.79
2023-02-22,1474,11.79
2023-02-23,1474,11.89
2023-02-24,1474,11.89
2023-02-01,1475,62.82
2023-02-02,1475,61.67
2023-02-03,1475,61.58
2023-02-06,1475,60.79
2023-02-07,1475,61.32
2023-02-08,1475,62.47
2023-02-09,1475,61.94
2023-02-10,1475,60.52
2023-02-13,1475,58.94
2023-02-14,1475,58.85
2023-02-15,1475,60.61
2023-02-16,1475,62.64
2023-02-17,1475,64.14
2023-02-20,1475,62.91
2023-02-21,1475,61.5
2023-02-22,1475,61.5
2023-02-23,1475,61.67
2023-02-24,1475,60.97
2023-02-01,1476,440.8
2023-02-02,1476,442.6
2023-02-03,1476,442.15
2023-02-06,1476,440.8
2023-02-07,1476,446.67
2023-02-08,1476,463.38
2023-02-09,1476,452.54
2023-02-10,1476,447.57
2023-02-13,1476,448.02
2023-02-14,1476,457.05
2023-02-15,1476,448.47
2023-02-16,1476,445.31
2023-02-17,1476,440.8
2023-02-20,1476,447.12
2023-02-21,1476,441.25
2023-02-22,1476,444.41
2023-02-23,1476,441.25
2023-02-24,1476,434.02
2023-02-01,1477,181.92
2023-02-02,1477,181.5
2023-02-03,1477,185.28
2023-02-06,1477,185.7
2023-02-07,1477,189.06
2023-02-08,1477,191.59
2023-02-09,1477,188.22
2023-02-10,1477,181.92
2023-02-13,1477,181.92
2023-02-14,1477,185.7
2023-02-15,1477,186.12
2023-02-16,1477,185.7
2023-02-17,1477,181.08
2023-02-20,1477,182.76
2023-02-21,1477,184.02
2023-02-22,1477,184.44
2023-02-23,1477,183.6
2023-02-24,1477,180.24
2023-02-01,1503,63.8
2023-02-02,1503,65.09
2023-02-03,1503,64.79
2023-02-06,1503,65.48
2023-02-07,1503,64.1
2023-02-08,1503,64.6
2023-02-09,1503,64.79
2023-02-10,1503,64.4
2023-02-13,1503,66.97
2023-02-14,1503,66.87
2023-02-15,1503,73.48
2023-02-16,1503,76.05
2023-02-17,1503,83.66
2023-02-20,1503,84.05
2023-02-21,1503,84.45
2023-02-22,1503,81.29
2023-02-23,1503,81.48
2023-02-24,1503,79.61
2023-02-01,1504,25.75
2023-02-02,1504,25.84
2023-02-03,1504,25.98
2023-02-06,1504,25.89
2023-02-07,1504,25.98
2023-02-08,1504,26.02
2023-02-09,1504,25.98
2023-02-10,1504,26.29
2023-02-13,1504,26.24
2023-02-14,1504,26.33
2023-02-15,1504,26.38
2023-02-16,1504,26.6
2023-02-17,1504,26.24
2023-02-20,1504,27.63
2023-02-21,1504,27.23
2023-02-22,1504,27.09
2023-02-23,1504,27.72
2023-02-24,1504,27.54
2023-02-01,1506,17.9
2023-02-02,1506,17.9
2023-02-03,1506,17.75
2023-02-06,1506,17.8
2023-02-07,1506,18.45
2023-02-08,1506,18.6
2023-02-09,1506,18.65
2023-02-10,1506,18.7
2023-02-13,1506,19.4
2023-02-14,1506,19.55
2023-02-15,1506,19.8
2023-02-16,1506,19.95
2023-02-17,1506,19.95
2023-02-20,1506,19.95
2023-02-21,1506,21.3
2023-02-22,1506,23.25
2023-02-23,1506,22.85
2023-02-24,1506,22.1
2023-02-01,1512,14.06
2023-02-02,1512,15.45
2023-02-03,1512,16.64
2023-02-06,1512,16.92
2023-02-07,1512,17.2
2023-02-08,1512,16.64
2023-02-09,1512,16.23
2023-02-10,1512,16.31
2023-02-13,1512,16.64
2023-02-14,1512,16.28
2023-02-15,1512,15.98
2023-02-16,1512,15.48
2023-02-17,1512,15.65
2023-02-20,1512,16.06
2023-02-21,1512,16.03
2023-02-22,1512,16.03
2023-02-23,1512,15.95
2023-02-24,1512,15.54
2023-02-01,1513,76.72
2023-02-02,1513,76.34
2023-02-03,1513,74.71
2023-02-06,1513,75.0
2023-02-07,1513,75.76
2023-02-08,1513,75.76
2023-02-09,1513,78.44
2023-02-10,1513,78.35
2023-02-13,1513,79.4
2023-02-14,1513,80.45
2023-02-15,1513,82.75
2023-02-16,1513,83.99
2023-02-17,1513,86.77
2023-02-20,1513,88.1
2023-02-21,1513,92.22
2023-02-22,1513,90.11
2023-02-23,1513,91.55
2023-02-24,1513,90.78
2023-02-01,1514,31.04
2023-02-02,1514,30.53
2023-02-03,1514,30.16
2023-02-06,1514,30.44
2023-02-07,1514,30.25
2023-02-08,1514,30.02
2023-02-09,1514,30.44
2023-02-10,1514,30.39
2023-02-13,1514,30.53
2023-02-14,1514,31.08
2023-02-15,1514,30.99
2023-02-16,1514,31.18
2023-02-17,1514,31.96
2023-02-20,1514,32.74
2023-02-21,1514,34.22
2023-02-22,1514,37.4
2023-02-23,1514,37.03
2023-02-24,1514,35.42
2023-02-01,1515,29.14
2023-02-02,1515,29.65
2023-02-03,1515,29.94
2023-02-06,1515,29.98
2023-02-07,1515,29.32
2023-02-08,1515,29.84
2023-02-09,1515,30.03
2023-02-10,1515,29.42
2023-02-13,1515,28.76
2023-02-14,1515,28.76
2023-02-15,1515,28.9
2023-02-16,1515,29.98
2023-02-17,1515,30.03
2023-02-20,1515,29.94
2023-02-21,1515,30.22
2023-02-22,1515,30.17
2023-02-23,1515,29.94
2023-02-24,1515,28.99
2023-02-01,1516,17.67
2023-02-02,1516,17.72
2023-02-03,1516,17.67
2023-02-06,1516,17.67
2023-02-07,1516,17.63
2023-02-08,1516,17.63
2023-02-09,1516,17.67
2023-02-10,1516,17.76
2023-02-13,1516,17.67
2023-02-14,1516,17.54
2023-02-15,1516,17.59
2023-02-16,1516,17.63
2023-02-17,1516,17.76
2023-02-20,1516,18.33
2023-02-21,1516,18.2
2023-02-22,1516,18.2
2023-02-23,1516,18.15
2023-02-24,1516,17.94
2023-02-01,1517,19.23
2023-02-02,1517,19.37
2023-02-03,1517,19.32
2023-02-06,1517,19.18
2023-02-07,1517,19.04
2023-02-08,1517,19.09
2023-02-09,1517,19.04
2023-02-10,1517,18.9
2023-02-13,1517,18.72
2023-02-14,1517,18.72
2023-02-15,1517,18.72
2023-02-16,1517,18.81
2023-02-17,1517,18.86
2023-02-20,1517,19.04
2023-02-21,1517,19.37
2023-02-22,1517,19.28
2023-02-23,1517,19.23
2023-02-24,1517,19.18
2023-02-01,1519,55.73
2023-02-02,1519,55.34
2023-02-03,1519,53.86
2023-02-06,1519,54.25
2023-02-07,1519,54.45
2023-02-08,1519,54.05
2023-02-09,1519,54.85
2023-02-10,1519,53.86
2023-02-13,1519,52.47
2023-02-14,1519,52.87
2023-02-15,1519,54.85
2023-02-16,1519,55.34
2023-02-17,1519,57.12
2023-02-20,1519,58.01
2023-02-21,1519,63.74
2023-02-22,1519,64.04
2023-02-23,1519,63.54
2023-02-24,1519,62.26
2023-02-01,1521,32.51
2023-02-02,1521,32.6
2023-02-03,1521,32.83
2023-02-06,1521,33.16
2023-02-07,1521,33.39
2023-02-08,1521,33.44
2023-02-09,1521,33.3
2023-02-10,1521,33.25
2023-02-13,1521,33.44
2023-02-14,1521,33.44
2023-02-15,1521,32.97
2023-02-16,1521,33.16
2023-02-17,1521,33.34
2023-02-20,1521,33.53
2023-02-21,1521,33.9
2023-02-22,1521,34.13
2023-02-23,1521,34.82
2023-02-24,1521,35.15
2023-02-01,1522,24.34
2023-02-02,1522,24.29
2023-02-03,1522,23.91
2023-02-06,1522,24.29
2023-02-07,1522,24.21
2023-02-08,1522,23.99
2023-02-09,1522,23.99
2023-02-10,1522,23.82
2023-02-13,1522,24.08
2023-02-14,1522,24.42
2023-02-15,1522,24.38
2023-02-16,1522,24.51
2023-02-17,1522,24.72
2023-02-20,1522,24.68
2023-02-21,1522,25.63
2023-02-22,1522,24.9
2023-02-23,1522,24.72
2023-02-24,1522,24.42
2023-02-02,1522A,42.72
2023-02-06,1522A,42.91
2023-02-07,1522A,42.91
2023-02-08,1522A,42.91
2023-02-09,1522A,43.01
2023-02-10,1522A,43.01
2023-02-13,1522A,43.01
2023-02-16,1522A,43.01
2023-02-17,1522A,43.01
2023-02-20,1522A,43.1
2023-02-21,1522A,43.1
2023-02-22,1522A,43.15
2023-02-23,1522A,43.3
2023-02-24,1522A,43.3
2023-02-01,1524,22.41
2023-02-02,1524,22.41
2023-02-03,1524,21.97
2023-02-06,1524,22.89
2023-02-07,1524,22.71
2023-02-08,1524,22.58
2023-02-09,1524,22.5
2023-02-10,1524,21.84
2023-02-13,1524,21.76
2023-02-14,1524,21.67
2023-02-15,1524,21.63
2023-02-16,1524,21.8
2023-02-17,1524,21.67
2023-02-20,1524,21.71
2023-02-21,1524,22.67
2023-02-22,1524,22.1
2023-02-23,1524,21.97
2023-02-24,1524,21.5
2023-02-01,1525,52.55
2023-02-02,1525,53.44
2023-02-03,1525,53.35
2023-02-06,1525,53.26
2023-02-07,1525,52.73
2023-02-08,1525,53.17
2023-02-09,1525,52.64
2023-02-10,1525,53.89
2023-02-13,1525,54.07
2023-02-14,1525,53.89
2023-02-15,1525,54.6
2023-02-16,1525,54.24
2023-02-17,1525,54.42
2023-02-20,1525,54.87
2023-02-21,1525,54.96
2023-02-22,1525,54.78
2023-02-23,1525,55.05
2023-02-24,1525,54.42
2023-02-01,1526,39.25
2023-02-02,1526,39.86
2023-02-03,1526,39.72
2023-02-06,1526,39.53
2023-02-07,1526,39.58
2023-02-08,1526,39.48
2023-02-09,1526,39.2
2023-02-10,1526,38.96
2023-02-13,1526,38.63
2023-02-14,1526,39.15
2023-02-15,1526,39.01
2023-02-16,1526,39.39
2023-02-17,1526,39.29
2023-02-20,1526,39.25
2023-02-21,1526,40.14
2023-02-22,1526,40.14
2023-02-23,1526,40.24
2023-02-24,1526,40.05
2023-02-01,1527,37.81
2023-02-02,1527,38.04
2023-02-03,1527,38.31
2023-02-06,1527,38.53
2023-02-07,1527,38.35
2023-02-08,1527,38.35
2023-02-09,1527,38.4
2023-02-10,1527,37.95
2023-02-13,1527,37.86
2023-02-14,1527,38.13
2023-02-15,1527,38.17
2023-02-16,1527,38.26
2023-02-17,1527,38.53
2023-02-20,1527,38.85
2023-02-21,1527,38.76
2023-02-22,1527,38.85
2023-02-23,1527,39.25
2023-02-24,1527,39.79
2023-02-01,1528,9.99
2023-02-02,1528,9.94
2023-02-03,1528,9.94
2023-02-06,1528,9.85
2023-02-07,1528,9.85
2023-02-08,1528,9.94
2023-02-09,1528,9.94
2023-02-10,1528,9.85
2023-02-13,1528,9.99
2023-02-14,1528,10.19
2023-02-15,1528,10.14
2023-02-16,1528,10.19
2023-02-17,1528,10.24
2023-02-20,1528,10.54
2023-02-21,1528,10.44
2023-02-22,1528,10.63
2023-02-23,1528,10.63
2023-02-24,1528,10.58
2023-02-01,1529,23.14
2023-02-02,1529,22.95
2023-02-03,1529,22.85
2023-02-06,1529,22.75
2023-02-07,1529,23.04
2023-02-08,1529,23.04
2023-02-09,1529,23.14
2023-02-10,1529,22.66
2023-02-13,1529,21.89
2023-02-14,1529,22.08
2023-02-15,1529,22.95
2023-02-16,1529,22.9
2023-02-17,1529,23.52
2023-02-20,1529,24.67
2023-02-21,1529,24.29
2023-02-22,1529,24.15
2023-02-23,1529,23.67
2023-02-24,1529,23.23
2023-02-01,1530,27.0
2023-02-02,1530,27.22
2023-02-03,1530,27.22
2023-02-06,1530,27.04
2023-02-07,1530,27.13
2023-02-08,1530,27.22
2023-02-09,1530,27.22
2023-02-10,1530,27.09
2023-02-13,1530,27.04
2023-02-14,1530,27.17
2023-02-15,1530,27.17
2023-02-16,1530,27.22
2023-02-17,1530,27.22
2023-02-20,1530,27.35
2023-02-21,1530,27.26
2023-02-22,1530,27.39
2023-02-23,1530,27.73
2023-02-24,1530,27.73
2023-02-01,1531,12.66
2023-02-02,1531,12.7
2023-02-03,1531,12.7
2023-02-06,1531,12.66
2023-02-07,1531,12.61
2023-02-08,1531,12.57
2023-02-09,1531,12.61
2023-02-10,1531,12.66
2023-02-13,1531,12.61
2023-02-14,1531,12.66
2023-02-15,1531,12.66
2023-02-16,1531,12.75
2023-02-17,1531,12.79
2023-02-20,1531,13.11
2023-02-21,1531,13.06
2023-02-22,1531,12.93
2023-02-23,1531,13.02
2023-02-24,1531,13.2
2023-02-01,1532,28.3
2023-02-02,1532,28.54
2023-02-03,1532,28.68
2023-02-06,1532,28.26
2023-02-07,1532,28.35
2023-02-08,1532,28.77
2023-02-09,1532,29.19
2023-02-10,1532,29.52
2023-02-13,1532,29.19
2023-02-14,1532,29.1
2023-02-15,1532,29.14
2023-02-16,1532,29.38
2023-02-17,1532,29.33
2023-02-20,1532,29.42
2023-02-21,1532,29.42
2023-02-22,1532,29.66
2023-02-23,1532,30.22
2023-02-24,1532,31.24
2023-02-01,1533,51.3
2023-02-02,1533,51.4
2023-02-03,1533,50.5
2023-02-06,1533,50.7
2023-02-07,1533,51.1
2023-02-08,1533,50.4
2023-02-09,1533,50.2
2023-02-10,1533,49.3
2023-02-13,1533,49.25
2023-02-14,1533,49.65
2023-02-15,1533,49.65
2023-02-16,1533,50.0
2023-02-17,1533,50.8
2023-02-20,1533,52.3
2023-02-21,1533,51.9
2023-02-22,1533,51.8
2023-02-23,1533,53.5
2023-02-24,1533,51.6
2023-02-01,1535,39.96
2023-02-02,1535,39.91
2023-02-03,1535,39.91
2023-02-06,1535,39.82
2023-02-07,1535,39.69
2023-02-08,1535,39.69
2023-02-09,1535,39.64
2023-02-10,1535,39.55
2023-02-13,1535,39.46
2023-02-14,1535,39.55
2023-02-15,1535,39.55
2023-02-16,1535,39.64
2023-02-17,1535,39.91
2023-02-20,1535,42.14
2023-02-21,1535,41.77
2023-02-22,1535,42.36
2023-02-23,1535,42.82
2023-02-24,1535,42.73
2023-02-01,1536,68.9
2023-02-02,1536,69.28
2023-02-03,1536,69.56
2023-02-06,1536,68.99
2023-02-07,1536,68.33
2023-02-08,1536,68.33
2023-02-09,1536,68.8
2023-02-10,1536,68.33
2023-02-13,1536,67.86
2023-02-14,1536,67.58
2023-02-15,1536,68.14
2023-02-16,1536,68.52
2023-02-17,1536,68.52
2023-02-20,1536,69.37
2023-02-21,1536,69.56
2023-02-22,1536,68.43
2023-02-23,1536,68.71
2023-02-24,1536,68.33
2023-02-01,1537,122.98
2023-02-02,1537,123.87
2023-02-03,1537,124.75
2023-02-06,1537,124.75
2023-02-07,1537,123.87
2023-02-08,1537,123.43
2023-02-09,1537,123.87
2023-02-10,1537,123.87
2023-02-13,1537,123.87
2023-02-14,1537,124.75
2023-02-15,1537,124.31
2023-02-16,1537,124.31
2023-02-17,1537,123.87
2023-02-20,1537,123.87
2023-02-21,1537,123.87
2023-02-22,1537,123.43
2023-02-23,1537,124.31
2023-02-24,1537,123.87
2023-02-01,1538,10.41
2023-02-02,1538,10.56
2023-02-03,1538,10.28
2023-02-06,1538,10.7
2023-02-07,1538,10.95
2023-02-08,1538,11.55
2023-02-09,1538,10.57
2023-02-13,1538,10.35
2023-02-14,1538,9.97
2023-02-15,1538,10.74
2023-02-17,1538,10.93
2023-02-20,1538,10.95
2023-02-21,1538,12.04
2023-02-22,1538,11.69
2023-02-23,1538,12.66
2023-02-01,1539,25.87
2023-02-02,1539,26.09
2023-02-03,1539,25.56
2023-02-06,1539,25.96
2023-02-07,1539,25.74
2023-02-08,1539,25.91
2023-02-09,1539,25.69
2023-02-10,1539,25.65
2023-02-13,1539,25.56
2023-02-14,1539,25.51
2023-02-15,1539,25.6
2023-02-16,1539,26.18
2023-02-17,1539,26.14
2023-02-20,1539,26.31
2023-02-21,1539,26.27
2023-02-22,1539,26.14
2023-02-23,1539,26.67
2023-02-24,1539,26.05
2023-02-01,1540,13.85
2023-02-02,1540,13.94
2023-02-03,1540,13.99
2023-02-06,1540,13.99
2023-02-07,1540,13.94
2023-02-08,1540,14.03
2023-02-09,1540,14.03
2023-02-10,1540,13.9
2023-02-13,1540,14.83
2023-02-14,1540,14.56
2023-02-15,1540,14.65
2023-02-16,1540,15.53
2023-02-17,1540,15.22
2023-02-20,1540,15.44
2023-02-21,1540,15.22
2023-02-22,1540,15.05
2023-02-23,1540,15.13
2023-02-24,1540,15.18
2023-02-01,1541,31.98
2023-02-02,1541,32.22
2023-02-03,1541,32.17
2023-02-06,1541,32.17
2023-02-07,1541,32.03
2023-02-08,1541,32.08
2023-02-09,1541,31.98
2023-02-10,1541,31.79
2023-02-13,1541,31.98
2023-02-14,1541,32.08
2023-02-15,1541,32.46
2023-02-16,1541,35.7
2023-02-17,1541,38.27
2023-02-20,1541,37.37
2023-02-21,1541,37.41
2023-02-22,1541,36.17
2023-02-23,1541,36.56
2023-02-24,1541,36.08
2023-02-01,1558,109.81
2023-02-02,1558,109.81
2023-02-03,1558,110.27
2023-02-06,1558,110.72
2023-02-07,1558,110.27
2023-02-08,1558,110.27
2023-02-09,1558,110.27
2023-02-10,1558,110.72
2023-02-13,1558,110.27
2023-02-14,1558,110.27
2023-02-15,1558,110.27
2023-02-16,1558,110.72
2023-02-17,1558,110.72
2023-02-20,1558,110.27
2023-02-21,1558,110.72
2023-02-22,1558,110.72
2023-02-23,1558,111.64
2023-02-24,1558,111.64
2023-02-01,1560,115.73
2023-02-02,1560,116.21
2023-02-03,1560,115.25
2023-02-06,1560,111.9
2023-02-07,1560,112.86
2023-02-08,1560,114.77
2023-02-09,1560,113.34
2023-02-10,1560,111.42
2023-02-13,1560,111.42
2023-02-14,1560,111.42
2023-02-15,1560,109.03
2023-02-16,1560,110.95
2023-02-17,1560,110.47
2023-02-20,1560,110.47
2023-02-21,1560,111.42
2023-02-22,1560,109.51
2023-02-23,1560,111.42
2023-02-24,1560,109.03
2023-02-01,1563,47.19
2023-02-02,1563,47.09
2023-02-03,1563,46.75
2023-02-06,1563,45.87
2023-02-07,1563,46.26
2023-02-08,1563,46.41
2023-02-09,1563,49.53
2023-02-10,1563,49.33
2023-02-13,1563,49.04
2023-02-14,1563,49.53
2023-02-15,1563,51.48
2023-02-16,1563,52.06
2023-02-17,1563,51.87
2023-02-20,1563,53.14
2023-02-21,1563,53.04
2023-02-22,1563,51.58
2023-02-23,1563,51.87
2023-02-24,1563,51.77
2023-02-01,1565,233.34
2023-02-02,1565,235.14
2023-02-03,1565,234.24
2023-02-06,1565,235.59
2023-02-07,1565,235.59
2023-02-08,1565,234.24
2023-02-09,1565,229.29
2023-02-10,1565,227.49
2023-02-13,1565,227.04
2023-02-14,1565,229.29
2023-02-15,1565,226.59
2023-02-16,1565,227.49
2023-02-17,1565,229.74
2023-02-20,1565,235.59
2023-02-21,1565,234.24
2023-02-22,1565,232.44
2023-02-23,1565,236.48
2023-02-24,1565,234.24
2023-02-01,1568,21.45
2023-02-02,1568,21.49
2023-02-03,1568,21.23
2023-02-06,1568,21.23
2023-02-07,1568,21.14
2023-02-08,1568,21.36
2023-02-09,1568,21.27
2023-02-10,1568,20.88
2023-02-13,1568,20.66
2023-02-14,1568,20.79
2023-02-15,1568,21.05
2023-02-16,1568,21.14
2023-02-17,1568,21.01
2023-02-20,1568,21.36
2023-02-21,1568,21.66
2023-02-22,1568,21.18
2023-02-23,1568,21.31
2023-02-24,1568,20.92
2023-02-01,1569,20.6
2023-02-02,1569,21.09
2023-02-03,1569,20.96
2023-02-06,1569,20.87
2023-02-07,1569,20.96
2023-02-08,1569,21.0
2023-02-09,1569,20.87
2023-02-10,1569,20.6
2023-02-13,1569,20.87
2023-02-14,1569,21.0
2023-02-15,1569,21.09
2023-02-16,1569,21.09
2023-02-17,1569,21.18
2023-02-20,1569,21.31
2023-02-21,1569,21.27
2023-02-22,1569,21.18
2023-02-23,1569,21.27
2023-02-24,1569,21.4
2023-02-01,1570,16.72
2023-02-02,1570,16.68
2023-02-03,1570,16.54
2023-02-06,1570,16.4
2023-02-07,1570,16.4
2023-02-08,1570,16.45
2023-02-09,1570,16.63
2023-02-10,1570,16.59
2023-02-13,1570,16.49
2023-02-14,1570,16.45
2023-02-15,1570,16.4
2023-02-16,1570,16.49
2023-02-17,1570,16.4
2023-02-20,1570,16.72
2023-02-21,1570,16.54
2023-02-22,1570,16.59
2023-02-23,1570,16.63
2023-02-24,1570,16.95
2023-02-01,1580,83.56
2023-02-02,1580,84.46
2023-02-03,1580,84.73
2023-02-06,1580,84.82
2023-02-07,1580,84.73
2023-02-08,1580,85.81
2023-02-09,1580,85.54
2023-02-10,1580,85.0
2023-02-13,1580,85.09
2023-02-14,1580,85.27
2023-02-15,1580,85.0
2023-02-16,1580,85.09
2023-02-17,1580,85.09
2023-02-20,1580,85.18
2023-02-21,1580,86.17
2023-02-22,1580,85.9
2023-02-23,1580,86.44
2023-02-24,1580,86.53
2023-02-01,1582,51.81
2023-02-02,1582,51.73
2023-02-03,1582,51.81
2023-02-06,1582,52.32
2023-02-07,1582,52.66
2023-02-08,1582,52.66
2023-02-09,1582,51.98
2023-02-10,1582,51.9
2023-02-13,1582,51.47
2023-02-14,1582,51.98
2023-02-15,1582,51.81
2023-02-16,1582,51.73
2023-02-17,1582,51.73
2023-02-20,1582,52.07
2023-02-21,1582,52.15
2023-02-22,1582,52.07
2023-02-23,1582,52.24
2023-02-24,1582,52.32
2023-02-01,1583,52.58
2023-02-02,1583,52.58
2023-02-03,1583,53.18
2023-02-06,1583,52.84
2023-02-07,1583,52.41
2023-02-08,1583,52.41
2023-02-09,1583,52.67
2023-02-13,1583,52.75
2023-02-14,1583,52.84
2023-02-15,1583,52.84
2023-02-16,1583,52.16
2023-02-17,1583,52.92
2023-02-20,1583,52.84
2023-02-21,1583,52.33
2023-02-22,1583,52.84
2023-02-23,1583,53.09
2023-02-24,1583,52.75
2023-02-01,1584,21.4
2023-02-02,1584,21.57
2023-02-03,1584,22.05
2023-02-06,1584,21.83
2023-02-07,1584,22.52
2023-02-08,1584,22.13
2023-02-09,1584,23.34
2023-02-10,1584,23.65
2023-02-13,1584,22.82
2023-02-14,1584,22.91
2023-02-15,1584,22.95
2023-02-16,1584,23.3
2023-02-17,1584,23.47
2023-02-20,1584,23.99
2023-02-21,1584,25.38
2023-02-22,1584,26.02
2023-02-23,1584,26.15
2023-02-24,1584,25.16
2023-02-01,1586,33.96
2023-02-02,1586,33.72
2023-02-03,1586,33.52
2023-02-06,1586,33.52
2023-02-07,1586,33.37
2023-02-08,1586,33.27
2023-02-09,1586,33.32
2023-02-10,1586,33.27
2023-02-13,1586,33.27
2023-02-14,1586,32.93
2023-02-15,1586,33.03
2023-02-16,1586,33.17
2023-02-17,1586,33.32
2023-02-20,1586,33.27
2023-02-21,1586,33.17
2023-02-22,1586,33.22
2023-02-23,1586,33.37
2023-02-24,1586,33.42
2023-02-01,1587,19.28
2023-02-02,1587,19.37
2023-02-03,1587,19.63
2023-02-06,1587,19.63
2023-02-07,1587,19.55
2023-02-08,1587,19.5
2023-02-09,1587,19.55
2023-02-10,1587,19.55
2023-02-13,1587,19.46
2023-02-14,1587,19.5
2023-02-15,1587,19.46
2023-02-16,1587,19.5
2023-02-17,1587,19.42
2023-02-20,1587,19.55
2023-02-21,1587,19.63
2023-02-22,1587,19.59
2023-02-23,1587,19.68
2023-02-24,1587,19.55
2023-02-01,1589,67.18
2023-02-02,1589,69.35
2023-02-03,1589,67.28
2023-02-06,1589,66.39
2023-02-07,1589,66.88
2023-02-08,1589,65.8
2023-02-09,1589,64.81
2023-02-10,1589,65.7
2023-02-13,1589,66.49
2023-02-14,1589,66.59
2023-02-15,1589,66.49
2023-02-16,1589,66.49
2023-02-17,1589,67.77
2023-02-20,1589,69.26
2023-02-21,1589,70.05
2023-02-22,1589,69.65
2023-02-23,1589,69.65
2023-02-24,1589,67.77
2023-02-01,1590,1019.83
2023-02-02,1590,1019.83
2023-02-03,1590,1044.0
2023-02-06,1590,1048.83
2023-02-07,1590,1048.83
2023-02-08,1590,1058.5
2023-02-09,1590,1077.83
2023-02-10,1590,1053.67
2023-02-13,1590,1034.33
2023-02-14,1590,1039.17
2023-02-15,1590,1024.67
2023-02-16,1590,1029.5
2023-02-17,1590,1024.67
2023-02-20,1590,1019.83
2023-02-21,1590,1053.67
2023-02-22,1590,1073.0
2023-02-23,1590,1053.67
2023-02-24,1590,1039.17
2023-02-01,1591,19.75
2023-02-02,1591,20.69
2023-02-03,1591,20.49
2023-02-06,1591,22.21
2023-02-07,1591,23.15
2023-02-08,1591,24.04
2023-02-09,1591,24.23
2023-02-10,1591,24.43
2023-02-13,1591,23.99
2023-02-14,1591,24.48
2023-02-15,1591,25.12
2023-02-16,1591,25.86
2023-02-17,1591,25.81
2023-02-20,1591,26.94
2023-02-21,1591,26.1
2023-02-22,1591,25.51
2023-02-23,1591,25.37
2023-02-24,1591,25.61
2023-02-01,1593,59.26
2023-02-02,1593,58.85
2023-02-03,1593,59.51
2023-02-06,1593,59.51
2023-02-07,1593,59.26
2023-02-08,1593,59.18
2023-02-09,1593,65.07
2023-02-10,1593,66.98
2023-02-13,1593,67.15
2023-02-14,1593,65.98
2023-02-15,1593,66.15
2023-02-16,1593,65.57
2023-02-17,1593,68.31
2023-02-20,1593,68.06
2023-02-21,1593,69.8
2023-02-22,1593,69.88
2023-02-23,1593,72.87
2023-02-24,1593,72.96
2023-02-01,1595,34.84
2023-02-02,1595,35.03
2023-02-03,1595,35.03
2023-02-06,1595,35.16
2023-02-07,1595,34.98
2023-02-08,1595,34.98
2023-02-09,1595,35.21
2023-02-10,1595,35.12
2023-02-13,1595,35.12
2023-02-14,1595,35.07
2023-02-15,1595,34.98
2023-02-16,1595,35.03
2023-02-17,1595,35.03
2023-02-20,1595,35.16
2023-02-21,1595,35.21
2023-02-22,1595,35.57
2023-02-23,1595,37.49
2023-02-24,1595,37.03
2023-02-01,1597,71.12
2023-02-02,1597,71.5
2023-02-03,1597,71.6
2023-02-06,1597,70.64
2023-02-07,1597,70.93
2023-02-08,1597,73.43
2023-02-09,1597,74.01
2023-02-10,1597,72.37
2023-02-13,1597,72.56
2023-02-14,1597,71.99
2023-02-15,1597,70.83
2023-02-16,1597,71.6
2023-02-17,1597,71.7
2023-02-20,1597,71.89
2023-02-21,1597,74.68
2023-02-22,1597,73.62
2023-02-23,1597,73.91
2023-02-24,1597,74.78
2023-02-01,1598,38.06
2023-02-02,1598,38.99
2023-02-03,1598,39.52
2023-02-06,1598,39.65
2023-02-07,1598,39.43
2023-02-08,1598,39.78
2023-02-09,1598,40.67
2023-02-10,1598,42.48
2023-02-13,1598,43.72
2023-02-14,1598,44.69
2023-02-15,1598,44.61
2023-02-16,1598,45.14
2023-02-17,1598,45.67
2023-02-20,1598,43.46
2023-02-21,1598,43.46
2023-02-22,1598,43.81
2023-02-23,1598,43.1
2023-02-24,1598,42.08
2023-02-01,1599,38.35
2023-02-02,1599,38.3
2023-02-03,1599,38.5
2023-02-06,1599,38.4
2023-02-07,1599,38.54
2023-02-08,1599,38.64
2023-02-09,1599,38.64
2023-02-10,1599,38.3
2023-02-13,1599,37.3
2023-02-14,1599,37.39
2023-02-15,1599,37.2
2023-02-16,1599,37.1
2023-02-17,1599,37.63
2023-02-20,1599,37.63
2023-02-21,1599,37.63
2023-02-22,1599,37.78
2023-02-23,1599,38.06
2023-02-24,1599,37.92
2023-02-01,1603,25.22
2023-02-02,1603,25.32
2023-02-03,1603,25.41
2023-02-06,1603,25.17
2023-02-07,1603,25.03
2023-02-08,1603,25.03
2023-02-09,1603,25.08
2023-02-10,1603,24.79
2023-02-13,1603,24.7
2023-02-14,1603,24.79
2023-02-15,1603,24.84
2023-02-16,1603,24.98
2023-02-17,1603,25.03
2023-02-20,1603,25.03
2023-02-21,1603,25.13
2023-02-22,1603,25.13
2023-02-23,1603,25.17
2023-02-24,1603,25.08
2023-02-01,1604,22.72
2023-02-02,1604,22.72
2023-02-03,1604,22.59
2023-02-06,1604,22.63
2023-02-07,1604,22.59
2023-02-08,1604,22.55
2023-02-09,1604,22.42
2023-02-10,1604,22.51
2023-02-13,1604,22.63
2023-02-14,1604,22.76
2023-02-15,1604,22.93
2023-02-16,1604,22.93
2023-02-17,1604,22.85
2023-02-20,1604,22.93
2023-02-21,1604,22.85
2023-02-22,1604,22.76
2023-02-23,1604,22.93
2023-02-24,1604,22.89
2023-02-01,1605,49.62
2023-02-02,1605,49.08
2023-02-03,1605,49.26
2023-02-06,1605,48.99
2023-02-07,1605,47.81
2023-02-08,1605,47.9
2023-02-09,1605,48.53
2023-02-10,1605,48.17
2023-02-13,1605,48.26
2023-02-14,1605,48.08
2023-02-15,1605,49.26
2023-02-16,1605,51.17
2023-02-17,1605,52.26
2023-02-20,1605,53.26
2023-02-21,1605,52.53
2023-02-22,1605,52.08
2023-02-23,1605,52.08
2023-02-24,1605,51.44
2023-02-01,1608,14.67
2023-02-02,1608,14.67
2023-02-03,1608,14.21
2023-02-06,1608,14.25
2023-02-07,1608,14.35
2023-02-08,1608,14.35
2023-02-09,1608,14.44
2023-02-10,1608,14.02
2023-02-13,1608,14.16
2023-02-14,1608,14.3
2023-02-15,1608,14.53
2023-02-16,1608,14.44
2023-02-17,1608,14.62
2023-02-20,1608,14.58
2023-02-21,1608,14.53
2023-02-22,1608,14.48
2023-02-23,1608,14.53
2023-02-24,1608,14.39
2023-02-01,1609,21.22
2023-02-02,1609,21.09
2023-02-03,1609,20.69
2023-02-06,1609,20.38
2023-02-07,1609,20.69
2023-02-08,1609,20.47
2023-02-09,1609,20.78
2023-02-10,1609,20.51
2023-02-13,1609,20.51
2023-02-14,1609,20.38
2023-02-15,1609,21.48
2023-02-16,1609,21.57
2023-02-17,1609,21.44
2023-02-20,1609,22.06
2023-02-21,1609,22.19
2023-02-22,1609,21.92
2023-02-23,1609,21.66
2023-02-24,1609,21.35
2023-02-01,1611,12.47
2023-02-02,1611,13.15
2023-02-03,1611,12.83
2023-02-06,1611,12.69
2023-02-07,1611,12.65
2023-02-08,1611,12.69
2023-02-09,1611,12.74
2023-02-10,1611,12.51
2023-02-13,1611,12.51
2023-02-14,1611,12.78
2023-02-15,1611,12.92
2023-02-16,1611,13.33
2023-02-17,1611,13.19
2023-02-20,1611,13.38
2023-02-21,1611,13.28
2023-02-22,1611,13.15
2023-02-23,1611,13.19
2023-02-24,1611,12.97
2023-02-01,1612,16.83
2023-02-02,1612,16.83
2023-02-03,1612,16.4
2023-02-06,1612,16.15
2023-02-07,1612,16.28
2023-02-08,1612,16.32
2023-02-09,1612,16.19
2023-02-10,1612,15.94
2023-02-13,1612,15.81
2023-02-14,1612,15.9
2023-02-15,1612,16.07
2023-02-16,1612,16.07
2023-02-17,1612,16.19
2023-02-20,1612,16.28
2023-02-21,1612,16.28
2023-02-22,1612,16.07
2023-02-23,1612,16.19
2023-02-24,1612,16.02
2023-02-01,1614,33.78
2023-02-02,1614,33.87
2023-02-03,1614,33.92
2023-02-06,1614,33.73
2023-02-07,1614,33.64
2023-02-08,1614,33.78
2023-02-09,1614,33.45
2023-02-10,1614,33.45
2023-02-13,1614,33.64
2023-02-14,1614,33.73
2023-02-15,1614,33.92
2023-02-16,1614,34.29
2023-02-17,1614,34.67
2023-02-20,1614,34.67
2023-02-21,1614,34.9
2023-02-22,1614,34.48
2023-02-23,1614,34.58
2023-02-24,1614,34.67
2023-02-01,1615,23.42
2023-02-02,1615,23.24
2023-02-03,1615,23.27
2023-02-06,1615,23.24
2023-02-07,1615,23.24
2023-02-08,1615,23.2
2023-02-09,1615,23.27
2023-02-10,1615,23.24
2023-02-13,1615,23.16
2023-02-14,1615,23.13
2023-02-15,1615,23.16
2023-02-16,1615,23.27
2023-02-17,1615,23.27
2023-02-20,1615,23.72
2023-02-21,1615,24.02
2023-02-22,1615,24.21
2023-02-23,1615,24.29
2023-02-24,1615,24.29
2023-02-01,1616,7.15
2023-02-02,1616,7.15
2023-02-03,1616,7.1
2023-02-06,1616,7.0
2023-02-07,1616,7.08
2023-02-08,1616,7.38
2023-02-09,1616,7.38
2023-02-10,1616,7.32
2023-02-13,1616,7.25
2023-02-14,1616,7.28
2023-02-15,1616,7.27
2023-02-16,1616,7.28
2023-02-17,1616,7.28
2023-02-20,1616,7.65
2023-02-21,1616,7.63
2023-02-22,1616,7.62
2023-02-23,1616,7.62
2023-02-24,1616,7.61
2023-02-01,1617,14.59
2023-02-02,1617,14.54
2023-02-03,1617,14.54
2023-02-06,1617,14.54
2023-02-07,1617,14.54
2023-02-08,1617,14.4
2023-02-09,1617,14.5
2023-02-10,1617,14.5
2023-02-13,1617,14.3
2023-02-14,1617,14.45
2023-02-15,1617,14.45
2023-02-16,1617,14.4
2023-02-17,1617,14.4
2023-02-20,1617,14.4
2023-02-21,1617,14.4
2023-02-22,1617,14.4
2023-02-23,1617,14.35
2023-02-24,1617,14.35
2023-02-01,1618,14.69
2023-02-02,1618,14.55
2023-02-03,1618,14.36
2023-02-06,1618,14.36
2023-02-07,1618,14.31
2023-02-08,1618,14.31
2023-02-09,1618,14.4
2023-02-10,1618,14.12
2023-02-13,1618,14.07
2023-02-14,1618,14.12
2023-02-15,1618,14.16
2023-02-16,1618,14.26
2023-02-17,1618,14.16
2023-02-20,1618,14.36
2023-02-21,1618,14.4
2023-02-22,1618,14.4
2023-02-23,1618,14.4
2023-02-24,1618,14.07
2023-02-01,1626,15.95
2023-02-02,1626,16.13
2023-02-03,1626,15.95
2023-02-06,1626,16.04
2023-02-07,1626,15.9
2023-02-08,1626,15.86
2023-02-09,1626,15.86
2023-02-10,1626,15.77
2023-02-13,1626,15.72
2023-02-14,1626,15.63
2023-02-15,1626,15.63
2023-02-16,1626,15.67
2023-02-17,1626,15.72
2023-02-20,1626,16.08
2023-02-21,1626,16.13
2023-02-22,1626,15.9
2023-02-23,1626,16.08
2023-02-24,1626,16.31
2023-02-01,1701,25.85
2023-02-02,1701,26.53
2023-02-03,1701,26.19
2023-02-06,1701,26.48
2023-02-07,1701,26.05
2023-02-08,1701,26.19
2023-02-09,1701,26.39
2023-02-10,1701,26.58
2023-02-13,1701,27.26
2023-02-14,1701,27.11
2023-02-15,1701,26.53
2023-02-16,1701,26.53
2023-02-17,1701,26.63
2023-02-20,1701,27.02
2023-02-21,1701,26.82
2023-02-22,1701,26.82
2023-02-23,1701,27.35
2023-02-24,1701,26.63
2023-02-01,1702,40.12
2023-02-02,1702,40.55
2023-02-03,1702,40.81
2023-02-06,1702,40.51
2023-02-07,1702,40.29
2023-02-08,1702,40.33
2023-02-09,1702,40.2
2023-02-10,1702,39.94
2023-02-13,1702,40.25
2023-02-14,1702,40.07
2023-02-15,1702,39.99
2023-02-16,1702,40.16
2023-02-17,1702,40.16
2023-02-20,1702,40.55
2023-02-21,1702,40.33
2023-02-22,1702,40.03
2023-02-23,1702,40.33
2023-02-24,1702,40.99
2023-02-01,1707,151.96
2023-02-02,1707,150.65
2023-02-03,1707,151.53
2023-02-06,1707,151.96
2023-02-07,1707,153.71
2023-02-08,1707,153.71
2023-02-09,1707,150.65
2023-02-10,1707,149.78
2023-02-13,1707,148.47
2023-02-14,1707,150.65
2023-02-15,1707,151.53
2023-02-16,1707,153.27
2023-02-17,1707,153.27
2023-02-20,1707,151.96
2023-02-21,1707,153.71
2023-02-22,1707,155.46
2023-02-23,1707,157.64
2023-02-24,1707,158.51
2023-02-01,1708,35.48
2023-02-02,1708,35.48
2023-02-03,1708,35.4
2023-02-06,1708,34.98
2023-02-07,1708,35.19
2023-02-08,1708,34.94
2023-02-09,1708,34.86
2023-02-10,1708,34.35
2023-02-13,1708,34.1
2023-02-14,1708,34.19
2023-02-15,1708,34.27
2023-02-16,1708,34.31
2023-02-17,1708,34.48
2023-02-20,1708,35.44
2023-02-21,1708,35.23
2023-02-22,1708,34.98
2023-02-23,1708,35.57
2023-02-24,1708,35.52
2023-02-01,1709,21.01
2023-02-02,1709,20.92
2023-02-03,1709,20.87
2023-02-06,1709,20.83
2023-02-07,1709,20.92
2023-02-08,1709,20.78
2023-02-09,1709,20.78
2023-02-10,1709,20.6
2023-02-13,1709,20.51
2023-02-14,1709,20.6
2023-02-15,1709,20.69
2023-02-16,1709,20.78
2023-02-17,1709,21.14
2023-02-20,1709,21.77
2023-02-21,1709,21.5
2023-02-22,1709,22.04
2023-02-23,1709,22.04
2023-02-24,1709,21.91
2023-02-01,1710,18.46
2023-02-02,1710,18.51
2023-02-03,1710,18.76
2023-02-06,1710,18.81
2023-02-07,1710,18.76
2023-02-08,1710,18.61
2023-02-09,1710,18.46
2023-02-10,1710,18.32
2023-02-13,1710,18.17
2023-02-14,1710,18.27
2023-02-15,1710,18.32
2023-02-16,1710,18.37
2023-02-17,1710,18.46
2023-02-20,1710,18.61
2023-02-21,1710,18.51
2023-02-22,1710,18.46
2023-02-23,1710,18.61
2023-02-24,1710,18.46
2023-02-01,1711,18.2
2023-02-02,1711,18.39
2023-02-03,1711,18.39
2023-02-06,1711,18.39
2023-02-07,1711,18.44
2023-02-08,1711,18.34
2023-02-09,1711,18.15
2023-02-10,1711,17.91
2023-02-13,1711,18.06
2023-02-14,1711,18.01
2023-02-15,1711,17.91
2023-02-16,1711,18.01
2023-02-17,1711,18.06
2023-02-20,1711,18.29
2023-02-21,1711,18.29
2023-02-22,1711,18.1
2023-02-23,1711,18.29
2023-02-24,1711,18.06
2023-02-01,1712,31.69
2023-02-02,1712,31.81
2023-02-03,1712,31.85
2023-02-06,1712,32.06
2023-02-07,1712,32.26
2023-02-08,1712,31.93
2023-02-09,1712,31.93
2023-02-10,1712,31.57
2023-02-13,1712,31.81
2023-02-14,1712,31.85
2023-02-15,1712,31.65
2023-02-16,1712,31.69
2023-02-17,1712,31.77
2023-02-20,1712,32.1
2023-02-21,1712,32.3
2023-02-22,1712,32.26
2023-02-23,1712,32.76
2023-02-24,1712,32.51
2023-02-01,1713,23.65
2023-02-02,1713,23.7
2023-02-03,1713,23.79
2023-02-06,1713,23.79
2023-02-07,1713,24.17
2023-02-08,1713,24.17
2023-02-09,1713,23.93
2023-02-10,1713,23.93
2023-02-13,1713,23.79
2023-02-14,1713,23.84
2023-02-15,1713,23.93
2023-02-16,1713,23.93
2023-02-17,1713,23.98
2023-02-20,1713,24.12
2023-02-21,1713,24.22
2023-02-22,1713,24.27
2023-02-23,1713,24.45
2023-02-24,1713,24.88
2023-02-01,1714,8.35
2023-02-02,1714,8.4
2023-02-03,1714,8.36
2023-02-06,1714,8.37
2023-02-07,1714,8.36
2023-02-08,1714,8.39
2023-02-09,1714,8.37
2023-02-10,1714,8.31
2023-02-13,1714,8.27
2023-02-14,1714,8.34
2023-02-15,1714,8.35
2023-02-16,1714,8.42
2023-02-17,1714,8.46
2023-02-20,1714,8.53
2023-02-21,1714,8.49
2023-02-22,1714,8.49
2023-02-23,1714,8.51
2023-02-24,1714,8.54
2023-02-01,1717,29.12
2023-02-02,1717,29.52
2023-02-03,1717,29.61
2023-02-06,1717,29.35
2023-02-07,1717,29.52
2023-02-08,1717,29.52
2023-02-09,1717,29.39
2023-02-10,1717,29.12
2023-02-13,1717,28.76
2023-02-14,1717,28.81
2023-02-15,1717,28.58
2023-02-16,1717,28.81
2023-02-17,1717,28.85
2023-02-20,1717,28.99
2023-02-21,1717,29.08
2023-02-22,1717,28.9
2023-02-23,1717,29.03
2023-02-24,1717,28.94
2023-02-01,1718,8.6
2023-02-02,1718,8.65
2023-02-03,1718,8.76
2023-02-06,1718,8.63
2023-02-07,1718,8.61
2023-02-08,1718,8.6
2023-02-09,1718,8.6
2023-02-10,1718,8.61
2023-02-13,1718,8.51
2023-02-14,1718,8.65
2023-02-15,1718,8.6
2023-02-16,1718,8.62
2023-02-17,1718,8.69
2023-02-20,1718,8.77
2023-02-21,1718,8.73
2023-02-22,1718,8.72
2023-02-23,1718,8.74
2023-02-24,1718,8.71
2023-02-01,1720,53.97
2023-02-02,1720,55.12
2023-02-03,1720,55.32
2023-02-06,1720,56.38
2023-02-07,1720,55.8
2023-02-08,1720,56.18
2023-02-09,1720,55.99
2023-02-10,1720,55.12
2023-02-13,1720,56.09
2023-02-14,1720,56.28
2023-02-15,1720,55.61
2023-02-16,1720,55.8
2023-02-17,1720,55.22
2023-02-20,1720,55.61
2023-02-21,1720,56.09
2023-02-22,1720,55.41
2023-02-23,1720,55.99
2023-02-24,1720,55.61
2023-02-01,1721,15.49
2023-02-02,1721,15.54
2023-02-03,1721,15.25
2023-02-06,1721,15.3
2023-02-07,1721,15.44
2023-02-08,1721,15.25
2023-02-09,1721,15.05
2023-02-10,1721,14.8
2023-02-13,1721,15.0
2023-02-14,1721,15.05
2023-02-15,1721,14.85
2023-02-16,1721,14.95
2023-02-17,1721,14.9
2023-02-20,1721,15.1
2023-02-21,1721,15.05
2023-02-22,1721,15.0
2023-02-23,1721,15.2
2023-02-24,1721,14.95
2023-02-01,1722,51.18
2023-02-02,1722,52.1
2023-02-03,1722,52.56
2023-02-06,1722,52.19
2023-02-07,1722,52.28
2023-02-08,1722,52.1
2023-02-09,1722,51.73
2023-02-10,1722,51.36
2023-02-13,1722,51.27
2023-02-14,1722,51.55
2023-02-15,1722,51.64
2023-02-16,1722,51.64
2023-02-17,1722,51.92
2023-02-20,1722,52.93
2023-02-21,1722,52.93
2023-02-22,1722,52.56
2023-02-23,1722,53.21
2023-02-24,1722,52.93
2023-02-01,1723,94.88
2023-02-02,1723,95.32
2023-02-03,1723,96.19
2023-02-06,1723,97.51
2023-02-07,1723,97.07
2023-02-08,1723,97.51
2023-02-09,1723,96.19
2023-02-10,1723,95.32
2023-02-13,1723,95.32
2023-02-14,1723,96.19
2023-02-15,1723,95.76
2023-02-16,1723,95.76
2023-02-17,1723,96.63
2023-02-20,1723,96.63
2023-02-21,1723,98.82
2023-02-22,1723,98.38
2023-02-23,1723,98.38
2023-02-24,1723,98.82
2023-02-01,1725,18.87
2023-02-02,1725,19.05
2023-02-03,1725,19.0
2023-02-06,1725,18.96
2023-02-07,1725,19.23
2023-02-08,1725,19.23
2023-02-09,1725,19.18
2023-02-10,1725,18.91
2023-02-13,1725,18.96
2023-02-14,1725,18.87
2023-02-15,1725,18.73
2023-02-16,1725,18.73
2023-02-17,1725,18.69
2023-02-20,1725,18.91
2023-02-21,1725,18.87
2023-02-22,1725,18.96
2023-02-23,1725,19.09
2023-02-24,1725,19.14
2023-02-01,1726,61.91
2023-02-02,1726,61.99
2023-02-03,1726,62.08
2023-02-06,1726,62.17
2023-02-07,1726,62.34
2023-02-08,1726,62.08
2023-02-09,1726,62.52
2023-02-10,1726,62.43
2023-02-13,1726,62.43
2023-02-14,1726,62.43
2023-02-15,1726,62.34
2023-02-16,1726,62.69
2023-02-17,1726,62.6
2023-02-20,1726,62.69
2023-02-21,1726,62.86
2023-02-22,1726,62.6
2023-02-23,1726,62.78
2023-02-24,1726,62.86
2023-02-01,1727,25.51
2023-02-02,1727,26.25
2023-02-03,1727,26.11
2023-02-06,1727,26.4
2023-02-07,1727,26.45
2023-02-08,1727,26.65
2023-02-09,1727,26.4
2023-02-10,1727,25.96
2023-02-13,1727,26.35
2023-02-14,1727,26.21
2023-02-15,1727,26.25
2023-02-16,1727,26.45
2023-02-17,1727,26.6
2023-02-20,1727,27.1
2023-02-21,1727,27.2
2023-02-22,1727,26.65
2023-02-23,1727,26.6
2023-02-24,1727,26.4
2023-02-01,1730,49.61
2023-02-02,1730,49.97
2023-02-03,1730,50.33
2023-02-06,1730,50.42
2023-02-07,1730,50.24
2023-02-08,1730,50.51
2023-02-09,1730,50.69
2023-02-10,1730,49.97
2023-02-13,1730,49.7
2023-02-14,1730,50.06
2023-02-15,1730,50.06
2023-02-16,1730,50.15
2023-02-17,1730,50.33
2023-02-20,1730,50.06
2023-02-21,1730,50.15
2023-02-22,1730,49.79
2023-02-23,1730,49.88
2023-02-24,1730,49.97
2023-02-01,1731,16.88
2023-02-02,1731,17.01
2023-02-03,1731,17.14
2023-02-06,1731,17.4
2023-02-07,1731,17.32
2023-02-08,1731,17.32
2023-02-09,1731,17.14
2023-02-10,1731,16.93
2023-02-13,1731,16.97
2023-02-14,1731,16.93
2023-02-15,1731,16.93
2023-02-16,1731,16.93
2023-02-17,1731,16.97
2023-02-20,1731,17.01
2023-02-21,1731,16.97
2023-02-22,1731,17.01
2023-02-23,1731,17.01
2023-02-24,1731,16.97
2023-02-01,1732,29.5
2023-02-02,1732,30.2
2023-02-03,1732,29.65
2023-02-06,1732,29.8
2023-02-07,1732,29.95
2023-02-08,1732,29.75
2023-02-09,1732,30.8
2023-02-10,1732,30.3
2023-02-13,1732,29.8
2023-02-14,1732,29.55
2023-02-15,1732,29.3
2023-02-16,1732,29.2
2023-02-17,1732,29.2
2023-02-20,1732,29.45
2023-02-21,1732,29.3
2023-02-22,1732,29.15
2023-02-23,1732,29.2
2023-02-24,1732,29.2
2023-02-01,1733,22.29
2023-02-02,1733,22.43
2023-02-03,1733,22.38
2023-02-06,1733,23.05
2023-02-07,1733,23.58
2023-02-08,1733,23.36
2023-02-09,1733,23.4
2023-02-10,1733,23.0
2023-02-13,1733,22.87
2023-02-14,1733,22.83
2023-02-15,1733,22.83
2023-02-16,1733,22.91
2023-02-17,1733,23.05
2023-02-20,1733,23.14
2023-02-21,1733,23.14
2023-02-22,1733,23.05
2023-02-23,1733,23.22
2023-02-24,1733,23.18
2023-02-01,1734,26.65
2023-02-02,1734,26.82
2023-02-03,1734,26.74
2023-02-06,1734,27.04
2023-02-07,1734,26.91
2023-02-08,1734,27.08
2023-02-09,1734,26.99
2023-02-10,1734,26.7
2023-02-13,1734,27.37
2023-02-14,1734,27.54
2023-02-15,1734,27.33
2023-02-16,1734,27.25
2023-02-17,1734,27.16
2023-02-20,1734,27.12
2023-02-21,1734,27.04
2023-02-22,1734,26.95
2023-02-23,1734,26.99
2023-02-24,1734,26.48
2023-02-01,1735,13.59
2023-02-02,1735,13.73
2023-02-03,1735,13.68
2023-02-06,1735,13.5
2023-02-07,1735,13.59
2023-02-08,1735,13.73
2023-02-09,1735,13.5
2023-02-10,1735,13.68
2023-02-13,1735,13.59
2023-02-14,1735,13.5
2023-02-15,1735,13.5
2023-02-16,1735,13.55
2023-02-17,1735,13.5
2023-02-20,1735,13.55
2023-02-21,1735,13.41
2023-02-22,1735,13.41
2023-02-23,1735,13.5
2023-02-24,1735,13.46
2023-02-01,1736,72.32
2023-02-02,1736,71.93
2023-02-03,1736,72.62
2023-02-06,1736,72.91
2023-02-07,1736,72.91
2023-02-08,1736,72.03
2023-02-09,1736,68.48
2023-02-10,1736,67.89
2023-02-13,1736,68.88
2023-02-14,1736,69.86
2023-02-15,1736,69.86
2023-02-16,1736,70.85
2023-02-17,1736,69.76
2023-02-20,1736,68.98
2023-02-21,1736,68.58
2023-02-22,1736,68.68
2023-02-23,1736,68.58
2023-02-24,1736,68.98
2023-02-01,1737,30.11
2023-02-02,1737,30.06
2023-02-03,1737,30.15
2023-02-06,1737,30.06
2023-02-07,1737,30.01
2023-02-08,1737,29.97
2023-02-09,1737,30.15
2023-02-10,1737,30.01
2023-02-13,1737,30.11
2023-02-14,1737,30.15
2023-02-15,1737,30.24
2023-02-16,1737,30.29
2023-02-17,1737,30.24
2023-02-20,1737,30.94
2023-02-21,1737,30.57
2023-02-22,1737,30.66
2023-02-23,1737,30.75
2023-02-24,1737,30.8
2023-02-01,1742,14.5
2023-02-02,1742,14.55
2023-02-03,1742,14.7
2023-02-06,1742,14.6
2023-02-07,1742,14.65
2023-02-08,1742,14.6
2023-02-09,1742,14.9
2023-02-10,1742,14.9
2023-02-13,1742,14.55
2023-02-14,1742,14.65
2023-02-15,1742,14.85
2023-02-16,1742,14.85
2023-02-17,1742,14.65
2023-02-20,1742,14.75
2023-02-21,1742,14.95
2023-02-22,1742,14.8
2023-02-23,1742,14.65
2023-02-24,1742,14.6
2023-02-01,1752,50.42
2023-02-02,1752,51.22
2023-02-03,1752,50.25
2023-02-06,1752,54.6
2023-02-07,1752,55.31
2023-02-08,1752,54.06
2023-02-09,1752,54.15
2023-02-10,1752,52.02
2023-02-13,1752,52.47
2023-02-14,1752,52.64
2023-02-15,1752,51.76
2023-02-16,1752,52.38
2023-02-17,1752,52.47
2023-02-20,1752,53.09
2023-02-21,1752,52.64
2023-02-22,1752,51.93
2023-02-23,1752,51.49
2023-02-24,1752,51.49
2023-02-01,1760,159.66
2023-02-02,1760,161.55
2023-02-03,1760,164.4
2023-02-06,1760,167.24
2023-02-07,1760,166.76
2023-02-08,1760,170.08
2023-02-09,1760,168.66
2023-02-10,1760,161.55
2023-02-13,1760,160.13
2023-02-14,1760,160.61
2023-02-15,1760,158.71
2023-02-16,1760,160.61
2023-02-17,1760,157.76
2023-02-20,1760,154.92
2023-02-21,1760,155.87
2023-02-22,1760,152.08
2023-02-23,1760,156.34
2023-02-24,1760,152.55
2023-02-01,1762,61.07
2023-02-02,1762,61.37
2023-02-03,1762,61.76
2023-02-06,1762,62.74
2023-02-07,1762,62.84
2023-02-08,1762,62.94
2023-02-09,1762,63.14
2023-02-10,1762,64.42
2023-02-13,1762,65.11
2023-02-14,1762,64.61
2023-02-15,1762,65.3
2023-02-16,1762,65.89
2023-02-17,1762,65.7
2023-02-20,1762,65.89
2023-02-21,1762,65.79
2023-02-22,1762,66.78
2023-02-23,1762,67.86
2023-02-24,1762,66.68
2023-02-01,1773,108.54
2023-02-02,1773,106.59
2023-02-03,1773,106.59
2023-02-06,1773,103.85
2023-02-07,1773,104.24
2023-02-08,1773,104.24
2023-02-09,1773,103.46
2023-02-10,1773,101.51
2023-02-13,1773,103.07
2023-02-14,1773,102.29
2023-02-15,1773,100.34
2023-02-16,1773,102.29
2023-02-17,1773,101.12
2023-02-20,1773,102.68
2023-02-21,1773,103.85
2023-02-22,1773,101.9
2023-02-23,1773,95.26
2023-02-24,1773,94.87
2023-02-01,1776,16.14
2023-02-02,1776,16.09
2023-02-03,1776,16.19
2023-02-06,1776,16.19
2023-02-07,1776,16.09
2023-02-08,1776,16.14
2023-02-09,1776,16.28
2023-02-10,1776,16.14
2023-02-13,1776,16.09
2023-02-14,1776,16.09
2023-02-15,1776,16.04
2023-02-16,1776,16.09
2023-02-17,1776,16.04
2023-02-20,1776,16.04
2023-02-21,1776,16.28
2023-02-22,1776,16.28
2023-02-23,1776,16.23
2023-02-24,1776,16.23
2023-02-01,1777,76.82
2023-02-02,1777,77.19
2023-02-03,1777,78.03
2023-02-06,1777,79.62
2023-02-07,1777,79.9
2023-02-08,1777,79.9
2023-02-09,1777,81.21
2023-02-10,1777,80.18
2023-02-13,1777,80.27
2023-02-14,1777,80.27
2023-02-15,1777,80.27
2023-02-16,1777,80.55
2023-02-17,1777,81.3
2023-02-20,1777,82.79
2023-02-21,1777,83.73
2023-02-22,1777,82.23
2023-02-23,1777,82.7
2023-02-24,1777,81.86
2023-02-01,1781,15.0
2023-02-02,1781,15.2
2023-02-03,1781,15.6
2023-02-06,1781,15.35
2023-02-07,1781,15.15
2023-02-08,1781,15.4
2023-02-09,1781,15.15
2023-02-10,1781,16.3
2023-02-13,1781,15.75
2023-02-14,1781,15.85
2023-02-15,1781,15.8
2023-02-16,1781,15.55
2023-02-17,1781,15.8
2023-02-20,1781,15.7
2023-02-21,1781,15.6
2023-02-22,1781,15.6
2023-02-23,1781,15.75
2023-02-24,1781,15.6
2023-02-01,1783,48.04
2023-02-02,1783,48.6
2023-02-03,1783,53.4
2023-02-06,1783,55.34
2023-02-07,1783,58.48
2023-02-08,1783,56.91
2023-02-09,1783,55.43
2023-02-10,1783,53.77
2023-02-13,1783,53.59
2023-02-14,1783,54.79
2023-02-15,1783,54.79
2023-02-16,1783,54.6
2023-02-17,1783,54.97
2023-02-20,1783,57.93
2023-02-21,1783,57.19
2023-02-22,1783,59.04
2023-02-23,1783,57.93
2023-02-24,1783,56.08
2023-02-01,1784,40.94
2023-02-02,1784,41.95
2023-02-03,1784,41.4
2023-02-06,1784,43.47
2023-02-07,1784,43.6
2023-02-08,1784,43.7
2023-02-09,1784,43.14
2023-02-10,1784,42.5
2023-02-13,1784,42.55
2023-02-14,1784,42.64
2023-02-15,1784,43.97
2023-02-16,1784,42.18
2023-02-17,1784,40.3
2023-02-20,1784,40.48
2023-02-21,1784,40.48
2023-02-22,1784,40.48
2023-02-23,1784,40.53
2023-02-24,1784,39.7
2023-02-01,1785,33.72
2023-02-02,1785,35.52
2023-02-03,1785,36.79
2023-02-06,1785,36.23
2023-02-07,1785,35.52
2023-02-08,1785,36.46
2023-02-09,1785,35.52
2023-02-10,1785,34.95
2023-02-13,1785,34.86
2023-02-14,1785,35.04
2023-02-15,1785,34.57
2023-02-16,1785,35.14
2023-02-17,1785,35.14
2023-02-20,1785,35.66
2023-02-21,1785,35.56
2023-02-22,1785,34.86
2023-02-23,1785,35.0
2023-02-24,1785,34.95
2023-02-01,1786,52.68
2023-02-02,1786,56.28
2023-02-03,1786,54.58
2023-02-06,1786,55.33
2023-02-07,1786,55.81
2023-02-08,1786,55.33
2023-02-09,1786,56.85
2023-02-10,1786,56.85
2023-02-13,1786,57.51
2023-02-14,1786,56.0
2023-02-15,1786,55.43
2023-02-16,1786,55.43
2023-02-17,1786,57.32
2023-02-20,1786,58.83
2023-02-21,1786,58.55
2023-02-22,1786,59.59
2023-02-23,1786,61.01
2023-02-24,1786,61.67
2023-02-01,1788,122.16
2023-02-02,1788,122.16
2023-02-03,1788,123.01
2023-02-06,1788,123.43
2023-02-07,1788,123.86
2023-02-08,1788,124.29
2023-02-09,1788,124.29
2023-02-10,1788,123.86
2023-02-13,1788,124.71
2023-02-14,1788,124.71
2023-02-15,1788,125.08
2023-02-16,1788,125.94
2023-02-17,1788,125.08
2023-02-20,1788,125.94
2023-02-21,1788,126.38
2023-02-22,1788,125.94
2023-02-23,1788,125.51
2023-02-24,1788,125.94
2023-02-01,1789,25.09
2023-02-02,1789,25.67
2023-02-03,1789,25.43
2023-02-06,1789,25.62
2023-02-07,1789,25.71
2023-02-08,1789,25.62
2023-02-09,1789,25.57
2023-02-10,1789,24.76
2023-02-13,1789,24.71
2023-02-14,1789,24.9
2023-02-15,1789,24.66
2023-02-16,1789,24.71
2023-02-17,1789,24.66
2023-02-20,1789,25.04
2023-02-21,1789,25.04
2023-02-22,1789,24.76
2023-02-23,1789,25.24
2023-02-24,1789,25.04
2023-02-01,1795,230.54
2023-02-02,1795,239.76
2023-02-03,1795,241.7
2023-02-06,1795,265.48
2023-02-07,1795,272.76
2023-02-08,1795,275.67
2023-02-09,1795,267.91
2023-02-10,1795,269.36
2023-02-13,1795,269.36
2023-02-14,1795,259.66
2023-02-15,1795,264.51
2023-02-16,1795,275.67
2023-02-17,1795,285.86
2023-02-20,1795,276.16
2023-02-21,1795,278.58
2023-02-22,1795,268.39
2023-02-23,1795,276.64
2023-02-24,1795,272.76
2023-02-01,1796,68.49
2023-02-02,1796,71.45
2023-02-03,1796,70.68
2023-02-06,1796,70.97
2023-02-07,1796,70.78
2023-02-08,1796,69.63
2023-02-09,1796,68.29
2023-02-10,1796,68.49
2023-02-13,1796,68.77
2023-02-14,1796,71.54
2023-02-15,1796,74.22
2023-02-16,1796,75.08
2023-02-17,1796,79.09
2023-02-20,1796,86.06
2023-02-21,1796,84.72
2023-02-22,1796,85.97
2023-02-23,1796,85.49
2023-02-24,1796,86.06
2023-02-01,1799,15.29
2023-02-02,1799,15.14
2023-02-03,1799,14.6
2023-02-06,1799,14.8
2023-02-07,1799,14.9
2023-02-08,1799,14.99
2023-02-09,1799,14.99
2023-02-10,1799,14.99
2023-02-13,1799,14.99
2023-02-14,1799,16.28
2023-02-15,1799,15.59
2023-02-16,1799,15.59
2023-02-17,1799,15.69
2023-02-20,1799,15.78
2023-02-21,1799,15.78
2023-02-22,1799,16.28
2023-02-23,1799,16.18
2023-02-24,1799,16.18
2023-02-01,1802,23.35
2023-02-02,1802,23.35
2023-02-03,1802,23.35
2023-02-06,1802,23.0
2023-02-07,1802,23.05
2023-02-08,1802,22.95
2023-02-09,1802,22.9
2023-02-10,1802,22.55
2023-02-13,1802,22.85
2023-02-14,1802,23.15
2023-02-15,1802,23.25
2023-02-16,1802,23.35
2023-02-17,1802,23.3
2023-02-20,1802,23.4
2023-02-21,1802,23.6
2023-02-22,1802,23.25
2023-02-23,1802,23.55
2023-02-24,1802,23.45
2023-02-01,1805,12.77
2023-02-02,1805,12.72
2023-02-03,1805,12.96
2023-02-06,1805,12.77
2023-02-07,1805,12.9
2023-02-08,1805,12.9
2023-02-09,1805,13.03
2023-02-10,1805,12.77
2023-02-13,1805,12.83
2023-02-14,1805,13.41
2023-02-15,1805,13.34
2023-02-16,1805,13.48
2023-02-17,1805,13.54
2023-02-20,1805,13.67
2023-02-21,1805,13.99
2023-02-22,1805,13.6
2023-02-23,1805,13.6
2023-02-24,1805,13.54
2023-02-01,1806,8.28
2023-02-02,1806,8.32
2023-02-03,1806,8.35
2023-02-06,1806,8.3
2023-02-07,1806,8.33
2023-02-08,1806,8.32
2023-02-09,1806,8.29
2023-02-10,1806,8.25
2023-02-13,1806,8.18
2023-02-14,1806,8.23
2023-02-15,1806,8.28
2023-02-16,1806,8.24
2023-02-17,1806,8.24
2023-02-20,1806,8.28
2023-02-21,1806,8.29
2023-02-22,1806,8.29
2023-02-23,1806,8.32
2023-02-24,1806,8.36
2023-02-01,1808,31.12
2023-02-02,1808,31.34
2023-02-03,1808,31.78
2023-02-06,1808,31.92
2023-02-07,1808,31.87
2023-02-08,1808,32.8
2023-02-09,1808,32.75
2023-02-10,1808,32.89
2023-02-13,1808,32.44
2023-02-14,1808,31.96
2023-02-15,1808,32.31
2023-02-16,1808,32.36
2023-02-17,1808,32.27
2023-02-20,1808,31.56
2023-02-21,1808,31.7
2023-02-22,1808,31.3
2023-02-23,1808,31.39
2023-02-24,1808,31.34
2023-02-01,1809,14.2
2023-02-02,1809,13.86
2023-02-03,1809,14.3
2023-02-06,1809,14.25
2023-02-07,1809,14.2
2023-02-08,1809,14.16
2023-02-09,1809,14.11
2023-02-10,1809,14.01
2023-02-13,1809,13.86
2023-02-14,1809,14.25
2023-02-15,1809,14.11
2023-02-16,1809,14.16
2023-02-17,1809,14.16
2023-02-20,1809,14.2
2023-02-21,1809,14.06
2023-02-22,1809,13.91
2023-02-23,1809,14.01
2023-02-24,1809,13.81
2023-02-01,1810,19.05
2023-02-02,1810,18.37
2023-02-03,1810,18.13
2023-02-06,1810,17.99
2023-02-07,1810,17.94
2023-02-08,1810,17.74
2023-02-09,1810,18.03
2023-02-10,1810,19.0
2023-02-13,1810,18.37
2023-02-14,1810,18.03
2023-02-15,1810,18.03
2023-02-16,1810,18.13
2023-02-17,1810,18.42
2023-02-20,1810,18.66
2023-02-21,1810,18.76
2023-02-22,1810,19.2
2023-02-23,1810,18.95
2023-02-24,1810,18.52
2023-02-01,1813,20.69
2023-02-02,1813,20.64
2023-02-03,1813,20.83
2023-02-06,1813,21.03
2023-02-07,1813,20.88
2023-02-08,1813,20.98
2023-02-09,1813,21.08
2023-02-10,1813,21.27
2023-02-13,1813,21.32
2023-02-14,1813,21.42
2023-02-15,1813,21.13
2023-02-16,1813,21.52
2023-02-17,1813,21.86
2023-02-20,1813,21.76
2023-02-21,1813,21.76
2023-02-22,1813,21.37
2023-02-23,1813,21.96
2023-02-24,1813,21.96
2023-02-01,1815,11.88
2023-02-02,1815,11.98
2023-02-03,1815,12.07
2023-02-06,1815,11.93
2023-02-07,1815,12.03
2023-02-08,1815,12.17
2023-02-09,1815,12.07
2023-02-10,1815,11.88
2023-02-13,1815,11.84
2023-02-14,1815,11.88
2023-02-15,1815,11.79
2023-02-16,1815,12.03
2023-02-17,1815,11.98
2023-02-20,1815,12.07
2023-02-21,1815,12.12
2023-02-22,1815,12.07
2023-02-23,1815,12.12
2023-02-24,1815,12.12
2023-02-01,1817,33.85
2023-02-02,1817,33.98
2023-02-03,1817,34.07
2023-02-06,1817,33.98
2023-02-07,1817,34.07
2023-02-08,1817,34.32
2023-02-09,1817,34.32
2023-02-10,1817,33.68
2023-02-13,1817,33.13
2023-02-14,1817,32.96
2023-02-15,1817,32.88
2023-02-16,1817,33.81
2023-02-17,1817,33.51
2023-02-20,1817,33.6
2023-02-21,1817,33.39
2023-02-22,1817,33.05
2023-02-23,1817,33.05
2023-02-24,1817,33.05
2023-02-01,1903,48.4
2023-02-02,1903,48.85
2023-02-03,1903,49.5
2023-02-06,1903,49.25
2023-02-07,1903,49.4
2023-02-08,1903,49.55
2023-02-09,1903,49.15
2023-02-10,1903,49.35
2023-02-13,1903,49.1
2023-02-14,1903,49.2
2023-02-15,1903,48.5
2023-02-16,1903,48.7
2023-02-17,1903,49.15
2023-02-20,1903,49.0
2023-02-21,1903,49.25
2023-02-22,1903,48.9
2023-02-23,1903,49.1
2023-02-24,1903,48.8
2023-02-01,1904,26.75
2023-02-02,1904,26.89
2023-02-03,1904,26.94
2023-02-06,1904,26.52
2023-02-07,1904,26.98
2023-02-08,1904,26.94
2023-02-09,1904,26.89
2023-02-10,1904,26.7
2023-02-13,1904,26.47
2023-02-14,1904,26.57
2023-02-15,1904,26.38
2023-02-16,1904,26.47
2023-02-17,1904,26.52
2023-02-20,1904,26.57
2023-02-21,1904,26.61
2023-02-22,1904,26.52
2023-02-23,1904,26.52
2023-02-24,1904,26.75
2023-02-01,1905,16.86
2023-02-02,1905,16.91
2023-02-03,1905,17.06
2023-02-06,1905,16.96
2023-02-07,1905,17.01
2023-02-08,1905,17.06
2023-02-09,1905,16.96
2023-02-10,1905,16.71
2023-02-13,1905,16.66
2023-02-14,1905,16.71
2023-02-15,1905,16.61
2023-02-16,1905,16.66
2023-02-17,1905,16.61
2023-02-20,1905,16.76
2023-02-21,1905,16.76
2023-02-22,1905,16.66
2023-02-23,1905,16.91
2023-02-24,1905,17.26
2023-02-01,1906,16.92
2023-02-02,1906,17.01
2023-02-03,1906,17.11
2023-02-06,1906,16.87
2023-02-07,1906,16.87
2023-02-08,1906,16.82
2023-02-09,1906,16.68
2023-02-10,1906,16.77
2023-02-13,1906,16.77
2023-02-14,1906,16.77
2023-02-15,1906,16.87
2023-02-16,1906,16.87
2023-02-17,1906,16.92
2023-02-20,1906,16.92
2023-02-21,1906,16.92
2023-02-22,1906,16.92
2023-02-23,1906,17.06
2023-02-24,1906,17.2
2023-02-01,1907,23.42
2023-02-02,1907,23.84
2023-02-03,1907,23.93
2023-02-06,1907,23.65
2023-02-07,1907,23.84
2023-02-08,1907,23.97
2023-02-09,1907,23.84
2023-02-10,1907,23.7
2023-02-13,1907,23.88
2023-02-14,1907,23.79
2023-02-15,1907,23.56
2023-02-16,1907,23.74
2023-02-17,1907,23.84
2023-02-20,1907,23.88
2023-02-21,1907,23.74
2023-02-22,1907,23.88
2023-02-23,1907,24.29
2023-02-24,1907,24.84
2023-02-01,1909,18.38
2023-02-02,1909,18.33
2023-02-03,1909,18.43
2023-02-06,1909,17.84
2023-02-07,1909,17.99
2023-02-08,1909,17.94
2023-02-09,1909,17.74
2023-02-10,1909,17.69
2023-02-13,1909,17.89
2023-02-14,1909,17.94
2023-02-15,1909,18.13
2023-02-16,1909,18.08
2023-02-17,1909,18.28
2023-02-20,1909,18.63
2023-02-21,1909,18.38
2023-02-22,1909,18.38
2023-02-23,1909,18.68
2023-02-24,1909,18.68
2023-02-01,2002,30.91
2023-02-02,2002,30.86
2023-02-03,2002,30.33
2023-02-06,2002,29.99
2023-02-07,2002,30.38
2023-02-08,2002,30.38
2023-02-09,2002,30.23
2023-02-10,2002,30.19
2023-02-13,2002,30.38
2023-02-14,2002,30.38
2023-02-15,2002,30.28
2023-02-16,2002,30.52
2023-02-17,2002,30.62
2023-02-20,2002,30.91
2023-02-21,2002,31.01
2023-02-22,2002,30.86
2023-02-23,2002,30.72
2023-02-24,2002,30.33
2023-02-01,2002A,44.92
2023-02-02,2002A,44.97
2023-02-03,2002A,44.97
2023-02-06,2002A,45.02
2023-02-07,2002A,45.02
2023-02-08,2002A,45.02
2023-02-09,2002A,45.07
2023-02-10,2002A,44.97
2023-02-13,2002A,45.07
2023-02-14,2002A,45.21
2023-02-15,2002A,45.17
2023-02-17,2002A,45.36
2023-02-20,2002A,45.36
2023-02-21,2002A,45.36
2023-02-22,2002A,45.31
2023-02-23,2002A,45.26
2023-02-01,2006,48.15
2023-02-02,2006,47.98
2023-02-03,2006,48.66
2023-02-06,2006,49.08
2023-02-07,2006,49.25
2023-02-08,2006,49.08
2023-02-09,2006,49.0
2023-02-10,2006,47.81
2023-02-13,2006,47.73
2023-02-14,2006,47.81
2023-02-15,2006,47.39
2023-02-16,2006,48.07
2023-02-17,2006,47.9
2023-02-20,2006,48.15
2023-02-21,2006,48.41
2023-02-22,2006,47.64
2023-02-23,2006,48.91
2023-02-24,2006,50.35
2023-02-01,2007,12.55
2023-02-02,2007,12.45
2023-02-03,2007,12.3
2023-02-06,2007,12.3
2023-02-07,2007,12.45
2023-02-08,2007,12.45
2023-02-09,2007,12.3
2023-02-10,2007,11.95
2023-02-13,2007,12.0
2023-02-14,2007,12.15
2023-02-15,2007,12.05
2023-02-16,2007,12.15
2023-02-17,2007,12.45
2023-02-20,2007,12.55
2023-02-21,2007,12.7
2023-02-22,2007,12.55
2023-02-23,2007,12.65
2023-02-24,2007,12.45
2023-02-01,2008,16.86
2023-02-02,2008,16.86
2023-02-03,2008,16.91
2023-02-06,2008,16.95
2023-02-07,2008,16.86
2023-02-08,2008,16.91
2023-02-09,2008,16.86
2023-02-10,2008,16.82
2023-02-13,2008,16.86
2023-02-14,2008,16.91
2023-02-15,2008,16.86
2023-02-16,2008,16.91
2023-02-17,2008,16.91
2023-02-20,2008,16.95
2023-02-21,2008,17.0
2023-02-22,2008,16.86
2023-02-23,2008,17.0
2023-02-24,2008,17.05
2023-02-01,2009,36.48
2023-02-02,2009,35.98
2023-02-03,2009,35.09
2023-02-06,2009,35.34
2023-02-07,2009,35.34
2023-02-08,2009,36.58
2023-02-09,2009,36.13
2023-02-10,2009,35.59
2023-02-13,2009,35.14
2023-02-14,2009,36.08
2023-02-15,2009,35.93
2023-02-16,2009,36.33
2023-02-17,2009,36.38
2023-02-20,2009,36.43
2023-02-21,2009,36.28
2023-02-22,2009,35.83
2023-02-23,2009,35.88
2023-02-24,2009,35.44
2023-02-01,2010,14.21
2023-02-02,2010,14.25
2023-02-03,2010,14.29
2023-02-06,2010,14.29
2023-02-07,2010,14.38
2023-02-08,2010,14.33
2023-02-09,2010,14.33
2023-02-10,2010,14.29
2023-02-13,2010,14.25
2023-02-14,2010,14.29
2023-02-15,2010,14.25
2023-02-16,2010,14.29
2023-02-17,2010,14.33
2023-02-20,2010,14.46
2023-02-21,2010,14.46
2023-02-22,2010,14.33
2023-02-23,2010,14.51
2023-02-24,2010,14.51
2023-02-01,2012,23.05
2023-02-02,2012,22.87
2023-02-03,2012,23.05
2023-02-06,2012,22.77
2023-02-07,2012,22.54
2023-02-08,2012,22.54
2023-02-09,2012,22.31
2023-02-10,2012,22.4
2023-02-13,2012,22.4
2023-02-14,2012,22.54
2023-02-15,2012,22.59
2023-02-16,2012,22.63
2023-02-17,2012,22.68
2023-02-20,2012,22.73
2023-02-21,2012,22.59
2023-02-22,2012,22.5
2023-02-23,2012,22.73
2023-02-24,2012,22.82
2023-02-01,2013,54.25
2023-02-02,2013,53.98
2023-02-03,2013,54.07
2023-02-06,2013,54.34
2023-02-07,2013,54.07
2023-02-08,2013,53.89
2023-02-09,2013,51.29
2023-02-10,2013,51.56
2023-02-13,2013,51.74
2023-02-14,2013,51.65
2023-02-15,2013,52.18
2023-02-16,2013,52.36
2023-02-17,2013,52.18
2023-02-20,2013,52.0
2023-02-21,2013,51.92
2023-02-22,2013,52.54
2023-02-23,2013,52.99
2023-02-24,2013,53.62
2023-02-01,2014,28.34
2023-02-02,2014,28.05
2023-02-03,2014,27.41
2023-02-06,2014,27.65
2023-02-07,2014,28.39
2023-02-08,2014,28.24
2023-02-09,2014,28.0
2023-02-10,2014,27.7
2023-02-13,2014,28.44
2023-02-14,2014,28.39
2023-02-15,2014,28.0
2023-02-16,2014,28.39
2023-02-17,2014,28.59
2023-02-20,2014,28.79
2023-02-21,2014,28.84
2023-02-22,2014,28.79
2023-02-23,2014,29.28
2023-02-24,2014,28.49
2023-02-01,2015,59.3
2023-02-02,2015,59.47
2023-02-03,2015,60.75
2023-02-06,2015,60.41
2023-02-07,2015,59.81
2023-02-08,2015,59.98
2023-02-09,2015,59.56
2023-02-10,2015,59.9
2023-02-13,2015,60.15
2023-02-14,2015,60.15
2023-02-15,2015,60.24
2023-02-16,2015,62.46
2023-02-17,2015,61.18
2023-02-20,2015,61.44
2023-02-21,2015,61.44
2023-02-22,2015,61.61
2023-02-23,2015,62.04
2023-02-24,2015,60.92
2023-02-01,2017,14.08
2023-02-02,2017,14.03
2023-02-03,2017,13.99
2023-02-06,2017,14.39
2023-02-07,2017,14.3
2023-02-08,2017,14.35
2023-02-09,2017,14.3
2023-02-10,2017,14.3
2023-02-13,2017,14.66
2023-02-14,2017,15.47
2023-02-15,2017,15.47
2023-02-16,2017,16.28
2023-02-17,2017,16.73
2023-02-20,2017,16.91
2023-02-21,2017,16.32
2023-02-22,2017,16.64
2023-02-23,2017,16.73
2023-02-24,2017,17.18
2023-02-01,2020,16.83
2023-02-02,2020,16.73
2023-02-03,2020,16.8
2023-02-06,2020,16.73
2023-02-07,2020,16.76
2023-02-08,2020,16.76
2023-02-09,2020,16.69
2023-02-10,2020,16.62
2023-02-13,2020,16.55
2023-02-14,2020,16.52
2023-02-15,2020,16.48
2023-02-16,2020,16.66
2023-02-17,2020,16.69
2023-02-20,2020,16.73
2023-02-21,2020,16.73
2023-02-22,2020,16.62
2023-02-23,2020,16.69
2023-02-24,2020,16.66
2023-02-01,2022,11.97
2023-02-02,2022,11.91
2023-02-03,2022,11.87
2023-02-06,2022,11.85
2023-02-07,2022,11.84
2023-02-08,2022,11.78
2023-02-09,2022,11.7
2023-02-10,2022,11.67
2023-02-13,2022,11.64
2023-02-14,2022,11.77
2023-02-15,2022,12.07
2023-02-16,2022,12.06
2023-02-17,2022,12.01
2023-02-20,2022,12.1
2023-02-21,2022,12.2
2023-02-22,2022,12.28
2023-02-23,2022,12.34
2023-02-24,2022,12.33
2023-02-01,2023,16.48
2023-02-02,2023,16.67
2023-02-03,2023,16.48
2023-02-06,2023,16.53
2023-02-07,2023,16.57
2023-02-08,2023,16.53
2023-02-09,2023,16.43
2023-02-10,2023,16.09
2023-02-13,2023,16.09
2023-02-14,2023,16.05
2023-02-15,2023,15.95
2023-02-16,2023,16.29
2023-02-17,2023,16.29
2023-02-20,2023,16.38
2023-02-21,2023,16.53
2023-02-22,2023,16.53
2023-02-23,2023,16.77
2023-02-24,2023,16.62
2023-02-01,2024,18.52
2023-02-02,2024,18.62
2023-02-03,2024,18.92
2023-02-06,2024,18.82
2023-02-07,2024,19.11
2023-02-08,2024,19.11
2023-02-09,2024,18.48
2023-02-10,2024,18.62
2023-02-13,2024,18.82
2023-02-14,2024,19.06
2023-02-15,2024,18.97
2023-02-16,2024,18.82
2023-02-17,2024,19.06
2023-02-20,2024,18.82
2023-02-21,2024,18.77
2023-02-22,2024,18.82
2023-02-23,2024,18.82
2023-02-24,2024,18.82
2023-02-01,2025,8.22
2023-02-02,2025,8.14
2023-02-03,2025,8.17
2023-02-06,2025,8.2
2023-02-07,2025,8.53
2023-02-08,2025,8.48
2023-02-09,2025,8.51
2023-02-10,2025,8.51
2023-02-13,2025,8.48
2023-02-14,2025,8.48
2023-02-15,2025,8.53
2023-02-16,2025,8.54
2023-02-17,2025,9.03
2023-02-20,2025,9.24
2023-02-21,2025,9.33
2023-02-22,2025,9.49
2023-02-23,2025,9.38
2023-02-24,2025,9.39
2023-02-01,2027,33.28
2023-02-02,2027,33.31
2023-02-03,2027,32.76
2023-02-06,2027,32.57
2023-02-07,2027,32.87
2023-02-08,2027,32.76
2023-02-09,2027,32.91
2023-02-10,2027,32.46
2023-02-13,2027,32.72
2023-02-14,2027,32.57
2023-02-15,2027,31.79
2023-02-16,2027,31.94
2023-02-17,2027,31.72
2023-02-20,2027,32.24
2023-02-21,2027,32.2
2023-02-22,2027,32.02
2023-02-23,2027,32.31
2023-02-24,2027,32.24
2023-02-01,2028,28.95
2023-02-02,2028,28.95
2023-02-03,2028,27.82
2023-02-06,2028,27.59
2023-02-07,2028,27.96
2023-02-08,2028,27.68
2023-02-09,2028,27.12
2023-02-10,2028,26.51
2023-02-13,2028,26.93
2023-02-14,2028,26.65
2023-02-15,2028,26.65
2023-02-16,2028,27.07
2023-02-17,2028,27.63
2023-02-20,2028,27.68
2023-02-21,2028,27.26
2023-02-22,2028,26.79
2023-02-23,2028,27.4
2023-02-24,2028,26.98
2023-02-01,2029,22.37
2023-02-02,2029,22.29
2023-02-03,2029,21.98
2023-02-06,2029,22.03
2023-02-07,2029,22.2
2023-02-08,2029,22.24
2023-02-09,2029,22.07
2023-02-10,2029,21.77
2023-02-13,2029,21.72
2023-02-14,2029,21.9
2023-02-15,2029,21.9
2023-02-16,2029,22.07
2023-02-17,2029,22.16
2023-02-20,2029,22.29
2023-02-21,2029,22.29
2023-02-22,2029,22.11
2023-02-23,2029,22.42
2023-02-24,2029,22.33
2023-02-01,2030,21.1
2023-02-02,2030,21.15
2023-02-03,2030,20.89
2023-02-06,2030,20.63
2023-02-07,2030,20.8
2023-02-08,2030,20.58
2023-02-09,2030,20.5
2023-02-10,2030,20.15
2023-02-13,2030,20.19
2023-02-14,2030,20.24
2023-02-15,2030,20.11
2023-02-16,2030,20.32
2023-02-17,2030,20.24
2023-02-20,2030,20.41
2023-02-21,2030,20.54
2023-02-22,2030,20.32
2023-02-23,2030,20.45
2023-02-24,2030,20.32
2023-02-01,2031,42.0
2023-02-02,2031,41.61
2023-02-03,2031,41.74
2023-02-06,2031,41.12
2023-02-07,2031,41.26
2023-02-08,2031,40.99
2023-02-09,2031,40.25
2023-02-10,2031,39.46
2023-02-13,2031,39.06
2023-02-14,2031,39.59
2023-02-15,2031,39.37
2023-02-16,2031,39.77
2023-02-17,2031,39.59
2023-02-20,2031,39.94
2023-02-21,2031,39.85
2023-02-22,2031,38.8
2023-02-23,2031,39.24
2023-02-24,2031,39.2
2023-02-01,2032,21.11
2023-02-02,2032,20.92
2023-02-03,2032,20.2
2023-02-06,2032,20.34
2023-02-07,2032,20.54
2023-02-08,2032,20.44
2023-02-09,2032,20.3
2023-02-10,2032,19.91
2023-02-13,2032,19.96
2023-02-14,2032,20.01
2023-02-15,2032,20.06
2023-02-16,2032,20.1
2023-02-17,2032,20.1
2023-02-20,2032,20.2
2023-02-21,2032,20.2
2023-02-22,2032,20.01
2023-02-23,2032,20.25
2023-02-24,2032,19.96
2023-02-01,2033,16.0
2023-02-02,2033,15.85
2023-02-03,2033,15.7
2023-02-06,2033,15.85
2023-02-07,2033,16.05
2023-02-08,2033,15.8
2023-02-09,2033,15.7
2023-02-10,2033,15.3
2023-02-13,2033,15.3
2023-02-14,2033,15.3
2023-02-15,2033,15.1
2023-02-16,2033,15.3
2023-02-17,2033,15.25
2023-02-20,2033,15.7
2023-02-21,2033,15.85
2023-02-22,2033,15.65
2023-02-23,2033,16.2
2023-02-24,2033,16.2
2023-02-01,2034,26.38
2023-02-02,2034,26.16
2023-02-03,2034,25.87
2023-02-06,2034,25.87
2023-02-07,2034,26.21
2023-02-08,2034,26.5
2023-02-09,2034,26.21
2023-02-10,2034,25.74
2023-02-13,2034,26.21
2023-02-14,2034,26.25
2023-02-15,2034,26.16
2023-02-16,2034,26.16
2023-02-17,2034,26.5
2023-02-20,2034,26.59
2023-02-21,2034,26.5
2023-02-22,2034,26.55
2023-02-23,2034,26.76
2023-02-24,2034,26.5
2023-02-01,2035,31.6
2023-02-02,2035,31.9
2023-02-03,2035,31.95
2023-02-06,2035,32.15
2023-02-07,2035,32.1
2023-02-08,2035,31.8
2023-02-09,2035,32.05
2023-02-10,2035,31.9
2023-02-13,2035,32.05
2023-02-14,2035,31.95
2023-02-15,2035,32.2
2023-02-16,2035,32.1
2023-02-17,2035,32.15
2023-02-20,2035,32.15
2023-02-21,2035,32.2
2023-02-22,2035,32.05
2023-02-23,2035,32.15
2023-02-24,2035,32.05
2023-02-01,2038,22.76
2023-02-02,2038,22.61
2023-02-03,2038,21.99
2023-02-06,2038,21.8
2023-02-07,2038,22.18
2023-02-08,2038,22.09
2023-02-09,2038,21.8
2023-02-10,2038,21.52
2023-02-13,2038,21.47
2023-02-14,2038,21.61
2023-02-15,2038,21.42
2023-02-16,2038,21.85
2023-02-17,2038,21.95
2023-02-20,2038,22.04
2023-02-21,2038,21.9
2023-02-22,2038,21.71
2023-02-23,2038,22.09
2023-02-24,2038,21.71
2023-02-01,2049,214.5
2023-02-02,2049,220.69
2023-02-03,2049,218.79
2023-02-06,2049,219.26
2023-02-07,2049,221.17
2023-02-08,2049,234.99
2023-02-09,2049,234.51
2023-02-10,2049,225.93
2023-02-13,2049,230.22
2023-02-14,2049,229.75
2023-02-15,2049,226.89
2023-02-16,2049,221.17
2023-02-17,2049,226.41
2023-02-20,2049,224.98
2023-02-21,2049,235.94
2023-02-22,2049,235.47
2023-02-23,2049,233.56
2023-02-24,2049,239.28
2023-02-01,2059,383.24
2023-02-02,2059,394.84
2023-02-03,2059,391.46
2023-02-06,2059,385.66
2023-02-07,2059,387.59
2023-02-08,2059,387.11
2023-02-09,2059,382.76
2023-02-10,2059,379.38
2023-02-13,2059,376.48
2023-02-14,2059,376.96
2023-02-15,2059,373.58
2023-02-16,2059,382.28
2023-02-17,2059,388.56
2023-02-20,2059,387.11
2023-02-21,2059,390.01
2023-02-22,2059,387.59
2023-02-23,2059,390.49
2023-02-24,2059,403.54
2023-02-01,2061,24.85
2023-02-02,2061,24.8
2023-02-03,2061,24.51
2023-02-06,2061,26.67
2023-02-07,2061,26.32
2023-02-08,2061,26.23
2023-02-09,2061,25.79
2023-02-10,2061,25.3
2023-02-13,2061,25.88
2023-02-14,2061,25.83
2023-02-15,2061,25.79
2023-02-16,2061,25.59
2023-02-17,2061,26.13
2023-02-20,2061,25.98
2023-02-21,2061,26.08
2023-02-22,2061,25.88
2023-02-23,2061,25.98
2023-02-24,2061,25.83
2023-02-01,2062,22.63
2023-02-02,2062,22.86
2023-02-03,2062,22.77
2023-02-06,2062,22.82
2023-02-07,2062,22.31
2023-02-08,2062,22.26
2023-02-09,2062,22.12
2023-02-10,2062,22.49
2023-02-13,2062,22.21
2023-02-14,2062,22.03
2023-02-15,2062,21.98
2023-02-16,2062,22.12
2023-02-17,2062,22.12
2023-02-20,2062,22.21
2023-02-21,2062,22.31
2023-02-22,2062,22.12
2023-02-23,2062,22.17
2023-02-24,2062,21.89
2023-02-01,2063,38.0
2023-02-02,2063,38.12
2023-02-03,2063,37.91
2023-02-06,2063,37.62
2023-02-07,2063,38.84
2023-02-08,2063,38.92
2023-02-09,2063,38.12
2023-02-10,2063,37.91
2023-02-13,2063,38.33
2023-02-14,2063,38.59
2023-02-15,2063,41.11
2023-02-16,2063,39.6
2023-02-17,2063,39.81
2023-02-20,2063,38.88
2023-02-21,2063,38.8
2023-02-22,2063,38.71
2023-02-23,2063,39.51
2023-02-24,2063,40.1
2023-02-01,2064,17.31
2023-02-02,2064,17.36
2023-02-03,2064,17.46
2023-02-06,2064,17.41
2023-02-07,2064,17.55
2023-02-08,2064,17.55
2023-02-09,2064,17.46
2023-02-10,2064,17.65
2023-02-13,2064,17.22
2023-02-14,2064,17.22
2023-02-15,2064,17.22
2023-02-16,2064,17.31
2023-02-17,2064,17.12
2023-02-20,2064,17.46
2023-02-21,2064,18.03
2023-02-22,2064,18.17
2023-02-23,2064,18.5
2023-02-24,2064,18.45
2023-02-01,2065,45.31
2023-02-02,2065,45.4
2023-02-03,2065,45.23
2023-02-06,2065,45.07
2023-02-07,2065,45.07
2023-02-08,2065,45.31
2023-02-09,2065,45.15
2023-02-10,2065,45.31
2023-02-13,2065,45.81
2023-02-14,2065,46.38
2023-02-15,2065,47.2
2023-02-16,2065,47.45
2023-02-17,2065,47.7
2023-02-20,2065,47.62
2023-02-21,2065,48.03
2023-02-22,2065,47.7
2023-02-23,2065,47.7
2023-02-24,2065,47.78
2023-02-01,2066,77.52
2023-02-02,2066,77.52
2023-02-03,2066,76.66
2023-02-06,2066,77.33
2023-02-07,2066,77.99
2023-02-08,2066,81.02
2023-02-09,2066,80.93
2023-02-10,2066,80.36
2023-02-13,2066,81.4
2023-02-14,2066,81.5
2023-02-15,2066,80.83
2023-02-16,2066,81.4
2023-02-17,2066,81.69
2023-02-20,2066,82.73
2023-02-21,2066,81.78
2023-02-22,2066,79.41
2023-02-23,2066,79.41
2023-02-24,2066,79.79
2023-02-01,2067,10.35
2023-02-02,2067,10.35
2023-02-03,2067,10.15
2023-02-06,2067,10.15
2023-02-07,2067,10.35
2023-02-08,2067,10.45
2023-02-09,2067,10.5
2023-02-10,2067,10.75
2023-02-13,2067,10.7
2023-02-14,2067,10.6
2023-02-15,2067,10.55
2023-02-16,2067,10.55
2023-02-17,2067,10.55
2023-02-20,2067,10.6
2023-02-21,2067,10.6
2023-02-22,2067,10.7
2023-02-23,2067,10.7
2023-02-01,2069,18.7
2023-02-02,2069,18.96
2023-02-03,2069,18.7
2023-02-06,2069,18.44
2023-02-07,2069,18.61
2023-02-08,2069,18.7
2023-02-09,2069,18.7
2023-02-10,2069,18.44
2023-02-13,2069,18.4
2023-02-14,2069,18.48
2023-02-15,2069,18.4
2023-02-16,2069,18.61
2023-02-17,2069,18.66
2023-02-20,2069,18.87
2023-02-21,2069,18.79
2023-02-22,2069,18.53
2023-02-23,2069,18.79
2023-02-24,2069,18.57
2023-02-01,2070,34.83
2023-02-02,2070,34.83
2023-02-03,2070,33.93
2023-02-06,2070,34.2
2023-02-07,2070,34.38
2023-02-08,2070,34.38
2023-02-09,2070,34.56
2023-02-10,2070,34.88
2023-02-13,2070,34.74
2023-02-14,2070,34.38
2023-02-15,2070,34.33
2023-02-16,2070,33.11
2023-02-17,2070,32.25
2023-02-20,2070,32.57
2023-02-21,2070,33.02
2023-02-22,2070,33.88
2023-02-23,2070,33.11
2023-02-24,2070,33.38
2023-02-01,2073,30.5
2023-02-02,2073,30.46
2023-02-03,2073,30.5
2023-02-06,2073,29.84
2023-02-07,2073,30.65
2023-02-08,2073,30.17
2023-02-09,2073,30.65
2023-02-10,2073,30.65
2023-02-14,2073,31.87
2023-02-15,2073,32.06
2023-02-16,2073,32.06
2023-02-17,2073,31.68
2023-02-20,2073,33.47
2023-02-21,2073,34.42
2023-02-22,2073,35.22
2023-02-23,2073,33.47
2023-02-24,2073,33.76
2023-02-01,2101,33.6
2023-02-02,2101,33.55
2023-02-03,2101,34.09
2023-02-06,2101,34.24
2023-02-07,2101,34.29
2023-02-08,2101,34.29
2023-02-09,2101,34.44
2023-02-10,2101,37.06
2023-02-13,2101,34.44
2023-02-14,2101,34.59
2023-02-15,2101,34.78
2023-02-16,2101,34.78
2023-02-17,2101,34.83
2023-02-20,2101,35.62
2023-02-21,2101,36.76
2023-02-22,2101,36.56
2023-02-23,2101,36.51
2023-02-24,2101,36.17
2023-02-01,2102,20.75
2023-02-02,2102,20.8
2023-02-03,2102,20.9
2023-02-06,2102,20.4
2023-02-07,2102,20.35
2023-02-08,2102,20.35
2023-02-09,2102,20.95
2023-02-13,2102,19.65
2023-02-14,2102,19.5
2023-02-15,2102,19.65
2023-02-16,2102,19.95
2023-02-17,2102,20.65
2023-02-20,2102,21.65
2023-02-21,2102,21.85
2023-02-22,2102,21.85
2023-02-23,2102,21.95
2023-02-24,2102,21.7
2023-02-01,2103,25.31
2023-02-02,2103,25.81
2023-02-03,2103,26.76
2023-02-06,2103,27.03
2023-02-07,2103,26.94
2023-02-08,2103,26.89
2023-02-09,2103,26.3
2023-02-10,2103,25.94
2023-02-13,2103,26.03
2023-02-14,2103,26.62
2023-02-15,2103,26.44
2023-02-16,2103,26.03
2023-02-17,2103,26.17
2023-02-20,2103,26.26
2023-02-21,2103,26.35
2023-02-22,2103,26.3
2023-02-23,2103,26.4
2023-02-24,2103,26.26
2023-02-01,2104,20.11
2023-02-02,2104,20.41
2023-02-03,2104,20.5
2023-02-06,2104,20.6
2023-02-07,2104,20.6
2023-02-08,2104,20.41
2023-02-09,2104,20.41
2023-02-10,2104,20.21
2023-02-13,2104,20.11
2023-02-14,2104,20.26
2023-02-15,2104,20.11
2023-02-16,2104,20.26
2023-02-17,2104,20.5
2023-02-20,2104,20.85
2023-02-21,2104,20.8
2023-02-22,2104,20.75
2023-02-23,2104,20.9
2023-02-24,2104,20.7
2023-02-01,2105,30.72
2023-02-02,2105,30.67
2023-02-03,2105,30.58
2023-02-06,2105,30.23
2023-02-07,2105,30.1
2023-02-08,2105,30.01
2023-02-09,2105,30.01
2023-02-10,2105,30.05
2023-02-13,2105,30.23
2023-02-14,2105,30.27
2023-02-15,2105,30.14
2023-02-16,2105,30.36
2023-02-17,2105,30.58
2023-02-20,2105,30.63
2023-02-21,2105,31.03
2023-02-22,2105,30.63
2023-02-23,2105,30.85
2023-02-24,2105,30.32
2023-02-01,2106,26.9
2023-02-02,2106,27.03
2023-02-03,2106,27.17
2023-02-06,2106,27.17
2023-02-07,2106,27.17
2023-02-08,2106,27.08
2023-02-09,2106,27.03
2023-02-10,2106,27.12
2023-02-13,2106,26.99
2023-02-14,2106,27.08
2023-02-15,2106,27.25
2023-02-16,2106,27.64
2023-02-17,2106,27.38
2023-02-20,2106,27.43
2023-02-21,2106,27.34
2023-02-22,2106,27.21
2023-02-23,2106,27.21
2023-02-24,2106,26.95
2023-02-01,2107,20.12
2023-02-02,2107,20.22
2023-02-03,2107,20.16
2023-02-06,2107,20.08
2023-02-07,2107,20.03
2023-02-08,2107,19.99
2023-02-09,2107,19.94
2023-02-10,2107,19.94
2023-02-13,2107,19.81
2023-02-14,2107,19.9
2023-02-15,2107,19.85
2023-02-16,2107,19.94
2023-02-17,2107,19.94
2023-02-20,2107,20.12
2023-02-21,2107,20.08
2023-02-22,2107,20.03
2023-02-23,2107,19.99
2023-02-24,2107,20.16
2023-02-01,2108,35.87
2023-02-02,2108,36.77
2023-02-03,2108,36.59
2023-02-06,2108,35.74
2023-02-07,2108,36.19
2023-02-08,2108,37.58
2023-02-09,2108,37.62
2023-02-10,2108,36.95
2023-02-13,2108,36.32
2023-02-14,2108,36.68
2023-02-15,2108,36.37
2023-02-16,2108,36.64
2023-02-17,2108,37.49
2023-02-20,2108,37.76
2023-02-21,2108,38.2
2023-02-22,2108,38.47
2023-02-23,2108,38.34
2023-02-24,2108,38.79
2023-02-01,2109,12.17
2023-02-02,2109,12.09
2023-02-03,2109,12.0
2023-02-06,2109,11.96
2023-02-07,2109,12.04
2023-02-08,2109,12.09
2023-02-09,2109,12.09
2023-02-10,2109,12.42
2023-02-13,2109,12.34
2023-02-14,2109,12.25
2023-02-15,2109,12.09
2023-02-16,2109,12.25
2023-02-17,2109,12.17
2023-02-20,2109,12.25
2023-02-21,2109,12.34
2023-02-22,2109,12.38
2023-02-23,2109,12.34
2023-02-24,2109,12.38
2023-02-01,2114,84.42
2023-02-02,2114,85.97
2023-02-03,2114,86.14
2023-02-06,2114,85.88
2023-02-07,2114,85.54
2023-02-08,2114,85.97
2023-02-09,2114,85.97
2023-02-10,2114,85.11
2023-02-13,2114,84.59
2023-02-14,2114,84.59
2023-02-15,2114,84.42
2023-02-16,2114,84.59
2023-02-17,2114,84.85
2023-02-20,2114,85.88
2023-02-21,2114,85.37
2023-02-22,2114,84.76
2023-02-23,2114,85.71
2023-02-24,2114,85.45
2023-02-01,2115,25.73
2023-02-02,2115,25.69
2023-02-03,2115,25.82
2023-02-06,2115,25.73
2023-02-07,2115,25.52
2023-02-08,2115,25.61
2023-02-09,2115,25.48
2023-02-10,2115,25.48
2023-02-13,2115,25.48
2023-02-14,2115,25.44
2023-02-15,2115,25.56
2023-02-16,2115,25.56
2023-02-17,2115,25.65
2023-02-20,2115,25.77
2023-02-21,2115,25.82
2023-02-22,2115,25.9
2023-02-23,2115,26.32
2023-02-24,2115,26.07
2023-02-01,2201,80.0
2023-02-02,2201,75.26
2023-02-03,2201,73.94
2023-02-06,2201,73.37
2023-02-07,2201,73.65
2023-02-08,2201,73.65
2023-02-09,2201,72.8
2023-02-10,2201,74.79
2023-02-13,2201,73.37
2023-02-14,2201,73.08
2023-02-15,2201,73.75
2023-02-16,2201,77.16
2023-02-17,2201,75.74
2023-02-20,2201,76.3
2023-02-21,2201,76.59
2023-02-22,2201,73.94
2023-02-23,2201,75.74
2023-02-24,2201,76.97
2023-02-01,2204,51.11
2023-02-02,2204,50.26
2023-02-03,2204,49.58
2023-02-06,2204,49.25
2023-02-07,2204,49.25
2023-02-08,2204,48.31
2023-02-09,2204,47.72
2023-02-10,2204,47.89
2023-02-13,2204,47.64
2023-02-14,2204,48.06
2023-02-15,2204,48.65
2023-02-16,2204,49.25
2023-02-17,2204,48.82
2023-02-20,2204,49.58
2023-02-21,2204,49.41
2023-02-22,2204,48.48
2023-02-23,2204,49.08
2023-02-24,2204,48.4
2023-02-01,2206,34.18
2023-02-02,2206,34.77
2023-02-03,2206,34.87
2023-02-06,2206,34.57
2023-02-07,2206,34.72
2023-02-08,2206,34.87
2023-02-09,2206,34.82
2023-02-10,2206,34.67
2023-02-13,2206,36.28
2023-02-14,2206,36.19
2023-02-15,2206,37.41
2023-02-16,2206,37.94
2023-02-17,2206,38.48
2023-02-20,2206,38.38
2023-02-21,2206,38.87
2023-02-22,2206,38.53
2023-02-23,2206,39.21
2023-02-24,2206,38.87
2023-02-01,2207,620.29
2023-02-02,2207,612.8
2023-02-03,2207,614.67
2023-02-06,2207,605.32
2023-02-07,2207,595.02
2023-02-08,2207,600.64
2023-02-09,2207,595.02
2023-02-10,2207,582.86
2023-02-13,2207,583.8
2023-02-14,2207,588.48
2023-02-15,2207,582.86
2023-02-16,2207,582.86
2023-02-17,2207,589.41
2023-02-20,2207,588.48
2023-02-21,2207,580.99
2023-02-22,2207,572.57
2023-02-23,2207,578.18
2023-02-24,2207,577.25
2023-02-01,2208,19.09
2023-02-02,2208,19.33
2023-02-03,2208,19.66
2023-02-06,2208,19.42
2023-02-07,2208,19.52
2023-02-08,2208,19.47
2023-02-09,2208,19.71
2023-02-10,2208,19.85
2023-02-13,2208,20.19
2023-02-14,2208,19.85
2023-02-15,2208,20.19
2023-02-16,2208,20.05
2023-02-17,2208,20.67
2023-02-20,2208,22.35
2023-02-21,2208,22.98
2023-02-22,2208,23.27
2023-02-23,2208,23.12
2023-02-24,2208,22.64
2023-02-01,2211,43.92
2023-02-02,2211,43.84
2023-02-03,2211,44.25
2023-02-06,2211,44.34
2023-02-07,2211,44.17
2023-02-08,2211,44.42
2023-02-09,2211,44.25
2023-02-10,2211,43.84
2023-02-13,2211,43.34
2023-02-14,2211,43.84
2023-02-15,2211,43.59
2023-02-16,2211,43.92
2023-02-17,2211,44.01
2023-02-20,2211,43.68
2023-02-21,2211,43.59
2023-02-22,2211,43.1
2023-02-23,2211,43.1
2023-02-24,2211,43.43
2023-02-01,2221,31.73
2023-02-02,2221,31.77
2023-02-03,2221,31.81
2023-02-06,2221,31.86
2023-02-07,2221,31.81
2023-02-08,2221,32.73
2023-02-09,2221,32.27
2023-02-10,2221,32.02
2023-02-13,2221,31.9
2023-02-14,2221,32.1
2023-02-15,2221,32.02
2023-02-16,2221,32.56
2023-02-17,2221,32.44
2023-02-20,2221,32.56
2023-02-21,2221,32.64
2023-02-22,2221,33.39
2023-02-23,2221,33.48
2023-02-24,2221,33.68
2023-02-01,2227,190.26
2023-02-02,2227,190.73
2023-02-03,2227,190.73
2023-02-06,2227,187.93
2023-02-07,2227,187.93
2023-02-08,2227,186.06
2023-02-09,2227,188.86
2023-02-10,2227,187.93
2023-02-13,2227,185.12
2023-02-14,2227,185.59
2023-02-15,2227,186.06
2023-02-16,2227,187.46
2023-02-17,2227,188.39
2023-02-20,2227,188.86
2023-02-21,2227,188.86
2023-02-22,2227,187.93
2023-02-23,2227,188.39
2023-02-24,2227,190.73
2023-02-01,2228,63.63
2023-02-02,2228,63.88
2023-02-03,2228,63.55
2023-02-06,2228,64.37
2023-02-07,2228,64.86
2023-02-08,2228,65.03
2023-02-09,2228,64.37
2023-02-10,2228,63.72
2023-02-13,2228,63.96
2023-02-14,2228,64.54
2023-02-15,2228,66.18
2023-02-16,2228,66.84
2023-02-17,2228,66.51
2023-02-20,2228,66.59
2023-02-21,2228,67.74
2023-02-22,2228,67.57
2023-02-23,2228,67.49
2023-02-24,2228,67.49
2023-02-01,2230,36.14
2023-02-02,2230,39.75
2023-02-03,2230,38.22
2023-02-06,2230,39.67
2023-02-07,2230,39.09
2023-02-08,2230,38.95
2023-02-09,2230,38.65
2023-02-10,2230,37.93
2023-02-13,2230,38.8
2023-02-14,2230,38.15
2023-02-15,2230,37.85
2023-02-16,2230,39.38
2023-02-17,2230,40.33
2023-02-20,2230,44.33
2023-02-21,2230,48.7
2023-02-22,2230,48.77
2023-02-23,2230,53.65
2023-02-24,2230,52.27
2023-02-01,2231,133.41
2023-02-02,2231,136.53
2023-02-03,2231,143.64
2023-02-06,2231,143.2
2023-02-07,2231,143.2
2023-02-08,2231,141.42
2023-02-09,2231,144.98
2023-02-10,2231,140.53
2023-02-13,2231,140.08
2023-02-14,2231,140.53
2023-02-15,2231,140.53
2023-02-16,2231,145.42
2023-02-17,2231,143.64
2023-02-20,2231,143.64
2023-02-21,2231,144.09
2023-02-22,2231,136.08
2023-02-23,2231,142.75
2023-02-24,2231,140.53
2023-02-01,2233,98.37
2023-02-02,2233,100.29
2023-02-03,2233,98.85
2023-02-06,2233,97.41
2023-02-07,2233,97.41
2023-02-08,2233,97.89
2023-02-09,2233,98.37
2023-02-10,2233,96.93
2023-02-13,2233,96.93
2023-02-14,2233,97.89
2023-02-15,2233,97.41
2023-02-16,2233,98.85
2023-02-17,2233,101.25
2023-02-20,2233,100.77
2023-02-21,2233,102.21
2023-02-22,2233,101.25
2023-02-23,2233,100.77
2023-02-24,2233,99.33
2023-02-01,2235,38.06
2023-02-02,2235,38.06
2023-02-03,2235,38.02
2023-02-06,2235,37.97
2023-02-07,2235,38.02
2023-02-09,2235,38.26
2023-02-10,2235,38.02
2023-02-14,2235,37.77
2023-02-15,2235,37.81
2023-02-16,2235,38.22
2023-02-17,2235,37.85
2023-02-20,2235,37.97
2023-02-21,2235,38.3
2023-02-22,2235,38.06
2023-02-23,2235,38.18
2023-02-24,2235,38.18
2023-02-01,2236,31.23
2023-02-02,2236,31.42
2023-02-03,2236,34.54
2023-02-06,2236,35.74
2023-02-07,2236,35.16
2023-02-08,2236,37.65
2023-02-09,2236,38.99
2023-02-10,2236,37.8
2023-02-13,2236,37.8
2023-02-14,2236,37.8
2023-02-15,2236,37.84
2023-02-16,2236,37.89
2023-02-17,2236,37.84
2023-02-20,2236,39.42
2023-02-21,2236,39.18
2023-02-22,2236,38.94
2023-02-23,2236,39.14
2023-02-24,2236,40.14
2023-02-01,2239,62.76
2023-02-02,2239,63.35
2023-02-03,2239,63.25
2023-02-06,2239,63.05
2023-02-07,2239,63.05
2023-02-08,2239,62.66
2023-02-09,2239,62.27
2023-02-10,2239,62.27
2023-02-13,2239,61.68
2023-02-14,2239,61.48
2023-02-15,2239,61.19
2023-02-16,2239,61.29
2023-02-17,2239,61.48
2023-02-20,2239,62.07
2023-02-21,2239,62.37
2023-02-22,2239,62.27
2023-02-23,2239,62.66
2023-02-24,2239,61.97
2023-02-01,2241,31.03
2023-02-02,2241,31.03
2023-02-03,2241,31.07
2023-02-06,2241,31.27
2023-02-07,2241,31.37
2023-02-08,2241,31.42
2023-02-09,2241,31.37
2023-02-10,2241,31.22
2023-02-13,2241,31.22
2023-02-14,2241,31.32
2023-02-15,2241,31.66
2023-02-16,2241,31.56
2023-02-17,2241,31.95
2023-02-20,2241,31.76
2023-02-21,2241,31.71
2023-02-22,2241,31.66
2023-02-23,2241,32.1
2023-02-24,2241,33.02
2023-02-01,2243,16.3
2023-02-02,2243,16.65
2023-02-03,2243,16.8
2023-02-06,2243,18.45
2023-02-07,2243,18.05
2023-02-08,2243,17.65
2023-02-09,2243,18.05
2023-02-10,2243,17.6
2023-02-13,2243,17.85
2023-02-14,2243,18.3
2023-02-15,2243,18.1
2023-02-16,2243,17.6
2023-02-17,2243,17.2
2023-02-20,2243,17.5
2023-02-21,2243,17.4
2023-02-22,2243,17.75
2023-02-23,2243,18.8
2023-02-24,2243,19.7
2023-02-01,2247,196.68
2023-02-02,2247,197.13
2023-02-03,2247,195.32
2023-02-06,2247,196.22
2023-02-07,2247,197.13
2023-02-08,2247,198.03
2023-02-09,2247,197.58
2023-02-10,2247,196.68
2023-02-13,2247,198.48
2023-02-14,2247,197.13
2023-02-15,2247,196.68
2023-02-16,2247,197.58
2023-02-17,2247,203.01
2023-02-20,2247,208.43
2023-02-21,2247,207.53
2023-02-22,2247,205.27
2023-02-23,2247,207.98
2023-02-24,2247,210.24
2023-02-01,2248,27.14
2023-02-02,2248,28.65
2023-02-03,2248,27.05
2023-02-06,2248,26.25
2023-02-07,2248,24.98
2023-02-08,2248,25.07
2023-02-09,2248,25.73
2023-02-10,2248,25.54
2023-02-13,2248,26.48
2023-02-14,2248,29.31
2023-02-15,2248,38.69
2023-02-16,2248,38.36
2023-02-17,2248,37.47
2023-02-20,2248,38.36
2023-02-21,2248,36.62
2023-02-22,2248,35.82
2023-02-01,2250,66.07
2023-02-02,2250,67.99
2023-02-03,2250,67.26
2023-02-06,2250,66.17
2023-02-07,2250,65.62
2023-02-08,2250,65.89
2023-02-09,2250,65.89
2023-02-10,2250,65.62
2023-02-13,2250,64.8
2023-02-14,2250,65.16
2023-02-15,2250,64.98
2023-02-16,2250,65.34
2023-02-17,2250,65.62
2023-02-20,2250,66.99
2023-02-21,2250,66.89
2023-02-22,2250,66.53
2023-02-23,2250,68.17
2023-02-24,2250,67.17
2023-02-01,2254,77.3
2023-02-02,2254,79.9
2023-02-03,2254,79.5
2023-02-06,2254,79.9
2023-02-07,2254,80.0
2023-02-08,2254,80.0
2023-02-09,2254,80.9
2023-02-10,2254,78.0
2023-02-13,2254,78.8
2023-02-14,2254,78.8
2023-02-15,2254,80.0
2023-02-16,2254,85.7
2023-02-17,2254,85.2
2023-02-20,2254,82.3
2023-02-21,2254,79.0
2023-02-22,2254,79.2
2023-02-23,2254,79.3
2023-02-24,2254,77.0
2023-02-01,2301,58.94
2023-02-02,2301,59.47
2023-02-03,2301,60.54
2023-02-06,2301,60.63
2023-02-07,2301,60.98
2023-02-08,2301,61.6
2023-02-09,2301,62.4
2023-02-10,2301,61.69
2023-02-13,2301,61.78
2023-02-14,2301,61.78
2023-02-15,2301,61.34
2023-02-16,2301,62.14
2023-02-17,2301,62.22
2023-02-20,2301,62.49
2023-02-21,2301,61.96
2023-02-22,2301,61.6
2023-02-23,2301,61.69
2023-02-24,2301,61.69
2023-02-01,2302,15.55
2023-02-02,2302,15.5
2023-02-03,2302,15.41
2023-02-06,2302,15.32
2023-02-07,2302,16.01
2023-02-08,2302,15.78
2023-02-09,2302,16.05
2023-02-10,2302,15.6
2023-02-13,2302,15.41
2023-02-14,2302,16.19
2023-02-15,2302,16.28
2023-02-16,2302,16.14
2023-02-17,2302,16.05
2023-02-20,2302,16.14
2023-02-21,2302,16.05
2023-02-22,2302,15.82
2023-02-23,2302,16.1
2023-02-24,2302,15.96
2023-02-01,2303,40.86
2023-02-02,2303,41.82
2023-02-03,2303,41.57
2023-02-06,2303,40.7
2023-02-07,2303,40.78
2023-02-08,2303,41.9
2023-02-09,2303,41.9
2023-02-10,2303,42.15
2023-02-13,2303,41.28
2023-02-14,2303,41.82
2023-02-15,2303,41.4
2023-02-16,2303,41.57
2023-02-17,2303,41.49
2023-02-20,2303,41.9
2023-02-21,2303,41.98
2023-02-22,2303,41.11
2023-02-23,2303,41.65
2023-02-24,2303,41.45
2023-02-01,2305,26.15
2023-02-02,2305,26.65
2023-02-03,2305,26.2
2023-02-06,2305,25.95
2023-02-07,2305,25.95
2023-02-08,2305,25.75
2023-02-09,2305,25.5
2023-02-10,2305,25.0
2023-02-13,2305,25.35
2023-02-14,2305,25.55
2023-02-15,2305,25.15
2023-02-16,2305,25.1
2023-02-17,2305,24.9
2023-02-20,2305,24.75
2023-02-21,2305,24.9
2023-02-22,2305,24.25
2023-02-23,2305,24.1
2023-02-24,2305,23.65
2023-02-01,2308,276.07
2023-02-02,2308,279.35
2023-02-03,2308,282.63
2023-02-06,2308,278.41
2023-02-07,2308,277.48
2023-02-08,2308,277.48
2023-02-09,2308,273.73
2023-02-10,2308,275.6
2023-02-13,2308,275.6
2023-02-14,2308,275.6
2023-02-15,2308,274.66
2023-02-16,2308,280.29
2023-02-17,2308,276.07
2023-02-20,2308,276.54
2023-02-21,2308,278.88
2023-02-22,2308,271.85
2023-02-23,2308,271.85
2023-02-24,2308,268.57
2023-02-01,2312,12.62
2023-02-02,2312,12.86
2023-02-03,2312,12.95
2023-02-06,2312,13.0
2023-02-07,2312,12.95
2023-02-08,2312,12.81
2023-02-09,2312,12.86
2023-02-10,2312,12.67
2023-02-13,2312,12.81
2023-02-14,2312,12.76
2023-02-15,2312,12.81
2023-02-16,2312,12.81
2023-02-17,2312,12.9
2023-02-20,2312,13.0
2023-02-21,2312,13.0
2023-02-22,2312,12.86
2023-02-23,2312,12.9
2023-02-24,2312,12.81
2023-02-01,2313,41.24
2023-02-02,2313,41.41
2023-02-03,2313,41.41
2023-02-06,2313,41.02
2023-02-07,2313,40.48
2023-02-08,2313,41.02
2023-02-09,2313,40.48
2023-02-10,2313,40.48
2023-02-13,2313,40.22
2023-02-14,2313,40.62
2023-02-15,2313,40.57
2023-02-16,2313,41.1
2023-02-17,2313,41.28
2023-02-20,2313,41.33
2023-02-21,2313,40.93
2023-02-22,2313,40.71
2023-02-23,2313,40.66
2023-02-24,2313,40.4
2023-02-01,2314,39.96
2023-02-02,2314,42.97
2023-02-03,2314,41.93
2023-02-06,2314,41.83
2023-02-07,2314,41.24
2023-02-08,2314,42.28
2023-02-09,2314,41.49
2023-02-10,2314,40.55
2023-02-13,2314,44.6
2023-02-14,2314,43.41
2023-02-15,2314,42.52
2023-02-16,2314,43.22
2023-02-17,2314,44.2
2023-02-20,2314,45.39
2023-02-21,2314,45.14
2023-02-22,2314,43.81
2023-02-23,2314,44.1
2023-02-24,2314,43.31
2023-02-01,2316,27.05
2023-02-02,2316,27.1
2023-02-03,2316,27.0
2023-02-06,2316,26.95
2023-02-07,2316,27.0
2023-02-08,2316,26.95
2023-02-09,2316,26.76
2023-02-10,2316,26.76
2023-02-13,2316,26.76
2023-02-14,2316,26.9
2023-02-15,2316,27.05
2023-02-16,2316,27.0
2023-02-17,2316,27.0
2023-02-20,2316,27.1
2023-02-21,2316,27.14
2023-02-22,2316,26.95
2023-02-23,2316,26.95
2023-02-24,2316,26.9
2023-02-01,2317,89.75
2023-02-02,2317,89.75
2023-02-03,2317,89.39
2023-02-06,2317,91.09
2023-02-07,2317,90.2
2023-02-08,2317,90.2
2023-02-09,2317,90.64
2023-02-10,2317,91.09
2023-02-13,2317,90.64
2023-02-14,2317,91.54
2023-02-15,2317,91.99
2023-02-16,2317,92.89
2023-02-17,2317,92.89
2023-02-20,2317,92.44
2023-02-21,2317,91.99
2023-02-22,2317,91.54
2023-02-23,2317,92.44
2023-02-24,2317,90.64
2023-02-01,2321,19.24
2023-02-02,2321,19.27
2023-02-03,2321,18.74
2023-02-06,2321,19.06
2023-02-07,2321,18.84
2023-02-08,2321,19.93
2023-02-17,2321,19.2
2023-02-20,2321,19.3
2023-02-21,2321,18.7
2023-02-22,2321,18.5
2023-02-23,2321,18.15
2023-02-24,2321,18.05
2023-02-01,2323,7.46
2023-02-02,2323,7.6
2023-02-03,2323,7.5
2023-02-06,2323,7.39
2023-02-07,2323,7.4
2023-02-08,2323,7.46
2023-02-09,2323,7.4
2023-02-10,2323,7.32
2023-02-13,2323,7.29
2023-02-14,2323,7.38
2023-02-15,2323,7.37
2023-02-16,2323,7.49
2023-02-17,2323,7.46
2023-02-20,2323,7.65
2023-02-21,2323,7.63
2023-02-22,2323,7.55
2023-02-23,2323,7.6
2023-02-24,2323,7.61
2023-02-01,2324,20.24
2023-02-02,2324,20.47
2023-02-03,2324,20.38
2023-02-06,2324,20.78
2023-02-07,2324,20.96
2023-02-08,2324,20.87
2023-02-09,2324,20.91
2023-02-10,2324,20.82
2023-02-13,2324,21.04
2023-02-14,2324,20.87
2023-02-15,2324,20.87
2023-02-16,2324,20.87
2023-02-17,2324,20.91
2023-02-20,2324,20.96
2023-02-21,2324,21.0
2023-02-22,2324,21.04
2023-02-23,2324,21.44
2023-02-24,2324,21.44
2023-02-01,2327,413.57
2023-02-02,2327,414.33
2023-02-03,2327,413.57
2023-02-06,2327,408.21
2023-02-07,2327,405.14
2023-02-08,2327,406.68
2023-02-09,2327,391.36
2023-02-10,2327,395.19
2023-02-13,2327,395.19
2023-02-14,2327,413.57
2023-02-15,2327,417.4
2023-02-16,2327,440.37
2023-02-17,2327,435.78
2023-02-20,2327,429.65
2023-02-21,2327,428.89
2023-02-22,2327,414.33
2023-02-23,2327,415.87
2023-02-24,2327,412.04
2023-02-01,2328,35.33
2023-02-02,2328,35.42
2023-02-03,2328,34.92
2023-02-06,2328,36.05
2023-02-07,2328,35.42
2023-02-08,2328,35.2
2023-02-09,2328,34.88
2023-02-10,2328,35.42
2023-02-13,2328,34.92
2023-02-14,2328,35.01
2023-02-15,2328,35.47
2023-02-16,2328,35.87
2023-02-17,2328,35.69
2023-02-20,2328,35.87
2023-02-21,2328,35.47
2023-02-22,2328,34.79
2023-02-23,2328,35.24
2023-02-24,2328,34.83
2023-02-01,2329,17.37
2023-02-02,2329,18.52
2023-02-03,2329,18.25
2023-02-06,2329,18.11
2023-02-07,2329,18.11
2023-02-08,2329,18.01
2023-02-09,2329,17.92
2023-02-10,2329,17.6
2023-02-13,2329,17.51
2023-02-14,2329,17.55
2023-02-15,2329,17.51
2023-02-16,2329,18.01
2023-02-17,2329,18.43
2023-02-20,2329,18.34
2023-02-21,2329,18.01
2023-02-22,2329,18.06
2023-02-23,2329,18.34
2023-02-24,2329,18.11
2023-02-01,2330,505.91
2023-02-02,2330,515.45
2023-02-03,2330,517.36
2023-02-06,2330,502.09
2023-02-07,2330,499.22
2023-02-08,2330,515.45
2023-02-09,2330,515.45
2023-02-10,2330,520.22
2023-02-13,2330,516.41
2023-02-14,2330,520.22
2023-02-15,2330,501.13
2023-02-16,2330,504.0
2023-02-17,2330,494.45
2023-02-20,2330,493.5
2023-02-21,2330,492.54
2023-02-22,2330,483.95
2023-02-23,2330,494.45
2023-02-24,2330,487.77
2023-02-01,2331,20.13
2023-02-02,2331,20.41
2023-02-03,2331,20.22
2023-02-06,2331,20.27
2023-02-07,2331,20.36
2023-02-08,2331,20.08
2023-02-09,2331,20.08
2023-02-10,2331,19.75
2023-02-13,2331,19.75
2023-02-14,2331,19.8
2023-02-15,2331,19.99
2023-02-16,2331,19.94
2023-02-17,2331,19.8
2023-02-20,2331,20.17
2023-02-21,2331,20.31
2023-02-22,2331,20.08
2023-02-23,2331,20.17
2023-02-24,2331,20.13
2023-02-01,2332,14.86
2023-02-02,2332,15.01
2023-02-03,2332,14.91
2023-02-06,2332,14.91
2023-02-07,2332,14.86
2023-02-08,2332,14.86
2023-02-09,2332,14.86
2023-02-10,2332,14.62
2023-02-13,2332,15.53
2023-02-14,2332,15.63
2023-02-15,2332,15.48
2023-02-16,2332,15.87
2023-02-17,2332,15.91
2023-02-20,2332,16.01
2023-02-21,2332,16.1
2023-02-22,2332,16.01
2023-02-23,2332,16.06
2023-02-24,2332,16.44
2023-02-01,2337,33.24
2023-02-02,2337,34.73
2023-02-03,2337,34.69
2023-02-06,2337,33.8
2023-02-07,2337,33.75
2023-02-08,2337,33.94
2023-02-09,2337,33.89
2023-02-10,2337,33.34
2023-02-13,2337,33.15
2023-02-14,2337,33.85
2023-02-15,2337,32.87
2023-02-16,2337,32.68
2023-02-17,2337,32.64
2023-02-20,2337,32.78
2023-02-21,2337,32.64
2023-02-22,2337,32.22
2023-02-23,2337,32.26
2023-02-24,2337,32.08
2023-02-01,2338,86.08
2023-02-02,2338,86.84
2023-02-03,2338,85.14
2023-02-06,2338,84.0
2023-02-07,2338,84.57
2023-02-08,2338,81.35
2023-02-09,2338,82.68
2023-02-10,2338,81.07
2023-02-13,2338,80.5
2023-02-14,2338,79.65
2023-02-15,2338,80.88
2023-02-16,2338,82.4
2023-02-17,2338,82.11
2023-02-20,2338,81.83
2023-02-21,2338,80.98
2023-02-22,2338,78.04
2023-02-23,2338,78.8
2023-02-24,2338,78.14
2023-02-01,2340,36.81
2023-02-02,2340,37.24
2023-02-03,2340,36.86
2023-02-06,2340,36.03
2023-02-07,2340,36.13
2023-02-08,2340,36.47
2023-02-09,2340,36.18
2023-02-10,2340,35.25
2023-02-13,2340,35.45
2023-02-14,2340,35.98
2023-02-15,2340,35.59
2023-02-16,2340,36.52
2023-02-17,2340,36.66
2023-02-20,2340,37.87
2023-02-21,2340,37.34
2023-02-22,2340,36.37
2023-02-23,2340,37.0
2023-02-24,2340,36.52
2023-02-01,2342,40.7
2023-02-02,2342,42.0
2023-02-03,2342,41.2
2023-02-06,2342,41.0
2023-02-07,2342,41.25
2023-02-08,2342,41.3
2023-02-09,2342,41.7
2023-02-10,2342,40.6
2023-02-13,2342,40.55
2023-02-14,2342,41.2
2023-02-15,2342,41.75
2023-02-16,2342,41.85
2023-02-17,2342,42.0
2023-02-20,2342,42.2
2023-02-21,2342,43.15
2023-02-22,2342,42.25
2023-02-23,2342,41.95
2023-02-24,2342,41.4
2023-02-01,2344,20.93
2023-02-02,2344,22.35
2023-02-03,2344,22.02
2023-02-06,2344,21.31
2023-02-07,2344,21.03
2023-02-08,2344,21.5
2023-02-09,2344,21.69
2023-02-10,2344,21.17
2023-02-13,2344,21.17
2023-02-14,2344,21.31
2023-02-15,2344,21.17
2023-02-16,2344,22.16
2023-02-17,2344,21.93
2023-02-20,2344,22.59
2023-02-21,2344,22.4
2023-02-22,2344,21.83
2023-02-23,2344,21.83
2023-02-24,2344,21.83
2023-02-01,2345,238.03
2023-02-02,2345,245.73
2023-02-03,2345,246.69
2023-02-06,2345,247.65
2023-02-07,2345,262.56
2023-02-08,2345,263.52
2023-02-09,2345,263.52
2023-02-10,2345,263.04
2023-02-13,2345,260.64
2023-02-14,2345,266.41
2023-02-15,2345,264.0
2023-02-16,2345,272.66
2023-02-17,2345,272.18
2023-02-20,2345,265.92
2023-02-21,2345,265.92
2023-02-22,2345,265.44
2023-02-23,2345,272.66
2023-02-24,2345,272.18
2023-02-01,2347,52.71
2023-02-02,2347,52.88
2023-02-03,2347,53.83
2023-02-06,2347,53.83
2023-02-07,2347,54.09
2023-02-08,2347,54.26
2023-02-09,2347,54.0
2023-02-10,2347,53.92
2023-02-13,2347,54.0
2023-02-14,2347,54.09
2023-02-15,2347,53.49
2023-02-16,2347,54.35
2023-02-17,2347,54.69
2023-02-20,2347,55.21
2023-02-21,2347,54.78
2023-02-22,2347,54.52
2023-02-23,2347,54.69
2023-02-24,2347,53.74
2023-02-01,2348,43.59
2023-02-02,2348,43.91
2023-02-03,2348,44.29
2023-02-06,2348,44.29
2023-02-07,2348,43.59
2023-02-08,2348,43.39
2023-02-09,2348,43.39
2023-02-10,2348,43.39
2023-02-13,2348,43.01
2023-02-14,2348,42.94
2023-02-15,2348,43.14
2023-02-16,2348,43.27
2023-02-17,2348,43.27
2023-02-20,2348,43.27
2023-02-21,2348,43.52
2023-02-22,2348,43.01
2023-02-23,2348,43.52
2023-02-24,2348,43.46
2023-02-01,2348A,31.27
2023-02-02,2348A,31.27
2023-02-03,2348A,31.36
2023-02-06,2348A,31.27
2023-02-09,2348A,31.1
2023-02-14,2348A,31.36
2023-02-21,2348A,31.36
2023-02-22,2348A,31.23
2023-02-23,2348A,31.36
2023-02-24,2348A,31.36
2023-02-01,2349,8.2
2023-02-02,2349,8.3
2023-02-03,2349,8.23
2023-02-06,2349,8.15
2023-02-07,2349,8.27
2023-02-08,2349,8.26
2023-02-09,2349,8.18
2023-02-10,2349,8.19
2023-02-13,2349,8.16
2023-02-14,2349,8.22
2023-02-15,2349,8.26
2023-02-16,2349,8.3
2023-02-17,2349,8.33
2023-02-20,2349,8.9
2023-02-21,2349,8.71
2023-02-22,2349,8.64
2023-02-23,2349,8.7
2023-02-24,2349,8.61
2023-02-01,2351,119.82
2023-02-02,2351,121.29
2023-02-03,2351,117.38
2023-02-06,2351,116.89
2023-02-07,2351,117.87
2023-02-08,2351,120.8
2023-02-09,2351,120.31
2023-02-10,2351,117.87
2023-02-13,2351,119.33
2023-02-14,2351,121.29
2023-02-15,2351,118.36
2023-02-16,2351,122.76
2023-02-17,2351,122.27
2023-02-20,2351,122.27
2023-02-21,2351,122.27
2023-02-22,2351,119.33
2023-02-23,2351,120.31
2023-02-24,2351,121.29
2023-02-01,2352,27.4
2023-02-02,2352,27.64
2023-02-03,2352,27.93
2023-02-06,2352,27.69
2023-02-07,2352,27.74
2023-02-08,2352,28.17
2023-02-09,2352,28.17
2023-02-10,2352,28.13
2023-02-13,2352,27.69
2023-02-14,2352,27.84
2023-02-15,2352,27.84
2023-02-16,2352,27.88
2023-02-17,2352,28.03
2023-02-20,2352,28.9
2023-02-21,2352,28.51
2023-02-22,2352,28.61
2023-02-23,2352,28.95
2023-02-24,2352,28.99
2023-02-01,2353,21.99
2023-02-02,2353,21.95
2023-02-03,2353,21.73
2023-02-06,2353,21.99
2023-02-07,2353,22.21
2023-02-08,2353,22.39
2023-02-09,2353,22.48
2023-02-10,2353,22.13
2023-02-13,2353,22.3
2023-02-14,2353,22.3
2023-02-15,2353,22.39
2023-02-16,2353,22.57
2023-02-17,2353,22.65
2023-02-20,2353,22.61
2023-02-21,2353,22.52
2023-02-22,2353,22.7
2023-02-23,2353,22.74
2023-02-24,2353,22.3
2023-02-01,2354,51.16
2023-02-02,2354,52.47
2023-02-03,2354,52.37
2023-02-06,2354,52.56
2023-02-07,2354,52.28
2023-02-08,2354,51.91
2023-02-09,2354,51.63
2023-02-10,2354,50.79
2023-02-13,2354,51.07
2023-02-14,2354,51.26
2023-02-15,2354,50.7
2023-02-16,2354,51.26
2023-02-17,2354,51.44
2023-02-20,2354,52.09
2023-02-21,2354,51.82
2023-02-22,2354,51.35
2023-02-23,2354,52.09
2023-02-24,2354,51.63
2023-02-01,2355,26.84
2023-02-02,2355,27.11
2023-02-03,2355,27.29
2023-02-06,2355,26.98
2023-02-07,2355,26.98
2023-02-08,2355,26.98
2023-02-09,2355,26.98
2023-02-10,2355,26.84
2023-02-13,2355,26.8
2023-02-14,2355,26.71
2023-02-15,2355,26.71
2023-02-16,2355,26.84
2023-02-17,2355,26.8
2023-02-20,2355,27.16
2023-02-21,2355,27.29
2023-02-22,2355,26.8
2023-02-23,2355,26.84
2023-02-24,2355,26.4
2023-02-01,2356,23.11
2023-02-02,2356,23.07
2023-02-03,2356,23.25
2023-02-06,2356,23.25
2023-02-07,2356,23.47
2023-02-08,2356,23.52
2023-02-09,2356,23.38
2023-02-10,2356,23.2
2023-02-13,2356,23.34
2023-02-14,2356,23.61
2023-02-15,2356,23.66
2023-02-16,2356,23.79
2023-02-17,2356,23.93
2023-02-20,2356,24.15
2023-02-21,2356,24.06
2023-02-22,2356,24.29
2023-02-23,2356,24.29
2023-02-24,2356,24.11
2023-02-01,2357,240.44
2023-02-02,2357,243.5
2023-02-03,2357,243.07
2023-02-06,2357,241.32
2023-02-07,2357,243.07
2023-02-08,2357,242.63
2023-02-09,2357,241.32
2023-02-10,2357,236.07
2023-02-13,2357,240.01
2023-02-14,2357,241.75
2023-02-15,2357,241.32
2023-02-16,2357,243.07
2023-02-17,2357,244.38
2023-02-20,2357,243.07
2023-02-21,2357,244.38
2023-02-22,2357,244.38
2023-02-23,2357,245.25
2023-02-24,2357,243.07
2023-02-01,2358,16.7
2023-02-02,2358,16.8
2023-02-03,2358,16.3
2023-02-06,2358,16.5
2023-02-07,2358,16.45
2023-02-08,2358,16.5
2023-02-09,2358,16.3
2023-02-10,2358,16.1
2023-02-13,2358,15.2
2023-02-14,2358,15.25
2023-02-15,2358,15.15
2023-02-16,2358,15.2
2023-02-17,2358,15.4
2023-02-20,2358,15.65
2023-02-21,2358,15.5
2023-02-22,2358,15.3
2023-02-23,2358,15.4
2023-02-24,2358,15.25
2023-02-01,2359,25.4
2023-02-02,2359,25.59
2023-02-03,2359,25.26
2023-02-06,2359,25.73
2023-02-07,2359,25.4
2023-02-08,2359,25.73
2023-02-09,2359,26.11
2023-02-10,2359,25.21
2023-02-13,2359,24.51
2023-02-14,2359,24.65
2023-02-15,2359,24.46
2023-02-16,2359,24.65
2023-02-17,2359,24.65
2023-02-20,2359,24.88
2023-02-21,2359,25.12
2023-02-22,2359,24.84
2023-02-23,2359,25.17
2023-02-24,2359,25.07
2023-02-01,2360,171.95
2023-02-02,2360,177.04
2023-02-03,2360,176.11
2023-02-06,2360,177.04
2023-02-07,2360,174.26
2023-02-08,2360,177.96
2023-02-09,2360,176.11
2023-02-10,2360,175.65
2023-02-13,2360,174.72
2023-02-14,2360,177.04
2023-02-15,2360,174.72
2023-02-16,2360,176.57
2023-02-17,2360,178.42
2023-02-20,2360,176.11
2023-02-21,2360,181.2
2023-02-22,2360,180.27
2023-02-23,2360,182.58
2023-02-24,2360,170.56
2023-02-01,2362,27.21
2023-02-02,2362,27.56
2023-02-03,2362,27.61
2023-02-06,2362,27.21
2023-02-07,2362,27.17
2023-02-08,2362,27.3
2023-02-09,2362,27.17
2023-02-10,2362,27.3
2023-02-13,2362,27.17
2023-02-14,2362,28.0
2023-02-15,2362,28.05
2023-02-16,2362,27.91
2023-02-17,2362,27.87
2023-02-20,2362,27.7
2023-02-21,2362,27.74
2023-02-22,2362,27.65
2023-02-23,2362,27.61
2023-02-24,2362,27.3
2023-02-01,2363,24.08
2023-02-02,2363,25.6
2023-02-03,2363,25.11
2023-02-06,2363,24.77
2023-02-07,2363,24.98
2023-02-08,2363,25.32
2023-02-09,2363,24.9
2023-02-10,2363,24.42
2023-02-13,2363,24.34
2023-02-14,2363,24.7
2023-02-15,2363,24.49
2023-02-16,2363,24.7
2023-02-17,2363,24.83
2023-02-20,2363,25.18
2023-02-21,2363,25.11
2023-02-22,2363,24.77
2023-02-23,2363,26.08
2023-02-24,2363,25.6
2023-02-01,2364,61.54
2023-02-02,2364,67.69
2023-02-03,2364,65.85
2023-02-06,2364,62.77
2023-02-07,2364,68.92
2023-02-08,2364,69.85
2023-02-09,2364,69.54
2023-02-10,2364,67.08
2023-02-13,2364,70.15
2023-02-14,2364,69.85
2023-02-15,2364,70.46
2023-02-16,2364,70.46
2023-02-17,2364,70.15
2023-02-20,2364,70.77
2023-02-21,2364,69.54
2023-02-22,2364,68.62
2023-02-23,2364,69.23
2023-02-24,2364,68.0
2023-02-01,2365,10.0
2023-02-02,2365,10.05
2023-02-03,2365,10.0
2023-02-06,2365,10.0
2023-02-07,2365,9.9
2023-02-08,2365,9.9
2023-02-09,2365,9.85
2023-02-10,2365,9.66
2023-02-13,2365,9.76
2023-02-14,2365,9.8
2023-02-15,2365,9.76
2023-02-16,2365,9.95
2023-02-17,2365,10.05
2023-02-20,2365,10.09
2023-02-21,2365,10.05
2023-02-22,2365,10.09
2023-02-23,2365,10.14
2023-02-24,2365,10.05
2023-02-01,2367,17.79
2023-02-02,2367,18.03
2023-02-03,2367,18.13
2023-02-06,2367,17.94
2023-02-07,2367,17.98
2023-02-08,2367,18.47
2023-02-09,2367,18.08
2023-02-10,2367,17.69
2023-02-13,2367,17.6
2023-02-14,2367,17.79
2023-02-15,2367,18.03
2023-02-16,2367,18.13
2023-02-17,2367,18.28
2023-02-20,2367,18.76
2023-02-21,2367,18.47
2023-02-22,2367,18.37
2023-02-23,2367,18.42
2023-02-24,2367,18.23
2023-02-01,2368,82.68
2023-02-02,2368,86.76
2023-02-03,2368,86.67
2023-02-06,2368,83.05
2023-02-07,2368,81.66
2023-02-08,2368,81.47
2023-02-09,2368,80.64
2023-02-10,2368,78.96
2023-02-13,2368,80.26
2023-02-14,2368,80.26
2023-02-15,2368,80.82
2023-02-16,2368,81.75
2023-02-17,2368,81.38
2023-02-20,2368,82.12
2023-02-21,2368,82.21
2023-02-22,2368,80.82
2023-02-23,2368,82.58
2023-02-24,2368,85.46
2023-02-01,2369,14.27
2023-02-02,2369,14.66
2023-02-03,2369,14.61
2023-02-06,2369,14.37
2023-02-07,2369,14.32
2023-02-08,2369,14.61
2023-02-09,2369,14.47
2023-02-10,2369,13.98
2023-02-13,2369,14.03
2023-02-14,2369,14.13
2023-02-15,2369,14.13
2023-02-16,2369,14.81
2023-02-17,2369,15.0
2023-02-20,2369,15.24
2023-02-21,2369,15.0
2023-02-22,2369,15.05
2023-02-23,2369,14.95
2023-02-24,2369,14.71
2023-02-01,2371,32.82
2023-02-02,2371,32.87
2023-02-03,2371,32.96
2023-02-06,2371,32.96
2023-02-07,2371,32.87
2023-02-08,2371,32.3
2023-02-09,2371,32.24
2023-02-10,2371,31.82
2023-02-13,2371,31.86
2023-02-14,2371,32.06
2023-02-15,2371,32.72
2023-02-16,2371,32.58
2023-02-17,2371,32.63
2023-02-20,2371,32.72
2023-02-21,2371,32.78
2023-02-22,2371,32.39
2023-02-23,2371,32.39
2023-02-24,2371,32.1
2023-02-01,2373,65.15
2023-02-02,2373,65.82
2023-02-03,2373,66.74
2023-02-06,2373,67.08
2023-02-07,2373,67.58
2023-02-08,2373,67.49
2023-02-09,2373,67.33
2023-02-10,2373,66.99
2023-02-13,2373,66.07
2023-02-14,2373,66.24
2023-02-15,2373,66.07
2023-02-16,2373,66.24
2023-02-17,2373,66.24
2023-02-20,2373,66.41
2023-02-21,2373,66.41
2023-02-22,2373,66.24
2023-02-23,2373,66.49
2023-02-24,2373,67.41
2023-02-01,2374,20.16
2023-02-02,2374,20.4
2023-02-03,2374,20.3
2023-02-06,2374,20.11
2023-02-07,2374,20.06
2023-02-08,2374,20.16
2023-02-09,2374,19.92
2023-02-10,2374,19.82
2023-02-13,2374,19.58
2023-02-14,2374,19.63
2023-02-15,2374,19.63
2023-02-16,2374,19.78
2023-02-17,2374,19.78
2023-02-20,2374,20.11
2023-02-21,2374,20.06
2023-02-22,2374,19.87
2023-02-23,2374,20.16
2023-02-24,2374,19.97
2023-02-01,2375,61.46
2023-02-02,2375,62.33
2023-02-03,2375,61.17
2023-02-06,2375,60.4
2023-02-07,2375,59.92
2023-02-08,2375,59.92
2023-02-09,2375,58.28
2023-02-10,2375,57.99
2023-02-13,2375,56.84
2023-02-14,2375,60.31
2023-02-15,2375,60.69
2023-02-16,2375,66.76
2023-02-17,2375,68.88
2023-02-20,2375,67.82
2023-02-21,2375,66.86
2023-02-22,2375,64.74
2023-02-23,2375,65.6
2023-02-24,2375,64.35
2023-02-01,2376,114.17
2023-02-02,2376,115.14
2023-02-03,2376,111.73
2023-02-06,2376,113.19
2023-02-07,2376,116.6
2023-02-08,2376,117.09
2023-02-09,2376,114.17
2023-02-10,2376,114.17
2023-02-13,2376,114.65
2023-02-14,2376,116.12
2023-02-15,2376,116.12
2023-02-16,2376,118.07
2023-02-17,2376,114.65
2023-02-20,2376,113.68
2023-02-21,2376,113.68
2023-02-22,2376,114.65
2023-02-23,2376,117.58
2023-02-24,2376,116.12
2023-02-01,2377,124.87
2023-02-02,2377,123.94
2023-02-03,2377,123.0
2023-02-06,2377,123.47
2023-02-07,2377,124.87
2023-02-08,2377,123.47
2023-02-09,2377,123.0
2023-02-10,2377,119.74
2023-02-13,2377,122.07
2023-02-14,2377,123.94
2023-02-15,2377,122.07
2023-02-16,2377,126.27
2023-02-17,2377,125.8
2023-02-20,2377,125.33
2023-02-21,2377,125.8
2023-02-22,2377,127.2
2023-02-23,2377,131.86
2023-02-24,2377,127.66
2023-02-01,2379,300.12
2023-02-02,2379,316.06
2023-02-03,2379,316.97
2023-02-06,2379,303.31
2023-02-07,2379,304.22
2023-02-08,2379,332.0
2023-02-09,2379,329.27
2023-02-10,2379,325.17
2023-02-13,2379,314.24
2023-02-14,2379,323.35
2023-02-15,2379,321.98
2023-02-16,2379,327.45
2023-02-17,2379,327.45
2023-02-20,2379,335.19
2023-02-21,2379,337.47
2023-02-22,2379,337.47
2023-02-23,2379,348.4
2023-02-24,2379,346.12
2023-02-01,2380,11.3
2023-02-02,2380,11.1
2023-02-03,2380,11.1
2023-02-06,2380,11.0
2023-02-07,2380,10.75
2023-02-08,2380,10.75
2023-02-09,2380,10.85
2023-02-10,2380,10.65
2023-02-13,2380,10.7
2023-02-14,2380,10.7
2023-02-15,2380,10.9
2023-02-16,2380,10.9
2023-02-17,2380,10.8
2023-02-20,2380,10.9
2023-02-21,2380,10.85
2023-02-22,2380,10.75
2023-02-23,2380,10.75
2023-02-24,2380,10.75
2023-02-01,2382,65.44
2023-02-02,2382,65.96
2023-02-03,2382,65.61
2023-02-06,2382,65.87
2023-02-07,2382,67.08
2023-02-08,2382,66.82
2023-02-09,2382,66.82
2023-02-10,2382,66.9
2023-02-13,2382,66.99
2023-02-14,2382,67.94
2023-02-15,2382,67.68
2023-02-16,2382,68.03
2023-02-17,2382,68.03
2023-02-20,2382,68.63
2023-02-21,2382,68.89
2023-02-22,2382,68.28
2023-02-23,2382,69.06
2023-02-24,2382,69.06
2023-02-01,2383,181.31
2023-02-02,2383,179.39
2023-02-03,2383,182.26
2023-02-06,2383,175.07
2023-02-07,2383,176.51
2023-02-08,2383,176.99
2023-02-09,2383,182.26
2023-02-10,2383,182.26
2023-02-13,2383,183.7
2023-02-14,2383,181.79
2023-02-15,2383,179.39
2023-02-16,2383,182.74
2023-02-17,2383,179.87
2023-02-20,2383,182.74
2023-02-21,2383,184.18
2023-02-22,2383,177.95
2023-02-23,2383,177.47
2023-02-24,2383,182.74
2023-02-01,2385,72.14
2023-02-02,2385,72.97
2023-02-03,2385,74.55
2023-02-06,2385,74.3
2023-02-07,2385,74.64
2023-02-08,2385,74.55
2023-02-09,2385,74.39
2023-02-10,2385,74.55
2023-02-13,2385,75.14
2023-02-14,2385,75.39
2023-02-15,2385,75.55
2023-02-16,2385,75.22
2023-02-17,2385,75.05
2023-02-20,2385,75.55
2023-02-21,2385,75.55
2023-02-22,2385,75.64
2023-02-23,2385,76.88
2023-02-24,2385,76.63
2023-02-01,2387,31.16
2023-02-02,2387,31.49
2023-02-03,2387,31.65
2023-02-06,2387,31.32
2023-02-07,2387,31.53
2023-02-08,2387,31.53
2023-02-09,2387,31.16
2023-02-10,2387,31.2
2023-02-13,2387,31.08
2023-02-14,2387,31.16
2023-02-15,2387,31.28
2023-02-16,2387,31.32
2023-02-17,2387,31.61
2023-02-20,2387,31.69
2023-02-21,2387,31.57
2023-02-22,2387,31.49
2023-02-23,2387,31.69
2023-02-24,2387,31.61
2023-02-01,2388,69.79
2023-02-02,2388,76.55
2023-02-03,2388,71.78
2023-02-06,2388,72.18
2023-02-07,2388,71.78
2023-02-08,2388,74.07
2023-02-09,2388,74.86
2023-02-10,2388,72.97
2023-02-13,2388,74.17
2023-02-14,2388,73.27
2023-02-15,2388,72.18
2023-02-16,2388,73.77
2023-02-17,2388,73.47
2023-02-20,2388,75.06
2023-02-21,2388,79.83
2023-02-22,2388,75.76
2023-02-23,2388,83.31
2023-02-24,2388,90.27
2023-02-01,2390,12.85
2023-02-02,2390,13.1
2023-02-03,2390,13.25
2023-02-06,2390,13.2
2023-02-07,2390,13.35
2023-02-08,2390,13.25
2023-02-09,2390,13.05
2023-02-10,2390,12.8
2023-02-13,2390,12.7
2023-02-14,2390,12.95
2023-02-15,2390,12.8
2023-02-16,2390,12.95
2023-02-17,2390,12.95
2023-02-20,2390,13.25
2023-02-21,2390,13.2
2023-02-22,2390,13.0
2023-02-23,2390,13.1
2023-02-24,2390,12.9
2023-02-01,2392,34.31
2023-02-02,2392,35.06
2023-02-03,2392,35.28
2023-02-06,2392,35.55
2023-02-07,2392,35.59
2023-02-08,2392,35.77
2023-02-09,2392,36.13
2023-02-10,2392,35.77
2023-02-13,2392,35.11
2023-02-14,2392,35.59
2023-02-15,2392,35.42
2023-02-16,2392,35.55
2023-02-17,2392,35.51
2023-02-20,2392,35.51
2023-02-21,2392,35.82
2023-02-22,2392,35.46
2023-02-23,2392,35.37
2023-02-24,2392,35.37
2023-02-01,2393,34.3
2023-02-02,2393,34.62
2023-02-03,2393,34.75
2023-02-06,2393,34.39
2023-02-07,2393,34.11
2023-02-08,2393,34.57
2023-02-09,2393,34.02
2023-02-10,2393,33.89
2023-02-13,2393,33.66
2023-02-14,2393,33.75
2023-02-15,2393,33.84
2023-02-16,2393,34.02
2023-02-17,2393,34.25
2023-02-20,2393,34.71
2023-02-21,2393,35.76
2023-02-22,2393,35.62
2023-02-23,2393,35.44
2023-02-24,2393,35.12
2023-02-01,2395,292.07
2023-02-02,2395,297.56
2023-02-03,2395,303.89
2023-02-06,2395,303.47
2023-02-07,2395,306.0
2023-02-08,2395,307.69
2023-02-09,2395,303.47
2023-02-10,2395,302.2
2023-02-13,2395,307.69
2023-02-14,2395,311.49
2023-02-15,2395,301.78
2023-02-16,2395,305.58
2023-02-17,2395,300.51
2023-02-20,2395,303.05
2023-02-21,2395,301.36
2023-02-22,2395,302.2
2023-02-23,2395,303.89
2023-02-24,2395,301.36
2023-02-01,2397,53.1
2023-02-02,2397,53.36
2023-02-03,2397,53.71
2023-02-06,2397,52.93
2023-02-07,2397,53.27
2023-02-08,2397,53.71
2023-02-09,2397,53.71
2023-02-10,2397,53.62
2023-02-13,2397,53.19
2023-02-14,2397,53.27
2023-02-15,2397,53.36
2023-02-16,2397,53.71
2023-02-17,2397,54.23
2023-02-20,2397,56.85
2023-02-21,2397,56.85
2023-02-22,2397,56.59
2023-02-23,2397,57.02
2023-02-24,2397,56.94
2023-02-01,2399,14.4
2023-02-02,2399,14.55
2023-02-03,2399,14.7
2023-02-06,2399,14.5
2023-02-07,2399,14.6
2023-02-08,2399,14.65
2023-02-09,2399,14.65
2023-02-10,2399,14.1
2023-02-13,2399,14.4
2023-02-14,2399,14.5
2023-02-15,2399,14.5
2023-02-16,2399,14.9
2023-02-17,2399,15.05
2023-02-20,2399,15.05
2023-02-21,2399,14.9
2023-02-22,2399,14.8
2023-02-23,2399,16.25
2023-02-24,2399,15.75
2023-02-01,2401,23.89
2023-02-02,2401,24.18
2023-02-03,2401,24.43
2023-02-06,2401,24.33
2023-02-07,2401,24.47
2023-02-08,2401,25.99
2023-02-09,2401,25.7
2023-02-10,2401,25.06
2023-02-13,2401,25.06
2023-02-14,2401,25.06
2023-02-15,2401,24.92
2023-02-16,2401,25.36
2023-02-17,2401,25.65
2023-02-20,2401,25.94
2023-02-21,2401,25.45
2023-02-22,2401,25.36
2023-02-23,2401,25.8
2023-02-24,2401,25.55
2023-02-01,2402,16.98
2023-02-02,2402,17.45
2023-02-03,2402,17.45
2023-02-06,2402,17.64
2023-02-07,2402,17.78
2023-02-08,2402,17.69
2023-02-09,2402,17.5
2023-02-10,2402,17.55
2023-02-13,2402,17.78
2023-02-14,2402,17.73
2023-02-15,2402,17.64
2023-02-16,2402,17.92
2023-02-17,2402,17.83
2023-02-20,2402,18.16
2023-02-21,2402,18.11
2023-02-22,2402,17.78
2023-02-23,2402,17.97
2023-02-24,2402,18.02
2023-02-01,2404,177.93
2023-02-02,2404,177.93
2023-02-03,2404,175.81
2023-02-06,2404,178.35
2023-02-07,2404,179.62
2023-02-08,2404,181.31
2023-02-09,2404,181.31
2023-02-10,2404,177.93
2023-02-13,2404,184.27
2023-02-14,2404,185.96
2023-02-15,2404,182.57
2023-02-16,2404,185.53
2023-02-17,2404,184.27
2023-02-20,2404,185.96
2023-02-21,2404,188.49
2023-02-22,2404,188.91
2023-02-23,2404,190.18
2023-02-24,2404,190.6
2023-02-01,2405,11.68
2023-02-02,2405,12.02
2023-02-03,2405,12.02
2023-02-06,2405,11.92
2023-02-07,2405,11.97
2023-02-08,2405,12.07
2023-02-09,2405,11.88
2023-02-10,2405,12.31
2023-02-13,2405,12.51
2023-02-14,2405,12.41
2023-02-15,2405,12.17
2023-02-16,2405,12.36
2023-02-17,2405,12.41
2023-02-20,2405,12.41
2023-02-21,2405,12.46
2023-02-22,2405,12.31
2023-02-23,2405,12.36
2023-02-24,2405,12.21
2023-02-01,2406,19.75
2023-02-02,2406,19.8
2023-02-03,2406,19.65
2023-02-06,2406,19.75
2023-02-07,2406,19.65
2023-02-08,2406,19.65
2023-02-09,2406,19.6
2023-02-10,2406,19.45
2023-02-13,2406,19.3
2023-02-14,2406,19.45
2023-02-15,2406,19.7
2023-02-16,2406,20.0
2023-02-17,2406,19.95
2023-02-20,2406,20.05
2023-02-21,2406,20.05
2023-02-22,2406,19.75
2023-02-23,2406,20.0
2023-02-24,2406,19.7
2023-02-01,2408,56.45
2023-02-02,2408,58.1
2023-02-03,2408,58.1
2023-02-06,2408,56.35
2023-02-07,2408,56.45
2023-02-08,2408,56.64
2023-02-09,2408,56.26
2023-02-10,2408,56.55
2023-02-13,2408,55.87
2023-02-14,2408,56.64
2023-02-15,2408,56.74
2023-02-16,2408,57.9
2023-02-17,2408,57.9
2023-02-20,2408,58.19
2023-02-21,2408,58.58
2023-02-22,2408,56.93
2023-02-23,2408,57.71
2023-02-24,2408,56.64
2023-02-01,2409,15.19
2023-02-02,2409,15.32
2023-02-03,2409,15.05
2023-02-06,2409,15.05
2023-02-07,2409,15.51
2023-02-08,2409,16.14
2023-02-09,2409,16.1
2023-02-10,2409,15.64
2023-02-13,2409,15.09
2023-02-14,2409,15.64
2023-02-15,2409,15.73
2023-02-16,2409,16.37
2023-02-17,2409,16.6
2023-02-20,2409,17.19
2023-02-21,2409,16.96
2023-02-22,2409,17.1
2023-02-23,2409,16.69
2023-02-24,2409,16.96
2023-02-01,2412,100.18
2023-02-02,2412,99.73
2023-02-03,2412,100.62
2023-02-06,2412,100.18
2023-02-07,2412,100.18
2023-02-08,2412,100.18
2023-02-09,2412,100.18
2023-02-10,2412,100.62
2023-02-13,2412,101.07
2023-02-14,2412,101.51
2023-02-15,2412,101.07
2023-02-16,2412,101.51
2023-02-17,2412,101.07
2023-02-20,2412,102.4
2023-02-21,2412,101.96
2023-02-22,2412,102.4
2023-02-23,2412,102.85
2023-02-24,2412,102.85
2023-02-01,2413,27.67
2023-02-02,2413,28.01
2023-02-03,2413,28.3
2023-02-06,2413,28.79
2023-02-07,2413,29.23
2023-02-08,2413,30.15
2023-02-09,2413,29.57
2023-02-10,2413,27.91
2023-02-13,2413,28.01
2023-02-14,2413,27.48
2023-02-15,2413,27.72
2023-02-16,2413,28.01
2023-02-17,2413,28.01
2023-02-20,2413,28.6
2023-02-21,2413,28.55
2023-02-22,2413,29.08
2023-02-23,2413,28.4
2023-02-24,2413,27.57
2023-02-01,2414,29.57
2023-02-02,2414,29.67
2023-02-03,2414,29.76
2023-02-06,2414,29.85
2023-02-07,2414,29.85
2023-02-08,2414,29.99
2023-02-09,2414,29.81
2023-02-10,2414,29.48
2023-02-13,2414,29.2
2023-02-14,2414,29.34
2023-02-15,2414,29.29
2023-02-16,2414,29.48
2023-02-17,2414,29.53
2023-02-20,2414,29.57
2023-02-21,2414,30.27
2023-02-22,2414,30.13
2023-02-23,2414,30.23
2023-02-24,2414,30.23
2023-02-01,2415,22.29
2023-02-02,2415,22.52
2023-02-03,2415,22.29
2023-02-06,2415,22.19
2023-02-07,2415,22.56
2023-02-08,2415,22.42
2023-02-09,2415,22.47
2023-02-10,2415,21.96
2023-02-13,2415,21.27
2023-02-14,2415,21.45
2023-02-15,2415,23.58
2023-02-16,2415,23.72
2023-02-17,2415,23.35
2023-02-20,2415,23.63
2023-02-21,2415,23.35
2023-02-22,2415,23.3
2023-02-23,2415,23.26
2023-02-24,2415,23.21
2023-02-01,2417,22.75
2023-02-02,2417,23.04
2023-02-03,2417,23.19
2023-02-06,2417,23.24
2023-02-07,2417,23.04
2023-02-08,2417,23.19
2023-02-09,2417,23.24
2023-02-10,2417,22.94
2023-02-13,2417,22.65
2023-02-14,2417,22.6
2023-02-15,2417,22.5
2023-02-16,2417,23.09
2023-02-17,2417,23.29
2023-02-20,2417,23.34
2023-02-21,2417,23.29
2023-02-22,2417,23.24
2023-02-23,2417,23.53
2023-02-24,2417,23.39
2023-02-01,2419,24.81
2023-02-02,2419,25.15
2023-02-03,2419,24.81
2023-02-06,2419,25.05
2023-02-07,2419,25.38
2023-02-08,2419,25.0
2023-02-09,2419,24.96
2023-02-10,2419,24.67
2023-02-13,2419,24.91
2023-02-14,2419,24.91
2023-02-15,2419,25.0
2023-02-16,2419,25.19
2023-02-17,2419,25.48
2023-02-20,2419,25.62
2023-02-21,2419,25.72
2023-02-22,2419,25.34
2023-02-23,2419,25.53
2023-02-24,2419,25.91
2023-02-01,2420,36.24
2023-02-02,2420,36.47
2023-02-03,2420,36.42
2023-02-06,2420,36.29
2023-02-07,2420,36.29
2023-02-08,2420,36.47
2023-02-09,2420,36.51
2023-02-10,2420,36.47
2023-02-13,2420,36.47
2023-02-14,2420,36.55
2023-02-15,2420,36.64
2023-02-16,2420,37.31
2023-02-17,2420,37.27
2023-02-20,2420,37.35
2023-02-21,2420,37.35
2023-02-22,2420,37.35
2023-02-23,2420,37.4
2023-02-24,2420,37.8
2023-02-01,2421,38.83
2023-02-02,2421,39.7
2023-02-03,2421,39.47
2023-02-06,2421,39.56
2023-02-07,2421,39.47
2023-02-08,2421,39.43
2023-02-09,2421,39.15
2023-02-10,2421,38.38
2023-02-13,2421,38.56
2023-02-14,2421,38.47
2023-02-15,2421,38.65
2023-02-16,2421,38.83
2023-02-17,2421,38.83
2023-02-20,2421,39.2
2023-02-21,2421,39.02
2023-02-22,2421,38.47
2023-02-23,2421,39.06
2023-02-24,2421,39.56
2023-02-01,2423,24.19
2023-02-02,2423,24.24
2023-02-03,2423,24.24
2023-02-06,2423,24.32
2023-02-07,2423,24.37
2023-02-08,2423,24.41
2023-02-09,2423,24.07
2023-02-10,2423,23.94
2023-02-13,2423,24.02
2023-02-14,2423,24.15
2023-02-15,2423,24.02
2023-02-16,2423,24.15
2023-02-17,2423,24.24
2023-02-20,2423,24.15
2023-02-21,2423,24.19
2023-02-22,2423,24.71
2023-02-23,2423,24.75
2023-02-24,2423,25.05
2023-02-01,2424,19.4
2023-02-02,2424,20.05
2023-02-03,2424,19.8
2023-02-06,2424,20.15
2023-02-07,2424,19.8
2023-02-08,2424,20.25
2023-02-09,2424,22.2
2023-02-10,2424,20.85
2023-02-13,2424,20.8
2023-02-14,2424,21.3
2023-02-15,2424,21.3
2023-02-16,2424,21.35
2023-02-17,2424,21.25
2023-02-20,2424,20.9
2023-02-21,2424,21.05
2023-02-22,2424,20.95
2023-02-23,2424,21.35
2023-02-24,2424,21.2
2023-02-01,2425,29.82
2023-02-02,2425,29.48
2023-02-03,2425,30.06
2023-02-06,2425,30.06
2023-02-07,2425,33.05
2023-02-08,2425,35.47
2023-02-09,2425,35.13
2023-02-10,2425,34.26
2023-02-13,2425,32.91
2023-02-14,2425,32.86
2023-02-15,2425,32.67
2023-02-16,2425,33.01
2023-02-17,2425,33.1
2023-02-20,2425,33.01
2023-02-21,2425,33.05
2023-02-22,2425,32.62
2023-02-23,2425,33.58
2023-02-24,2425,34.16
2023-02-01,2426,17.21
2023-02-02,2426,17.66
2023-02-03,2426,17.51
2023-02-06,2426,17.17
2023-02-07,2426,17.41
2023-02-08,2426,17.36
2023-02-09,2426,17.36
2023-02-10,2426,16.97
2023-02-13,2426,16.97
2023-02-14,2426,17.12
2023-02-15,2426,17.07
2023-02-16,2426,17.26
2023-02-17,2426,17.51
2023-02-20,2426,17.61
2023-02-21,2426,17.71
2023-02-22,2426,17.56
2023-02-23,2426,17.41
2023-02-24,2426,17.56
2023-02-01,2427,11.45
2023-02-02,2427,11.49
2023-02-03,2427,11.49
2023-02-06,2427,11.54
2023-02-07,2427,11.59
2023-02-08,2427,11.54
2023-02-09,2427,11.54
2023-02-10,2427,11.97
2023-02-13,2427,11.87
2023-02-14,2427,12.35
2023-02-15,2427,12.16
2023-02-16,2427,12.21
2023-02-17,2427,12.35
2023-02-20,2427,12.4
2023-02-21,2427,12.21
2023-02-22,2427,12.16
2023-02-23,2427,12.25
2023-02-24,2427,12.3
2023-02-01,2428,140.51
2023-02-02,2428,140.97
2023-02-03,2428,139.1
2023-02-06,2428,138.63
2023-02-07,2428,139.1
2023-02-08,2428,138.16
2023-02-09,2428,136.76
2023-02-10,2428,134.42
2023-02-13,2428,136.76
2023-02-14,2428,137.7
2023-02-15,2428,134.89
2023-02-16,2428,138.63
2023-02-17,2428,138.16
2023-02-20,2428,135.82
2023-02-21,2428,135.82
2023-02-22,2428,133.01
2023-02-23,2428,133.48
2023-02-24,2428,133.01
2023-02-01,2429,7.46
2023-02-02,2429,7.53
2023-02-03,2429,7.57
2023-02-06,2429,7.72
2023-02-07,2429,7.8
2023-02-08,2429,7.8
2023-02-09,2429,7.65
2023-02-10,2429,7.72
2023-02-13,2429,7.72
2023-02-14,2429,7.72
2023-02-15,2429,7.72
2023-02-16,2429,7.72
2023-02-17,2429,7.68
2023-02-20,2429,7.65
2023-02-21,2429,7.72
2023-02-22,2429,7.76
2023-02-23,2429,7.72
2023-02-24,2429,7.72
2023-02-01,2430,37.47
2023-02-02,2430,38.26
2023-02-03,2430,38.43
2023-02-06,2430,39.17
2023-02-07,2430,38.92
2023-02-08,2430,38.55
2023-02-09,2430,38.55
2023-02-10,2430,38.3
2023-02-13,2430,38.18
2023-02-14,2430,38.84
2023-02-15,2430,38.76
2023-02-16,2430,38.84
2023-02-17,2430,38.88
2023-02-20,2430,38.76
2023-02-21,2430,39.09
2023-02-22,2430,39.21
2023-02-23,2430,39.42
2023-02-24,2430,39.75
2023-02-01,2431,9.83
2023-02-02,2431,9.96
2023-02-03,2431,10.01
2023-02-06,2431,10.01
2023-02-07,2431,9.86
2023-02-08,2431,9.91
2023-02-09,2431,9.96
2023-02-10,2431,9.89
2023-02-13,2431,9.87
2023-02-14,2431,9.91
2023-02-15,2431,9.91
2023-02-16,2431,10.01
2023-02-17,2431,10.01
2023-02-20,2431,10.11
2023-02-21,2431,10.16
2023-02-22,2431,10.11
2023-02-23,2431,10.21
2023-02-24,2431,10.11
2023-02-01,2433,40.79
2023-02-02,2433,40.75
2023-02-03,2433,40.63
2023-02-06,2433,40.84
2023-02-07,2433,40.75
2023-02-08,2433,40.84
2023-02-09,2433,40.96
2023-02-10,2433,40.75
2023-02-13,2433,40.71
2023-02-14,2433,40.79
2023-02-15,2433,40.79
2023-02-16,2433,40.79
2023-02-17,2433,40.79
2023-02-20,2433,40.92
2023-02-21,2433,41.0
2023-02-22,2433,40.84
2023-02-23,2433,40.96
2023-02-24,2433,41.0
2023-02-01,2434,28.2
2023-02-02,2434,28.45
2023-02-03,2434,28.1
2023-02-06,2434,28.15
2023-02-07,2434,28.25
2023-02-08,2434,28.25
2023-02-09,2434,28.3
2023-02-10,2434,28.35
2023-02-13,2434,27.5
2023-02-14,2434,28.1
2023-02-15,2434,28.1
2023-02-16,2434,27.75
2023-02-17,2434,27.7
2023-02-20,2434,28.0
2023-02-21,2434,27.7
2023-02-22,2434,27.65
2023-02-23,2434,27.95
2023-02-24,2434,27.7
2023-02-01,2436,44.95
2023-02-02,2436,45.93
2023-02-03,2436,47.37
2023-02-06,2436,45.65
2023-02-07,2436,45.65
2023-02-08,2436,45.93
2023-02-09,2436,45.14
2023-02-10,2436,43.97
2023-02-13,2436,44.48
2023-02-14,2436,44.58
2023-02-15,2436,44.53
2023-02-16,2436,45.6
2023-02-17,2436,46.11
2023-02-20,2436,46.53
2023-02-21,2436,47.28
2023-02-22,2436,47.56
2023-02-23,2436,47.37
2023-02-24,2436,47.09
2023-02-01,2438,14.25
2023-02-02,2438,14.4
2023-02-03,2438,14.35
2023-02-06,2438,14.45
2023-02-07,2438,14.35
2023-02-08,2438,14.2
2023-02-09,2438,14.2
2023-02-10,2438,14.15
2023-02-13,2438,14.2
2023-02-14,2438,14.2
2023-02-15,2438,14.3
2023-02-16,2438,14.25
2023-02-17,2438,14.1
2023-02-20,2438,14.15
2023-02-21,2438,14.2
2023-02-22,2438,14.1
2023-02-23,2438,14.1
2023-02-24,2438,14.15
2023-02-01,2439,74.59
2023-02-02,2439,75.96
2023-02-03,2439,76.33
2023-02-06,2439,76.97
2023-02-07,2439,76.24
2023-02-08,2439,76.33
2023-02-09,2439,76.51
2023-02-10,2439,75.96
2023-02-13,2439,76.51
2023-02-14,2439,76.7
2023-02-15,2439,76.33
2023-02-16,2439,76.7
2023-02-17,2439,76.97
2023-02-20,2439,77.71
2023-02-21,2439,77.34
2023-02-22,2439,76.97
2023-02-23,2439,77.34
2023-02-24,2439,78.07
2023-02-01,2440,12.1
2023-02-02,2440,12.2
2023-02-03,2440,12.1
2023-02-06,2440,11.95
2023-02-07,2440,12.25
2023-02-08,2440,12.2
2023-02-09,2440,12.25
2023-02-10,2440,11.95
2023-02-13,2440,11.85
2023-02-14,2440,11.75
2023-02-15,2440,11.7
2023-02-16,2440,11.75
2023-02-17,2440,11.65
2023-02-20,2440,11.75
2023-02-21,2440,11.7
2023-02-22,2440,11.65
2023-02-23,2440,11.75
2023-02-24,2440,12.05
2023-02-01,2441,47.91
2023-02-02,2441,48.09
2023-02-03,2441,48.54
2023-02-06,2441,47.19
2023-02-07,2441,47.28
2023-02-08,2441,47.28
2023-02-09,2441,46.83
2023-02-10,2441,46.64
2023-02-13,2441,46.37
2023-02-14,2441,46.55
2023-02-15,2441,46.74
2023-02-16,2441,47.64
2023-02-17,2441,47.37
2023-02-20,2441,47.28
2023-02-21,2441,47.55
2023-02-22,2441,47.1
2023-02-23,2441,47.82
2023-02-24,2441,47.91
2023-02-01,2442,12.59
2023-02-02,2442,12.69
2023-02-03,2442,12.59
2023-02-06,2442,12.54
2023-02-07,2442,12.54
2023-02-08,2442,12.54
2023-02-09,2442,12.59
2023-02-10,2442,12.4
2023-02-13,2442,12.49
2023-02-14,2442,12.59
2023-02-15,2442,12.45
2023-02-16,2442,12.49
2023-02-17,2442,12.49
2023-02-20,2442,12.59
2023-02-21,2442,12.78
2023-02-22,2442,12.83
2023-02-23,2442,12.78
2023-02-24,2442,12.83
2023-02-01,2443,2.81
2023-02-02,2443,2.84
2023-02-03,2443,2.8
2023-02-06,2443,2.82
2023-02-07,2443,2.84
2023-02-08,2443,2.83
2023-02-09,2443,2.87
2023-02-10,2443,2.84
2023-02-13,2443,2.89
2023-02-14,2443,2.85
2023-02-15,2443,2.82
2023-02-16,2443,2.84
2023-02-17,2443,2.83
2023-02-20,2443,2.93
2023-02-21,2443,2.96
2023-02-22,2443,2.88
2023-02-23,2443,2.96
2023-02-24,2443,2.9
2023-02-01,2444,18.65
2023-02-02,2444,18.7
2023-02-03,2444,17.85
2023-02-06,2444,17.8
2023-02-07,2444,17.4
2023-02-08,2444,17.5
2023-02-09,2444,16.7
2023-02-10,2444,16.25
2023-02-13,2444,16.65
2023-02-14,2444,16.75
2023-02-15,2444,16.65
2023-02-16,2444,17.0
2023-02-17,2444,17.35
2023-02-20,2444,17.25
2023-02-21,2444,18.0
2023-02-22,2444,17.75
2023-02-23,2444,17.6
2023-02-24,2444,16.9
2023-02-01,2449,34.31
2023-02-02,2449,35.07
2023-02-03,2449,35.64
2023-02-06,2449,35.24
2023-02-07,2449,35.51
2023-02-08,2449,35.55
2023-02-09,2449,35.46
2023-02-10,2449,35.33
2023-02-13,2449,35.73
2023-02-14,2449,35.6
2023-02-15,2449,36.22
2023-02-16,2449,36.13
2023-02-17,2449,35.82
2023-02-20,2449,35.95
2023-02-21,2449,36.08
2023-02-22,2449,35.91
2023-02-23,2449,36.75
2023-02-24,2449,37.06
2023-02-01,2450,26.83
2023-02-02,2450,26.96
2023-02-03,2450,27.13
2023-02-06,2450,27.13
2023-02-07,2450,27.08
2023-02-08,2450,27.13
2023-02-09,2450,27.25
2023-02-10,2450,27.21
2023-02-13,2450,27.21
2023-02-14,2450,27.25
2023-02-15,2450,27.08
2023-02-16,2450,27.34
2023-02-17,2450,27.51
2023-02-20,2450,28.1
2023-02-21,2450,28.35
2023-02-22,2450,28.31
2023-02-23,2450,28.31
2023-02-24,2450,28.35
2023-02-01,2451,56.95
2023-02-02,2451,57.37
2023-02-03,2451,57.46
2023-02-06,2451,56.95
2023-02-07,2451,57.79
2023-02-08,2451,57.88
2023-02-09,2451,57.88
2023-02-10,2451,57.62
2023-02-13,2451,57.62
2023-02-14,2451,57.62
2023-02-15,2451,57.71
2023-02-16,2451,57.62
2023-02-17,2451,57.79
2023-02-20,2451,58.3
2023-02-21,2451,58.47
2023-02-22,2451,58.47
2023-02-23,2451,58.47
2023-02-24,2451,59.14
2023-02-01,2453,23.14
2023-02-02,2453,23.18
2023-02-03,2453,23.5
2023-02-06,2453,23.72
2023-02-07,2453,23.99
2023-02-08,2453,26.35
2023-02-09,2453,28.98
2023-02-10,2453,30.94
2023-02-13,2453,34.02
2023-02-14,2453,35.22
2023-02-15,2453,36.2
2023-02-16,2453,36.78
2023-02-17,2453,38.34
2023-02-20,2453,40.13
2023-02-21,2453,38.52
2023-02-22,2453,39.23
2023-02-23,2453,39.15
2023-02-24,2453,40.48
2023-02-01,2454,598.67
2023-02-02,2454,617.69
2023-02-03,2454,621.0
2023-02-06,2454,604.46
2023-02-07,2454,592.88
2023-02-08,2454,615.21
2023-02-09,2454,619.34
2023-02-10,2454,611.9
2023-02-13,2454,604.46
2023-02-14,2454,605.29
2023-02-15,2454,587.1
2023-02-16,2454,587.92
2023-02-17,2454,597.84
2023-02-20,2454,600.33
2023-02-21,2454,599.5
2023-02-22,2454,589.58
2023-02-23,2454,616.04
2023-02-24,2454,597.84
2023-02-01,2455,81.04
2023-02-02,2455,82.93
2023-02-03,2455,79.53
2023-02-06,2455,80.0
2023-02-07,2455,78.87
2023-02-08,2455,80.0
2023-02-09,2455,78.21
2023-02-10,2455,78.3
2023-02-13,2455,79.63
2023-02-14,2455,79.25
2023-02-15,2455,80.47
2023-02-16,2455,81.98
2023-02-17,2455,83.78
2023-02-20,2455,82.27
2023-02-21,2455,82.55
2023-02-22,2455,79.81
2023-02-23,2455,81.42
2023-02-24,2455,79.72
2023-02-01,2457,39.32
2023-02-02,2457,39.47
2023-02-03,2457,39.32
2023-02-06,2457,39.52
2023-02-07,2457,40.1
2023-02-08,2457,39.9
2023-02-09,2457,40.2
2023-02-10,2457,38.79
2023-02-13,2457,38.83
2023-02-14,2457,38.69
2023-02-15,2457,39.61
2023-02-16,2457,41.17
2023-02-17,2457,40.97
2023-02-20,2457,45.06
2023-02-21,2457,45.4
2023-02-22,2457,45.88
2023-02-23,2457,45.3
2023-02-24,2457,44.18
2023-02-01,2458,88.57
2023-02-02,2458,93.78
2023-02-03,2458,93.34
2023-02-06,2458,89.87
2023-02-07,2458,91.17
2023-02-08,2458,91.61
2023-02-09,2458,91.17
2023-02-10,2458,92.04
2023-02-13,2458,90.74
2023-02-14,2458,89.87
2023-02-15,2458,89.0
2023-02-16,2458,90.74
2023-02-17,2458,89.43
2023-02-20,2458,92.04
2023-02-21,2458,93.78
2023-02-22,2458,92.91
2023-02-23,2458,96.38
2023-02-24,2458,94.21
2023-02-01,2459,44.55
2023-02-02,2459,44.55
2023-02-03,2459,44.55
2023-02-06,2459,45.13
2023-02-07,2459,45.22
2023-02-08,2459,45.13
2023-02-09,2459,45.05
2023-02-10,2459,45.05
2023-02-13,2459,44.72
2023-02-14,2459,45.13
2023-02-15,2459,45.47
2023-02-16,2459,45.8
2023-02-17,2459,45.88
2023-02-20,2459,46.05
2023-02-21,2459,46.3
2023-02-22,2459,46.3
2023-02-23,2459,46.8
2023-02-24,2459,47.05
2023-02-01,2460,17.8
2023-02-02,2460,17.85
2023-02-03,2460,17.8
2023-02-06,2460,17.85
2023-02-07,2460,17.8
2023-02-08,2460,17.8
2023-02-09,2460,18.2
2023-02-10,2460,18.1
2023-02-13,2460,17.9
2023-02-14,2460,18.0
2023-02-15,2460,17.9
2023-02-16,2460,17.8
2023-02-17,2460,17.9
2023-02-20,2460,18.0
2023-02-21,2460,18.05
2023-02-22,2460,18.05
2023-02-23,2460,18.85
2023-02-24,2460,18.55
2023-02-01,2461,16.58
2023-02-02,2461,16.76
2023-02-03,2461,16.76
2023-02-06,2461,16.76
2023-02-07,2461,16.76
2023-02-08,2461,16.8
2023-02-09,2461,16.67
2023-02-10,2461,16.63
2023-02-13,2461,16.71
2023-02-14,2461,16.67
2023-02-15,2461,16.8
2023-02-16,2461,16.84
2023-02-17,2461,16.93
2023-02-20,2461,17.14
2023-02-21,2461,17.45
2023-02-22,2461,17.27
2023-02-23,2461,17.62
2023-02-24,2461,17.58
2023-02-01,2462,27.04
2023-02-02,2462,27.41
2023-02-03,2462,28.53
2023-02-06,2462,28.53
2023-02-07,2462,28.11
2023-02-08,2462,28.15
2023-02-09,2462,28.06
2023-02-10,2462,27.64
2023-02-13,2462,28.62
2023-02-14,2462,28.34
2023-02-15,2462,30.3
2023-02-16,2462,30.3
2023-02-17,2462,31.18
2023-02-20,2462,30.67
2023-02-21,2462,29.97
2023-02-22,2462,30.11
2023-02-23,2462,30.62
2023-02-24,2462,30.16
2023-02-01,2464,36.23
2023-02-02,2464,36.46
2023-02-03,2464,36.6
2023-02-06,2464,36.51
2023-02-07,2464,36.41
2023-02-08,2464,36.55
2023-02-09,2464,36.32
2023-02-10,2464,36.32
2023-02-13,2464,36.32
2023-02-14,2464,36.32
2023-02-15,2464,36.23
2023-02-16,2464,36.37
2023-02-17,2464,36.41
2023-02-20,2464,36.55
2023-02-21,2464,36.65
2023-02-22,2464,36.51
2023-02-23,2464,36.51
2023-02-24,2464,36.46
2023-02-01,2465,42.95
2023-02-02,2465,43.15
2023-02-03,2465,42.3
2023-02-06,2465,42.35
2023-02-07,2465,42.95
2023-02-08,2465,42.7
2023-02-09,2465,41.7
2023-02-10,2465,40.4
2023-02-13,2465,40.4
2023-02-14,2465,40.75
2023-02-15,2465,40.5
2023-02-16,2465,41.5
2023-02-17,2465,41.7
2023-02-20,2465,41.9
2023-02-21,2465,41.6
2023-02-22,2465,40.75
2023-02-23,2465,41.3
2023-02-24,2465,41.55
2023-02-01,2466,33.6
2023-02-02,2466,33.94
2023-02-03,2466,34.04
2023-02-06,2466,33.94
2023-02-07,2466,33.99
2023-02-08,2466,34.14
2023-02-09,2466,34.04
2023-02-10,2466,34.04
2023-02-13,2466,33.85
2023-02-14,2466,33.99
2023-02-15,2466,33.99
2023-02-16,2466,33.99
2023-02-17,2466,33.8
2023-02-20,2466,34.04
2023-02-21,2466,33.99
2023-02-22,2466,33.65
2023-02-23,2466,33.9
2023-02-24,2466,33.9
2023-02-01,2467,39.51
2023-02-02,2467,39.86
2023-02-03,2467,39.73
2023-02-06,2467,39.77
2023-02-07,2467,39.73
2023-02-08,2467,39.73
2023-02-09,2467,39.68
2023-02-10,2467,39.24
2023-02-13,2467,38.98
2023-02-14,2467,39.02
2023-02-15,2467,39.2
2023-02-16,2467,40.83
2023-02-17,2467,40.79
2023-02-20,2467,40.48
2023-02-21,2467,40.52
2023-02-22,2467,40.3
2023-02-23,2467,40.87
2023-02-24,2467,41.18
2023-02-01,2468,28.53
2023-02-02,2468,28.53
2023-02-03,2468,27.87
2023-02-06,2468,28.01
2023-02-07,2468,28.25
2023-02-08,2468,27.63
2023-02-09,2468,27.87
2023-02-10,2468,28.11
2023-02-13,2468,26.87
2023-02-14,2468,27.25
2023-02-15,2468,27.68
2023-02-16,2468,27.68
2023-02-17,2468,27.25
2023-02-20,2468,27.73
2023-02-21,2468,27.68
2023-02-22,2468,27.02
2023-02-23,2468,26.78
2023-02-24,2468,26.02
2023-02-01,2471,27.2
2023-02-02,2471,27.2
2023-02-03,2471,27.15
2023-02-06,2471,27.34
2023-02-07,2471,27.77
2023-02-08,2471,28.01
2023-02-09,2471,28.44
2023-02-10,2471,28.44
2023-02-13,2471,31.24
2023-02-14,2471,34.32
2023-02-15,2471,37.08
2023-02-16,2471,37.46
2023-02-17,2471,38.07
2023-02-20,2471,37.31
2023-02-21,2471,36.84
2023-02-22,2471,38.88
2023-02-23,2471,38.64
2023-02-24,2471,37.36
2023-02-01,2472,53.58
2023-02-02,2472,53.76
2023-02-03,2472,53.31
2023-02-06,2472,53.22
2023-02-07,2472,54.22
2023-02-08,2472,53.31
2023-02-09,2472,54.13
2023-02-10,2472,53.4
2023-02-13,2472,53.04
2023-02-14,2472,55.22
2023-02-15,2472,56.58
2023-02-16,2472,56.12
2023-02-17,2472,57.85
2023-02-20,2472,57.94
2023-02-21,2472,59.76
2023-02-22,2472,58.85
2023-02-23,2472,59.12
2023-02-24,2472,57.76
2023-02-01,2474,154.9
2023-02-02,2474,154.48
2023-02-03,2474,154.9
2023-02-06,2474,155.73
2023-02-07,2474,155.73
2023-02-08,2474,154.48
2023-02-09,2474,155.32
2023-02-10,2474,156.99
2023-02-13,2474,156.57
2023-02-14,2474,157.4
2023-02-15,2474,156.99
2023-02-16,2474,157.82
2023-02-17,2474,157.82
2023-02-20,2474,158.66
2023-02-21,2474,157.82
2023-02-22,2474,157.82
2023-02-23,2474,159.49
2023-02-24,2474,154.06
2023-02-01,2476,44.82
2023-02-02,2476,44.87
2023-02-03,2476,44.82
2023-02-06,2476,44.91
2023-02-07,2476,44.87
2023-02-08,2476,44.45
2023-02-09,2476,44.36
2023-02-10,2476,43.76
2023-02-13,2476,43.81
2023-02-14,2476,43.86
2023-02-15,2476,43.81
2023-02-16,2476,44.18
2023-02-17,2476,43.81
2023-02-20,2476,43.72
2023-02-21,2476,46.29
2023-02-22,2476,45.83
2023-02-23,2476,45.88
2023-02-24,2476,45.05
2023-02-01,2477,18.11
2023-02-02,2477,18.28
2023-02-03,2477,18.28
2023-02-06,2477,18.02
2023-02-07,2477,18.11
2023-02-08,2477,18.02
2023-02-09,2477,17.84
2023-02-10,2477,17.8
2023-02-13,2477,17.8
2023-02-14,2477,17.84
2023-02-15,2477,17.84
2023-02-16,2477,17.84
2023-02-17,2477,17.71
2023-02-20,2477,17.84
2023-02-21,2477,17.97
2023-02-22,2477,17.93
2023-02-23,2477,19.7
2023-02-24,2477,18.95
2023-02-01,2478,41.4
2023-02-02,2478,41.54
2023-02-03,2478,40.6
2023-02-06,2478,41.09
2023-02-07,2478,41.23
2023-02-08,2478,41.31
2023-02-09,2478,40.87
2023-02-10,2478,40.2
2023-02-13,2478,40.11
2023-02-14,2478,41.0
2023-02-15,2478,41.76
2023-02-16,2478,43.91
2023-02-17,2478,44.8
2023-02-20,2478,44.67
2023-02-21,2478,44.31
2023-02-22,2478,43.55
2023-02-23,2478,43.73
2023-02-24,2478,43.33
2023-02-01,2480,73.14
2023-02-02,2480,73.48
2023-02-03,2480,72.88
2023-02-06,2480,72.54
2023-02-07,2480,72.71
2023-02-08,2480,73.22
2023-02-09,2480,73.14
2023-02-10,2480,73.22
2023-02-13,2480,76.31
2023-02-14,2480,75.02
2023-02-15,2480,74.25
2023-02-16,2480,74.25
2023-02-17,2480,74.42
2023-02-20,2480,75.54
2023-02-21,2480,76.05
2023-02-22,2480,76.22
2023-02-23,2480,77.08
2023-02-24,2480,79.99
2023-02-01,2481,61.27
2023-02-02,2481,62.18
2023-02-03,2481,63.1
2023-02-06,2481,62.64
2023-02-07,2481,63.1
2023-02-08,2481,62.73
2023-02-09,2481,62.55
2023-02-10,2481,61.18
2023-02-13,2481,60.72
2023-02-14,2481,60.72
2023-02-15,2481,60.54
2023-02-16,2481,61.82
2023-02-17,2481,61.09
2023-02-20,2481,61.64
2023-02-21,2481,61.73
2023-02-22,2481,60.45
2023-02-23,2481,60.72
2023-02-24,2481,61.0
2023-02-01,2482,31.78
2023-02-02,2482,34.92
2023-02-03,2482,36.03
2023-02-06,2482,36.36
2023-02-07,2482,37.0
2023-02-08,2482,38.8
2023-02-09,2482,38.76
2023-02-10,2482,37.6
2023-02-13,2482,38.06
2023-02-14,2482,39.17
2023-02-15,2482,39.27
2023-02-16,2482,43.19
2023-02-17,2482,47.12
2023-02-20,2482,45.73
2023-02-21,2482,47.03
2023-02-22,2482,44.35
2023-02-23,2482,45.32
2023-02-24,2482,44.21
2023-02-01,2483,23.47
2023-02-02,2483,23.61
2023-02-03,2483,23.51
2023-02-06,2483,23.51
2023-02-07,2483,23.14
2023-02-08,2483,23.18
2023-02-09,2483,24.03
2023-02-10,2483,23.56
2023-02-13,2483,23.79
2023-02-14,2483,23.98
2023-02-15,2483,23.98
2023-02-16,2483,24.26
2023-02-17,2483,24.45
2023-02-20,2483,24.78
2023-02-21,2483,24.45
2023-02-22,2483,24.31
2023-02-23,2483,24.5
2023-02-24,2483,24.4
2023-02-01,2484,31.17
2023-02-02,2484,32.6
2023-02-03,2484,33.0
2023-02-06,2484,32.68
2023-02-07,2484,32.6
2023-02-08,2484,32.68
2023-02-09,2484,33.66
2023-02-10,2484,33.13
2023-02-13,2484,32.82
2023-02-14,2484,33.66
2023-02-15,2484,33.75
2023-02-16,2484,34.24
2023-02-17,2484,34.42
2023-02-20,2484,34.29
2023-02-21,2484,34.24
2023-02-22,2484,34.37
2023-02-23,2484,34.46
2023-02-24,2484,34.46
2023-02-01,2485,17.75
2023-02-02,2485,18.0
2023-02-03,2485,17.95
2023-02-06,2485,17.95
2023-02-07,2485,18.15
2023-02-08,2485,18.1
2023-02-09,2485,18.0
2023-02-10,2485,17.55
2023-02-13,2485,17.8
2023-02-14,2485,17.9
2023-02-15,2485,17.85
2023-02-16,2485,18.0
2023-02-17,2485,17.95
2023-02-20,2485,18.15
2023-02-21,2485,18.35
2023-02-22,2485,17.95
2023-02-23,2485,18.1
2023-02-24,2485,18.0
2023-02-01,2486,22.4
2023-02-02,2486,22.93
2023-02-03,2486,22.88
2023-02-06,2486,22.44
2023-02-07,2486,22.73
2023-02-08,2486,22.49
2023-02-09,2486,22.49
2023-02-10,2486,21.82
2023-02-13,2486,21.62
2023-02-14,2486,23.27
2023-02-15,2486,22.73
2023-02-16,2486,22.69
2023-02-17,2486,22.93
2023-02-20,2486,23.46
2023-02-21,2486,23.02
2023-02-22,2486,22.78
2023-02-23,2486,23.12
2023-02-24,2486,22.64
2023-02-01,2488,25.7
2023-02-02,2488,25.96
2023-02-03,2488,26.05
2023-02-06,2488,25.87
2023-02-07,2488,25.87
2023-02-08,2488,26.01
2023-02-09,2488,26.09
2023-02-10,2488,25.83
2023-02-13,2488,25.56
2023-02-14,2488,25.74
2023-02-15,2488,25.65
2023-02-16,2488,25.87
2023-02-17,2488,25.78
2023-02-20,2488,25.96
2023-02-21,2488,26.14
2023-02-22,2488,26.27
2023-02-23,2488,26.49
2023-02-24,2488,26.67
2023-02-01,2489,10.35
2023-02-02,2489,10.51
2023-02-03,2489,10.51
2023-02-06,2489,10.4
2023-02-07,2489,10.46
2023-02-08,2489,10.51
2023-02-09,2489,10.4
2023-02-10,2489,10.31
2023-02-13,2489,10.26
2023-02-14,2489,10.31
2023-02-15,2489,10.35
2023-02-16,2489,10.46
2023-02-17,2489,10.56
2023-02-20,2489,10.92
2023-02-21,2489,10.92
2023-02-22,2489,11.03
2023-02-23,2489,10.92
2023-02-24,2489,10.97
2023-02-01,2491,11.55
2023-02-02,2491,12.0
2023-02-03,2491,12.1
2023-02-06,2491,12.5
2023-02-07,2491,12.35
2023-02-08,2491,12.15
2023-02-09,2491,12.1
2023-02-10,2491,12.0
2023-02-13,2491,12.05
2023-02-14,2491,12.0
2023-02-15,2491,12.0
2023-02-16,2491,12.1
2023-02-17,2491,11.95
2023-02-20,2491,12.15
2023-02-21,2491,12.1
2023-02-22,2491,12.1
2023-02-23,2491,12.15
2023-02-24,2491,12.05
2023-02-01,2492,91.75
2023-02-02,2492,94.25
2023-02-03,2492,92.86
2023-02-06,2492,91.65
2023-02-07,2492,91.47
2023-02-08,2492,91.65
2023-02-09,2492,88.03
2023-02-10,2492,86.36
2023-02-13,2492,87.01
2023-02-14,2492,88.87
2023-02-15,2492,87.2
2023-02-16,2492,93.32
2023-02-17,2492,93.79
2023-02-20,2492,93.32
2023-02-21,2492,93.79
2023-02-22,2492,91.1
2023-02-23,2492,93.79
2023-02-24,2492,93.32
2023-02-01,2493,42.7
2023-02-02,2493,43.11
2023-02-03,2493,43.77
2023-02-06,2493,43.95
2023-02-07,2493,42.93
2023-02-08,2493,43.55
2023-02-09,2493,43.33
2023-02-10,2493,42.66
2023-02-13,2493,42.62
2023-02-14,2493,43.46
2023-02-15,2493,43.42
2023-02-16,2493,43.28
2023-02-17,2493,43.19
2023-02-20,2493,43.15
2023-02-21,2493,45.82
2023-02-22,2493,44.31
2023-02-23,2493,44.84
2023-02-24,2493,45.73
2023-02-01,2495,17.23
2023-02-02,2495,17.47
2023-02-03,2495,17.57
2023-02-06,2495,17.62
2023-02-07,2495,17.77
2023-02-08,2495,17.47
2023-02-09,2495,17.38
2023-02-10,2495,17.67
2023-02-13,2495,18.55
2023-02-14,2495,18.45
2023-02-15,2495,18.35
2023-02-16,2495,18.6
2023-02-17,2495,18.6
2023-02-20,2495,18.45
2023-02-21,2495,18.69
2023-02-22,2495,18.74
2023-02-23,2495,18.69
2023-02-24,2495,18.64
2023-02-01,2496,40.25
2023-02-02,2496,42.52
2023-02-03,2496,43.1
2023-02-06,2496,43.68
2023-02-07,2496,43.18
2023-02-08,2496,42.93
2023-02-09,2496,42.35
2023-02-10,2496,42.68
2023-02-13,2496,41.45
2023-02-14,2496,41.12
2023-02-15,2496,41.69
2023-02-16,2496,41.69
2023-02-17,2496,41.78
2023-02-20,2496,42.02
2023-02-21,2496,41.86
2023-02-22,2496,41.69
2023-02-23,2496,42.6
2023-02-24,2496,42.6
2023-02-01,2497,73.9
2023-02-02,2497,77.3
2023-02-03,2497,75.35
2023-02-06,2497,75.45
2023-02-07,2497,75.74
2023-02-08,2497,76.03
2023-02-09,2497,74.38
2023-02-10,2497,73.02
2023-02-13,2497,73.21
2023-02-14,2497,73.02
2023-02-15,2497,72.92
2023-02-16,2497,76.23
2023-02-17,2497,75.65
2023-02-20,2497,75.84
2023-02-21,2497,75.65
2023-02-22,2497,73.7
2023-02-23,2497,74.38
2023-02-24,2497,74.09
2023-02-01,2498,60.9
2023-02-02,2498,66.9
2023-02-03,2498,65.1
2023-02-06,2498,68.7
2023-02-07,2498,66.1
2023-02-08,2498,66.3
2023-02-09,2498,67.7
2023-02-10,2498,65.5
2023-02-13,2498,65.2
2023-02-14,2498,65.5
2023-02-15,2498,64.5
2023-02-16,2498,65.6
2023-02-17,2498,65.8
2023-02-20,2498,66.9
2023-02-21,2498,66.7
2023-02-22,2498,64.6
2023-02-23,2498,66.7
2023-02-24,2498,65.4
2023-02-01,2501,14.5
2023-02-02,2501,14.55
2023-02-03,2501,14.68
2023-02-06,2501,14.86
2023-02-07,2501,14.81
2023-02-08,2501,14.86
2023-02-09,2501,14.95
2023-02-10,2501,14.77
2023-02-13,2501,14.9
2023-02-14,2501,14.95
2023-02-15,2501,14.81
2023-02-16,2501,14.9
2023-02-17,2501,14.86
2023-02-20,2501,14.9
2023-02-21,2501,14.9
2023-02-22,2501,14.9
2023-02-23,2501,15.04
2023-02-24,2501,15.39
2023-02-01,2504,21.21
2023-02-02,2504,21.34
2023-02-03,2504,21.38
2023-02-06,2504,21.5
2023-02-07,2504,22.04
2023-02-08,2504,22.0
2023-02-09,2504,21.96
2023-02-10,2504,22.04
2023-02-13,2504,22.13
2023-02-14,2504,22.33
2023-02-15,2504,22.29
2023-02-16,2504,22.29
2023-02-17,2504,22.17
2023-02-20,2504,22.54
2023-02-21,2504,22.42
2023-02-22,2504,22.42
2023-02-23,2504,22.83
2023-02-24,2504,23.04
2023-02-01,2505,18.28
2023-02-02,2505,18.23
2023-02-03,2505,18.32
2023-02-06,2505,18.32
2023-02-07,2505,18.23
2023-02-08,2505,18.28
2023-02-09,2505,18.28
2023-02-10,2505,18.28
2023-02-13,2505,18.18
2023-02-14,2505,18.18
2023-02-15,2505,18.42
2023-02-16,2505,18.32
2023-02-17,2505,18.42
2023-02-20,2505,18.62
2023-02-21,2505,18.72
2023-02-22,2505,18.67
2023-02-23,2505,18.77
2023-02-24,2505,18.92
2023-02-01,2506,8.5
2023-02-02,2506,8.51
2023-02-03,2506,8.52
2023-02-06,2506,8.5
2023-02-07,2506,8.51
2023-02-08,2506,8.52
2023-02-09,2506,8.52
2023-02-10,2506,8.52
2023-02-13,2506,8.5
2023-02-14,2506,8.51
2023-02-15,2506,8.53
2023-02-16,2506,8.53
2023-02-17,2506,8.54
2023-02-20,2506,8.6
2023-02-21,2506,8.64
2023-02-22,2506,8.57
2023-02-23,2506,8.64
2023-02-24,2506,8.71
2023-02-01,2509,14.65
2023-02-02,2509,14.65
2023-02-03,2509,14.7
2023-02-06,2509,14.75
2023-02-07,2509,14.75
2023-02-08,2509,14.8
2023-02-09,2509,14.85
2023-02-10,2509,14.8
2023-02-13,2509,14.7
2023-02-14,2509,14.75
2023-02-15,2509,14.8
2023-02-16,2509,14.8
2023-02-17,2509,14.85
2023-02-20,2509,15.3
2023-02-21,2509,15.35
2023-02-22,2509,15.35
2023-02-23,2509,15.4
2023-02-24,2509,15.8
2023-02-01,2511,10.68
2023-02-02,2511,10.83
2023-02-03,2511,11.02
2023-02-06,2511,10.97
2023-02-07,2511,10.92
2023-02-08,2511,11.02
2023-02-09,2511,11.07
2023-02-10,2511,10.97
2023-02-13,2511,10.97
2023-02-14,2511,11.02
2023-02-15,2511,11.02
2023-02-16,2511,10.92
2023-02-17,2511,10.88
2023-02-20,2511,11.02
2023-02-21,2511,10.92
2023-02-22,2511,10.92
2023-02-23,2511,10.92
2023-02-24,2511,11.02
2023-02-01,2514,16.8
2023-02-02,2514,16.75
2023-02-03,2514,16.8
2023-02-06,2514,16.65
2023-02-07,2514,16.65
2023-02-08,2514,16.65
2023-02-09,2514,16.7
2023-02-10,2514,16.7
2023-02-13,2514,16.65
2023-02-14,2514,16.75
2023-02-15,2514,16.7
2023-02-16,2514,16.7
2023-02-17,2514,17.0
2023-02-20,2514,17.0
2023-02-21,2514,17.0
2023-02-22,2514,17.05
2023-02-23,2514,17.15
2023-02-24,2514,17.2
2023-02-01,2515,7.78
2023-02-02,2515,7.81
2023-02-03,2515,7.89
2023-02-06,2515,7.9
2023-02-07,2515,7.94
2023-02-08,2515,8.01
2023-02-09,2515,7.94
2023-02-10,2515,7.87
2023-02-13,2515,7.87
2023-02-14,2515,7.87
2023-02-15,2515,7.81
2023-02-16,2515,7.86
2023-02-17,2515,7.88
2023-02-20,2515,7.99
2023-02-21,2515,8.02
2023-02-22,2515,7.99
2023-02-23,2515,8.07
2023-02-24,2515,8.09
2023-02-01,2516,5.01
2023-02-02,2516,5.02
2023-02-03,2516,5.02
2023-02-06,2516,5.0
2023-02-07,2516,5.02
2023-02-08,2516,5.04
2023-02-09,2516,5.05
2023-02-10,2516,5.0
2023-02-13,2516,5.05
2023-02-14,2516,5.05
2023-02-15,2516,5.01
2023-02-16,2516,5.02
2023-02-17,2516,5.0
2023-02-20,2516,5.02
2023-02-21,2516,5.07
2023-02-22,2516,5.08
2023-02-23,2516,5.1
2023-02-24,2516,5.11
2023-02-01,2520,26.46
2023-02-02,2520,26.69
2023-02-03,2520,26.82
2023-02-06,2520,26.91
2023-02-07,2520,26.96
2023-02-08,2520,26.87
2023-02-09,2520,26.32
2023-02-10,2520,26.55
2023-02-13,2520,26.23
2023-02-14,2520,26.14
2023-02-15,2520,26.23
2023-02-16,2520,26.32
2023-02-17,2520,26.37
2023-02-20,2520,26.5
2023-02-21,2520,26.69
2023-02-22,2520,26.5
2023-02-23,2520,26.69
2023-02-24,2520,26.59
2023-02-01,2524,33.1
2023-02-02,2524,32.9
2023-02-03,2524,32.95
2023-02-06,2524,32.9
2023-02-07,2524,32.8
2023-02-08,2524,32.75
2023-02-09,2524,32.6
2023-02-10,2524,32.55
2023-02-13,2524,33.15
2023-02-14,2524,33.05
2023-02-15,2524,33.1
2023-02-16,2524,32.9
2023-02-17,2524,32.9
2023-02-20,2524,32.7
2023-02-21,2524,33.0
2023-02-22,2524,32.8
2023-02-23,2524,33.05
2023-02-24,2524,33.05
2023-02-01,2527,19.45
2023-02-02,2527,19.87
2023-02-03,2527,20.0
2023-02-06,2527,19.96
2023-02-07,2527,19.73
2023-02-08,2527,19.64
2023-02-09,2527,19.59
2023-02-10,2527,19.54
2023-02-13,2527,19.54
2023-02-14,2527,19.5
2023-02-15,2527,19.64
2023-02-16,2527,19.77
2023-02-17,2527,19.82
2023-02-20,2527,19.82
2023-02-21,2527,19.82
2023-02-22,2527,19.73
2023-02-23,2527,19.82
2023-02-24,2527,20.05
2023-02-01,2528,15.38
2023-02-02,2528,15.38
2023-02-03,2528,15.43
2023-02-06,2528,15.71
2023-02-07,2528,16.63
2023-02-08,2528,16.45
2023-02-09,2528,16.59
2023-02-10,2528,16.45
2023-02-13,2528,16.22
2023-02-14,2528,16.35
2023-02-15,2528,16.17
2023-02-16,2528,16.12
2023-02-17,2528,16.22
2023-02-20,2528,16.26
2023-02-21,2528,16.26
2023-02-22,2528,16.22
2023-02-23,2528,16.26
2023-02-24,2528,16.4
2023-02-01,2530,16.37
2023-02-02,2530,16.47
2023-02-03,2530,16.47
2023-02-06,2530,16.37
2023-02-07,2530,16.47
2023-02-08,2530,16.65
2023-02-09,2530,17.02
2023-02-10,2530,16.74
2023-02-13,2530,16.37
2023-02-14,2530,16.37
2023-02-15,2530,16.37
2023-02-16,2530,16.47
2023-02-17,2530,16.42
2023-02-20,2530,16.33
2023-02-21,2530,16.28
2023-02-22,2530,16.23
2023-02-23,2530,16.14
2023-02-24,2530,16.33
2023-02-01,2534,19.65
2023-02-02,2534,19.31
2023-02-03,2534,19.35
2023-02-06,2534,19.48
2023-02-07,2534,19.52
2023-02-08,2534,19.61
2023-02-09,2534,19.61
2023-02-10,2534,19.61
2023-02-13,2534,19.78
2023-02-14,2534,19.99
2023-02-15,2534,19.82
2023-02-16,2534,19.9
2023-02-17,2534,19.86
2023-02-20,2534,19.9
2023-02-21,2534,20.07
2023-02-22,2534,19.73
2023-02-23,2534,19.9
2023-02-24,2534,19.9
2023-02-01,2535,30.17
2023-02-02,2535,30.17
2023-02-03,2535,30.03
2023-02-06,2535,30.22
2023-02-07,2535,30.37
2023-02-08,2535,30.71
2023-02-09,2535,30.57
2023-02-10,2535,30.22
2023-02-13,2535,30.17
2023-02-14,2535,30.37
2023-02-15,2535,30.27
2023-02-16,2535,30.32
2023-02-17,2535,30.57
2023-02-20,2535,30.61
2023-02-21,2535,30.61
2023-02-22,2535,30.61
2023-02-23,2535,30.76
2023-02-24,2535,31.06
2023-02-01,2536,21.37
2023-02-02,2536,21.37
2023-02-03,2536,21.23
2023-02-06,2536,21.18
2023-02-07,2536,21.18
2023-02-08,2536,21.13
2023-02-09,2536,21.13
2023-02-10,2536,21.13
2023-02-13,2536,21.09
2023-02-14,2536,21.18
2023-02-15,2536,21.28
2023-02-16,2536,21.23
2023-02-17,2536,21.23
2023-02-20,2536,21.18
2023-02-21,2536,21.18
2023-02-22,2536,21.18
2023-02-23,2536,21.28
2023-02-24,2536,21.47
2023-02-01,2537,7.02
2023-02-02,2537,7.05
2023-02-03,2537,7.02
2023-02-06,2537,6.97
2023-02-07,2537,7.0
2023-02-08,2537,7.03
2023-02-09,2537,7.01
2023-02-10,2537,6.99
2023-02-13,2537,6.98
2023-02-14,2537,7.02
2023-02-15,2537,7.01
2023-02-16,2537,7.02
2023-02-17,2537,7.01
2023-02-20,2537,7.0
2023-02-21,2537,7.13
2023-02-22,2537,7.13
2023-02-23,2537,7.21
2023-02-24,2537,7.22
2023-02-01,2538,11.89
2023-02-02,2538,11.94
2023-02-03,2538,11.94
2023-02-06,2538,11.94
2023-02-07,2538,12.03
2023-02-08,2538,12.07
2023-02-09,2538,12.26
2023-02-10,2538,12.17
2023-02-13,2538,11.75
2023-02-14,2538,11.8
2023-02-15,2538,11.85
2023-02-16,2538,11.85
2023-02-17,2538,11.85
2023-02-20,2538,11.89
2023-02-21,2538,11.94
2023-02-22,2538,11.94
2023-02-23,2538,11.98
2023-02-24,2538,12.03
2023-02-01,2539,24.43
2023-02-02,2539,24.54
2023-02-03,2539,24.69
2023-02-06,2539,24.54
2023-02-07,2539,24.77
2023-02-08,2539,24.84
2023-02-09,2539,24.91
2023-02-10,2539,25.06
2023-02-13,2539,24.99
2023-02-14,2539,25.06
2023-02-15,2539,25.24
2023-02-16,2539,25.35
2023-02-17,2539,25.43
2023-02-20,2539,25.35
2023-02-21,2539,25.17
2023-02-22,2539,25.1
2023-02-23,2539,25.21
2023-02-24,2539,25.61
2023-02-01,2540,37.1
2023-02-02,2540,37.76
2023-02-03,2540,37.05
2023-02-06,2540,37.15
2023-02-07,2540,37.19
2023-02-08,2540,37.81
2023-02-09,2540,37.67
2023-02-10,2540,37.24
2023-02-13,2540,37.15
2023-02-14,2540,37.24
2023-02-15,2540,36.81
2023-02-16,2540,37.04
2023-02-17,2540,37.42
2023-02-20,2540,37.28
2023-02-21,2540,36.71
2023-02-22,2540,36.23
2023-02-23,2540,36.19
2023-02-24,2540,36.57
2023-02-01,2542,33.64
2023-02-02,2542,33.36
2023-02-03,2542,33.8
2023-02-06,2542,33.96
2023-02-07,2542,33.92
2023-02-08,2542,33.88
2023-02-09,2542,33.76
2023-02-10,2542,33.6
2023-02-13,2542,33.8
2023-02-14,2542,33.96
2023-02-15,2542,33.84
2023-02-16,2542,33.88
2023-02-17,2542,33.92
2023-02-20,2542,34.21
2023-02-21,2542,34.17
2023-02-22,2542,34.21
2023-02-23,2542,34.29
2023-02-24,2542,34.29
2023-02-01,2543,5.58
2023-02-02,2543,5.64
2023-02-03,2543,5.61
2023-02-06,2543,5.58
2023-02-07,2543,5.58
2023-02-08,2543,5.58
2023-02-09,2543,5.58
2023-02-10,2543,5.61
2023-02-13,2543,5.57
2023-02-14,2543,5.58
2023-02-15,2543,5.58
2023-02-16,2543,5.58
2023-02-17,2543,5.61
2023-02-20,2543,5.58
2023-02-21,2543,5.62
2023-02-22,2543,5.66
2023-02-23,2543,5.76
2023-02-24,2543,5.74
2023-02-01,2545,31.94
2023-02-02,2545,31.94
2023-02-03,2545,32.13
2023-02-06,2545,32.9
2023-02-07,2545,33.05
2023-02-08,2545,33.44
2023-02-09,2545,33.4
2023-02-10,2545,33.28
2023-02-13,2545,33.13
2023-02-14,2545,33.09
2023-02-15,2545,33.28
2023-02-16,2545,33.63
2023-02-17,2545,33.36
2023-02-20,2545,33.51
2023-02-21,2545,33.59
2023-02-22,2545,33.47
2023-02-23,2545,33.82
2023-02-24,2545,34.05
2023-02-01,2546,47.5
2023-02-02,2546,47.85
2023-02-03,2546,47.76
2023-02-06,2546,47.93
2023-02-07,2546,48.45
2023-02-08,2546,48.19
2023-02-09,2546,48.02
2023-02-10,2546,47.93
2023-02-13,2546,47.68
2023-02-14,2546,47.68
2023-02-15,2546,47.59
2023-02-16,2546,47.68
2023-02-17,2546,48.11
2023-02-20,2546,48.71
2023-02-21,2546,48.96
2023-02-22,2546,48.71
2023-02-23,2546,48.88
2023-02-24,2546,48.71
2023-02-01,2547,8.34
2023-02-02,2547,8.34
2023-02-03,2547,8.33
2023-02-06,2547,8.31
2023-02-07,2547,8.28
2023-02-08,2547,8.29
2023-02-09,2547,8.29
2023-02-10,2547,8.29
2023-02-13,2547,8.27
2023-02-14,2547,8.46
2023-02-15,2547,8.53
2023-02-16,2547,8.48
2023-02-17,2547,8.46
2023-02-20,2547,8.57
2023-02-21,2547,8.62
2023-02-22,2547,8.68
2023-02-23,2547,8.93
2023-02-24,2547,8.83
2023-02-01,2548,71.32
2023-02-02,2548,71.65
2023-02-03,2548,71.81
2023-02-06,2548,72.37
2023-02-07,2548,72.69
2023-02-08,2548,72.86
2023-02-09,2548,72.21
2023-02-10,2548,72.69
2023-02-13,2548,72.86
2023-02-14,2548,72.94
2023-02-15,2548,72.86
2023-02-16,2548,72.69
2023-02-17,2548,72.78
2023-02-20,2548,72.86
2023-02-21,2548,73.42
2023-02-22,2548,73.42
2023-02-23,2548,73.42
2023-02-24,2548,74.39
2023-02-01,2596,17.21
2023-02-02,2596,17.21
2023-02-03,2596,17.25
2023-02-06,2596,17.3
2023-02-07,2596,17.35
2023-02-08,2596,17.39
2023-02-09,2596,17.35
2023-02-10,2596,17.35
2023-02-13,2596,17.35
2023-02-14,2596,17.58
2023-02-15,2596,17.91
2023-02-16,2596,18.1
2023-02-17,2596,18.38
2023-02-20,2596,18.9
2023-02-21,2596,18.8
2023-02-22,2596,18.9
2023-02-23,2596,18.85
2023-02-24,2596,18.71
2023-02-01,2597,75.73
2023-02-02,2597,76.34
2023-02-03,2597,78.77
2023-02-06,2597,77.56
2023-02-07,2597,77.86
2023-02-08,2597,77.86
2023-02-09,2597,77.25
2023-02-10,2597,76.95
2023-02-13,2597,75.12
2023-02-14,2597,75.43
2023-02-15,2597,75.12
2023-02-16,2597,75.12
2023-02-17,2597,75.12
2023-02-20,2597,75.12
2023-02-21,2597,75.12
2023-02-22,2597,75.12
2023-02-23,2597,74.82
2023-02-24,2597,74.51
2023-02-01,2601,8.64
2023-02-02,2601,8.71
2023-02-03,2601,8.68
2023-02-06,2601,8.6
2023-02-07,2601,8.59
2023-02-08,2601,8.58
2023-02-09,2601,8.56
2023-02-10,2601,8.49
2023-02-13,2601,8.36
2023-02-14,2601,8.41
2023-02-15,2601,8.36
2023-02-16,2601,8.37
2023-02-17,2601,8.41
2023-02-20,2601,8.52
2023-02-21,2601,8.65
2023-02-22,2601,8.6
2023-02-23,2601,9.1
2023-02-24,2601,10.0
2023-02-01,2603,68.76
2023-02-02,2603,70.57
2023-02-03,2603,71.02
2023-02-06,2603,68.31
2023-02-07,2603,68.31
2023-02-08,2603,68.53
2023-02-09,2603,67.85
2023-02-10,2603,66.5
2023-02-13,2603,64.91
2023-02-14,2603,67.4
2023-02-15,2603,66.27
2023-02-16,2603,66.95
2023-02-17,2603,66.04
2023-02-20,2603,66.5
2023-02-21,2603,70.11
2023-02-22,2603,68.98
2023-02-23,2603,71.47
2023-02-24,2603,71.02
2023-02-01,2605,18.29
2023-02-02,2605,18.25
2023-02-03,2605,18.29
2023-02-06,2605,18.16
2023-02-07,2605,18.16
2023-02-08,2605,18.2
2023-02-09,2605,18.2
2023-02-10,2605,17.8
2023-02-13,2605,17.98
2023-02-14,2605,18.34
2023-02-15,2605,18.2
2023-02-16,2605,18.65
2023-02-17,2605,18.61
2023-02-20,2605,18.83
2023-02-21,2605,19.06
2023-02-22,2605,19.1
2023-02-23,2605,20.98
2023-02-24,2605,23.05
2023-02-01,2606,43.34
2023-02-02,2606,43.34
2023-02-03,2606,42.83
2023-02-06,2606,42.91
2023-02-07,2606,43.59
2023-02-08,2606,44.19
2023-02-09,2606,44.02
2023-02-10,2606,44.1
2023-02-13,2606,43.34
2023-02-14,2606,43.76
2023-02-15,2606,44.19
2023-02-16,2606,43.76
2023-02-17,2606,42.4
2023-02-20,2606,42.36
2023-02-21,2606,43.34
2023-02-22,2606,43.85
2023-02-23,2606,48.19
2023-02-24,2606,51.94
2023-02-01,2607,23.89
2023-02-02,2607,24.07
2023-02-03,2607,24.11
2023-02-06,2607,23.84
2023-02-07,2607,23.8
2023-02-08,2607,23.76
2023-02-09,2607,25.09
2023-02-10,2607,24.55
2023-02-13,2607,24.11
2023-02-14,2607,24.2
2023-02-15,2607,24.2
2023-02-16,2607,24.6
2023-02-17,2607,24.2
2023-02-20,2607,24.29
2023-02-21,2607,24.51
2023-02-22,2607,24.42
2023-02-23,2607,24.77
2023-02-24,2607,24.82
2023-02-01,2608,33.56
2023-02-02,2608,33.82
2023-02-03,2608,34.03
2023-02-06,2608,33.9
2023-02-07,2608,33.9
2023-02-08,2608,33.9
2023-02-09,2608,33.99
2023-02-10,2608,33.56
2023-02-13,2608,33.21
2023-02-14,2608,33.34
2023-02-15,2608,33.17
2023-02-16,2608,33.38
2023-02-17,2608,33.08
2023-02-20,2608,33.13
2023-02-21,2608,33.04
2023-02-22,2608,32.95
2023-02-23,2608,33.26
2023-02-24,2608,32.91
2023-02-01,2609,38.6
2023-02-02,2609,39.28
2023-02-03,2609,39.34
2023-02-06,2609,38.16
2023-02-07,2609,38.16
2023-02-08,2609,38.22
2023-02-09,2609,38.16
2023-02-10,2609,37.48
2023-02-13,2609,36.49
2023-02-14,2609,37.54
2023-02-15,2609,37.11
2023-02-16,2609,37.3
2023-02-17,2609,36.99
2023-02-20,2609,37.42
2023-02-21,2609,38.84
2023-02-22,2609,38.72
2023-02-23,2609,39.77
2023-02-24,2609,39.96
2023-02-01,2610,18.14
2023-02-02,2610,18.24
2023-02-03,2610,18.01
2023-02-06,2610,18.01
2023-02-07,2610,17.73
2023-02-08,2610,17.69
2023-02-09,2610,17.64
2023-02-10,2610,17.32
2023-02-13,2610,17.36
2023-02-14,2610,17.96
2023-02-15,2610,17.91
2023-02-16,2610,19.29
2023-02-17,2610,19.29
2023-02-20,2610,19.57
2023-02-21,2610,19.11
2023-02-22,2610,18.83
2023-02-23,2610,18.83
2023-02-24,2610,18.65
2023-02-01,2611,11.41
2023-02-02,2611,11.62
2023-02-03,2611,11.62
2023-02-06,2611,11.45
2023-02-07,2611,11.53
2023-02-08,2611,11.49
2023-02-09,2611,11.49
2023-02-10,2611,11.28
2023-02-13,2611,11.24
2023-02-14,2611,11.36
2023-02-15,2611,11.24
2023-02-16,2611,11.28
2023-02-17,2611,11.53
2023-02-20,2611,11.53
2023-02-21,2611,11.75
2023-02-22,2611,11.71
2023-02-23,2611,12.86
2023-02-24,2611,12.86
2023-02-01,2612,34.69
2023-02-02,2612,35.0
2023-02-03,2612,34.82
2023-02-06,2612,34.6
2023-02-07,2612,34.56
2023-02-08,2612,34.6
2023-02-09,2612,34.78
2023-02-10,2612,34.25
2023-02-13,2612,33.89
2023-02-14,2612,34.25
2023-02-15,2612,33.85
2023-02-16,2612,33.94
2023-02-17,2612,33.85
2023-02-20,2612,34.25
2023-02-21,2612,34.73
2023-02-22,2612,34.56
2023-02-23,2612,37.21
2023-02-24,2612,38.05
2023-02-01,2613,20.13
2023-02-02,2613,20.44
2023-02-03,2613,20.58
2023-02-06,2613,20.26
2023-02-07,2613,20.13
2023-02-08,2613,20.13
2023-02-09,2613,20.35
2023-02-10,2613,19.99
2023-02-13,2613,20.17
2023-02-14,2613,20.49
2023-02-15,2613,20.22
2023-02-16,2613,20.31
2023-02-17,2613,20.17
2023-02-20,2613,20.35
2023-02-21,2613,20.49
2023-02-22,2613,20.58
2023-02-23,2613,21.48
2023-02-24,2613,21.85
2023-02-01,2614,35.75
2023-02-02,2614,35.11
2023-02-03,2614,35.54
2023-02-06,2614,35.11
2023-02-07,2614,34.82
2023-02-08,2614,34.53
2023-02-09,2614,34.11
2023-02-10,2614,33.11
2023-02-13,2614,33.11
2023-02-14,2614,33.32
2023-02-15,2614,33.11
2023-02-16,2614,33.47
2023-02-17,2614,33.39
2023-02-20,2614,34.04
2023-02-21,2614,33.67
2023-02-22,2614,33.39
2023-02-23,2614,33.6
2023-02-24,2614,33.32
2023-02-01,2615,66.45
2023-02-02,2615,68.1
2023-02-03,2615,68.88
2023-02-06,2615,65.93
2023-02-07,2615,67.23
2023-02-08,2615,67.49
2023-02-09,2615,66.63
2023-02-10,2615,65.41
2023-02-13,2615,63.94
2023-02-14,2615,64.81
2023-02-15,2615,63.85
2023-02-16,2615,63.85
2023-02-17,2615,63.51
2023-02-20,2615,64.11
2023-02-21,2615,67.14
2023-02-22,2615,66.45
2023-02-23,2615,68.62
2023-02-24,2615,68.96
2023-02-01,2616,28.34
2023-02-02,2616,28.67
2023-02-03,2616,28.62
2023-02-06,2616,28.57
2023-02-07,2616,28.76
2023-02-08,2616,28.67
2023-02-09,2616,28.71
2023-02-10,2616,28.57
2023-02-13,2616,28.39
2023-02-14,2616,28.34
2023-02-15,2616,28.44
2023-02-16,2616,28.48
2023-02-17,2616,28.48
2023-02-20,2616,28.53
2023-02-21,2616,28.62
2023-02-22,2616,28.67
2023-02-23,2616,28.44
2023-02-24,2616,28.53
2023-02-01,2617,23.78
2023-02-02,2617,24.22
2023-02-03,2617,24.13
2023-02-06,2617,24.0
2023-02-07,2617,23.91
2023-02-08,2617,24.04
2023-02-09,2617,24.13
2023-02-10,2617,23.91
2023-02-13,2617,23.78
2023-02-14,2617,24.09
2023-02-15,2617,24.0
2023-02-16,2617,24.04
2023-02-17,2617,23.91
2023-02-20,2617,24.09
2023-02-21,2617,24.44
2023-02-22,2617,24.67
2023-02-23,2617,25.6
2023-02-24,2617,26.62
2023-02-01,2618,26.26
2023-02-02,2618,25.74
2023-02-03,2618,25.69
2023-02-06,2618,25.82
2023-02-07,2618,25.61
2023-02-08,2618,25.52
2023-02-09,2618,25.47
2023-02-10,2618,24.95
2023-02-13,2618,24.73
2023-02-14,2618,25.3
2023-02-15,2618,24.99
2023-02-16,2618,26.04
2023-02-17,2618,25.69
2023-02-20,2618,25.96
2023-02-21,2618,25.34
2023-02-22,2618,24.99
2023-02-23,2618,25.04
2023-02-24,2618,24.82
2023-02-01,2630,14.66
2023-02-02,2630,14.66
2023-02-03,2630,14.66
2023-02-06,2630,14.61
2023-02-07,2630,14.61
2023-02-08,2630,14.61
2023-02-09,2630,14.7
2023-02-10,2630,15.0
2023-02-13,2630,14.92
2023-02-14,2630,14.96
2023-02-15,2630,14.92
2023-02-16,2630,15.05
2023-02-17,2630,15.0
2023-02-20,2630,15.57
2023-02-21,2630,15.35
2023-02-22,2630,15.4
2023-02-23,2630,15.44
2023-02-24,2630,15.35
2023-02-01,2633,26.74
2023-02-02,2633,26.6
2023-02-03,2633,26.74
2023-02-06,2633,26.51
2023-02-07,2633,26.33
2023-02-08,2633,26.38
2023-02-09,2633,26.33
2023-02-10,2633,26.33
2023-02-13,2633,26.38
2023-02-14,2633,26.42
2023-02-15,2633,26.38
2023-02-16,2633,26.42
2023-02-17,2633,26.47
2023-02-20,2633,26.7
2023-02-21,2633,26.65
2023-02-22,2633,26.6
2023-02-23,2633,26.65
2023-02-24,2633,26.79
2023-02-01,2634,31.93
2023-02-02,2634,31.84
2023-02-03,2634,32.3
2023-02-06,2634,32.81
2023-02-07,2634,32.76
2023-02-08,2634,33.18
2023-02-09,2634,34.52
2023-02-10,2634,35.07
2023-02-13,2634,34.8
2023-02-14,2634,34.75
2023-02-15,2634,34.47
2023-02-16,2634,35.12
2023-02-17,2634,35.58
2023-02-20,2634,35.86
2023-02-21,2634,35.86
2023-02-22,2634,36.23
2023-02-23,2634,36.23
2023-02-24,2634,35.58
2023-02-01,2636,53.33
2023-02-02,2636,54.14
2023-02-03,2636,54.46
2023-02-06,2636,53.57
2023-02-07,2636,54.22
2023-02-08,2636,54.86
2023-02-09,2636,54.78
2023-02-10,2636,53.89
2023-02-13,2636,52.76
2023-02-14,2636,53.89
2023-02-15,2636,53.09
2023-02-16,2636,53.65
2023-02-17,2636,53.09
2023-02-20,2636,54.06
2023-02-21,2636,54.86
2023-02-22,2636,54.3
2023-02-23,2636,55.59
2023-02-24,2636,55.75
2023-02-01,2637,48.48
2023-02-02,2637,49.04
2023-02-03,2637,48.8
2023-02-06,2637,48.48
2023-02-07,2637,48.88
2023-02-08,2637,49.19
2023-02-09,2637,49.12
2023-02-10,2637,48.56
2023-02-13,2637,48.4
2023-02-14,2637,48.8
2023-02-15,2637,48.32
2023-02-16,2637,48.4
2023-02-17,2637,47.69
2023-02-20,2637,47.93
2023-02-21,2637,48.96
2023-02-22,2637,49.04
2023-02-23,2637,51.89
2023-02-24,2637,53.87
2023-02-01,2640,82.92
2023-02-02,2640,82.92
2023-02-03,2640,82.92
2023-02-06,2640,83.11
2023-02-07,2640,84.66
2023-02-08,2640,84.38
2023-02-09,2640,85.57
2023-02-10,2640,89.4
2023-02-13,2640,88.49
2023-02-14,2640,89.77
2023-02-15,2640,91.23
2023-02-16,2640,97.16
2023-02-17,2640,99.44
2023-02-20,2640,100.35
2023-02-21,2640,98.98
2023-02-22,2640,99.89
2023-02-23,2640,99.89
2023-02-24,2640,98.52
2023-02-01,2641,15.97
2023-02-02,2641,16.15
2023-02-03,2641,16.06
2023-02-06,2641,15.88
2023-02-07,2641,15.93
2023-02-08,2641,15.93
2023-02-09,2641,15.88
2023-02-10,2641,15.66
2023-02-13,2641,15.18
2023-02-14,2641,15.31
2023-02-15,2641,15.27
2023-02-16,2641,15.36
2023-02-17,2641,15.36
2023-02-20,2641,15.44
2023-02-21,2641,15.84
2023-02-22,2641,15.84
2023-02-23,2641,16.5
2023-02-24,2641,17.33
2023-02-01,2642,46.08
2023-02-02,2642,47.1
2023-02-03,2642,46.91
2023-02-06,2642,46.13
2023-02-07,2642,46.17
2023-02-08,2642,46.03
2023-02-09,2642,45.85
2023-02-10,2642,45.1
2023-02-13,2642,44.55
2023-02-14,2642,44.78
2023-02-15,2642,44.59
2023-02-16,2642,44.82
2023-02-17,2642,45.15
2023-02-20,2642,45.61
2023-02-21,2642,45.47
2023-02-22,2642,45.1
2023-02-23,2642,45.52
2023-02-24,2642,45.47
2023-02-01,2643,54.31
2023-02-02,2643,54.94
2023-02-03,2643,54.94
2023-02-06,2643,54.55
2023-02-07,2643,54.55
2023-02-08,2643,54.55
2023-02-09,2643,54.7
2023-02-10,2643,54.63
2023-02-13,2643,54.63
2023-02-14,2643,54.55
2023-02-15,2643,54.47
2023-02-16,2643,54.7
2023-02-17,2643,54.7
2023-02-20,2643,54.86
2023-02-21,2643,55.42
2023-02-22,2643,56.05
2023-02-23,2643,57.16
2023-02-24,2643,57.0
2023-02-01,2645,74.51
2023-02-02,2645,75.13
2023-02-03,2645,73.53
2023-02-06,2645,73.35
2023-02-07,2645,74.77
2023-02-08,2645,80.44
2023-02-09,2645,82.75
2023-02-10,2645,83.63
2023-02-13,2645,81.86
2023-02-14,2645,81.86
2023-02-15,2645,82.04
2023-02-16,2645,81.68
2023-02-17,2645,83.54
2023-02-20,2645,86.56
2023-02-21,2645,84.16
2023-02-22,2645,82.48
2023-02-23,2645,83.28
2023-02-24,2645,84.43
2023-02-01,2646,19.0
2023-02-02,2646,19.05
2023-02-03,2646,19.1
2023-02-06,2646,19.0
2023-02-07,2646,19.1
2023-02-08,2646,19.1
2023-02-09,2646,19.1
2023-02-10,2646,18.9
2023-02-13,2646,19.55
2023-02-14,2646,22.0
2023-02-15,2646,24.0
2023-02-16,2646,29.25
2023-02-17,2646,33.55
2023-02-20,2646,44.95
2023-02-21,2646,39.3
2023-02-22,2646,34.85
2023-02-23,2646,36.05
2023-02-24,2646,36.1
2023-02-01,2701,11.66
2023-02-02,2701,11.7
2023-02-03,2701,11.75
2023-02-06,2701,11.7
2023-02-07,2701,11.7
2023-02-08,2701,11.66
2023-02-09,2701,11.66
2023-02-10,2701,11.66
2023-02-13,2701,11.61
2023-02-14,2701,11.7
2023-02-15,2701,11.75
2023-02-16,2701,11.8
2023-02-17,2701,12.18
2023-02-20,2701,12.33
2023-02-21,2701,12.28
2023-02-22,2701,12.66
2023-02-23,2701,13.0
2023-02-24,2701,12.71
2023-02-01,2702,21.48
2023-02-02,2702,21.38
2023-02-03,2702,21.52
2023-02-06,2702,22.42
2023-02-07,2702,22.19
2023-02-08,2702,22.14
2023-02-09,2702,22.0
2023-02-10,2702,21.76
2023-02-13,2702,21.43
2023-02-14,2702,22.19
2023-02-15,2702,22.61
2023-02-16,2702,24.4
2023-02-17,2702,24.55
2023-02-20,2702,24.26
2023-02-21,2702,23.93
2023-02-22,2702,25.35
2023-02-23,2702,26.06
2023-02-24,2702,25.4
2023-02-01,2704,31.42
2023-02-02,2704,31.32
2023-02-03,2704,31.08
2023-02-06,2704,31.08
2023-02-07,2704,31.42
2023-02-08,2704,31.46
2023-02-09,2704,31.42
2023-02-10,2704,31.37
2023-02-13,2704,31.37
2023-02-14,2704,31.61
2023-02-15,2704,32.14
2023-02-16,2704,32.14
2023-02-17,2704,32.86
2023-02-20,2704,33.44
2023-02-21,2704,33.83
2023-02-22,2704,35.81
2023-02-23,2704,38.22
2023-02-24,2704,37.06
2023-02-01,2705,17.05
2023-02-02,2705,17.0
2023-02-03,2705,17.1
2023-02-06,2705,17.1
2023-02-07,2705,17.0
2023-02-08,2705,16.9
2023-02-09,2705,16.9
2023-02-10,2705,16.8
2023-02-13,2705,16.8
2023-02-14,2705,16.9
2023-02-15,2705,16.95
2023-02-16,2705,17.1
2023-02-17,2705,18.75
2023-02-20,2705,18.4
2023-02-21,2705,18.25
2023-02-22,2705,19.05
2023-02-23,2705,19.25
2023-02-24,2705,18.8
2023-02-01,2706,13.51
2023-02-02,2706,13.56
2023-02-03,2706,13.56
2023-02-06,2706,13.61
2023-02-07,2706,13.61
2023-02-08,2706,13.56
2023-02-09,2706,13.56
2023-02-10,2706,13.56
2023-02-13,2706,13.56
2023-02-14,2706,13.66
2023-02-15,2706,13.66
2023-02-16,2706,13.8
2023-02-17,2706,14.04
2023-02-20,2706,14.09
2023-02-21,2706,14.18
2023-02-22,2706,14.37
2023-02-23,2706,14.71
2023-02-24,2706,14.56
2023-02-01,2707,221.96
2023-02-02,2707,217.67
2023-02-03,2707,217.67
2023-02-06,2707,225.4
2023-02-07,2707,227.97
2023-02-08,2707,229.69
2023-02-09,2707,222.82
2023-02-10,2707,221.53
2023-02-13,2707,216.38
2023-02-14,2707,221.96
2023-02-15,2707,226.26
2023-02-16,2707,231.41
2023-02-17,2707,243.0
2023-02-20,2707,235.27
2023-02-21,2707,230.12
2023-02-22,2707,252.87
2023-02-23,2707,265.32
2023-02-24,2707,268.33
2023-02-01,2712,32.65
2023-02-02,2712,32.95
2023-02-03,2712,32.85
2023-02-06,2712,32.26
2023-02-07,2712,32.46
2023-02-08,2712,32.95
2023-02-09,2712,32.65
2023-02-10,2712,32.75
2023-02-13,2712,32.75
2023-02-14,2712,33.14
2023-02-15,2712,33.05
2023-02-16,2712,32.51
2023-02-17,2712,32.85
2023-02-20,2712,33.78
2023-02-21,2712,33.44
2023-02-22,2712,34.42
2023-02-23,2712,37.82
2023-02-24,2712,37.28
2023-02-01,2718,34.21
2023-02-02,2718,34.21
2023-02-06,2718,33.62
2023-02-07,2718,34.11
2023-02-08,2718,34.11
2023-02-09,2718,34.11
2023-02-10,2718,34.35
2023-02-13,2718,33.92
2023-02-14,2718,34.11
2023-02-15,2718,34.6
2023-02-16,2718,34.01
2023-02-17,2718,34.11
2023-02-20,2718,34.45
2023-02-21,2718,34.84
2023-02-22,2718,34.6
2023-02-23,2718,34.06
2023-02-24,2718,34.31
2023-02-01,2719,29.55
2023-02-02,2719,30.5
2023-02-03,2719,33.55
2023-02-06,2719,36.9
2023-02-07,2719,34.75
2023-02-08,2719,35.2
2023-02-09,2719,34.85
2023-02-10,2719,34.0
2023-02-13,2719,33.8
2023-02-14,2719,34.05
2023-02-15,2719,37.45
2023-02-16,2719,41.15
2023-02-17,2719,45.25
2023-02-20,2719,49.75
2023-02-21,2719,54.7
2023-02-22,2719,60.1
2023-02-23,2719,58.3
2023-02-24,2719,55.2
2023-02-01,2722,29.91
2023-02-02,2722,29.68
2023-02-03,2722,29.91
2023-02-06,2722,30.41
2023-02-07,2722,30.05
2023-02-08,2722,30.09
2023-02-09,2722,30.0
2023-02-10,2722,29.91
2023-02-13,2722,30.18
2023-02-14,2722,30.82
2023-02-15,2722,31.81
2023-02-16,2722,32.04
2023-02-17,2722,33.13
2023-02-20,2722,34.62
2023-02-21,2722,33.35
2023-02-22,2722,36.66
2023-02-23,2722,40.29
2023-02-24,2722,42.96
2023-02-01,2723,140.12
2023-02-02,2723,136.47
2023-02-03,2723,134.65
2023-02-06,2723,139.21
2023-02-07,2723,141.49
2023-02-08,2723,141.49
2023-02-09,2723,141.04
2023-02-10,2723,138.75
2023-02-13,2723,139.67
2023-02-14,2723,153.36
2023-02-15,2723,144.69
2023-02-16,2723,146.06
2023-02-17,2723,148.34
2023-02-20,2723,146.06
2023-02-21,2723,142.86
2023-02-22,2723,146.51
2023-02-23,2723,147.88
2023-02-24,2723,144.23
2023-02-01,2724,13.3
2023-02-03,2724,13.0
2023-02-07,2724,13.4
2023-02-13,2724,13.4
2023-02-15,2724,13.4
2023-02-17,2724,13.4
2023-02-20,2724,14.7
2023-02-21,2724,15.1
2023-02-22,2724,14.0
2023-02-01,2726,34.93
2023-02-02,2726,34.35
2023-02-03,2726,34.07
2023-02-06,2726,34.71
2023-02-07,2726,34.5
2023-02-08,2726,33.64
2023-02-09,2726,34.07
2023-02-10,2726,33.92
2023-02-13,2726,34.21
2023-02-14,2726,35.78
2023-02-15,2726,37.22
2023-02-16,2726,37.29
2023-02-17,2726,38.0
2023-02-20,2726,37.5
2023-02-21,2726,36.5
2023-02-22,2726,37.5
2023-02-23,2726,39.79
2023-02-24,2726,41.58
2023-02-01,2727,155.77
2023-02-02,2727,152.61
2023-02-03,2727,149.45
2023-02-06,2727,154.19
2023-02-07,2727,156.96
2023-02-08,2727,158.94
2023-02-09,2727,159.73
2023-02-10,2727,157.36
2023-02-13,2727,163.29
2023-02-14,2727,171.19
2023-02-15,2727,182.26
2023-02-16,2727,185.03
2023-02-17,2727,198.87
2023-02-20,2727,198.87
2023-02-21,2727,200.85
2023-02-22,2727,215.08
2023-02-23,2727,218.24
2023-02-24,2727,220.22
2023-02-01,2729,166.55
2023-02-02,2729,164.3
2023-02-03,2729,163.55
2023-02-06,2729,168.05
2023-02-07,2729,169.55
2023-02-08,2729,169.18
2023-02-09,2729,169.55
2023-02-10,2729,169.93
2023-02-13,2729,177.8
2023-02-14,2729,191.68
2023-02-15,2729,191.31
2023-02-16,2729,192.43
2023-02-17,2729,195.06
2023-02-20,2729,186.43
2023-02-21,2729,184.93
2023-02-22,2729,189.43
2023-02-23,2729,193.56
2023-02-24,2729,191.68
2023-02-01,2731,95.59
2023-02-02,2731,95.14
2023-02-03,2731,97.4
2023-02-06,2731,102.38
2023-02-07,2731,103.29
2023-02-08,2731,103.74
2023-02-09,2731,102.38
2023-02-10,2731,100.57
2023-02-13,2731,102.38
2023-02-14,2731,106.01
2023-02-15,2731,116.43
2023-02-16,2731,124.13
2023-02-17,2731,121.86
2023-02-20,2731,117.79
2023-02-21,2731,116.43
2023-02-22,2731,114.16
2023-02-23,2731,116.88
2023-02-24,2731,115.52
2023-02-01,2732,124.66
2023-02-02,2732,122.45
2023-02-03,2732,121.13
2023-02-06,2732,123.77
2023-02-07,2732,124.22
2023-02-08,2732,124.22
2023-02-09,2732,126.86
2023-02-10,2732,125.1
2023-02-13,2732,126.86
2023-02-14,2732,135.67
2023-02-15,2732,133.03
2023-02-16,2732,135.23
2023-02-17,2732,136.99
2023-02-20,2732,135.67
2023-02-21,2732,136.55
2023-02-22,2732,136.55
2023-02-23,2732,137.87
2023-02-24,2732,143.16
2023-02-01,2734,25.34
2023-02-02,2734,25.53
2023-02-03,2734,25.86
2023-02-06,2734,26.37
2023-02-07,2734,26.32
2023-02-08,2734,26.46
2023-02-09,2734,26.42
2023-02-10,2734,26.0
2023-02-13,2734,26.0
2023-02-14,2734,26.56
2023-02-15,2734,28.42
2023-02-16,2734,28.23
2023-02-17,2734,30.38
2023-02-20,2734,30.0
2023-02-21,2734,29.21
2023-02-22,2734,30.79
2023-02-23,2734,33.82
2023-02-24,2734,32.66
2023-02-01,2736,21.06
2023-02-02,2736,21.06
2023-02-03,2736,20.92
2023-02-06,2736,21.76
2023-02-07,2736,21.86
2023-02-08,2736,21.39
2023-02-09,2736,21.34
2023-02-10,2736,21.3
2023-02-13,2736,20.83
2023-02-14,2736,21.67
2023-02-15,2736,21.95
2023-02-16,2736,23.12
2023-02-17,2736,23.4
2023-02-20,2736,22.98
2023-02-21,2736,22.7
2023-02-22,2736,24.01
2023-02-23,2736,26.39
2023-02-24,2736,26.16
2023-02-01,2739,29.74
2023-02-02,2739,29.59
2023-02-03,2739,29.64
2023-02-06,2739,30.42
2023-02-07,2739,30.47
2023-02-08,2739,30.47
2023-02-09,2739,30.71
2023-02-10,2739,30.52
2023-02-13,2739,29.84
2023-02-14,2739,30.23
2023-02-15,2739,33.25
2023-02-16,2739,33.39
2023-02-17,2739,36.71
2023-02-20,2739,40.37
2023-02-21,2739,39.59
2023-02-22,2739,43.53
2023-02-23,2739,47.87
2023-02-24,2739,52.65
2023-02-13,2740,82.81
2023-02-14,2740,82.81
2023-02-15,2740,87.27
2023-02-21,2740,84.27
2023-02-24,2740,85.45
2023-02-01,2743,57.49
2023-02-02,2743,57.49
2023-02-03,2743,57.98
2023-02-06,2743,60.22
2023-02-07,2743,60.51
2023-02-08,2743,59.93
2023-02-09,2743,59.44
2023-02-10,2743,58.47
2023-02-13,2743,58.96
2023-02-14,2743,61.2
2023-02-15,2743,63.15
2023-02-16,2743,64.22
2023-02-17,2743,63.83
2023-02-20,2743,62.56
2023-02-21,2743,62.27
2023-02-22,2743,63.05
2023-02-23,2743,63.63
2023-02-24,2743,62.37
2023-02-01,2745,38.34
2023-02-02,2745,37.95
2023-02-03,2745,38.53
2023-02-06,2745,38.91
2023-02-07,2745,38.14
2023-02-08,2745,38.14
2023-02-09,2745,38.38
2023-02-10,2745,37.85
2023-02-13,2745,37.81
2023-02-14,2745,38.29
2023-02-15,2745,40.17
2023-02-16,2745,40.21
2023-02-17,2745,40.36
2023-02-20,2745,40.84
2023-02-21,2745,39.97
2023-02-22,2745,40.6
2023-02-23,2745,41.03
2023-02-24,2745,40.79
2023-02-01,2748,61.56
2023-02-02,2748,62.33
2023-02-03,2748,64.34
2023-02-06,2748,70.74
2023-02-07,2748,71.51
2023-02-08,2748,73.32
2023-02-09,2748,75.62
2023-02-10,2748,72.46
2023-02-13,2748,70.07
2023-02-14,2748,76.96
2023-02-15,2748,79.25
2023-02-16,2748,81.26
2023-02-17,2748,89.38
2023-02-20,2748,91.77
2023-02-21,2748,89.86
2023-02-22,2748,98.47
2023-02-23,2748,100.86
2023-02-24,2748,93.88
2023-02-01,2752,197.72
2023-02-02,2752,196.42
2023-02-03,2752,199.45
2023-02-06,2752,198.59
2023-02-07,2752,199.45
2023-02-08,2752,203.79
2023-02-09,2752,206.83
2023-02-10,2752,210.73
2023-02-13,2752,218.53
2023-02-14,2752,218.1
2023-02-15,2752,218.53
2023-02-16,2752,219.4
2023-02-17,2752,226.77
2023-02-20,2752,225.04
2023-02-21,2752,224.6
2023-02-22,2752,223.74
2023-02-23,2752,222.87
2023-02-24,2752,224.6
2023-02-01,2753,195.13
2023-02-02,2753,190.24
2023-02-03,2753,190.24
2023-02-06,2753,195.13
2023-02-07,2753,196.91
2023-02-08,2753,194.69
2023-02-09,2753,194.24
2023-02-10,2753,213.35
2023-02-13,2753,205.8
2023-02-14,2753,209.8
2023-02-15,2753,211.13
2023-02-16,2753,222.24
2023-02-17,2753,221.8
2023-02-20,2753,216.91
2023-02-21,2753,226.69
2023-02-22,2753,225.35
2023-02-23,2753,225.8
2023-02-24,2753,223.13
2023-02-01,2754,142.0
2023-02-02,2754,138.59
2023-02-03,2754,137.61
2023-02-06,2754,138.1
2023-02-07,2754,138.59
2023-02-08,2754,137.61
2023-02-09,2754,138.1
2023-02-10,2754,139.08
2023-02-13,2754,152.74
2023-02-14,2754,167.87
2023-02-15,2754,177.63
2023-02-16,2754,183.0
2023-02-17,2754,189.34
2023-02-20,2754,193.73
2023-02-21,2754,205.44
2023-02-22,2754,213.74
2023-02-23,2754,208.37
2023-02-24,2754,202.03
2023-02-01,2755,60.0
2023-02-02,2755,60.07
2023-02-03,2755,59.93
2023-02-06,2755,60.14
2023-02-07,2755,62.79
2023-02-08,2755,62.51
2023-02-09,2755,61.88
2023-02-10,2755,61.95
2023-02-13,2755,62.16
2023-02-14,2755,65.93
2023-02-15,2755,65.72
2023-02-16,2755,64.25
2023-02-17,2755,63.62
2023-02-20,2755,64.11
2023-02-21,2755,64.11
2023-02-22,2755,66.34
2023-02-23,2755,68.86
2023-02-24,2755,75.69
2023-02-01,2756,84.53
2023-02-02,2756,82.64
2023-02-03,2756,81.12
2023-02-06,2756,83.02
2023-02-07,2756,83.02
2023-02-08,2756,82.26
2023-02-09,2756,83.02
2023-02-10,2756,83.4
2023-02-13,2756,88.32
2023-02-14,2756,91.36
2023-02-15,2756,89.84
2023-02-16,2756,90.6
2023-02-17,2756,90.6
2023-02-20,2756,87.94
2023-02-21,2756,86.43
2023-02-22,2756,90.22
2023-02-23,2756,90.22
2023-02-24,2756,89.84
2023-02-01,2801,15.67
2023-02-02,2801,15.53
2023-02-03,2801,15.53
2023-02-06,2801,15.4
2023-02-07,2801,15.49
2023-02-08,2801,15.4
2023-02-09,2801,15.4
2023-02-10,2801,15.4
2023-02-13,2801,15.36
2023-02-14,2801,15.4
2023-02-15,2801,15.36
2023-02-16,2801,15.4
2023-02-17,2801,15.53
2023-02-20,2801,15.62
2023-02-21,2801,15.62
2023-02-22,2801,15.53
2023-02-23,2801,15.58
2023-02-24,2801,15.53
2023-02-01,2809,32.36
2023-02-02,2809,32.59
2023-02-03,2809,32.78
2023-02-06,2809,32.68
2023-02-07,2809,32.78
2023-02-08,2809,32.68
2023-02-09,2809,32.27
2023-02-10,2809,32.18
2023-02-13,2809,31.99
2023-02-14,2809,32.27
2023-02-15,2809,31.57
2023-02-16,2809,31.67
2023-02-17,2809,31.67
2023-02-20,2809,32.04
2023-02-21,2809,31.85
2023-02-22,2809,31.67
2023-02-23,2809,31.57
2023-02-24,2809,31.57
2023-02-01,2812,11.44
2023-02-02,2812,11.53
2023-02-03,2812,11.57
2023-02-06,2812,11.53
2023-02-07,2812,11.53
2023-02-08,2812,11.53
2023-02-09,2812,11.53
2023-02-10,2812,11.53
2023-02-13,2812,11.57
2023-02-14,2812,11.57
2023-02-15,2812,11.53
2023-02-16,2812,11.53
2023-02-17,2812,11.57
2023-02-20,2812,11.7
2023-02-21,2812,11.66
2023-02-22,2812,11.74
2023-02-23,2812,11.92
2023-02-24,2812,12.01
2023-02-01,2816,15.23
2023-02-02,2816,15.28
2023-02-03,2816,15.33
2023-02-06,2816,15.28
2023-02-07,2816,15.28
2023-02-08,2816,15.28
2023-02-09,2816,15.23
2023-02-10,2816,15.23
2023-02-13,2816,15.23
2023-02-14,2816,15.37
2023-02-15,2816,15.23
2023-02-16,2816,15.37
2023-02-17,2816,15.37
2023-02-20,2816,15.52
2023-02-21,2816,15.42
2023-02-22,2816,15.52
2023-02-23,2816,15.66
2023-02-24,2816,15.75
2023-02-01,2820,13.28
2023-02-02,2820,13.32
2023-02-03,2820,13.5
2023-02-06,2820,13.5
2023-02-07,2820,13.58
2023-02-08,2820,13.54
2023-02-09,2820,13.58
2023-02-10,2820,13.54
2023-02-13,2820,13.54
2023-02-14,2820,13.54
2023-02-15,2820,13.5
2023-02-16,2820,13.72
2023-02-17,2820,13.63
2023-02-20,2820,13.63
2023-02-21,2820,13.54
2023-02-22,2820,13.45
2023-02-23,2820,13.54
2023-02-24,2820,13.63
2023-02-01,2832,17.78
2023-02-02,2832,17.78
2023-02-03,2832,17.82
2023-02-06,2832,17.86
2023-02-07,2832,17.86
2023-02-08,2832,17.86
2023-02-09,2832,17.82
2023-02-10,2832,17.78
2023-02-13,2832,17.74
2023-02-14,2832,17.74
2023-02-15,2832,17.69
2023-02-16,2832,17.82
2023-02-17,2832,17.78
2023-02-20,2832,17.78
2023-02-21,2832,17.95
2023-02-22,2832,17.91
2023-02-23,2832,17.86
2023-02-24,2832,17.86
2023-02-01,2834,11.48
2023-02-02,2834,11.4
2023-02-03,2834,11.4
2023-02-06,2834,11.31
2023-02-07,2834,11.53
2023-02-08,2834,11.48
2023-02-09,2834,11.48
2023-02-10,2834,11.57
2023-02-13,2834,11.83
2023-02-14,2834,11.87
2023-02-15,2834,11.78
2023-02-16,2834,11.78
2023-02-17,2834,11.87
2023-02-20,2834,12.04
2023-02-21,2834,12.0
2023-02-22,2834,12.21
2023-02-23,2834,12.39
2023-02-24,2834,12.39
2023-02-01,2836,11.35
2023-02-02,2836,11.35
2023-02-03,2836,11.39
2023-02-06,2836,11.31
2023-02-07,2836,11.31
2023-02-08,2836,11.35
2023-02-09,2836,11.26
2023-02-10,2836,11.26
2023-02-13,2836,11.31
2023-02-14,2836,11.35
2023-02-15,2836,11.35
2023-02-16,2836,11.35
2023-02-17,2836,11.31
2023-02-20,2836,11.31
2023-02-21,2836,11.31
2023-02-22,2836,11.22
2023-02-23,2836,11.31
2023-02-24,2836,11.09
2023-02-03,2836A,20.03
2023-02-07,2836A,19.81
2023-02-08,2836A,19.73
2023-02-09,2836A,19.73
2023-02-10,2836A,19.73
2023-02-13,2836A,19.77
2023-02-14,2836A,19.77
2023-02-15,2836A,19.77
2023-02-16,2836A,19.68
2023-02-17,2836A,19.86
2023-02-20,2836A,19.86
2023-02-21,2836A,19.86
2023-02-24,2836A,19.86
2023-02-01,2838,15.38
2023-02-02,2838,15.38
2023-02-03,2838,15.62
2023-02-06,2838,15.48
2023-02-07,2838,15.48
2023-02-08,2838,15.38
2023-02-09,2838,15.29
2023-02-10,2838,15.34
2023-02-13,2838,15.34
2023-02-14,2838,15.48
2023-02-15,2838,15.57
2023-02-16,2838,15.81
2023-02-17,2838,15.52
2023-02-20,2838,15.43
2023-02-21,2838,15.38
2023-02-22,2838,15.38
2023-02-23,2838,15.34
2023-02-24,2838,15.38
2023-02-01,2838A,44.86
2023-02-02,2838A,44.86
2023-02-03,2838A,44.86
2023-02-06,2838A,44.77
2023-02-07,2838A,44.86
2023-02-08,2838A,44.77
2023-02-09,2838A,44.77
2023-02-10,2838A,44.86
2023-02-13,2838A,44.86
2023-02-14,2838A,44.86
2023-02-15,2838A,44.86
2023-02-16,2838A,44.86
2023-02-17,2838A,44.86
2023-02-20,2838A,44.95
2023-02-21,2838A,44.95
2023-02-22,2838A,45.03
2023-02-23,2838A,45.03
2023-02-24,2838A,45.12
2023-02-01,2845,10.41
2023-02-02,2845,10.45
2023-02-03,2845,10.54
2023-02-06,2845,10.5
2023-02-07,2845,10.59
2023-02-08,2845,10.59
2023-02-09,2845,10.41
2023-02-10,2845,10.41
2023-02-13,2845,10.41
2023-02-14,2845,10.45
2023-02-15,2845,10.41
2023-02-16,2845,10.45
2023-02-17,2845,10.45
2023-02-20,2845,10.54
2023-02-21,2845,10.41
2023-02-22,2845,10.45
2023-02-23,2845,10.5
2023-02-24,2845,10.54
2023-02-01,2849,13.62
2023-02-02,2849,13.66
2023-02-03,2849,13.75
2023-02-06,2849,13.66
2023-02-07,2849,13.66
2023-02-08,2849,13.62
2023-02-09,2849,13.62
2023-02-10,2849,13.52
2023-02-13,2849,13.52
2023-02-14,2849,13.66
2023-02-15,2849,13.48
2023-02-16,2849,13.57
2023-02-17,2849,13.57
2023-02-20,2849,13.62
2023-02-21,2849,13.66
2023-02-22,2849,13.62
2023-02-23,2849,13.71
2023-02-24,2849,13.71
2023-02-01,2850,42.16
2023-02-02,2850,42.66
2023-02-03,2850,42.66
2023-02-06,2850,42.75
2023-02-07,2850,43.08
2023-02-08,2850,42.92
2023-02-09,2850,42.83
2023-02-10,2850,42.5
2023-02-13,2850,43.59
2023-02-14,2850,43.08
2023-02-15,2850,42.66
2023-02-16,2850,42.92
2023-02-17,2850,43.0
2023-02-20,2850,43.0
2023-02-21,2850,42.83
2023-02-22,2850,42.5
2023-02-23,2850,42.66
2023-02-24,2850,42.5
2023-02-01,2851,16.02
2023-02-02,2851,16.24
2023-02-03,2851,16.37
2023-02-06,2851,16.41
2023-02-07,2851,16.28
2023-02-08,2851,16.46
2023-02-09,2851,16.46
2023-02-10,2851,16.15
2023-02-13,2851,16.02
2023-02-14,2851,16.06
2023-02-15,2851,16.11
2023-02-16,2851,16.06
2023-02-17,2851,16.24
2023-02-20,2851,16.37
2023-02-21,2851,16.24
2023-02-22,2851,16.19
2023-02-23,2851,16.19
2023-02-24,2851,16.28
2023-02-01,2852,14.52
2023-02-02,2852,14.57
2023-02-03,2852,14.61
2023-02-06,2852,14.79
2023-02-07,2852,15.01
2023-02-08,2852,14.92
2023-02-09,2852,14.92
2023-02-10,2852,14.75
2023-02-13,2852,14.83
2023-02-14,2852,14.88
2023-02-15,2852,14.88
2023-02-16,2852,14.92
2023-02-17,2852,14.97
2023-02-20,2852,14.97
2023-02-21,2852,14.97
2023-02-22,2852,14.97
2023-02-23,2852,15.01
2023-02-24,2852,15.06
2023-02-01,2855,13.16
2023-02-02,2855,13.48
2023-02-03,2855,13.64
2023-02-06,2855,13.56
2023-02-07,2855,13.64
2023-02-08,2855,13.8
2023-02-09,2855,13.84
2023-02-10,2855,13.84
2023-02-13,2855,13.84
2023-02-14,2855,14.0
2023-02-15,2855,13.84
2023-02-16,2855,13.8
2023-02-17,2855,13.68
2023-02-20,2855,13.72
2023-02-21,2855,13.76
2023-02-22,2855,13.8
2023-02-23,2855,13.88
2023-02-24,2855,13.88
2023-02-01,2867,5.45
2023-02-02,2867,5.51
2023-02-03,2867,5.51
2023-02-06,2867,5.56
2023-02-07,2867,5.58
2023-02-08,2867,5.53
2023-02-09,2867,5.48
2023-02-10,2867,5.4
2023-02-13,2867,5.42
2023-02-14,2867,5.49
2023-02-15,2867,5.43
2023-02-16,2867,5.47
2023-02-17,2867,5.42
2023-02-20,2867,5.41
2023-02-21,2867,5.31
2023-02-22,2867,5.33
2023-02-23,2867,5.33
2023-02-24,2867,5.3
2023-02-01,2880,21.09
2023-02-02,2880,21.0
2023-02-03,2880,20.95
2023-02-06,2880,20.81
2023-02-07,2880,20.81
2023-02-08,2880,20.81
2023-02-09,2880,20.77
2023-02-10,2880,20.91
2023-02-13,2880,20.95
2023-02-14,2880,21.18
2023-02-15,2880,20.95
2023-02-16,2880,21.0
2023-02-17,2880,21.09
2023-02-20,2880,21.18
2023-02-21,2880,21.04
2023-02-22,2880,21.14
2023-02-23,2880,21.14
2023-02-24,2880,21.04
2023-02-01,2881,49.17
2023-02-02,2881,49.58
2023-02-03,2881,49.0
2023-02-06,2881,48.68
2023-02-07,2881,48.68
2023-02-08,2881,48.51
2023-02-09,2881,48.43
2023-02-10,2881,48.27
2023-02-13,2881,48.76
2023-02-14,2881,49.25
2023-02-15,2881,48.76
2023-02-16,2881,48.68
2023-02-17,2881,49.41
2023-02-20,2881,49.74
2023-02-21,2881,49.33
2023-02-22,2881,49.08
2023-02-23,2881,49.0
2023-02-24,2881,49.17
2023-02-01,2881A,53.84
2023-02-02,2881A,53.84
2023-02-03,2881A,53.93
2023-02-06,2881A,53.84
2023-02-07,2881A,53.84
2023-02-08,2881A,53.93
2023-02-09,2881A,54.28
2023-02-10,2881A,54.19
2023-02-13,2881A,54.19
2023-02-14,2881A,54.19
2023-02-15,2881A,54.28
2023-02-16,2881A,54.28
2023-02-17,2881A,54.28
2023-02-20,2881A,54.54
2023-02-21,2881A,54.81
2023-02-22,2881A,54.54
2023-02-23,2881A,54.54
2023-02-24,2881A,54.63
2023-02-01,2881B,53.36
2023-02-02,2881B,53.45
2023-02-03,2881B,53.45
2023-02-06,2881B,53.54
2023-02-07,2881B,53.54
2023-02-08,2881B,53.72
2023-02-09,2881B,53.9
2023-02-10,2881B,53.99
2023-02-13,2881B,54.08
2023-02-14,2881B,54.17
2023-02-15,2881B,54.26
2023-02-16,2881B,54.35
2023-02-17,2881B,54.26
2023-02-20,2881B,54.17
2023-02-21,2881B,54.08
2023-02-22,2881B,54.08
2023-02-23,2881B,54.17
2023-02-24,2881B,54.17
2023-02-01,2881C,51.53
2023-02-02,2881C,51.62
2023-02-03,2881C,51.71
2023-02-06,2881C,51.8
2023-02-07,2881C,51.89
2023-02-08,2881C,51.98
2023-02-09,2881C,52.07
2023-02-10,2881C,52.25
2023-02-13,2881C,52.34
2023-02-14,2881C,52.43
2023-02-15,2881C,52.43
2023-02-16,2881C,52.43
2023-02-17,2881C,52.61
2023-02-20,2881C,52.79
2023-02-21,2881C,53.07
2023-02-22,2881C,53.07
2023-02-23,2881C,53.16
2023-02-24,2881C,53.34
2023-02-01,2882,38.6
2023-02-02,2882,39.54
2023-02-03,2882,38.87
2023-02-06,2882,38.28
2023-02-07,2882,38.42
2023-02-08,2882,38.46
2023-02-09,2882,38.24
2023-02-10,2882,38.28
2023-02-13,2882,38.51
2023-02-14,2882,39.14
2023-02-15,2882,38.55
2023-02-16,2882,38.64
2023-02-17,2882,39.5
2023-02-20,2882,39.9
2023-02-21,2882,39.36
2023-02-22,2882,38.91
2023-02-23,2882,38.87
2023-02-24,2882,39.0
2023-02-01,2882A,50.7
2023-02-02,2882A,50.7
2023-02-03,2882A,50.61
2023-02-06,2882A,50.43
2023-02-07,2882A,49.99
2023-02-08,2882A,50.08
2023-02-09,2882A,50.17
2023-02-10,2882A,50.34
2023-02-13,2882A,50.52
2023-02-14,2882A,50.52
2023-02-15,2882A,50.43
2023-02-16,2882A,50.52
2023-02-17,2882A,52.03
2023-02-20,2882A,52.74
2023-02-21,2882A,53.01
2023-02-22,2882A,52.92
2023-02-23,2882A,53.01
2023-02-24,2882A,53.27
2023-02-01,2882B,51.6
2023-02-02,2882B,51.6
2023-02-03,2882B,51.51
2023-02-06,2882B,51.42
2023-02-07,2882B,51.15
2023-02-08,2882B,51.33
2023-02-09,2882B,51.33
2023-02-10,2882B,51.69
2023-02-13,2882B,51.96
2023-02-14,2882B,51.96
2023-02-15,2882B,51.96
2023-02-16,2882B,52.04
2023-02-17,2882B,52.94
2023-02-20,2882B,53.57
2023-02-21,2882B,53.66
2023-02-22,2882B,53.57
2023-02-23,2882B,53.75
2023-02-24,2882B,53.75
2023-02-01,2883,12.04
2023-02-02,2883,12.04
2023-02-03,2883,12.0
2023-02-06,2883,11.95
2023-02-07,2883,11.95
2023-02-08,2883,11.91
2023-02-09,2883,11.91
2023-02-10,2883,11.81
2023-02-13,2883,11.95
2023-02-14,2883,11.95
2023-02-15,2883,11.91
2023-02-16,2883,11.95
2023-02-17,2883,12.09
2023-02-20,2883,12.23
2023-02-21,2883,12.09
2023-02-22,2883,12.0
2023-02-23,2883,12.09
2023-02-24,2883,12.09
2023-02-01,2883B,7.34
2023-02-02,2883B,7.36
2023-02-03,2883B,7.37
2023-02-06,2883B,7.29
2023-02-07,2883B,7.19
2023-02-08,2883B,7.2
2023-02-09,2883B,7.2
2023-02-10,2883B,7.16
2023-02-13,2883B,7.19
2023-02-14,2883B,7.22
2023-02-15,2883B,7.23
2023-02-16,2883B,7.24
2023-02-17,2883B,7.33
2023-02-20,2883B,7.35
2023-02-21,2883B,7.41
2023-02-22,2883B,7.38
2023-02-23,2883B,7.41
2023-02-24,2883B,7.41
2023-02-01,2884,23.31
2023-02-02,2884,23.31
2023-02-03,2884,23.36
2023-02-06,2884,23.17
2023-02-07,2884,23.07
2023-02-08,2884,23.17
2023-02-09,2884,23.26
2023-02-10,2884,23.36
2023-02-13,2884,23.83
2023-02-14,2884,23.88
2023-02-15,2884,23.69
2023-02-16,2884,23.74
2023-02-17,2884,24.02
2023-02-20,2884,24.59
2023-02-21,2884,23.41
2023-02-22,2884,23.55
2023-02-23,2884,23.59
2023-02-24,2884,23.59
2023-02-01,2885,19.62
2023-02-02,2885,19.67
2023-02-03,2885,19.62
2023-02-06,2885,19.58
2023-02-07,2885,19.62
2023-02-08,2885,19.54
2023-02-09,2885,19.58
2023-02-10,2885,19.67
2023-02-13,2885,19.67
2023-02-14,2885,19.67
2023-02-15,2885,19.49
2023-02-16,2885,19.62
2023-02-17,2885,19.62
2023-02-20,2885,19.75
2023-02-21,2885,19.62
2023-02-22,2885,19.62
2023-02-23,2885,19.71
2023-02-24,2885,19.62
2023-02-01,2886,29.2
2023-02-02,2886,29.43
2023-02-03,2886,29.07
2023-02-06,2886,28.75
2023-02-07,2886,28.89
2023-02-08,2886,28.8
2023-02-09,2886,28.75
2023-02-10,2886,29.2
2023-02-13,2886,29.83
2023-02-14,2886,30.05
2023-02-15,2886,29.92
2023-02-16,2886,29.92
2023-02-17,2886,30.01
2023-02-20,2886,30.5
2023-02-21,2886,30.14
2023-02-22,2886,30.28
2023-02-23,2886,30.14
2023-02-24,2886,29.83
2023-02-01,2887,14.13
2023-02-02,2887,14.13
2023-02-03,2887,14.17
2023-02-06,2887,14.04
2023-02-07,2887,14.0
2023-02-08,2887,14.0
2023-02-09,2887,14.09
2023-02-10,2887,14.04
2023-02-13,2887,14.17
2023-02-14,2887,14.22
2023-02-15,2887,14.13
2023-02-16,2887,14.13
2023-02-17,2887,14.26
2023-02-20,2887,14.44
2023-02-21,2887,14.39
2023-02-22,2887,14.39
2023-02-23,2887,14.39
2023-02-24,2887,14.3
2023-02-01,2887E,44.54
2023-02-02,2887E,44.54
2023-02-03,2887E,44.54
2023-02-06,2887E,44.46
2023-02-07,2887E,44.37
2023-02-08,2887E,44.37
2023-02-09,2887E,44.28
2023-02-10,2887E,44.37
2023-02-13,2887E,44.2
2023-02-14,2887E,44.28
2023-02-15,2887E,44.37
2023-02-16,2887E,44.28
2023-02-17,2887E,44.37
2023-02-20,2887E,44.54
2023-02-21,2887E,44.72
2023-02-22,2887E,44.54
2023-02-23,2887E,44.46
2023-02-24,2887E,44.54
2023-02-02,2887F,42.74
2023-02-03,2887F,42.74
2023-02-06,2887F,42.74
2023-02-07,2887F,42.79
2023-02-08,2887F,42.87
2023-02-09,2887F,42.74
2023-02-10,2887F,42.74
2023-02-13,2887F,42.7
2023-02-14,2887F,42.7
2023-02-15,2887F,42.7
2023-02-17,2887F,42.92
2023-02-20,2887F,43.14
2023-02-21,2887F,43.27
2023-02-22,2887F,43.32
2023-02-23,2887F,43.4
2023-02-24,2887F,43.58
2023-02-01,2887Z1,15.21
2023-02-02,2887Z1,15.35
2023-02-03,2887Z1,15.35
2023-02-06,2887Z1,15.35
2023-02-07,2887Z1,15.35
2023-02-08,2887Z1,15.35
2023-02-09,2887Z1,15.35
2023-02-13,2887Z1,15.39
2023-02-14,2887Z1,15.3
2023-02-15,2887Z1,15.35
2023-02-17,2887Z1,15.35
2023-02-20,2887Z1,15.35
2023-02-21,2887Z1,15.35
2023-02-22,2887Z1,15.35
2023-02-23,2887Z1,15.39
2023-02-24,2887Z1,15.35
2023-02-01,2888,8.73
2023-02-02,2888,8.69
2023-02-03,2888,8.58
2023-02-06,2888,8.5
2023-02-07,2888,8.5
2023-02-08,2888,8.5
2023-02-09,2888,8.47
2023-02-10,2888,8.41
2023-02-13,2888,8.37
2023-02-14,2888,8.46
2023-02-15,2888,8.46
2023-02-16,2888,8.45
2023-02-17,2888,8.5
2023-02-20,2888,8.57
2023-02-21,2888,8.54
2023-02-22,2888,8.5
2023-02-23,2888,8.51
2023-02-24,2888,8.63
2023-02-01,2888A,33.89
2023-02-02,2888A,33.89
2023-02-03,2888A,33.89
2023-02-06,2888A,33.84
2023-02-07,2888A,33.74
2023-02-08,2888A,33.84
2023-02-09,2888A,33.79
2023-02-10,2888A,34.03
2023-02-13,2888A,33.84
2023-02-14,2888A,33.84
2023-02-15,2888A,33.79
2023-02-16,2888A,33.79
2023-02-17,2888A,34.36
2023-02-20,2888A,34.31
2023-02-21,2888A,34.41
2023-02-22,2888A,34.36
2023-02-23,2888A,34.41
2023-02-24,2888A,34.41
2023-02-01,2888B,33.86
2023-02-02,2888B,33.9
2023-02-03,2888B,33.9
2023-02-06,2888B,33.9
2023-02-07,2888B,33.81
2023-02-08,2888B,33.76
2023-02-09,2888B,33.76
2023-02-10,2888B,33.72
2023-02-13,2888B,33.67
2023-02-14,2888B,33.67
2023-02-15,2888B,33.67
2023-02-16,2888B,33.67
2023-02-17,2888B,34.19
2023-02-20,2888B,34.19
2023-02-21,2888B,34.42
2023-02-22,2888B,34.33
2023-02-23,2888B,34.33
2023-02-24,2888B,34.33
2023-02-01,2889,11.82
2023-02-02,2889,12.19
2023-02-03,2889,12.29
2023-02-06,2889,12.15
2023-02-07,2889,12.01
2023-02-08,2889,11.91
2023-02-09,2889,11.96
2023-02-10,2889,11.82
2023-02-13,2889,11.77
2023-02-14,2889,11.91
2023-02-15,2889,11.82
2023-02-16,2889,11.77
2023-02-17,2889,11.91
2023-02-20,2889,11.87
2023-02-21,2889,11.87
2023-02-22,2889,11.68
2023-02-23,2889,11.77
2023-02-24,2889,11.77
2023-02-01,2890,15.44
2023-02-02,2890,15.48
2023-02-03,2890,15.57
2023-02-06,2890,15.48
2023-02-07,2890,15.62
2023-02-08,2890,15.48
2023-02-09,2890,15.48
2023-02-10,2890,15.48
2023-02-13,2890,15.66
2023-02-14,2890,15.62
2023-02-15,2890,15.48
2023-02-16,2890,15.57
2023-02-17,2890,15.66
2023-02-20,2890,15.62
2023-02-21,2890,15.57
2023-02-22,2890,15.48
2023-02-23,2890,15.62
2023-02-24,2890,15.48
2023-02-01,2891,19.8
2023-02-02,2891,19.59
2023-02-03,2891,19.5
2023-02-06,2891,19.46
2023-02-07,2891,19.41
2023-02-08,2891,19.5
2023-02-09,2891,19.41
2023-02-10,2891,19.54
2023-02-13,2891,19.8
2023-02-14,2891,19.93
2023-02-15,2891,19.63
2023-02-16,2891,19.76
2023-02-17,2891,19.8
2023-02-20,2891,19.98
2023-02-21,2891,19.85
2023-02-22,2891,19.85
2023-02-23,2891,19.89
2023-02-24,2891,19.8
2023-02-01,2891B,53.23
2023-02-02,2891B,53.32
2023-02-03,2891B,53.32
2023-02-06,2891B,53.32
2023-02-07,2891B,53.32
2023-02-08,2891B,53.32
2023-02-09,2891B,53.32
2023-02-10,2891B,53.32
2023-02-13,2891B,53.32
2023-02-14,2891B,53.41
2023-02-15,2891B,53.23
2023-02-16,2891B,53.15
2023-02-17,2891B,53.15
2023-02-20,2891B,53.23
2023-02-21,2891B,53.32
2023-02-22,2891B,53.32
2023-02-23,2891B,53.41
2023-02-24,2891B,53.5
2023-02-02,2891C,54.21
2023-02-06,2891C,54.21
2023-02-07,2891C,54.21
2023-02-08,2891C,54.21
2023-02-09,2891C,54.21
2023-02-15,2891C,53.94
2023-02-16,2891C,53.94
2023-02-17,2891C,53.85
2023-02-20,2891C,53.85
2023-02-21,2891C,53.85
2023-02-22,2891C,53.85
2023-02-23,2891C,54.12
2023-02-24,2891C,54.21
2023-02-01,2892,23.38
2023-02-02,2892,23.25
2023-02-03,2892,23.29
2023-02-06,2892,23.16
2023-02-07,2892,23.21
2023-02-08,2892,23.21
2023-02-09,2892,23.25
2023-02-10,2892,23.43
2023-02-13,2892,23.65
2023-02-14,2892,23.74
2023-02-15,2892,23.52
2023-02-16,2892,23.61
2023-02-17,2892,23.56
2023-02-20,2892,23.78
2023-02-21,2892,23.74
2023-02-22,2892,23.96
2023-02-23,2892,24.05
2023-02-24,2892,23.83
2023-02-01,2897,8.47
2023-02-02,2897,8.69
2023-02-03,2897,8.88
2023-02-06,2897,8.85
2023-02-07,2897,8.82
2023-02-08,2897,8.75
2023-02-09,2897,8.75
2023-02-10,2897,8.78
2023-02-13,2897,8.86
2023-02-14,2897,8.85
2023-02-15,2897,8.81
2023-02-16,2897,8.83
2023-02-17,2897,8.81
2023-02-20,2897,8.82
2023-02-21,2897,8.76
2023-02-22,2897,8.78
2023-02-23,2897,8.83
2023-02-24,2897,8.85
2023-02-01,2897A,9.69
2023-02-02,2897A,9.69
2023-02-03,2897A,9.74
2023-02-06,2897A,9.74
2023-02-07,2897A,9.74
2023-02-08,2897A,9.74
2023-02-09,2897A,9.74
2023-02-10,2897A,9.78
2023-02-13,2897A,9.78
2023-02-14,2897A,9.78
2023-02-15,2897A,9.78
2023-02-16,2897A,9.78
2023-02-17,2897A,9.83
2023-02-20,2897A,9.78
2023-02-21,2897A,9.83
2023-02-22,2897A,9.83
2023-02-23,2897A,9.83
2023-02-24,2897A,9.83
2023-02-01,2901,23.35
2023-02-02,2901,23.35
2023-02-03,2901,23.35
2023-02-06,2901,23.45
2023-02-07,2901,23.55
2023-02-08,2901,23.55
2023-02-09,2901,23.5
2023-02-10,2901,23.74
2023-02-13,2901,23.74
2023-02-14,2901,23.84
2023-02-15,2901,24.13
2023-02-16,2901,24.33
2023-02-17,2901,24.38
2023-02-20,2901,24.33
2023-02-21,2901,24.62
2023-02-22,2901,24.92
2023-02-23,2901,25.45
2023-02-24,2901,25.06
2023-02-01,2903,18.45
2023-02-02,2903,18.54
2023-02-03,2903,18.71
2023-02-06,2903,18.75
2023-02-07,2903,18.92
2023-02-08,2903,18.41
2023-02-09,2903,18.32
2023-02-10,2903,18.28
2023-02-13,2903,18.41
2023-02-14,2903,18.49
2023-02-15,2903,18.45
2023-02-16,2903,18.41
2023-02-17,2903,18.54
2023-02-20,2903,18.62
2023-02-21,2903,18.79
2023-02-22,2903,18.79
2023-02-23,2903,19.22
2023-02-24,2903,19.18
2023-02-01,2904,17.93
2023-02-02,2904,18.06
2023-02-03,2904,18.06
2023-02-06,2904,18.1
2023-02-07,2904,18.06
2023-02-08,2904,18.24
2023-02-09,2904,18.28
2023-02-10,2904,18.24
2023-02-13,2904,18.99
2023-02-14,2904,19.39
2023-02-15,2904,19.3
2023-02-16,2904,19.52
2023-02-17,2904,19.79
2023-02-20,2904,19.66
2023-02-21,2904,19.52
2023-02-22,2904,19.35
2023-02-23,2904,19.26
2023-02-24,2904,19.17
2023-02-01,2905,15.22
2023-02-02,2905,15.32
2023-02-03,2905,15.41
2023-02-06,2905,15.27
2023-02-07,2905,15.27
2023-02-08,2905,15.22
2023-02-09,2905,15.27
2023-02-10,2905,15.22
2023-02-13,2905,15.27
2023-02-14,2905,15.76
2023-02-15,2905,15.9
2023-02-16,2905,15.85
2023-02-17,2905,16.24
2023-02-20,2905,16.54
2023-02-21,2905,16.54
2023-02-22,2905,16.49
2023-02-23,2905,16.39
2023-02-24,2905,16.44
2023-02-01,2906,17.1
2023-02-02,2906,17.15
2023-02-03,2906,17.01
2023-02-06,2906,17.15
2023-02-07,2906,17.01
2023-02-08,2906,16.83
2023-02-09,2906,16.74
2023-02-10,2906,16.61
2023-02-13,2906,16.15
2023-02-14,2906,16.7
2023-02-15,2906,16.65
2023-02-16,2906,16.88
2023-02-17,2906,16.83
2023-02-20,2906,18.19
2023-02-21,2906,17.06
2023-02-22,2906,16.83
2023-02-23,2906,17.01
2023-02-24,2906,16.74
2023-02-01,2908,17.47
2023-02-02,2908,17.51
2023-02-03,2908,17.51
2023-02-06,2908,17.51
2023-02-07,2908,17.42
2023-02-08,2908,17.47
2023-02-09,2908,17.47
2023-02-10,2908,17.47
2023-02-13,2908,17.42
2023-02-14,2908,17.42
2023-02-15,2908,17.42
2023-02-16,2908,17.47
2023-02-17,2908,17.51
2023-02-20,2908,17.55
2023-02-21,2908,17.6
2023-02-22,2908,17.51
2023-02-23,2908,17.6
2023-02-24,2908,17.64
2023-02-01,2910,28.26
2023-02-02,2910,28.4
2023-02-03,2910,28.45
2023-02-06,2910,28.45
2023-02-07,2910,28.35
2023-02-08,2910,28.26
2023-02-09,2910,28.02
2023-02-10,2910,28.02
2023-02-13,2910,27.73
2023-02-14,2910,27.92
2023-02-15,2910,28.02
2023-02-16,2910,28.02
2023-02-17,2910,28.11
2023-02-20,2910,28.07
2023-02-21,2910,28.21
2023-02-22,2910,28.21
2023-02-23,2910,28.64
2023-02-24,2910,28.68
2023-02-01,2911,13.44
2023-02-02,2911,13.26
2023-02-03,2911,13.26
2023-02-06,2911,13.2
2023-02-07,2911,13.18
2023-02-08,2911,13.13
2023-02-09,2911,13.14
2023-02-10,2911,13.05
2023-02-13,2911,13.07
2023-02-14,2911,13.01
2023-02-15,2911,13.05
2023-02-16,2911,13.07
2023-02-17,2911,13.14
2023-02-20,2911,13.14
2023-02-21,2911,13.18
2023-02-22,2911,13.61
2023-02-23,2911,13.83
2023-02-24,2911,13.74
2023-02-01,2912,262.21
2023-02-02,2912,258.82
2023-02-03,2912,260.76
2023-02-06,2912,258.82
2023-02-07,2912,258.82
2023-02-08,2912,258.82
2023-02-09,2912,258.82
2023-02-10,2912,259.79
2023-02-13,2912,261.73
2023-02-14,2912,262.69
2023-02-15,2912,258.82
2023-02-16,2912,260.76
2023-02-17,2912,259.31
2023-02-20,2912,259.31
2023-02-21,2912,259.79
2023-02-22,2912,260.76
2023-02-23,2912,260.28
2023-02-24,2912,258.34
2023-02-01,2913,21.45
2023-02-02,2913,21.5
2023-02-03,2913,21.75
2023-02-06,2913,21.75
2023-02-07,2913,21.55
2023-02-08,2913,21.6
2023-02-09,2913,21.4
2023-02-10,2913,21.4
2023-02-13,2913,21.45
2023-02-14,2913,21.55
2023-02-15,2913,21.65
2023-02-16,2913,21.7
2023-02-17,2913,21.7
2023-02-20,2913,21.7
2023-02-21,2913,21.85
2023-02-22,2913,21.75
2023-02-23,2913,22.0
2023-02-24,2913,21.95
2023-02-01,2915,60.23
2023-02-02,2915,60.67
2023-02-03,2915,60.32
2023-02-06,2915,59.33
2023-02-07,2915,59.69
2023-02-08,2915,59.51
2023-02-09,2915,59.69
2023-02-10,2915,58.62
2023-02-13,2915,59.06
2023-02-14,2915,60.05
2023-02-15,2915,60.23
2023-02-16,2915,60.76
2023-02-17,2915,60.58
2023-02-20,2915,60.85
2023-02-21,2915,60.49
2023-02-22,2915,60.05
2023-02-23,2915,60.05
2023-02-24,2915,60.4
2023-02-01,2916,23.15
2023-02-02,2916,22.68
2023-02-03,2916,22.91
2023-02-06,2916,23.3
2023-02-07,2916,23.69
2023-02-08,2916,23.85
2023-02-09,2916,24.24
2023-02-10,2916,23.81
2023-02-13,2916,24.27
2023-02-14,2916,23.73
2023-02-15,2916,23.61
2023-02-16,2916,23.38
2023-02-17,2916,23.38
2023-02-20,2916,23.65
2023-02-21,2916,23.57
2023-02-22,2916,23.57
2023-02-23,2916,24.2
2023-02-24,2916,24.47
2023-02-01,2923,20.99
2023-02-02,2923,21.72
2023-02-03,2923,21.43
2023-02-06,2923,21.53
2023-02-07,2923,21.53
2023-02-08,2923,21.62
2023-02-09,2923,21.28
2023-02-10,2923,21.28
2023-02-13,2923,21.43
2023-02-14,2923,21.62
2023-02-15,2923,21.48
2023-02-16,2923,21.28
2023-02-17,2923,21.33
2023-02-20,2923,21.28
2023-02-21,2923,21.53
2023-02-22,2923,23.65
2023-02-23,2923,23.8
2023-02-24,2923,23.8
2023-02-01,2924,36.0
2023-02-02,2924,36.1
2023-02-03,2924,36.0
2023-02-06,2924,39.5
2023-02-07,2924,36.05
2023-02-08,2924,36.0
2023-02-09,2924,36.95
2023-02-13,2924,36.95
2023-02-14,2924,36.45
2023-02-15,2924,36.95
2023-02-16,2924,36.5
2023-02-17,2924,36.0
2023-02-20,2924,37.1
2023-02-22,2924,36.0
2023-02-23,2924,36.0
2023-02-24,2924,37.4
2023-02-01,2926,59.74
2023-02-02,2926,59.24
2023-02-03,2926,58.84
2023-02-06,2926,58.94
2023-02-07,2926,59.94
2023-02-08,2926,59.84
2023-02-09,2926,59.84
2023-02-10,2926,59.54
2023-02-13,2926,58.64
2023-02-14,2926,58.84
2023-02-15,2926,58.74
2023-02-16,2926,59.04
2023-02-17,2926,59.24
2023-02-20,2926,59.44
2023-02-21,2926,58.84
2023-02-22,2926,58.84
2023-02-23,2926,59.14
2023-02-24,2926,58.84
2023-02-01,2929,18.75
2023-02-02,2929,17.45
2023-02-03,2929,16.7
2023-02-06,2929,16.9
2023-02-07,2929,17.15
2023-02-08,2929,16.9
2023-02-09,2929,16.9
2023-02-10,2929,15.75
2023-02-13,2929,16.1
2023-02-14,2929,16.05
2023-02-15,2929,16.0
2023-02-16,2929,16.1
2023-02-17,2929,16.15
2023-02-20,2929,16.8
2023-02-21,2929,16.95
2023-02-22,2929,16.8
2023-02-23,2929,16.7
2023-02-24,2929,16.25
2023-02-01,2937,31.18
2023-02-02,2937,31.48
2023-02-03,2937,31.26
2023-02-06,2937,31.26
2023-02-07,2937,31.09
2023-02-09,2937,31.74
2023-02-13,2937,31.39
2023-02-14,2937,31.65
2023-02-16,2937,31.78
2023-02-17,2937,32.22
2023-02-20,2937,32.65
2023-02-21,2937,32.87
2023-02-22,2937,32.87
2023-02-23,2937,33.35
2023-02-24,2937,33.09
2023-02-01,2939,35.3
2023-02-02,2939,35.3
2023-02-03,2939,34.15
2023-02-06,2939,34.6
2023-02-07,2939,34.4
2023-02-08,2939,34.45
2023-02-09,2939,34.8
2023-02-10,2939,34.55
2023-02-13,2939,33.85
2023-02-14,2939,33.8
2023-02-15,2939,33.35
2023-02-16,2939,33.9
2023-02-17,2939,33.9
2023-02-20,2939,34.45
2023-02-21,2939,34.45
2023-02-22,2939,33.55
2023-02-23,2939,34.0
2023-02-24,2939,32.85
2023-02-01,2941,47.75
2023-02-02,2941,47.47
2023-02-03,2941,47.65
2023-02-06,2941,47.84
2023-02-07,2941,47.94
2023-02-08,2941,47.84
2023-02-09,2941,47.75
2023-02-10,2941,47.94
2023-02-13,2941,54.26
2023-02-14,2941,50.39
2023-02-15,2941,48.6
2023-02-16,2941,49.54
2023-02-17,2941,50.01
2023-02-20,2941,48.98
2023-02-21,2941,48.69
2023-02-22,2941,49.54
2023-02-23,2941,52.28
2023-02-24,2941,55.39
2023-02-01,2945,39.36
2023-02-02,2945,39.13
2023-02-03,2945,39.78
2023-02-06,2945,39.73
2023-02-07,2945,39.82
2023-02-08,2945,40.56
2023-02-09,2945,42.58
2023-02-10,2945,43.45
2023-02-13,2945,42.3
2023-02-14,2945,42.07
2023-02-15,2945,41.94
2023-02-16,2945,42.3
2023-02-17,2945,42.63
2023-02-20,2945,42.4
2023-02-21,2945,42.4
2023-02-22,2945,42.07
2023-02-23,2945,42.3
2023-02-24,2945,42.12
2023-02-02,2947,81.65
2023-02-06,2947,81.65
2023-02-07,2947,82.0
2023-02-08,2947,83.12
2023-02-09,2947,85.97
2023-02-10,2947,86.41
2023-02-13,2947,85.11
2023-02-14,2947,86.32
2023-02-15,2947,84.68
2023-02-16,2947,85.8
2023-02-17,2947,84.33
2023-02-20,2947,84.51
2023-02-21,2947,84.33
2023-02-22,2947,84.16
2023-02-23,2947,83.56
2023-02-24,2947,82.86
2023-02-01,2948,63.9
2023-02-02,2948,63.81
2023-02-03,2948,62.56
2023-02-06,2948,62.56
2023-02-07,2948,62.65
2023-02-08,2948,62.65
2023-02-09,2948,62.65
2023-02-10,2948,62.65
2023-02-13,2948,62.65
2023-02-14,2948,62.65
2023-02-15,2948,62.74
2023-02-16,2948,62.65
2023-02-17,2948,62.65
2023-02-20,2948,63.54
2023-02-21,2948,63.72
2023-02-22,2948,63.99
2023-02-23,2948,64.44
2023-02-24,2948,65.24
2023-02-01,2949,88.52
2023-02-02,2949,87.31
2023-02-03,2949,88.98
2023-02-06,2949,87.59
2023-02-07,2949,89.64
2023-02-08,2949,90.57
2023-02-09,2949,89.92
2023-02-10,2949,112.28
2023-02-13,2949,115.54
2023-02-14,2949,107.62
2023-02-15,2949,107.62
2023-02-16,2949,110.41
2023-02-17,2949,108.09
2023-02-20,2949,108.09
2023-02-21,2949,111.35
2023-02-22,2949,111.35
2023-02-23,2949,123.93
2023-02-24,2949,116.47
2023-02-01,3002,10.93
2023-02-02,3002,11.22
2023-02-03,3002,11.22
2023-02-06,3002,11.22
2023-02-07,3002,11.32
2023-02-08,3002,11.37
2023-02-09,3002,11.42
2023-02-10,3002,11.37
2023-02-13,3002,11.32
2023-02-14,3002,11.42
2023-02-15,3002,11.37
2023-02-16,3002,11.37
2023-02-17,3002,11.37
2023-02-20,3002,11.37
2023-02-21,3002,11.52
2023-02-22,3002,11.56
2023-02-23,3002,11.61
2023-02-24,3002,11.56
2023-02-01,3003,65.61
2023-02-02,3003,66.52
2023-02-03,3003,66.43
2023-02-06,3003,65.97
2023-02-07,3003,66.52
2023-02-08,3003,66.15
2023-02-09,3003,66.52
2023-02-10,3003,64.7
2023-02-13,3003,64.24
2023-02-14,3003,64.7
2023-02-15,3003,65.34
2023-02-16,3003,65.7
2023-02-17,3003,65.34
2023-02-20,3003,66.97
2023-02-21,3003,66.88
2023-02-22,3003,66.43
2023-02-23,3003,66.25
2023-02-24,3003,65.34
2023-02-01,3004,73.29
2023-02-02,3004,73.01
2023-02-03,3004,72.16
2023-02-06,3004,73.01
2023-02-07,3004,75.99
2023-02-08,3004,77.21
2023-02-09,3004,77.49
2023-02-10,3004,76.27
2023-02-13,3004,75.81
2023-02-14,3004,75.71
2023-02-15,3004,75.99
2023-02-16,3004,77.86
2023-02-17,3004,79.07
2023-02-20,3004,79.35
2023-02-21,3004,78.33
2023-02-22,3004,79.07
2023-02-23,3004,80.38
2023-02-24,3004,80.75
2023-02-01,3005,39.34
2023-02-02,3005,39.85
2023-02-03,3005,39.9
2023-02-06,3005,40.07
2023-02-07,3005,40.37
2023-02-08,3005,40.79
2023-02-09,3005,40.97
2023-02-10,3005,40.15
2023-02-13,3005,40.41
2023-02-14,3005,40.45
2023-02-15,3005,40.67
2023-02-16,3005,40.41
2023-02-17,3005,40.49
2023-02-20,3005,41.05
2023-02-21,3005,40.84
2023-02-22,3005,40.84
2023-02-23,3005,41.56
2023-02-24,3005,42.12
2023-02-01,3006,75.28
2023-02-02,3006,78.8
2023-02-03,3006,77.66
2023-02-06,3006,75.85
2023-02-07,3006,75.95
2023-02-08,3006,76.61
2023-02-09,3006,75.66
2023-02-10,3006,74.9
2023-02-13,3006,73.09
2023-02-14,3006,74.61
2023-02-15,3006,74.23
2023-02-16,3006,77.28
2023-02-17,3006,76.9
2023-02-20,3006,78.99
2023-02-21,3006,79.95
2023-02-22,3006,78.14
2023-02-23,3006,79.57
2023-02-24,3006,75.18
2023-02-01,3008,2031.56
2023-02-02,3008,2036.15
2023-02-03,3008,2059.08
2023-02-06,3008,2031.56
2023-02-07,3008,2031.56
2023-02-08,3008,2049.9
2023-02-09,3008,2026.98
2023-02-10,3008,2068.25
2023-02-13,3008,2026.98
2023-02-14,3008,2040.73
2023-02-15,3008,2054.49
2023-02-16,3008,2031.56
2023-02-17,3008,1985.7
2023-02-20,3008,2008.63
2023-02-21,3008,2072.83
2023-02-22,3008,2026.98
2023-02-23,3008,2040.73
2023-02-24,3008,2022.39
2023-02-01,3010,76.06
2023-02-02,3010,76.94
2023-02-03,3010,77.11
2023-02-06,3010,76.94
2023-02-07,3010,77.2
2023-02-08,3010,77.46
2023-02-09,3010,77.29
2023-02-10,3010,77.2
2023-02-13,3010,76.67
2023-02-14,3010,75.88
2023-02-15,3010,75.26
2023-02-16,3010,75.44
2023-02-17,3010,75.35
2023-02-20,3010,76.41
2023-02-21,3010,77.11
2023-02-22,3010,77.2
2023-02-23,3010,77.46
2023-02-24,3010,77.11
2023-02-01,3011,17.55
2023-02-02,3011,17.9
2023-02-03,3011,18.1
2023-02-06,3011,17.6
2023-02-07,3011,18.2
2023-02-08,3011,18.15
2023-02-09,3011,18.3
2023-02-10,3011,18.5
2023-02-13,3011,18.1
2023-02-14,3011,18.2
2023-02-15,3011,18.05
2023-02-16,3011,18.0
2023-02-17,3011,18.05
2023-02-20,3011,19.85
2023-02-21,3011,20.9
2023-02-22,3011,20.1
2023-02-23,3011,20.2
2023-02-24,3011,20.3
2023-02-01,3013,19.41
2023-02-02,3013,19.41
2023-02-03,3013,20.3
2023-02-06,3013,19.56
2023-02-07,3013,19.56
2023-02-08,3013,19.61
2023-02-09,3013,20.05
2023-02-10,3013,18.82
2023-02-13,3013,18.52
2023-02-14,3013,19.16
2023-02-15,3013,19.26
2023-02-16,3013,19.9
2023-02-17,3013,20.05
2023-02-20,3013,20.3
2023-02-21,3013,20.6
2023-02-22,3013,19.9
2023-02-23,3013,20.1
2023-02-24,3013,20.5
2023-02-01,3014,68.93
2023-02-02,3014,70.37
2023-02-03,3014,69.61
2023-02-06,3014,69.35
2023-02-07,3014,69.52
2023-02-08,3014,70.03
2023-02-09,3014,73.68
2023-02-10,3014,72.24
2023-02-13,3014,71.05
2023-02-14,3014,71.64
2023-02-15,3014,71.39
2023-02-16,3014,72.49
2023-02-17,3014,72.49
2023-02-20,3014,73.17
2023-02-21,3014,73.34
2023-02-22,3014,73.51
2023-02-23,3014,75.29
2023-02-24,3014,75.37
2023-02-01,3015,32.81
2023-02-02,3015,32.98
2023-02-03,3015,33.15
2023-02-06,3015,33.11
2023-02-07,3015,33.19
2023-02-08,3015,33.53
2023-02-09,3015,33.57
2023-02-10,3015,33.57
2023-02-13,3015,33.61
2023-02-14,3015,33.82
2023-02-15,3015,34.16
2023-02-16,3015,34.12
2023-02-17,3015,34.24
2023-02-20,3015,34.5
2023-02-21,3015,34.83
2023-02-22,3015,34.83
2023-02-23,3015,35.21
2023-02-24,3015,35.67
2023-02-01,3016,72.91
2023-02-02,3016,74.99
2023-02-03,3016,73.85
2023-02-06,3016,73.67
2023-02-07,3016,73.95
2023-02-08,3016,74.71
2023-02-09,3016,74.71
2023-02-10,3016,72.43
2023-02-13,3016,72.53
2023-02-14,3016,72.06
2023-02-15,3016,71.58
2023-02-16,3016,72.53
2023-02-17,3016,71.96
2023-02-20,3016,73.67
2023-02-21,3016,73.48
2023-02-22,3016,71.58
2023-02-23,3016,71.96
2023-02-24,3016,71.58
2023-02-01,3017,103.3
2023-02-02,3017,107.63
2023-02-03,3017,107.63
2023-02-06,3017,107.15
2023-02-07,3017,106.19
2023-02-08,3017,110.51
2023-02-09,3017,111.47
2023-02-10,3017,110.99
2023-02-13,3017,112.91
2023-02-14,3017,110.99
2023-02-15,3017,110.51
2023-02-16,3017,112.91
2023-02-17,3017,111.7
2023-02-20,3017,111.7
2023-02-21,3017,112.19
2023-02-22,3017,112.19
2023-02-23,3017,113.65
2023-02-24,3017,117.56
2023-02-01,3019,60.63
2023-02-02,3019,61.64
2023-02-03,3019,61.73
2023-02-06,3019,61.09
2023-02-07,3019,61.64
2023-02-08,3019,61.18
2023-02-09,3019,60.45
2023-02-10,3019,59.53
2023-02-13,3019,59.62
2023-02-14,3019,59.8
2023-02-15,3019,59.16
2023-02-16,3019,59.62
2023-02-17,3019,59.99
2023-02-20,3019,60.72
2023-02-21,3019,61.64
2023-02-22,3019,60.08
2023-02-23,3019,60.45
2023-02-24,3019,59.8
2023-02-01,3021,19.45
2023-02-02,3021,19.55
2023-02-03,3021,21.46
2023-02-06,3021,21.08
2023-02-07,3021,20.74
2023-02-08,3021,20.6
2023-02-09,3021,20.55
2023-02-10,3021,20.46
2023-02-13,3021,20.07
2023-02-14,3021,20.55
2023-02-15,3021,20.41
2023-02-16,3021,20.5
2023-02-17,3021,20.6
2023-02-20,3021,20.65
2023-02-21,3021,20.5
2023-02-22,3021,20.5
2023-02-23,3021,20.5
2023-02-24,3021,20.89
2023-02-01,3022,64.81
2023-02-02,3022,65.16
2023-02-03,3022,65.16
2023-02-06,3022,63.85
2023-02-07,3022,70.22
2023-02-08,3022,69.0
2023-02-09,3022,69.0
2023-02-10,3022,67.87
2023-02-13,3022,68.91
2023-02-14,3022,69.0
2023-02-15,3022,70.4
2023-02-16,3022,71.36
2023-02-17,3022,75.73
2023-02-20,3022,73.81
2023-02-21,3022,72.76
2023-02-22,3022,72.41
2023-02-23,3022,73.19
2023-02-24,3022,71.45
2023-02-01,3023,270.01
2023-02-02,3023,270.96
2023-02-03,3023,283.21
2023-02-06,3023,288.86
2023-02-07,3023,289.8
2023-02-08,3023,290.28
2023-02-09,3023,295.46
2023-02-10,3023,292.16
2023-02-13,3023,285.56
2023-02-14,3023,291.69
2023-02-15,3023,284.62
2023-02-16,3023,282.26
2023-02-17,3023,278.02
2023-02-20,3023,278.02
2023-02-21,3023,277.55
2023-02-22,3023,279.44
2023-02-23,3023,279.44
2023-02-24,3023,280.85
2023-02-01,3024,12.57
2023-02-02,3024,12.53
2023-02-03,3024,12.57
2023-02-06,3024,12.53
2023-02-07,3024,12.57
2023-02-08,3024,12.53
2023-02-09,3024,12.48
2023-02-10,3024,12.48
2023-02-13,3024,12.67
2023-02-14,3024,13.05
2023-02-15,3024,12.95
2023-02-16,3024,13.0
2023-02-17,3024,13.48
2023-02-20,3024,13.38
2023-02-21,3024,13.34
2023-02-22,3024,13.29
2023-02-23,3024,13.29
2023-02-24,3024,13.19
2023-02-01,3025,22.62
2023-02-02,3025,23.12
2023-02-03,3025,22.9
2023-02-06,3025,23.07
2023-02-07,3025,23.35
2023-02-08,3025,22.9
2023-02-09,3025,22.95
2023-02-10,3025,22.79
2023-02-13,3025,23.01
2023-02-14,3025,23.07
2023-02-15,3025,23.23
2023-02-16,3025,23.46
2023-02-17,3025,23.68
2023-02-20,3025,25.07
2023-02-21,3025,24.52
2023-02-22,3025,24.24
2023-02-23,3025,24.19
2023-02-24,3025,23.85
2023-02-01,3026,75.4
2023-02-02,3026,76.12
2023-02-03,3026,76.28
2023-02-06,3026,75.72
2023-02-07,3026,75.88
2023-02-08,3026,76.52
2023-02-09,3026,76.44
2023-02-10,3026,76.44
2023-02-13,3026,76.2
2023-02-14,3026,76.69
2023-02-15,3026,76.61
2023-02-16,3026,77.97
2023-02-17,3026,77.33
2023-02-20,3026,77.17
2023-02-21,3026,77.33
2023-02-22,3026,76.61
2023-02-23,3026,76.61
2023-02-24,3026,77.49
2023-02-01,3027,39.23
2023-02-02,3027,39.28
2023-02-03,3027,37.9
2023-02-06,3027,38.64
2023-02-07,3027,38.99
2023-02-08,3027,37.9
2023-02-09,3027,38.0
2023-02-10,3027,37.95
2023-02-13,3027,35.93
2023-02-14,3027,36.43
2023-02-15,3027,38.2
2023-02-16,3027,39.87
2023-02-17,3027,39.28
2023-02-20,3027,40.76
2023-02-21,3027,41.1
2023-02-22,3027,42.63
2023-02-23,3027,42.43
2023-02-24,3027,42.24
2023-02-01,3028,24.44
2023-02-02,3028,24.44
2023-02-03,3028,24.32
2023-02-06,3028,24.36
2023-02-07,3028,24.44
2023-02-08,3028,24.44
2023-02-09,3028,24.32
2023-02-10,3028,24.32
2023-02-13,3028,24.08
2023-02-14,3028,24.08
2023-02-15,3028,24.04
2023-02-16,3028,24.04
2023-02-17,3028,24.08
2023-02-20,3028,24.12
2023-02-21,3028,24.24
2023-02-22,3028,24.12
2023-02-23,3028,24.16
2023-02-24,3028,24.16
2023-02-01,3029,36.34
2023-02-02,3029,36.47
2023-02-03,3029,36.47
2023-02-06,3029,37.16
2023-02-07,3029,37.71
2023-02-08,3029,38.48
2023-02-09,3029,39.08
2023-02-10,3029,39.38
2023-02-13,3029,40.84
2023-02-14,3029,40.54
2023-02-15,3029,40.62
2023-02-16,3029,40.58
2023-02-17,3029,40.24
2023-02-20,3029,40.75
2023-02-21,3029,40.5
2023-02-22,3029,41.78
2023-02-23,3029,41.44
2023-02-24,3029,41.65
2023-02-01,3030,56.03
2023-02-02,3030,55.24
2023-02-03,3030,55.94
2023-02-06,3030,55.85
2023-02-07,3030,55.32
2023-02-08,3030,55.32
2023-02-09,3030,55.06
2023-02-10,3030,54.8
2023-02-13,3030,54.71
2023-02-14,3030,54.71
2023-02-15,3030,54.71
2023-02-16,3030,54.97
2023-02-17,3030,55.24
2023-02-20,3030,55.59
2023-02-21,3030,55.59
2023-02-22,3030,55.76
2023-02-23,3030,55.94
2023-02-24,3030,55.76
2023-02-01,3031,13.74
2023-02-02,3031,13.88
2023-02-03,3031,14.05
2023-02-06,3031,13.83
2023-02-07,3031,13.79
2023-02-08,3031,13.79
2023-02-09,3031,13.83
2023-02-10,3031,13.79
2023-02-13,3031,13.66
2023-02-14,3031,13.74
2023-02-15,3031,13.79
2023-02-16,3031,14.53
2023-02-17,3031,14.27
2023-02-20,3031,14.62
2023-02-21,3031,14.44
2023-02-22,3031,14.44
2023-02-23,3031,14.53
2023-02-24,3031,14.44
2023-02-01,3032,27.93
2023-02-02,3032,28.39
2023-02-03,3032,28.39
2023-02-06,3032,28.2
2023-02-07,3032,28.25
2023-02-08,3032,28.16
2023-02-09,3032,27.74
2023-02-10,3032,28.57
2023-02-13,3032,29.81
2023-02-14,3032,29.77
2023-02-15,3032,29.63
2023-02-16,3032,30.5
2023-02-17,3032,30.96
2023-02-20,3032,31.06
2023-02-21,3032,30.69
2023-02-22,3032,30.6
2023-02-23,3032,30.78
2023-02-24,3032,30.87
2023-02-01,3033,23.78
2023-02-02,3033,23.91
2023-02-03,3033,23.82
2023-02-06,3033,23.74
2023-02-07,3033,23.82
2023-02-08,3033,23.87
2023-02-09,3033,23.78
2023-02-10,3033,23.44
2023-02-13,3033,23.39
2023-02-14,3033,23.65
2023-02-15,3033,23.61
2023-02-16,3033,23.7
2023-02-17,3033,23.87
2023-02-20,3033,23.95
2023-02-21,3033,24.0
2023-02-22,3033,23.87
2023-02-23,3033,23.95
2023-02-24,3033,24.04
2023-02-01,3034,289.95
2023-02-02,3034,296.11
2023-02-03,3034,297.75
2023-02-06,3034,292.0
2023-02-07,3034,298.57
2023-02-08,3034,319.89
2023-02-09,3034,312.92
2023-02-10,3034,314.56
2023-02-13,3034,312.1
2023-02-14,3034,326.86
2023-02-15,3034,326.45
2023-02-16,3034,329.74
2023-02-17,3034,331.79
2023-02-20,3034,334.25
2023-02-21,3034,348.6
2023-02-22,3034,335.48
2023-02-23,3034,335.48
2023-02-24,3034,334.25
2023-02-01,3035,164.52
2023-02-02,3035,172.49
2023-02-03,3035,182.33
2023-02-06,3035,178.11
2023-02-07,3035,179.52
2023-02-08,3035,186.55
2023-02-09,3035,186.08
2023-02-10,3035,181.39
2023-02-13,3035,181.39
2023-02-14,3035,179.99
2023-02-15,3035,180.93
2023-02-16,3035,187.96
2023-02-17,3035,184.21
2023-02-20,3035,182.8
2023-02-21,3035,187.96
2023-02-22,3035,169.68
2023-02-23,3035,176.71
2023-02-24,3035,173.89
2023-02-01,3036,56.49
2023-02-02,3036,56.93
2023-02-03,3036,57.79
2023-02-06,3036,57.01
2023-02-07,3036,57.44
2023-02-08,3036,57.53
2023-02-09,3036,57.36
2023-02-10,3036,56.84
2023-02-13,3036,56.75
2023-02-14,3036,56.67
2023-02-15,3036,56.32
2023-02-16,3036,56.84
2023-02-17,3036,57.36
2023-02-20,3036,58.39
2023-02-21,3036,58.22
2023-02-22,3036,57.88
2023-02-23,3036,58.14
2023-02-24,3036,56.15
2023-02-01,3036A,40.69
2023-02-02,3036A,40.73
2023-02-03,3036A,40.77
2023-02-06,3036A,40.81
2023-02-07,3036A,40.9
2023-02-08,3036A,40.9
2023-02-09,3036A,40.94
2023-02-10,3036A,40.9
2023-02-13,3036A,40.94
2023-02-14,3036A,40.98
2023-02-15,3036A,40.98
2023-02-16,3036A,40.98
2023-02-17,3036A,40.98
2023-02-20,3036A,40.98
2023-02-21,3036A,40.98
2023-02-22,3036A,40.94
2023-02-23,3036A,40.94
2023-02-24,3036A,40.94
2023-02-01,3037,130.96
2023-02-02,3037,132.81
2023-02-03,3037,126.79
2023-02-06,3037,119.39
2023-02-07,3037,120.32
2023-02-08,3037,121.7
2023-02-09,3037,122.63
2023-02-10,3037,119.39
2023-02-13,3037,118.93
2023-02-14,3037,121.7
2023-02-15,3037,127.26
2023-02-16,3037,128.18
2023-02-17,3037,125.87
2023-02-20,3037,126.33
2023-02-21,3037,127.26
2023-02-22,3037,123.56
2023-02-23,3037,124.02
2023-02-24,3037,118.46
2023-02-01,3038,17.98
2023-02-02,3038,17.98
2023-02-03,3038,17.98
2023-02-06,3038,18.07
2023-02-07,3038,18.11
2023-02-08,3038,18.02
2023-02-09,3038,18.02
2023-02-10,3038,17.94
2023-02-13,3038,18.54
2023-02-14,3038,18.54
2023-02-15,3038,18.45
2023-02-16,3038,18.45
2023-02-17,3038,18.54
2023-02-20,3038,18.67
2023-02-21,3038,18.67
2023-02-22,3038,18.45
2023-02-23,3038,18.84
2023-02-24,3038,19.36
2023-02-01,3040,26.69
2023-02-02,3040,26.69
2023-02-03,3040,26.74
2023-02-06,3040,26.69
2023-02-07,3040,26.74
2023-02-08,3040,26.69
2023-02-09,3040,26.69
2023-02-10,3040,26.78
2023-02-13,3040,26.78
2023-02-14,3040,26.96
2023-02-15,3040,26.87
2023-02-16,3040,26.96
2023-02-17,3040,26.96
2023-02-20,3040,27.1
2023-02-21,3040,28.13
2023-02-22,3040,28.31
2023-02-23,3040,28.85
2023-02-24,3040,28.8
2023-02-01,3041,35.91
2023-02-02,3041,38.74
2023-02-03,3041,38.41
2023-02-06,3041,37.74
2023-02-07,3041,38.16
2023-02-08,3041,37.83
2023-02-09,3041,37.49
2023-02-10,3041,36.49
2023-02-13,3041,35.91
2023-02-14,3041,36.33
2023-02-15,3041,35.83
2023-02-16,3041,36.49
2023-02-17,3041,36.33
2023-02-20,3041,37.66
2023-02-21,3041,37.49
2023-02-22,3041,36.66
2023-02-23,3041,37.08
2023-02-24,3041,36.58
2023-02-01,3042,74.85
2023-02-02,3042,76.37
2023-02-03,3042,75.94
2023-02-06,3042,75.27
2023-02-07,3042,74.76
2023-02-08,3042,75.18
2023-02-09,3042,74.26
2023-02-10,3042,72.99
2023-02-13,3042,72.99
2023-02-14,3042,71.89
2023-02-15,3042,71.89
2023-02-16,3042,73.08
2023-02-17,3042,72.99
2023-02-20,3042,72.74
2023-02-21,3042,73.58
2023-02-22,3042,73.24
2023-02-23,3042,72.99
2023-02-24,3042,72.74
2023-02-01,3043,26.55
2023-02-02,3043,26.45
2023-02-03,3043,29.05
2023-02-06,3043,31.95
2023-02-07,3043,32.2
2023-02-08,3043,31.8
2023-02-09,3043,30.5
2023-02-10,3043,29.5
2023-02-13,3043,28.8
2023-02-14,3043,28.0
2023-02-15,3043,28.45
2023-02-16,3043,29.4
2023-02-17,3043,28.9
2023-02-20,3043,29.2
2023-02-21,3043,28.95
2023-02-22,3043,28.6
2023-02-23,3043,28.8
2023-02-24,3043,29.0
2023-02-01,3044,87.79
2023-02-02,3044,89.97
2023-02-03,3044,89.53
2023-02-06,3044,89.1
2023-02-07,3044,89.53
2023-02-08,3044,89.1
2023-02-09,3044,88.66
2023-02-10,3044,87.79
2023-02-13,3044,88.66
2023-02-14,3044,87.79
2023-02-15,3044,88.66
2023-02-16,3044,89.53
2023-02-17,3044,88.66
2023-02-20,3044,89.1
2023-02-21,3044,89.53
2023-02-22,3044,89.1
2023-02-23,3044,89.53
2023-02-24,3044,91.27
2023-02-01,3045,84.17
2023-02-02,3045,84.08
2023-02-03,3045,84.25
2023-02-06,3045,83.99
2023-02-07,3045,84.61
2023-02-08,3045,84.43
2023-02-09,3045,84.61
2023-02-10,3045,84.87
2023-02-13,3045,85.58
2023-02-14,3045,85.4
2023-02-15,3045,84.87
2023-02-16,3045,85.14
2023-02-17,3045,85.49
2023-02-20,3045,85.76
2023-02-21,3045,85.67
2023-02-22,3045,86.02
2023-02-23,3045,86.38
2023-02-24,3045,85.49
2023-02-01,3046,41.88
2023-02-02,3046,43.17
2023-02-03,3046,42.72
2023-02-06,3046,43.21
2023-02-07,3046,47.45
2023-02-08,3046,47.63
2023-02-09,3046,47.09
2023-02-10,3046,47.01
2023-02-13,3046,46.56
2023-02-14,3046,46.02
2023-02-15,3046,45.85
2023-02-16,3046,47.18
2023-02-17,3046,47.01
2023-02-20,3046,48.61
2023-02-21,3046,48.52
2023-02-22,3046,46.92
2023-02-23,3046,47.54
2023-02-24,3046,46.83
2023-02-01,3047,14.99
2023-02-02,3047,15.17
2023-02-03,3047,14.94
2023-02-06,3047,15.08
2023-02-07,3047,15.08
2023-02-08,3047,14.99
2023-02-09,3047,14.8
2023-02-10,3047,14.38
2023-02-13,3047,14.47
2023-02-14,3047,14.42
2023-02-15,3047,14.47
2023-02-16,3047,14.66
2023-02-17,3047,14.61
2023-02-20,3047,14.75
2023-02-21,3047,14.8
2023-02-22,3047,14.61
2023-02-23,3047,14.75
2023-02-24,3047,14.52
2023-02-01,3048,25.01
2023-02-02,3048,25.28
2023-02-03,3048,25.5
2023-02-06,3048,25.55
2023-02-07,3048,25.5
2023-02-08,3048,25.28
2023-02-09,3048,25.37
2023-02-10,3048,25.19
2023-02-13,3048,25.14
2023-02-14,3048,25.37
2023-02-15,3048,25.28
2023-02-16,3048,25.37
2023-02-17,3048,25.64
2023-02-20,3048,25.87
2023-02-21,3048,25.87
2023-02-22,3048,25.64
2023-02-23,3048,25.91
2023-02-24,3048,26.05
2023-02-01,3049,9.4
2023-02-02,3049,9.53
2023-02-03,3049,9.45
2023-02-06,3049,9.37
2023-02-07,3049,9.42
2023-02-08,3049,9.52
2023-02-09,3049,9.48
2023-02-10,3049,9.37
2023-02-13,3049,9.32
2023-02-14,3049,9.45
2023-02-15,3049,9.44
2023-02-16,3049,9.52
2023-02-17,3049,9.65
2023-02-20,3049,10.25
2023-02-21,3049,10.3
2023-02-22,3049,10.35
2023-02-23,3049,10.3
2023-02-24,3049,10.15
2023-02-01,3050,16.52
2023-02-02,3050,16.62
2023-02-03,3050,16.57
2023-02-06,3050,16.57
2023-02-07,3050,16.57
2023-02-08,3050,16.38
2023-02-09,3050,16.43
2023-02-10,3050,16.38
2023-02-13,3050,16.38
2023-02-14,3050,16.38
2023-02-15,3050,16.52
2023-02-16,3050,16.52
2023-02-17,3050,16.47
2023-02-20,3050,16.52
2023-02-21,3050,16.57
2023-02-22,3050,16.57
2023-02-23,3050,16.57
2023-02-24,3050,16.38
2023-02-01,3051,16.72
2023-02-02,3051,17.74
2023-02-03,3051,18.38
2023-02-06,3051,17.97
2023-02-07,3051,17.74
2023-02-08,3051,17.41
2023-02-09,3051,17.32
2023-02-10,3051,17.28
2023-02-13,3051,17.51
2023-02-14,3051,17.32
2023-02-15,3051,17.14
2023-02-16,3051,17.69
2023-02-17,3051,17.6
2023-02-20,3051,17.78
2023-02-21,3051,18.2
2023-02-22,3051,17.74
2023-02-23,3051,17.6
2023-02-24,3051,17.6
2023-02-01,3052,9.34
2023-02-02,3052,9.38
2023-02-03,3052,9.43
2023-02-06,3052,9.47
2023-02-07,3052,9.47
2023-02-08,3052,9.38
2023-02-09,3052,9.43
2023-02-10,3052,9.38
2023-02-13,3052,9.38
2023-02-14,3052,9.38
2023-02-15,3052,9.43
2023-02-16,3052,9.43
2023-02-17,3052,9.43
2023-02-20,3052,9.47
2023-02-21,3052,9.47
2023-02-22,3052,9.52
2023-02-23,3052,9.83
2023-02-24,3052,9.88
2023-02-01,3054,19.1
2023-02-02,3054,19.1
2023-02-03,3054,18.9
2023-02-06,3054,19.15
2023-02-07,3054,19.1
2023-02-08,3054,18.9
2023-02-09,3054,18.95
2023-02-10,3054,18.85
2023-02-13,3054,19.1
2023-02-14,3054,18.8
2023-02-15,3054,18.7
2023-02-16,3054,19.0
2023-02-17,3054,19.0
2023-02-20,3054,18.9
2023-02-21,3054,18.8
2023-02-22,3054,18.8
2023-02-23,3054,18.8
2023-02-24,3054,19.0
2023-02-01,3055,24.84
2023-02-02,3055,25.51
2023-02-03,3055,25.13
2023-02-06,3055,25.13
2023-02-07,3055,25.03
2023-02-08,3055,25.08
2023-02-09,3055,27.41
2023-02-10,3055,26.36
2023-02-13,3055,26.65
2023-02-14,3055,26.79
2023-02-15,3055,27.22
2023-02-16,3055,27.83
2023-02-17,3055,28.4
2023-02-20,3055,28.73
2023-02-21,3055,29.21
2023-02-22,3055,29.54
2023-02-23,3055,29.92
2023-02-24,3055,30.58
2023-02-01,3056,19.58
2023-02-02,3056,19.58
2023-02-03,3056,19.61
2023-02-06,3056,19.58
2023-02-07,3056,19.61
2023-02-08,3056,19.67
2023-02-09,3056,19.64
2023-02-10,3056,19.49
2023-02-13,3056,19.58
2023-02-14,3056,19.7
2023-02-15,3056,19.61
2023-02-16,3056,19.64
2023-02-17,3056,19.61
2023-02-20,3056,20.1
2023-02-21,3056,19.98
2023-02-22,3056,19.95
2023-02-23,3056,20.1
2023-02-24,3056,20.53
2023-02-01,3057,11.15
2023-02-02,3057,11.2
2023-02-03,3057,11.05
2023-02-06,3057,11.2
2023-02-07,3057,11.1
2023-02-08,3057,10.85
2023-02-09,3057,11.2
2023-02-10,3057,11.2
2023-02-13,3057,11.05
2023-02-14,3057,11.05
2023-02-15,3057,10.95
2023-02-16,3057,10.9
2023-02-17,3057,11.1
2023-02-20,3057,11.75
2023-02-21,3057,11.6
2023-02-22,3057,11.65
2023-02-23,3057,11.6
2023-02-24,3057,11.35
2023-02-01,3058,9.41
2023-02-02,3058,9.64
2023-02-03,3058,9.64
2023-02-06,3058,9.55
2023-02-07,3058,9.5
2023-02-08,3058,9.64
2023-02-09,3058,9.64
2023-02-10,3058,9.6
2023-02-13,3058,9.5
2023-02-14,3058,9.5
2023-02-15,3058,10.45
2023-02-16,3058,11.5
2023-02-17,3058,12.64
2023-02-20,3058,12.92
2023-02-21,3058,12.73
2023-02-22,3058,13.21
2023-02-23,3058,14.35
2023-02-24,3058,14.06
2023-02-01,3059,31.98
2023-02-02,3059,32.82
2023-02-03,3059,32.68
2023-02-06,3059,32.45
2023-02-07,3059,32.54
2023-02-08,3059,33.29
2023-02-09,3059,33.39
2023-02-10,3059,32.21
2023-02-13,3059,32.21
2023-02-14,3059,32.21
2023-02-15,3059,32.03
2023-02-16,3059,32.64
2023-02-17,3059,32.45
2023-02-20,3059,32.73
2023-02-21,3059,33.06
2023-02-22,3059,32.4
2023-02-23,3059,32.59
2023-02-24,3059,32.35
2023-02-01,3060,16.34
2023-02-02,3060,16.53
2023-02-03,3060,16.53
2023-02-06,3060,16.53
2023-02-07,3060,16.58
2023-02-08,3060,16.58
2023-02-09,3060,16.63
2023-02-10,3060,16.77
2023-02-13,3060,16.77
2023-02-14,3060,16.77
2023-02-15,3060,16.67
2023-02-16,3060,16.82
2023-02-17,3060,16.87
2023-02-20,3060,16.96
2023-02-21,3060,17.11
2023-02-22,3060,17.01
2023-02-23,3060,17.06
2023-02-24,3060,17.11
2023-02-01,3062,24.1
2023-02-02,3062,24.65
2023-02-03,3062,24.6
2023-02-06,3062,24.4
2023-02-07,3062,24.7
2023-02-08,3062,24.6
2023-02-09,3062,24.3
2023-02-10,3062,23.75
2023-02-13,3062,23.95
2023-02-14,3062,23.8
2023-02-15,3062,23.6
2023-02-16,3062,24.25
2023-02-17,3062,24.95
2023-02-20,3062,25.0
2023-02-21,3062,24.6
2023-02-22,3062,24.2
2023-02-23,3062,24.25
2023-02-24,3062,24.05
2023-02-01,3064,47.17
2023-02-02,3064,45.17
2023-02-03,3064,46.67
2023-02-06,3064,47.33
2023-02-07,3064,48.5
2023-02-08,3064,48.5
2023-02-09,3064,47.33
2023-02-10,3064,47.33
2023-02-13,3064,46.67
2023-02-21,3064,46.83
2023-02-23,3064,46.83
2023-02-24,3064,46.83
2023-02-01,3066,24.25
2023-02-02,3066,24.75
2023-02-03,3066,24.5
2023-02-06,3066,24.3
2023-02-07,3066,24.05
2023-02-08,3066,24.35
2023-02-09,3066,24.2
2023-02-10,3066,23.8
2023-02-13,3066,23.75
2023-02-14,3066,23.65
2023-02-15,3066,23.65
2023-02-16,3066,23.65
2023-02-17,3066,23.65
2023-02-20,3066,24.05
2023-02-21,3066,24.3
2023-02-22,3066,24.35
2023-02-23,3066,24.35
2023-02-24,3066,24.2
2023-02-01,3067,36.0
2023-02-02,3067,35.7
2023-02-03,3067,34.65
2023-02-06,3067,34.8
2023-02-07,3067,34.45
2023-02-08,3067,33.65
2023-02-09,3067,33.6
2023-02-10,3067,33.05
2023-02-13,3067,32.85
2023-02-14,3067,32.2
2023-02-16,3067,32.9
2023-02-20,3067,32.65
2023-02-21,3067,32.55
2023-02-22,3067,32.15
2023-02-23,3067,31.1
2023-02-24,3067,33.0
2023-02-01,3071,22.27
2023-02-02,3071,22.45
2023-02-03,3071,22.4
2023-02-06,3071,22.4
2023-02-07,3071,22.45
2023-02-08,3071,22.49
2023-02-09,3071,22.62
2023-02-10,3071,22.27
2023-02-13,3071,21.92
2023-02-14,3071,22.0
2023-02-15,3071,21.92
2023-02-16,3071,22.23
2023-02-17,3071,22.14
2023-02-20,3071,22.45
2023-02-21,3071,22.89
2023-02-22,3071,22.8
2023-02-23,3071,22.76
2023-02-24,3071,22.89
2023-02-01,3073,30.13
2023-02-02,3073,29.78
2023-02-06,3073,29.44
2023-02-07,3073,29.83
2023-02-08,3073,30.13
2023-02-09,3073,30.13
2023-02-10,3073,30.13
2023-02-13,3073,30.13
2023-02-16,3073,30.42
2023-02-17,3073,33.39
2023-02-01,3078,26.53
2023-02-02,3078,26.76
2023-02-03,3078,26.62
2023-02-06,3078,26.58
2023-02-07,3078,26.53
2023-02-08,3078,26.62
2023-02-09,3078,27.3
2023-02-10,3078,26.85
2023-02-13,3078,26.58
2023-02-14,3078,26.94
2023-02-15,3078,28.3
2023-02-16,3078,28.62
2023-02-17,3078,29.16
2023-02-20,3078,29.43
2023-02-21,3078,30.65
2023-02-22,3078,30.25
2023-02-23,3078,30.16
2023-02-24,3078,29.39
2023-02-01,3081,123.22
2023-02-02,3081,122.25
2023-02-03,3081,123.22
2023-02-06,3081,122.25
2023-02-07,3081,128.51
2023-02-08,3081,126.1
2023-02-09,3081,123.7
2023-02-10,3081,125.14
2023-02-13,3081,125.14
2023-02-14,3081,122.25
2023-02-15,3081,121.77
2023-02-16,3081,123.22
2023-02-17,3081,123.7
2023-02-20,3081,123.22
2023-02-21,3081,122.73
2023-02-22,3081,121.29
2023-02-23,3081,128.51
2023-02-24,3081,126.59
2023-02-01,3083,48.15
2023-02-02,3083,48.7
2023-02-03,3083,47.05
2023-02-06,3083,46.25
2023-02-07,3083,46.15
2023-02-08,3083,47.2
2023-02-09,3083,46.75
2023-02-10,3083,45.9
2023-02-13,3083,47.35
2023-02-14,3083,46.8
2023-02-15,3083,46.4
2023-02-16,3083,46.65
2023-02-17,3083,46.5
2023-02-20,3083,46.2
2023-02-21,3083,46.15
2023-02-22,3083,45.35
2023-02-23,3083,46.45
2023-02-24,3083,45.7
2023-02-01,3085,22.0
2023-02-13,3085,22.1
2023-02-14,3085,22.05
2023-02-15,3085,21.95
2023-02-17,3085,21.9
2023-02-20,3085,21.9
2023-02-21,3085,21.8
2023-02-22,3085,21.65
2023-02-23,3085,22.7
2023-02-24,3085,22.2
2023-02-01,3086,68.22
2023-02-02,3086,68.9
2023-02-03,3086,68.56
2023-02-06,3086,68.22
2023-02-07,3086,68.05
2023-02-08,3086,68.14
2023-02-09,3086,69.15
2023-02-10,3086,67.2
2023-02-13,3086,66.69
2023-02-14,3086,67.03
2023-02-15,3086,66.18
2023-02-16,3086,66.35
2023-02-17,3086,67.88
2023-02-20,3086,68.9
2023-02-21,3086,68.22
2023-02-22,3086,68.65
2023-02-23,3086,67.97
2023-02-24,3086,67.2
2023-02-01,3088,51.0
2023-02-02,3088,51.0
2023-02-03,3088,51.68
2023-02-06,3088,52.02
2023-02-07,3088,51.09
2023-02-08,3088,50.5
2023-02-09,3088,53.62
2023-02-10,3088,53.03
2023-02-13,3088,51.93
2023-02-14,3088,51.76
2023-02-15,3088,51.68
2023-02-16,3088,52.1
2023-02-17,3088,52.53
2023-02-20,3088,53.37
2023-02-21,3088,55.65
2023-02-22,3088,57.35
2023-02-23,3088,59.21
2023-02-24,3088,57.94
2023-02-01,3089,65.5
2023-02-02,3089,67.5
2023-02-03,3089,68.0
2023-02-06,3089,68.0
2023-02-07,3089,68.0
2023-02-08,3089,67.4
2023-02-09,3089,66.5
2023-02-10,3089,66.6
2023-02-13,3089,64.0
2023-02-14,3089,61.8
2023-02-15,3089,60.1
2023-02-16,3089,60.5
2023-02-17,3089,61.5
2023-02-20,3089,61.7
2023-02-21,3089,60.6
2023-02-22,3089,59.0
2023-02-23,3089,60.5
2023-02-24,3089,60.4
2023-02-01,3090,44.74
2023-02-02,3090,44.83
2023-02-03,3090,44.58
2023-02-06,3090,44.74
2023-02-07,3090,44.66
2023-02-08,3090,44.66
2023-02-09,3090,45.07
2023-02-10,3090,44.83
2023-02-13,3090,44.74
2023-02-14,3090,44.91
2023-02-15,3090,44.74
2023-02-16,3090,45.48
2023-02-17,3090,46.05
2023-02-20,3090,45.97
2023-02-21,3090,45.97
2023-02-22,3090,45.89
2023-02-23,3090,46.13
2023-02-24,3090,46.05
2023-02-01,3092,33.96
2023-02-02,3092,33.96
2023-02-03,3092,33.91
2023-02-06,3092,34.33
2023-02-07,3092,34.38
2023-02-08,3092,34.52
2023-02-09,3092,34.47
2023-02-10,3092,34.33
2023-02-13,3092,34.19
2023-02-14,3092,34.84
2023-02-15,3092,35.3
2023-02-16,3092,35.21
2023-02-17,3092,35.72
2023-02-20,3092,36.61
2023-02-21,3092,36.33
2023-02-22,3092,36.0
2023-02-23,3092,36.23
2023-02-24,3092,36.27
2023-02-01,3093,23.53
2023-02-02,3093,23.86
2023-02-03,3093,23.99
2023-02-06,3093,24.49
2023-02-07,3093,25.49
2023-02-08,3093,25.16
2023-02-09,3093,24.87
2023-02-10,3093,24.45
2023-02-13,3093,24.53
2023-02-14,3093,24.74
2023-02-15,3093,24.87
2023-02-16,3093,25.08
2023-02-17,3093,25.62
2023-02-20,3093,25.41
2023-02-21,3093,25.62
2023-02-22,3093,25.54
2023-02-23,3093,25.66
2023-02-24,3093,25.83
2023-02-01,3094,24.26
2023-02-02,3094,24.96
2023-02-03,3094,25.86
2023-02-06,3094,25.53
2023-02-07,3094,25.39
2023-02-08,3094,26.95
2023-02-09,3094,26.62
2023-02-10,3094,25.86
2023-02-13,3094,27.09
2023-02-14,3094,27.33
2023-02-15,3094,26.86
2023-02-16,3094,27.71
2023-02-17,3094,27.66
2023-02-20,3094,27.42
2023-02-21,3094,28.32
2023-02-22,3094,31.11
2023-02-23,3094,33.29
2023-02-24,3094,31.63
2023-02-01,3095,35.0
2023-02-02,3095,34.95
2023-02-03,3095,34.55
2023-02-06,3095,34.5
2023-02-07,3095,34.75
2023-02-08,3095,34.1
2023-02-09,3095,34.0
2023-02-10,3095,34.0
2023-02-13,3095,33.3
2023-02-14,3095,34.0
2023-02-15,3095,33.35
2023-02-16,3095,33.9
2023-02-17,3095,33.7
2023-02-20,3095,32.4
2023-02-21,3095,32.5
2023-02-22,3095,33.35
2023-02-23,3095,32.95
2023-02-24,3095,32.9
2023-02-01,3105,186.44
2023-02-02,3105,182.54
2023-02-03,3105,178.16
2023-02-06,3105,171.35
2023-02-07,3105,168.43
2023-02-08,3105,170.86
2023-02-09,3105,167.94
2023-02-10,3105,166.48
2023-02-13,3105,164.53
2023-02-14,3105,165.99
2023-02-15,3105,168.43
2023-02-16,3105,166.48
2023-02-17,3105,168.43
2023-02-20,3105,173.29
2023-02-21,3105,172.32
2023-02-22,3105,167.45
2023-02-23,3105,169.89
2023-02-24,3105,165.51
2023-02-01,3114,21.86
2023-02-02,3114,21.99
2023-02-03,3114,22.03
2023-02-06,3114,22.03
2023-02-07,3114,21.95
2023-02-08,3114,22.03
2023-02-09,3114,21.99
2023-02-10,3114,21.9
2023-02-13,3114,21.9
2023-02-14,3114,22.11
2023-02-15,3114,22.37
2023-02-16,3114,22.37
2023-02-17,3114,22.37
2023-02-20,3114,22.45
2023-02-21,3114,22.41
2023-02-22,3114,22.41
2023-02-23,3114,22.53
2023-02-24,3114,22.66
2023-02-01,3115,15.74
2023-02-08,3115,15.4
2023-02-10,3115,14.99
2023-02-13,3115,15.88
2023-02-15,3115,15.4
2023-02-16,3115,15.4
2023-02-17,3115,16.01
2023-02-20,3115,16.42
2023-02-21,3115,16.96
2023-02-22,3115,16.42
2023-02-23,3115,16.49
2023-02-01,3118,24.18
2023-02-02,3118,24.18
2023-02-03,3118,24.09
2023-02-06,3118,24.14
2023-02-07,3118,24.22
2023-02-08,3118,24.22
2023-02-09,3118,24.43
2023-02-10,3118,24.35
2023-02-13,3118,24.26
2023-02-14,3118,24.43
2023-02-15,3118,24.43
2023-02-16,3118,24.26
2023-02-17,3118,24.39
2023-02-20,3118,24.31
2023-02-21,3118,24.26
2023-02-22,3118,24.35
2023-02-23,3118,24.35
2023-02-24,3118,24.35
2023-02-01,3122,27.15
2023-02-02,3122,27.45
2023-02-03,3122,27.3
2023-02-06,3122,27.1
2023-02-07,3122,27.05
2023-02-08,3122,27.74
2023-02-09,3122,27.1
2023-02-10,3122,26.26
2023-02-13,3122,26.16
2023-02-14,3122,27.59
2023-02-15,3122,27.64
2023-02-16,3122,27.79
2023-02-17,3122,27.79
2023-02-20,3122,27.99
2023-02-21,3122,28.39
2023-02-22,3122,27.79
2023-02-23,3122,28.19
2023-02-24,3122,27.94
2023-02-01,3128,41.95
2023-02-02,3128,42.2
2023-02-03,3128,41.47
2023-02-06,3128,42.49
2023-02-07,3128,43.47
2023-02-08,3128,42.78
2023-02-09,3128,46.05
2023-02-10,3128,43.66
2023-02-13,3128,44.83
2023-02-14,3128,43.81
2023-02-15,3128,43.76
2023-02-16,3128,45.08
2023-02-17,3128,46.39
2023-02-20,3128,46.93
2023-02-21,3128,46.83
2023-02-22,3128,45.08
2023-02-23,3128,45.37
2023-02-24,3128,44.54
2023-02-01,3130,166.73
2023-02-02,3130,167.98
2023-02-03,3130,168.81
2023-02-06,3130,169.23
2023-02-07,3130,170.89
2023-02-08,3130,171.72
2023-02-09,3130,172.14
2023-02-10,3130,170.48
2023-02-13,3130,169.64
2023-02-14,3130,168.81
2023-02-15,3130,168.4
2023-02-16,3130,169.23
2023-02-17,3130,168.4
2023-02-20,3130,168.4
2023-02-21,3130,168.81
2023-02-22,3130,167.98
2023-02-23,3130,168.4
2023-02-24,3130,169.23
2023-02-01,3131,237.53
2023-02-02,3131,239.45
2023-02-03,3131,236.57
2023-02-06,3131,234.64
2023-02-07,3131,241.37
2023-02-08,3131,245.22
2023-02-09,3131,244.26
2023-02-10,3131,237.05
2023-02-13,3131,233.68
2023-02-14,3131,233.68
2023-02-15,3131,235.6
2023-02-16,3131,236.57
2023-02-17,3131,234.16
2023-02-20,3131,240.89
2023-02-21,3131,244.26
2023-02-22,3131,249.55
2023-02-23,3131,251.47
2023-02-24,3131,246.18
2023-02-01,3138,130.05
2023-02-02,3138,132.34
2023-02-03,3138,131.42
2023-02-06,3138,129.6
2023-02-07,3138,131.42
2023-02-08,3138,133.7
2023-02-09,3138,133.7
2023-02-10,3138,129.14
2023-02-13,3138,133.7
2023-02-14,3138,135.07
2023-02-15,3138,131.42
2023-02-16,3138,136.44
2023-02-17,3138,136.9
2023-02-20,3138,139.64
2023-02-21,3138,146.03
2023-02-22,3138,146.48
2023-02-23,3138,147.39
2023-02-24,3138,144.66
2023-02-01,3141,92.4
2023-02-02,3141,101.59
2023-02-03,3141,101.1
2023-02-06,3141,99.17
2023-02-07,3141,101.59
2023-02-08,3141,102.07
2023-02-09,3141,102.56
2023-02-10,3141,97.72
2023-02-13,3141,97.23
2023-02-14,3141,98.69
2023-02-15,3141,99.65
2023-02-16,3141,106.91
2023-02-17,3141,109.33
2023-02-20,3141,109.81
2023-02-21,3141,111.26
2023-02-22,3141,106.91
2023-02-23,3141,109.33
2023-02-24,3141,104.49
2023-02-01,3147,48.19
2023-02-02,3147,48.09
2023-02-03,3147,48.0
2023-02-06,3147,48.37
2023-02-07,3147,48.46
2023-02-08,3147,48.09
2023-02-09,3147,48.73
2023-02-10,3147,49.91
2023-02-13,3147,49.45
2023-02-14,3147,52.71
2023-02-15,3147,51.36
2023-02-16,3147,51.36
2023-02-17,3147,51.99
2023-02-20,3147,51.72
2023-02-21,3147,51.72
2023-02-22,3147,52.99
2023-02-23,3147,53.35
2023-02-24,3147,54.34
2023-02-01,3149,26.89
2023-02-02,3149,27.32
2023-02-03,3149,27.11
2023-02-06,3149,27.24
2023-02-07,3149,27.17
2023-02-08,3149,27.6
2023-02-09,3149,27.17
2023-02-10,3149,26.89
2023-02-13,3149,26.6
2023-02-14,3149,26.46
2023-02-15,3149,26.18
2023-02-16,3149,26.32
2023-02-17,3149,26.32
2023-02-20,3149,27.03
2023-02-21,3149,26.89
2023-02-22,3149,26.39
2023-02-23,3149,26.82
2023-02-24,3149,26.6
2023-02-01,3150,29.85
2023-02-02,3150,30.9
2023-02-03,3150,29.85
2023-02-06,3150,28.51
2023-02-07,3150,28.9
2023-02-08,3150,28.94
2023-02-09,3150,30.04
2023-02-10,3150,29.18
2023-02-13,3150,28.7
2023-02-14,3150,29.28
2023-02-15,3150,27.84
2023-02-16,3150,29.23
2023-02-17,3150,29.23
2023-02-20,3150,28.9
2023-02-21,3150,28.99
2023-02-22,3150,28.9
2023-02-23,3150,28.9
2023-02-24,3150,28.03
2023-02-01,3152,205.37
2023-02-02,3152,213.04
2023-02-03,3152,214.48
2023-02-06,3152,214.96
2023-02-07,3152,211.61
2023-02-08,3152,211.61
2023-02-09,3152,211.13
2023-02-10,3152,204.41
2023-02-13,3152,202.49
2023-02-14,3152,202.49
2023-02-15,3152,211.13
2023-02-16,3152,226.48
2023-02-17,3152,220.72
2023-02-20,3152,219.28
2023-02-21,3152,229.84
2023-02-22,3152,230.8
2023-02-23,3152,226.96
2023-02-24,3152,226.0
2023-02-01,3162,51.9
2023-02-02,3162,52.8
2023-02-03,3162,51.4
2023-02-06,3162,52.5
2023-02-07,3162,55.1
2023-02-08,3162,57.8
2023-02-09,3162,56.1
2023-02-10,3162,51.3
2023-02-13,3162,50.9
2023-02-14,3162,51.6
2023-02-15,3162,51.8
2023-02-16,3162,54.0
2023-02-17,3162,54.3
2023-02-20,3162,53.7
2023-02-21,3162,52.8
2023-02-22,3162,53.5
2023-02-23,3162,55.4
2023-02-24,3162,53.9
2023-02-01,3163,48.58
2023-02-02,3163,49.3
2023-02-03,3163,48.41
2023-02-06,3163,50.99
2023-02-07,3163,50.54
2023-02-08,3163,50.01
2023-02-09,3163,49.74
2023-02-10,3163,48.94
2023-02-13,3163,49.3
2023-02-14,3163,49.3
2023-02-15,3163,48.76
2023-02-16,3163,50.46
2023-02-17,3163,50.01
2023-02-20,3163,50.46
2023-02-21,3163,50.63
2023-02-22,3163,49.12
2023-02-23,3163,50.72
2023-02-24,3163,49.74
2023-02-01,3164,21.88
2023-02-02,3164,21.92
2023-02-03,3164,21.97
2023-02-06,3164,21.97
2023-02-07,3164,21.88
2023-02-08,3164,21.92
2023-02-09,3164,21.83
2023-02-10,3164,21.83
2023-02-13,3164,21.74
2023-02-14,3164,21.78
2023-02-15,3164,21.78
2023-02-16,3164,21.6
2023-02-17,3164,21.65
2023-02-20,3164,21.69
2023-02-21,3164,21.78
2023-02-22,3164,23.39
2023-02-23,3164,22.84
2023-02-24,3164,22.38
2023-02-01,3167,40.04
2023-02-02,3167,41.57
2023-02-03,3167,41.29
2023-02-06,3167,40.83
2023-02-07,3167,40.64
2023-02-08,3167,41.01
2023-02-09,3167,41.01
2023-02-10,3167,40.46
2023-02-13,3167,40.0
2023-02-14,3167,40.14
2023-02-15,3167,40.14
2023-02-16,3167,40.6
2023-02-17,3167,41.11
2023-02-20,3167,41.47
2023-02-21,3167,41.84
2023-02-22,3167,42.03
2023-02-23,3167,42.08
2023-02-24,3167,41.89
2023-02-01,3168,40.22
2023-02-02,3168,40.75
2023-02-03,3168,40.75
2023-02-06,3168,40.84
2023-02-07,3168,40.66
2023-02-08,3168,40.17
2023-02-09,3168,40.22
2023-02-10,3168,40.13
2023-02-13,3168,39.51
2023-02-14,3168,39.42
2023-02-15,3168,39.95
2023-02-16,3168,39.91
2023-02-17,3168,39.95
2023-02-20,3168,39.82
2023-02-21,3168,40.84
2023-02-22,3168,40.93
2023-02-23,3168,40.93
2023-02-24,3168,42.61
2023-02-01,3169,101.98
2023-02-02,3169,104.67
2023-02-03,3169,103.33
2023-02-06,3169,101.53
2023-02-07,3169,103.78
2023-02-08,3169,106.02
2023-02-09,3169,101.98
2023-02-10,3169,99.73
2023-02-13,3169,98.83
2023-02-14,3169,98.83
2023-02-15,3169,99.28
2023-02-16,3169,102.43
2023-02-17,3169,103.33
2023-02-20,3169,104.67
2023-02-21,3169,106.02
2023-02-22,3169,102.43
2023-02-23,3169,106.02
2023-02-24,3169,103.33
2023-02-01,3171,23.32
2023-02-02,3171,23.53
2023-02-03,3171,23.6
2023-02-06,3171,23.6
2023-02-07,3171,23.67
2023-02-08,3171,23.67
2023-02-09,3171,23.8
2023-02-10,3171,24.09
2023-02-13,3171,23.8
2023-02-14,3171,24.02
2023-02-15,3171,23.95
2023-02-16,3171,23.95
2023-02-17,3171,24.09
2023-02-20,3171,24.16
2023-02-21,3171,24.23
2023-02-22,3171,24.37
2023-02-23,3171,24.51
2023-02-24,3171,24.23
2023-02-01,3176,32.2
2023-02-02,3176,32.45
2023-02-03,3176,32.4
2023-02-06,3176,32.6
2023-02-07,3176,33.25
2023-02-08,3176,32.9
2023-02-09,3176,32.65
2023-02-10,3176,32.1
2023-02-13,3176,31.65
2023-02-14,3176,31.7
2023-02-15,3176,31.8
2023-02-16,3176,32.35
2023-02-17,3176,32.2
2023-02-20,3176,32.6
2023-02-21,3176,32.55
2023-02-22,3176,32.4
2023-02-23,3176,32.5
2023-02-24,3176,32.6
2023-02-01,3178,67.95
2023-02-02,3178,68.33
2023-02-03,3178,67.19
2023-02-06,3178,67.66
2023-02-07,3178,68.99
2023-02-08,3178,68.8
2023-02-09,3178,68.9
2023-02-10,3178,65.57
2023-02-13,3178,66.05
2023-02-14,3178,66.33
2023-02-15,3178,66.33
2023-02-16,3178,67.0
2023-02-17,3178,65.95
2023-02-20,3178,67.09
2023-02-21,3178,67.28
2023-02-22,3178,66.24
2023-02-23,3178,67.47
2023-02-24,3178,65.29
2023-02-01,3188,11.01
2023-02-02,3188,11.06
2023-02-03,3188,11.01
2023-02-06,3188,11.45
2023-02-07,3188,11.41
2023-02-08,3188,11.41
2023-02-09,3188,11.23
2023-02-10,3188,11.23
2023-02-13,3188,11.28
2023-02-14,3188,11.28
2023-02-15,3188,11.28
2023-02-16,3188,11.32
2023-02-17,3188,11.15
2023-02-20,3188,11.1
2023-02-21,3188,11.1
2023-02-22,3188,11.06
2023-02-23,3188,11.23
2023-02-24,3188,11.28
2023-02-01,3189,107.86
2023-02-02,3189,109.7
2023-02-03,3189,106.02
2023-02-06,3189,100.02
2023-02-07,3189,100.95
2023-02-08,3189,101.41
2023-02-09,3189,100.49
2023-02-10,3189,98.64
2023-02-13,3189,96.8
2023-02-14,3189,100.49
2023-02-15,3189,102.79
2023-02-16,3189,102.79
2023-02-17,3189,101.41
2023-02-20,3189,100.49
2023-02-21,3189,102.33
2023-02-22,3189,100.02
2023-02-23,3189,101.87
2023-02-24,3189,100.02
2023-02-01,3191,16.56
2023-02-02,3191,17.4
2023-02-03,3191,17.2
2023-02-06,3191,17.02
2023-02-07,3191,17.0
2023-02-08,3191,16.88
2023-02-09,3191,16.94
2023-02-10,3191,16.8
2023-02-13,3191,16.98
2023-02-14,3191,16.98
2023-02-15,3191,16.5
2023-02-16,3191,16.5
2023-02-17,3191,16.32
2023-02-20,3191,16.1
2023-02-21,3191,16.1
2023-02-22,3191,16.2
2023-02-23,3191,16.36
2023-02-24,3191,16.2
2023-02-01,3202,14.9
2023-02-02,3202,14.95
2023-02-03,3202,15.0
2023-02-06,3202,15.1
2023-02-07,3202,15.25
2023-02-08,3202,15.5
2023-02-09,3202,15.5
2023-02-10,3202,15.6
2023-02-13,3202,15.35
2023-02-14,3202,14.9
2023-02-15,3202,14.95
2023-02-16,3202,14.95
2023-02-17,3202,14.95
2023-02-20,3202,15.0
2023-02-21,3202,15.1
2023-02-22,3202,15.1
2023-02-23,3202,15.2
2023-02-24,3202,14.95
2023-02-01,3205,42.8
2023-02-02,3205,47.05
2023-02-03,3205,45.05
2023-02-06,3205,46.1
2023-02-07,3205,46.0
2023-02-08,3205,46.55
2023-02-09,3205,47.05
2023-02-10,3205,46.5
2023-02-13,3205,46.55
2023-02-14,3205,46.1
2023-02-15,3205,45.2
2023-02-16,3205,46.7
2023-02-17,3205,47.0
2023-02-20,3205,46.1
2023-02-21,3205,46.05
2023-02-22,3205,45.55
2023-02-23,3205,46.05
2023-02-24,3205,43.7
2023-02-01,3206,26.41
2023-02-02,3206,26.68
2023-02-03,3206,26.73
2023-02-06,3206,26.82
2023-02-07,3206,26.5
2023-02-08,3206,26.5
2023-02-09,3206,27.32
2023-02-10,3206,27.14
2023-02-13,3206,26.96
2023-02-14,3206,27.09
2023-02-15,3206,26.96
2023-02-16,3206,27.05
2023-02-17,3206,26.96
2023-02-20,3206,26.91
2023-02-21,3206,27.14
2023-02-22,3206,27.18
2023-02-23,3206,27.36
2023-02-24,3206,27.77
2023-02-01,3207,54.97
2023-02-02,3207,57.53
2023-02-03,3207,55.45
2023-02-06,3207,55.82
2023-02-07,3207,56.58
2023-02-08,3207,56.49
2023-02-09,3207,57.05
2023-02-10,3207,55.16
2023-02-13,3207,56.77
2023-02-14,3207,57.91
2023-02-15,3207,62.26
2023-02-16,3207,63.11
2023-02-17,3207,63.96
2023-02-20,3207,65.66
2023-02-21,3207,66.52
2023-02-22,3207,66.7
2023-02-23,3207,69.07
2023-02-24,3207,67.56
2023-02-01,3209,36.75
2023-02-02,3209,37.04
2023-02-03,3209,36.89
2023-02-06,3209,36.8
2023-02-07,3209,36.85
2023-02-08,3209,37.04
2023-02-09,3209,38.59
2023-02-10,3209,38.21
2023-02-13,3209,38.68
2023-02-14,3209,38.92
2023-02-15,3209,39.44
2023-02-16,3209,40.33
2023-02-17,3209,39.39
2023-02-20,3209,39.39
2023-02-21,3209,40.24
2023-02-22,3209,40.66
2023-02-23,3209,40.66
2023-02-24,3209,41.18
2023-02-01,3211,62.39
2023-02-02,3211,63.12
2023-02-03,3211,63.28
2023-02-06,3211,63.36
2023-02-07,3211,64.42
2023-02-08,3211,64.42
2023-02-09,3211,64.42
2023-02-10,3211,64.34
2023-02-13,3211,64.34
2023-02-14,3211,64.91
2023-02-15,3211,64.26
2023-02-16,3211,64.42
2023-02-17,3211,64.18
2023-02-20,3211,64.34
2023-02-21,3211,64.42
2023-02-22,3211,64.42
2023-02-23,3211,64.91
2023-02-24,3211,66.7
2023-02-01,3213,37.62
2023-02-02,3213,37.92
2023-02-03,3213,37.79
2023-02-06,3213,37.92
2023-02-07,3213,38.09
2023-02-08,3213,38.0
2023-02-09,3213,38.09
2023-02-10,3213,38.0
2023-02-13,3213,38.0
2023-02-14,3213,37.92
2023-02-15,3213,37.92
2023-02-16,3213,38.0
2023-02-17,3213,38.09
2023-02-20,3213,38.38
2023-02-21,3213,39.01
2023-02-22,3213,40.57
2023-02-23,3213,40.11
2023-02-24,3213,39.9
2023-02-01,3217,77.0
2023-02-02,3217,77.96
2023-02-03,3217,76.04
2023-02-06,3217,76.04
2023-02-07,3217,76.3
2023-02-08,3217,76.21
2023-02-09,3217,78.4
2023-02-10,3217,78.75
2023-02-13,3217,80.23
2023-02-14,3217,79.36
2023-02-15,3217,79.36
2023-02-16,3217,81.1
2023-02-17,3217,80.84
2023-02-20,3217,83.64
2023-02-21,3217,87.05
2023-02-22,3217,83.29
2023-02-23,3217,82.94
2023-02-24,3217,82.15
2023-02-01,3218,288.95
2023-02-02,3218,290.26
2023-02-03,3218,284.59
2023-02-06,3218,288.51
2023-02-07,3218,292.44
2023-02-08,3218,296.81
2023-02-09,3218,302.05
2023-02-10,3218,292.44
2023-02-13,3218,292.88
2023-02-14,3218,284.59
2023-02-15,3218,284.15
2023-02-16,3218,287.64
2023-02-17,3218,282.84
2023-02-20,3218,278.48
2023-02-21,3218,288.51
2023-02-22,3218,283.71
2023-02-23,3218,286.77
2023-02-24,3218,282.84
2023-02-01,3219,61.94
2023-02-02,3219,60.76
2023-02-03,3219,60.17
2023-02-06,3219,60.56
2023-02-07,3219,66.56
2023-02-08,3219,64.4
2023-02-09,3219,64.89
2023-02-10,3219,62.43
2023-02-13,3219,65.18
2023-02-14,3219,64.2
2023-02-15,3219,63.32
2023-02-16,3219,63.41
2023-02-17,3219,63.02
2023-02-20,3219,63.02
2023-02-21,3219,60.76
2023-02-22,3219,60.46
2023-02-23,3219,60.37
2023-02-24,3219,59.88
2023-02-01,3221,23.25
2023-02-02,3221,23.72
2023-02-03,3221,23.59
2023-02-06,3221,23.25
2023-02-07,3221,23.29
2023-02-08,3221,23.42
2023-02-09,3221,23.12
2023-02-10,3221,22.82
2023-02-13,3221,22.73
2023-02-14,3221,25.0
2023-02-15,3221,25.3
2023-02-16,3221,25.13
2023-02-17,3221,25.3
2023-02-20,3221,25.21
2023-02-21,3221,24.83
2023-02-22,3221,24.53
2023-02-23,3221,24.95
2023-02-24,3221,24.78
2023-02-01,3224,45.05
2023-02-02,3224,45.8
2023-02-03,3224,46.0
2023-02-06,3224,47.25
2023-02-07,3224,47.7
2023-02-08,3224,47.25
2023-02-09,3224,46.75
2023-02-10,3224,46.5
2023-02-13,3224,47.1
2023-02-14,3224,47.1
2023-02-15,3224,46.5
2023-02-16,3224,47.35
2023-02-17,3224,48.65
2023-02-20,3224,51.1
2023-02-21,3224,50.5
2023-02-22,3224,48.85
2023-02-23,3224,48.7
2023-02-24,3224,47.6
2023-02-01,3226,51.31
2023-02-02,3226,51.88
2023-02-03,3226,52.36
2023-02-06,3226,51.31
2023-02-09,3226,51.98
2023-02-21,3226,51.31
2023-02-22,3226,51.79
2023-02-23,3226,54.73
2023-02-24,3226,52.83
2023-02-01,3227,96.67
2023-02-02,3227,98.44
2023-02-03,3227,100.2
2023-02-06,3227,97.55
2023-02-07,3227,97.55
2023-02-08,3227,98.44
2023-02-09,3227,97.11
2023-02-10,3227,94.9
2023-02-13,3227,95.35
2023-02-14,3227,97.11
2023-02-15,3227,95.35
2023-02-16,3227,97.55
2023-02-17,3227,95.79
2023-02-20,3227,98.44
2023-02-21,3227,97.55
2023-02-22,3227,96.67
2023-02-23,3227,97.11
2023-02-24,3227,97.99
2023-02-01,3228,182.84
2023-02-02,3228,196.91
2023-02-03,3228,189.15
2023-02-06,3228,187.21
2023-02-07,3228,189.15
2023-02-08,3228,198.85
2023-02-09,3228,190.6
2023-02-10,3228,185.75
2023-02-13,3228,185.75
2023-02-14,3228,184.3
2023-02-15,3228,184.3
2023-02-16,3228,189.63
2023-02-17,3228,185.75
2023-02-20,3228,194.0
2023-02-21,3228,195.94
2023-02-22,3228,185.75
2023-02-23,3228,191.57
2023-02-24,3228,189.63
2023-02-01,3229,19.95
2023-02-02,3229,19.95
2023-02-03,3229,19.85
2023-02-06,3229,19.8
2023-02-07,3229,19.7
2023-02-08,3229,19.8
2023-02-10,3229,19.4
2023-02-13,3229,19.55
2023-02-14,3229,19.75
2023-02-15,3229,19.4
2023-02-16,3229,19.6
2023-02-17,3229,19.5
2023-02-20,3229,19.75
2023-02-21,3229,19.65
2023-02-22,3229,19.85
2023-02-23,3229,19.75
2023-02-24,3229,19.7
2023-02-01,3230,12.4
2023-02-02,3230,12.55
2023-02-03,3230,12.55
2023-02-06,3230,12.65
2023-02-07,3230,12.55
2023-02-08,3230,12.4
2023-02-09,3230,12.3
2023-02-10,3230,12.35
2023-02-13,3230,12.4
2023-02-14,3230,12.6
2023-02-15,3230,12.4
2023-02-16,3230,12.4
2023-02-17,3230,12.35
2023-02-20,3230,12.35
2023-02-21,3230,12.3
2023-02-22,3230,12.3
2023-02-23,3230,12.2
2023-02-24,3230,12.2
2023-02-01,3231,28.91
2023-02-02,3231,29.28
2023-02-03,3231,29.42
2023-02-06,3231,29.42
2023-02-07,3231,29.42
2023-02-08,3231,29.37
2023-02-09,3231,29.28
2023-02-10,3231,28.73
2023-02-13,3231,29.19
2023-02-14,3231,29.23
2023-02-15,3231,29.28
2023-02-16,3231,29.0
2023-02-17,3231,29.14
2023-02-20,3231,29.19
2023-02-21,3231,29.23
2023-02-22,3231,29.23
2023-02-23,3231,29.65
2023-02-24,3231,30.52
2023-02-01,3232,29.63
2023-02-02,3232,29.68
2023-02-03,3232,29.58
2023-02-06,3232,29.44
2023-02-07,3232,29.78
2023-02-08,3232,29.78
2023-02-09,3232,29.49
2023-02-10,3232,28.86
2023-02-13,3232,28.48
2023-02-14,3232,28.62
2023-02-15,3232,28.19
2023-02-16,3232,28.53
2023-02-17,3232,28.53
2023-02-20,3232,28.48
2023-02-21,3232,28.38
2023-02-22,3232,28.48
2023-02-23,3232,29.25
2023-02-24,3232,30.11
2023-02-01,3234,20.57
2023-02-02,3234,21.08
2023-02-03,3234,20.57
2023-02-06,3234,20.89
2023-02-07,3234,21.12
2023-02-08,3234,20.85
2023-02-09,3234,20.94
2023-02-10,3234,21.03
2023-02-13,3234,20.8
2023-02-14,3234,20.8
2023-02-15,3234,20.94
2023-02-16,3234,21.08
2023-02-17,3234,21.58
2023-02-20,3234,21.81
2023-02-21,3234,22.36
2023-02-22,3234,21.77
2023-02-23,3234,21.63
2023-02-24,3234,21.26
2023-02-01,3236,21.22
2023-02-02,3236,21.61
2023-02-03,3236,21.44
2023-02-06,3236,21.83
2023-02-07,3236,21.61
2023-02-08,3236,21.65
2023-02-09,3236,21.7
2023-02-10,3236,21.35
2023-02-13,3236,21.35
2023-02-14,3236,21.61
2023-02-15,3236,21.57
2023-02-16,3236,21.87
2023-02-17,3236,22.09
2023-02-20,3236,22.09
2023-02-21,3236,21.91
2023-02-22,3236,21.91
2023-02-23,3236,21.91
2023-02-24,3236,21.87
2023-02-01,3252,18.8
2023-02-02,3252,18.8
2023-02-03,3252,18.7
2023-02-06,3252,19.2
2023-02-07,3252,19.0
2023-02-08,3252,18.85
2023-02-09,3252,18.85
2023-02-10,3252,18.65
2023-02-13,3252,18.45
2023-02-14,3252,18.95
2023-02-15,3252,19.15
2023-02-16,3252,19.75
2023-02-17,3252,20.15
2023-02-20,3252,19.9
2023-02-21,3252,19.75
2023-02-22,3252,20.5
2023-02-23,3252,20.9
2023-02-24,3252,20.35
2023-02-01,3257,38.17
2023-02-02,3257,39.62
2023-02-03,3257,43.56
2023-02-06,3257,43.78
2023-02-07,3257,43.42
2023-02-08,3257,43.65
2023-02-09,3257,43.47
2023-02-10,3257,42.65
2023-02-13,3257,42.52
2023-02-14,3257,43.42
2023-02-15,3257,43.56
2023-02-16,3257,43.92
2023-02-17,3257,43.78
2023-02-20,3257,44.01
2023-02-21,3257,43.6
2023-02-22,3257,43.56
2023-02-23,3257,43.51
2023-02-24,3257,43.1
2023-02-01,3259,26.71
2023-02-02,3259,28.35
2023-02-03,3259,27.68
2023-02-06,3259,28.57
2023-02-07,3259,28.64
2023-02-08,3259,30.88
2023-02-09,3259,30.22
2023-02-10,3259,30.73
2023-02-13,3259,33.5
2023-02-14,3259,32.23
2023-02-15,3259,32.0
2023-02-16,3259,31.86
2023-02-17,3259,30.73
2023-02-20,3259,30.81
2023-02-21,3259,30.66
2023-02-22,3259,30.58
2023-02-23,3259,31.41
2023-02-24,3259,30.66
2023-02-01,3260,55.65
2023-02-02,3260,57.1
2023-02-03,3260,56.42
2023-02-06,3260,55.73
2023-02-07,3260,56.59
2023-02-08,3260,56.76
2023-02-09,3260,56.5
2023-02-10,3260,56.16
2023-02-13,3260,55.3
2023-02-14,3260,58.39
2023-02-15,3260,58.04
2023-02-16,3260,59.58
2023-02-17,3260,59.24
2023-02-20,3260,59.67
2023-02-21,3260,58.39
2023-02-22,3260,57.44
2023-02-23,3260,57.7
2023-02-24,3260,56.76
2023-02-01,3264,46.16
2023-02-02,3264,46.84
2023-02-03,3264,47.18
2023-02-06,3264,47.53
2023-02-07,3264,48.3
2023-02-08,3264,48.04
2023-02-09,3264,47.95
2023-02-10,3264,47.35
2023-02-13,3264,47.87
2023-02-14,3264,47.87
2023-02-15,3264,46.5
2023-02-16,3264,46.5
2023-02-17,3264,47.1
2023-02-20,3264,46.93
2023-02-21,3264,46.58
2023-02-22,3264,46.93
2023-02-23,3264,48.04
2023-02-24,3264,48.04
2023-02-01,3265,42.57
2023-02-02,3265,43.39
2023-02-03,3265,42.7
2023-02-06,3265,42.18
2023-02-07,3265,42.87
2023-02-08,3265,43.22
2023-02-09,3265,43.22
2023-02-10,3265,43.13
2023-02-13,3265,43.31
2023-02-14,3265,43.31
2023-02-15,3265,42.7
2023-02-16,3265,42.79
2023-02-17,3265,42.62
2023-02-20,3265,42.96
2023-02-21,3265,43.31
2023-02-22,3265,43.0
2023-02-23,3265,43.74
2023-02-24,3265,43.74
2023-02-01,3266,11.52
2023-02-02,3266,11.57
2023-02-03,3266,11.57
2023-02-06,3266,11.57
2023-02-07,3266,11.57
2023-02-08,3266,11.57
2023-02-09,3266,11.57
2023-02-10,3266,11.52
2023-02-13,3266,11.43
2023-02-14,3266,11.52
2023-02-15,3266,11.47
2023-02-16,3266,11.52
2023-02-17,3266,11.47
2023-02-20,3266,11.62
2023-02-21,3266,11.57
2023-02-22,3266,11.57
2023-02-23,3266,11.57
2023-02-24,3266,11.71
2023-02-01,3268,21.96
2023-02-02,3268,23.17
2023-02-03,3268,22.73
2023-02-06,3268,22.69
2023-02-07,3268,22.88
2023-02-08,3268,23.41
2023-02-09,3268,22.98
2023-02-10,3268,22.73
2023-02-13,3268,22.25
2023-02-14,3268,22.64
2023-02-15,3268,22.25
2023-02-16,3268,22.25
2023-02-17,3268,22.4
2023-02-20,3268,22.78
2023-02-21,3268,23.12
2023-02-22,3268,22.4
2023-02-23,3268,22.59
2023-02-24,3268,22.4
2023-02-01,3272,36.0
2023-02-02,3272,36.26
2023-02-03,3272,37.07
2023-02-06,3272,36.47
2023-02-07,3272,36.77
2023-02-08,3272,36.43
2023-02-09,3272,35.31
2023-02-10,3272,34.07
2023-02-13,3272,34.93
2023-02-14,3272,36.26
2023-02-15,3272,35.87
2023-02-16,3272,36.17
2023-02-17,3272,36.39
2023-02-20,3272,36.82
2023-02-21,3272,36.6
2023-02-22,3272,36.69
2023-02-23,3272,36.3
2023-02-24,3272,36.26
2023-02-01,3276,11.65
2023-02-02,3276,11.7
2023-02-03,3276,11.65
2023-02-06,3276,11.51
2023-02-07,3276,11.84
2023-02-08,3276,11.79
2023-02-09,3276,11.89
2023-02-10,3276,11.7
2023-02-13,3276,11.65
2023-02-14,3276,11.75
2023-02-15,3276,11.89
2023-02-16,3276,11.89
2023-02-17,3276,11.94
2023-02-20,3276,13.13
2023-02-21,3276,14.04
2023-02-22,3276,13.66
2023-02-23,3276,13.85
2023-02-24,3276,13.56
2023-02-01,3284,13.81
2023-02-02,3284,13.67
2023-02-03,3284,13.48
2023-02-06,3284,13.53
2023-02-07,3284,13.81
2023-02-08,3284,13.91
2023-02-09,3284,13.95
2023-02-10,3284,13.58
2023-02-13,3284,13.58
2023-02-14,3284,13.44
2023-02-15,3284,13.67
2023-02-16,3284,13.58
2023-02-17,3284,13.48
2023-02-20,3284,13.39
2023-02-21,3284,13.34
2023-02-22,3284,13.34
2023-02-23,3284,13.44
2023-02-24,3284,13.53
2023-02-01,3285,18.78
2023-02-02,3285,19.02
2023-02-03,3285,18.97
2023-02-06,3285,19.02
2023-02-07,3285,19.02
2023-02-08,3285,18.97
2023-02-09,3285,19.02
2023-02-10,3285,19.02
2023-02-13,3285,19.21
2023-02-14,3285,19.02
2023-02-15,3285,18.93
2023-02-16,3285,19.21
2023-02-17,3285,19.17
2023-02-20,3285,19.26
2023-02-21,3285,19.31
2023-02-22,3285,19.21
2023-02-23,3285,19.21
2023-02-24,3285,19.17
2023-02-01,3287,13.26
2023-02-02,3287,13.36
2023-02-03,3287,13.41
2023-02-06,3287,13.41
2023-02-07,3287,13.41
2023-02-08,3287,13.31
2023-02-09,3287,13.36
2023-02-10,3287,13.16
2023-02-13,3287,13.31
2023-02-14,3287,13.31
2023-02-15,3287,13.21
2023-02-16,3287,13.41
2023-02-17,3287,13.36
2023-02-20,3287,13.36
2023-02-21,3287,13.36
2023-02-22,3287,13.41
2023-02-23,3287,13.55
2023-02-24,3287,13.6
2023-02-01,3288,22.05
2023-02-02,3288,22.05
2023-02-03,3288,22.7
2023-02-06,3288,22.65
2023-02-07,3288,22.75
2023-02-08,3288,22.8
2023-02-09,3288,22.75
2023-02-10,3288,22.6
2023-02-13,3288,22.2
2023-02-14,3288,22.5
2023-02-15,3288,22.45
2023-02-16,3288,22.55
2023-02-17,3288,22.3
2023-02-20,3288,22.45
2023-02-21,3288,22.0
2023-02-22,3288,22.1
2023-02-23,3288,21.35
2023-02-24,3288,21.9
2023-02-01,3289,80.35
2023-02-02,3289,81.45
2023-02-03,3289,82.01
2023-02-06,3289,80.35
2023-02-07,3289,83.66
2023-02-08,3289,83.2
2023-02-09,3289,83.48
2023-02-10,3289,84.68
2023-02-13,3289,77.77
2023-02-14,3289,77.95
2023-02-15,3289,78.04
2023-02-16,3289,79.06
2023-02-17,3289,79.98
2023-02-20,3289,82.01
2023-02-21,3289,80.25
2023-02-22,3289,78.23
2023-02-23,3289,79.24
2023-02-24,3289,78.78
2023-02-01,3290,23.15
2023-02-02,3290,23.25
2023-02-03,3290,23.25
2023-02-06,3290,23.3
2023-02-07,3290,23.72
2023-02-08,3290,23.39
2023-02-09,3290,23.25
2023-02-10,3290,22.82
2023-02-13,3290,23.2
2023-02-14,3290,23.15
2023-02-15,3290,23.25
2023-02-16,3290,24.38
2023-02-17,3290,24.57
2023-02-20,3290,24.62
2023-02-21,3290,24.95
2023-02-22,3290,24.67
2023-02-23,3290,25.61
2023-02-24,3290,26.42
2023-02-01,3293,471.88
2023-02-02,3293,472.79
2023-02-03,3293,478.27
2023-02-06,3293,456.36
2023-02-07,3293,470.97
2023-02-08,3293,469.14
2023-02-09,3293,462.75
2023-02-10,3293,463.67
2023-02-13,3293,458.19
2023-02-14,3293,459.1
2023-02-15,3293,463.67
2023-02-16,3293,464.58
2023-02-17,3293,471.88
2023-02-20,3293,463.67
2023-02-21,3293,460.93
2023-02-22,3293,454.08
2023-02-23,3293,463.67
2023-02-24,3293,460.93
2023-02-01,3294,16.88
2023-02-02,3294,17.77
2023-02-03,3294,17.62
2023-02-06,3294,17.53
2023-02-07,3294,17.48
2023-02-08,3294,17.62
2023-02-09,3294,17.53
2023-02-10,3294,17.28
2023-02-13,3294,17.08
2023-02-14,3294,17.18
2023-02-15,3294,17.28
2023-02-16,3294,17.43
2023-02-17,3294,17.43
2023-02-20,3294,17.48
2023-02-21,3294,17.58
2023-02-22,3294,17.53
2023-02-23,3294,17.58
2023-02-24,3294,17.43
2023-02-01,3296,17.3
2023-02-02,3296,17.4
2023-02-03,3296,17.6
2023-02-06,3296,17.7
2023-02-07,3296,17.95
2023-02-08,3296,18.25
2023-02-09,3296,17.75
2023-02-10,3296,17.85
2023-02-13,3296,16.75
2023-02-14,3296,17.05
2023-02-15,3296,17.1
2023-02-16,3296,17.55
2023-02-17,3296,16.9
2023-02-20,3296,17.45
2023-02-21,3296,17.8
2023-02-22,3296,17.9
2023-02-23,3296,17.6
2023-02-24,3296,17.6
2023-02-01,3297,18.45
2023-02-02,3297,18.65
2023-02-03,3297,18.2
2023-02-06,3297,19.05
2023-02-07,3297,18.65
2023-02-08,3297,18.65
2023-02-09,3297,18.95
2023-02-10,3297,18.15
2023-02-13,3297,18.45
2023-02-14,3297,18.4
2023-02-15,3297,18.3
2023-02-16,3297,18.55
2023-02-17,3297,18.5
2023-02-20,3297,18.65
2023-02-21,3297,18.65
2023-02-22,3297,18.25
2023-02-23,3297,18.25
2023-02-24,3297,17.85
2023-02-01,3303,21.81
2023-02-02,3303,21.89
2023-02-03,3303,21.77
2023-02-06,3303,21.77
2023-02-07,3303,21.89
2023-02-08,3303,22.36
2023-02-09,3303,22.73
2023-02-10,3303,22.52
2023-02-13,3303,22.23
2023-02-14,3303,22.23
2023-02-15,3303,22.31
2023-02-16,3303,22.31
2023-02-17,3303,22.4
2023-02-20,3303,22.61
2023-02-21,3303,22.99
2023-02-22,3303,22.95
2023-02-23,3303,22.99
2023-02-24,3303,22.82
2023-02-01,3305,44.63
2023-02-02,3305,44.63
2023-02-03,3305,45.13
2023-02-06,3305,44.86
2023-02-07,3305,44.23
2023-02-08,3305,44.09
2023-02-09,3305,43.23
2023-02-10,3305,42.74
2023-02-13,3305,41.43
2023-02-14,3305,43.23
2023-02-15,3305,42.29
2023-02-16,3305,42.74
2023-02-17,3305,43.59
2023-02-20,3305,43.41
2023-02-21,3305,43.87
2023-02-22,3305,43.1
2023-02-23,3305,44.09
2023-02-24,3305,43.91
2023-02-01,3306,22.03
2023-02-02,3306,22.28
2023-02-03,3306,22.28
2023-02-06,3306,22.23
2023-02-07,3306,23.01
2023-02-08,3306,23.15
2023-02-09,3306,22.91
2023-02-10,3306,22.47
2023-02-13,3306,22.32
2023-02-14,3306,22.86
2023-02-15,3306,23.35
2023-02-16,3306,23.59
2023-02-17,3306,23.59
2023-02-20,3306,23.4
2023-02-21,3306,23.35
2023-02-22,3306,23.01
2023-02-23,3306,23.06
2023-02-24,3306,23.01
2023-02-01,3308,15.81
2023-02-02,3308,16.2
2023-02-03,3308,16.2
2023-02-06,3308,17.82
2023-02-07,3308,17.54
2023-02-08,3308,17.54
2023-02-09,3308,17.37
2023-02-10,3308,16.93
2023-02-13,3308,17.04
2023-02-14,3308,16.98
2023-02-15,3308,16.76
2023-02-16,3308,16.65
2023-02-17,3308,16.59
2023-02-20,3308,16.76
2023-02-21,3308,16.7
2023-02-22,3308,16.59
2023-02-23,3308,17.09
2023-02-24,3308,16.93
2023-02-01,3310,43.8
2023-02-02,3310,43.71
2023-02-03,3310,43.71
2023-02-06,3310,44.03
2023-02-07,3310,44.97
2023-02-08,3310,45.24
2023-02-09,3310,45.77
2023-02-10,3310,47.65
2023-02-13,3310,47.12
2023-02-14,3310,46.4
2023-02-15,3310,48.64
2023-02-16,3310,48.19
2023-02-17,3310,48.01
2023-02-20,3310,48.64
2023-02-21,3310,49.09
2023-02-22,3310,51.15
2023-02-23,3310,51.24
2023-02-24,3310,52.76
2023-02-01,3311,30.19
2023-02-02,3311,30.02
2023-02-03,3311,29.8
2023-02-06,3311,29.8
2023-02-07,3311,29.76
2023-02-08,3311,30.06
2023-02-09,3311,29.98
2023-02-10,3311,29.89
2023-02-13,3311,29.67
2023-02-14,3311,29.76
2023-02-15,3311,29.76
2023-02-16,3311,29.76
2023-02-17,3311,29.8
2023-02-20,3311,29.89
2023-02-21,3311,30.02
2023-02-22,3311,29.8
2023-02-23,3311,29.98
2023-02-24,3311,30.19
2023-02-01,3312,16.32
2023-02-02,3312,16.36
2023-02-03,3312,16.27
2023-02-06,3312,16.27
2023-02-07,3312,16.23
2023-02-08,3312,16.32
2023-02-09,3312,16.32
2023-02-10,3312,16.23
2023-02-13,3312,15.96
2023-02-14,3312,16.09
2023-02-15,3312,16.0
2023-02-16,3312,16.18
2023-02-17,3312,16.23
2023-02-20,3312,16.41
2023-02-21,3312,16.41
2023-02-22,3312,16.27
2023-02-23,3312,16.41
2023-02-24,3312,16.41
2023-02-01,3313,10.03
2023-02-02,3313,9.93
2023-02-03,3313,9.84
2023-02-06,3313,9.79
2023-02-07,3313,9.89
2023-02-08,3313,9.79
2023-02-09,3313,9.74
2023-02-10,3313,9.79
2023-02-13,3313,9.89
2023-02-14,3313,9.93
2023-02-15,3313,9.79
2023-02-16,3313,9.84
2023-02-17,3313,9.89
2023-02-20,3313,9.89
2023-02-21,3313,9.89
2023-02-22,3313,9.93
2023-02-23,3313,10.12
2023-02-24,3313,10.41
2023-02-01,3317,42.54
2023-02-02,3317,43.36
2023-02-03,3317,42.99
2023-02-06,3317,42.47
2023-02-07,3317,43.29
2023-02-08,3317,43.73
2023-02-09,3317,43.36
2023-02-10,3317,42.32
2023-02-13,3317,42.17
2023-02-14,3317,42.62
2023-02-15,3317,42.32
2023-02-16,3317,43.58
2023-02-17,3317,43.88
2023-02-20,3317,43.88
2023-02-21,3317,43.66
2023-02-22,3317,42.84
2023-02-23,3317,43.29
2023-02-24,3317,42.76
2023-02-01,3321,19.09
2023-02-02,3321,19.07
2023-02-03,3321,18.96
2023-02-06,3321,18.73
2023-02-07,3321,18.75
2023-02-08,3321,18.83
2023-02-09,3321,18.64
2023-02-10,3321,18.61
2023-02-13,3321,18.56
2023-02-14,3321,18.61
2023-02-15,3321,18.96
2023-02-16,3321,18.96
2023-02-17,3321,18.9
2023-02-20,3321,19.07
2023-02-21,3321,17.77
2023-02-22,3321,17.58
2023-02-23,3321,17.68
2023-02-24,3321,17.56
2023-02-01,3322,18.52
2023-02-02,3322,18.52
2023-02-03,3322,20.03
2023-02-06,3322,20.27
2023-02-07,3322,19.79
2023-02-08,3322,19.42
2023-02-09,3322,19.61
2023-02-10,3322,19.32
2023-02-13,3322,19.13
2023-02-14,3322,19.04
2023-02-15,3322,19.09
2023-02-16,3322,19.32
2023-02-17,3322,19.32
2023-02-20,3322,19.75
2023-02-21,3322,20.08
2023-02-22,3322,19.79
2023-02-23,3322,19.79
2023-02-24,3322,19.65
2023-02-01,3323,31.6
2023-02-02,3323,32.8
2023-02-03,3323,32.89
2023-02-06,3323,32.15
2023-02-07,3323,32.34
2023-02-08,3323,32.48
2023-02-09,3323,32.43
2023-02-10,3323,32.29
2023-02-13,3323,31.92
2023-02-14,3323,31.97
2023-02-15,3323,32.15
2023-02-16,3323,32.48
2023-02-17,3323,32.48
2023-02-20,3323,32.57
2023-02-21,3323,32.71
2023-02-22,3323,32.52
2023-02-23,3323,32.71
2023-02-24,3323,32.61
2023-02-01,3324,150.88
2023-02-02,3324,153.26
2023-02-03,3324,151.83
2023-02-06,3324,155.65
2023-02-07,3324,157.56
2023-02-08,3324,156.13
2023-02-09,3324,153.74
2023-02-10,3324,150.4
2023-02-13,3324,150.88
2023-02-14,3324,161.86
2023-02-15,3324,160.43
2023-02-16,3324,162.81
2023-02-17,3324,162.81
2023-02-20,3324,160.43
2023-02-21,3324,157.56
2023-02-22,3324,151.83
2023-02-23,3324,151.83
2023-02-24,3324,153.74
2023-02-01,3325,13.0
2023-02-02,3325,13.4
2023-02-03,3325,13.75
2023-02-06,3325,13.8
2023-02-07,3325,13.75
2023-02-08,3325,13.7
2023-02-09,3325,13.55
2023-02-10,3325,13.5
2023-02-13,3325,13.4
2023-02-14,3325,13.55
2023-02-15,3325,13.45
2023-02-16,3325,13.55
2023-02-17,3325,14.0
2023-02-20,3325,13.95
2023-02-21,3325,13.95
2023-02-22,3325,13.85
2023-02-23,3325,13.9
2023-02-24,3325,13.85
2023-02-01,3332,37.35
2023-02-02,3332,37.39
2023-02-03,3332,36.85
2023-02-06,3332,36.52
2023-02-07,3332,36.71
2023-02-08,3332,36.8
2023-02-09,3332,40.46
2023-02-10,3332,42.02
2023-02-13,3332,42.2
2023-02-14,3332,41.01
2023-02-15,3332,41.19
2023-02-16,3332,41.33
2023-02-17,3332,41.79
2023-02-20,3332,43.02
2023-02-21,3332,42.47
2023-02-22,3332,42.11
2023-02-23,3332,43.39
2023-02-24,3332,43.16
2023-02-01,3338,30.55
2023-02-02,3338,30.86
2023-02-03,3338,30.77
2023-02-06,3338,30.5
2023-02-07,3338,31.04
2023-02-08,3338,31.04
2023-02-09,3338,30.59
2023-02-10,3338,30.05
2023-02-13,3338,29.83
2023-02-14,3338,30.5
2023-02-15,3338,31.49
2023-02-16,3338,31.63
2023-02-17,3338,32.3
2023-02-20,3338,32.84
2023-02-21,3338,32.66
2023-02-22,3338,32.03
2023-02-23,3338,32.57
2023-02-24,3338,31.99
2023-02-01,3339,12.65
2023-02-02,3339,12.65
2023-02-03,3339,12.65
2023-02-06,3339,12.65
2023-02-07,3339,12.75
2023-02-08,3339,12.6
2023-02-09,3339,12.55
2023-02-10,3339,12.55
2023-02-13,3339,12.55
2023-02-14,3339,12.6
2023-02-15,3339,12.5
2023-02-16,3339,12.5
2023-02-17,3339,12.55
2023-02-20,3339,13.05
2023-02-21,3339,13.05
2023-02-22,3339,12.95
2023-02-23,3339,12.9
2023-02-24,3339,13.05
2023-02-01,3346,36.75
2023-02-02,3346,36.7
2023-02-03,3346,36.65
2023-02-06,3346,36.6
2023-02-07,3346,36.51
2023-02-08,3346,36.46
2023-02-09,3346,36.7
2023-02-10,3346,35.09
2023-02-13,3346,34.8
2023-02-14,3346,34.9
2023-02-15,3346,34.85
2023-02-16,3346,35.23
2023-02-17,3346,35.94
2023-02-20,3346,37.74
2023-02-21,3346,37.12
2023-02-22,3346,37.08
2023-02-23,3346,36.79
2023-02-24,3346,36.41
2023-02-01,3349,12.92
2023-02-02,3349,12.92
2023-02-03,3349,13.02
2023-02-06,3349,13.02
2023-02-07,3349,13.07
2023-02-08,3349,13.32
2023-02-09,3349,13.57
2023-02-10,3349,13.77
2023-02-13,3349,13.27
2023-02-14,3349,13.32
2023-02-15,3349,13.32
2023-02-16,3349,13.32
2023-02-17,3349,13.27
2023-02-20,3349,13.42
2023-02-21,3349,13.57
2023-02-22,3349,13.42
2023-02-23,3349,13.82
2023-02-01,3354,13.14
2023-02-02,3354,13.23
2023-02-03,3354,13.18
2023-02-06,3354,13.33
2023-02-07,3354,13.33
2023-02-08,3354,13.43
2023-02-09,3354,13.38
2023-02-10,3354,13.09
2023-02-13,3354,13.04
2023-02-14,3354,13.18
2023-02-15,3354,13.18
2023-02-16,3354,13.23
2023-02-17,3354,13.28
2023-02-20,3354,13.43
2023-02-21,3354,13.43
2023-02-22,3354,13.81
2023-02-23,3354,13.91
2023-02-24,3354,13.67
2023-02-01,3356,40.46
2023-02-02,3356,40.97
2023-02-03,3356,40.0
2023-02-06,3356,41.08
2023-02-07,3356,40.87
2023-02-08,3356,40.51
2023-02-09,3356,42.19
2023-02-10,3356,40.67
2023-02-13,3356,40.82
2023-02-14,3356,40.46
2023-02-15,3356,40.62
2023-02-16,3356,41.23
2023-02-17,3356,41.12
2023-02-20,3356,42.25
2023-02-21,3356,41.69
2023-02-22,3356,41.03
2023-02-23,3356,41.12
2023-02-24,3356,40.15
2023-02-01,3357,82.27
2023-02-02,3357,83.66
2023-02-03,3357,82.09
2023-02-06,3357,81.92
2023-02-07,3357,82.01
2023-02-08,3357,90.1
2023-02-09,3357,86.62
2023-02-10,3357,88.8
2023-02-13,3357,85.4
2023-02-14,3357,86.45
2023-02-15,3357,86.36
2023-02-16,3357,90.97
2023-02-17,3357,94.89
2023-02-20,3357,93.59
2023-02-21,3357,98.37
2023-02-22,3357,100.12
2023-02-23,3357,101.42
2023-02-24,3357,98.81
2023-02-01,3360,13.29
2023-02-02,3360,13.44
2023-02-03,3360,13.25
2023-02-06,3360,13.1
2023-02-07,3360,13.06
2023-02-08,3360,13.06
2023-02-09,3360,13.06
2023-02-10,3360,12.96
2023-02-13,3360,13.15
2023-02-14,3360,13.2
2023-02-15,3360,13.2
2023-02-16,3360,13.15
2023-02-17,3360,13.15
2023-02-20,3360,13.25
2023-02-21,3360,13.34
2023-02-22,3360,13.2
2023-02-23,3360,13.34
2023-02-24,3360,13.39
2023-02-01,3362,72.05
2023-02-02,3362,75.71
2023-02-03,3362,75.71
2023-02-06,3362,75.22
2023-02-07,3362,77.89
2023-02-08,3362,77.2
2023-02-09,3362,77.89
2023-02-10,3362,77.3
2023-02-13,3362,76.9
2023-02-14,3362,77.3
2023-02-15,3362,76.31
2023-02-16,3362,77.49
2023-02-17,3362,77.4
2023-02-20,3362,78.68
2023-02-21,3362,86.5
2023-02-22,3362,81.95
2023-02-23,3362,82.25
2023-02-24,3362,82.44
2023-02-01,3363,22.25
2023-02-02,3363,22.96
2023-02-03,3363,22.91
2023-02-06,3363,22.82
2023-02-07,3363,22.82
2023-02-08,3363,22.91
2023-02-09,3363,22.67
2023-02-10,3363,22.58
2023-02-13,3363,22.77
2023-02-14,3363,22.86
2023-02-15,3363,22.67
2023-02-16,3363,22.82
2023-02-17,3363,22.77
2023-02-20,3363,23.2
2023-02-21,3363,23.1
2023-02-22,3363,22.96
2023-02-23,3363,23.15
2023-02-24,3363,23.05
2023-02-01,3372,11.33
2023-02-02,3372,11.47
2023-02-03,3372,11.38
2023-02-06,3372,11.62
2023-02-07,3372,11.42
2023-02-08,3372,11.38
2023-02-09,3372,11.47
2023-02-10,3372,11.42
2023-02-13,3372,11.38
2023-02-14,3372,11.33
2023-02-15,3372,11.28
2023-02-16,3372,11.42
2023-02-17,3372,11.62
2023-02-20,3372,11.62
2023-02-21,3372,11.62
2023-02-22,3372,11.57
2023-02-23,3372,11.62
2023-02-24,3372,11.57
2023-02-01,3373,24.84
2023-02-02,3373,25.08
2023-02-03,3373,24.61
2023-02-06,3373,24.89
2023-02-07,3373,24.66
2023-02-08,3373,24.52
2023-02-09,3373,24.37
2023-02-10,3373,24.19
2023-02-13,3373,23.81
2023-02-14,3373,23.76
2023-02-15,3373,23.72
2023-02-16,3373,23.81
2023-02-17,3373,23.9
2023-02-20,3373,23.9
2023-02-21,3373,24.14
2023-02-22,3373,24.04
2023-02-23,3373,24.42
2023-02-24,3373,24.42
2023-02-01,3374,101.96
2023-02-02,3374,103.38
2023-02-03,3374,101.96
2023-02-06,3374,101.49
2023-02-07,3374,102.43
2023-02-08,3374,102.91
2023-02-09,3374,103.86
2023-02-10,3374,101.49
2023-02-13,3374,100.06
2023-02-14,3374,100.54
2023-02-15,3374,98.64
2023-02-16,3374,101.01
2023-02-17,3374,98.64
2023-02-20,3374,98.64
2023-02-21,3374,98.64
2023-02-22,3374,96.27
2023-02-23,3374,98.17
2023-02-24,3374,97.69
2023-02-01,3376,76.68
2023-02-02,3376,77.86
2023-02-03,3376,77.68
2023-02-06,3376,77.41
2023-02-07,3376,78.59
2023-02-08,3376,78.5
2023-02-09,3376,78.68
2023-02-10,3376,77.59
2023-02-13,3376,77.13
2023-02-14,3376,78.5
2023-02-15,3376,77.31
2023-02-16,3376,77.59
2023-02-17,3376,82.04
2023-02-20,3376,81.13
2023-02-21,3376,81.49
2023-02-22,3376,81.77
2023-02-23,3376,81.31
2023-02-24,3376,80.86
2023-02-01,3379,11.89
2023-02-02,3379,11.85
2023-02-03,3379,11.85
2023-02-06,3379,11.85
2023-02-07,3379,11.85
2023-02-08,3379,11.89
2023-02-09,3379,11.89
2023-02-10,3379,11.85
2023-02-13,3379,11.75
2023-02-14,3379,11.75
2023-02-15,3379,11.7
2023-02-16,3379,11.8
2023-02-17,3379,11.75
2023-02-20,3379,11.8
2023-02-21,3379,11.8
2023-02-22,3379,11.75
2023-02-23,3379,11.85
2023-02-24,3379,11.94
2023-02-01,3380,27.71
2023-02-02,3380,28.25
2023-02-03,3380,27.76
2023-02-06,3380,27.98
2023-02-07,3380,27.98
2023-02-08,3380,27.98
2023-02-09,3380,27.8
2023-02-10,3380,27.3
2023-02-13,3380,27.94
2023-02-14,3380,27.76
2023-02-15,3380,27.94
2023-02-16,3380,28.03
2023-02-17,3380,28.57
2023-02-20,3380,28.66
2023-02-21,3380,28.75
2023-02-22,3380,28.84
2023-02-23,3380,29.38
2023-02-24,3380,29.38
2023-02-01,3388,63.33
2023-02-02,3388,63.93
2023-02-03,3388,64.27
2023-02-06,3388,64.36
2023-02-07,3388,64.53
2023-02-08,3388,64.27
2023-02-09,3388,64.19
2023-02-10,3388,63.67
2023-02-13,3388,63.42
2023-02-14,3388,64.01
2023-02-15,3388,63.76
2023-02-16,3388,64.1
2023-02-17,3388,64.1
2023-02-20,3388,63.76
2023-02-21,3388,64.53
2023-02-22,3388,64.01
2023-02-23,3388,64.1
2023-02-24,3388,64.01
2023-02-01,3390,16.45
2023-02-02,3390,16.58
2023-02-03,3390,16.54
2023-02-06,3390,16.4
2023-02-07,3390,16.58
2023-02-08,3390,16.72
2023-02-09,3390,16.9
2023-02-10,3390,16.54
2023-02-13,3390,16.58
2023-02-14,3390,16.86
2023-02-15,3390,17.0
2023-02-16,3390,17.18
2023-02-17,3390,17.27
2023-02-20,3390,17.64
2023-02-21,3390,17.73
2023-02-22,3390,17.45
2023-02-23,3390,17.91
2023-02-24,3390,17.64
2023-02-01,3402,40.58
2023-02-02,3402,40.76
2023-02-03,3402,40.58
2023-02-06,3402,40.32
2023-02-07,3402,40.32
2023-02-08,3402,40.41
2023-02-09,3402,40.67
2023-02-10,3402,40.49
2023-02-13,3402,40.36
2023-02-14,3402,40.54
2023-02-15,3402,40.45
2023-02-16,3402,40.58
2023-02-17,3402,40.67
2023-02-20,3402,41.78
2023-02-21,3402,41.86
2023-02-22,3402,41.42
2023-02-23,3402,41.51
2023-02-24,3402,41.6
2023-02-01,3406,339.99
2023-02-02,3406,345.45
2023-02-03,3406,343.63
2023-02-06,3406,339.54
2023-02-07,3406,342.72
2023-02-08,3406,346.35
2023-02-09,3406,339.99
2023-02-10,3406,338.63
2023-02-13,3406,336.81
2023-02-14,3406,352.72
2023-02-15,3406,356.35
2023-02-16,3406,355.9
2023-02-17,3406,352.26
2023-02-20,3406,353.63
2023-02-21,3406,358.63
2023-02-22,3406,355.45
2023-02-23,3406,357.26
2023-02-24,3406,353.63
2023-02-01,3413,167.0
2023-02-02,3413,168.71
2023-02-03,3413,167.0
2023-02-06,3413,167.86
2023-02-07,3413,170.0
2023-02-08,3413,173.42
2023-02-09,3413,171.71
2023-02-10,3413,170.86
2023-02-13,3413,174.71
2023-02-14,3413,173.0
2023-02-15,3413,172.57
2023-02-16,3413,174.28
2023-02-17,3413,172.57
2023-02-20,3413,173.0
2023-02-21,3413,174.71
2023-02-22,3413,171.28
2023-02-23,3413,175.14
2023-02-24,3413,177.71
2023-02-01,3416,74.96
2023-02-02,3416,74.96
2023-02-03,3416,75.14
2023-02-06,3416,75.05
2023-02-07,3416,74.96
2023-02-08,3416,76.03
2023-02-09,3416,76.12
2023-02-10,3416,76.3
2023-02-13,3416,76.39
2023-02-14,3416,76.56
2023-02-15,3416,76.56
2023-02-16,3416,76.56
2023-02-17,3416,76.65
2023-02-20,3416,84.31
2023-02-21,3416,82.17
2023-02-22,3416,84.76
2023-02-23,3416,84.4
2023-02-24,3416,85.02
2023-02-01,3419,17.66
2023-02-02,3419,18.05
2023-02-03,3419,17.76
2023-02-06,3419,18.0
2023-02-07,3419,18.05
2023-02-08,3419,18.05
2023-02-09,3419,17.95
2023-02-10,3419,17.66
2023-02-13,3419,18.2
2023-02-14,3419,18.75
2023-02-15,3419,18.7
2023-02-16,3419,18.6
2023-02-17,3419,18.45
2023-02-20,3419,18.7
2023-02-21,3419,18.89
2023-02-22,3419,19.88
2023-02-23,3419,19.64
2023-02-24,3419,19.44
2023-02-06,3426,32.41
2023-02-09,3426,32.25
2023-02-13,3426,32.2
2023-02-14,3426,32.33
2023-02-15,3426,32.41
2023-02-17,3426,32.5
2023-02-20,3426,32.5
2023-02-21,3426,32.29
2023-02-22,3426,32.37
2023-02-23,3426,32.25
2023-02-24,3426,32.41
2023-02-01,3430,40.15
2023-02-02,3430,40.76
2023-02-03,3430,40.59
2023-02-06,3430,39.81
2023-02-07,3430,40.67
2023-02-08,3430,40.97
2023-02-09,3430,41.02
2023-02-10,3430,40.59
2023-02-13,3430,39.9
2023-02-14,3430,39.9
2023-02-15,3430,39.68
2023-02-16,3430,39.68
2023-02-17,3430,39.55
2023-02-20,3430,39.55
2023-02-21,3430,41.19
2023-02-22,3430,41.88
2023-02-23,3430,41.71
2023-02-24,3430,41.1
2023-02-01,3432,35.77
2023-02-02,3432,36.05
2023-02-03,3432,36.51
2023-02-06,3432,35.59
2023-02-07,3432,35.5
2023-02-08,3432,35.68
2023-02-09,3432,35.68
2023-02-10,3432,34.67
2023-02-13,3432,33.65
2023-02-14,3432,34.11
2023-02-15,3432,34.02
2023-02-16,3432,34.3
2023-02-17,3432,34.48
2023-02-20,3432,34.57
2023-02-21,3432,33.83
2023-02-22,3432,35.77
2023-02-23,3432,35.68
2023-02-24,3432,34.94
2023-02-01,3434,21.41
2023-02-02,3434,21.54
2023-02-03,3434,21.16
2023-02-06,3434,21.33
2023-02-07,3434,21.24
2023-02-08,3434,21.11
2023-02-09,3434,21.41
2023-02-10,3434,20.82
2023-02-13,3434,20.61
2023-02-14,3434,20.78
2023-02-15,3434,20.52
2023-02-16,3434,20.73
2023-02-17,3434,20.69
2023-02-20,3434,21.03
2023-02-21,3434,21.24
2023-02-22,3434,20.82
2023-02-23,3434,20.86
2023-02-24,3434,20.69
2023-02-01,3437,17.55
2023-02-02,3437,17.9
2023-02-03,3437,18.4
2023-02-06,3437,18.75
2023-02-07,3437,18.6
2023-02-08,3437,18.5
2023-02-09,3437,18.2
2023-02-10,3437,18.1
2023-02-13,3437,18.3
2023-02-14,3437,18.45
2023-02-15,3437,18.2
2023-02-16,3437,18.3
2023-02-17,3437,18.4
2023-02-20,3437,18.5
2023-02-21,3437,18.55
2023-02-22,3437,18.35
2023-02-23,3437,18.65
2023-02-24,3437,19.0
2023-02-01,3438,52.55
2023-02-02,3438,54.81
2023-02-03,3438,53.59
2023-02-06,3438,53.59
2023-02-07,3438,52.46
2023-02-08,3438,54.53
2023-02-09,3438,53.21
2023-02-10,3438,55.1
2023-02-13,3438,53.4
2023-02-14,3438,58.68
2023-02-15,3438,55.19
2023-02-16,3438,56.89
2023-02-17,3438,56.51
2023-02-20,3438,56.42
2023-02-21,3438,56.23
2023-02-22,3438,54.72
2023-02-23,3438,55.95
2023-02-24,3438,55.1
2023-02-01,3441,38.04
2023-02-02,3441,39.07
2023-02-03,3441,38.7
2023-02-06,3441,39.11
2023-02-07,3441,38.84
2023-02-08,3441,39.11
2023-02-09,3441,38.93
2023-02-10,3441,37.9
2023-02-13,3441,38.65
2023-02-14,3441,38.6
2023-02-15,3441,38.93
2023-02-16,3441,38.88
2023-02-17,3441,39.02
2023-02-20,3441,39.3
2023-02-21,3441,40.42
2023-02-22,3441,38.37
2023-02-23,3441,38.32
2023-02-24,3441,37.34
2023-02-01,3443,760.07
2023-02-02,3443,835.49
2023-02-03,3443,831.63
2023-02-06,3443,771.67
2023-02-07,3443,813.25
2023-02-08,3443,894.48
2023-02-09,3443,889.65
2023-02-10,3443,879.98
2023-02-13,3443,868.37
2023-02-14,3443,880.94
2023-02-15,3443,895.45
2023-02-16,3443,926.39
2023-02-17,3443,943.8
2023-02-20,3443,962.17
2023-02-21,3443,1000.85
2023-02-22,3443,981.51
2023-02-23,3443,1078.21
2023-02-24,3443,1121.73
2023-02-01,3444,55.16
2023-02-02,3444,55.43
2023-02-03,3444,53.92
2023-02-06,3444,58.09
2023-02-07,3444,58.72
2023-02-08,3444,62.89
2023-02-09,3444,60.56
2023-02-10,3444,57.71
2023-02-13,3444,56.7
2023-02-14,3444,56.6
2023-02-15,3444,55.78
2023-02-16,3444,56.05
2023-02-17,3444,56.33
2023-02-20,3444,57.52
2023-02-21,3444,59.64
2023-02-22,3444,59.09
2023-02-23,3444,58.63
2023-02-24,3444,57.62
2023-02-01,3447,46.22
2023-02-02,3447,45.57
2023-02-03,3447,45.0
2023-02-06,3447,45.19
2023-02-07,3447,44.63
2023-02-08,3447,44.72
2023-02-09,3447,46.74
2023-02-10,3447,44.4
2023-02-13,3447,44.02
2023-02-14,3447,42.57
2023-02-15,3447,42.8
2023-02-16,3447,43.88
2023-02-17,3447,44.11
2023-02-20,3447,43.6
2023-02-21,3447,42.94
2023-02-22,3447,42.8
2023-02-23,3447,43.97
2023-02-24,3447,43.13
2023-02-01,3450,39.67
2023-02-02,3450,39.97
2023-02-03,3450,39.47
2023-02-06,3450,41.39
2023-02-07,3450,41.0
2023-02-08,3450,40.7
2023-02-09,3450,40.65
2023-02-10,3450,39.37
2023-02-13,3450,39.97
2023-02-14,3450,40.8
2023-02-15,3450,40.85
2023-02-16,3450,40.95
2023-02-17,3450,40.61
2023-02-20,3450,41.0
2023-02-21,3450,40.85
2023-02-22,3450,40.11
2023-02-23,3450,40.56
2023-02-24,3450,40.06
2023-02-01,3454,203.49
2023-02-02,3454,205.85
2023-02-03,3454,197.35
2023-02-06,3454,205.85
2023-02-07,3454,209.63
2023-02-08,3454,211.99
2023-02-09,3454,232.76
2023-02-10,3454,232.76
2023-02-13,3454,226.62
2023-02-14,3454,220.96
2023-02-15,3454,221.9
2023-02-16,3454,227.1
2023-02-17,3454,225.68
2023-02-20,3454,227.57
2023-02-21,3454,233.23
2023-02-22,3454,214.82
2023-02-23,3454,218.13
2023-02-24,3454,219.54
2023-02-01,3455,72.08
2023-02-02,3455,72.16
2023-02-03,3455,71.43
2023-02-06,3455,71.43
2023-02-07,3455,72.24
2023-02-08,3455,72.4
2023-02-09,3455,72.73
2023-02-10,3455,71.43
2023-02-13,3455,69.57
2023-02-14,3455,70.05
2023-02-15,3455,70.05
2023-02-16,3455,70.54
2023-02-17,3455,71.35
2023-02-20,3455,72.48
2023-02-21,3455,72.97
2023-02-22,3455,73.13
2023-02-23,3455,74.02
2023-02-24,3455,73.38
2023-02-01,3465,95.96
2023-02-02,3465,93.25
2023-02-03,3465,93.25
2023-02-06,3465,90.08
2023-02-07,3465,89.35
2023-02-08,3465,90.35
2023-02-09,3465,88.27
2023-02-10,3465,87.81
2023-02-13,3465,87.27
2023-02-14,3465,88.45
2023-02-15,3465,90.53
2023-02-16,3465,90.53
2023-02-17,3465,88.72
2023-02-20,3465,87.9
2023-02-21,3465,86.91
2023-02-22,3465,86.55
2023-02-23,3465,86.0
2023-02-24,3465,86.27
2023-02-01,3466,31.15
2023-02-02,3466,31.73
2023-02-03,3466,32.4
2023-02-06,3466,31.73
2023-02-07,3466,30.95
2023-02-08,3466,30.13
2023-02-09,3466,30.13
2023-02-10,3466,29.89
2023-02-13,3466,30.38
2023-02-14,3466,30.76
2023-02-15,3466,30.42
2023-02-16,3466,29.94
2023-02-17,3466,28.93
2023-02-20,3466,28.3
2023-02-21,3466,28.35
2023-02-22,3466,27.82
2023-02-23,3466,28.59
2023-02-24,3466,27.34
2023-02-01,3479,71.76
2023-02-02,3479,71.15
2023-02-03,3479,70.21
2023-02-06,3479,69.17
2023-02-07,3479,72.53
2023-02-08,3479,73.74
2023-02-09,3479,81.06
2023-02-10,3479,74.77
2023-02-13,3479,72.53
2023-02-14,3479,73.48
2023-02-15,3479,74.51
2023-02-16,3479,75.46
2023-02-17,3479,76.49
2023-02-20,3479,76.24
2023-02-21,3479,75.63
2023-02-22,3479,74.77
2023-02-23,3479,75.63
2023-02-24,3479,74.0
2023-02-01,3481,11.95
2023-02-02,3481,12.05
2023-02-03,3481,11.86
2023-02-06,3481,11.95
2023-02-07,3481,12.29
2023-02-08,3481,12.83
2023-02-09,3481,12.78
2023-02-10,3481,12.44
2023-02-13,3481,12.29
2023-02-14,3481,12.69
2023-02-15,3481,12.89
2023-02-16,3481,13.38
2023-02-17,3481,13.87
2023-02-20,3481,14.56
2023-02-21,3481,14.56
2023-02-22,3481,14.8
2023-02-23,3481,14.46
2023-02-24,3481,14.46
2023-02-01,3483,55.08
2023-02-02,3483,54.34
2023-02-03,3483,54.89
2023-02-06,3483,54.71
2023-02-07,3483,54.89
2023-02-08,3483,54.71
2023-02-09,3483,57.02
2023-02-10,3483,55.63
2023-02-13,3483,54.89
2023-02-14,3483,56.19
2023-02-15,3483,56.56
2023-02-16,3483,59.42
2023-02-17,3483,59.51
2023-02-20,3483,59.33
2023-02-21,3483,58.96
2023-02-22,3483,58.03
2023-02-23,3483,58.4
2023-02-24,3483,57.85
2023-02-01,3484,41.86
2023-02-02,3484,42.5
2023-02-03,3484,42.27
2023-02-06,3484,42.36
2023-02-07,3484,43.22
2023-02-08,3484,42.95
2023-02-09,3484,41.77
2023-02-10,3484,41.5
2023-02-13,3484,41.14
2023-02-14,3484,41.77
2023-02-15,3484,41.68
2023-02-16,3484,41.95
2023-02-17,3484,42.27
2023-02-20,3484,43.27
2023-02-21,3484,43.95
2023-02-22,3484,43.88
2023-02-23,3484,44.21
2023-02-24,3484,43.42
2023-02-01,3489,9.6
2023-02-02,3489,9.6
2023-02-03,3489,9.55
2023-02-06,3489,9.55
2023-02-07,3489,9.55
2023-02-08,3489,9.79
2023-02-09,3489,9.88
2023-02-10,3489,9.65
2023-02-13,3489,9.69
2023-02-14,3489,9.79
2023-02-15,3489,9.69
2023-02-16,3489,9.69
2023-02-17,3489,9.74
2023-02-20,3489,9.74
2023-02-21,3489,9.79
2023-02-22,3489,9.74
2023-02-23,3489,9.93
2023-02-24,3489,9.83
2023-02-01,3490,21.87
2023-02-02,3490,22.0
2023-02-03,3490,21.87
2023-02-06,3490,22.14
2023-02-07,3490,21.92
2023-02-08,3490,22.27
2023-02-09,3490,22.27
2023-02-10,3490,21.65
2023-02-13,3490,21.78
2023-02-14,3490,21.74
2023-02-15,3490,21.83
2023-02-16,3490,22.14
2023-02-17,3490,22.14
2023-02-20,3490,22.4
2023-02-21,3490,22.53
2023-02-22,3490,22.44
2023-02-23,3490,22.53
2023-02-24,3490,22.53
2023-02-01,3491,134.87
2023-02-02,3491,138.24
2023-02-03,3491,134.38
2023-02-06,3491,134.87
2023-02-07,3491,136.31
2023-02-08,3491,137.27
2023-02-09,3491,133.42
2023-02-10,3491,131.01
2023-02-13,3491,138.24
2023-02-14,3491,135.35
2023-02-15,3491,134.38
2023-02-16,3491,137.76
2023-02-17,3491,138.24
2023-02-20,3491,137.76
2023-02-21,3491,139.2
2023-02-22,3491,137.27
2023-02-23,3491,140.65
2023-02-24,3491,144.02
2023-02-01,3492,16.78
2023-02-02,3492,17.09
2023-02-03,3492,17.41
2023-02-06,3492,17.14
2023-02-07,3492,17.45
2023-02-08,3492,17.32
2023-02-09,3492,17.41
2023-02-10,3492,16.91
2023-02-13,3492,16.91
2023-02-14,3492,17.05
2023-02-15,3492,16.87
2023-02-16,3492,17.0
2023-02-17,3492,17.18
2023-02-20,3492,17.36
2023-02-21,3492,17.09
2023-02-22,3492,16.96
2023-02-23,3492,17.18
2023-02-24,3492,17.27
2023-02-01,3494,50.4
2023-02-02,3494,50.64
2023-02-03,3494,49.92
2023-02-06,3494,49.68
2023-02-07,3494,48.97
2023-02-08,3494,49.44
2023-02-09,3494,48.97
2023-02-10,3494,53.74
2023-02-13,3494,57.09
2023-02-14,3494,54.94
2023-02-15,3494,55.41
2023-02-16,3494,54.7
2023-02-17,3494,53.98
2023-02-20,3494,53.74
2023-02-21,3494,57.09
2023-02-22,3494,55.41
2023-02-23,3494,55.18
2023-02-24,3494,53.74
2023-02-01,3498,36.91
2023-02-02,3498,36.77
2023-02-03,3498,36.43
2023-02-06,3498,36.62
2023-02-07,3498,37.87
2023-02-08,3498,37.68
2023-02-09,3498,38.16
2023-02-10,3498,36.48
2023-02-13,3498,32.88
2023-02-14,3498,32.5
2023-02-15,3498,32.07
2023-02-16,3498,32.64
2023-02-17,3498,32.21
2023-02-20,3498,32.74
2023-02-21,3498,32.98
2023-02-22,3498,32.69
2023-02-23,3498,32.45
2023-02-24,3498,32.31
2023-02-01,3499,18.9
2023-02-02,3499,19.1
2023-02-03,3499,18.95
2023-02-06,3499,18.8
2023-02-07,3499,18.85
2023-02-08,3499,18.85
2023-02-09,3499,18.85
2023-02-10,3499,18.05
2023-02-13,3499,18.0
2023-02-14,3499,18.05
2023-02-15,3499,17.9
2023-02-16,3499,18.2
2023-02-17,3499,18.25
2023-02-20,3499,18.25
2023-02-21,3499,18.6
2023-02-22,3499,19.05
2023-02-23,3499,18.7
2023-02-24,3499,18.3
2023-02-01,3501,44.6
2023-02-02,3501,44.78
2023-02-03,3501,44.6
2023-02-06,3501,44.34
2023-02-07,3501,44.51
2023-02-08,3501,44.6
2023-02-09,3501,44.42
2023-02-10,3501,44.16
2023-02-13,3501,43.98
2023-02-14,3501,44.25
2023-02-15,3501,44.38
2023-02-16,3501,44.42
2023-02-17,3501,44.25
2023-02-20,3501,44.87
2023-02-21,3501,45.31
2023-02-22,3501,45.31
2023-02-23,3501,45.49
2023-02-24,3501,45.22
2023-02-01,3504,86.2
2023-02-02,3504,89.9
2023-02-03,3504,88.3
2023-02-06,3504,88.5
2023-02-07,3504,87.4
2023-02-08,3504,87.1
2023-02-09,3504,87.9
2023-02-10,3504,85.5
2023-02-13,3504,83.6
2023-02-14,3504,83.4
2023-02-15,3504,82.3
2023-02-16,3504,83.5
2023-02-17,3504,82.6
2023-02-20,3504,85.0
2023-02-21,3504,87.6
2023-02-22,3504,84.2
2023-02-23,3504,84.4
2023-02-24,3504,83.1
2023-02-01,3508,37.05
2023-02-02,3508,40.75
2023-02-03,3508,39.45
2023-02-06,3508,40.0
2023-02-07,3508,38.9
2023-02-08,3508,39.05
2023-02-09,3508,39.15
2023-02-10,3508,38.5
2023-02-13,3508,38.0
2023-02-14,3508,37.8
2023-02-15,3508,37.55
2023-02-16,3508,38.4
2023-02-17,3508,38.3
2023-02-20,3508,39.1
2023-02-21,3508,39.2
2023-02-22,3508,38.6
2023-02-23,3508,40.05
2023-02-24,3508,39.35
2023-02-01,3511,31.66
2023-02-02,3511,31.89
2023-02-03,3511,31.66
2023-02-06,3511,31.38
2023-02-07,3511,31.56
2023-02-08,3511,31.89
2023-02-09,3511,31.47
2023-02-10,3511,30.77
2023-02-13,3511,30.96
2023-02-14,3511,32.49
2023-02-15,3511,32.03
2023-02-16,3511,32.49
2023-02-17,3511,32.63
2023-02-20,3511,32.73
2023-02-21,3511,32.59
2023-02-22,3511,33.1
2023-02-23,3511,33.14
2023-02-24,3511,32.96
2023-02-01,3512,22.2
2023-02-02,3512,22.24
2023-02-03,3512,22.24
2023-02-06,3512,22.2
2023-02-07,3512,22.32
2023-02-08,3512,22.16
2023-02-09,3512,22.2
2023-02-10,3512,22.24
2023-02-13,3512,22.32
2023-02-14,3512,22.4
2023-02-15,3512,22.4
2023-02-16,3512,22.36
2023-02-17,3512,22.36
2023-02-20,3512,22.28
2023-02-21,3512,22.86
2023-02-22,3512,22.55
2023-02-23,3512,22.51
2023-02-24,3512,22.55
2023-02-01,3515,139.26
2023-02-02,3515,138.8
2023-02-03,3515,134.68
2023-02-06,3515,136.51
2023-02-07,3515,139.71
2023-02-08,3515,139.26
2023-02-09,3515,138.34
2023-02-10,3515,135.59
2023-02-13,3515,136.51
2023-02-14,3515,136.51
2023-02-15,3515,134.68
2023-02-16,3515,137.42
2023-02-17,3515,137.88
2023-02-20,3515,141.09
2023-02-21,3515,140.17
2023-02-22,3515,140.17
2023-02-23,3515,153.92
2023-02-24,3515,145.21
2023-02-01,3516,15.09
2023-02-02,3516,14.95
2023-02-03,3516,15.04
2023-02-06,3516,15.04
2023-02-07,3516,15.09
2023-02-08,3516,15.18
2023-02-09,3516,14.77
2023-02-10,3516,14.81
2023-02-13,3516,14.77
2023-02-15,3516,14.54
2023-02-16,3516,14.58
2023-02-17,3516,14.72
2023-02-20,3516,14.72
2023-02-21,3516,14.68
2023-02-22,3516,14.68
2023-02-23,3516,14.81
2023-02-24,3516,14.77
2023-02-01,3518,20.28
2023-02-02,3518,20.33
2023-02-03,3518,20.66
2023-02-06,3518,20.62
2023-02-07,3518,20.57
2023-02-08,3518,21.57
2023-02-09,3518,21.38
2023-02-10,3518,20.95
2023-02-13,3518,20.66
2023-02-14,3518,20.62
2023-02-15,3518,20.52
2023-02-16,3518,20.62
2023-02-17,3518,20.62
2023-02-20,3518,20.47
2023-02-21,3518,20.42
2023-02-22,3518,20.38
2023-02-23,3518,20.57
2023-02-24,3518,20.62
2023-02-01,3520,19.27
2023-02-02,3520,19.66
2023-02-03,3520,19.37
2023-02-06,3520,19.66
2023-02-07,3520,19.27
2023-02-08,3520,20.79
2023-02-09,3520,20.35
2023-02-10,3520,20.06
2023-02-13,3520,19.37
2023-02-14,3520,19.17
2023-02-15,3520,19.47
2023-02-16,3520,19.42
2023-02-17,3520,19.52
2023-02-20,3520,19.76
2023-02-21,3520,20.98
2023-02-22,3520,21.67
2023-02-23,3520,21.43
2023-02-24,3520,21.33
2023-02-01,3521,21.15
2023-02-02,3521,21.65
2023-02-03,3521,21.8
2023-02-06,3521,21.85
2023-02-07,3521,22.0
2023-02-08,3521,21.7
2023-02-09,3521,21.7
2023-02-10,3521,22.6
2023-02-13,3521,22.0
2023-02-14,3521,23.25
2023-02-15,3521,23.3
2023-02-16,3521,23.25
2023-02-17,3521,23.75
2023-02-20,3521,23.65
2023-02-21,3521,23.45
2023-02-22,3521,23.25
2023-02-23,3521,23.3
2023-02-24,3521,22.75
2023-02-01,3522,10.2
2023-02-02,3522,10.1
2023-02-03,3522,10.01
2023-02-06,3522,9.87
2023-02-07,3522,9.82
2023-02-08,3522,9.72
2023-02-09,3522,9.82
2023-02-10,3522,9.63
2023-02-13,3522,9.63
2023-02-14,3522,10.2
2023-02-15,3522,10.57
2023-02-16,3522,10.48
2023-02-17,3522,10.57
2023-02-20,3522,10.76
2023-02-21,3522,10.57
2023-02-22,3522,10.76
2023-02-23,3522,11.75
2023-02-24,3522,11.56
2023-02-01,3523,18.75
2023-02-02,3523,18.9
2023-02-03,3523,19.0
2023-02-06,3523,18.95
2023-02-07,3523,18.95
2023-02-09,3523,18.65
2023-02-10,3523,18.4
2023-02-13,3523,18.15
2023-02-14,3523,18.85
2023-02-15,3523,19.0
2023-02-16,3523,18.9
2023-02-17,3523,19.0
2023-02-20,3523,19.2
2023-02-21,3523,18.95
2023-02-22,3523,19.0
2023-02-23,3523,19.25
2023-02-24,3523,19.25
2023-02-01,3526,117.27
2023-02-02,3526,118.58
2023-02-03,3526,115.95
2023-02-06,3526,114.63
2023-02-07,3526,113.75
2023-02-08,3526,112.87
2023-02-09,3526,113.31
2023-02-10,3526,113.75
2023-02-13,3526,112.87
2023-02-14,3526,113.31
2023-02-15,3526,114.19
2023-02-16,3526,119.02
2023-02-17,3526,116.83
2023-02-20,3526,117.27
2023-02-21,3526,118.58
2023-02-22,3526,115.95
2023-02-23,3526,117.27
2023-02-24,3526,116.83
2023-02-01,3527,105.12
2023-02-02,3527,107.47
2023-02-03,3527,108.87
2023-02-06,3527,106.06
2023-02-07,3527,106.06
2023-02-08,3527,107.94
2023-02-09,3527,109.81
2023-02-10,3527,107.47
2023-02-13,3527,105.59
2023-02-14,3527,109.81
2023-02-15,3527,108.87
2023-02-16,3527,109.34
2023-02-17,3527,108.4
2023-02-20,3527,110.28
2023-02-21,3527,115.91
2023-02-22,3527,110.75
2023-02-23,3527,111.69
2023-02-24,3527,108.87
2023-02-01,3528,45.86
2023-02-02,3528,46.41
2023-02-03,3528,46.68
2023-02-06,3528,46.13
2023-02-07,3528,46.22
2023-02-08,3528,46.04
2023-02-09,3528,45.95
2023-02-10,3528,46.13
2023-02-13,3528,50.74
2023-02-14,3528,50.56
2023-02-15,3528,48.3
2023-02-16,3528,48.66
2023-02-17,3528,48.66
2023-02-20,3528,49.29
2023-02-21,3528,49.38
2023-02-22,3528,48.93
2023-02-23,3528,49.66
2023-02-24,3528,49.29
2023-02-01,3529,1588.5
2023-02-02,3529,1681.09
2023-02-03,3529,1661.59
2023-02-06,3529,1695.7
2023-02-07,3529,1656.72
2023-02-08,3529,1671.34
2023-02-09,3529,1612.87
2023-02-10,3529,1627.49
2023-02-13,3529,1583.63
2023-02-14,3529,1573.89
2023-02-15,3529,1569.01
2023-02-16,3529,1583.63
2023-02-17,3529,1559.27
2023-02-20,3529,1637.23
2023-02-21,3529,1671.34
2023-02-22,3529,1603.12
2023-02-23,3529,1720.07
2023-02-24,3529,1822.39
2023-02-01,3530,83.9
2023-02-02,3530,84.5
2023-02-03,3530,84.1
2023-02-06,3530,84.1
2023-02-07,3530,84.7
2023-02-08,3530,86.4
2023-02-09,3530,85.5
2023-02-10,3530,82.5
2023-02-13,3530,81.3
2023-02-14,3530,83.9
2023-02-15,3530,82.8
2023-02-16,3530,85.4
2023-02-17,3530,85.0
2023-02-20,3530,86.0
2023-02-21,3530,86.5
2023-02-22,3530,83.9
2023-02-23,3530,88.5
2023-02-24,3530,85.9
2023-02-01,3531,24.19
2023-02-02,3531,24.19
2023-02-03,3531,23.97
2023-02-06,3531,23.66
2023-02-07,3531,23.75
2023-02-08,3531,24.28
2023-02-09,3531,24.19
2023-02-10,3531,23.88
2023-02-13,3531,23.7
2023-02-14,3531,23.79
2023-02-15,3531,23.88
2023-02-16,3531,24.01
2023-02-17,3531,23.88
2023-02-20,3531,24.1
2023-02-21,3531,24.46
2023-02-22,3531,24.24
2023-02-23,3531,24.77
2023-02-24,3531,24.68
2023-02-01,3532,145.44
2023-02-02,3532,150.56
2023-02-03,3532,151.96
2023-02-06,3532,145.44
2023-02-07,3532,147.77
2023-02-08,3532,149.17
2023-02-09,3532,146.37
2023-02-10,3532,143.57
2023-02-13,3532,141.71
2023-02-14,3532,142.17
2023-02-15,3532,140.78
2023-02-16,3532,144.97
2023-02-17,3532,142.64
2023-02-20,3532,145.9
2023-02-21,3532,144.97
2023-02-22,3532,140.31
2023-02-23,3532,142.17
2023-02-24,3532,140.78
2023-02-01,3533,770.86
2023-02-02,3533,809.94
2023-02-03,3533,803.1
2023-02-06,3533,817.75
2023-02-07,3533,818.73
2023-02-08,3533,813.84
2023-02-09,3533,839.25
2023-02-10,3533,838.27
2023-02-13,3533,824.59
2023-02-14,3533,812.87
2023-02-15,3533,814.82
2023-02-16,3533,810.91
2023-02-17,3533,805.05
2023-02-20,3533,811.89
2023-02-21,3533,808.96
2023-02-22,3533,799.19
2023-02-23,3533,819.71
2023-02-24,3533,841.2
2023-02-01,3535,21.64
2023-02-02,3535,21.88
2023-02-03,3535,21.64
2023-02-06,3535,21.79
2023-02-07,3535,21.74
2023-02-08,3535,21.64
2023-02-09,3535,21.74
2023-02-10,3535,21.07
2023-02-13,3535,21.07
2023-02-14,3535,21.22
2023-02-15,3535,21.26
2023-02-16,3535,21.41
2023-02-17,3535,21.69
2023-02-20,3535,21.79
2023-02-21,3535,21.88
2023-02-22,3535,21.5
2023-02-23,3535,22.5
2023-02-24,3535,23.07
2023-02-01,3536,3.82
2023-02-02,3536,3.9
2023-02-03,3536,3.9
2023-02-06,3536,3.99
2023-02-07,3536,4.38
2023-02-08,3536,4.33
2023-02-09,3536,4.27
2023-02-10,3536,4.06
2023-02-13,3536,4.0
2023-02-14,3536,4.05
2023-02-15,3536,4.04
2023-02-16,3536,4.05
2023-02-17,3536,4.0
2023-02-20,3536,4.08
2023-02-21,3536,4.07
2023-02-22,3536,4.14
2023-02-23,3536,4.11
2023-02-24,3536,4.16
2023-02-01,3537,32.77
2023-02-02,3537,33.12
2023-02-03,3537,32.69
2023-02-06,3537,33.03
2023-02-07,3537,33.16
2023-02-08,3537,33.25
2023-02-09,3537,33.51
2023-02-10,3537,33.55
2023-02-13,3537,33.94
2023-02-14,3537,33.98
2023-02-15,3537,33.64
2023-02-16,3537,34.03
2023-02-17,3537,33.9
2023-02-20,3537,33.98
2023-02-21,3537,33.55
2023-02-22,3537,33.68
2023-02-23,3537,33.77
2023-02-24,3537,33.81
2023-02-01,3540,26.97
2023-02-02,3540,27.55
2023-02-03,3540,27.02
2023-02-06,3540,27.21
2023-02-07,3540,27.51
2023-02-08,3540,28.29
2023-02-09,3540,27.94
2023-02-10,3540,27.85
2023-02-13,3540,29.16
2023-02-14,3540,32.04
2023-02-15,3540,33.36
2023-02-16,3540,33.36
2023-02-17,3540,34.14
2023-02-20,3540,33.6
2023-02-21,3540,32.87
2023-02-22,3540,33.06
2023-02-23,3540,33.36
2023-02-24,3540,33.02
2023-02-01,3541,50.81
2023-02-02,3541,50.9
2023-02-03,3541,50.9
2023-02-06,3541,50.71
2023-02-07,3541,50.62
2023-02-08,3541,51.26
2023-02-09,3541,50.99
2023-02-10,3541,50.9
2023-02-13,3541,51.08
2023-02-14,3541,50.99
2023-02-15,3541,51.72
2023-02-16,3541,52.0
2023-02-17,3541,52.37
2023-02-20,3541,52.64
2023-02-21,3541,52.73
2023-02-22,3541,53.19
2023-02-23,3541,53.01
2023-02-24,3541,52.92
2023-02-01,3543,17.34
2023-02-02,3543,17.52
2023-02-03,3543,17.48
2023-02-06,3543,17.43
2023-02-07,3543,17.39
2023-02-08,3543,17.43
2023-02-09,3543,17.65
2023-02-10,3543,17.48
2023-02-13,3543,17.48
2023-02-14,3543,18.28
2023-02-15,3543,17.88
2023-02-16,3543,18.01
2023-02-17,3543,17.92
2023-02-20,3543,17.83
2023-02-21,3543,17.97
2023-02-22,3543,18.06
2023-02-23,3543,18.01
2023-02-24,3543,17.97
2023-02-01,3545,67.17
2023-02-02,3545,69.04
2023-02-03,3545,68.35
2023-02-06,3545,67.56
2023-02-07,3545,69.43
2023-02-08,3545,70.21
2023-02-09,3545,69.23
2023-02-10,3545,68.25
2023-02-13,3545,69.04
2023-02-14,3545,68.25
2023-02-15,3545,67.37
2023-02-16,3545,71.29
2023-02-17,3545,72.67
2023-02-20,3545,73.85
2023-02-21,3545,75.62
2023-02-22,3545,71.88
2023-02-23,3545,72.87
2023-02-24,3545,70.61
2023-02-01,3546,61.1
2023-02-02,3546,61.5
2023-02-03,3546,61.26
2023-02-06,3546,60.61
2023-02-07,3546,61.34
2023-02-08,3546,61.83
2023-02-09,3546,61.99
2023-02-10,3546,61.01
2023-02-13,3546,61.5
2023-02-14,3546,61.1
2023-02-15,3546,61.01
2023-02-16,3546,61.26
2023-02-17,3546,61.42
2023-02-20,3546,61.01
2023-02-21,3546,60.77
2023-02-22,3546,60.45
2023-02-23,3546,60.69
2023-02-24,3546,61.01
2023-02-01,3548,60.06
2023-02-02,3548,60.15
2023-02-03,3548,59.68
2023-02-06,3548,62.2
2023-02-07,3548,60.06
2023-02-08,3548,61.92
2023-02-09,3548,62.29
2023-02-10,3548,60.99
2023-02-13,3548,59.03
2023-02-14,3548,59.78
2023-02-15,3548,59.13
2023-02-16,3548,60.24
2023-02-17,3548,63.13
2023-02-20,3548,64.9
2023-02-21,3548,63.22
2023-02-22,3548,63.78
2023-02-23,3548,63.87
2023-02-24,3548,63.04
2023-02-01,3550,13.42
2023-02-02,3550,13.47
2023-02-03,3550,13.47
2023-02-06,3550,13.47
2023-02-07,3550,13.47
2023-02-08,3550,13.47
2023-02-09,3550,13.71
2023-02-10,3550,13.47
2023-02-13,3550,13.42
2023-02-14,3550,13.37
2023-02-15,3550,13.32
2023-02-16,3550,13.42
2023-02-17,3550,13.47
2023-02-20,3550,13.85
2023-02-21,3550,14.15
2023-02-22,3550,14.1
2023-02-23,3550,14.24
2023-02-24,3550,14.29
2023-02-01,3551,53.07
2023-02-02,3551,53.8
2023-02-03,3551,53.62
2023-02-06,3551,53.53
2023-02-07,3551,53.44
2023-02-08,3551,53.71
2023-02-09,3551,53.71
2023-02-10,3551,53.44
2023-02-13,3551,53.07
2023-02-14,3551,53.35
2023-02-15,3551,53.07
2023-02-16,3551,53.25
2023-02-17,3551,55.07
2023-02-20,3551,56.07
2023-02-21,3551,55.53
2023-02-22,3551,55.89
2023-02-23,3551,56.62
2023-02-24,3551,56.44
2023-02-01,3552,133.71
2023-02-02,3552,134.15
2023-02-03,3552,135.04
2023-02-06,3552,132.82
2023-02-07,3552,134.15
2023-02-08,3552,134.15
2023-02-09,3552,138.58
2023-02-10,3552,136.81
2023-02-13,3552,136.81
2023-02-14,3552,135.04
2023-02-15,3552,136.37
2023-02-16,3552,138.14
2023-02-17,3552,139.47
2023-02-20,3552,140.79
2023-02-21,3552,139.91
2023-02-22,3552,134.59
2023-02-23,3552,136.37
2023-02-24,3552,135.48
2023-02-01,3555,27.95
2023-02-02,3555,27.95
2023-02-03,3555,27.4
2023-02-06,3555,27.65
2023-02-07,3555,29.45
2023-02-08,3555,27.2
2023-02-09,3555,27.2
2023-02-10,3555,27.1
2023-02-13,3555,27.0
2023-02-14,3555,27.15
2023-02-15,3555,26.9
2023-02-16,3555,26.6
2023-02-17,3555,26.45
2023-02-20,3555,26.45
2023-02-21,3555,26.7
2023-02-22,3555,26.7
2023-02-23,3555,26.7
2023-02-24,3555,26.85
2023-02-01,3556,49.91
2023-02-02,3556,51.21
2023-02-03,3556,50.69
2023-02-06,3556,50.35
2023-02-07,3556,51.13
2023-02-08,3556,51.39
2023-02-09,3556,51.3
2023-02-10,3556,50.78
2023-02-13,3556,50.35
2023-02-14,3556,50.78
2023-02-15,3556,50.78
2023-02-16,3556,51.99
2023-02-17,3556,52.25
2023-02-20,3556,52.95
2023-02-21,3556,53.81
2023-02-22,3556,52.86
2023-02-23,3556,53.21
2023-02-24,3556,54.42
2023-02-01,3557,41.66
2023-02-02,3557,41.74
2023-02-03,3557,41.9
2023-02-06,3557,42.14
2023-02-07,3557,42.22
2023-02-08,3557,43.68
2023-02-09,3557,44.0
2023-02-10,3557,43.44
2023-02-13,3557,42.71
2023-02-14,3557,44.08
2023-02-15,3557,44.0
2023-02-16,3557,43.92
2023-02-17,3557,44.33
2023-02-20,3557,45.78
2023-02-21,3557,47.56
2023-02-22,3557,48.37
2023-02-23,3557,50.55
2023-02-24,3557,50.96
2023-02-01,3558,201.69
2023-02-02,3558,206.92
2023-02-03,3558,209.97
2023-02-06,3558,210.84
2023-02-07,3558,222.6
2023-02-08,3558,227.4
2023-02-09,3558,229.14
2023-02-10,3558,221.73
2023-02-13,3558,220.43
2023-02-14,3558,223.04
2023-02-15,3558,228.27
2023-02-16,3558,246.13
2023-02-17,3558,257.02
2023-02-20,3558,271.83
2023-02-21,3558,281.41
2023-02-22,3558,253.53
2023-02-23,3558,257.02
2023-02-24,3558,258.76
2023-02-01,3563,140.93
2023-02-02,3563,144.19
2023-02-03,3563,144.19
2023-02-06,3563,139.99
2023-02-07,3563,141.86
2023-02-08,3563,143.73
2023-02-09,3563,141.39
2023-02-10,3563,139.99
2023-02-13,3563,140.46
2023-02-14,3563,141.86
2023-02-15,3563,139.99
2023-02-16,3563,142.33
2023-02-17,3563,156.33
2023-02-20,3563,164.26
2023-02-21,3563,164.73
2023-02-22,3563,164.26
2023-02-23,3563,164.26
2023-02-24,3563,159.13
2023-02-01,3564,28.55
2023-02-02,3564,29.62
2023-02-03,3564,32.57
2023-02-06,3564,33.68
2023-02-07,3564,33.44
2023-02-08,3564,33.44
2023-02-09,3564,33.88
2023-02-10,3564,34.6
2023-02-13,3564,33.73
2023-02-14,3564,33.63
2023-02-15,3564,36.97
2023-02-16,3564,37.26
2023-02-17,3564,39.2
2023-02-20,3564,40.41
2023-02-21,3564,39.93
2023-02-22,3564,38.52
2023-02-23,3564,39.25
2023-02-24,3564,38.57
2023-02-01,3567,21.66
2023-02-02,3567,22.4
2023-02-03,3567,23.63
2023-02-06,3567,23.63
2023-02-07,3567,23.3
2023-02-08,3567,23.18
2023-02-09,3567,22.85
2023-02-10,3567,22.64
2023-02-13,3567,22.64
2023-02-14,3567,22.52
2023-02-15,3567,22.48
2023-02-16,3567,22.44
2023-02-17,3567,22.64
2023-02-20,3567,23.14
2023-02-21,3567,22.89
2023-02-22,3567,22.85
2023-02-23,3567,22.85
2023-02-24,3567,22.73
2023-02-01,3570,80.15
2023-02-02,3570,80.32
2023-02-03,3570,81.1
2023-02-06,3570,81.53
2023-02-07,3570,82.83
2023-02-08,3570,83.34
2023-02-09,3570,84.46
2023-02-10,3570,84.03
2023-02-13,3570,84.12
2023-02-14,3570,83.34
2023-02-15,3570,83.08
2023-02-16,3570,83.69
2023-02-17,3570,82.57
2023-02-20,3570,83.43
2023-02-21,3570,82.31
2023-02-22,3570,82.05
2023-02-23,3570,83.08
2023-02-24,3570,83.34
2023-02-01,3576,20.94
2023-02-02,3576,21.04
2023-02-03,3576,21.19
2023-02-06,3576,20.99
2023-02-07,3576,20.89
2023-02-08,3576,20.74
2023-02-09,3576,20.74
2023-02-10,3576,20.59
2023-02-13,3576,20.79
2023-02-14,3576,20.74
2023-02-15,3576,20.69
2023-02-16,3576,20.84
2023-02-17,3576,20.89
2023-02-20,3576,20.99
2023-02-21,3576,20.99
2023-02-22,3576,20.84
2023-02-23,3576,20.74
2023-02-24,3576,20.64
2023-02-01,3577,67.94
2023-02-02,3577,67.85
2023-02-03,3577,67.51
2023-02-06,3577,66.65
2023-02-07,3577,67.59
2023-02-08,3577,67.59
2023-02-09,3577,67.25
2023-02-10,3577,67.16
2023-02-13,3577,69.84
2023-02-14,3577,69.41
2023-02-15,3577,68.63
2023-02-16,3577,68.72
2023-02-17,3577,68.54
2023-02-20,3577,71.22
2023-02-21,3577,70.01
2023-02-22,3577,71.39
2023-02-23,3577,70.1
2023-02-24,3577,70.61
2023-02-01,3580,53.41
2023-02-02,3580,53.24
2023-02-03,3580,51.95
2023-02-06,3580,51.95
2023-02-07,3580,53.16
2023-02-08,3580,57.97
2023-02-09,3580,54.19
2023-02-10,3580,53.24
2023-02-13,3580,51.18
2023-02-14,3580,51.44
2023-02-15,3580,50.67
2023-02-16,3580,52.04
2023-02-17,3580,52.64
2023-02-20,3580,52.56
2023-02-21,3580,51.7
2023-02-22,3580,52.04
2023-02-23,3580,51.53
2023-02-24,3580,50.75
2023-02-01,3581,20.93
2023-02-02,3581,21.12
2023-02-03,3581,21.17
2023-02-06,3581,20.83
2023-02-07,3581,21.17
2023-02-08,3581,20.83
2023-02-09,3581,20.88
2023-02-10,3581,21.45
2023-02-13,3581,21.59
2023-02-14,3581,21.5
2023-02-15,3581,21.54
2023-02-16,3581,21.87
2023-02-17,3581,21.87
2023-02-20,3581,21.92
2023-02-21,3581,21.78
2023-02-22,3581,21.64
2023-02-23,3581,21.54
2023-02-24,3581,21.54
2023-02-01,3583,72.53
2023-02-02,3583,73.3
2023-02-03,3583,72.63
2023-02-06,3583,71.58
2023-02-07,3583,71.77
2023-02-08,3583,71.86
2023-02-09,3583,71.48
2023-02-10,3583,72.63
2023-02-13,3583,73.1
2023-02-14,3583,72.34
2023-02-15,3583,71.01
2023-02-16,3583,72.44
2023-02-17,3583,72.82
2023-02-20,3583,73.49
2023-02-21,3583,74.35
2023-02-22,3583,74.92
2023-02-23,3583,74.54
2023-02-24,3583,73.01
2023-02-01,3587,164.3
2023-02-02,3587,163.84
2023-02-03,3587,161.53
2023-02-06,3587,158.76
2023-02-07,3587,167.07
2023-02-08,3587,165.22
2023-02-09,3587,167.53
2023-02-10,3587,173.07
2023-02-13,3587,166.61
2023-02-14,3587,168.46
2023-02-15,3587,169.38
2023-02-16,3587,169.84
2023-02-17,3587,169.84
2023-02-20,3587,168.92
2023-02-21,3587,169.84
2023-02-22,3587,164.3
2023-02-23,3587,168.92
2023-02-24,3587,167.07
2023-02-01,3588,54.32
2023-02-02,3588,55.65
2023-02-03,3588,61.16
2023-02-06,3588,61.25
2023-02-07,3588,60.18
2023-02-08,3588,59.91
2023-02-09,3588,59.38
2023-02-10,3588,56.98
2023-02-13,3588,56.01
2023-02-14,3588,56.45
2023-02-15,3588,55.48
2023-02-16,3588,57.34
2023-02-17,3588,57.61
2023-02-20,3588,58.14
2023-02-21,3588,57.96
2023-02-22,3588,56.19
2023-02-23,3588,57.87
2023-02-24,3588,56.1
2023-02-01,3591,17.86
2023-02-02,3591,17.86
2023-02-03,3591,18.09
2023-02-06,3591,18.47
2023-02-07,3591,18.37
2023-02-08,3591,18.93
2023-02-09,3591,18.61
2023-02-10,3591,20.19
2023-02-13,3591,20.15
2023-02-14,3591,19.68
2023-02-15,3591,19.45
2023-02-16,3591,20.43
2023-02-17,3591,20.19
2023-02-20,3591,20.05
2023-02-21,3591,19.73
2023-02-22,3591,19.68
2023-02-23,3591,19.82
2023-02-24,3591,19.82
2023-02-01,3592,285.36
2023-02-02,3592,288.17
2023-02-03,3592,284.16
2023-02-06,3592,278.55
2023-02-07,3592,287.77
2023-02-08,3592,308.61
2023-02-09,3592,305.4
2023-02-10,3592,300.99
2023-02-13,3592,293.38
2023-02-14,3592,300.99
2023-02-15,3592,298.59
2023-02-16,3592,303.8
2023-02-17,3592,311.81
2023-02-20,3592,313.82
2023-02-21,3592,332.65
2023-02-22,3592,323.04
2023-02-23,3592,325.44
2023-02-24,3592,330.25
2023-02-01,3593,12.65
2023-02-02,3593,12.6
2023-02-03,3593,12.65
2023-02-06,3593,12.6
2023-02-07,3593,12.55
2023-02-08,3593,12.45
2023-02-09,3593,12.3
2023-02-10,3593,12.3
2023-02-13,3593,12.15
2023-02-14,3593,12.15
2023-02-15,3593,12.15
2023-02-16,3593,12.2
2023-02-17,3593,12.2
2023-02-20,3593,12.2
2023-02-21,3593,12.1
2023-02-22,3593,12.05
2023-02-23,3593,12.1
2023-02-24,3593,12.1
2023-02-01,3594,28.89
2023-02-02,3594,30.24
2023-02-03,3594,28.74
2023-02-06,3594,28.45
2023-02-07,3594,29.66
2023-02-08,3594,29.9
2023-02-09,3594,32.86
2023-02-10,3594,32.33
2023-02-13,3594,33.34
2023-02-14,3594,33.44
2023-02-15,3594,32.86
2023-02-16,3594,33.34
2023-02-17,3594,36.64
2023-02-20,3594,40.28
2023-02-21,3594,41.78
2023-02-22,3594,43.81
2023-02-23,3594,43.43
2023-02-24,3594,43.62
2023-02-01,3596,88.66
2023-02-02,3596,92.61
2023-02-03,3596,90.85
2023-02-06,3596,90.85
2023-02-07,3596,91.73
2023-02-08,3596,91.29
2023-02-09,3596,91.29
2023-02-10,3596,90.85
2023-02-13,3596,90.85
2023-02-14,3596,91.73
2023-02-15,3596,92.17
2023-02-16,3596,93.92
2023-02-17,3596,92.61
2023-02-20,3596,91.73
2023-02-21,3596,91.73
2023-02-22,3596,93.49
2023-02-23,3596,93.49
2023-02-24,3596,93.49
2023-02-01,3597,21.07
2023-02-02,3597,21.38
2023-02-03,3597,21.42
2023-02-06,3597,21.47
2023-02-07,3597,21.29
2023-02-08,3597,21.33
2023-02-09,3597,21.38
2023-02-10,3597,21.42
2023-02-13,3597,21.47
2023-02-14,3597,21.47
2023-02-15,3597,21.24
2023-02-16,3597,21.38
2023-02-17,3597,21.38
2023-02-20,3597,21.6
2023-02-21,3597,21.74
2023-02-22,3597,21.47
2023-02-23,3597,21.47
2023-02-24,3597,21.51
2023-02-01,3605,32.98
2023-02-02,3605,33.32
2023-02-03,3605,32.88
2023-02-06,3605,32.73
2023-02-07,3605,32.83
2023-02-08,3605,33.22
2023-02-09,3605,33.03
2023-02-10,3605,32.05
2023-02-13,3605,31.9
2023-02-14,3605,32.63
2023-02-15,3605,33.27
2023-02-16,3605,33.76
2023-02-17,3605,33.61
2023-02-20,3605,33.66
2023-02-21,3605,33.66
2023-02-22,3605,33.27
2023-02-23,3605,34.01
2023-02-24,3605,33.71
2023-02-01,3607,10.55
2023-02-02,3607,10.64
2023-02-03,3607,10.59
2023-02-06,3607,10.55
2023-02-07,3607,10.59
2023-02-08,3607,10.55
2023-02-09,3607,10.55
2023-02-10,3607,10.42
2023-02-13,3607,10.38
2023-02-14,3607,10.51
2023-02-15,3607,10.59
2023-02-16,3607,10.64
2023-02-17,3607,10.59
2023-02-20,3607,10.64
2023-02-21,3607,10.68
2023-02-22,3607,10.55
2023-02-23,3607,10.68
2023-02-24,3607,10.68
2023-02-01,3609,46.55
2023-02-02,3609,46.45
2023-02-03,3609,46.25
2023-02-06,3609,46.2
2023-02-07,3609,45.65
2023-02-08,3609,45.35
2023-02-09,3609,45.5
2023-02-10,3609,45.2
2023-02-13,3609,44.95
2023-02-14,3609,45.15
2023-02-15,3609,45.3
2023-02-16,3609,45.6
2023-02-17,3609,45.8
2023-02-20,3609,45.8
2023-02-21,3609,45.5
2023-02-22,3609,45.2
2023-02-23,3609,45.35
2023-02-24,3609,45.5
2023-02-01,3611,163.68
2023-02-02,3611,162.86
2023-02-03,3611,162.45
2023-02-06,3611,162.04
2023-02-07,3611,162.86
2023-02-08,3611,163.68
2023-02-09,3611,168.59
2023-02-10,3611,167.77
2023-02-13,3611,167.36
2023-02-14,3611,168.59
2023-02-15,3611,166.54
2023-02-16,3611,169.41
2023-02-17,3611,170.23
2023-02-20,3611,169.41
2023-02-21,3611,168.59
2023-02-22,3611,169.41
2023-02-23,3611,172.27
2023-02-24,3611,175.96
2023-02-01,3615,16.56
2023-02-02,3615,16.85
2023-02-03,3615,16.76
2023-02-06,3615,16.76
2023-02-07,3615,17.05
2023-02-08,3615,17.24
2023-02-09,3615,17.2
2023-02-10,3615,16.71
2023-02-13,3615,16.66
2023-02-14,3615,16.81
2023-02-15,3615,16.71
2023-02-16,3615,16.85
2023-02-17,3615,16.85
2023-02-20,3615,17.15
2023-02-21,3615,17.1
2023-02-22,3615,17.2
2023-02-23,3615,17.24
2023-02-24,3615,17.29
2023-02-01,3617,89.05
2023-02-02,3617,90.33
2023-02-03,3617,86.91
2023-02-06,3617,89.48
2023-02-07,3617,89.05
2023-02-08,3617,90.76
2023-02-09,3617,90.33
2023-02-10,3617,94.61
2023-02-13,3617,99.32
2023-02-14,3617,97.61
2023-02-15,3617,102.75
2023-02-16,3617,102.32
2023-02-17,3617,109.6
2023-02-20,3617,108.74
2023-02-21,3617,107.03
2023-02-22,3617,106.6
2023-02-23,3617,109.6
2023-02-24,3617,106.17
2023-02-01,3622,26.36
2023-02-02,3622,26.46
2023-02-03,3622,26.36
2023-02-06,3622,26.22
2023-02-07,3622,26.41
2023-02-08,3622,26.55
2023-02-09,3622,26.18
2023-02-10,3622,25.94
2023-02-13,3622,25.8
2023-02-14,3622,25.99
2023-02-15,3622,25.94
2023-02-16,3622,26.32
2023-02-17,3622,26.18
2023-02-20,3622,26.36
2023-02-21,3622,26.69
2023-02-22,3622,26.46
2023-02-23,3622,26.64
2023-02-24,3622,26.78
2023-02-01,3623,16.2
2023-02-02,3623,16.1
2023-02-03,3623,16.1
2023-02-06,3623,16.25
2023-02-07,3623,16.4
2023-02-08,3623,16.45
2023-02-09,3623,16.5
2023-02-10,3623,16.4
2023-02-13,3623,16.45
2023-02-14,3623,16.6
2023-02-15,3623,16.35
2023-02-16,3623,16.55
2023-02-17,3623,16.75
2023-02-20,3623,16.85
2023-02-21,3623,16.7
2023-02-22,3623,16.7
2023-02-23,3623,16.95
2023-02-24,3623,16.85
2023-02-01,3624,47.51
2023-02-02,3624,47.78
2023-02-03,3624,46.07
2023-02-06,3624,46.88
2023-02-07,3624,48.05
2023-02-08,3624,48.68
2023-02-09,3624,50.03
2023-02-10,3624,51.83
2023-02-13,3624,50.57
2023-02-14,3624,51.47
2023-02-15,3624,52.37
2023-02-16,3624,52.01
2023-02-17,3624,51.92
2023-02-20,3624,51.74
2023-02-21,3624,50.48
2023-02-22,3624,50.66
2023-02-23,3624,52.73
2023-02-24,3624,51.92
2023-02-01,3625,12.75
2023-02-02,3625,12.8
2023-02-03,3625,13.3
2023-02-06,3625,13.15
2023-02-07,3625,13.1
2023-02-08,3625,13.15
2023-02-09,3625,13.35
2023-02-10,3625,13.4
2023-02-13,3625,13.2
2023-02-14,3625,13.15
2023-02-15,3625,13.1
2023-02-16,3625,13.2
2023-02-17,3625,13.45
2023-02-20,3625,13.5
2023-02-21,3625,13.6
2023-02-22,3625,13.45
2023-02-23,3625,13.4
2023-02-24,3625,13.45
2023-02-01,3628,35.68
2023-02-02,3628,35.94
2023-02-03,3628,35.86
2023-02-06,3628,35.94
2023-02-07,3628,35.81
2023-02-08,3628,35.77
2023-02-09,3628,35.73
2023-02-10,3628,35.9
2023-02-13,3628,35.77
2023-02-14,3628,35.86
2023-02-15,3628,36.73
2023-02-16,3628,36.95
2023-02-17,3628,36.64
2023-02-20,3628,37.29
2023-02-21,3628,37.16
2023-02-22,3628,37.6
2023-02-23,3628,38.25
2023-02-24,3628,38.43
2023-02-02,3629,38.5
2023-02-03,3629,38.9
2023-02-06,3629,38.45
2023-02-07,3629,39.5
2023-02-08,3629,40.1
2023-02-09,3629,41.6
2023-02-10,3629,40.0
2023-02-13,3629,40.65
2023-02-14,3629,40.1
2023-02-15,3629,39.25
2023-02-16,3629,39.4
2023-02-17,3629,39.05
2023-02-20,3629,39.1
2023-02-21,3629,39.0
2023-02-22,3629,39.1
2023-02-23,3629,39.35
2023-02-24,3629,38.75
2023-02-01,3630,28.85
2023-02-02,3630,29.5
2023-02-03,3630,29.2
2023-02-06,3630,29.3
2023-02-07,3630,29.2
2023-02-08,3630,29.15
2023-02-09,3630,29.05
2023-02-10,3630,28.4
2023-02-13,3630,28.45
2023-02-14,3630,28.55
2023-02-15,3630,28.45
2023-02-16,3630,29.1
2023-02-17,3630,29.25
2023-02-20,3630,29.45
2023-02-21,3630,29.5
2023-02-22,3630,28.8
2023-02-23,3630,28.9
2023-02-24,3630,28.75
2023-02-01,3631,38.5
2023-02-02,3631,38.6
2023-02-03,3631,38.7
2023-02-06,3631,38.5
2023-02-07,3631,38.8
2023-02-08,3631,38.8
2023-02-09,3631,38.3
2023-02-10,3631,37.5
2023-02-13,3631,37.0
2023-02-14,3631,36.75
2023-02-15,3631,36.9
2023-02-16,3631,37.35
2023-02-17,3631,37.55
2023-02-20,3631,36.8
2023-02-21,3631,36.95
2023-02-22,3631,37.1
2023-02-23,3631,37.0
2023-02-24,3631,37.35
2023-02-01,3632,10.75
2023-02-02,3632,10.75
2023-02-03,3632,10.85
2023-02-07,3632,11.0
2023-02-08,3632,11.0
2023-02-09,3632,10.95
2023-02-10,3632,11.0
2023-02-13,3632,11.0
2023-02-14,3632,11.0
2023-02-15,3632,11.85
2023-02-16,3632,11.95
2023-02-17,3632,12.0
2023-02-20,3632,11.95
2023-02-21,3632,11.95
2023-02-22,3632,11.95
2023-02-23,3632,11.9
2023-02-24,3632,11.95
2023-02-01,3645,32.56
2023-02-02,3645,32.66
2023-02-03,3645,32.46
2023-02-06,3645,32.46
2023-02-07,3645,32.7
2023-02-08,3645,32.9
2023-02-09,3645,32.95
2023-02-10,3645,32.46
2023-02-13,3645,32.66
2023-02-14,3645,33.72
2023-02-15,3645,33.19
2023-02-16,3645,33.33
2023-02-17,3645,32.66
2023-02-20,3645,33.29
2023-02-21,3645,33.29
2023-02-22,3645,32.99
2023-02-23,3645,33.24
2023-02-24,3645,32.99
2023-02-01,3646,20.66
2023-02-02,3646,20.44
2023-02-03,3646,20.57
2023-02-06,3646,20.79
2023-02-07,3646,22.87
2023-02-08,3646,22.48
2023-02-09,3646,22.56
2023-02-10,3646,21.94
2023-02-13,3646,22.96
2023-02-14,3646,22.65
2023-02-15,3646,22.56
2023-02-16,3646,22.56
2023-02-17,3646,22.56
2023-02-20,3646,22.61
2023-02-21,3646,22.43
2023-02-22,3646,22.3
2023-02-23,3646,22.43
2023-02-24,3646,23.01
2023-02-01,3652,21.79
2023-02-02,3652,22.22
2023-02-03,3652,22.27
2023-02-06,3652,22.27
2023-02-07,3652,22.27
2023-02-08,3652,22.41
2023-02-09,3652,22.08
2023-02-10,3652,22.13
2023-02-13,3652,21.65
2023-02-14,3652,21.84
2023-02-15,3652,21.79
2023-02-16,3652,21.79
2023-02-17,3652,21.84
2023-02-20,3652,22.18
2023-02-21,3652,22.46
2023-02-22,3652,22.75
2023-02-23,3652,24.98
2023-02-24,3652,27.46
2023-02-01,3653,369.42
2023-02-02,3653,392.54
2023-02-03,3653,394.47
2023-02-06,3653,395.43
2023-02-07,3653,395.43
2023-02-08,3653,386.76
2023-02-09,3653,383.87
2023-02-10,3653,379.06
2023-02-13,3653,391.58
2023-02-14,3653,397.84
2023-02-15,3653,363.64
2023-02-16,3653,371.35
2023-02-17,3653,378.58
2023-02-20,3653,382.91
2023-02-21,3653,382.91
2023-02-22,3653,383.39
2023-02-23,3653,386.76
2023-02-24,3653,409.4
2023-02-01,3661,874.69
2023-02-02,3661,912.12
2023-02-03,3661,928.87
2023-02-06,3661,919.02
2023-02-07,3661,934.78
2023-02-08,3661,983.05
2023-02-09,3661,989.94
2023-02-10,3661,963.35
2023-02-13,3661,944.63
2023-02-14,3661,898.33
2023-02-15,3661,906.21
2023-02-16,3661,946.6
2023-02-17,3661,915.08
2023-02-20,3661,913.11
2023-02-21,3661,925.91
2023-02-22,3661,886.51
2023-02-23,3661,943.64
2023-02-24,3661,929.85
2023-02-01,3663,27.22
2023-02-02,3663,27.65
2023-02-03,3663,27.55
2023-02-06,3663,27.5
2023-02-07,3663,27.41
2023-02-08,3663,27.69
2023-02-09,3663,27.55
2023-02-10,3663,27.26
2023-02-13,3663,26.79
2023-02-14,3663,26.69
2023-02-15,3663,26.79
2023-02-16,3663,26.98
2023-02-17,3663,27.31
2023-02-20,3663,27.46
2023-02-21,3663,27.5
2023-02-22,3663,27.55
2023-02-23,3663,28.22
2023-02-24,3663,28.6
2023-02-01,3664,12.7
2023-02-02,3664,12.65
2023-02-03,3664,12.8
2023-02-06,3664,12.4
2023-02-07,3664,12.35
2023-02-08,3664,12.35
2023-02-09,3664,12.3
2023-02-10,3664,12.3
2023-02-13,3664,12.0
2023-02-14,3664,12.0
2023-02-15,3664,12.0
2023-02-16,3664,12.2
2023-02-17,3664,12.3
2023-02-20,3664,13.5
2023-02-21,3664,13.5
2023-02-22,3664,14.85
2023-02-23,3664,16.05
2023-02-24,3664,15.1
2023-02-01,3665,240.42
2023-02-02,3665,250.45
2023-02-03,3665,248.17
2023-02-06,3665,248.63
2023-02-07,3665,247.71
2023-02-08,3665,248.17
2023-02-09,3665,242.24
2023-02-10,3665,243.15
2023-02-13,3665,244.06
2023-02-14,3665,247.26
2023-02-15,3665,249.54
2023-02-16,3665,255.93
2023-02-17,3665,254.56
2023-02-20,3665,256.38
2023-02-21,3665,254.56
2023-02-22,3665,250.0
2023-02-23,3665,255.93
2023-02-24,3665,252.73
2023-02-01,3666,19.3
2023-02-02,3666,19.45
2023-02-03,3666,19.3
2023-02-06,3666,19.2
2023-02-07,3666,19.3
2023-02-08,3666,19.4
2023-02-09,3666,19.4
2023-02-10,3666,19.25
2023-02-13,3666,19.3
2023-02-14,3666,19.3
2023-02-15,3666,19.35
2023-02-16,3666,19.4
2023-02-17,3666,19.3
2023-02-20,3666,19.5
2023-02-21,3666,19.45
2023-02-22,3666,19.35
2023-02-23,3666,19.5
2023-02-24,3666,19.55
2023-02-01,3669,41.48
2023-02-02,3669,41.97
2023-02-03,3669,42.46
2023-02-06,3669,42.33
2023-02-07,3669,41.61
2023-02-08,3669,41.48
2023-02-09,3669,40.81
2023-02-10,3669,40.01
2023-02-13,3669,40.01
2023-02-14,3669,40.27
2023-02-15,3669,40.01
2023-02-16,3669,40.41
2023-02-17,3669,40.45
2023-02-20,3669,40.85
2023-02-21,3669,40.9
2023-02-22,3669,40.18
2023-02-23,3669,40.36
2023-02-24,3669,40.14
2023-02-01,3672,27.8
2023-02-02,3672,27.35
2023-02-03,3672,26.8
2023-02-06,3672,26.7
2023-02-07,3672,26.3
2023-02-08,3672,26.35
2023-02-09,3672,26.2
2023-02-10,3672,26.6
2023-02-13,3672,26.5
2023-02-14,3672,26.5
2023-02-15,3672,26.35
2023-02-16,3672,26.5
2023-02-17,3672,26.7
2023-02-20,3672,26.75
2023-02-21,3672,27.65
2023-02-22,3672,27.35
2023-02-23,3672,27.3
2023-02-24,3672,27.1
2023-02-01,3673,29.43
2023-02-02,3673,29.86
2023-02-03,3673,30.15
2023-02-06,3673,30.05
2023-02-07,3673,29.91
2023-02-08,3673,30.05
2023-02-09,3673,29.62
2023-02-10,3673,29.53
2023-02-13,3673,29.33
2023-02-14,3673,29.67
2023-02-15,3673,29.67
2023-02-16,3673,30.01
2023-02-17,3673,30.01
2023-02-20,3673,30.73
2023-02-21,3673,30.54
2023-02-22,3673,32.65
2023-02-23,3673,33.71
2023-02-24,3673,32.89
2023-02-01,3675,191.6
2023-02-02,3675,205.95
2023-02-03,3675,205.95
2023-02-06,3675,204.68
2023-02-07,3675,209.33
2023-02-08,3675,207.21
2023-02-09,3675,206.37
2023-02-10,3675,209.75
2023-02-13,3675,204.68
2023-02-14,3675,212.7
2023-02-15,3675,233.8
2023-02-16,3675,235.49
2023-02-17,3675,228.74
2023-02-20,3675,221.99
2023-02-21,3675,221.14
2023-02-22,3675,212.7
2023-02-23,3675,213.55
2023-02-24,3675,216.5
2023-02-01,3679,74.75
2023-02-02,3679,75.23
2023-02-03,3679,75.07
2023-02-06,3679,74.83
2023-02-07,3679,74.83
2023-02-08,3679,75.15
2023-02-09,3679,75.15
2023-02-10,3679,73.81
2023-02-13,3679,73.26
2023-02-14,3679,73.57
2023-02-15,3679,74.52
2023-02-16,3679,75.15
2023-02-17,3679,75.31
2023-02-20,3679,76.09
2023-02-21,3679,76.09
2023-02-22,3679,76.09
2023-02-23,3679,76.17
2023-02-24,3679,76.09
2023-02-01,3680,257.44
2023-02-02,3680,261.66
2023-02-03,3680,266.82
2023-02-06,3680,267.29
2023-02-07,3680,273.85
2023-02-08,3680,276.2
2023-02-09,3680,278.07
2023-02-10,3680,271.51
2023-02-13,3680,267.29
2023-02-14,3680,269.63
2023-02-15,3680,260.72
2023-02-16,3680,271.51
2023-02-17,3680,278.54
2023-02-20,3680,274.79
2023-02-21,3680,272.45
2023-02-22,3680,266.82
2023-02-23,3680,273.39
2023-02-24,3680,272.92
2023-02-01,3682,6.19
2023-02-02,3682,6.22
2023-02-03,3682,6.35
2023-02-06,3682,6.28
2023-02-07,3682,6.29
2023-02-08,3682,6.29
2023-02-09,3682,6.26
2023-02-10,3682,6.28
2023-02-13,3682,6.29
2023-02-14,3682,6.24
2023-02-15,3682,6.22
2023-02-16,3682,6.22
2023-02-17,3682,6.23
2023-02-20,3682,6.26
2023-02-21,3682,6.26
2023-02-22,3682,6.24
2023-02-23,3682,6.23
2023-02-24,3682,6.21
2023-02-01,3684,40.75
2023-02-02,3684,40.68
2023-02-03,3684,40.83
2023-02-06,3684,40.39
2023-02-07,3684,40.68
2023-02-08,3684,40.39
2023-02-09,3684,40.39
2023-02-10,3684,39.73
2023-02-13,3684,39.65
2023-02-14,3684,39.8
2023-02-15,3684,39.8
2023-02-16,3684,39.95
2023-02-17,3684,40.53
2023-02-20,3684,41.19
2023-02-21,3684,41.63
2023-02-22,3684,42.74
2023-02-23,3684,42.88
2023-02-24,3684,47.14
2023-02-01,3685,20.7
2023-02-02,3685,21.2
2023-02-03,3685,21.2
2023-02-06,3685,21.0
2023-02-07,3685,20.9
2023-02-08,3685,21.15
2023-02-09,3685,21.1
2023-02-10,3685,20.7
2023-02-13,3685,20.4
2023-02-14,3685,20.3
2023-02-15,3685,20.4
2023-02-16,3685,20.55
2023-02-17,3685,20.7
2023-02-20,3685,20.9
2023-02-21,3685,21.0
2023-02-22,3685,20.6
2023-02-23,3685,20.85
2023-02-24,3685,21.2
2023-02-01,3686,15.6
2023-02-02,3686,15.95
2023-02-03,3686,15.85
2023-02-06,3686,15.7
2023-02-07,3686,15.7
2023-02-08,3686,15.7
2023-02-09,3686,15.35
2023-02-10,3686,15.0
2023-02-13,3686,14.85
2023-02-14,3686,14.95
2023-02-15,3686,15.2
2023-02-16,3686,15.3
2023-02-17,3686,15.2
2023-02-20,3686,15.35
2023-02-21,3686,15.2
2023-02-22,3686,15.1
2023-02-23,3686,15.1
2023-02-24,3686,15.05
2023-02-01,3687,90.88
2023-02-02,3687,90.5
2023-02-03,3687,88.5
2023-02-06,3687,86.98
2023-02-07,3687,86.88
2023-02-08,3687,87.07
2023-02-09,3687,89.93
2023-02-10,3687,84.98
2023-02-13,3687,83.84
2023-02-14,3687,83.93
2023-02-15,3687,83.93
2023-02-16,3687,84.22
2023-02-17,3687,85.84
2023-02-20,3687,85.26
2023-02-21,3687,84.69
2023-02-22,3687,82.5
2023-02-23,3687,83.17
2023-02-24,3687,82.12
2023-02-01,3689,31.77
2023-02-02,3689,31.96
2023-02-03,3689,31.72
2023-02-06,3689,31.72
2023-02-07,3689,31.58
2023-02-08,3689,31.82
2023-02-09,3689,31.49
2023-02-10,3689,31.17
2023-02-13,3689,31.03
2023-02-14,3689,31.17
2023-02-15,3689,31.63
2023-02-16,3689,32.38
2023-02-17,3689,32.24
2023-02-20,3689,32.24
2023-02-21,3689,32.7
2023-02-22,3689,32.47
2023-02-23,3689,32.84
2023-02-24,3689,32.47
2023-02-01,3691,107.5
2023-02-02,3691,110.0
2023-02-03,3691,108.5
2023-02-06,3691,107.5
2023-02-07,3691,111.5
2023-02-08,3691,112.0
2023-02-09,3691,109.0
2023-02-10,3691,108.0
2023-02-13,3691,107.0
2023-02-14,3691,108.5
2023-02-15,3691,109.0
2023-02-16,3691,113.0
2023-02-17,3691,113.0
2023-02-20,3691,111.5
2023-02-21,3691,110.5
2023-02-22,3691,108.5
2023-02-23,3691,109.5
2023-02-24,3691,108.0
2023-02-01,3693,121.52
2023-02-02,3693,123.42
2023-02-03,3693,122.47
2023-02-06,3693,126.27
2023-02-07,3693,122.0
2023-02-08,3693,119.15
2023-02-09,3693,121.05
2023-02-10,3693,117.25
2023-02-13,3693,118.2
2023-02-14,3693,120.1
2023-02-15,3693,123.89
2023-02-16,3693,123.42
2023-02-17,3693,123.42
2023-02-20,3693,127.22
2023-02-21,3693,125.32
2023-02-22,3693,118.2
2023-02-23,3693,121.52
2023-02-24,3693,120.1
2023-02-01,3694,19.87
2023-02-02,3694,20.6
2023-02-03,3694,20.26
2023-02-06,3694,20.07
2023-02-07,3694,20.02
2023-02-08,3694,20.12
2023-02-09,3694,19.97
2023-02-10,3694,19.82
2023-02-13,3694,19.58
2023-02-14,3694,19.63
2023-02-15,3694,19.68
2023-02-16,3694,20.12
2023-02-17,3694,20.02
2023-02-20,3694,20.12
2023-02-21,3694,20.12
2023-02-22,3694,19.87
2023-02-23,3694,20.02
2023-02-24,3694,19.92
2023-02-01,3701,40.96
2023-02-02,3701,45.03
2023-02-03,3701,46.43
2023-02-06,3701,45.32
2023-02-07,3701,45.32
2023-02-08,3701,45.12
2023-02-09,3701,43.77
2023-02-10,3701,42.75
2023-02-13,3701,41.15
2023-02-14,3701,41.15
2023-02-15,3701,40.62
2023-02-16,3701,42.46
2023-02-17,3701,42.61
2023-02-20,3701,42.85
2023-02-21,3701,42.95
2023-02-22,3701,42.03
2023-02-23,3701,43.19
2023-02-24,3701,42.61
2023-02-01,3702,45.17
2023-02-02,3702,45.91
2023-02-03,3702,45.96
2023-02-06,3702,46.1
2023-02-07,3702,46.42
2023-02-08,3702,46.0
2023-02-09,3702,46.14
2023-02-10,3702,45.68
2023-02-13,3702,46.0
2023-02-14,3702,45.73
2023-02-15,3702,45.59
2023-02-16,3702,45.87
2023-02-17,3702,45.96
2023-02-20,3702,46.1
2023-02-21,3702,45.96
2023-02-22,3702,45.87
2023-02-23,3702,45.87
2023-02-24,3702,45.96
2023-02-01,3702A,47.27
2023-02-02,3702A,47.22
2023-02-03,3702A,47.18
2023-02-06,3702A,47.18
2023-02-07,3702A,47.03
2023-02-08,3702A,47.08
2023-02-09,3702A,46.98
2023-02-10,3702A,47.03
2023-02-13,3702A,47.13
2023-02-14,3702A,47.32
2023-02-15,3702A,47.42
2023-02-16,3702A,47.32
2023-02-17,3702A,47.22
2023-02-20,3702A,47.22
2023-02-21,3702A,47.22
2023-02-22,3702A,47.18
2023-02-23,3702A,47.18
2023-02-24,3702A,47.18
2023-02-01,3703,24.9
2023-02-02,3703,24.9
2023-02-03,3703,24.94
2023-02-06,3703,25.28
2023-02-07,3703,25.37
2023-02-08,3703,25.41
2023-02-09,3703,25.49
2023-02-10,3703,25.58
2023-02-13,3703,25.53
2023-02-14,3703,25.45
2023-02-15,3703,25.03
2023-02-16,3703,25.37
2023-02-17,3703,25.24
2023-02-20,3703,25.79
2023-02-21,3703,25.87
2023-02-22,3703,25.96
2023-02-23,3703,25.87
2023-02-24,3703,26.29
2023-02-01,3704,35.49
2023-02-02,3704,35.67
2023-02-03,3704,35.49
2023-02-06,3704,34.79
2023-02-07,3704,35.77
2023-02-08,3704,36.09
2023-02-09,3704,35.81
2023-02-10,3704,35.3
2023-02-13,3704,37.02
2023-02-14,3704,36.42
2023-02-15,3704,36.79
2023-02-16,3704,37.25
2023-02-17,3704,36.97
2023-02-20,3704,37.53
2023-02-21,3704,36.79
2023-02-22,3704,36.14
2023-02-23,3704,36.74
2023-02-24,3704,36.37
2023-02-01,3705,37.01
2023-02-02,3705,37.23
2023-02-03,3705,37.01
2023-02-06,3705,37.49
2023-02-07,3705,37.4
2023-02-08,3705,37.36
2023-02-09,3705,37.36
2023-02-10,3705,37.23
2023-02-13,3705,37.66
2023-02-14,3705,37.49
2023-02-15,3705,37.23
2023-02-16,3705,37.1
2023-02-17,3705,37.01
2023-02-20,3705,37.49
2023-02-21,3705,37.53
2023-02-22,3705,37.49
2023-02-23,3705,37.57
2023-02-24,3705,37.27
2023-02-01,3706,28.67
2023-02-02,3706,28.77
2023-02-03,3706,29.28
2023-02-06,3706,29.37
2023-02-07,3706,29.7
2023-02-08,3706,29.7
2023-02-09,3706,28.81
2023-02-10,3706,28.72
2023-02-13,3706,28.63
2023-02-14,3706,28.95
2023-02-15,3706,28.67
2023-02-16,3706,28.81
2023-02-17,3706,28.77
2023-02-20,3706,28.86
2023-02-21,3706,29.0
2023-02-22,3706,28.91
2023-02-23,3706,29.09
2023-02-24,3706,29.47
2023-02-01,3707,95.6
2023-02-02,3707,98.86
2023-02-03,3707,97.08
2023-02-06,3707,95.8
2023-02-07,3707,96.49
2023-02-08,3707,97.77
2023-02-09,3707,97.18
2023-02-10,3707,94.11
2023-02-13,3707,95.0
2023-02-14,3707,95.89
2023-02-15,3707,94.81
2023-02-16,3707,96.78
2023-02-17,3707,95.4
2023-02-20,3707,96.39
2023-02-21,3707,95.99
2023-02-22,3707,92.14
2023-02-23,3707,92.83
2023-02-24,3707,92.04
2023-02-01,3708,97.15
2023-02-02,3708,97.15
2023-02-03,3708,93.19
2023-02-06,3708,92.75
2023-02-07,3708,93.63
2023-02-08,3708,92.75
2023-02-09,3708,89.23
2023-02-10,3708,89.23
2023-02-13,3708,90.55
2023-02-14,3708,90.99
2023-02-15,3708,93.63
2023-02-16,3708,92.75
2023-02-17,3708,93.19
2023-02-20,3708,93.63
2023-02-21,3708,94.07
2023-02-22,3708,96.71
2023-02-23,3708,98.9
2023-02-24,3708,96.27
2023-02-01,3709,19.96
2023-02-02,3709,19.92
2023-02-03,3709,19.92
2023-02-06,3709,19.61
2023-02-07,3709,19.61
2023-02-08,3709,19.74
2023-02-09,3709,19.57
2023-02-10,3709,19.48
2023-02-13,3709,19.61
2023-02-14,3709,19.61
2023-02-15,3709,19.79
2023-02-16,3709,19.87
2023-02-17,3709,19.92
2023-02-20,3709,20.09
2023-02-21,3709,20.48
2023-02-22,3709,20.48
2023-02-23,3709,20.61
2023-02-24,3709,20.61
2023-02-01,3710,11.5
2023-02-02,3710,11.9
2023-02-03,3710,11.85
2023-02-06,3710,11.85
2023-02-07,3710,12.1
2023-02-08,3710,12.8
2023-02-09,3710,13.15
2023-02-10,3710,12.9
2023-02-13,3710,12.45
2023-02-14,3710,12.35
2023-02-15,3710,13.0
2023-02-16,3710,13.05
2023-02-17,3710,13.0
2023-02-20,3710,12.95
2023-02-21,3710,12.8
2023-02-22,3710,12.5
2023-02-23,3710,12.4
2023-02-24,3710,12.15
2023-02-01,3711,88.42
2023-02-02,3711,89.28
2023-02-03,3711,91.88
2023-02-06,3711,89.72
2023-02-07,3711,89.72
2023-02-08,3711,91.88
2023-02-09,3711,91.88
2023-02-10,3711,91.88
2023-02-13,3711,90.15
2023-02-14,3711,90.58
2023-02-15,3711,90.58
2023-02-16,3711,90.15
2023-02-17,3711,88.42
2023-02-20,3711,89.28
2023-02-21,3711,88.85
2023-02-22,3711,88.85
2023-02-23,3711,89.72
2023-02-24,3711,91.88
2023-02-01,3712,27.41
2023-02-02,3712,27.22
2023-02-03,3712,26.49
2023-02-06,3712,26.68
2023-02-07,3712,26.86
2023-02-08,3712,27.31
2023-02-09,3712,27.31
2023-02-10,3712,27.45
2023-02-13,3712,27.41
2023-02-14,3712,27.27
2023-02-15,3712,28.05
2023-02-16,3712,27.77
2023-02-17,3712,28.05
2023-02-20,3712,28.09
2023-02-21,3712,27.77
2023-02-22,3712,27.54
2023-02-23,3712,28.0
2023-02-24,3712,28.14
2023-02-01,3713,29.76
2023-02-02,3713,30.31
2023-02-03,3713,30.31
2023-02-06,3713,30.91
2023-02-07,3713,31.16
2023-02-08,3713,29.81
2023-02-09,3713,29.81
2023-02-10,3713,29.91
2023-02-13,3713,29.46
2023-02-14,3713,29.71
2023-02-15,3713,29.96
2023-02-16,3713,30.21
2023-02-17,3713,30.26
2023-02-20,3713,30.21
2023-02-21,3713,29.91
2023-02-22,3713,29.41
2023-02-23,3713,29.26
2023-02-24,3713,29.01
2023-02-01,3714,48.89
2023-02-02,3714,48.7
2023-02-03,3714,48.22
2023-02-06,3714,47.93
2023-02-07,3714,48.12
2023-02-08,3714,48.03
2023-02-09,3714,47.26
2023-02-10,3714,46.4
2023-02-13,3714,46.4
2023-02-14,3714,46.5
2023-02-15,3714,46.17
2023-02-16,3714,47.17
2023-02-17,3714,47.55
2023-02-20,3714,48.12
2023-02-21,3714,47.84
2023-02-22,3714,46.93
2023-02-23,3714,47.84
2023-02-24,3714,46.93
2023-02-01,3715,16.03
2023-02-02,3715,16.17
2023-02-03,3715,16.08
2023-02-06,3715,15.99
2023-02-07,3715,16.08
2023-02-08,3715,16.17
2023-02-09,3715,16.4
2023-02-10,3715,16.08
2023-02-13,3715,16.17
2023-02-14,3715,16.12
2023-02-15,3715,16.12
2023-02-16,3715,16.26
2023-02-17,3715,16.22
2023-02-20,3715,16.4
2023-02-21,3715,16.67
2023-02-22,3715,16.4
2023-02-23,3715,16.63
2023-02-24,3715,16.35
2023-02-01,4102,27.06
2023-02-02,4102,27.83
2023-02-03,4102,27.38
2023-02-06,4102,28.69
2023-02-07,4102,29.92
2023-02-08,4102,29.06
2023-02-09,4102,28.38
2023-02-10,4102,27.83
2023-02-13,4102,28.15
2023-02-14,4102,27.92
2023-02-15,4102,27.47
2023-02-16,4102,27.88
2023-02-17,4102,27.06
2023-02-20,4102,27.47
2023-02-21,4102,27.06
2023-02-22,4102,26.43
2023-02-23,4102,26.47
2023-02-24,4102,25.93
2023-02-01,4104,57.52
2023-02-02,4104,57.28
2023-02-03,4104,56.31
2023-02-06,4104,56.63
2023-02-07,4104,58.88
2023-02-08,4104,58.72
2023-02-09,4104,58.56
2023-02-10,4104,60.09
2023-02-13,4104,60.57
2023-02-14,4104,60.65
2023-02-15,4104,60.73
2023-02-16,4104,60.41
2023-02-17,4104,60.65
2023-02-20,4104,61.61
2023-02-21,4104,64.1
2023-02-22,4104,64.02
2023-02-23,4104,63.7
2023-02-24,4104,62.58
2023-02-01,4105,67.12
2023-02-02,4105,67.9
2023-02-03,4105,68.08
2023-02-06,4105,68.08
2023-02-07,4105,68.34
2023-02-08,4105,68.6
2023-02-09,4105,67.9
2023-02-10,4105,67.56
2023-02-13,4105,67.82
2023-02-14,4105,67.56
2023-02-15,4105,67.12
2023-02-16,4105,67.3
2023-02-17,4105,67.82
2023-02-20,4105,68.08
2023-02-21,4105,67.56
2023-02-22,4105,67.38
2023-02-23,4105,67.64
2023-02-24,4105,67.99
2023-02-01,4106,28.81
2023-02-02,4106,30.04
2023-02-03,4106,29.57
2023-02-06,4106,29.43
2023-02-07,4106,29.66
2023-02-08,4106,29.71
2023-02-09,4106,29.24
2023-02-10,4106,29.19
2023-02-13,4106,30.18
2023-02-14,4106,29.95
2023-02-15,4106,29.76
2023-02-16,4106,29.9
2023-02-17,4106,30.23
2023-02-20,4106,30.28
2023-02-21,4106,30.37
2023-02-22,4106,30.04
2023-02-23,4106,30.14
2023-02-24,4106,29.52
2023-02-01,4107,102.86
2023-02-02,4107,102.86
2023-02-03,4107,102.86
2023-02-06,4107,102.4
2023-02-07,4107,103.32
2023-02-08,4107,104.71
2023-02-09,4107,105.18
2023-02-10,4107,103.79
2023-02-13,4107,103.32
2023-02-14,4107,103.32
2023-02-15,4107,103.79
2023-02-16,4107,104.25
2023-02-17,4107,105.18
2023-02-20,4107,104.71
2023-02-21,4107,105.18
2023-02-22,4107,104.71
2023-02-23,4107,106.57
2023-02-24,4107,107.03
2023-02-01,4108,19.1
2023-02-02,4108,19.45
2023-02-03,4108,19.45
2023-02-06,4108,19.6
2023-02-07,4108,19.55
2023-02-08,4108,19.45
2023-02-09,4108,19.6
2023-02-10,4108,19.35
2023-02-13,4108,19.2
2023-02-14,4108,19.15
2023-02-15,4108,19.25
2023-02-16,4108,19.35
2023-02-17,4108,19.45
2023-02-20,4108,19.45
2023-02-21,4108,19.4
2023-02-22,4108,19.25
2023-02-23,4108,19.45
2023-02-24,4108,19.45
2023-02-01,4109,13.67
2023-02-02,4109,13.72
2023-02-03,4109,13.62
2023-02-06,4109,13.96
2023-02-07,4109,13.81
2023-02-08,4109,13.86
2023-02-09,4109,13.91
2023-02-10,4109,13.91
2023-02-13,4109,13.72
2023-02-14,4109,13.67
2023-02-15,4109,13.72
2023-02-16,4109,13.67
2023-02-17,4109,13.76
2023-02-20,4109,14.0
2023-02-21,4109,14.0
2023-02-22,4109,13.81
2023-02-23,4109,14.05
2023-02-24,4109,14.15
2023-02-01,4111,25.24
2023-02-02,4111,25.61
2023-02-03,4111,25.84
2023-02-06,4111,25.8
2023-02-07,4111,25.89
2023-02-08,4111,25.43
2023-02-09,4111,25.2
2023-02-10,4111,25.06
2023-02-13,4111,25.24
2023-02-14,4111,25.24
2023-02-15,4111,25.01
2023-02-16,4111,25.1
2023-02-17,4111,25.1
2023-02-20,4111,25.2
2023-02-21,4111,24.87
2023-02-22,4111,24.87
2023-02-23,4111,25.01
2023-02-24,4111,24.74
2023-02-01,4113,12.51
2023-02-02,4113,12.51
2023-02-03,4113,12.51
2023-02-06,4113,12.46
2023-02-07,4113,13.04
2023-02-08,4113,13.14
2023-02-09,4113,13.04
2023-02-10,4113,12.99
2023-02-13,4113,12.56
2023-02-14,4113,12.6
2023-02-15,4113,12.65
2023-02-16,4113,12.75
2023-02-17,4113,13.14
2023-02-20,4113,13.28
2023-02-21,4113,13.28
2023-02-22,4113,13.28
2023-02-23,4113,13.62
2023-02-24,4113,13.62
2023-02-01,4114,30.26
2023-02-02,4114,31.32
2023-02-03,4114,30.83
2023-02-06,4114,31.32
2023-02-07,4114,32.64
2023-02-08,4114,33.67
2023-02-09,4114,33.24
2023-02-10,4114,32.89
2023-02-13,4114,34.66
2023-02-14,4114,34.2
2023-02-15,4114,33.38
2023-02-16,4114,33.49
2023-02-17,4114,33.31
2023-02-20,4114,33.53
2023-02-21,4114,34.73
2023-02-22,4114,33.81
2023-02-23,4114,34.38
2023-02-24,4114,33.92
2023-02-01,4116,58.65
2023-02-02,4116,58.92
2023-02-03,4116,58.38
2023-02-06,4116,60.26
2023-02-07,4116,60.44
2023-02-08,4116,60.17
2023-02-09,4116,58.74
2023-02-10,4116,58.38
2023-02-13,4116,57.66
2023-02-14,4116,57.39
2023-02-15,4116,56.95
2023-02-16,4116,57.48
2023-02-17,4116,57.66
2023-02-20,4116,58.56
2023-02-21,4116,58.83
2023-02-22,4116,58.02
2023-02-23,4116,57.75
2023-02-24,4116,56.95
2023-02-01,4119,81.63
2023-02-02,4119,82.22
2023-02-03,4119,82.14
2023-02-06,4119,83.23
2023-02-07,4119,84.23
2023-02-08,4119,84.23
2023-02-09,4119,85.91
2023-02-10,4119,83.23
2023-02-13,4119,84.23
2023-02-14,4119,84.23
2023-02-15,4119,83.81
2023-02-16,4119,85.07
2023-02-17,4119,85.49
2023-02-20,4119,87.59
2023-02-21,4119,95.97
2023-02-22,4119,93.45
2023-02-23,4119,93.03
2023-02-24,4119,90.52
2023-02-01,4120,34.8
2023-02-02,4120,34.7
2023-02-03,4120,34.51
2023-02-06,4120,34.9
2023-02-07,4120,34.9
2023-02-08,4120,34.85
2023-02-09,4120,34.7
2023-02-10,4120,34.65
2023-02-13,4120,34.8
2023-02-14,4120,34.75
2023-02-15,4120,34.85
2023-02-16,4120,34.8
2023-02-17,4120,34.94
2023-02-20,4120,34.94
2023-02-21,4120,35.33
2023-02-22,4120,35.14
2023-02-23,4120,35.14
2023-02-24,4120,34.94
2023-02-01,4121,22.4
2023-02-02,4121,22.68
2023-02-03,4121,22.63
2023-02-06,4121,22.82
2023-02-07,4121,22.82
2023-02-08,4121,22.49
2023-02-09,4121,22.21
2023-02-10,4121,21.93
2023-02-13,4121,22.17
2023-02-14,4121,22.07
2023-02-15,4121,22.07
2023-02-16,4121,21.98
2023-02-17,4121,22.12
2023-02-20,4121,22.4
2023-02-21,4121,22.73
2023-02-22,4121,22.77
2023-02-23,4121,22.77
2023-02-24,4121,22.68
2023-02-01,4123,40.92
2023-02-02,4123,41.48
2023-02-03,4123,41.96
2023-02-06,4123,41.7
2023-02-07,4123,41.96
2023-02-08,4123,42.09
2023-02-09,4123,41.52
2023-02-10,4123,41.52
2023-02-13,4123,42.0
2023-02-14,4123,41.78
2023-02-15,4123,41.26
2023-02-16,4123,41.31
2023-02-17,4123,41.26
2023-02-20,4123,40.96
2023-02-21,4123,41.18
2023-02-22,4123,40.87
2023-02-23,4123,41.39
2023-02-24,4123,41.0
2023-02-01,4126,61.84
2023-02-02,4126,61.93
2023-02-03,4126,61.84
2023-02-06,4126,62.1
2023-02-07,4126,63.47
2023-02-08,4126,63.21
2023-02-09,4126,64.24
2023-02-10,4126,63.72
2023-02-13,4126,64.41
2023-02-14,4126,64.67
2023-02-15,4126,65.27
2023-02-16,4126,65.44
2023-02-17,4126,65.95
2023-02-20,4126,66.64
2023-02-21,4126,65.87
2023-02-22,4126,66.21
2023-02-23,4126,65.95
2023-02-24,4126,66.89
2023-02-01,4127,14.59
2023-02-02,4127,14.69
2023-02-03,4127,14.59
2023-02-06,4127,14.54
2023-02-07,4127,14.54
2023-02-08,4127,14.44
2023-02-09,4127,14.34
2023-02-10,4127,14.19
2023-02-13,4127,14.19
2023-02-14,4127,14.34
2023-02-15,4127,14.24
2023-02-16,4127,14.15
2023-02-17,4127,14.19
2023-02-20,4127,14.49
2023-02-21,4127,14.39
2023-02-22,4127,14.49
2023-02-23,4127,14.44
2023-02-24,4127,14.34
2023-02-01,4128,56.61
2023-02-02,4128,57.3
2023-02-03,4128,57.04
2023-02-06,4128,57.74
2023-02-07,4128,58.87
2023-02-08,4128,59.56
2023-02-09,4128,57.91
2023-02-10,4128,58.52
2023-02-13,4128,57.74
2023-02-14,4128,57.04
2023-02-15,4128,57.22
2023-02-16,4128,58.26
2023-02-17,4128,58.08
2023-02-20,4128,58.17
2023-02-21,4128,57.74
2023-02-22,4128,56.87
2023-02-23,4128,57.3
2023-02-24,4128,56.26
2023-02-01,4129,44.07
2023-02-02,4129,44.96
2023-02-03,4129,43.66
2023-02-06,4129,45.71
2023-02-07,4129,45.33
2023-02-08,4129,45.01
2023-02-09,4129,44.35
2023-02-10,4129,44.59
2023-02-13,4129,46.03
2023-02-14,4129,44.35
2023-02-15,4129,43.93
2023-02-16,4129,44.59
2023-02-17,4129,45.43
2023-02-20,4129,45.01
2023-02-21,4129,47.89
2023-02-22,4129,45.15
2023-02-23,4129,46.59
2023-02-24,4129,45.43
2023-02-01,4129A,47.96
2023-02-02,4129A,48.39
2023-02-03,4129A,47.66
2023-02-06,4129A,48.54
2023-02-07,4129A,48.83
2023-02-08,4129A,48.34
2023-02-09,4129A,48.25
2023-02-14,4129A,48.44
2023-02-15,4129A,48.34
2023-02-16,4129A,48.44
2023-02-17,4129A,48.25
2023-02-20,4129A,48.34
2023-02-21,4129A,49.41
2023-02-22,4129A,48.2
2023-02-23,4129A,48.63
2023-02-24,4129A,48.34
2023-02-01,4130,27.43
2023-02-02,4130,27.87
2023-02-03,4130,27.43
2023-02-06,4130,27.82
2023-02-07,4130,28.49
2023-02-08,4130,28.06
2023-02-09,4130,30.84
2023-02-10,4130,29.88
2023-02-13,4130,29.83
2023-02-14,4130,28.92
2023-02-15,4130,28.06
2023-02-16,4130,28.25
2023-02-17,4130,28.1
2023-02-20,4130,29.02
2023-02-21,4130,28.78
2023-02-22,4130,28.34
2023-02-23,4130,28.87
2023-02-24,4130,27.58
2023-02-01,4131,20.4
2023-02-02,4131,20.4
2023-02-07,4131,20.7
2023-02-08,4131,20.4
2023-02-13,4131,20.05
2023-02-14,4131,20.1
2023-02-15,4131,20.1
2023-02-16,4131,20.2
2023-02-17,4131,20.25
2023-02-20,4131,20.3
2023-02-21,4131,20.6
2023-02-22,4131,20.6
2023-02-23,4131,20.85
2023-02-24,4131,21.6
2023-02-01,4133,35.78
2023-02-02,4133,36.42
2023-02-03,4133,37.07
2023-02-06,4133,36.7
2023-02-07,4133,36.8
2023-02-08,4133,36.89
2023-02-09,4133,36.47
2023-02-10,4133,35.5
2023-02-13,4133,35.27
2023-02-14,4133,35.45
2023-02-15,4133,35.41
2023-02-16,4133,35.54
2023-02-17,4133,35.5
2023-02-20,4133,35.27
2023-02-21,4133,35.27
2023-02-22,4133,34.8
2023-02-23,4133,35.17
2023-02-24,4133,34.76
2023-02-01,4137,176.56
2023-02-02,4137,175.74
2023-02-03,4137,180.25
2023-02-06,4137,183.13
2023-02-07,4137,182.72
2023-02-08,4137,179.02
2023-02-09,4137,177.79
2023-02-10,4137,183.13
2023-02-13,4137,179.43
2023-02-14,4137,180.25
2023-02-15,4137,181.48
2023-02-16,4137,180.25
2023-02-17,4137,188.05
2023-02-20,4137,190.52
2023-02-21,4137,187.23
2023-02-22,4137,190.93
2023-02-23,4137,195.03
2023-02-24,4137,175.74
2023-02-01,4138,47.76
2023-02-02,4138,47.98
2023-02-03,4138,48.13
2023-02-06,4138,48.86
2023-02-07,4138,49.15
2023-02-08,4138,49.29
2023-02-09,4138,48.86
2023-02-10,4138,49.59
2023-02-13,4138,50.17
2023-02-14,4138,50.17
2023-02-15,4138,50.24
2023-02-16,4138,50.1
2023-02-17,4138,49.81
2023-02-20,4138,49.95
2023-02-21,4138,51.56
2023-02-22,4138,52.94
2023-02-23,4138,53.01
2023-02-24,4138,53.01
2023-02-01,4139,39.75
2023-02-02,4139,39.7
2023-02-03,4139,40.0
2023-02-06,4139,39.75
2023-02-07,4139,39.65
2023-02-08,4139,39.65
2023-02-09,4139,40.0
2023-02-10,4139,39.9
2023-02-13,4139,39.15
2023-02-14,4139,39.2
2023-02-15,4139,38.9
2023-02-16,4139,39.35
2023-02-17,4139,38.95
2023-02-20,4139,38.95
2023-02-21,4139,39.0
2023-02-22,4139,39.0
2023-02-23,4139,39.0
2023-02-24,4139,39.0
2023-02-01,4142,39.65
2023-02-02,4142,39.9
2023-02-03,4142,40.75
2023-02-06,4142,40.25
2023-02-07,4142,41.6
2023-02-08,4142,41.55
2023-02-09,4142,41.15
2023-02-10,4142,40.2
2023-02-13,4142,40.5
2023-02-14,4142,40.25
2023-02-15,4142,39.75
2023-02-16,4142,39.9
2023-02-17,4142,39.75
2023-02-20,4142,41.1
2023-02-21,4142,41.0
2023-02-22,4142,40.15
2023-02-23,4142,40.5
2023-02-24,4142,40.6
2023-02-01,4147,67.39
2023-02-02,4147,68.38
2023-02-03,4147,69.06
2023-02-06,4147,69.36
2023-02-07,4147,69.85
2023-02-08,4147,69.75
2023-02-09,4147,69.55
2023-02-10,4147,68.28
2023-02-13,4147,68.97
2023-02-14,4147,68.57
2023-02-15,4147,67.59
2023-02-16,4147,67.59
2023-02-17,4147,67.2
2023-02-20,4147,67.49
2023-02-21,4147,68.87
2023-02-22,4147,69.55
2023-02-23,4147,76.43
2023-02-24,4147,78.2
2023-02-01,4148,56.86
2023-02-02,4148,57.71
2023-02-03,4148,60.24
2023-02-06,4148,62.03
2023-02-07,4148,62.97
2023-02-08,4148,61.84
2023-02-09,4148,61.84
2023-02-10,4148,61.84
2023-02-13,4148,62.41
2023-02-14,4148,62.22
2023-02-15,4148,61.56
2023-02-16,4148,64.1
2023-02-17,4148,67.76
2023-02-20,4148,66.64
2023-02-21,4148,64.85
2023-02-22,4148,64.94
2023-02-23,4148,64.1
2023-02-24,4148,63.16
2023-02-01,4153,35.9
2023-02-02,4153,36.8
2023-02-03,4153,35.63
2023-02-06,4153,36.4
2023-02-07,4153,37.16
2023-02-08,4153,37.21
2023-02-09,4153,35.45
2023-02-10,4153,34.9
2023-02-13,4153,34.09
2023-02-14,4153,34.99
2023-02-15,4153,36.26
2023-02-16,4153,35.72
2023-02-17,4153,36.76
2023-02-20,4153,37.16
2023-02-21,4153,36.44
2023-02-22,4153,38.07
2023-02-23,4153,36.49
2023-02-24,4153,34.68
2023-02-01,4154,55.54
2023-02-02,4154,54.46
2023-02-03,4154,53.44
2023-02-06,4154,53.59
2023-02-07,4154,53.15
2023-02-08,4154,53.15
2023-02-09,4154,53.88
2023-02-10,4154,52.07
2023-02-13,4154,53.15
2023-02-14,4154,53.51
2023-02-15,4154,52.72
2023-02-16,4154,51.41
2023-02-17,4154,51.27
2023-02-20,4154,50.69
2023-02-21,4154,50.4
2023-02-22,4154,51.63
2023-02-23,4154,51.7
2023-02-24,4154,50.69
2023-02-01,4155,25.65
2023-02-02,4155,26.11
2023-02-03,4155,26.15
2023-02-06,4155,26.9
2023-02-07,4155,27.77
2023-02-08,4155,28.02
2023-02-09,4155,28.56
2023-02-10,4155,27.81
2023-02-13,4155,27.77
2023-02-14,4155,27.86
2023-02-15,4155,27.98
2023-02-16,4155,27.86
2023-02-17,4155,27.32
2023-02-20,4155,26.73
2023-02-21,4155,26.9
2023-02-22,4155,27.52
2023-02-23,4155,27.48
2023-02-24,4155,27.48
2023-02-01,4157,15.5
2023-02-02,4157,15.9
2023-02-03,4157,15.95
2023-02-06,4157,16.0
2023-02-07,4157,16.0
2023-02-08,4157,15.9
2023-02-09,4157,15.9
2023-02-10,4157,15.6
2023-02-13,4157,15.8
2023-02-14,4157,15.75
2023-02-15,4157,15.6
2023-02-16,4157,15.75
2023-02-17,4157,15.6
2023-02-20,4157,15.85
2023-02-21,4157,15.75
2023-02-22,4157,15.6
2023-02-23,4157,15.75
2023-02-24,4157,15.5
2023-02-01,4160,24.49
2023-02-02,4160,24.84
2023-02-03,4160,24.93
2023-02-06,4160,25.51
2023-02-07,4160,25.25
2023-02-08,4160,25.11
2023-02-09,4160,25.2
2023-02-10,4160,25.07
2023-02-13,4160,25.02
2023-02-14,4160,25.11
2023-02-15,4160,25.6
2023-02-16,4160,25.47
2023-02-17,4160,25.02
2023-02-20,4160,25.25
2023-02-21,4160,25.02
2023-02-22,4160,25.2
2023-02-23,4160,25.07
2023-02-24,4160,25.02
2023-02-01,4161,25.57
2023-02-02,4161,25.76
2023-02-03,4161,25.85
2023-02-06,4161,25.01
2023-02-07,4161,25.43
2023-02-08,4161,25.34
2023-02-09,4161,25.29
2023-02-10,4161,25.2
2023-02-13,4161,24.87
2023-02-14,4161,24.82
2023-02-15,4161,24.78
2023-02-16,4161,25.2
2023-02-17,4161,24.92
2023-02-20,4161,24.73
2023-02-21,4161,24.87
2023-02-22,4161,24.82
2023-02-23,4161,25.57
2023-02-24,4161,25.15
2023-02-01,4162,109.72
2023-02-02,4162,114.03
2023-02-03,4162,114.03
2023-02-06,4162,116.43
2023-02-07,4162,115.95
2023-02-08,4162,117.87
2023-02-09,4162,115.95
2023-02-10,4162,111.64
2023-02-13,4162,110.2
2023-02-14,4162,111.64
2023-02-15,4162,110.2
2023-02-16,4162,113.08
2023-02-17,4162,115.47
2023-02-20,4162,114.03
2023-02-21,4162,113.55
2023-02-22,4162,110.68
2023-02-23,4162,111.64
2023-02-24,4162,109.72
2023-02-01,4163,107.72
2023-02-02,4163,106.8
2023-02-03,4163,106.8
2023-02-06,4163,105.89
2023-02-07,4163,116.39
2023-02-08,4163,116.39
2023-02-09,4163,115.48
2023-02-10,4163,115.02
2023-02-13,4163,119.13
2023-02-14,4163,118.67
2023-02-15,4163,116.84
2023-02-16,4163,120.04
2023-02-17,4163,128.26
2023-02-20,4163,125.52
2023-02-21,4163,126.89
2023-02-22,4163,124.15
2023-02-23,4163,125.52
2023-02-24,4163,123.69
2023-02-01,4164,48.24
2023-02-02,4164,48.6
2023-02-03,4164,48.15
2023-02-06,4164,48.69
2023-02-07,4164,50.33
2023-02-08,4164,50.24
2023-02-09,4164,48.97
2023-02-10,4164,48.24
2023-02-13,4164,50.42
2023-02-14,4164,49.87
2023-02-15,4164,49.69
2023-02-16,4164,50.33
2023-02-17,4164,55.31
2023-02-20,4164,54.5
2023-02-21,4164,53.59
2023-02-22,4164,52.96
2023-02-23,4164,55.04
2023-02-24,4164,54.41
2023-02-01,4167,20.98
2023-02-02,4167,21.18
2023-02-03,4167,20.89
2023-02-06,4167,21.13
2023-02-07,4167,21.08
2023-02-08,4167,20.84
2023-02-09,4167,20.79
2023-02-10,4167,20.02
2023-02-13,4167,20.26
2023-02-14,4167,20.65
2023-02-15,4167,20.21
2023-02-16,4167,20.31
2023-02-17,4167,20.02
2023-02-20,4167,20.21
2023-02-21,4167,20.21
2023-02-22,4167,19.82
2023-02-23,4167,20.16
2023-02-24,4167,19.87
2023-02-01,4168,32.15
2023-02-02,4168,32.5
2023-02-03,4168,32.25
2023-02-06,4168,32.55
2023-02-07,4168,33.15
2023-02-08,4168,32.9
2023-02-09,4168,32.85
2023-02-10,4168,32.3
2023-02-13,4168,32.1
2023-02-14,4168,32.1
2023-02-15,4168,31.75
2023-02-16,4168,31.75
2023-02-17,4168,32.55
2023-02-20,4168,32.85
2023-02-21,4168,33.55
2023-02-22,4168,34.55
2023-02-23,4168,34.8
2023-02-24,4168,33.6
2023-02-01,4171,48.5
2023-02-02,4171,49.74
2023-02-03,4171,49.04
2023-02-06,4171,49.74
2023-02-07,4171,49.66
2023-02-08,4171,49.27
2023-02-09,4171,48.26
2023-02-10,4171,47.64
2023-02-13,4171,46.55
2023-02-14,4171,46.71
2023-02-15,4171,46.09
2023-02-16,4171,46.71
2023-02-17,4171,47.18
2023-02-20,4171,48.03
2023-02-21,4171,47.56
2023-02-22,4171,47.25
2023-02-23,4171,47.95
2023-02-24,4171,47.1
2023-02-01,4173,16.57
2023-02-02,4173,16.75
2023-02-03,4173,16.75
2023-02-06,4173,16.88
2023-02-07,4173,16.88
2023-02-08,4173,16.84
2023-02-09,4173,16.84
2023-02-10,4173,16.66
2023-02-13,4173,16.66
2023-02-14,4173,16.66
2023-02-15,4173,16.66
2023-02-16,4173,16.75
2023-02-17,4173,16.75
2023-02-20,4173,16.84
2023-02-21,4173,16.84
2023-02-22,4173,16.75
2023-02-23,4173,16.84
2023-02-24,4173,16.75
2023-02-01,4174,72.47
2023-02-02,4174,75.85
2023-02-03,4174,75.75
2023-02-06,4174,76.74
2023-02-07,4174,76.44
2023-02-08,4174,76.84
2023-02-09,4174,78.33
2023-02-10,4174,76.24
2023-02-13,4174,77.24
2023-02-14,4174,76.74
2023-02-15,4174,75.45
2023-02-16,4174,76.05
2023-02-17,4174,78.23
2023-02-20,4174,77.14
2023-02-21,4174,80.91
2023-02-22,4174,80.51
2023-02-23,4174,81.8
2023-02-24,4174,81.21
2023-02-01,4175,64.02
2023-02-02,4175,64.7
2023-02-03,4175,64.87
2023-02-06,4175,65.8
2023-02-07,4175,65.89
2023-02-08,4175,66.06
2023-02-09,4175,65.8
2023-02-10,4175,65.29
2023-02-13,4175,64.87
2023-02-14,4175,64.95
2023-02-15,4175,64.53
2023-02-16,4175,64.78
2023-02-17,4175,64.87
2023-02-20,4175,65.89
2023-02-21,4175,66.06
2023-02-22,4175,65.97
2023-02-23,4175,65.97
2023-02-24,4175,67.08
2023-02-01,4183,17.2
2023-02-02,4183,17.11
2023-02-03,4183,17.34
2023-02-06,4183,17.38
2023-02-07,4183,17.2
2023-02-08,4183,16.92
2023-02-09,4183,16.92
2023-02-10,4183,16.87
2023-02-13,4183,16.92
2023-02-15,4183,17.2
2023-02-16,4183,17.06
2023-02-17,4183,17.24
2023-02-20,4183,17.34
2023-02-21,4183,17.38
2023-02-22,4183,17.24
2023-02-23,4183,17.48
2023-02-24,4183,17.48
2023-02-01,4188,15.77
2023-02-02,4188,16.06
2023-02-03,4188,15.92
2023-02-06,4188,16.06
2023-02-07,4188,16.26
2023-02-08,4188,16.16
2023-02-09,4188,16.16
2023-02-10,4188,15.97
2023-02-13,4188,16.06
2023-02-14,4188,16.01
2023-02-15,4188,16.16
2023-02-16,4188,16.11
2023-02-17,4188,16.06
2023-02-20,4188,16.01
2023-02-21,4188,16.01
2023-02-22,4188,15.97
2023-02-23,4188,16.45
2023-02-24,4188,16.31
2023-02-01,4190,72.12
2023-02-02,4190,72.21
2023-02-03,4190,73.64
2023-02-06,4190,73.83
2023-02-07,4190,73.45
2023-02-08,4190,73.07
2023-02-09,4190,72.78
2023-02-10,4190,72.21
2023-02-13,4190,72.69
2023-02-14,4190,73.93
2023-02-15,4190,73.83
2023-02-16,4190,74.12
2023-02-17,4190,76.41
2023-02-20,4190,77.37
2023-02-21,4190,77.94
2023-02-22,4190,79.95
2023-02-23,4190,80.71
2023-02-24,4190,78.61
2023-02-01,4192,91.62
2023-02-02,4192,95.47
2023-02-03,4192,96.94
2023-02-06,4192,96.76
2023-02-07,4192,94.01
2023-02-08,4192,93.28
2023-02-09,4192,93.28
2023-02-10,4192,94.01
2023-02-13,4192,92.18
2023-02-14,4192,91.8
2023-02-15,4192,91.44
2023-02-16,4192,91.44
2023-02-17,4192,91.8
2023-02-20,4192,91.62
2023-02-21,4192,91.44
2023-02-22,4192,89.23
2023-02-23,4192,89.42
2023-02-24,4192,89.23
2023-02-01,4198,26.3
2023-02-02,4198,26.6
2023-02-06,4198,27.25
2023-02-07,4198,26.85
2023-02-08,4198,26.25
2023-02-09,4198,25.75
2023-02-10,4198,26.1
2023-02-13,4198,25.8
2023-02-16,4198,25.7
2023-02-17,4198,26.0
2023-02-20,4198,26.0
2023-02-21,4198,25.4
2023-02-22,4198,25.7
2023-02-23,4198,25.4
2023-02-24,4198,25.65
2023-02-01,4205,96.92
2023-02-02,4205,96.92
2023-02-03,4205,96.45
2023-02-06,4205,96.45
2023-02-07,4205,97.39
2023-02-08,4205,97.86
2023-02-09,4205,99.74
2023-02-10,4205,101.15
2023-02-13,4205,103.03
2023-02-14,4205,103.03
2023-02-15,4205,100.21
2023-02-16,4205,100.21
2023-02-17,4205,99.74
2023-02-20,4205,100.68
2023-02-21,4205,99.27
2023-02-22,4205,99.27
2023-02-23,4205,101.15
2023-02-24,4205,99.74
2023-02-01,4207,10.68
2023-02-02,4207,10.68
2023-02-03,4207,10.72
2023-02-06,4207,10.68
2023-02-07,4207,10.72
2023-02-08,4207,10.8
2023-02-09,4207,10.76
2023-02-10,4207,10.76
2023-02-13,4207,10.76
2023-02-14,4207,10.72
2023-02-15,4207,10.72
2023-02-16,4207,10.76
2023-02-17,4207,10.72
2023-02-20,4207,10.88
2023-02-21,4207,10.84
2023-02-22,4207,10.8
2023-02-23,4207,10.84
2023-02-24,4207,10.84
2023-02-01,4303,14.84
2023-02-02,4303,14.88
2023-02-03,4303,14.88
2023-02-06,4303,14.84
2023-02-07,4303,14.93
2023-02-08,4303,15.27
2023-02-09,4303,15.18
2023-02-10,4303,15.18
2023-02-13,4303,14.98
2023-02-14,4303,15.13
2023-02-15,4303,15.08
2023-02-16,4303,15.08
2023-02-17,4303,15.13
2023-02-20,4303,15.32
2023-02-21,4303,15.37
2023-02-22,4303,16.88
2023-02-23,4303,18.01
2023-02-24,4303,17.13
2023-02-01,4304,9.82
2023-02-02,4304,9.8
2023-02-03,4304,9.9
2023-02-06,4304,9.9
2023-02-07,4304,9.97
2023-02-08,4304,9.97
2023-02-09,4304,9.97
2023-02-10,4304,9.91
2023-02-13,4304,9.73
2023-02-14,4304,9.85
2023-02-15,4304,9.71
2023-02-16,4304,9.7
2023-02-17,4304,9.75
2023-02-20,4304,9.65
2023-02-21,4304,9.67
2023-02-22,4304,9.7
2023-02-23,4304,9.71
2023-02-24,4304,9.68
2023-02-02,4305,27.3
2023-02-03,4305,27.3
2023-02-06,4305,27.3
2023-02-07,4305,27.3
2023-02-08,4305,27.3
2023-02-09,4305,26.98
2023-02-10,4305,26.85
2023-02-13,4305,26.98
2023-02-14,4305,27.12
2023-02-15,4305,27.03
2023-02-16,4305,27.12
2023-02-17,4305,27.52
2023-02-20,4305,27.34
2023-02-21,4305,27.12
2023-02-22,4305,27.16
2023-02-23,4305,27.12
2023-02-24,4305,26.94
2023-02-01,4306,13.12
2023-02-02,4306,13.17
2023-02-03,4306,13.12
2023-02-06,4306,13.17
2023-02-07,4306,13.12
2023-02-08,4306,13.17
2023-02-09,4306,13.17
2023-02-10,4306,13.03
2023-02-13,4306,12.99
2023-02-14,4306,13.08
2023-02-15,4306,12.99
2023-02-16,4306,13.03
2023-02-17,4306,13.08
2023-02-20,4306,13.21
2023-02-21,4306,13.17
2023-02-22,4306,13.17
2023-02-23,4306,13.26
2023-02-24,4306,13.21
2023-02-01,4401,25.16
2023-02-02,4401,25.16
2023-02-03,4401,25.4
2023-02-06,4401,25.35
2023-02-07,4401,25.45
2023-02-08,4401,26.16
2023-02-09,4401,26.07
2023-02-10,4401,25.59
2023-02-13,4401,25.4
2023-02-14,4401,25.45
2023-02-15,4401,25.4
2023-02-16,4401,25.45
2023-02-17,4401,25.4
2023-02-20,4401,25.4
2023-02-21,4401,25.83
2023-02-22,4401,25.97
2023-02-23,4401,26.07
2023-02-24,4401,26.02
2023-02-01,4402,10.8
2023-02-02,4402,11.2
2023-02-03,4402,10.9
2023-02-06,4402,10.75
2023-02-07,4402,10.5
2023-02-08,4402,10.7
2023-02-09,4402,10.5
2023-02-10,4402,10.45
2023-02-13,4402,10.5
2023-02-14,4402,10.5
2023-02-15,4402,10.35
2023-02-16,4402,10.4
2023-02-17,4402,11.4
2023-02-20,4402,11.75
2023-02-21,4402,11.25
2023-02-22,4402,11.0
2023-02-23,4402,11.0
2023-02-24,4402,10.8
2023-02-01,4406,10.35
2023-02-02,4406,10.25
2023-02-03,4406,10.3
2023-02-06,4406,10.3
2023-02-07,4406,10.35
2023-02-08,4406,10.35
2023-02-09,4406,10.35
2023-02-10,4406,10.3
2023-02-13,4406,10.3
2023-02-14,4406,10.35
2023-02-16,4406,10.35
2023-02-17,4406,10.4
2023-02-20,4406,10.45
2023-02-21,4406,10.5
2023-02-22,4406,10.45
2023-02-23,4406,10.45
2023-02-24,4406,10.5
2023-02-01,4413,15.29
2023-02-02,4413,15.76
2023-02-03,4413,15.8
2023-02-06,4413,15.76
2023-02-07,4413,15.94
2023-02-08,4413,15.71
2023-02-09,4413,15.94
2023-02-10,4413,16.04
2023-02-13,4413,16.55
2023-02-14,4413,16.32
2023-02-15,4413,16.37
2023-02-16,4413,16.27
2023-02-17,4413,16.13
2023-02-20,4413,16.18
2023-02-21,4413,15.99
2023-02-22,4413,15.85
2023-02-23,4413,15.9
2023-02-24,4413,16.88
2023-02-01,4416,65.61
2023-02-02,4416,66.19
2023-02-03,4416,66.52
2023-02-06,4416,72.29
2023-02-07,4416,72.79
2023-02-08,4416,70.89
2023-02-09,4416,70.89
2023-02-10,4416,70.72
2023-02-13,4416,71.05
2023-02-14,4416,71.63
2023-02-15,4416,72.54
2023-02-16,4416,72.62
2023-02-17,4416,73.2
2023-02-20,4416,72.71
2023-02-21,4416,72.71
2023-02-22,4416,72.71
2023-02-23,4416,72.71
2023-02-24,4416,71.8
2023-02-01,4417,31.19
2023-02-02,4417,31.27
2023-02-03,4417,31.27
2023-02-06,4417,31.48
2023-02-07,4417,31.57
2023-02-08,4417,31.57
2023-02-09,4417,31.44
2023-02-10,4417,31.48
2023-02-13,4417,31.69
2023-02-14,4417,31.69
2023-02-15,4417,31.69
2023-02-16,4417,31.77
2023-02-17,4417,31.73
2023-02-20,4417,31.73
2023-02-21,4417,31.73
2023-02-22,4417,31.73
2023-02-23,4417,31.73
2023-02-24,4417,31.94
2023-02-06,4419,11.0
2023-02-07,4419,11.0
2023-02-13,4419,10.5
2023-02-14,4419,11.25
2023-02-15,4419,11.25
2023-02-01,4420,14.18
2023-02-02,4420,14.22
2023-02-03,4420,14.27
2023-02-06,4420,14.15
2023-02-07,4420,14.25
2023-02-08,4420,14.2
2023-02-09,4420,14.2
2023-02-10,4420,14.15
2023-02-13,4420,14.18
2023-02-14,4420,14.2
2023-02-15,4420,14.2
2023-02-16,4420,14.22
2023-02-17,4420,14.13
2023-02-20,4420,14.15
2023-02-21,4420,14.11
2023-02-22,4420,14.13
2023-02-23,4420,14.15
2023-02-24,4420,14.15
2023-02-01,4426,28.35
2023-02-02,4426,28.1
2023-02-03,4426,28.25
2023-02-06,4426,28.5
2023-02-07,4426,28.1
2023-02-08,4426,27.65
2023-02-09,4426,27.6
2023-02-10,4426,27.05
2023-02-13,4426,26.45
2023-02-14,4426,26.4
2023-02-15,4426,26.15
2023-02-16,4426,26.25
2023-02-17,4426,26.25
2023-02-20,4426,26.3
2023-02-21,4426,26.3
2023-02-22,4426,25.7
2023-02-23,4426,26.1
2023-02-24,4426,26.05
2023-02-01,4430,21.07
2023-02-02,4430,20.87
2023-02-03,4430,20.78
2023-02-06,4430,20.68
2023-02-07,4430,20.97
2023-02-08,4430,20.97
2023-02-09,4430,21.02
2023-02-10,4430,21.02
2023-02-13,4430,20.83
2023-02-14,4430,21.16
2023-02-15,4430,21.16
2023-02-16,4430,20.97
2023-02-17,4430,21.02
2023-02-20,4430,21.21
2023-02-21,4430,21.07
2023-02-22,4430,21.4
2023-02-23,4430,21.35
2023-02-24,4430,21.3
2023-02-01,4432,23.7
2023-02-02,4432,23.94
2023-02-03,4432,23.41
2023-02-06,4432,23.36
2023-02-07,4432,23.84
2023-02-08,4432,23.84
2023-02-09,4432,23.8
2023-02-10,4432,23.6
2023-02-13,4432,23.65
2023-02-14,4432,23.65
2023-02-15,4432,23.41
2023-02-16,4432,23.55
2023-02-17,4432,24.04
2023-02-20,4432,24.38
2023-02-21,4432,24.48
2023-02-22,4432,26.03
2023-02-23,4432,26.03
2023-02-24,4432,27.2
2023-02-01,4433,27.77
2023-02-02,4433,27.68
2023-02-03,4433,28.0
2023-02-06,4433,28.46
2023-02-07,4433,28.46
2023-02-08,4433,28.18
2023-02-09,4433,28.05
2023-02-10,4433,28.0
2023-02-13,4433,28.09
2023-02-14,4433,28.14
2023-02-15,4433,28.09
2023-02-16,4433,27.95
2023-02-17,4433,28.0
2023-02-20,4433,28.09
2023-02-21,4433,28.92
2023-02-22,4433,31.79
2023-02-23,4433,34.93
2023-02-24,4433,35.16
2023-02-01,4438,113.36
2023-02-02,4438,113.36
2023-02-03,4438,113.36
2023-02-06,4438,112.91
2023-02-07,4438,114.71
2023-02-08,4438,113.81
2023-02-09,4438,110.21
2023-02-10,4438,109.76
2023-02-13,4438,108.86
2023-02-14,4438,108.86
2023-02-15,4438,107.51
2023-02-16,4438,108.41
2023-02-17,4438,107.51
2023-02-20,4438,109.76
2023-02-21,4438,108.86
2023-02-22,4438,107.96
2023-02-23,4438,109.31
2023-02-24,4438,109.76
2023-02-01,4439,95.91
2023-02-02,4439,95.91
2023-02-03,4439,95.91
2023-02-06,4439,96.39
2023-02-07,4439,96.39
2023-02-08,4439,95.91
2023-02-09,4439,95.91
2023-02-10,4439,95.91
2023-02-13,4439,96.39
2023-02-14,4439,95.91
2023-02-15,4439,105.41
2023-02-16,4439,109.68
2023-02-17,4439,107.78
2023-02-20,4439,107.31
2023-02-21,4439,108.26
2023-02-22,4439,104.46
2023-02-23,4439,107.31
2023-02-24,4439,106.36
2023-02-01,4440,26.26
2023-02-02,4440,26.38
2023-02-03,4440,26.34
2023-02-06,4440,26.67
2023-02-07,4440,26.67
2023-02-08,4440,26.63
2023-02-09,4440,26.51
2023-02-10,4440,26.38
2023-02-13,4440,26.22
2023-02-14,4440,26.3
2023-02-15,4440,26.42
2023-02-16,4440,26.42
2023-02-17,4440,26.55
2023-02-20,4440,27.49
2023-02-21,4440,27.12
2023-02-22,4440,27.33
2023-02-23,4440,27.41
2023-02-24,4440,27.53
2023-02-01,4502,37.45
2023-02-02,4502,37.15
2023-02-03,4502,37.35
2023-02-06,4502,37.2
2023-02-07,4502,37.1
2023-02-08,4502,37.5
2023-02-09,4502,37.1
2023-02-10,4502,37.0
2023-02-13,4502,37.0
2023-02-14,4502,37.0
2023-02-15,4502,36.95
2023-02-16,4502,37.3
2023-02-17,4502,37.15
2023-02-20,4502,37.15
2023-02-21,4502,37.05
2023-02-22,4502,37.0
2023-02-23,4502,37.0
2023-02-24,4502,37.0
2023-02-01,4503,35.96
2023-02-02,4503,37.01
2023-02-03,4503,36.25
2023-02-06,4503,37.39
2023-02-07,4503,37.63
2023-02-08,4503,39.44
2023-02-09,4503,40.06
2023-02-10,4503,41.63
2023-02-13,4503,43.02
2023-02-14,4503,42.02
2023-02-15,4503,41.4
2023-02-16,4503,42.44
2023-02-17,4503,45.5
2023-02-20,4503,45.93
2023-02-21,4503,46.59
2023-02-22,4503,46.16
2023-02-23,4503,45.88
2023-02-24,4503,44.35
2023-02-01,4506,64.76
2023-02-02,4506,64.66
2023-02-03,4506,64.66
2023-02-06,4506,64.57
2023-02-07,4506,64.85
2023-02-08,4506,64.85
2023-02-09,4506,65.12
2023-02-10,4506,66.79
2023-02-13,4506,66.97
2023-02-14,4506,67.25
2023-02-15,4506,66.69
2023-02-16,4506,66.51
2023-02-17,4506,66.79
2023-02-20,4506,66.79
2023-02-21,4506,67.43
2023-02-22,4506,67.34
2023-02-23,4506,68.36
2023-02-24,4506,68.27
2023-02-01,4510,9.44
2023-02-02,4510,9.53
2023-02-03,4510,9.48
2023-02-06,4510,9.53
2023-02-07,4510,9.53
2023-02-08,4510,9.57
2023-02-09,4510,9.62
2023-02-10,4510,9.53
2023-02-13,4510,9.62
2023-02-14,4510,9.57
2023-02-15,4510,9.57
2023-02-16,4510,9.57
2023-02-17,4510,9.71
2023-02-20,4510,9.8
2023-02-21,4510,9.8
2023-02-22,4510,9.76
2023-02-23,4510,10.03
2023-02-24,4510,10.13
2023-02-01,4513,19.09
2023-02-02,4513,18.9
2023-02-03,4513,19.23
2023-02-06,4513,19.18
2023-02-07,4513,19.0
2023-02-08,4513,18.85
2023-02-09,4513,18.81
2023-02-10,4513,18.25
2023-02-13,4513,18.62
2023-02-14,4513,18.53
2023-02-15,4513,18.53
2023-02-16,4513,18.39
2023-02-17,4513,18.11
2023-02-20,4513,18.01
2023-02-21,4513,18.25
2023-02-22,4513,17.59
2023-02-23,4513,17.64
2023-02-24,4513,17.55
2023-02-01,4523,44.0
2023-02-02,4523,43.7
2023-02-03,4523,45.7
2023-02-06,4523,47.5
2023-02-07,4523,46.8
2023-02-08,4523,48.5
2023-02-09,4523,48.65
2023-02-10,4523,48.55
2023-02-13,4523,49.05
2023-02-14,4523,48.9
2023-02-15,4523,47.65
2023-02-16,4523,47.8
2023-02-17,4523,46.95
2023-02-20,4523,45.0
2023-02-21,4523,44.8
2023-02-22,4523,44.75
2023-02-23,4523,44.4
2023-02-24,4523,44.2
2023-02-01,4526,13.97
2023-02-02,4526,14.17
2023-02-03,4526,14.26
2023-02-06,4526,14.07
2023-02-07,4526,14.17
2023-02-08,4526,14.21
2023-02-09,4526,14.26
2023-02-10,4526,14.31
2023-02-13,4526,14.36
2023-02-14,4526,14.41
2023-02-15,4526,14.41
2023-02-16,4526,14.46
2023-02-17,4526,15.89
2023-02-20,4526,16.63
2023-02-21,4526,16.53
2023-02-22,4526,16.48
2023-02-23,4526,16.63
2023-02-24,4526,16.38
2023-02-01,4527,24.08
2023-02-02,4527,24.29
2023-02-03,4527,24.21
2023-02-06,4527,24.38
2023-02-07,4527,24.38
2023-02-08,4527,24.25
2023-02-09,4527,24.25
2023-02-10,4527,24.13
2023-02-13,4527,24.17
2023-02-14,4527,24.25
2023-02-15,4527,24.21
2023-02-16,4527,24.17
2023-02-17,4527,24.13
2023-02-20,4527,24.21
2023-02-21,4527,24.21
2023-02-22,4527,24.21
2023-02-23,4527,24.25
2023-02-24,4527,24.25
2023-02-01,4528,29.29
2023-02-02,4528,29.52
2023-02-03,4528,29.85
2023-02-06,4528,30.27
2023-02-07,4528,30.27
2023-02-08,4528,30.13
2023-02-09,4528,30.32
2023-02-10,4528,30.04
2023-02-13,4528,29.66
2023-02-14,4528,29.66
2023-02-15,4528,29.62
2023-02-16,4528,29.52
2023-02-17,4528,29.57
2023-02-20,4528,31.81
2023-02-21,4528,31.76
2023-02-22,4528,32.46
2023-02-23,4528,32.04
2023-02-24,4528,32.09
2023-02-01,4529,8.98
2023-02-02,4529,9.1
2023-02-03,4529,9.0
2023-02-06,4529,9.1
2023-02-07,4529,10.0
2023-02-08,4529,11.0
2023-02-09,4529,10.65
2023-02-10,4529,10.9
2023-02-13,4529,10.65
2023-02-14,4529,10.5
2023-02-15,4529,10.6
2023-02-16,4529,10.65
2023-02-17,4529,10.7
2023-02-20,4529,11.75
2023-02-21,4529,11.3
2023-02-22,4529,11.2
2023-02-23,4529,11.15
2023-02-24,4529,10.8
2023-02-01,4530,7.39
2023-02-02,4530,7.27
2023-02-03,4530,7.26
2023-02-06,4530,7.03
2023-02-07,4530,7.1
2023-02-08,4530,7.02
2023-02-09,4530,7.03
2023-02-13,4530,7.04
2023-02-14,4530,6.83
2023-02-15,4530,6.97
2023-02-16,4530,6.92
2023-02-17,4530,6.96
2023-02-20,4530,6.93
2023-02-21,4530,6.95
2023-02-22,4530,6.87
2023-02-23,4530,6.88
2023-02-24,4530,6.85
2023-02-01,4532,14.55
2023-02-02,4532,14.76
2023-02-03,4532,14.81
2023-02-06,4532,14.76
2023-02-07,4532,14.81
2023-02-08,4532,14.68
2023-02-09,4532,14.72
2023-02-10,4532,14.59
2023-02-13,4532,14.59
2023-02-14,4532,14.63
2023-02-15,4532,14.59
2023-02-16,4532,14.68
2023-02-17,4532,14.72
2023-02-20,4532,14.93
2023-02-21,4532,14.93
2023-02-22,4532,14.93
2023-02-23,4532,14.89
2023-02-24,4532,14.93
2023-02-01,4533,9.83
2023-02-02,4533,9.88
2023-02-03,4533,9.83
2023-02-06,4533,9.74
2023-02-07,4533,9.79
2023-02-08,4533,9.83
2023-02-09,4533,10.8
2023-02-10,4533,10.34
2023-02-13,4533,10.57
2023-02-14,4533,10.48
2023-02-15,4533,10.38
2023-02-16,4533,10.38
2023-02-17,4533,10.71
2023-02-20,4533,10.84
2023-02-21,4533,10.75
2023-02-22,4533,10.8
2023-02-23,4533,10.84
2023-02-24,4533,10.94
2023-02-01,4534,8.94
2023-02-02,4534,9.06
2023-02-03,4534,9.05
2023-02-06,4534,9.06
2023-02-07,4534,9.06
2023-02-08,4534,9.06
2023-02-09,4534,9.06
2023-02-10,4534,8.92
2023-02-13,4534,8.98
2023-02-14,4534,8.98
2023-02-15,4534,9.22
2023-02-16,4534,9.21
2023-02-17,4534,9.13
2023-02-20,4534,9.19
2023-02-21,4534,9.17
2023-02-22,4534,9.18
2023-02-23,4534,9.2
2023-02-24,4534,9.17
2023-02-01,4535,33.5
2023-02-02,4535,32.9
2023-02-03,4535,33.07
2023-02-06,4535,33.07
2023-02-08,4535,32.9
2023-02-09,4535,32.94
2023-02-10,4535,32.81
2023-02-14,4535,32.85
2023-02-15,4535,32.85
2023-02-16,4535,32.94
2023-02-17,4535,32.98
2023-02-20,4535,32.98
2023-02-21,4535,32.94
2023-02-22,4535,32.81
2023-02-23,4535,33.03
2023-02-24,4535,32.73
2023-02-01,4536,152.01
2023-02-02,4536,151.17
2023-02-03,4536,150.74
2023-02-06,4536,151.59
2023-02-07,4536,151.59
2023-02-08,4536,153.71
2023-02-09,4536,152.86
2023-02-10,4536,150.32
2023-02-13,4536,165.14
2023-02-14,4536,164.71
2023-02-15,4536,171.07
2023-02-16,4536,169.37
2023-02-17,4536,169.37
2023-02-20,4536,177.42
2023-02-21,4536,182.92
2023-02-22,4536,189.7
2023-02-23,4536,189.27
2023-02-24,4536,187.58
2023-02-01,4538,16.33
2023-02-02,4538,16.38
2023-02-03,4538,16.73
2023-02-07,4538,16.38
2023-02-09,4538,16.82
2023-02-10,4538,16.38
2023-02-15,4538,16.73
2023-02-16,4538,16.33
2023-02-17,4538,17.93
2023-02-20,4538,17.97
2023-02-21,4538,17.93
2023-02-22,4538,18.01
2023-02-23,4538,18.06
2023-02-24,4538,17.93
2023-02-01,4540,37.41
2023-02-02,4540,37.7
2023-02-03,4540,37.84
2023-02-06,4540,37.74
2023-02-07,4540,37.65
2023-02-08,4540,38.41
2023-02-09,4540,38.03
2023-02-10,4540,37.84
2023-02-13,4540,37.84
2023-02-14,4540,38.27
2023-02-15,4540,37.89
2023-02-16,4540,38.65
2023-02-17,4540,39.37
2023-02-20,4540,39.23
2023-02-21,4540,40.13
2023-02-22,4540,39.94
2023-02-23,4540,39.8
2023-02-24,4540,39.56
2023-02-01,4541,28.99
2023-02-02,4541,28.99
2023-02-03,4541,29.03
2023-02-06,4541,29.42
2023-02-07,4541,29.23
2023-02-08,4541,28.89
2023-02-09,4541,29.75
2023-02-10,4541,28.84
2023-02-13,4541,29.27
2023-02-14,4541,28.51
2023-02-15,4541,28.61
2023-02-16,4541,28.75
2023-02-17,4541,29.89
2023-02-20,4541,30.03
2023-02-21,4541,30.03
2023-02-22,4541,30.46
2023-02-23,4541,30.13
2023-02-24,4541,29.65
2023-02-01,4542,24.47
2023-02-02,4542,24.71
2023-02-07,4542,24.81
2023-02-08,4542,24.85
2023-02-09,4542,24.76
2023-02-10,4542,24.47
2023-02-13,4542,24.33
2023-02-14,4542,24.52
2023-02-15,4542,24.43
2023-02-17,4542,24.71
2023-02-20,4542,24.9
2023-02-21,4542,24.76
2023-02-22,4542,24.33
2023-02-23,4542,24.38
2023-02-24,4542,24.38
2023-02-01,4543,21.32
2023-02-02,4543,21.98
2023-02-03,4543,21.5
2023-02-06,4543,21.54
2023-02-07,4543,21.37
2023-02-08,4543,21.76
2023-02-09,4543,21.45
2023-02-10,4543,20.84
2023-02-13,4543,20.48
2023-02-14,4543,20.62
2023-02-15,4543,20.57
2023-02-16,4543,20.7
2023-02-17,4543,21.85
2023-02-20,4543,21.76
2023-02-21,4543,21.5
2023-02-22,4543,21.45
2023-02-23,4543,21.81
2023-02-24,4543,21.41
2023-02-01,4545,27.36
2023-02-02,4545,27.27
2023-02-03,4545,27.32
2023-02-06,4545,26.83
2023-02-07,4545,26.7
2023-02-08,4545,27.27
2023-02-09,4545,27.5
2023-02-10,4545,27.41
2023-02-13,4545,26.87
2023-02-14,4545,27.1
2023-02-15,4545,27.14
2023-02-16,4545,27.19
2023-02-17,4545,27.23
2023-02-20,4545,27.19
2023-02-21,4545,27.23
2023-02-22,4545,27.36
2023-02-23,4545,28.61
2023-02-24,4545,28.34
2023-02-01,4549,70.14
2023-02-02,4549,70.39
2023-02-03,4549,70.3
2023-02-06,4549,70.05
2023-02-07,4549,70.3
2023-02-08,4549,70.39
2023-02-09,4549,71.22
2023-02-10,4549,71.13
2023-02-13,4549,71.8
2023-02-14,4549,72.05
2023-02-15,4549,71.96
2023-02-16,4549,72.46
2023-02-17,4549,73.04
2023-02-20,4549,74.12
2023-02-21,4549,73.87
2023-02-22,4549,73.54
2023-02-23,4549,73.54
2023-02-24,4549,73.87
2023-02-01,4550,19.84
2023-02-02,4550,19.84
2023-02-03,4550,19.88
2023-02-06,4550,20.17
2023-02-07,4550,20.13
2023-02-08,4550,20.17
2023-02-09,4550,20.21
2023-02-10,4550,20.54
2023-02-13,4550,20.83
2023-02-14,4550,21.08
2023-02-15,4550,21.2
2023-02-16,4550,21.45
2023-02-17,4550,21.61
2023-02-20,4550,22.07
2023-02-21,4550,21.99
2023-02-22,4550,22.07
2023-02-23,4550,22.52
2023-02-24,4550,22.44
2023-02-01,4551,142.85
2023-02-02,4551,144.71
2023-02-03,4551,143.78
2023-02-06,4551,144.71
2023-02-07,4551,144.25
2023-02-08,4551,141.91
2023-02-09,4551,142.38
2023-02-10,4551,140.98
2023-02-13,4551,139.58
2023-02-14,4551,139.11
2023-02-15,4551,140.05
2023-02-16,4551,141.91
2023-02-17,4551,139.58
2023-02-20,4551,140.05
2023-02-21,4551,141.91
2023-02-22,4551,141.45
2023-02-23,4551,143.31
2023-02-24,4551,139.58
2023-02-01,4552,28.56
2023-02-02,4552,28.79
2023-02-03,4552,28.88
2023-02-06,4552,28.88
2023-02-07,4552,28.84
2023-02-08,4552,27.86
2023-02-09,4552,27.95
2023-02-10,4552,27.77
2023-02-13,4552,27.07
2023-02-14,4552,27.16
2023-02-15,4552,27.07
2023-02-16,4552,27.3
2023-02-17,4552,27.54
2023-02-20,4552,28.05
2023-02-21,4552,27.86
2023-02-22,4552,27.81
2023-02-23,4552,27.91
2023-02-24,4552,28.0
2023-02-01,4554,23.58
2023-02-02,4554,23.58
2023-02-03,4554,23.25
2023-02-06,4554,23.16
2023-02-07,4554,23.02
2023-02-08,4554,23.06
2023-02-09,4554,23.06
2023-02-10,4554,22.92
2023-02-13,4554,23.39
2023-02-14,4554,23.2
2023-02-15,4554,22.78
2023-02-16,4554,23.06
2023-02-17,4554,23.06
2023-02-20,4554,23.9
2023-02-21,4554,23.9
2023-02-22,4554,24.0
2023-02-23,4554,24.23
2023-02-24,4554,24.41
2023-02-01,4555,47.47
2023-02-02,4555,47.33
2023-02-03,4555,47.33
2023-02-06,4555,47.28
2023-02-07,4555,47.33
2023-02-08,4555,47.28
2023-02-09,4555,47.23
2023-02-10,4555,47.23
2023-02-13,4555,47.23
2023-02-14,4555,47.09
2023-02-15,4555,47.14
2023-02-16,4555,47.14
2023-02-17,4555,47.09
2023-02-20,4555,47.14
2023-02-21,4555,47.09
2023-02-22,4555,47.04
2023-02-23,4555,49.42
2023-02-24,4555,47.33
2023-02-02,4556,29.32
2023-02-03,4556,29.41
2023-02-06,4556,29.27
2023-02-07,4556,29.36
2023-02-09,4556,29.17
2023-02-10,4556,29.07
2023-02-16,4556,29.17
2023-02-17,4556,29.17
2023-02-20,4556,30.67
2023-02-21,4556,29.75
2023-02-22,4556,29.56
2023-02-23,4556,29.56
2023-02-24,4556,29.17
2023-02-01,4557,78.89
2023-02-02,4557,80.51
2023-02-03,4557,80.43
2023-02-06,4557,80.18
2023-02-07,4557,79.45
2023-02-08,4557,79.53
2023-02-09,4557,81.08
2023-02-10,4557,79.94
2023-02-13,4557,79.7
2023-02-14,4557,80.02
2023-02-15,4557,79.86
2023-02-16,4557,80.43
2023-02-17,4557,84.72
2023-02-20,4557,83.1
2023-02-21,4557,86.35
2023-02-22,4557,94.86
2023-02-23,4557,94.45
2023-02-24,4557,94.45
2023-02-01,4558,22.05
2023-02-02,4558,22.24
2023-02-03,4558,21.76
2023-02-06,4558,22.05
2023-02-07,4558,22.19
2023-02-08,4558,22.28
2023-02-09,4558,22.28
2023-02-10,4558,22.14
2023-02-13,4558,22.09
2023-02-14,4558,22.09
2023-02-15,4558,21.86
2023-02-16,4558,22.14
2023-02-17,4558,22.09
2023-02-20,4558,22.09
2023-02-21,4558,22.24
2023-02-22,4558,22.14
2023-02-23,4558,21.91
2023-02-24,4558,22.14
2023-02-01,4560,35.51
2023-02-02,4560,35.79
2023-02-03,4560,35.74
2023-02-06,4560,35.69
2023-02-07,4560,35.69
2023-02-08,4560,35.79
2023-02-09,4560,35.79
2023-02-10,4560,35.51
2023-02-13,4560,35.42
2023-02-14,4560,35.42
2023-02-15,4560,35.42
2023-02-16,4560,35.51
2023-02-17,4560,35.51
2023-02-20,4560,35.47
2023-02-21,4560,35.47
2023-02-22,4560,35.33
2023-02-23,4560,35.56
2023-02-24,4560,35.79
2023-02-01,4561,21.07
2023-02-02,4561,21.65
2023-02-03,4561,22.09
2023-02-06,4561,21.8
2023-02-07,4561,21.75
2023-02-08,4561,21.7
2023-02-09,4561,21.85
2023-02-10,4561,21.75
2023-02-13,4561,21.7
2023-02-14,4561,21.6
2023-02-15,4561,21.6
2023-02-16,4561,21.75
2023-02-17,4561,21.85
2023-02-20,4561,22.04
2023-02-21,4561,21.94
2023-02-22,4561,21.85
2023-02-23,4561,22.09
2023-02-24,4561,22.09
2023-02-01,4562,15.2
2023-02-02,4562,15.25
2023-02-03,4562,15.2
2023-02-06,4562,15.2
2023-02-07,4562,15.2
2023-02-08,4562,15.05
2023-02-09,4562,15.2
2023-02-10,4562,15.15
2023-02-13,4562,15.15
2023-02-14,4562,15.25
2023-02-15,4562,15.15
2023-02-16,4562,15.3
2023-02-17,4562,15.35
2023-02-20,4562,15.35
2023-02-21,4562,15.85
2023-02-22,4562,15.7
2023-02-23,4562,15.8
2023-02-24,4562,15.75
2023-02-01,4563,42.81
2023-02-02,4563,41.72
2023-02-03,4563,41.62
2023-02-06,4563,41.22
2023-02-07,4563,41.27
2023-02-08,4563,42.31
2023-02-09,4563,43.35
2023-02-10,4563,42.76
2023-02-13,4563,41.67
2023-02-14,4563,41.91
2023-02-15,4563,41.91
2023-02-16,4563,42.16
2023-02-17,4563,42.01
2023-02-20,4563,42.11
2023-02-21,4563,41.86
2023-02-22,4563,40.92
2023-02-23,4563,40.82
2023-02-24,4563,40.62
2023-02-01,4564,22.84
2023-02-02,4564,23.7
2023-02-03,4564,23.79
2023-02-06,4564,23.56
2023-02-07,4564,23.27
2023-02-08,4564,23.27
2023-02-09,4564,23.41
2023-02-10,4564,23.27
2023-02-13,4564,23.13
2023-02-14,4564,22.93
2023-02-15,4564,22.74
2023-02-16,4564,22.84
2023-02-17,4564,23.03
2023-02-20,4564,24.62
2023-02-21,4564,26.41
2023-02-22,4564,25.88
2023-02-23,4564,25.88
2023-02-24,4564,25.2
2023-02-01,4566,47.71
2023-02-02,4566,48.35
2023-02-03,4566,47.8
2023-02-06,4566,48.53
2023-02-07,4566,48.53
2023-02-08,4566,48.44
2023-02-09,4566,48.81
2023-02-10,4566,48.17
2023-02-13,4566,47.89
2023-02-14,4566,48.81
2023-02-15,4566,48.53
2023-02-16,4566,48.99
2023-02-17,4566,50.91
2023-02-20,4566,50.55
2023-02-21,4566,50.27
2023-02-22,4566,50.82
2023-02-23,4566,51.37
2023-02-24,4566,50.64
2023-02-01,4568,51.73
2023-02-02,4568,51.9
2023-02-03,4568,51.73
2023-02-06,4568,51.56
2023-02-07,4568,51.56
2023-02-08,4568,51.56
2023-02-09,4568,51.3
2023-02-10,4568,50.96
2023-02-13,4568,51.13
2023-02-14,4568,51.3
2023-02-15,4568,51.82
2023-02-16,4568,51.9
2023-02-17,4568,52.33
2023-02-20,4568,52.94
2023-02-22,4568,52.42
2023-02-23,4568,53.28
2023-02-24,4568,53.71
2023-02-01,4571,65.12
2023-02-02,4571,66.75
2023-02-03,4571,66.84
2023-02-06,4571,66.48
2023-02-07,4571,66.57
2023-02-08,4571,67.29
2023-02-09,4571,68.02
2023-02-10,4571,67.29
2023-02-13,4571,67.38
2023-02-14,4571,67.2
2023-02-15,4571,65.84
2023-02-16,4571,66.21
2023-02-17,4571,65.84
2023-02-20,4571,66.48
2023-02-21,4571,66.48
2023-02-22,4571,66.3
2023-02-23,4571,66.57
2023-02-24,4571,65.66
2023-02-01,4572,115.79
2023-02-02,4572,113.97
2023-02-03,4572,116.24
2023-02-06,4572,115.33
2023-02-07,4572,119.87
2023-02-08,4572,118.51
2023-02-09,4572,119.87
2023-02-10,4572,121.23
2023-02-13,4572,121.69
2023-02-14,4572,123.5
2023-02-15,4572,121.69
2023-02-16,4572,122.14
2023-02-17,4572,125.32
2023-02-20,4572,123.96
2023-02-21,4572,123.5
2023-02-22,4572,123.96
2023-02-23,4572,123.5
2023-02-24,4572,122.14
2023-02-01,4576,74.6
2023-02-02,4576,77.65
2023-02-03,4576,76.47
2023-02-06,4576,75.19
2023-02-07,4576,74.8
2023-02-08,4576,80.11
2023-02-09,4576,80.11
2023-02-10,4576,77.65
2023-02-13,4576,78.14
2023-02-14,4576,79.32
2023-02-15,4576,78.44
2023-02-16,4576,78.14
2023-02-17,4576,78.24
2023-02-20,4576,78.04
2023-02-21,4576,79.03
2023-02-22,4576,78.53
2023-02-23,4576,78.24
2023-02-24,4576,77.85
2023-02-01,4577,29.54
2023-02-02,4577,29.54
2023-02-03,4577,29.21
2023-02-06,4577,29.21
2023-02-07,4577,29.12
2023-02-08,4577,29.16
2023-02-09,4577,28.74
2023-02-10,4577,28.93
2023-02-13,4577,28.79
2023-02-14,4577,28.93
2023-02-15,4577,28.93
2023-02-16,4577,29.12
2023-02-17,4577,29.16
2023-02-20,4577,29.21
2023-02-21,4577,29.73
2023-02-22,4577,29.73
2023-02-23,4577,29.69
2023-02-24,4577,29.78
2023-02-01,4580,73.76
2023-02-02,4580,73.76
2023-02-03,4580,73.67
2023-02-06,4580,73.94
2023-02-07,4580,73.94
2023-02-08,4580,73.94
2023-02-09,4580,74.03
2023-02-10,4580,73.94
2023-02-13,4580,74.12
2023-02-14,4580,74.3
2023-02-15,4580,74.21
2023-02-16,4580,74.93
2023-02-17,4580,75.2
2023-02-20,4580,75.47
2023-02-21,4580,75.56
2023-02-22,4580,75.02
2023-02-23,4580,75.11
2023-02-24,4580,75.2
2023-02-01,4581,34.36
2023-02-02,4581,34.16
2023-02-03,4581,33.53
2023-02-06,4581,33.97
2023-02-07,4581,34.69
2023-02-08,4581,38.12
2023-02-09,4581,36.82
2023-02-10,4581,37.25
2023-02-13,4581,38.79
2023-02-14,4581,38.55
2023-02-15,4581,38.55
2023-02-16,4581,38.31
2023-02-17,4581,39.37
2023-02-20,4581,40.43
2023-02-21,4581,40.24
2023-02-22,4581,39.9
2023-02-23,4581,39.86
2023-02-24,4581,39.57
2023-02-01,4583,180.27
2023-02-02,4583,185.24
2023-02-03,4583,185.24
2023-02-06,4583,184.79
2023-02-07,4583,181.63
2023-02-08,4583,186.6
2023-02-09,4583,183.89
2023-02-10,4583,182.08
2023-02-13,4583,180.27
2023-02-14,4583,182.53
2023-02-15,4583,180.73
2023-02-16,4583,181.63
2023-02-17,4583,180.73
2023-02-20,4583,179.82
2023-02-21,4583,180.73
2023-02-22,4583,180.27
2023-02-23,4583,182.98
2023-02-24,4583,181.63
2023-02-01,4584,41.98
2023-02-02,4584,42.68
2023-02-03,4584,43.16
2023-02-06,4584,43.16
2023-02-07,4584,42.2
2023-02-08,4584,42.29
2023-02-09,4584,42.5
2023-02-10,4584,44.2
2023-02-13,4584,43.59
2023-02-14,4584,45.34
2023-02-15,4584,46.91
2023-02-16,4584,45.51
2023-02-17,4584,45.69
2023-02-20,4584,46.65
2023-02-21,4584,47.08
2023-02-22,4584,46.65
2023-02-23,4584,47.69
2023-02-24,4584,47.78
2023-02-01,4588,41.39
2023-02-02,4588,40.97
2023-02-03,4588,40.22
2023-02-06,4588,40.73
2023-02-07,4588,40.22
2023-02-08,4588,41.15
2023-02-09,4588,41.62
2023-02-10,4588,41.81
2023-02-13,4588,42.23
2023-02-14,4588,44.89
2023-02-15,4588,48.45
2023-02-16,4588,45.92
2023-02-17,4588,52.75
2023-02-20,4588,51.53
2023-02-21,4588,51.53
2023-02-22,4588,49.57
2023-02-23,4588,52.28
2023-02-24,4588,55.56
2023-02-01,4609,8.3
2023-02-02,4609,8.3
2023-02-06,4609,8.1
2023-02-07,4609,7.95
2023-02-08,4609,7.81
2023-02-10,4609,8.29
2023-02-14,4609,8.27
2023-02-17,4609,7.94
2023-02-21,4609,8.0
2023-02-23,4609,8.33
2023-02-24,4609,8.02
2023-02-01,4702,12.55
2023-02-02,4702,12.45
2023-02-03,4702,12.6
2023-02-06,4702,12.6
2023-02-07,4702,12.65
2023-02-08,4702,12.4
2023-02-09,4702,12.45
2023-02-10,4702,12.3
2023-02-13,4702,12.15
2023-02-14,4702,12.3
2023-02-15,4702,12.35
2023-02-16,4702,12.85
2023-02-17,4702,12.75
2023-02-20,4702,12.75
2023-02-21,4702,12.85
2023-02-22,4702,12.7
2023-02-23,4702,12.75
2023-02-24,4702,12.8
2023-02-01,4706,16.6
2023-02-02,4706,16.6
2023-02-03,4706,16.65
2023-02-06,4706,16.55
2023-02-07,4706,16.55
2023-02-08,4706,16.46
2023-02-09,4706,16.46
2023-02-10,4706,16.36
2023-02-13,4706,16.41
2023-02-14,4706,16.7
2023-02-15,4706,16.46
2023-02-16,4706,16.55
2023-02-17,4706,16.6
2023-02-20,4706,16.55
2023-02-21,4706,16.46
2023-02-22,4706,16.55
2023-02-23,4706,16.55
2023-02-24,4706,16.6
2023-02-01,4707,10.29
2023-02-02,4707,10.38
2023-02-03,4707,10.42
2023-02-06,4707,10.42
2023-02-07,4707,10.42
2023-02-08,4707,10.46
2023-02-09,4707,10.34
2023-02-10,4707,10.34
2023-02-13,4707,10.34
2023-02-14,4707,10.34
2023-02-15,4707,10.34
2023-02-16,4707,10.34
2023-02-17,4707,10.34
2023-02-20,4707,10.38
2023-02-21,4707,10.42
2023-02-22,4707,10.42
2023-02-23,4707,10.51
2023-02-24,4707,10.51
2023-02-01,4711,13.72
2023-02-02,4711,13.72
2023-02-03,4711,13.68
2023-02-06,4711,13.68
2023-02-07,4711,13.63
2023-02-08,4711,13.59
2023-02-09,4711,13.68
2023-02-10,4711,13.54
2023-02-13,4711,13.72
2023-02-14,4711,13.68
2023-02-15,4711,13.59
2023-02-16,4711,13.68
2023-02-17,4711,13.68
2023-02-20,4711,13.68
2023-02-21,4711,13.68
2023-02-22,4711,13.63
2023-02-23,4711,13.72
2023-02-24,4711,13.68
2023-02-01,4712,5.1
2023-02-02,4712,5.12
2023-02-03,4712,5.14
2023-02-06,4712,4.9
2023-02-07,4712,5.0
2023-02-08,4712,5.0
2023-02-09,4712,4.99
2023-02-10,4712,5.0
2023-02-13,4712,4.82
2023-02-14,4712,4.88
2023-02-15,4712,4.96
2023-02-16,4712,4.85
2023-02-17,4712,4.85
2023-02-20,4712,4.85
2023-02-21,4712,4.8
2023-02-22,4712,4.8
2023-02-23,4712,4.78
2023-02-24,4712,4.78
2023-02-01,4714,10.55
2023-02-02,4714,10.7
2023-02-03,4714,10.6
2023-02-06,4714,10.7
2023-02-07,4714,10.75
2023-02-08,4714,10.7
2023-02-09,4714,10.7
2023-02-10,4714,10.65
2023-02-13,4714,10.6
2023-02-14,4714,10.6
2023-02-15,4714,10.55
2023-02-16,4714,10.6
2023-02-17,4714,10.7
2023-02-20,4714,10.85
2023-02-21,4714,11.0
2023-02-22,4714,11.0
2023-02-23,4714,11.3
2023-02-24,4714,11.25
2023-02-01,4716,12.25
2023-02-02,4716,12.35
2023-02-03,4716,12.3
2023-02-06,4716,12.25
2023-02-07,4716,12.35
2023-02-08,4716,12.4
2023-02-09,4716,12.4
2023-02-10,4716,12.4
2023-02-13,4716,12.4
2023-02-14,4716,12.45
2023-02-15,4716,12.4
2023-02-16,4716,12.45
2023-02-17,4716,12.35
2023-02-20,4716,12.25
2023-02-21,4716,12.3
2023-02-22,4716,12.7
2023-02-23,4716,12.75
2023-02-24,4716,12.5
2023-02-01,4720,13.36
2023-02-02,4720,13.41
2023-02-03,4720,13.36
2023-02-06,4720,13.41
2023-02-07,4720,13.41
2023-02-08,4720,13.41
2023-02-09,4720,13.41
2023-02-10,4720,13.36
2023-02-13,4720,13.41
2023-02-14,4720,13.5
2023-02-15,4720,13.55
2023-02-16,4720,13.55
2023-02-17,4720,13.64
2023-02-20,4720,13.69
2023-02-21,4720,13.6
2023-02-22,4720,13.78
2023-02-23,4720,13.88
2023-02-24,4720,13.92
2023-02-01,4721,95.79
2023-02-02,4721,97.15
2023-02-03,4721,96.7
2023-02-06,4721,94.88
2023-02-07,4721,99.87
2023-02-08,4721,101.24
2023-02-09,4721,99.87
2023-02-10,4721,101.24
2023-02-13,4721,98.97
2023-02-14,4721,98.97
2023-02-15,4721,99.87
2023-02-16,4721,101.69
2023-02-17,4721,102.6
2023-02-20,4721,102.6
2023-02-21,4721,102.14
2023-02-22,4721,99.87
2023-02-23,4721,100.78
2023-02-24,4721,99.42
2023-02-01,4722,31.66
2023-02-02,4722,31.84
2023-02-03,4722,31.98
2023-02-06,4722,32.21
2023-02-07,4722,32.7
2023-02-08,4722,32.34
2023-02-09,4722,32.12
2023-02-10,4722,32.21
2023-02-13,4722,31.93
2023-02-14,4722,31.84
2023-02-15,4722,31.57
2023-02-16,4722,31.75
2023-02-17,4722,31.84
2023-02-20,4722,31.75
2023-02-21,4722,31.75
2023-02-22,4722,31.75
2023-02-23,4722,31.98
2023-02-24,4722,31.84
2023-02-01,4726,38.1
2023-02-02,4726,38.55
2023-02-03,4726,38.4
2023-02-06,4726,39.8
2023-02-07,4726,40.75
2023-02-08,4726,41.2
2023-02-09,4726,40.7
2023-02-10,4726,40.05
2023-02-13,4726,40.25
2023-02-14,4726,39.65
2023-02-15,4726,39.25
2023-02-16,4726,39.9
2023-02-17,4726,40.5
2023-02-20,4726,40.1
2023-02-21,4726,40.65
2023-02-22,4726,39.7
2023-02-23,4726,40.2
2023-02-24,4726,39.35
2023-02-01,4728,124.46
2023-02-02,4728,125.39
2023-02-03,4728,124.92
2023-02-06,4728,125.39
2023-02-07,4728,124.92
2023-02-08,4728,123.07
2023-02-09,4728,124.0
2023-02-10,4728,122.61
2023-02-13,4728,122.15
2023-02-14,4728,122.15
2023-02-15,4728,118.91
2023-02-16,4728,114.74
2023-02-17,4728,113.36
2023-02-20,4728,111.97
2023-02-21,4728,117.52
2023-02-22,4728,115.67
2023-02-23,4728,116.59
2023-02-24,4728,116.13
2023-02-01,4729,14.23
2023-02-02,4729,14.14
2023-02-03,4729,14.14
2023-02-06,4729,14.14
2023-02-07,4729,14.19
2023-02-08,4729,14.19
2023-02-09,4729,13.96
2023-02-10,4729,13.82
2023-02-13,4729,14.0
2023-02-14,4729,14.33
2023-02-15,4729,14.0
2023-02-16,4729,14.0
2023-02-17,4729,14.0
2023-02-20,4729,13.96
2023-02-21,4729,13.96
2023-02-22,4729,14.28
2023-02-23,4729,14.83
2023-02-24,4729,14.56
2023-02-01,4735,35.1
2023-02-02,4735,35.24
2023-02-03,4735,35.06
2023-02-06,4735,34.92
2023-02-07,4735,35.15
2023-02-08,4735,35.37
2023-02-09,4735,35.33
2023-02-10,4735,35.28
2023-02-13,4735,35.42
2023-02-14,4735,35.19
2023-02-15,4735,34.87
2023-02-16,4735,34.97
2023-02-17,4735,35.33
2023-02-20,4735,35.28
2023-02-21,4735,35.24
2023-02-22,4735,35.33
2023-02-23,4735,35.51
2023-02-24,4735,36.56
2023-02-01,4736,151.17
2023-02-02,4736,152.0
2023-02-03,4736,151.58
2023-02-06,4736,152.0
2023-02-07,4736,154.07
2023-02-08,4736,154.07
2023-02-09,4736,155.32
2023-02-10,4736,153.66
2023-02-13,4736,153.66
2023-02-14,4736,154.07
2023-02-15,4736,152.41
2023-02-16,4736,152.83
2023-02-17,4736,154.07
2023-02-20,4736,156.57
2023-02-21,4736,155.74
2023-02-22,4736,153.66
2023-02-23,4736,156.15
2023-02-24,4736,157.81
2023-02-01,4737,75.05
2023-02-02,4737,75.42
2023-02-03,4737,75.33
2023-02-06,4737,75.33
2023-02-07,4737,75.23
2023-02-08,4737,74.76
2023-02-09,4737,74.38
2023-02-10,4737,74.01
2023-02-13,4737,72.97
2023-02-14,4737,73.35
2023-02-15,4737,72.69
2023-02-16,4737,72.87
2023-02-17,4737,72.97
2023-02-20,4737,73.16
2023-02-21,4737,73.72
2023-02-22,4737,73.91
2023-02-23,4737,75.05
2023-02-24,4737,74.2
2023-02-01,4739,91.27
2023-02-02,4739,92.93
2023-02-03,4739,91.64
2023-02-06,4739,91.27
2023-02-07,4739,95.25
2023-02-08,4739,94.78
2023-02-09,4739,93.86
2023-02-10,4739,94.78
2023-02-13,4739,92.29
2023-02-14,4739,92.93
2023-02-15,4739,94.78
2023-02-16,4739,97.09
2023-02-17,4739,97.56
2023-02-20,4739,97.56
2023-02-21,4739,96.17
2023-02-22,4739,94.32
2023-02-23,4739,95.25
2023-02-24,4739,93.86
2023-02-01,4741,24.06
2023-02-02,4741,23.88
2023-02-03,4741,23.88
2023-02-06,4741,23.69
2023-02-08,4741,23.74
2023-02-10,4741,23.92
2023-02-13,4741,24.02
2023-02-14,4741,24.02
2023-02-15,4741,23.92
2023-02-16,4741,23.97
2023-02-17,4741,23.97
2023-02-20,4741,23.97
2023-02-21,4741,24.06
2023-02-22,4741,24.38
2023-02-23,4741,24.29
2023-02-24,4741,24.15
2023-02-01,4743,228.87
2023-02-02,4743,232.38
2023-02-03,4743,231.06
2023-02-06,4743,232.82
2023-02-07,4743,239.85
2023-02-08,4743,253.03
2023-02-09,4743,249.51
2023-02-10,4743,254.78
2023-02-13,4743,244.24
2023-02-14,4743,238.09
2023-02-15,4743,238.53
2023-02-16,4743,242.48
2023-02-17,4743,242.05
2023-02-20,4743,246.0
2023-02-21,4743,242.48
2023-02-22,4743,233.7
2023-02-23,4743,234.14
2023-02-24,4743,230.18
2023-02-01,4744,27.03
2023-02-02,4744,27.88
2023-02-03,4744,27.6
2023-02-06,4744,29.45
2023-02-07,4744,31.11
2023-02-08,4744,31.25
2023-02-09,4744,31.11
2023-02-10,4744,31.96
2023-02-13,4744,31.3
2023-02-14,4744,32.25
2023-02-16,4744,29.73
2023-02-17,4744,30.73
2023-02-20,4744,30.82
2023-02-21,4744,30.26
2023-02-22,4744,29.97
2023-02-23,4744,29.97
2023-02-24,4744,29.45
2023-02-01,4745,23.64
2023-02-02,4745,23.64
2023-02-03,4745,23.55
2023-02-06,4745,23.32
2023-02-07,4745,23.46
2023-02-08,4745,23.69
2023-02-09,4745,23.64
2023-02-10,4745,23.32
2023-02-13,4745,23.41
2023-02-14,4745,23.32
2023-02-15,4745,23.32
2023-02-16,4745,23.36
2023-02-17,4745,23.32
2023-02-20,4745,23.36
2023-02-21,4745,23.36
2023-02-22,4745,23.36
2023-02-23,4745,23.55
2023-02-24,4745,23.55
2023-02-01,4746,63.01
2023-02-02,4746,66.01
2023-02-03,4746,67.36
2023-02-06,4746,68.81
2023-02-07,4746,67.46
2023-02-08,4746,66.2
2023-02-09,4746,67.46
2023-02-10,4746,66.2
2023-02-13,4746,65.72
2023-02-14,4746,64.84
2023-02-15,4746,64.65
2023-02-16,4746,65.33
2023-02-17,4746,65.23
2023-02-20,4746,67.94
2023-02-21,4746,69.68
2023-02-22,4746,68.33
2023-02-23,4746,70.36
2023-02-24,4746,69.59
2023-02-01,4747,37.4
2023-02-02,4747,37.61
2023-02-03,4747,41.06
2023-02-06,4747,45.08
2023-02-07,4747,47.99
2023-02-08,4747,47.49
2023-02-09,4747,46.99
2023-02-10,4747,45.58
2023-02-13,4747,46.33
2023-02-14,4747,45.66
2023-02-15,4747,46.16
2023-02-16,4747,47.16
2023-02-17,4747,46.83
2023-02-20,4747,46.16
2023-02-21,4747,45.66
2023-02-22,4747,46.66
2023-02-23,4747,47.49
2023-02-24,4747,46.0
2023-02-01,4749,187.65
2023-02-02,4749,195.08
2023-02-03,4749,195.57
2023-02-06,4749,198.54
2023-02-07,4749,198.05
2023-02-08,4749,208.94
2023-02-09,4749,219.83
2023-02-10,4749,213.4
2023-02-13,4749,206.47
2023-02-14,4749,207.95
2023-02-15,4749,208.94
2023-02-16,4749,214.88
2023-02-17,4749,214.88
2023-02-20,4749,215.87
2023-02-21,4749,213.89
2023-02-22,4749,208.45
2023-02-23,4749,209.93
2023-02-24,4749,204.49
2023-02-01,4754,28.45
2023-02-02,4754,28.53
2023-02-03,4754,28.49
2023-02-06,4754,28.73
2023-02-07,4754,28.81
2023-02-08,4754,28.81
2023-02-09,4754,28.77
2023-02-13,4754,28.77
2023-02-14,4754,28.81
2023-02-15,4754,28.65
2023-02-16,4754,28.77
2023-02-17,4754,28.94
2023-02-20,4754,29.06
2023-02-21,4754,29.1
2023-02-22,4754,29.1
2023-02-23,4754,29.1
2023-02-24,4754,29.1
2023-02-01,4755,120.54
2023-02-02,4755,120.54
2023-02-03,4755,117.81
2023-02-06,4755,116.9
2023-02-07,4755,119.18
2023-02-08,4755,118.72
2023-02-09,4755,117.81
2023-02-10,4755,114.63
2023-02-13,4755,118.27
2023-02-14,4755,118.27
2023-02-15,4755,117.36
2023-02-16,4755,119.63
2023-02-17,4755,118.72
2023-02-20,4755,118.72
2023-02-21,4755,118.27
2023-02-22,4755,118.27
2023-02-23,4755,119.18
2023-02-24,4755,119.18
2023-02-01,4760,49.51
2023-02-02,4760,49.51
2023-02-03,4760,50.16
2023-02-06,4760,48.77
2023-02-07,4760,48.96
2023-02-08,4760,49.14
2023-02-09,4760,48.68
2023-02-10,4760,48.68
2023-02-13,4760,48.68
2023-02-14,4760,49.42
2023-02-15,4760,49.24
2023-02-16,4760,50.16
2023-02-17,4760,50.52
2023-02-20,4760,50.52
2023-02-21,4760,50.34
2023-02-22,4760,50.06
2023-02-23,4760,49.6
2023-02-24,4760,48.5
2023-02-01,4763,188.23
2023-02-02,4763,187.19
2023-02-03,4763,180.94
2023-02-06,4763,185.45
2023-02-07,4763,203.86
2023-02-08,4763,208.02
2023-02-09,4763,202.47
2023-02-10,4763,198.65
2023-02-13,4763,201.08
2023-02-14,4763,206.64
2023-02-15,4763,215.32
2023-02-16,4763,212.54
2023-02-17,4763,209.07
2023-02-20,4763,217.05
2023-02-21,4763,220.87
2023-02-22,4763,225.04
2023-02-23,4763,247.27
2023-02-24,4763,235.46
2023-02-01,4764,51.45
2023-02-02,4764,50.66
2023-02-03,4764,52.14
2023-02-06,4764,52.24
2023-02-07,4764,51.94
2023-02-08,4764,51.94
2023-02-09,4764,51.45
2023-02-10,4764,51.45
2023-02-13,4764,50.85
2023-02-14,4764,51.45
2023-02-15,4764,50.46
2023-02-16,4764,50.75
2023-02-17,4764,50.75
2023-02-20,4764,50.85
2023-02-21,4764,51.55
2023-02-22,4764,54.91
2023-02-23,4764,56.1
2023-02-24,4764,56.2
2023-02-01,4766,115.96
2023-02-02,4766,116.81
2023-02-03,4766,117.24
2023-02-06,4766,117.24
2023-02-07,4766,120.23
2023-02-08,4766,121.09
2023-02-09,4766,119.38
2023-02-10,4766,118.95
2023-02-13,4766,118.1
2023-02-14,4766,118.95
2023-02-15,4766,118.52
2023-02-16,4766,119.38
2023-02-17,4766,119.38
2023-02-20,4766,118.95
2023-02-21,4766,118.1
2023-02-22,4766,118.52
2023-02-23,4766,118.95
2023-02-24,4766,118.1
2023-02-01,4767,25.73
2023-02-02,4767,24.59
2023-02-03,4767,24.73
2023-02-07,4767,24.46
2023-02-08,4767,24.46
2023-02-09,4767,24.55
2023-02-10,4767,24.64
2023-02-13,4767,24.36
2023-02-14,4767,24.73
2023-02-16,4767,24.14
2023-02-17,4767,24.18
2023-02-20,4767,24.55
2023-02-21,4767,24.09
2023-02-22,4767,24.41
2023-02-23,4767,24.59
2023-02-01,4768,158.99
2023-02-02,4768,158.99
2023-02-03,4768,155.19
2023-02-06,4768,160.25
2023-02-07,4768,162.78
2023-02-08,4768,161.09
2023-02-09,4768,157.3
2023-02-10,4768,153.5
2023-02-13,4768,156.03
2023-02-14,4768,153.93
2023-02-15,4768,154.35
2023-02-16,4768,157.3
2023-02-17,4768,151.39
2023-02-20,4768,155.61
2023-02-21,4768,161.94
2023-02-22,4768,153.93
2023-02-23,4768,163.62
2023-02-24,4768,156.46
2023-02-01,4770,301.94
2023-02-02,4770,305.1
2023-02-03,4770,300.14
2023-02-06,4770,291.58
2023-02-07,4770,296.53
2023-02-08,4770,309.15
2023-02-09,4770,317.71
2023-02-10,4770,321.77
2023-02-13,4770,315.91
2023-02-14,4770,310.95
2023-02-15,4770,303.29
2023-02-16,4770,315.91
2023-02-17,4770,315.46
2023-02-20,4770,301.04
2023-02-21,4770,304.64
2023-02-22,4770,306.0
2023-02-23,4770,322.67
2023-02-24,4770,317.26
2023-02-01,4771,135.99
2023-02-02,4771,135.99
2023-02-03,4771,137.42
2023-02-06,4771,139.82
2023-02-07,4771,140.3
2023-02-08,4771,140.78
2023-02-09,4771,137.42
2023-02-10,4771,138.38
2023-02-13,4771,136.94
2023-02-14,4771,143.65
2023-02-15,4771,144.13
2023-02-16,4771,144.13
2023-02-17,4771,142.21
2023-02-20,4771,145.08
2023-02-21,4771,145.08
2023-02-22,4771,144.13
2023-02-23,4771,146.04
2023-02-24,4771,145.08
2023-02-01,4772,90.19
2023-02-02,4772,92.67
2023-02-03,4772,92.67
2023-02-06,4772,91.18
2023-02-07,4772,90.19
2023-02-08,4772,90.19
2023-02-09,4772,88.9
2023-02-10,4772,89.2
2023-02-13,4772,89.69
2023-02-14,4772,89.2
2023-02-15,4772,87.71
2023-02-16,4772,90.19
2023-02-17,4772,89.2
2023-02-20,4772,89.1
2023-02-21,4772,88.7
2023-02-22,4772,88.7
2023-02-23,4772,88.11
2023-02-24,4772,88.11
2023-02-01,4804,11.25
2023-02-02,4804,11.1
2023-02-03,4804,10.85
2023-02-06,4804,11.1
2023-02-07,4804,11.0
2023-02-08,4804,10.75
2023-02-09,4804,10.8
2023-02-10,4804,10.85
2023-02-13,4804,10.6
2023-02-14,4804,10.55
2023-02-15,4804,11.6
2023-02-16,4804,11.65
2023-02-17,4804,11.5
2023-02-20,4804,11.6
2023-02-21,4804,11.3
2023-02-22,4804,11.4
2023-02-23,4804,11.75
2023-02-24,4804,11.4
2023-02-01,4806,7.75
2023-02-02,4806,8.18
2023-02-03,4806,8.28
2023-02-06,4806,8.77
2023-02-07,4806,8.49
2023-02-08,4806,7.67
2023-02-09,4806,7.36
2023-02-10,4806,7.53
2023-02-15,4806,7.33
2023-02-16,4806,7.33
2023-02-20,4806,7.58
2023-02-21,4806,7.23
2023-02-22,4806,7.16
2023-02-23,4806,7.06
2023-02-24,4806,7.0
2023-02-01,4807,19.73
2023-02-02,4807,19.88
2023-02-06,4807,19.93
2023-02-07,4807,20.32
2023-02-08,4807,20.07
2023-02-09,4807,20.03
2023-02-10,4807,20.32
2023-02-13,4807,19.93
2023-02-14,4807,20.03
2023-02-15,4807,20.32
2023-02-16,4807,21.0
2023-02-17,4807,20.95
2023-02-20,4807,21.3
2023-02-22,4807,21.93
2023-02-23,4807,21.39
2023-02-24,4807,21.44
2023-02-01,4903,12.95
2023-02-02,4903,13.0
2023-02-03,4903,13.1
2023-02-06,4903,14.4
2023-02-07,4903,14.35
2023-02-08,4903,13.85
2023-02-09,4903,13.45
2023-02-10,4903,13.55
2023-02-13,4903,13.5
2023-02-14,4903,13.55
2023-02-15,4903,13.65
2023-02-16,4903,13.6
2023-02-17,4903,13.6
2023-02-20,4903,14.5
2023-02-21,4903,14.45
2023-02-22,4903,13.3
2023-02-23,4903,14.4
2023-02-24,4903,15.0
2023-02-01,4904,58.8
2023-02-02,4904,59.42
2023-02-03,4904,59.69
2023-02-06,4904,59.51
2023-02-07,4904,59.77
2023-02-08,4904,60.04
2023-02-09,4904,60.3
2023-02-10,4904,60.13
2023-02-13,4904,61.19
2023-02-14,4904,61.01
2023-02-15,4904,60.3
2023-02-16,4904,60.57
2023-02-17,4904,61.01
2023-02-20,4904,61.01
2023-02-21,4904,60.57
2023-02-22,4904,61.54
2023-02-23,4904,61.45
2023-02-24,4904,61.01
2023-02-01,4905,49.69
2023-02-02,4905,49.69
2023-02-01,4906,24.11
2023-02-02,4906,24.24
2023-02-03,4906,24.15
2023-02-06,4906,24.24
2023-02-07,4906,24.2
2023-02-08,4906,24.15
2023-02-09,4906,24.07
2023-02-10,4906,23.76
2023-02-13,4906,23.98
2023-02-14,4906,23.89
2023-02-15,4906,23.81
2023-02-16,4906,23.94
2023-02-17,4906,24.2
2023-02-20,4906,24.28
2023-02-21,4906,24.15
2023-02-22,4906,23.94
2023-02-23,4906,23.98
2023-02-24,4906,23.89
2023-02-01,4907,27.39
2023-02-02,4907,28.15
2023-02-03,4907,28.11
2023-02-06,4907,28.53
2023-02-07,4907,29.06
2023-02-08,4907,29.06
2023-02-09,4907,29.11
2023-02-10,4907,28.96
2023-02-13,4907,28.96
2023-02-14,4907,28.87
2023-02-15,4907,28.87
2023-02-16,4907,28.82
2023-02-17,4907,28.92
2023-02-20,4907,28.82
2023-02-21,4907,28.82
2023-02-22,4907,28.82
2023-02-23,4907,28.87
2023-02-24,4907,29.25
2023-02-01,4908,28.98
2023-02-02,4908,29.53
2023-02-03,4908,29.25
2023-02-06,4908,29.35
2023-02-07,4908,29.3
2023-02-08,4908,29.3
2023-02-09,4908,29.44
2023-02-10,4908,28.98
2023-02-13,4908,28.7
2023-02-14,4908,28.7
2023-02-15,4908,28.52
2023-02-16,4908,28.84
2023-02-17,4908,29.12
2023-02-20,4908,29.76
2023-02-21,4908,29.48
2023-02-22,4908,28.98
2023-02-23,4908,29.58
2023-02-24,4908,29.3
2023-02-01,4909,16.93
2023-02-02,4909,16.98
2023-02-03,4909,16.88
2023-02-06,4909,16.88
2023-02-07,4909,16.88
2023-02-08,4909,16.93
2023-02-09,4909,16.98
2023-02-10,4909,16.88
2023-02-13,4909,17.43
2023-02-14,4909,17.18
2023-02-15,4909,17.13
2023-02-16,4909,17.23
2023-02-17,4909,17.23
2023-02-20,4909,17.43
2023-02-21,4909,17.53
2023-02-22,4909,17.43
2023-02-23,4909,17.68
2023-02-24,4909,17.63
2023-02-01,4911,47.34
2023-02-02,4911,48.37
2023-02-03,4911,53.13
2023-02-06,4911,58.36
2023-02-07,4911,55.28
2023-02-08,4911,56.22
2023-02-09,4911,55.09
2023-02-10,4911,55.09
2023-02-13,4911,55.56
2023-02-14,4911,54.91
2023-02-15,4911,53.23
2023-02-16,4911,54.53
2023-02-17,4911,54.53
2023-02-20,4911,55.37
2023-02-21,4911,56.31
2023-02-22,4911,61.82
2023-02-23,4911,59.11
2023-02-24,4911,60.51
2023-02-01,4912,78.55
2023-02-02,4912,80.48
2023-02-03,4912,79.03
2023-02-06,4912,78.07
2023-02-07,4912,78.55
2023-02-08,4912,77.97
2023-02-09,4912,76.33
2023-02-10,4912,73.92
2023-02-13,4912,73.25
2023-02-14,4912,74.41
2023-02-15,4912,75.27
2023-02-16,4912,74.98
2023-02-17,4912,74.31
2023-02-20,4912,75.27
2023-02-21,4912,75.95
2023-02-22,4912,74.79
2023-02-23,4912,74.98
2023-02-24,4912,74.89
2023-02-01,4915,50.22
2023-02-02,4915,50.73
2023-02-03,4915,51.25
2023-02-06,4915,50.39
2023-02-07,4915,50.3
2023-02-08,4915,50.22
2023-02-09,4915,50.9
2023-02-10,4915,49.87
2023-02-13,4915,50.22
2023-02-14,4915,50.3
2023-02-15,4915,50.65
2023-02-16,4915,50.22
2023-02-17,4915,50.47
2023-02-20,4915,50.82
2023-02-21,4915,50.65
2023-02-22,4915,49.87
2023-02-23,4915,49.96
2023-02-24,4915,51.25
2023-02-01,4916,28.0
2023-02-02,4916,28.29
2023-02-03,4916,27.95
2023-02-06,4916,28.39
2023-02-07,4916,28.44
2023-02-08,4916,28.14
2023-02-09,4916,28.58
2023-02-10,4916,28.0
2023-02-13,4916,28.24
2023-02-14,4916,28.58
2023-02-15,4916,28.58
2023-02-16,4916,28.68
2023-02-17,4916,28.98
2023-02-20,4916,29.76
2023-02-21,4916,29.71
2023-02-22,4916,30.2
2023-02-23,4916,29.76
2023-02-24,4916,29.17
2023-02-01,4919,131.49
2023-02-02,4919,136.12
2023-02-03,4919,140.29
2023-02-06,4919,137.51
2023-02-07,4919,137.51
2023-02-08,4919,142.61
2023-02-09,4919,139.36
2023-02-10,4919,136.59
2023-02-13,4919,136.59
2023-02-14,4919,134.73
2023-02-15,4919,134.27
2023-02-16,4919,137.98
2023-02-17,4919,133.81
2023-02-20,4919,132.88
2023-02-21,4919,134.73
2023-02-22,4919,131.96
2023-02-23,4919,138.44
2023-02-24,4919,136.59
2023-02-01,4923,39.52
2023-02-02,4923,40.73
2023-02-03,4923,40.12
2023-02-06,4923,39.9
2023-02-07,4923,39.9
2023-02-08,4923,40.5
2023-02-09,4923,40.66
2023-02-10,4923,40.73
2023-02-13,4923,40.5
2023-02-14,4923,40.5
2023-02-15,4923,40.12
2023-02-16,4923,41.11
2023-02-17,4923,41.19
2023-02-20,4923,42.02
2023-02-21,4923,42.1
2023-02-22,4923,41.95
2023-02-23,4923,42.94
2023-02-24,4923,47.19
2023-02-01,4924,13.85
2023-02-02,4924,13.85
2023-02-03,4924,13.85
2023-02-06,4924,13.8
2023-02-07,4924,14.0
2023-02-08,4924,13.85
2023-02-09,4924,13.85
2023-02-10,4924,13.7
2023-02-13,4924,13.55
2023-02-14,4924,13.55
2023-02-15,4924,13.55
2023-02-16,4924,13.6
2023-02-17,4924,13.6
2023-02-20,4924,13.6
2023-02-21,4924,13.75
2023-02-22,4924,14.15
2023-02-23,4924,14.0
2023-02-24,4924,13.85
2023-02-01,4927,55.83
2023-02-02,4927,56.78
2023-02-03,4927,56.4
2023-02-06,4927,56.4
2023-02-07,4927,57.15
2023-02-08,4927,56.96
2023-02-09,4927,56.59
2023-02-10,4927,55.64
2023-02-13,4927,56.21
2023-02-14,4927,55.93
2023-02-15,4927,56.02
2023-02-16,4927,56.87
2023-02-17,4927,58.1
2023-02-20,4927,61.21
2023-02-21,4927,60.83
2023-02-22,4927,58.76
2023-02-23,4927,59.23
2023-02-24,4927,57.62
2023-02-01,4930,23.77
2023-02-02,4930,23.73
2023-02-03,4930,23.9
2023-02-06,4930,24.02
2023-02-07,4930,24.14
2023-02-08,4930,23.98
2023-02-09,4930,24.06
2023-02-10,4930,23.61
2023-02-13,4930,23.77
2023-02-14,4930,23.94
2023-02-15,4930,23.9
2023-02-16,4930,23.94
2023-02-17,4930,24.1
2023-02-20,4930,24.35
2023-02-21,4930,24.35
2023-02-22,4930,24.43
2023-02-23,4930,24.43
2023-02-24,4930,24.8
2023-02-01,4931,41.75
2023-02-02,4931,41.89
2023-02-03,4931,40.62
2023-02-06,4931,40.8
2023-02-07,4931,41.89
2023-02-08,4931,41.52
2023-02-09,4931,44.01
2023-02-10,4931,46.23
2023-02-13,4931,45.32
2023-02-14,4931,43.83
2023-02-15,4931,43.92
2023-02-16,4931,44.6
2023-02-17,4931,44.42
2023-02-20,4931,44.78
2023-02-21,4931,45.78
2023-02-22,4931,43.88
2023-02-23,4931,44.1
2023-02-24,4931,43.2
2023-02-01,4933,27.91
2023-02-02,4933,28.13
2023-02-03,4933,28.31
2023-02-06,4933,28.4
2023-02-07,4933,29.11
2023-02-08,4933,29.59
2023-02-09,4933,29.24
2023-02-10,4933,29.24
2023-02-13,4933,29.55
2023-02-14,4933,29.73
2023-02-15,4933,29.55
2023-02-16,4933,29.81
2023-02-17,4933,29.95
2023-02-20,4933,29.68
2023-02-21,4933,29.9
2023-02-22,4933,29.99
2023-02-23,4933,30.12
2023-02-24,4933,30.17
2023-02-01,4934,28.9
2023-02-02,4934,28.85
2023-02-03,4934,29.0
2023-02-06,4934,28.3
2023-02-07,4934,28.6
2023-02-08,4934,29.0
2023-02-09,4934,29.0
2023-02-10,4934,28.0
2023-02-13,4934,27.65
2023-02-14,4934,27.9
2023-02-15,4934,27.85
2023-02-16,4934,28.5
2023-02-17,4934,28.6
2023-02-20,4934,28.95
2023-02-21,4934,29.05
2023-02-22,4934,28.8
2023-02-23,4934,28.55
2023-02-24,4934,28.3
2023-02-01,4935,49.09
2023-02-02,4935,50.03
2023-02-03,4935,50.12
2023-02-06,4935,49.6
2023-02-07,4935,49.43
2023-02-08,4935,48.91
2023-02-09,4935,49.0
2023-02-10,4935,48.23
2023-02-13,4935,48.23
2023-02-14,4935,48.31
2023-02-15,4935,48.66
2023-02-16,4935,49.17
2023-02-17,4935,49.34
2023-02-20,4935,49.52
2023-02-21,4935,50.03
2023-02-22,4935,49.86
2023-02-23,4935,50.38
2023-02-24,4935,50.2
2023-02-01,4938,56.21
2023-02-02,4938,56.55
2023-02-03,4938,56.55
2023-02-06,4938,57.16
2023-02-07,4938,57.59
2023-02-08,4938,57.24
2023-02-09,4938,57.5
2023-02-10,4938,57.59
2023-02-13,4938,58.02
2023-02-14,4938,57.68
2023-02-15,4938,58.11
2023-02-16,4938,57.94
2023-02-17,4938,58.37
2023-02-20,4938,58.63
2023-02-21,4938,58.71
2023-02-22,4938,58.97
2023-02-23,4938,59.23
2023-02-24,4938,58.8
2023-02-01,4939,14.45
2023-02-02,4939,14.5
2023-02-03,4939,14.45
2023-02-06,4939,14.5
2023-02-07,4939,14.82
2023-02-08,4939,14.82
2023-02-09,4939,14.73
2023-02-10,4939,14.78
2023-02-13,4939,14.82
2023-02-14,4939,14.87
2023-02-15,4939,14.87
2023-02-16,4939,14.96
2023-02-17,4939,14.91
2023-02-20,4939,15.42
2023-02-21,4939,15.38
2023-02-22,4939,15.29
2023-02-23,4939,15.38
2023-02-24,4939,15.29
2023-02-01,4942,32.68
2023-02-02,4942,32.81
2023-02-03,4942,32.9
2023-02-06,4942,32.63
2023-02-07,4942,32.86
2023-02-08,4942,32.95
2023-02-09,4942,32.95
2023-02-10,4942,33.08
2023-02-13,4942,33.44
2023-02-14,4942,33.84
2023-02-15,4942,33.44
2023-02-16,4942,33.84
2023-02-17,4942,33.79
2023-02-20,4942,33.84
2023-02-21,4942,34.15
2023-02-22,4942,34.11
2023-02-23,4942,34.24
2023-02-24,4942,33.66
2023-02-01,4943,25.78
2023-02-02,4943,25.6
2023-02-03,4943,24.52
2023-02-06,4943,24.52
2023-02-07,4943,25.96
2023-02-08,4943,25.96
2023-02-09,4943,26.32
2023-02-10,4943,26.32
2023-02-13,4943,25.33
2023-02-14,4943,25.42
2023-02-15,4943,24.88
2023-02-16,4943,25.06
2023-02-17,4943,24.16
2023-02-20,4943,23.62
2023-02-21,4943,23.44
2023-02-22,4943,23.8
2023-02-23,4943,23.98
2023-02-24,4943,24.25
2023-02-01,4944,12.25
2023-02-02,4944,11.85
2023-02-03,4944,11.45
2023-02-06,4944,12.55
2023-02-07,4944,13.8
2023-02-08,4944,14.0
2023-02-09,4944,13.6
2023-02-10,4944,13.6
2023-02-13,4944,13.0
2023-02-14,4944,12.8
2023-02-16,4944,12.65
2023-02-17,4944,12.35
2023-02-20,4944,12.1
2023-02-21,4944,13.3
2023-02-22,4944,12.7
2023-02-23,4944,13.0
2023-02-24,4944,13.0
2023-02-01,4945,41.29
2023-02-02,4945,42.87
2023-02-03,4945,42.6
2023-02-06,4945,46.81
2023-02-07,4945,46.9
2023-02-08,4945,46.18
2023-02-09,4945,46.09
2023-02-10,4945,45.14
2023-02-13,4945,44.82
2023-02-14,4945,44.46
2023-02-15,4945,44.46
2023-02-16,4945,45.05
2023-02-17,4945,44.64
2023-02-20,4945,45.91
2023-02-21,4945,46.09
2023-02-22,4945,45.27
2023-02-23,4945,46.72
2023-02-24,4945,46.09
2023-02-01,4946,135.89
2023-02-02,4946,137.13
2023-02-03,4946,135.21
2023-02-06,4946,133.01
2023-02-07,4946,132.32
2023-02-08,4946,133.28
2023-02-09,4946,133.14
2023-02-10,4946,132.04
2023-02-13,4946,127.92
2023-02-14,4946,129.57
2023-02-15,4946,128.88
2023-02-16,4946,129.29
2023-02-17,4946,128.74
2023-02-20,4946,130.12
2023-02-21,4946,129.29
2023-02-22,4946,129.98
2023-02-23,4946,129.98
2023-02-24,4946,130.12
2023-02-01,4949,63.54
2023-02-02,4949,63.64
2023-02-03,4949,62.86
2023-02-06,4949,63.25
2023-02-07,4949,63.45
2023-02-08,4949,73.37
2023-02-09,4949,77.56
2023-02-10,4949,78.63
2023-02-13,4949,82.52
2023-02-14,4949,82.03
2023-02-15,4949,78.72
2023-02-16,4949,78.82
2023-02-17,4949,76.97
2023-02-20,4949,77.85
2023-02-21,4949,77.75
2023-02-22,4949,76.88
2023-02-23,4949,77.85
2023-02-24,4949,79.79
2023-02-01,4950,20.4
2023-02-02,4950,20.4
2023-02-03,4950,20.4
2023-02-06,4950,20.3
2023-02-07,4950,20.5
2023-02-08,4950,21.0
2023-02-09,4950,21.05
2023-02-10,4950,21.3
2023-02-13,4950,21.3
2023-02-14,4950,21.15
2023-02-15,4950,21.25
2023-02-16,4950,21.3
2023-02-17,4950,21.25
2023-02-20,4950,21.4
2023-02-21,4950,21.3
2023-02-22,4950,21.3
2023-02-23,4950,21.0
2023-02-24,4950,21.3
2023-02-01,4951,46.3
2023-02-02,4951,46.56
2023-02-03,4951,46.92
2023-02-06,4951,46.3
2023-02-07,4951,46.12
2023-02-08,4951,48.15
2023-02-09,4951,49.92
2023-02-10,4951,48.33
2023-02-13,4951,49.3
2023-02-14,4951,49.04
2023-02-15,4951,48.51
2023-02-16,4951,49.83
2023-02-17,4951,49.3
2023-02-20,4951,49.66
2023-02-21,4951,51.51
2023-02-22,4951,52.31
2023-02-23,4951,52.66
2023-02-24,4951,51.69
2023-02-01,4952,42.83
2023-02-02,4952,43.25
2023-02-03,4952,43.17
2023-02-06,4952,42.74
2023-02-07,4952,43.34
2023-02-08,4952,44.18
2023-02-09,4952,43.67
2023-02-10,4952,42.66
2023-02-13,4952,42.49
2023-02-14,4952,43.42
2023-02-15,4952,43.67
2023-02-16,4952,44.1
2023-02-17,4952,44.27
2023-02-20,4952,44.86
2023-02-21,4952,45.45
2023-02-22,4952,45.96
2023-02-23,4952,46.81
2023-02-24,4952,46.64
2023-02-01,4953,79.27
2023-02-02,4953,80.14
2023-02-03,4953,79.0
2023-02-06,4953,79.18
2023-02-07,4953,79.97
2023-02-08,4953,80.4
2023-02-09,4953,79.79
2023-02-10,4953,78.83
2023-02-13,4953,81.28
2023-02-14,4953,89.14
2023-02-15,4953,83.37
2023-02-16,4953,85.12
2023-02-17,4953,83.81
2023-02-20,4953,85.56
2023-02-21,4953,84.95
2023-02-22,4953,85.21
2023-02-23,4953,87.04
2023-02-24,4953,92.64
2023-02-01,4956,14.8
2023-02-02,4956,14.9
2023-02-03,4956,16.35
2023-02-06,4956,15.95
2023-02-07,4956,15.75
2023-02-08,4956,16.15
2023-02-09,4956,16.0
2023-02-10,4956,15.7
2023-02-13,4956,15.7
2023-02-14,4956,15.7
2023-02-15,4956,15.7
2023-02-16,4956,16.0
2023-02-17,4956,16.15
2023-02-20,4956,16.2
2023-02-21,4956,16.25
2023-02-22,4956,16.0
2023-02-23,4956,16.15
2023-02-24,4956,16.15
2023-02-01,4958,98.12
2023-02-02,4958,99.44
2023-02-03,4958,99.0
2023-02-06,4958,99.0
2023-02-07,4958,99.0
2023-02-08,4958,99.0
2023-02-09,4958,99.0
2023-02-10,4958,98.12
2023-02-13,4958,99.44
2023-02-14,4958,99.88
2023-02-15,4958,99.88
2023-02-16,4958,100.32
2023-02-17,4958,100.76
2023-02-20,4958,100.76
2023-02-21,4958,101.2
2023-02-22,4958,100.76
2023-02-23,4958,100.32
2023-02-24,4958,98.56
2023-02-01,4960,10.56
2023-02-02,4960,10.61
2023-02-03,4960,10.61
2023-02-06,4960,10.87
2023-02-07,4960,10.91
2023-02-08,4960,11.52
2023-02-09,4960,11.72
2023-02-10,4960,11.63
2023-02-13,4960,11.83
2023-02-14,4960,11.88
2023-02-15,4960,12.03
2023-02-16,4960,12.44
2023-02-17,4960,12.58
2023-02-20,4960,13.04
2023-02-21,4960,12.94
2023-02-22,4960,12.99
2023-02-23,4960,12.79
2023-02-24,4960,12.63
2023-02-01,4961,187.33
2023-02-02,4961,193.88
2023-02-03,4961,184.71
2023-02-06,4961,184.71
2023-02-07,4961,191.91
2023-02-08,4961,193.22
2023-02-09,4961,187.98
2023-02-10,4961,186.01
2023-02-13,4961,184.06
2023-02-14,4961,189.94
2023-02-15,4961,189.29
2023-02-16,4961,207.63
2023-02-17,4961,216.8
2023-02-20,4961,237.11
2023-02-21,4961,235.14
2023-02-22,4961,221.39
2023-02-23,4961,220.73
2023-02-24,4961,218.11
2023-02-01,4966,866.79
2023-02-02,4966,913.89
2023-02-03,4966,925.2
2023-02-06,4966,890.34
2023-02-07,4966,934.62
2023-02-08,4966,942.16
2023-02-09,4966,895.05
2023-02-10,4966,859.25
2023-02-13,4966,825.33
2023-02-14,4966,837.58
2023-02-15,4966,820.62
2023-02-16,4966,829.1
2023-02-17,4966,857.36
2023-02-20,4966,866.79
2023-02-21,4966,895.05
2023-02-22,4966,890.34
2023-02-23,4966,934.62
2023-02-24,4966,906.36
2023-02-01,4967,33.0
2023-02-02,4967,33.1
2023-02-03,4967,32.8
2023-02-06,4967,32.26
2023-02-07,4967,32.9
2023-02-08,4967,33.49
2023-02-09,4967,34.43
2023-02-10,4967,34.18
2023-02-13,4967,34.53
2023-02-14,4967,37.97
2023-02-15,4967,38.02
2023-02-16,4967,39.6
2023-02-17,4967,43.24
2023-02-20,4967,45.12
2023-02-21,4967,43.05
2023-02-22,4967,44.53
2023-02-23,4967,48.96
2023-02-24,4967,51.03
2023-02-01,4968,136.0
2023-02-02,4968,135.5
2023-02-03,4968,130.5
2023-02-06,4968,131.5
2023-02-07,4968,130.5
2023-02-08,4968,135.0
2023-02-09,4968,138.0
2023-02-10,4968,131.5
2023-02-13,4968,126.0
2023-02-14,4968,127.5
2023-02-15,4968,126.5
2023-02-16,4968,129.0
2023-02-17,4968,128.0
2023-02-20,4968,140.5
2023-02-21,4968,141.5
2023-02-22,4968,135.5
2023-02-23,4968,141.0
2023-02-24,4968,132.5
2023-02-01,4971,54.9
2023-02-02,4971,55.38
2023-02-03,4971,55.57
2023-02-06,4971,55.57
2023-02-07,4971,55.38
2023-02-08,4971,56.25
2023-02-09,4971,54.99
2023-02-10,4971,54.12
2023-02-13,4971,54.32
2023-02-14,4971,54.41
2023-02-15,4971,54.51
2023-02-16,4971,55.09
2023-02-17,4971,54.99
2023-02-20,4971,55.38
2023-02-21,4971,56.05
2023-02-22,4971,54.41
2023-02-23,4971,54.8
2023-02-24,4971,54.41
2023-02-01,4972,26.61
2023-02-02,4972,26.74
2023-02-03,4972,26.65
2023-02-06,4972,26.65
2023-02-07,4972,26.65
2023-02-08,4972,26.61
2023-02-09,4972,26.61
2023-02-10,4972,26.47
2023-02-13,4972,26.47
2023-02-14,4972,26.52
2023-02-15,4972,26.52
2023-02-16,4972,26.56
2023-02-17,4972,26.61
2023-02-20,4972,26.7
2023-02-21,4972,26.74
2023-02-22,4972,27.14
2023-02-23,4972,27.19
2023-02-24,4972,27.05
2023-02-01,4973,19.26
2023-02-02,4973,19.39
2023-02-03,4973,19.43
2023-02-06,4973,19.35
2023-02-07,4973,19.35
2023-02-08,4973,19.35
2023-02-09,4973,19.48
2023-02-10,4973,19.18
2023-02-13,4973,19.14
2023-02-14,4973,19.52
2023-02-15,4973,19.39
2023-02-16,4973,19.39
2023-02-17,4973,19.39
2023-02-20,4973,19.77
2023-02-21,4973,20.03
2023-02-22,4973,19.94
2023-02-23,4973,19.99
2023-02-24,4973,19.99
2023-02-01,4974,53.87
2023-02-02,4974,54.68
2023-02-03,4974,54.76
2023-02-06,4974,52.32
2023-02-07,4974,52.4
2023-02-08,4974,52.81
2023-02-09,4974,53.13
2023-02-10,4974,52.32
2023-02-13,4974,51.99
2023-02-14,4974,52.97
2023-02-15,4974,52.32
2023-02-16,4974,52.72
2023-02-17,4974,52.56
2023-02-20,4974,53.38
2023-02-21,4974,53.62
2023-02-22,4974,53.54
2023-02-23,4974,53.87
2023-02-24,4974,54.19
2023-02-01,4976,40.3
2023-02-02,4976,40.5
2023-02-03,4976,40.5
2023-02-06,4976,40.45
2023-02-07,4976,40.65
2023-02-08,4976,41.45
2023-02-09,4976,41.8
2023-02-10,4976,40.2
2023-02-13,4976,39.7
2023-02-14,4976,40.1
2023-02-15,4976,39.9
2023-02-16,4976,40.85
2023-02-17,4976,40.4
2023-02-20,4976,41.65
2023-02-21,4976,42.3
2023-02-22,4976,41.35
2023-02-23,4976,41.4
2023-02-24,4976,40.9
2023-02-01,4977,103.76
2023-02-02,4977,102.38
2023-02-03,4977,102.84
2023-02-06,4977,102.38
2023-02-07,4977,103.76
2023-02-08,4977,100.54
2023-02-09,4977,102.38
2023-02-10,4977,101.46
2023-02-13,4977,101.92
2023-02-14,4977,99.16
2023-02-15,4977,98.25
2023-02-16,4977,106.51
2023-02-17,4977,106.97
2023-02-20,4977,111.1
2023-02-21,4977,108.81
2023-02-22,4977,100.54
2023-02-23,4977,102.38
2023-02-24,4977,101.0
2023-02-01,4979,47.2
2023-02-02,4979,48.37
2023-02-03,4979,46.47
2023-02-06,4979,47.35
2023-02-07,4979,48.18
2023-02-08,4979,47.89
2023-02-09,4979,49.45
2023-02-10,4979,50.23
2023-02-13,4979,49.45
2023-02-14,4979,48.47
2023-02-15,4979,49.15
2023-02-16,4979,50.91
2023-02-17,4979,50.03
2023-02-20,4979,53.64
2023-02-21,4979,52.76
2023-02-22,4979,47.5
2023-02-23,4979,46.81
2023-02-24,4979,46.42
2023-02-01,4987,51.82
2023-02-02,4987,51.91
2023-02-03,4987,51.82
2023-02-06,4987,51.56
2023-02-07,4987,51.47
2023-02-08,4987,51.56
2023-02-09,4987,52.0
2023-02-10,4987,51.47
2023-02-13,4987,51.21
2023-02-14,4987,51.21
2023-02-15,4987,51.65
2023-02-16,4987,51.65
2023-02-17,4987,51.82
2023-02-20,4987,51.91
2023-02-21,4987,52.0
2023-02-22,4987,52.35
2023-02-23,4987,52.09
2023-02-24,4987,52.27
2023-02-01,4989,27.39
2023-02-02,4989,27.19
2023-02-03,4989,27.04
2023-02-06,4989,27.24
2023-02-07,4989,26.75
2023-02-08,4989,27.09
2023-02-09,4989,26.95
2023-02-10,4989,26.55
2023-02-13,4989,26.21
2023-02-14,4989,26.35
2023-02-15,4989,26.21
2023-02-16,4989,26.7
2023-02-17,4989,26.6
2023-02-20,4989,26.99
2023-02-21,4989,27.04
2023-02-22,4989,26.85
2023-02-23,4989,26.99
2023-02-24,4989,26.5
2023-02-01,4991,38.9
2023-02-02,4991,39.1
2023-02-03,4991,38.7
2023-02-06,4991,38.8
2023-02-07,4991,38.8
2023-02-08,4991,38.7
2023-02-09,4991,38.7
2023-02-10,4991,38.45
2023-02-13,4991,38.35
2023-02-14,4991,38.2
2023-02-15,4991,37.95
2023-02-16,4991,38.4
2023-02-17,4991,38.35
2023-02-20,4991,38.65
2023-02-21,4991,38.75
2023-02-22,4991,38.1
2023-02-23,4991,37.9
2023-02-24,4991,37.6
2023-02-01,4994,56.84
2023-02-02,4994,57.53
2023-02-03,4994,57.53
2023-02-06,4994,56.98
2023-02-07,4994,56.49
2023-02-08,4994,56.84
2023-02-09,4994,56.98
2023-02-10,4994,56.57
2023-02-13,4994,56.49
2023-02-14,4994,56.43
2023-02-15,4994,56.15
2023-02-16,4994,56.43
2023-02-17,4994,56.36
2023-02-20,4994,56.43
2023-02-21,4994,57.18
2023-02-22,4994,57.04
2023-02-23,4994,57.25
2023-02-24,4994,56.84
2023-02-01,4995,31.81
2023-02-02,4995,31.61
2023-02-03,4995,31.56
2023-02-06,4995,31.81
2023-02-07,4995,31.97
2023-02-08,4995,31.93
2023-02-09,4995,31.81
2023-02-10,4995,32.05
2023-02-13,4995,32.3
2023-02-14,4995,32.54
2023-02-15,4995,32.42
2023-02-16,4995,32.66
2023-02-17,4995,33.03
2023-02-20,4995,33.84
2023-02-21,4995,34.57
2023-02-22,4995,34.98
2023-02-23,4995,37.83
2023-02-24,4995,38.48
2023-02-01,4999,32.81
2023-02-02,4999,32.85
2023-02-03,4999,32.9
2023-02-06,4999,33.08
2023-02-07,4999,32.99
2023-02-08,4999,33.03
2023-02-09,4999,33.17
2023-02-10,4999,33.03
2023-02-13,4999,32.99
2023-02-14,4999,32.94
2023-02-15,4999,33.65
2023-02-16,4999,33.39
2023-02-17,4999,34.1
2023-02-20,4999,34.23
2023-02-21,4999,34.19
2023-02-22,4999,34.14
2023-02-23,4999,34.32
2023-02-24,4999,34.41
2023-02-01,5007,43.95
2023-02-02,5007,44.04
2023-02-03,5007,44.21
2023-02-06,5007,44.12
2023-02-07,5007,44.12
2023-02-08,5007,44.04
2023-02-09,5007,44.04
2023-02-10,5007,44.12
2023-02-13,5007,43.95
2023-02-14,5007,44.04
2023-02-15,5007,43.19
2023-02-16,5007,43.11
2023-02-17,5007,43.28
2023-02-20,5007,43.19
2023-02-21,5007,43.19
2023-02-22,5007,43.7
2023-02-23,5007,43.61
2023-02-24,5007,43.61
2023-02-01,5009,34.09
2023-02-02,5009,34.35
2023-02-03,5009,33.62
2023-02-06,5009,33.19
2023-02-07,5009,33.92
2023-02-08,5009,33.58
2023-02-09,5009,33.88
2023-02-10,5009,33.83
2023-02-13,5009,33.24
2023-02-14,5009,33.71
2023-02-15,5009,34.0
2023-02-16,5009,34.43
2023-02-17,5009,35.15
2023-02-20,5009,35.79
2023-02-21,5009,35.71
2023-02-22,5009,36.22
2023-02-23,5009,37.67
2023-02-24,5009,38.39
2023-02-01,5011,23.31
2023-02-02,5011,23.17
2023-02-03,5011,22.91
2023-02-06,5011,22.68
2023-02-07,5011,22.73
2023-02-08,5011,22.68
2023-02-09,5011,22.46
2023-02-10,5011,22.06
2023-02-13,5011,21.75
2023-02-14,5011,21.62
2023-02-15,5011,21.57
2023-02-16,5011,21.66
2023-02-17,5011,22.02
2023-02-20,5011,22.06
2023-02-21,5011,22.11
2023-02-22,5011,22.02
2023-02-23,5011,22.24
2023-02-24,5011,22.6
2023-02-01,5013,33.13
2023-02-02,5013,33.13
2023-02-03,5013,33.46
2023-02-07,5013,33.5
2023-02-08,5013,33.13
2023-02-09,5013,33.09
2023-02-10,5013,32.76
2023-02-13,5013,33.13
2023-02-14,5013,33.04
2023-02-15,5013,32.76
2023-02-16,5013,32.99
2023-02-17,5013,32.95
2023-02-20,5013,33.09
2023-02-22,5013,32.95
2023-02-23,5013,33.09
2023-02-24,5013,32.85
2023-02-01,5014,16.51
2023-02-02,5014,16.38
2023-02-03,5014,16.08
2023-02-06,5014,15.99
2023-02-07,5014,16.08
2023-02-08,5014,16.16
2023-02-09,5014,15.82
2023-02-10,5014,15.25
2023-02-13,5014,15.51
2023-02-14,5014,15.55
2023-02-15,5014,15.42
2023-02-16,5014,15.6
2023-02-17,5014,15.51
2023-02-20,5014,15.6
2023-02-21,5014,15.6
2023-02-22,5014,15.42
2023-02-23,5014,15.51
2023-02-24,5014,15.34
2023-02-01,5015,46.1
2023-02-02,5015,45.71
2023-02-03,5015,45.47
2023-02-06,5015,44.69
2023-02-07,5015,45.08
2023-02-08,5015,44.84
2023-02-09,5015,44.69
2023-02-10,5015,44.21
2023-02-13,5015,43.98
2023-02-14,5015,44.37
2023-02-15,5015,44.92
2023-02-16,5015,45.16
2023-02-17,5015,45.08
2023-02-20,5015,45.39
2023-02-21,5015,45.55
2023-02-22,5015,46.18
2023-02-23,5015,45.79
2023-02-24,5015,45.71
2023-02-01,5016,26.19
2023-02-02,5016,26.46
2023-02-03,5016,26.55
2023-02-06,5016,26.1
2023-02-07,5016,26.02
2023-02-08,5016,26.28
2023-02-09,5016,26.28
2023-02-10,5016,26.1
2023-02-13,5016,26.28
2023-02-14,5016,26.37
2023-02-15,5016,26.37
2023-02-16,5016,26.37
2023-02-17,5016,26.5
2023-02-20,5016,26.55
2023-02-21,5016,26.73
2023-02-22,5016,26.81
2023-02-23,5016,26.9
2023-02-24,5016,26.9
2023-02-01,5201,24.77
2023-02-03,5201,24.22
2023-02-06,5201,24.13
2023-02-07,5201,24.31
2023-02-08,5201,24.18
2023-02-09,5201,24.18
2023-02-10,5201,24.13
2023-02-13,5201,24.22
2023-02-14,5201,24.27
2023-02-15,5201,24.13
2023-02-16,5201,24.22
2023-02-17,5201,24.45
2023-02-20,5201,24.31
2023-02-21,5201,24.22
2023-02-22,5201,24.68
2023-02-23,5201,24.54
2023-02-24,5201,24.54
2023-02-01,5202,14.0
2023-02-02,5202,13.95
2023-02-03,5202,14.0
2023-02-06,5202,14.0
2023-02-07,5202,14.0
2023-02-08,5202,14.0
2023-02-09,5202,14.19
2023-02-10,5202,14.14
2023-02-13,5202,14.14
2023-02-14,5202,13.8
2023-02-15,5202,13.85
2023-02-16,5202,13.9
2023-02-17,5202,13.8
2023-02-20,5202,13.8
2023-02-21,5202,14.92
2023-02-22,5202,14.58
2023-02-23,5202,14.19
2023-02-24,5202,14.19
2023-02-01,5203,79.94
2023-02-02,5203,81.84
2023-02-03,5203,81.84
2023-02-06,5203,82.5
2023-02-07,5203,82.88
2023-02-08,5203,88.29
2023-02-09,5203,91.52
2023-02-10,5203,90.76
2023-02-13,5203,88.96
2023-02-14,5203,88.39
2023-02-15,5203,86.39
2023-02-16,5203,87.63
2023-02-17,5203,88.86
2023-02-20,5203,88.1
2023-02-21,5203,86.96
2023-02-22,5203,88.29
2023-02-23,5203,88.29
2023-02-24,5203,86.87
2023-02-03,5205,39.6
2023-02-06,5205,38.25
2023-02-07,5205,40.8
2023-02-08,5205,39.2
2023-02-09,5205,40.5
2023-02-13,5205,38.5
2023-02-14,5205,37.95
2023-02-15,5205,37.35
2023-02-17,5205,38.8
2023-02-20,5205,41.35
2023-02-21,5205,38.65
2023-02-22,5205,38.5
2023-02-23,5205,38.3
2023-02-24,5205,38.3
2023-02-01,5206,15.29
2023-02-02,5206,15.77
2023-02-03,5206,15.72
2023-02-06,5206,15.91
2023-02-07,5206,16.2
2023-02-08,5206,16.48
2023-02-09,5206,16.72
2023-02-10,5206,16.58
2023-02-13,5206,16.58
2023-02-14,5206,16.58
2023-02-15,5206,16.58
2023-02-16,5206,16.67
2023-02-17,5206,16.67
2023-02-20,5206,17.05
2023-02-21,5206,17.1
2023-02-22,5206,17.1
2023-02-23,5206,17.15
2023-02-24,5206,17.2
2023-02-01,5209,66.64
2023-02-02,5209,66.98
2023-02-03,5209,66.89
2023-02-06,5209,67.14
2023-02-07,5209,67.56
2023-02-08,5209,67.8
2023-02-09,5209,67.97
2023-02-10,5209,67.56
2023-02-13,5209,67.89
2023-02-14,5209,67.89
2023-02-15,5209,67.97
2023-02-16,5209,68.22
2023-02-17,5209,68.8
2023-02-20,5209,69.3
2023-02-21,5209,70.13
2023-02-22,5209,71.95
2023-02-23,5209,75.35
2023-02-24,5209,72.86
2023-02-01,5210,14.55
2023-02-02,5210,14.6
2023-02-03,5210,14.7
2023-02-06,5210,15.6
2023-02-07,5210,15.55
2023-02-08,5210,15.55
2023-02-09,5210,15.3
2023-02-10,5210,14.95
2023-02-13,5210,14.95
2023-02-14,5210,15.2
2023-02-15,5210,15.15
2023-02-16,5210,15.1
2023-02-17,5210,15.0
2023-02-20,5210,16.5
2023-02-21,5210,18.15
2023-02-22,5210,19.95
2023-02-23,5210,21.3
2023-02-24,5210,19.85
2023-02-01,5211,18.32
2023-02-02,5211,18.46
2023-02-03,5211,18.42
2023-02-06,5211,18.42
2023-02-07,5211,18.42
2023-02-08,5211,18.51
2023-02-09,5211,18.51
2023-02-10,5211,18.42
2023-02-13,5211,18.51
2023-02-14,5211,19.19
2023-02-15,5211,19.29
2023-02-16,5211,19.34
2023-02-17,5211,19.14
2023-02-20,5211,19.34
2023-02-21,5211,19.24
2023-02-22,5211,19.19
2023-02-23,5211,19.29
2023-02-24,5211,19.39
2023-02-01,5212,39.89
2023-02-02,5212,38.87
2023-02-03,5212,38.44
2023-02-06,5212,39.68
2023-02-07,5212,38.44
2023-02-08,5212,39.12
2023-02-09,5212,40.15
2023-02-10,5212,40.15
2023-02-13,5212,39.72
2023-02-14,5212,40.15
2023-02-15,5212,40.7
2023-02-16,5212,41.77
2023-02-17,5212,40.4
2023-02-20,5212,41.64
2023-02-21,5212,41.64
2023-02-22,5212,44.42
2023-02-23,5212,42.8
2023-02-24,5212,43.39
2023-02-01,5213,17.29
2023-02-02,5213,17.29
2023-02-03,5213,17.33
2023-02-06,5213,17.41
2023-02-07,5213,17.45
2023-02-08,5213,18.24
2023-02-09,5213,18.84
2023-02-10,5213,18.68
2023-02-13,5213,18.52
2023-02-14,5213,18.6
2023-02-15,5213,18.68
2023-02-16,5213,18.44
2023-02-17,5213,18.92
2023-02-20,5213,18.8
2023-02-21,5213,18.8
2023-02-22,5213,18.84
2023-02-23,5213,18.84
2023-02-24,5213,18.72
2023-02-01,5215,41.22
2023-02-02,5215,43.26
2023-02-03,5215,42.22
2023-02-06,5215,42.52
2023-02-07,5215,42.91
2023-02-08,5215,42.7
2023-02-09,5215,43.35
2023-02-10,5215,42.39
2023-02-13,5215,41.87
2023-02-14,5215,42.13
2023-02-15,5215,42.3
2023-02-16,5215,42.35
2023-02-17,5215,42.7
2023-02-20,5215,43.52
2023-02-21,5215,43.26
2023-02-22,5215,43.0
2023-02-23,5215,43.35
2023-02-24,5215,43.7
2023-02-01,5220,25.67
2023-02-02,5220,26.11
2023-02-03,5220,26.16
2023-02-06,5220,26.16
2023-02-07,5220,26.2
2023-02-08,5220,26.11
2023-02-09,5220,26.38
2023-02-10,5220,26.38
2023-02-13,5220,26.51
2023-02-14,5220,26.42
2023-02-15,5220,26.42
2023-02-16,5220,26.51
2023-02-17,5220,26.38
2023-02-20,5220,26.91
2023-02-21,5220,27.13
2023-02-22,5220,28.06
2023-02-23,5220,28.19
2023-02-24,5220,27.75
2023-02-01,5222,110.36
2023-02-02,5222,112.29
2023-02-03,5222,109.59
2023-02-06,5222,110.75
2023-02-07,5222,109.59
2023-02-08,5222,108.43
2023-02-09,5222,106.89
2023-02-10,5222,112.68
2023-02-13,5222,110.75
2023-02-14,5222,115.38
2023-02-15,5222,111.91
2023-02-16,5222,111.13
2023-02-17,5222,109.59
2023-02-20,5222,113.06
2023-02-21,5222,121.17
2023-02-22,5222,114.61
2023-02-23,5222,114.61
2023-02-24,5222,114.99
2023-02-01,5223,38.95
2023-02-02,5223,38.62
2023-02-03,5223,38.67
2023-02-06,5223,37.9
2023-02-07,5223,38.1
2023-02-08,5223,38.52
2023-02-09,5223,38.52
2023-02-10,5223,38.05
2023-02-13,5223,38.1
2023-02-14,5223,38.29
2023-02-15,5223,38.24
2023-02-16,5223,39.33
2023-02-17,5223,39.29
2023-02-20,5223,40.86
2023-02-21,5223,40.38
2023-02-22,5223,39.62
2023-02-23,5223,39.81
2023-02-24,5223,39.95
2023-02-01,5225,28.0
2023-02-02,5225,29.09
2023-02-03,5225,29.05
2023-02-06,5225,27.75
2023-02-07,5225,28.49
2023-02-08,5225,28.61
2023-02-09,5225,28.08
2023-02-10,5225,27.59
2023-02-13,5225,27.79
2023-02-14,5225,28.24
2023-02-15,5225,27.75
2023-02-16,5225,28.24
2023-02-17,5225,28.12
2023-02-20,5225,29.83
2023-02-21,5225,30.84
2023-02-22,5225,30.88
2023-02-23,5225,30.92
2023-02-24,5225,32.35
2023-02-01,5227,85.09
2023-02-02,5227,86.27
2023-02-03,5227,87.33
2023-02-06,5227,86.27
2023-02-07,5227,84.5
2023-02-08,5227,84.86
2023-02-09,5227,87.33
2023-02-10,5227,86.51
2023-02-13,5227,84.5
2023-02-14,5227,84.62
2023-02-15,5227,85.21
2023-02-16,5227,87.1
2023-02-17,5227,85.45
2023-02-20,5227,84.74
2023-02-21,5227,84.62
2023-02-22,5227,82.73
2023-02-23,5227,83.91
2023-02-24,5227,85.56
2023-02-01,5228,21.57
2023-02-02,5228,21.52
2023-02-03,5228,21.37
2023-02-06,5228,21.12
2023-02-07,5228,21.22
2023-02-08,5228,21.37
2023-02-09,5228,21.17
2023-02-10,5228,20.97
2023-02-13,5228,21.12
2023-02-14,5228,21.12
2023-02-15,5228,21.27
2023-02-16,5228,21.37
2023-02-17,5228,22.06
2023-02-20,5228,22.11
2023-02-21,5228,21.96
2023-02-22,5228,22.06
2023-02-23,5228,22.21
2023-02-24,5228,22.21
2023-02-01,5230,21.62
2023-02-02,5230,22.18
2023-02-03,5230,22.04
2023-02-06,5230,21.99
2023-02-07,5230,21.9
2023-02-08,5230,21.99
2023-02-09,5230,21.81
2023-02-10,5230,21.9
2023-02-13,5230,21.71
2023-02-14,5230,21.67
2023-02-15,5230,21.71
2023-02-16,5230,21.81
2023-02-17,5230,21.81
2023-02-20,5230,22.09
2023-02-21,5230,22.09
2023-02-22,5230,21.99
2023-02-23,5230,21.95
2023-02-24,5230,22.09
2023-02-01,5234,68.36
2023-02-02,5234,68.91
2023-02-03,5234,69.01
2023-02-06,5234,71.5
2023-02-07,5234,70.11
2023-02-08,5234,71.04
2023-02-09,5234,72.05
2023-02-10,5234,71.77
2023-02-13,5234,70.57
2023-02-14,5234,70.85
2023-02-15,5234,72.23
2023-02-16,5234,73.53
2023-02-17,5234,73.53
2023-02-20,5234,72.23
2023-02-21,5234,72.7
2023-02-22,5234,72.23
2023-02-23,5234,75.74
2023-02-24,5234,74.54
2023-02-01,5236,61.79
2023-02-02,5236,64.83
2023-02-03,5236,63.77
2023-02-06,5236,63.93
2023-02-07,5236,63.77
2023-02-08,5236,65.33
2023-02-09,5236,64.1
2023-02-10,5236,62.53
2023-02-13,5236,62.45
2023-02-14,5236,63.44
2023-02-15,5236,63.44
2023-02-16,5236,64.34
2023-02-17,5236,64.67
2023-02-20,5236,66.23
2023-02-21,5236,65.99
2023-02-22,5236,64.75
2023-02-23,5236,71.16
2023-02-24,5236,73.05
2023-02-01,5243,57.93
2023-02-02,5243,58.5
2023-02-03,5243,57.74
2023-02-06,5243,58.59
2023-02-07,5243,58.4
2023-02-08,5243,58.21
2023-02-09,5243,58.4
2023-02-10,5243,57.93
2023-02-13,5243,57.36
2023-02-14,5243,57.45
2023-02-15,5243,57.74
2023-02-16,5243,58.88
2023-02-17,5243,58.4
2023-02-20,5243,58.69
2023-02-21,5243,59.35
2023-02-22,5243,58.31
2023-02-23,5243,60.01
2023-02-24,5243,59.35
2023-02-01,5244,24.66
2023-02-02,5244,24.66
2023-02-03,5244,24.66
2023-02-06,5244,24.75
2023-02-07,5244,24.71
2023-02-08,5244,24.71
2023-02-09,5244,24.84
2023-02-10,5244,24.57
2023-02-13,5244,24.35
2023-02-14,5244,24.3
2023-02-15,5244,24.3
2023-02-16,5244,24.89
2023-02-17,5244,24.93
2023-02-20,5244,27.41
2023-02-21,5244,28.22
2023-02-22,5244,28.58
2023-02-23,5244,28.44
2023-02-24,5244,28.04
2023-02-01,5245,49.96
2023-02-02,5245,53.64
2023-02-03,5245,51.19
2023-02-06,5245,51.85
2023-02-07,5245,51.19
2023-02-08,5245,51.19
2023-02-09,5245,50.52
2023-02-10,5245,49.39
2023-02-13,5245,49.58
2023-02-14,5245,50.34
2023-02-15,5245,50.05
2023-02-16,5245,50.62
2023-02-17,5245,51.0
2023-02-20,5245,51.47
2023-02-21,5245,50.71
2023-02-22,5245,50.05
2023-02-23,5245,50.43
2023-02-24,5245,49.49
2023-02-01,5251,26.8
2023-02-02,5251,27.25
2023-02-03,5251,26.9
2023-02-06,5251,27.45
2023-02-07,5251,27.2
2023-02-08,5251,27.75
2023-02-09,5251,27.6
2023-02-10,5251,26.4
2023-02-13,5251,26.45
2023-02-14,5251,26.5
2023-02-15,5251,26.25
2023-02-16,5251,27.0
2023-02-17,5251,27.45
2023-02-20,5251,27.4
2023-02-21,5251,27.05
2023-02-22,5251,26.7
2023-02-23,5251,27.25
2023-02-24,5251,26.5
2023-02-01,5258,72.36
2023-02-02,5258,72.72
2023-02-03,5258,71.82
2023-02-06,5258,70.57
2023-02-07,5258,70.48
2023-02-08,5258,70.13
2023-02-09,5258,71.65
2023-02-10,5258,68.61
2023-02-13,5258,68.07
2023-02-14,5258,67.89
2023-02-15,5258,68.34
2023-02-16,5258,70.48
2023-02-17,5258,72.81
2023-02-20,5258,78.26
2023-02-21,5258,74.86
2023-02-22,5258,77.1
2023-02-23,5258,84.06
2023-02-24,5258,81.38
2023-02-01,5263,139.04
2023-02-02,5263,137.07
2023-02-03,5263,141.51
2023-02-06,5263,139.04
2023-02-07,5263,139.04
2023-02-08,5263,138.55
2023-02-09,5263,138.05
2023-02-10,5263,135.59
2023-02-13,5263,130.17
2023-02-14,5263,131.15
2023-02-15,5263,131.15
2023-02-16,5263,134.6
2023-02-17,5263,132.14
2023-02-20,5263,132.14
2023-02-21,5263,131.65
2023-02-22,5263,128.69
2023-02-23,5263,130.17
2023-02-24,5263,128.69
2023-02-01,5269,879.6
2023-02-02,5269,930.94
2023-02-03,5269,933.85
2023-02-06,5269,888.32
2023-02-07,5269,919.32
2023-02-08,5269,978.41
2023-02-09,5269,962.91
2023-02-10,5269,918.35
2023-02-13,5269,873.79
2023-02-14,5269,864.1
2023-02-15,5269,864.1
2023-02-16,5269,891.22
2023-02-17,5269,874.76
2023-02-20,5269,920.29
2023-02-21,5269,973.57
2023-02-22,5269,941.6
2023-02-23,5269,983.25
2023-02-24,5269,960.0
2023-02-01,5272,26.95
2023-02-02,5272,27.2
2023-02-03,5272,27.05
2023-02-06,5272,26.71
2023-02-07,5272,26.66
2023-02-08,5272,26.95
2023-02-09,5272,26.71
2023-02-10,5272,26.22
2023-02-13,5272,26.12
2023-02-14,5272,26.37
2023-02-15,5272,26.42
2023-02-16,5272,26.56
2023-02-17,5272,26.56
2023-02-20,5272,27.15
2023-02-21,5272,27.2
2023-02-22,5272,27.0
2023-02-23,5272,27.29
2023-02-24,5272,27.1
2023-02-01,5274,2090.56
2023-02-02,5274,2201.87
2023-02-03,5274,2419.63
2023-02-06,5274,2313.17
2023-02-07,5274,2279.3
2023-02-08,5274,2269.62
2023-02-09,5274,2158.31
2023-02-10,5274,2153.47
2023-02-13,5274,2105.08
2023-02-14,5274,2138.96
2023-02-15,5274,2163.15
2023-02-16,5274,2293.81
2023-02-17,5274,2206.71
2023-02-20,5274,2167.99
2023-02-21,5274,2380.92
2023-02-22,5274,2322.85
2023-02-23,5274,2511.58
2023-02-24,5274,2705.15
2023-02-01,5276,13.55
2023-02-02,5276,13.41
2023-02-03,5276,13.41
2023-02-07,5276,13.55
2023-02-09,5276,13.73
2023-02-10,5276,13.73
2023-02-14,5276,13.69
2023-02-16,5276,13.69
2023-02-17,5276,13.69
2023-02-20,5276,13.55
2023-02-21,5276,13.97
2023-02-22,5276,13.55
2023-02-23,5276,13.69
2023-02-24,5276,14.01
2023-02-01,5278,124.78
2023-02-02,5278,126.13
2023-02-03,5278,126.13
2023-02-06,5278,125.11
2023-02-07,5278,125.45
2023-02-08,5278,128.17
2023-02-10,5278,124.1
2023-02-13,5278,124.44
2023-02-14,5278,124.1
2023-02-15,5278,124.1
2023-02-16,5278,124.78
2023-02-17,5278,128.51
2023-02-20,5278,126.81
2023-02-21,5278,126.13
2023-02-22,5278,125.79
2023-02-23,5278,125.79
2023-02-24,5278,126.81
2023-02-01,5281,16.9
2023-02-02,5281,16.15
2023-02-03,5281,15.75
2023-02-06,5281,15.8
2023-02-07,5281,15.85
2023-02-08,5281,15.85
2023-02-09,5281,16.5
2023-02-10,5281,16.3
2023-02-13,5281,16.15
2023-02-14,5281,16.1
2023-02-15,5281,16.15
2023-02-16,5281,16.15
2023-02-17,5281,16.0
2023-02-20,5281,16.2
2023-02-21,5281,16.15
2023-02-22,5281,16.4
2023-02-23,5281,16.4
2023-02-24,5281,16.25
2023-02-01,5283,94.36
2023-02-02,5283,95.22
2023-02-03,5283,95.22
2023-02-06,5283,96.52
2023-02-07,5283,96.95
2023-02-08,5283,97.82
2023-02-09,5283,97.82
2023-02-10,5283,97.82
2023-02-13,5283,96.95
2023-02-14,5283,97.39
2023-02-15,5283,96.52
2023-02-16,5283,97.39
2023-02-17,5283,97.39
2023-02-20,5283,98.68
2023-02-21,5283,99.12
2023-02-22,5283,98.25
2023-02-23,5283,99.12
2023-02-24,5283,99.12
2023-02-01,5284,73.55
2023-02-02,5284,74.65
2023-02-03,5284,74.1
2023-02-06,5284,74.56
2023-02-07,5284,80.62
2023-02-08,5284,78.78
2023-02-09,5284,81.72
2023-02-10,5284,81.08
2023-02-13,5284,79.61
2023-02-14,5284,81.26
2023-02-15,5284,83.47
2023-02-16,5284,84.48
2023-02-17,5284,85.76
2023-02-20,5284,87.32
2023-02-21,5284,87.42
2023-02-22,5284,87.69
2023-02-23,5284,87.78
2023-02-24,5284,85.21
2023-02-01,5285,63.69
2023-02-02,5285,66.44
2023-02-03,5285,66.8
2023-02-06,5285,68.84
2023-02-07,5285,69.28
2023-02-08,5285,69.73
2023-02-09,5285,69.19
2023-02-10,5285,66.97
2023-02-13,5285,66.26
2023-02-14,5285,67.51
2023-02-15,5285,69.28
2023-02-16,5285,70.17
2023-02-17,5285,69.37
2023-02-20,5285,70.79
2023-02-21,5285,70.62
2023-02-22,5285,69.73
2023-02-23,5285,70.17
2023-02-24,5285,69.19
2023-02-01,5287,143.47
2023-02-02,5287,143.84
2023-02-03,5287,144.59
2023-02-06,5287,144.96
2023-02-07,5287,145.71
2023-02-08,5287,145.71
2023-02-09,5287,145.71
2023-02-10,5287,145.34
2023-02-13,5287,146.08
2023-02-14,5287,146.08
2023-02-15,5287,145.71
2023-02-16,5287,144.59
2023-02-17,5287,145.34
2023-02-20,5287,144.59
2023-02-21,5287,144.96
2023-02-22,5287,144.21
2023-02-23,5287,145.34
2023-02-24,5287,144.96
2023-02-01,5288,163.04
2023-02-02,5288,164.89
2023-02-03,5288,166.28
2023-02-06,5288,165.81
2023-02-07,5288,165.35
2023-02-08,5288,165.81
2023-02-09,5288,166.28
2023-02-10,5288,167.67
2023-02-13,5288,163.04
2023-02-14,5288,162.11
2023-02-15,5288,162.57
2023-02-16,5288,163.04
2023-02-17,5288,162.11
2023-02-20,5288,161.65
2023-02-21,5288,162.11
2023-02-22,5288,162.57
2023-02-23,5288,164.89
2023-02-24,5288,163.04
2023-02-01,5289,172.99
2023-02-02,5289,174.76
2023-02-03,5289,178.29
2023-02-06,5289,176.52
2023-02-07,5289,175.2
2023-02-08,5289,175.2
2023-02-09,5289,175.64
2023-02-10,5289,173.43
2023-02-13,5289,172.11
2023-02-14,5289,173.87
2023-02-15,5289,173.43
2023-02-16,5289,172.55
2023-02-17,5289,174.76
2023-02-20,5289,175.64
2023-02-21,5289,179.61
2023-02-22,5289,176.52
2023-02-23,5289,180.49
2023-02-24,5289,198.15
2023-02-01,5291,28.27
2023-02-02,5291,28.59
2023-02-03,5291,28.68
2023-02-06,5291,28.41
2023-02-07,5291,28.77
2023-02-08,5291,28.63
2023-02-09,5291,28.81
2023-02-10,5291,28.94
2023-02-13,5291,28.77
2023-02-14,5291,28.81
2023-02-15,5291,28.77
2023-02-16,5291,28.94
2023-02-17,5291,28.9
2023-02-20,5291,29.35
2023-02-21,5291,29.53
2023-02-22,5291,29.44
2023-02-23,5291,29.88
2023-02-24,5291,29.66
2023-02-01,5292,51.11
2023-02-02,5292,51.66
2023-02-03,5292,52.29
2023-02-06,5292,52.44
2023-02-07,5292,52.37
2023-02-08,5292,52.21
2023-02-09,5292,52.37
2023-02-10,5292,52.91
2023-02-13,5292,53.07
2023-02-14,5292,53.23
2023-02-15,5292,53.15
2023-02-16,5292,53.07
2023-02-17,5292,52.99
2023-02-20,5292,54.01
2023-02-21,5292,57.92
2023-02-22,5292,55.65
2023-02-23,5292,58.08
2023-02-24,5292,56.44
2023-02-01,5299,121.03
2023-02-02,5299,121.97
2023-02-03,5299,120.57
2023-02-06,5299,120.57
2023-02-07,5299,121.5
2023-02-08,5299,126.18
2023-02-09,5299,123.37
2023-02-10,5299,120.57
2023-02-13,5299,119.63
2023-02-14,5299,120.57
2023-02-15,5299,120.57
2023-02-16,5299,123.84
2023-02-17,5299,123.37
2023-02-20,5299,125.24
2023-02-21,5299,126.64
2023-02-22,5299,123.84
2023-02-23,5299,125.24
2023-02-24,5299,122.44
2023-02-01,5301,10.6
2023-02-02,5301,10.7
2023-02-03,5301,11.6
2023-02-06,5301,11.0
2023-02-07,5301,10.95
2023-02-08,5301,10.9
2023-02-09,5301,10.65
2023-02-10,5301,10.65
2023-02-13,5301,10.7
2023-02-14,5301,10.55
2023-02-15,5301,10.65
2023-02-16,5301,10.65
2023-02-17,5301,10.65
2023-02-20,5301,10.75
2023-02-21,5301,10.65
2023-02-22,5301,10.7
2023-02-23,5301,11.1
2023-02-24,5301,10.8
2023-02-01,5302,8.32
2023-02-02,5302,8.66
2023-02-03,5302,8.51
2023-02-06,5302,8.41
2023-02-07,5302,8.58
2023-02-08,5302,8.62
2023-02-09,5302,8.56
2023-02-10,5302,8.58
2023-02-13,5302,8.75
2023-02-14,5302,8.7
2023-02-15,5302,8.76
2023-02-16,5302,8.76
2023-02-17,5302,8.66
2023-02-20,5302,8.8
2023-02-21,5302,8.71
2023-02-22,5302,8.65
2023-02-23,5302,8.67
2023-02-24,5302,8.67
2023-02-01,5306,140.35
2023-02-02,5306,141.26
2023-02-03,5306,142.62
2023-02-06,5306,143.08
2023-02-07,5306,142.62
2023-02-08,5306,143.99
2023-02-09,5306,142.17
2023-02-10,5306,142.17
2023-02-13,5306,141.26
2023-02-14,5306,141.26
2023-02-15,5306,141.26
2023-02-16,5306,141.71
2023-02-17,5306,139.89
2023-02-20,5306,139.43
2023-02-21,5306,141.71
2023-02-22,5306,140.8
2023-02-23,5306,139.89
2023-02-24,5306,137.61
2023-02-01,5309,40.31
2023-02-02,5309,40.93
2023-02-03,5309,40.84
2023-02-06,5309,39.97
2023-02-07,5309,41.27
2023-02-08,5309,41.85
2023-02-09,5309,42.04
2023-02-10,5309,41.37
2023-02-13,5309,41.65
2023-02-14,5309,41.17
2023-02-15,5309,40.98
2023-02-16,5309,41.65
2023-02-17,5309,41.94
2023-02-20,5309,42.52
2023-02-21,5309,42.23
2023-02-22,5309,41.17
2023-02-23,5309,41.27
2023-02-24,5309,40.17
2023-02-01,5310,24.55
2023-02-02,5310,25.0
2023-02-03,5310,25.4
2023-02-06,5310,25.8
2023-02-07,5310,25.2
2023-02-08,5310,24.8
2023-02-09,5310,25.1
2023-02-10,5310,24.95
2023-02-13,5310,25.0
2023-02-14,5310,24.85
2023-02-15,5310,24.85
2023-02-16,5310,24.8
2023-02-17,5310,24.75
2023-02-20,5310,25.15
2023-02-21,5310,24.8
2023-02-22,5310,24.9
2023-02-23,5310,24.8
2023-02-24,5310,24.15
2023-02-01,5312,50.14
2023-02-02,5312,51.08
2023-02-03,5312,51.93
2023-02-06,5312,51.93
2023-02-07,5312,52.1
2023-02-08,5312,52.19
2023-02-09,5312,52.27
2023-02-10,5312,52.95
2023-02-13,5312,52.95
2023-02-14,5312,52.61
2023-02-15,5312,52.36
2023-02-16,5312,52.53
2023-02-17,5312,52.44
2023-02-20,5312,52.27
2023-02-21,5312,51.76
2023-02-22,5312,52.19
2023-02-23,5312,52.87
2023-02-24,5312,52.78
2023-02-01,5314,16.82
2023-02-07,5314,17.61
2023-02-08,5314,18.6
2023-02-10,5314,16.91
2023-02-15,5314,16.52
2023-02-16,5314,16.47
2023-02-17,5314,17.71
2023-02-20,5314,18.5
2023-02-21,5314,16.67
2023-02-22,5314,17.61
2023-02-23,5314,17.01
2023-02-24,5314,17.61
2023-02-01,5315,15.72
2023-02-02,5315,16.01
2023-02-03,5315,15.92
2023-02-06,5315,16.05
2023-02-07,5315,16.09
2023-02-08,5315,16.09
2023-02-09,5315,15.88
2023-02-10,5315,15.97
2023-02-13,5315,16.46
2023-02-14,5315,16.54
2023-02-15,5315,16.62
2023-02-16,5315,16.91
2023-02-17,5315,16.83
2023-02-20,5315,17.24
2023-02-21,5315,17.61
2023-02-22,5315,17.82
2023-02-23,5315,17.86
2023-02-24,5315,17.57
2023-02-01,5321,68.77
2023-02-02,5321,66.3
2023-02-03,5321,66.3
2023-02-06,5321,66.16
2023-02-07,5321,66.53
2023-02-08,5321,66.23
2023-02-09,5321,66.23
2023-02-10,5321,66.3
2023-02-13,5321,64.44
2023-02-14,5321,63.17
2023-02-15,5321,63.17
2023-02-16,5321,64.51
2023-02-17,5321,67.2
2023-02-20,5321,67.43
2023-02-21,5321,66.53
2023-02-22,5321,65.93
2023-02-23,5321,66.53
2023-02-24,5321,64.59
2023-02-01,5324,8.41
2023-02-02,5324,8.36
2023-02-03,5324,8.36
2023-02-06,5324,8.36
2023-02-07,5324,8.36
2023-02-08,5324,8.36
2023-02-09,5324,8.4
2023-02-10,5324,8.39
2023-02-13,5324,8.39
2023-02-14,5324,8.38
2023-02-15,5324,8.44
2023-02-16,5324,8.43
2023-02-17,5324,8.41
2023-02-20,5324,8.47
2023-02-21,5324,8.45
2023-02-22,5324,8.61
2023-02-23,5324,9.47
2023-02-24,5324,9.42
2023-02-01,5328,10.17
2023-02-02,5328,10.02
2023-02-03,5328,9.97
2023-02-06,5328,9.87
2023-02-07,5328,9.87
2023-02-08,5328,9.92
2023-02-09,5328,9.87
2023-02-10,5328,9.78
2023-02-13,5328,9.78
2023-02-14,5328,9.87
2023-02-15,5328,10.85
2023-02-16,5328,11.29
2023-02-17,5328,11.14
2023-02-20,5328,11.1
2023-02-21,5328,11.34
2023-02-22,5328,11.14
2023-02-23,5328,11.34
2023-02-24,5328,11.0
2023-02-01,5340,45.59
2023-02-02,5340,44.29
2023-02-03,5340,48.72
2023-02-06,5340,49.77
2023-02-07,5340,47.78
2023-02-08,5340,49.57
2023-02-09,5340,49.57
2023-02-10,5340,46.88
2023-02-13,5340,44.59
2023-02-14,5340,45.34
2023-02-15,5340,44.74
2023-02-16,5340,46.03
2023-02-17,5340,50.46
2023-02-20,5340,52.16
2023-02-21,5340,52.85
2023-02-22,5340,52.06
2023-02-23,5340,50.66
2023-02-24,5340,48.17
2023-02-01,5344,17.3
2023-02-02,5344,19.0
2023-02-03,5344,20.05
2023-02-06,5344,19.95
2023-02-07,5344,19.2
2023-02-08,5344,19.45
2023-02-09,5344,19.3
2023-02-10,5344,18.6
2023-02-13,5344,18.3
2023-02-14,5344,18.15
2023-02-15,5344,18.15
2023-02-16,5344,18.7
2023-02-17,5344,18.45
2023-02-20,5344,18.7
2023-02-21,5344,19.3
2023-02-22,5344,18.65
2023-02-23,5344,19.05
2023-02-24,5344,18.65
2023-02-01,5345,21.81
2023-02-02,5345,20.69
2023-02-03,5345,20.47
2023-02-06,5345,20.47
2023-02-07,5345,20.62
2023-02-09,5345,20.31
2023-02-10,5345,19.69
2023-02-14,5345,19.41
2023-02-16,5345,19.41
2023-02-17,5345,18.78
2023-02-20,5345,18.84
2023-02-21,5345,18.84
2023-02-23,5345,19.47
2023-02-24,5345,19.37
2023-02-01,5347,83.81
2023-02-02,5347,83.47
2023-02-03,5347,83.3
2023-02-06,5347,80.71
2023-02-07,5347,82.18
2023-02-08,5347,82.52
2023-02-09,5347,82.35
2023-02-10,5347,85.11
2023-02-13,5347,83.47
2023-02-14,5347,83.81
2023-02-15,5347,79.67
2023-02-16,5347,79.93
2023-02-17,5347,79.67
2023-02-20,5347,80.62
2023-02-21,5347,81.92
2023-02-22,5347,79.07
2023-02-23,5347,80.54
2023-02-24,5347,79.76
2023-02-01,5348,17.59
2023-02-02,5348,17.65
2023-02-03,5348,17.36
2023-02-06,5348,17.54
2023-02-07,5348,17.61
2023-02-08,5348,17.5
2023-02-09,5348,17.54
2023-02-10,5348,18.1
2023-02-13,5348,17.44
2023-02-14,5348,18.77
2023-02-15,5348,17.83
2023-02-16,5348,17.61
2023-02-17,5348,18.1
2023-02-20,5348,18.79
2023-02-21,5348,19.12
2023-02-22,5348,19.55
2023-02-23,5348,19.59
2023-02-24,5348,19.57
2023-02-01,5351,43.28
2023-02-02,5351,45.31
2023-02-03,5351,46.32
2023-02-06,5351,46.32
2023-02-07,5351,46.37
2023-02-08,5351,46.57
2023-02-09,5351,45.74
2023-02-10,5351,44.63
2023-02-13,5351,44.06
2023-02-14,5351,44.78
2023-02-15,5351,44.25
2023-02-16,5351,46.03
2023-02-17,5351,46.08
2023-02-20,5351,46.13
2023-02-21,5351,46.08
2023-02-22,5351,45.36
2023-02-23,5351,46.32
2023-02-24,5351,45.55
2023-02-01,5353,26.21
2023-02-02,5353,27.9
2023-02-03,5353,27.54
2023-02-06,5353,28.61
2023-02-07,5353,28.69
2023-02-08,5353,28.38
2023-02-09,5353,28.07
2023-02-10,5353,27.36
2023-02-13,5353,27.45
2023-02-14,5353,27.9
2023-02-15,5353,27.5
2023-02-16,5353,28.16
2023-02-17,5353,28.96
2023-02-20,5353,30.74
2023-02-21,5353,31.32
2023-02-22,5353,31.36
2023-02-23,5353,30.92
2023-02-24,5353,29.94
2023-02-01,5355,6.28
2023-02-02,5355,6.32
2023-02-03,5355,6.32
2023-02-06,5355,6.28
2023-02-07,5355,6.3
2023-02-08,5355,6.29
2023-02-09,5355,6.28
2023-02-10,5355,6.25
2023-02-13,5355,6.56
2023-02-14,5355,6.62
2023-02-15,5355,6.71
2023-02-16,5355,6.69
2023-02-17,5355,6.68
2023-02-20,5355,6.77
2023-02-21,5355,6.77
2023-02-22,5355,6.78
2023-02-23,5355,6.78
2023-02-24,5355,6.8
2023-02-01,5356,16.99
2023-02-02,5356,17.12
2023-02-03,5356,17.2
2023-02-06,5356,17.16
2023-02-07,5356,17.16
2023-02-08,5356,17.2
2023-02-09,5356,17.24
2023-02-10,5356,17.2
2023-02-13,5356,17.2
2023-02-14,5356,17.16
2023-02-15,5356,17.24
2023-02-16,5356,17.28
2023-02-17,5356,17.28
2023-02-20,5356,17.37
2023-02-21,5356,17.45
2023-02-22,5356,17.82
2023-02-23,5356,17.86
2023-02-24,5356,17.74
2023-02-01,5364,22.26
2023-02-02,5364,22.22
2023-02-03,5364,22.12
2023-02-06,5364,22.63
2023-02-07,5364,22.73
2023-02-09,5364,22.96
2023-02-10,5364,22.59
2023-02-13,5364,22.59
2023-02-14,5364,22.63
2023-02-15,5364,22.45
2023-02-16,5364,24.67
2023-02-17,5364,24.86
2023-02-20,5364,24.95
2023-02-21,5364,25.04
2023-02-22,5364,27.55
2023-02-23,5364,30.1
2023-02-24,5364,28.62
2023-02-01,5371,51.93
2023-02-02,5371,54.31
2023-02-03,5371,53.43
2023-02-06,5371,53.34
2023-02-07,5371,53.52
2023-02-08,5371,53.52
2023-02-09,5371,52.99
2023-02-10,5371,52.28
2023-02-13,5371,53.17
2023-02-14,5371,53.43
2023-02-15,5371,53.17
2023-02-16,5371,55.11
2023-02-17,5371,55.64
2023-02-20,5371,55.73
2023-02-21,5371,57.32
2023-02-22,5371,57.67
2023-02-23,5371,56.43
2023-02-24,5371,57.05
2023-02-01,5381,5.82
2023-02-02,5381,5.81
2023-02-03,5381,5.83
2023-02-06,5381,5.84
2023-02-07,5381,5.95
2023-02-08,5381,5.97
2023-02-09,5381,5.96
2023-02-10,5381,5.95
2023-02-13,5381,5.97
2023-02-14,5381,5.95
2023-02-15,5381,5.95
2023-02-16,5381,5.95
2023-02-17,5381,5.95
2023-02-21,5381,6.54
2023-02-22,5381,7.2
2023-02-23,5381,7.34
2023-02-24,5381,7.34
2023-02-01,5383,25.3
2023-02-02,5383,25.6
2023-02-03,5383,25.8
2023-02-06,5383,25.75
2023-02-07,5383,25.6
2023-02-08,5383,25.5
2023-02-09,5383,25.5
2023-02-10,5383,25.3
2023-02-13,5383,25.25
2023-02-14,5383,25.5
2023-02-15,5383,25.5
2023-02-16,5383,25.45
2023-02-17,5383,25.0
2023-02-20,5383,25.1
2023-02-21,5383,25.35
2023-02-22,5383,25.25
2023-02-23,5383,25.3
2023-02-24,5383,25.1
2023-02-01,5386,31.64
2023-02-02,5386,32.19
2023-02-03,5386,31.72
2023-02-06,5386,31.98
2023-02-07,5386,31.76
2023-02-08,5386,31.85
2023-02-09,5386,31.21
2023-02-10,5386,30.57
2023-02-13,5386,31.17
2023-02-14,5386,31.08
2023-02-15,5386,31.13
2023-02-16,5386,31.08
2023-02-17,5386,31.42
2023-02-20,5386,31.3
2023-02-21,5386,31.51
2023-02-22,5386,31.21
2023-02-23,5386,31.85
2023-02-24,5386,31.42
2023-02-01,5388,72.61
2023-02-02,5388,73.58
2023-02-03,5388,73.32
2023-02-06,5388,73.14
2023-02-07,5388,73.85
2023-02-08,5388,73.14
2023-02-09,5388,72.79
2023-02-10,5388,71.37
2023-02-13,5388,72.08
2023-02-14,5388,72.25
2023-02-15,5388,72.96
2023-02-16,5388,75.27
2023-02-17,5388,75.09
2023-02-20,5388,74.65
2023-02-21,5388,74.38
2023-02-22,5388,74.83
2023-02-23,5388,75.18
2023-02-24,5388,74.74
2023-02-01,5392,21.24
2023-02-02,5392,21.83
2023-02-03,5392,21.44
2023-02-06,5392,21.34
2023-02-07,5392,21.09
2023-02-08,5392,21.53
2023-02-09,5392,21.53
2023-02-10,5392,21.0
2023-02-13,5392,20.85
2023-02-14,5392,20.75
2023-02-15,5392,21.0
2023-02-16,5392,21.58
2023-02-17,5392,21.83
2023-02-20,5392,22.46
2023-02-21,5392,22.17
2023-02-22,5392,22.02
2023-02-23,5392,22.12
2023-02-24,5392,21.68
2023-02-01,5398,17.05
2023-02-02,5398,17.3
2023-02-03,5398,17.2
2023-02-06,5398,16.95
2023-02-07,5398,17.0
2023-02-08,5398,16.7
2023-02-09,5398,16.55
2023-02-10,5398,16.55
2023-02-14,5398,16.4
2023-02-15,5398,16.4
2023-02-16,5398,16.3
2023-02-17,5398,16.25
2023-02-20,5398,16.3
2023-02-21,5398,16.7
2023-02-22,5398,16.5
2023-02-23,5398,16.4
2023-02-24,5398,16.7
2023-02-01,5403,62.59
2023-02-02,5403,62.94
2023-02-03,5403,62.77
2023-02-06,5403,63.71
2023-02-07,5403,63.71
2023-02-08,5403,63.46
2023-02-09,5403,63.54
2023-02-10,5403,63.8
2023-02-13,5403,63.71
2023-02-14,5403,63.54
2023-02-15,5403,63.46
2023-02-16,5403,63.11
2023-02-17,5403,62.85
2023-02-20,5403,65.35
2023-02-21,5403,65.18
2023-02-22,5403,65.01
2023-02-23,5403,65.7
2023-02-24,5403,65.87
2023-02-01,5410,27.91
2023-02-02,5410,28.08
2023-02-03,5410,27.78
2023-02-06,5410,28.21
2023-02-07,5410,28.21
2023-02-08,5410,28.04
2023-02-09,5410,28.79
2023-02-10,5410,28.13
2023-02-13,5410,28.65
2023-02-14,5410,30.63
2023-02-15,5410,29.71
2023-02-16,5410,29.58
2023-02-17,5410,29.45
2023-02-20,5410,30.15
2023-02-21,5410,29.88
2023-02-22,5410,30.37
2023-02-23,5410,30.19
2023-02-24,5410,30.59
2023-02-01,5425,83.87
2023-02-02,5425,83.13
2023-02-03,5425,82.76
2023-02-06,5425,81.83
2023-02-07,5425,84.06
2023-02-08,5425,84.24
2023-02-09,5425,84.43
2023-02-10,5425,82.76
2023-02-13,5425,82.29
2023-02-14,5425,81.27
2023-02-15,5425,81.74
2023-02-16,5425,87.87
2023-02-17,5425,88.24
2023-02-20,5425,87.87
2023-02-21,5425,87.77
2023-02-22,5425,84.43
2023-02-23,5425,85.64
2023-02-24,5425,86.94
2023-02-01,5426,13.33
2023-02-02,5426,13.38
2023-02-03,5426,13.28
2023-02-06,5426,13.18
2023-02-07,5426,13.18
2023-02-08,5426,13.28
2023-02-09,5426,13.33
2023-02-10,5426,13.03
2023-02-13,5426,12.98
2023-02-14,5426,12.98
2023-02-15,5426,12.93
2023-02-16,5426,13.08
2023-02-17,5426,13.08
2023-02-20,5426,13.38
2023-02-21,5426,13.63
2023-02-22,5426,13.53
2023-02-23,5426,13.53
2023-02-24,5426,13.43
2023-02-01,5432,26.35
2023-02-02,5432,25.72
2023-02-03,5432,25.77
2023-02-06,5432,25.48
2023-02-07,5432,25.44
2023-02-08,5432,25.48
2023-02-09,5432,25.44
2023-02-10,5432,25.53
2023-02-13,5432,25.34
2023-02-14,5432,25.34
2023-02-15,5432,25.63
2023-02-16,5432,25.58
2023-02-17,5432,25.34
2023-02-20,5432,25.29
2023-02-21,5432,25.29
2023-02-22,5432,25.48
2023-02-23,5432,25.53
2023-02-24,5432,25.96
2023-02-01,5434,145.96
2023-02-02,5434,145.96
2023-02-03,5434,145.96
2023-02-06,5434,143.78
2023-02-07,5434,146.39
2023-02-08,5434,147.69
2023-02-09,5434,147.26
2023-02-10,5434,149.0
2023-02-13,5434,149.0
2023-02-14,5434,149.0
2023-02-15,5434,148.56
2023-02-16,5434,150.3
2023-02-17,5434,151.6
2023-02-20,5434,153.34
2023-02-21,5434,153.34
2023-02-22,5434,154.21
2023-02-23,5434,157.68
2023-02-24,5434,156.82
2023-02-01,5438,16.97
2023-02-02,5438,17.02
2023-02-03,5438,17.02
2023-02-06,5438,16.93
2023-02-07,5438,16.93
2023-02-08,5438,16.97
2023-02-09,5438,16.97
2023-02-10,5438,17.07
2023-02-13,5438,17.02
2023-02-14,5438,17.07
2023-02-15,5438,17.02
2023-02-16,5438,17.02
2023-02-17,5438,16.97
2023-02-20,5438,17.02
2023-02-21,5438,17.07
2023-02-22,5438,17.02
2023-02-23,5438,16.97
2023-02-24,5438,16.83
2023-02-01,5439,51.01
2023-02-02,5439,50.82
2023-02-03,5439,51.85
2023-02-06,5439,50.92
2023-02-07,5439,52.22
2023-02-08,5439,52.22
2023-02-09,5439,53.99
2023-02-10,5439,53.8
2023-02-13,5439,53.43
2023-02-14,5439,52.87
2023-02-15,5439,51.57
2023-02-16,5439,52.87
2023-02-17,5439,54.92
2023-02-20,5439,54.45
2023-02-21,5439,54.73
2023-02-22,5439,56.69
2023-02-23,5439,57.25
2023-02-24,5439,58.08
2023-02-01,5443,26.37
2023-02-02,5443,26.73
2023-02-03,5443,26.78
2023-02-06,5443,26.32
2023-02-07,5443,26.69
2023-02-08,5443,26.82
2023-02-09,5443,26.64
2023-02-10,5443,26.14
2023-02-13,5443,26.14
2023-02-14,5443,26.28
2023-02-15,5443,26.14
2023-02-16,5443,26.32
2023-02-17,5443,26.41
2023-02-20,5443,26.73
2023-02-21,5443,26.69
2023-02-22,5443,26.37
2023-02-23,5443,26.69
2023-02-24,5443,26.73
2023-02-01,5450,17.59
2023-02-02,5450,17.68
2023-02-03,5450,17.45
2023-02-06,5450,17.4
2023-02-07,5450,17.4
2023-02-08,5450,17.3
2023-02-09,5450,17.26
2023-02-10,5450,17.16
2023-02-13,5450,17.11
2023-02-14,5450,17.06
2023-02-15,5450,17.06
2023-02-16,5450,17.3
2023-02-17,5450,17.21
2023-02-20,5450,17.21
2023-02-21,5450,17.3
2023-02-22,5450,17.21
2023-02-23,5450,17.26
2023-02-24,5450,18.4
2023-02-01,5452,14.03
2023-02-02,5452,14.17
2023-02-03,5452,14.13
2023-02-06,5452,14.08
2023-02-07,5452,14.13
2023-02-08,5452,14.13
2023-02-09,5452,14.13
2023-02-10,5452,13.98
2023-02-13,5452,14.03
2023-02-14,5452,14.03
2023-02-15,5452,14.08
2023-02-16,5452,14.08
2023-02-17,5452,14.08
2023-02-20,5452,15.48
2023-02-21,5452,15.48
2023-02-22,5452,15.77
2023-02-23,5452,16.49
2023-02-24,5452,16.97
2023-02-15,5455,28.45
2023-02-16,5455,28.85
2023-02-01,5457,50.52
2023-02-02,5457,51.96
2023-02-03,5457,50.71
2023-02-06,5457,50.23
2023-02-07,5457,50.81
2023-02-08,5457,50.81
2023-02-09,5457,50.81
2023-02-10,5457,50.14
2023-02-13,5457,50.33
2023-02-14,5457,50.33
2023-02-15,5457,49.75
2023-02-16,5457,50.52
2023-02-17,5457,51.19
2023-02-20,5457,51.09
2023-02-21,5457,51.86
2023-02-22,5457,51.0
2023-02-23,5457,56.08
2023-02-24,5457,52.92
2023-02-01,5460,10.95
2023-02-02,5460,10.95
2023-02-03,5460,10.9
2023-02-06,5460,10.85
2023-02-07,5460,10.9
2023-02-08,5460,11.0
2023-02-09,5460,11.0
2023-02-10,5460,11.0
2023-02-13,5460,10.95
2023-02-14,5460,10.95
2023-02-15,5460,10.95
2023-02-16,5460,11.05
2023-02-17,5460,11.1
2023-02-20,5460,11.1
2023-02-21,5460,11.1
2023-02-22,5460,11.15
2023-02-23,5460,11.3
2023-02-24,5460,11.35
2023-02-01,5464,22.71
2023-02-02,5464,23.21
2023-02-03,5464,23.16
2023-02-06,5464,25.44
2023-02-07,5464,25.21
2023-02-08,5464,24.76
2023-02-09,5464,25.03
2023-02-10,5464,24.35
2023-02-13,5464,24.21
2023-02-14,5464,25.03
2023-02-15,5464,24.94
2023-02-16,5464,25.08
2023-02-17,5464,25.67
2023-02-20,5464,25.62
2023-02-21,5464,25.39
2023-02-22,5464,25.53
2023-02-23,5464,28.08
2023-02-24,5464,30.86
2023-02-01,5465,17.7
2023-02-02,5465,17.92
2023-02-03,5465,17.74
2023-02-06,5465,17.83
2023-02-07,5465,17.79
2023-02-08,5465,17.88
2023-02-09,5465,17.79
2023-02-10,5465,18.19
2023-02-13,5465,18.95
2023-02-14,5465,18.59
2023-02-15,5465,18.77
2023-02-16,5465,18.77
2023-02-17,5465,19.12
2023-02-20,5465,19.17
2023-02-21,5465,19.08
2023-02-22,5465,19.17
2023-02-23,5465,19.26
2023-02-24,5465,19.57
2023-02-01,5468,16.95
2023-02-02,5468,18.0
2023-02-03,5468,18.0
2023-02-06,5468,17.7
2023-02-07,5468,17.5
2023-02-08,5468,17.4
2023-02-09,5468,17.4
2023-02-10,5468,17.3
2023-02-13,5468,17.15
2023-02-14,5468,17.2
2023-02-15,5468,17.15
2023-02-16,5468,17.25
2023-02-17,5468,17.3
2023-02-20,5468,17.45
2023-02-21,5468,17.65
2023-02-22,5468,17.65
2023-02-23,5468,17.65
2023-02-24,5468,17.6
2023-02-01,5469,31.61
2023-02-02,5469,32.08
2023-02-03,5469,32.08
2023-02-06,5469,32.04
2023-02-07,5469,31.94
2023-02-08,5469,31.9
2023-02-09,5469,31.94
2023-02-10,5469,31.42
2023-02-13,5469,31.37
2023-02-14,5469,31.71
2023-02-15,5469,31.94
2023-02-16,5469,32.28
2023-02-17,5469,32.85
2023-02-20,5469,33.13
2023-02-21,5469,32.85
2023-02-22,5469,32.61
2023-02-23,5469,32.95
2023-02-24,5469,32.8
2023-02-01,5471,48.24
2023-02-02,5471,48.69
2023-02-03,5471,48.87
2023-02-06,5471,48.24
2023-02-07,5471,48.51
2023-02-08,5471,49.23
2023-02-09,5471,49.14
2023-02-10,5471,48.33
2023-02-13,5471,47.88
2023-02-14,5471,48.51
2023-02-15,5471,48.6
2023-02-16,5471,49.23
2023-02-17,5471,49.32
2023-02-20,5471,49.59
2023-02-21,5471,49.95
2023-02-22,5471,49.05
2023-02-23,5471,49.86
2023-02-24,5471,49.32
2023-02-01,5474,70.76
2023-02-02,5474,72.81
2023-02-03,5474,71.69
2023-02-06,5474,70.02
2023-02-07,5474,71.41
2023-02-08,5474,70.95
2023-02-09,5474,71.6
2023-02-10,5474,71.5
2023-02-13,5474,70.02
2023-02-14,5474,70.2
2023-02-15,5474,69.83
2023-02-16,5474,71.23
2023-02-17,5474,71.69
2023-02-20,5474,72.25
2023-02-21,5474,72.25
2023-02-22,5474,72.25
2023-02-23,5474,72.43
2023-02-24,5474,71.23
2023-02-01,5475,11.65
2023-02-02,5475,12.2
2023-02-03,5475,11.8
2023-02-06,5475,11.55
2023-02-07,5475,11.6
2023-02-08,5475,12.75
2023-02-09,5475,13.5
2023-02-10,5475,12.8
2023-02-13,5475,12.65
2023-02-14,5475,12.3
2023-02-15,5475,12.25
2023-02-16,5475,12.95
2023-02-17,5475,12.7
2023-02-20,5475,13.15
2023-02-21,5475,13.65
2023-02-22,5475,13.25
2023-02-23,5475,13.0
2023-02-24,5475,12.9
2023-02-01,5478,67.24
2023-02-02,5478,67.9
2023-02-03,5478,68.23
2023-02-06,5478,66.74
2023-02-07,5478,66.33
2023-02-08,5478,66.58
2023-02-09,5478,66.58
2023-02-10,5478,65.09
2023-02-13,5478,67.98
2023-02-14,5478,67.74
2023-02-15,5478,67.07
2023-02-16,5478,67.24
2023-02-17,5478,66.83
2023-02-20,5478,66.25
2023-02-21,5478,66.91
2023-02-22,5478,66.66
2023-02-23,5478,67.57
2023-02-24,5478,66.66
2023-02-01,5481,12.35
2023-02-02,5481,12.35
2023-02-03,5481,12.25
2023-02-06,5481,12.35
2023-02-07,5481,12.3
2023-02-08,5481,12.45
2023-02-09,5481,12.45
2023-02-10,5481,12.35
2023-02-13,5481,12.35
2023-02-14,5481,12.35
2023-02-15,5481,12.3
2023-02-16,5481,12.35
2023-02-17,5481,12.35
2023-02-20,5481,12.4
2023-02-21,5481,12.45
2023-02-22,5481,12.45
2023-02-23,5481,12.45
2023-02-24,5481,12.45
2023-02-01,5483,153.06
2023-02-02,5483,155.84
2023-02-03,5483,153.52
2023-02-06,5483,147.96
2023-02-07,5483,151.2
2023-02-08,5483,153.06
2023-02-09,5483,153.99
2023-02-10,5483,151.2
2023-02-13,5483,150.28
2023-02-14,5483,149.81
2023-02-15,5483,146.1
2023-02-16,5483,150.28
2023-02-17,5483,149.35
2023-02-20,5483,149.81
2023-02-21,5483,149.81
2023-02-22,5483,148.42
2023-02-23,5483,152.6
2023-02-24,5483,147.49
2023-02-01,5484,13.55
2023-02-02,5484,13.6
2023-02-03,5484,13.4
2023-02-06,5484,13.2
2023-02-07,5484,13.45
2023-02-08,5484,13.4
2023-02-09,5484,13.4
2023-02-10,5484,13.3
2023-02-13,5484,13.5
2023-02-14,5484,13.3
2023-02-15,5484,13.5
2023-02-16,5484,13.3
2023-02-17,5484,13.4
2023-02-20,5484,13.5
2023-02-21,5484,13.45
2023-02-22,5484,13.3
2023-02-23,5484,13.45
2023-02-24,5484,13.4
2023-02-01,5487,25.2
2023-02-02,5487,25.25
2023-02-03,5487,25.15
2023-02-06,5487,25.1
2023-02-07,5487,24.9
2023-02-08,5487,24.95
2023-02-09,5487,24.85
2023-02-13,5487,24.6
2023-02-14,5487,24.8
2023-02-15,5487,25.15
2023-02-16,5487,24.8
2023-02-17,5487,24.8
2023-02-20,5487,24.55
2023-02-21,5487,25.0
2023-02-22,5487,24.7
2023-02-23,5487,25.05
2023-02-24,5487,25.75
2023-02-01,5488,10.05
2023-02-02,5488,10.15
2023-02-03,5488,10.05
2023-02-06,5488,9.97
2023-02-07,5488,10.0
2023-02-08,5488,9.99
2023-02-09,5488,9.82
2023-02-10,5488,9.61
2023-02-13,5488,9.65
2023-02-14,5488,9.9
2023-02-15,5488,9.87
2023-02-16,5488,9.8
2023-02-17,5488,9.79
2023-02-20,5488,9.77
2023-02-21,5488,10.0
2023-02-22,5488,9.97
2023-02-23,5488,9.93
2023-02-24,5488,9.98
2023-02-01,5489,34.26
2023-02-02,5489,34.12
2023-02-03,5489,34.4
2023-02-06,5489,34.21
2023-02-07,5489,34.07
2023-02-08,5489,34.12
2023-02-09,5489,34.07
2023-02-10,5489,33.98
2023-02-13,5489,33.93
2023-02-14,5489,33.88
2023-02-15,5489,33.84
2023-02-16,5489,33.7
2023-02-17,5489,33.79
2023-02-20,5489,33.74
2023-02-21,5489,33.79
2023-02-22,5489,33.7
2023-02-23,5489,33.93
2023-02-24,5489,33.7
2023-02-01,5490,22.85
2023-02-02,5490,23.0
2023-02-03,5490,22.65
2023-02-06,5490,22.5
2023-02-07,5490,22.5
2023-02-08,5490,22.5
2023-02-09,5490,22.65
2023-02-10,5490,22.65
2023-02-13,5490,22.7
2023-02-14,5490,22.8
2023-02-15,5490,23.14
2023-02-16,5490,23.24
2023-02-17,5490,23.59
2023-02-20,5490,23.64
2023-02-21,5490,23.98
2023-02-22,5490,23.88
2023-02-23,5490,23.93
2023-02-24,5490,23.98
2023-02-01,5493,44.49
2023-02-02,5493,44.76
2023-02-03,5493,44.32
2023-02-06,5493,44.32
2023-02-07,5493,44.14
2023-02-08,5493,44.41
2023-02-09,5493,44.41
2023-02-10,5493,44.14
2023-02-13,5493,43.88
2023-02-14,5493,43.75
2023-02-15,5493,43.61
2023-02-16,5493,43.97
2023-02-17,5493,43.7
2023-02-20,5493,43.7
2023-02-21,5493,43.7
2023-02-22,5493,43.7
2023-02-23,5493,43.75
2023-02-24,5493,43.97
2023-02-01,5498,10.39
2023-02-02,5498,10.44
2023-02-03,5498,10.39
2023-02-06,5498,10.14
2023-02-07,5498,10.34
2023-02-08,5498,10.29
2023-02-09,5498,10.29
2023-02-10,5498,10.24
2023-02-13,5498,10.19
2023-02-14,5498,10.14
2023-02-15,5498,10.14
2023-02-16,5498,10.24
2023-02-17,5498,10.24
2023-02-20,5498,10.34
2023-02-21,5498,10.34
2023-02-22,5498,10.29
2023-02-23,5498,10.34
2023-02-24,5498,10.39
2023-02-01,5508,40.89
2023-02-02,5508,40.89
2023-02-03,5508,40.82
2023-02-06,5508,41.51
2023-02-07,5508,42.2
2023-02-08,5508,43.59
2023-02-09,5508,43.05
2023-02-10,5508,42.74
2023-02-13,5508,42.74
2023-02-14,5508,43.28
2023-02-15,5508,43.59
2023-02-16,5508,44.2
2023-02-17,5508,44.43
2023-02-20,5508,44.89
2023-02-21,5508,44.89
2023-02-22,5508,44.51
2023-02-23,5508,45.43
2023-02-24,5508,45.51
2023-02-01,5511,25.76
2023-02-02,5511,26.01
2023-02-03,5511,26.1
2023-02-06,5511,26.1
2023-02-07,5511,26.05
2023-02-08,5511,26.1
2023-02-09,5511,26.14
2023-02-10,5511,26.1
2023-02-13,5511,26.1
2023-02-14,5511,26.18
2023-02-15,5511,26.14
2023-02-16,5511,26.01
2023-02-17,5511,26.1
2023-02-20,5511,25.97
2023-02-21,5511,26.01
2023-02-22,5511,26.26
2023-02-23,5511,26.31
2023-02-24,5511,26.26
2023-02-01,5512,8.16
2023-02-02,5512,8.19
2023-02-03,5512,8.16
2023-02-06,5512,8.16
2023-02-07,5512,8.18
2023-02-08,5512,8.23
2023-02-09,5512,8.22
2023-02-10,5512,8.21
2023-02-13,5512,8.22
2023-02-14,5512,8.4
2023-02-15,5512,8.54
2023-02-16,5512,8.48
2023-02-17,5512,8.57
2023-02-20,5512,9.38
2023-02-21,5512,9.12
2023-02-22,5512,9.85
2023-02-23,5512,10.8
2023-02-24,5512,10.61
2023-02-01,5514,16.49
2023-02-06,5514,16.39
2023-02-07,5514,16.3
2023-02-10,5514,16.16
2023-02-14,5514,16.12
2023-02-15,5514,15.94
2023-02-16,5514,16.21
2023-02-17,5514,16.3
2023-02-20,5514,16.44
2023-02-21,5514,16.44
2023-02-22,5514,16.49
2023-02-23,5514,16.67
2023-02-24,5514,16.71
2023-02-01,5515,10.8
2023-02-02,5515,10.8
2023-02-03,5515,10.84
2023-02-06,5515,10.84
2023-02-07,5515,10.84
2023-02-08,5515,10.89
2023-02-09,5515,10.84
2023-02-10,5515,10.8
2023-02-13,5515,10.8
2023-02-14,5515,10.84
2023-02-15,5515,10.8
2023-02-16,5515,10.89
2023-02-17,5515,10.89
2023-02-20,5515,10.94
2023-02-21,5515,10.98
2023-02-22,5515,11.08
2023-02-23,5515,11.17
2023-02-24,5515,11.22
2023-02-01,5516,17.59
2023-02-02,5516,18.07
2023-02-03,5516,18.58
2023-02-06,5516,20.13
2023-02-07,5516,20.65
2023-02-08,5516,20.48
2023-02-09,5516,20.91
2023-02-10,5516,20.69
2023-02-13,5516,20.82
2023-02-14,5516,20.65
2023-02-15,5516,20.99
2023-02-16,5516,21.38
2023-02-17,5516,21.08
2023-02-20,5516,21.16
2023-02-21,5516,20.73
2023-02-22,5516,20.56
2023-02-23,5516,22.45
2023-02-24,5516,21.64
2023-02-01,5519,17.85
2023-02-02,5519,17.89
2023-02-03,5519,17.97
2023-02-06,5519,18.05
2023-02-07,5519,18.09
2023-02-08,5519,18.05
2023-02-09,5519,18.09
2023-02-10,5519,17.93
2023-02-13,5519,17.85
2023-02-14,5519,17.97
2023-02-15,5519,17.97
2023-02-16,5519,17.97
2023-02-17,5519,18.09
2023-02-20,5519,18.41
2023-02-21,5519,18.41
2023-02-22,5519,18.77
2023-02-23,5519,19.05
2023-02-24,5519,18.65
2023-02-01,5520,47.27
2023-02-02,5520,47.27
2023-02-03,5520,47.35
2023-02-06,5520,47.27
2023-02-07,5520,47.27
2023-02-08,5520,47.27
2023-02-09,5520,46.68
2023-02-10,5520,47.02
2023-02-13,5520,46.93
2023-02-15,5520,47.02
2023-02-16,5520,47.1
2023-02-17,5520,47.1
2023-02-20,5520,47.02
2023-02-21,5520,46.77
2023-02-22,5520,46.77
2023-02-23,5520,47.02
2023-02-24,5520,47.51
2023-02-01,5521,6.75
2023-02-02,5521,6.76
2023-02-03,5521,6.8
2023-02-06,5521,6.82
2023-02-07,5521,6.85
2023-02-08,5521,6.82
2023-02-09,5521,6.82
2023-02-10,5521,6.82
2023-02-13,5521,6.82
2023-02-14,5521,6.82
2023-02-15,5521,6.75
2023-02-16,5521,6.77
2023-02-17,5521,6.78
2023-02-20,5521,6.8
2023-02-21,5521,6.85
2023-02-22,5521,6.88
2023-02-23,5521,7.07
2023-02-24,5521,7.07
2023-02-01,5522,50.88
2023-02-02,5522,50.79
2023-02-03,5522,50.97
2023-02-06,5522,51.41
2023-02-07,5522,51.5
2023-02-08,5522,51.67
2023-02-09,5522,50.97
2023-02-10,5522,51.58
2023-02-13,5522,51.67
2023-02-14,5522,51.85
2023-02-15,5522,51.5
2023-02-16,5522,51.58
2023-02-17,5522,51.58
2023-02-20,5522,51.85
2023-02-21,5522,51.94
2023-02-22,5522,51.67
2023-02-23,5522,52.11
2023-02-24,5522,51.94
2023-02-01,5523,22.0
2023-02-02,5523,22.05
2023-02-03,5523,21.96
2023-02-06,5523,21.96
2023-02-07,5523,22.05
2023-02-08,5523,22.05
2023-02-09,5523,22.05
2023-02-10,5523,22.09
2023-02-13,5523,22.05
2023-02-14,5523,22.05
2023-02-15,5523,22.09
2023-02-16,5523,22.09
2023-02-17,5523,22.09
2023-02-20,5523,22.05
2023-02-21,5523,22.05
2023-02-22,5523,22.05
2023-02-23,5523,22.09
2023-02-24,5523,22.05
2023-02-01,5525,19.92
2023-02-02,5525,19.84
2023-02-03,5525,19.97
2023-02-06,5525,19.97
2023-02-07,5525,19.88
2023-02-08,5525,19.8
2023-02-09,5525,19.88
2023-02-10,5525,19.8
2023-02-13,5525,19.6
2023-02-14,5525,19.84
2023-02-15,5525,19.8
2023-02-16,5525,19.84
2023-02-17,5525,19.8
2023-02-20,5525,19.76
2023-02-21,5525,19.68
2023-02-22,5525,19.72
2023-02-23,5525,19.84
2023-02-24,5525,19.88
2023-02-01,5529,21.54
2023-02-02,5529,21.46
2023-02-03,5529,21.71
2023-02-06,5529,21.54
2023-02-07,5529,21.63
2023-02-08,5529,21.88
2023-02-09,5529,21.88
2023-02-10,5529,21.88
2023-02-13,5529,21.37
2023-02-14,5529,21.29
2023-02-15,5529,21.37
2023-02-16,5529,21.29
2023-02-17,5529,21.37
2023-02-20,5529,21.29
2023-02-21,5529,21.21
2023-02-22,5529,21.21
2023-02-23,5529,21.21
2023-02-24,5529,21.21
2023-02-01,5530,38.3
2023-02-02,5530,38.6
2023-02-03,5530,39.2
2023-02-06,5530,39.05
2023-02-07,5530,39.3
2023-02-08,5530,39.35
2023-02-09,5530,38.85
2023-02-10,5530,38.55
2023-02-13,5530,38.25
2023-02-14,5530,38.3
2023-02-15,5530,38.2
2023-02-16,5530,38.35
2023-02-17,5530,38.55
2023-02-20,5530,38.6
2023-02-21,5530,38.65
2023-02-22,5530,38.4
2023-02-23,5530,38.7
2023-02-24,5530,38.4
2023-02-01,5531,9.22
2023-02-02,5531,9.23
2023-02-03,5531,9.29
2023-02-06,5531,9.22
2023-02-07,5531,9.19
2023-02-08,5531,9.18
2023-02-09,5531,9.17
2023-02-10,5531,9.14
2023-02-13,5531,9.12
2023-02-14,5531,9.12
2023-02-15,5531,9.12
2023-02-16,5531,9.13
2023-02-17,5531,9.1
2023-02-20,5531,9.13
2023-02-21,5531,9.13
2023-02-22,5531,9.15
2023-02-23,5531,9.33
2023-02-24,5531,9.36
2023-02-01,5533,14.51
2023-02-02,5533,14.56
2023-02-03,5533,14.51
2023-02-06,5533,14.51
2023-02-07,5533,14.51
2023-02-08,5533,14.51
2023-02-09,5533,14.51
2023-02-10,5533,14.51
2023-02-13,5533,14.51
2023-02-14,5533,14.56
2023-02-15,5533,14.64
2023-02-16,5533,14.64
2023-02-17,5533,14.6
2023-02-20,5533,14.6
2023-02-21,5533,14.6
2023-02-22,5533,14.64
2023-02-23,5533,14.89
2023-02-24,5533,14.89
2023-02-01,5534,65.52
2023-02-02,5534,65.52
2023-02-03,5534,65.7
2023-02-06,5534,65.97
2023-02-07,5534,66.06
2023-02-08,5534,66.41
2023-02-09,5534,66.15
2023-02-10,5534,66.23
2023-02-13,5534,66.32
2023-02-14,5534,66.41
2023-02-15,5534,66.59
2023-02-16,5534,66.41
2023-02-17,5534,66.5
2023-02-20,5534,66.59
2023-02-21,5534,66.59
2023-02-22,5534,67.03
2023-02-23,5534,66.94
2023-02-24,5534,67.65
2023-02-01,5536,95.92
2023-02-02,5536,95.92
2023-02-03,5536,95.5
2023-02-06,5536,95.92
2023-02-07,5536,94.98
2023-02-08,5536,95.85
2023-02-09,5536,96.72
2023-02-10,5536,95.85
2023-02-13,5536,96.28
2023-02-14,5536,96.28
2023-02-15,5536,96.28
2023-02-16,5536,96.72
2023-02-17,5536,97.58
2023-02-20,5536,98.45
2023-02-21,5536,101.92
2023-02-22,5536,101.49
2023-02-23,5536,103.66
2023-02-24,5536,104.09
2023-02-01,5538,38.24
2023-02-02,5538,38.24
2023-02-03,5538,39.16
2023-02-06,5538,38.9
2023-02-07,5538,38.85
2023-02-08,5538,38.5
2023-02-09,5538,38.46
2023-02-10,5538,37.76
2023-02-13,5538,37.59
2023-02-14,5538,37.63
2023-02-15,5538,37.59
2023-02-16,5538,37.54
2023-02-17,5538,37.45
2023-02-20,5538,37.5
2023-02-21,5538,37.45
2023-02-22,5538,36.93
2023-02-23,5538,36.97
2023-02-24,5538,36.97
2023-02-01,5543,53.89
2023-02-02,5543,54.08
2023-02-03,5543,53.6
2023-02-06,5543,53.12
2023-02-07,5543,53.41
2023-02-08,5543,53.6
2023-02-09,5543,53.7
2023-02-10,5543,51.0
2023-02-13,5543,51.1
2023-02-14,5543,52.64
2023-02-15,5543,52.93
2023-02-16,5543,52.93
2023-02-17,5543,51.58
2023-02-20,5543,51.77
2023-02-21,5543,51.77
2023-02-22,5543,51.97
2023-02-23,5543,51.97
2023-02-24,5543,51.58
2023-02-01,5546,44.15
2023-02-02,5546,41.27
2023-02-03,5546,40.5
2023-02-06,5546,40.5
2023-02-07,5546,40.32
2023-02-08,5546,40.05
2023-02-09,5546,40.1
2023-02-10,5546,39.51
2023-02-13,5546,39.2
2023-02-14,5546,38.66
2023-02-15,5546,38.75
2023-02-16,5546,38.84
2023-02-17,5546,38.39
2023-02-20,5546,38.57
2023-02-21,5546,38.97
2023-02-22,5546,39.02
2023-02-23,5546,39.74
2023-02-24,5546,39.2
2023-02-01,5548,13.74
2023-02-02,5548,14.05
2023-02-03,5548,14.05
2023-02-06,5548,13.92
2023-02-07,5548,14.05
2023-02-08,5548,14.05
2023-02-09,5548,14.31
2023-02-10,5548,14.58
2023-02-13,5548,14.58
2023-02-14,5548,14.4
2023-02-15,5548,14.53
2023-02-16,5548,13.96
2023-02-17,5548,14.31
2023-02-20,5548,14.49
2023-02-21,5548,14.4
2023-02-22,5548,14.53
2023-02-23,5548,14.53
2023-02-24,5548,14.53
2023-02-02,5601,35.83
2023-02-03,5601,37.38
2023-02-06,5601,37.63
2023-02-07,5601,37.77
2023-02-08,5601,37.24
2023-02-09,5601,36.27
2023-02-14,5601,34.62
2023-02-15,5601,37.87
2023-02-16,5601,39.17
2023-02-17,5601,39.13
2023-02-20,5601,39.08
2023-02-21,5601,38.4
2023-02-22,5601,40.58
2023-02-23,5601,40.19
2023-02-24,5601,41.45
2023-02-01,5603,20.82
2023-02-02,5603,20.96
2023-02-03,5603,21.32
2023-02-06,5603,21.05
2023-02-07,5603,20.96
2023-02-08,5603,21.14
2023-02-09,5603,20.87
2023-02-10,5603,20.91
2023-02-13,5603,20.55
2023-02-14,5603,20.73
2023-02-15,5603,20.55
2023-02-16,5603,20.73
2023-02-17,5603,20.87
2023-02-20,5603,20.91
2023-02-21,5603,21.05
2023-02-22,5603,21.01
2023-02-23,5603,21.46
2023-02-24,5603,21.32
2023-02-01,5604,48.86
2023-02-02,5604,49.65
2023-02-03,5604,49.38
2023-02-06,5604,49.65
2023-02-07,5604,49.47
2023-02-08,5604,49.56
2023-02-09,5604,49.03
2023-02-10,5604,48.5
2023-02-13,5604,48.33
2023-02-14,5604,47.89
2023-02-15,5604,48.33
2023-02-16,5604,48.5
2023-02-17,5604,49.03
2023-02-20,5604,49.12
2023-02-21,5604,49.12
2023-02-22,5604,49.12
2023-02-23,5604,49.03
2023-02-24,5604,48.85
2023-02-01,5607,48.14
2023-02-02,5607,48.49
2023-02-03,5607,48.23
2023-02-06,5607,48.93
2023-02-07,5607,49.19
2023-02-08,5607,48.75
2023-02-09,5607,48.31
2023-02-10,5607,47.53
2023-02-13,5607,47.61
2023-02-14,5607,47.79
2023-02-15,5607,47.7
2023-02-16,5607,47.96
2023-02-17,5607,47.96
2023-02-20,5607,48.4
2023-02-21,5607,48.31
2023-02-22,5607,47.96
2023-02-23,5607,48.49
2023-02-24,5607,48.31
2023-02-01,5608,23.21
2023-02-02,5608,23.35
2023-02-03,5608,23.39
2023-02-06,5608,23.02
2023-02-07,5608,22.88
2023-02-08,5608,22.84
2023-02-09,5608,22.7
2023-02-10,5608,22.28
2023-02-13,5608,21.63
2023-02-14,5608,21.82
2023-02-15,5608,21.87
2023-02-16,5608,22.05
2023-02-17,5608,21.96
2023-02-20,5608,22.19
2023-02-21,5608,22.56
2023-02-22,5608,22.79
2023-02-23,5608,24.18
2023-02-24,5608,26.5
2023-02-01,5609,54.94
2023-02-02,5609,55.38
2023-02-03,5609,56.05
2023-02-06,5609,55.75
2023-02-07,5609,55.38
2023-02-08,5609,55.38
2023-02-09,5609,56.05
2023-02-10,5609,55.6
2023-02-13,5609,55.23
2023-02-14,5609,55.31
2023-02-15,5609,55.53
2023-02-16,5609,55.38
2023-02-17,5609,55.08
2023-02-20,5609,55.16
2023-02-21,5609,56.57
2023-02-22,5609,56.12
2023-02-23,5609,58.13
2023-02-24,5609,58.13
2023-02-01,5701,7.39
2023-02-02,5701,7.44
2023-02-03,5701,7.47
2023-02-06,5701,7.47
2023-02-07,5701,7.44
2023-02-08,5701,7.49
2023-02-09,5701,7.49
2023-02-10,5701,7.49
2023-02-13,5701,7.54
2023-02-14,5701,7.57
2023-02-15,5701,8.28
2023-02-16,5701,8.13
2023-02-17,5701,8.93
2023-02-20,5701,9.82
2023-02-21,5701,10.63
2023-02-22,5701,11.62
2023-02-23,5701,11.84
2023-02-24,5701,10.68
2023-02-01,5703,19.05
2023-02-02,5703,19.05
2023-02-03,5703,19.1
2023-02-06,5703,19.15
2023-02-07,5703,19.25
2023-02-08,5703,18.85
2023-02-09,5703,19.25
2023-02-10,5703,19.05
2023-02-13,5703,19.0
2023-02-14,5703,19.15
2023-02-15,5703,21.05
2023-02-16,5703,20.55
2023-02-17,5703,20.8
2023-02-20,5703,20.95
2023-02-21,5703,21.1
2023-02-22,5703,23.2
2023-02-23,5703,25.5
2023-02-24,5703,24.3
2023-02-01,5704,49.49
2023-02-02,5704,50.17
2023-02-03,5704,49.78
2023-02-06,5704,51.33
2023-02-07,5704,52.59
2023-02-08,5704,52.69
2023-02-09,5704,52.49
2023-02-10,5704,50.46
2023-02-13,5704,50.46
2023-02-14,5704,52.78
2023-02-15,5704,51.62
2023-02-16,5704,53.66
2023-02-17,5704,58.98
2023-02-20,5704,58.98
2023-02-21,5704,62.08
2023-02-22,5704,68.28
2023-02-23,5704,73.12
2023-02-24,5704,70.7
2023-02-01,5706,49.78
2023-02-02,5706,49.38
2023-02-03,5706,49.22
2023-02-06,5706,50.34
2023-02-07,5706,50.66
2023-02-08,5706,50.18
2023-02-09,5706,50.02
2023-02-10,5706,49.3
2023-02-13,5706,49.7
2023-02-14,5706,51.79
2023-02-15,5706,55.33
2023-02-16,5706,57.74
2023-02-17,5706,57.82
2023-02-20,5706,55.17
2023-02-21,5706,55.33
2023-02-22,5706,55.33
2023-02-23,5706,57.02
2023-02-24,5706,57.26
2023-02-01,5864,7.54
2023-02-02,5864,7.71
2023-02-03,5864,7.71
2023-02-06,5864,7.75
2023-02-07,5864,7.86
2023-02-08,5864,7.93
2023-02-09,5864,8.0
2023-02-10,5864,8.0
2023-02-13,5864,8.0
2023-02-14,5864,8.03
2023-02-15,5864,8.03
2023-02-16,5864,8.18
2023-02-17,5864,8.32
2023-02-20,5864,8.43
2023-02-21,5864,8.46
2023-02-22,5864,8.43
2023-02-23,5864,8.67
2023-02-24,5864,8.71
2023-02-01,5871,209.24
2023-02-02,5871,206.12
2023-02-03,5871,205.23
2023-02-06,5871,202.99
2023-02-07,5871,202.99
2023-02-08,5871,205.67
2023-02-09,5871,205.67
2023-02-10,5871,207.9
2023-02-13,5871,207.01
2023-02-14,5871,208.79
2023-02-15,5871,209.24
2023-02-16,5871,206.56
2023-02-17,5871,206.56
2023-02-20,5871,206.12
2023-02-21,5871,203.89
2023-02-22,5871,203.44
2023-02-23,5871,200.76
2023-02-24,5871,201.21
2023-02-01,5871A,90.51
2023-02-02,5871A,90.69
2023-02-03,5871A,90.69
2023-02-06,5871A,90.69
2023-02-07,5871A,90.69
2023-02-08,5871A,90.78
2023-02-09,5871A,90.97
2023-02-10,5871A,91.06
2023-02-13,5871A,91.61
2023-02-14,5871A,91.61
2023-02-15,5871A,91.71
2023-02-16,5871A,91.71
2023-02-17,5871A,91.8
2023-02-20,5871A,91.89
2023-02-21,5871A,91.89
2023-02-22,5871A,91.8
2023-02-23,5871A,91.8
2023-02-24,5871A,91.89
2023-02-01,5876,41.77
2023-02-02,5876,41.46
2023-02-03,5876,41.86
2023-02-06,5876,41.32
2023-02-07,5876,41.5
2023-02-08,5876,41.55
2023-02-09,5876,41.63
2023-02-10,5876,41.72
2023-02-13,5876,41.81
2023-02-14,5876,41.94
2023-02-15,5876,41.5
2023-02-16,5876,41.77
2023-02-17,5876,41.81
2023-02-20,5876,42.39
2023-02-21,5876,42.39
2023-02-22,5876,42.25
2023-02-23,5876,42.43
2023-02-24,5876,42.25
2023-02-02,5878,41.16
2023-02-06,5878,41.16
2023-02-07,5878,41.16
2023-02-08,5878,41.33
2023-02-09,5878,40.05
2023-02-10,5878,40.9
2023-02-13,5878,40.82
2023-02-14,5878,41.25
2023-02-15,5878,41.16
2023-02-16,5878,41.12
2023-02-17,5878,41.12
2023-02-20,5878,41.42
2023-02-21,5878,41.25
2023-02-22,5878,41.33
2023-02-23,5878,41.33
2023-02-01,5880,23.43
2023-02-02,5880,23.52
2023-02-03,5880,23.52
2023-02-06,5880,23.25
2023-02-07,5880,23.3
2023-02-08,5880,23.25
2023-02-09,5880,23.25
2023-02-10,5880,23.47
2023-02-13,5880,23.65
2023-02-14,5880,23.61
2023-02-15,5880,23.47
2023-02-16,5880,23.43
2023-02-17,5880,23.47
2023-02-20,5880,23.69
2023-02-21,5880,23.56
2023-02-22,5880,23.39
2023-02-23,5880,23.65
2023-02-24,5880,23.52
2023-02-01,5902,31.08
2023-02-02,5902,31.08
2023-02-03,5902,31.03
2023-02-06,5902,31.92
2023-02-07,5902,32.37
2023-02-08,5902,32.68
2023-02-09,5902,32.81
2023-02-10,5902,32.5
2023-02-13,5902,32.5
2023-02-14,5902,32.41
2023-02-15,5902,32.33
2023-02-16,5902,32.33
2023-02-17,5902,32.33
2023-02-20,5902,32.24
2023-02-21,5902,32.46
2023-02-22,5902,32.37
2023-02-23,5902,32.77
2023-02-24,5902,32.73
2023-02-01,5903,188.04
2023-02-02,5903,189.45
2023-02-03,5903,189.45
2023-02-06,5903,189.45
2023-02-07,5903,189.45
2023-02-08,5903,188.51
2023-02-09,5903,188.98
2023-02-10,5903,187.57
2023-02-13,5903,191.81
2023-02-14,5903,190.39
2023-02-15,5903,189.92
2023-02-16,5903,189.45
2023-02-17,5903,188.51
2023-02-20,5903,188.98
2023-02-21,5903,188.98
2023-02-22,5903,188.98
2023-02-23,5903,190.86
2023-02-24,5903,190.86
2023-02-01,5904,447.96
2023-02-02,5904,453.08
2023-02-03,5904,442.84
2023-02-06,5904,442.84
2023-02-07,5904,453.08
2023-02-08,5904,453.93
2023-02-09,5904,461.61
2023-02-10,5904,453.93
2023-02-13,5904,452.23
2023-02-14,5904,481.24
2023-02-15,5904,460.76
2023-02-16,5904,499.15
2023-02-17,5904,485.5
2023-02-20,5904,476.97
2023-02-21,5904,476.97
2023-02-22,5904,494.89
2023-02-23,5904,514.51
2023-02-24,5904,505.98
2023-02-01,5905,12.1
2023-02-02,5905,12.0
2023-02-03,5905,12.1
2023-02-06,5905,12.25
2023-02-07,5905,12.2
2023-02-08,5905,12.05
2023-02-09,5905,12.05
2023-02-10,5905,12.1
2023-02-13,5905,12.1
2023-02-14,5905,12.35
2023-02-15,5905,12.85
2023-02-16,5905,12.85
2023-02-17,5905,13.0
2023-02-20,5905,12.9
2023-02-21,5905,12.9
2023-02-22,5905,13.5
2023-02-23,5905,13.65
2023-02-24,5905,13.3
2023-02-01,5906,28.64
2023-02-02,5906,28.72
2023-02-03,5906,28.72
2023-02-06,5906,29.03
2023-02-07,5906,29.03
2023-02-08,5906,28.99
2023-02-09,5906,30.98
2023-02-10,5906,30.85
2023-02-13,5906,30.58
2023-02-14,5906,30.8
2023-02-15,5906,30.94
2023-02-16,5906,31.03
2023-02-17,5906,30.98
2023-02-20,5906,31.25
2023-02-21,5906,32.49
2023-02-22,5906,32.49
2023-02-23,5906,32.04
2023-02-24,5906,33.64
2023-02-01,5907,17.75
2023-02-02,5907,17.75
2023-02-03,5907,17.85
2023-02-06,5907,18.15
2023-02-07,5907,17.9
2023-02-08,5907,17.75
2023-02-09,5907,17.6
2023-02-10,5907,17.1
2023-02-13,5907,17.25
2023-02-14,5907,17.15
2023-02-15,5907,17.05
2023-02-16,5907,17.1
2023-02-17,5907,17.05
2023-02-20,5907,17.7
2023-02-21,5907,17.65
2023-02-22,5907,17.6
2023-02-23,5907,17.6
2023-02-24,5907,17.35
2023-02-01,6005,9.87
2023-02-02,6005,10.09
2023-02-03,6005,10.26
2023-02-06,6005,10.17
2023-02-07,6005,10.26
2023-02-08,6005,10.6
2023-02-09,6005,10.43
2023-02-10,6005,10.22
2023-02-13,6005,10.22
2023-02-14,6005,10.26
2023-02-15,6005,10.17
2023-02-16,6005,10.09
2023-02-17,6005,10.09
2023-02-20,6005,10.17
2023-02-21,6005,10.26
2023-02-22,6005,10.26
2023-02-23,6005,10.35
2023-02-24,6005,10.43
2023-02-01,6015,8.49
2023-02-02,6015,8.93
2023-02-03,6015,8.83
2023-02-06,6015,8.81
2023-02-07,6015,8.92
2023-02-08,6015,9.02
2023-02-09,6015,9.02
2023-02-10,6015,8.85
2023-02-13,6015,8.8
2023-02-14,6015,8.88
2023-02-15,6015,8.82
2023-02-16,6015,8.88
2023-02-17,6015,8.94
2023-02-20,6015,9.13
2023-02-21,6015,9.23
2023-02-22,6015,9.23
2023-02-23,6015,9.39
2023-02-24,6015,9.35
2023-02-01,6016,9.06
2023-02-02,6016,9.21
2023-02-03,6016,9.26
2023-02-06,6016,9.21
2023-02-07,6016,9.26
2023-02-08,6016,9.31
2023-02-09,6016,9.31
2023-02-10,6016,9.4
2023-02-13,6016,9.49
2023-02-14,6016,9.67
2023-02-15,6016,9.49
2023-02-16,6016,9.49
2023-02-17,6016,9.49
2023-02-20,6016,9.63
2023-02-21,6016,9.67
2023-02-22,6016,9.72
2023-02-23,6016,9.94
2023-02-24,6016,9.85
2023-02-01,6020,17.36
2023-02-02,6020,17.46
2023-02-03,6020,17.46
2023-02-07,6020,17.46
2023-02-08,6020,17.46
2023-02-09,6020,17.55
2023-02-10,6020,17.46
2023-02-13,6020,17.55
2023-02-14,6020,17.55
2023-02-15,6020,17.64
2023-02-16,6020,17.46
2023-02-17,6020,17.46
2023-02-20,6020,17.46
2023-02-21,6020,17.46
2023-02-22,6020,17.55
2023-02-23,6020,17.6
2023-02-24,6020,17.46
2023-02-01,6021,16.06
2023-02-02,6021,16.37
2023-02-03,6021,16.68
2023-02-06,6021,16.1
2023-02-07,6021,16.19
2023-02-08,6021,16.19
2023-02-09,6021,16.19
2023-02-10,6021,16.19
2023-02-14,6021,16.15
2023-02-15,6021,15.97
2023-02-16,6021,15.97
2023-02-17,6021,15.79
2023-02-20,6021,15.88
2023-02-21,6021,16.15
2023-02-22,6021,15.61
2023-02-23,6021,15.61
2023-02-24,6021,15.57
2023-02-01,6023,41.3
2023-02-02,6023,41.47
2023-02-03,6023,41.43
2023-02-06,6023,41.68
2023-02-07,6023,41.68
2023-02-08,6023,41.97
2023-02-09,6023,42.06
2023-02-10,6023,41.97
2023-02-13,6023,41.97
2023-02-14,6023,42.06
2023-02-15,6023,41.97
2023-02-16,6023,41.97
2023-02-17,6023,41.97
2023-02-20,6023,42.31
2023-02-21,6023,42.22
2023-02-22,6023,42.14
2023-02-23,6023,42.14
2023-02-24,6023,42.14
2023-02-01,6024,31.65
2023-02-02,6024,31.81
2023-02-03,6024,31.77
2023-02-06,6024,31.73
2023-02-07,6024,31.69
2023-02-08,6024,31.89
2023-02-09,6024,31.89
2023-02-10,6024,31.73
2023-02-13,6024,31.69
2023-02-14,6024,31.81
2023-02-15,6024,31.65
2023-02-16,6024,31.69
2023-02-17,6024,31.65
2023-02-20,6024,31.73
2023-02-21,6024,31.89
2023-02-22,6024,31.97
2023-02-23,6024,32.3
2023-02-24,6024,32.34
2023-02-01,6026,8.69
2023-02-02,6026,8.98
2023-02-03,6026,8.94
2023-02-06,6026,8.85
2023-02-07,6026,8.85
2023-02-08,6026,8.94
2023-02-09,6026,8.9
2023-02-10,6026,8.86
2023-02-13,6026,8.86
2023-02-14,6026,8.9
2023-02-15,6026,8.9
2023-02-16,6026,8.95
2023-02-17,6026,8.95
2023-02-20,6026,9.03
2023-02-21,6026,9.37
2023-02-22,6026,9.28
2023-02-23,6026,9.32
2023-02-24,6026,9.03
2023-02-01,6101,26.3
2023-02-02,6101,26.4
2023-02-03,6101,26.2
2023-02-06,6101,26.2
2023-02-07,6101,25.9
2023-02-08,6101,25.8
2023-02-09,6101,28.34
2023-02-10,6101,28.2
2023-02-13,6101,29.34
2023-02-14,6101,32.23
2023-02-15,6101,34.97
2023-02-16,6101,34.77
2023-02-17,6101,35.97
2023-02-20,6101,34.67
2023-02-21,6101,34.92
2023-02-22,6101,34.42
2023-02-23,6101,37.86
2023-02-24,6101,36.76
2023-02-01,6103,46.6
2023-02-02,6103,46.67
2023-02-03,6103,44.43
2023-02-06,6103,47.92
2023-02-07,6103,45.55
2023-02-08,6103,49.43
2023-02-09,6103,49.5
2023-02-10,6103,47.46
2023-02-13,6103,47.46
2023-02-14,6103,47.46
2023-02-15,6103,44.76
2023-02-16,6103,42.79
2023-02-17,6103,40.95
2023-02-20,6103,38.72
2023-02-21,6103,36.35
2023-02-22,6103,33.33
2023-02-23,6103,33.92
2023-02-24,6103,37.27
2023-02-01,6104,99.14
2023-02-02,6104,101.96
2023-02-03,6104,110.88
2023-02-06,6104,111.82
2023-02-07,6104,108.53
2023-02-08,6104,107.59
2023-02-09,6104,109.94
2023-02-10,6104,108.06
2023-02-13,6104,108.53
2023-02-14,6104,109.47
2023-02-15,6104,108.53
2023-02-16,6104,111.35
2023-02-17,6104,115.58
2023-02-20,6104,119.81
2023-02-21,6104,119.34
2023-02-22,6104,115.11
2023-02-23,6104,120.28
2023-02-24,6104,116.52
2023-02-01,6108,15.78
2023-02-02,6108,15.83
2023-02-03,6108,15.83
2023-02-06,6108,15.78
2023-02-07,6108,15.69
2023-02-08,6108,15.83
2023-02-09,6108,15.83
2023-02-10,6108,15.83
2023-02-13,6108,15.88
2023-02-14,6108,15.88
2023-02-15,6108,16.02
2023-02-16,6108,15.97
2023-02-17,6108,15.97
2023-02-20,6108,16.02
2023-02-21,6108,16.02
2023-02-22,6108,15.97
2023-02-23,6108,16.21
2023-02-24,6108,16.35
2023-02-01,6109,16.38
2023-02-02,6109,16.33
2023-02-03,6109,16.19
2023-02-06,6109,16.9
2023-02-07,6109,16.71
2023-02-08,6109,16.76
2023-02-09,6109,16.85
2023-02-10,6109,16.43
2023-02-13,6109,16.85
2023-02-14,6109,16.71
2023-02-15,6109,16.62
2023-02-16,6109,16.66
2023-02-17,6109,17.09
2023-02-20,6109,17.7
2023-02-21,6109,18.04
2023-02-22,6109,17.89
2023-02-23,6109,17.7
2023-02-24,6109,16.62
2023-02-01,6111,53.81
2023-02-02,6111,54.95
2023-02-03,6111,52.99
2023-02-06,6111,51.44
2023-02-07,6111,51.77
2023-02-08,6111,51.93
2023-02-09,6111,51.77
2023-02-10,6111,49.97
2023-02-13,6111,48.51
2023-02-14,6111,48.18
2023-02-15,6111,47.53
2023-02-16,6111,48.75
2023-02-17,6111,49.0
2023-02-20,6111,48.18
2023-02-21,6111,47.77
2023-02-22,6111,46.88
2023-02-23,6111,47.28
2023-02-24,6111,46.55
2023-02-01,6112,31.28
2023-02-02,6112,31.37
2023-02-03,6112,32.24
2023-02-06,6112,32.48
2023-02-07,6112,32.48
2023-02-08,6112,32.48
2023-02-09,6112,33.26
2023-02-10,6112,34.6
2023-02-13,6112,36.4
2023-02-14,6112,36.3
2023-02-15,6112,35.52
2023-02-16,6112,35.24
2023-02-17,6112,35.66
2023-02-20,6112,36.53
2023-02-21,6112,36.21
2023-02-22,6112,36.12
2023-02-23,6112,36.35
2023-02-24,6112,35.38
2023-02-01,6113,16.44
2023-02-02,6113,16.67
2023-02-03,6113,16.35
2023-02-06,6113,16.44
2023-02-07,6113,16.35
2023-02-08,6113,16.67
2023-02-09,6113,16.76
2023-02-10,6113,16.58
2023-02-13,6113,16.07
2023-02-14,6113,16.21
2023-02-15,6113,15.89
2023-02-16,6113,16.03
2023-02-17,6113,16.12
2023-02-20,6113,16.12
2023-02-21,6113,16.26
2023-02-22,6113,16.07
2023-02-23,6113,16.3
2023-02-24,6113,16.4
2023-02-01,6114,24.67
2023-02-02,6114,24.86
2023-02-03,6114,24.76
2023-02-06,6114,24.86
2023-02-07,6114,25.16
2023-02-08,6114,24.76
2023-02-09,6114,24.42
2023-02-10,6114,24.52
2023-02-13,6114,24.22
2023-02-14,6114,24.22
2023-02-15,6114,24.08
2023-02-16,6114,24.67
2023-02-17,6114,24.57
2023-02-20,6114,24.67
2023-02-21,6114,24.67
2023-02-22,6114,24.76
2023-02-23,6114,24.71
2023-02-24,6114,24.71
2023-02-01,6115,36.04
2023-02-02,6115,35.75
2023-02-03,6115,35.83
2023-02-06,6115,35.75
2023-02-07,6115,35.83
2023-02-08,6115,35.88
2023-02-09,6115,35.83
2023-02-10,6115,35.75
2023-02-13,6115,35.79
2023-02-14,6115,35.83
2023-02-15,6115,35.71
2023-02-16,6115,35.75
2023-02-17,6115,35.71
2023-02-20,6115,35.71
2023-02-21,6115,35.71
2023-02-22,6115,36.04
2023-02-23,6115,36.58
2023-02-24,6115,36.58
2023-02-01,6116,12.5
2023-02-02,6116,12.85
2023-02-03,6116,12.8
2023-02-06,6116,12.5
2023-02-07,6116,12.35
2023-02-08,6116,12.6
2023-02-09,6116,12.5
2023-02-10,6116,12.05
2023-02-13,6116,11.85
2023-02-14,6116,12.1
2023-02-15,6116,12.15
2023-02-16,6116,12.95
2023-02-17,6116,13.05
2023-02-20,6116,13.4
2023-02-21,6116,13.35
2023-02-22,6116,13.1
2023-02-23,6116,12.85
2023-02-24,6116,12.8
2023-02-01,6117,14.05
2023-02-02,6117,14.15
2023-02-03,6117,14.2
2023-02-06,6117,14.2
2023-02-07,6117,14.2
2023-02-08,6117,14.6
2023-02-09,6117,14.35
2023-02-10,6117,14.1
2023-02-13,6117,14.1
2023-02-14,6117,14.15
2023-02-15,6117,14.15
2023-02-16,6117,14.25
2023-02-17,6117,14.25
2023-02-20,6117,14.45
2023-02-21,6117,14.55
2023-02-22,6117,14.4
2023-02-23,6117,14.45
2023-02-24,6117,14.35
2023-02-01,6118,38.1
2023-02-02,6118,41.9
2023-02-03,6118,38.8
2023-02-06,6118,40.45
2023-02-07,6118,39.7
2023-02-08,6118,39.8
2023-02-09,6118,40.05
2023-02-10,6118,38.6
2023-02-13,6118,38.65
2023-02-14,6118,38.55
2023-02-15,6118,38.55
2023-02-16,6118,39.1
2023-02-17,6118,38.85
2023-02-20,6118,39.8
2023-02-21,6118,39.9
2023-02-22,6118,38.65
2023-02-23,6118,39.6
2023-02-24,6118,39.6
2023-02-01,6120,8.71
2023-02-02,6120,8.84
2023-02-03,6120,8.9
2023-02-06,6120,9.16
2023-02-07,6120,9.31
2023-02-08,6120,9.27
2023-02-09,6120,9.16
2023-02-10,6120,9.21
2023-02-13,6120,9.11
2023-02-14,6120,9.41
2023-02-15,6120,9.48
2023-02-16,6120,9.54
2023-02-17,6120,9.62
2023-02-20,6120,9.82
2023-02-21,6120,9.67
2023-02-22,6120,9.91
2023-02-23,6120,9.91
2023-02-24,6120,10.06
2023-02-01,6121,253.97
2023-02-02,6121,256.55
2023-02-03,6121,255.69
2023-02-06,6121,254.4
2023-02-07,6121,260.85
2023-02-08,6121,259.56
2023-02-09,6121,254.83
2023-02-10,6121,255.26
2023-02-13,6121,254.83
2023-02-14,6121,256.12
2023-02-15,6121,253.11
2023-02-16,6121,254.4
2023-02-17,6121,250.53
2023-02-20,6121,250.1
2023-02-21,6121,251.39
2023-02-22,6121,253.97
2023-02-23,6121,257.84
2023-02-24,6121,254.4
2023-02-01,6122,16.11
2023-02-02,6122,16.06
2023-02-03,6122,15.63
2023-02-06,6122,15.55
2023-02-07,6122,15.55
2023-02-08,6122,15.72
2023-02-09,6122,15.72
2023-02-10,6122,15.85
2023-02-13,6122,16.06
2023-02-14,6122,16.15
2023-02-15,6122,16.11
2023-02-16,6122,16.49
2023-02-17,6122,16.36
2023-02-20,6122,16.45
2023-02-21,6122,16.28
2023-02-22,6122,16.41
2023-02-23,6122,16.41
2023-02-24,6122,16.41
2023-02-01,6123,46.8
2023-02-02,6123,48.37
2023-02-03,6123,48.71
2023-02-06,6123,48.96
2023-02-07,6123,48.79
2023-02-08,6123,50.2
2023-02-09,6123,50.95
2023-02-10,6123,49.45
2023-02-13,6123,49.7
2023-02-14,6123,50.61
2023-02-15,6123,50.78
2023-02-16,6123,50.78
2023-02-17,6123,51.94
2023-02-20,6123,53.93
2023-02-21,6123,53.68
2023-02-22,6123,54.02
2023-02-23,6123,56.09
2023-02-24,6123,56.26
2023-02-01,6124,26.1
2023-02-02,6124,26.9
2023-02-03,6124,25.95
2023-02-06,6124,26.0
2023-02-07,6124,26.0
2023-02-08,6124,26.0
2023-02-09,6124,26.55
2023-02-10,6124,26.0
2023-02-13,6124,26.0
2023-02-14,6124,26.25
2023-02-15,6124,26.0
2023-02-16,6124,26.3
2023-02-17,6124,26.25
2023-02-20,6124,26.05
2023-02-21,6124,26.0
2023-02-22,6124,25.95
2023-02-23,6124,25.95
2023-02-24,6124,25.5
2023-02-01,6125,25.01
2023-02-02,6125,25.1
2023-02-03,6125,24.91
2023-02-06,6125,24.96
2023-02-07,6125,25.01
2023-02-08,6125,25.29
2023-02-09,6125,25.62
2023-02-10,6125,24.77
2023-02-13,6125,24.87
2023-02-14,6125,24.96
2023-02-15,6125,25.05
2023-02-16,6125,25.38
2023-02-17,6125,25.57
2023-02-20,6125,26.09
2023-02-21,6125,25.81
2023-02-22,6125,26.19
2023-02-23,6125,26.14
2023-02-24,6125,26.23
2023-02-01,6126,19.05
2023-02-02,6126,19.09
2023-02-03,6126,19.09
2023-02-06,6126,19.23
2023-02-07,6126,19.23
2023-02-08,6126,19.23
2023-02-09,6126,19.14
2023-02-10,6126,19.09
2023-02-13,6126,19.09
2023-02-14,6126,19.18
2023-02-15,6126,19.18
2023-02-16,6126,19.32
2023-02-17,6126,19.32
2023-02-20,6126,19.42
2023-02-21,6126,19.32
2023-02-22,6126,19.32
2023-02-23,6126,20.25
2023-02-24,6126,19.93
2023-02-01,6127,16.86
2023-02-02,6127,16.91
2023-02-03,6127,16.76
2023-02-06,6127,16.76
2023-02-07,6127,16.86
2023-02-08,6127,17.21
2023-02-09,6127,17.21
2023-02-10,6127,17.01
2023-02-13,6127,16.81
2023-02-14,6127,16.96
2023-02-15,6127,17.01
2023-02-16,6127,17.5
2023-02-17,6127,17.36
2023-02-20,6127,17.55
2023-02-21,6127,17.4
2023-02-22,6127,17.45
2023-02-23,6127,17.5
2023-02-24,6127,17.36
2023-02-01,6128,24.76
2023-02-02,6128,24.89
2023-02-03,6128,24.89
2023-02-06,6128,24.89
2023-02-07,6128,24.85
2023-02-08,6128,24.93
2023-02-09,6128,25.87
2023-02-10,6128,26.04
2023-02-13,6128,26.04
2023-02-14,6128,26.08
2023-02-15,6128,26.24
2023-02-16,6128,26.9
2023-02-17,6128,27.35
2023-02-20,6128,27.31
2023-02-21,6128,26.98
2023-02-22,6128,26.9
2023-02-23,6128,27.39
2023-02-24,6128,28.0
2023-02-01,6129,33.0
2023-02-02,6129,34.65
2023-02-03,6129,33.43
2023-02-06,6129,33.48
2023-02-07,6129,33.29
2023-02-08,6129,34.35
2023-02-09,6129,34.4
2023-02-10,6129,33.43
2023-02-13,6129,32.85
2023-02-14,6129,32.75
2023-02-15,6129,32.7
2023-02-16,6129,33.29
2023-02-17,6129,33.29
2023-02-20,6129,34.16
2023-02-21,6129,34.26
2023-02-22,6129,33.92
2023-02-23,6129,34.5
2023-02-24,6129,33.77
2023-02-01,6130,33.72
2023-02-02,6130,33.72
2023-02-03,6130,34.41
2023-02-06,6130,33.87
2023-02-07,6130,33.87
2023-02-08,6130,33.92
2023-02-09,6130,35.49
2023-02-10,6130,39.04
2023-02-13,6130,37.02
2023-02-14,6130,36.97
2023-02-15,6130,36.53
2023-02-16,6130,36.83
2023-02-17,6130,36.63
2023-02-20,6130,35.99
2023-02-21,6130,36.58
2023-02-22,6130,36.43
2023-02-23,6130,36.23
2023-02-24,6130,35.35
2023-02-01,6133,22.91
2023-02-02,6133,22.91
2023-02-03,6133,22.71
2023-02-06,6133,22.81
2023-02-07,6133,22.57
2023-02-08,6133,22.57
2023-02-09,6133,22.62
2023-02-10,6133,21.94
2023-02-13,6133,22.71
2023-02-14,6133,22.38
2023-02-15,6133,22.23
2023-02-16,6133,22.47
2023-02-17,6133,22.42
2023-02-20,6133,22.67
2023-02-21,6133,22.47
2023-02-22,6133,21.94
2023-02-23,6133,22.18
2023-02-24,6133,22.13
2023-02-01,6134,20.84
2023-02-02,6134,21.58
2023-02-03,6134,22.32
2023-02-06,6134,21.98
2023-02-07,6134,21.83
2023-02-08,6134,21.88
2023-02-09,6134,21.58
2023-02-10,6134,21.28
2023-02-13,6134,21.33
2023-02-14,6134,21.28
2023-02-15,6134,21.13
2023-02-16,6134,21.43
2023-02-17,6134,21.28
2023-02-20,6134,21.48
2023-02-21,6134,21.43
2023-02-22,6134,21.13
2023-02-23,6134,21.18
2023-02-24,6134,20.99
2023-02-01,6136,15.71
2023-02-02,6136,15.71
2023-02-03,6136,15.71
2023-02-06,6136,15.71
2023-02-07,6136,15.67
2023-02-08,6136,15.67
2023-02-09,6136,15.71
2023-02-10,6136,15.67
2023-02-13,6136,15.67
2023-02-14,6136,15.71
2023-02-15,6136,15.8
2023-02-16,6136,15.75
2023-02-17,6136,15.67
2023-02-20,6136,15.8
2023-02-21,6136,15.8
2023-02-22,6136,15.8
2023-02-23,6136,16.05
2023-02-24,6136,16.1
2023-02-01,6138,125.74
2023-02-02,6138,128.93
2023-02-03,6138,133.94
2023-02-06,6138,129.38
2023-02-07,6138,134.39
2023-02-08,6138,147.61
2023-02-09,6138,146.24
2023-02-10,6138,141.68
2023-02-13,6138,137.13
2023-02-14,6138,138.04
2023-02-15,6138,135.31
2023-02-16,6138,137.58
2023-02-17,6138,135.31
2023-02-20,6138,136.67
2023-02-21,6138,136.22
2023-02-22,6138,130.75
2023-02-23,6138,136.22
2023-02-24,6138,132.12
2023-02-01,6139,39.17
2023-02-02,6139,38.66
2023-02-03,6139,38.3
2023-02-06,6139,37.88
2023-02-07,6139,39.03
2023-02-08,6139,38.62
2023-02-09,6139,38.71
2023-02-10,6139,37.84
2023-02-13,6139,36.09
2023-02-14,6139,36.78
2023-02-15,6139,36.51
2023-02-16,6139,36.09
2023-02-17,6139,36.32
2023-02-20,6139,36.0
2023-02-21,6139,36.28
2023-02-22,6139,36.6
2023-02-23,6139,36.46
2023-02-24,6139,37.19
2023-02-01,6140,14.07
2023-02-02,6140,14.45
2023-02-03,6140,14.37
2023-02-06,6140,14.24
2023-02-07,6140,14.12
2023-02-08,6140,14.24
2023-02-09,6140,14.37
2023-02-10,6140,14.24
2023-02-13,6140,14.29
2023-02-14,6140,14.96
2023-02-15,6140,14.79
2023-02-16,6140,14.71
2023-02-17,6140,14.79
2023-02-20,6140,14.79
2023-02-21,6140,14.79
2023-02-22,6140,15.05
2023-02-23,6140,16.06
2023-02-24,6140,15.26
2023-02-01,6141,19.3
2023-02-02,6141,19.4
2023-02-03,6141,19.3
2023-02-06,6141,19.2
2023-02-07,6141,19.25
2023-02-08,6141,19.3
2023-02-09,6141,19.4
2023-02-10,6141,19.2
2023-02-13,6141,19.2
2023-02-14,6141,19.3
2023-02-15,6141,19.3
2023-02-16,6141,19.4
2023-02-17,6141,19.4
2023-02-20,6141,19.75
2023-02-21,6141,19.75
2023-02-22,6141,19.65
2023-02-23,6141,19.55
2023-02-24,6141,19.7
2023-02-01,6142,10.0
2023-02-02,6142,10.15
2023-02-03,6142,10.1
2023-02-06,6142,10.25
2023-02-07,6142,10.3
2023-02-08,6142,10.69
2023-02-09,6142,10.54
2023-02-10,6142,10.4
2023-02-13,6142,11.43
2023-02-14,6142,11.47
2023-02-15,6142,11.72
2023-02-16,6142,11.82
2023-02-17,6142,11.92
2023-02-20,6142,12.06
2023-02-21,6142,12.21
2023-02-22,6142,12.06
2023-02-23,6142,12.01
2023-02-24,6142,12.01
2023-02-01,6143,66.55
2023-02-02,6143,69.17
2023-02-03,6143,67.51
2023-02-06,6143,67.51
2023-02-07,6143,66.9
2023-02-08,6143,67.43
2023-02-09,6143,70.39
2023-02-10,6143,65.42
2023-02-13,6143,67.08
2023-02-14,6143,67.25
2023-02-15,6143,68.21
2023-02-16,6143,72.14
2023-02-17,6143,76.76
2023-02-20,6143,76.93
2023-02-21,6143,78.42
2023-02-22,6143,77.28
2023-02-23,6143,77.98
2023-02-24,6143,76.5
2023-02-01,6144,14.5
2023-02-07,6144,14.45
2023-02-08,6144,14.5
2023-02-09,6144,14.05
2023-02-10,6144,14.15
2023-02-13,6144,13.75
2023-02-14,6144,14.15
2023-02-17,6144,14.1
2023-02-20,6144,14.05
2023-02-21,6144,14.25
2023-02-22,6144,14.15
2023-02-23,6144,14.25
2023-02-24,6144,14.05
2023-02-01,6146,187.42
2023-02-02,6146,195.26
2023-02-03,6146,191.96
2023-02-06,6146,187.42
2023-02-07,6146,200.63
2023-02-08,6146,200.63
2023-02-09,6146,198.15
2023-02-10,6146,200.22
2023-02-13,6146,196.92
2023-02-14,6146,196.5
2023-02-15,6146,196.5
2023-02-16,6146,198.15
2023-02-17,6146,194.03
2023-02-20,6146,202.28
2023-02-21,6146,206.41
2023-02-22,6146,212.19
2023-02-23,6146,213.43
2023-02-24,6146,219.62
2023-02-01,6147,49.83
2023-02-02,6147,50.9
2023-02-03,6147,52.13
2023-02-06,6147,52.22
2023-02-07,6147,52.22
2023-02-08,6147,52.96
2023-02-09,6147,52.46
2023-02-10,6147,52.71
2023-02-13,6147,52.13
2023-02-14,6147,53.04
2023-02-15,6147,53.04
2023-02-16,6147,52.96
2023-02-17,6147,52.63
2023-02-20,6147,53.12
2023-02-21,6147,53.78
2023-02-22,6147,54.36
2023-02-23,6147,55.26
2023-02-24,6147,55.43
2023-02-01,6148,11.73
2023-02-02,6148,11.87
2023-02-03,6148,11.96
2023-02-06,6148,11.91
2023-02-07,6148,11.96
2023-02-08,6148,11.96
2023-02-09,6148,11.87
2023-02-10,6148,12.05
2023-02-13,6148,12.14
2023-02-14,6148,13.31
2023-02-15,6148,13.72
2023-02-16,6148,13.67
2023-02-17,6148,13.4
2023-02-20,6148,13.36
2023-02-21,6148,13.4
2023-02-22,6148,14.71
2023-02-23,6148,14.44
2023-02-24,6148,14.39
2023-02-01,6150,80.1
2023-02-02,6150,81.6
2023-02-03,6150,79.0
2023-02-06,6150,79.2
2023-02-07,6150,80.4
2023-02-08,6150,80.0
2023-02-09,6150,79.3
2023-02-10,6150,77.1
2023-02-13,6150,78.0
2023-02-14,6150,78.3
2023-02-15,6150,77.7
2023-02-16,6150,80.4
2023-02-17,6150,81.0
2023-02-20,6150,81.0
2023-02-21,6150,80.5
2023-02-22,6150,78.2
2023-02-23,6150,81.4
2023-02-24,6150,80.4
2023-02-01,6151,22.23
2023-02-02,6151,22.23
2023-02-03,6151,22.27
2023-02-06,6151,22.56
2023-02-07,6151,22.73
2023-02-08,6151,22.9
2023-02-09,6151,22.73
2023-02-10,6151,22.86
2023-02-13,6151,22.73
2023-02-14,6151,22.82
2023-02-15,6151,22.73
2023-02-16,6151,22.77
2023-02-17,6151,22.77
2023-02-20,6151,22.82
2023-02-21,6151,22.94
2023-02-22,6151,22.86
2023-02-23,6151,22.9
2023-02-24,6151,23.03
2023-02-01,6152,9.95
2023-02-02,6152,10.15
2023-02-03,6152,10.25
2023-02-06,6152,10.1
2023-02-07,6152,10.0
2023-02-08,6152,10.0
2023-02-09,6152,9.96
2023-02-10,6152,9.7
2023-02-13,6152,9.66
2023-02-14,6152,9.76
2023-02-15,6152,9.81
2023-02-16,6152,9.97
2023-02-17,6152,9.99
2023-02-20,6152,10.1
2023-02-21,6152,10.15
2023-02-22,6152,10.1
2023-02-23,6152,10.15
2023-02-24,6152,10.0
2023-02-01,6153,24.02
2023-02-02,6153,24.27
2023-02-03,6153,23.88
2023-02-06,6153,23.98
2023-02-07,6153,23.98
2023-02-08,6153,23.59
2023-02-09,6153,23.49
2023-02-10,6153,23.01
2023-02-13,6153,23.01
2023-02-14,6153,23.11
2023-02-15,6153,23.25
2023-02-16,6153,23.44
2023-02-17,6153,23.44
2023-02-20,6153,23.69
2023-02-21,6153,23.64
2023-02-22,6153,23.64
2023-02-23,6153,23.49
2023-02-24,6153,23.3
2023-02-01,6154,13.58
2023-02-02,6154,13.58
2023-02-03,6154,13.63
2023-02-06,6154,13.58
2023-02-07,6154,13.63
2023-02-08,6154,13.63
2023-02-09,6154,13.67
2023-02-10,6154,13.67
2023-02-13,6154,13.67
2023-02-14,6154,13.8
2023-02-15,6154,13.8
2023-02-16,6154,13.8
2023-02-17,6154,13.8
2023-02-20,6154,13.85
2023-02-21,6154,13.76
2023-02-22,6154,13.85
2023-02-23,6154,14.11
2023-02-24,6154,14.06
2023-02-01,6155,22.23
2023-02-02,6155,22.23
2023-02-03,6155,22.1
2023-02-06,6155,22.32
2023-02-07,6155,22.58
2023-02-08,6155,22.49
2023-02-09,6155,21.92
2023-02-10,6155,21.53
2023-02-13,6155,21.35
2023-02-14,6155,21.66
2023-02-15,6155,21.35
2023-02-16,6155,21.88
2023-02-17,6155,22.27
2023-02-20,6155,22.41
2023-02-21,6155,22.41
2023-02-22,6155,22.23
2023-02-23,6155,23.33
2023-02-24,6155,23.46
2023-02-01,6156,18.37
2023-02-02,6156,18.52
2023-02-03,6156,18.23
2023-02-06,6156,18.33
2023-02-07,6156,18.33
2023-02-08,6156,18.52
2023-02-09,6156,18.23
2023-02-10,6156,17.95
2023-02-13,6156,17.91
2023-02-14,6156,18.14
2023-02-15,6156,18.05
2023-02-16,6156,18.14
2023-02-17,6156,18.14
2023-02-20,6156,18.42
2023-02-21,6156,18.37
2023-02-22,6156,18.37
2023-02-23,6156,18.52
2023-02-24,6156,18.28
2023-02-01,6158,24.75
2023-02-02,6158,25.14
2023-02-03,6158,24.94
2023-02-06,6158,24.94
2023-02-07,6158,24.6
2023-02-08,6158,24.56
2023-02-09,6158,24.41
2023-02-10,6158,24.31
2023-02-13,6158,24.31
2023-02-14,6158,24.41
2023-02-15,6158,24.7
2023-02-16,6158,24.6
2023-02-17,6158,24.51
2023-02-20,6158,25.91
2023-02-21,6158,26.05
2023-02-22,6158,25.52
2023-02-23,6158,25.81
2023-02-24,6158,25.38
2023-02-01,6160,17.08
2023-02-02,6160,17.38
2023-02-03,6160,17.52
2023-02-06,6160,17.62
2023-02-07,6160,18.01
2023-02-08,6160,17.82
2023-02-09,6160,18.21
2023-02-10,6160,17.96
2023-02-13,6160,18.21
2023-02-14,6160,18.21
2023-02-15,6160,18.3
2023-02-16,6160,18.3
2023-02-17,6160,18.3
2023-02-20,6160,18.79
2023-02-21,6160,18.7
2023-02-22,6160,19.23
2023-02-23,6160,20.21
2023-02-24,6160,19.58
2023-02-01,6161,30.74
2023-02-02,6161,31.15
2023-02-03,6161,31.21
2023-02-06,6161,30.98
2023-02-07,6161,31.21
2023-02-08,6161,31.15
2023-02-09,6161,30.45
2023-02-10,6161,30.5
2023-02-13,6161,30.45
2023-02-14,6161,30.62
2023-02-15,6161,30.74
2023-02-16,6161,30.8
2023-02-17,6161,30.8
2023-02-20,6161,31.39
2023-02-21,6161,31.51
2023-02-22,6161,31.68
2023-02-23,6161,32.15
2023-02-24,6161,32.15
2023-02-01,6163,15.1
2023-02-02,6163,15.15
2023-02-03,6163,15.54
2023-02-06,6163,15.34
2023-02-07,6163,15.3
2023-02-08,6163,15.34
2023-02-09,6163,15.64
2023-02-10,6163,15.34
2023-02-13,6163,14.96
2023-02-14,6163,15.05
2023-02-15,6163,15.1
2023-02-16,6163,15.15
2023-02-17,6163,15.2
2023-02-20,6163,15.2
2023-02-21,6163,15.25
2023-02-22,6163,15.3
2023-02-23,6163,15.34
2023-02-24,6163,15.25
2023-02-01,6164,10.26
2023-02-02,6164,10.45
2023-02-03,6164,10.36
2023-02-06,6164,10.36
2023-02-07,6164,10.26
2023-02-08,6164,10.31
2023-02-09,6164,10.26
2023-02-10,6164,10.16
2023-02-13,6164,10.11
2023-02-14,6164,10.16
2023-02-15,6164,10.16
2023-02-16,6164,10.21
2023-02-17,6164,10.36
2023-02-20,6164,10.56
2023-02-21,6164,10.51
2023-02-22,6164,10.45
2023-02-23,6164,10.51
2023-02-24,6164,10.56
2023-02-01,6165,28.61
2023-02-02,6165,29.65
2023-02-03,6165,30.25
2023-02-06,6165,31.68
2023-02-07,6165,31.68
2023-02-08,6165,32.23
2023-02-09,6165,32.67
2023-02-10,6165,32.87
2023-02-13,6165,31.88
2023-02-14,6165,31.29
2023-02-15,6165,31.54
2023-02-16,6165,31.49
2023-02-17,6165,31.24
2023-02-20,6165,32.67
2023-02-21,6165,34.21
2023-02-22,6165,33.96
2023-02-23,6165,33.71
2023-02-24,6165,32.67
2023-02-01,6166,54.5
2023-02-02,6166,55.72
2023-02-03,6166,55.91
2023-02-06,6166,56.66
2023-02-07,6166,56.76
2023-02-08,6166,57.79
2023-02-09,6166,57.89
2023-02-10,6166,57.13
2023-02-13,6166,58.26
2023-02-14,6166,57.32
2023-02-15,6166,57.42
2023-02-16,6166,57.6
2023-02-17,6166,57.42
2023-02-20,6166,57.79
2023-02-21,6166,57.98
2023-02-22,6166,56.76
2023-02-23,6166,57.79
2023-02-24,6166,57.7
2023-02-01,6167,11.27
2023-02-02,6167,11.27
2023-02-03,6167,11.59
2023-02-06,6167,11.54
2023-02-07,6167,11.68
2023-02-08,6167,11.59
2023-02-09,6167,11.41
2023-02-10,6167,11.13
2023-02-13,6167,11.5
2023-02-14,6167,11.41
2023-02-15,6167,11.31
2023-02-16,6167,11.45
2023-02-17,6167,11.41
2023-02-20,6167,11.54
2023-02-21,6167,11.64
2023-02-22,6167,11.54
2023-02-23,6167,11.59
2023-02-24,6167,11.91
2023-02-01,6168,17.13
2023-02-02,6168,17.59
2023-02-03,6168,17.59
2023-02-06,6168,17.5
2023-02-07,6168,17.4
2023-02-08,6168,17.4
2023-02-09,6168,17.45
2023-02-10,6168,17.36
2023-02-13,6168,17.68
2023-02-14,6168,18.1
2023-02-15,6168,18.14
2023-02-16,6168,18.42
2023-02-17,6168,18.69
2023-02-20,6168,18.83
2023-02-21,6168,19.94
2023-02-22,6168,19.98
2023-02-23,6168,20.17
2023-02-24,6168,19.89
2023-02-01,6169,19.5
2023-02-02,6169,19.8
2023-02-03,6169,19.4
2023-02-06,6169,19.25
2023-02-07,6169,19.5
2023-02-08,6169,19.3
2023-02-09,6169,19.15
2023-02-10,6169,19.2
2023-02-13,6169,19.3
2023-02-14,6169,19.45
2023-02-15,6169,19.2
2023-02-16,6169,19.2
2023-02-17,6169,19.2
2023-02-20,6169,19.15
2023-02-21,6169,19.1
2023-02-22,6169,19.0
2023-02-23,6169,19.1
2023-02-24,6169,19.1
2023-02-01,6170,29.91
2023-02-02,6170,30.98
2023-02-03,6170,30.85
2023-02-06,6170,30.59
2023-02-07,6170,30.76
2023-02-08,6170,30.68
2023-02-09,6170,31.58
2023-02-10,6170,31.28
2023-02-13,6170,31.28
2023-02-14,6170,31.15
2023-02-15,6170,30.81
2023-02-16,6170,31.15
2023-02-17,6170,31.19
2023-02-20,6170,31.11
2023-02-21,6170,31.19
2023-02-22,6170,31.62
2023-02-23,6170,32.05
2023-02-24,6170,31.79
2023-02-01,6171,22.17
2023-02-02,6171,22.17
2023-02-03,6171,22.22
2023-02-06,6171,22.27
2023-02-07,6171,22.27
2023-02-08,6171,22.27
2023-02-09,6171,22.5
2023-02-10,6171,22.45
2023-02-13,6171,22.17
2023-02-14,6171,22.31
2023-02-15,6171,22.31
2023-02-16,6171,22.41
2023-02-17,6171,22.27
2023-02-20,6171,22.22
2023-02-21,6171,22.41
2023-02-22,6171,22.45
2023-02-23,6171,22.78
2023-02-24,6171,22.68
2023-02-01,6173,35.05
2023-02-02,6173,35.51
2023-02-03,6173,35.65
2023-02-06,6173,34.96
2023-02-07,6173,35.01
2023-02-08,6173,35.19
2023-02-09,6173,34.92
2023-02-10,6173,34.1
2023-02-13,6173,34.37
2023-02-14,6173,35.6
2023-02-15,6173,34.96
2023-02-16,6173,37.47
2023-02-17,6173,39.25
2023-02-20,6173,39.3
2023-02-21,6173,39.3
2023-02-22,6173,38.84
2023-02-23,6173,39.16
2023-02-24,6173,39.12
2023-02-01,6174,23.31
2023-02-02,6174,23.62
2023-02-03,6174,23.62
2023-02-06,6174,23.75
2023-02-07,6174,23.75
2023-02-08,6174,23.89
2023-02-09,6174,24.69
2023-02-10,6174,24.29
2023-02-13,6174,24.2
2023-02-14,6174,24.55
2023-02-15,6174,24.2
2023-02-16,6174,24.6
2023-02-17,6174,24.6
2023-02-20,6174,25.0
2023-02-21,6174,24.73
2023-02-22,6174,24.64
2023-02-23,6174,25.35
2023-02-24,6174,26.02
2023-02-01,6175,31.48
2023-02-02,6175,32.58
2023-02-03,6175,32.01
2023-02-06,6175,31.39
2023-02-07,6175,31.57
2023-02-08,6175,31.44
2023-02-09,6175,31.04
2023-02-10,6175,30.38
2023-02-13,6175,30.69
2023-02-14,6175,31.44
2023-02-15,6175,31.44
2023-02-16,6175,31.96
2023-02-17,6175,32.58
2023-02-20,6175,32.45
2023-02-21,6175,32.88
2023-02-22,6175,32.18
2023-02-23,6175,32.49
2023-02-24,6175,31.74
2023-02-01,6176,83.68
2023-02-02,6176,84.09
2023-02-03,6176,83.68
2023-02-06,6176,84.09
2023-02-07,6176,84.5
2023-02-08,6176,84.5
2023-02-09,6176,84.09
2023-02-10,6176,82.87
2023-02-13,6176,84.09
2023-02-14,6176,84.09
2023-02-15,6176,83.68
2023-02-16,6176,84.5
2023-02-17,6176,84.9
2023-02-20,6176,84.9
2023-02-21,6176,86.12
2023-02-22,6176,85.72
2023-02-23,6176,85.72
2023-02-24,6176,85.72
2023-02-01,6177,25.32
2023-02-02,6177,25.23
2023-02-03,6177,25.27
2023-02-06,6177,25.4
2023-02-07,6177,25.36
2023-02-08,6177,25.27
2023-02-09,6177,25.32
2023-02-10,6177,25.32
2023-02-13,6177,25.23
2023-02-14,6177,25.27
2023-02-15,6177,25.27
2023-02-16,6177,25.27
2023-02-17,6177,25.27
2023-02-20,6177,25.36
2023-02-21,6177,25.4
2023-02-22,6177,25.36
2023-02-23,6177,25.9
2023-02-24,6177,25.98
2023-02-01,6179,24.7
2023-02-02,6179,24.75
2023-02-03,6179,24.6
2023-02-06,6179,24.55
2023-02-07,6179,24.31
2023-02-08,6179,24.02
2023-02-09,6179,24.45
2023-02-10,6179,24.45
2023-02-13,6179,24.45
2023-02-14,6179,24.55
2023-02-15,6179,26.98
2023-02-16,6179,28.87
2023-02-17,6179,29.55
2023-02-20,6179,29.69
2023-02-21,6179,29.84
2023-02-22,6179,29.35
2023-02-23,6179,29.01
2023-02-24,6179,29.21
2023-02-01,6180,66.58
2023-02-02,6180,66.66
2023-02-03,6180,66.66
2023-02-06,6180,66.5
2023-02-07,6180,67.96
2023-02-08,6180,73.34
2023-02-09,6180,73.09
2023-02-10,6180,72.85
2023-02-13,6180,74.88
2023-02-14,6180,67.39
2023-02-15,6180,67.72
2023-02-16,6180,66.91
2023-02-17,6180,67.15
2023-02-20,6180,65.6
2023-02-21,6180,67.15
2023-02-22,6180,65.12
2023-02-23,6180,65.2
2023-02-24,6180,65.77
2023-02-01,6182,42.07
2023-02-02,6182,42.62
2023-02-03,6182,42.12
2023-02-06,6182,41.33
2023-02-07,6182,42.72
2023-02-08,6182,42.67
2023-02-09,6182,43.13
2023-02-10,6182,42.25
2023-02-13,6182,41.75
2023-02-14,6182,41.65
2023-02-15,6182,41.65
2023-02-16,6182,42.95
2023-02-17,6182,42.76
2023-02-20,6182,42.86
2023-02-21,6182,42.39
2023-02-22,6182,41.75
2023-02-23,6182,41.93
2023-02-24,6182,41.51
2023-02-01,6183,57.7
2023-02-02,6183,58.16
2023-02-03,6183,58.54
2023-02-06,6183,58.44
2023-02-07,6183,58.44
2023-02-08,6183,58.72
2023-02-09,6183,58.35
2023-02-10,6183,57.89
2023-02-13,6183,57.24
2023-02-14,6183,57.51
2023-02-15,6183,57.24
2023-02-16,6183,57.61
2023-02-17,6183,58.35
2023-02-20,6183,58.63
2023-02-21,6183,58.54
2023-02-22,6183,58.44
2023-02-23,6183,58.54
2023-02-24,6183,58.91
2023-02-01,6184,40.85
2023-02-02,6184,40.89
2023-02-03,6184,41.06
2023-02-06,6184,40.93
2023-02-07,6184,40.93
2023-02-08,6184,41.06
2023-02-09,6184,41.06
2023-02-10,6184,41.14
2023-02-13,6184,41.31
2023-02-14,6184,41.31
2023-02-15,6184,41.23
2023-02-16,6184,41.14
2023-02-17,6184,41.14
2023-02-20,6184,41.14
2023-02-21,6184,41.14
2023-02-22,6184,41.1
2023-02-23,6184,41.23
2023-02-24,6184,41.48
2023-02-01,6185,11.9
2023-02-02,6185,11.95
2023-02-03,6185,11.95
2023-02-06,6185,11.9
2023-02-07,6185,11.9
2023-02-08,6185,11.95
2023-02-09,6185,12.46
2023-02-10,6185,12.32
2023-02-13,6185,12.27
2023-02-14,6185,12.32
2023-02-15,6185,12.42
2023-02-16,6185,12.37
2023-02-17,6185,12.6
2023-02-20,6185,12.65
2023-02-21,6185,12.65
2023-02-22,6185,12.65
2023-02-23,6185,12.7
2023-02-24,6185,12.79
2023-02-01,6186,28.29
2023-02-02,6186,28.17
2023-02-03,6186,27.92
2023-02-06,6186,28.54
2023-02-07,6186,28.54
2023-02-08,6186,28.62
2023-02-09,6186,28.78
2023-02-10,6186,28.62
2023-02-13,6186,28.9
2023-02-14,6186,29.48
2023-02-15,6186,29.6
2023-02-16,6186,29.85
2023-02-17,6186,30.25
2023-02-20,6186,30.21
2023-02-21,6186,29.85
2023-02-22,6186,30.21
2023-02-23,6186,31.11
2023-02-24,6186,30.91
2023-02-01,6187,64.47
2023-02-02,6187,65.53
2023-02-03,6187,64.95
2023-02-06,6187,64.37
2023-02-07,6187,65.24
2023-02-08,6187,65.82
2023-02-09,6187,64.57
2023-02-10,6187,63.51
2023-02-13,6187,63.41
2023-02-14,6187,64.57
2023-02-15,6187,63.8
2023-02-16,6187,68.22
2023-02-17,6187,69.67
2023-02-20,6187,69.28
2023-02-21,6187,68.9
2023-02-22,6187,67.65
2023-02-23,6187,68.51
2023-02-24,6187,69.28
2023-02-01,6188,40.56
2023-02-02,6188,40.56
2023-02-03,6188,40.74
2023-02-06,6188,41.83
2023-02-07,6188,41.83
2023-02-08,6188,42.32
2023-02-09,6188,42.87
2023-02-10,6188,42.6
2023-02-13,6188,43.37
2023-02-14,6188,43.37
2023-02-15,6188,42.46
2023-02-16,6188,43.09
2023-02-17,6188,43.28
2023-02-20,6188,43.55
2023-02-21,6188,44.05
2023-02-22,6188,44.86
2023-02-23,6188,45.31
2023-02-24,6188,44.27
2023-02-01,6189,34.57
2023-02-02,6189,34.79
2023-02-03,6189,34.79
2023-02-06,6189,34.93
2023-02-07,6189,35.02
2023-02-08,6189,35.02
2023-02-09,6189,35.02
2023-02-10,6189,34.79
2023-02-13,6189,34.61
2023-02-14,6189,34.66
2023-02-15,6189,34.57
2023-02-16,6189,34.7
2023-02-17,6189,34.75
2023-02-20,6189,34.7
2023-02-21,6189,34.79
2023-02-22,6189,34.79
2023-02-23,6189,35.02
2023-02-24,6189,35.11
2023-02-01,6190,26.34
2023-02-02,6190,27.73
2023-02-03,6190,27.82
2023-02-06,6190,27.34
2023-02-07,6190,27.12
2023-02-08,6190,27.17
2023-02-09,6190,27.52
2023-02-10,6190,27.08
2023-02-13,6190,26.64
2023-02-14,6190,26.73
2023-02-15,6190,26.73
2023-02-16,6190,27.08
2023-02-17,6190,27.08
2023-02-20,6190,27.38
2023-02-21,6190,27.38
2023-02-22,6190,27.04
2023-02-23,6190,27.21
2023-02-24,6190,26.99
2023-02-01,6191,25.4
2023-02-02,6191,25.79
2023-02-03,6191,25.71
2023-02-06,6191,25.66
2023-02-07,6191,25.71
2023-02-08,6191,25.75
2023-02-09,6191,25.53
2023-02-10,6191,25.06
2023-02-13,6191,25.06
2023-02-14,6191,25.32
2023-02-15,6191,25.88
2023-02-16,6191,25.92
2023-02-17,6191,26.01
2023-02-20,6191,26.01
2023-02-21,6191,25.84
2023-02-22,6191,25.71
2023-02-23,6191,26.23
2023-02-24,6191,26.05
2023-02-01,6192,60.91
2023-02-02,6192,61.42
2023-02-03,6192,61.84
2023-02-06,6192,62.87
2023-02-07,6192,62.95
2023-02-08,6192,62.78
2023-02-09,6192,62.44
2023-02-10,6192,62.1
2023-02-13,6192,61.5
2023-02-14,6192,62.19
2023-02-15,6192,62.27
2023-02-16,6192,62.7
2023-02-17,6192,62.7
2023-02-20,6192,63.38
2023-02-21,6192,63.47
2023-02-22,6192,62.95
2023-02-23,6192,63.55
2023-02-24,6192,64.15
2023-02-01,6194,20.37
2023-02-02,6194,20.23
2023-02-03,6194,20.32
2023-02-06,6194,20.28
2023-02-07,6194,20.23
2023-02-08,6194,20.19
2023-02-09,6194,20.06
2023-02-10,6194,20.19
2023-02-13,6194,20.1
2023-02-14,6194,20.1
2023-02-15,6194,20.1
2023-02-16,6194,20.06
2023-02-17,6194,19.88
2023-02-20,6194,20.15
2023-02-21,6194,21.17
2023-02-22,6194,21.12
2023-02-23,6194,21.03
2023-02-24,6194,21.03
2023-02-01,6195,35.73
2023-02-02,6195,36.1
2023-02-03,6195,36.31
2023-02-06,6195,37.07
2023-02-07,6195,37.07
2023-02-08,6195,36.99
2023-02-09,6195,36.94
2023-02-10,6195,36.52
2023-02-13,6195,36.9
2023-02-14,6195,36.99
2023-02-15,6195,36.82
2023-02-16,6195,36.82
2023-02-17,6195,36.86
2023-02-20,6195,36.99
2023-02-21,6195,36.99
2023-02-22,6195,36.82
2023-02-23,6195,37.07
2023-02-24,6195,37.36
2023-02-01,6196,116.57
2023-02-02,6196,117.01
2023-02-03,6196,116.57
2023-02-06,6196,113.88
2023-02-07,6196,117.01
2023-02-08,6196,116.12
2023-02-09,6196,115.67
2023-02-10,6196,113.43
2023-02-13,6196,114.32
2023-02-14,6196,113.88
2023-02-15,6196,112.98
2023-02-16,6196,115.22
2023-02-17,6196,114.77
2023-02-20,6196,113.88
2023-02-21,6196,113.88
2023-02-22,6196,111.19
2023-02-23,6196,112.53
2023-02-24,6196,113.43
2023-02-01,6197,38.68
2023-02-02,6197,38.6
2023-02-03,6197,38.28
2023-02-06,6197,38.91
2023-02-07,6197,38.6
2023-02-08,6197,38.37
2023-02-09,6197,38.91
2023-02-10,6197,38.55
2023-02-13,6197,38.64
2023-02-14,6197,39.26
2023-02-15,6197,39.0
2023-02-16,6197,38.91
2023-02-17,6197,39.53
2023-02-20,6197,40.16
2023-02-21,6197,40.38
2023-02-22,6197,40.16
2023-02-23,6197,40.2
2023-02-24,6197,39.71
2023-02-01,6198,17.46
2023-02-02,6198,17.37
2023-02-07,6198,17.23
2023-02-08,6198,17.28
2023-02-09,6198,17.19
2023-02-10,6198,17.19
2023-02-13,6198,17.23
2023-02-14,6198,17.73
2023-02-15,6198,17.87
2023-02-16,6198,17.83
2023-02-17,6198,17.83
2023-02-21,6198,18.01
2023-02-22,6198,17.92
2023-02-23,6198,17.83
2023-02-01,6199,18.6
2023-02-02,6199,18.8
2023-02-03,6199,18.65
2023-02-06,6199,18.25
2023-02-07,6199,19.1
2023-02-08,6199,18.75
2023-02-09,6199,18.75
2023-02-10,6199,18.55
2023-02-14,6199,18.8
2023-02-15,6199,18.7
2023-02-16,6199,18.45
2023-02-17,6199,18.6
2023-02-20,6199,18.8
2023-02-21,6199,18.65
2023-02-22,6199,18.7
2023-02-23,6199,18.6
2023-02-24,6199,18.3
2023-02-01,6201,37.49
2023-02-02,6201,37.35
2023-02-03,6201,37.39
2023-02-06,6201,37.49
2023-02-07,6201,37.53
2023-02-08,6201,37.53
2023-02-09,6201,37.53
2023-02-10,6201,37.58
2023-02-13,6201,37.53
2023-02-14,6201,37.68
2023-02-15,6201,37.77
2023-02-16,6201,37.82
2023-02-17,6201,37.91
2023-02-20,6201,38.1
2023-02-21,6201,38.1
2023-02-22,6201,38.1
2023-02-23,6201,39.37
2023-02-24,6201,39.93
2023-02-01,6202,70.57
2023-02-02,6202,71.96
2023-02-03,6202,71.4
2023-02-06,6202,69.45
2023-02-07,6202,72.06
2023-02-08,6202,72.15
2023-02-09,6202,71.4
2023-02-10,6202,70.57
2023-02-13,6202,69.63
2023-02-14,6202,70.29
2023-02-15,6202,70.66
2023-02-16,6202,71.4
2023-02-17,6202,69.54
2023-02-20,6202,69.45
2023-02-21,6202,70.19
2023-02-22,6202,69.54
2023-02-23,6202,70.38
2023-02-24,6202,68.98
2023-02-01,6203,47.15
2023-02-02,6203,47.51
2023-02-03,6203,47.15
2023-02-06,6203,46.71
2023-02-07,6203,46.62
2023-02-08,6203,46.8
2023-02-09,6203,47.51
2023-02-10,6203,47.95
2023-02-13,6203,49.11
2023-02-14,6203,49.73
2023-02-15,6203,49.82
2023-02-16,6203,49.47
2023-02-17,6203,49.29
2023-02-20,6203,49.73
2023-02-21,6203,49.82
2023-02-22,6203,49.82
2023-02-23,6203,50.53
2023-02-24,6203,50.53
2023-02-01,6204,41.41
2023-02-02,6204,40.96
2023-02-03,6204,40.15
2023-02-06,6204,39.49
2023-02-07,6204,39.71
2023-02-08,6204,40.08
2023-02-09,6204,40.01
2023-02-10,6204,39.34
2023-02-13,6204,39.86
2023-02-14,6204,40.23
2023-02-15,6204,40.23
2023-02-16,6204,40.3
2023-02-17,6204,40.45
2023-02-20,6204,40.67
2023-02-21,6204,40.89
2023-02-22,6204,40.82
2023-02-23,6204,41.19
2023-02-24,6204,41.04
2023-02-01,6205,73.9
2023-02-02,6205,77.15
2023-02-03,6205,77.88
2023-02-06,6205,77.7
2023-02-07,6205,77.06
2023-02-08,6205,77.52
2023-02-09,6205,76.88
2023-02-10,6205,76.43
2023-02-13,6205,74.53
2023-02-14,6205,74.17
2023-02-15,6205,75.08
2023-02-16,6205,75.8
2023-02-17,6205,77.24
2023-02-20,6205,84.56
2023-02-21,6205,89.08
2023-02-22,6205,86.73
2023-02-23,6205,86.28
2023-02-24,6205,82.21
2023-02-01,6206,61.28
2023-02-02,6206,61.28
2023-02-03,6206,61.19
2023-02-06,6206,61.01
2023-02-07,6206,61.19
2023-02-08,6206,61.54
2023-02-09,6206,61.63
2023-02-10,6206,60.57
2023-02-13,6206,60.75
2023-02-14,6206,60.93
2023-02-15,6206,61.63
2023-02-16,6206,62.16
2023-02-17,6206,62.34
2023-02-20,6206,63.84
2023-02-21,6206,63.75
2023-02-22,6206,63.75
2023-02-23,6206,63.84
2023-02-24,6206,64.1
2023-02-01,6207,24.75
2023-02-02,6207,25.22
2023-02-03,6207,24.94
2023-02-06,6207,24.66
2023-02-07,6207,24.61
2023-02-08,6207,24.8
2023-02-09,6207,24.56
2023-02-10,6207,24.28
2023-02-13,6207,24.1
2023-02-14,6207,24.33
2023-02-15,6207,24.38
2023-02-16,6207,24.56
2023-02-17,6207,24.89
2023-02-20,6207,25.03
2023-02-21,6207,25.03
2023-02-22,6207,24.84
2023-02-23,6207,25.08
2023-02-24,6207,25.03
2023-02-01,6208,56.84
2023-02-02,6208,56.73
2023-02-03,6208,57.06
2023-02-06,6208,57.28
2023-02-07,6208,57.28
2023-02-08,6208,57.17
2023-02-09,6208,59.28
2023-02-10,6208,59.17
2023-02-13,6208,59.39
2023-02-14,6208,59.39
2023-02-15,6208,59.17
2023-02-16,6208,59.17
2023-02-17,6208,58.95
2023-02-20,6208,58.95
2023-02-21,6208,59.5
2023-02-22,6208,59.5
2023-02-23,6208,59.61
2023-02-24,6208,59.5
2023-02-01,6209,24.61
2023-02-02,6209,25.09
2023-02-03,6209,24.8
2023-02-06,6209,24.75
2023-02-07,6209,24.85
2023-02-08,6209,24.99
2023-02-09,6209,24.8
2023-02-10,6209,24.22
2023-02-13,6209,24.37
2023-02-14,6209,24.7
2023-02-15,6209,24.66
2023-02-16,6209,24.89
2023-02-17,6209,24.8
2023-02-20,6209,24.89
2023-02-21,6209,25.66
2023-02-22,6209,25.04
2023-02-23,6209,24.89
2023-02-24,6209,24.8
2023-02-01,6210,32.82
2023-02-02,6210,32.78
2023-02-03,6210,32.73
2023-02-06,6210,32.78
2023-02-07,6210,32.63
2023-02-08,6210,32.68
2023-02-09,6210,32.68
2023-02-10,6210,32.59
2023-02-13,6210,32.63
2023-02-14,6210,32.63
2023-02-15,6210,32.63
2023-02-16,6210,32.73
2023-02-17,6210,33.01
2023-02-20,6210,33.29
2023-02-22,6210,33.34
2023-02-23,6210,33.01
2023-02-24,6210,33.15
2023-02-08,6212,43.56
2023-02-21,6212,43.34
2023-02-22,6212,43.3
2023-02-23,6212,43.34
2023-02-24,6212,43.34
2023-02-01,6213,76.58
2023-02-02,6213,76.49
2023-02-03,6213,75.75
2023-02-06,6213,73.44
2023-02-07,6213,73.62
2023-02-08,6213,73.72
2023-02-09,6213,72.24
2023-02-10,6213,70.2
2023-02-13,6213,69.83
2023-02-14,6213,71.22
2023-02-15,6213,71.03
2023-02-16,6213,72.61
2023-02-17,6213,72.05
2023-02-20,6213,72.51
2023-02-21,6213,71.59
2023-02-22,6213,70.02
2023-02-23,6213,70.85
2023-02-24,6213,69.65
2023-02-01,6214,64.95
2023-02-02,6214,65.83
2023-02-03,6214,66.0
2023-02-06,6214,65.56
2023-02-07,6214,65.56
2023-02-08,6214,65.91
2023-02-09,6214,65.91
2023-02-10,6214,65.3
2023-02-13,6214,65.65
2023-02-14,6214,65.91
2023-02-15,6214,65.91
2023-02-16,6214,66.0
2023-02-17,6214,66.0
2023-02-20,6214,66.35
2023-02-21,6214,66.44
2023-02-22,6214,66.09
2023-02-23,6214,66.09
2023-02-24,6214,65.91
2023-02-01,6215,22.11
2023-02-02,6215,21.93
2023-02-03,6215,22.16
2023-02-06,6215,21.93
2023-02-07,6215,22.07
2023-02-08,6215,24.26
2023-02-09,6215,24.67
2023-02-10,6215,23.39
2023-02-13,6215,23.12
2023-02-14,6215,24.03
2023-02-15,6215,24.48
2023-02-16,6215,24.26
2023-02-17,6215,24.03
2023-02-20,6215,24.21
2023-02-21,6215,24.3
2023-02-22,6215,24.76
2023-02-23,6215,24.67
2023-02-24,6215,24.53
2023-02-01,6216,23.75
2023-02-02,6216,23.84
2023-02-03,6216,23.8
2023-02-06,6216,23.84
2023-02-07,6216,23.93
2023-02-08,6216,23.93
2023-02-09,6216,23.8
2023-02-10,6216,23.66
2023-02-13,6216,23.75
2023-02-14,6216,23.84
2023-02-15,6216,23.75
2023-02-16,6216,23.75
2023-02-17,6216,23.66
2023-02-20,6216,23.84
2023-02-21,6216,23.93
2023-02-22,6216,23.98
2023-02-23,6216,24.16
2023-02-24,6216,24.16
2023-02-01,6217,41.54
2023-02-02,6217,42.1
2023-02-03,6217,41.22
2023-02-06,6217,41.31
2023-02-07,6217,43.53
2023-02-08,6217,43.81
2023-02-09,6217,42.84
2023-02-10,6217,42.56
2023-02-13,6217,42.38
2023-02-14,6217,42.61
2023-02-15,6217,43.35
2023-02-16,6217,43.85
2023-02-17,6217,43.67
2023-02-20,6217,43.76
2023-02-21,6217,43.48
2023-02-22,6217,43.11
2023-02-23,6217,43.85
2023-02-24,6217,43.16
2023-02-01,6218,17.78
2023-02-02,6218,17.78
2023-02-03,6218,17.88
2023-02-06,6218,18.27
2023-02-07,6218,18.07
2023-02-08,6218,18.12
2023-02-09,6218,18.32
2023-02-10,6218,18.42
2023-02-13,6218,18.37
2023-02-14,6218,18.42
2023-02-15,6218,18.42
2023-02-16,6218,18.37
2023-02-17,6218,18.47
2023-02-20,6218,18.57
2023-02-21,6218,18.62
2023-02-22,6218,18.62
2023-02-23,6218,18.62
2023-02-24,6218,18.57
2023-02-01,6219,16.53
2023-02-02,6219,16.6
2023-02-03,6219,16.6
2023-02-06,6219,16.6
2023-02-07,6219,16.67
2023-02-08,6219,16.75
2023-02-09,6219,16.82
2023-02-10,6219,16.75
2023-02-13,6219,16.75
2023-02-14,6219,16.82
2023-02-15,6219,16.9
2023-02-16,6219,16.9
2023-02-17,6219,16.82
2023-02-20,6219,16.75
2023-02-21,6219,16.75
2023-02-22,6219,16.67
2023-02-23,6219,16.6
2023-02-24,6219,16.45
2023-02-01,6220,23.24
2023-02-02,6220,23.84
2023-02-03,6220,23.5
2023-02-06,6220,23.58
2023-02-07,6220,23.67
2023-02-08,6220,23.58
2023-02-09,6220,23.19
2023-02-10,6220,23.02
2023-02-13,6220,22.85
2023-02-14,6220,23.28
2023-02-15,6220,23.06
2023-02-16,6220,23.15
2023-02-17,6220,23.11
2023-02-20,6220,23.58
2023-02-21,6220,23.71
2023-02-22,6220,23.45
2023-02-23,6220,24.1
2023-02-24,6220,23.89
2023-02-01,6221,35.88
2023-02-02,6221,35.75
2023-02-03,6221,35.88
2023-02-06,6221,36.01
2023-02-07,6221,35.88
2023-02-09,6221,36.01
2023-02-10,6221,36.21
2023-02-13,6221,36.54
2023-02-14,6221,37.66
2023-02-15,6221,37.59
2023-02-16,6221,37.33
2023-02-17,6221,36.93
2023-02-20,6221,37.0
2023-02-21,6221,37.0
2023-02-22,6221,36.54
2023-02-23,6221,37.46
2023-02-24,6221,38.58
2023-02-06,6222,14.75
2023-02-07,6222,14.3
2023-02-08,6222,14.3
2023-02-09,6222,14.3
2023-02-10,6222,14.1
2023-02-13,6222,14.2
2023-02-14,6222,14.55
2023-02-16,6222,14.3
2023-02-20,6222,14.05
2023-02-21,6222,13.9
2023-02-22,6222,14.3
2023-02-23,6222,14.3
2023-02-24,6222,14.3
2023-02-01,6223,116.25
2023-02-02,6223,116.25
2023-02-03,6223,116.25
2023-02-06,6223,110.65
2023-02-07,6223,114.85
2023-02-08,6223,117.65
2023-02-09,6223,116.25
2023-02-10,6223,112.52
2023-02-13,6223,112.52
2023-02-14,6223,112.98
2023-02-15,6223,111.58
2023-02-16,6223,114.38
2023-02-17,6223,113.45
2023-02-20,6223,115.32
2023-02-21,6223,116.72
2023-02-22,6223,112.52
2023-02-23,6223,117.19
2023-02-24,6223,115.32
2023-02-01,6224,57.03
2023-02-02,6224,58.31
2023-02-03,6224,57.94
2023-02-06,6224,57.85
2023-02-07,6224,57.76
2023-02-08,6224,57.85
2023-02-09,6224,57.76
2023-02-10,6224,57.94
2023-02-13,6224,56.58
2023-02-14,6224,56.58
2023-02-15,6224,57.13
2023-02-16,6224,59.94
2023-02-17,6224,62.3
2023-02-20,6224,61.76
2023-02-21,6224,61.21
2023-02-22,6224,59.94
2023-02-23,6224,60.58
2023-02-24,6224,59.67
2023-02-01,6225,12.85
2023-02-02,6225,13.3
2023-02-03,6225,12.95
2023-02-06,6225,13.2
2023-02-07,6225,13.0
2023-02-08,6225,13.0
2023-02-09,6225,12.8
2023-02-10,6225,12.7
2023-02-13,6225,12.75
2023-02-14,6225,12.95
2023-02-15,6225,12.7
2023-02-16,6225,12.75
2023-02-20,6225,12.75
2023-02-21,6225,12.6
2023-02-22,6225,12.4
2023-02-23,6225,12.25
2023-02-24,6225,12.3
2023-02-01,6226,10.55
2023-02-02,6226,10.9
2023-02-03,6226,11.35
2023-02-06,6226,11.55
2023-02-07,6226,11.55
2023-02-08,6226,11.45
2023-02-09,6226,11.35
2023-02-10,6226,11.05
2023-02-13,6226,11.35
2023-02-14,6226,11.3
2023-02-15,6226,11.3
2023-02-16,6226,11.3
2023-02-17,6226,11.5
2023-02-20,6226,11.6
2023-02-21,6226,11.8
2023-02-22,6226,11.65
2023-02-23,6226,11.75
2023-02-24,6226,11.55
2023-02-01,6227,39.1
2023-02-02,6227,39.1
2023-02-03,6227,38.92
2023-02-06,6227,38.31
2023-02-07,6227,38.35
2023-02-08,6227,38.79
2023-02-09,6227,39.58
2023-02-10,6227,38.84
2023-02-13,6227,37.96
2023-02-14,6227,38.27
2023-02-15,6227,38.31
2023-02-16,6227,38.66
2023-02-17,6227,38.7
2023-02-20,6227,39.14
2023-02-21,6227,39.93
2023-02-22,6227,40.68
2023-02-23,6227,40.28
2023-02-24,6227,40.5
2023-02-01,6228,26.05
2023-02-02,6228,25.55
2023-02-03,6228,25.75
2023-02-06,6228,25.75
2023-02-07,6228,25.26
2023-02-08,6228,25.55
2023-02-09,6228,25.06
2023-02-10,6228,25.06
2023-02-13,6228,24.36
2023-02-14,6228,25.06
2023-02-15,6228,25.35
2023-02-16,6228,25.26
2023-02-17,6228,24.96
2023-02-20,6228,24.96
2023-02-21,6228,25.06
2023-02-22,6228,25.16
2023-02-23,6228,25.35
2023-02-24,6228,27.84
2023-02-01,6229,23.21
2023-02-02,6229,23.93
2023-02-03,6229,23.71
2023-02-06,6229,23.3
2023-02-07,6229,23.21
2023-02-08,6229,23.3
2023-02-09,6229,23.12
2023-02-10,6229,22.94
2023-02-13,6229,22.54
2023-02-14,6229,22.85
2023-02-15,6229,22.94
2023-02-16,6229,23.03
2023-02-17,6229,23.35
2023-02-20,6229,23.48
2023-02-21,6229,23.57
2023-02-22,6229,23.26
2023-02-23,6229,23.39
2023-02-24,6229,23.17
2023-02-01,6230,116.13
2023-02-02,6230,117.12
2023-02-03,6230,117.62
2023-02-06,6230,117.62
2023-02-07,6230,114.65
2023-02-08,6230,125.52
2023-02-09,6230,123.05
2023-02-10,6230,118.6
2023-02-13,6230,122.06
2023-02-14,6230,122.56
2023-02-15,6230,121.08
2023-02-16,6230,122.56
2023-02-17,6230,122.56
2023-02-20,6230,123.55
2023-02-21,6230,120.58
2023-02-22,6230,118.11
2023-02-23,6230,119.1
2023-02-24,6230,116.63
2023-02-01,6231,73.42
2023-02-02,6231,73.66
2023-02-03,6231,72.4
2023-02-06,6231,76.96
2023-02-07,6231,80.88
2023-02-08,6231,84.81
2023-02-09,6231,82.45
2023-02-10,6231,82.45
2023-02-13,6231,77.74
2023-02-14,6231,76.96
2023-02-15,6231,75.7
2023-02-16,6231,80.1
2023-02-17,6231,77.9
2023-02-20,6231,81.27
2023-02-21,6231,82.06
2023-02-22,6231,81.27
2023-02-23,6231,81.67
2023-02-24,6231,81.67
2023-02-01,6233,21.8
2023-02-02,6233,22.28
2023-02-03,6233,22.33
2023-02-06,6233,22.14
2023-02-07,6233,22.23
2023-02-08,6233,22.18
2023-02-09,6233,21.8
2023-02-10,6233,21.13
2023-02-13,6233,21.32
2023-02-14,6233,21.56
2023-02-15,6233,21.42
2023-02-16,6233,21.75
2023-02-17,6233,21.8
2023-02-20,6233,22.14
2023-02-21,6233,22.04
2023-02-22,6233,22.23
2023-02-23,6233,21.94
2023-02-24,6233,21.56
2023-02-01,6234,21.11
2023-02-02,6234,21.06
2023-02-03,6234,20.73
2023-02-06,6234,21.06
2023-02-07,6234,21.68
2023-02-08,6234,21.49
2023-02-09,6234,21.73
2023-02-10,6234,21.49
2023-02-13,6234,20.82
2023-02-14,6234,20.68
2023-02-15,6234,20.73
2023-02-16,6234,20.92
2023-02-17,6234,20.97
2023-02-20,6234,21.87
2023-02-21,6234,21.68
2023-02-22,6234,23.01
2023-02-23,6234,22.35
2023-02-24,6234,22.3
2023-02-01,6235,35.9
2023-02-02,6235,36.46
2023-02-03,6235,35.9
2023-02-06,6235,38.24
2023-02-07,6235,39.98
2023-02-08,6235,43.96
2023-02-09,6235,46.63
2023-02-10,6235,45.37
2023-02-13,6235,45.37
2023-02-14,6235,44.34
2023-02-15,6235,44.76
2023-02-16,6235,45.13
2023-02-17,6235,46.96
2023-02-20,6235,46.21
2023-02-21,6235,47.8
2023-02-22,6235,50.62
2023-02-23,6235,51.37
2023-02-24,6235,50.62
2023-02-02,6236,18.0
2023-02-07,6236,18.9
2023-02-14,6236,19.95
2023-02-16,6236,21.3
2023-02-17,6236,21.5
2023-02-20,6236,22.5
2023-02-22,6236,22.5
2023-02-23,6236,23.0
2023-02-24,6236,24.9
2023-02-01,6237,47.92
2023-02-02,6237,50.63
2023-02-03,6237,48.61
2023-02-06,6237,49.1
2023-02-07,6237,48.42
2023-02-08,6237,48.96
2023-02-09,6237,48.22
2023-02-10,6237,46.99
2023-02-13,6237,47.04
2023-02-14,6237,47.58
2023-02-15,6237,47.09
2023-02-16,6237,49.0
2023-02-17,6237,49.45
2023-02-20,6237,49.55
2023-02-21,6237,49.45
2023-02-22,6237,47.97
2023-02-23,6237,49.25
2023-02-24,6237,48.37
2023-02-01,6239,77.82
2023-02-02,6239,78.54
2023-02-03,6239,79.61
2023-02-06,6239,78.36
2023-02-07,6239,78.36
2023-02-08,6239,79.08
2023-02-09,6239,78.9
2023-02-10,6239,78.36
2023-02-13,6239,78.18
2023-02-14,6239,78.0
2023-02-15,6239,78.09
2023-02-16,6239,78.09
2023-02-17,6239,76.83
2023-02-20,6239,78.36
2023-02-21,6239,78.18
2023-02-22,6239,78.45
2023-02-23,6239,78.54
2023-02-24,6239,78.99
2023-02-01,6240,18.55
2023-02-02,6240,18.8
2023-02-03,6240,18.55
2023-02-06,6240,19.05
2023-02-07,6240,19.05
2023-02-08,6240,18.95
2023-02-09,6240,18.95
2023-02-10,6240,18.7
2023-02-13,6240,18.65
2023-02-14,6240,18.7
2023-02-15,6240,18.5
2023-02-16,6240,18.55
2023-02-17,6240,18.25
2023-02-20,6240,18.5
2023-02-21,6240,18.55
2023-02-22,6240,18.55
2023-02-23,6240,18.6
2023-02-24,6240,18.55
2023-02-01,6241,15.2
2023-02-02,6241,15.35
2023-02-03,6241,15.45
2023-02-06,6241,15.3
2023-02-07,6241,15.2
2023-02-08,6241,15.55
2023-02-09,6241,15.25
2023-02-10,6241,15.2
2023-02-13,6241,15.0
2023-02-14,6241,15.05
2023-02-15,6241,15.1
2023-02-16,6241,15.0
2023-02-17,6241,15.0
2023-02-20,6241,15.0
2023-02-21,6241,15.0
2023-02-22,6241,15.5
2023-02-23,6241,15.55
2023-02-24,6241,15.5
2023-02-01,6242,39.44
2023-02-02,6242,39.22
2023-02-03,6242,39.37
2023-02-06,6242,39.81
2023-02-07,6242,43.73
2023-02-08,6242,43.51
2023-02-09,6242,43.21
2023-02-10,6242,43.14
2023-02-13,6242,44.1
2023-02-14,6242,43.28
2023-02-15,6242,42.47
2023-02-16,6242,41.81
2023-02-17,6242,41.66
2023-02-20,6242,42.1
2023-02-21,6242,42.03
2023-02-22,6242,42.4
2023-02-23,6242,42.25
2023-02-24,6242,42.25
2023-02-01,6243,27.73
2023-02-02,6243,28.2
2023-02-03,6243,27.69
2023-02-06,6243,27.55
2023-02-07,6243,27.78
2023-02-08,6243,28.71
2023-02-09,6243,28.34
2023-02-10,6243,27.69
2023-02-13,6243,28.24
2023-02-14,6243,28.2
2023-02-15,6243,27.92
2023-02-16,6243,28.47
2023-02-17,6243,28.75
2023-02-20,6243,29.03
2023-02-21,6243,29.17
2023-02-22,6243,29.4
2023-02-23,6243,29.31
2023-02-24,6243,28.47
2023-02-01,6244,28.51
2023-02-02,6244,28.76
2023-02-03,6244,29.25
2023-02-06,6244,28.81
2023-02-07,6244,28.81
2023-02-08,6244,28.32
2023-02-09,6244,28.07
2023-02-10,6244,27.83
2023-02-13,6244,27.93
2023-02-14,6244,27.88
2023-02-15,6244,27.78
2023-02-16,6244,28.22
2023-02-17,6244,28.47
2023-02-20,6244,28.27
2023-02-21,6244,28.22
2023-02-22,6244,27.73
2023-02-23,6244,27.93
2023-02-24,6244,27.68
2023-02-01,6245,80.86
2023-02-02,6245,81.82
2023-02-03,6245,87.82
2023-02-06,6245,82.78
2023-02-07,6245,86.51
2023-02-08,6245,87.82
2023-02-09,6245,91.3
2023-02-10,6245,89.12
2023-02-13,6245,92.17
2023-02-14,6245,89.56
2023-02-15,6245,90.86
2023-02-16,6245,91.73
2023-02-17,6245,99.56
2023-02-20,6245,101.3
2023-02-21,6245,101.3
2023-02-22,6245,96.95
2023-02-23,6245,99.56
2023-02-24,6245,95.21
2023-02-01,6246,13.53
2023-02-02,6246,13.67
2023-02-03,6246,13.72
2023-02-07,6246,13.82
2023-02-08,6246,13.82
2023-02-09,6246,13.82
2023-02-10,6246,13.87
2023-02-13,6246,13.96
2023-02-14,6246,13.92
2023-02-15,6246,14.01
2023-02-16,6246,14.01
2023-02-17,6246,13.77
2023-02-20,6246,13.67
2023-02-21,6246,13.62
2023-02-22,6246,13.77
2023-02-23,6246,13.77
2023-02-24,6246,13.87
2023-02-01,6247,15.45
2023-02-01,6248,19.36
2023-02-02,6248,19.2
2023-02-03,6248,19.15
2023-02-06,6248,18.99
2023-02-07,6248,19.03
2023-02-08,6248,19.03
2023-02-09,6248,18.94
2023-02-10,6248,18.9
2023-02-13,6248,18.69
2023-02-14,6248,18.73
2023-02-15,6248,18.78
2023-02-16,6248,18.86
2023-02-17,6248,18.94
2023-02-20,6248,18.94
2023-02-21,6248,19.03
2023-02-22,6248,19.15
2023-02-23,6248,19.53
2023-02-24,6248,19.87
2023-02-01,6257,43.7
2023-02-02,6257,44.38
2023-02-03,6257,44.47
2023-02-06,6257,44.04
2023-02-07,6257,44.21
2023-02-08,6257,44.3
2023-02-09,6257,44.3
2023-02-10,6257,44.3
2023-02-13,6257,44.13
2023-02-14,6257,44.04
2023-02-15,6257,43.53
2023-02-16,6257,43.87
2023-02-17,6257,43.87
2023-02-20,6257,44.3
2023-02-21,6257,44.81
2023-02-22,6257,44.81
2023-02-23,6257,45.23
2023-02-24,6257,45.4
2023-02-01,6259,19.42
2023-02-02,6259,19.47
2023-02-03,6259,19.92
2023-02-06,6259,19.76
2023-02-07,6259,19.38
2023-02-08,6259,19.42
2023-02-09,6259,19.38
2023-02-10,6259,19.51
2023-02-13,6259,19.51
2023-02-14,6259,19.88
2023-02-15,6259,19.97
2023-02-16,6259,19.97
2023-02-17,6259,19.97
2023-02-20,6259,19.97
2023-02-21,6259,20.01
2023-02-23,6259,20.05
2023-02-24,6259,20.05
2023-02-01,6261,53.39
2023-02-02,6261,53.91
2023-02-03,6261,53.74
2023-02-06,6261,53.56
2023-02-07,6261,53.74
2023-02-08,6261,54.17
2023-02-09,6261,54.35
2023-02-10,6261,53.91
2023-02-13,6261,54.0
2023-02-14,6261,53.91
2023-02-15,6261,53.82
2023-02-16,6261,54.35
2023-02-17,6261,54.35
2023-02-20,6261,55.22
2023-02-21,6261,55.83
2023-02-22,6261,55.22
2023-02-23,6261,55.65
2023-02-24,6261,55.13
2023-02-01,6263,77.19
2023-02-02,6263,76.93
2023-02-03,6263,77.27
2023-02-06,6263,77.45
2023-02-07,6263,77.97
2023-02-08,6263,78.05
2023-02-09,6263,76.58
2023-02-10,6263,75.02
2023-02-13,6263,75.54
2023-02-14,6263,75.8
2023-02-15,6263,75.88
2023-02-16,6263,75.97
2023-02-17,6263,75.19
2023-02-20,6263,77.19
2023-02-21,6263,78.05
2023-02-22,6263,77.97
2023-02-23,6263,78.4
2023-02-24,6263,78.66
2023-02-01,6264,8.2
2023-02-02,6264,8.22
2023-02-03,6264,8.23
2023-02-06,6264,8.2
2023-02-07,6264,8.16
2023-02-08,6264,8.17
2023-02-09,6264,8.1
2023-02-10,6264,8.17
2023-02-13,6264,8.12
2023-02-14,6264,8.2
2023-02-15,6264,8.19
2023-02-16,6264,8.2
2023-02-17,6264,8.19
2023-02-20,6264,8.18
2023-02-21,6264,8.2
2023-02-22,6264,8.18
2023-02-23,6264,8.14
2023-02-24,6264,8.18
2023-02-01,6265,9.83
2023-02-02,6265,9.86
2023-02-03,6265,9.86
2023-02-06,6265,9.82
2023-02-07,6265,9.81
2023-02-08,6265,9.83
2023-02-09,6265,9.84
2023-02-10,6265,10.05
2023-02-13,6265,10.05
2023-02-14,6265,10.1
2023-02-15,6265,10.1
2023-02-16,6265,10.1
2023-02-17,6265,10.15
2023-02-20,6265,10.25
2023-02-21,6265,10.25
2023-02-22,6265,10.1
2023-02-23,6265,10.2
2023-02-24,6265,10.2
2023-02-01,6266,17.91
2023-02-02,6266,18.06
2023-02-03,6266,17.95
2023-02-06,6266,18.09
2023-02-07,6266,18.09
2023-02-08,6266,18.16
2023-02-09,6266,19.97
2023-02-10,6266,21.36
2023-02-13,6266,22.68
2023-02-14,6266,22.25
2023-02-15,6266,22.46
2023-02-16,6266,22.39
2023-02-17,6266,22.6
2023-02-20,6266,23.53
2023-02-21,6266,22.5
2023-02-22,6266,22.71
2023-02-23,6266,23.0
2023-02-24,6266,23.81
2023-02-01,6269,91.86
2023-02-02,6269,93.21
2023-02-03,6269,93.66
2023-02-06,6269,91.41
2023-02-07,6269,90.96
2023-02-08,6269,92.76
2023-02-09,6269,93.21
2023-02-10,6269,89.25
2023-02-13,6269,87.89
2023-02-14,6269,87.53
2023-02-15,6269,87.89
2023-02-16,6269,88.52
2023-02-17,6269,88.79
2023-02-20,6269,88.79
2023-02-21,6269,89.25
2023-02-22,6269,88.25
2023-02-23,6269,88.25
2023-02-24,6269,88.25
2023-02-01,6270,18.84
2023-02-02,6270,18.97
2023-02-03,6270,18.97
2023-02-06,6270,18.84
2023-02-07,6270,19.1
2023-02-08,6270,19.1
2023-02-09,6270,19.52
2023-02-10,6270,19.48
2023-02-13,6270,19.44
2023-02-14,6270,19.52
2023-02-15,6270,19.48
2023-02-16,6270,19.48
2023-02-17,6270,19.57
2023-02-20,6270,19.74
2023-02-21,6270,19.82
2023-02-22,6270,19.99
2023-02-23,6270,20.03
2023-02-24,6270,19.99
2023-02-01,6271,166.45
2023-02-02,6271,171.03
2023-02-03,6271,167.5
2023-02-06,6271,164.68
2023-02-07,6271,164.68
2023-02-08,6271,165.74
2023-02-09,6271,163.62
2023-02-10,6271,163.62
2023-02-13,6271,166.45
2023-02-14,6271,163.62
2023-02-15,6271,165.04
2023-02-16,6271,166.45
2023-02-17,6271,159.75
2023-02-20,6271,158.69
2023-02-21,6271,159.39
2023-02-22,6271,154.46
2023-02-23,6271,157.28
2023-02-24,6271,154.46
2023-02-01,6274,56.21
2023-02-02,6274,55.16
2023-02-03,6274,53.93
2023-02-06,6274,53.49
2023-02-07,6274,53.58
2023-02-08,6274,53.75
2023-02-09,6274,53.84
2023-02-10,6274,50.94
2023-02-13,6274,51.73
2023-02-14,6274,52.26
2023-02-15,6274,51.29
2023-02-16,6274,52.43
2023-02-17,6274,51.56
2023-02-20,6274,51.99
2023-02-21,6274,52.35
2023-02-22,6274,51.56
2023-02-23,6274,52.26
2023-02-24,6274,51.91
2023-02-01,6275,25.34
2023-02-02,6275,26.44
2023-02-03,6275,26.62
2023-02-06,6275,26.25
2023-02-07,6275,25.93
2023-02-08,6275,26.48
2023-02-09,6275,26.44
2023-02-10,6275,26.16
2023-02-13,6275,26.12
2023-02-14,6275,26.21
2023-02-15,6275,26.12
2023-02-16,6275,26.35
2023-02-17,6275,26.48
2023-02-20,6275,26.67
2023-02-21,6275,26.53
2023-02-22,6275,26.07
2023-02-23,6275,26.21
2023-02-24,6275,26.16
2023-02-01,6276,21.98
2023-02-02,6276,22.11
2023-02-03,6276,21.98
2023-02-06,6276,21.91
2023-02-07,6276,22.63
2023-02-08,6276,22.43
2023-02-09,6276,22.25
2023-02-10,6276,22.11
2023-02-13,6276,21.91
2023-02-14,6276,21.85
2023-02-15,6276,21.72
2023-02-16,6276,21.98
2023-02-17,6276,22.37
2023-02-20,6276,22.31
2023-02-21,6276,22.37
2023-02-22,6276,22.43
2023-02-23,6276,22.18
2023-02-24,6276,22.18
2023-02-01,6277,69.4
2023-02-02,6277,69.67
2023-02-03,6277,69.31
2023-02-06,6277,69.84
2023-02-07,6277,69.84
2023-02-08,6277,70.2
2023-02-09,6277,70.2
2023-02-10,6277,71.09
2023-02-13,6277,72.43
2023-02-14,6277,72.07
2023-02-15,6277,71.99
2023-02-16,6277,72.52
2023-02-17,6277,72.16
2023-02-20,6277,72.16
2023-02-21,6277,71.99
2023-02-22,6277,72.34
2023-02-23,6277,72.34
2023-02-24,6277,72.7
2023-02-01,6278,78.24
2023-02-02,6278,79.44
2023-02-03,6278,79.61
2023-02-06,6278,78.5
2023-02-07,6278,76.12
2023-02-08,6278,75.94
2023-02-09,6278,75.35
2023-02-10,6278,73.99
2023-02-13,6278,74.67
2023-02-14,6278,74.5
2023-02-15,6278,72.37
2023-02-16,6278,73.39
2023-02-17,6278,73.22
2023-02-20,6278,74.41
2023-02-21,6278,75.26
2023-02-22,6278,75.52
2023-02-23,6278,75.35
2023-02-24,6278,75.69
2023-02-01,6279,141.87
2023-02-02,6279,142.78
2023-02-03,6279,145.97
2023-02-06,6279,143.69
2023-02-07,6279,144.15
2023-02-08,6279,144.15
2023-02-09,6279,143.69
2023-02-10,6279,140.51
2023-02-13,6279,140.97
2023-02-14,6279,140.97
2023-02-15,6279,141.42
2023-02-16,6279,144.15
2023-02-17,6279,142.33
2023-02-20,6279,144.15
2023-02-21,6279,144.6
2023-02-22,6279,140.97
2023-02-23,6279,142.33
2023-02-24,6279,139.6
2023-02-01,6281,70.88
2023-02-02,6281,71.22
2023-02-03,6281,71.73
2023-02-06,6281,71.13
2023-02-07,6281,71.39
2023-02-08,6281,71.56
2023-02-09,6281,71.56
2023-02-10,6281,71.56
2023-02-13,6281,71.47
2023-02-14,6281,71.39
2023-02-15,6281,71.39
2023-02-16,6281,71.3
2023-02-17,6281,71.47
2023-02-20,6281,71.47
2023-02-21,6281,71.64
2023-02-22,6281,71.56
2023-02-23,6281,71.64
2023-02-24,6281,73.0
2023-02-01,6282,33.82
2023-02-02,6282,35.25
2023-02-03,6282,35.53
2023-02-06,6282,35.58
2023-02-07,6282,35.12
2023-02-08,6282,34.19
2023-02-09,6282,35.95
2023-02-10,6282,35.07
2023-02-13,6282,34.7
2023-02-14,6282,34.14
2023-02-15,6282,34.28
2023-02-16,6282,34.74
2023-02-17,6282,35.12
2023-02-20,6282,35.25
2023-02-21,6282,38.36
2023-02-22,6282,36.41
2023-02-23,6282,36.09
2023-02-24,6282,35.25
2023-02-01,6283,33.1
2023-02-02,6283,33.65
2023-02-03,6283,33.5
2023-02-06,6283,33.4
2023-02-07,6283,33.35
2023-02-08,6283,33.4
2023-02-09,6283,33.6
2023-02-10,6283,32.45
2023-02-13,6283,31.8
2023-02-14,6283,31.9
2023-02-15,6283,32.3
2023-02-16,6283,32.3
2023-02-17,6283,33.3
2023-02-20,6283,33.75
2023-02-21,6283,35.35
2023-02-22,6283,35.35
2023-02-23,6283,35.15
2023-02-24,6283,34.45
2023-02-01,6284,49.55
2023-02-02,6284,52.63
2023-02-03,6284,51.36
2023-02-06,6284,51.36
2023-02-07,6284,51.36
2023-02-08,6284,51.27
2023-02-09,6284,50.09
2023-02-10,6284,50.64
2023-02-13,6284,50.55
2023-02-14,6284,50.82
2023-02-15,6284,51.36
2023-02-16,6284,51.81
2023-02-17,6284,53.9
2023-02-20,6284,54.26
2023-02-21,6284,53.44
2023-02-22,6284,52.9
2023-02-23,6284,52.9
2023-02-24,6284,51.72
2023-02-01,6285,72.54
2023-02-02,6285,74.28
2023-02-03,6285,74.1
2023-02-06,6285,74.28
2023-02-07,6285,74.71
2023-02-08,6285,74.45
2023-02-09,6285,74.02
2023-02-10,6285,72.37
2023-02-13,6285,74.88
2023-02-14,6285,75.32
2023-02-15,6285,74.97
2023-02-16,6285,76.1
2023-02-17,6285,76.1
2023-02-20,6285,74.97
2023-02-21,6285,74.02
2023-02-22,6285,73.15
2023-02-23,6285,73.23
2023-02-24,6285,73.32
2023-02-01,6287,23.8
2023-02-02,6287,24.0
2023-02-03,6287,23.1
2023-02-06,6287,23.1
2023-02-09,6287,23.05
2023-02-10,6287,23.05
2023-02-16,6287,23.0
2023-02-17,6287,25.3
2023-02-20,6287,24.3
2023-02-21,6287,24.25
2023-02-22,6287,23.7
2023-02-23,6287,23.75
2023-02-24,6287,23.5
2023-02-01,6288,22.96
2023-02-02,6288,23.25
2023-02-03,6288,22.86
2023-02-06,6288,22.82
2023-02-07,6288,22.82
2023-02-08,6288,22.86
2023-02-09,6288,22.91
2023-02-10,6288,22.57
2023-02-13,6288,23.89
2023-02-14,6288,23.64
2023-02-15,6288,24.03
2023-02-16,6288,24.42
2023-02-17,6288,24.76
2023-02-20,6288,27.19
2023-02-21,6288,27.68
2023-02-22,6288,27.1
2023-02-23,6288,27.24
2023-02-24,6288,26.37
2023-02-01,6290,56.06
2023-02-02,6290,55.48
2023-02-03,6290,56.16
2023-02-06,6290,56.16
2023-02-07,6290,56.74
2023-02-08,6290,57.41
2023-02-09,6290,57.61
2023-02-10,6290,57.9
2023-02-13,6290,61.67
2023-02-14,6290,63.89
2023-02-15,6290,65.05
2023-02-16,6290,67.95
2023-02-17,6290,67.95
2023-02-20,6290,70.95
2023-02-21,6290,72.88
2023-02-22,6290,70.85
2023-02-23,6290,73.46
2023-02-24,6290,71.62
2023-02-01,6291,88.81
2023-02-02,6291,87.92
2023-02-03,6291,88.81
2023-02-06,6291,88.36
2023-02-07,6291,88.36
2023-02-08,6291,88.36
2023-02-09,6291,88.54
2023-02-13,6291,88.81
2023-02-14,6291,87.12
2023-02-15,6291,87.92
2023-02-16,6291,88.36
2023-02-17,6291,88.63
2023-02-20,6291,89.25
2023-02-21,6291,89.25
2023-02-22,6291,89.25
2023-02-23,6291,88.45
2023-02-24,6291,88.36
2023-02-01,6292,33.31
2023-02-02,6292,33.52
2023-02-03,6292,33.48
2023-02-06,6292,33.56
2023-02-07,6292,33.72
2023-02-08,6292,33.93
2023-02-09,6292,34.13
2023-02-10,6292,34.13
2023-02-13,6292,33.72
2023-02-14,6292,34.13
2023-02-15,6292,34.21
2023-02-16,6292,34.21
2023-02-17,6292,34.09
2023-02-20,6292,34.17
2023-02-21,6292,34.13
2023-02-22,6292,34.09
2023-02-23,6292,34.09
2023-02-24,6292,34.09
2023-02-01,6294,93.31
2023-02-02,6294,93.31
2023-02-03,6294,93.74
2023-02-06,6294,93.74
2023-02-07,6294,93.31
2023-02-08,6294,93.31
2023-02-09,6294,94.61
2023-02-10,6294,93.31
2023-02-13,6294,93.31
2023-02-14,6294,93.74
2023-02-15,6294,93.31
2023-02-16,6294,93.74
2023-02-17,6294,93.74
2023-02-20,6294,94.18
2023-02-21,6294,93.74
2023-02-22,6294,93.74
2023-02-23,6294,93.74
2023-02-24,6294,94.61
2023-02-01,6404,19.9
2023-02-02,6404,19.9
2023-02-03,6404,19.0
2023-02-06,6404,19.35
2023-02-07,6404,19.85
2023-02-08,6404,19.45
2023-02-09,6404,19.8
2023-02-10,6404,20.0
2023-02-13,6404,21.4
2023-02-14,6404,22.0
2023-02-15,6404,22.2
2023-02-16,6404,22.0
2023-02-20,6404,21.5
2023-02-21,6404,22.65
2023-02-22,6404,22.4
2023-02-24,6404,21.7
2023-02-01,6405,21.24
2023-02-02,6405,21.24
2023-02-03,6405,21.19
2023-02-06,6405,21.19
2023-02-07,6405,21.24
2023-02-08,6405,21.05
2023-02-09,6405,21.05
2023-02-10,6405,21.0
2023-02-13,6405,20.95
2023-02-14,6405,20.95
2023-02-15,6405,20.85
2023-02-16,6405,20.9
2023-02-17,6405,20.95
2023-02-20,6405,20.65
2023-02-21,6405,20.55
2023-02-22,6405,20.35
2023-02-23,6405,21.39
2023-02-24,6405,21.14
2023-02-01,6409,1437.18
2023-02-02,6409,1497.25
2023-02-03,6409,1520.36
2023-02-06,6409,1543.46
2023-02-07,6409,1543.46
2023-02-08,6409,1561.95
2023-02-09,6409,1566.57
2023-02-10,6409,1506.49
2023-02-13,6409,1469.53
2023-02-14,6409,1478.77
2023-02-15,6409,1455.66
2023-02-16,6409,1451.04
2023-02-17,6409,1451.04
2023-02-20,6409,1455.66
2023-02-21,6409,1515.74
2023-02-22,6409,1515.74
2023-02-23,6409,1543.46
2023-02-24,6409,1483.39
2023-02-01,6411,88.76
2023-02-02,6411,97.47
2023-02-03,6411,100.78
2023-02-06,6411,99.36
2023-02-07,6411,105.04
2023-02-08,6411,107.88
2023-02-09,6411,112.61
2023-02-10,6411,110.72
2023-02-13,6411,108.35
2023-02-14,6411,108.35
2023-02-15,6411,107.4
2023-02-16,6411,114.03
2023-02-17,6411,121.6
2023-02-20,6411,124.91
2023-02-21,6411,124.91
2023-02-22,6411,123.49
2023-02-23,6411,125.38
2023-02-24,6411,122.07
2023-02-01,6412,65.4
2023-02-02,6412,65.23
2023-02-03,6412,66.42
2023-02-06,6412,66.84
2023-02-07,6412,66.93
2023-02-08,6412,66.25
2023-02-09,6412,66.33
2023-02-10,6412,65.91
2023-02-13,6412,66.08
2023-02-14,6412,66.42
2023-02-15,6412,65.99
2023-02-16,6412,66.25
2023-02-17,6412,66.16
2023-02-20,6412,66.16
2023-02-21,6412,66.08
2023-02-22,6412,65.99
2023-02-23,6412,66.33
2023-02-24,6412,67.01
2023-02-01,6414,208.91
2023-02-02,6414,213.07
2023-02-03,6414,212.61
2023-02-06,6414,214.0
2023-02-07,6414,210.76
2023-02-08,6414,212.15
2023-02-09,6414,212.61
2023-02-10,6414,207.99
2023-02-13,6414,212.61
2023-02-14,6414,211.68
2023-02-15,6414,211.68
2023-02-16,6414,213.53
2023-02-17,6414,211.22
2023-02-20,6414,217.23
2023-02-21,6414,217.69
2023-02-22,6414,212.61
2023-02-23,6414,214.46
2023-02-24,6414,215.84
2023-02-01,6415,576.27
2023-02-02,6415,582.15
2023-02-03,6415,581.17
2023-02-06,6415,566.47
2023-02-07,6415,583.13
2023-02-08,6415,640.95
2023-02-09,6415,637.03
2023-02-10,6415,618.41
2023-02-13,6415,593.91
2023-02-14,6415,588.03
2023-02-15,6415,576.27
2023-02-16,6415,575.29
2023-02-17,6415,563.53
2023-02-20,6415,576.27
2023-02-21,6415,585.09
2023-02-22,6415,568.43
2023-02-23,6415,572.35
2023-02-24,6415,570.39
2023-02-01,6416,87.68
2023-02-02,6416,89.09
2023-02-03,6416,88.62
2023-02-06,6416,88.71
2023-02-07,6416,88.9
2023-02-08,6416,88.9
2023-02-09,6416,88.43
2023-02-10,6416,87.02
2023-02-13,6416,86.36
2023-02-14,6416,87.3
2023-02-15,6416,87.02
2023-02-16,6416,87.77
2023-02-17,6416,88.71
2023-02-20,6416,90.41
2023-02-21,6416,89.56
2023-02-22,6416,87.3
2023-02-23,6416,87.86
2023-02-24,6416,88.15
2023-02-01,6417,81.76
2023-02-02,6417,81.76
2023-02-03,6417,81.76
2023-02-06,6417,81.76
2023-02-09,6417,81.76
2023-02-10,6417,86.17
2023-02-13,6417,86.46
2023-02-14,6417,86.66
2023-02-15,6417,88.61
2023-02-16,6417,89.5
2023-02-17,6417,89.2
2023-02-20,6417,95.27
2023-02-21,6417,99.87
2023-02-22,6417,97.92
2023-02-23,6417,107.71
2023-02-24,6417,112.6
2023-02-01,6418,13.96
2023-02-02,6418,15.36
2023-02-03,6418,14.62
2023-02-06,6418,14.71
2023-02-07,6418,14.62
2023-02-08,6418,14.62
2023-02-09,6418,14.53
2023-02-10,6418,14.18
2023-02-13,6418,14.09
2023-02-14,6418,14.27
2023-02-15,6418,14.18
2023-02-16,6418,14.23
2023-02-17,6418,14.23
2023-02-20,6418,14.31
2023-02-21,6418,14.31
2023-02-22,6418,14.84
2023-02-23,6418,14.75
2023-02-24,6418,14.53
2023-02-01,6419,31.19
2023-02-02,6419,30.98
2023-02-03,6419,30.98
2023-02-06,6419,31.02
2023-02-07,6419,30.76
2023-02-08,6419,30.8
2023-02-09,6419,31.11
2023-02-10,6419,31.24
2023-02-13,6419,31.24
2023-02-14,6419,31.02
2023-02-15,6419,31.8
2023-02-16,6419,31.54
2023-02-17,6419,31.89
2023-02-20,6419,33.02
2023-02-21,6419,32.8
2023-02-22,6419,32.37
2023-02-23,6419,32.89
2023-02-24,6419,32.41
2023-02-01,6423,102.31
2023-02-02,6423,111.53
2023-02-03,6423,112.01
2023-02-06,6423,111.53
2023-02-07,6423,113.95
2023-02-08,6423,115.89
2023-02-09,6423,118.8
2023-02-10,6423,113.47
2023-02-13,6423,118.31
2023-02-14,6423,117.34
2023-02-15,6423,113.47
2023-02-16,6423,115.4
2023-02-17,6423,114.92
2023-02-20,6423,114.44
2023-02-21,6423,114.92
2023-02-22,6423,112.98
2023-02-23,6423,115.4
2023-02-24,6423,116.37
2023-02-01,6425,19.09
2023-02-02,6425,18.91
2023-02-03,6425,18.91
2023-02-06,6425,18.96
2023-02-07,6425,18.91
2023-02-08,6425,18.96
2023-02-09,6425,18.82
2023-02-10,6425,18.77
2023-02-13,6425,18.36
2023-02-14,6425,18.27
2023-02-15,6425,18.27
2023-02-16,6425,18.27
2023-02-17,6425,18.32
2023-02-20,6425,18.27
2023-02-21,6425,18.18
2023-02-22,6425,18.18
2023-02-23,6425,18.18
2023-02-24,6425,18.18
2023-02-01,6426,61.82
2023-02-02,6426,62.68
2023-02-03,6426,61.44
2023-02-06,6426,61.91
2023-02-07,6426,62.59
2023-02-08,6426,62.3
2023-02-09,6426,61.91
2023-02-10,6426,60.67
2023-02-13,6426,59.52
2023-02-14,6426,59.61
2023-02-15,6426,59.61
2023-02-16,6426,60.09
2023-02-17,6426,59.81
2023-02-20,6426,61.15
2023-02-21,6426,61.34
2023-02-22,6426,60.38
2023-02-23,6426,60.67
2023-02-24,6426,59.9
2023-02-01,6431,20.15
2023-02-02,6431,20.3
2023-02-03,6431,20.05
2023-02-06,6431,20.4
2023-02-07,6431,20.15
2023-02-08,6431,20.05
2023-02-09,6431,20.1
2023-02-10,6431,20.1
2023-02-13,6431,20.05
2023-02-14,6431,20.05
2023-02-15,6431,20.05
2023-02-16,6431,20.15
2023-02-17,6431,20.25
2023-02-20,6431,20.05
2023-02-21,6431,20.05
2023-02-22,6431,20.25
2023-02-23,6431,20.25
2023-02-24,6431,20.2
2023-02-01,6432,28.73
2023-02-02,6432,29.06
2023-02-03,6432,28.96
2023-02-06,6432,28.55
2023-02-07,6432,28.55
2023-02-08,6432,28.5
2023-02-09,6432,28.59
2023-02-10,6432,28.22
2023-02-13,6432,28.22
2023-02-14,6432,28.55
2023-02-15,6432,28.73
2023-02-16,6432,30.81
2023-02-17,6432,31.55
2023-02-20,6432,32.1
2023-02-21,6432,31.97
2023-02-22,6432,32.24
2023-02-23,6432,32.66
2023-02-24,6432,32.71
2023-02-01,6435,91.25
2023-02-02,6435,92.53
2023-02-03,6435,91.25
2023-02-06,6435,89.96
2023-02-07,6435,91.67
2023-02-08,6435,94.67
2023-02-09,6435,93.82
2023-02-10,6435,92.53
2023-02-13,6435,92.53
2023-02-14,6435,91.67
2023-02-15,6435,89.96
2023-02-16,6435,92.1
2023-02-17,6435,92.1
2023-02-20,6435,92.53
2023-02-21,6435,93.82
2023-02-22,6435,91.67
2023-02-23,6435,90.39
2023-02-24,6435,88.25
2023-02-01,6438,80.1
2023-02-02,6438,83.91
2023-02-03,6438,83.47
2023-02-06,6438,82.44
2023-02-07,6438,84.08
2023-02-08,6438,83.73
2023-02-09,6438,83.73
2023-02-10,6438,83.04
2023-02-13,6438,83.73
2023-02-14,6438,83.65
2023-02-15,6438,83.39
2023-02-16,6438,84.25
2023-02-17,6438,84.6
2023-02-20,6438,86.5
2023-02-21,6438,86.24
2023-02-22,6438,85.64
2023-02-23,6438,86.42
2023-02-24,6438,85.55
2023-02-01,6441,54.26
2023-02-02,6441,56.98
2023-02-03,6441,58.24
2023-02-06,6441,64.07
2023-02-07,6441,65.62
2023-02-08,6441,66.69
2023-02-09,6441,64.55
2023-02-10,6441,62.42
2023-02-13,6441,61.54
2023-02-14,6441,62.71
2023-02-15,6441,63.29
2023-02-16,6441,63.68
2023-02-17,6441,64.36
2023-02-20,6441,64.55
2023-02-21,6441,64.26
2023-02-22,6441,60.38
2023-02-23,6441,60.67
2023-02-24,6441,59.02
2023-02-01,6442,45.52
2023-02-02,6442,45.47
2023-02-03,6442,44.68
2023-02-06,6442,44.68
2023-02-07,6442,45.29
2023-02-08,6442,45.43
2023-02-09,6442,45.61
2023-02-10,6442,44.96
2023-02-13,6442,44.58
2023-02-14,6442,45.38
2023-02-15,6442,45.71
2023-02-16,6442,45.66
2023-02-17,6442,45.43
2023-02-20,6442,46.74
2023-02-21,6442,46.36
2023-02-22,6442,46.83
2023-02-23,6442,47.96
2023-02-24,6442,46.83
2023-02-01,6443,36.15
2023-02-02,6443,36.54
2023-02-03,6443,36.1
2023-02-06,6443,36.63
2023-02-07,6443,36.63
2023-02-08,6443,36.29
2023-02-09,6443,35.86
2023-02-10,6443,35.62
2023-02-13,6443,35.86
2023-02-14,6443,35.42
2023-02-15,6443,35.57
2023-02-16,6443,36.39
2023-02-17,6443,36.44
2023-02-20,6443,36.54
2023-02-21,6443,36.34
2023-02-22,6443,36.0
2023-02-23,6443,36.49
2023-02-24,6443,35.86
2023-02-01,6446,492.0
2023-02-02,6446,494.0
2023-02-03,6446,516.0
2023-02-06,6446,496.0
2023-02-07,6446,502.0
2023-02-08,6446,511.0
2023-02-09,6446,507.0
2023-02-10,6446,502.0
2023-02-13,6446,496.5
2023-02-14,6446,501.0
2023-02-15,6446,500.0
2023-02-16,6446,503.0
2023-02-17,6446,497.5
2023-02-20,6446,490.5
2023-02-21,6446,491.0
2023-02-22,6446,496.0
2023-02-23,6446,493.5
2023-02-24,6446,504.0
2023-02-01,6449,40.2
2023-02-02,6449,40.52
2023-02-03,6449,40.2
2023-02-06,6449,41.66
2023-02-07,6449,41.8
2023-02-08,6449,41.7
2023-02-09,6449,41.52
2023-02-10,6449,40.75
2023-02-13,6449,41.75
2023-02-14,6449,41.48
2023-02-15,6449,41.52
2023-02-16,6449,42.21
2023-02-17,6449,42.07
2023-02-20,6449,42.12
2023-02-21,6449,41.98
2023-02-22,6449,41.39
2023-02-23,6449,41.48
2023-02-24,6449,41.48
2023-02-01,6451,83.88
2023-02-02,6451,86.85
2023-02-03,6451,85.07
2023-02-06,6451,85.56
2023-02-07,6451,85.86
2023-02-08,6451,85.37
2023-02-09,6451,86.06
2023-02-10,6451,84.57
2023-02-13,6451,84.47
2023-02-14,6451,84.97
2023-02-15,6451,86.95
2023-02-16,6451,87.44
2023-02-17,6451,87.34
2023-02-20,6451,87.64
2023-02-21,6451,86.65
2023-02-22,6451,85.17
2023-02-23,6451,85.86
2023-02-24,6451,85.37
2023-02-01,6456,81.15
2023-02-02,6456,81.53
2023-02-03,6456,80.67
2023-02-06,6456,82.48
2023-02-07,6456,81.63
2023-02-08,6456,82.96
2023-02-09,6456,82.2
2023-02-10,6456,80.77
2023-02-13,6456,80.86
2023-02-14,6456,81.44
2023-02-15,6456,80.67
2023-02-16,6456,82.87
2023-02-17,6456,82.77
2023-02-20,6456,82.1
2023-02-21,6456,82.77
2023-02-22,6456,82.29
2023-02-23,6456,82.68
2023-02-24,6456,82.48
2023-02-01,6457,59.54
2023-02-02,6457,60.52
2023-02-03,6457,61.6
2023-02-06,6457,59.44
2023-02-07,6457,60.13
2023-02-08,6457,62.58
2023-02-09,6457,61.79
2023-02-10,6457,60.52
2023-02-13,6457,59.64
2023-02-14,6457,59.84
2023-02-15,6457,59.35
2023-02-16,6457,59.93
2023-02-17,6457,60.72
2023-02-20,6457,61.79
2023-02-21,6457,61.4
2023-02-22,6457,60.33
2023-02-23,6457,61.4
2023-02-24,6457,60.62
2023-02-01,6461,29.81
2023-02-02,6461,30.19
2023-02-03,6461,30.1
2023-02-06,6461,30.71
2023-02-07,6461,30.76
2023-02-08,6461,30.34
2023-02-09,6461,30.38
2023-02-10,6461,30.15
2023-02-13,6461,30.15
2023-02-14,6461,30.0
2023-02-15,6461,30.34
2023-02-16,6461,30.0
2023-02-17,6461,29.91
2023-02-20,6461,30.0
2023-02-21,6461,30.05
2023-02-22,6461,29.53
2023-02-23,6461,29.62
2023-02-24,6461,29.39
2023-02-01,6462,66.07
2023-02-02,6462,67.4
2023-02-03,6462,67.5
2023-02-06,6462,67.59
2023-02-07,6462,68.07
2023-02-08,6462,72.65
2023-02-09,6462,73.51
2023-02-10,6462,71.41
2023-02-13,6462,74.85
2023-02-14,6462,74.28
2023-02-15,6462,73.8
2023-02-16,6462,74.66
2023-02-17,6462,75.99
2023-02-20,6462,75.8
2023-02-21,6462,75.8
2023-02-22,6462,75.52
2023-02-23,6462,75.8
2023-02-24,6462,75.61
2023-02-01,6464,91.26
2023-02-02,6464,90.98
2023-02-03,6464,90.6
2023-02-06,6464,89.46
2023-02-07,6464,88.61
2023-02-08,6464,88.89
2023-02-09,6464,88.8
2023-02-10,6464,88.23
2023-02-13,6464,84.82
2023-02-14,6464,85.01
2023-02-15,6464,84.92
2023-02-16,6464,85.39
2023-02-17,6464,85.68
2023-02-20,6464,84.92
2023-02-21,6464,85.49
2023-02-22,6464,85.11
2023-02-23,6464,85.01
2023-02-24,6464,85.39
2023-02-01,6465,17.25
2023-02-02,6465,17.5
2023-02-03,6465,17.95
2023-02-06,6465,17.75
2023-02-07,6465,17.5
2023-02-08,6465,17.25
2023-02-09,6465,17.3
2023-02-10,6465,17.25
2023-02-13,6465,17.6
2023-02-14,6465,18.0
2023-02-15,6465,18.3
2023-02-16,6465,18.2
2023-02-17,6465,18.0
2023-02-20,6465,17.85
2023-02-21,6465,17.8
2023-02-22,6465,17.65
2023-02-23,6465,17.8
2023-02-24,6465,18.0
2023-02-01,6469,201.44
2023-02-02,6469,203.43
2023-02-03,6469,206.41
2023-02-06,6469,208.07
2023-02-07,6469,213.7
2023-02-08,6469,218.01
2023-02-09,6469,217.35
2023-02-10,6469,214.37
2023-02-13,6469,214.7
2023-02-14,6469,212.71
2023-02-15,6469,213.7
2023-02-16,6469,216.02
2023-02-17,6469,217.35
2023-02-20,6469,219.34
2023-02-21,6469,219.34
2023-02-22,6469,216.35
2023-02-23,6469,218.34
2023-02-24,6469,221.99
2023-02-01,6470,47.49
2023-02-02,6470,47.83
2023-02-03,6470,47.58
2023-02-06,6470,47.83
2023-02-07,6470,48.98
2023-02-08,6470,48.65
2023-02-09,6470,50.47
2023-02-10,6470,49.56
2023-02-13,6470,50.23
2023-02-14,6470,49.89
2023-02-15,6470,50.32
2023-02-16,6470,51.34
2023-02-17,6470,52.11
2023-02-20,6470,54.85
2023-02-21,6470,54.34
2023-02-22,6470,53.4
2023-02-23,6470,52.97
2023-02-24,6470,54.17
2023-02-01,6472,298.4
2023-02-02,6472,300.61
2023-02-03,6472,303.56
2023-02-06,6472,313.89
2023-02-07,6472,345.24
2023-02-08,6472,379.18
2023-02-09,6472,389.51
2023-02-10,6472,399.1
2023-02-13,6472,390.98
2023-02-14,6472,351.88
2023-02-15,6472,345.98
2023-02-16,6472,346.72
2023-02-17,6472,368.48
2023-02-20,6472,363.32
2023-02-21,6472,368.85
2023-02-22,6472,363.69
2023-02-23,6472,376.23
2023-02-24,6472,371.06
2023-02-01,6477,44.31
2023-02-02,6477,44.26
2023-02-03,6477,43.98
2023-02-06,6477,44.03
2023-02-07,6477,44.12
2023-02-08,6477,44.07
2023-02-09,6477,43.14
2023-02-10,6477,43.05
2023-02-13,6477,42.63
2023-02-14,6477,42.86
2023-02-15,6477,44.92
2023-02-16,6477,44.92
2023-02-17,6477,45.06
2023-02-20,6477,45.24
2023-02-21,6477,44.87
2023-02-22,6477,44.35
2023-02-23,6477,45.34
2023-02-24,6477,44.4
2023-02-01,6482,32.73
2023-02-02,6482,33.3
2023-02-03,6482,32.92
2023-02-06,6482,34.34
2023-02-09,6482,36.25
2023-02-10,6482,35.22
2023-02-13,6482,35.02
2023-02-14,6482,35.45
2023-02-15,6482,34.56
2023-02-16,6482,35.06
2023-02-17,6482,35.45
2023-02-20,6482,35.22
2023-02-21,6482,35.14
2023-02-22,6482,34.87
2023-02-23,6482,35.14
2023-02-24,6482,35.22
2023-02-01,6485,71.17
2023-02-02,6485,72.1
2023-02-03,6485,70.23
2023-02-06,6485,70.51
2023-02-07,6485,71.07
2023-02-08,6485,72.29
2023-02-09,6485,72.48
2023-02-10,6485,69.58
2023-02-13,6485,69.39
2023-02-14,6485,71.45
2023-02-15,6485,70.51
2023-02-16,6485,73.41
2023-02-17,6485,73.7
2023-02-20,6485,73.79
2023-02-21,6485,73.41
2023-02-22,6485,71.64
2023-02-23,6485,72.38
2023-02-24,6485,70.51
2023-02-01,6486,54.25
2023-02-02,6486,54.49
2023-02-03,6486,54.17
2023-02-06,6486,54.17
2023-02-07,6486,54.17
2023-02-08,6486,54.25
2023-02-09,6486,54.74
2023-02-10,6486,54.41
2023-02-13,6486,54.33
2023-02-14,6486,54.58
2023-02-15,6486,54.98
2023-02-16,6486,55.06
2023-02-17,6486,55.23
2023-02-20,6486,56.12
2023-02-21,6486,57.67
2023-02-22,6486,57.67
2023-02-23,6486,56.94
2023-02-24,6486,56.29
2023-02-01,6488,484.52
2023-02-02,6488,502.91
2023-02-03,6488,498.31
2023-02-06,6488,481.76
2023-02-07,6488,483.6
2023-02-08,6488,496.47
2023-02-09,6488,499.23
2023-02-10,6488,488.2
2023-02-13,6488,480.84
2023-02-14,6488,481.76
2023-02-15,6488,471.65
2023-02-16,6488,477.17
2023-02-17,6488,475.33
2023-02-20,6488,479.0
2023-02-21,6488,480.84
2023-02-22,6488,469.81
2023-02-23,6488,482.68
2023-02-24,6488,470.73
2023-02-01,6491,420.9
2023-02-02,6491,427.25
2023-02-03,6491,425.89
2023-02-06,6491,419.99
2023-02-07,6491,426.34
2023-02-08,6491,430.88
2023-02-09,6491,424.53
2023-02-10,6491,418.18
2023-02-13,6491,402.31
2023-02-14,6491,401.4
2023-02-15,6491,403.67
2023-02-16,6491,410.47
2023-02-17,6491,407.75
2023-02-20,6491,415.01
2023-02-21,6491,417.73
2023-02-22,6491,410.92
2023-02-23,6491,424.08
2023-02-24,6491,406.39
2023-02-01,6492,60.5
2023-02-02,6492,62.0
2023-02-03,6492,61.4
2023-02-06,6492,60.9
2023-02-07,6492,61.1
2023-02-08,6492,60.9
2023-02-09,6492,59.9
2023-02-10,6492,58.7
2023-02-13,6492,60.7
2023-02-14,6492,59.7
2023-02-15,6492,58.0
2023-02-16,6492,58.8
2023-02-17,6492,58.1
2023-02-20,6492,57.7
2023-02-21,6492,57.7
2023-02-22,6492,58.0
2023-02-23,6492,58.5
2023-02-24,6492,57.8
2023-02-01,6494,67.46
2023-02-02,6494,67.88
2023-02-03,6494,66.13
2023-02-06,6494,64.72
2023-02-07,6494,66.3
2023-02-08,6494,65.97
2023-02-09,6494,67.13
2023-02-10,6494,66.05
2023-02-13,6494,64.8
2023-02-14,6494,65.3
2023-02-15,6494,64.22
2023-02-16,6494,65.38
2023-02-17,6494,65.63
2023-02-20,6494,66.13
2023-02-21,6494,66.13
2023-02-22,6494,64.63
2023-02-23,6494,65.55
2023-02-24,6494,64.38
2023-02-01,6496,28.0
2023-02-02,6496,28.25
2023-02-03,6496,28.15
2023-02-06,6496,28.05
2023-02-07,6496,28.2
2023-02-08,6496,28.25
2023-02-09,6496,28.6
2023-02-10,6496,28.45
2023-02-13,6496,28.3
2023-02-14,6496,28.35
2023-02-15,6496,28.45
2023-02-16,6496,28.55
2023-02-17,6496,28.35
2023-02-20,6496,29.15
2023-02-21,6496,29.7
2023-02-22,6496,32.65
2023-02-23,6496,34.2
2023-02-24,6496,33.9
2023-02-01,6498,23.89
2023-02-02,6498,24.24
2023-02-03,6498,25.36
2023-02-06,6498,26.49
2023-02-07,6498,26.54
2023-02-08,6498,26.05
2023-02-09,6498,26.05
2023-02-10,6498,26.05
2023-02-13,6498,25.46
2023-02-14,6498,24.77
2023-02-15,6498,24.92
2023-02-16,6498,25.02
2023-02-17,6498,25.17
2023-02-20,6498,25.36
2023-02-21,6498,25.56
2023-02-22,6498,25.41
2023-02-23,6498,25.9
2023-02-24,6498,25.31
2023-02-01,6499,54.04
2023-02-02,6499,54.89
2023-02-03,6499,54.8
2023-02-06,6499,55.55
2023-02-07,6499,55.84
2023-02-08,6499,55.93
2023-02-09,6499,55.65
2023-02-10,6499,54.99
2023-02-13,6499,54.14
2023-02-14,6499,53.76
2023-02-15,6499,54.33
2023-02-16,6499,54.51
2023-02-17,6499,54.42
2023-02-20,6499,54.61
2023-02-21,6499,55.08
2023-02-22,6499,55.36
2023-02-23,6499,56.87
2023-02-24,6499,56.02
2023-02-01,6504,69.94
2023-02-02,6504,69.84
2023-02-03,6504,69.74
2023-02-06,6504,69.26
2023-02-07,6504,70.23
2023-02-08,6504,70.13
2023-02-09,6504,70.13
2023-02-10,6504,69.74
2023-02-13,6504,69.35
2023-02-14,6504,69.74
2023-02-15,6504,69.74
2023-02-16,6504,69.74
2023-02-17,6504,69.65
2023-02-20,6504,69.94
2023-02-21,6504,70.81
2023-02-22,6504,70.42
2023-02-23,6504,70.81
2023-02-24,6504,71.1
2023-02-01,6505,77.46
2023-02-02,6505,77.55
2023-02-03,6505,76.99
2023-02-06,6505,76.43
2023-02-07,6505,77.65
2023-02-08,6505,77.08
2023-02-09,6505,77.74
2023-02-10,6505,77.74
2023-02-13,6505,77.55
2023-02-14,6505,78.11
2023-02-15,6505,77.08
2023-02-16,6505,78.68
2023-02-17,6505,78.86
2023-02-20,6505,79.24
2023-02-21,6505,80.17
2023-02-22,6505,79.71
2023-02-23,6505,79.61
2023-02-24,6505,79.71
2023-02-01,6506,18.87
2023-02-02,6506,18.96
2023-02-03,6506,18.96
2023-02-06,6506,18.92
2023-02-07,6506,18.96
2023-02-08,6506,18.82
2023-02-09,6506,18.82
2023-02-10,6506,18.73
2023-02-13,6506,18.73
2023-02-14,6506,18.73
2023-02-15,6506,18.73
2023-02-16,6506,18.73
2023-02-17,6506,18.82
2023-02-20,6506,18.78
2023-02-21,6506,18.87
2023-02-22,6506,18.87
2023-02-23,6506,18.82
2023-02-24,6506,18.96
2023-02-01,6508,32.27
2023-02-02,6508,32.31
2023-02-03,6508,32.57
2023-02-06,6508,32.57
2023-02-07,6508,32.57
2023-02-08,6508,32.4
2023-02-09,6508,32.57
2023-02-10,6508,32.31
2023-02-13,6508,32.09
2023-02-14,6508,32.18
2023-02-15,6508,32.48
2023-02-16,6508,32.57
2023-02-17,6508,32.57
2023-02-20,6508,33.74
2023-02-21,6508,33.44
2023-02-22,6508,33.57
2023-02-23,6508,33.96
2023-02-24,6508,34.09
2023-02-01,6509,40.73
2023-02-02,6509,41.17
2023-02-03,6509,40.54
2023-02-06,6509,40.49
2023-02-07,6509,42.76
2023-02-08,6509,44.59
2023-02-09,6509,43.72
2023-02-10,6509,45.31
2023-02-13,6509,45.02
2023-02-14,6509,44.11
2023-02-15,6509,44.11
2023-02-16,6509,44.49
2023-02-17,6509,44.25
2023-02-20,6509,44.64
2023-02-21,6509,45.79
2023-02-22,6509,44.83
2023-02-23,6509,45.31
2023-02-24,6509,44.78
2023-02-01,6510,533.67
2023-02-02,6510,536.58
2023-02-03,6510,537.55
2023-02-06,6510,523.0
2023-02-07,6510,533.67
2023-02-08,6510,569.57
2023-02-09,6510,578.3
2023-02-10,6510,566.66
2023-02-13,6510,560.84
2023-02-14,6510,558.9
2023-02-15,6510,569.57
2023-02-16,6510,574.42
2023-02-17,6510,560.84
2023-02-20,6510,559.87
2023-02-21,6510,564.72
2023-02-22,6510,555.02
2023-02-23,6510,567.63
2023-02-24,6510,571.51
2023-02-01,6512,23.38
2023-02-02,6512,23.18
2023-02-03,6512,23.13
2023-02-06,6512,22.28
2023-02-07,6512,21.98
2023-02-08,6512,21.83
2023-02-09,6512,22.53
2023-02-10,6512,21.88
2023-02-13,6512,21.68
2023-02-14,6512,21.93
2023-02-15,6512,21.68
2023-02-16,6512,21.78
2023-02-17,6512,21.68
2023-02-20,6512,22.18
2023-02-21,6512,21.88
2023-02-22,6512,21.68
2023-02-23,6512,21.68
2023-02-24,6512,21.44
2023-02-01,6514,47.18
2023-02-02,6514,48.87
2023-02-03,6514,48.24
2023-02-06,6514,48.87
2023-02-07,6514,49.67
2023-02-08,6514,49.67
2023-02-09,6514,48.87
2023-02-10,6514,47.8
2023-02-13,6514,48.51
2023-02-14,6514,48.69
2023-02-15,6514,47.89
2023-02-16,6514,48.16
2023-02-17,6514,48.33
2023-02-20,6514,48.51
2023-02-21,6514,48.51
2023-02-22,6514,48.24
2023-02-23,6514,48.6
2023-02-24,6514,49.4
2023-02-01,6515,426.91
2023-02-02,6515,434.93
2023-02-03,6515,433.52
2023-02-06,6515,418.41
2023-02-07,6515,451.93
2023-02-08,6515,496.8
2023-02-09,6515,509.08
2023-02-10,6515,505.3
2023-02-13,6515,499.63
2023-02-14,6515,495.85
2023-02-15,6515,497.74
2023-02-16,6515,517.58
2023-02-17,6515,509.08
2023-02-20,6515,519.47
2023-02-21,6515,536.47
2023-02-22,6515,488.3
2023-02-23,6515,536.47
2023-02-24,6515,564.8
2023-02-01,6516,64.77
2023-02-02,6516,64.62
2023-02-03,6516,64.07
2023-02-06,6516,64.07
2023-02-07,6516,63.28
2023-02-08,6516,63.52
2023-02-09,6516,64.69
2023-02-10,6516,64.77
2023-02-13,6516,66.19
2023-02-14,6516,66.19
2023-02-15,6516,66.11
2023-02-16,6516,65.87
2023-02-17,6516,66.34
2023-02-20,6516,66.97
2023-02-21,6516,66.58
2023-02-22,6516,66.03
2023-02-23,6516,66.03
2023-02-24,6516,64.46
2023-02-01,6517,54.96
2023-02-02,6517,56.64
2023-02-03,6517,55.36
2023-02-06,6517,57.03
2023-02-07,6517,56.84
2023-02-08,6517,56.05
2023-02-09,6517,53.48
2023-02-10,6517,54.57
2023-02-13,6517,59.99
2023-02-14,6517,65.32
2023-02-15,6517,61.38
2023-02-16,6517,62.07
2023-02-17,6517,61.18
2023-02-20,6517,67.1
2023-02-21,6517,70.26
2023-02-22,6517,75.68
2023-02-23,6517,76.57
2023-02-24,6517,76.97
2023-02-01,6523,91.82
2023-02-02,6523,93.95
2023-02-03,6523,90.96
2023-02-06,6523,92.67
2023-02-07,6523,93.53
2023-02-08,6523,93.1
2023-02-09,6523,90.54
2023-02-10,6523,90.96
2023-02-13,6523,90.96
2023-02-14,6523,92.25
2023-02-15,6523,94.81
2023-02-16,6523,94.38
2023-02-17,6523,98.65
2023-02-20,6523,95.66
2023-02-21,6523,96.09
2023-02-22,6523,96.52
2023-02-23,6523,97.37
2023-02-24,6523,95.66
2023-02-01,6525,59.35
2023-02-02,6525,59.85
2023-02-03,6525,59.68
2023-02-06,6525,59.18
2023-02-07,6525,59.18
2023-02-08,6525,59.51
2023-02-09,6525,59.93
2023-02-10,6525,59.43
2023-02-13,6525,59.93
2023-02-14,6525,59.85
2023-02-15,6525,59.68
2023-02-16,6525,59.85
2023-02-17,6525,59.93
2023-02-20,6525,61.76
2023-02-21,6525,62.1
2023-02-22,6525,61.1
2023-02-23,6525,61.93
2023-02-24,6525,62.1
2023-02-01,6526,530.93
2023-02-02,6526,543.55
2023-02-03,6526,535.78
2023-02-06,6526,538.7
2023-02-07,6526,538.7
2023-02-08,6526,543.55
2023-02-09,6526,541.61
2023-02-10,6526,549.37
2023-02-13,6526,545.49
2023-02-14,6526,547.43
2023-02-15,6526,545.49
2023-02-16,6526,545.49
2023-02-17,6526,538.7
2023-02-20,6526,541.61
2023-02-21,6526,546.46
2023-02-22,6526,545.49
2023-02-23,6526,547.43
2023-02-24,6526,545.49
2023-02-01,6527,51.91
2023-02-02,6527,52.45
2023-02-03,6527,51.82
2023-02-06,6527,53.0
2023-02-07,6527,53.09
2023-02-08,6527,52.73
2023-02-09,6527,52.36
2023-02-10,6527,50.45
2023-02-13,6527,51.27
2023-02-14,6527,50.09
2023-02-15,6527,49.99
2023-02-16,6527,51.0
2023-02-17,6527,51.0
2023-02-20,6527,53.18
2023-02-21,6527,55.46
2023-02-22,6527,55.64
2023-02-23,6527,55.37
2023-02-24,6527,60.83
2023-02-01,6530,21.16
2023-02-02,6530,21.48
2023-02-03,6530,21.52
2023-02-06,6530,21.88
2023-02-07,6530,21.56
2023-02-08,6530,21.88
2023-02-09,6530,21.74
2023-02-10,6530,22.1
2023-02-13,6530,21.48
2023-02-14,6530,21.88
2023-02-15,6530,21.48
2023-02-16,6530,21.48
2023-02-17,6530,22.1
2023-02-20,6530,21.79
2023-02-21,6530,21.65
2023-02-22,6530,21.88
2023-02-23,6530,21.83
2023-02-24,6530,22.01
2023-02-01,6531,205.73
2023-02-02,6531,219.35
2023-02-03,6531,232.5
2023-02-06,6531,230.62
2023-02-07,6531,229.21
2023-02-08,6531,251.76
2023-02-09,6531,246.12
2023-02-10,6531,232.03
2023-02-13,6531,229.21
2023-02-14,6531,231.09
2023-02-15,6531,221.23
2023-02-16,6531,236.73
2023-02-17,6531,244.24
2023-02-20,6531,263.03
2023-02-21,6531,264.44
2023-02-22,6531,250.35
2023-02-23,6531,271.96
2023-02-24,6531,265.85
2023-02-01,6532,49.67
2023-02-02,6532,50.11
2023-02-03,6532,49.67
2023-02-06,6532,50.55
2023-02-07,6532,49.75
2023-02-08,6532,50.29
2023-02-09,6532,50.29
2023-02-10,6532,48.78
2023-02-13,6532,49.4
2023-02-14,6532,49.04
2023-02-15,6532,48.6
2023-02-16,6532,48.69
2023-02-17,6532,48.69
2023-02-20,6532,50.2
2023-02-21,6532,49.75
2023-02-22,6532,49.13
2023-02-23,6532,49.31
2023-02-24,6532,48.42
2023-02-01,6533,538.34
2023-02-02,6533,547.31
2023-02-03,6533,554.29
2023-02-06,6533,536.35
2023-02-07,6533,548.31
2023-02-08,6533,569.24
2023-02-09,6533,595.16
2023-02-10,6533,580.21
2023-02-13,6533,564.26
2023-02-14,6533,558.28
2023-02-15,6533,551.3
2023-02-16,6533,566.25
2023-02-17,6533,551.3
2023-02-20,6533,541.33
2023-02-21,6533,536.35
2023-02-22,6533,515.41
2023-02-23,6533,539.34
2023-02-24,6533,536.35
2023-02-01,6534,71.99
2023-02-02,6534,71.99
2023-02-03,6534,71.99
2023-02-06,6534,71.99
2023-02-07,6534,71.99
2023-02-08,6534,71.99
2023-02-09,6534,71.99
2023-02-10,6534,74.74
2023-02-13,6534,73.91
2023-02-14,6534,74.74
2023-02-15,6534,73.0
2023-02-16,6534,74.74
2023-02-17,6534,74.74
2023-02-20,6534,74.83
2023-02-21,6534,74.37
2023-02-22,6534,73.45
2023-02-23,6534,73.82
2023-02-24,6534,74.37
2023-02-01,6535,42.68
2023-02-02,6535,42.28
2023-02-03,6535,41.23
2023-02-06,6535,41.28
2023-02-07,6535,40.89
2023-02-08,6535,41.04
2023-02-09,6535,41.78
2023-02-10,6535,41.38
2023-02-13,6535,41.88
2023-02-14,6535,42.03
2023-02-15,6535,41.98
2023-02-16,6535,41.83
2023-02-17,6535,42.98
2023-02-20,6535,43.03
2023-02-21,6535,43.88
2023-02-22,6535,42.93
2023-02-23,6535,42.78
2023-02-24,6535,42.78
2023-02-01,6538,64.26
2023-02-02,6538,65.4
2023-02-03,6538,67.52
2023-02-06,6538,66.19
2023-02-07,6538,69.89
2023-02-08,6538,70.86
2023-02-09,6538,72.09
2023-02-10,6538,70.16
2023-02-13,6538,72.53
2023-02-14,6538,72.71
2023-02-15,6538,72.36
2023-02-16,6538,72.18
2023-02-17,6538,72.27
2023-02-20,6538,73.06
2023-02-21,6538,71.83
2023-02-22,6538,70.68
2023-02-23,6538,72.18
2023-02-24,6538,72.18
2023-02-01,6541,106.89
2023-02-02,6541,109.75
2023-02-03,6541,110.18
2023-02-06,6541,121.2
2023-02-07,6541,122.2
2023-02-08,6541,132.64
2023-02-09,6541,131.07
2023-02-10,6541,125.2
2023-02-13,6541,137.36
2023-02-14,6541,138.79
2023-02-15,6541,138.79
2023-02-16,6541,124.91
2023-02-17,6541,112.46
2023-02-20,6541,109.75
2023-02-21,6541,107.17
2023-02-22,6541,109.46
2023-02-23,6541,107.03
2023-02-24,6541,108.03
2023-02-01,6542,42.8
2023-02-02,6542,42.42
2023-02-03,6542,42.32
2023-02-06,6542,41.61
2023-02-07,6542,41.85
2023-02-10,6542,41.18
2023-02-13,6542,41.52
2023-02-14,6542,41.47
2023-02-15,6542,41.66
2023-02-16,6542,41.94
2023-02-17,6542,41.37
2023-02-20,6542,41.37
2023-02-21,6542,41.37
2023-02-22,6542,41.47
2023-02-23,6542,42.23
2023-02-24,6542,41.56
2023-02-01,6546,65.16
2023-02-02,6546,71.62
2023-02-03,6546,76.5
2023-02-06,6546,77.03
2023-02-07,6546,77.2
2023-02-08,6546,76.94
2023-02-09,6546,78.69
2023-02-10,6546,75.63
2023-02-13,6546,73.54
2023-02-14,6546,74.15
2023-02-15,6546,73.8
2023-02-16,6546,74.5
2023-02-17,6546,74.5
2023-02-20,6546,78.07
2023-02-21,6546,76.5
2023-02-22,6546,73.97
2023-02-23,6546,74.32
2023-02-24,6546,73.54
2023-02-01,6547,74.3
2023-02-02,6547,75.0
2023-02-03,6547,74.2
2023-02-06,6547,73.6
2023-02-07,6547,77.2
2023-02-08,6547,75.2
2023-02-09,6547,73.5
2023-02-10,6547,71.5
2023-02-13,6547,68.2
2023-02-14,6547,68.1
2023-02-15,6547,67.7
2023-02-16,6547,67.1
2023-02-17,6547,63.8
2023-02-20,6547,63.3
2023-02-21,6547,63.0
2023-02-22,6547,61.1
2023-02-23,6547,63.0
2023-02-24,6547,61.7
2023-02-01,6548,28.78
2023-02-02,6548,29.05
2023-02-03,6548,30.92
2023-02-06,6548,31.01
2023-02-07,6548,30.39
2023-02-08,6548,30.12
2023-02-09,6548,30.34
2023-02-10,6548,29.67
2023-02-13,6548,30.12
2023-02-14,6548,30.61
2023-02-15,6548,30.07
2023-02-16,6548,29.94
2023-02-17,6548,30.03
2023-02-20,6548,30.52
2023-02-21,6548,30.79
2023-02-22,6548,30.7
2023-02-23,6548,30.79
2023-02-24,6548,30.7
2023-02-01,6550,100.4
2023-02-02,6550,102.4
2023-02-03,6550,102.4
2023-02-06,6550,103.4
2023-02-07,6550,105.4
2023-02-08,6550,104.9
2023-02-09,6550,103.9
2023-02-10,6550,101.4
2023-02-13,6550,100.4
2023-02-14,6550,99.1
2023-02-15,6550,98.3
2023-02-16,6550,100.4
2023-02-17,6550,99.9
2023-02-20,6550,98.9
2023-02-21,6550,97.7
2023-02-22,6550,96.3
2023-02-23,6550,99.0
2023-02-24,6550,99.0
2023-02-01,6552,31.45
2023-02-02,6552,32.04
2023-02-03,6552,31.94
2023-02-06,6552,32.09
2023-02-07,6552,31.94
2023-02-08,6552,35.13
2023-02-09,6552,38.61
2023-02-10,6552,38.61
2023-02-13,6552,37.78
2023-02-14,6552,40.77
2023-02-15,6552,39.35
2023-02-16,6552,38.96
2023-02-17,6552,38.91
2023-02-20,6552,38.47
2023-02-21,6552,38.71
2023-02-22,6552,38.52
2023-02-23,6552,38.66
2023-02-24,6552,38.07
2023-02-01,6556,91.37
2023-02-02,6556,91.8
2023-02-03,6556,100.98
2023-02-06,6556,111.04
2023-02-07,6556,105.35
2023-02-08,6556,115.85
2023-02-09,6556,120.65
2023-02-10,6556,111.91
2023-02-13,6556,110.16
2023-02-14,6556,107.98
2023-02-15,6556,106.67
2023-02-16,6556,117.16
2023-02-17,6556,128.52
2023-02-20,6556,141.2
2023-02-21,6556,140.33
2023-02-22,6556,139.45
2023-02-23,6556,139.02
2023-02-24,6556,145.14
2023-02-01,6558,23.64
2023-02-02,6558,23.74
2023-02-03,6558,23.79
2023-02-06,6558,23.39
2023-02-07,6558,23.54
2023-02-08,6558,23.44
2023-02-09,6558,25.78
2023-02-10,6558,25.93
2023-02-13,6558,25.08
2023-02-14,6558,25.33
2023-02-15,6558,24.88
2023-02-16,6558,25.28
2023-02-17,6558,25.88
2023-02-20,6558,26.32
2023-02-21,6558,25.58
2023-02-22,6558,25.23
2023-02-23,6558,25.33
2023-02-24,6558,25.28
2023-02-01,6560,32.87
2023-02-02,6560,33.59
2023-02-03,6560,33.01
2023-02-06,6560,32.87
2023-02-07,6560,32.67
2023-02-08,6560,33.06
2023-02-09,6560,32.77
2023-02-10,6560,32.77
2023-02-13,6560,32.87
2023-02-14,6560,32.87
2023-02-15,6560,32.77
2023-02-16,6560,33.06
2023-02-17,6560,32.92
2023-02-20,6560,33.59
2023-02-21,6560,34.12
2023-02-22,6560,33.88
2023-02-23,6560,34.22
2023-02-24,6560,34.08
2023-02-01,6561,234.73
2023-02-02,6561,238.92
2023-02-03,6561,238.92
2023-02-06,6561,239.34
2023-02-07,6561,241.85
2023-02-08,6561,241.85
2023-02-09,6561,243.53
2023-02-10,6561,246.47
2023-02-13,6561,243.95
2023-02-14,6561,245.63
2023-02-15,6561,243.11
2023-02-16,6561,243.95
2023-02-17,6561,268.26
2023-02-20,6561,265.33
2023-02-21,6561,261.97
2023-02-22,6561,277.06
2023-02-23,6561,292.15
2023-02-24,6561,298.44
2023-02-01,6568,162.82
2023-02-02,6568,166.6
2023-02-03,6568,163.77
2023-02-06,6568,162.82
2023-02-07,6568,165.65
2023-02-08,6568,169.9
2023-02-09,6568,162.35
2023-02-10,6568,158.57
2023-02-13,6568,162.35
2023-02-14,6568,163.77
2023-02-15,6568,161.41
2023-02-16,6568,164.24
2023-02-17,6568,162.35
2023-02-20,6568,168.01
2023-02-21,6568,167.54
2023-02-22,6568,165.18
2023-02-23,6568,168.01
2023-02-24,6568,162.82
2023-02-01,6569,79.1
2023-02-02,6569,79.18
2023-02-03,6569,80.78
2023-02-06,6569,79.58
2023-02-07,6569,79.58
2023-02-08,6569,81.17
2023-02-09,6569,79.98
2023-02-10,6569,78.87
2023-02-13,6569,78.95
2023-02-14,6569,79.1
2023-02-15,6569,78.87
2023-02-16,6569,79.03
2023-02-17,6569,78.71
2023-02-20,6569,79.58
2023-02-21,6569,81.97
2023-02-22,6569,82.77
2023-02-23,6569,82.77
2023-02-24,6569,89.13
2023-02-01,6570,42.34
2023-02-02,6570,42.73
2023-02-03,6570,42.47
2023-02-06,6570,42.6
2023-02-07,6570,43.17
2023-02-08,6570,43.26
2023-02-09,6570,43.56
2023-02-10,6570,42.04
2023-02-13,6570,42.17
2023-02-14,6570,42.86
2023-02-15,6570,42.91
2023-02-16,6570,43.08
2023-02-17,6570,43.13
2023-02-20,6570,43.65
2023-02-21,6570,47.99
2023-02-22,6570,49.56
2023-02-23,6570,50.78
2023-02-24,6570,52.86
2023-02-01,6573,13.7
2023-02-02,6573,13.75
2023-02-03,6573,13.6
2023-02-06,6573,13.6
2023-02-07,6573,13.55
2023-02-08,6573,13.6
2023-02-09,6573,13.85
2023-02-10,6573,13.65
2023-02-13,6573,13.5
2023-02-14,6573,13.5
2023-02-15,6573,13.45
2023-02-16,6573,13.5
2023-02-17,6573,13.45
2023-02-20,6573,13.7
2023-02-21,6573,13.7
2023-02-22,6573,13.6
2023-02-23,6573,13.8
2023-02-24,6573,13.6
2023-02-01,6574,44.01
2023-02-02,6574,43.53
2023-02-03,6574,43.66
2023-02-08,6574,44.54
2023-02-09,6574,44.71
2023-02-10,6574,44.45
2023-02-16,6574,43.84
2023-02-17,6574,44.1
2023-02-20,6574,43.71
2023-02-21,6574,43.18
2023-02-22,6574,43.18
2023-02-23,6574,43.18
2023-02-24,6574,44.01
2023-02-01,6576,99.62
2023-02-02,6576,106.03
2023-02-03,6576,104.06
2023-02-06,6576,103.57
2023-02-07,6576,104.06
2023-02-08,6576,105.54
2023-02-09,6576,107.51
2023-02-10,6576,106.03
2023-02-13,6576,106.03
2023-02-14,6576,105.05
2023-02-15,6576,104.06
2023-02-16,6576,105.05
2023-02-17,6576,105.54
2023-02-20,6576,104.55
2023-02-21,6576,104.55
2023-02-22,6576,103.07
2023-02-23,6576,108.01
2023-02-24,6576,103.07
2023-02-01,6577,33.6
2023-02-02,6577,33.43
2023-02-03,6577,33.55
2023-02-06,6577,33.55
2023-02-07,6577,33.38
2023-02-08,6577,33.49
2023-02-09,6577,33.55
2023-02-10,6577,33.6
2023-02-13,6577,34.06
2023-02-14,6577,34.29
2023-02-15,6577,34.23
2023-02-16,6577,34.12
2023-02-17,6577,34.29
2023-02-20,6577,35.7
2023-02-21,6577,35.82
2023-02-22,6577,35.76
2023-02-23,6577,35.93
2023-02-24,6577,35.65
2023-02-01,6578,14.54
2023-02-02,6578,14.77
2023-02-03,6578,14.86
2023-02-06,6578,14.86
2023-02-07,6578,14.91
2023-02-08,6578,14.82
2023-02-09,6578,14.86
2023-02-10,6578,14.72
2023-02-13,6578,14.63
2023-02-14,6578,14.77
2023-02-15,6578,14.72
2023-02-16,6578,14.68
2023-02-17,6578,14.59
2023-02-20,6578,15.05
2023-02-21,6578,15.05
2023-02-22,6578,14.96
2023-02-23,6578,15.05
2023-02-24,6578,14.91
2023-02-01,6579,77.34
2023-02-02,6579,77.17
2023-02-03,6579,76.84
2023-02-06,6579,76.07
2023-02-07,6579,75.48
2023-02-08,6579,76.67
2023-02-09,6579,77.85
2023-02-10,6579,77.77
2023-02-13,6579,77.43
2023-02-14,6579,76.5
2023-02-15,6579,75.48
2023-02-16,6579,76.84
2023-02-17,6579,77.26
2023-02-20,6579,79.8
2023-02-21,6579,79.46
2023-02-22,6579,80.98
2023-02-23,6579,81.83
2023-02-24,6579,82.25
2023-02-01,6581,84.16
2023-02-02,6581,83.91
2023-02-03,6581,82.47
2023-02-06,6581,85.18
2023-02-07,6581,84.5
2023-02-08,6581,84.5
2023-02-09,6581,84.76
2023-02-10,6581,83.32
2023-02-13,6581,83.32
2023-02-14,6581,84.16
2023-02-15,6581,84.42
2023-02-16,6581,84.76
2023-02-17,6581,85.6
2023-02-20,6581,85.18
2023-02-21,6581,85.6
2023-02-22,6581,86.88
2023-02-23,6581,89.42
2023-02-24,6581,88.57
2023-02-01,6582,60.31
2023-02-02,6582,60.02
2023-02-03,6582,60.02
2023-02-06,6582,61.09
2023-02-07,6582,61.18
2023-02-08,6582,61.38
2023-02-09,6582,60.99
2023-02-10,6582,59.14
2023-02-13,6582,59.24
2023-02-14,6582,59.14
2023-02-15,6582,59.53
2023-02-16,6582,60.21
2023-02-17,6582,60.41
2023-02-20,6582,61.48
2023-02-21,6582,63.03
2023-02-22,6582,65.95
2023-02-23,6582,63.91
2023-02-24,6582,62.16
2023-02-01,6584,57.69
2023-02-02,6584,58.28
2023-02-06,6584,58.28
2023-02-07,6584,57.89
2023-02-08,6584,58.67
2023-02-09,6584,58.77
2023-02-10,6584,65.53
2023-02-13,6584,66.6
2023-02-14,6584,66.9
2023-02-15,6584,64.65
2023-02-16,6584,67.29
2023-02-17,6584,68.56
2023-02-20,6584,69.84
2023-02-21,6584,69.45
2023-02-22,6584,69.45
2023-02-23,6584,69.35
2023-02-24,6584,68.47
2023-02-01,6585,49.81
2023-02-02,6585,49.9
2023-02-03,6585,48.59
2023-02-06,6585,48.85
2023-02-07,6585,48.76
2023-02-08,6585,49.9
2023-02-09,6585,53.66
2023-02-10,6585,53.22
2023-02-13,6585,52.96
2023-02-14,6585,52.96
2023-02-15,6585,55.14
2023-02-16,6585,55.14
2023-02-17,6585,55.49
2023-02-20,6585,56.1
2023-02-21,6585,57.5
2023-02-22,6585,58.11
2023-02-23,6585,58.55
2023-02-24,6585,59.16
2023-02-01,6588,29.87
2023-02-02,6588,30.49
2023-02-03,6588,30.15
2023-02-06,6588,31.05
2023-02-07,6588,31.57
2023-02-08,6588,31.15
2023-02-09,6588,30.82
2023-02-10,6588,30.01
2023-02-13,6588,30.39
2023-02-14,6588,30.06
2023-02-15,6588,30.25
2023-02-16,6588,29.59
2023-02-17,6588,29.78
2023-02-20,6588,30.11
2023-02-21,6588,30.2
2023-02-22,6588,30.25
2023-02-23,6588,31.05
2023-02-24,6588,31.24
2023-02-01,6589,117.0
2023-02-02,6589,118.5
2023-02-03,6589,119.0
2023-02-06,6589,119.5
2023-02-07,6589,125.0
2023-02-08,6589,131.0
2023-02-09,6589,128.5
2023-02-10,6589,128.0
2023-02-13,6589,123.0
2023-02-14,6589,121.5
2023-02-15,6589,122.5
2023-02-16,6589,123.0
2023-02-17,6589,120.5
2023-02-20,6589,120.0
2023-02-21,6589,119.5
2023-02-22,6589,116.0
2023-02-23,6589,119.5
2023-02-24,6589,119.0
2023-02-02,6590,50.52
2023-02-03,6590,49.99
2023-02-06,6590,51.92
2023-02-07,6590,51.48
2023-02-08,6590,51.13
2023-02-09,6590,51.13
2023-02-10,6590,52.01
2023-02-13,6590,52.36
2023-02-14,6590,52.09
2023-02-15,6590,51.39
2023-02-16,6590,51.22
2023-02-17,6590,51.31
2023-02-20,6590,53.58
2023-02-21,6590,53.5
2023-02-22,6590,53.85
2023-02-23,6590,54.81
2023-02-24,6590,60.24
2023-02-01,6591,39.89
2023-02-02,6591,40.02
2023-02-03,6591,39.58
2023-02-06,6591,39.62
2023-02-07,6591,39.71
2023-02-08,6591,40.06
2023-02-09,6591,40.06
2023-02-10,6591,38.82
2023-02-13,6591,38.96
2023-02-14,6591,39.13
2023-02-15,6591,38.73
2023-02-16,6591,39.49
2023-02-17,6591,39.58
2023-02-20,6591,40.02
2023-02-21,6591,40.11
2023-02-22,6591,39.93
2023-02-23,6591,40.24
2023-02-24,6591,41.48
2023-02-01,6592,79.63
2023-02-02,6592,80.01
2023-02-03,6592,80.01
2023-02-06,6592,81.52
2023-02-07,6592,82.65
2023-02-08,6592,82.65
2023-02-09,6592,81.9
2023-02-10,6592,82.65
2023-02-13,6592,84.54
2023-02-14,6592,84.16
2023-02-15,6592,82.65
2023-02-16,6592,83.41
2023-02-17,6592,83.03
2023-02-20,6592,83.41
2023-02-21,6592,83.03
2023-02-22,6592,82.65
2023-02-23,6592,83.03
2023-02-24,6592,83.78
2023-02-01,6592A,88.33
2023-02-02,6592A,88.33
2023-02-03,6592A,88.14
2023-02-06,6592A,88.05
2023-02-07,6592A,88.33
2023-02-08,6592A,88.51
2023-02-09,6592A,88.51
2023-02-10,6592A,88.6
2023-02-13,6592A,88.6
2023-02-14,6592A,88.69
2023-02-15,6592A,88.69
2023-02-16,6592A,88.69
2023-02-17,6592A,88.69
2023-02-20,6592A,88.69
2023-02-21,6592A,88.51
2023-02-22,6592A,88.6
2023-02-23,6592A,88.69
2023-02-24,6592A,88.6
2023-02-01,6593,39.28
2023-02-02,6593,40.41
2023-02-03,6593,40.31
2023-02-06,6593,40.8
2023-02-07,6593,40.8
2023-02-08,6593,40.8
2023-02-09,6593,44.74
2023-02-10,6593,48.77
2023-02-13,6593,50.54
2023-02-14,6593,50.64
2023-02-15,6593,49.65
2023-02-16,6593,49.55
2023-02-17,6593,49.46
2023-02-20,6593,51.13
2023-02-21,6593,50.34
2023-02-22,6593,50.83
2023-02-23,6593,49.65
2023-02-24,6593,50.93
2023-02-01,6594,27.5
2023-02-02,6594,28.5
2023-02-03,6594,29.1
2023-02-06,6594,28.85
2023-02-07,6594,28.75
2023-02-08,6594,29.35
2023-02-09,6594,29.15
2023-02-10,6594,28.35
2023-02-13,6594,28.75
2023-02-14,6594,28.6
2023-02-15,6594,28.25
2023-02-16,6594,28.7
2023-02-17,6594,28.5
2023-02-20,6594,29.15
2023-02-21,6594,28.85
2023-02-22,6594,28.95
2023-02-23,6594,29.5
2023-02-24,6594,29.5
2023-02-01,6596,37.1
2023-02-02,6596,37.6
2023-02-03,6596,37.6
2023-02-06,6596,37.35
2023-02-07,6596,38.14
2023-02-08,6596,37.68
2023-02-09,6596,39.22
2023-02-10,6596,37.64
2023-02-13,6596,37.3
2023-02-14,6596,37.6
2023-02-15,6596,37.97
2023-02-16,6596,38.1
2023-02-17,6596,37.97
2023-02-20,6596,38.01
2023-02-21,6596,38.01
2023-02-22,6596,38.22
2023-02-23,6596,38.47
2023-02-24,6596,38.26
2023-02-16,6597,24.1
2023-02-22,6597,24.25
2023-02-23,6597,24.25
2023-02-24,6597,24.25
2023-02-01,6598,26.62
2023-02-02,6598,26.72
2023-02-03,6598,26.81
2023-02-06,6598,26.95
2023-02-07,6598,27.14
2023-02-08,6598,27.04
2023-02-09,6598,26.9
2023-02-10,6598,26.39
2023-02-13,6598,26.2
2023-02-14,6598,26.34
2023-02-15,6598,26.2
2023-02-16,6598,26.25
2023-02-17,6598,26.25
2023-02-20,6598,26.16
2023-02-21,6598,26.11
2023-02-22,6598,26.06
2023-02-23,6598,26.86
2023-02-24,6598,26.25
2023-02-01,6603,16.88
2023-02-02,6603,16.93
2023-02-03,6603,16.79
2023-02-06,6603,17.36
2023-02-07,6603,17.4
2023-02-08,6603,17.21
2023-02-09,6603,16.74
2023-02-10,6603,16.84
2023-02-13,6603,17.17
2023-02-14,6603,17.21
2023-02-15,6603,17.26
2023-02-16,6603,17.31
2023-02-17,6603,17.31
2023-02-20,6603,17.59
2023-02-21,6603,17.73
2023-02-22,6603,17.69
2023-02-23,6603,17.45
2023-02-24,6603,17.36
2023-02-01,6605,67.67
2023-02-02,6605,67.32
2023-02-03,6605,67.14
2023-02-06,6605,66.96
2023-02-07,6605,67.14
2023-02-08,6605,66.96
2023-02-09,6605,66.96
2023-02-10,6605,69.9
2023-02-13,6605,71.95
2023-02-14,6605,75.33
2023-02-15,6605,76.93
2023-02-16,6605,76.93
2023-02-17,6605,77.2
2023-02-20,6605,78.89
2023-02-21,6605,77.11
2023-02-22,6605,78.0
2023-02-23,6605,78.36
2023-02-24,6605,77.91
2023-02-01,6606,22.29
2023-02-02,6606,22.37
2023-02-03,6606,22.37
2023-02-06,6606,22.25
2023-02-07,6606,22.29
2023-02-08,6606,22.21
2023-02-09,6606,22.61
2023-02-10,6606,23.33
2023-02-13,6606,23.33
2023-02-14,6606,23.49
2023-02-15,6606,23.49
2023-02-16,6606,24.64
2023-02-17,6606,24.56
2023-02-20,6606,25.0
2023-02-21,6606,25.4
2023-02-22,6606,25.36
2023-02-23,6606,25.56
2023-02-24,6606,25.48
2023-02-01,6609,37.24
2023-02-02,6609,36.97
2023-02-03,6609,35.98
2023-02-06,6609,36.47
2023-02-07,6609,36.25
2023-02-08,6609,37.1
2023-02-09,6609,36.38
2023-02-10,6609,35.61
2023-02-13,6609,35.98
2023-02-14,6609,36.61
2023-02-15,6609,36.25
2023-02-16,6609,36.83
2023-02-17,6609,37.01
2023-02-20,6609,37.29
2023-02-21,6609,37.47
2023-02-22,6609,38.42
2023-02-23,6609,38.55
2023-02-24,6609,38.55
2023-02-01,6612,113.97
2023-02-02,6612,109.97
2023-02-03,6612,111.75
2023-02-06,6612,113.52
2023-02-07,6612,114.85
2023-02-08,6612,114.85
2023-02-09,6612,125.5
2023-02-10,6612,116.18
2023-02-13,6612,113.08
2023-02-14,6612,113.08
2023-02-15,6612,115.74
2023-02-16,6612,121.5
2023-02-17,6612,117.07
2023-02-20,6612,112.19
2023-02-21,6612,111.75
2023-02-22,6612,122.83
2023-02-23,6612,134.81
2023-02-24,6612,126.38
2023-02-01,6613,74.87
2023-02-02,6613,76.61
2023-02-03,6613,77.27
2023-02-06,6613,77.27
2023-02-07,6613,78.01
2023-02-08,6613,79.67
2023-02-09,6613,81.15
2023-02-10,6613,77.85
2023-02-13,6613,80.08
2023-02-14,6613,80.66
2023-02-15,6613,79.09
2023-02-16,6613,79.17
2023-02-17,6613,79.5
2023-02-20,6613,82.23
2023-02-21,6613,82.48
2023-02-22,6613,82.23
2023-02-23,6613,83.05
2023-02-24,6613,81.73
2023-02-01,6615,36.14
2023-02-02,6615,35.8
2023-02-03,6615,35.9
2023-02-06,6615,35.37
2023-02-07,6615,35.7
2023-02-08,6615,35.46
2023-02-09,6615,35.65
2023-02-10,6615,36.43
2023-02-13,6615,35.9
2023-02-14,6615,36.23
2023-02-15,6615,36.47
2023-02-16,6615,36.71
2023-02-17,6615,36.81
2023-02-20,6615,37.05
2023-02-21,6615,37.0
2023-02-22,6615,36.62
2023-02-23,6615,36.62
2023-02-24,6615,36.96
2023-02-01,6616,12.81
2023-02-02,6616,12.86
2023-02-03,6616,13.04
2023-02-06,6616,12.9
2023-02-07,6616,12.86
2023-02-08,6616,12.95
2023-02-09,6616,13.0
2023-02-10,6616,12.95
2023-02-13,6616,12.9
2023-02-14,6616,12.9
2023-02-15,6616,12.95
2023-02-16,6616,13.09
2023-02-17,6616,13.04
2023-02-20,6616,13.09
2023-02-21,6616,13.04
2023-02-22,6616,13.04
2023-02-23,6616,13.23
2023-02-24,6616,13.18
2023-02-01,6617,309.0
2023-02-02,6617,311.5
2023-02-03,6617,321.5
2023-02-06,6617,319.5
2023-02-07,6617,323.5
2023-02-08,6617,324.5
2023-02-09,6617,320.0
2023-02-10,6617,313.5
2023-02-13,6617,319.5
2023-02-14,6617,319.5
2023-02-15,6617,317.5
2023-02-16,6617,314.5
2023-02-17,6617,316.5
2023-02-20,6617,314.5
2023-02-21,6617,314.5
2023-02-22,6617,311.5
2023-02-23,6617,311.5
2023-02-24,6617,309.5
2023-02-01,6624,38.5
2023-02-02,6624,38.55
2023-02-03,6624,38.46
2023-02-06,6624,38.55
2023-02-07,6624,38.73
2023-02-08,6624,37.65
2023-02-09,6624,37.87
2023-02-10,6624,38.28
2023-02-13,6624,38.01
2023-02-14,6624,38.01
2023-02-16,6624,38.01
2023-02-17,6624,37.96
2023-02-20,6624,37.6
2023-02-21,6624,37.65
2023-02-22,6624,37.65
2023-02-23,6624,37.6
2023-02-24,6624,37.56
2023-02-01,6625,33.09
2023-02-02,6625,33.7
2023-02-03,6625,34.52
2023-02-06,6625,34.85
2023-02-07,6625,38.32
2023-02-08,6625,40.61
2023-02-09,6625,41.55
2023-02-10,6625,41.31
2023-02-13,6625,37.18
2023-02-14,6625,37.06
2023-02-15,6625,38.94
2023-02-16,6625,39.71
2023-02-17,6625,42.54
2023-02-20,6625,40.37
2023-02-21,6625,40.29
2023-02-22,6625,40.12
2023-02-23,6625,39.51
2023-02-24,6625,38.65
2023-02-01,6629,40.83
2023-02-02,6629,39.83
2023-02-03,6629,39.92
2023-02-06,6629,40.83
2023-02-07,6629,41.38
2023-02-08,6629,40.75
2023-02-09,6629,40.75
2023-02-10,6629,41.17
2023-02-13,6629,41.13
2023-02-14,6629,40.08
2023-02-15,6629,39.75
2023-02-21,6629,39.33
2023-02-24,6629,38.83
2023-02-01,6637,44.33
2023-02-03,6637,45.76
2023-02-06,6637,45.76
2023-02-07,6637,45.57
2023-02-08,6637,43.56
2023-02-09,6637,44.71
2023-02-10,6637,44.8
2023-02-13,6637,44.8
2023-02-14,6637,44.76
2023-02-15,6637,44.76
2023-02-16,6637,44.76
2023-02-17,6637,44.76
2023-02-20,6637,44.76
2023-02-21,6637,42.61
2023-02-22,6637,44.76
2023-02-24,6637,44.76
2023-02-01,6640,87.54
2023-02-02,6640,86.81
2023-02-03,6640,87.36
2023-02-06,6640,86.9
2023-02-07,6640,86.9
2023-02-08,6640,86.81
2023-02-09,6640,86.81
2023-02-10,6640,86.81
2023-02-13,6640,85.37
2023-02-14,6640,85.09
2023-02-15,6640,85.0
2023-02-16,6640,84.55
2023-02-17,6640,84.55
2023-02-20,6640,83.28
2023-02-21,6640,84.19
2023-02-22,6640,84.91
2023-02-23,6640,85.46
2023-02-24,6640,85.09
2023-02-01,6641,47.23
2023-02-02,6641,47.32
2023-02-03,6641,47.32
2023-02-06,6641,47.5
2023-02-07,6641,47.15
2023-02-08,6641,47.15
2023-02-09,6641,47.15
2023-02-10,6641,47.15
2023-02-13,6641,46.97
2023-02-14,6641,47.15
2023-02-15,6641,46.8
2023-02-16,6641,47.76
2023-02-17,6641,46.8
2023-02-20,6641,47.5
2023-02-21,6641,47.76
2023-02-22,6641,48.02
2023-02-23,6641,48.28
2023-02-24,6641,48.11
2023-02-01,6642,41.54
2023-02-02,6642,41.81
2023-02-03,6642,41.19
2023-02-06,6642,41.81
2023-02-07,6642,41.33
2023-02-08,6642,41.94
2023-02-09,6642,42.11
2023-02-10,6642,41.46
2023-02-13,6642,41.85
2023-02-14,6642,41.85
2023-02-15,6642,41.63
2023-02-16,6642,42.28
2023-02-17,6642,43.59
2023-02-20,6642,47.95
2023-02-21,6642,45.77
2023-02-22,6642,46.73
2023-02-23,6642,46.91
2023-02-24,6642,45.86
2023-02-01,6643,398.91
2023-02-02,6643,401.89
2023-02-03,6643,403.38
2023-02-06,6643,391.47
2023-02-07,6643,398.17
2023-02-08,6643,421.98
2023-02-09,6643,463.66
2023-02-10,6643,442.82
2023-02-13,6643,444.31
2023-02-14,6643,427.94
2023-02-15,6643,423.47
2023-02-16,6643,439.84
2023-02-17,6643,443.56
2023-02-20,6643,437.61
2023-02-21,6643,446.54
2023-02-22,6643,403.38
2023-02-23,6643,430.17
2023-02-24,6643,446.54
2023-02-01,6645,32.33
2023-02-02,6645,32.47
2023-02-03,6645,32.42
2023-02-06,6645,32.75
2023-02-07,6645,32.14
2023-02-08,6645,31.81
2023-02-09,6645,32.42
2023-02-10,6645,32.42
2023-02-13,6645,31.81
2023-02-14,6645,31.81
2023-02-15,6645,31.39
2023-02-16,6645,32.42
2023-02-17,6645,31.81
2023-02-20,6645,32.42
2023-02-21,6645,33.17
2023-02-22,6645,32.42
2023-02-23,6645,32.89
2023-02-24,6645,33.17
2023-02-01,6649,41.31
2023-02-02,6649,41.46
2023-02-03,6649,45.23
2023-02-06,6649,47.87
2023-02-07,6649,47.37
2023-02-08,6649,48.02
2023-02-09,6649,47.72
2023-02-10,6649,47.62
2023-02-13,6649,42.9
2023-02-14,6649,42.1
2023-02-15,6649,41.11
2023-02-16,6649,41.51
2023-02-17,6649,42.1
2023-02-20,6649,44.24
2023-02-21,6649,43.25
2023-02-22,6649,42.35
2023-02-23,6649,41.36
2023-02-24,6649,42.0
2023-02-01,6651,59.37
2023-02-02,6651,59.7
2023-02-03,6651,59.87
2023-02-06,6651,60.36
2023-02-07,6651,60.69
2023-02-08,6651,61.01
2023-02-09,6651,62.41
2023-02-10,6651,59.62
2023-02-13,6651,59.7
2023-02-14,6651,59.87
2023-02-15,6651,59.05
2023-02-16,6651,60.44
2023-02-17,6651,60.11
2023-02-20,6651,60.44
2023-02-21,6651,60.6
2023-02-22,6651,59.78
2023-02-23,6651,60.93
2023-02-24,6651,61.1
2023-02-01,6654,47.62
2023-02-02,6654,47.87
2023-02-03,6654,47.13
2023-02-06,6654,47.33
2023-02-07,6654,46.59
2023-02-08,6654,47.77
2023-02-09,6654,47.43
2023-02-10,6654,47.38
2023-02-13,6654,49.48
2023-02-14,6654,54.38
2023-02-15,6654,55.66
2023-02-16,6654,54.19
2023-02-17,6654,54.97
2023-02-20,6654,54.38
2023-02-21,6654,54.87
2023-02-22,6654,54.58
2023-02-23,6654,54.78
2023-02-01,6655,110.25
2023-02-02,6655,109.82
2023-02-06,6655,109.82
2023-02-07,6655,110.25
2023-02-09,6655,110.25
2023-02-13,6655,109.39
2023-02-14,6655,109.39
2023-02-15,6655,110.25
2023-02-16,6655,108.97
2023-02-17,6655,108.54
2023-02-20,6655,108.54
2023-02-21,6655,108.54
2023-02-22,6655,107.69
2023-02-23,6655,109.39
2023-02-24,6655,108.97
2023-02-01,6657,56.58
2023-02-02,6657,56.28
2023-02-03,6657,57.37
2023-02-06,6657,61.32
2023-02-07,6657,59.15
2023-02-08,6657,58.55
2023-02-09,6657,59.84
2023-02-10,6657,59.25
2023-02-13,6657,58.55
2023-02-14,6657,58.65
2023-02-15,6657,58.45
2023-02-16,6657,56.48
2023-02-17,6657,57.07
2023-02-20,6657,63.89
2023-02-21,6657,66.27
2023-02-22,6657,65.48
2023-02-23,6657,65.48
2023-02-24,6657,65.77
2023-02-01,6658,41.05
2023-02-02,6658,41.8
2023-02-03,6658,41.52
2023-02-06,6658,42.46
2023-02-07,6658,42.56
2023-02-08,6658,42.56
2023-02-09,6658,42.94
2023-02-10,6658,42.56
2023-02-13,6658,43.46
2023-02-14,6658,42.27
2023-02-15,6658,42.94
2023-02-16,6658,43.65
2023-02-17,6658,43.98
2023-02-20,6658,45.3
2023-02-21,6658,43.79
2023-02-22,6658,43.98
2023-02-23,6658,44.45
2023-02-24,6658,44.26
2023-02-01,6661,22.62
2023-02-02,6661,22.72
2023-02-03,6661,23.01
2023-02-06,6661,23.31
2023-02-07,6661,24.01
2023-02-08,6661,23.91
2023-02-09,6661,24.2
2023-02-10,6661,23.61
2023-02-13,6661,23.31
2023-02-14,6661,23.31
2023-02-15,6661,23.31
2023-02-16,6661,23.81
2023-02-17,6661,23.51
2023-02-20,6661,23.31
2023-02-21,6661,23.36
2023-02-22,6661,23.41
2023-02-23,6661,23.51
2023-02-24,6661,23.51
2023-02-01,6662,28.62
2023-02-02,6662,28.86
2023-02-03,6662,28.76
2023-02-06,6662,28.86
2023-02-07,6662,29.0
2023-02-08,6662,29.05
2023-02-09,6662,29.05
2023-02-10,6662,28.81
2023-02-13,6662,28.57
2023-02-14,6662,28.67
2023-02-15,6662,28.48
2023-02-16,6662,28.43
2023-02-17,6662,28.76
2023-02-20,6662,28.57
2023-02-21,6662,28.52
2023-02-22,6662,28.57
2023-02-23,6662,28.57
2023-02-24,6662,28.72
2023-02-01,6664,92.66
2023-02-02,6664,92.66
2023-02-03,6664,93.9
2023-02-06,6664,92.66
2023-02-07,6664,92.38
2023-02-08,6664,94.56
2023-02-09,6664,93.99
2023-02-10,6664,93.71
2023-02-13,6664,93.33
2023-02-14,6664,93.23
2023-02-15,6664,96.36
2023-02-16,6664,96.84
2023-02-17,6664,99.69
2023-02-20,6664,97.31
2023-02-21,6664,98.26
2023-02-22,6664,99.21
2023-02-23,6664,98.74
2023-02-24,6664,103.49
2023-02-01,6666,81.11
2023-02-02,6666,82.59
2023-02-03,6666,83.08
2023-02-06,6666,83.87
2023-02-07,6666,83.18
2023-02-08,6666,85.25
2023-02-09,6666,86.43
2023-02-10,6666,85.45
2023-02-13,6666,80.62
2023-02-14,6666,82.2
2023-02-15,6666,83.48
2023-02-16,6666,84.56
2023-02-17,6666,83.48
2023-02-20,6666,87.32
2023-02-21,6666,88.79
2023-02-22,6666,97.65
2023-02-23,6666,96.27
2023-02-24,6666,92.24
2023-02-01,6667,54.62
2023-02-02,6667,54.79
2023-02-03,6667,55.39
2023-02-06,6667,55.39
2023-02-07,6667,54.36
2023-02-08,6667,54.88
2023-02-09,6667,54.79
2023-02-10,6667,53.68
2023-02-13,6667,54.02
2023-02-14,6667,54.53
2023-02-15,6667,53.85
2023-02-16,6667,54.11
2023-02-17,6667,54.36
2023-02-20,6667,57.1
2023-02-21,6667,57.61
2023-02-22,6667,56.93
2023-02-23,6667,58.29
2023-02-24,6667,56.84
2023-02-01,6668,39.6
2023-02-02,6668,40.35
2023-02-03,6668,40.25
2023-02-06,6668,39.5
2023-02-07,6668,41.9
2023-02-08,6668,41.7
2023-02-09,6668,42.0
2023-02-10,6668,41.0
2023-02-13,6668,40.7
2023-02-14,6668,41.3
2023-02-15,6668,41.3
2023-02-16,6668,41.6
2023-02-17,6668,41.1
2023-02-20,6668,41.7
2023-02-21,6668,41.95
2023-02-22,6668,41.15
2023-02-23,6668,41.4
2023-02-24,6668,40.9
2023-02-01,6669,701.53
2023-02-02,6669,752.75
2023-02-03,6669,769.21
2023-02-06,6669,782.02
2023-02-07,6669,771.04
2023-02-08,6669,777.45
2023-02-09,6669,784.76
2023-02-10,6669,769.21
2023-02-13,6669,744.52
2023-02-14,6669,756.41
2023-02-15,6669,751.84
2023-02-16,6669,766.47
2023-02-17,6669,764.64
2023-02-20,6669,760.07
2023-02-21,6669,785.68
2023-02-22,6669,755.49
2023-02-23,6669,830.49
2023-02-24,6669,886.29
2023-02-01,6670,179.9
2023-02-02,6670,178.69
2023-02-03,6670,175.45
2023-02-06,6670,175.45
2023-02-07,6670,179.09
2023-02-08,6670,178.69
2023-02-09,6670,183.13
2023-02-10,6670,182.32
2023-02-13,6670,181.11
2023-02-14,6670,181.52
2023-02-15,6670,181.92
2023-02-16,6670,181.92
2023-02-17,6670,180.71
2023-02-20,6670,180.71
2023-02-21,6670,184.75
2023-02-22,6670,190.01
2023-02-23,6670,198.9
2023-02-24,6670,200.92
2023-02-01,6671,31.21
2023-02-02,6671,32.02
2023-02-03,6671,32.1
2023-02-06,6671,32.1
2023-02-07,6671,31.97
2023-02-08,6671,31.47
2023-02-09,6671,31.72
2023-02-10,6671,31.68
2023-02-13,6671,31.55
2023-02-14,6671,32.14
2023-02-15,6671,31.89
2023-02-16,6671,32.06
2023-02-17,6671,32.19
2023-02-20,6671,32.23
2023-02-21,6671,32.27
2023-02-22,6671,32.31
2023-02-23,6671,33.84
2023-02-24,6671,33.8
2023-02-01,6672,72.0
2023-02-02,6672,72.97
2023-02-03,6672,71.91
2023-02-06,6672,70.95
2023-02-07,6672,71.74
2023-02-08,6672,71.48
2023-02-09,6672,71.48
2023-02-10,6672,70.07
2023-02-13,6672,70.33
2023-02-14,6672,69.98
2023-02-15,6672,70.33
2023-02-16,6672,72.18
2023-02-17,6672,72.27
2023-02-20,6672,73.76
2023-02-21,6672,73.59
2023-02-22,6672,72.62
2023-02-23,6672,73.41
2023-02-24,6672,71.91
2023-02-01,6674,24.85
2023-02-02,6674,25.2
2023-02-03,6674,25.54
2023-02-06,6674,25.69
2023-02-07,6674,25.79
2023-02-08,6674,25.54
2023-02-09,6674,25.89
2023-02-10,6674,25.3
2023-02-13,6674,25.64
2023-02-14,6674,25.64
2023-02-15,6674,26.08
2023-02-16,6674,26.08
2023-02-17,6674,26.23
2023-02-20,6674,26.38
2023-02-21,6674,26.57
2023-02-22,6674,26.72
2023-02-23,6674,26.77
2023-02-24,6674,26.87
2023-02-01,6679,272.12
2023-02-02,6679,268.02
2023-02-03,6679,262.55
2023-02-06,6679,264.38
2023-02-07,6679,262.1
2023-02-08,6679,271.21
2023-02-09,6679,268.48
2023-02-10,6679,261.19
2023-02-13,6679,252.98
2023-02-14,6679,253.89
2023-02-15,6679,255.72
2023-02-16,6679,264.38
2023-02-17,6679,262.1
2023-02-20,6679,266.65
2023-02-21,6679,262.55
2023-02-22,6679,247.51
2023-02-23,6679,255.26
2023-02-24,6679,255.26
2023-02-01,6680,49.12
2023-02-06,6680,48.73
2023-02-07,6680,48.73
2023-02-08,6680,48.96
2023-02-09,6680,47.73
2023-02-10,6680,46.97
2023-02-13,6680,46.97
2023-02-14,6680,46.97
2023-02-15,6680,46.97
2023-02-16,6680,46.81
2023-02-17,6680,48.35
2023-02-20,6680,48.35
2023-02-21,6680,49.04
2023-02-22,6680,48.73
2023-02-23,6680,48.66
2023-02-24,6680,48.5
2023-02-01,6683,185.14
2023-02-02,6683,187.44
2023-02-03,6683,189.28
2023-02-06,6683,182.84
2023-02-07,6683,194.33
2023-02-08,6683,200.3
2023-02-09,6683,198.0
2023-02-10,6683,193.41
2023-02-13,6683,191.11
2023-02-14,6683,193.41
2023-02-15,6683,192.03
2023-02-16,6683,196.17
2023-02-17,6683,195.25
2023-02-20,6683,194.33
2023-02-21,6683,198.46
2023-02-22,6683,189.28
2023-02-23,6683,192.95
2023-02-24,6683,192.49
2023-02-01,6684,47.04
2023-02-02,6684,49.88
2023-02-03,6684,51.35
2023-02-06,6684,50.66
2023-02-07,6684,50.66
2023-02-08,6684,52.72
2023-02-09,6684,51.64
2023-02-10,6684,49.19
2023-02-13,6684,50.37
2023-02-14,6684,49.19
2023-02-15,6684,48.8
2023-02-16,6684,50.17
2023-02-17,6684,50.37
2023-02-20,6684,51.25
2023-02-21,6684,50.96
2023-02-22,6684,49.98
2023-02-23,6684,52.52
2023-02-24,6684,51.54
2023-02-01,6689,119.14
2023-02-02,6689,127.31
2023-02-03,6689,122.02
2023-02-06,6689,119.62
2023-02-07,6689,120.1
2023-02-08,6689,120.1
2023-02-09,6689,131.63
2023-02-10,6689,125.39
2023-02-13,6689,124.43
2023-02-14,6689,122.02
2023-02-15,6689,121.06
2023-02-16,6689,127.31
2023-02-17,6689,128.27
2023-02-20,6689,126.83
2023-02-21,6689,126.35
2023-02-22,6689,122.02
2023-02-23,6689,122.98
2023-02-24,6689,135.0
2023-02-01,6690,106.09
2023-02-02,6690,110.67
2023-02-03,6690,121.64
2023-02-06,6690,115.24
2023-02-07,6690,115.24
2023-02-08,6690,121.18
2023-02-09,6690,129.87
2023-02-10,6690,131.25
2023-02-13,6690,133.53
2023-02-14,6690,132.16
2023-02-15,6690,129.42
2023-02-16,6690,139.93
2023-02-17,6690,139.93
2023-02-20,6690,139.93
2023-02-21,6690,138.56
2023-02-22,6690,149.99
2023-02-23,6690,150.91
2023-02-24,6690,151.82
2023-02-01,6691,126.61
2023-02-02,6691,127.2
2023-02-03,6691,132.76
2023-02-06,6691,134.51
2023-02-07,6691,139.48
2023-02-08,6691,140.36
2023-02-09,6691,141.24
2023-02-10,6691,138.6
2023-02-13,6691,138.6
2023-02-14,6691,139.48
2023-02-15,6691,139.48
2023-02-16,6691,141.53
2023-02-17,6691,146.21
2023-02-20,6691,153.81
2023-02-21,6691,161.41
2023-02-22,6691,162.0
2023-02-23,6691,170.77
2023-02-24,6691,166.09
2023-02-01,6692,34.66
2023-02-02,6692,35.01
2023-02-03,6692,34.66
2023-02-06,6692,34.79
2023-02-07,6692,35.85
2023-02-08,6692,35.85
2023-02-09,6692,35.45
2023-02-10,6692,35.98
2023-02-13,6692,35.93
2023-02-14,6692,35.32
2023-02-15,6692,35.1
2023-02-16,6692,35.45
2023-02-17,6692,35.1
2023-02-20,6692,35.45
2023-02-21,6692,35.45
2023-02-22,6692,35.45
2023-02-23,6692,35.1
2023-02-24,6692,34.97
2023-02-01,6693,58.79
2023-02-02,6693,59.07
2023-02-03,6693,59.53
2023-02-06,6693,59.44
2023-02-07,6693,59.44
2023-02-08,6693,59.9
2023-02-09,6693,59.9
2023-02-10,6693,58.42
2023-02-13,6693,58.24
2023-02-14,6693,58.15
2023-02-15,6693,57.59
2023-02-16,6693,57.68
2023-02-17,6693,57.41
2023-02-20,6693,58.15
2023-02-21,6693,57.5
2023-02-22,6693,56.95
2023-02-23,6693,56.21
2023-02-24,6693,56.48
2023-02-01,6695,47.0
2023-02-02,6695,46.15
2023-02-03,6695,45.1
2023-02-06,6695,45.0
2023-02-07,6695,46.35
2023-02-08,6695,45.8
2023-02-09,6695,46.1
2023-02-10,6695,45.0
2023-02-13,6695,47.7
2023-02-14,6695,46.35
2023-02-15,6695,46.15
2023-02-16,6695,46.55
2023-02-17,6695,45.8
2023-02-20,6695,47.15
2023-02-21,6695,47.35
2023-02-22,6695,45.0
2023-02-23,6695,45.15
2023-02-24,6695,44.15
2023-02-01,6697,32.78
2023-02-06,6697,33.04
2023-02-07,6697,32.95
2023-02-08,6697,33.4
2023-02-09,6697,33.26
2023-02-10,6697,33.48
2023-02-13,6697,33.75
2023-02-14,6697,33.84
2023-02-15,6697,33.66
2023-02-16,6697,33.66
2023-02-17,6697,33.62
2023-02-20,6697,33.17
2023-02-21,6697,35.43
2023-02-22,6697,33.93
2023-02-23,6697,35.17
2023-02-24,6697,38.67
2023-02-01,6698,29.0
2023-02-02,6698,29.8
2023-02-03,6698,30.65
2023-02-06,6698,29.75
2023-02-07,6698,30.1
2023-02-08,6698,30.05
2023-02-09,6698,30.0
2023-02-10,6698,30.0
2023-02-13,6698,30.2
2023-02-14,6698,30.2
2023-02-15,6698,30.0
2023-02-16,6698,30.35
2023-02-17,6698,30.35
2023-02-20,6698,31.2
2023-02-21,6698,31.35
2023-02-22,6698,31.35
2023-02-23,6698,32.65
2023-02-24,6698,32.6
2023-02-01,6703,75.29
2023-02-02,6703,75.29
2023-02-03,6703,76.39
2023-02-06,6703,76.76
2023-02-07,6703,76.02
2023-02-08,6703,75.29
2023-02-09,6703,76.39
2023-02-10,6703,76.02
2023-02-13,6703,77.49
2023-02-14,6703,77.86
2023-02-15,6703,81.9
2023-02-16,6703,83.37
2023-02-17,6703,84.84
2023-02-20,6703,84.1
2023-02-21,6703,85.57
2023-02-22,6703,88.88
2023-02-23,6703,87.78
2023-02-24,6703,88.14
2023-02-01,6706,90.29
2023-02-02,6706,91.51
2023-02-03,6706,90.48
2023-02-06,6706,88.98
2023-02-07,6706,90.1
2023-02-08,6706,92.35
2023-02-09,6706,90.66
2023-02-10,6706,89.07
2023-02-13,6706,87.95
2023-02-14,6706,88.51
2023-02-15,6706,88.7
2023-02-16,6706,90.76
2023-02-17,6706,91.32
2023-02-20,6706,91.88
2023-02-21,6706,92.72
2023-02-22,6706,90.1
2023-02-23,6706,91.51
2023-02-24,6706,90.2
2023-02-01,6708,59.75
2023-02-02,6708,59.95
2023-02-03,6708,58.97
2023-02-06,6708,57.32
2023-02-07,6708,59.56
2023-02-08,6708,59.17
2023-02-09,6708,63.15
2023-02-10,6708,59.56
2023-02-13,6708,58.1
2023-02-14,6708,58.1
2023-02-15,6708,56.93
2023-02-16,6708,57.52
2023-02-17,6708,58.59
2023-02-20,6708,58.2
2023-02-21,6708,58.97
2023-02-22,6708,57.71
2023-02-23,6708,58.59
2023-02-24,6708,58.0
2023-02-01,6712,152.42
2023-02-02,6712,152.42
2023-02-03,6712,150.67
2023-02-06,6712,157.67
2023-02-07,6712,165.38
2023-02-08,6712,162.23
2023-02-09,6712,161.18
2023-02-10,6712,160.13
2023-02-13,6712,159.43
2023-02-14,6712,161.53
2023-02-15,6712,161.53
2023-02-16,6712,157.32
2023-02-17,6712,154.17
2023-02-20,6712,152.07
2023-02-21,6712,153.12
2023-02-22,6712,153.47
2023-02-23,6712,153.47
2023-02-24,6712,149.97
2023-02-01,6715,121.39
2023-02-02,6715,124.19
2023-02-03,6715,121.39
2023-02-06,6715,122.32
2023-02-07,6715,120.45
2023-02-08,6715,127.92
2023-02-09,6715,126.05
2023-02-10,6715,120.45
2023-02-13,6715,119.52
2023-02-14,6715,119.05
2023-02-15,6715,119.05
2023-02-16,6715,119.99
2023-02-17,6715,131.66
2023-02-20,6715,137.26
2023-02-21,6715,141.93
2023-02-22,6715,142.86
2023-02-23,6715,141.93
2023-02-24,6715,137.26
2023-02-01,6716,70.25
2023-02-02,6716,77.26
2023-02-03,6716,74.04
2023-02-06,6716,73.07
2023-02-07,6716,74.44
2023-02-08,6716,74.6
2023-02-09,6716,74.92
2023-02-10,6716,73.15
2023-02-13,6716,72.18
2023-02-14,6716,73.23
2023-02-15,6716,72.83
2023-02-16,6716,73.31
2023-02-17,6716,72.18
2023-02-20,6716,74.04
2023-02-21,6716,72.99
2023-02-22,6716,72.51
2023-02-23,6716,76.21
2023-02-24,6716,74.6
2023-02-01,6719,302.8
2023-02-02,6719,303.75
2023-02-03,6719,291.37
2023-02-06,6719,293.75
2023-02-07,6719,299.46
2023-02-08,6719,314.7
2023-02-09,6719,305.65
2023-02-10,6719,294.7
2023-02-13,6719,286.61
2023-02-14,6719,289.94
2023-02-15,6719,279.47
2023-02-16,6719,285.66
2023-02-17,6719,293.27
2023-02-20,6719,285.18
2023-02-21,6719,280.42
2023-02-22,6719,274.71
2023-02-23,6719,281.85
2023-02-24,6719,278.51
2023-02-01,6720,21.55
2023-02-02,6720,23.0
2023-02-03,6720,23.5
2023-02-06,6720,24.25
2023-02-07,6720,23.05
2023-02-08,6720,23.4
2023-02-09,6720,23.85
2023-02-10,6720,23.55
2023-02-13,6720,23.9
2023-02-15,6720,23.8
2023-02-16,6720,24.05
2023-02-17,6720,25.0
2023-02-20,6720,26.9
2023-02-21,6720,30.5
2023-02-22,6720,29.1
2023-02-23,6720,27.1
2023-02-24,6720,26.65
2023-02-01,6721,41.81
2023-02-02,6721,42.58
2023-02-03,6721,42.0
2023-02-06,6721,42.0
2023-02-07,6721,42.72
2023-02-08,6721,42.53
2023-02-09,6721,43.01
2023-02-10,6721,42.53
2023-02-13,6721,43.24
2023-02-14,6721,44.39
2023-02-15,6721,46.16
2023-02-16,6721,47.4
2023-02-17,6721,47.35
2023-02-20,6721,47.25
2023-02-21,6721,48.97
2023-02-22,6721,48.97
2023-02-23,6721,48.4
2023-02-24,6721,48.69
2023-02-01,6727,60.55
2023-02-02,6727,60.72
2023-02-03,6727,60.37
2023-02-06,6727,60.02
2023-02-07,6727,60.02
2023-02-08,6727,60.29
2023-02-09,6727,61.25
2023-02-10,6727,61.6
2023-02-13,6727,59.76
2023-02-14,6727,59.76
2023-02-15,6727,59.93
2023-02-16,6727,60.29
2023-02-17,6727,60.11
2023-02-20,6727,60.99
2023-02-21,6727,61.95
2023-02-22,6727,62.3
2023-02-23,6727,63.01
2023-02-24,6727,62.48
2023-02-01,6728,102.64
2023-02-02,6728,103.06
2023-02-03,6728,104.76
2023-02-06,6728,104.76
2023-02-07,6728,105.18
2023-02-08,6728,106.45
2023-02-09,6728,104.76
2023-02-10,6728,104.33
2023-02-13,6728,101.79
2023-02-14,6728,101.79
2023-02-15,6728,102.64
2023-02-16,6728,103.91
2023-02-17,6728,103.91
2023-02-20,6728,108.15
2023-02-21,6728,107.72
2023-02-22,6728,108.57
2023-02-23,6728,119.18
2023-02-24,6728,128.08
2023-02-01,6732,259.82
2023-02-02,6732,263.34
2023-02-03,6732,262.46
2023-02-06,6732,259.38
2023-02-07,6732,265.1
2023-02-08,6732,276.55
2023-02-09,6732,266.86
2023-02-10,6732,258.5
2023-02-13,6732,254.97
2023-02-14,6732,253.65
2023-02-15,6732,249.69
2023-02-16,6732,254.09
2023-02-17,6732,255.41
2023-02-20,6732,262.02
2023-02-21,6732,288.0
2023-02-22,6732,296.81
2023-02-23,6732,326.31
2023-02-24,6732,317.5
2023-02-01,6733,22.35
2023-02-02,6733,22.9
2023-02-03,6733,22.9
2023-02-06,6733,23.0
2023-02-07,6733,22.85
2023-02-08,6733,22.8
2023-02-09,6733,23.7
2023-02-10,6733,23.65
2023-02-13,6733,23.65
2023-02-14,6733,23.6
2023-02-15,6733,23.55
2023-02-16,6733,23.65
2023-02-17,6733,23.7
2023-02-20,6733,24.95
2023-02-21,6733,24.6
2023-02-22,6733,25.4
2023-02-23,6733,27.9
2023-02-24,6733,27.95
2023-02-01,6735,45.28
2023-02-02,6735,44.73
2023-02-03,6735,45.52
2023-02-06,6735,45.52
2023-02-07,6735,45.76
2023-02-08,6735,45.44
2023-02-09,6735,45.2
2023-02-10,6735,44.02
2023-02-13,6735,44.89
2023-02-14,6735,44.73
2023-02-15,6735,44.97
2023-02-16,6735,44.33
2023-02-17,6735,44.57
2023-02-20,6735,45.6
2023-02-21,6735,45.12
2023-02-22,6735,44.41
2023-02-23,6735,45.68
2023-02-24,6735,45.36
2023-02-02,6739,35.34
2023-02-06,6739,37.8
2023-02-07,6739,37.8
2023-02-08,6739,39.27
2023-02-09,6739,42.41
2023-02-10,6739,39.76
2023-02-13,6739,41.23
2023-02-14,6739,39.47
2023-02-16,6739,40.35
2023-02-17,6739,41.48
2023-02-20,6739,45.41
2023-02-21,6739,44.87
2023-02-22,6739,44.18
2023-02-23,6739,43.49
2023-02-24,6739,44.18
2023-02-01,6741,104.52
2023-02-02,6741,106.93
2023-02-03,6741,103.07
2023-02-06,6741,103.55
2023-02-07,6741,105.0
2023-02-08,6741,108.85
2023-02-09,6741,111.74
2023-02-10,6741,112.71
2023-02-13,6741,111.74
2023-02-14,6741,106.93
2023-02-15,6741,107.41
2023-02-16,6741,111.74
2023-02-17,6741,122.82
2023-02-20,6741,120.89
2023-02-21,6741,122.34
2023-02-22,6741,120.89
2023-02-23,6741,123.3
2023-02-24,6741,121.86
2023-02-01,6742,92.41
2023-02-02,6742,90.94
2023-02-03,6742,93.29
2023-02-06,6742,90.75
2023-02-07,6742,91.43
2023-02-08,6742,93.29
2023-02-09,6742,92.12
2023-02-10,6742,91.53
2023-02-13,6742,92.22
2023-02-14,6742,91.92
2023-02-15,6742,92.8
2023-02-16,6742,101.7
2023-02-17,6742,103.66
2023-02-20,6742,113.44
2023-02-21,6742,110.99
2023-02-22,6742,105.12
2023-02-23,6742,107.57
2023-02-24,6742,107.08
2023-02-01,6743,39.44
2023-02-02,6743,40.53
2023-02-03,6743,40.23
2023-02-06,6743,40.28
2023-02-07,6743,40.68
2023-02-08,6743,42.07
2023-02-09,6743,42.46
2023-02-10,6743,43.31
2023-02-13,6743,43.16
2023-02-14,6743,42.26
2023-02-15,6743,42.12
2023-02-16,6743,42.17
2023-02-17,6743,42.71
2023-02-20,6743,44.1
2023-02-21,6743,44.15
2023-02-22,6743,43.11
2023-02-23,6743,43.55
2023-02-24,6743,43.16
2023-02-01,6747,146.48
2023-02-02,6747,151.93
2023-02-03,6747,153.49
2023-02-06,6747,154.66
2023-02-07,6747,158.95
2023-02-08,6747,162.06
2023-02-09,6747,164.79
2023-02-10,6747,160.12
2023-02-13,6747,162.45
2023-02-14,6747,169.86
2023-02-15,6747,165.57
2023-02-16,6747,165.18
2023-02-17,6747,163.62
2023-02-20,6747,163.62
2023-02-21,6747,163.23
2023-02-22,6747,160.89
2023-02-23,6747,163.23
2023-02-24,6747,162.84
2023-02-01,6751,41.93
2023-02-02,6751,42.44
2023-02-03,6751,43.3
2023-02-06,6751,42.71
2023-02-07,6751,42.94
2023-02-08,6751,43.26
2023-02-09,6751,42.85
2023-02-10,6751,42.44
2023-02-13,6751,43.58
2023-02-14,6751,43.39
2023-02-15,6751,43.48
2023-02-16,6751,43.76
2023-02-17,6751,43.99
2023-02-20,6751,45.03
2023-02-21,6751,45.95
2023-02-22,6751,45.67
2023-02-23,6751,50.23
2023-02-24,6751,55.24
2023-02-01,6752,56.09
2023-02-02,6752,55.68
2023-02-03,6752,56.65
2023-02-06,6752,55.36
2023-02-07,6752,56.65
2023-02-08,6752,61.53
2023-02-09,6752,65.22
2023-02-10,6752,66.58
2023-02-13,6752,73.23
2023-02-14,6752,78.52
2023-02-15,6752,77.64
2023-02-16,6752,77.32
2023-02-17,6752,81.32
2023-02-20,6752,80.92
2023-02-21,6752,82.53
2023-02-22,6752,89.34
2023-02-23,6752,98.15
2023-02-24,6752,106.56
2023-02-01,6753,59.78
2023-02-02,6753,60.81
2023-02-03,6753,60.9
2023-02-06,6753,61.56
2023-02-07,6753,62.3
2023-02-08,6753,67.26
2023-02-09,6753,73.34
2023-02-10,6753,83.17
2023-02-13,6753,85.41
2023-02-14,6753,81.39
2023-02-15,6753,78.49
2023-02-16,6753,81.3
2023-02-17,6753,83.92
2023-02-20,6753,84.85
2023-02-21,6753,87.38
2023-02-22,6753,86.82
2023-02-23,6753,86.53
2023-02-24,6753,86.91
2023-02-01,6754,40.29
2023-02-02,6754,40.46
2023-02-03,6754,40.25
2023-02-06,6754,39.84
2023-02-07,6754,39.75
2023-02-08,6754,39.75
2023-02-09,6754,39.88
2023-02-10,6754,39.92
2023-02-13,6754,38.51
2023-02-14,6754,39.01
2023-02-15,6754,39.01
2023-02-16,6754,39.09
2023-02-17,6754,39.09
2023-02-20,6754,39.67
2023-02-21,6754,39.75
2023-02-22,6754,39.42
2023-02-23,6754,39.63
2023-02-24,6754,39.42
2023-02-01,6756,195.54
2023-02-02,6756,207.29
2023-02-03,6756,206.35
2023-02-06,6756,201.65
2023-02-07,6756,203.06
2023-02-08,6756,207.76
2023-02-09,6756,206.82
2023-02-10,6756,198.36
2023-02-13,6756,195.54
2023-02-14,6756,196.48
2023-02-15,6756,196.95
2023-02-16,6756,201.65
2023-02-17,6756,200.24
2023-02-20,6756,207.29
2023-02-21,6756,209.17
2023-02-22,6756,202.12
2023-02-23,6756,211.05
2023-02-24,6756,204.0
2023-02-01,6757,33.7
2023-02-02,6757,33.6
2023-02-03,6757,33.9
2023-02-06,6757,34.0
2023-02-07,6757,34.05
2023-02-08,6757,34.8
2023-02-09,6757,35.05
2023-02-10,6757,35.5
2023-02-13,6757,35.15
2023-02-14,6757,34.35
2023-02-15,6757,34.0
2023-02-16,6757,36.3
2023-02-17,6757,37.6
2023-02-20,6757,41.6
2023-02-21,6757,39.2
2023-02-22,6757,39.15
2023-02-23,6757,41.2
2023-02-24,6757,45.1
2023-02-01,6761,72.22
2023-02-02,6761,74.33
2023-02-03,6761,73.2
2023-02-06,6761,71.98
2023-02-07,6761,72.31
2023-02-08,6761,72.31
2023-02-09,6761,72.63
2023-02-10,6761,72.79
2023-02-13,6761,71.98
2023-02-14,6761,71.98
2023-02-15,6761,72.39
2023-02-16,6761,74.17
2023-02-17,6761,74.81
2023-02-20,6761,76.03
2023-02-21,6761,75.46
2023-02-22,6761,74.81
2023-02-23,6761,75.46
2023-02-24,6761,74.97
2023-02-01,6762,164.83
2023-02-02,6762,164.83
2023-02-03,6762,164.46
2023-02-06,6762,164.1
2023-02-07,6762,168.86
2023-02-08,6762,168.86
2023-02-09,6762,170.69
2023-02-10,6762,171.42
2023-02-13,6762,173.98
2023-02-14,6762,172.15
2023-02-15,6762,168.12
2023-02-16,6762,168.12
2023-02-17,6762,168.49
2023-02-20,6762,175.08
2023-02-21,6762,178.01
2023-02-22,6762,178.01
2023-02-23,6762,189.0
2023-02-24,6762,192.67
2023-02-01,6763,440.91
2023-02-02,6763,455.58
2023-02-03,6763,448.24
2023-02-06,6763,440.45
2023-02-07,6763,444.58
2023-02-08,6763,457.41
2023-02-09,6763,502.33
2023-02-10,6763,472.08
2023-02-13,6763,456.49
2023-02-14,6763,450.99
2023-02-15,6763,447.33
2023-02-16,6763,454.66
2023-02-17,6763,464.74
2023-02-20,6763,468.41
2023-02-21,6763,460.16
2023-02-22,6763,439.99
2023-02-23,6763,445.49
2023-02-24,6763,438.16
2023-02-01,6767,34.3
2023-02-02,6767,33.8
2023-02-03,6767,33.95
2023-02-06,6767,33.95
2023-02-07,6767,34.5
2023-02-08,6767,33.7
2023-02-09,6767,33.3
2023-02-10,6767,32.95
2023-02-13,6767,33.0
2023-02-14,6767,33.05
2023-02-15,6767,32.9
2023-02-16,6767,32.95
2023-02-17,6767,33.0
2023-02-20,6767,33.35
2023-02-21,6767,33.65
2023-02-22,6767,33.6
2023-02-23,6767,34.3
2023-02-24,6767,34.0
2023-02-01,6768,62.31
2023-02-02,6768,62.14
2023-02-03,6768,61.63
2023-02-06,6768,61.55
2023-02-07,6768,61.97
2023-02-08,6768,61.8
2023-02-09,6768,61.47
2023-02-10,6768,60.88
2023-02-13,6768,60.71
2023-02-14,6768,61.72
2023-02-15,6768,60.88
2023-02-16,6768,61.47
2023-02-17,6768,61.89
2023-02-20,6768,61.72
2023-02-21,6768,61.13
2023-02-22,6768,60.62
2023-02-23,6768,60.37
2023-02-24,6768,60.96
2023-02-01,6770,34.7
2023-02-02,6770,34.99
2023-02-03,6770,34.2
2023-02-06,6770,33.41
2023-02-07,6770,33.51
2023-02-08,6770,34.3
2023-02-09,6770,33.85
2023-02-10,6770,33.41
2023-02-13,6770,32.86
2023-02-14,6770,33.31
2023-02-15,6770,32.96
2023-02-16,6770,33.21
2023-02-17,6770,33.01
2023-02-20,6770,33.51
2023-02-21,6770,33.6
2023-02-22,6770,33.11
2023-02-23,6770,33.36
2023-02-24,6770,33.01
2023-02-01,6771,56.96
2023-02-02,6771,56.78
2023-02-03,6771,56.68
2023-02-06,6771,56.02
2023-02-07,6771,56.02
2023-02-08,6771,56.02
2023-02-09,6771,57.53
2023-02-10,6771,58.38
2023-02-13,6771,58.38
2023-02-14,6771,58.57
2023-02-15,6771,59.88
2023-02-16,6771,60.26
2023-02-17,6771,60.26
2023-02-20,6771,59.98
2023-02-21,6771,61.11
2023-02-22,6771,61.2
2023-02-23,6771,59.88
2023-02-24,6771,61.2
2023-02-01,6776,33.79
2023-02-02,6776,33.91
2023-02-03,6776,34.59
2023-02-06,6776,34.89
2023-02-07,6776,34.97
2023-02-08,6776,35.02
2023-02-09,6776,34.72
2023-02-10,6776,34.34
2023-02-13,6776,34.13
2023-02-14,6776,34.38
2023-02-15,6776,34.25
2023-02-16,6776,34.42
2023-02-17,6776,34.34
2023-02-20,6776,34.34
2023-02-21,6776,34.89
2023-02-22,6776,34.68
2023-02-23,6776,35.31
2023-02-24,6776,36.08
2023-02-01,6781,742.77
2023-02-02,6781,756.97
2023-02-03,6781,751.29
2023-02-06,6781,741.83
2023-02-07,6781,735.2
2023-02-08,6781,808.06
2023-02-09,6781,815.63
2023-02-10,6781,802.38
2023-02-13,6781,767.38
2023-02-14,6781,772.11
2023-02-15,6781,753.18
2023-02-16,6781,772.11
2023-02-17,6781,774.0
2023-02-20,6781,772.11
2023-02-21,6781,804.28
2023-02-22,6781,767.38
2023-02-23,6781,786.3
2023-02-24,6781,778.73
2023-02-01,6782,330.3
2023-02-02,6782,323.98
2023-02-03,6782,312.3
2023-02-06,6782,327.38
2023-02-07,6782,329.82
2023-02-08,6782,332.25
2023-02-09,6782,330.79
2023-02-10,6782,343.44
2023-02-13,6782,325.44
2023-02-14,6782,318.63
2023-02-15,6782,326.41
2023-02-16,6782,334.19
2023-02-17,6782,334.19
2023-02-20,6782,367.27
2023-02-21,6782,373.11
2023-02-22,6782,364.84
2023-02-23,6782,372.62
2023-02-24,6782,364.84
2023-02-01,6785,144.95
2023-02-02,6785,139.0
2023-02-03,6785,141.98
2023-02-06,6785,139.0
2023-02-07,6785,138.5
2023-02-08,6785,139.99
2023-02-09,6785,139.49
2023-02-10,6785,142.97
2023-02-13,6785,144.46
2023-02-14,6785,143.46
2023-02-15,6785,138.0
2023-02-16,6785,137.51
2023-02-17,6785,139.0
2023-02-20,6785,149.42
2023-02-21,6785,149.92
2023-02-22,6785,152.4
2023-02-23,6785,190.13
2023-02-24,6785,199.56
2023-02-01,6788,109.55
2023-02-02,6788,107.47
2023-02-03,6788,104.98
2023-02-06,6788,108.72
2023-02-07,6788,109.13
2023-02-08,6788,107.89
2023-02-09,6788,107.47
2023-02-10,6788,100.42
2023-02-13,6788,101.66
2023-02-14,6788,100.42
2023-02-15,6788,102.08
2023-02-16,6788,104.57
2023-02-17,6788,104.98
2023-02-20,6788,107.06
2023-02-21,6788,106.23
2023-02-22,6788,102.91
2023-02-23,6788,105.4
2023-02-24,6788,102.49
2023-02-01,6789,228.99
2023-02-02,6789,232.41
2023-02-03,6789,239.24
2023-02-06,6789,242.17
2023-02-07,6789,238.76
2023-02-08,6789,247.54
2023-02-09,6789,253.4
2023-02-10,6789,240.22
2023-02-13,6789,233.39
2023-02-14,6789,234.36
2023-02-15,6789,228.5
2023-02-16,6789,237.29
2023-02-17,6789,234.36
2023-02-20,6789,234.85
2023-02-21,6789,243.15
2023-02-22,6789,235.34
2023-02-23,6789,234.36
2023-02-24,6789,227.53
2023-02-01,6790,31.13
2023-02-02,6790,31.97
2023-02-03,6790,32.06
2023-02-06,6790,32.02
2023-02-07,6790,32.02
2023-02-08,6790,32.27
2023-02-09,6790,32.06
2023-02-10,6790,31.93
2023-02-13,6790,31.72
2023-02-14,6790,31.68
2023-02-15,6790,31.6
2023-02-16,6790,31.64
2023-02-17,6790,31.81
2023-02-20,6790,31.51
2023-02-21,6790,31.51
2023-02-22,6790,31.43
2023-02-23,6790,31.51
2023-02-24,6790,31.51
2023-02-01,6791,44.03
2023-02-02,6791,43.76
2023-02-03,6791,44.35
2023-02-06,6791,44.08
2023-02-07,6791,43.85
2023-02-08,6791,44.89
2023-02-09,6791,44.44
2023-02-10,6791,46.48
2023-02-13,6791,47.56
2023-02-14,6791,48.37
2023-02-15,6791,48.37
2023-02-16,6791,47.65
2023-02-17,6791,49.01
2023-02-20,6791,53.89
2023-02-21,6791,59.22
2023-02-22,6791,65.1
2023-02-23,6791,71.61
2023-02-24,6791,72.33
2023-02-01,6792,63.56
2023-02-02,6792,66.49
2023-02-03,6792,66.15
2023-02-06,6792,65.28
2023-02-07,6792,65.11
2023-02-08,6792,67.35
2023-02-09,6792,66.75
2023-02-10,6792,66.32
2023-02-13,6792,65.46
2023-02-14,6792,65.46
2023-02-15,6792,64.6
2023-02-16,6792,65.54
2023-02-17,6792,67.35
2023-02-20,6792,70.19
2023-02-21,6792,71.14
2023-02-22,6792,69.5
2023-02-23,6792,69.85
2023-02-24,6792,69.5
2023-02-01,6796,79.59
2023-02-02,6796,87.52
2023-02-03,6796,86.38
2023-02-06,6796,90.96
2023-02-07,6796,97.94
2023-02-08,6796,96.03
2023-02-09,6796,95.26
2023-02-10,6796,86.85
2023-02-13,6796,95.45
2023-02-14,6796,97.94
2023-02-15,6796,95.45
2023-02-16,6796,95.55
2023-02-17,6796,97.94
2023-02-20,6796,97.94
2023-02-21,6796,95.26
2023-02-22,6796,95.26
2023-02-23,6796,97.46
2023-02-24,6796,96.03
2023-02-01,6799,110.75
2023-02-02,6799,121.73
2023-02-03,6799,125.07
2023-02-06,6799,122.2
2023-02-07,6799,124.59
2023-02-08,6799,128.89
2023-02-09,6799,138.91
2023-02-10,6799,134.14
2023-02-13,6799,129.84
2023-02-14,6799,126.98
2023-02-15,6799,121.73
2023-02-16,6799,128.41
2023-02-17,6799,131.75
2023-02-20,6799,130.32
2023-02-21,6799,123.16
2023-02-22,6799,121.73
2023-02-23,6799,127.46
2023-02-24,6799,125.55
2023-02-01,6803,224.15
2023-02-02,6803,227.19
2023-02-03,6803,227.62
2023-02-06,6803,227.62
2023-02-07,6803,229.36
2023-02-08,6803,229.79
2023-02-09,6803,230.66
2023-02-10,6803,228.92
2023-02-13,6803,228.92
2023-02-14,6803,229.36
2023-02-15,6803,229.79
2023-02-16,6803,230.22
2023-02-17,6803,229.79
2023-02-20,6803,229.79
2023-02-21,6803,229.79
2023-02-22,6803,229.79
2023-02-23,6803,231.09
2023-02-24,6803,232.82
2023-02-01,6804,45.09
2023-02-02,6804,44.42
2023-02-03,6804,44.92
2023-02-06,6804,45.68
2023-02-07,6804,45.68
2023-02-08,6804,45.85
2023-02-09,6804,46.43
2023-02-10,6804,46.18
2023-02-13,6804,46.1
2023-02-14,6804,46.01
2023-02-15,6804,46.01
2023-02-16,6804,46.01
2023-02-17,6804,45.85
2023-02-20,6804,45.85
2023-02-21,6804,45.93
2023-02-22,6804,45.85
2023-02-23,6804,45.68
2023-02-24,6804,45.68
2023-02-01,6805,195.54
2023-02-02,6805,172.71
2023-02-03,6805,168.74
2023-02-06,6805,174.2
2023-02-07,6805,165.27
2023-02-08,6805,153.36
2023-02-09,6805,165.27
2023-02-10,6805,167.75
2023-02-13,6805,169.24
2023-02-14,6805,176.68
2023-02-15,6805,171.72
2023-02-16,6805,174.7
2023-02-17,6805,173.21
2023-02-20,6805,172.71
2023-02-21,6805,176.19
2023-02-22,6805,172.71
2023-02-23,6805,169.24
2023-02-24,6805,166.76
2023-02-01,6806,80.39
2023-02-02,6806,78.91
2023-02-03,6806,74.85
2023-02-06,6806,75.86
2023-02-07,6806,74.94
2023-02-08,6806,75.96
2023-02-09,6806,76.23
2023-02-10,6806,79.83
2023-02-13,6806,80.76
2023-02-14,6806,80.02
2023-02-15,6806,82.32
2023-02-16,6806,81.86
2023-02-17,6806,82.88
2023-02-20,6806,82.32
2023-02-21,6806,80.48
2023-02-22,6806,79.37
2023-02-23,6806,81.77
2023-02-24,6806,80.29
2023-02-01,6807,22.99
2023-02-02,6807,22.99
2023-02-03,6807,22.85
2023-02-06,6807,22.49
2023-02-07,6807,22.45
2023-02-08,6807,22.85
2023-02-09,6807,22.76
2023-02-13,6807,22.54
2023-02-14,6807,22.72
2023-02-15,6807,22.4
2023-02-16,6807,22.0
2023-02-17,6807,22.31
2023-02-20,6807,22.45
2023-02-21,6807,22.54
2023-02-22,6807,22.31
2023-02-23,6807,22.4
2023-02-24,6807,22.45
2023-02-01,6811,128.95
2023-02-02,6811,131.66
2023-02-03,6811,135.74
2023-02-06,6811,132.12
2023-02-07,6811,132.57
2023-02-08,6811,128.95
2023-02-09,6811,125.33
2023-02-10,6811,126.69
2023-02-13,6811,126.69
2023-02-14,6811,133.93
2023-02-15,6811,133.02
2023-02-16,6811,136.19
2023-02-17,6811,135.28
2023-02-20,6811,135.74
2023-02-21,6811,133.02
2023-02-22,6811,140.26
2023-02-23,6811,138.9
2023-02-24,6811,152.48
2023-02-01,6821,37.59
2023-02-02,6821,37.82
2023-02-03,6821,38.1
2023-02-06,6821,37.54
2023-02-07,6821,38.29
2023-02-08,6821,38.57
2023-02-09,6821,38.57
2023-02-10,6821,37.63
2023-02-13,6821,38.39
2023-02-14,6821,38.39
2023-02-15,6821,37.73
2023-02-16,6821,37.63
2023-02-17,6821,38.34
2023-02-20,6821,40.22
2023-02-21,6821,42.71
2023-02-22,6821,42.34
2023-02-23,6821,42.34
2023-02-24,6821,42.34
2023-02-01,6823,85.08
2023-02-02,6823,88.9
2023-02-03,6823,86.3
2023-02-06,6823,85.86
2023-02-07,6823,86.73
2023-02-08,6823,86.56
2023-02-09,6823,86.73
2023-02-10,6823,86.56
2023-02-13,6823,85.69
2023-02-14,6823,84.56
2023-02-15,6823,84.47
2023-02-16,6823,85.51
2023-02-17,6823,86.73
2023-02-20,6823,87.6
2023-02-21,6823,87.16
2023-02-22,6823,86.38
2023-02-23,6823,88.03
2023-02-24,6823,88.46
2023-02-01,6829,67.81
2023-02-02,6829,68.53
2023-02-03,6829,69.16
2023-02-06,6829,69.69
2023-02-07,6829,69.78
2023-02-08,6829,70.05
2023-02-09,6829,69.43
2023-02-10,6829,70.5
2023-02-13,6829,71.31
2023-02-14,6829,70.32
2023-02-15,6829,70.77
2023-02-16,6829,71.58
2023-02-17,6829,72.38
2023-02-20,6829,73.64
2023-02-21,6829,74.35
2023-02-22,6829,73.9
2023-02-23,6829,73.99
2023-02-24,6829,72.83
2023-02-01,6830,113.15
2023-02-02,6830,113.15
2023-02-03,6830,110.37
2023-02-06,6830,113.15
2023-02-07,6830,114.08
2023-02-08,6830,115.01
2023-02-09,6830,121.04
2023-02-10,6830,119.18
2023-02-13,6830,114.08
2023-02-14,6830,115.01
2023-02-15,6830,112.69
2023-02-16,6830,114.54
2023-02-17,6830,113.15
2023-02-20,6830,119.64
2023-02-21,6830,119.64
2023-02-22,6830,120.57
2023-02-23,6830,127.53
2023-02-24,6830,127.99
2023-02-01,6834,24.98
2023-02-02,6834,25.45
2023-02-03,6834,25.12
2023-02-06,6834,24.84
2023-02-07,6834,24.6
2023-02-08,6834,24.55
2023-02-09,6834,24.65
2023-02-10,6834,24.65
2023-02-13,6834,24.84
2023-02-14,6834,25.12
2023-02-15,6834,24.55
2023-02-16,6834,24.93
2023-02-17,6834,25.45
2023-02-20,6834,25.88
2023-02-21,6834,25.88
2023-02-22,6834,25.88
2023-02-23,6834,26.02
2023-02-24,6834,25.97
2023-02-01,6835,34.83
2023-02-02,6835,34.96
2023-02-03,6835,35.05
2023-02-06,6835,35.05
2023-02-07,6835,35.36
2023-02-08,6835,35.49
2023-02-09,6835,35.45
2023-02-10,6835,35.62
2023-02-13,6835,36.55
2023-02-14,6835,36.24
2023-02-15,6835,36.11
2023-02-16,6835,36.37
2023-02-17,6835,36.51
2023-02-20,6835,38.76
2023-02-21,6835,37.74
2023-02-22,6835,37.57
2023-02-23,6835,37.83
2023-02-24,6835,39.6
2023-02-01,6838,62.3
2023-02-02,6838,63.0
2023-02-03,6838,62.2
2023-02-06,6838,63.4
2023-02-07,6838,64.0
2023-02-08,6838,64.5
2023-02-09,6838,64.5
2023-02-10,6838,59.2
2023-02-13,6838,59.0
2023-02-14,6838,60.1
2023-02-15,6838,60.0
2023-02-16,6838,61.5
2023-02-17,6838,60.3
2023-02-20,6838,59.6
2023-02-21,6838,61.7
2023-02-22,6838,64.3
2023-02-23,6838,65.7
2023-02-24,6838,68.6
2023-02-01,6840,74.13
2023-02-02,6840,74.3
2023-02-03,6840,72.16
2023-02-06,6840,71.31
2023-02-07,6840,73.7
2023-02-08,6840,76.01
2023-02-09,6840,75.75
2023-02-10,6840,76.77
2023-02-13,6840,73.87
2023-02-14,6840,76.69
2023-02-15,6840,76.26
2023-02-16,6840,78.14
2023-02-17,6840,85.31
2023-02-20,6840,85.06
2023-02-21,6840,84.97
2023-02-22,6840,83.69
2023-02-23,6840,83.86
2023-02-24,6840,83.95
2023-02-01,6841,82.72
2023-02-02,6841,78.99
2023-02-03,6841,80.14
2023-02-06,6841,78.52
2023-02-07,6841,78.61
2023-02-08,6841,84.06
2023-02-09,6841,80.52
2023-02-10,6841,81.19
2023-02-13,6841,84.34
2023-02-14,6841,84.34
2023-02-15,6841,87.69
2023-02-16,6841,87.97
2023-02-17,6841,108.89
2023-02-20,6841,117.49
2023-02-21,6841,111.76
2023-02-22,6841,109.85
2023-02-23,6841,110.8
2023-02-24,6841,107.46
2023-02-01,6843,43.92
2023-02-02,6843,43.79
2023-02-03,6843,43.84
2023-02-06,6843,44.55
2023-02-07,6843,45.17
2023-02-08,6843,46.6
2023-02-09,6843,49.18
2023-02-10,6843,49.45
2023-02-13,6843,51.59
2023-02-14,6843,52.57
2023-02-15,6843,53.1
2023-02-16,6843,53.1
2023-02-17,6843,54.26
2023-02-20,6843,54.62
2023-02-21,6843,54.08
2023-02-22,6843,53.9
2023-02-23,6843,58.89
2023-02-24,6843,58.36
2023-02-01,6844,158.46
2023-02-02,6844,161.65
2023-02-03,6844,160.74
2023-02-06,6844,158.0
2023-02-07,6844,159.37
2023-02-08,6844,159.37
2023-02-09,6844,155.26
2023-02-10,6844,155.26
2023-02-13,6844,154.8
2023-02-14,6844,154.35
2023-02-15,6844,153.43
2023-02-16,6844,154.35
2023-02-17,6844,157.54
2023-02-20,6844,160.74
2023-02-21,6844,166.22
2023-02-22,6844,180.37
2023-02-23,6844,183.11
2023-02-24,6844,184.94
2023-02-01,6846,76.69
2023-02-02,6846,76.69
2023-02-03,6846,77.98
2023-02-06,6846,78.8
2023-02-07,6846,78.8
2023-02-08,6846,79.35
2023-02-09,6846,82.84
2023-02-10,6846,82.93
2023-02-13,6846,85.87
2023-02-14,6846,83.48
2023-02-15,6846,82.66
2023-02-16,6846,80.73
2023-02-17,6846,83.76
2023-02-20,6846,87.98
2023-02-21,6846,89.08
2023-02-22,6846,88.07
2023-02-23,6846,91.1
2023-02-24,6846,88.8
2023-02-01,6854,99.18
2023-02-02,6854,99.18
2023-02-03,6854,98.2
2023-02-06,6854,98.69
2023-02-07,6854,99.18
2023-02-08,6854,98.2
2023-02-09,6854,98.69
2023-02-10,6854,98.1
2023-02-13,6854,103.11
2023-02-14,6854,102.62
2023-02-15,6854,102.62
2023-02-16,6854,101.64
2023-02-17,6854,103.6
2023-02-20,6854,111.95
2023-02-21,6854,110.47
2023-02-22,6854,106.06
2023-02-23,6854,102.62
2023-02-24,6854,103.11
2023-02-01,6855,63.51
2023-02-02,6855,62.75
2023-02-03,6855,62.67
2023-02-06,6855,63.0
2023-02-07,6855,62.84
2023-02-08,6855,62.84
2023-02-09,6855,63.0
2023-02-10,6855,69.3
2023-02-13,6855,70.14
2023-02-14,6855,69.14
2023-02-15,6855,69.64
2023-02-16,6855,68.46
2023-02-17,6855,69.14
2023-02-20,6855,69.05
2023-02-21,6855,68.72
2023-02-22,6855,72.92
2023-02-23,6855,71.66
2023-02-24,6855,72.66
2023-02-14,6856,69.02
2023-02-16,6856,69.2
2023-02-21,6856,69.02
2023-02-23,6856,72.47
2023-02-01,6859,129.16
2023-02-02,6859,127.45
2023-02-03,6859,127.87
2023-02-06,6859,121.46
2023-02-07,6859,121.89
2023-02-08,6859,121.89
2023-02-09,6859,123.6
2023-02-10,6859,117.18
2023-02-13,6859,121.89
2023-02-14,6859,121.46
2023-02-15,6859,118.04
2023-02-16,6859,118.89
2023-02-17,6859,117.18
2023-02-20,6859,117.61
2023-02-21,6859,120.6
2023-02-22,6859,132.58
2023-02-23,6859,137.28
2023-02-24,6859,128.3
2023-02-01,6861,92.05
2023-02-02,6861,92.15
2023-02-03,6861,92.15
2023-02-06,6861,90.74
2023-02-07,6861,92.15
2023-02-08,6861,96.38
2023-02-09,6861,97.32
2023-02-10,6861,110.01
2023-02-13,6861,113.77
2023-02-14,6861,108.13
2023-02-15,6861,101.08
2023-02-16,6861,113.3
2023-02-17,6861,120.35
2023-02-20,6861,124.58
2023-02-21,6861,123.17
2023-02-22,6861,118.47
2023-02-23,6861,117.53
2023-02-24,6861,119.41
2023-02-01,6865,70.97
2023-02-02,6865,70.71
2023-02-03,6865,70.53
2023-02-06,6865,70.53
2023-02-07,6865,71.4
2023-02-08,6865,78.47
2023-02-09,6865,86.24
2023-02-10,6865,94.71
2023-02-13,6865,97.77
2023-02-14,6865,97.33
2023-02-15,6865,95.15
2023-02-16,6865,95.15
2023-02-17,6865,104.31
2023-02-20,6865,105.19
2023-02-21,6865,99.95
2023-02-22,6865,96.89
2023-02-23,6865,99.95
2023-02-24,6865,94.71
2023-02-01,6869,86.36
2023-02-02,6869,88.12
2023-02-03,6869,86.75
2023-02-06,6869,86.94
2023-02-07,6869,87.92
2023-02-08,6869,88.31
2023-02-09,6869,95.06
2023-02-10,6869,98.78
2023-02-13,6869,102.69
2023-02-14,6869,102.69
2023-02-15,6869,97.8
2023-02-16,6869,98.78
2023-02-17,6869,103.67
2023-02-20,6869,117.85
2023-02-21,6869,115.89
2023-02-22,6869,110.51
2023-02-23,6869,111.0
2023-02-24,6869,113.94
2023-02-01,6870,106.59
2023-02-02,6870,112.56
2023-02-03,6870,111.18
2023-02-06,6870,112.56
2023-02-07,6870,112.1
2023-02-08,6870,116.7
2023-02-09,6870,120.37
2023-02-10,6870,115.32
2023-02-13,6870,115.32
2023-02-14,6870,110.26
2023-02-15,6870,110.72
2023-02-16,6870,114.86
2023-02-17,6870,114.4
2023-02-20,6870,106.59
2023-02-21,6870,111.18
2023-02-22,6870,111.64
2023-02-23,6870,114.86
2023-02-24,6870,114.4
2023-02-01,6872,26.4
2023-02-02,6872,26.0
2023-02-03,6872,25.7
2023-02-06,6872,26.0
2023-02-07,6872,25.9
2023-02-08,6872,26.05
2023-02-09,6872,27.0
2023-02-10,6872,26.2
2023-02-13,6872,26.9
2023-02-14,6872,27.25
2023-02-15,6872,28.0
2023-02-16,6872,27.5
2023-02-17,6872,28.0
2023-02-20,6872,31.7
2023-02-21,6872,32.35
2023-02-22,6872,31.9
2023-02-23,6872,31.8
2023-02-24,6872,33.0
2023-02-01,6873,98.78
2023-02-02,6873,103.25
2023-02-03,6873,98.78
2023-02-06,6873,97.44
2023-02-07,6873,100.12
2023-02-08,6873,101.46
2023-02-09,6873,110.85
2023-02-10,6873,121.13
2023-02-13,6873,119.34
2023-02-14,6873,118.45
2023-02-15,6873,116.66
2023-02-16,6873,115.77
2023-02-17,6873,116.66
2023-02-20,6873,121.58
2023-02-21,6873,120.68
2023-02-22,6873,118.0
2023-02-23,6873,119.34
2023-02-24,6873,117.55
2023-02-01,6874,52.29
2023-02-02,6874,52.2
2023-02-03,6874,50.33
2023-02-06,6874,51.36
2023-02-07,6874,51.73
2023-02-08,6874,50.71
2023-02-09,6874,50.05
2023-02-10,6874,50.8
2023-02-13,6874,55.84
2023-02-14,6874,61.35
2023-02-15,6874,67.42
2023-02-16,6874,70.04
2023-02-17,6874,77.04
2023-02-20,6874,84.7
2023-02-21,6874,93.1
2023-02-22,6874,102.25
2023-02-23,6874,111.12
2023-02-24,6874,100.39
2023-02-01,6875,83.0
2023-02-02,6875,80.0
2023-02-03,6875,80.3
2023-02-06,6875,79.8
2023-02-07,6875,82.0
2023-02-08,6875,83.8
2023-02-09,6875,82.7
2023-02-10,6875,80.2
2023-02-13,6875,78.2
2023-02-14,6875,81.8
2023-02-15,6875,79.9
2023-02-16,6875,83.3
2023-02-17,6875,86.4
2023-02-20,6875,91.3
2023-02-21,6875,89.0
2023-02-22,6875,86.3
2023-02-23,6875,89.9
2023-02-24,6875,88.1
2023-02-01,6877,33.57
2023-02-02,6877,33.98
2023-02-03,6877,34.39
2023-02-06,6877,34.48
2023-02-07,6877,33.67
2023-02-08,6877,34.44
2023-02-09,6877,35.85
2023-02-10,6877,36.26
2023-02-13,6877,35.8
2023-02-14,6877,37.25
2023-02-15,6877,37.25
2023-02-16,6877,38.16
2023-02-17,6877,40.07
2023-02-20,6877,45.3
2023-02-21,6877,44.93
2023-02-22,6877,44.48
2023-02-23,6877,42.75
2023-02-24,6877,42.84
2023-02-01,6881,106.88
2023-02-02,6881,116.35
2023-02-03,6881,131.24
2023-02-06,6881,133.49
2023-02-07,6881,129.88
2023-02-08,6881,125.83
2023-02-09,6881,123.12
2023-02-10,6881,124.47
2023-02-13,6881,122.22
2023-02-14,6881,119.96
2023-02-15,6881,121.32
2023-02-16,6881,120.41
2023-02-17,6881,119.96
2023-02-20,6881,120.86
2023-02-21,6881,120.86
2023-02-22,6881,118.16
2023-02-23,6881,119.96
2023-02-24,6881,122.67
2023-02-01,6885,66.0
2023-02-02,6885,62.1
2023-02-03,6885,62.6
2023-02-06,6885,62.4
2023-02-07,6885,68.3
2023-02-08,6885,66.1
2023-02-09,6885,66.4
2023-02-10,6885,63.8
2023-02-13,6885,64.4
2023-02-14,6885,65.7
2023-02-15,6885,68.2
2023-02-16,6885,74.8
2023-02-17,6885,73.1
2023-02-20,6885,73.0
2023-02-21,6885,80.2
2023-02-22,6885,77.9
2023-02-23,6885,85.6
2023-02-24,6885,90.5
2023-02-01,6894,147.47
2023-02-03,6894,145.61
2023-02-06,6894,149.34
2023-02-08,6894,151.21
2023-02-09,6894,149.81
2023-02-10,6894,151.21
2023-02-13,6894,151.21
2023-02-14,6894,151.21
2023-02-16,6894,151.21
2023-02-17,6894,154.01
2023-02-20,6894,154.94
2023-02-21,6894,155.87
2023-02-22,6894,153.07
2023-02-23,6894,154.47
2023-02-24,6894,153.54
2023-02-01,6895,108.48
2023-02-02,6895,109.44
2023-02-03,6895,110.89
2023-02-06,6895,109.93
2023-02-07,6895,116.68
2023-02-08,6895,120.53
2023-02-09,6895,119.57
2023-02-10,6895,121.5
2023-02-13,6895,121.02
2023-02-14,6895,116.19
2023-02-15,6895,115.23
2023-02-16,6895,118.6
2023-02-17,6895,117.64
2023-02-20,6895,115.23
2023-02-21,6895,114.27
2023-02-22,6895,120.05
2023-02-23,6895,115.23
2023-02-24,6895,115.23
2023-02-01,6899,66.36
2023-02-02,6899,66.9
2023-02-03,6899,65.82
2023-02-07,6899,66.81
2023-02-09,6899,65.82
2023-02-13,6899,66.36
2023-02-14,6899,64.28
2023-02-15,6899,64.64
2023-02-16,6899,64.01
2023-02-17,6899,64.01
2023-02-20,6899,64.1
2023-02-21,6899,64.1
2023-02-22,6899,64.28
2023-02-23,6899,64.55
2023-02-24,6899,64.37
2023-02-01,6901,75.6
2023-02-02,6901,76.4
2023-02-03,6901,77.2
2023-02-06,6901,77.4
2023-02-07,6901,78.5
2023-02-08,6901,79.7
2023-02-09,6901,78.3
2023-02-10,6901,78.8
2023-02-13,6901,77.5
2023-02-14,6901,77.2
2023-02-15,6901,76.9
2023-02-16,6901,77.1
2023-02-17,6901,77.3
2023-02-20,6901,80.1
2023-02-21,6901,79.0
2023-02-22,6901,77.8
2023-02-23,6901,78.2
2023-02-24,6901,78.9
2023-02-01,6903,189.32
2023-02-02,6903,189.32
2023-02-03,6903,188.44
2023-02-06,6903,187.55
2023-02-07,6903,193.31
2023-02-08,6903,195.97
2023-02-09,6903,196.86
2023-02-10,6903,197.3
2023-02-13,6903,199.52
2023-02-14,6903,209.28
2023-02-15,6903,210.61
2023-02-16,6903,209.72
2023-02-17,6903,210.16
2023-02-20,6903,213.71
2023-02-21,6903,213.27
2023-02-22,6903,210.61
2023-02-23,6903,216.81
2023-02-24,6903,224.35
2023-02-02,6904,110.91
2023-02-03,6904,116.8
2023-02-06,6904,113.18
2023-02-07,6904,111.37
2023-02-08,6904,111.37
2023-02-09,6904,113.63
2023-02-10,6904,113.18
2023-02-13,6904,116.8
2023-02-15,6904,117.25
2023-02-16,6904,117.25
2023-02-17,6904,114.08
2023-02-23,6904,117.25
2023-02-24,6904,115.44
2023-02-01,6906,167.06
2023-02-02,6906,165.15
2023-02-03,6906,156.56
2023-02-06,6906,163.24
2023-02-07,6906,163.72
2023-02-08,6906,170.88
2023-02-09,6906,178.51
2023-02-10,6906,170.88
2023-02-13,6906,166.58
2023-02-14,6906,166.1
2023-02-15,6906,163.72
2023-02-16,6906,161.33
2023-02-17,6906,162.76
2023-02-20,6906,173.74
2023-02-21,6906,171.83
2023-02-22,6906,165.63
2023-02-23,6906,165.63
2023-02-24,6906,160.38
2023-02-01,6913,95.2
2023-02-02,6913,95.2
2023-02-03,6913,96.14
2023-02-06,6913,95.67
2023-02-07,6913,101.3
2023-02-08,6913,97.54
2023-02-09,6913,99.42
2023-02-10,6913,105.05
2023-02-13,6913,102.23
2023-02-14,6913,106.45
2023-02-15,6913,107.39
2023-02-16,6913,102.23
2023-02-17,6913,100.83
2023-02-20,6913,99.89
2023-02-21,6913,98.48
2023-02-22,6913,100.83
2023-02-23,6913,102.7
2023-02-24,6913,100.36
2023-02-01,6914,79.27
2023-02-02,6914,78.6
2023-02-03,6914,78.5
2023-02-06,6914,77.73
2023-02-07,6914,78.69
2023-02-08,6914,78.21
2023-02-09,6914,79.27
2023-02-10,6914,82.14
2023-02-13,6914,82.91
2023-02-14,6914,80.9
2023-02-15,6914,80.8
2023-02-16,6914,79.65
2023-02-17,6914,79.46
2023-02-20,6914,78.6
2023-02-21,6914,79.84
2023-02-22,6914,79.94
2023-02-23,6914,87.22
2023-02-24,6914,90.77
2023-02-01,6916,31.54
2023-02-02,6916,31.54
2023-02-03,6916,30.54
2023-02-06,6916,30.68
2023-02-07,6916,30.25
2023-02-08,6916,30.25
2023-02-10,6916,31.02
2023-02-13,6916,31.4
2023-02-14,6916,31.59
2023-02-15,6916,31.4
2023-02-16,6916,31.4
2023-02-17,6916,31.21
2023-02-20,6916,33.7
2023-02-21,6916,34.46
2023-02-22,6916,34.46
2023-02-23,6916,36.38
2023-02-24,6916,36.43
2023-02-01,6918,53.2
2023-02-02,6918,51.8
2023-02-03,6918,52.0
2023-02-06,6918,52.0
2023-02-07,6918,53.2
2023-02-08,6918,51.6
2023-02-09,6918,51.1
2023-02-10,6918,51.8
2023-02-13,6918,52.3
2023-02-14,6918,51.6
2023-02-15,6918,51.5
2023-02-16,6918,51.6
2023-02-17,6918,50.0
2023-02-20,6918,48.85
2023-02-21,6918,49.9
2023-02-22,6918,50.0
2023-02-23,6918,50.0
2023-02-24,6918,49.9
2023-02-01,6919,193.0
2023-02-02,6919,183.5
2023-02-03,6919,186.5
2023-02-06,6919,187.0
2023-02-07,6919,219.5
2023-02-08,6919,220.5
2023-02-09,6919,215.5
2023-02-10,6919,208.5
2023-02-13,6919,196.0
2023-02-14,6919,193.5
2023-02-15,6919,207.5
2023-02-16,6919,201.5
2023-02-17,6919,207.5
2023-02-20,6919,232.5
2023-02-21,6919,224.0
2023-02-22,6919,218.5
2023-02-23,6919,229.5
2023-02-24,6919,228.0
2023-02-24,6922,159.63
2023-02-01,6925,56.0
2023-02-02,6925,56.2
2023-02-03,6925,57.0
2023-02-06,6925,57.0
2023-02-07,6925,57.8
2023-02-08,6925,67.2
2023-02-09,6925,81.5
2023-02-10,6925,89.0
2023-02-13,6925,87.5
2023-02-14,6925,87.5
2023-02-15,6925,81.0
2023-02-16,6925,80.0
2023-02-17,6925,85.4
2023-02-20,6925,79.0
2023-02-21,6925,77.0
2023-02-22,6925,74.7
2023-02-23,6925,78.0
2023-02-24,6925,73.9
2023-02-01,6931,40.1
2023-02-02,6931,40.1
2023-02-03,6931,40.1
2023-02-06,6931,40.1
2023-02-07,6931,40.1
2023-02-08,6931,40.0
2023-02-09,6931,40.05
2023-02-10,6931,40.45
2023-02-13,6931,40.7
2023-02-14,6931,41.0
2023-02-15,6931,41.6
2023-02-16,6931,46.65
2023-02-17,6931,45.15
2023-02-20,6931,46.5
2023-02-21,6931,45.9
2023-02-22,6931,46.1
2023-02-23,6931,46.35
2023-02-24,6931,46.65
2023-02-01,7402,32.18
2023-02-02,7402,32.72
2023-02-03,7402,33.22
2023-02-06,7402,32.86
2023-02-07,7402,32.36
2023-02-08,7402,32.81
2023-02-09,7402,32.81
2023-02-10,7402,32.59
2023-02-13,7402,33.26
2023-02-14,7402,33.31
2023-02-15,7402,33.45
2023-02-16,7402,32.95
2023-02-17,7402,32.77
2023-02-20,7402,34.26
2023-02-21,7402,34.85
2023-02-22,7402,35.62
2023-02-23,7402,35.62
2023-02-24,7402,35.17
2023-02-01,7556,81.13
2023-02-02,7556,81.62
2023-02-03,7556,81.62
2023-02-06,7556,81.21
2023-02-07,7556,82.03
2023-02-08,7556,81.62
2023-02-09,7556,82.03
2023-02-10,7556,81.62
2023-02-13,7556,81.21
2023-02-14,7556,81.62
2023-02-15,7556,80.81
2023-02-16,7556,81.21
2023-02-17,7556,81.05
2023-02-20,7556,80.48
2023-02-21,7556,80.56
2023-02-22,7556,80.4
2023-02-23,7556,80.48
2023-02-24,7556,81.62
2023-02-01,7584,70.47
2023-02-02,7584,67.93
2023-02-03,7584,67.93
2023-02-06,7584,68.11
2023-02-07,7584,66.89
2023-02-08,7584,66.42
2023-02-09,7584,66.51
2023-02-10,7584,66.7
2023-02-13,7584,69.25
2023-02-14,7584,68.59
2023-02-15,7584,68.77
2023-02-16,7584,69.06
2023-02-20,7584,69.25
2023-02-21,7584,69.34
2023-02-22,7584,70.0
2023-02-23,7584,69.53
2023-02-24,7584,70.0
2023-02-01,8011,13.25
2023-02-02,8011,13.44
2023-02-03,8011,13.39
2023-02-06,8011,13.44
2023-02-07,8011,13.44
2023-02-08,8011,13.35
2023-02-09,8011,13.39
2023-02-10,8011,13.16
2023-02-13,8011,13.16
2023-02-14,8011,13.21
2023-02-15,8011,13.25
2023-02-16,8011,13.39
2023-02-17,8011,13.44
2023-02-20,8011,13.58
2023-02-21,8011,13.53
2023-02-22,8011,13.53
2023-02-23,8011,13.49
2023-02-24,8011,13.39
2023-02-01,8016,176.33
2023-02-02,8016,176.74
2023-02-03,8016,173.04
2023-02-06,8016,174.69
2023-02-07,8016,176.74
2023-02-08,8016,182.91
2023-02-09,8016,177.98
2023-02-10,8016,173.45
2023-02-13,8016,173.45
2023-02-14,8016,173.04
2023-02-15,8016,171.4
2023-02-16,8016,176.33
2023-02-17,8016,178.8
2023-02-20,8016,185.79
2023-02-21,8016,199.76
2023-02-22,8016,191.54
2023-02-23,8016,194.42
2023-02-24,8016,187.43
2023-02-01,8021,26.43
2023-02-02,8021,26.38
2023-02-03,8021,26.34
2023-02-06,8021,26.2
2023-02-07,8021,26.16
2023-02-08,8021,26.43
2023-02-09,8021,26.7
2023-02-10,8021,26.43
2023-02-13,8021,26.16
2023-02-14,8021,26.2
2023-02-15,8021,26.07
2023-02-16,8021,26.07
2023-02-17,8021,26.07
2023-02-20,8021,26.2
2023-02-21,8021,26.25
2023-02-22,8021,26.25
2023-02-23,8021,26.43
2023-02-24,8021,26.25
2023-02-01,8024,19.62
2023-02-02,8024,20.08
2023-02-03,8024,19.99
2023-02-06,8024,19.94
2023-02-07,8024,19.71
2023-02-08,8024,20.18
2023-02-09,8024,20.08
2023-02-10,8024,19.3
2023-02-13,8024,19.07
2023-02-14,8024,19.2
2023-02-15,8024,19.11
2023-02-16,8024,19.25
2023-02-17,8024,19.25
2023-02-20,8024,19.53
2023-02-21,8024,19.53
2023-02-22,8024,19.62
2023-02-23,8024,19.57
2023-02-24,8024,19.39
2023-02-01,8027,50.69
2023-02-02,8027,51.56
2023-02-03,8027,50.88
2023-02-06,8027,50.12
2023-02-07,8027,50.79
2023-02-08,8027,51.08
2023-02-09,8027,51.17
2023-02-10,8027,50.6
2023-02-13,8027,50.5
2023-02-14,8027,50.6
2023-02-15,8027,50.31
2023-02-16,8027,50.12
2023-02-17,8027,50.12
2023-02-20,8027,51.65
2023-02-21,8027,51.84
2023-02-22,8027,51.08
2023-02-23,8027,51.08
2023-02-24,8027,50.6
2023-02-01,8028,54.43
2023-02-02,8028,55.16
2023-02-03,8028,54.34
2023-02-06,8028,53.52
2023-02-07,8028,54.61
2023-02-08,8028,54.89
2023-02-09,8028,54.25
2023-02-10,8028,53.33
2023-02-13,8028,53.43
2023-02-14,8028,53.24
2023-02-15,8028,52.15
2023-02-16,8028,52.79
2023-02-17,8028,52.24
2023-02-20,8028,53.06
2023-02-21,8028,53.52
2023-02-22,8028,52.33
2023-02-23,8028,52.51
2023-02-24,8028,51.69
2023-02-01,8032,27.86
2023-02-02,8032,27.91
2023-02-03,8032,27.91
2023-02-06,8032,27.77
2023-02-07,8032,27.73
2023-02-08,8032,27.95
2023-02-09,8032,28.0
2023-02-10,8032,27.73
2023-02-13,8032,27.95
2023-02-14,8032,28.0
2023-02-15,8032,28.14
2023-02-16,8032,28.36
2023-02-17,8032,28.45
2023-02-20,8032,28.86
2023-02-21,8032,28.77
2023-02-22,8032,28.72
2023-02-23,8032,28.86
2023-02-24,8032,28.72
2023-02-01,8033,41.44
2023-02-02,8033,41.16
2023-02-03,8033,40.1
2023-02-06,8033,40.48
2023-02-07,8033,40.63
2023-02-08,8033,40.34
2023-02-09,8033,41.68
2023-02-10,8033,45.85
2023-02-13,8033,43.93
2023-02-14,8033,42.45
2023-02-15,8033,42.11
2023-02-16,8033,42.4
2023-02-17,8033,42.59
2023-02-20,8033,45.8
2023-02-21,8033,50.31
2023-02-22,8033,55.29
2023-02-23,8033,55.58
2023-02-24,8033,51.65
2023-02-01,8034,13.8
2023-02-02,8034,13.8
2023-02-03,8034,13.85
2023-02-06,8034,13.71
2023-02-07,8034,13.89
2023-02-08,8034,13.66
2023-02-09,8034,13.66
2023-02-10,8034,13.42
2023-02-13,8034,13.29
2023-02-14,8034,13.29
2023-02-15,8034,13.05
2023-02-16,8034,13.19
2023-02-17,8034,13.24
2023-02-20,8034,13.38
2023-02-21,8034,13.33
2023-02-22,8034,13.33
2023-02-23,8034,13.33
2023-02-24,8034,13.33
2023-02-01,8038,44.87
2023-02-02,8038,46.45
2023-02-03,8038,46.64
2023-02-06,8038,45.46
2023-02-07,8038,45.26
2023-02-08,8038,45.26
2023-02-09,8038,46.35
2023-02-10,8038,45.26
2023-02-13,8038,43.63
2023-02-14,8038,43.28
2023-02-15,8038,43.58
2023-02-16,8038,43.98
2023-02-17,8038,42.54
2023-02-20,8038,42.79
2023-02-21,8038,42.64
2023-02-22,8038,42.69
2023-02-23,8038,42.89
2023-02-24,8038,42.4
2023-02-01,8039,35.35
2023-02-02,8039,35.47
2023-02-03,8039,35.39
2023-02-06,8039,35.43
2023-02-07,8039,35.68
2023-02-08,8039,35.77
2023-02-09,8039,35.47
2023-02-10,8039,35.13
2023-02-13,8039,35.18
2023-02-14,8039,35.39
2023-02-15,8039,35.09
2023-02-16,8039,35.35
2023-02-17,8039,35.26
2023-02-20,8039,35.51
2023-02-21,8039,35.56
2023-02-22,8039,35.64
2023-02-23,8039,35.89
2023-02-24,8039,35.98
2023-02-01,8040,51.93
2023-02-02,8040,53.39
2023-02-03,8040,53.0
2023-02-06,8040,51.83
2023-02-07,8040,52.13
2023-02-08,8040,52.9
2023-02-09,8040,52.81
2023-02-10,8040,51.44
2023-02-13,8040,50.86
2023-02-14,8040,51.05
2023-02-15,8040,50.57
2023-02-16,8040,51.35
2023-02-17,8040,51.15
2023-02-20,8040,52.03
2023-02-21,8040,52.03
2023-02-22,8040,50.76
2023-02-23,8040,51.35
2023-02-24,8040,50.57
2023-02-01,8042,30.98
2023-02-02,8042,31.07
2023-02-03,8042,30.98
2023-02-06,8042,30.76
2023-02-07,8042,30.89
2023-02-08,8042,31.07
2023-02-09,8042,31.2
2023-02-10,8042,31.11
2023-02-14,8042,31.2
2023-02-15,8042,31.2
2023-02-16,8042,31.64
2023-02-17,8042,31.51
2023-02-20,8042,31.64
2023-02-21,8042,32.35
2023-02-22,8042,32.48
2023-02-23,8042,32.44
2023-02-24,8042,32.18
2023-02-01,8043,25.89
2023-02-02,8043,26.37
2023-02-03,8043,26.85
2023-02-06,8043,27.04
2023-02-07,8043,26.8
2023-02-08,8043,26.37
2023-02-09,8043,26.37
2023-02-10,8043,26.04
2023-02-13,8043,26.27
2023-02-14,8043,26.37
2023-02-15,8043,26.37
2023-02-16,8043,26.85
2023-02-17,8043,28.76
2023-02-20,8043,29.62
2023-02-21,8043,29.28
2023-02-22,8043,29.19
2023-02-23,8043,28.76
2023-02-24,8043,28.42
2023-02-01,8044,64.83
2023-02-02,8044,67.68
2023-02-03,8044,67.29
2023-02-06,8044,67.98
2023-02-07,8044,69.25
2023-02-08,8044,68.76
2023-02-09,8044,65.82
2023-02-10,8044,65.23
2023-02-13,8044,63.26
2023-02-14,8044,63.75
2023-02-15,8044,64.93
2023-02-16,8044,65.32
2023-02-17,8044,64.44
2023-02-20,8044,68.96
2023-02-21,8044,66.01
2023-02-22,8044,66.01
2023-02-23,8044,63.65
2023-02-24,8044,63.06
2023-02-01,8045,11.74
2023-02-02,8045,11.7
2023-02-03,8045,11.7
2023-02-06,8045,11.65
2023-02-07,8045,11.84
2023-02-08,8045,11.74
2023-02-09,8045,11.7
2023-02-10,8045,11.74
2023-02-13,8045,11.89
2023-02-14,8045,12.03
2023-02-15,8045,11.6
2023-02-16,8045,12.03
2023-02-17,8045,11.84
2023-02-20,8045,11.99
2023-02-21,8045,12.18
2023-02-22,8045,13.35
2023-02-23,8045,13.3
2023-02-24,8045,13.3
2023-02-01,8046,230.75
2023-02-02,8046,238.88
2023-02-03,8046,230.3
2023-02-06,8046,215.85
2023-02-07,8046,220.37
2023-02-08,8046,220.37
2023-02-09,8046,219.46
2023-02-10,8046,214.05
2023-02-13,8046,210.43
2023-02-14,8046,215.4
2023-02-15,8046,220.37
2023-02-16,8046,223.53
2023-02-17,8046,221.72
2023-02-20,8046,220.37
2023-02-21,8046,223.08
2023-02-22,8046,216.75
2023-02-23,8046,219.46
2023-02-24,8046,212.24
2023-02-01,8047,12.15
2023-02-02,8047,12.0
2023-02-03,8047,11.9
2023-02-06,8047,12.15
2023-02-08,8047,12.15
2023-02-09,8047,12.0
2023-02-13,8047,12.0
2023-02-15,8047,12.1
2023-02-17,8047,12.0
2023-02-20,8047,11.95
2023-02-21,8047,11.95
2023-02-22,8047,12.15
2023-02-23,8047,12.15
2023-02-24,8047,11.75
2023-02-01,8048,27.86
2023-02-02,8048,28.07
2023-02-03,8048,28.11
2023-02-06,8048,28.19
2023-02-07,8048,28.23
2023-02-08,8048,28.32
2023-02-09,8048,28.69
2023-02-10,8048,28.77
2023-02-13,8048,28.98
2023-02-14,8048,28.94
2023-02-15,8048,28.73
2023-02-16,8048,28.81
2023-02-17,8048,28.65
2023-02-20,8048,28.94
2023-02-21,8048,29.19
2023-02-22,8048,29.27
2023-02-23,8048,29.39
2023-02-24,8048,30.14
2023-02-01,8049,26.41
2023-02-02,8049,26.61
2023-02-03,8049,26.2
2023-02-06,8049,27.33
2023-02-07,8049,27.09
2023-02-08,8049,27.17
2023-02-09,8049,26.77
2023-02-10,8049,26.2
2023-02-13,8049,26.41
2023-02-14,8049,26.57
2023-02-15,8049,26.69
2023-02-16,8049,26.93
2023-02-17,8049,27.25
2023-02-20,8049,27.53
2023-02-21,8049,28.05
2023-02-22,8049,28.13
2023-02-23,8049,29.22
2023-02-24,8049,29.42
2023-02-01,8050,64.62
2023-02-02,8050,64.12
2023-02-03,8050,65.38
2023-02-06,8050,66.73
2023-02-07,8050,67.16
2023-02-08,8050,66.48
2023-02-09,8050,67.16
2023-02-10,8050,65.81
2023-02-13,8050,67.5
2023-02-14,8050,67.07
2023-02-15,8050,67.5
2023-02-16,8050,67.58
2023-02-17,8050,69.69
2023-02-20,8050,70.28
2023-02-21,8050,70.54
2023-02-22,8050,71.38
2023-02-23,8050,72.82
2023-02-24,8050,70.79
2023-02-01,8054,31.53
2023-02-02,8054,32.15
2023-02-03,8054,32.64
2023-02-06,8054,32.35
2023-02-07,8054,31.91
2023-02-08,8054,34.13
2023-02-09,8054,33.31
2023-02-10,8054,32.49
2023-02-13,8054,32.44
2023-02-14,8054,32.97
2023-02-15,8054,32.73
2023-02-16,8054,33.41
2023-02-17,8054,33.41
2023-02-20,8054,33.74
2023-02-21,8054,33.94
2023-02-22,8054,33.46
2023-02-23,8054,33.79
2023-02-24,8054,33.07
2023-02-01,8059,10.0
2023-02-02,8059,10.1
2023-02-03,8059,10.15
2023-02-06,8059,9.99
2023-02-07,8059,10.1
2023-02-08,8059,10.0
2023-02-09,8059,10.0
2023-02-10,8059,9.99
2023-02-13,8059,10.15
2023-02-14,8059,10.1
2023-02-15,8059,10.15
2023-02-16,8059,10.2
2023-02-17,8059,10.25
2023-02-20,8059,10.55
2023-02-21,8059,10.45
2023-02-22,8059,10.45
2023-02-23,8059,10.45
2023-02-24,8059,10.55
2023-02-01,8064,15.94
2023-02-02,8064,15.98
2023-02-03,8064,15.8
2023-02-06,8064,15.94
2023-02-07,8064,15.98
2023-02-08,8064,15.98
2023-02-09,8064,15.89
2023-02-10,8064,15.67
2023-02-13,8064,15.62
2023-02-14,8064,15.67
2023-02-15,8064,15.58
2023-02-16,8064,15.94
2023-02-17,8064,15.85
2023-02-20,8064,16.03
2023-02-21,8064,16.03
2023-02-22,8064,15.89
2023-02-23,8064,16.07
2023-02-24,8064,15.98
2023-02-01,8066,26.18
2023-02-02,8066,25.9
2023-02-03,8066,26.18
2023-02-06,8066,25.9
2023-02-07,8066,25.8
2023-02-08,8066,26.04
2023-02-09,8066,26.18
2023-02-10,8066,26.27
2023-02-13,8066,26.08
2023-02-14,8066,25.76
2023-02-15,8066,25.85
2023-02-16,8066,25.99
2023-02-17,8066,25.99
2023-02-20,8066,26.13
2023-02-21,8066,26.18
2023-02-22,8066,26.5
2023-02-23,8066,26.55
2023-02-24,8066,26.27
2023-02-01,8067,15.57
2023-02-02,8067,14.98
2023-02-03,8067,15.24
2023-02-06,8067,15.3
2023-02-07,8067,15.56
2023-02-08,8067,15.17
2023-02-09,8067,15.21
2023-02-13,8067,15.05
2023-02-14,8067,14.91
2023-02-15,8067,15.4
2023-02-01,8068,25.3
2023-02-02,8068,27.8
2023-02-03,8068,25.8
2023-02-06,8068,25.7
2023-02-07,8068,25.35
2023-02-08,8068,25.4
2023-02-09,8068,25.4
2023-02-10,8068,24.6
2023-02-13,8068,23.95
2023-02-14,8068,23.8
2023-02-15,8068,23.9
2023-02-16,8068,24.25
2023-02-17,8068,24.1
2023-02-20,8068,24.1
2023-02-21,8068,24.35
2023-02-22,8068,24.0
2023-02-23,8068,25.0
2023-02-24,8068,24.4
2023-02-01,8069,175.25
2023-02-02,8069,186.51
2023-02-03,8069,186.51
2023-02-06,8069,187.49
2023-02-07,8069,188.96
2023-02-08,8069,188.96
2023-02-09,8069,192.39
2023-02-10,8069,188.96
2023-02-13,8069,192.39
2023-02-14,8069,189.94
2023-02-15,8069,187.0
2023-02-16,8069,201.69
2023-02-17,8069,201.69
2023-02-20,8069,199.24
2023-02-21,8069,205.6
2023-02-22,8069,197.77
2023-02-23,8069,197.77
2023-02-24,8069,190.43
2023-02-01,8070,27.21
2023-02-02,8070,27.21
2023-02-03,8070,27.38
2023-02-06,8070,27.42
2023-02-07,8070,27.51
2023-02-08,8070,27.51
2023-02-09,8070,27.34
2023-02-10,8070,27.21
2023-02-13,8070,27.42
2023-02-14,8070,27.29
2023-02-15,8070,27.13
2023-02-16,8070,27.29
2023-02-17,8070,27.25
2023-02-20,8070,27.55
2023-02-21,8070,27.67
2023-02-22,8070,27.84
2023-02-23,8070,27.84
2023-02-24,8070,27.84
2023-02-01,8071,13.99
2023-02-02,8071,14.09
2023-02-03,8071,13.95
2023-02-06,8071,14.04
2023-02-07,8071,13.95
2023-02-08,8071,14.09
2023-02-09,8071,13.95
2023-02-10,8071,13.95
2023-02-13,8071,14.04
2023-02-14,8071,14.23
2023-02-15,8071,14.04
2023-02-16,8071,14.47
2023-02-17,8071,14.66
2023-02-20,8071,14.85
2023-02-21,8071,14.85
2023-02-22,8071,14.85
2023-02-23,8071,14.89
2023-02-24,8071,14.7
2023-02-01,8072,24.47
2023-02-02,8072,25.21
2023-02-03,8072,25.16
2023-02-06,8072,25.34
2023-02-07,8072,24.98
2023-02-08,8072,25.34
2023-02-09,8072,26.13
2023-02-10,8072,25.16
2023-02-13,8072,25.16
2023-02-14,8072,25.02
2023-02-15,8072,24.88
2023-02-16,8072,24.98
2023-02-17,8072,24.79
2023-02-20,8072,25.02
2023-02-21,8072,25.02
2023-02-22,8072,24.51
2023-02-23,8072,24.56
2023-02-24,8072,24.01
2023-02-01,8074,17.45
2023-02-02,8074,17.2
2023-02-03,8074,17.24
2023-02-06,8074,17.2
2023-02-07,8074,17.24
2023-02-08,8074,17.11
2023-02-09,8074,17.11
2023-02-10,8074,16.99
2023-02-13,8074,16.82
2023-02-14,8074,17.03
2023-02-15,8074,16.99
2023-02-16,8074,17.07
2023-02-17,8074,17.16
2023-02-20,8074,17.11
2023-02-21,8074,17.11
2023-02-22,8074,16.73
2023-02-23,8074,16.82
2023-02-24,8074,17.2
2023-02-01,8076,27.05
2023-02-02,8076,27.33
2023-02-03,8076,27.1
2023-02-06,8076,27.65
2023-02-07,8076,27.56
2023-02-08,8076,27.61
2023-02-09,8076,27.33
2023-02-10,8076,26.77
2023-02-13,8076,26.91
2023-02-14,8076,27.19
2023-02-15,8076,27.65
2023-02-16,8076,27.47
2023-02-17,8076,27.47
2023-02-20,8076,28.07
2023-02-21,8076,28.03
2023-02-22,8076,28.21
2023-02-23,8076,28.12
2023-02-24,8076,27.65
2023-02-01,8077,33.7
2023-02-13,8077,34.35
2023-02-14,8077,30.95
2023-02-15,8077,29.0
2023-02-16,8077,31.9
2023-02-17,8077,35.0
2023-02-20,8077,37.0
2023-02-21,8077,36.45
2023-02-22,8077,33.95
2023-02-23,8077,37.25
2023-02-24,8077,40.7
2023-02-01,8080,10.8
2023-02-02,8080,10.8
2023-02-03,8080,11.1
2023-02-06,8080,11.15
2023-02-07,8080,11.0
2023-02-08,8080,11.1
2023-02-09,8080,11.5
2023-02-10,8080,11.0
2023-02-13,8080,11.05
2023-02-14,8080,10.85
2023-02-15,8080,10.9
2023-02-16,8080,11.05
2023-02-17,8080,11.15
2023-02-20,8080,10.85
2023-02-21,8080,10.8
2023-02-22,8080,10.65
2023-02-23,8080,11.15
2023-02-24,8080,10.9
2023-02-01,8081,133.84
2023-02-02,8081,138.39
2023-02-03,8081,136.32
2023-02-06,8081,133.43
2023-02-07,8081,135.49
2023-02-08,8081,142.1
2023-02-09,8081,138.8
2023-02-10,8081,137.56
2023-02-13,8081,141.28
2023-02-14,8081,137.97
2023-02-15,8081,142.93
2023-02-16,8081,143.34
2023-02-17,8081,140.45
2023-02-20,8081,142.1
2023-02-21,8081,146.23
2023-02-22,8081,142.1
2023-02-23,8081,145.82
2023-02-24,8081,144.58
2023-02-01,8083,139.24
2023-02-02,8083,138.82
2023-02-03,8083,138.82
2023-02-06,8083,137.98
2023-02-07,8083,138.4
2023-02-08,8083,137.55
2023-02-09,8083,137.13
2023-02-10,8083,133.76
2023-02-13,8083,130.8
2023-02-14,8083,130.8
2023-02-15,8083,131.65
2023-02-16,8083,134.18
2023-02-17,8083,135.02
2023-02-20,8083,136.29
2023-02-21,8083,136.71
2023-02-22,8083,136.71
2023-02-23,8083,137.13
2023-02-24,8083,135.45
2023-02-01,8084,102.5
2023-02-02,8084,102.5
2023-02-03,8084,99.1
2023-02-06,8084,98.6
2023-02-07,8084,94.6
2023-02-08,8084,93.4
2023-02-09,8084,93.4
2023-02-10,8084,94.6
2023-02-13,8084,94.6
2023-02-14,8084,93.4
2023-02-15,8084,93.4
2023-02-16,8084,94.0
2023-02-17,8084,98.2
2023-02-20,8084,108.0
2023-02-21,8084,108.5
2023-02-22,8084,103.0
2023-02-23,8084,105.5
2023-02-24,8084,101.5
2023-02-01,8085,21.81
2023-02-02,8085,22.06
2023-02-03,8085,22.21
2023-02-06,8085,21.46
2023-02-07,8085,21.16
2023-02-08,8085,21.31
2023-02-09,8085,21.16
2023-02-10,8085,20.96
2023-02-13,8085,20.76
2023-02-14,8085,20.76
2023-02-15,8085,20.76
2023-02-16,8085,20.66
2023-02-17,8085,20.66
2023-02-20,8085,20.71
2023-02-21,8085,20.66
2023-02-22,8085,20.61
2023-02-23,8085,20.66
2023-02-24,8085,20.71
2023-02-01,8086,77.15
2023-02-02,8086,77.64
2023-02-03,8086,74.87
2023-02-06,8086,75.96
2023-02-07,8086,76.55
2023-02-08,8086,78.04
2023-02-09,8086,76.55
2023-02-10,8086,75.56
2023-02-13,8086,75.56
2023-02-14,8086,75.46
2023-02-15,8086,75.36
2023-02-16,8086,76.36
2023-02-17,8086,76.16
2023-02-20,8086,80.22
2023-02-21,8086,78.43
2023-02-22,8086,76.75
2023-02-23,8086,77.25
2023-02-24,8086,75.96
2023-02-01,8087,27.38
2023-02-02,8087,27.52
2023-02-03,8087,27.75
2023-02-06,8087,27.47
2023-02-07,8087,28.22
2023-02-08,8087,27.94
2023-02-09,8087,28.08
2023-02-10,8087,27.94
2023-02-13,8087,26.58
2023-02-14,8087,26.16
2023-02-15,8087,26.44
2023-02-16,8087,26.39
2023-02-17,8087,26.44
2023-02-20,8087,26.39
2023-02-21,8087,26.06
2023-02-22,8087,26.44
2023-02-23,8087,26.25
2023-02-24,8087,26.44
2023-02-01,8088,21.6
2023-02-02,8088,21.64
2023-02-03,8088,21.64
2023-02-06,8088,21.55
2023-02-07,8088,21.77
2023-02-08,8088,21.64
2023-02-09,8088,21.64
2023-02-10,8088,21.29
2023-02-13,8088,21.16
2023-02-14,8088,21.64
2023-02-15,8088,21.99
2023-02-16,8088,21.94
2023-02-17,8088,21.9
2023-02-20,8088,21.94
2023-02-21,8088,21.9
2023-02-22,8088,21.86
2023-02-23,8088,22.16
2023-02-24,8088,23.72
2023-02-01,8089,22.4
2023-02-02,8089,22.45
2023-02-03,8089,22.4
2023-02-06,8089,22.4
2023-02-07,8089,22.31
2023-02-08,8089,22.4
2023-02-09,8089,21.97
2023-02-10,8089,21.97
2023-02-13,8089,21.92
2023-02-14,8089,21.87
2023-02-15,8089,21.82
2023-02-16,8089,21.97
2023-02-17,8089,22.02
2023-02-20,8089,22.21
2023-02-21,8089,22.26
2023-02-22,8089,22.11
2023-02-23,8089,22.11
2023-02-24,8089,22.02
2023-02-01,8091,73.15
2023-02-02,8091,73.31
2023-02-03,8091,71.46
2023-02-06,8091,71.78
2023-02-07,8091,74.03
2023-02-08,8091,73.47
2023-02-09,8091,72.74
2023-02-10,8091,70.57
2023-02-13,8091,71.37
2023-02-14,8091,71.21
2023-02-15,8091,71.05
2023-02-16,8091,71.54
2023-02-17,8091,72.58
2023-02-20,8091,74.11
2023-02-21,8091,74.44
2023-02-22,8091,74.27
2023-02-23,8091,75.4
2023-02-24,8091,73.71
2023-02-01,8092,11.85
2023-02-02,8092,11.85
2023-02-03,8092,11.8
2023-02-06,8092,11.8
2023-02-07,8092,12.0
2023-02-08,8092,12.0
2023-02-09,8092,11.9
2023-02-10,8092,12.0
2023-02-13,8092,11.85
2023-02-14,8092,11.85
2023-02-15,8092,11.85
2023-02-16,8092,11.8
2023-02-17,8092,11.85
2023-02-20,8092,11.85
2023-02-21,8092,11.9
2023-02-22,8092,11.9
2023-02-23,8092,11.95
2023-02-24,8092,11.9
2023-02-01,8093,10.7
2023-02-02,8093,10.8
2023-02-03,8093,11.3
2023-02-06,8093,11.35
2023-02-07,8093,11.4
2023-02-08,8093,11.15
2023-02-09,8093,11.35
2023-02-10,8093,11.2
2023-02-13,8093,12.3
2023-02-14,8093,12.3
2023-02-15,8093,12.1
2023-02-16,8093,12.45
2023-02-17,8093,13.2
2023-02-20,8093,13.05
2023-02-21,8093,13.25
2023-02-22,8093,13.05
2023-02-23,8093,12.9
2023-02-24,8093,13.1
2023-02-01,8096,11.83
2023-02-02,8096,11.93
2023-02-03,8096,11.83
2023-02-06,8096,11.83
2023-02-07,8096,11.78
2023-02-08,8096,11.83
2023-02-09,8096,11.88
2023-02-10,8096,11.88
2023-02-13,8096,11.83
2023-02-14,8096,11.83
2023-02-15,8096,11.73
2023-02-16,8096,11.78
2023-02-17,8096,11.73
2023-02-20,8096,11.83
2023-02-21,8096,11.98
2023-02-22,8096,11.93
2023-02-23,8096,11.98
2023-02-24,8096,11.93
2023-02-01,8097,60.57
2023-02-02,8097,60.95
2023-02-03,8097,60.18
2023-02-06,8097,60.47
2023-02-07,8097,58.65
2023-02-08,8097,57.2
2023-02-09,8097,56.53
2023-02-10,8097,56.53
2023-02-13,8097,56.53
2023-02-14,8097,56.92
2023-02-15,8097,56.24
2023-02-16,8097,55.47
2023-02-17,8097,56.24
2023-02-20,8097,55.09
2023-02-21,8097,55.28
2023-02-22,8097,55.09
2023-02-23,8097,55.19
2023-02-24,8097,54.9
2023-02-01,8099,36.69
2023-02-02,8099,36.55
2023-02-03,8099,36.26
2023-02-06,8099,36.26
2023-02-07,8099,36.46
2023-02-08,8099,36.46
2023-02-09,8099,36.26
2023-02-10,8099,36.26
2023-02-13,8099,36.69
2023-02-14,8099,36.84
2023-02-15,8099,36.17
2023-02-16,8099,36.22
2023-02-17,8099,36.5
2023-02-20,8099,36.22
2023-02-21,8099,36.5
2023-02-22,8099,36.22
2023-02-23,8099,36.41
2023-02-24,8099,36.65
2023-02-01,8101,5.96
2023-02-02,8101,5.92
2023-02-03,8101,5.85
2023-02-06,8101,5.85
2023-02-07,8101,5.89
2023-02-08,8101,5.84
2023-02-09,8101,5.88
2023-02-10,8101,5.97
2023-02-13,8101,5.89
2023-02-14,8101,5.89
2023-02-15,8101,6.05
2023-02-16,8101,5.91
2023-02-17,8101,6.0
2023-02-20,8101,6.0
2023-02-21,8101,5.92
2023-02-22,8101,5.89
2023-02-23,8101,5.97
2023-02-24,8101,5.96
2023-02-01,8103,29.05
2023-02-02,8103,29.32
2023-02-03,8103,29.27
2023-02-06,8103,29.32
2023-02-07,8103,29.23
2023-02-08,8103,29.4
2023-02-09,8103,29.36
2023-02-10,8103,29.1
2023-02-13,8103,28.97
2023-02-14,8103,29.71
2023-02-15,8103,29.53
2023-02-16,8103,29.79
2023-02-17,8103,30.58
2023-02-20,8103,31.1
2023-02-21,8103,30.84
2023-02-22,8103,30.71
2023-02-23,8103,30.75
2023-02-24,8103,30.75
2023-02-01,8104,35.88
2023-02-02,8104,36.35
2023-02-03,8104,35.65
2023-02-06,8104,35.79
2023-02-07,8104,36.49
2023-02-08,8104,36.91
2023-02-09,8104,36.68
2023-02-10,8104,36.16
2023-02-13,8104,36.45
2023-02-14,8104,36.54
2023-02-15,8104,36.21
2023-02-16,8104,36.77
2023-02-17,8104,37.1
2023-02-20,8104,37.33
2023-02-21,8104,37.33
2023-02-22,8104,36.82
2023-02-23,8104,37.24
2023-02-24,8104,36.59
2023-02-01,8105,14.31
2023-02-02,8105,14.11
2023-02-03,8105,14.11
2023-02-06,8105,14.01
2023-02-07,8105,14.4
2023-02-08,8105,14.45
2023-02-09,8105,14.36
2023-02-10,8105,14.26
2023-02-13,8105,14.26
2023-02-14,8105,14.6
2023-02-15,8105,14.5
2023-02-16,8105,14.75
2023-02-17,8105,14.65
2023-02-20,8105,14.75
2023-02-21,8105,14.8
2023-02-22,8105,14.4
2023-02-23,8105,14.5
2023-02-24,8105,14.65
2023-02-01,8107,17.02
2023-02-02,8107,17.21
2023-02-03,8107,17.26
2023-02-06,8107,17.26
2023-02-07,8107,17.21
2023-02-08,8107,17.65
2023-02-09,8107,17.65
2023-02-10,8107,17.56
2023-02-13,8107,17.65
2023-02-14,8107,17.56
2023-02-15,8107,17.51
2023-02-16,8107,17.51
2023-02-17,8107,17.51
2023-02-20,8107,17.8
2023-02-21,8107,18.0
2023-02-22,8107,18.05
2023-02-23,8107,18.1
2023-02-24,8107,18.0
2023-02-01,8109,74.49
2023-02-02,8109,74.49
2023-02-03,8109,75.33
2023-02-06,8109,74.83
2023-02-07,8109,74.91
2023-02-08,8109,75.33
2023-02-09,8109,75.25
2023-02-10,8109,73.65
2023-02-13,8109,72.9
2023-02-14,8109,73.23
2023-02-15,8109,73.15
2023-02-16,8109,73.07
2023-02-17,8109,73.99
2023-02-20,8109,75.08
2023-02-21,8109,75.08
2023-02-22,8109,75.16
2023-02-23,8109,75.41
2023-02-24,8109,75.5
2023-02-01,8110,11.87
2023-02-02,8110,12.25
2023-02-03,8110,12.15
2023-02-06,8110,12.11
2023-02-07,8110,12.11
2023-02-08,8110,12.2
2023-02-09,8110,12.11
2023-02-10,8110,11.87
2023-02-13,8110,11.96
2023-02-14,8110,12.06
2023-02-15,8110,12.01
2023-02-16,8110,12.3
2023-02-17,8110,12.4
2023-02-20,8110,12.49
2023-02-21,8110,12.4
2023-02-22,8110,12.3
2023-02-23,8110,12.4
2023-02-24,8110,12.35
2023-02-01,8111,14.47
2023-02-02,8111,14.74
2023-02-03,8111,14.56
2023-02-06,8111,14.56
2023-02-07,8111,14.65
2023-02-08,8111,14.69
2023-02-09,8111,14.78
2023-02-10,8111,14.96
2023-02-13,8111,14.96
2023-02-14,8111,15.0
2023-02-15,8111,14.87
2023-02-16,8111,14.96
2023-02-17,8111,15.0
2023-02-20,8111,15.14
2023-02-21,8111,16.62
2023-02-22,8111,17.38
2023-02-23,8111,17.33
2023-02-24,8111,18.0
2023-02-01,8112,29.32
2023-02-02,8112,29.79
2023-02-03,8112,29.94
2023-02-06,8112,29.9
2023-02-07,8112,29.9
2023-02-08,8112,29.28
2023-02-09,8112,29.32
2023-02-10,8112,29.24
2023-02-13,8112,29.28
2023-02-14,8112,29.47
2023-02-15,8112,29.4
2023-02-16,8112,29.51
2023-02-17,8112,29.59
2023-02-20,8112,29.9
2023-02-21,8112,30.18
2023-02-22,8112,30.18
2023-02-23,8112,30.22
2023-02-24,8112,30.18
2023-02-01,8112A,35.16
2023-02-02,8112A,35.16
2023-02-03,8112A,35.2
2023-02-06,8112A,35.2
2023-02-07,8112A,35.24
2023-02-08,8112A,35.2
2023-02-09,8112A,35.2
2023-02-10,8112A,35.2
2023-02-13,8112A,35.24
2023-02-14,8112A,35.24
2023-02-15,8112A,35.24
2023-02-16,8112A,35.29
2023-02-17,8112A,35.24
2023-02-20,8112A,35.29
2023-02-21,8112A,35.24
2023-02-22,8112A,35.29
2023-02-23,8112A,35.33
2023-02-01,8114,105.19
2023-02-02,8114,106.09
2023-02-03,8114,106.53
2023-02-06,8114,105.64
2023-02-07,8114,107.43
2023-02-08,8114,106.98
2023-02-09,8114,104.74
2023-02-10,8114,103.85
2023-02-13,8114,104.74
2023-02-14,8114,104.74
2023-02-15,8114,105.64
2023-02-16,8114,106.53
2023-02-17,8114,107.88
2023-02-20,8114,107.88
2023-02-21,8114,109.22
2023-02-22,8114,106.53
2023-02-23,8114,109.22
2023-02-24,8114,107.43
2023-02-01,8121,26.15
2023-02-02,8121,26.5
2023-02-03,8121,26.35
2023-02-06,8121,26.15
2023-02-07,8121,25.9
2023-02-08,8121,25.7
2023-02-09,8121,26.55
2023-02-10,8121,26.1
2023-02-13,8121,25.55
2023-02-14,8121,25.95
2023-02-15,8121,25.7
2023-02-16,8121,26.3
2023-02-17,8121,26.15
2023-02-20,8121,26.8
2023-02-21,8121,26.8
2023-02-22,8121,26.45
2023-02-23,8121,26.5
2023-02-24,8121,26.15
2023-02-01,8131,36.27
2023-02-02,8131,36.41
2023-02-03,8131,36.9
2023-02-06,8131,36.72
2023-02-07,8131,37.04
2023-02-08,8131,36.95
2023-02-09,8131,36.81
2023-02-10,8131,37.13
2023-02-13,8131,37.08
2023-02-14,8131,36.99
2023-02-15,8131,36.77
2023-02-16,8131,36.72
2023-02-17,8131,36.77
2023-02-20,8131,36.9
2023-02-21,8131,37.22
2023-02-22,8131,37.22
2023-02-23,8131,38.44
2023-02-24,8131,38.8
2023-02-01,8147,57.98
2023-02-02,8147,60.3
2023-02-03,8147,61.87
2023-02-06,8147,61.69
2023-02-07,8147,60.11
2023-02-08,8147,60.02
2023-02-09,8147,59.92
2023-02-10,8147,58.9
2023-02-13,8147,58.81
2023-02-14,8147,59.65
2023-02-15,8147,58.9
2023-02-16,8147,59.0
2023-02-17,8147,58.9
2023-02-20,8147,58.63
2023-02-21,8147,58.81
2023-02-22,8147,59.0
2023-02-23,8147,59.0
2023-02-24,8147,58.72
2023-02-01,8150,29.92
2023-02-02,8150,30.91
2023-02-03,8150,31.26
2023-02-06,8150,30.65
2023-02-07,8150,30.65
2023-02-08,8150,30.96
2023-02-09,8150,30.91
2023-02-10,8150,31.0
2023-02-13,8150,30.48
2023-02-14,8150,30.74
2023-02-15,8150,30.52
2023-02-16,8150,30.78
2023-02-17,8150,30.74
2023-02-20,8150,30.91
2023-02-21,8150,31.56
2023-02-22,8150,31.56
2023-02-23,8150,31.95
2023-02-24,8150,31.43
2023-02-01,8155,107.68
2023-02-02,8155,107.68
2023-02-03,8155,103.68
2023-02-06,8155,103.23
2023-02-07,8155,108.13
2023-02-08,8155,106.35
2023-02-09,8155,105.01
2023-02-10,8155,109.02
2023-02-13,8155,107.24
2023-02-14,8155,105.01
2023-02-15,8155,105.01
2023-02-16,8155,105.9
2023-02-17,8155,108.57
2023-02-20,8155,109.46
2023-02-21,8155,107.68
2023-02-22,8155,107.24
2023-02-23,8155,109.46
2023-02-24,8155,109.91
2023-02-01,8162,33.85
2023-02-02,8162,36.5
2023-02-03,8162,35.29
2023-02-06,8162,34.67
2023-02-07,8162,35.25
2023-02-08,8162,35.15
2023-02-09,8162,34.67
2023-02-10,8162,34.24
2023-02-13,8162,34.09
2023-02-14,8162,34.28
2023-02-15,8162,33.56
2023-02-16,8162,34.62
2023-02-17,8162,35.97
2023-02-20,8162,37.99
2023-02-21,8162,38.23
2023-02-22,8162,37.36
2023-02-23,8162,37.51
2023-02-24,8162,37.27
2023-02-01,8163,33.01
2023-02-02,8163,33.46
2023-02-03,8163,33.71
2023-02-06,8163,33.42
2023-02-07,8163,33.51
2023-02-08,8163,33.55
2023-02-09,8163,34.63
2023-02-10,8163,34.17
2023-02-13,8163,33.76
2023-02-14,8163,33.67
2023-02-15,8163,33.92
2023-02-16,8163,34.05
2023-02-17,8163,34.09
2023-02-20,8163,34.38
2023-02-21,8163,34.3
2023-02-22,8163,34.17
2023-02-23,8163,34.17
2023-02-24,8163,34.42
2023-02-01,8171,55.85
2023-02-02,8171,55.47
2023-02-03,8171,54.81
2023-02-06,8171,56.99
2023-02-07,8171,58.61
2023-02-08,8171,57.75
2023-02-09,8171,58.04
2023-02-10,8171,57.09
2023-02-13,8171,57.28
2023-02-14,8171,58.71
2023-02-15,8171,60.61
2023-02-16,8171,59.94
2023-02-17,8171,60.42
2023-02-20,8171,60.7
2023-02-21,8171,60.23
2023-02-22,8171,60.23
2023-02-23,8171,60.61
2023-02-24,8171,59.37
2023-02-01,8176,9.48
2023-02-02,8176,9.65
2023-02-03,8176,9.62
2023-02-06,8176,9.66
2023-02-07,8176,9.66
2023-02-08,8176,9.65
2023-02-09,8176,9.73
2023-02-10,8176,9.99
2023-02-13,8176,10.3
2023-02-14,8176,10.2
2023-02-15,8176,10.1
2023-02-16,8176,10.15
2023-02-17,8176,9.98
2023-02-20,8176,10.25
2023-02-21,8176,10.2
2023-02-22,8176,10.3
2023-02-23,8176,10.15
2023-02-24,8176,10.5
2023-02-01,8182,27.94
2023-02-02,8182,28.5
2023-02-03,8182,28.81
2023-02-06,8182,28.46
2023-02-07,8182,28.5
2023-02-08,8182,28.81
2023-02-09,8182,28.72
2023-02-10,8182,28.68
2023-02-13,8182,28.55
2023-02-14,8182,28.64
2023-02-15,8182,28.59
2023-02-16,8182,28.72
2023-02-17,8182,28.9
2023-02-20,8182,31.72
2023-02-21,8182,30.46
2023-02-22,8182,30.42
2023-02-23,8182,31.16
2023-02-24,8182,30.72
2023-02-01,8183,50.2
2023-02-02,8183,50.2
2023-02-03,8183,49.67
2023-02-06,8183,50.02
2023-02-07,8183,50.38
2023-02-08,8183,50.11
2023-02-09,8183,49.32
2023-02-10,8183,47.91
2023-02-13,8183,48.62
2023-02-14,8183,48.7
2023-02-15,8183,50.55
2023-02-16,8183,50.9
2023-02-17,8183,51.43
2023-02-20,8183,50.81
2023-02-21,8183,50.02
2023-02-22,8183,49.32
2023-02-23,8183,49.94
2023-02-24,8183,49.14
2023-02-01,8201,10.3
2023-02-02,8201,10.3
2023-02-03,8201,10.2
2023-02-06,8201,10.15
2023-02-07,8201,10.3
2023-02-08,8201,10.35
2023-02-09,8201,10.5
2023-02-10,8201,10.4
2023-02-13,8201,10.35
2023-02-14,8201,10.35
2023-02-15,8201,10.25
2023-02-16,8201,10.45
2023-02-17,8201,10.65
2023-02-20,8201,11.25
2023-02-21,8201,10.9
2023-02-22,8201,10.9
2023-02-23,8201,11.05
2023-02-24,8201,11.15
2023-02-01,8210,83.15
2023-02-02,8210,81.92
2023-02-03,8210,81.55
2023-02-06,8210,81.36
2023-02-07,8210,82.21
2023-02-08,8210,81.64
2023-02-09,8210,81.83
2023-02-10,8210,79.76
2023-02-13,8210,78.06
2023-02-14,8210,79.1
2023-02-15,8210,79.19
2023-02-16,8210,78.91
2023-02-17,8210,79.19
2023-02-20,8210,78.34
2023-02-21,8210,79.66
2023-02-22,8210,77.96
2023-02-23,8210,81.83
2023-02-24,8210,83.71
2023-02-01,8213,34.53
2023-02-02,8213,35.13
2023-02-03,8213,35.18
2023-02-06,8213,35.18
2023-02-07,8213,34.85
2023-02-08,8213,35.04
2023-02-09,8213,34.85
2023-02-10,8213,34.63
2023-02-13,8213,34.67
2023-02-14,8213,34.85
2023-02-15,8213,35.08
2023-02-16,8213,35.08
2023-02-17,8213,35.13
2023-02-20,8213,35.63
2023-02-21,8213,35.77
2023-02-22,8213,35.59
2023-02-23,8213,35.73
2023-02-24,8213,35.54
2023-02-01,8215,30.42
2023-02-02,8215,32.17
2023-02-03,8215,31.37
2023-02-06,8215,31.81
2023-02-07,8215,32.04
2023-02-08,8215,31.9
2023-02-09,8215,31.95
2023-02-10,8215,31.63
2023-02-13,8215,31.95
2023-02-14,8215,31.99
2023-02-15,8215,32.17
2023-02-16,8215,32.4
2023-02-17,8215,32.76
2023-02-20,8215,33.25
2023-02-21,8215,33.07
2023-02-22,8215,33.07
2023-02-23,8215,33.11
2023-02-24,8215,32.62
2023-02-01,8222,27.6
2023-02-02,8222,27.11
2023-02-03,8222,26.91
2023-02-06,8222,26.81
2023-02-07,8222,26.86
2023-02-08,8222,26.57
2023-02-09,8222,27.6
2023-02-10,8222,30.34
2023-02-13,8222,33.27
2023-02-14,8222,31.36
2023-02-15,8222,30.73
2023-02-16,8222,31.22
2023-02-17,8222,32.05
2023-02-20,8222,31.9
2023-02-21,8222,32.73
2023-02-22,8222,32.88
2023-02-23,8222,32.73
2023-02-24,8222,31.56
2023-02-01,8227,78.87
2023-02-02,8227,86.73
2023-02-03,8227,90.18
2023-02-06,8227,95.07
2023-02-07,8227,99.67
2023-02-08,8227,109.25
2023-02-09,8227,119.79
2023-02-10,8227,119.31
2023-02-13,8227,130.33
2023-02-14,8227,130.81
2023-02-15,8227,127.46
2023-02-16,8227,139.92
2023-02-17,8227,151.9
2023-02-20,8227,166.75
2023-02-21,8227,168.67
2023-02-22,8227,162.92
2023-02-23,8227,167.71
2023-02-24,8227,161.96
2023-02-01,8234,29.65
2023-02-02,8234,30.16
2023-02-03,8234,31.26
2023-02-06,8234,31.45
2023-02-07,8234,32.0
2023-02-08,8234,31.81
2023-02-09,8234,32.69
2023-02-10,8234,30.99
2023-02-13,8234,32.55
2023-02-14,8234,32.5
2023-02-15,8234,35.72
2023-02-16,8234,35.86
2023-02-17,8234,35.49
2023-02-20,8234,34.8
2023-02-21,8234,35.86
2023-02-22,8234,36.13
2023-02-23,8234,38.34
2023-02-24,8234,37.15
2023-02-01,8240,24.9
2023-02-02,8240,24.94
2023-02-03,8240,25.07
2023-02-06,8240,24.99
2023-02-07,8240,25.03
2023-02-08,8240,25.07
2023-02-09,8240,24.94
2023-02-10,8240,24.94
2023-02-13,8240,25.07
2023-02-14,8240,24.86
2023-02-15,8240,24.9
2023-02-16,8240,24.86
2023-02-17,8240,24.81
2023-02-20,8240,24.94
2023-02-21,8240,24.99
2023-02-22,8240,24.94
2023-02-23,8240,25.07
2023-02-24,8240,25.07
2023-02-01,8249,28.86
2023-02-02,8249,29.2
2023-02-03,8249,29.25
2023-02-06,8249,28.41
2023-02-07,8249,28.61
2023-02-08,8249,28.76
2023-02-09,8249,28.45
2023-02-10,8249,27.76
2023-02-13,8249,26.96
2023-02-14,8249,27.21
2023-02-15,8249,26.96
2023-02-16,8249,27.17
2023-02-17,8249,27.06
2023-02-20,8249,27.17
2023-02-21,8249,27.31
2023-02-22,8249,27.41
2023-02-23,8249,27.56
2023-02-24,8249,28.31
2023-02-01,8255,160.4
2023-02-02,8255,161.77
2023-02-03,8255,162.23
2023-02-06,8255,157.21
2023-02-07,8255,159.95
2023-02-08,8255,159.95
2023-02-09,8255,159.49
2023-02-10,8255,155.85
2023-02-13,8255,154.48
2023-02-14,8255,155.85
2023-02-15,8255,157.67
2023-02-16,8255,164.05
2023-02-17,8255,161.32
2023-02-20,8255,160.4
2023-02-21,8255,162.23
2023-02-22,8255,156.3
2023-02-23,8255,157.21
2023-02-24,8255,155.39
2023-02-01,8261,101.76
2023-02-02,8261,102.65
2023-02-03,8261,99.98
2023-02-06,8261,99.98
2023-02-07,8261,100.87
2023-02-08,8261,101.31
2023-02-09,8261,100.87
2023-02-10,8261,99.09
2023-02-13,8261,98.65
2023-02-14,8261,98.65
2023-02-15,8261,98.2
2023-02-16,8261,102.2
2023-02-17,8261,101.76
2023-02-20,8261,100.87
2023-02-21,8261,100.87
2023-02-22,8261,97.31
2023-02-23,8261,97.76
2023-02-24,8261,96.87
2023-02-01,8271,38.2
2023-02-02,8271,38.54
2023-02-03,8271,38.46
2023-02-06,8271,38.24
2023-02-07,8271,38.03
2023-02-08,8271,38.41
2023-02-09,8271,38.41
2023-02-10,8271,38.8
2023-02-13,8271,38.76
2023-02-14,8271,39.02
2023-02-15,8271,39.06
2023-02-16,8271,39.62
2023-02-17,8271,39.92
2023-02-20,8271,39.54
2023-02-21,8271,39.15
2023-02-22,8271,40.05
2023-02-23,8271,40.75
2023-02-24,8271,41.09
2023-02-01,8277,8.08
2023-02-02,8277,8.88
2023-02-03,8277,8.8
2023-02-06,8277,8.75
2023-02-07,8277,8.74
2023-02-08,8277,8.79
2023-02-09,8277,8.86
2023-02-10,8277,8.79
2023-02-13,8277,8.72
2023-02-14,8277,9.33
2023-02-15,8277,9.01
2023-02-16,8277,9.04
2023-02-17,8277,9.11
2023-02-20,8277,9.12
2023-02-21,8277,9.12
2023-02-22,8277,9.12
2023-02-23,8277,9.19
2023-02-24,8277,9.19
2023-02-01,8279,142.19
2023-02-02,8279,146.72
2023-02-03,8279,144.0
2023-02-06,8279,146.72
2023-02-07,8279,146.72
2023-02-08,8279,144.91
2023-02-09,8279,144.45
2023-02-10,8279,142.19
2023-02-13,8279,141.28
2023-02-14,8279,145.36
2023-02-15,8279,144.91
2023-02-16,8279,144.45
2023-02-17,8279,143.55
2023-02-20,8279,148.08
2023-02-21,8279,147.17
2023-02-22,8279,146.27
2023-02-23,8279,150.34
2023-02-24,8279,150.34
2023-02-01,8284,49.82
2023-02-02,8284,49.57
2023-02-03,8284,49.57
2023-02-06,8284,49.65
2023-02-07,8284,50.07
2023-02-08,8284,50.24
2023-02-09,8284,50.32
2023-02-10,8284,50.07
2023-02-13,8284,50.32
2023-02-14,8284,50.32
2023-02-15,8284,49.99
2023-02-16,8284,49.73
2023-02-17,8284,49.57
2023-02-20,8284,49.73
2023-02-21,8284,49.65
2023-02-22,8284,49.57
2023-02-23,8284,50.24
2023-02-24,8284,50.32
2023-02-01,8289,33.19
2023-02-02,8289,34.98
2023-02-03,8289,34.59
2023-02-06,8289,34.28
2023-02-07,8289,33.89
2023-02-08,8289,33.8
2023-02-09,8289,36.16
2023-02-10,8289,34.37
2023-02-13,8289,34.24
2023-02-14,8289,34.41
2023-02-15,8289,34.28
2023-02-16,8289,35.29
2023-02-17,8289,35.55
2023-02-20,8289,35.46
2023-02-21,8289,35.51
2023-02-22,8289,35.46
2023-02-23,8289,38.26
2023-02-24,8289,42.07
2023-02-06,8291,6.0
2023-02-08,8291,6.0
2023-02-09,8291,6.0
2023-02-14,8291,6.52
2023-02-15,8291,6.52
2023-02-17,8291,7.11
2023-02-20,8291,6.42
2023-02-21,8291,6.4
2023-02-23,8291,6.52
2023-02-01,8299,338.43
2023-02-02,8299,339.35
2023-02-03,8299,338.43
2023-02-06,8299,334.75
2023-02-07,8299,330.16
2023-02-08,8299,340.73
2023-02-09,8299,331.54
2023-02-10,8299,323.72
2023-02-13,8299,323.26
2023-02-14,8299,335.67
2023-02-15,8299,332.45
2023-02-16,8299,335.21
2023-02-17,8299,338.43
2023-02-20,8299,337.51
2023-02-21,8299,340.27
2023-02-22,8299,326.94
2023-02-23,8299,332.45
2023-02-24,8299,322.8
2023-02-01,8341,142.1
2023-02-02,8341,140.41
2023-02-03,8341,139.99
2023-02-06,8341,142.95
2023-02-07,8341,149.29
2023-02-08,8341,149.29
2023-02-09,8341,145.91
2023-02-10,8341,141.26
2023-02-13,8341,141.68
2023-02-14,8341,139.99
2023-02-15,8341,140.84
2023-02-16,8341,142.1
2023-02-17,8341,139.99
2023-02-20,8341,140.41
2023-02-21,8341,140.84
2023-02-22,8341,139.14
2023-02-23,8341,140.41
2023-02-24,8341,139.14
2023-02-01,8342,46.15
2023-02-02,8342,46.31
2023-02-06,8342,46.15
2023-02-08,8342,46.31
2023-02-09,8342,46.4
2023-02-10,8342,46.31
2023-02-13,8342,45.49
2023-02-14,8342,46.15
2023-02-15,8342,47.39
2023-02-17,8342,46.73
2023-02-20,8342,46.31
2023-02-21,8342,46.81
2023-02-22,8342,47.14
2023-02-23,8342,47.06
2023-02-24,8342,47.55
2023-02-01,8349,44.14
2023-02-02,8349,45.03
2023-02-03,8349,44.81
2023-02-06,8349,44.96
2023-02-07,8349,46.67
2023-02-08,8349,47.26
2023-02-09,8349,49.12
2023-02-10,8349,47.86
2023-02-13,8349,47.19
2023-02-14,8349,50.09
2023-02-15,8349,49.79
2023-02-16,8349,50.23
2023-02-17,8349,50.83
2023-02-20,8349,50.31
2023-02-21,8349,50.53
2023-02-22,8349,50.83
2023-02-23,8349,50.38
2023-02-24,8349,49.42
2023-02-01,8349A,39.13
2023-02-02,8349A,39.13
2023-02-06,8349A,39.09
2023-02-07,8349A,39.13
2023-02-10,8349A,39.17
2023-02-13,8349A,39.09
2023-02-14,8349A,39.04
2023-02-15,8349A,39.0
2023-02-16,8349A,39.0
2023-02-17,8349A,39.04
2023-02-20,8349A,39.13
2023-02-21,8349A,39.13
2023-02-22,8349A,39.13
2023-02-23,8349A,39.13
2023-02-24,8349A,39.17
2023-02-01,8354,13.76
2023-02-02,8354,13.81
2023-02-03,8354,13.81
2023-02-06,8354,13.81
2023-02-07,8354,13.76
2023-02-08,8354,13.81
2023-02-09,8354,13.81
2023-02-10,8354,13.81
2023-02-13,8354,13.81
2023-02-14,8354,13.95
2023-02-15,8354,13.91
2023-02-16,8354,13.95
2023-02-17,8354,13.95
2023-02-20,8354,13.91
2023-02-21,8354,13.91
2023-02-22,8354,13.91
2023-02-23,8354,14.05
2023-02-24,8354,14.1
2023-02-01,8358,63.32
2023-02-02,8358,62.94
2023-02-03,8358,62.19
2023-02-06,8358,62.94
2023-02-07,8358,63.88
2023-02-08,8358,63.79
2023-02-09,8358,63.13
2023-02-10,8358,60.31
2023-02-13,8358,59.94
2023-02-14,8358,60.59
2023-02-15,8358,60.78
2023-02-16,8358,63.41
2023-02-17,8358,62.0
2023-02-20,8358,60.69
2023-02-21,8358,60.88
2023-02-22,8358,59.94
2023-02-23,8358,59.0
2023-02-24,8358,59.0
2023-02-01,8367,33.97
2023-02-02,8367,33.93
2023-02-03,8367,35.7
2023-02-06,8367,34.26
2023-02-07,8367,35.45
2023-02-08,8367,34.9
2023-02-09,8367,34.81
2023-02-10,8367,34.69
2023-02-13,8367,34.48
2023-02-14,8367,34.56
2023-02-15,8367,34.35
2023-02-16,8367,34.39
2023-02-17,8367,34.39
2023-02-20,8367,34.56
2023-02-21,8367,34.56
2023-02-22,8367,34.43
2023-02-23,8367,35.49
2023-02-24,8367,39.0
2023-02-01,8374,28.37
2023-02-02,8374,28.61
2023-02-03,8374,28.61
2023-02-06,8374,28.47
2023-02-07,8374,28.32
2023-02-08,8374,28.27
2023-02-09,8374,28.37
2023-02-10,8374,28.42
2023-02-13,8374,28.42
2023-02-14,8374,28.51
2023-02-15,8374,28.56
2023-02-16,8374,28.81
2023-02-17,8374,28.81
2023-02-20,8374,29.2
2023-02-21,8374,29.3
2023-02-22,8374,29.2
2023-02-23,8374,29.3
2023-02-24,8374,29.25
2023-02-01,8383,33.47
2023-02-02,8383,33.51
2023-02-03,8383,33.6
2023-02-06,8383,33.77
2023-02-07,8383,33.68
2023-02-08,8383,33.68
2023-02-09,8383,33.47
2023-02-10,8383,34.33
2023-02-13,8383,34.41
2023-02-14,8383,34.28
2023-02-15,8383,34.28
2023-02-16,8383,34.33
2023-02-17,8383,35.05
2023-02-20,8383,37.71
2023-02-21,8383,36.94
2023-02-22,8383,37.24
2023-02-23,8383,37.79
2023-02-24,8383,37.19
2023-02-01,8390,36.02
2023-02-02,8390,36.64
2023-02-03,8390,36.16
2023-02-06,8390,35.53
2023-02-07,8390,35.2
2023-02-08,8390,35.2
2023-02-09,8390,35.49
2023-02-10,8390,34.91
2023-02-13,8390,34.86
2023-02-14,8390,35.05
2023-02-15,8390,35.1
2023-02-16,8390,35.15
2023-02-17,8390,35.2
2023-02-20,8390,35.82
2023-02-21,8390,36.02
2023-02-22,8390,37.32
2023-02-23,8390,36.98
2023-02-24,8390,36.69
2023-02-01,8401,16.51
2023-02-02,8401,16.59
2023-02-03,8401,16.59
2023-02-06,8401,16.59
2023-02-07,8401,16.51
2023-02-08,8401,17.36
2023-02-09,8401,17.4
2023-02-10,8401,17.4
2023-02-13,8401,17.86
2023-02-14,8401,17.67
2023-02-15,8401,17.67
2023-02-16,8401,17.9
2023-02-17,8401,18.37
2023-02-20,8401,18.83
2023-02-21,8401,18.6
2023-02-22,8401,18.67
2023-02-23,8401,17.94
2023-02-24,8401,17.48
2023-02-01,8403,30.31
2023-02-02,8403,30.53
2023-02-03,8403,30.35
2023-02-06,8403,30.57
2023-02-07,8403,30.57
2023-02-08,8403,30.66
2023-02-09,8403,30.57
2023-02-10,8403,30.04
2023-02-13,8403,30.4
2023-02-14,8403,30.35
2023-02-15,8403,30.75
2023-02-16,8403,31.33
2023-02-17,8403,30.97
2023-02-20,8403,30.89
2023-02-21,8403,30.93
2023-02-22,8403,30.8
2023-02-23,8403,31.06
2023-02-24,8403,31.24
2023-02-01,8404,24.31
2023-02-02,8404,24.45
2023-02-03,8404,24.63
2023-02-06,8404,24.45
2023-02-07,8404,24.36
2023-02-08,8404,24.54
2023-02-09,8404,24.36
2023-02-10,8404,25.63
2023-02-13,8404,26.04
2023-02-14,8404,25.91
2023-02-15,8404,25.82
2023-02-16,8404,25.68
2023-02-17,8404,25.68
2023-02-20,8404,25.63
2023-02-21,8404,25.63
2023-02-22,8404,25.54
2023-02-23,8404,25.45
2023-02-24,8404,25.45
2023-02-01,8409,18.8
2023-02-02,8409,18.9
2023-02-03,8409,18.95
2023-02-06,8409,18.85
2023-02-07,8409,18.75
2023-02-08,8409,18.95
2023-02-09,8409,18.95
2023-02-10,8409,19.05
2023-02-13,8409,20.95
2023-02-14,8409,21.05
2023-02-15,8409,20.6
2023-02-16,8409,20.25
2023-02-17,8409,20.2
2023-02-20,8409,20.1
2023-02-21,8409,20.0
2023-02-22,8409,19.7
2023-02-23,8409,19.8
2023-02-24,8409,19.95
2023-02-01,8410,28.15
2023-02-02,8410,28.15
2023-02-03,8410,28.11
2023-02-06,8410,27.87
2023-02-07,8410,27.87
2023-02-08,8410,27.96
2023-02-09,8410,28.06
2023-02-10,8410,28.2
2023-02-13,8410,28.15
2023-02-15,8410,28.2
2023-02-16,8410,28.06
2023-02-17,8410,28.2
2023-02-20,8410,28.3
2023-02-21,8410,28.25
2023-02-22,8410,28.06
2023-02-23,8410,29.02
2023-02-24,8410,28.39
2023-02-01,8411,13.62
2023-02-02,8411,14.27
2023-02-03,8411,14.17
2023-02-06,8411,14.02
2023-02-07,8411,14.17
2023-02-08,8411,14.22
2023-02-09,8411,14.17
2023-02-10,8411,14.12
2023-02-13,8411,14.22
2023-02-14,8411,14.27
2023-02-15,8411,14.22
2023-02-16,8411,14.27
2023-02-17,8411,14.32
2023-02-20,8411,14.47
2023-02-21,8411,14.77
2023-02-22,8411,15.12
2023-02-23,8411,15.51
2023-02-24,8411,15.46
2023-02-01,8415,33.28
2023-02-02,8415,33.28
2023-02-03,8415,33.5
2023-02-06,8415,33.24
2023-02-07,8415,33.37
2023-02-08,8415,33.37
2023-02-09,8415,33.5
2023-02-10,8415,33.24
2023-02-13,8415,33.28
2023-02-14,8415,33.28
2023-02-15,8415,33.37
2023-02-16,8415,33.54
2023-02-17,8415,33.19
2023-02-20,8415,33.19
2023-02-21,8415,33.15
2023-02-22,8415,33.11
2023-02-23,8415,33.15
2023-02-24,8415,33.02
2023-02-01,8416,101.01
2023-02-02,8416,101.01
2023-02-03,8416,100.58
2023-02-06,8416,100.58
2023-02-07,8416,100.58
2023-02-08,8416,101.44
2023-02-09,8416,101.87
2023-02-10,8416,101.44
2023-02-13,8416,100.58
2023-02-14,8416,101.01
2023-02-15,8416,100.58
2023-02-16,8416,101.44
2023-02-17,8416,101.44
2023-02-20,8416,102.3
2023-02-21,8416,103.16
2023-02-22,8416,103.16
2023-02-23,8416,104.02
2023-02-24,8416,104.02
2023-02-01,8418,9.84
2023-02-02,8418,9.77
2023-02-03,8418,9.77
2023-02-06,8418,9.77
2023-02-07,8418,9.83
2023-02-08,8418,9.86
2023-02-09,8418,9.84
2023-02-13,8418,9.85
2023-02-14,8418,9.86
2023-02-15,8418,9.8
2023-02-16,8418,9.81
2023-02-17,8418,9.84
2023-02-20,8418,9.84
2023-02-21,8418,9.8
2023-02-22,8418,9.78
2023-02-23,8418,9.93
2023-02-24,8418,9.96
2023-02-01,8420,77.09
2023-02-02,8420,77.65
2023-02-03,8420,76.72
2023-02-06,8420,77.47
2023-02-07,8420,79.06
2023-02-08,8420,78.4
2023-02-09,8420,79.62
2023-02-10,8420,77.09
2023-02-13,8420,76.81
2023-02-14,8420,77.75
2023-02-15,8420,77.65
2023-02-16,8420,78.4
2023-02-17,8420,78.5
2023-02-20,8420,77.65
2023-02-21,8420,78.4
2023-02-22,8420,82.33
2023-02-23,8420,87.1
2023-02-24,8420,87.48
2023-02-01,8421,15.15
2023-02-02,8421,15.24
2023-02-03,8421,15.29
2023-02-06,8421,15.2
2023-02-07,8421,15.01
2023-02-08,8421,15.06
2023-02-09,8421,15.06
2023-02-10,8421,15.24
2023-02-13,8421,15.24
2023-02-14,8421,15.38
2023-02-15,8421,15.71
2023-02-16,8421,16.59
2023-02-17,8421,16.64
2023-02-20,8421,16.64
2023-02-21,8421,16.36
2023-02-22,8421,16.41
2023-02-23,8421,16.55
2023-02-24,8421,16.36
2023-02-01,8422,155.23
2023-02-02,8422,156.94
2023-02-03,8422,156.94
2023-02-06,8422,156.52
2023-02-07,8422,158.23
2023-02-08,8422,159.94
2023-02-09,8422,159.08
2023-02-10,8422,158.23
2023-02-13,8422,157.37
2023-02-14,8422,158.23
2023-02-15,8422,157.37
2023-02-16,8422,158.23
2023-02-17,8422,158.66
2023-02-20,8422,159.94
2023-02-21,8422,160.79
2023-02-22,8422,159.94
2023-02-23,8422,160.79
2023-02-24,8422,161.22
2023-02-02,8423,14.33
2023-02-03,8423,14.33
2023-02-07,8423,14.01
2023-02-08,8423,14.48
2023-02-13,8423,14.41
2023-02-15,8423,14.05
2023-02-17,8423,14.17
2023-02-20,8423,14.21
2023-02-21,8423,14.37
2023-02-22,8423,14.64
2023-02-24,8423,14.56
2023-02-01,8424,56.06
2023-02-02,8424,55.64
2023-02-03,8424,55.81
2023-02-06,8424,55.97
2023-02-07,8424,55.97
2023-02-08,8424,56.22
2023-02-09,8424,56.14
2023-02-10,8424,56.06
2023-02-13,8424,56.22
2023-02-14,8424,56.14
2023-02-15,8424,55.89
2023-02-16,8424,55.81
2023-02-17,8424,55.56
2023-02-20,8424,54.97
2023-02-21,8424,54.97
2023-02-22,8424,55.22
2023-02-23,8424,56.64
2023-02-24,8424,57.14
2023-02-01,8426,24.71
2023-02-02,8426,24.93
2023-02-03,8426,25.68
2023-02-06,8426,28.22
2023-02-07,8426,31.02
2023-02-08,8426,31.33
2023-02-09,8426,31.86
2023-02-10,8426,30.8
2023-02-13,8426,30.41
2023-02-14,8426,30.76
2023-02-15,8426,30.5
2023-02-16,8426,31.37
2023-02-17,8426,32.43
2023-02-20,8426,35.67
2023-02-21,8426,36.81
2023-02-22,8426,34.18
2023-02-23,8426,34.79
2023-02-24,8426,33.87
2023-02-01,8429,11.45
2023-02-02,8429,11.45
2023-02-03,8429,11.15
2023-02-06,8429,11.1
2023-02-07,8429,11.2
2023-02-08,8429,11.0
2023-02-09,8429,11.0
2023-02-10,8429,10.75
2023-02-13,8429,10.6
2023-02-14,8429,10.65
2023-02-15,8429,10.75
2023-02-16,8429,10.8
2023-02-17,8429,10.75
2023-02-20,8429,11.0
2023-02-21,8429,10.85
2023-02-22,8429,10.8
2023-02-23,8429,10.85
2023-02-24,8429,10.9
2023-02-01,8431,50.97
2023-02-02,8431,51.16
2023-02-03,8431,51.96
2023-02-06,8431,52.16
2023-02-07,8431,51.16
2023-02-08,8431,51.56
2023-02-09,8431,51.76
2023-02-10,8431,51.46
2023-02-13,8431,51.66
2023-02-14,8431,51.16
2023-02-15,8431,51.36
2023-02-16,8431,51.66
2023-02-17,8431,53.15
2023-02-20,8431,53.15
2023-02-21,8431,53.35
2023-02-22,8431,52.55
2023-02-23,8431,52.16
2023-02-24,8431,52.45
2023-02-01,8432,42.63
2023-02-02,8432,42.95
2023-02-03,8432,43.13
2023-02-06,8432,43.31
2023-02-07,8432,43.86
2023-02-08,8432,43.81
2023-02-09,8432,43.68
2023-02-10,8432,42.59
2023-02-13,8432,42.27
2023-02-14,8432,42.0
2023-02-15,8432,41.95
2023-02-16,8432,41.86
2023-02-17,8432,41.59
2023-02-20,8432,41.77
2023-02-21,8432,41.59
2023-02-22,8432,41.55
2023-02-23,8432,41.95
2023-02-24,8432,41.73
2023-02-01,8433,54.22
2023-02-02,8433,56.6
2023-02-03,8433,55.87
2023-02-06,8433,55.21
2023-02-07,8433,56.11
2023-02-08,8433,56.28
2023-02-09,8433,56.44
2023-02-10,8433,55.04
2023-02-13,8433,55.29
2023-02-14,8433,55.37
2023-02-15,8433,55.45
2023-02-16,8433,56.11
2023-02-17,8433,57.18
2023-02-20,8433,62.85
2023-02-21,8433,62.44
2023-02-22,8433,63.09
2023-02-23,8433,64.08
2023-02-24,8433,63.26
2023-02-01,8435,51.2
2023-02-02,8435,51.2
2023-02-03,8435,51.2
2023-02-06,8435,51.36
2023-02-07,8435,51.45
2023-02-08,8435,51.28
2023-02-09,8435,51.28
2023-02-10,8435,51.28
2023-02-13,8435,51.03
2023-02-14,8435,51.36
2023-02-15,8435,51.28
2023-02-16,8435,51.28
2023-02-17,8435,51.2
2023-02-20,8435,51.61
2023-02-21,8435,51.78
2023-02-22,8435,51.7
2023-02-23,8435,52.03
2023-02-24,8435,51.7
2023-02-01,8436,173.68
2023-02-02,8436,177.85
2023-02-03,8436,185.26
2023-02-06,8436,184.33
2023-02-07,8436,182.48
2023-02-08,8436,183.4
2023-02-09,8436,185.26
2023-02-10,8436,183.87
2023-02-13,8436,183.4
2023-02-14,8436,187.57
2023-02-15,8436,192.67
2023-02-16,8436,196.83
2023-02-17,8436,204.71
2023-02-20,8436,207.95
2023-02-21,8436,212.12
2023-02-22,8436,212.58
2023-02-23,8436,215.36
2023-02-24,8436,196.83
2023-02-01,8437,104.22
2023-02-02,8437,104.22
2023-02-03,8437,107.05
2023-02-06,8437,107.52
2023-02-07,8437,107.52
2023-02-08,8437,107.52
2023-02-09,8437,106.58
2023-02-10,8437,103.28
2023-02-13,8437,102.8
2023-02-14,8437,102.33
2023-02-15,8437,104.22
2023-02-16,8437,103.28
2023-02-17,8437,102.8
2023-02-20,8437,102.33
2023-02-21,8437,102.8
2023-02-22,8437,102.33
2023-02-23,8437,103.28
2023-02-24,8437,103.28
2023-02-01,8438,21.76
2023-02-02,8438,22.03
2023-02-03,8438,21.94
2023-02-06,8438,22.08
2023-02-07,8438,22.58
2023-02-08,8438,22.58
2023-02-09,8438,22.4
2023-02-10,8438,22.53
2023-02-13,8438,22.62
2023-02-14,8438,22.85
2023-02-15,8438,22.71
2023-02-16,8438,22.85
2023-02-17,8438,22.8
2023-02-20,8438,22.98
2023-02-21,8438,23.07
2023-02-22,8438,22.94
2023-02-23,8438,22.8
2023-02-24,8438,22.94
2023-02-01,8440,34.33
2023-02-02,8440,35.19
2023-02-03,8440,34.07
2023-02-06,8440,34.33
2023-02-07,8440,34.48
2023-02-08,8440,34.03
2023-02-09,8440,33.48
2023-02-10,8440,33.14
2023-02-13,8440,33.03
2023-02-14,8440,34.15
2023-02-15,8440,34.29
2023-02-16,8440,34.29
2023-02-17,8440,34.55
2023-02-20,8440,34.26
2023-02-21,8440,33.89
2023-02-22,8440,33.37
2023-02-23,8440,33.51
2023-02-24,8440,33.29
2023-02-01,8442,60.41
2023-02-02,8442,59.01
2023-02-03,8442,59.92
2023-02-06,8442,59.84
2023-02-07,8442,60.99
2023-02-08,8442,60.33
2023-02-09,8442,60.08
2023-02-10,8442,61.07
2023-02-13,8442,60.66
2023-02-14,8442,60.83
2023-02-15,8442,60.33
2023-02-16,8442,61.4
2023-02-17,8442,60.66
2023-02-20,8442,61.16
2023-02-21,8442,61.16
2023-02-22,8442,61.49
2023-02-23,8442,61.32
2023-02-24,8442,63.96
2023-02-01,8443,10.87
2023-02-02,8443,10.92
2023-02-03,8443,10.92
2023-02-06,8443,10.96
2023-02-07,8443,11.01
2023-02-08,8443,11.11
2023-02-09,8443,11.16
2023-02-10,8443,11.16
2023-02-13,8443,11.11
2023-02-14,8443,11.16
2023-02-15,8443,11.11
2023-02-16,8443,11.21
2023-02-17,8443,11.26
2023-02-20,8443,11.31
2023-02-21,8443,11.31
2023-02-22,8443,11.26
2023-02-23,8443,11.31
2023-02-24,8443,11.36
2023-02-01,8444,40.66
2023-02-02,8444,44.72
2023-02-03,8444,49.18
2023-02-06,8444,48.58
2023-02-07,8444,49.28
2023-02-08,8444,48.27
2023-02-09,8444,47.82
2023-02-10,8444,47.92
2023-02-13,8444,45.67
2023-02-14,8444,45.17
2023-02-15,8444,44.92
2023-02-16,8444,45.37
2023-02-17,8444,45.87
2023-02-20,8444,46.82
2023-02-21,8444,47.07
2023-02-22,8444,48.07
2023-02-23,8444,49.08
2023-02-24,8444,49.08
2023-02-01,8446,68.93
2023-02-02,8446,69.01
2023-02-03,8446,68.84
2023-02-06,8446,69.26
2023-02-07,8446,71.41
2023-02-08,8446,70.58
2023-02-09,8446,71.16
2023-02-10,8446,70.42
2023-02-13,8446,69.59
2023-02-14,8446,69.92
2023-02-15,8446,71.58
2023-02-16,8446,71.49
2023-02-17,8446,71.58
2023-02-20,8446,72.82
2023-02-21,8446,72.65
2023-02-22,8446,71.91
2023-02-23,8446,71.82
2023-02-24,8446,71.99
2023-02-01,8450,26.65
2023-02-02,8450,27.9
2023-02-03,8450,27.35
2023-02-06,8450,27.5
2023-02-07,8450,27.6
2023-02-08,8450,27.6
2023-02-09,8450,27.65
2023-02-10,8450,27.05
2023-02-13,8450,27.0
2023-02-14,8450,27.0
2023-02-15,8450,27.0
2023-02-16,8450,27.2
2023-02-17,8450,27.3
2023-02-20,8450,27.45
2023-02-21,8450,27.5
2023-02-22,8450,27.7
2023-02-23,8450,27.75
2023-02-24,8450,27.55
2023-02-01,8454,626.49
2023-02-02,8454,629.63
2023-02-03,8454,608.48
2023-02-06,8454,591.25
2023-02-07,8454,586.55
2023-02-08,8454,599.08
2023-02-09,8454,587.34
2023-02-10,8454,582.64
2023-02-13,8454,581.86
2023-02-14,8454,595.17
2023-02-15,8454,586.55
2023-02-16,8454,602.22
2023-02-17,8454,590.47
2023-02-20,8454,630.41
2023-02-21,8454,592.04
2023-02-22,8454,613.96
2023-02-23,8454,610.83
2023-02-24,8454,621.79
2023-02-01,8455,22.22
2023-02-02,8455,22.22
2023-02-03,8455,22.72
2023-02-06,8455,22.62
2023-02-07,8455,21.38
2023-02-08,8455,21.38
2023-02-09,8455,21.28
2023-02-10,8455,20.68
2023-02-13,8455,21.13
2023-02-14,8455,22.72
2023-02-15,8455,22.22
2023-02-16,8455,21.53
2023-02-17,8455,22.32
2023-02-20,8455,23.17
2023-02-21,8455,23.67
2023-02-22,8455,21.98
2023-02-23,8455,21.63
2023-02-24,8455,22.37
2023-02-01,8462,122.33
2023-02-02,8462,122.33
2023-02-03,8462,120.45
2023-02-06,8462,126.09
2023-02-07,8462,131.74
2023-02-08,8462,129.39
2023-02-09,8462,130.33
2023-02-10,8462,126.56
2023-02-13,8462,129.86
2023-02-14,8462,131.27
2023-02-15,8462,130.33
2023-02-16,8462,129.39
2023-02-17,8462,130.33
2023-02-20,8462,131.74
2023-02-21,8462,130.8
2023-02-22,8462,128.92
2023-02-23,8462,132.68
2023-02-24,8462,133.62
2023-02-01,8463,22.45
2023-02-02,8463,22.35
2023-02-03,8463,22.45
2023-02-06,8463,22.45
2023-02-07,8463,22.21
2023-02-08,8463,22.17
2023-02-09,8463,22.21
2023-02-10,8463,22.26
2023-02-13,8463,22.26
2023-02-14,8463,22.17
2023-02-15,8463,22.21
2023-02-16,8463,22.26
2023-02-17,8463,22.31
2023-02-20,8463,22.26
2023-02-21,8463,22.26
2023-02-22,8463,22.26
2023-02-23,8463,22.72
2023-02-24,8463,22.68
2023-02-01,8464,285.43
2023-02-02,8464,285.43
2023-02-03,8464,289.5
2023-02-06,8464,285.88
2023-02-07,8464,297.64
2023-02-08,8464,295.38
2023-02-09,8464,290.4
2023-02-10,8464,289.95
2023-02-13,8464,288.59
2023-02-14,8464,298.55
2023-02-15,8464,308.95
2023-02-16,8464,303.97
2023-02-17,8464,306.24
2023-02-20,8464,300.81
2023-02-21,8464,303.07
2023-02-22,8464,289.5
2023-02-23,8464,297.64
2023-02-24,8464,294.93
2023-02-01,8466,38.56
2023-02-02,8466,38.37
2023-02-03,8466,38.46
2023-02-06,8466,38.41
2023-02-07,8466,38.51
2023-02-08,8466,38.46
2023-02-09,8466,38.41
2023-02-10,8466,38.46
2023-02-13,8466,38.22
2023-02-14,8466,38.41
2023-02-15,8466,38.32
2023-02-16,8466,38.56
2023-02-17,8466,38.41
2023-02-20,8466,38.75
2023-02-21,8466,38.7
2023-02-22,8466,38.6
2023-02-23,8466,38.6
2023-02-24,8466,38.51
2023-02-01,8467,57.24
2023-02-02,8467,57.14
2023-02-03,8467,57.54
2023-02-06,8467,57.34
2023-02-07,8467,57.54
2023-02-08,8467,56.55
2023-02-09,8467,56.74
2023-02-10,8467,56.65
2023-02-13,8467,55.86
2023-02-14,8467,55.86
2023-02-15,8467,56.25
2023-02-16,8467,56.35
2023-02-20,8467,55.66
2023-02-21,8467,55.36
2023-02-22,8467,55.66
2023-02-23,8467,55.36
2023-02-24,8467,54.77
2023-02-01,8472,42.2
2023-02-02,8472,43.0
2023-02-03,8472,43.5
2023-02-06,8472,43.4
2023-02-08,8472,42.4
2023-02-20,8472,42.9
2023-02-21,8472,42.3
2023-02-24,8472,42.95
2023-02-01,8473,26.65
2023-02-02,8473,26.74
2023-02-03,8473,26.69
2023-02-06,8473,26.69
2023-02-07,8473,26.89
2023-02-08,8473,26.94
2023-02-09,8473,27.57
2023-02-10,8473,27.23
2023-02-13,8473,27.23
2023-02-14,8473,27.27
2023-02-15,8473,27.18
2023-02-16,8473,27.32
2023-02-17,8473,27.42
2023-02-20,8473,30.13
2023-02-21,8473,30.28
2023-02-22,8473,30.96
2023-02-23,8473,31.64
2023-02-24,8473,30.42
2023-02-01,8476,56.87
2023-02-02,8476,55.38
2023-02-03,8476,55.96
2023-02-06,8476,56.04
2023-02-07,8476,56.7
2023-02-08,8476,59.83
2023-02-09,8476,59.25
2023-02-10,8476,55.63
2023-02-13,8476,54.56
2023-02-14,8476,54.07
2023-02-15,8476,54.48
2023-02-16,8476,54.56
2023-02-17,8476,57.11
2023-02-20,8476,57.52
2023-02-21,8476,59.33
2023-02-22,8476,58.1
2023-02-23,8476,57.94
2023-02-24,8476,59.25
2023-02-01,8477,16.65
2023-02-02,8477,17.35
2023-02-03,8477,17.15
2023-02-06,8477,17.0
2023-02-07,8477,17.1
2023-02-08,8477,17.2
2023-02-09,8477,17.05
2023-02-10,8477,16.95
2023-02-13,8477,17.0
2023-02-14,8477,17.05
2023-02-15,8477,16.95
2023-02-16,8477,17.05
2023-02-17,8477,17.15
2023-02-20,8477,17.25
2023-02-21,8477,17.3
2023-02-22,8477,17.15
2023-02-23,8477,17.35
2023-02-24,8477,17.25
2023-02-01,8478,318.6
2023-02-02,8478,318.13
2023-02-03,8478,318.13
2023-02-06,8478,323.33
2023-02-07,8478,323.33
2023-02-08,8478,323.33
2023-02-09,8478,322.86
2023-02-10,8478,323.33
2023-02-13,8478,315.77
2023-02-14,8478,322.38
2023-02-15,8478,327.58
2023-02-16,8478,336.57
2023-02-17,8478,334.2
2023-02-20,8478,347.91
2023-02-21,8478,382.42
2023-02-22,8478,350.75
2023-02-23,8478,369.18
2023-02-24,8478,365.87
2023-02-01,8481,48.73
2023-02-02,8481,48.9
2023-02-03,8481,49.07
2023-02-06,8481,48.64
2023-02-07,8481,48.64
2023-02-08,8481,48.98
2023-02-09,8481,49.15
2023-02-10,8481,49.24
2023-02-13,8481,48.47
2023-02-14,8481,48.39
2023-02-15,8481,48.81
2023-02-16,8481,48.47
2023-02-17,8481,48.56
2023-02-20,8481,49.24
2023-02-21,8481,49.41
2023-02-22,8481,49.24
2023-02-23,8481,49.24
2023-02-24,8481,49.49
2023-02-01,8482,59.03
2023-02-02,8482,59.03
2023-02-03,8482,59.28
2023-02-06,8482,59.28
2023-02-07,8482,59.03
2023-02-08,8482,58.95
2023-02-09,8482,58.95
2023-02-10,8482,58.78
2023-02-13,8482,58.86
2023-02-14,8482,59.61
2023-02-15,8482,59.61
2023-02-16,8482,60.02
2023-02-17,8482,60.02
2023-02-20,8482,60.43
2023-02-21,8482,60.27
2023-02-22,8482,59.77
2023-02-23,8482,60.18
2023-02-24,8482,60.68
2023-02-01,8488,16.17
2023-02-02,8488,15.87
2023-02-03,8488,15.92
2023-02-06,8488,16.22
2023-02-07,8488,16.37
2023-02-08,8488,16.07
2023-02-09,8488,16.02
2023-02-10,8488,16.02
2023-02-15,8488,15.77
2023-02-16,8488,15.72
2023-02-20,8488,15.87
2023-02-21,8488,15.52
2023-02-22,8488,15.47
2023-02-23,8488,15.52
2023-02-24,8488,15.33
2023-02-01,8489,24.5
2023-02-02,8489,24.4
2023-02-03,8489,24.6
2023-02-06,8489,24.25
2023-02-07,8489,24.05
2023-02-08,8489,24.1
2023-02-09,8489,24.1
2023-02-10,8489,23.75
2023-02-13,8489,23.65
2023-02-14,8489,23.9
2023-02-15,8489,23.9
2023-02-16,8489,24.1
2023-02-17,8489,24.0
2023-02-20,8489,24.2
2023-02-21,8489,24.3
2023-02-22,8489,24.15
2023-02-23,8489,24.65
2023-02-24,8489,25.15
2023-02-01,8499,118.78
2023-02-02,8499,121.03
2023-02-03,8499,120.47
2023-02-06,8499,118.78
2023-02-07,8499,118.78
2023-02-08,8499,118.21
2023-02-09,8499,117.65
2023-02-10,8499,118.21
2023-02-13,8499,116.53
2023-02-14,8499,117.09
2023-02-15,8499,116.53
2023-02-16,8499,118.78
2023-02-17,8499,117.65
2023-02-20,8499,117.09
2023-02-21,8499,115.96
2023-02-22,8499,116.53
2023-02-23,8499,118.78
2023-02-24,8499,118.21
2023-02-01,8905,21.01
2023-02-02,8905,21.11
2023-02-03,8905,21.01
2023-02-06,8905,21.01
2023-02-07,8905,21.2
2023-02-08,8905,21.24
2023-02-09,8905,21.2
2023-02-10,8905,21.15
2023-02-13,8905,21.06
2023-02-14,8905,21.06
2023-02-15,8905,21.15
2023-02-16,8905,21.2
2023-02-17,8905,21.24
2023-02-20,8905,21.33
2023-02-21,8905,21.42
2023-02-22,8905,21.47
2023-02-23,8905,21.56
2023-02-24,8905,21.56
2023-02-01,8906,17.89
2023-02-02,8906,17.75
2023-02-03,8906,17.75
2023-02-06,8906,17.8
2023-02-07,8906,17.75
2023-02-08,8906,17.71
2023-02-09,8906,17.66
2023-02-10,8906,17.66
2023-02-13,8906,17.57
2023-02-14,8906,17.61
2023-02-15,8906,17.52
2023-02-16,8906,17.57
2023-02-17,8906,17.47
2023-02-20,8906,17.8
2023-02-21,8906,17.66
2023-02-22,8906,17.52
2023-02-23,8906,17.57
2023-02-24,8906,17.52
2023-02-01,8908,56.22
2023-02-02,8908,56.22
2023-02-03,8908,56.14
2023-02-06,8908,56.14
2023-02-07,8908,56.62
2023-02-08,8908,56.54
2023-02-09,8908,56.38
2023-02-10,8908,56.14
2023-02-13,8908,56.54
2023-02-14,8908,56.14
2023-02-15,8908,56.22
2023-02-16,8908,56.14
2023-02-17,8908,56.22
2023-02-20,8908,56.14
2023-02-21,8908,56.3
2023-02-22,8908,56.14
2023-02-23,8908,56.46
2023-02-24,8908,57.18
2023-02-01,8916,45.78
2023-02-02,8916,45.78
2023-02-03,8916,45.87
2023-02-06,8916,45.96
2023-02-07,8916,46.57
2023-02-08,8916,46.57
2023-02-09,8916,45.96
2023-02-10,8916,45.69
2023-02-13,8916,46.04
2023-02-14,8916,45.78
2023-02-15,8916,45.6
2023-02-16,8916,46.22
2023-02-17,8916,46.83
2023-02-20,8916,46.48
2023-02-21,8916,46.74
2023-02-22,8916,46.83
2023-02-23,8916,47.45
2023-02-24,8916,48.24
2023-02-01,8916A,53.0
2023-02-03,8916A,52.8
2023-02-06,8916A,52.9
2023-02-07,8916A,53.5
2023-02-08,8916A,53.5
2023-02-10,8916A,52.7
2023-02-15,8916A,53.3
2023-02-17,8916A,53.5
2023-02-20,8916A,53.3
2023-02-21,8916A,53.2
2023-02-22,8916A,53.5
2023-02-23,8916A,53.9
2023-02-24,8916A,55.2
2023-02-01,8917,80.97
2023-02-02,8917,80.79
2023-02-06,8917,80.79
2023-02-07,8917,80.97
2023-02-09,8917,81.06
2023-02-10,8917,81.06
2023-02-13,8917,81.24
2023-02-14,8917,81.24
2023-02-15,8917,80.88
2023-02-16,8917,81.15
2023-02-21,8917,80.97
2023-02-22,8917,80.79
2023-02-01,8921,13.74
2023-02-02,8921,13.69
2023-02-03,8921,14.02
2023-02-07,8921,13.74
2023-02-13,8921,13.74
2023-02-16,8921,13.79
2023-02-22,8921,13.83
2023-02-24,8921,13.83
2023-02-01,8923,18.67
2023-02-02,8923,18.89
2023-02-03,8923,18.98
2023-02-06,8923,18.85
2023-02-07,8923,18.98
2023-02-08,8923,18.85
2023-02-09,8923,18.71
2023-02-10,8923,18.67
2023-02-13,8923,18.19
2023-02-14,8923,18.58
2023-02-15,8923,19.07
2023-02-16,8923,19.29
2023-02-17,8923,19.2
2023-02-20,8923,18.41
2023-02-21,8923,18.19
2023-02-22,8923,18.67
2023-02-23,8923,18.85
2023-02-24,8923,18.89
2023-02-01,8924,95.5
2023-02-02,8924,94.71
2023-02-03,8924,93.92
2023-02-06,8924,93.92
2023-02-07,8924,95.1
2023-02-08,8924,94.71
2023-02-09,8924,95.5
2023-02-10,8924,93.12
2023-02-13,8924,92.73
2023-02-14,8924,93.12
2023-02-15,8924,93.12
2023-02-16,8924,94.31
2023-02-17,8924,94.71
2023-02-20,8924,94.31
2023-02-21,8924,94.31
2023-02-22,8924,96.29
2023-02-23,8924,102.24
2023-02-24,8924,103.03
2023-02-01,8926,27.74
2023-02-02,8926,28.1
2023-02-03,8926,28.34
2023-02-06,8926,28.58
2023-02-07,8926,28.5
2023-02-08,8926,28.7
2023-02-09,8926,28.7
2023-02-10,8926,28.78
2023-02-13,8926,28.74
2023-02-14,8926,28.78
2023-02-15,8926,28.94
2023-02-16,8926,28.94
2023-02-17,8926,28.82
2023-02-20,8926,28.9
2023-02-21,8926,28.9
2023-02-22,8926,28.94
2023-02-23,8926,29.02
2023-02-24,8926,29.38
2023-02-01,8927,28.22
2023-02-02,8927,28.5
2023-02-03,8927,28.3
2023-02-06,8927,28.5
2023-02-07,8927,28.54
2023-02-08,8927,28.94
2023-02-09,8927,29.29
2023-02-10,8927,30.05
2023-02-13,8927,30.2
2023-02-14,8927,30.4
2023-02-15,8927,30.36
2023-02-16,8927,30.13
2023-02-17,8927,30.16
2023-02-20,8927,31.91
2023-02-21,8927,32.06
2023-02-22,8927,32.1
2023-02-23,8927,32.54
2023-02-24,8927,33.13
2023-02-01,8928,37.38
2023-02-02,8928,37.42
2023-02-03,8928,37.92
2023-02-06,8928,38.24
2023-02-07,8928,38.33
2023-02-08,8928,37.79
2023-02-09,8928,38.56
2023-02-10,8928,37.79
2023-02-13,8928,37.51
2023-02-14,8928,37.83
2023-02-15,8928,38.15
2023-02-16,8928,38.24
2023-02-17,8928,38.06
2023-02-20,8928,38.15
2023-02-21,8928,38.24
2023-02-22,8928,38.42
2023-02-23,8928,39.83
2023-02-24,8928,40.69
2023-02-01,8929,20.5
2023-02-02,8929,20.75
2023-02-03,8929,20.7
2023-02-06,8929,20.75
2023-02-07,8929,20.6
2023-02-08,8929,20.75
2023-02-09,8929,20.95
2023-02-10,8929,20.85
2023-02-13,8929,21.0
2023-02-14,8929,21.0
2023-02-15,8929,20.95
2023-02-16,8929,20.9
2023-02-17,8929,20.9
2023-02-20,8929,20.9
2023-02-21,8929,20.95
2023-02-22,8929,21.15
2023-02-23,8929,21.1
2023-02-24,8929,21.15
2023-02-01,8930,14.3
2023-02-02,8930,14.34
2023-02-03,8930,14.3
2023-02-06,8930,14.3
2023-02-07,8930,14.3
2023-02-08,8930,14.34
2023-02-09,8930,14.59
2023-02-10,8930,14.38
2023-02-13,8930,14.43
2023-02-14,8930,14.47
2023-02-15,8930,14.34
2023-02-16,8930,14.38
2023-02-17,8930,14.55
2023-02-20,8930,14.72
2023-02-21,8930,14.76
2023-02-22,8930,14.76
2023-02-23,8930,14.76
2023-02-24,8930,14.67
2023-02-01,8931,46.24
2023-02-02,8931,46.77
2023-02-03,8931,47.68
2023-02-06,8931,50.95
2023-02-07,8931,50.95
2023-02-08,8931,49.6
2023-02-09,8931,48.55
2023-02-10,8931,49.12
2023-02-13,8931,48.93
2023-02-14,8931,48.83
2023-02-15,8931,51.81
2023-02-16,8931,50.37
2023-02-17,8931,50.47
2023-02-20,8931,51.14
2023-02-21,8931,51.53
2023-02-22,8931,50.18
2023-02-23,8931,50.37
2023-02-24,8931,52.68
2023-02-01,8932,43.33
2023-02-02,8932,43.38
2023-02-03,8932,42.93
2023-02-06,8932,43.67
2023-02-07,8932,44.31
2023-02-08,8932,44.41
2023-02-09,8932,45.25
2023-02-10,8932,43.57
2023-02-13,8932,41.8
2023-02-14,8932,42.05
2023-02-15,8932,41.8
2023-02-16,8932,43.72
2023-02-17,8932,45.98
2023-02-20,8932,47.26
2023-02-21,8932,45.74
2023-02-22,8932,46.58
2023-02-23,8932,46.97
2023-02-24,8932,47.26
2023-02-01,8933,16.15
2023-02-02,8933,16.44
2023-02-03,8933,16.3
2023-02-06,8933,16.3
2023-02-07,8933,16.25
2023-02-08,8933,16.05
2023-02-09,8933,15.95
2023-02-10,8933,15.6
2023-02-13,8933,15.56
2023-02-14,8933,15.7
2023-02-15,8933,15.6
2023-02-16,8933,15.65
2023-02-17,8933,15.7
2023-02-20,8933,15.85
2023-02-21,8933,15.85
2023-02-22,8933,15.65
2023-02-23,8933,15.6
2023-02-24,8933,15.46
2023-02-01,8935,11.2
2023-02-02,8935,11.15
2023-02-03,8935,11.1
2023-02-06,8935,11.15
2023-02-07,8935,11.01
2023-02-08,8935,11.15
2023-02-09,8935,11.25
2023-02-10,8935,11.2
2023-02-13,8935,11.15
2023-02-14,8935,11.2
2023-02-15,8935,11.2
2023-02-16,8935,11.3
2023-02-17,8935,11.35
2023-02-20,8935,11.3
2023-02-21,8935,11.35
2023-02-22,8935,11.45
2023-02-23,8935,11.49
2023-02-24,8935,11.69
2023-02-01,8936,21.82
2023-02-02,8936,21.91
2023-02-03,8936,21.82
2023-02-06,8936,22.38
2023-02-07,8936,22.53
2023-02-08,8936,22.34
2023-02-09,8936,22.38
2023-02-10,8936,21.96
2023-02-13,8936,22.15
2023-02-14,8936,22.2
2023-02-15,8936,22.57
2023-02-16,8936,22.53
2023-02-17,8936,23.29
2023-02-20,8936,25.61
2023-02-21,8936,26.56
2023-02-22,8936,28.12
2023-02-23,8936,29.21
2023-02-24,8936,29.17
2023-02-01,8937,14.85
2023-02-02,8937,14.85
2023-02-03,8937,14.8
2023-02-06,8937,14.8
2023-02-07,8937,14.6
2023-02-08,8937,14.65
2023-02-09,8937,14.75
2023-02-10,8937,14.45
2023-02-13,8937,14.6
2023-02-14,8937,14.6
2023-02-15,8937,14.75
2023-02-16,8937,14.7
2023-02-17,8937,14.65
2023-02-20,8937,14.75
2023-02-21,8937,14.95
2023-02-22,8937,14.9
2023-02-23,8937,14.9
2023-02-24,8937,14.9
2023-02-01,8938,84.1
2023-02-02,8938,83.59
2023-02-03,8938,82.06
2023-02-06,8938,81.38
2023-02-07,8938,81.98
2023-02-08,8938,82.06
2023-02-09,8938,84.18
2023-02-10,8938,81.98
2023-02-13,8938,80.96
2023-02-14,8938,81.13
2023-02-15,8938,80.79
2023-02-16,8938,80.79
2023-02-17,8938,80.7
2023-02-20,8938,80.96
2023-02-21,8938,82.15
2023-02-22,8938,82.57
2023-02-23,8938,87.07
2023-02-24,8938,94.72
2023-02-01,8940,16.8
2023-02-02,8940,16.8
2023-02-03,8940,17.0
2023-02-06,8940,16.9
2023-02-07,8940,16.95
2023-02-08,8940,16.8
2023-02-09,8940,16.65
2023-02-10,8940,16.6
2023-02-13,8940,16.8
2023-02-14,8940,18.45
2023-02-15,8940,20.25
2023-02-16,8940,20.3
2023-02-17,8940,22.3
2023-02-20,8940,23.0
2023-02-21,8940,23.55
2023-02-22,8940,25.9
2023-02-23,8940,25.55
2023-02-24,8940,25.3
2023-02-01,8941,39.71
2023-02-02,8941,39.49
2023-02-03,8941,39.85
2023-02-06,8941,39.28
2023-02-07,8941,39.42
2023-02-08,8941,39.64
2023-02-09,8941,39.71
2023-02-10,8941,39.85
2023-02-13,8941,39.85
2023-02-14,8941,39.78
2023-02-15,8941,39.71
2023-02-16,8941,39.78
2023-02-17,8941,39.78
2023-02-20,8941,41.2
2023-02-21,8941,41.13
2023-02-22,8941,41.41
2023-02-23,8941,41.63
2023-02-24,8941,43.48
2023-02-01,8942,44.45
2023-02-02,8942,44.67
2023-02-03,8942,45.24
2023-02-06,8942,45.39
2023-02-07,8942,45.32
2023-02-08,8942,45.46
2023-02-09,8942,45.53
2023-02-10,8942,45.97
2023-02-13,8942,45.89
2023-02-14,8942,46.18
2023-02-15,8942,46.4
2023-02-16,8942,46.83
2023-02-17,8942,46.83
2023-02-20,8942,47.19
2023-02-21,8942,47.48
2023-02-22,8942,47.34
2023-02-23,8942,47.63
2023-02-24,8942,49.07
2023-02-01,8996,205.55
2023-02-02,8996,207.0
2023-02-03,8996,205.55
2023-02-06,8996,210.39
2023-02-07,8996,209.9
2023-02-08,8996,211.84
2023-02-09,8996,222.48
2023-02-10,8996,221.51
2023-02-13,8996,229.25
2023-02-14,8996,225.86
2023-02-15,8996,226.83
2023-02-16,8996,232.15
2023-02-17,8996,224.9
2023-02-20,8996,228.28
2023-02-21,8996,231.18
2023-02-22,8996,234.09
2023-02-23,8996,226.35
2023-02-24,8996,231.18
2023-02-01,9802,118.36
2023-02-02,9802,120.56
2023-02-03,9802,118.8
2023-02-06,9802,119.24
2023-02-07,9802,117.04
2023-02-08,9802,117.92
2023-02-09,9802,114.4
2023-02-10,9802,113.08
2023-02-13,9802,112.64
2023-02-14,9802,117.04
2023-02-15,9802,120.56
2023-02-16,9802,119.68
2023-02-17,9802,117.92
2023-02-20,9802,118.36
2023-02-21,9802,115.72
2023-02-22,9802,115.28
2023-02-23,9802,116.16
2023-02-24,9802,120.12
2023-02-01,9902,12.36
2023-02-02,9902,12.31
2023-02-03,9902,12.36
2023-02-06,9902,12.36
2023-02-07,9902,12.45
2023-02-08,9902,12.94
2023-02-09,9902,12.36
2023-02-10,9902,12.45
2023-02-13,9902,12.45
2023-02-14,9902,12.55
2023-02-15,9902,12.45
2023-02-16,9902,12.55
2023-02-17,9902,12.55
2023-02-20,9902,12.55
2023-02-21,9902,12.55
2023-02-22,9902,12.84
2023-02-23,9902,12.89
2023-02-24,9902,12.94
2023-02-01,9904,29.94
2023-02-02,9904,29.72
2023-02-03,9904,30.03
2023-02-06,9904,29.72
2023-02-07,9904,29.45
2023-02-08,9904,29.76
2023-02-09,9904,29.58
2023-02-10,9904,29.36
2023-02-13,9904,29.72
2023-02-14,9904,30.47
2023-02-15,9904,30.2
2023-02-16,9904,30.65
2023-02-17,9904,30.34
2023-02-20,9904,30.07
2023-02-21,9904,29.72
2023-02-22,9904,29.67
2023-02-23,9904,29.58
2023-02-24,9904,29.72
2023-02-01,9905,21.11
2023-02-02,9905,21.11
2023-02-03,9905,21.11
2023-02-06,9905,21.16
2023-02-07,9905,21.16
2023-02-08,9905,21.2
2023-02-09,9905,21.2
2023-02-10,9905,21.16
2023-02-13,9905,21.03
2023-02-14,9905,21.16
2023-02-15,9905,21.2
2023-02-16,9905,21.16
2023-02-17,9905,21.16
2023-02-20,9905,21.11
2023-02-21,9905,21.11
2023-02-22,9905,21.2
2023-02-23,9905,21.2
2023-02-24,9905,21.24
2023-02-01,9906,42.14
2023-02-02,9906,42.19
2023-02-03,9906,42.36
2023-02-06,9906,42.36
2023-02-07,9906,42.36
2023-02-08,9906,42.36
2023-02-09,9906,42.28
2023-02-10,9906,42.54
2023-02-13,9906,42.28
2023-02-14,9906,42.5
2023-02-15,9906,42.41
2023-02-16,9906,42.32
2023-02-17,9906,42.32
2023-02-20,9906,42.36
2023-02-21,9906,42.32
2023-02-22,9906,42.32
2023-02-23,9906,42.41
2023-02-24,9906,42.45
2023-02-01,9907,15.29
2023-02-02,9907,15.51
2023-02-03,9907,15.51
2023-02-06,9907,15.51
2023-02-07,9907,15.51
2023-02-08,9907,15.42
2023-02-09,9907,15.25
2023-02-10,9907,15.2
2023-02-13,9907,14.99
2023-02-14,9907,15.07
2023-02-15,9907,14.99
2023-02-16,9907,14.95
2023-02-17,9907,15.03
2023-02-20,9907,15.12
2023-02-21,9907,15.03
2023-02-22,9907,14.99
2023-02-23,9907,15.07
2023-02-24,9907,15.12
2023-02-01,9908,28.93
2023-02-02,9908,29.07
2023-02-03,9908,29.07
2023-02-06,9908,29.02
2023-02-07,9908,28.98
2023-02-08,9908,28.93
2023-02-09,9908,28.88
2023-02-10,9908,28.93
2023-02-13,9908,28.84
2023-02-14,9908,28.88
2023-02-15,9908,28.98
2023-02-16,9908,29.07
2023-02-17,9908,29.07
2023-02-20,9908,29.07
2023-02-21,9908,29.21
2023-02-22,9908,29.07
2023-02-23,9908,29.12
2023-02-24,9908,29.07
2023-02-01,9910,183.81
2023-02-02,9910,184.75
2023-02-03,9910,184.28
2023-02-06,9910,182.88
2023-02-07,9910,186.15
2023-02-08,9910,187.08
2023-02-09,9910,181.01
2023-02-10,9910,176.81
2023-02-13,9910,180.08
2023-02-14,9910,183.35
2023-02-15,9910,180.55
2023-02-16,9910,182.88
2023-02-17,9910,169.35
2023-02-20,9910,171.22
2023-02-21,9910,168.88
2023-02-22,9910,171.22
2023-02-23,9910,171.22
2023-02-24,9910,172.62
2023-02-01,9911,53.83
2023-02-02,9911,53.83
2023-02-03,9911,54.43
2023-02-06,9911,54.77
2023-02-07,9911,54.86
2023-02-08,9911,54.6
2023-02-09,9911,54.86
2023-02-10,9911,54.77
2023-02-13,9911,54.95
2023-02-14,9911,54.86
2023-02-15,9911,54.86
2023-02-16,9911,54.77
2023-02-17,9911,54.69
2023-02-20,9911,54.77
2023-02-21,9911,54.77
2023-02-22,9911,55.03
2023-02-23,9911,55.29
2023-02-24,9911,55.29
2023-02-01,9912,9.56
2023-02-02,9912,9.59
2023-02-03,9912,9.58
2023-02-06,9912,9.58
2023-02-07,9912,9.59
2023-02-08,9912,9.59
2023-02-09,9912,9.58
2023-02-10,9912,9.87
2023-02-13,9912,9.97
2023-02-14,9912,9.98
2023-02-15,9912,9.99
2023-02-16,9912,10.05
2023-02-17,9912,10.1
2023-02-20,9912,10.25
2023-02-21,9912,10.3
2023-02-22,9912,10.4
2023-02-23,9912,10.45
2023-02-24,9912,10.35
2023-02-01,9914,171.23
2023-02-02,9914,172.18
2023-02-03,9914,179.25
2023-02-06,9914,179.72
2023-02-07,9914,175.48
2023-02-08,9914,177.84
2023-02-09,9914,176.89
2023-02-10,9914,175.48
2023-02-13,9914,175.48
2023-02-14,9914,176.42
2023-02-15,9914,169.82
2023-02-16,9914,168.87
2023-02-17,9914,171.7
2023-02-20,9914,170.29
2023-02-21,9914,168.4
2023-02-22,9914,171.23
2023-02-23,9914,171.23
2023-02-24,9914,169.82
2023-02-01,9917,87.98
2023-02-02,9917,88.94
2023-02-03,9917,88.5
2023-02-06,9917,88.06
2023-02-07,9917,88.94
2023-02-08,9917,89.38
2023-02-09,9917,88.5
2023-02-10,9917,88.5
2023-02-13,9917,88.5
2023-02-14,9917,88.06
2023-02-15,9917,87.89
2023-02-16,9917,88.06
2023-02-17,9917,88.06
2023-02-20,9917,88.5
2023-02-21,9917,88.5
2023-02-22,9917,88.5
2023-02-23,9917,88.5
2023-02-24,9917,88.94
2023-02-02,9918,39.92
2023-02-03,9918,39.64
2023-02-06,9918,39.73
2023-02-07,9918,39.73
2023-02-08,9918,39.73
2023-02-09,9918,39.82
2023-02-10,9918,39.82
2023-02-13,9918,39.78
2023-02-15,9918,39.73
2023-02-16,9918,39.73
2023-02-17,9918,39.68
2023-02-20,9918,39.73
2023-02-21,9918,39.82
2023-02-22,9918,39.59
2023-02-23,9918,39.78
2023-02-24,9918,39.73
2023-02-01,9919,16.73
2023-02-02,9919,16.98
2023-02-03,9919,16.88
2023-02-06,9919,16.93
2023-02-07,9919,17.07
2023-02-08,9919,17.02
2023-02-09,9919,16.98
2023-02-10,9919,16.69
2023-02-13,9919,16.54
2023-02-14,9919,16.83
2023-02-15,9919,16.59
2023-02-16,9919,16.64
2023-02-17,9919,16.69
2023-02-20,9919,16.88
2023-02-21,9919,16.83
2023-02-22,9919,16.88
2023-02-23,9919,17.02
2023-02-24,9919,16.98
2023-02-01,9921,192.06
2023-02-02,9921,192.53
2023-02-03,9921,199.12
2023-02-06,9921,197.24
2023-02-07,9921,194.41
2023-02-08,9921,197.24
2023-02-09,9921,195.82
2023-02-10,9921,194.41
2023-02-13,9921,197.71
2023-02-14,9921,199.59
2023-02-15,9921,194.88
2023-02-16,9921,195.35
2023-02-17,9921,196.29
2023-02-20,9921,197.71
2023-02-21,9921,195.35
2023-02-22,9921,194.41
2023-02-23,9921,195.35
2023-02-24,9921,191.59
2023-02-01,9924,35.31
2023-02-02,9924,35.22
2023-02-03,9924,35.1
2023-02-06,9924,35.1
2023-02-07,9924,35.02
2023-02-08,9924,35.14
2023-02-09,9924,35.02
2023-02-10,9924,35.06
2023-02-13,9924,35.1
2023-02-14,9924,35.06
2023-02-15,9924,35.14
2023-02-16,9924,35.18
2023-02-17,9924,35.22
2023-02-20,9924,35.39
2023-02-21,9924,35.43
2023-02-22,9924,35.43
2023-02-23,9924,35.52
2023-02-24,9924,35.68
2023-02-01,9925,38.0
2023-02-02,9925,38.04
2023-02-03,9925,38.09
2023-02-06,9925,38.09
2023-02-07,9925,38.19
2023-02-08,9925,38.19
2023-02-09,9925,38.23
2023-02-10,9925,38.09
2023-02-13,9925,38.04
2023-02-14,9925,38.14
2023-02-15,9925,38.52
2023-02-16,9925,38.95
2023-02-17,9925,38.52
2023-02-20,9925,38.47
2023-02-21,9925,38.52
2023-02-22,9925,38.47
2023-02-23,9925,38.52
2023-02-24,9925,39.04
2023-02-01,9926,48.11
2023-02-02,9926,48.11
2023-02-03,9926,48.11
2023-02-06,9926,47.93
2023-02-07,9926,48.11
2023-02-08,9926,47.84
2023-02-09,9926,48.11
2023-02-10,9926,48.21
2023-02-13,9926,47.93
2023-02-14,9926,48.21
2023-02-15,9926,48.02
2023-02-17,9926,48.11
2023-02-20,9926,48.11
2023-02-21,9926,48.21
2023-02-22,9926,48.11
2023-02-23,9926,48.02
2023-02-24,9926,48.58
2023-02-01,9927,33.28
2023-02-02,9927,33.41
2023-02-03,9927,33.46
2023-02-06,9927,33.28
2023-02-07,9927,33.28
2023-02-08,9927,33.24
2023-02-09,9927,33.37
2023-02-10,9927,33.28
2023-02-13,9927,33.33
2023-02-14,9927,34.07
2023-02-15,9927,34.02
2023-02-16,9927,34.24
2023-02-17,9927,34.07
2023-02-20,9927,34.24
2023-02-21,9927,34.28
2023-02-22,9927,34.24
2023-02-23,9927,34.41
2023-02-24,9927,34.54
2023-02-01,9928,19.84
2023-02-02,9928,21.33
2023-02-03,9928,20.27
2023-02-06,9928,19.79
2023-02-07,9928,20.99
2023-02-08,9928,20.71
2023-02-09,9928,20.37
2023-02-10,9928,20.42
2023-02-13,9928,20.08
2023-02-14,9928,20.18
2023-02-15,9928,20.13
2023-02-16,9928,19.89
2023-02-17,9928,19.5
2023-02-20,9928,19.26
2023-02-21,9928,19.36
2023-02-22,9928,19.16
2023-02-23,9928,19.07
2023-02-24,9928,18.68
2023-02-01,9929,9.19
2023-02-02,9929,9.2
2023-02-03,9929,9.41
2023-02-06,9929,9.55
2023-02-07,9929,9.58
2023-02-08,9929,9.4
2023-02-09,9929,9.32
2023-02-10,9929,9.28
2023-02-13,9929,9.33
2023-02-14,9929,9.34
2023-02-15,9929,9.37
2023-02-16,9929,9.39
2023-02-17,9929,9.43
2023-02-20,9929,9.31
2023-02-21,9929,9.23
2023-02-22,9929,9.23
2023-02-23,9929,9.3
2023-02-24,9929,9.32
2023-02-01,9930,40.53
2023-02-02,9930,40.57
2023-02-03,9930,40.53
2023-02-06,9930,40.27
2023-02-07,9930,40.36
2023-02-08,9930,40.49
2023-02-09,9930,40.4
2023-02-10,9930,40.36
2023-02-13,9930,40.01
2023-02-14,9930,40.1
2023-02-15,9930,40.18
2023-02-16,9930,40.23
2023-02-17,9930,40.14
2023-02-20,9930,40.53
2023-02-21,9930,40.44
2023-02-22,9930,40.44
2023-02-23,9930,40.57
2023-02-24,9930,40.66
2023-02-01,9931,33.17
2023-02-02,9931,33.17
2023-02-03,9931,33.55
2023-02-06,9931,33.59
2023-02-07,9931,33.3
2023-02-08,9931,33.21
2023-02-10,9931,33.09
2023-02-13,9931,33.0
2023-02-14,9931,33.04
2023-02-15,9931,33.04
2023-02-16,9931,33.21
2023-02-17,9931,33.09
2023-02-20,9931,33.13
2023-02-21,9931,33.0
2023-02-22,9931,32.96
2023-02-23,9931,33.0
2023-02-24,9931,32.92
2023-02-01,9933,39.83
2023-02-02,9933,39.7
2023-02-03,9933,39.79
2023-02-06,9933,40.11
2023-02-07,9933,40.57
2023-02-08,9933,40.39
2023-02-09,9933,40.06
2023-02-10,9933,40.02
2023-02-13,9933,40.48
2023-02-14,9933,40.84
2023-02-15,9933,40.25
2023-02-16,9933,39.97
2023-02-17,9933,40.57
2023-02-20,9933,40.57
2023-02-21,9933,40.61
2023-02-22,9933,40.57
2023-02-23,9933,40.98
2023-02-24,9933,40.8
2023-02-01,9934,11.77
2023-02-02,9934,11.77
2023-02-03,9934,11.95
2023-02-06,9934,11.86
2023-02-07,9934,11.86
2023-02-08,9934,11.73
2023-02-09,9934,11.77
2023-02-10,9934,11.68
2023-02-13,9934,11.68
2023-02-14,9934,11.68
2023-02-15,9934,11.64
2023-02-16,9934,11.64
2023-02-17,9934,11.68
2023-02-20,9934,11.82
2023-02-21,9934,11.73
2023-02-22,9934,11.73
2023-02-23,9934,11.86
2023-02-24,9934,11.9
2023-02-01,9935,14.99
2023-02-02,9935,15.16
2023-02-03,9935,15.16
2023-02-06,9935,15.08
2023-02-07,9935,15.12
2023-02-08,9935,15.12
2023-02-09,9935,14.99
2023-02-10,9935,15.04
2023-02-13,9935,15.08
2023-02-14,9935,15.08
2023-02-15,9935,15.04
2023-02-16,9935,15.04
2023-02-17,9935,15.08
2023-02-20,9935,15.16
2023-02-21,9935,14.95
2023-02-22,9935,15.25
2023-02-23,9935,16.74
2023-02-24,9935,16.4
2023-02-01,9937,53.59
2023-02-02,9937,53.01
2023-02-03,9937,53.11
2023-02-06,9937,52.62
2023-02-07,9937,52.62
2023-02-08,9937,52.53
2023-02-09,9937,52.43
2023-02-10,9937,53.2
2023-02-13,9937,53.11
2023-02-14,9937,53.5
2023-02-15,9937,55.63
2023-02-16,9937,55.72
2023-02-17,9937,55.82
2023-02-20,9937,57.37
2023-02-21,9937,57.18
2023-02-22,9937,56.31
2023-02-23,9937,56.89
2023-02-24,9937,57.57
2023-02-01,9938,57.83
2023-02-02,9938,56.94
2023-02-03,9938,56.35
2023-02-06,9938,57.33
2023-02-07,9938,58.71
2023-02-08,9938,60.09
2023-02-09,9938,59.4
2023-02-10,9938,63.24
2023-02-13,9938,62.06
2023-02-14,9938,62.16
2023-02-15,9938,61.77
2023-02-16,9938,59.5
2023-02-17,9938,59.8
2023-02-20,9938,60.78
2023-02-21,9938,60.78
2023-02-22,9938,61.77
2023-02-23,9938,61.57
2023-02-24,9938,60.98
2023-02-01,9939,79.92
2023-02-02,9939,79.92
2023-02-03,9939,81.07
2023-02-06,9939,80.1
2023-02-07,9939,81.07
2023-02-08,9939,83.54
2023-02-09,9939,82.66
2023-02-10,9939,81.78
2023-02-13,9939,81.6
2023-02-14,9939,81.07
2023-02-15,9939,81.86
2023-02-16,9939,83.46
2023-02-17,9939,85.4
2023-02-20,9939,84.78
2023-02-21,9939,86.46
2023-02-22,9939,84.52
2023-02-23,9939,85.22
2023-02-24,9939,85.31
2023-02-01,9940,23.57
2023-02-02,9940,23.7
2023-02-03,9940,23.87
2023-02-06,9940,23.78
2023-02-07,9940,24.04
2023-02-08,9940,24.17
2023-02-09,9940,24.38
2023-02-10,9940,24.21
2023-02-13,9940,24.29
2023-02-14,9940,24.34
2023-02-15,9940,24.38
2023-02-16,9940,24.47
2023-02-17,9940,24.42
2023-02-20,9940,24.64
2023-02-21,9940,24.68
2023-02-22,9940,24.64
2023-02-23,9940,24.38
2023-02-24,9940,24.29
2023-02-01,9941,146.5
2023-02-02,9941,145.65
2023-02-03,9941,144.8
2023-02-06,9941,145.65
2023-02-07,9941,145.22
2023-02-08,9941,147.35
2023-02-09,9941,146.07
2023-02-10,9941,145.65
2023-02-13,9941,144.8
2023-02-14,9941,144.8
2023-02-15,9941,143.52
2023-02-16,9941,143.95
2023-02-17,9941,143.95
2023-02-20,9941,144.8
2023-02-21,9941,144.37
2023-02-22,9941,143.52
2023-02-23,9941,144.37
2023-02-24,9941,144.37
2023-02-03,9941A,46.45
2023-02-06,9941A,46.45
2023-02-08,9941A,46.54
2023-02-09,9941A,46.45
2023-02-10,9941A,46.45
2023-02-13,9941A,46.45
2023-02-14,9941A,46.54
2023-02-17,9941A,46.63
2023-02-21,9941A,46.63
2023-02-22,9941A,46.63
2023-02-23,9941A,46.54
2023-02-24,9941A,46.63
2023-02-01,9942,100.88
2023-02-02,9942,102.24
2023-02-03,9942,102.7
2023-02-06,9942,102.24
2023-02-07,9942,103.15
2023-02-08,9942,104.52
2023-02-09,9942,104.97
2023-02-10,9942,104.97
2023-02-13,9942,107.7
2023-02-14,9942,107.24
2023-02-15,9942,107.24
2023-02-16,9942,107.24
2023-02-17,9942,107.7
2023-02-20,9942,111.79
2023-02-21,9942,110.88
2023-02-22,9942,109.06
2023-02-23,9942,110.88
2023-02-24,9942,108.61
2023-02-01,9943,54.49
2023-02-02,9943,54.74
2023-02-03,9943,54.57
2023-02-06,9943,54.57
2023-02-07,9943,54.4
2023-02-08,9943,55.0
2023-02-09,9943,55.42
2023-02-10,9943,55.25
2023-02-13,9943,56.28
2023-02-14,9943,57.13
2023-02-15,9943,57.56
2023-02-16,9943,60.11
2023-02-17,9943,59.09
2023-02-20,9943,59.26
2023-02-21,9943,58.24
2023-02-22,9943,58.49
2023-02-23,9943,58.84
2023-02-24,9943,59.69
2023-02-01,9944,18.53
2023-02-02,9944,18.66
2023-02-03,9944,18.8
2023-02-06,9944,18.57
2023-02-07,9944,18.62
2023-02-08,9944,18.85
2023-02-09,9944,18.75
2023-02-10,9944,18.71
2023-02-13,9944,18.57
2023-02-14,9944,18.71
2023-02-15,9944,18.75
2023-02-16,9944,18.66
2023-02-17,9944,18.71
2023-02-20,9944,18.75
2023-02-21,9944,18.57
2023-02-22,9944,18.66
2023-02-23,9944,18.75
2023-02-24,9944,18.57
2023-02-01,9945,45.64
2023-02-02,9945,45.74
2023-02-03,9945,45.44
2023-02-06,9945,45.04
2023-02-07,9945,44.99
2023-02-08,9945,45.09
2023-02-09,9945,45.09
2023-02-10,9945,44.73
2023-02-13,9945,44.38
2023-02-14,9945,44.59
2023-02-15,9945,44.33
2023-02-16,9945,44.44
2023-02-17,9945,44.44
2023-02-20,9945,44.73
2023-02-21,9945,44.73
2023-02-22,9945,44.54
2023-02-23,9945,44.84
2023-02-24,9945,44.79
2023-02-01,9946,11.31
2023-02-02,9946,11.4
2023-02-03,9946,11.5
2023-02-06,9946,11.31
2023-02-07,9946,11.36
2023-02-08,9946,11.36
2023-02-09,9946,11.31
2023-02-10,9946,11.26
2023-02-13,9946,11.31
2023-02-14,9946,11.36
2023-02-15,9946,11.36
2023-02-16,9946,11.31
2023-02-17,9946,11.26
2023-02-20,9946,11.4
2023-02-21,9946,11.45
2023-02-22,9946,11.45
2023-02-23,9946,11.64
2023-02-24,9946,11.6
2023-02-01,9949,21.0
2023-02-02,9949,20.85
2023-02-03,9949,20.75
2023-02-06,9949,20.4
2023-02-07,9949,20.5
2023-02-08,9949,20.7
2023-02-09,9949,20.75
2023-02-10,9949,20.55
2023-02-13,9949,20.6
2023-02-14,9949,20.75
2023-02-15,9949,20.65
2023-02-16,9949,20.55
2023-02-17,9949,20.5
2023-02-20,9949,20.7
2023-02-21,9949,20.15
2023-02-22,9949,20.75
2023-02-23,9949,21.7
2023-02-24,9949,21.7
2023-02-01,9950,11.5
2023-02-02,9950,10.85
2023-02-03,9950,11.0
2023-02-06,9950,10.95
2023-02-07,9950,12.0
2023-02-08,9950,11.4
2023-02-09,9950,11.3
2023-02-10,9950,11.0
2023-02-13,9950,12.0
2023-02-14,9950,11.65
2023-02-15,9950,11.5
2023-02-17,9950,11.7
2023-02-20,9950,12.1
2023-02-21,9950,12.2
2023-02-22,9950,12.5
2023-02-23,9950,13.5
2023-02-24,9950,12.6
2023-02-01,9951,63.47
2023-02-02,9951,62.84
2023-02-03,9951,62.38
2023-02-06,9951,61.83
2023-02-07,9951,61.83
2023-02-08,9951,62.29
2023-02-09,9951,62.38
2023-02-10,9951,61.93
2023-02-13,9951,61.11
2023-02-14,9951,61.38
2023-02-15,9951,61.47
2023-02-16,9951,61.93
2023-02-17,9951,62.02
2023-02-20,9951,63.02
2023-02-21,9951,64.2
2023-02-22,9951,64.48
2023-02-23,9951,64.2
2023-02-24,9951,64.02
2023-02-01,9955,21.75
2023-02-02,9955,22.0
2023-02-03,9955,21.65
2023-02-06,9955,21.05
2023-02-07,9955,21.2
2023-02-08,9955,21.35
2023-02-09,9955,21.25
2023-02-10,9955,20.65
2023-02-13,9955,20.65
2023-02-14,9955,20.75
2023-02-15,9955,20.8
2023-02-16,9955,20.75
2023-02-17,9955,20.65
2023-02-20,9955,20.95
2023-02-21,9955,20.8
2023-02-22,9955,21.75
2023-02-23,9955,21.3
2023-02-24,9955,21.1
2023-02-01,9958,103.22
2023-02-02,9958,103.71
2023-02-03,9958,103.22
2023-02-06,9958,97.91
2023-02-07,9958,97.81
2023-02-08,9958,96.73
2023-02-09,9958,96.04
2023-02-10,9958,95.65
2023-02-13,9958,95.25
2023-02-14,9958,97.32
2023-02-15,9958,98.3
2023-02-16,9958,97.32
2023-02-17,9958,100.76
2023-02-20,9958,104.69
2023-02-21,9958,103.71
2023-02-22,9958,104.2
2023-02-23,9958,104.69
2023-02-24,9958,102.23
2023-02-01,9960,22.63
2023-02-02,9960,22.5
2023-02-03,9960,22.63
2023-02-06,9960,22.67
2023-02-07,9960,22.54
2023-02-08,9960,22.58
2023-02-09,9960,22.58
2023-02-10,9960,22.45
2023-02-13,9960,22.54
2023-02-14,9960,22.58
2023-02-15,9960,22.5
2023-02-16,9960,22.76
2023-02-17,9960,23.02
2023-02-20,9960,23.11
2023-02-21,9960,23.15
2023-02-22,9960,23.11
2023-02-23,9960,23.19
2023-02-24,9960,23.72
2023-02-01,9962,16.29
2023-02-02,9962,16.08
2023-02-03,9962,15.96
2023-02-06,9962,16.25
2023-02-07,9962,16.46
2023-02-08,9962,16.5
2023-02-09,9962,16.37
2023-02-10,9962,16.33
2023-02-13,9962,16.46
2023-02-14,9962,16.54
2023-02-15,9962,16.54
2023-02-16,9962,16.88
2023-02-17,9962,16.83
2023-02-20,9962,17.21
2023-02-21,9962,17.75
2023-02-22,9962,17.84
2023-02-23,9962,17.38
2023-02-24,9962,17.34
