year_month,stock_id,mean_close
201401,1201,42.211666666666666
201402,1201,42.097647058823526
201403,1201,40.62809523809524
201404,1201,38.53047619047619
201405,1201,37.268095238095235
201406,1201,38.368
201407,1201,40.48409090909091
201408,1201,38.81619047619048
201409,1201,33.52761904761905
201401,1216,32.34111111111111
201402,1216,30.58588235294118
201403,1216,31.833809523809524
201404,1216,32.01380952380952
201405,1216,32.28190476190476
201406,1216,33.0235
201407,1216,35.126363636363635
201408,1216,35.76047619047619
201409,1216,36.29714285714286
201410,1216,34.268181818181816
201411,1216,34.141
201412,1216,33.26916666666667
201401,1227,46.36611111111111
201402,1227,44.86470588235294
201403,1227,43.15380952380953
201404,1227,42.674285714285716
201405,1227,42.31904761904762
201406,1227,41.982
201407,1227,42.46818181818182
201408,1227,43.135714285714286
201409,1227,42.42761904761905
201410,1227,39.20590909090909
201411,1227,39.6
201412,1227,39.45125
201401,1232,34.964444444444446
201402,1232,34.582941176470584
201403,1232,35.90904761904762
201404,1232,39.36952380952381
201405,1232,44.21666666666666
201406,1232,45.577
201407,1232,45.22636363636364
201408,1232,42.967619047619046
201409,1232,42.75952380952381
201410,1232,42.18
201411,1232,42.6375
201412,1232,42.03916666666667
201403,1233,30.08
201404,1233,30.213809523809523
201405,1233,30.32095238095238
201406,1233,31.861
201407,1233,32.61363636363637
201408,1233,32.150952380952376
201409,1233,32.08714285714285
201410,1233,30.88681818181818
201411,1233,30.353
201412,1233,30.783749999999998
201401,1256,85.69055555555556
201402,1256,90.79117647058824
201403,1256,116.33476190476189
201404,1256,131.16142857142856
201405,1256,132.78714285714284
201406,1256,147.2175
201407,1256,157.14136363636365
201408,1256,132.4547619047619
201409,1256,126.88571428571429
201410,1256,113.50272727272727
201411,1256,116.633
201412,1256,119.08666666666666
201401,1259,47.49444444444444
201402,1259,46.67176470588235
201403,1259,46.58761904761905
201404,1259,47.353809523809524
201405,1259,46.7185
201406,1259,46.803
201407,1259,46.42272727272728
201408,1259,46.03619047619048
201409,1259,45.68952380952381
201410,1259,45.39545454545455
201411,1259,45.578421052631576
201412,1259,46.59227272727273
201401,1262,128.05857142857144
201402,1262,132.81823529411764
201403,1262,186.35619047619048
201404,1262,178.98
201405,1262,167.82380952380953
201406,1262,165.55599999999998
201407,1262,155.49363636363637
201408,1262,147.44285714285715
201409,1262,144.20857142857145
201410,1262,128.82136363636366
201411,1262,109.1815
201412,1262,125.48833333333334
201402,1264,151.54000000000002
201403,1264,139.9875
201404,1264,132.38277777777776
201405,1264,138.0795238095238
201406,1264,143.4445
201407,1264,138.58954545454546
201408,1264,124.00444444444445
201409,1264,118.96352941176471
201410,1264,111.28071428571427
201411,1264,119.5855
201412,1264,127.63565217391304
201401,1301,49.57222222222222
201402,1301,47.96941176470588
201403,1301,46.888571428571424
201404,1301,48.33809523809524
201405,1301,48.504285714285714
201406,1301,48.924
201407,1301,49.682272727272725
201408,1301,49.12904761904762
201409,1301,48.27571428571429
201410,1301,44.37863636363637
201411,1301,44.7825
201412,1301,44.54708333333334
201401,1303,39.92333333333333
201402,1303,38.27823529411765
201403,1303,38.40714285714286
201404,1303,39.318571428571424
201405,1303,39.40809523809524
201406,1303,41.480000000000004
201407,1303,44.07818181818182
201408,1303,43.21380952380952
201409,1303,42.114285714285714
201410,1303,38.514545454545456
201411,1303,38.6785
201412,1303,38.85916666666667
201401,1315,42.70444444444444
201402,1315,41.43
201403,1315,41.52095238095238
201404,1315,41.62047619047619
201405,1315,41.074285714285715
201406,1315,41.282
201407,1315,41.53727272727273
201408,1315,41.42809523809524
201409,1315,40.96238095238095
201410,1315,41.25416666666667
201411,1315,38.9375
201412,1315,38.768750000000004
201401,1321,34.07277777777777
201402,1321,34.95529411764706
201403,1321,40.3947619047619
201404,1321,41.687619047619044
201405,1321,40.761428571428574
201406,1321,42.807
201407,1321,40.16090909090909
201408,1321,37.51190476190476
201409,1321,37.87571428571429
201410,1321,34.21545454545455
201411,1321,33.917500000000004
201412,1321,34.25833333333333
201401,1326,51.75333333333334
201402,1326,49.111176470588234
201403,1326,46.58952380952381
201404,1326,46.69047619047619
201405,1326,45.83238095238095
201406,1326,46.924
201407,1326,47.63409090909091
201408,1326,48.21714285714285
201409,1326,47.42761904761905
201410,1326,45.04363636363637
201411,1326,45.71
201412,1326,43.55125
201401,1337,67.1888888888889
201402,1337,64.57411764705883
201403,1337,63.910000000000004
201404,1337,60.728095238095236
201405,1337,48.75380952380952
201406,1337,44.7185
201407,1337,40.039545454545454
201408,1337,39.49333333333333
201409,1337,40.76857142857143
201410,1337,34.059999999999995
201411,1337,32.54
201412,1337,32.680416666666666
201401,1338,64.94611111111111
201402,1338,71.38294117647058
201403,1338,70.15904761904761
201404,1338,74.14904761904761
201405,1338,67.89761904761905
201406,1338,75.216
201407,1338,80.21181818181819
201408,1338,70.70285714285714
201409,1338,67.3352380952381
201410,1338,62.29727272727273
201411,1338,59.8525
201412,1338,60.85458333333333
201402,1339,30.31705882352941
201403,1339,30.936666666666664
201404,1339,31.12809523809524
201405,1339,41.429047619047616
201406,1339,45.039
201407,1339,56.85590909090909
201408,1339,58.857619047619046
201409,1339,59.62619047619048
201410,1339,58.60090909090909
201411,1339,64.26050000000001
201412,1339,66.98
201401,1340,77.42222222222222
201402,1340,65.40176470588236
201403,1340,76.57714285714286
201404,1340,69.96761904761905
201405,1340,62.44428571428571
201406,1340,60.504
201407,1340,57.36818181818182
201408,1340,59.74476190476191
201409,1340,59.63285714285714
201410,1340,53.468636363636364
201411,1340,53.7275
201412,1340,55.682500000000005
201401,1419,30.131666666666668
201407,1419,30.087272727272726
201408,1419,31.25142857142857
201409,1419,30.45619047619048
201412,1419,30.0675
201401,1432,40.75666666666667
201402,1432,45.512352941176474
201403,1432,45.33428571428571
201404,1432,43.64
201405,1432,43.364761904761906
201406,1432,43.676
201407,1432,41.96318181818182
201408,1432,41.579523809523806
201409,1432,41.87904761904762
201410,1432,35.72090909090909
201411,1432,36.2895
201412,1432,34.95375
201401,1472,210.88444444444445
201402,1472,211.54823529411766
201403,1472,227.42714285714288
201404,1472,260.46476190476193
201405,1472,223.39761904761906
201406,1472,223.05700000000002
201407,1472,225.03363636363636
201408,1472,217.38809523809522
201409,1472,216.9995238095238
201410,1472,199.17636363636365
201411,1472,173.7665
201412,1472,149.25333333333333
201401,1475,38.33555555555555
201402,1475,42.94411764705882
201403,1475,61.8147619047619
201404,1475,59.90380952380953
201405,1475,50.039047619047615
201406,1475,46.7955
201407,1475,42.46272727272728
201408,1475,40.133809523809525
201409,1475,46.20285714285714
201410,1475,43.150454545454544
201411,1475,41.62
201412,1475,41.18333333333333
201401,1476,222.00444444444443
201402,1476,249.35941176470587
201403,1476,262.3257142857143
201404,1476,238.57142857142858
201405,1476,215.3147619047619
201406,1476,219.372
201407,1476,242.30999999999997
201408,1476,193.10761904761907
201409,1476,181.05380952380952
201410,1476,196.2040909090909
201411,1476,215.402
201412,1476,236.85208333333333
201401,1477,73.11555555555555
201402,1477,76.36882352941177
201403,1477,80.28380952380952
201404,1477,77.6947619047619
201405,1477,73.58428571428571
201406,1477,74.60499999999999
201407,1477,78.17272727272727
201408,1477,77.57285714285715
201409,1477,78.6047619047619
201410,1477,82.755
201411,1477,82.21000000000001
201412,1477,84.43833333333333
201408,1503,30.98619047619048
201409,1503,31.065238095238094
201410,1503,30.452272727272728
201411,1503,30.1565
201412,1503,30.016666666666666
201401,1507,59.69944444444444
201402,1507,62.152941176470584
201403,1507,62.334761904761905
201404,1507,63.6247619047619
201405,1507,57.415238095238095
201406,1507,50.866
201407,1507,50.92136363636364
201408,1507,55.00904761904762
201409,1507,50.52095238095238
201410,1507,50.1109090909091
201411,1507,51.1395
201412,1507,54.124583333333334
201401,1512,102.05444444444444
201402,1512,109.7829411764706
201403,1512,104.67095238095239
201404,1512,103.86190476190475
201405,1512,90.45238095238095
201406,1512,87.44
201407,1512,85.96772727272727
201408,1512,76.15904761904763
201409,1512,71.21142857142857
201410,1512,61.28272727272727
201411,1512,58.94
201412,1512,61.362500000000004
201401,1521,34.806666666666665
201402,1521,39.444705882352935
201403,1521,43.21619047619048
201404,1521,44.72285714285714
201405,1521,48.63142857142857
201406,1521,50.325
201407,1521,47.42181818181818
201408,1521,43.12285714285714
201409,1521,44.506190476190476
201410,1521,44.166363636363634
201411,1521,43.042
201412,1521,43.71333333333333
201401,1525,57.29611111111111
201402,1525,55.83882352941176
201403,1525,53.88714285714286
201404,1525,49.37142857142857
201405,1525,45.754285714285714
201406,1525,50.9645
201407,1525,47.570454545454545
201408,1525,44.40190476190476
201409,1525,45.33428571428571
201410,1525,40.037727272727274
201411,1525,37.598
201412,1525,43.82333333333333
201404,1530,31.944285714285716
201406,1530,30.389
201401,1533,36.958888888888886
201402,1533,37.80823529411765
201403,1533,39.272380952380956
201404,1533,40.98428571428571
201405,1533,43.859047619047615
201406,1533,56.229
201407,1533,59.88818181818181
201408,1533,56.58952380952381
201409,1533,59.28809523809524
201410,1533,57.79545454545455
201411,1533,55.5865
201412,1533,55.708333333333336
201401,1535,45.81333333333333
201402,1535,44.82
201403,1535,45.558571428571426
201404,1535,46.03
201405,1535,45.62714285714286
201406,1535,45.501999999999995
201407,1535,45.55772727272727
201408,1535,43.59095238095238
201409,1535,42.9
201410,1535,39.16954545454546
201411,1535,39.846
201412,1535,42.44
201401,1536,33.031111111111116
201402,1536,37.42
201403,1536,39.233333333333334
201404,1536,37.20761904761905
201405,1536,34.7447619047619
201406,1536,37.2705
201407,1536,37.005
201408,1536,37.336666666666666
201409,1536,41.964285714285715
201410,1536,42.911818181818184
201411,1536,42.6
201412,1536,42.70249999999999
201401,1537,39.66833333333333
201402,1537,43.484117647058824
201403,1537,49.34285714285714
201404,1537,51.7252380952381
201405,1537,49.94571428571428
201406,1537,51.9125
201407,1537,53.279545454545456
201408,1537,54.40380952380953
201409,1537,56.70095238095238
201410,1537,56.68545454545454
201411,1537,56.3515
201412,1537,54.4
201401,1538,110.43222222222222
201402,1538,129.44411764705885
201403,1538,122.24095238095238
201404,1538,108.04857142857142
201405,1538,105.83333333333333
201406,1538,104.67049999999999
201407,1538,98.45272727272727
201408,1538,90.82809523809524
201409,1538,87.71095238095238
201410,1538,73.67235294117647
201411,1538,53.407333333333334
201412,1538,50.498333333333335
201401,1558,80.05944444444444
201402,1558,83.68529411764706
201403,1558,84.58999999999999
201404,1558,84.60238095238095
201405,1558,84.00142857142858
201406,1558,82.925
201407,1558,85.43136363636364
201408,1558,83.28714285714285
201409,1558,83.49047619047619
201410,1558,79.81590909090909
201411,1558,81.12100000000001
201412,1558,85.08874999999999
201401,1560,48.36944444444444
201402,1560,52.18882352941176
201403,1560,58.30095238095238
201404,1560,54.25095238095238
201405,1560,51.92095238095238
201406,1560,53.8505
201407,1560,53.02590909090909
201408,1560,51.24380952380952
201409,1560,48.413333333333334
201410,1560,41.107727272727274
201411,1560,39.8395
201412,1560,43.07916666666667
201401,1563,62.76111111111111
201402,1563,62.85
201403,1563,65.92952380952381
201404,1563,65.95857142857143
201405,1563,66.77047619047619
201406,1563,80.599
201407,1563,91.30181818181819
201408,1563,88.63
201409,1563,87.45761904761905
201410,1563,85.62181818181818
201411,1563,86.7775
201412,1563,88.33391304347826
201401,1565,479.0444444444444
201402,1565,476.21117647058827
201403,1565,444.7476190476191
201404,1565,392.8809523809524
201405,1565,422.5595238095238
201406,1565,428.4025
201407,1565,387.52727272727276
201408,1565,367.26714285714286
201409,1565,398.45000000000005
201410,1565,335.5759090909091
201411,1565,299.9285
201412,1565,317.535
201401,1580,75.54555555555555
201402,1580,79.98764705882353
201403,1580,86.04761904761905
201404,1580,84.57095238095238
201405,1580,83.6252380952381
201406,1580,80.9145
201407,1580,85.14681818181818
201408,1580,93.12380952380951
201409,1580,96.78476190476191
201410,1580,97.70727272727272
201411,1580,100.29650000000001
201412,1580,103.70833333333333
201401,1582,31.394444444444446
201402,1582,31.655882352941177
201403,1582,31.364285714285714
201404,1582,32.01285714285714
201405,1582,32.90380952380953
201406,1582,38.0185
201407,1582,42.62590909090909
201408,1582,43.214285714285715
201409,1582,42.43
201410,1582,38.12909090909091
201411,1582,36.375
201412,1582,38.285000000000004
201401,1583,31.448333333333338
201402,1583,39.661764705882355
201403,1583,46.010000000000005
201404,1583,51.36
201405,1583,48.29761904761905
201406,1583,54.184000000000005
201407,1583,49.42636363636364
201408,1583,44.92761904761905
201409,1583,45.67857142857143
201410,1583,41.99636363636363
201411,1583,40.3435
201412,1583,42.51958333333334
201401,1589,78.95333333333333
201402,1589,74.84
201403,1589,97.40142857142857
201404,1589,117.20714285714286
201405,1589,113.78
201406,1589,120.31300000000002
201407,1589,114.84818181818181
201408,1589,119.2104761904762
201409,1589,117.07333333333334
201410,1589,105.33727272727273
201411,1589,101.5555
201412,1589,109.83166666666666
201401,1590,198.5677777777778
201402,1590,224.37176470588236
201403,1590,247.78
201404,1590,249.3757142857143
201405,1590,242.13714285714286
201406,1590,244.977
201407,1590,219.70045454545453
201408,1590,233.54619047619047
201409,1590,212.79666666666668
201410,1590,181.375
201411,1590,200.099
201412,1590,216.86458333333334
201406,1591,30.655
201407,1591,30.498636363636365
201409,1591,30.609999999999996
201401,1595,38.27388888888889
201402,1595,38.215294117647055
201403,1595,38.93761904761905
201404,1595,44.21142857142858
201405,1595,51.15190476190477
201406,1595,49.249
201407,1595,48.17727272727273
201408,1595,44.672380952380955
201409,1595,45.135238095238094
201410,1595,45.003181818181815
201411,1595,46.3955
201412,1595,47.93
201401,1626,59.60722222222223
201402,1626,57.57411764705882
201403,1626,58.317619047619054
201404,1626,57.04238095238096
201405,1626,46.787142857142854
201406,1626,44.413
201407,1626,43.755
201408,1626,37.71476190476191
201409,1626,36.70238095238095
201410,1626,30.24
201403,1702,35.965714285714284
201404,1702,35.43238095238095
201405,1702,35.610952380952384
201406,1702,37.924
201407,1702,41.46
201408,1702,39.32142857142857
201409,1702,37.89047619047619
201410,1702,32.38545454545454
201411,1702,31.8145
201412,1702,34.35666666666666
201401,1704,31.845555555555556
201402,1704,30.418235294117647
201401,1707,90.015
201402,1707,86.87705882352941
201403,1707,85.30142857142857
201404,1707,88.54333333333334
201405,1707,87.42571428571429
201406,1707,85.4265
201407,1707,95.74045454545454
201408,1707,90.31761904761905
201409,1707,87.07238095238095
201410,1707,85.56818181818181
201411,1707,86.8045
201412,1707,86.4225
201401,1722,40.34444444444445
201402,1722,38.76705882352941
201403,1722,38.43619047619048
201404,1722,38.26619047619048
201405,1722,37.32333333333333
201406,1722,36.435
201407,1722,36.79727272727273
201408,1722,36.62761904761904
201409,1722,34.2952380952381
201410,1722,32.61727272727273
201411,1722,33.3975
201412,1722,33.13375
201401,1723,106.06166666666667
201402,1723,108.95647058823529
201403,1723,111.8752380952381
201404,1723,111.27047619047619
201405,1723,112.96333333333334
201406,1723,120.32650000000001
201407,1723,124.23272727272727
201408,1723,123.39190476190477
201409,1723,120.40904761904763
201410,1723,110.50636363636363
201411,1723,104.3385
201412,1723,101.55916666666667
201401,1726,42.84833333333333
201402,1726,42.10823529411765
201403,1726,42.387142857142855
201404,1726,43.90571428571428
201405,1726,46.771904761904764
201406,1726,46.332499999999996
201407,1726,46.82090909090909
201408,1726,47.392380952380954
201409,1726,50.955238095238094
201410,1726,48.315000000000005
201411,1726,47.172000000000004
201412,1726,47.32208333333333
201403,1729,32.403333333333336
201404,1729,30.76
201405,1729,31.974285714285717
201406,1729,35.4085
201407,1729,44.343636363636364
201408,1729,43.61714285714286
201409,1729,47.31047619047619
201410,1729,50.995909090909095
201411,1729,58.677499999999995
201412,1729,62.25333333333333
201401,1733,39.95166666666667
201402,1733,40.66882352941177
201403,1733,39.862857142857145
201404,1733,39.23761904761905
201405,1733,36.60095238095238
201406,1733,36.074
201407,1733,37.10363636363636
201408,1733,35.83190476190477
201409,1733,34.56047619047619
201410,1733,30.085454545454546
201412,1733,31.527083333333334
201401,1734,33.92166666666667
201402,1734,35.30882352941177
201403,1734,35.201904761904764
201404,1734,34.444761904761904
201405,1734,36.555238095238096
201406,1734,37.6785
201407,1734,36.52136363636364
201408,1734,32.226190476190474
201409,1734,33.1747619047619
201410,1734,33.81045454545455
201411,1734,31.5005
201412,1734,31.9575
201401,1736,43.49333333333333
201402,1736,42.82176470588235
201403,1736,39.83190476190477
201404,1736,39.72428571428571
201405,1736,47.289523809523814
201406,1736,50.2335
201407,1736,57.07954545454545
201408,1736,62.07238095238095
201409,1736,63.334761904761905
201410,1736,61.06363636363637
201411,1736,57.8755
201412,1736,59.30416666666667
201401,1742,30.86444444444444
201404,1742,35.06476190476191
201405,1742,43.04857142857143
201406,1742,49.0685
201407,1742,44.45045454545454
201408,1742,39.2447619047619
201409,1742,36.537142857142854
201410,1742,35.70454545454545
201411,1742,33.588
201412,1742,38.04291666666666
201401,1760,366.5488888888889
201402,1760,363.3947058823529
201403,1760,333.06142857142856
201404,1760,326.5333333333333
201405,1760,341.5414285714286
201406,1760,342.528
201407,1760,357.45863636363634
201408,1760,345.2752380952381
201409,1760,324.1247619047619
201410,1760,264.3822727272727
201411,1760,252.238
201412,1760,258.75347826086954
201401,1762,39.693333333333335
201402,1762,40.45705882352941
201403,1762,40.35952380952381
201404,1762,37.255714285714284
201405,1762,34.86714285714286
201406,1762,35.228
201407,1762,34.87772727272727
201408,1762,31.005238095238095
201401,1777,35.60888888888889
201402,1777,36.44529411764706
201403,1777,37.561904761904756
201404,1777,39.19190476190476
201405,1777,44.36761904761905
201406,1777,51.387
201407,1777,49.56181818181819
201408,1777,43.91571428571429
201409,1777,45.260000000000005
201410,1777,42.026818181818186
201411,1777,43.457
201412,1777,46.44583333333333
201401,1781,36.056666666666665
201402,1781,37.57411764705882
201403,1781,34.51761904761905
201405,1781,32.80666666666667
201406,1781,32.935
201407,1781,34.83318181818182
201401,1783,42.37722222222222
201402,1783,44.33588235294118
201403,1783,43.596666666666664
201404,1783,39.829047619047614
201405,1783,41.59238095238095
201406,1783,43.801
201407,1783,43.720454545454544
201408,1783,37.04571428571429
201409,1783,37.81095238095238
201410,1783,36.16954545454546
201411,1783,32.792
201412,1783,32.13041666666667
201401,1784,37.782222222222224
201402,1784,38.28352941176471
201403,1784,42.18142857142857
201404,1784,40.95619047619048
201405,1784,38.36047619047619
201406,1784,40.2265
201407,1784,42.60818181818182
201408,1784,37.93523809523809
201409,1784,36.584761904761905
201410,1784,34.51454545454545
201411,1784,33.2745
201412,1784,34.290416666666665
201401,1786,48.013888888888886
201402,1786,47.45117647058823
201403,1786,44.94428571428572
201404,1786,41.993809523809524
201405,1786,53.915238095238095
201406,1786,59.333000000000006
201407,1786,72.81363636363636
201408,1786,68.53714285714285
201409,1786,71.52571428571429
201410,1786,65.63136363636364
201411,1786,62.46849999999999
201412,1786,69.64833333333333
201401,1788,47.992777777777775
201402,1788,47.86941176470588
201403,1788,52.603809523809524
201404,1788,51.95285714285714
201405,1788,50.50666666666666
201406,1788,52.483000000000004
201407,1788,53.86818181818182
201408,1788,50.75333333333333
201409,1788,50.47428571428571
201410,1788,51.971363636363634
201411,1788,52.1235
201412,1788,52.885416666666664
201401,1789,64.54055555555556
201402,1789,63.51529411764706
201403,1789,61.33714285714285
201404,1789,61.530952380952385
201405,1789,56.083333333333336
201406,1789,54.1495
201407,1789,53.99272727272727
201408,1789,48.50904761904762
201409,1789,47.792857142857144
201410,1789,46.92454545454545
201411,1789,46.518
201412,1789,45.01708333333334
201401,1795,86.92888888888889
201402,1795,106.10411764705883
201403,1795,130.51666666666665
201404,1795,126.0904761904762
201405,1795,129.83666666666667
201406,1795,152.6325
201407,1795,161.64181818181817
201408,1795,123.72904761904762
201409,1795,123.07190476190478
201410,1795,91.50272727272727
201411,1795,83.433
201412,1795,101.395
201401,1799,41.68055555555556
201402,1799,45.36333333333333
201403,1799,51.890952380952385
201404,1799,50.969047619047615
201405,1799,48.80380952380953
201406,1799,65.15700000000001
201407,1799,59.14681818181818
201408,1799,50.201904761904764
201409,1799,51.96047619047619
201410,1799,52.74090909090909
201411,1799,48.2895
201412,1799,54.46958333333333
201401,1903,47.38055555555556
201402,1903,46.58529411764706
201403,1903,45.892857142857146
201404,1903,44.31666666666666
201405,1903,42.345238095238095
201406,1903,41.6625
201407,1903,44.377272727272725
201408,1903,44.29047619047619
201409,1903,43.06428571428572
201410,1903,39.53181818181818
201411,1903,37.325
201412,1903,38.322916666666664
201409,2002A,30.22214285714286
201410,2002A,30.361333333333334
201411,2002A,30.392307692307693
201412,2002A,30.409285714285716
201401,2025,7418.429999999999
201402,2025,7057.691176470588
201403,2025,7041.944761904761
201404,2025,7247.675238095238
201405,2025,7249.327619047619
201406,2025,7154.601
201407,2025,7239.225909090909
201408,2025,10094.856666666667
201409,2025,11250.751428571428
201410,2025,9176.203636363636
201411,2025,9077.9365
201412,2025,9144.590416666668
201405,2035,32.87857142857143
201406,2035,37.042500000000004
201407,2035,36.27272727272727
201408,2035,35.51190476190476
201409,2035,37.864285714285714
201410,2035,43.59090909090909
201411,2035,44.402499999999996
201412,2035,43.53125
201401,2049,175.04777777777778
201402,2049,194.59176470588235
201403,2049,200.3547619047619
201404,2049,201.7652380952381
201405,2049,200.1147619047619
201406,2049,216.0625
201407,2049,225.88772727272726
201408,2049,205.14095238095237
201409,2049,195.6552380952381
201410,2049,173.85909090909092
201411,2049,167.71949999999998
201412,2049,183.76791666666668
201401,2059,261.4433333333333
201402,2059,265.4529411764706
201403,2059,304.06904761904764
201404,2059,322.3833333333333
201405,2059,330.3361904761905
201406,2059,333.571
201407,2059,333.92318181818183
201408,2059,311.86809523809524
201409,2059,291.6280952380952
201410,2059,304.7390909090909
201411,2059,323.0525
201412,2059,313.58375
201401,2062,55.996111111111105
201402,2062,57.91117647058824
201403,2062,61.09428571428572
201404,2062,53.54904761904762
201405,2062,44.58190476190477
201406,2062,42.7595
201407,2062,40.30954545454546
201408,2062,39.343809523809526
201409,2062,37.40952380952381
201410,2062,36.03636363636363
201411,2062,38.540499999999994
201412,2062,41.30166666666667
201401,2066,74.60277777777777
201402,2066,80.99941176470588
201403,2066,84.27285714285715
201404,2066,83.22761904761904
201405,2066,80.15714285714286
201406,2066,80.625
201407,2066,86.81954545454545
201408,2066,85.28571428571429
201409,2066,90.26523809523809
201410,2066,82.61181818181818
201411,2066,69.85849999999999
201412,2066,72.38875
201401,2101,30.901111111111113
201402,2101,30.398823529411764
201403,2101,30.822857142857142
201404,2101,30.315714285714286
201405,2101,30.454285714285714
201401,2105,49.085
201402,2105,48.970588235294116
201403,2105,49.64952380952381
201404,2105,55.67047619047619
201405,2105,51.514761904761905
201406,2105,50.098
201407,2105,49.01772727272728
201408,2105,46.271904761904764
201409,2105,43.87380952380953
201410,2105,44.37590909090909
201411,2105,47.269
201412,2105,47.404583333333335
201401,2106,36.24777777777778
201402,2106,37.2535294117647
201403,2106,38.34809523809523
201404,2106,38.74619047619048
201405,2106,37.40761904761904
201406,2106,35.7825
201407,2106,34.98
201408,2106,35.86666666666667
201409,2106,35.87047619047619
201410,2106,35.694545454545455
201411,2106,36.826
201412,2106,37.016666666666666
201401,2114,33.28666666666666
201402,2114,33.73882352941176
201403,2114,36.460476190476186
201404,2114,38.50190476190476
201405,2114,42.28619047619048
201406,2114,45.7385
201407,2114,49.224545454545456
201408,2114,54.16571428571429
201409,2114,55.74666666666667
201410,2114,52.403181818181814
201411,2114,50.7885
201412,2114,51.088750000000005
201410,2115,30.32681818181818
201401,2201,68.4388888888889
201402,2201,66.18058823529411
201403,2201,64.77142857142857
201404,2201,62.85095238095238
201405,2201,59.85857142857143
201406,2201,61.637
201407,2201,62.407272727272726
201408,2201,60.80666666666667
201409,2201,60.49761904761905
201410,2201,56.28545454545454
201411,2201,58.339
201412,2201,59.673750000000005
201401,2204,34.28
201402,2204,32.70117647058823
201403,2204,32.125238095238096
201404,2204,32.81095238095238
201405,2204,33.4547619047619
201406,2204,34.5175
201407,2204,35.54818181818182
201408,2204,34.584761904761905
201409,2204,33.85047619047619
201410,2204,32.64272727272727
201411,2204,33.7455
201412,2204,33.37291666666667
201401,2206,33.30611111111111
201402,2206,37.09294117647059
201403,2206,38.15571428571428
201401,2207,276.0205555555556
201402,2207,265.3982352941177
201403,2207,265.6433333333333
201404,2207,269.97333333333336
201405,2207,261.18904761904764
201406,2207,268.559
201407,2207,286.1963636363636
201408,2207,298.8157142857143
201409,2207,317.7061904761905
201410,2207,312.74727272727273
201411,2207,356.9735
201412,2207,359.5641666666666
201401,2208,35.215555555555554
201402,2208,34.43588235294118
201403,2208,33.825714285714284
201404,2208,33.05095238095238
201405,2208,32.53857142857143
201406,2208,32.1255
201407,2208,32.30863636363636
201408,2208,31.754285714285714
201409,2208,31.565714285714286
201401,2227,201.2527777777778
201402,2227,183.03470588235294
201403,2227,191.88571428571427
201404,2227,188.31666666666666
201405,2227,175.12142857142857
201406,2227,182.1845
201407,2227,188.01636363636362
201408,2227,166.37285714285713
201409,2227,166.40857142857143
201410,2227,153.4659090909091
201411,2227,154.898
201412,2227,166.69916666666668
201401,2228,67.83555555555556
201402,2228,66.16764705882352
201403,2228,71.70666666666666
201404,2228,68.99190476190476
201405,2228,80.27142857142857
201406,2228,94.37950000000001
201407,2228,87.36454545454545
201408,2228,82.77238095238096
201409,2228,90.11095238095238
201410,2228,84.84909090909092
201411,2228,77.537
201412,2228,82.955
201401,2231,47.017222222222216
201402,2231,58.51470588235294
201403,2231,78.16666666666667
201404,2231,88.96857142857142
201405,2231,99.77952380952381
201406,2231,123.275
201407,2231,134.90363636363637
201408,2231,120.06619047619047
201409,2231,137.94476190476192
201410,2231,138.85045454545454
201411,2231,124.92750000000001
201412,2231,126.51583333333333
201401,2233,58.44111111111111
201402,2233,63.377647058823534
201403,2233,75.39571428571428
201404,2233,71.29476190476191
201405,2233,67.34619047619047
201406,2233,70.389
201407,2233,64.52227272727272
201408,2233,63.026666666666664
201409,2233,66.11285714285714
201410,2233,56.42272727272727
201411,2233,49.5625
201412,2233,47.845
201401,2235,36.405
201402,2235,40.03333333333333
201403,2235,45.23818181818182
201404,2235,46.22785714285714
201405,2235,44.19166666666666
201406,2235,46.268125
201407,2235,47.31875
201408,2235,45.667692307692306
201409,2235,44.38235294117647
201410,2235,43.81214285714286
201411,2235,40.882999999999996
201412,2235,42.180416666666666
201401,2308,117.5
201402,2308,114.66764705882353
201403,2308,123.82857142857144
201404,2308,129.85904761904763
201405,2308,132.44
201406,2308,140.345
201407,2308,149.47272727272727
201408,2308,149.50571428571428
201409,2308,143.8747619047619
201410,2308,135.2977272727273
201411,2308,127.06200000000001
201412,2308,133.28625
201405,2311,30.194761904761908
201406,2311,31.981
201407,2311,32.47090909090909
201408,2311,31.974761904761905
201409,2311,31.91095238095238
201410,2311,31.28909090909091
201411,2311,32.064
201412,2311,32.848333333333336
201401,2317,54.43
201402,2317,54.68705882352941
201403,2317,56.25761904761905
201404,2317,57.574285714285715
201405,2317,59.6647619047619
201406,2317,62.7675
201407,2317,70.38636363636364
201408,2317,70.91047619047619
201409,2317,73.56714285714285
201410,2317,70.03045454545455
201411,2317,71.1725
201412,2317,65.55458333333333
201401,2321,67.235
201402,2321,64.3329411764706
201403,2321,63.94666666666667
201404,2321,63.81714285714286
201405,2321,74.24857142857142
201406,2321,77.5125
201407,2321,83.85727272727273
201408,2321,78.85952380952381
201409,2321,67.64428571428572
201410,2321,61.84454545454546
201411,2321,48.98210526315789
201412,2321,49.579130434782606
201402,2325,30.069411764705883
201403,2325,31.726666666666667
201404,2325,33.92857142857143
201405,2325,36.01238095238095
201406,2325,39.392
201407,2325,39.413636363636364
201408,2325,35.76047619047619
201409,2325,35.73238095238095
201410,2325,34.02818181818182
201411,2325,36.6115
201412,2325,38.81583333333334
201402,2327,32.635294117647064
201403,2327,32.73380952380952
201404,2327,32.888571428571424
201405,2327,40.035714285714285
201406,2327,46.947
201407,2327,47.88999999999999
201408,2327,52.11714285714286
201409,2327,53.62736842105263
201410,2327,45.67125
201411,2327,47.6085
201412,2327,50.461666666666666
201401,2330,75.96555555555557
201402,2330,76.76705882352941
201403,2330,82.3352380952381
201404,2330,87.02904761904763
201405,2330,87.47904761904763
201406,2330,89.92999999999999
201407,2330,94.66090909090909
201408,2330,91.20952380952382
201409,2330,92.05619047619048
201410,2330,92.65409090909091
201411,2330,100.1785
201412,2330,101.69958333333334
201401,2342,30.401111111111113
201406,2342,42.393
201407,2342,41.32363636363636
201408,2342,36.962857142857146
201409,2342,33.94333333333333
201402,2351,30.78
201403,2351,31.35904761904762
201404,2351,31.523809523809526
201401,2354,44.69444444444444
201402,2354,43.519411764705886
201403,2354,45.49761904761905
201404,2354,48.03476190476191
201405,2354,46.19619047619047
201406,2354,45.2765
201407,2354,48.35772727272727
201408,2354,48.49714285714286
201409,2354,50.94523809523809
201410,2354,51.959090909090904
201411,2354,57.4975
201412,2354,59.637499999999996
201401,2355,34.67777777777778
201402,2355,36.11941176470588
201403,2355,37.624761904761904
201404,2355,38.36714285714286
201405,2355,38.922380952380955
201406,2355,38.993
201407,2355,38.583636363636366
201408,2355,37.47238095238095
201409,2355,36.184761904761906
201410,2355,33.89954545454545
201411,2355,33.971999999999994
201412,2355,35.28958333333333
201401,2357,129.2811111111111
201402,2357,132.3064705882353
201403,2357,132.78380952380954
201404,2357,143.65952380952382
201405,2357,143.46476190476193
201406,2357,149.195
201407,2357,151.37181818181818
201408,2357,145.35142857142858
201409,2357,148.14190476190475
201410,2357,145.42909090909092
201411,2357,157.68699999999998
201412,2357,166.55833333333334
201407,2358,31.1
201401,2360,44.38777777777778
201402,2360,49.42764705882353
201403,2360,50.60285714285715
201404,2360,52.76523809523809
201405,2360,54.042857142857144
201406,2360,58.090999999999994
201407,2360,60.378181818181815
201408,2360,60.70619047619047
201409,2360,63.00857142857143
201410,2360,56.98136363636363
201411,2360,60.003499999999995
201412,2360,59.43375
201401,2362,39.73388888888889
201402,2362,36.27117647058824
201403,2362,35.25380952380952
201404,2362,36.492380952380955
201405,2362,34.89857142857143
201406,2362,34.588
201407,2362,34.75454545454546
201408,2362,35.777142857142856
201409,2362,36.01714285714286
201410,2362,35.03409090909091
201411,2362,34.3945
201412,2362,32.05375
201401,2364,42.67388888888889
201402,2364,52.546470588235294
201403,2364,62.71523809523809
201404,2364,61.05047619047619
201405,2364,50.36714285714286
201406,2364,45.7205
201407,2364,40.962272727272726
201408,2364,37.9947619047619
201409,2364,41.30095238095238
201410,2364,37.19318181818182
201411,2364,39.5415
201412,2364,34.21541666666666
201401,2373,45.95222222222222
201402,2373,43.80823529411765
201403,2373,41.88809523809524
201404,2373,41.462857142857146
201405,2373,40.87142857142857
201406,2373,41.6435
201407,2373,40.80954545454546
201408,2373,40.10666666666667
201409,2373,39.04666666666667
201410,2373,39.031363636363636
201411,2373,38.653
201412,2373,40.93541666666667
201401,2379,48.48444444444445
201402,2379,50.29764705882353
201403,2379,53.11714285714286
201404,2379,52.26190476190476
201405,2379,52.840476190476195
201406,2379,56.305499999999995
201407,2379,55.66363636363636
201408,2379,62.37095238095238
201409,2379,68.75047619047619
201410,2379,65.48681818181818
201411,2379,61.3845
201412,2379,64.52541666666666
201401,2382,39.33111111111111
201402,2382,39.75705882352941
201403,2382,42.70857142857143
201404,2382,43.56285714285715
201405,2382,42.85333333333334
201406,2382,44.3695
201407,2382,46.41045454545454
201408,2382,46.424285714285716
201409,2382,44.48428571428571
201410,2382,41.519090909090906
201411,2382,41.974000000000004
201412,2382,43.350833333333334
201401,2385,36.781111111111116
201402,2385,36.13
201403,2385,36.76285714285714
201404,2385,37.11523809523809
201405,2385,37.82809523809524
201406,2385,39.937
201407,2385,42.37909090909091
201408,2385,44.596666666666664
201409,2385,47.11857142857143
201410,2385,44.44863636363636
201411,2385,43.134
201412,2385,43.07416666666666
201405,2390,46.91142857142857
201406,2390,48.0395
201407,2390,49.44227272727273
201409,2390,34.04047619047619
201412,2390,33.95583333333334
201401,2392,36.80222222222223
201402,2392,38.22529411764706
201403,2392,38.42142857142857
201404,2392,36.78333333333334
201405,2392,34.35952380952381
201406,2392,34.172000000000004
201407,2392,34.87409090909091
201408,2392,35.29857142857143
201409,2392,35.14809523809524
201410,2392,31.8
201411,2392,32.054
201412,2392,31.69125
201401,2393,38.928333333333335
201402,2393,38.718823529411765
201403,2393,41.394285714285715
201404,2393,39.21
201405,2393,36.817142857142855
201406,2393,39.031
201407,2393,40.49727272727273
201408,2393,36.60333333333333
201409,2393,35.09952380952381
201410,2393,32.965
201411,2393,34.2325
201412,2393,37.121249999999996
201401,2395,102.37166666666667
201402,2395,97.93941176470588
201403,2395,98.95476190476191
201404,2395,103.53095238095239
201405,2395,105.99095238095238
201406,2395,122.97999999999999
201407,2395,126.91272727272727
201408,2395,132.50571428571428
201409,2395,133.38333333333335
201410,2395,119.83954545454544
201411,2395,116.8925
201412,2395,126.55291666666666
201407,2402,33.815909090909095
201408,2402,32.06809523809524
201401,2406,57.702222222222225
201402,2406,59.56588235294117
201403,2406,67.37857142857143
201404,2406,59.66619047619048
201405,2406,56.35952380952381
201406,2406,59.284000000000006
201407,2406,53.53636363636363
201408,2406,43.93761904761905
201409,2406,45.40904761904761
201410,2406,43.22818181818182
201411,2406,38.958
201412,2406,37.88125
201401,2408,32.59166666666667
201402,2408,31.09176470588235
201405,2408,37.686190476190475
201406,2408,46.7695
201407,2408,50.86318181818182
201408,2408,47.86235294117647
201409,2408,40.081875000000004
201410,2408,36.41909090909091
201411,2408,42.302
201412,2408,45.07666666666666
201401,2412,57.824999999999996
201402,2412,57.19176470588235
201403,2412,58.260000000000005
201404,2412,58.99857142857143
201405,2412,59.76428571428571
201406,2412,60.416
201407,2412,60.33090909090909
201408,2412,60.93952380952381
201409,2412,60.56857142857143
201410,2412,60.38409090909091
201411,2412,61.1475
201412,2412,61.017500000000005
201401,2424,70.41444444444444
201402,2424,73.66499999999999
201403,2424,68.8895
201404,2424,70.102
201405,2424,66.006
201406,2424,65.76555555555555
201407,2424,63.30833333333333
201408,2424,63.7621052631579
201409,2424,64.9095
201410,2424,64.49368421052631
201411,2424,66.7470588235294
201412,2424,70.37391304347825
201401,2425,31.92055555555556
201402,2425,32.709999999999994
201403,2425,31.89714285714286
201404,2425,37.58619047619048
201404,2428,31.989047619047618
201405,2428,33.38238095238095
201406,2428,33.559
201407,2428,32.05863636363636
201408,2428,30.448571428571427
201409,2428,30.927142857142858
201412,2428,30.576666666666668
201401,2430,31.526666666666667
201402,2430,31.497058823529414
201403,2430,30.83761904761905
201404,2430,31.212857142857143
201405,2430,31.472380952380956
201406,2430,30.933999999999997
201407,2430,30.446818181818184
201401,2434,62.15166666666667
201402,2434,61.32058823529412
201403,2434,61.730952380952374
201404,2434,58.66904761904762
201405,2434,66.85380952380953
201406,2434,98.638
201407,2434,91.29727272727273
201408,2434,83.11952380952381
201409,2434,77.89666666666666
201410,2434,69.88909090909091
201411,2434,65.283
201412,2434,64.11166666666666
201401,2437,42.80777777777777
201402,2437,41.51882352941177
201403,2437,45.94571428571429
201404,2437,46.660000000000004
201405,2437,45.96809523809524
201406,2437,45.8125
201407,2437,46.907272727272726
201408,2437,51.758095238095244
201409,2437,51.99619047619048
201410,2437,48.24272727272727
201411,2437,46.382999999999996
201412,2437,45.98333333333333
201401,2439,94.11666666666666
201402,2439,99.48411764705882
201403,2439,101.26571428571428
201404,2439,94.16666666666667
201405,2439,100.27428571428572
201406,2439,96.69399999999999
201407,2439,97.30636363636363
201408,2439,101.19714285714285
201409,2439,100.88666666666666
201410,2439,77.13909090909091
201411,2439,69.7615
201412,2439,68.16291666666667
201401,2448,59.57777777777778
201402,2448,63.85588235294117
201403,2448,69.37285714285714
201404,2448,66.27190476190476
201405,2448,62.6052380952381
201406,2448,65.934
201407,2448,69.18409090909091
201408,2448,62.477619047619044
201409,2448,53.84142857142857
201410,2448,51.14909090909091
201411,2448,52.0855
201412,2448,57.60708333333333
201401,2450,47.224999999999994
201402,2450,45.40529411764706
201403,2450,44.23095238095238
201404,2450,42.65238095238095
201405,2450,38.86666666666667
201406,2450,36.6195
201407,2450,37.156363636363636
201408,2450,30.82190476190476
201409,2450,31.843333333333334
201410,2450,31.162727272727274
201401,2451,42.85611111111111
201402,2451,43.95058823529411
201403,2451,45.16238095238095
201404,2451,48.59238095238095
201405,2451,50.94047619047619
201406,2451,52.8695
201407,2451,54.29045454545455
201408,2451,52.87142857142857
201409,2451,50.96857142857142
201410,2451,51.19681818181818
201411,2451,52.50500000000001
201412,2451,51.1475
201401,2454,237.4433333333333
201402,2454,245.65764705882356
201403,2454,260.2304761904762
201404,2454,267.38666666666666
201405,2454,287.47142857142853
201406,2454,289.702
201407,2454,298.83454545454543
201408,2454,294.4847619047619
201409,2454,290.22904761904766
201410,2454,254.41590909090908
201411,2454,262.2885
201412,2454,267.0058333333333
201401,2456,33.53611111111111
201402,2456,32.18294117647059
201403,2456,32.91428571428571
201406,2456,30.3555
201407,2456,33.04363636363637
201408,2456,33.25809523809524
201409,2456,36.95727272727273
201412,2456,33.88375
201401,2458,38.29277777777778
201402,2458,39.74176470588235
201403,2458,40.6752380952381
201404,2458,42.862857142857145
201405,2458,40.71857142857143
201406,2458,42.9305
201407,2458,40.497727272727275
201408,2458,38.36761904761905
201409,2458,39.02809523809524
201410,2458,37.566818181818185
201411,2458,35.3965
201412,2458,34.983333333333334
201401,2466,32.77055555555555
201402,2466,32.62117647058823
201403,2466,33.247142857142855
201404,2466,32.481904761904765
201405,2466,32.84095238095238
201406,2466,33.9305
201407,2466,33.61181818181819
201408,2466,32.30666666666667
201409,2466,32.77857142857143
201410,2466,31.746363636363636
201401,2474,120.69555555555556
201402,2474,130.17411764705884
201403,2474,131.73571428571427
201404,2474,143.0052380952381
201405,2474,159.95142857142858
201406,2474,168.863
201407,2474,164.23999999999998
201408,2474,169.56428571428572
201409,2474,177.3542857142857
201410,2474,161.59227272727273
201411,2474,154.991
201412,2474,150.99625
201401,2485,30.68444444444445
201402,2485,30.637058823529415
201401,2497,50.86055555555556
201402,2497,53.765882352941176
201403,2497,60.862380952380946
201404,2497,62.801428571428566
201405,2497,62.21380952380952
201406,2497,63.979499999999994
201407,2497,59.89727272727273
201408,2497,54.5452380952381
201409,2497,52.78190476190476
201410,2497,49.88681818181818
201411,2497,49.4735
201412,2497,54.3775
201401,2498,133.16444444444446
201402,2498,128.7741176470588
201403,2498,144.2657142857143
201404,2498,153.17666666666668
201405,2498,161.66571428571427
201406,2498,136.081
201407,2498,134.35863636363635
201408,2498,127.30857142857143
201409,2498,129.8347619047619
201410,2498,128.59863636363636
201411,2498,133.94400000000002
201412,2498,137.345
201401,2499,31.529444444444444
201402,2499,31.027647058823533
201403,2499,33.558571428571426
201404,2499,33.16619047619048
201405,2499,32.243809523809524
201406,2499,30.593
201407,2499,33.02181818181818
201408,2499,30.26047619047619
201409,2499,31.414285714285718
201401,2548,30.40555555555555
201402,2548,30.736470588235292
201404,2548,30.16238095238095
201401,2612,30.37388888888889
201402,2612,30.236470588235292
201403,2612,30.600952380952382
201401,2640,61.12611111111111
201402,2640,56.10294117647059
201403,2640,53.93095238095238
201404,2640,51.42857142857143
201405,2640,51.5747619047619
201406,2640,62.584500000000006
201407,2640,60.18
201408,2640,56.18285714285714
201409,2640,56.989999999999995
201410,2640,55.59
201411,2640,49.766000000000005
201412,2640,49.55833333333334
201401,2642,48.47222222222222
201402,2642,45.13705882352941
201403,2642,43.73619047619048
201404,2642,41.06904761904762
201405,2642,36.69857142857143
201406,2642,34.5465
201407,2642,32.94227272727273
201408,2642,34.20761904761905
201409,2642,33.25666666666667
201410,2642,34.55772727272727
201411,2642,34.833
201412,2642,35.78791666666667
201401,2707,155.42222222222222
201402,2707,155.04529411764705
201403,2707,162.48380952380953
201404,2707,170.02285714285713
201405,2707,164.57142857142858
201406,2707,166.613
201407,2707,170.385
201408,2707,173.06952380952382
201409,2707,173.11238095238096
201410,2707,164.4018181818182
201411,2707,167.97549999999998
201412,2707,166.84541666666667
201401,2718,35.28066666666667
201402,2718,35.480000000000004
201403,2718,35.199090909090906
201404,2718,34.41357142857143
201405,2718,32.83142857142857
201406,2718,32.572
201407,2718,32.76571428571429
201401,2719,148.69277777777776
201402,2719,142.12764705882353
201403,2719,139.5404761904762
201404,2719,133.65523809523808
201405,2719,129.76380952380953
201406,2719,131.62449999999998
201407,2719,129.7022727272727
201408,2719,112.40857142857142
201409,2719,110.36285714285714
201410,2719,102.82476190476191
201411,2719,105.13900000000001
201412,2719,105.40666666666668
201401,2723,114.63055555555555
201402,2723,125.21705882352941
201403,2723,141.21761904761905
201404,2723,141.69809523809522
201405,2723,141.82476190476189
201406,2723,139.217
201407,2723,138.1918181818182
201408,2723,144.95809523809524
201409,2723,146.3790476190476
201410,2723,130.97181818181818
201411,2723,101.724
201412,2723,100.47208333333333
201401,2724,75.00333333333333
201402,2724,71.36
201403,2724,71.57285714285715
201404,2724,72.80190476190475
201405,2724,67.6547619047619
201406,2724,67.402
201407,2724,67.58909090909091
201408,2724,68.52857142857142
201409,2724,69.63666666666667
201410,2724,64.71818181818182
201411,2724,58.44500000000001
201412,2724,57.55217391304348
201412,2726,45.379999999999995
201401,2727,302.99611111111113
201402,2727,294.7364705882353
201403,2727,271.4861904761905
201404,2727,274.3647619047619
201405,2727,277.1757142857143
201406,2727,290.075
201407,2727,276.4877272727272
201408,2727,251.2495238095238
201409,2727,235.91666666666666
201410,2727,203.04954545454547
201411,2727,193.04649999999998
201412,2727,188.05958333333334
201401,2729,116.63777777777779
201402,2729,132.4829411764706
201403,2729,137.37857142857143
201404,2729,123.84238095238095
201405,2729,120.50190476190475
201406,2729,137.39000000000001
201407,2729,125.59272727272727
201408,2729,117.50285714285714
201409,2729,115.71238095238095
201410,2729,103.03454545454544
201411,2729,104.54
201412,2729,108.97666666666667
201401,2731,80.57
201402,2731,77.50882352941177
201403,2731,81.74904761904762
201404,2731,79.03761904761905
201405,2731,74.59571428571428
201406,2731,77.2085
201407,2731,74.81181818181818
201408,2731,69.59095238095239
201409,2731,69.45285714285714
201410,2731,64.08
201411,2731,64.5835
201412,2731,66.67458333333333
201401,2732,74.16222222222223
201402,2732,78.60375
201403,2732,91.19571428571429
201404,2732,91.15142857142857
201405,2732,91.8495
201406,2732,97.536
201407,2732,86.73150000000001
201408,2732,75.68190476190476
201409,2732,77.116
201410,2732,71.94954545454546
201411,2732,72.507
201412,2732,69.23521739130435
201401,2734,44.111111111111114
201402,2734,40.74647058823529
201403,2734,44.15047619047619
201404,2734,41.05619047619047
201405,2734,37.94047619047619
201406,2734,39.1115
201407,2734,36.70818181818182
201408,2734,31.52714285714286
201401,2736,44.495625
201402,2736,45.19266666666667
201403,2736,43.27315789473685
201404,2736,42.425714285714285
201405,2736,41.933
201406,2736,42.285000000000004
201407,2736,42.65136363636364
201408,2736,40.431
201409,2736,39.485238095238095
201410,2736,39.21055555555555
201411,2736,37.538
201412,2736,41.25052631578947
201410,2739,93.00111111111111
201411,2739,92.11071428571428
201412,2739,92.36
201412,2740,464.49
201401,2833A,36.65
201402,2833A,36.755
201403,2833A,36.94444444444444
201404,2833A,36.871428571428574
201405,2833A,36.90833333333334
201406,2833A,37.06666666666667
201407,2833A,37.07142857142857
201408,2833A,36.935
201409,2833A,36.9
201410,2833A,37.0
201411,2833A,37.13333333333333
201412,2833A,37.202777777777776
201408,2882,31.473333333333336
201409,2882,32.03809523809524
201410,2882,30.512272727272727
201411,2882,31.2865
201401,2901,33.29222222222222
201402,2901,32.637058823529415
201403,2901,32.451
201404,2901,31.839523809523808
201405,2901,30.171904761904763
201406,2901,30.671
201407,2901,33.000454545454545
201408,2901,30.76666666666667
201409,2901,30.270952380952384
201401,2910,30.53625
201406,2910,30.446875
201407,2910,33.730909090909094
201408,2910,33.30714285714286
201409,2910,34.003125
201410,2910,32.283500000000004
201411,2910,30.98611111111111
201412,2910,31.84125
201401,2911,40.64944444444445
201402,2911,39.67764705882353
201403,2911,40.19904761904762
201404,2911,38.30285714285714
201405,2911,34.05904761904762
201406,2911,33.338
201407,2911,32.995
201408,2911,32.86714285714286
201409,2911,33.404761904761905
201410,2911,31.410454545454545
201411,2911,30.4185
201412,2911,30.97458333333333
201401,2912,139.85444444444445
201402,2912,133.55941176470589
201403,2912,142.00095238095238
201404,2912,154.42619047619047
201405,2912,161.5847619047619
201406,2912,165.4315
201407,2912,168.1118181818182
201408,2912,162.25761904761904
201409,2912,159.5195238095238
201410,2912,161.50818181818184
201411,2912,165.83800000000002
201412,2912,171.44541666666666
201401,2915,52.745555555555555
201402,2915,50.455882352941174
201403,2915,49.29428571428572
201404,2915,51.52619047619047
201405,2915,50.70285714285714
201406,2915,52.9335
201407,2915,54.56136363636363
201408,2915,53.55476190476191
201409,2915,52.24047619047619
201410,2915,47.87590909090909
201411,2915,46.0455
201412,2915,47.36708333333333
201401,2924,64.01555555555555
201402,2924,65.10176470588236
201403,2924,69.91095238095238
201404,2924,72.20095238095239
201405,2924,67.41761904761904
201406,2924,69.203
201407,2924,68.04045454545455
201408,2924,63.74095238095238
201409,2924,66.54095238095239
201410,2924,68.56772727272727
201411,2924,72.3355
201412,2924,71.56916666666667
201401,2926,134.54888888888888
201402,2926,124.26411764705881
201403,2926,123.18809523809523
201404,2926,123.17380952380952
201405,2926,122.3295238095238
201406,2926,126.643
201407,2926,124.49454545454546
201408,2926,122.68095238095239
201409,2926,121.0705
201410,2926,114.13142857142859
201411,2926,111.39000000000001
201412,2926,113.57833333333333
201401,2929,76.59166666666667
201402,2929,67.3135294117647
201403,2929,74.13714285714285
201404,2929,73.37761904761905
201405,2929,67.38428571428571
201406,2929,67.41499999999999
201407,2929,67.49318181818181
201408,2929,69.18857142857144
201409,2929,70.26904761904761
201410,2929,59.37318181818182
201411,2929,51.466499999999996
201412,2929,52.84041666666667
201403,3003,32.66047619047619
201404,3003,36.73285714285714
201405,3003,36.4052380952381
201406,3003,34.701499999999996
201407,3003,31.485
201403,3004,35.410000000000004
201404,3004,44.94095238095238
201405,3004,47.542857142857144
201406,3004,58.319500000000005
201407,3004,54.82863636363636
201408,3004,48.25666666666667
201409,3004,47.126666666666665
201410,3004,41.019090909090906
201411,3004,36.208
201412,3004,35.0225
201404,3006,33.222857142857144
201405,3006,35.51190476190476
201406,3006,39.31
201407,3006,35.347272727272724
201408,3006,33.42333333333333
201409,3006,33.90428571428571
201411,3006,30.3005
201412,3006,32.89125
201401,3008,890.6255555555556
201402,3008,907.3164705882353
201403,3008,1049.1495238095238
201404,3008,1252.6980952380952
201405,3008,1481.9138095238095
201406,3008,1595.5875
201407,3008,1826.9595454545454
201408,3008,1832.1209523809525
201409,3008,1774.7585714285715
201410,3008,1668.7763636363636
201411,3008,1684.0490000000002
201412,3008,1773.1695833333333
201404,3010,30.59047619047619
201406,3010,30.183999999999997
201407,3010,31.29409090909091
201408,3010,30.56142857142857
201403,3013,33.98714285714286
201404,3013,35.95952380952381
201405,3013,32.17714285714286
201406,3013,35.4285
201407,3013,35.91136363636363
201404,3018,32.39142857142857
201405,3018,34.389523809523816
201406,3018,44.3915
201407,3018,48.26227272727272
201408,3018,43.08428571428571
201409,3018,39.78666666666667
201410,3018,39.86272727272728
201411,3018,41.106
201412,3018,45.520833333333336
201408,3019,32.21666666666666
201409,3019,38.39333333333333
201410,3019,32.51090909090909
201411,3019,30.392500000000002
201412,3019,30.798333333333332
201401,3022,53.278888888888886
201402,3022,57.53529411764706
201403,3022,64.3952380952381
201404,3022,47.936190476190475
201405,3022,47.57
201406,3022,54.489999999999995
201407,3022,55.76227272727272
201408,3022,57.39904761904762
201409,3022,60.74714285714286
201410,3022,54.49136363636364
201411,3022,52.9125
201412,3022,54.465833333333336
201401,3034,59.34055555555556
201402,3034,62.38647058823529
201403,3034,66.12904761904763
201404,3034,67.49190476190476
201405,3034,69.78095238095239
201406,3034,69.06649999999999
201407,3034,71.3640909090909
201408,3034,74.43333333333332
201409,3034,74.47952380952381
201410,3034,74.54045454545454
201411,3034,82.474
201412,3034,84.40583333333333
201401,3035,41.22277777777778
201402,3035,42.163529411764706
201403,3035,45.805238095238096
201404,3035,44.99666666666666
201405,3035,40.98428571428571
201406,3035,42.1765
201407,3035,41.52318181818182
201408,3035,37.599047619047624
201409,3035,37.44619047619047
201410,3035,34.06818181818182
201411,3035,33.2455
201412,3035,36.99375
201401,3041,79.51
201402,3041,80.29529411764706
201403,3041,81.86095238095238
201404,3041,82.86047619047619
201405,3041,80.70285714285714
201406,3041,82.89450000000001
201407,3041,79.92
201408,3041,73.31333333333333
201409,3041,70.46666666666667
201410,3041,65.68863636363636
201411,3041,61.1105
201412,3041,64.40541666666667
201406,3043,42.417500000000004
201407,3043,36.345454545454544
201408,3043,32.12380952380953
201401,3044,31.497222222222224
201402,3044,31.582941176470587
201403,3044,33.21952380952381
201404,3044,32.90047619047619
201405,3044,32.59238095238096
201406,3044,32.714999999999996
201407,3044,32.74181818181818
201408,3044,34.26523809523809
201409,3044,36.23047619047619
201410,3044,32.945
201411,3044,34.7535
201412,3044,36.41625
201401,3045,55.745
201402,3045,52.91470588235294
201403,3045,54.68761904761905
201404,3045,57.23428571428572
201405,3045,58.06285714285714
201406,3045,58.96900000000001
201407,3045,57.684999999999995
201408,3045,59.448571428571434
201409,3045,57.336190476190474
201410,3045,60.025
201411,3045,61.8125
201412,3045,63.03
201402,3046,30.43294117647059
201403,3046,31.272380952380953
201401,3057,76.78555555555556
201402,3057,86.40176470588236
201403,3057,87.92904761904762
201404,3057,77.84333333333333
201405,3057,70.32666666666667
201406,3057,77.7225
201407,3057,76.59863636363637
201408,3057,76.92333333333333
201409,3057,75.35142857142857
201410,3057,65.32863636363636
201411,3057,61.4285
201412,3057,65.60041666666666
201404,3059,30.669047619047618
201401,3060,153.0261111111111
201402,3060,152.27588235294118
201403,3060,155.53047619047618
201404,3060,159.1185714285714
201405,3060,149.32190476190476
201406,3060,146.059
201407,3060,163.3186363636364
201408,3060,148.10714285714286
201409,3060,144.01285714285714
201410,3060,135.94045454545454
201411,3060,127.87899999999999
201412,3060,145.25291666666666
201401,3064,471.99555555555554
201402,3064,468.34
201403,3064,467.1690476190476
201404,3064,452.8666666666667
201405,3064,416.22285714285715
201406,3064,411.0625
201407,3064,409.3845454545454
201408,3064,394.3333333333333
201409,3064,391.2633333333334
201410,3064,335.8090909090909
201411,3064,322.7925
201412,3064,323.59250000000003
201408,3073,31.40904761904762
201407,3081,102.65545454545455
201408,3081,100.83190476190475
201409,3081,105.20904761904761
201410,3081,110.20681818181819
201411,3081,108.0575
201412,3081,110.95782608695653
201401,3083,54.73888888888889
201402,3083,52.46470588235294
201403,3083,61.24285714285714
201404,3083,66.75714285714287
201405,3083,63.51428571428571
201406,3083,66.41
201407,3083,59.21818181818182
201408,3083,51.28333333333334
201409,3083,52.028571428571425
201410,3083,46.575
201411,3083,42.3125
201412,3083,53.22291666666666
201401,3085,117.9361111111111
201402,3085,110.2429411764706
201403,3085,96.66904761904762
201404,3085,84.05428571428573
201405,3085,59.9252380952381
201406,3085,57.817499999999995
201407,3085,56.99
201401,3086,114.25944444444445
201402,3086,104.6564705882353
201403,3086,103.01238095238097
201404,3086,102.0095238095238
201405,3086,114.45714285714286
201406,3086,142.872
201407,3086,130.4440909090909
201408,3086,104.44761904761906
201409,3086,101.0852380952381
201410,3086,85.31545454545454
201411,3086,84.03076923076924
201412,3086,81.61291666666666
201403,3088,32.08857142857143
201406,3088,34.517
201407,3088,34.21181818181818
201408,3088,35.96714285714286
201409,3088,38.663809523809526
201410,3088,36.17090909090909
201411,3088,34.691500000000005
201412,3088,35.57833333333333
201401,3089,94.38055555555555
201402,3089,106.47882352941177
201403,3089,126.74142857142859
201404,3089,124.56333333333333
201405,3089,119.85380952380952
201406,3089,141.5085
201407,3089,168.42954545454543
201408,3089,143.69666666666666
201409,3089,116.68190476190478
201410,3089,108.39590909090909
201411,3089,92.204
201412,3089,110.09375
201406,3094,30.131999999999998
201401,3095,143.81444444444443
201402,3095,140.85764705882352
201403,3095,142.66238095238094
201404,3095,127.05047619047619
201405,3095,114.74285714285713
201406,3095,124.393
201407,3095,123.03090909090908
201408,3095,96.01095238095238
201409,3095,63.318333333333335
201410,3095,49.596818181818186
201411,3095,54.239
201412,3095,63.57749999999999
201401,3105,34.06388888888889
201402,3105,32.83117647058823
201403,3105,32.416666666666664
201404,3105,32.670476190476194
201405,3105,33.95285714285714
201406,3105,36.852
201407,3105,35.58681818181818
201408,3105,36.195238095238096
201409,3105,37.829523809523806
201410,3105,35.52136363636364
201411,3105,36.309
201412,3105,37.413333333333334
201401,3130,55.73888888888889
201402,3130,56.44941176470588
201403,3130,57.55428571428572
201404,3130,58.44047619047619
201405,3130,58.121
201406,3130,57.609500000000004
201407,3130,60.98045454545454
201408,3130,67.77428571428571
201409,3130,69.73761904761905
201410,3130,66.0059090909091
201411,3130,69.103
201412,3130,87.01291666666667
201401,3131,129.22055555555556
201402,3131,130.6970588235294
201403,3131,148.9766666666667
201404,3131,130.1704761904762
201405,3131,114.13952380952381
201406,3131,107.001
201407,3131,96.24818181818182
201408,3131,94.04904761904761
201409,3131,104.41238095238094
201410,3131,89.10909090909091
201411,3131,84.79350000000001
201412,3131,100.40041666666667
201401,3149,88.78777777777776
201402,3149,86.0035294117647
201403,3149,87.16142857142856
201404,3149,89.35904761904762
201405,3149,77.30142857142857
201406,3149,77.8835
201407,3149,78.95454545454545
201408,3149,69.49380952380952
201409,3149,67.72904761904762
201410,3149,57.20863636363637
201411,3149,54.102
201412,3149,60.742916666666666
201401,3152,102.74666666666667
201402,3152,97.83
201403,3152,103.43476190476191
201404,3152,102.02619047619048
201405,3152,100.22904761904762
201406,3152,101.143
201407,3152,100.425
201408,3152,95.49333333333333
201409,3152,91.09809523809524
201410,3152,85.35909090909091
201411,3152,90.15299999999999
201412,3152,90.995
201401,3163,65.55055555555556
201402,3163,63.71823529411765
201403,3163,82.77428571428571
201404,3163,94.05142857142857
201405,3163,83.08142857142857
201406,3163,70.4435
201407,3163,61.34136363636364
201408,3163,47.014761904761905
201409,3163,49.671904761904756
201410,3163,42.800000000000004
201411,3163,41.3785
201412,3163,43.87083333333334
201401,3164,31.647222222222222
201402,3164,37.24411764705882
201403,3164,37.495714285714286
201404,3164,37.11380952380952
201405,3164,36.18190476190476
201406,3164,37.2665
201407,3164,35.19227272727273
201408,3164,32.051428571428566
201409,3164,31.891428571428573
201410,3164,31.221818181818183
201401,3169,34.0
201404,3169,31.288571428571426
201401,3176,194.58333333333334
201402,3176,206.5
201403,3176,236.45238095238096
201404,3176,300.8095238095238
201405,3176,414.6904761904762
201406,3176,447.675
201407,3176,412.25
201408,3176,175.11904761904762
201409,3176,173.0952380952381
201410,3176,144.02272727272728
201411,3176,124.95
201412,3176,156.95833333333334
201401,3189,69.51944444444445
201402,3189,71.90117647058823
201403,3189,72.90095238095239
201404,3189,78.46380952380953
201405,3189,87.89333333333333
201406,3189,91.647
201407,3189,88.13909090909091
201408,3189,88.41761904761904
201409,3189,83.81857142857143
201410,3189,80.4940909090909
201411,3189,79.17699999999999
201412,3189,74.49
201401,3191,32.138888888888886
201402,3191,32.27058823529412
201403,3191,33.62380952380953
201404,3191,32.714285714285715
201405,3191,31.342857142857145
201406,3191,33.35
201407,3191,33.85
201408,3191,32.60476190476191
201409,3191,33.44761904761905
201410,3191,32.440909090909095
201411,3191,30.645
201412,3191,33.0
201401,3211,34.42944444444444
201402,3211,32.69411764705882
201403,3211,32.25
201404,3211,32.63142857142857
201405,3211,33.45428571428571
201406,3211,35.784000000000006
201407,3211,36.585
201408,3211,37.245714285714286
201409,3211,36.29095238095238
201410,3211,32.820454545454545
201411,3211,32.2185
201412,3211,31.94875
201402,3224,30.86529411764706
201403,3224,35.92523809523809
201404,3224,30.576190476190476
201407,3224,30.89636363636364
201401,3226,31.043333333333333
201402,3226,31.681176470588237
201403,3226,32.474000000000004
201404,3226,31.54190476190476
201405,3226,31.005238095238095
201406,3226,31.4155
201407,3226,37.78454545454545
201408,3226,41.88333333333333
201409,3226,39.684285714285714
201410,3226,37.95545454545454
201411,3226,37.495
201412,3226,39.53
201401,3227,32.357777777777784
201402,3227,33.707647058823525
201403,3227,38.175714285714285
201404,3227,38.599047619047624
201405,3227,39.772380952380956
201406,3227,48.2765
201407,3227,49.81909090909091
201408,3227,45.08380952380952
201409,3227,45.60333333333333
201410,3227,43.21090909090909
201411,3227,40.9065
201412,3227,42.29625
201407,3228,35.93545454545455
201408,3228,30.460952380952385
201409,3228,30.978095238095236
201401,3229,115.37444444444444
201402,3229,125.08411764705882
201403,3229,124.8457142857143
201404,3229,158.54619047619047
201405,3229,137.81428571428572
201406,3229,142.48
201407,3229,130.68727272727273
201408,3229,126.21380952380952
201409,3229,120.81809523809522
201410,3229,99.38454545454546
201411,3229,103.2645
201412,3229,107.58749999999999
201403,3232,34.39857142857143
201404,3232,37.06142857142857
201405,3232,34.99142857142857
201406,3232,39.1145
201407,3232,46.45590909090909
201408,3232,45.16619047619048
201409,3232,55.764761904761905
201410,3232,55.09
201411,3232,48.7125
201412,3232,46.36625
201410,3234,31.025
201411,3234,32.1555
201412,3234,37.52
201401,3252,47.68111111111111
201402,3252,45.78764705882353
201403,3252,42.287
201404,3252,38.39
201405,3252,39.55947368421052
201406,3252,35.505
201407,3252,32.623333333333335
201408,3252,32.18529411764706
201409,3252,33.381052631578946
201410,3252,32.506875
201411,3252,32.13125
201412,3252,31.485500000000002
201401,3257,36.44611111111111
201402,3257,35.63529411764706
201403,3257,35.504285714285714
201404,3257,34.38142857142857
201405,3257,35.54857142857143
201406,3257,44.193
201407,3257,41.73636363636364
201408,3257,39.14714285714286
201409,3257,43.18571428571428
201410,3257,40.64090909090909
201411,3257,38.511
201412,3257,36.955
201401,3259,89.94
201402,3259,93.89470588235294
201403,3259,93.38571428571429
201404,3259,95.96380952380953
201405,3259,85.82809523809524
201406,3259,77.09049999999999
201407,3259,74.35681818181818
201408,3259,57.44952380952381
201409,3259,56.46619047619048
201410,3259,50.65318181818182
201411,3259,57.39
201412,3259,68.70375
201401,3260,38.59111111111111
201402,3260,38.1435294117647
201403,3260,40.194761904761904
201404,3260,39.953809523809525
201405,3260,38.83904761904762
201406,3260,41.483
201407,3260,42.39272727272727
201408,3260,41.80571428571428
201409,3260,38.22
201410,3260,32.942727272727275
201411,3260,31.003500000000003
201412,3260,31.124166666666667
201406,3268,30.643
201404,3272,40.195238095238096
201405,3272,51.29428571428572
201406,3272,72.107
201407,3272,75.1531818181818
201408,3272,64.03285714285714
201409,3272,64.50571428571428
201410,3272,53.13772727272727
201411,3272,54.6885
201412,3272,64.79875
201401,3288,47.355555555555554
201402,3288,46.76352941176471
201403,3288,58.006666666666675
201404,3288,65.77761904761904
201405,3288,59.067619047619054
201406,3288,69.312
201407,3288,67.29272727272728
201408,3288,60.18333333333333
201409,3288,53.51190476190476
201410,3288,44.33863636363637
201411,3288,41.732
201412,3288,42.63708333333333
201403,3289,31.504761904761907
201404,3289,38.28095238095238
201405,3289,44.29333333333333
201406,3289,52.2485
201407,3289,57.03363636363636
201408,3289,53.61857142857143
201409,3289,53.25761904761905
201410,3289,48.10090909090909
201411,3289,41.477
201412,3289,48.07958333333334
201406,3293,46.4385
201407,3293,48.72681818181818
201408,3293,44.23142857142857
201409,3293,52.292380952380945
201410,3293,48.120909090909095
201411,3293,41.6065
201412,3293,47.84791666666666
201401,3297,32.787777777777784
201402,3297,32.14352941176471
201403,3297,35.73571428571429
201404,3297,33.165238095238095
201405,3297,32.3552380952381
201401,3306,32.25
201402,3306,33.22588235294118
201403,3306,33.35095238095238
201404,3306,35.16571428571429
201405,3306,30.02857142857143
201406,3306,32.827999999999996
201407,3306,31.92590909090909
201409,3306,32.52095238095238
201401,3311,48.92111111111112
201402,3311,47.76176470588236
201403,3311,47.45428571428571
201404,3311,49.418571428571425
201405,3311,49.03952380952381
201406,3311,44.775
201407,3311,44.40318181818182
201408,3311,36.932857142857145
201409,3311,33.60190476190476
201412,3321,82.81473684210526
201401,3339,97.65222222222222
201402,3339,92.38882352941177
201403,3339,97.00380952380952
201404,3339,91.14380952380952
201405,3339,80.39142857142858
201406,3339,84.124
201407,3339,85.67
201408,3339,77.88285714285715
201409,3339,70.80095238095238
201410,3339,58.70272727272727
201411,3339,56.539
201412,3339,63.074999999999996
201401,3356,105.85611111111112
201402,3356,105.7335294117647
201403,3356,115.0095238095238
201404,3356,102.98142857142858
201405,3356,89.37380952380951
201406,3356,90.0335
201407,3356,87.56590909090909
201408,3356,78.14666666666666
201409,3356,72.51619047619049
201410,3356,70.72136363636365
201411,3356,69.7205
201412,3356,69.10958333333333
201402,3374,33.68294117647059
201403,3374,38.77285714285714
201404,3374,40.663333333333334
201405,3374,45.55714285714286
201406,3374,58.474000000000004
201407,3374,60.60318181818182
201408,3374,52.66619047619048
201409,3374,49.983809523809526
201410,3374,44.86454545454546
201411,3374,40.653
201412,3374,38.055217391304346
201401,3376,47.196666666666665
201402,3376,47.25411764705883
201403,3376,45.375238095238096
201404,3376,46.34190476190476
201405,3376,49.642380952380954
201406,3376,55.205499999999994
201407,3376,51.13272727272727
201408,3376,50.38666666666666
201409,3376,50.04380952380953
201410,3376,44.27318181818182
201411,3376,42.6945
201412,3376,45.51708333333334
201401,3383,73.05944444444444
201402,3383,71.1635294117647
201403,3383,99.63047619047617
201404,3383,99.76666666666667
201405,3383,89.12047619047618
201406,3383,99.0995
201407,3383,100.96181818181817
201408,3383,90.33904761904762
201409,3383,80.9204761904762
201410,3383,68.96636363636364
201411,3383,65.86
201412,3383,71.51916666666666
201401,3388,33.86555555555556
201402,3388,34.26705882352941
201403,3388,35.93714285714286
201404,3388,36.33190476190477
201405,3388,35.73952380952381
201406,3388,35.458
201407,3388,36.056363636363635
201408,3388,35.42
201409,3388,35.06428571428572
201410,3388,33.71454545454546
201411,3388,33.739999999999995
201412,3388,33.85708333333333
201401,3406,80.09833333333333
201402,3406,80.9335294117647
201403,3406,78.35380952380953
201404,3406,93.03666666666666
201405,3406,82.15285714285714
201406,3406,81.53450000000001
201407,3406,84.49136363636363
201408,3406,73.85857142857142
201409,3406,84.20142857142858
201410,3406,81.84272727272727
201411,3406,87.5095
201412,3406,94.6475
201402,3413,30.15705882352941
201403,3413,43.799523809523805
201404,3413,41.525238095238095
201405,3413,38.803333333333335
201406,3413,44.616
201407,3413,45.05227272727273
201408,3413,42.885238095238094
201409,3413,41.476190476190474
201410,3413,35.17181818181818
201411,3413,35.438
201412,3413,35.49826086956522
201401,3416,31.744999999999997
201402,3416,31.070000000000004
201403,3416,34.25238095238095
201404,3416,32.52904761904762
201405,3416,30.491904761904763
201406,3416,32.442
201407,3416,33.00090909090909
201408,3416,32.17857142857143
201409,3416,30.51666666666667
201411,3416,30.154000000000003
201412,3416,33.007083333333334
201401,3430,30.183529411764706
201402,3430,30.12272727272727
201403,3430,31.1555
201404,3430,32.66842105263158
201405,3430,30.73705882352941
201406,3430,30.500588235294117
201407,3430,30.49866666666667
201410,3432,38.35409090909091
201411,3432,33.653
201412,3432,42.18
201401,3437,57.147222222222226
201402,3437,71.17588235294117
201403,3437,74.2804761904762
201404,3437,77.48666666666666
201405,3437,70.0547619047619
201406,3437,71.8585
201407,3437,75.83272727272727
201408,3437,64.84238095238095
201409,3437,60.359047619047615
201410,3437,51.10863636363637
201411,3437,42.117000000000004
201412,3437,41.87291666666667
201401,3438,32.47833333333333
201402,3438,31.116470588235295
201403,3438,31.95619047619048
201404,3438,33.50809523809524
201405,3438,31.53142857142857
201406,3438,32.338
201407,3438,30.920454545454547
201401,3443,59.48722222222222
201402,3443,59.65823529411765
201403,3443,65.3752380952381
201404,3443,66.94047619047619
201405,3443,69.28571428571429
201406,3443,74.42150000000001
201407,3443,71.105
201408,3443,65.04333333333334
201409,3443,66.79095238095238
201410,3443,71.24045454545454
201411,3443,69.708
201412,3443,73.30083333333333
201403,3450,38.333333333333336
201404,3450,46.03809523809524
201405,3450,44.91571428571429
201406,3450,51.216499999999996
201407,3450,52.04590909090909
201408,3450,47.69333333333333
201409,3450,40.93761904761905
201410,3450,36.96454545454546
201411,3450,36.7895
201412,3450,40.73791666666667
201401,3454,97.0411111111111
201402,3454,99.63294117647058
201403,3454,104.03238095238095
201404,3454,86.88619047619048
201405,3454,80.42142857142856
201406,3454,78.487
201407,3454,66.04863636363636
201408,3454,58.22095238095238
201409,3454,54.64
201410,3454,56.39045454545454
201411,3454,60.602
201412,3454,61.223749999999995
201404,3466,31.830952380952382
201405,3466,31.985714285714288
201406,3466,30.7015
201405,3474,36.24523809523809
201406,3474,51.8925
201407,3474,57.690909090909095
201408,3474,49.21666666666666
201409,3474,44.97142857142857
201410,3474,43.5
201411,3474,45.81
201412,3474,47.14791666666667
201405,3490,30.85285714285714
201406,3490,30.5055
201407,3490,47.14772727272727
201408,3490,60.80285714285715
201409,3490,94.98428571428572
201410,3490,101.39863636363636
201411,3490,81.6745
201412,3490,85.045
201401,3491,44.028888888888886
201402,3491,47.188235294117646
201403,3491,45.62428571428571
201404,3491,51.64857142857142
201405,3491,49.421904761904756
201406,3491,51.418499999999995
201407,3491,50.5140909090909
201408,3491,48.88285714285714
201409,3491,48.81571428571428
201410,3491,50.13181818181818
201411,3491,47.135000000000005
201412,3491,44.91458333333333
201401,3494,130.165
201402,3494,124.2564705882353
201403,3494,109.16523809523808
201404,3494,105.01
201405,3494,84.38380952380952
201406,3494,97.92150000000001
201407,3494,91.1490909090909
201408,3494,78.34476190476191
201409,3494,74.17809523809524
201410,3494,66.91681818181819
201411,3494,62.347500000000004
201412,3494,67.10166666666667
201401,3498,128.76333333333335
201402,3498,151.78176470588235
201403,3498,140.84666666666666
201404,3498,122.58
201405,3498,107.09285714285713
201406,3498,125.57000000000001
201407,3498,115.45227272727271
201408,3498,98.85714285714286
201409,3498,97.85
201410,3498,71.24863636363636
201411,3498,67.356
201412,3498,76.19708333333334
201403,3501,34.08904761904762
201404,3501,31.199523809523807
201401,3504,55.65833333333333
201402,3504,53.82176470588235
201403,3504,56.96619047619048
201404,3504,57.33714285714285
201405,3504,54.77142857142857
201406,3504,59.431
201407,3504,63.23772727272728
201408,3504,53.53285714285715
201409,3504,54.8947619047619
201410,3504,50.33636363636364
201411,3504,47.451499999999996
201412,3504,50.21041666666667
201401,3508,44.84444444444445
201402,3508,46.550000000000004
201403,3508,49.15714285714286
201404,3508,48.102380952380955
201405,3508,45.864285714285714
201406,3508,43.364999999999995
201407,3508,41.42727272727273
201408,3508,33.27619047619047
201409,3508,33.25714285714285
201410,3508,31.17954545454546
201401,3514,33.32944444444445
201405,3514,31.276190476190475
201406,3514,32.456
201401,3515,58.45333333333334
201402,3515,58.52882352941177
201403,3515,58.792857142857144
201404,3515,59.857142857142854
201405,3515,61.1647619047619
201406,3515,61.479
201407,3515,60.03636363636363
201408,3515,53.87952380952381
201409,3515,51.12
201410,3515,47.63818181818181
201411,3515,43.6705
201412,3515,40.26125
201401,3518,51.425555555555555
201402,3518,53.629411764705885
201403,3518,52.45238095238095
201404,3518,59.028571428571425
201405,3518,67.9695238095238
201406,3518,66.3615
201407,3518,57.209090909090904
201408,3518,45.0
201409,3518,41.257619047619045
201410,3518,39.21818181818182
201411,3518,38.183499999999995
201412,3518,39.38458333333333
201401,3519,33.33888888888889
201401,3520,57.18722222222223
201402,3520,65.15588235294118
201403,3520,76.67952380952381
201404,3520,76.29904761904761
201405,3520,71.56142857142856
201406,3520,104.3625
201407,3520,149.29590909090908
201408,3520,131.44142857142856
201409,3520,156.23714285714286
201410,3520,199.27818181818182
201411,3520,206.84949999999998
201412,3520,255.22916666666666
201401,3523,82.74722222222222
201402,3523,92.58235294117648
201403,3523,95.56238095238095
201404,3523,97.07666666666667
201405,3523,94.3552380952381
201406,3523,102.42999999999999
201407,3523,90.36863636363637
201408,3523,83.68333333333334
201409,3523,81.09571428571428
201410,3523,78.50045454545455
201411,3523,73.021
201412,3523,72.83416666666666
201401,3527,43.25055555555556
201402,3527,41.851176470588236
201403,3527,45.696666666666665
201404,3527,44.33190476190477
201405,3527,43.42714285714286
201406,3527,44.536
201407,3527,42.49136363636364
201408,3527,40.56904761904762
201409,3527,39.69761904761905
201410,3527,35.74818181818182
201411,3527,34.147000000000006
201412,3527,35.88916666666667
201401,3529,75.67277777777778
201402,3529,91.9535294117647
201403,3529,141.5652380952381
201404,3529,184.75714285714287
201405,3529,206.71904761904764
201406,3529,278.77049999999997
201407,3529,270.6686363636364
201408,3529,221.67999999999998
201409,3529,284.43333333333334
201410,3529,280.0436363636364
201411,3529,278.209
201412,3529,313.9554166666667
201403,3530,47.64368421052632
201404,3530,47.390952380952385
201405,3530,42.8975
201406,3530,44.7175
201407,3530,43.945
201408,3530,39.5265
201409,3530,37.275
201410,3530,35.823
201411,3530,35.751666666666665
201412,3530,35.586470588235294
201401,3532,50.45
201402,3532,46.97117647058823
201403,3532,47.88666666666667
201404,3532,46.80571428571428
201405,3532,46.514761904761905
201406,3532,55.591499999999996
201407,3532,54.89636363636364
201408,3532,53.25714285714286
201409,3532,53.94619047619047
201410,3532,49.43636363636363
201411,3532,45.9
201412,3532,63.78875
201401,3533,49.062222222222225
201402,3533,49.48235294117647
201403,3533,63.14714285714285
201404,3533,70.36761904761904
201405,3533,91.63619047619048
201406,3533,94.1235
201407,3533,93.47909090909091
201408,3533,88.24666666666667
201409,3533,88.84
201410,3533,91.785
201411,3533,98.2745
201412,3533,115.90041666666667
201403,3541,36.14523809523809
201404,3541,42.392380952380954
201405,3541,47.07714285714286
201406,3541,57.3115
201407,3541,74.5390909090909
201408,3541,67.3504761904762
201409,3541,70.1947619047619
201410,3541,57.16318181818181
201411,3541,58.760000000000005
201412,3541,62.785
201401,3545,56.205555555555556
201402,3545,53.07823529411765
201403,3545,62.311904761904756
201404,3545,63.97714285714286
201405,3545,64.25333333333333
201406,3545,60.975
201407,3545,60.54363636363637
201408,3545,54.67857142857143
201409,3545,52.008095238095244
201410,3545,48.52045454545455
201411,3545,40.392
201412,3545,42.07041666666667
201406,3548,33.2615
201407,3548,31.115
201401,3551,38.34222222222222
201402,3551,39.481764705882355
201403,3551,43.06142857142857
201404,3551,45.60142857142857
201405,3551,42.00333333333333
201406,3551,42.3315
201407,3551,42.52363636363636
201408,3551,43.36761904761905
201409,3551,44.065238095238094
201410,3551,37.51772727272727
201411,3551,36.7635
201412,3551,37.816250000000004
201401,3552,69.12722222222222
201402,3552,73.46411764705881
201403,3552,78.20857142857143
201404,3552,95.47619047619048
201405,3552,94.51095238095238
201406,3552,93.6905
201407,3552,84.4959090909091
201408,3552,71.96666666666667
201409,3552,75.5
201410,3552,76.81590909090909
201411,3552,77.82300000000001
201412,3552,90.13791666666667
201401,3555,158.82222222222222
201402,3555,149.22411764705882
201403,3555,149.29380952380953
201404,3555,150.51904761904763
201405,3555,142.6295238095238
201406,3555,139.368
201407,3555,128.64727272727274
201408,3555,94.42571428571429
201409,3555,77.8575
201410,3555,56.29409090909091
201411,3555,54.123000000000005
201412,3555,59.48916666666667
201401,3556,36.099999999999994
201402,3556,35.07470588235294
201403,3556,35.51857142857143
201404,3556,35.156190476190474
201405,3556,32.25
201406,3556,32.61
201407,3556,32.792272727272724
201408,3556,31.347619047619045
201401,3558,86.4011111111111
201402,3558,86.28941176470589
201403,3558,93.32047619047619
201404,3558,97.64857142857143
201405,3558,95.49095238095238
201406,3558,100.94149999999999
201407,3558,105.50090909090909
201408,3558,106.28047619047618
201409,3558,109.82857142857144
201410,3558,104.16045454545456
201411,3558,96.0245
201412,3558,99.60625
201401,3563,38.67388888888889
201402,3563,39.54823529411765
201403,3563,38.97047619047619
201404,3563,41.60333333333334
201405,3563,39.334761904761905
201406,3563,38.953500000000005
201407,3563,35.92045454545455
201408,3563,33.33714285714286
201409,3563,34.27142857142857
201410,3563,30.311363636363637
201412,3563,30.919583333333335
201401,3564,56.04555555555555
201402,3564,49.73
201403,3564,54.81714285714286
201404,3564,51.66571428571429
201405,3564,43.50666666666667
201406,3564,41.5695
201407,3564,37.12590909090909
201408,3564,31.607142857142858
201409,3564,32.917142857142856
201410,3564,31.040454545454544
201411,3564,35.106
201412,3564,38.39458333333334
201401,3570,72.22944444444445
201402,3570,68.53
201403,3570,62.81047619047619
201404,3570,61.231904761904765
201405,3570,62.231428571428566
201406,3570,61.4265
201407,3570,57.02454545454545
201408,3570,49.843333333333334
201409,3570,53.639523809523816
201410,3570,46.89545454545455
201411,3570,47.9105
201412,3570,55.16791666666666
201401,3573,32.11944444444444
201402,3573,32.01470588235294
201403,3573,33.423809523809524
201404,3573,34.00714285714285
201405,3573,32.92142857142857
201406,3573,31.46
201407,3573,31.19545454545454
201408,3573,30.83809523809524
201409,3573,30.928571428571427
201401,3576,69.11333333333333
201402,3576,62.046470588235294
201403,3576,64.04857142857142
201404,3576,61.651428571428575
201405,3576,62.1347619047619
201406,3576,63.51649999999999
201407,3576,59.66954545454546
201408,3576,47.42714285714286
201409,3576,52.41761904761905
201410,3576,51.36272727272728
201411,3576,47.040499999999994
201412,3576,48.38833333333333
201402,3579,30.308823529411764
201401,3583,40.80166666666667
201402,3583,38.62470588235294
201403,3583,42.240952380952386
201404,3583,42.60809523809524
201405,3583,39.87619047619047
201406,3583,40.0875
201407,3583,40.33227272727273
201408,3583,42.52142857142857
201409,3583,49.519047619047626
201410,3583,49.66954545454546
201411,3583,46.004000000000005
201412,3583,46.69375
201401,3587,44.566111111111105
201402,3587,44.91294117647059
201403,3587,51.022380952380956
201404,3587,50.728095238095236
201405,3587,49.73190476190476
201406,3587,49.794
201407,3587,47.125454545454545
201408,3587,43.33714285714286
201409,3587,43.49761904761905
201410,3587,42.915454545454544
201411,3587,41.406
201412,3587,42.1075
201406,3588,30.761000000000003
201402,3591,30.072352941176472
201403,3591,34.644285714285715
201404,3591,31.762857142857143
201406,3591,30.2435
201401,3592,59.18722222222223
201402,3592,57.36235294117647
201403,3592,56.12095238095238
201404,3592,55.91619047619048
201405,3592,55.87333333333333
201406,3592,55.763
201407,3592,50.197272727272725
201408,3592,43.29857142857143
201409,3592,41.23095238095238
201410,3592,39.22818181818182
201411,3592,39.018
201412,3592,38.61565217391304
201403,3593,35.69380952380953
201404,3593,31.715714285714284
201405,3593,30.008571428571425
201406,3593,33.5905
201407,3593,33.49545454545454
201408,3593,31.83
201409,3593,31.075714285714287
201403,3594,30.589523809523808
201404,3594,36.8
201405,3594,39.75809523809524
201406,3594,56.138
201407,3594,53.07545454545455
201408,3594,43.54714285714286
201409,3594,46.014761904761905
201410,3594,42.27318181818182
201411,3594,39.479
201412,3594,42.74458333333333
201401,3598,50.888333333333335
201402,3598,48.644705882352945
201403,3598,51.988571428571426
201404,3598,54.36285714285714
201405,3598,59.53952380952381
201406,3598,58.89
201407,3598,58.532272727272726
201408,3598,63.57714285714285
201409,3598,64.43190476190476
201410,3598,61.45181818181818
201411,3598,63.789
201412,3598,64.24708333333334
201408,3605,32.77714285714286
201409,3605,33.02952380952381
201412,3605,32.6675
201403,3607,30.083333333333332
201404,3607,30.37809523809524
201406,3607,30.515499999999996
201407,3607,31.33409090909091
201408,3607,32.495714285714286
201409,3607,32.23619047619048
201410,3607,32.529545454545456
201411,3607,33.010000000000005
201412,3607,34.82583333333333
201401,3611,99.68055555555556
201402,3611,110.52
201403,3611,130.1252380952381
201404,3611,122.11142857142858
201405,3611,112.58142857142857
201406,3611,128.184
201407,3611,135.94045454545454
201408,3611,134.20714285714286
201409,3611,121.48142857142858
201410,3611,107.55181818181818
201411,3611,110.04749999999999
201412,3611,115.99791666666665
201401,3615,34.14333333333334
201402,3615,31.401764705882357
201403,3615,31.462380952380954
201404,3615,31.42142857142857
201401,3617,40.85444444444445
201402,3617,41.571176470588235
201403,3617,44.733333333333334
201404,3617,43.455714285714286
201405,3617,41.75190476190476
201406,3617,40.946
201407,3617,39.45545454545454
201408,3617,37.53047619047619
201409,3617,37.93666666666667
201410,3617,36.891363636363636
201411,3617,37.076499999999996
201412,3617,38.447916666666664
201401,3623,38.89611111111111
201402,3623,41.65529411764706
201403,3623,53.733333333333334
201404,3623,59.24476190476191
201405,3623,63.913809523809526
201406,3623,70.862
201407,3623,73.92272727272727
201408,3623,72.23666666666666
201409,3623,69.11190476190475
201410,3623,57.91181818181818
201411,3623,57.62050000000001
201412,3623,56.632083333333334
201404,3628,32.238571428571426
201405,3628,31.651904761904763
201406,3628,31.8345
201407,3628,31.11818181818182
201408,3628,30.45952380952381
201401,3629,48.80111111111111
201402,3629,48.99764705882353
201403,3629,53.462857142857146
201404,3629,48.26904761904762
201405,3629,46.10142857142857
201406,3629,46.967
201407,3629,46.037727272727274
201408,3629,33.256190476190476
201401,3630,62.27777777777778
201402,3630,62.45941176470588
201403,3630,63.110476190476184
201404,3630,68.5657142857143
201405,3630,59.23761904761905
201406,3630,55.919500000000006
201407,3630,47.000454545454545
201408,3630,39.47714285714286
201409,3630,42.10666666666667
201410,3630,37.732727272727274
201411,3630,33.4
201412,3630,34.96458333333333
201401,3631,34.67111111111112
201402,3631,30.585294117647063
201403,3631,30.77904761904762
201410,3631,30.474090909090908
201411,3631,36.8865
201412,3631,43.812916666666666
201401,3632,41.97333333333333
201402,3632,39.32705882352941
201403,3632,39.5052380952381
201404,3632,37.058571428571426
201405,3632,35.434761904761906
201406,3632,34.311
201407,3632,34.08136363636363
201412,3632,32.520833333333336
201401,3638,65.97777777777777
201402,3638,67.91176470588235
201403,3638,70.84761904761905
201404,3638,71.47142857142858
201405,3638,89.96666666666667
201406,3638,89.67
201407,3638,89.81363636363636
201408,3638,89.96190476190476
201409,3638,90.38333333333334
201412,3642,32.6475
201407,3645,31.784545454545455
201409,3645,30.797619047619047
201410,3645,30.326363636363634
201411,3645,30.8305
201412,3645,31.53
201401,3653,55.867777777777775
201402,3653,54.47764705882353
201403,3653,62.89904761904762
201404,3653,76.8547619047619
201405,3653,72.05095238095238
201406,3653,80.696
201407,3653,65.47409090909092
201408,3653,59.87476190476191
201409,3653,55.46523809523809
201410,3653,48.01136363636363
201411,3653,45.131
201412,3653,50.193333333333335
201401,3661,60.50444444444444
201402,3661,71.58176470588236
201403,3661,86.30047619047619
201404,3661,83.82571428571428
201405,3661,84.4647619047619
201406,3661,110.78399999999999
201407,3661,120.3
201408,3661,105.17809523809525
201409,3661,104.37380952380951
201410,3661,96.51045454545455
201411,3661,91.9725
201412,3661,101.77083333333333
201401,3664,33.06166666666667
201402,3664,34.30823529411765
201403,3664,54.43952380952381
201404,3664,54.42380952380953
201405,3664,47.32285714285714
201406,3664,57.0355
201407,3664,53.79363636363637
201408,3664,47.2347619047619
201409,3664,47.72238095238095
201410,3664,34.77318181818182
201411,3664,31.148000000000003
201412,3664,32.915416666666665
201401,3665,70.97555555555556
201402,3665,90.36529411764707
201403,3665,101.5147619047619
201404,3665,92.74142857142857
201405,3665,90.7852380952381
201406,3665,85.53150000000001
201407,3665,84.8059090909091
201408,3665,83.75666666666667
201409,3665,90.71142857142857
201410,3665,74.42818181818183
201411,3665,69.25399999999999
201412,3665,71.8125
201403,3666,33.00714285714285
201404,3666,34.54047619047619
201405,3666,37.95333333333333
201406,3666,46.088499999999996
201407,3666,42.00954545454545
201408,3666,38.93
201409,3666,41.497142857142855
201410,3666,37.20590909090909
201411,3666,35.71
201412,3666,37.902499999999996
201403,3672,32.8352380952381
201404,3672,34.7347619047619
201405,3672,39.275238095238095
201406,3672,45.445
201407,3672,44.22863636363636
201408,3672,39.45666666666667
201409,3672,36.903684210526315
201410,3672,32.83409090909091
201412,3672,30.275714285714283
201401,3673,159.56166666666667
201402,3673,158.00117647058823
201403,3673,151.1238095238095
201404,3673,182.22095238095238
201405,3673,196.69904761904763
201406,3673,237.2775
201407,3673,217.9459090909091
201408,3673,164.9847619047619
201409,3673,164.69238095238094
201410,3673,151.48909090909092
201411,3673,162.64249999999998
201412,3673,180.30208333333334
201401,3680,44.605555555555554
201402,3680,43.57058823529412
201403,3680,47.92714285714286
201404,3680,47.25047619047619
201405,3680,41.946666666666665
201406,3680,40.868
201407,3680,39.42818181818182
201408,3680,34.525238095238095
201409,3680,37.06619047619048
201410,3680,35.94227272727273
201411,3680,34.158
201412,3680,38.66916666666666
201401,3687,88.06222222222223
201402,3687,82.83176470588235
201403,3687,80.84714285714286
201404,3687,85.06904761904762
201405,3687,80.66952380952381
201406,3687,84.791
201407,3687,78.41272727272727
201408,3687,64.95380952380953
201409,3687,65.87380952380951
201410,3687,59.27363636363636
201411,3687,59.161
201412,3687,65.24791666666667
201401,3689,53.98555555555556
201402,3689,59.93529411764706
201403,3689,65.58285714285714
201404,3689,65.33142857142857
201405,3689,59.58095238095238
201406,3689,61.448
201407,3689,63.99181818181818
201408,3689,62.44571428571428
201409,3689,61.221428571428575
201410,3689,52.60681818181818
201411,3689,48.617000000000004
201412,3689,50.151666666666664
201401,3691,333.065
201402,3691,392.46
201403,3691,468.20238095238096
201404,3691,451.3071428571429
201405,3691,468.2947619047619
201406,3691,451.46849999999995
201407,3691,399.7418181818182
201408,3691,380.9995238095238
201409,3691,433.8328571428571
201410,3691,411.3472727272727
201411,3691,395.32550000000003
201412,3691,367.03749999999997
201401,3693,142.47777777777776
201402,3693,139.65588235294118
201403,3693,148.3047619047619
201404,3693,150.01619047619047
201405,3693,131.47333333333333
201406,3693,142.55
201407,3693,133.16136363636363
201408,3693,136.46095238095236
201409,3693,130.14238095238093
201410,3693,116.10954545454545
201411,3693,100.5955
201412,3693,92.5025
201401,3697,332.95
201401,3705,31.403888888888886
201402,3705,31.24764705882353
201403,3705,30.757619047619045
201404,3705,30.335714285714282
201405,3705,35.70952380952381
201406,3705,37.55
201407,3705,35.01454545454545
201408,3705,32.492380952380955
201409,3705,33.31904761904762
201410,3705,32.78590909090909
201411,3705,31.311500000000002
201412,3705,31.677916666666665
201401,4105,50.385
201402,4105,53.52529411764706
201403,4105,54.75380952380952
201404,4105,53.75238095238095
201405,4105,53.68
201406,4105,51.327
201407,4105,49.45590909090909
201408,4105,41.55571428571428
201409,4105,41.526666666666664
201410,4105,36.02
201411,4105,35.232
201412,4105,39.615
201406,4106,32.569
201407,4106,42.60545454545454
201408,4106,38.95238095238095
201409,4106,41.26571428571429
201410,4106,42.42909090909091
201411,4106,39.3755
201412,4106,48.57416666666666
201401,4107,53.37222222222223
201402,4107,56.847647058823526
201403,4107,60.26523809523809
201404,4107,58.603809523809524
201405,4107,60.50238095238095
201406,4107,65.316
201407,4107,63.254090909090905
201408,4107,59.74095238095238
201409,4107,60.506666666666675
201410,4107,58.99090909090909
201411,4107,60.126999999999995
201412,4107,60.107499999999995
201401,4108,36.44388888888889
201402,4108,38.94529411764706
201403,4108,38.23142857142857
201404,4108,38.68238095238095
201405,4108,37.0
201406,4108,38.7065
201407,4108,38.95318181818182
201408,4108,35.336666666666666
201409,4108,35.49761904761905
201410,4108,32.973181818181814
201411,4108,32.265
201412,4108,32.56583333333334
201401,4119,30.06888888888889
201402,4119,31.49588235294118
201403,4119,32.91095238095238
201404,4119,32.93523809523809
201405,4119,34.3247619047619
201406,4119,36.1945
201407,4119,35.6390909090909
201408,4119,34.977619047619044
201409,4119,34.8352380952381
201410,4119,32.795
201411,4119,31.809499999999996
201412,4119,32.87625
201401,4120,60.379999999999995
201402,4120,61.30823529411765
201403,4120,62.324285714285715
201404,4120,57.58095238095238
201405,4120,58.26238095238095
201406,4120,62.427
201407,4120,68.705
201408,4120,58.86142857142857
201409,4120,58.85666666666667
201410,4120,55.072272727272725
201411,4120,50.659
201412,4120,52.44166666666666
201406,4123,33.5145
201407,4123,40.88772727272727
201408,4123,36.49857142857143
201409,4123,37.079047619047614
201410,4123,34.53636363636363
201411,4123,34.184000000000005
201412,4123,40.04541666666667
201401,4126,50.30111111111111
201402,4126,48.53
201403,4126,45.945238095238096
201404,4126,42.670952380952386
201405,4126,41.70238095238095
201406,4126,42.165499999999994
201407,4126,42.81727272727273
201408,4126,38.63619047619048
201409,4126,37.740952380952386
201410,4126,35.927727272727275
201411,4126,35.7495
201412,4126,38.44708333333333
201401,4129,31.221111111111114
201402,4129,33.198235294117644
201403,4129,36.09571428571429
201404,4129,37.71333333333333
201405,4129,36.78666666666667
201406,4129,36.681
201407,4129,39.79318181818182
201408,4129,36.84761904761905
201409,4129,35.86
201410,4129,33.22272727272727
201411,4129,31.097500000000004
201412,4129,31.97083333333333
201402,4130,30.26294117647059
201406,4130,33.0775
201407,4130,52.67227272727273
201408,4130,50.96666666666666
201409,4130,51.030952380952385
201410,4130,50.209999999999994
201411,4130,46.9495
201412,4130,53.44875
201410,4131,31.79714285714286
201411,4131,31.182222222222222
201412,4131,31.05875
201401,4133,33.25833333333333
201402,4133,34.345882352941175
201403,4133,33.906666666666666
201404,4133,32.70666666666667
201405,4133,31.185238095238095
201406,4133,32.0915
201407,4133,32.95590909090909
201408,4133,30.0752380952381
201401,4137,168.87
201402,4137,153.07529411764708
201403,4137,164.78
201404,4137,158.34428571428572
201405,4137,138.3247619047619
201406,4137,144.25
201407,4137,140.84045454545455
201408,4137,118.03190476190477
201409,4137,114.43714285714285
201410,4137,101.78954545454545
201411,4137,89.509
201412,4137,91.89375000000001
201401,4138,31.14111111111111
201402,4138,30.332941176470587
201403,4138,30.306190476190473
201404,4138,30.143333333333334
201406,4138,35.177
201407,4138,46.16227272727272
201408,4138,37.403333333333336
201409,4138,35.97952380952381
201410,4138,31.533636363636365
201412,4138,32.25791666666667
201401,4139,51.15777777777778
201402,4139,57.510588235294115
201403,4139,60.915238095238095
201404,4139,58.92952380952381
201405,4139,57.92476190476191
201406,4139,57.211
201407,4139,57.54590909090909
201408,4139,56.8
201409,4139,56.61238095238096
201410,4139,54.54863636363636
201411,4139,53.3155
201412,4139,52.803999999999995
201401,4141,54.35277777777778
201402,4141,50.74176470588235
201403,4141,54.70333333333333
201404,4141,52.90761904761904
201405,4141,50.523809523809526
201406,4141,53.774
201407,4141,56.99045454545455
201408,4141,58.63095238095238
201409,4141,55.50857142857143
201410,4141,48.63818181818181
201411,4141,47.6405
201412,4141,49.287083333333335
201401,4142,42.20444444444445
201402,4142,41.93176470588236
201403,4142,39.40571428571428
201404,4142,37.08428571428571
201405,4142,36.27952380952381
201406,4142,36.846
201407,4142,37.41818181818182
201408,4142,33.406190476190474
201401,4144,66.62
201402,4144,68.43235294117646
201403,4144,69.05857142857143
201404,4144,63.0947619047619
201405,4144,60.60142857142858
201406,4144,61.871500000000005
201407,4144,61.095454545454544
201408,4144,59.42047619047619
201409,4144,59.92666666666667
201410,4144,57.7
201411,4144,58.102
201412,4144,60.60125
201401,4147,70.83611111111111
201402,4147,78.03
201403,4147,84.52619047619048
201404,4147,97.85142857142857
201405,4147,157.86952380952383
201406,4147,179.158
201407,4147,161.14454545454547
201408,4147,132.33857142857144
201409,4147,143.37809523809523
201410,4147,146.44454545454548
201411,4147,135.316
201412,4147,139.96565217391304
201401,4152,307.51722222222224
201402,4152,310.0411764705882
201403,4152,282.7
201404,4152,260.8014285714286
201405,4152,290.25190476190477
201406,4152,315.8895
201407,4152,274.8959090909091
201408,4152,217.9704761904762
201409,4152,223.18761904761908
201410,4152,205.7659090909091
201411,4152,185.70850000000002
201412,4152,248.51874999999998
201402,4153,35.41117647058824
201403,4153,35.90047619047619
201404,4153,43.10476190476191
201405,4153,46.519999999999996
201406,4153,46.384
201407,4153,63.45636363636363
201408,4153,56.40380952380953
201409,4153,60.95
201410,4153,57.02227272727273
201411,4153,55.048
201412,4153,62.568333333333335
201401,4154,36.02777777777778
201402,4154,36.67823529411765
201403,4154,39.932857142857145
201404,4154,38.180952380952384
201405,4154,37.26761904761905
201406,4154,39.061
201407,4154,40.69590909090909
201408,4154,38.1385
201409,4154,36.260000000000005
201410,4154,32.3855
201411,4154,31.262352941176474
201412,4154,33.02916666666667
201401,4155,38.538333333333334
201402,4155,36.82176470588235
201403,4155,35.896190476190476
201404,4155,34.03047619047619
201405,4155,30.33857142857143
201406,4155,32.863
201407,4155,32.406363636363636
201401,4157,57.98833333333333
201402,4157,55.67941176470588
201403,4157,59.61571428571429
201404,4157,52.84428571428572
201405,4157,52.516666666666666
201406,4157,51.629
201407,4157,48.865
201408,4157,40.15714285714286
201409,4157,42.85619047619048
201410,4157,38.24181818181818
201411,4157,34.513
201412,4157,38.14791666666667
201407,4160,35.41227272727273
201401,4161,47.635
201402,4161,65.01470588235294
201403,4161,68.03333333333333
201404,4161,62.18380952380953
201405,4161,64.72952380952381
201406,4161,75.6995
201407,4161,94.60909090909091
201408,4161,83.65571428571428
201409,4161,94.22428571428571
201410,4161,87.34545454545454
201411,4161,80.44300000000001
201412,4161,86.09291666666667
201401,4162,130.85277777777776
201402,4162,145.42882352941177
201403,4162,148.18523809523808
201404,4162,144.30619047619047
201405,4162,183.01904761904763
201406,4162,189.1165
201407,4162,163.515
201408,4162,131.66142857142856
201409,4162,141.95142857142858
201410,4162,146.88272727272727
201411,4162,140.3955
201412,4162,163.05041666666668
201401,4163,68.61388888888888
201402,4163,76.74705882352941
201403,4163,91.67333333333333
201404,4163,100.62095238095237
201405,4163,102.68047619047618
201406,4163,111.002
201407,4163,101.87636363636365
201408,4163,99.26238095238094
201409,4163,98.71428571428571
201410,4163,90.12590909090909
201411,4163,89.11
201412,4163,99.49874999999999
201401,4164,48.517222222222216
201402,4164,48.669411764705885
201403,4164,51.811904761904756
201404,4164,50.80809523809524
201405,4164,49.07809523809523
201406,4164,52.024
201407,4164,51.781363636363636
201408,4164,46.28095238095238
201409,4164,46.81142857142857
201410,4164,45.13045454545455
201411,4164,43.307
201412,4164,45.4125
201406,4167,38.064499999999995
201407,4167,43.16136363636363
201408,4167,35.184285714285714
201409,4167,34.974761904761905
201410,4167,32.25590909090909
201411,4167,33.509
201412,4167,30.982608695652175
201401,4168,94.30722222222222
201402,4168,96.51176470588236
201403,4168,96.74761904761905
201404,4168,87.12190476190476
201405,4168,90.91619047619048
201406,4168,94.9695
201407,4168,93.03
201408,4168,80.50714285714287
201409,4168,79.33
201410,4168,70.97
201411,4168,61.766999999999996
201412,4168,70.62958333333334
201409,4171,30.83238095238095
201410,4171,37.50863636363636
201411,4171,31.289499999999997
201412,4171,33.160833333333336
201401,4173,31.324444444444445
201402,4173,30.92705882352941
201403,4173,31.15952380952381
201401,4174,202.17166666666668
201402,4174,218.1658823529412
201403,4174,215.4114285714286
201404,4174,204.47190476190477
201405,4174,277.70285714285717
201406,4174,312.4135
201407,4174,316.2631818181818
201408,4174,309.4890476190476
201409,4174,353.1747619047619
201410,4174,405.4695454545454
201411,4174,377.6685
201412,4174,360.37130434782614
201401,4175,59.13777777777778
201402,4175,56.94941176470588
201403,4175,57.43904761904762
201404,4175,58.16761904761905
201405,4175,48.712380952380954
201406,4175,48.992000000000004
201407,4175,47.23409090909092
201408,4175,41.23095238095238
201409,4175,41.010000000000005
201410,4175,39.33272727272727
201411,4175,39.5715
201412,4175,42.94916666666666
201401,4188,53.126666666666665
201402,4188,55.1475
201403,4188,52.00047619047619
201404,4188,53.28666666666667
201405,4188,56.58095238095238
201406,4188,56.362
201407,4188,52.54363636363637
201408,4188,46.353809523809524
201409,4188,44.8947619047619
201410,4188,44.99136363636364
201411,4188,40.9605
201412,4188,37.090434782608696
201401,4192,291.4266666666667
201402,4192,318.0064705882353
201403,4192,325.8057142857143
201404,4192,332.5466666666667
201405,4192,392.64428571428573
201406,4192,411.0535
201407,4192,369.73545454545456
201408,4192,331.25619047619045
201409,4192,340.4147619047619
201410,4192,346.2409090909091
201411,4192,234.1415
201412,4192,237.53
201401,4198,1045.4083333333333
201402,4198,1054.698125
201403,4198,1076.1985714285713
201404,4198,1090.9052380952382
201405,4198,1046.9299999999998
201406,4198,1192.8
201407,4198,1145.4986363636365
201408,4198,1072.4685714285715
201409,4198,1020.4995238095237
201410,4198,1008.6059090909092
201411,4198,1023.633
201412,4198,936.2291666666666
201401,4401,63.028888888888886
201402,4401,67.9964705882353
201403,4401,67.96333333333334
201404,4401,57.27285714285714
201405,4401,56.479523809523805
201406,4401,64.16900000000001
201407,4401,59.440000000000005
201408,4401,58.20809523809525
201409,4401,59.03809523809524
201410,4401,60.57590909090909
201411,4401,55.4765
201412,4401,52.0925
201404,4413,30.587857142857143
201406,4413,32.37222222222223
201407,4413,32.03111111111111
201409,4413,31.615000000000002
201401,4414,50.93833333333333
201402,4414,54.67941176470588
201403,4414,64.87380952380951
201404,4414,69.19333333333333
201405,4414,72.82047619047619
201406,4414,80.529
201407,4414,72.68727272727273
201408,4414,66.96666666666667
201409,4414,64.86571428571429
201410,4414,56.11363636363637
201411,4414,52.741
201412,4414,59.298750000000005
201401,4416,83.42888888888889
201402,4416,83.210625
201403,4416,86.59333333333333
201404,4416,82.763
201405,4416,79.53666666666668
201406,4416,78.4270588235294
201407,4416,76.6864705882353
201408,4416,77.48142857142857
201409,4416,74.25928571428571
201410,4416,67.12352941176471
201411,4416,67.25444444444445
201412,4416,66.774375
201403,4429,30.056190476190473
201404,4429,31.037142857142857
201405,4429,31.496190476190474
201406,4429,30.642000000000003
201401,4432,50.114444444444445
201402,4432,51.03588235294118
201403,4432,51.38857142857143
201404,4432,60.33095238095238
201405,4432,79.11428571428571
201406,4432,72.583
201407,4432,68.80136363636365
201408,4432,64.6704761904762
201409,4432,62.88428571428571
201410,4432,57.31454545454546
201411,4432,53.646
201412,4432,55.53458333333333
201401,4433,41.643125
201402,4433,44.91470588235294
201403,4433,43.60666666666667
201404,4433,43.1305
201405,4433,42.36761904761905
201406,4433,40.8685
201407,4433,37.717727272727274
201408,4433,32.510000000000005
201409,4433,34.731
201410,4433,33.31090909090909
201407,4535,30.362727272727273
201401,4536,92.12388888888889
201402,4536,93.04058823529412
201403,4536,98.65285714285714
201404,4536,99.75619047619048
201405,4536,93.83666666666666
201406,4536,94.8795
201407,4536,99.06454545454545
201408,4536,94.40190476190476
201409,4536,90.71571428571428
201410,4536,73.88045454545454
201411,4536,69.3305
201412,4536,71.56
201411,4540,33.037142857142854
201412,4540,33.579130434782606
201401,4541,35.72388888888889
201402,4541,36.54764705882353
201403,4541,37.464285714285715
201404,4541,40.66428571428572
201405,4541,39.09285714285714
201406,4541,42.777499999999996
201407,4541,52.651363636363634
201408,4541,48.87142857142857
201409,4541,45.29666666666667
201410,4541,35.30045454545455
201411,4541,31.988999999999997
201412,4541,36.083333333333336
201401,4542,33.54
201402,4542,39.184375
201403,4542,45.314375
201404,4542,49.836
201405,4542,46.0655
201406,4542,48.66388888888889
201407,4542,47.33045454545454
201408,4542,41.605714285714285
201409,4542,37.07380952380952
201410,4542,32.43636363636364
201411,4542,31.9895
201412,4542,33.27041666666667
201410,4543,34.769999999999996
201412,4543,30.413
201401,4545,67.00888888888889
201402,4545,72.76235294117647
201403,4545,90.14
201404,4545,91.26904761904763
201405,4545,81.7852380952381
201406,4545,79.11749999999999
201407,4545,95.34181818181818
201408,4545,82.78428571428572
201409,4545,69.24761904761905
201410,4545,64.02863636363635
201411,4545,65.6185
201412,4545,72.09363636363636
201401,4549,48.107777777777784
201402,4549,50.22529411764706
201403,4549,53.895500000000006
201404,4549,59.895714285714284
201405,4549,57.35809523809524
201406,4549,61.2615
201407,4549,61.71727272727273
201408,4549,57.174
201409,4549,59.789047619047615
201410,4549,53.11954545454546
201411,4549,50.1935
201412,4549,58.905
201401,4551,64.14363636363636
201402,4551,59.95176470588235
201403,4551,56.328571428571436
201404,4551,59.60578947368421
201405,4551,59.614
201406,4551,60.096666666666664
201407,4551,58.061818181818175
201408,4551,56.59823529411765
201409,4551,56.02461538461539
201410,4551,54.30058823529412
201411,4551,53.87266666666667
201412,4551,52.460434782608694
201409,4554,78.84625
201410,4554,79.25136363636364
201411,4554,74.17894736842106
201412,4554,72.31590909090909
201409,4555,86.35375
201410,4555,77.92190476190476
201411,4555,75.6765
201412,4555,84.70826086956522
201410,4556,31.883333333333333
201411,4556,31.635
201412,4556,31.93
201401,4702,59.037222222222226
201402,4702,58.76117647058824
201403,4702,71.96333333333334
201404,4702,81.31714285714285
201405,4702,72.27190476190476
201406,4702,71.43100000000001
201407,4702,73.93545454545455
201408,4702,67.60904761904762
201409,4702,61.208571428571425
201410,4702,54.86818181818182
201411,4702,51.989
201412,4702,54.562083333333334
201401,4712,52.265
201402,4712,51.01647058823529
201403,4712,48.45857142857143
201404,4712,45.08380952380952
201405,4712,44.843333333333334
201406,4712,42.4565
201407,4712,42.60636363636364
201408,4712,43.11380952380952
201409,4712,37.97714285714286
201410,4712,34.36954545454545
201401,4725,62.438333333333325
201402,4725,61.32999999999999
201403,4725,68.28142857142858
201404,4725,67.62761904761905
201405,4725,66.3752380952381
201406,4725,65.8575
201407,4725,63.584999999999994
201408,4725,60.89523809523809
201409,4725,58.16238095238096
201410,4725,46.68272727272727
201411,4725,45.6125
201412,4725,48.55583333333333
201401,4726,62.40555555555555
201402,4726,63.57647058823529
201403,4726,65.19047619047619
201404,4726,58.69523809523809
201405,4726,64.58095238095238
201406,4726,65.485
201407,4726,72.61818181818181
201408,4726,57.49047619047619
201409,4726,54.86666666666667
201410,4726,48.20681818181818
201411,4726,43.495
201412,4726,49.31458333333333
201401,4733,71.81277777777778
201402,4733,68.78882352941177
201403,4733,80.76285714285714
201404,4733,98.25238095238096
201405,4733,95.10142857142857
201406,4733,97.6295
201407,4733,100.73136363636364
201408,4733,100.79
201409,4733,110.14714285714287
201410,4733,117.31
201411,4733,123.2105
201412,4733,136.72458333333333
201401,4736,36.132777777777775
201402,4736,39.002941176470586
201403,4736,43.553333333333335
201404,4736,43.04238095238095
201405,4736,53.417142857142856
201406,4736,59.03099999999999
201407,4736,51.750454545454545
201408,4736,49.72714285714286
201409,4736,49.15095238095238
201410,4736,48.58818181818182
201411,4736,47.0685
201412,4736,53.248333333333335
201401,4737,41.22555555555556
201402,4737,51.81
201403,4737,53.2252380952381
201404,4737,47.18714285714286
201405,4737,46.04047619047619
201406,4737,44.726
201407,4737,40.53363636363636
201408,4737,34.901428571428575
201409,4737,35.6647619047619
201410,4737,34.24318181818182
201411,4737,31.286
201412,4737,30.16916666666667
201401,4741,39.85
201402,4741,47.97176470588235
201403,4741,57.553
201404,4741,56.63
201405,4741,75.97
201406,4741,113.7135
201407,4741,126.34136363636362
201408,4741,116.56523809523809
201409,4741,95.33047619047619
201410,4741,76.60136363636364
201411,4741,67.952
201412,4741,63.27173913043478
201403,4743,31.70952380952381
201404,4743,33.68952380952381
201405,4743,42.829047619047614
201406,4743,50.728
201407,4743,50.598636363636366
201408,4743,43.514761904761905
201409,4743,49.408095238095235
201410,4743,42.13909090909091
201411,4743,37.402
201412,4743,42.3825
201401,4745,41.092777777777776
201402,4745,50.871764705882356
201403,4745,58.474761904761905
201404,4745,53.44666666666667
201405,4745,53.92714285714286
201406,4745,64.088
201407,4745,62.51363636363636
201408,4745,57.723333333333336
201409,4745,56.33380952380952
201410,4745,49.94590909090909
201411,4745,46.043
201412,4745,47.600833333333334
201401,4746,54.86555555555556
201402,4746,57.20882352941176
201403,4746,57.76190476190476
201404,4746,62.215714285714284
201405,4746,60.15095238095238
201406,4746,62.0355
201407,4746,57.060909090909085
201408,4746,50.16238095238096
201409,4746,49.277142857142856
201410,4746,46.52227272727273
201411,4746,47.689499999999995
201412,4746,51.14458333333334
201401,4747,41.31666666666667
201402,4747,39.847647058823526
201403,4747,39.895714285714284
201404,4747,39.26047619047619
201405,4747,38.34809523809524
201406,4747,40.324
201407,4747,41.44136363636364
201408,4747,39.03285714285715
201409,4747,37.50095238095238
201410,4747,36.04090909090909
201411,4747,34.6085
201412,4747,35.65333333333333
201412,4804,76.03
201412,4806,81.61882352941177
201401,4904,36.812222222222225
201402,4904,35.38058823529412
201403,4904,36.67285714285714
201404,4904,38.41238095238095
201405,4904,39.19761904761905
201406,4904,40.3155
201407,4904,39.750454545454545
201408,4904,39.875238095238096
201409,4904,36.925714285714285
201410,4904,38.61181818181819
201411,4904,41.789
201412,4904,43.333333333333336
201407,4905,30.33
201401,4909,31.19166666666667
201402,4909,33.315294117647056
201403,4909,32.08761904761905
201404,4909,30.951428571428572
201401,4911,66.90166666666667
201402,4911,104.9929411764706
201403,4911,144.76380952380953
201404,4911,132.7004761904762
201405,4911,139.5442857142857
201406,4911,132.2175
201407,4911,136.21545454545455
201408,4911,113.5947619047619
201409,4911,111.79666666666667
201410,4911,95.65181818181819
201411,4911,83.09450000000001
201412,4911,86.68291666666666
201408,4912,31.005714285714287
201409,4912,35.74904761904762
201410,4912,33.501363636363635
201411,4912,33.816500000000005
201412,4912,33.52291666666667
201401,4916,35.64944444444445
201402,4916,37.39352941176471
201403,4916,37.80380952380953
201404,4916,32.27142857142857
201405,4916,31.535238095238096
201406,4916,31.9615
201407,4916,33.81181818181818
201401,4924,36.769444444444446
201402,4924,40.01470588235294
201403,4924,38.214285714285715
201404,4924,33.56904761904762
201405,4924,33.166666666666664
201406,4924,32.152499999999996
201407,4924,36.77045454545455
201408,4924,38.266666666666666
201409,4924,39.11666666666667
201410,4924,41.63636363636363
201411,4924,42.4875
201412,4924,48.42083333333333
201409,4927,30.94285714285714
201401,4933,37.791666666666664
201402,4933,36.35235294117647
201403,4933,37.55095238095238
201404,4933,39.33809523809524
201405,4933,36.83238095238095
201406,4933,34.946
201407,4933,33.347272727272724
201408,4933,30.334285714285713
201401,4934,46.59111111111111
201402,4934,41.98
201403,4934,42.6752380952381
201404,4934,39.67761904761905
201405,4934,39.686190476190475
201406,4934,43.712
201407,4934,40.07181818181818
201408,4934,32.918571428571425
201409,4934,33.7952380952381
201410,4934,31.258636363636366
201408,4938,30.58809523809524
201409,4938,30.865238095238094
201411,4938,34.036500000000004
201412,4938,37.98458333333333
201405,4943,33.68545454545455
201406,4943,38.40916666666667
201407,4943,45.906666666666666
201408,4943,51.78125
201409,4943,49.45705882352941
201410,4943,54.013333333333335
201411,4943,49.060909090909085
201412,4943,49.65882352941177
201401,4944,174.92666666666665
201402,4944,221.04999999999998
201403,4944,233.1404761904762
201404,4944,215.7152380952381
201405,4944,190.61380952380952
201406,4944,215.969
201407,4944,209.3909090909091
201408,4944,185.50761904761904
201409,4944,180.01190476190476
201410,4944,153.0
201411,4944,145.599
201412,4944,157.95708333333332
201401,4946,394.0238888888889
201402,4946,618.6247058823528
201403,4946,597.2952380952381
201404,4946,602.9604761904762
201405,4946,555.4647619047619
201406,4946,636.589
201407,4946,548.289090909091
201408,4946,505.6347619047619
201409,4946,466.7485714285714
201410,4946,348.01863636363635
201411,4946,329.34000000000003
201412,4946,433.80958333333336
201401,4958,45.690555555555555
201402,4958,44.279411764705884
201403,4958,44.269999999999996
201404,4958,51.48190476190476
201405,4958,53.66095238095239
201406,4958,57.263999999999996
201407,4958,57.76363636363636
201408,4958,55.851904761904756
201409,4958,55.61571428571429
201410,4958,51.03863636363636
201411,4958,51.321000000000005
201412,4958,52.30458333333333
201401,4960,32.142222222222216
201402,4960,30.14235294117647
201401,4961,33.76833333333334
201402,4961,40.37117647058823
201403,4961,45.31476190476191
201404,4961,56.24047619047619
201405,4961,62.588095238095235
201406,4961,56.25750000000001
201407,4961,52.97545454545455
201408,4961,51.95333333333333
201409,4961,52.63238095238095
201410,4961,46.64863636363636
201411,4961,45.0835
201412,4961,48.256956521739134
201401,4966,185.44166666666666
201402,4966,171.07470588235293
201403,4966,204.90619047619046
201404,4966,203.53523809523807
201405,4966,221.1590476190476
201406,4966,308.0895
201407,4966,299.3972727272727
201408,4966,270.5623809523809
201409,4966,272.7547619047619
201410,4966,251.35363636363635
201411,4966,231.49450000000002
201412,4966,243.41750000000002
201401,4971,51.16555555555556
201402,4971,52.027058823529416
201403,4971,50.31714285714286
201404,4971,46.364761904761906
201405,4971,46.02714285714286
201406,4971,49.964
201407,4971,56.48727272727273
201408,4971,54.83761904761904
201409,4971,54.39142857142857
201410,4971,50.181363636363635
201411,4971,47.2175
201412,4971,52.05791666666667
201401,4977,41.99444444444444
201402,4977,39.658235294117645
201403,4977,42.32047619047619
201404,4977,41.07857142857143
201405,4977,37.973333333333336
201406,4977,38.8975
201407,4977,41.375454545454545
201408,4977,35.96666666666666
201409,4977,37.448571428571434
201410,4977,35.71363636363637
201411,4977,31.291000000000004
201412,4977,35.5725
201401,4979,30.243333333333332
201403,4979,34.107142857142854
201404,4979,38.40857142857143
201405,4979,33.537142857142854
201406,4979,34.6415
201407,4979,40.90909090909091
201408,4979,40.111428571428576
201409,4979,40.89952380952381
201410,4979,39.00363636363637
201411,4979,37.5575
201412,4979,43.267500000000005
201401,4984,34.31722222222223
201402,4984,32.67
201403,4984,36.31761904761905
201404,4984,35.504285714285714
201405,4984,30.554761904761904
201406,4984,32.436
201407,4984,30.290454545454544
201412,4984,34.15541666666667
201401,4987,34.01611111111111
201402,4987,35.75764705882353
201403,4987,43.87285714285714
201404,4987,43.78238095238095
201405,4987,42.17190476190476
201406,4987,42.456
201407,4987,43.53727272727273
201408,4987,41.67666666666667
201409,4987,37.98761904761905
201410,4987,35.65909090909091
201411,4987,34.861000000000004
201412,4987,35.157916666666665
201405,4991,31.956666666666667
201406,4991,31.9985
201407,4991,32.61727272727273
201408,4991,30.964499999999997
201409,4991,31.463809523809523
201410,4991,30.939999999999998
201411,4991,30.515500000000003
201412,4991,33.025416666666665
201401,4994,126.41833333333332
201402,4994,121.09117647058825
201403,4994,148.32190476190476
201404,4994,163.21619047619046
201405,4994,164.57761904761907
201406,4994,200.584
201407,4994,212.54454545454544
201408,4994,212.66
201409,4994,191.38285714285715
201410,4994,168.85045454545454
201411,4994,159.632
201412,4994,180.16333333333333
201401,4999,34.09166666666667
201402,4999,31.527647058823533
201403,4999,30.43904761904762
201404,4999,31.10571428571429
201405,4999,30.46761904761905
201406,4999,31.982999999999997
201407,4999,33.535
201408,4999,35.834761904761905
201409,4999,34.483333333333334
201410,4999,30.49
201412,4999,31.6975
201401,5007,31.495555555555555
201402,5007,35.40705882352941
201403,5007,40.18523809523809
201404,5007,40.403333333333336
201405,5007,39.849047619047624
201406,5007,39.0655
201407,5007,38.54
201408,5007,43.022380952380956
201409,5007,44.86619047619048
201410,5007,43.31318181818182
201411,5007,38.499
201412,5007,39.524166666666666
201401,5203,55.02722222222222
201402,5203,55.2864705882353
201403,5203,57.906190476190474
201404,5203,58.35952380952381
201405,5203,59.26095238095238
201406,5203,61.38099999999999
201407,5203,61.11863636363636
201408,5203,62.83380952380952
201409,5203,61.44571428571428
201410,5203,59.071363636363635
201411,5203,58.621
201412,5203,59.67458333333334
201401,5225,46.44611111111111
201402,5225,48.17823529411765
201403,5225,47.0247619047619
201404,5225,44.47666666666667
201405,5225,41.2447619047619
201406,5225,38.535000000000004
201407,5225,31.71409090909091
201410,5225,32.050909090909094
201411,5225,32.160000000000004
201412,5225,32.45
201401,5230,54.995
201402,5230,51.49941176470588
201403,5230,55.642380952380954
201404,5230,54.18904761904762
201405,5230,47.37428571428571
201406,5230,45.7435
201407,5230,38.125454545454545
201408,5230,33.65047619047619
201409,5230,34.29714285714286
201410,5230,31.013636363636362
201412,5230,31.221666666666668
201401,5234,31.89944444444444
201403,5243,32.575714285714284
201404,5243,33.32380952380952
201405,5243,31.075714285714287
201406,5243,30.592000000000002
201407,5243,31.17863636363636
201409,5243,30.714285714285715
201409,5245,30.084285714285713
201412,5245,30.356
201401,5251,44.54222222222222
201402,5251,44.21647058823529
201403,5251,45.836666666666666
201404,5251,43.94761904761905
201405,5251,44.0052380952381
201406,5251,46.246500000000005
201407,5251,44.71
201408,5251,44.416666666666664
201409,5251,43.773809523809526
201410,5251,38.303636363636365
201411,5251,34.801
201412,5251,36.19416666666667
201401,5259,112.78555555555556
201402,5259,109.3664705882353
201403,5259,103.07666666666667
201404,5259,94.92428571428572
201405,5259,82.9
201406,5259,87.27950000000001
201407,5259,87.66045454545454
201408,5259,80.7747619047619
201409,5259,72.3852380952381
201410,5259,55.002272727272725
201411,5259,50.831
201412,5259,60.79333333333333
201401,5263,145.505
201402,5263,191.88529411764708
201403,5263,250.70333333333335
201404,5263,329.6
201405,5263,306.59999999999997
201406,5263,351.4785
201407,5263,279.47681818181815
201408,5263,238.19666666666666
201409,5263,263.0842857142857
201410,5263,260.5440909090909
201411,5263,246.1895
201412,5263,253.6625
201401,5264,115.515
201402,5264,122.65058823529411
201403,5264,122.05761904761906
201404,5264,116.73285714285714
201405,5264,115.5947619047619
201406,5264,124.234
201407,5264,133.12954545454545
201408,5264,129.99142857142857
201409,5264,136.81809523809522
201410,5264,143.14409090909092
201411,5264,147.108
201412,5264,140.95166666666668
201401,5269,31.102777777777778
201402,5269,35.73352941176471
201403,5269,42.915238095238095
201404,5269,50.70571428571428
201405,5269,93.19142857142857
201406,5269,137.766
201407,5269,142.53636363636363
201408,5269,121.04809523809524
201409,5269,139.0509523809524
201410,5269,116.54636363636364
201411,5269,112.4845
201412,5269,139.74625
201401,5272,37.33611111111111
201402,5272,48.07176470588235
201403,5272,56.57285714285714
201404,5272,52.76285714285714
201405,5272,54.25238095238095
201406,5272,67.828
201407,5272,63.41
201408,5272,58.848571428571425
201409,5272,63.58380952380952
201410,5272,51.63636363636363
201411,5272,48.396499999999996
201412,5272,58.537083333333335
201401,5274,113.52277777777778
201402,5274,116.7
201403,5274,147.56619047619046
201404,5274,148.63809523809525
201405,5274,142.49428571428572
201406,5274,150.691
201407,5274,138.8877272727273
201408,5274,139.03428571428572
201409,5274,140.46333333333334
201410,5274,142.87727272727273
201411,5274,154.628
201412,5274,172.45708333333334
201401,5278,36.51166666666667
201402,5278,33.54294117647059
201403,5278,33.48047619047619
201404,5278,32.41285714285714
201401,5280,209.71833333333333
201402,5280,212.89882352941174
201403,5280,264.0447619047619
201404,5280,254.9961904761905
201405,5280,240.55809523809526
201406,5280,231.86100000000002
201407,5280,242.0590909090909
201408,5280,220.62142857142857
201409,5280,213.78571428571428
201410,5280,190.77272727272728
201411,5280,155.975
201412,5280,150.33333333333334
201410,5284,34.93705882352941
201411,5284,33.9525
201412,5284,36.92125
201401,5287,104.90222222222222
201402,5287,101.98235294117647
201403,5287,120.12714285714286
201404,5287,114.02571428571429
201405,5287,108.23142857142858
201406,5287,120.732
201407,5287,117.83590909090908
201408,5287,117.55666666666667
201409,5287,102.83761904761906
201410,5287,90.19272727272727
201411,5287,101.82000000000001
201412,5287,107.3125
201409,5288,43.626666666666665
201410,5288,42.46409090909091
201411,5288,37.503
201412,5288,40.86869565217391
201401,5289,31.558888888888887
201402,5289,30.901764705882357
201403,5289,30.388571428571428
201404,5289,31.29952380952381
201405,5289,33.39142857142857
201406,5289,38.2115
201407,5289,40.17090909090909
201408,5289,44.74952380952381
201409,5289,45.56619047619048
201410,5289,40.01272727272727
201411,5289,41.116
201412,5289,44.8375
201406,5291,30.649
201407,5291,32.75181818181818
201408,5291,37.065238095238094
201409,5291,33.05380952380953
201410,5291,31.35181818181818
201402,5301,39.829375
201403,5301,72.73380952380953
201404,5301,100.17916666666667
201405,5301,132.51333333333332
201406,5301,115.44149999999999
201407,5301,103.28545454545456
201408,5301,101.95157894736842
201409,5301,86.73285714285714
201410,5301,78.7911111111111
201411,5301,79.208
201412,5301,77.48052631578948
201401,5306,79.25222222222222
201402,5306,73.45235294117647
201403,5306,82.59761904761905
201404,5306,87.14952380952381
201405,5306,86.82380952380952
201406,5306,88.5045
201407,5306,94.60727272727273
201408,5306,93.06476190476191
201409,5306,88.33
201410,5306,81.21909090909091
201411,5306,82.808
201412,5306,83.02166666666666
201401,5310,60.798333333333325
201402,5310,61.97764705882352
201403,5310,62.455238095238094
201404,5310,62.05428571428572
201405,5310,63.03380952380952
201406,5310,75.576
201407,5310,81.70545454545454
201408,5310,72.3747619047619
201409,5310,64.34476190476191
201410,5310,58.69227272727273
201411,5310,59.872
201412,5310,77.66166666666668
201401,5312,56.275000000000006
201402,5312,54.64352941176471
201403,5312,55.142857142857146
201404,5312,54.52904761904762
201405,5312,53.81857142857143
201406,5312,56.3925
201407,5312,54.443636363636365
201408,5312,50.33904761904761
201409,5312,49.6504761904762
201410,5312,46.595
201411,5312,45.1405
201412,5312,45.160833333333336
201401,5314,32.95388888888888
201402,5314,31.96470588235294
201403,5314,37.179047619047616
201404,5314,36.74190476190476
201405,5314,38.4052380952381
201406,5314,49.0105
201407,5314,51.32636363636364
201408,5314,43.46952380952381
201409,5314,41.637142857142855
201410,5314,37.08772727272728
201411,5314,35.9935
201412,5314,37.047916666666666
201401,5324,38.22777777777778
201402,5324,38.68764705882353
201403,5324,38.45857142857143
201404,5324,36.43952380952381
201404,5345,30.35333333333333
201411,5349,31.193
201412,5349,33.80125
201407,5356,32.45590909090909
201408,5356,32.37095238095238
201409,5356,32.66571428571429
201410,5356,32.07636363636364
201411,5356,32.836
201412,5356,32.94916666666666
201402,5364,33.28
201403,5364,33.4505
201404,5364,42.624375
201405,5364,42.164
201406,5364,42.65176470588236
201407,5364,44.65222222222222
201408,5364,46.36277777777778
201409,5364,41.106153846153845
201410,5364,42.95307692307692
201411,5364,42.93142857142857
201412,5364,45.71083333333333
201401,5388,33.88611111111111
201402,5388,36.17529411764706
201403,5388,40.82142857142857
201404,5388,38.33904761904762
201405,5388,37.46523809523809
201406,5388,42.396
201407,5388,44.38590909090909
201408,5388,43.56809523809524
201409,5388,42.381904761904764
201410,5388,40.52272727272727
201411,5388,40.56
201412,5388,42.520833333333336
201401,5392,30.75944444444444
201402,5392,30.438823529411767
201403,5392,33.10285714285714
201404,5392,30.73428571428571
201406,5392,31.057499999999997
201407,5392,36.80318181818182
201408,5392,44.688095238095244
201409,5392,54.761428571428574
201410,5392,57.08818181818182
201411,5392,56.2895
201412,5392,50.42124999999999
201401,5398,50.35111111111111
201402,5398,55.14411764705883
201403,5398,54.93857142857143
201404,5398,56.54571428571429
201405,5398,54.88428571428571
201406,5398,50.9555
201407,5398,50.59
201408,5398,48.679047619047616
201409,5398,47.22285714285714
201410,5398,40.49590909090909
201411,5398,46.9045
201412,5398,48.30458333333333
201407,5434,30.34272727272727
201408,5434,30.61904761904762
201409,5434,30.844761904761906
201406,5457,30.438499999999998
201401,5468,35.26833333333334
201402,5468,39.0035294117647
201403,5468,51.99904761904762
201404,5468,50.700476190476195
201405,5468,44.438095238095244
201406,5468,41.9055
201407,5468,50.065909090909095
201408,5468,44.17714285714286
201409,5468,37.87428571428571
201410,5468,35.35727272727273
201411,5468,34.186
201412,5468,35.43958333333333
201406,5471,31.293
201407,5471,30.20681818181818
201401,5478,42.89722222222222
201402,5478,46.04352941176471
201403,5478,58.857619047619046
201404,5478,67.36619047619048
201405,5478,66.66571428571429
201406,5478,72.655
201407,5478,60.23363636363636
201408,5478,56.766190476190474
201409,5478,57.11142857142857
201410,5478,46.90863636363636
201411,5478,50.082
201412,5478,58.61958333333333
201401,5483,37.614444444444445
201402,5483,35.631764705882354
201403,5483,36.6447619047619
201404,5483,33.45333333333333
201405,5483,34.701904761904764
201406,5483,37.2355
201407,5483,35.45227272727273
201408,5483,31.980476190476192
201409,5483,30.316666666666666
201410,5483,30.595000000000002
201411,5483,31.607999999999997
201412,5483,34.345
201401,5489,43.275555555555556
201402,5489,44.27529411764706
201403,5489,48.38047619047619
201404,5489,46.09857142857143
201405,5489,45.53476190476191
201406,5489,44.647000000000006
201407,5489,43.153636363636366
201408,5489,40.27095238095238
201409,5489,39.355714285714285
201410,5489,37.234545454545454
201411,5489,40.112
201412,5489,43.10666666666666
201401,5490,35.31777777777778
201402,5490,33.85941176470588
201403,5490,33.56809523809524
201406,5490,30.098000000000003
201409,5490,31.507619047619045
201410,5490,33.46181818181818
201411,5490,36.7055
201412,5490,37.094166666666666
201401,5529,64.2761111111111
201402,5529,62.870588235294115
201403,5529,54.87
201404,5529,59.13809523809524
201405,5529,55.224761904761905
201406,5529,51.984500000000004
201407,5529,46.870000000000005
201408,5529,41.87285714285714
201409,5529,42.35666666666667
201410,5529,41.37954545454546
201411,5529,36.9795
201412,5529,33.52583333333333
201401,5530,61.20388888888889
201402,5530,61.42764705882353
201403,5530,59.953809523809525
201404,5530,60.06142857142857
201405,5530,60.31142857142857
201406,5530,62.196000000000005
201407,5530,62.40318181818182
201408,5530,64.83761904761906
201409,5530,64.86666666666667
201410,5530,66.49318181818181
201411,5530,72.76
201412,5530,72.89041666666667
201401,5534,34.89555555555555
201402,5534,35.30588235294118
201403,5534,35.87
201404,5534,37.80380952380953
201405,5534,35.38285714285714
201406,5534,34.035000000000004
201407,5534,33.151818181818186
201408,5534,33.53619047619048
201409,5534,35.16619047619048
201410,5534,31.117727272727276
201411,5534,30.595
201412,5534,32.645
201401,5536,48.56333333333333
201402,5536,48.03
201403,5536,50.00142857142857
201404,5536,47.7252380952381
201405,5536,42.85809523809524
201406,5536,43.63
201407,5536,43.893181818181816
201408,5536,41.49047619047619
201409,5536,41.44714285714286
201410,5536,36.056363636363635
201411,5536,34.757
201412,5536,37.16583333333333
201407,5704,30.56772727272727
201401,5871,36.732777777777784
201402,5871,35.22176470588235
201403,5871,34.21380952380952
201404,5871,35.03238095238095
201405,5871,34.49190476190476
201406,5871,35.3945
201407,5871,37.4
201408,5871,42.23904761904762
201409,5871,41.61571428571429
201410,5871,39.23772727272728
201411,5871,40.848
201412,5871,42.04083333333333
201401,5903,134.98333333333335
201402,5903,136.09235294117647
201403,5903,150.11142857142858
201404,5903,149.78857142857143
201405,5903,157.9961904761905
201406,5903,160.032
201407,5903,157.95545454545456
201408,5903,160.3647619047619
201409,5903,159.45285714285714
201410,5903,153.3540909090909
201411,5903,147.658
201412,5903,152.27833333333334
201401,5904,110.90277777777777
201402,5904,109.66176470588235
201403,5904,115.72857142857144
201404,5904,113.92095238095239
201405,5904,109.38523809523811
201406,5904,109.6045
201407,5904,106.55954545454546
201408,5904,106.77047619047619
201409,5904,113.00095238095238
201410,5904,117.68863636363636
201411,5904,139.94099999999997
201412,5904,150.89208333333332
201401,5906,51.73222222222223
201402,5906,51.917058823529416
201403,5906,51.521904761904764
201404,5906,47.11333333333333
201405,5906,42.28
201406,5906,43.417
201407,5906,46.341818181818184
201408,5906,44.20809523809524
201409,5906,42.03285714285714
201410,5906,35.52136363636364
201411,5906,31.885
201412,5906,31.436666666666667
201401,5907,39.458333333333336
201402,5907,37.83941176470588
201403,5907,38.17761904761905
201404,5907,41.85428571428571
201405,5907,42.766666666666666
201406,5907,41.711
201407,5907,42.916363636363634
201408,5907,43.25714285714285
201409,5907,46.93333333333334
201410,5907,43.916363636363634
201411,5907,39.907
201412,5907,38.28375
201411,6101,31.051
201412,6101,30.609166666666667
201401,6103,34.330000000000005
201402,6103,40.95466666666667
201403,6103,48.0555
201404,6103,46.09
201405,6103,42.46333333333333
201406,6103,53.75449999999999
201407,6103,64.65380952380953
201408,6103,47.74333333333333
201409,6103,36.98388888888889
201410,6103,32.95076923076923
201411,6103,37.6125
201412,6103,36.351111111111116
201407,6104,32.04272727272728
201408,6104,34.035714285714285
201409,6104,34.54571428571429
201412,6104,33.5675
201405,6111,30.28047619047619
201406,6111,35.0445
201407,6111,33.72
201408,6111,31.45888888888889
201409,6111,31.60333333333333
201410,6111,35.713181818181816
201411,6111,33.2595
201412,6111,36.72416666666667
201407,6114,33.88727272727272
201408,6114,36.00095238095238
201409,6114,48.265499999999996
201410,6114,47.84045454545455
201411,6114,51.9885
201412,6114,51.64458333333334
201401,6121,118.7611111111111
201402,6121,114.56823529411766
201403,6121,116.75238095238096
201404,6121,126.04666666666667
201405,6121,134.3695238095238
201406,6121,144.88
201407,6121,152.48863636363637
201408,6121,142.95904761904762
201409,6121,135.86619047619047
201410,6121,128.51818181818183
201411,6121,135.95499999999998
201412,6121,138.22333333333333
201401,6130,37.23722222222222
201402,6130,34.13647058823529
201403,6130,31.33809523809524
201404,6130,31.003333333333337
201405,6130,32.339999999999996
201406,6130,34.423
201407,6130,41.91045454545454
201408,6130,35.57142857142857
201409,6130,34.29380952380952
201410,6130,33.55045454545455
201411,6130,32.571
201412,6130,32.82083333333333
201401,6131,41.507222222222225
201402,6131,47.825294117647054
201403,6131,53.34285714285714
201404,6131,53.28380952380952
201405,6131,50.68
201406,6131,54.2355
201407,6131,63.70272727272727
201408,6131,62.261428571428574
201409,6131,60.21619047619048
201410,6131,53.183181818181815
201411,6131,41.1885
201412,6131,40.72083333333333
201401,6143,37.441111111111105
201402,6143,37.019411764705886
201403,6143,38.86714285714286
201404,6143,41.51761904761905
201405,6143,37.957142857142856
201406,6143,35.511
201407,6143,34.03590909090909
201401,6146,67.90166666666667
201402,6146,70.54823529411765
201403,6146,78.12238095238095
201404,6146,74.7252380952381
201405,6146,71.80238095238094
201406,6146,70.21000000000001
201407,6146,74.51
201408,6146,79.70666666666666
201409,6146,86.29333333333334
201410,6146,84.42727272727274
201411,6146,84.147
201412,6146,88.18041666666666
201411,6147,30.7335
201405,6153,33.343333333333334
201406,6153,35.5535
201407,6153,34.461363636363636
201408,6153,33.420952380952386
201409,6153,32.91571428571429
201401,6166,32.51722222222222
201402,6166,33.47529411764706
201403,6166,36.98619047619048
201404,6166,38.23571428571429
201405,6166,38.084761904761905
201406,6166,45.959500000000006
201407,6166,50.78818181818181
201408,6166,55.27761904761904
201409,6166,55.45333333333333
201410,6166,52.969545454545454
201411,6166,52.325
201412,6166,52.03125
201401,6169,40.72611111111111
201402,6169,38.08117647058823
201403,6169,44.9947619047619
201404,6169,48.10142857142857
201405,6169,45.773809523809526
201406,6169,46.6105
201407,6169,42.598181818181814
201408,6169,37.065714285714286
201409,6169,35.68380952380952
201410,6169,33.68181818181818
201411,6169,33.5865
201412,6169,36.20583333333334
201401,6176,54.89722222222222
201402,6176,55.402352941176474
201403,6176,52.62190476190476
201404,6176,55.4052380952381
201405,6176,52.54
201406,6176,54.971000000000004
201407,6176,59.16
201408,6176,57.23904761904762
201409,6176,56.976190476190474
201410,6176,50.997727272727275
201411,6176,48.184000000000005
201412,6176,47.15708333333333
201403,6187,33.87761904761904
201404,6187,37.95333333333333
201405,6187,36.93857142857143
201406,6187,40.706
201407,6187,37.177727272727275
201408,6187,31.835714285714282
201401,6192,58.114444444444445
201402,6192,60.70470588235294
201403,6192,60.87761904761905
201404,6192,57.817619047619054
201405,6192,57.27
201406,6192,56.6605
201407,6192,56.53772727272727
201408,6192,56.38571428571428
201409,6192,57.29714285714286
201410,6192,54.428636363636365
201411,6192,52.072500000000005
201412,6192,51.68
201401,6195,45.78666666666666
201402,6195,46.838235294117645
201403,6195,45.56761904761905
201404,6195,43.65
201405,6195,42.424285714285716
201406,6195,41.5715
201407,6195,40.609545454545454
201408,6195,39.72047619047619
201409,6195,41.40190476190477
201410,6195,38.30863636363636
201411,6195,36.762
201412,6195,38.130833333333335
201402,6202,32.2535294117647
201403,6202,31.76380952380952
201406,6202,31.542
201407,6202,31.676363636363636
201409,6202,30.126190476190477
201412,6202,30.591250000000002
201407,6203,33.67909090909091
201408,6203,30.84952380952381
201401,6206,50.654444444444444
201402,6206,50.14823529411765
201403,6206,57.771904761904764
201404,6206,55.38
201405,6206,54.50904761904762
201406,6206,60.834
201407,6206,61.97727272727273
201408,6206,61.73
201409,6206,63.43285714285714
201410,6206,59.65
201411,6206,59.51950000000001
201412,6206,58.695
201401,6214,31.418888888888887
201402,6214,30.995294117647056
201403,6214,32.625238095238096
201404,6214,31.32238095238095
201401,6223,46.753888888888895
201402,6223,55.521764705882354
201403,6223,64.34857142857143
201404,6223,58.411904761904765
201405,6223,58.851904761904756
201406,6223,67.4
201407,6223,68.95545454545454
201408,6223,66.46190476190476
201409,6223,68.61
201410,6223,66.485
201411,6223,71.958
201412,6223,84.40791666666667
201401,6224,39.400555555555556
201402,6224,40.95882352941176
201403,6224,42.91619047619048
201404,6224,42.95428571428571
201405,6224,43.317619047619054
201406,6224,47.977999999999994
201407,6224,44.87818181818182
201408,6224,44.065238095238094
201409,6224,43.236666666666665
201410,6224,40.70681818181818
201411,6224,40.1645
201412,6224,40.24375
201401,6225,133.34166666666667
201402,6225,143.92882352941177
201403,6225,204.98
201404,6225,274.509
201405,6225,220.01500000000001
201406,6225,174.01600000000002
201407,6225,190.3040909090909
201408,6225,137.01285714285714
201409,6225,122.69000000000001
201410,6225,120.77368421052631
201411,6225,148.36700000000002
201412,6225,153.30666666666667
201401,6228,30.275000000000002
201402,6228,30.881176470588237
201403,6228,39.89666666666667
201404,6228,37.644285714285715
201405,6228,40.26285714285714
201406,6228,51.42
201407,6228,89.74136363636363
201408,6228,72.1852380952381
201409,6228,73.52428571428571
201410,6228,69.46363636363637
201411,6228,74.398
201412,6228,115.64208333333333
201401,6230,75.84777777777778
201402,6230,73.19176470588235
201403,6230,74.15571428571428
201404,6230,63.17285714285715
201405,6230,66.6147619047619
201406,6230,66.5725
201407,6230,67.08454545454546
201408,6230,78.11285714285714
201409,6230,70.39142857142858
201410,6230,64.9659090909091
201411,6230,63.932500000000005
201412,6230,64.46249999999999
201401,6231,32.91833333333333
201402,6231,32.137058823529415
201403,6231,33.843809523809526
201404,6231,37.892380952380954
201405,6231,35.62238095238095
201406,6231,36.602999999999994
201407,6231,33.18
201408,6231,31.11809523809524
201409,6231,34.68380952380952
201410,6231,32.04363636363637
201411,6231,30.959500000000002
201412,6231,31.125
201401,6236,78.96363636363637
201402,6236,67.5
201403,6236,65.54285714285714
201404,6236,61.0
201405,6236,62.94444444444444
201406,6236,70.42142857142856
201407,6236,76.60833333333333
201408,6236,80.65714285714286
201409,6236,71.175
201410,6236,56.73636363636364
201411,6236,49.2275
201412,6236,46.3
201405,6239,30.12809523809524
201406,6239,30.656
201407,6239,30.2
201408,6239,31.36047619047619
201409,6239,32.54238095238095
201412,6239,31.35625
201408,6242,32.04285714285714
201409,6242,30.041249999999998
201402,6243,30.20352941176471
201403,6243,30.39190476190476
201404,6243,34.65142857142857
201405,6243,36.75904761904762
201406,6243,46.5225
201407,6243,57.43363636363636
201408,6243,54.29904761904762
201409,6243,49.15190476190477
201410,6243,36.908181818181816
201411,6243,40.0065
201412,6243,44.79833333333334
201401,6244,83.67277777777777
201402,6244,73.26411764705882
201403,6244,76.60285714285715
201404,6244,73.56285714285714
201405,6244,69.60714285714286
201406,6244,70.1735
201407,6244,64.00318181818182
201408,6244,54.88619047619047
201409,6244,57.24333333333334
201410,6244,54.25
201411,6244,49.831
201412,6244,55.17958333333333
201401,6246,33.19722222222222
201402,6246,32.66117647058824
201403,6246,34.32380952380952
201404,6246,39.948095238095235
201405,6246,34.46333333333333
201406,6246,32.672000000000004
201407,6246,36.07363636363636
201401,6259,53.788333333333334
201402,6259,55.01823529411765
201403,6259,69.56333333333333
201404,6259,66.69
201405,6259,65.95428571428572
201406,6259,71.3635
201407,6259,86.64727272727272
201408,6259,77.01333333333334
201409,6259,67.33380952380952
201410,6259,113.43181818181819
201411,6259,145.98250000000002
201412,6259,217.70875
201403,6261,30.707619047619048
201404,6261,30.981428571428573
201406,6261,30.117
201407,6261,30.579090909090908
201408,6261,30.672857142857143
201409,6261,30.963809523809523
201412,6261,30.485
201401,6269,47.695
201402,6269,44.56705882352941
201403,6269,44.20619047619048
201404,6269,45.38380952380952
201405,6269,39.25285714285714
201406,6269,40.096000000000004
201407,6269,40.696363636363635
201408,6269,42.84142857142857
201409,6269,45.72666666666667
201410,6269,38.608636363636364
201411,6269,35.1395
201412,6269,39.365833333333335
201401,6271,109.77388888888889
201402,6271,113.76
201403,6271,125.59428571428572
201404,6271,119.12333333333333
201405,6271,118.1047619047619
201406,6271,118.2465
201407,6271,120.64954545454545
201408,6271,116.5342857142857
201409,6271,104.42714285714285
201410,6271,93.47136363636363
201411,6271,94.3055
201412,6271,87.24583333333334
201401,6276,42.22833333333333
201402,6276,40.642941176470586
201403,6276,40.96476190476191
201404,6276,39.97952380952381
201405,6276,38.861428571428576
201406,6276,37.0225
201407,6276,33.39954545454545
201401,6277,41.57833333333333
201402,6277,45.45294117647059
201403,6277,46.57333333333333
201404,6277,45.436190476190475
201405,6277,43.45
201406,6277,41.9405
201407,6277,40.98954545454546
201408,6277,42.055238095238096
201409,6277,41.85333333333334
201410,6277,37.88727272727272
201411,6277,38.854
201412,6277,41.065000000000005
201401,6279,50.70111111111111
201402,6279,53.91411764705882
201403,6279,55.27285714285714
201404,6279,62.94761904761905
201405,6279,61.65428571428571
201406,6279,66.328
201407,6279,70.54363636363637
201408,6279,73.78333333333333
201409,6279,75.37714285714286
201410,6279,69.03636363636363
201411,6279,71.608
201412,6279,71.58624999999999
201401,6281,30.80611111111111
201402,6281,30.804705882352938
201403,6281,31.09142857142857
201404,6281,31.572857142857142
201405,6281,31.32333333333333
201406,6281,31.856
201407,6281,32.00909090909091
201408,6281,32.49904761904762
201409,6281,32.39904761904762
201410,6281,31.105454545454542
201411,6281,30.211000000000002
201412,6281,30.78916666666667
201401,6284,30.113888888888887
201402,6284,33.49235294117647
201403,6284,34.31761904761905
201404,6284,31.08666666666667
201405,6284,30.229523809523805
201406,6284,34.195499999999996
201407,6284,40.33
201408,6284,36.39904761904762
201409,6284,34.80904761904762
201410,6284,33.53
201411,6284,31.7125
201412,6284,32.24583333333333
201401,6285,43.25055555555556
201402,6285,43.56235294117647
201403,6285,40.75809523809524
201404,6285,38.8252380952381
201405,6285,38.70142857142857
201406,6285,40.797000000000004
201407,6285,44.75
201408,6285,45.4247619047619
201409,6285,44.32285714285714
201410,6285,39.893181818181816
201411,6285,36.9405
201412,6285,39.1625
201401,6286,144.27
201402,6286,153.4635294117647
201403,6286,156.1457142857143
201404,6286,166.65857142857143
201405,6286,158.8895238095238
201406,6286,161.6945
201407,6286,171.835
201408,6286,160.5395238095238
201409,6286,150.6552380952381
201410,6286,141.2631818181818
201411,6286,144.368
201412,6286,155.65333333333334
201402,6287,33.38117647058824
201403,6287,41.034285714285716
201401,6289,34.13333333333333
201402,6289,34.174705882352946
201403,6289,33.775238095238095
201402,6291,30.8
201401,6404,660.6672222222222
201402,6404,624.285294117647
201403,6404,679.2690476190476
201404,6404,802.5247619047619
201405,6404,686.7433333333333
201406,6404,731.4350000000001
201407,6404,675.7313636363637
201408,6404,412.8014285714286
201409,6404,298.74857142857144
201410,6404,215.5672727272727
201411,6404,190.8845
201412,6404,200.47375
201401,6405,52.87166666666667
201402,6405,48.49
201403,6405,49.54
201404,6405,50.150000000000006
201405,6405,47.846666666666664
201406,6405,50.233
201407,6405,50.27
201408,6405,50.032380952380954
201409,6405,48.95
201410,6405,40.52181818181818
201411,6405,38.384
201412,6405,38.55083333333334
201401,6409,95.40555555555555
201402,6409,96.03470588235294
201403,6409,112.93285714285715
201404,6409,113.0952380952381
201405,6409,127.7747619047619
201406,6409,133.712
201407,6409,128.00045454545455
201408,6409,130.59857142857143
201409,6409,158.3595238095238
201410,6409,152.27863636363637
201411,6409,169.663
201412,6409,184.51291666666668
201412,6411,31.82875
201401,6414,100.39777777777778
201402,6414,101.7664705882353
201403,6414,110.37
201404,6414,115.75809523809524
201405,6414,115.31809523809522
201406,6414,133.96300000000002
201407,6414,137.57181818181817
201408,6414,145.75
201409,6414,137.69095238095238
201410,6414,126.18636363636364
201411,6414,140.9695
201412,6414,162.42541666666668
201401,6415,167.95055555555555
201402,6415,173.84529411764706
201403,6415,218.50571428571428
201404,6415,210.56047619047618
201405,6415,196.02
201406,6415,210.71750000000003
201407,6415,225.73954545454544
201408,6415,244.06428571428575
201409,6415,230.54380952380953
201410,6415,200.86227272727274
201411,6415,220.50799999999998
201412,6415,234.69125
201401,6416,37.904117647058825
201402,6416,37.200625
201403,6416,39.95285714285714
201404,6416,39.818
201405,6416,39.058499999999995
201406,6416,42.2625
201407,6416,42.50047619047619
201408,6416,38.99176470588235
201409,6416,39.68736842105263
201410,6416,50.68636363636363
201411,6416,64.0775
201412,6416,74.89304347826086
201401,6419,259.3616666666667
201402,6419,268.1211764705882
201403,6419,283.46999999999997
201404,6419,303.5914285714286
201405,6419,280.2080952380952
201406,6419,246.536
201407,6419,202.30142857142857
201408,6419,129.9390476190476
201409,6419,126.01190476190476
201410,6419,107.41090909090909
201411,6419,123.2865
201412,6419,123.78142857142856
201407,6422,62.926
201408,6422,60.948125
201409,6422,60.79071428571429
201410,6422,59.10388888888888
201411,6422,57.53923076923077
201412,6422,59.66708333333333
201410,6423,56.13857142857143
201411,6423,52.045500000000004
201412,6423,44.27913043478261
201401,6425,48.099444444444444
201402,6425,53.205882352941174
201403,6425,53.23428571428572
201404,6425,60.74619047619048
201405,6425,65.64952380952381
201406,6425,68.41157894736841
201407,6425,65.47909090909091
201408,6425,50.50523809523809
201409,6425,45.70761904761905
201410,6425,40.961363636363636
201411,6425,42.136
201412,6425,42.37863636363637
201401,6426,31.951875
201402,6426,39.14294117647059
201403,6426,49.32714285714286
201404,6426,49.5045
201405,6426,51.94238095238095
201406,6426,56.674
201407,6426,50.57681818181818
201408,6426,42.72
201409,6426,42.66294117647059
201410,6426,34.186190476190475
201411,6426,31.473157894736843
201412,6426,33.50958333333333
201402,6435,30.768235294117645
201403,6435,31.388571428571428
201404,6435,30.252857142857142
201405,6435,30.12238095238095
201406,6435,33.0035
201407,6435,33.60909090909091
201408,6435,30.845499999999998
201401,6438,41.294999999999995
201402,6438,46.7464705882353
201403,6438,49.49666666666667
201404,6438,46.070952380952384
201405,6438,44.16761904761905
201406,6438,49.235
201407,6438,49.21272727272728
201408,6438,45.73380952380952
201409,6438,45.093809523809526
201410,6438,40.57818181818182
201411,6438,40.095
201412,6438,40.18260869565218
201401,6441,70.03466666666667
201402,6441,79.32777777777778
201403,6441,99.37235294117647
201404,6441,79.71555555555555
201405,6441,81.42166666666668
201406,6441,98.5361111111111
201407,6441,100.33625
201408,6441,91.86307692307693
201409,6441,86.66636363636364
201410,6441,44.23
201411,6441,37.66947368421053
201412,6441,47.69565217391305
201403,6446,183.4442857142857
201404,6446,142.50095238095238
201405,6446,162.1795238095238
201406,6446,189.82350000000002
201407,6446,175.55136363636365
201408,6446,157.31714285714284
201409,6446,151.6952380952381
201410,6446,145.89909090909092
201411,6446,130.4085
201412,6446,136.0295652173913
201407,6461,77.51454545454546
201408,6461,68.48142857142857
201409,6461,64.11142857142856
201410,6461,54.98181818181818
201411,6461,45.323
201412,6461,47.157826086956526
201406,6462,115.69
201407,6462,78.65454545454546
201408,6462,58.239999999999995
201409,6462,68.74380952380953
201410,6462,78.57409090909091
201411,6462,70.554
201412,6462,68.52782608695652
201407,6464,100.465
201408,6464,92.2147619047619
201409,6464,86.37894736842105
201410,6464,85.88227272727273
201411,6464,84.4965
201412,6464,82.94095238095238
201407,6465,66.29133333333333
201408,6465,63.808571428571426
201409,6465,59.87809523809524
201410,6465,61.25590909090909
201411,6465,67.31949999999999
201412,6465,65.08217391304348
201410,6472,37.36952380952381
201411,6472,34.86222222222222
201412,6472,34.11333333333333
201411,6482,45.03636363636363
201412,6482,46.85125
201410,6485,35.24545454545454
201411,6485,35.45684210526316
201412,6485,36.20086956521739
201411,6486,32.68
201412,6486,38.07869565217391
201410,6488,57.14666666666667
201411,6488,55.821578947368415
201412,6488,60.876086956521746
201412,6491,130.18
201412,6492,101.50631578947369
201412,6496,46.4
201412,6499,121.32785714285714
201401,6504,113.75444444444445
201402,6504,120.44411764705882
201403,6504,126.38523809523811
201404,6504,129.25428571428571
201405,6504,124.62714285714286
201406,6504,120.431
201407,6504,113.03590909090909
201408,6504,105.56142857142856
201409,6504,100.7404761904762
201410,6504,104.99045454545454
201411,6504,93.89
201412,6504,105.195
201401,6505,54.55111111111111
201402,6505,52.18411764705883
201403,6505,52.29190476190477
201404,6505,52.43666666666667
201405,6505,51.13047619047619
201406,6505,51.6255
201407,6505,53.408181818181816
201408,6505,52.36380952380953
201409,6505,52.36142857142857
201410,6505,49.63954545454545
201411,6505,48.963499999999996
201412,6505,47.44166666666666
201401,6605,78.64611111111111
201402,6605,83.23
201403,6605,82.70285714285714
201404,6605,84.33666666666666
201405,6605,83.32285714285715
201406,6605,88.7755
201407,6605,84.40272727272726
201408,6605,81.17095238095237
201409,6605,85.08952380952381
201410,6605,79.28590909090909
201411,6605,79.8465
201412,6605,81.85041666666667
201401,6609,31.083333333333332
201402,6609,36.184705882352944
201403,6609,38.919999999999995
201404,6609,38.668571428571425
201405,6609,36.731904761904765
201406,6609,37.735
201407,6609,32.75772727272727
201408,6609,31.37857142857143
201409,6609,32.31952380952381
201401,6803,105.92166666666667
201402,6803,102.4270588235294
201403,6803,105.64904761904762
201404,6803,100.03095238095239
201405,6803,99.07809523809523
201406,6803,101.1815
201407,6803,100.13954545454546
201408,6803,95.5847619047619
201409,6803,96.79428571428572
201410,6803,94.25454545454545
201411,6803,92.861
201412,6803,91.76083333333332
201412,7402,62.98
201401,8011,32.28944444444445
201402,8011,31.575294117647058
201403,8011,37.736666666666665
201404,8011,40.242380952380955
201405,8011,43.70857142857143
201406,8011,50.5815
201407,8011,48.16045454545454
201408,8011,37.631904761904764
201409,8011,36.43523809523809
201410,8011,36.48909090909091
201411,8011,35.5185
201412,8011,36.527499999999996
201407,8016,30.88272727272727
201408,8016,30.895238095238092
201409,8016,33.413333333333334
201410,8016,34.46363636363637
201411,8016,34.7705
201412,8016,38.22708333333333
201412,8028,36.24
201401,8038,85.7238888888889
201402,8038,86.98058823529412
201403,8038,86.3847619047619
201404,8038,73.92095238095237
201405,8038,69.1347619047619
201406,8038,65.808
201407,8038,68.55727272727273
201408,8038,62.09571428571429
201409,8038,60.093809523809526
201410,8038,52.44136363636364
201411,8038,40.8845
201412,8038,40.31375
201401,8039,30.244444444444444
201402,8039,30.02058823529412
201404,8039,30.126190476190477
201405,8039,31.465714285714284
201406,8039,31.3705
201402,8042,31.398823529411764
201403,8042,34.16428571428572
201404,8042,33.21857142857143
201405,8042,30.928571428571427
201406,8042,30.5285
201407,8042,30.14
201408,8042,32.32666666666667
201409,8042,31.157619047619043
201401,8044,152.23055555555555
201402,8044,143.92176470588237
201403,8044,165.83714285714285
201404,8044,151.18190476190478
201405,8044,159.5285714285714
201406,8044,192.34949999999998
201407,8044,212.5772727272727
201408,8044,217.17619047619047
201409,8044,227.81238095238098
201410,8044,210.165
201411,8044,239.55599999999998
201412,8044,255.80999999999997
201405,8046,34.497142857142855
201406,8046,38.3505
201407,8046,36.92136363636364
201408,8046,38.83095238095238
201409,8046,36.58238095238095
201410,8046,32.77181818181818
201411,8046,30.455000000000002
201412,8046,30.7225
201406,8066,30.354000000000003
201407,8066,30.316363636363636
201412,8066,32.260416666666664
201401,8070,46.89055555555555
201402,8070,45.228235294117646
201403,8070,45.04047619047619
201404,8070,44.90952380952381
201405,8070,43.881904761904764
201406,8070,44.914
201407,8070,43.63272727272727
201408,8070,41.89714285714286
201409,8070,41.27857142857143
201410,8070,36.280454545454546
201411,8070,33.744
201412,8070,37.502500000000005
201401,8072,62.471111111111114
201402,8072,61.85058823529412
201403,8072,61.830000000000005
201404,8072,61.417142857142856
201405,8072,64.71619047619048
201406,8072,71.606
201407,8072,64.39818181818181
201408,8072,58.69428571428571
201409,8072,57.65714285714286
201410,8072,53.69318181818182
201411,8072,46.316500000000005
201412,8072,44.867916666666666
201401,8076,68.15666666666667
201402,8076,76.48294117647059
201403,8076,91.65333333333334
201404,8076,93.70666666666666
201405,8076,87.44047619047619
201406,8076,103.55850000000001
201407,8076,101.13727272727273
201408,8076,87.30285714285714
201409,8076,96.53380952380952
201410,8076,77.33772727272728
201411,8076,68.6045
201412,8076,70.74666666666667
201401,8077,121.76055555555556
201402,8077,131.85888888888888
201403,8077,116.42333333333333
201404,8077,117.605
201410,8077,154.6
201411,8077,285.9375
201412,8077,288.275
201401,8078,50.37222222222222
201402,8078,50.5125
201401,8080,164.135
201402,8080,180.67705882352942
201403,8080,152.11904761904762
201404,8080,139.9595238095238
201405,8080,121.66428571428571
201406,8080,123.704
201407,8080,118.79
201408,8080,105.55047619047619
201409,8080,100.29857142857142
201410,8080,85.18181818181819
201411,8080,88.8375
201412,8080,111.10416666666667
201401,8081,40.355
201402,8081,41.292352941176475
201403,8081,46.228095238095236
201404,8081,45.55809523809524
201405,8081,44.75095238095238
201406,8081,47.702
201407,8081,49.79954545454545
201408,8081,45.607619047619046
201409,8081,41.88428571428572
201410,8081,39.88545454545454
201411,8081,41.357
201412,8081,42.87291666666667
201401,8083,47.471111111111114
201402,8083,55.48823529411764
201403,8083,65.11666666666667
201404,8083,68.57095238095238
201405,8083,71.65619047619047
201406,8083,74.7325
201407,8083,71.01590909090909
201408,8083,71.39380952380952
201409,8083,72.40857142857142
201410,8083,68.24818181818182
201411,8083,65.828
201412,8083,66.96375
201406,8084,31.875
201407,8084,30.520454545454548
201401,8091,40.26833333333334
201402,8091,39.73529411764706
201403,8091,39.193333333333335
201404,8091,39.505714285714284
201405,8091,37.839999999999996
201406,8091,37.999
201407,8091,38.73227272727273
201408,8091,38.30428571428571
201409,8091,38.261428571428574
201410,8091,36.39636363636364
201411,8091,37.419
201412,8091,39.11708333333333
201401,8101,79.47666666666666
201402,8101,78.92529411764706
201403,8101,88.05952380952381
201404,8101,97.51238095238095
201405,8101,100.35380952380952
201406,8101,95.3905
201407,8101,89.1590909090909
201408,8101,82.74333333333334
201409,8101,82.44476190476192
201410,8101,80.96772727272727
201411,8101,74.1705
201412,8101,67.31833333333334
201409,8103,32.19
201412,8103,31.4325
201401,8114,67.41166666666668
201402,8114,83.74941176470588
201403,8114,93.47190476190477
201404,8114,92.05047619047619
201405,8114,89.12142857142857
201406,8114,104.06700000000001
201407,8114,102.59454545454545
201408,8114,98.28428571428573
201409,8114,100.16285714285715
201410,8114,80.94954545454544
201411,8114,83.2545
201412,8114,82.24625
201401,8121,40.71944444444445
201402,8121,47.65058823529412
201403,8121,47.03380952380952
201404,8121,50.82
201405,8121,43.887142857142855
201406,8121,48.6245
201407,8121,46.965
201408,8121,41.91095238095238
201409,8121,39.87904761904762
201410,8121,30.128636363636364
201412,8121,30.47
201407,8147,32.403636363636366
201406,8210,34.9035
201407,8210,38.734545454545454
201408,8210,38.58190476190477
201409,8210,36.69952380952381
201411,8210,30.105
201412,8210,33.64458333333334
201408,8234,32.645714285714284
201409,8234,39.31428571428572
201410,8234,34.60090909090909
201411,8234,32.6725
201412,8234,33.861666666666665
201401,8255,67.73722222222221
201402,8255,73.8835294117647
201403,8255,82.84476190476191
201404,8255,81.39
201405,8255,82.14761904761905
201406,8255,81.2825
201407,8255,74.94227272727272
201408,8255,71.31333333333333
201409,8255,73.25761904761904
201410,8255,71.37227272727273
201411,8255,67.63250000000001
201412,8255,69.99541666666667
201402,8261,31.361176470588234
201403,8261,32.22380952380953
201406,8261,31.012
201401,8284,47.659375
201402,8284,46.168181818181814
201403,8284,43.187619047619044
201404,8284,41.68529411764706
201405,8284,41.431538461538466
201406,8284,40.458181818181814
201407,8284,40.12785714285714
201408,8284,37.17
201409,8284,34.18692307692308
201410,8284,33.88
201411,8284,33.16857142857143
201412,8284,32.46
201401,8299,116.73944444444444
201402,8299,116.62294117647059
201403,8299,118.24809523809525
201404,8299,120.77333333333333
201405,8299,129.8
201406,8299,140.7065
201407,8299,143.55409090909092
201408,8299,137.54238095238094
201409,8299,135.62285714285713
201410,8299,125.2909090909091
201411,8299,131.0805
201412,8299,133.35458333333335
201403,8341,36.33
201404,8341,38.978571428571435
201405,8341,35.15238095238095
201406,8341,37.4145
201407,8341,34.44590909090909
201408,8341,33.7047619047619
201409,8341,35.798095238095236
201410,8341,34.824999999999996
201411,8341,33.473
201412,8341,32.98217391304348
201402,8349,30.93823529411765
201403,8349,31.844285714285714
201404,8349,32.406190476190474
201405,8349,35.91142857142857
201406,8349,35.607
201407,8349,40.01
201408,8349,49.712380952380954
201409,8349,51.886190476190485
201410,8349,48.056363636363635
201411,8349,42.566
201412,8349,48.407916666666665
201401,8406,445.80611111111114
201402,8406,442.70411764705887
201403,8406,443.26142857142855
201404,8406,413.2490476190476
201405,8406,412.98857142857145
201406,8406,424.6635
201407,8406,375.9990909090909
201408,8406,336.1661904761905
201409,8406,343.29761904761904
201410,8406,328.4886363636364
201411,8406,288.6375
201412,8406,279.43083333333334
201401,8409,62.98055555555556
201402,8409,60.59823529411765
201403,8409,60.96619047619048
201404,8409,60.86619047619048
201405,8409,60.51285714285714
201406,8409,53.18300000000001
201407,8409,53.76227272727272
201408,8409,45.352380952380955
201409,8409,44.236666666666665
201410,8409,43.46636363636364
201411,8409,38.364999999999995
201412,8409,39.2525
201406,8410,30.136000000000003
201401,8411,47.525555555555556
201402,8411,47.02
201403,8411,47.75666666666667
201404,8411,45.18523809523809
201405,8411,39.56333333333333
201406,8411,37.0915
201407,8411,38.349999999999994
201408,8411,36.51761904761905
201409,8411,36.00857142857143
201410,8411,31.188636363636363
201401,8416,86.72999999999999
201402,8416,80.32941176470588
201403,8416,78.13142857142857
201404,8416,77.10095238095238
201405,8416,77.93857142857144
201406,8416,81.0625
201407,8416,76.66272727272727
201408,8416,72.52142857142857
201409,8416,74.49333333333334
201410,8416,64.55636363636364
201411,8416,61.9745
201412,8416,63.20708333333334
201404,8418,30.015238095238093
201401,8422,97.21333333333332
201402,8422,95.80176470588235
201403,8422,96.93714285714286
201404,8422,92.13190476190476
201405,8422,90.26
201406,8422,89.9715
201407,8422,93.4031818181818
201408,8422,90.07333333333334
201409,8422,84.39761904761905
201410,8422,76.6490909090909
201411,8422,70.9435
201412,8422,75.61958333333332
201401,8426,40.37222222222223
201402,8426,39.79058823529412
201403,8426,47.17
201404,8426,51.600476190476186
201405,8426,50.97666666666667
201406,8426,47.4165
201407,8426,50.48681818181819
201408,8426,51.55190476190476
201409,8426,50.53190476190476
201410,8426,41.122727272727275
201411,8426,35.173
201412,8426,36.15958333333334
201401,8427,47.97222222222222
201402,8427,47.949999999999996
201403,8427,44.22380952380953
201404,8427,42.81619047619048
201405,8427,40.6347619047619
201406,8427,40.298
201407,8427,39.93181818181818
201408,8427,42.111428571428576
201409,8427,42.758095238095244
201410,8427,40.483636363636364
201411,8427,38.474000000000004
201412,8427,37.501666666666665
201401,8429,59.52666666666667
201402,8429,61.90411764705882
201403,8429,62.39333333333333
201404,8429,59.33904761904761
201405,8429,50.651428571428575
201406,8429,49.376999999999995
201407,8429,46.18454545454545
201408,8429,48.126666666666665
201409,8429,46.418571428571425
201410,8429,42.56636363636364
201411,8429,43.6505
201412,8429,46.28666666666666
201401,8432,52.925
201402,8432,53.26941176470588
201403,8432,52.402857142857144
201404,8432,49.47428571428571
201405,8432,48.09952380952381
201406,8432,51.297000000000004
201407,8432,50.370909090909095
201408,8432,47.3252380952381
201409,8432,47.27714285714286
201410,8432,42.52409090909091
201411,8432,37.6115
201412,8432,40.95791666666667
201401,8436,36.00888888888889
201402,8436,33.60764705882353
201403,8436,34.803333333333335
201404,8436,35.023809523809526
201407,8436,32.99818181818182
201410,8436,30.906363636363633
201411,8436,31.762
201412,8436,35.38666666666666
201401,8443,31.654999999999998
201402,8443,30.830625
201403,8443,32.611428571428576
201404,8443,37.514761904761905
201405,8443,39.387142857142855
201406,8443,40.417
201407,8443,40.03818181818182
201408,8443,37.712857142857146
201409,8443,38.614761904761906
201401,8446,47.18222222222222
201402,8446,43.79470588235294
201403,8446,45.191428571428574
201404,8446,41.923809523809524
201405,8446,40.539523809523814
201406,8446,42.5755
201407,8446,38.42818181818182
201408,8446,37.4752380952381
201409,8446,37.9947619047619
201410,8446,30.073636363636364
201412,8446,32.505833333333335
201401,8450,156.98944444444444
201402,8450,156.339375
201403,8450,158.4895238095238
201404,8450,158.2752380952381
201405,8450,157.89142857142855
201406,8450,156.4595
201407,8450,149.27954545454546
201408,8450,139.00142857142856
201409,8450,142.89761904761903
201410,8450,106.66227272727274
201411,8450,75.93100000000001
201412,8450,96.95708333333333
201403,8454,72.87190476190476
201404,8454,73.79571428571428
201405,8454,75.30142857142857
201406,8454,86.30499999999999
201407,8454,99.3409090909091
201408,8454,96.47285714285715
201409,8454,93.51285714285714
201410,8454,98.395
201411,8454,115.17850000000001
201412,8454,125.21999999999998
201409,8462,32.698235294117644
201410,8462,31.206
201409,8463,30.087
201410,8917,30.240000000000002
201411,8917,30.035
201412,8917,30.27
201404,8929,31.378095238095234
201401,8934,39.24722222222223
201402,8934,43.67272727272727
201403,8934,46.67142857142857
201404,8934,48.111111111111114
201405,8934,52.94
201406,8934,57.75
201407,8934,62.739999999999995
201408,8934,57.379999999999995
201409,8934,63.45
201411,8934,49.4
201401,8936,32.17111111111112
201402,8936,37.120588235294115
201403,8936,41.153333333333336
201404,8936,41.41238095238095
201405,8936,35.47142857142857
201406,8936,38.1175
201407,8936,37.765
201408,8936,40.506190476190476
201409,8936,39.90142857142857
201410,8936,34.77227272727273
201411,8936,33.8715
201412,8936,38.13791666666666
201401,8942,30.981111111111108
201402,8942,37.825294117647054
201403,8942,42.723333333333336
201404,8942,40.89952380952381
201405,8942,42.13666666666667
201406,8942,41.4965
201407,8942,39.093636363636364
201408,8942,33.58095238095238
201409,8942,34.06307692307692
201410,8942,34.265
201411,8942,32.296
201412,8942,37.625
201401,8996,40.46722222222222
201402,8996,44.945882352941176
201403,8996,51.28476190476191
201404,8996,48.97904761904762
201405,8996,46.403333333333336
201406,8996,48.319
201407,8996,49.35636363636363
201408,8996,49.25047619047619
201409,8996,47.95
201410,8996,44.01045454545454
201411,8996,38.0555
201412,8996,37.10875
201401,9910,30.679444444444446
201402,9910,33.345882352941175
201403,9910,38.4752380952381
201404,9910,39.581428571428575
201405,9910,38.156190476190474
201406,9910,39.4935
201407,9910,37.82090909090909
201408,9910,41.43904761904762
201409,9910,42.28142857142857
201410,9910,39.876363636363635
201411,9910,42.308499999999995
201412,9910,45.41208333333333
201401,9914,145.94555555555556
201402,9914,135.4505882352941
201403,9914,144.5790476190476
201404,9914,143.08714285714285
201405,9914,144.3738095238095
201406,9914,143.3325
201407,9914,154.6931818181818
201408,9914,164.57714285714286
201409,9914,162.97285714285712
201410,9914,156.82090909090908
201411,9914,160.3075
201412,9914,163.61666666666667
201401,9917,44.05888888888889
201402,9917,44.30705882352942
201403,9917,44.48952380952381
201404,9917,45.207142857142856
201405,9917,44.26714285714286
201406,9917,44.7245
201407,9917,45.930454545454545
201408,9917,49.285714285714285
201409,9917,51.46190476190476
201410,9917,50.05590909090909
201411,9917,49.1155
201412,9917,49.73458333333334
201401,9921,144.7711111111111
201402,9921,144.69470588235293
201403,9921,148.59047619047618
201404,9921,162.0509523809524
201405,9921,169.70190476190479
201406,9921,172.5805
201407,9921,176.2790909090909
201408,9921,182.2657142857143
201409,9921,182.5952380952381
201410,9921,174.82318181818184
201411,9921,192.345
201412,9921,203.63958333333335
201401,9928,67.13055555555555
201402,9928,67.05352941176471
201403,9928,67.27666666666667
201404,9928,65.98285714285714
201405,9928,63.16761904761905
201406,9928,63.81
201407,9928,67.37227272727273
201408,9928,66.94380952380952
201409,9928,68.70761904761905
201410,9928,65.12136363636364
201411,9928,59.82000000000001
201412,9928,50.790416666666665
201401,9930,36.016666666666666
201402,9930,37.49823529411765
201403,9930,37.64142857142857
201404,9930,39.10285714285714
201405,9930,39.68095238095238
201406,9930,40.181
201407,9930,41.389545454545456
201408,9930,40.87095238095238
201409,9930,41.195238095238096
201410,9930,39.78181818181818
201411,9930,38.9145
201412,9930,40.098333333333336
201406,9933,30.491500000000002
201407,9933,30.064090909090908
201408,9933,31.448571428571427
201409,9933,31.140000000000004
201411,9933,30.196999999999996
201412,9933,30.01375
201411,9938,31.2635
201412,9938,30.17
201401,9939,37.45388888888888
201402,9939,38.480588235294114
201403,9939,38.45857142857143
201404,9939,37.81619047619048
201405,9939,35.604285714285716
201406,9939,34.9705
201407,9939,36.09136363636364
201408,9939,36.46619047619048
201409,9939,35.004285714285714
201410,9939,31.335
201411,9939,30.024
201412,9939,33.51583333333333
201401,9942,51.974999999999994
201402,9942,59.74764705882353
201403,9942,76.34428571428572
201404,9942,80.5747619047619
201405,9942,79.41761904761904
201406,9942,78.3235
201407,9942,74.54545454545455
201408,9942,73.34142857142858
201409,9942,71.30761904761906
201410,9942,68.26
201411,9942,64.7795
201412,9942,60.72666666666667
201404,9944,30.425238095238097
201405,9944,31.22047619047619
201406,9944,39.237
201407,9944,50.29272727272728
201408,9944,51.421428571428564
201409,9944,53.2547619047619
201410,9944,41.63727272727272
201411,9944,35.671
201412,9944,38.395
201401,9951,67.13222222222223
201402,9951,75.78588235294117
201403,9951,83.25714285714287
201404,9951,91.14
201405,9951,85.36809523809524
201406,9951,89.311
201407,9951,86.53045454545455
201408,9951,77.04714285714286
201409,9951,75.69904761904762
201410,9951,67.24727272727273
201411,9951,64.60900000000001
201412,9951,72.74583333333332
