year_month,stock_id,mean_close
201501,1216,34.2475
201502,1216,35.86230769230769
201503,1216,35.33045454545454
201504,1216,34.971000000000004
201505,1216,35.939499999999995
201506,1216,36.142857142857146
201507,1216,37.20272727272727
201508,1216,40.34238095238096
201509,1216,40.751999999999995
201510,1216,41.243809523809524
201511,1216,39.53857142857142
201512,1216,39.3095652173913
201501,1227,38.227999999999994
201502,1227,39.98461538461538
201503,1227,43.79318181818182
201504,1227,43.061
201505,1227,44.271499999999996
201506,1227,47.92857142857143
201507,1227,51.73727272727273
201508,1227,49.55238095238095
201509,1227,46.2495
201510,1227,48.805238095238096
201511,1227,49.25619047619048
201512,1227,49.944782608695654
201501,1232,41.771
201502,1232,42.37230769230769
201503,1232,45.36090909090909
201504,1232,46.607
201505,1232,46.552499999999995
201506,1232,44.892857142857146
201507,1232,45.20636363636363
201508,1232,44.76095238095238
201509,1232,45.206
201510,1232,46.44619047619047
201511,1232,47.438095238095244
201512,1232,47.65695652173913
201501,1233,30.655
201502,1233,30.69
201503,1233,30.74590909090909
201504,1233,30.642000000000003
201501,1256,118.72149999999999
201502,1256,122.86999999999999
201503,1256,122.98136363636364
201504,1256,122.99000000000001
201505,1256,116.4905
201506,1256,112.29714285714287
201507,1256,107.79727272727273
201508,1256,88.5495238095238
201509,1256,93.2025
201510,1256,100.41952380952381
201511,1256,93.36428571428571
201512,1256,87.80739130434782
201505,1258,30.806
201506,1258,33.705714285714286
201507,1258,39.27
201508,1258,36.061904761904756
201509,1258,37.233999999999995
201510,1258,40.02285714285714
201511,1258,37.36523809523809
201512,1258,36.26782608695652
201501,1259,48.8625
201502,1259,48.26692307692308
201503,1259,46.57636363636364
201504,1259,45.79888888888889
201505,1259,45.071
201506,1259,44.195238095238096
201507,1259,43.79590909090909
201508,1259,43.107142857142854
201509,1259,41.6165
201510,1259,41.81142857142857
201511,1259,44.11666666666667
201512,1259,49.35173913043478
201501,1262,135.12650000000002
201502,1262,127.2023076923077
201503,1262,120.2218181818182
201504,1262,117.8945
201505,1262,121.803
201506,1262,115.45285714285716
201507,1262,113.36409090909092
201508,1262,106.16809523809525
201509,1262,101.68350000000001
201510,1262,106.33476190476192
201511,1262,110.81142857142856
201512,1262,105.79478260869566
201501,1264,120.35833333333332
201502,1264,117.93153846153845
201503,1264,117.83318181818181
201504,1264,108.604
201505,1264,112.1795
201506,1264,107.7404761904762
201507,1264,102.71909090909092
201508,1264,90.7195238095238
201509,1264,93.65
201510,1264,98.88619047619048
201511,1264,98.48904761904762
201512,1264,93.38565217391304
201512,1268,128.096
201501,1301,47.6355
201502,1301,49.84384615384616
201503,1301,48.145
201504,1301,49.958999999999996
201505,1301,49.9055
201506,1301,46.950476190476195
201507,1301,46.28681818181818
201508,1301,44.799523809523805
201509,1301,45.8055
201510,1301,49.70809523809523
201511,1301,49.546190476190475
201512,1301,48.25043478260869
201501,1303,39.545
201502,1303,41.74538461538462
201503,1303,41.901363636363634
201504,1303,45.049
201505,1303,45.574
201506,1303,44.195238095238096
201507,1303,42.682272727272725
201508,1303,38.294285714285714
201509,1303,36.961
201510,1303,40.46857142857143
201511,1303,39.41190476190476
201512,1303,37.42826086956522
201505,1307,31.188499999999998
201501,1315,38.9075
201502,1315,38.58384615384615
201503,1315,37.916363636363634
201504,1315,37.7305
201505,1315,37.8585
201506,1315,34.94238095238095
201507,1315,32.74727272727273
201508,1315,31.785714285714285
201509,1315,31.4415
201510,1315,32.23047619047619
201511,1315,32.90714285714286
201512,1315,32.27913043478261
201501,1321,32.94
201502,1321,32.30307692307692
201503,1321,32.890454545454546
201504,1321,34.8805
201505,1321,34.1205
201501,1326,44.1005
201502,1326,47.06384615384616
201503,1326,46.20681818181818
201504,1326,49.897000000000006
201505,1326,51.156
201506,1326,48.30238095238095
201507,1326,48.651363636363634
201508,1326,46.081428571428575
201509,1326,45.954
201510,1326,49.346666666666664
201511,1326,48.42809523809524
201512,1326,46.53695652173913
201501,1337,33.808
201502,1337,33.83384615384615
201503,1337,32.344545454545454
201501,1338,58.7635
201502,1338,57.29076923076923
201503,1338,60.344545454545454
201504,1338,67.483
201505,1338,71.9825
201506,1338,71.78380952380952
201507,1338,62.39863636363636
201508,1338,52.64809523809523
201509,1338,57.609500000000004
201510,1338,73.27952380952381
201511,1338,84.46142857142857
201512,1338,81.32913043478261
201501,1339,65.461
201502,1339,54.00076923076923
201503,1339,52.902272727272724
201504,1339,55.27
201505,1339,56.701
201506,1339,53.58714285714285
201507,1339,52.82545454545455
201508,1339,53.84619047619047
201509,1339,48.38
201510,1339,35.75
201511,1339,41.010000000000005
201512,1339,37.71478260869566
201501,1340,56.3215
201502,1340,55.12538461538462
201503,1340,58.094545454545454
201504,1340,56.893499999999996
201505,1340,52.335
201506,1340,45.605714285714285
201507,1340,45.23818181818182
201508,1340,40.94380952380952
201509,1340,43.452
201510,1340,50.35285714285713
201511,1340,52.010000000000005
201512,1340,47.70869565217391
201501,1419,30.418
201502,1419,30.514615384615386
201503,1419,30.046818181818182
201510,1419,30.01380952380952
201501,1432,35.266
201502,1432,34.784615384615385
201503,1432,34.41045454545454
201504,1432,35.3095
201505,1432,32.737
201506,1432,30.38095238095238
201507,1432,30.232727272727274
201509,1432,31.200499999999998
201510,1432,34.9847619047619
201511,1432,35.5247619047619
201512,1432,35.86130434782609
201501,1472,124.46300000000001
201502,1472,118.90846153846154
201503,1472,118.59727272727272
201504,1472,115.2325
201505,1472,96.3375
201506,1472,77.73428571428572
201507,1472,90.35863636363636
201508,1472,74.34095238095239
201509,1472,71.503
201510,1472,78.21666666666667
201511,1472,82.37619047619049
201512,1472,77.41590909090908
201501,1475,38.45052631578947
201502,1475,34.51461538461538
201501,1476,237.183
201502,1476,245.2653846153846
201503,1476,282.33181818181816
201504,1476,295.7015
201505,1476,316.3045
201506,1476,351.82380952380953
201507,1476,340.8404545454545
201508,1476,355.8157142857143
201509,1476,385.323
201510,1476,355.79714285714283
201511,1476,337.1947619047619
201512,1476,328.2969565217391
201501,1477,90.9115
201502,1477,96.19923076923077
201503,1477,109.25409090909092
201504,1477,121.173
201505,1477,133.4785
201506,1477,139.6495238095238
201507,1477,137.20454545454547
201508,1477,146.4209523809524
201509,1477,152.72750000000002
201510,1477,140.13285714285715
201511,1477,124.83952380952381
201512,1477,126.09695652173913
201502,1503,30.197692307692307
201503,1503,30.17954545454546
201504,1503,30.405
201505,1503,30.829
201508,1503,30.03
201509,1503,31.4515
201510,1503,31.52714285714286
201511,1503,31.525714285714283
201512,1503,31.283478260869565
201501,1507,55.248000000000005
201502,1507,54.05769230769231
201503,1507,54.47590909090909
201504,1507,51.61900000000001
201505,1507,50.2405
201506,1507,45.520476190476195
201507,1507,42.287727272727274
201508,1507,36.336666666666666
201509,1507,40.8015
201510,1507,41.78476190476191
201511,1507,40.8252380952381
201512,1507,37.297391304347826
201501,1512,64.901
201502,1512,64.69384615384615
201503,1512,61.89045454545454
201504,1512,60.528
201505,1512,57.69500000000001
201506,1512,48.53380952380952
201507,1512,41.13181818181818
201508,1512,36.887142857142855
201509,1512,35.5
201510,1512,41.49142857142857
201511,1512,48.08857142857143
201512,1512,50.09608695652174
201501,1521,42.484
201502,1521,43.99307692307692
201503,1521,49.875454545454545
201504,1521,54.2855
201505,1521,56.9575
201506,1521,60.18571428571429
201507,1521,55.785
201508,1521,49.63666666666666
201509,1521,49.662
201510,1521,56.58380952380952
201511,1521,52.87666666666667
201512,1521,52.97652173913043
201501,1525,41.703500000000005
201502,1525,40.723076923076924
201503,1525,40.901818181818186
201504,1525,47.036
201505,1525,49.9345
201506,1525,56.37952380952381
201507,1525,46.35636363636364
201508,1525,43.960952380952385
201509,1525,44.251
201510,1525,54.663809523809526
201511,1525,56.650000000000006
201512,1525,57.06739130434782
201503,1527,32.096363636363634
201504,1527,34.158
201509,1527,33.115
201510,1527,41.70388888888888
201511,1527,40.43375
201512,1527,41.15260869565218
201501,1533,56.0865
201502,1533,56.79461538461539
201503,1533,55.07818181818182
201504,1533,48.495999999999995
201505,1533,41.2185
201506,1533,36.70904761904762
201507,1533,30.745454545454546
201509,1533,42.102
201510,1533,43.41190476190476
201511,1533,41.41285714285714
201512,1533,36.85217391304348
201501,1535,42.7125
201502,1535,41.86538461538461
201503,1535,44.769090909090906
201504,1535,47.9185
201505,1535,46.0755
201506,1535,45.1552380952381
201507,1535,44.20681818181818
201508,1535,39.97
201509,1535,39.3565
201510,1535,40.574285714285715
201511,1535,40.36666666666667
201512,1535,39.02869565217391
201501,1536,42.759
201502,1536,45.17
201503,1536,46.900454545454544
201504,1536,54.392999999999994
201505,1536,60.6155
201506,1536,72.48142857142857
201507,1536,74.81227272727273
201508,1536,73.02666666666667
201509,1536,80.127
201510,1536,83.63095238095238
201511,1536,95.11904761904762
201512,1536,97.37217391304348
201501,1537,52.121
201502,1537,52.43076923076923
201503,1537,57.83545454545455
201504,1537,69.5895
201505,1537,78.0195
201506,1537,84.40285714285714
201507,1537,73.05363636363637
201508,1537,68.13714285714285
201509,1537,71.5885
201510,1537,71.71809523809523
201511,1537,73.0847619047619
201512,1537,73.99739130434783
201501,1538,53.146
201502,1538,52.19461538461538
201503,1538,49.694545454545455
201504,1538,45.6535
201505,1538,40.236000000000004
201507,1538,31.920909090909092
201510,1541,36.95857142857143
201511,1541,39.46952380952381
201501,1558,84.53999999999999
201502,1558,85.66461538461537
201503,1558,93.70636363636363
201504,1558,96.66749999999999
201505,1558,91.9465
201506,1558,87.05047619047619
201507,1558,86.27999999999999
201508,1558,75.20761904761905
201509,1558,72.76700000000001
201510,1558,77.38
201511,1558,81.29571428571428
201512,1558,78.2695652173913
201501,1560,40.785000000000004
201502,1560,41.058461538461536
201503,1560,43.25454545454546
201504,1560,42.2465
201505,1560,41.439
201506,1560,39.63952380952381
201507,1560,37.53363636363636
201508,1560,33.25380952380952
201509,1560,33.207499999999996
201510,1560,37.58238095238095
201511,1560,37.63095238095238
201512,1560,35.95695652173913
201501,1563,94.0155
201502,1563,106.47538461538463
201503,1563,120.61999999999999
201504,1563,132.4795
201505,1563,122.201
201506,1563,125.44238095238094
201507,1563,114.82681818181818
201508,1563,96.74571428571429
201509,1563,106.4505
201510,1563,119.76333333333335
201511,1563,125.34619047619047
201512,1563,123.63826086956522
201501,1565,317.26599999999996
201502,1565,297.86153846153843
201503,1565,315.18863636363636
201504,1565,324.4805
201505,1565,331.299
201506,1565,315.52285714285716
201507,1565,281.93227272727273
201508,1565,226.45619047619047
201509,1565,252.69699999999997
201510,1565,308.56666666666666
201511,1565,382.99571428571426
201512,1565,420.79
201501,1580,101.424
201502,1580,98.25076923076924
201503,1580,97.78181818181817
201504,1580,101.089
201505,1580,97.557
201506,1580,91.88952380952381
201507,1580,95.30909090909091
201508,1580,73.49476190476192
201509,1580,65.1925
201510,1580,67.22047619047619
201511,1580,65.22999999999999
201512,1580,62.3395652173913
201501,1582,40.757999999999996
201502,1582,41.425384615384615
201503,1582,43.17636363636364
201504,1582,42.439499999999995
201505,1582,38.9145
201506,1582,36.103809523809524
201507,1582,32.74
201509,1582,30.610500000000002
201510,1582,33.20571428571428
201511,1582,34.39714285714286
201512,1582,32.936521739130434
201501,1583,44.957
201502,1583,51.059999999999995
201503,1583,50.76090909090909
201504,1583,51.017
201505,1583,47.0495
201506,1583,39.36333333333333
201507,1583,38.96
201508,1583,36.22
201509,1583,35.794
201510,1583,38.9
201511,1583,39.514761904761905
201512,1583,38.86086956521739
201501,1589,108.93800000000002
201502,1589,110.74846153846154
201503,1589,138.72545454545454
201504,1589,156.392
201505,1589,170.7065
201506,1589,183.24238095238096
201507,1589,174.3259090909091
201508,1589,156.85761904761907
201509,1589,151.8885
201510,1589,178.5209523809524
201511,1589,162.4195238095238
201512,1589,149.15521739130435
201501,1590,213.23049999999998
201502,1590,216.65384615384616
201503,1590,206.1409090909091
201504,1590,183.555
201505,1590,187.754
201506,1590,166.18142857142857
201507,1590,134.6290909090909
201508,1590,127.03857142857143
201509,1590,144.7595
201510,1590,146.46428571428572
201511,1590,131.71809523809523
201512,1590,126.77608695652174
201504,1592,30.357
201501,1595,48.4105
201502,1595,48.31307692307693
201503,1595,49.158181818181816
201504,1595,47.225
201505,1595,42.046
201506,1595,39.07142857142857
201507,1595,37.385
201508,1595,33.14666666666667
201509,1595,32.843
201510,1595,33.992380952380955
201511,1595,36.53142857142857
201512,1595,37.20913043478261
201501,1702,34.9975
201502,1702,35.82692307692308
201503,1702,38.79545454545455
201504,1702,42.7835
201505,1702,41.513999999999996
201506,1702,41.455714285714286
201507,1702,42.37227272727273
201508,1702,47.25666666666667
201509,1702,46.1105
201510,1702,46.09285714285714
201511,1702,44.43095238095238
201512,1702,42.89260869565217
201501,1707,88.2545
201502,1707,87.71538461538461
201503,1707,88.39045454545455
201504,1707,108.7335
201505,1707,117.15
201506,1707,128.66380952380953
201507,1707,146.29181818181817
201508,1707,118.5509523809524
201509,1707,117.946
201510,1707,124.73761904761903
201511,1707,129.57619047619048
201512,1707,130.13260869565218
201501,1722,34.6485
201502,1722,34.582307692307694
201503,1722,34.24090909090909
201504,1722,34.560500000000005
201505,1722,34.459
201506,1722,32.25857142857143
201507,1722,31.468181818181815
201501,1723,102.018
201502,1723,99.40615384615384
201503,1723,98.34818181818181
201504,1723,98.4555
201505,1723,98.224
201506,1723,93.45190476190476
201507,1723,89.42636363636363
201508,1723,74.07571428571428
201509,1723,73.149
201510,1723,82.14380952380952
201511,1723,82.85047619047619
201512,1723,75.87608695652175
201501,1726,48.652499999999996
201502,1726,49.48461538461538
201503,1726,49.664090909090916
201504,1726,51.177
201505,1726,51.3125
201506,1726,49.39809523809523
201507,1726,49.152272727272724
201508,1726,43.33714285714286
201509,1726,40.521
201510,1726,41.325714285714284
201511,1726,42.71
201512,1726,43.57608695652174
201501,1729,65.52000000000001
201502,1729,60.533846153846156
201503,1729,56.191818181818185
201504,1729,54.7675
201505,1729,59.234
201506,1729,61.21523809523809
201507,1729,58.4
201508,1729,62.87571428571429
201509,1729,70.7445
201510,1729,74.6447619047619
201511,1729,75.16666666666667
201512,1729,71.70869565217392
201501,1733,33.5445
201502,1733,32.495384615384616
201503,1733,32.72863636363636
201504,1733,33.2125
201505,1733,31.8425
201511,1733,30.298095238095236
201512,1733,31.18521739130435
201501,1734,31.136000000000003
201502,1734,30.586153846153845
201503,1734,30.38590909090909
201501,1736,61.3775
201502,1736,67.25615384615385
201503,1736,70.77681818181817
201504,1736,68.6925
201505,1736,59.56849999999999
201506,1736,59.20238095238095
201507,1736,58.945454545454545
201508,1736,46.35952380952381
201509,1736,40.691500000000005
201510,1736,46.94190476190476
201511,1736,49.188095238095244
201512,1736,47.20739130434782
201501,1742,35.553000000000004
201502,1742,35.47461538461538
201503,1742,36.87045454545454
201504,1742,35.9785
201505,1742,32.6875
201511,1752,32.235238095238095
201512,1752,31.954782608695655
201501,1760,252.252
201502,1760,221.39307692307693
201503,1760,217.93863636363633
201504,1760,201.671
201505,1760,140.07
201506,1760,127.21142857142857
201507,1760,128.87136363636364
201508,1760,100.45952380952382
201509,1760,102.458
201510,1760,100.66380952380953
201511,1760,107.17476190476191
201512,1760,130.42608695652174
201512,1762,33.21565217391304
201501,1777,45.6275
201502,1777,45.77230769230769
201503,1777,49.370000000000005
201504,1777,52.629999999999995
201505,1777,50.67
201506,1777,50.131904761904764
201507,1777,50.84318181818182
201508,1777,48.400952380952376
201509,1777,49.951
201510,1777,51.70857142857143
201511,1777,56.743333333333325
201512,1777,59.18478260869565
201503,1781,32.87954545454546
201504,1781,33.37
201501,1784,33.306
201502,1784,32.74307692307692
201503,1784,36.61772727272727
201504,1784,37.102
201505,1784,32.532
201511,1784,32.16095238095238
201512,1784,31.56173913043478
201501,1786,69.06649999999999
201502,1786,66.50384615384615
201503,1786,63.13227272727273
201504,1786,64.95700000000001
201505,1786,57.32000000000001
201506,1786,45.766666666666666
201507,1786,44.175909090909094
201508,1786,38.40142857142857
201509,1786,41.7
201510,1786,44.462380952380954
201511,1786,44.86571428571428
201512,1786,46.27608695652174
201501,1788,52.2635
201502,1788,52.396153846153844
201503,1788,52.64727272727273
201504,1788,52.1995
201505,1788,52.4935
201506,1788,51.418571428571425
201507,1788,52.720454545454544
201508,1788,51.394285714285715
201509,1788,51.9705
201510,1788,52.593333333333334
201511,1788,54.27809523809523
201512,1788,59.557391304347824
201501,1789,41.732
201502,1789,38.52076923076923
201503,1789,38.376363636363635
201504,1789,40.0135
201505,1789,35.6805
201509,1789,31.615999999999996
201510,1789,31.93142857142857
201511,1789,41.154761904761905
201512,1789,45.10782608695652
201501,1795,91.4555
201502,1795,88.90461538461538
201503,1795,95.18681818181818
201504,1795,91.7905
201505,1795,78.6795
201506,1795,72.24428571428572
201507,1795,74.92454545454545
201508,1795,62.790952380952376
201509,1795,65.644
201510,1795,69.7752380952381
201511,1795,70.8742857142857
201512,1795,68.86391304347826
201501,1799,54.6395
201502,1799,52.612307692307695
201503,1799,49.966818181818184
201504,1799,51.748000000000005
201505,1799,46.8215
201506,1799,39.64904761904762
201507,1799,45.18909090909091
201508,1799,37.96809523809524
201509,1799,38.569
201510,1799,41.228095238095236
201511,1799,49.33904761904761
201512,1799,48.670869565217394
201501,1903,37.542500000000004
201502,1903,37.34230769230769
201503,1903,37.30681818181818
201504,1903,37.29
201505,1903,38.03
201506,1903,35.226190476190474
201507,1903,32.32727272727273
201510,1903,30.604761904761908
201511,1903,30.07857142857143
201512,1903,30.167391304347827
201501,2002A,30.482666666666667
201502,2002A,30.5475
201503,2002A,30.547500000000003
201504,2002A,30.5425
201505,2002A,30.575714285714287
201506,2002A,30.50941176470588
201507,2002A,30.517500000000002
201501,2025,9053.6445
201502,2025,8854.243846153846
201503,2025,8091.779545454545
201504,2025,7544.9925
201505,2025,7612.661
201506,2025,6682.535714285715
201507,2025,6294.395
201508,2025,5178.799047619048
201509,2025,4878.175499999999
201510,2025,5277.120476190476
201511,2025,4240.204285714286
201512,2025,3279.299130434783
201501,2035,41.8875
201502,2035,42.599999999999994
201503,2035,48.665909090909096
201504,2035,51.722500000000004
201505,2035,53.15
201506,2035,51.29761904761905
201507,2035,48.665909090909096
201508,2035,48.61904761904762
201509,2035,48.455
201510,2035,47.38095238095238
201511,2035,45.48809523809524
201512,2035,44.80217391304348
201501,2049,182.4365
201502,2049,182.14999999999998
201503,2049,173.74818181818182
201504,2049,160.5525
201505,2049,164.1545
201506,2049,152.60761904761907
201507,2049,143.3840909090909
201508,2049,123.06857142857143
201509,2049,129.2405
201510,2049,133.91238095238094
201511,2049,122.49285714285713
201512,2049,100.05608695652174
201501,2059,351.6335
201502,2059,395.09615384615387
201503,2059,395.2704545454546
201504,2059,383.293
201505,2059,363.75300000000004
201506,2059,346.0461904761905
201507,2059,304.22545454545457
201508,2059,321.29
201509,2059,354.2605
201510,2059,354.2661904761905
201511,2059,336.32428571428574
201512,2059,351.35869565217394
201501,2062,45.4485
201502,2062,45.06461538461539
201503,2062,48.54863636363636
201504,2062,45.78
201505,2062,42.677
201506,2062,38.48238095238095
201507,2062,33.74590909090909
201509,2062,33.7235
201510,2062,35.97095238095238
201511,2062,36.603809523809524
201512,2062,33.75086956521739
201501,2066,71.9795
201502,2066,70.64615384615385
201503,2066,71.70181818181818
201504,2066,84.37
201505,2066,78.751
201506,2066,75.42190476190476
201507,2066,81.39272727272727
201508,2066,74.96238095238095
201509,2066,72.4975
201510,2066,70.62
201511,2066,79.14190476190477
201512,2066,74.3691304347826
201501,2105,48.734500000000004
201502,2105,50.25923076923077
201503,2105,48.48863636363637
201504,2105,47.1025
201505,2105,46.304500000000004
201506,2105,43.95333333333333
201507,2105,42.2359090909091
201508,2105,37.95666666666667
201509,2105,37.29
201510,2105,40.85095238095238
201511,2105,39.65714285714286
201512,2105,36.753478260869564
201501,2106,36.902
201502,2106,38.03615384615385
201503,2106,36.97454545454545
201504,2106,35.3585
201505,2106,33.045
201509,2106,30.130000000000003
201510,2106,33.42
201511,2106,33.7347619047619
201512,2106,31.889565217391304
201501,2114,50.613
201502,2114,51.14076923076924
201503,2114,58.32454545454546
201504,2114,56.773
201505,2114,49.2385
201506,2114,40.506190476190476
201507,2114,38.26363636363636
201508,2114,33.66285714285714
201509,2114,36.3645
201510,2114,39.59761904761905
201511,2114,39.74095238095238
201512,2114,36.97043478260869
201501,2201,59.477
201502,2201,58.58923076923077
201503,2201,56.81363636363637
201504,2201,53.114
201505,2201,51.8
201506,2201,48.46333333333333
201507,2201,42.68272727272727
201508,2201,37.43095238095238
201509,2201,40.4
201510,2201,43.605714285714285
201511,2201,43.58952380952381
201512,2201,40.611304347826085
201501,2204,33.063
201502,2204,32.849230769230765
201503,2204,32.824999999999996
201504,2204,31.871500000000005
201505,2204,31.7065
201501,2207,342.485
201502,2207,359.50307692307695
201503,2207,360.015
201504,2207,365.99899999999997
201505,2207,385.18850000000003
201506,2207,335.5495238095238
201507,2207,320.6354545454546
201508,2207,305.0257142857143
201509,2207,283.8225
201510,2207,297.6514285714286
201511,2207,280.92285714285714
201512,2207,293.1147826086957
201501,2227,154.1575
201502,2227,148.19538461538463
201503,2227,151.34045454545455
201504,2227,153.6585
201505,2227,166.94549999999998
201506,2227,163.01333333333332
201507,2227,156.5781818181818
201508,2227,144.65857142857143
201509,2227,141.3325
201510,2227,159.55523809523808
201511,2227,158.6742857142857
201512,2227,163.95521739130433
201501,2228,81.5865
201502,2228,79.76692307692308
201503,2228,85.00227272727273
201504,2228,89.8575
201505,2228,93.0975
201506,2228,103.4204761904762
201507,2228,99.4031818181818
201508,2228,93.58142857142857
201509,2228,103.2165
201510,2228,119.03095238095239
201511,2228,116.38190476190476
201512,2228,107.71260869565216
201501,2231,126.9775
201502,2231,141.4530769230769
201503,2231,146.26045454545454
201504,2231,156.43599999999998
201505,2231,164.589
201506,2231,163.94142857142856
201507,2231,146.41272727272727
201508,2231,143.19333333333333
201509,2231,155.345
201510,2231,183.37571428571428
201511,2231,189.29095238095238
201512,2231,192.4886956521739
201501,2233,48.962
201502,2233,50.29
201503,2233,57.67
201504,2233,58.229
201505,2233,50.3705
201506,2233,43.948095238095235
201507,2233,38.17318181818182
201508,2233,31.32
201509,2233,33.956
201510,2233,35.35142857142857
201511,2233,41.06047619047619
201512,2233,42.51130434782608
201501,2235,50.8835
201502,2235,50.65615384615384
201503,2235,50.18954545454546
201504,2235,61.621
201505,2235,54.7965
201506,2235,56.30238095238095
201507,2235,57.973636363636366
201508,2235,59.50952380952381
201509,2235,57.9645
201510,2235,60.79380952380953
201511,2235,73.58857142857144
201512,2235,77.95260869565217
201509,2239,118.97777777777777
201510,2239,125.14526315789475
201511,2239,133.48499999999999
201512,2239,144.07
201501,2308,134.89000000000001
201502,2308,144.22538461538463
201503,2308,146.78454545454545
201504,2308,139.5905
201505,2308,127.7855
201506,2308,119.30666666666667
201507,2308,119.22045454545454
201508,2308,115.69190476190477
201509,2308,121.0435
201510,2308,124.07047619047619
201511,2308,122.48761904761903
201512,2308,118.84130434782608
201501,2311,33.338
201502,2311,36.05153846153846
201503,2311,38.64727272727273
201504,2311,37.838
201505,2311,37.6705
201506,2311,36.41190476190476
201507,2311,34.26181818181818
201509,2311,31.8885
201510,2311,33.90428571428571
201511,2311,33.504285714285714
201512,2311,33.670434782608694
201501,2317,63.280499999999996
201502,2317,63.559230769230766
201503,2317,66.03545454545454
201504,2317,68.33200000000001
201505,2317,70.045
201506,2317,70.58238095238096
201507,2317,69.23454545454545
201508,2317,64.29666666666667
201509,2317,66.818
201510,2317,68.92476190476191
201511,2317,67.60380952380953
201512,2317,65.18391304347826
201501,2321,57.379999999999995
201502,2321,54.86846153846154
201503,2321,50.22409090909091
201504,2321,47.6885
201505,2321,41.347500000000004
201506,2321,41.58190476190477
201507,2321,39.699473684210524
201508,2321,30.635238095238098
201509,2321,31.561176470588233
201510,2321,34.432857142857145
201511,2321,50.901428571428575
201512,2321,36.81363636363636
201501,2325,40.959500000000006
201502,2325,45.13307692307693
201503,2325,45.29863636363636
201504,2325,42.18
201505,2325,41.667
201506,2325,38.922380952380955
201507,2325,35.569545454545455
201508,2325,31.99761904761905
201509,2325,36.775999999999996
201510,2325,37.392857142857146
201511,2325,39.46095238095238
201512,2325,43.42782608695652
201501,2327,52.7375
201502,2327,61.07846153846154
201503,2327,65.38136363636364
201504,2327,64.6485
201505,2327,62.314
201506,2327,55.00333333333333
201507,2327,49.89409090909091
201508,2327,50.586190476190474
201509,2327,52.9495
201510,2327,55.9952380952381
201511,2327,55.0995238095238
201512,2327,54.91478260869565
201501,2330,102.5685
201502,2330,108.71461538461539
201503,2330,110.15499999999999
201504,2330,108.22
201505,2330,108.718
201506,2330,105.8504761904762
201507,2330,105.85636363636364
201508,2330,97.40523809523809
201509,2330,97.15
201510,2330,104.68666666666667
201511,2330,106.7447619047619
201512,2330,108.50086956521739
201501,2342,32.444
201502,2342,31.055384615384614
201502,2351,30.783846153846152
201503,2351,32.35454545454546
201504,2351,30.149
201501,2354,58.281499999999994
201502,2354,56.10846153846153
201503,2354,55.57772727272727
201504,2354,59.92100000000001
201505,2354,66.095
201506,2354,73.60857142857142
201507,2354,72.53318181818182
201508,2354,65.12333333333333
201509,2354,66.421
201510,2354,64.67761904761905
201511,2354,56.24047619047619
201512,2354,50.1795652173913
201501,2355,37.2435
201502,2355,38.74153846153846
201503,2355,42.165454545454544
201504,2355,41.532
201505,2355,39.097
201506,2355,35.067142857142855
201507,2355,30.804090909090913
201508,2355,32.493809523809524
201509,2355,33.8565
201510,2355,33.261428571428574
201511,2355,35.51238095238095
201512,2355,39.28478260869565
201501,2357,161.767
201502,2357,160.42615384615385
201503,2357,156.55545454545452
201504,2357,157.9565
201505,2357,150.956
201506,2357,144.94190476190477
201507,2357,141.62954545454545
201508,2357,140.69666666666666
201509,2357,150.1495
201510,2357,154.48142857142858
201511,2357,147.05809523809526
201512,2357,141.8191304347826
201501,2360,58.934000000000005
201502,2360,57.473076923076924
201503,2360,57.48863636363637
201504,2360,55.545500000000004
201505,2360,51.144
201506,2360,48.050000000000004
201507,2360,48.05136363636364
201508,2360,43.1
201509,2360,43.373000000000005
201510,2360,45.50238095238095
201511,2360,44.26571428571429
201512,2360,49.001304347826085
201501,2362,31.28
201502,2362,31.611538461538462
201503,2362,31.578636363636363
201504,2362,31.426499999999997
201501,2364,33.07
201502,2364,30.96923076923077
201503,2364,32.17318181818182
201504,2364,30.8225
201510,2364,34.41619047619048
201511,2364,33.294761904761906
201501,2373,41.344
201502,2373,41.113846153846154
201503,2373,41.05954545454545
201504,2373,40.884
201505,2373,41.178
201506,2373,41.123333333333335
201507,2373,40.571363636363635
201508,2373,40.75809523809524
201509,2373,40.8615
201510,2373,41.12714285714286
201511,2373,40.99666666666666
201512,2373,40.81608695652174
201501,2379,62.2885
201502,2379,60.61
201503,2379,62.432272727272725
201504,2379,60.19199999999999
201505,2379,56.6755
201506,2379,51.067619047619054
201507,2379,45.44227272727273
201508,2379,35.24904761904762
201509,2379,38.489999999999995
201510,2379,45.554761904761904
201511,2379,48.68523809523809
201512,2379,53.06304347826087
201501,2382,43.577999999999996
201502,2382,44.277692307692305
201503,2382,43.190000000000005
201504,2382,42.517
201505,2382,43.425
201506,2382,40.457142857142856
201507,2382,37.57863636363636
201508,2382,34.41428571428572
201509,2382,35.694
201510,2382,34.09047619047619
201511,2382,32.18571428571428
201512,2382,31.910434782608696
201502,2383,30.085384615384616
201503,2383,35.34772727272727
201504,2383,36.0185
201505,2383,37.4825
201506,2383,36.07142857142857
201507,2383,43.844545454545454
201508,2383,48.82
201509,2383,51.60549999999999
201510,2383,49.892380952380954
201511,2383,47.08809523809524
201512,2383,41.70608695652174
201501,2385,43.89
201502,2385,44.347692307692306
201503,2385,44.413636363636364
201504,2385,43.911500000000004
201505,2385,43.983
201506,2385,41.553333333333335
201507,2385,43.717727272727274
201508,2385,42.256190476190476
201509,2385,43.168
201510,2385,43.374761904761904
201511,2385,40.28333333333334
201512,2385,38.85826086956522
201501,2390,33.679
201502,2390,33.76
201503,2390,33.91590909090909
201504,2390,30.232499999999998
201501,2392,33.4185
201502,2392,34.63692307692308
201503,2392,35.98227272727273
201504,2392,37.5905
201505,2392,36.7345
201506,2392,34.065238095238094
201507,2392,31.72772727272727
201509,2392,30.259500000000003
201510,2392,31.026190476190475
201511,2392,30.11809523809524
201501,2393,39.909000000000006
201502,2393,42.79
201503,2393,42.18181818181818
201504,2393,38.583999999999996
201505,2393,38.6055
201506,2393,34.62238095238096
201501,2395,135.9305
201502,2395,140.9953846153846
201503,2395,148.41181818181818
201504,2395,144.69400000000002
201505,2395,143.15699999999998
201506,2395,130.78190476190477
201507,2395,127.3940909090909
201508,2395,126.36476190476189
201509,2395,127.7565
201510,2395,139.2342857142857
201511,2395,131.76857142857142
201512,2395,126.80217391304348
201501,2406,39.95
201502,2406,40.303076923076915
201503,2406,41.43772727272727
201504,2406,44.08
201505,2406,36.778000000000006
201506,2406,35.89857142857143
201507,2406,35.49681818181818
201510,2406,36.91952380952381
201511,2406,44.061904761904756
201512,2406,57.69695652173913
201501,2408,48.685
201502,2408,48.323076923076925
201503,2408,48.60045454545455
201504,2408,44.6565
201505,2408,39.858
201506,2408,37.69380952380953
201501,2412,62.1015
201502,2412,63.673846153846156
201503,2412,64.95363636363636
201504,2412,65.1105
201505,2412,64.9
201506,2412,63.88285714285714
201507,2412,65.62954545454546
201508,2412,67.73238095238096
201509,2412,67.85499999999999
201510,2412,68.96761904761904
201511,2412,68.81190476190476
201512,2412,68.53782608695653
201501,2424,68.36777777777777
201502,2424,66.14333333333333
201503,2424,65.72
201504,2424,64.21529411764705
201505,2424,63.14333333333333
201506,2424,57.7105
201507,2424,55.31857142857143
201508,2424,49.238571428571426
201509,2424,51.98133333333333
201510,2424,52.483333333333334
201511,2424,52.36588235294118
201512,2424,50.493529411764705
201501,2428,30.276999999999997
201502,2428,31.086153846153845
201503,2428,31.80545454545455
201510,2428,30.797619047619047
201511,2428,33.46857142857143
201512,2428,38.170434782608694
201501,2434,66.661
201502,2434,67.1123076923077
201503,2434,63.314090909090915
201504,2434,72.5509090909091
201505,2434,66.074
201506,2434,51.974761904761905
201507,2434,46.34681818181818
201508,2434,34.36333333333333
201509,2434,35.795
201510,2434,39.06619047619048
201511,2434,38.62857142857143
201512,2434,36.36217391304348
201501,2437,47.39
201502,2437,48.972307692307695
201503,2437,53.08545454545455
201504,2437,55.052499999999995
201505,2437,52.225
201506,2437,49.04
201507,2437,47.68863636363637
201508,2437,42.16047619047619
201509,2437,42.456
201510,2437,45.56619047619048
201511,2437,45.63095238095238
201512,2437,45.953913043478266
201501,2439,66.7485
201502,2439,65.45
201503,2439,64.165
201504,2439,55.013
201505,2439,41.04
201506,2439,40.951904761904764
201507,2439,38.29272727272727
201510,2439,35.523809523809526
201511,2439,40.526666666666664
201512,2439,38.01347826086956
201501,2448,56.4285
201502,2448,54.49846153846154
201503,2448,52.72772727272727
201504,2448,43.288
201505,2448,44.077
201506,2448,39.85952380952381
201507,2448,32.47590909090909
201501,2451,51.827
201502,2451,53.16230769230769
201503,2451,56.22636363636364
201504,2451,60.338499999999996
201505,2451,60.596000000000004
201506,2451,60.355714285714285
201507,2451,55.82363636363636
201508,2451,46.96904761904762
201509,2451,47.0335
201510,2451,48.93333333333333
201511,2451,47.44047619047619
201512,2451,47.03652173913043
201501,2454,287.614
201502,2454,278.95307692307694
201503,2454,264.11
201504,2454,241.0335
201505,2454,230.26350000000002
201506,2454,244.83952380952383
201507,2454,225.76454545454544
201508,2454,164.92857142857142
201509,2454,161.7945
201510,2454,164.58619047619047
201511,2454,171.09428571428572
201512,2454,162.4704347826087
201503,2455,34.405454545454546
201504,2455,34.140499999999996
201505,2455,35.881
201506,2455,41.8447619047619
201507,2455,44.29363636363637
201508,2455,35.85333333333333
201509,2455,36.384
201510,2455,37.48476190476191
201511,2455,35.32333333333333
201512,2455,42.62260869565217
201501,2456,37.209500000000006
201502,2456,46.316153846153846
201503,2456,51.434090909090905
201504,2456,58.780499999999996
201505,2456,71.0645
201506,2456,68.07095238095238
201507,2456,58.13818181818181
201508,2456,49.021904761904764
201509,2456,47.592
201510,2456,49.593809523809526
201511,2456,54.82714285714285
201512,2456,63.05565217391304
201501,2458,37.572
201502,2458,40.283076923076926
201503,2458,42.47272727272727
201504,2458,39.938
201505,2458,36.581
201506,2458,33.72095238095238
201507,2458,31.040454545454544
201510,2458,30.106666666666666
201511,2458,30.95619047619048
201512,2458,36.65086956521739
201502,2466,30.504615384615384
201503,2466,30.127272727272725
201501,2474,160.7815
201502,2474,174.42000000000002
201503,2474,187.40681818181818
201504,2474,217.3005
201505,2474,214.1915
201506,2474,220.79190476190476
201507,2474,223.9131818181818
201508,2474,206.4090476190476
201509,2474,206.455
201510,2474,209.97523809523807
201511,2474,199.00190476190477
201512,2474,184.5704347826087
201507,2485,30.516363636363636
201510,2485,32.710952380952385
201511,2485,37.82
201512,2485,42.51304347826087
201511,2496,35.42714285714286
201512,2496,47.27304347826087
201501,2497,58.920500000000004
201502,2497,62.643076923076926
201503,2497,59.73181818181818
201504,2497,59.7405
201505,2497,57.275999999999996
201506,2497,47.00333333333333
201507,2497,44.02818181818182
201508,2497,36.097142857142856
201509,2497,40.6695
201510,2497,41.31476190476191
201511,2497,37.44095238095238
201512,2497,33.73217391304348
201501,2498,149.4405
201502,2498,149.50615384615384
201503,2498,140.11909090909091
201504,2498,129.8415
201505,2498,108.22999999999999
201506,2498,80.20571428571428
201507,2498,69.16318181818181
201508,2498,52.99761904761905
201509,2498,56.628
201510,2498,72.15571428571428
201511,2498,80.46190476190476
201512,2498,76.01478260869565
201503,2499,30.192272727272726
201505,2634,31.214499999999997
201506,2634,31.613809523809522
201507,2634,30.364545454545453
201510,2634,30.936190476190475
201511,2634,31.130000000000003
201512,2634,30.247826086956525
201501,2640,48.21
201502,2640,49.931538461538466
201503,2640,50.05
201504,2640,50.227
201505,2640,45.660000000000004
201506,2640,45.47142857142857
201507,2640,41.39772727272727
201508,2640,35.70904761904762
201509,2640,35.596
201510,2640,36.479523809523805
201511,2640,35.50142857142857
201512,2640,32.59130434782609
201501,2642,36.5125
201502,2642,34.853846153846156
201503,2642,33.36363636363637
201504,2642,31.386000000000003
201501,2707,168.5995
201502,2707,167.85846153846154
201503,2707,171.70545454545456
201504,2707,171.7505
201505,2707,162.631
201506,2707,140.60238095238097
201507,2707,129.1718181818182
201508,2707,123.12571428571428
201509,2707,128.6595
201510,2707,128.96857142857144
201511,2707,133.5542857142857
201512,2707,131.91391304347826
201502,2718,30.213333333333335
201503,2718,30.085
201504,2718,30.1075
201505,2718,31.415000000000003
201506,2718,30.540000000000003
201501,2719,104.99549999999999
201502,2719,102.23615384615384
201503,2719,104.50818181818181
201504,2719,105.46600000000001
201505,2719,121.19950000000001
201506,2719,114.97952380952381
201507,2719,107.83272727272728
201508,2719,85.96380952380953
201509,2719,79.26950000000001
201510,2719,81.68142857142857
201511,2719,79.68238095238095
201512,2719,74.60826086956521
201505,2722,30.571499999999997
201506,2722,31.184761904761906
201507,2722,32.43142857142857
201508,2722,32.186190476190475
201509,2722,32.45894736842106
201510,2722,32.24823529411764
201511,2722,32.22615384615385
201512,2722,32.31368421052631
201501,2723,100.47
201502,2723,100.47307692307693
201503,2723,89.57090909090908
201504,2723,80.163
201505,2723,93.8105
201506,2723,89.50523809523808
201507,2723,88.9440909090909
201508,2723,95.25714285714287
201509,2723,107.20150000000001
201510,2723,119.94380952380953
201511,2723,129.33190476190475
201512,2723,137.21
201501,2724,57.225
201502,2724,58.86923076923077
201503,2724,58.91363636363636
201504,2724,56.30499999999999
201505,2724,47.775
201506,2724,40.98095238095238
201507,2724,39.304761904761904
201508,2724,32.80952380952381
201509,2724,30.139999999999997
201510,2724,33.95238095238095
201511,2724,32.175
201501,2726,43.414
201502,2726,42.614615384615384
201503,2726,43.77909090909091
201504,2726,47.1505
201505,2726,48.143
201506,2726,53.89666666666666
201507,2726,53.23272727272728
201508,2726,55.1135
201509,2726,51.55105263157895
201510,2726,53.43300000000001
201511,2726,61.88904761904762
201512,2726,70.70173913043479
201501,2727,189.4255
201502,2727,184.71153846153845
201503,2727,167.16272727272727
201504,2727,173.798
201505,2727,181.2865
201506,2727,183.7204761904762
201507,2727,171.44681818181817
201508,2727,134.75238095238097
201509,2727,120.5325
201510,2727,128.61095238095237
201511,2727,107.96428571428571
201512,2727,104.86999999999999
201501,2729,99.90549999999999
201502,2729,96.41615384615385
201503,2729,96.06863636363636
201504,2729,105.28
201505,2729,102.54
201506,2729,98.12809523809524
201507,2729,97.85409090909091
201508,2729,96.9095238095238
201509,2729,93.9875
201510,2729,98.18095238095239
201511,2729,97.11714285714285
201512,2729,94.87260869565216
201501,2731,66.8655
201502,2731,66.2476923076923
201503,2731,74.74727272727273
201504,2731,86.5025
201505,2731,104.87750000000001
201506,2731,108.98428571428572
201507,2731,117.79636363636364
201508,2731,103.76666666666667
201509,2731,112.6025
201510,2731,107.06904761904761
201511,2731,91.69857142857143
201512,2731,84.96391304347826
201501,2732,67.70750000000001
201502,2732,56.58153846153846
201503,2732,56.62318181818182
201504,2732,57.0345
201505,2732,52.156499999999994
201506,2732,48.973333333333336
201507,2732,49.39454545454546
201508,2732,47.71
201509,2732,53.677
201510,2732,49.794761904761906
201511,2732,47.7447619047619
201512,2732,45.625652173913046
201501,2736,46.644999999999996
201502,2736,46.56714285714286
201503,2736,49.32952380952381
201504,2736,47.177499999999995
201505,2736,45.589444444444446
201506,2736,44.282222222222224
201507,2736,44.887368421052635
201508,2736,42.0921052631579
201509,2736,39.416111111111114
201510,2736,41.44
201511,2736,43.526666666666664
201512,2736,47.60130434782609
201501,2739,91.199
201502,2739,90.23125
201503,2739,89.241
201504,2739,89.327
201505,2739,83.193125
201506,2739,77.72
201507,2739,74.95857142857143
201508,2739,68.563
201509,2739,61.68
201510,2739,54.125
201511,2739,49.605384615384615
201512,2739,58.09888888888889
201501,2740,450.05421052631584
201502,2740,435.1016666666667
201503,2740,413.67499999999995
201504,2740,414.2457894736842
201505,2740,431.4057142857143
201506,2740,422.6531578947368
201507,2740,423.8240909090909
201508,2740,360.6235294117647
201509,2740,297.4921428571428
201510,2740,281.3161111111111
201511,2740,287.66150000000005
201512,2740,307.2278260869565
201503,2743,41.306666666666665
201504,2743,37.927499999999995
201505,2743,40.206
201506,2743,38.340999999999994
201507,2743,36.61888888888889
201508,2743,35.69777777777777
201509,2745,63.838
201510,2745,61.88647058823529
201511,2745,63.783529411764704
201512,2745,64.49235294117648
201511,2748,46.4775
201512,2748,48.192727272727275
201505,2833,30.910000000000004
201506,2833,32.76428571428572
201507,2833,32.836363636363636
201508,2833,30.859523809523807
201501,2833A,37.475
201502,2833A,37.9
201503,2833A,37.483333333333334
201504,2833A,37.475
201505,2833A,37.483333333333334
201506,2833A,37.59444444444445
201507,2833A,37.61666666666667
201508,2833A,36.230000000000004
201509,2833A,35.76153846153846
201510,2833A,35.9
201505,2881,32.766
201506,2881,31.992380952380955
201507,2881,31.865
201503,2882,30.64181818181818
201504,2882,32.517
201505,2882,34.5715
201506,2882,33.65047619047619
201507,2882,33.836363636363636
201508,2882,30.579523809523806
201510,2882,30.283809523809527
201511,2882,30.69
201510,2891A,35.971428571428575
201511,2891A,35.93571428571429
201512,2891A,36.09615384615385
201501,2910,32.47388888888889
201502,2910,32.6
201503,2910,32.43157894736842
201504,2910,34.05444444444444
201505,2910,33.483999999999995
201501,2911,31.4295
201502,2911,30.344615384615388
201504,2911,30.154500000000002
201511,2911,31.978571428571428
201501,2912,171.54950000000002
201502,2912,179.8130769230769
201503,2912,177.3668181818182
201504,2912,163.7305
201505,2912,160.99200000000002
201506,2912,155.29761904761904
201507,2912,155.8709090909091
201508,2912,161.77714285714288
201509,2912,153.509
201510,2912,161.81238095238095
201511,2912,157.88238095238094
201512,2912,151.6686956521739
201501,2915,49.0895
201502,2915,49.902307692307694
201503,2915,49.00909090909091
201504,2915,54.032500000000006
201505,2915,54.0995
201506,2915,50.51761904761904
201507,2915,49.458181818181814
201508,2915,43.60285714285714
201509,2915,42.8515
201510,2915,46.67952380952381
201511,2915,46.87428571428571
201512,2915,49.971304347826084
201501,2924,70.6045
201502,2924,70.78923076923077
201503,2924,73.11909090909091
201504,2924,74.039
201505,2924,73.6195
201506,2924,73.53999999999999
201507,2924,73.11454545454545
201508,2924,71.59190476190477
201509,2924,70.963
201510,2924,66.1
201511,2924,61.016666666666666
201512,2924,59.645
201501,2926,119.02850000000001
201502,2926,114.64384615384614
201503,2926,114.06454545454545
201504,2926,114.48800000000001
201505,2926,110.56400000000001
201506,2926,111.61809523809524
201507,2926,118.3747619047619
201508,2926,113.75857142857141
201509,2926,112.0855
201510,2926,111.95619047619047
201511,2926,114.08999999999999
201512,2926,141.30826086956523
201501,2929,51.066
201502,2929,48.5623076923077
201503,2929,54.09636363636364
201504,2929,61.196000000000005
201505,2929,61.117999999999995
201506,2929,57.772380952380956
201507,2929,52.21590909090909
201508,2929,49.597142857142856
201509,2929,50.999
201510,2929,59.27142857142857
201511,2929,73.37238095238095
201512,2929,63.18565217391304
201501,3004,37.6455
201502,3004,33.65538461538461
201503,3004,36.95363636363636
201504,3004,34.525
201505,3004,36.564
201506,3004,34.27285714285714
201507,3004,33.414545454545454
201508,3004,30.14761904761905
201509,3004,31.2195
201510,3004,34.01190476190476
201511,3004,41.039523809523814
201512,3004,44.216521739130435
201501,3006,33.2
201502,3006,32.465384615384615
201503,3006,33.24727272727273
201504,3006,30.064
201501,3008,1902.5895
201502,3008,2060.1215384615384
201503,3008,2060.746818181818
201504,3008,2204.654
201505,3008,2488.602
201506,3008,2596.5733333333333
201507,3008,2598.3404545454546
201508,3008,2258.230476190476
201509,3008,2158.3154999999997
201510,3008,1972.5628571428572
201511,3008,2030.0366666666669
201512,3008,1801.2043478260869
201501,3018,39.6045
201502,3018,38.68
201503,3018,39.356818181818184
201504,3018,39.5675
201505,3018,34.8125
201508,3018,30.73095238095238
201509,3018,33.951499999999996
201510,3018,32.05666666666667
201511,3018,33.6552380952381
201512,3018,30.58391304347826
201501,3019,31.7665
201502,3019,34.63307692307693
201503,3019,34.49590909090909
201504,3019,30.544
201505,3019,30.107
201501,3022,56.4655
201502,3022,56.12538461538462
201503,3022,60.684090909090905
201504,3022,62.213499999999996
201505,3022,59.4605
201506,3022,59.2952380952381
201507,3022,54.22727272727273
201508,3022,44.39190476190476
201509,3022,45.495999999999995
201510,3022,48.29333333333333
201511,3022,47.549523809523805
201512,3022,45.89
201502,3023,30.198461538461537
201503,3023,32.66954545454546
201504,3023,34.3785
201505,3023,35.370999999999995
201506,3023,39.50380952380952
201507,3023,33.72954545454545
201508,3023,32.51619047619048
201509,3023,38.6215
201510,3023,39.51095238095238
201511,3023,43.43047619047619
201512,3023,42.831739130434784
201504,3030,32.082
201505,3030,33.5395
201506,3030,37.64142857142857
201507,3030,34.19318181818182
201510,3030,32.43714285714285
201511,3030,30.47190476190476
201501,3034,89.85549999999999
201502,3034,84.44307692307692
201503,3034,83.1531818181818
201504,3034,77.5015
201505,3034,77.8485
201506,3034,75.64142857142858
201507,3034,67.42681818181819
201508,3034,58.16952380952381
201509,3034,59.9525
201510,3034,60.46380952380952
201511,3034,63.5295238095238
201512,3034,69.85391304347827
201501,3035,40.928
201502,3035,42.70923076923077
201503,3035,46.692727272727275
201504,3035,46.0495
201505,3035,42.964
201506,3035,41.80952380952381
201507,3035,36.73863636363637
201508,3035,30.302380952380954
201509,3035,31.326999999999998
201510,3035,38.57380952380952
201511,3035,36.83428571428571
201512,3035,36.33391304347826
201501,3041,66.029
201502,3041,65.38615384615385
201503,3041,67.30454545454546
201504,3041,59.9375
201505,3041,54.42999999999999
201506,3041,43.15857142857143
201507,3041,39.71409090909091
201508,3041,33.31333333333333
201509,3041,38.7105
201510,3041,40.993809523809524
201511,3041,45.86238095238095
201512,3041,47.24391304347826
201501,3044,38.0955
201502,3044,39.89692307692307
201503,3044,37.70818181818182
201504,3044,36.2695
201505,3044,33.463
201506,3044,32.410000000000004
201507,3044,32.251363636363635
201510,3044,30.776190476190475
201511,3044,34.29190476190476
201512,3044,35.10782608695652
201501,3045,67.2115
201502,3045,67.57538461538462
201503,3045,69.00272727272727
201504,3045,68.047
201505,3045,67.9525
201506,3045,66.74714285714286
201507,3045,68.04454545454546
201508,3045,67.34095238095237
201509,3045,67.24549999999999
201510,3045,67.64190476190477
201511,3045,67.08761904761904
201512,3045,65.49260869565217
201502,3046,30.763076923076923
201503,3046,39.650454545454544
201504,3046,48.424
201505,3046,44.748000000000005
201506,3046,42.75857142857143
201507,3046,40.151818181818186
201508,3046,32.815238095238094
201509,3046,34.452
201510,3046,34.80428571428571
201511,3046,30.84047619047619
201501,3057,67.64500000000001
201502,3057,62.34384615384616
201503,3057,61.99045454545455
201504,3057,62.668000000000006
201505,3057,50.827999999999996
201506,3057,44.668571428571425
201507,3057,37.68090909090909
201510,3057,35.368095238095236
201511,3057,33.1552380952381
201512,3057,33.38652173913044
201501,3060,137.8
201502,3060,132.85846153846154
201503,3060,130.70772727272728
201504,3060,105.03599999999999
201505,3060,100.534
201506,3060,90.02238095238096
201507,3060,65.79681818181818
201508,3060,49.42047619047619
201509,3060,50.564
201510,3060,57.5047619047619
201511,3060,55.12904761904762
201512,3060,51.253043478260864
201501,3064,327.823
201502,3064,320.19307692307694
201503,3064,314.0309090909091
201504,3064,293.75
201505,3064,286.6995
201506,3064,319.1757142857143
201507,3064,317.4868181818182
201508,3064,232.38714285714286
201509,3064,225.89499999999998
201510,3064,241.12333333333333
201511,3064,218.35904761904763
201512,3064,206.57347826086954
201501,3081,127.748
201502,3081,150.91846153846154
201503,3081,158.01
201504,3081,163.1905
201505,3081,165.0955
201506,3081,195.00666666666666
201507,3081,211.52272727272728
201508,3081,224.88952380952384
201509,3081,255.60399999999998
201510,3081,268.49380952380955
201511,3081,273.76809523809527
201512,3081,291.8060869565217
201501,3083,65.74499999999999
201502,3083,60.900000000000006
201503,3083,58.97727272727273
201504,3083,54.69500000000001
201505,3083,54.589999999999996
201506,3083,54.63809523809524
201507,3083,45.61818181818182
201510,3083,36.37380952380953
201511,3083,38.15714285714286
201512,3083,39.64782608695652
201501,3085,44.25052631578947
201502,3085,42.43538461538461
201503,3085,94.14272727272727
201504,3085,81.909
201505,3085,91.40549999999999
201506,3085,60.179047619047616
201507,3085,51.51090909090909
201508,3085,42.81047619047619
201509,3085,54.717499999999994
201510,3085,57.773809523809526
201511,3085,53.867
201512,3085,52.428260869565214
201501,3086,102.994
201502,3086,97.97153846153847
201503,3086,105.82318181818182
201504,3086,118.31099999999999
201505,3086,109.14349999999999
201506,3086,97.97809523809524
201507,3086,83.83318181818181
201508,3086,63.30761904761905
201509,3086,70.997
201510,3086,80.81333333333333
201511,3086,83.22904761904762
201512,3086,83.40347826086956
201501,3088,36.5595
201502,3088,35.495384615384616
201503,3088,36.31045454545455
201504,3088,37.8185
201505,3088,37.664
201506,3088,35.789523809523814
201509,3088,31.820999999999998
201510,3088,35.885714285714286
201511,3088,36.87761904761904
201512,3088,35.17304347826087
201501,3089,95.60900000000001
201502,3089,94.13461538461539
201503,3089,90.91772727272728
201504,3089,54.220000000000006
201505,3089,47.8955
201506,3089,57.549523809523805
201507,3089,61.848636363636366
201508,3089,52.22238095238096
201509,3089,63.346500000000006
201510,3089,55.19333333333333
201511,3089,50.26809523809524
201512,3089,45.73913043478261
201501,3095,78.013
201502,3095,125.90461538461538
201503,3095,168.66136363636363
201504,3095,133.5925
201505,3095,147.2235
201506,3095,147.57714285714286
201507,3095,113.23227272727273
201508,3095,92.11047619047619
201509,3095,95.61850000000001
201510,3095,84.09761904761905
201511,3095,70.20904761904762
201512,3095,62.02652173913043
201501,3105,41.983
201502,3105,43.87384615384615
201503,3105,50.31909090909091
201504,3105,52.0245
201505,3105,55.9755
201506,3105,55.644285714285715
201507,3105,47.21454545454546
201508,3105,35.208461538461535
201509,3105,38.521499999999996
201510,3105,45.023809523809526
201511,3105,53.098571428571425
201512,3105,55.227391304347826
201501,3130,85.681
201502,3130,88.03692307692307
201503,3130,93.99272727272728
201504,3130,88.6855
201505,3130,86.15299999999999
201506,3130,78.85666666666667
201507,3130,80.24227272727272
201508,3130,78.06571428571428
201509,3130,80.72894736842105
201510,3130,83.92333333333333
201511,3130,80.96095238095238
201512,3130,78.6195652173913
201501,3131,104.87750000000001
201502,3131,97.10076923076923
201503,3131,98.88272727272728
201504,3131,97.7755
201505,3131,98.884
201506,3131,107.00285714285714
201507,3131,123.425
201508,3131,107.55333333333333
201509,3131,120.8975
201510,3131,123.18
201511,3131,117.70190476190477
201512,3131,156.15565217391304
201501,3149,65.5405
201502,3149,61.45153846153846
201503,3149,64.2159090909091
201504,3149,62.7855
201505,3149,50.8455
201506,3149,41.38095238095238
201507,3149,35.001363636363635
201510,3149,32.03095238095238
201511,3149,31.08761904761905
201501,3152,103.374
201502,3152,105.08615384615383
201503,3152,108.57545454545453
201504,3152,105.3425
201505,3152,123.3385
201506,3152,172.05714285714285
201507,3152,163.0581818181818
201508,3152,139.74714285714285
201509,3152,157.0865
201510,3152,156.32666666666668
201511,3152,156.22238095238095
201512,3152,164.3782608695652
201501,3163,42.804
201502,3163,42.01615384615385
201503,3163,48.97909090909091
201504,3163,49.455
201505,3163,39.583
201506,3163,35.23476190476191
201507,3163,36.28636363636363
201501,3176,160.825
201502,3176,158.3846153846154
201503,3176,156.20454545454547
201504,3176,131.275
201505,3176,119.175
201506,3176,96.30952380952381
201507,3176,102.95454545454545
201508,3176,89.82380952380952
201509,3176,93.755
201510,3176,95.53333333333333
201511,3176,90.63333333333333
201512,3176,90.05652173913045
201501,3189,73.4665
201502,3189,72.36076923076922
201503,3189,73.175
201504,3189,69.764
201505,3189,64.429
201506,3189,60.80714285714286
201507,3189,53.66954545454546
201508,3189,43.32952380952381
201509,3189,47.816500000000005
201510,3189,51.85952380952381
201511,3189,48.38142857142857
201512,3189,50.39869565217391
201501,3191,41.855000000000004
201502,3191,45.76153846153846
201503,3191,43.304545454545455
201504,3191,46.81
201505,3191,48.39
201506,3191,47.49047619047619
201507,3191,39.72272727272727
201508,3191,30.538095238095234
201510,3191,33.647619047619045
201511,3191,32.04761904761905
201512,3191,30.11304347826087
201504,3205,36.0965
201505,3205,50.3445
201506,3205,75.93857142857144
201507,3205,98.28681818181818
201508,3205,96.77000000000001
201509,3205,136.52100000000002
201510,3205,183.45714285714286
201511,3205,255.16238095238094
201512,3205,253.7173913043478
201501,3211,31.583499999999997
201502,3211,31.88076923076923
201503,3211,33.60045454545455
201504,3211,33.075
201505,3211,30.8705
201506,3224,30.274761904761903
201510,3224,30.367619047619048
201511,3224,32.62095238095238
201512,3224,33.25608695652174
201501,3226,40.199
201502,3226,40.05769230769231
201503,3226,39.36454545454546
201504,3226,39.831
201505,3226,40.0165
201506,3226,40.579047619047614
201507,3226,38.11181818181819
201508,3226,34.22857142857143
201509,3226,34.94777777777777
201510,3226,35.78333333333334
201511,3226,38.78
201512,3226,45.38434782608695
201501,3227,53.374
201502,3227,55.70230769230769
201503,3227,67.09772727272728
201504,3227,61.298
201505,3227,55.367999999999995
201506,3227,56.55238095238095
201507,3227,52.15272727272727
201508,3227,39.63761904761905
201509,3227,42.6435
201510,3227,48.392380952380954
201511,3227,48.170952380952386
201512,3227,52.05913043478262
201503,3228,34.50954545454545
201504,3228,34.6645
201505,3228,31.581
201501,3229,101.74199999999999
201502,3229,92.70538461538462
201503,3229,96.665
201504,3229,104.12899999999999
201505,3229,94.5475
201506,3229,94.73142857142857
201507,3229,85.16727272727273
201508,3229,60.68904761904762
201509,3229,61.2525
201510,3229,56.857619047619046
201511,3229,53.392380952380954
201512,3229,42.77782608695652
201501,3232,41.6265
201502,3232,41.90615384615384
201503,3232,41.82636363636363
201504,3232,37.272000000000006
201505,3232,34.271499999999996
201501,3234,44.2005
201502,3234,46.073076923076925
201503,3234,55.26818181818182
201504,3234,63.9745
201505,3234,73.543
201506,3234,100.10857142857144
201507,3234,92.6940909090909
201508,3234,79.87333333333333
201509,3234,92.7905
201510,3234,116.39047619047618
201511,3234,123.77238095238097
201512,3234,110.50695652173913
201501,3252,30.668888888888887
201501,3257,35.4685
201502,3257,35.05769230769231
201503,3257,35.34772727272727
201504,3257,31.159
201501,3259,68.9855
201502,3259,64.64923076923077
201503,3259,62.91636363636364
201504,3259,66.4225
201505,3259,64.8715
201506,3259,66.0247619047619
201507,3259,57.82545454545455
201508,3259,49.74285714285714
201509,3259,49.7895
201510,3259,53.109047619047615
201511,3259,51.959047619047624
201512,3259,50.64043478260869
201501,3260,33.53
201502,3260,31.633076923076924
201503,3260,32.65318181818182
201501,3272,66.114
201502,3272,64.00384615384615
201503,3272,76.80681818181819
201504,3272,80.03150000000001
201505,3272,63.354499999999994
201506,3272,48.31
201507,3272,46.28636363636363
201508,3272,33.16952380952381
201509,3272,38.167
201510,3272,45.294285714285714
201511,3272,44.743809523809524
201512,3272,42.756521739130434
201501,3285,39.124
201502,3285,34.290769230769236
201503,3285,37.848181818181814
201504,3285,33.797000000000004
201501,3288,45.754000000000005
201502,3288,44.67923076923077
201503,3288,43.19090909090909
201504,3288,41.195499999999996
201505,3288,37.53052631578947
201506,3288,32.477
201510,3288,31.295238095238098
201501,3289,52.907000000000004
201502,3289,53.11769230769231
201503,3289,57.67045454545455
201504,3289,60.097500000000004
201505,3289,56.131499999999996
201506,3289,55.68619047619048
201507,3289,63.283181818181816
201508,3289,50.8
201509,3289,57.9015
201510,3289,63.488571428571426
201511,3289,58.77761904761904
201512,3289,62.34391304347827
201501,3293,46.418
201502,3293,43.76153846153846
201503,3293,40.91954545454546
201504,3293,40.952999999999996
201505,3293,34.592
201506,3293,32.093809523809526
201507,3293,34.77727272727273
201512,3293,34.45739130434782
201503,3311,32.81636363636364
201504,3311,33.6925
201506,3311,32.45
201501,3321,88.40650000000001
201502,3321,102.1723076923077
201503,3321,115.00727272727272
201504,3321,112.979
201505,3321,110.1075
201506,3321,110.5147619047619
201507,3321,103.30409090909092
201508,3321,80.04095238095238
201509,3321,78.6845
201510,3321,82.8047619047619
201511,3321,88.85857142857142
201512,3321,82.91130434782609
201512,3324,30.72304347826087
201501,3339,63.738
201502,3339,61.850769230769224
201503,3339,60.278636363636366
201504,3339,53.161500000000004
201505,3339,44.6475
201506,3339,35.63142857142857
201501,3356,72.1135
201502,3356,75.65538461538462
201503,3356,74.83500000000001
201504,3356,75.035
201505,3356,68.021
201506,3356,63.14190476190476
201507,3356,59.92045454545455
201508,3356,52.76285714285714
201509,3356,56.9575
201510,3356,62.46952380952381
201511,3356,59.481428571428566
201512,3356,55.100434782608694
201501,3374,41.4
201502,3374,43.355384615384615
201503,3374,48.032272727272726
201504,3374,53.561
201505,3374,49.2565
201506,3374,41.21142857142858
201507,3374,34.66090909090909
201509,3374,30.661
201510,3374,35.44047619047619
201511,3374,35.07238095238095
201512,3374,30.702173913043477
201501,3376,45.057
201502,3376,47.12307692307692
201503,3376,52.344545454545454
201504,3376,52.89
201505,3376,60.93300000000001
201506,3376,63.593333333333334
201507,3376,56.39727272727273
201508,3376,52.60476190476191
201509,3376,60.344500000000004
201510,3376,65.86380952380952
201511,3376,73.28142857142858
201512,3376,80.86347826086956
201501,3383,70.935
201502,3383,67.82615384615384
201503,3383,69.34727272727272
201504,3383,65.124
201505,3383,59.689
201506,3383,47.89666666666667
201507,3383,45.22
201508,3383,36.02857142857143
201509,3383,34.787
201510,3383,37.854285714285716
201511,3383,36.78047619047619
201512,3383,36.93695652173913
201501,3388,34.375
201502,3388,35.05769230769231
201503,3388,35.24545454545454
201504,3388,35.7325
201505,3388,35.3675
201506,3388,34.49095238095238
201507,3388,34.17090909090909
201508,3388,32.40380952380953
201509,3388,32.697
201510,3388,33.55238095238095
201511,3388,33.32476190476191
201512,3388,32.909130434782604
201501,3406,96.5235
201502,3406,91.36846153846153
201503,3406,92.31
201504,3406,81.02799999999999
201505,3406,73.602
201506,3406,58.357619047619046
201507,3406,59.186818181818175
201508,3406,45.48952380952381
201509,3406,47.8505
201510,3406,58.66904761904762
201511,3406,60.27571428571429
201512,3406,54.73130434782608
201501,3413,40.6535
201502,3413,40.41692307692308
201503,3413,43.696363636363635
201504,3413,44.887
201505,3413,41.9345
201506,3413,42.32285714285714
201507,3413,44.068636363636365
201508,3413,31.259523809523813
201509,3413,32.048
201510,3413,35.804761904761904
201511,3413,43.02857142857143
201512,3413,47.70043478260869
201501,3416,34.8855
201502,3416,34.417692307692306
201503,3416,35.107727272727274
201504,3416,35.091
201505,3416,33.209500000000006
201506,3416,31.407142857142855
201507,3416,31.00318181818182
201509,3416,30.932
201510,3416,32.36333333333333
201511,3416,33.65904761904762
201512,3416,34.426956521739136
201501,3432,41.3415
201502,3432,39.20461538461538
201503,3432,39.21318181818182
201504,3432,34.567
201501,3437,44.3295
201502,3437,43.37384615384615
201503,3437,47.403181818181814
201504,3437,45.3875
201505,3437,42.6685
201506,3437,31.64666666666667
201503,3438,30.364545454545453
201501,3443,70.6115
201502,3443,69.04538461538462
201503,3443,67.96454545454546
201504,3443,64.655
201505,3443,64.667
201506,3443,63.656666666666666
201507,3443,62.70772727272727
201508,3443,52.74809523809524
201509,3443,48.620999999999995
201510,3443,52.2547619047619
201511,3443,55.544761904761906
201512,3443,55.646956521739135
201501,3450,40.3875
201502,3450,40.44307692307692
201503,3450,47.66363636363636
201504,3450,52.391
201505,3450,59.455499999999994
201506,3450,66.80095238095238
201507,3450,60.23545454545455
201508,3450,53.95619047619047
201509,3450,60.876
201510,3450,66.74619047619048
201511,3450,68.43476190476191
201512,3450,64.70826086956522
201501,3454,60.033500000000004
201502,3454,58.613846153846154
201503,3454,59.560909090909085
201504,3454,54.98
201505,3454,49.6505
201506,3454,45.04
201507,3454,47.72772727272727
201508,3454,55.25047619047619
201509,3454,55.8775
201510,3454,55.49761904761905
201511,3454,50.917142857142856
201512,3454,48.307391304347824
201501,3474,47.292500000000004
201502,3474,46.23461538461538
201503,3474,43.57954545454545
201504,3474,38.9525
201505,3474,33.99
201511,3479,32.916666666666664
201512,3479,38.67782608695652
201503,3484,35.318636363636365
201504,3484,40.9915
201505,3484,36.1185
201501,3490,83.1365
201502,3490,86.59153846153846
201503,3490,103.88318181818181
201504,3490,95.2675
201505,3490,92.274
201506,3490,90.71380952380953
201507,3490,74.1590909090909
201508,3490,54.389523809523816
201509,3490,58.413
201510,3490,61.51571428571428
201511,3490,59.90761904761904
201512,3490,51.09086956521739
201501,3491,43.043
201502,3491,44.645384615384614
201503,3491,49.08772727272728
201504,3491,53.59400000000001
201505,3491,54.208000000000006
201506,3491,57.37238095238095
201507,3491,53.77590909090909
201508,3491,44.15380952380953
201509,3491,46.597
201510,3491,56.50380952380952
201511,3491,54.85142857142858
201512,3491,50.58043478260869
201501,3494,70.547
201502,3494,65.70923076923077
201503,3494,64.49727272727273
201504,3494,63.141999999999996
201505,3494,54.954499999999996
201506,3494,49.18095238095238
201507,3494,57.92909090909091
201508,3494,51.85333333333334
201509,3494,50.064
201510,3494,63.78476190476191
201511,3494,57.840476190476195
201512,3494,55.3495652173913
201501,3498,75.856
201502,3498,71.00384615384615
201503,3498,73.95
201504,3498,80.628
201505,3498,80.397
201506,3498,97.32619047619048
201507,3498,81.42909090909092
201508,3498,63.62285714285714
201509,3498,68.52250000000001
201510,3498,83.14857142857143
201511,3498,86.08285714285714
201512,3498,74.29434782608696
201512,3501,30.724347826086955
201501,3504,59.44199999999999
201502,3504,59.58384615384615
201503,3504,59.40090909090909
201504,3504,59.0785
201505,3504,49.95
201506,3504,40.89904761904762
201507,3504,34.815909090909095
201508,3504,30.63285714285714
201509,3504,34.222
201510,3504,38.946666666666665
201511,3504,37.96809523809524
201512,3504,35.33478260869565
201508,3511,30.283809523809527
201509,3511,34.07
201510,3511,33.25095238095238
201501,3515,40.437
201502,3515,40.56153846153846
201503,3515,41.75727272727273
201504,3515,41.253
201505,3515,37.751
201506,3515,31.809047619047618
201507,3515,30.280909090909088
201501,3518,40.327
201502,3518,40.97615384615384
201503,3518,42.80954545454546
201504,3518,45.183
201505,3518,40.42
201506,3518,42.63095238095238
201507,3518,44.32363636363636
201508,3518,35.727619047619044
201509,3518,31.597500000000004
201510,3518,31.874761904761904
201511,3518,30.421904761904763
201512,3518,30.85739130434783
201501,3520,276.40700000000004
201502,3520,275.90384615384613
201503,3520,248.44954545454547
201504,3520,179.6045
201505,3520,183.8435
201506,3520,200.63952380952384
201507,3520,194.75363636363636
201508,3520,139.54238095238094
201509,3520,138.581
201510,3520,153.4847619047619
201511,3520,152.35190476190476
201512,3520,205.80260869565217
201501,3523,66.94
201502,3523,62.52076923076923
201503,3523,61.475
201504,3523,60.775999999999996
201505,3523,66.8485
201506,3523,68.99809523809525
201507,3523,79.34863636363637
201508,3523,72.89333333333333
201509,3523,93.9745
201510,3523,79.68333333333334
201511,3523,76.37761904761905
201512,3523,82.01391304347827
201501,3527,38.2475
201502,3527,38.472307692307695
201503,3527,43.067727272727275
201504,3527,39.427
201505,3527,35.6605
201506,3527,32.27095238095238
201501,3529,285.399
201502,3529,278.0138461538462
201503,3529,285.00954545454545
201504,3529,288.53049999999996
201505,3529,318.086
201506,3529,389.0847619047619
201507,3529,349.2022727272727
201508,3529,273.85714285714283
201509,3529,280.764
201510,3529,289.92904761904765
201511,3529,297.91380952380956
201512,3529,323.28391304347826
201501,3530,36.063529411764705
201502,3530,40.3025
201503,3530,39.75333333333333
201504,3530,39.59470588235294
201505,3530,38.19266666666667
201506,3530,36.448235294117644
201507,3530,34.945
201508,3530,32.24
201509,3530,34.466470588235296
201510,3530,35.28777777777778
201511,3530,38.97666666666667
201512,3530,58.59391304347827
201501,3532,83.5925
201502,3532,95.40538461538462
201503,3532,95.8559090909091
201504,3532,75.7655
201505,3532,76.725
201506,3532,62.174285714285716
201507,3532,53.970454545454544
201508,3532,44.287142857142854
201509,3532,51.7155
201510,3532,60.30190476190476
201511,3532,57.78333333333334
201512,3532,56.36565217391305
201501,3533,104.43900000000001
201502,3533,103.60923076923078
201503,3533,106.00181818181818
201504,3533,94.85499999999999
201505,3533,92.879
201506,3533,81.06333333333333
201507,3533,76.3690909090909
201508,3533,69.97428571428571
201509,3533,81.13000000000001
201510,3533,82.31809523809524
201511,3533,85.94190476190477
201512,3533,94.06782608695652
201501,3541,59.32000000000001
201502,3541,53.924615384615386
201503,3541,60.10590909090909
201504,3541,60.029999999999994
201505,3541,51.976
201506,3541,42.799523809523805
201507,3541,42.692727272727275
201508,3541,31.15095238095238
201509,3541,32.767
201510,3541,46.5852380952381
201511,3541,40.79428571428572
201512,3541,36.18
201501,3545,44.5935
201502,3545,44.25307692307692
201503,3545,44.701818181818176
201504,3545,40.939
201505,3545,37.768
201506,3545,40.73904761904762
201507,3545,36.67272727272727
201509,3545,30.445
201510,3545,30.97047619047619
201511,3545,34.83380952380952
201512,3545,33.986666666666665
201501,3551,37.335
201502,3551,36.1
201503,3551,34.82
201504,3551,32.958
201501,3552,91.5975
201502,3552,91.85307692307691
201503,3552,100.19772727272726
201504,3552,104.457
201505,3552,119.1335
201506,3552,140.0961904761905
201507,3552,132.74227272727273
201508,3552,137.50238095238097
201509,3552,160.1445
201510,3552,190.15761904761905
201511,3552,221.70809523809524
201512,3552,241.4717391304348
201501,3555,67.51849999999999
201502,3555,67.49384615384616
201503,3555,61.87590909090909
201504,3555,40.0305
201505,3555,39.868
201506,3555,33.597500000000004
201507,3555,30.314999999999998
201504,3556,30.281
201505,3556,32.5105
201506,3556,34.75
201501,3558,105.4125
201502,3558,113.16461538461539
201503,3558,120.2309090909091
201504,3558,131.128
201505,3558,141.6865
201506,3558,157.81952380952382
201507,3558,158.13227272727272
201508,3558,139.4404761904762
201509,3558,142.0045
201510,3558,135.16904761904763
201511,3558,146.31619047619046
201512,3558,139.7495652173913
201501,3563,31.464
201502,3563,30.71076923076923
201503,3563,33.07909090909091
201504,3563,32.676
201505,3563,31.185000000000002
201501,3564,39.194
201502,3564,40.27153846153846
201503,3564,42.73409090909091
201504,3564,47.197
201505,3564,45.2675
201506,3564,52.67285714285715
201507,3564,47.10318181818182
201508,3564,41.35619047619048
201509,3564,41.2185
201510,3564,51.36190476190476
201511,3564,52.52428571428571
201512,3564,47.77434782608695
201501,3570,56.373000000000005
201502,3570,60.23153846153846
201503,3570,59.93
201504,3570,61.0655
201505,3570,53.2745
201506,3570,47.27857142857143
201507,3570,45.329047619047614
201508,3570,43.68
201509,3570,42.8445
201510,3570,46.32476190476191
201511,3570,46.77666666666667
201512,3570,37.56391304347826
201501,3576,47.001999999999995
201502,3576,45.826153846153844
201503,3576,46.390454545454546
201504,3576,48.214999999999996
201505,3576,40.759
201506,3576,39.51761904761905
201507,3576,43.35181818181818
201508,3576,31.60333333333333
201509,3576,30.214999999999996
201510,3576,35.900952380952376
201511,3576,37.14380952380952
201512,3576,41.899130434782606
201501,3583,46.787
201502,3583,47.25
201503,3583,44.84409090909091
201504,3583,44.3675
201505,3583,42.507999999999996
201506,3583,43.2652380952381
201507,3583,45.28363636363636
201508,3583,43.626666666666665
201509,3583,46.564499999999995
201510,3583,49.02285714285714
201511,3583,58.87142857142857
201512,3583,60.69173913043478
201501,3587,41.747
201502,3587,41.02384615384616
201503,3587,41.00090909090909
201504,3587,38.897000000000006
201505,3587,31.68
201506,3587,33.065238095238094
201507,3587,31.933636363636364
201510,3587,41.860952380952384
201511,3587,40.50142857142857
201512,3587,39.993478260869566
201501,3592,40.5985
201502,3592,41.54384615384616
201503,3592,40.048181818181824
201504,3592,40.4695
201505,3592,42.560500000000005
201506,3592,41.919999999999995
201507,3592,36.469545454545454
201502,3593,31.874615384615385
201503,3593,34.804545454545455
201501,3594,45.916
201502,3594,41.75
201503,3594,39.41045454545454
201504,3594,35.481
201505,3594,30.0935
201501,3598,64.966
201502,3598,63.189230769230775
201503,3598,62.870909090909095
201504,3598,58.065
201505,3598,54.231500000000004
201506,3598,49.63095238095238
201507,3598,45.25181818181818
201508,3598,41.44285714285714
201509,3598,49.3425
201510,3598,49.083333333333336
201511,3598,49.2547619047619
201512,3598,49.18260869565218
201501,3605,32.605000000000004
201502,3605,31.46
201503,3605,30.909545454545455
201501,3607,38.8695
201502,3607,41.176923076923075
201503,3607,43.674090909090914
201504,3607,46.937
201505,3607,44.771
201506,3607,42.85
201507,3607,40.38136363636364
201508,3607,34.97238095238095
201509,3607,35.741
201510,3607,38.09095238095238
201511,3607,36.089999999999996
201512,3607,33.58434782608696
201501,3611,124.13899999999998
201502,3611,119.12923076923077
201503,3611,120.26590909090909
201504,3611,125.01050000000001
201505,3611,114.19449999999999
201506,3611,125.4657142857143
201507,3611,129.5668181818182
201508,3611,128.52714285714288
201509,3611,121.90450000000001
201510,3611,126.62761904761904
201511,3611,162.25619047619048
201512,3611,168.36217391304348
201501,3617,38.917500000000004
201502,3617,38.504615384615384
201503,3617,39.605
201504,3617,40.503499999999995
201505,3617,37.9525
201506,3617,38.96904761904762
201507,3617,40.567727272727275
201508,3617,36.51571428571428
201509,3617,38.6285
201510,3617,47.97333333333333
201511,3617,66.19666666666667
201512,3617,65.43478260869566
201501,3623,59.7645
201502,3623,60.99692307692308
201503,3623,60.92454545454545
201504,3623,53.061
201505,3623,46.804500000000004
201506,3623,45.35190476190476
201507,3623,43.23772727272728
201508,3623,39.2747619047619
201509,3623,40.8095
201510,3623,50.16952380952381
201511,3623,48.11333333333333
201512,3623,54.53947368421053
201501,3628,31.871499999999997
201502,3628,32.94384615384615
201503,3628,34.08409090909091
201504,3628,41.8255
201505,3628,38.1415
201506,3628,40.82142857142857
201507,3628,36.266363636363636
201508,3628,30.28238095238095
201510,3628,30.476666666666667
201511,3628,30.36714285714286
201512,3628,32.08869565217391
201506,3629,35.945238095238096
201507,3629,30.232857142857142
201509,3629,30.307333333333336
201512,3629,47.56304347826087
201501,3630,37.1065
201502,3630,35.99153846153846
201503,3630,35.70818181818182
201504,3630,33.3735
201501,3631,56.9895
201502,3631,56.315384615384616
201503,3631,48.69772727272727
201504,3631,33.6275
201505,3631,30.4255
201506,3631,30.64095238095238
201508,3631,31.663809523809523
201501,3632,37.222500000000004
201502,3632,36.26384615384615
201503,3632,32.66
201504,3632,31.3865
201506,3632,34.45761904761905
201507,3632,36.065909090909095
201510,3632,31.928571428571427
201511,3632,34.20095238095238
201512,3632,34.76086956521739
201501,3642,34.251
201502,3642,34.808461538461536
201503,3642,38.01454545454545
201504,3642,36.6995
201505,3642,32.762
201501,3645,31.683999999999997
201502,3645,32.230000000000004
201503,3645,36.764545454545456
201504,3645,35.591
201501,3653,51.592
201502,3653,49.48461538461538
201503,3653,49.357272727272736
201504,3653,46.493
201505,3653,41.594
201506,3653,37.182857142857145
201507,3653,35.960454545454546
201508,3653,30.08761904761905
201509,3653,32.251
201510,3653,33.820952380952384
201511,3653,32.03904761904762
201512,3653,32.753478260869564
201501,3661,86.3735
201502,3661,67.31230769230768
201503,3661,59.179545454545455
201504,3661,53.56850000000001
201505,3661,45.058
201506,3661,40.298095238095236
201507,3661,42.901818181818186
201508,3661,34.95095238095238
201509,3661,35.9105
201510,3661,38.438095238095244
201511,3661,37.77285714285714
201512,3661,31.864347826086956
201501,3664,36.4695
201502,3664,32.61153846153846
201503,3664,32.3890909090909
201501,3665,69.2775
201502,3665,70.67076923076924
201503,3665,78.79818181818182
201504,3665,86.224
201505,3665,89.357
201506,3665,100.93142857142857
201507,3665,109.24000000000001
201508,3665,92.62380952380951
201509,3665,99.655
201510,3665,107.42952380952381
201511,3665,99.9852380952381
201512,3665,99.92999999999999
201501,3666,39.603500000000004
201502,3666,34.25153846153846
201503,3666,34.16045454545454
201504,3666,30.788
201501,3672,33.119
201502,3672,31.91846153846154
201503,3672,34.468636363636364
201504,3672,37.477999999999994
201505,3672,35.8435
201506,3672,32.16952380952381
201507,3672,32.35909090909091
201501,3673,180.8325
201502,3673,187.8323076923077
201503,3673,197.9222727272727
201504,3673,175.898
201505,3673,183.671
201506,3673,165.19285714285715
201507,3673,136.52
201508,3673,81.10142857142857
201509,3673,76.808
201510,3673,73.68571428571428
201511,3673,84.98190476190477
201512,3673,76.23347826086957
201501,3680,43.1695
201502,3680,41.645384615384614
201503,3680,41.22681818181818
201504,3680,38.410000000000004
201505,3680,34.338
201506,3680,31.817142857142855
201507,3680,30.686363636363637
201504,3685,46.1375
201505,3685,53.3805
201506,3685,54.4352380952381
201507,3685,55.25818181818182
201508,3685,49.727619047619044
201509,3685,40.131
201510,3685,47.235238095238095
201511,3685,41.63666666666667
201512,3685,42.555217391304346
201501,3687,78.9285
201502,3687,72.67461538461538
201503,3687,71.35318181818182
201504,3687,66.651
201505,3687,65.1365
201506,3687,65.60857142857142
201507,3687,58.307272727272725
201508,3687,45.26428571428571
201509,3687,44.447500000000005
201510,3687,57.61
201511,3687,64.4695238095238
201512,3687,60.81739130434782
201501,3689,46.4735
201502,3689,45.41538461538461
201503,3689,46.71590909090909
201504,3689,45.1535
201505,3689,37.009
201506,3689,33.56285714285715
201507,3689,30.637272727272727
201501,3691,375.65099999999995
201502,3691,384.26307692307694
201503,3691,396.81590909090914
201504,3691,410.718
201505,3691,425.68100000000004
201506,3691,437.2366666666666
201507,3691,440.3304545454546
201508,3691,390.9390476190476
201509,3691,401.15
201510,3691,476.5338095238095
201511,3691,507.1047619047619
201512,3691,577.8234782608696
201501,3693,106.604
201502,3693,111.71923076923076
201503,3693,124.10636363636364
201504,3693,139.9095
201505,3693,118.71700000000001
201506,3693,97.55666666666667
201507,3693,90.69227272727272
201508,3693,76.67428571428572
201509,3693,76.613
201510,3693,79.99190476190476
201511,3693,94.47857142857143
201512,3693,93.64391304347826
201501,3705,31.241000000000003
201502,3705,31.123846153846156
201503,3705,31.375454545454545
201504,3705,31.9575
201505,3705,31.694
201506,3705,30.232857142857142
201507,3705,30.16818181818182
201511,3705,30.19047619047619
201512,3705,30.796521739130437
201501,4105,40.9885
201502,4105,40.674615384615386
201503,4105,41.12090909090909
201504,4105,40.3935
201505,4105,44.6865
201506,4105,44.24952380952381
201507,4105,52.559090909090905
201508,4105,53.03809523809524
201509,4105,56.836
201510,4105,59.419999999999995
201511,4105,60.41095238095239
201512,4105,72.52347826086957
201501,4106,47.218
201502,4106,44.1023076923077
201503,4106,43.35
201504,4106,42.332
201505,4106,35.4105
201506,4106,32.38238095238095
201507,4106,34.056363636363635
201510,4106,31.154761904761905
201511,4106,33.022380952380956
201512,4106,30.72826086956522
201501,4107,58.539
201502,4107,58.22923076923077
201503,4107,65.5190909090909
201504,4107,73.03150000000001
201505,4107,74.481
201506,4107,87.13619047619048
201507,4107,89.82909090909091
201508,4107,79.2476923076923
201509,4107,79.49368421052631
201510,4107,89.5552380952381
201511,4107,99.46285714285713
201512,4107,98.33521739130435
201501,4108,33.0325
201502,4108,32.46153846153846
201503,4108,32.25727272727273
201511,4116,36.68047619047619
201512,4116,79.02
201501,4119,32.72
201502,4119,33.94384615384615
201503,4119,36.26363636363636
201504,4119,35.775
201505,4119,36.917
201506,4119,39.96666666666666
201507,4119,43.82636363636364
201508,4119,42.19380952380953
201509,4119,40.138999999999996
201510,4119,43.084761904761905
201511,4119,49.58095238095238
201512,4119,52.32130434782609
201501,4120,50.689499999999995
201502,4120,49.77923076923077
201503,4120,49.23772727272728
201504,4120,47.489999999999995
201505,4120,47.0335
201506,4120,46.993809523809524
201507,4120,46.66818181818182
201508,4120,37.548095238095236
201509,4120,38.790499999999994
201510,4120,41.15952380952381
201511,4120,45.63809523809524
201512,4120,46.50434782608695
201501,4123,33.786500000000004
201502,4123,30.983076923076922
201503,4123,32.20045454545454
201504,4123,32.288
201512,4123,30.073913043478264
201501,4126,38.390499999999996
201502,4126,38.402307692307694
201503,4126,39.21590909090909
201504,4126,37.5395
201505,4126,35.7825
201506,4126,34.7
201507,4126,34.44681818181818
201508,4126,30.71761904761905
201509,4126,34.6225
201510,4126,37.133809523809525
201511,4126,42.69619047619047
201512,4126,44.089999999999996
201501,4129,34.233999999999995
201502,4129,35.95
201503,4129,38.19863636363636
201504,4129,37.9895
201505,4129,35.701
201506,4129,35.0247619047619
201507,4129,41.09090909090909
201508,4129,38.849047619047624
201509,4129,44.513
201510,4129,49.16238095238096
201511,4129,62.24904761904762
201512,4129,55.77652173913043
201501,4130,51.171499999999995
201502,4130,50.052307692307686
201503,4130,51.82727272727273
201504,4130,51.18
201505,4130,42.9675
201506,4130,36.303333333333335
201507,4130,35.485
201509,4130,31.085500000000003
201510,4130,34.205714285714286
201511,4130,37.553333333333335
201512,4130,48.095652173913045
201501,4131,31.635
201503,4131,34.11238095238095
201504,4131,33.0895
201505,4131,31.581578947368417
201501,4137,98.02000000000001
201502,4137,97.48384615384614
201503,4137,90.91272727272728
201504,4137,104.5885
201505,4137,107.44749999999999
201506,4137,122.09190476190476
201507,4137,138.48363636363635
201508,4137,144.79857142857142
201509,4137,149.298
201510,4137,167.3904761904762
201511,4137,209.32047619047617
201512,4137,215.63782608695652
201501,4138,32.358999999999995
201502,4138,35.01307692307692
201503,4138,35.22863636363636
201504,4138,35.1685
201505,4138,33.8155
201506,4138,31.126190476190477
201507,4138,31.048181818181817
201511,4138,30.26380952380952
201512,4138,30.78
201501,4139,52.968500000000006
201502,4139,52.97833333333333
201503,4139,54.43
201504,4139,56.0715
201505,4139,52.48100000000001
201506,4139,49.56
201507,4139,49.45181818181818
201508,4139,52.96952380952381
201509,4139,53.488
201510,4139,58.464285714285715
201511,4139,57.06619047619047
201512,4139,53.61521739130435
201501,4141,49.7425
201502,4141,47.68846153846154
201503,4141,46.46590909090909
201504,4141,45.042
201505,4141,45.8725
201506,4141,42.037619047619046
201507,4141,39.98727272727273
201508,4141,32.404761904761905
201510,4141,30.581428571428575
201511,4141,33.647619047619045
201512,4141,32.13652173913044
201501,4144,59.697
201502,4144,59.159230769230774
201503,4144,60.52681818181818
201504,4144,58.1995
201505,4144,56.41949999999999
201506,4144,57.362380952380946
201507,4144,54.58727272727273
201508,4144,43.94380952380953
201509,4144,41.6345
201510,4144,51.10476190476191
201511,4144,53.84571428571429
201512,4144,50.22652173913043
201501,4147,143.505
201502,4147,136.87538461538463
201503,4147,138.78545454545454
201504,4147,127.47999999999999
201505,4147,110.05
201506,4147,105.07666666666667
201507,4147,106.59136363636362
201508,4147,106.82333333333334
201509,4147,125.33800000000001
201510,4147,146.02333333333334
201511,4147,154.16761904761904
201512,4147,258.39434782608697
201501,4152,255.3085
201502,4152,237.2930769230769
201503,4152,232.72818181818184
201504,4152,205.333
201505,4152,205.456
201506,4152,186.46952380952382
201507,4152,177.9709090909091
201508,4152,115.42666666666666
201509,4152,134.592
201510,4152,138.70666666666668
201511,4152,145.66809523809525
201512,4152,151.01391304347825
201501,4153,67.47
201502,4153,65.17923076923077
201503,4153,78.7781818181818
201504,4153,92.90950000000001
201505,4153,79.243
201506,4153,63.15761904761904
201507,4153,60.94818181818182
201508,4153,56.02619047619047
201509,4153,59.641999999999996
201510,4153,67.74333333333334
201511,4153,66.3452380952381
201512,4153,62.00521739130434
201501,4154,34.239
201502,4154,33.26692307692308
201503,4154,33.36227272727273
201504,4154,33.957499999999996
201505,4154,32.9865
201506,4154,31.667142857142856
201507,4154,31.264
201510,4154,32.597142857142856
201511,4154,32.37619047619047
201512,4154,33.22565217391305
201501,4157,36.581
201502,4157,35.923846153846156
201503,4157,35.73636363636364
201504,4157,32.6475
201505,4157,30.968
201512,4157,34.154347826086955
201504,4160,31.571999999999996
201501,4161,88.1195
201502,4161,84.10692307692307
201503,4161,80.62181818181818
201504,4161,75.44800000000001
201505,4161,69.33200000000001
201506,4161,67.24952380952381
201507,4161,67.90681818181818
201508,4161,55.56142857142857
201509,4161,52.988
201510,4161,55.843333333333334
201511,4161,57.59285714285714
201512,4161,57.60217391304347
201501,4162,158.25650000000002
201502,4162,150.82076923076923
201503,4162,160.50136363636364
201504,4162,159.62349999999998
201505,4162,151.91500000000002
201506,4162,137.13333333333335
201507,4162,126.315
201508,4162,95.21761904761904
201509,4162,108.8585
201510,4162,126.41904761904763
201511,4162,130.91142857142856
201512,4162,150.49217391304347
201501,4163,95.23400000000001
201502,4163,94.90461538461538
201503,4163,100.02863636363637
201504,4163,99.801
201505,4163,85.0885
201506,4163,81.43380952380951
201507,4163,72.97
201508,4163,58.236666666666665
201509,4163,64.807
201510,4163,64.18809523809524
201511,4163,74.19714285714286
201512,4163,77.05130434782609
201501,4164,43.9705
201502,4164,42.30153846153847
201503,4164,42.31636363636364
201504,4164,41.2025
201505,4164,36.33
201506,4164,34.54666666666667
201507,4164,35.10409090909091
201508,4164,30.317619047619047
201510,4164,40.13
201511,4164,44.410000000000004
201512,4164,43.0804347826087
201510,4167,31.106190476190477
201501,4168,64.72999999999999
201502,4168,61.11
201503,4168,63.191818181818185
201504,4168,60.065999999999995
201505,4168,50.808
201506,4168,44.59190476190476
201507,4168,41.56409090909091
201508,4168,32.522380952380956
201509,4168,37.25
201510,4168,50.05095238095238
201511,4168,51.074285714285715
201512,4168,57.891304347826086
201501,4171,31.056
201502,4171,30.213076923076922
201501,4174,349.6785
201502,4174,358.3015384615385
201503,4174,355.5304545454546
201504,4174,319.1905
201505,4174,316.14
201506,4174,294.39761904761906
201507,4174,293.8495454545454
201508,4174,275.64714285714285
201509,4174,323.57399999999996
201510,4174,376.57
201511,4174,484.1119047619048
201512,4174,673.7521739130434
201501,4175,41.8195
201502,4175,40.79384615384615
201503,4175,40.16285714285715
201504,4175,40.803
201505,4175,41.8095
201506,4175,43.16761904761905
201507,4175,42.46409090909091
201508,4175,40.90761904761904
201509,4175,41.592
201510,4175,41.74047619047619
201511,4175,43.339999999999996
201512,4175,44.038695652173914
201501,4188,37.440999999999995
201502,4188,39.65538461538461
201503,4188,39.34681818181818
201504,4188,34.189
201505,4188,30.091500000000003
201511,4188,32.36857142857143
201510,4190,94.57285714285715
201511,4190,117.98380952380951
201512,4190,104.35217391304347
201501,4192,211.10549999999998
201502,4192,200.4923076923077
201503,4192,181.7590909090909
201504,4192,171.3715
201505,4192,153.6515
201506,4192,148.15809523809526
201507,4192,144.10545454545456
201508,4192,111.54047619047618
201509,4192,114.8175
201510,4192,159.5395238095238
201511,4192,173.31857142857143
201512,4192,171.29130434782607
201501,4198,747.0835
201502,4198,714.103076923077
201503,4198,697.2340909090909
201504,4198,640.2925
201505,4198,661.2925
201506,4198,633.0552380952381
201507,4198,610.4163636363636
201508,4198,556.6276190476191
201509,4198,594.9590000000001
201510,4198,656.23
201511,4198,636.9838095238096
201512,4198,596.304347826087
201501,4401,54.161500000000004
201502,4401,63.77923076923077
201503,4401,72.77954545454546
201504,4401,77.2985
201505,4401,85.7435
201506,4401,90.98380952380953
201507,4401,79.62136363636364
201508,4401,81.1604761904762
201509,4401,84.2835
201510,4401,72.32333333333334
201511,4401,68.34809523809524
201512,4401,64.18130434782609
201501,4414,67.89450000000001
201502,4414,64.0646153846154
201503,4414,65.02090909090909
201504,4414,63.12050000000001
201505,4414,63.205499999999994
201506,4414,57.726190476190474
201507,4414,56.157272727272726
201508,4414,56.032380952380954
201509,4414,65.409
201510,4414,68.22285714285715
201511,4414,70.4952380952381
201512,4414,75.07608695652173
201501,4416,66.54272727272728
201502,4416,65.54
201503,4416,65.95111111111112
201504,4416,67.35444444444444
201505,4416,65.52
201506,4416,64.23
201507,4416,64.304375
201508,4416,64.25714285714287
201509,4416,61.86923076923077
201510,4416,62.701666666666675
201511,4416,62.137
201512,4416,61.95857142857143
201504,4426,48.762
201505,4426,55.686
201506,4426,66.94571428571429
201507,4426,60.595454545454544
201508,4426,56.26238095238095
201509,4426,78.886
201510,4426,92.21619047619048
201511,4426,95.70476190476191
201512,4426,81.14260869565217
201501,4432,59.8605
201502,4432,73.66
201503,4432,74.0990909090909
201504,4432,69.053
201505,4432,64.9025
201506,4432,68.98095238095237
201507,4432,63.18954545454546
201508,4432,56.81238095238095
201509,4432,63.75600000000001
201510,4432,64.60952380952381
201511,4432,63.647619047619045
201512,4432,59.72043478260869
201506,4433,30.233809523809523
201507,4438,177.76666666666665
201508,4438,166.74809523809523
201509,4438,170.57850000000002
201510,4438,175.80142857142857
201511,4438,163.47476190476192
201512,4438,157.01478260869567
201503,4528,31.660454545454545
201504,4528,38.794
201505,4528,43.823
201506,4528,54.674285714285716
201507,4528,46.400909090909096
201508,4528,41.40714285714286
201509,4528,45.6045
201510,4528,45.210952380952385
201511,4528,43.87142857142857
201512,4528,38.28695652173913
201510,4529,41.05952380952381
201511,4529,54.01428571428571
201512,4529,45.38695652173914
201505,4535,30.0805
201501,4536,71.824
201502,4536,72.59769230769231
201503,4536,77.64727272727272
201504,4536,78.9865
201505,4536,79.78200000000001
201506,4536,76.33238095238096
201507,4536,75.28818181818183
201508,4536,75.07571428571428
201509,4536,80.35499999999999
201510,4536,81.05380952380953
201511,4536,78.95
201512,4536,74.65478260869565
201501,4540,33.3405
201502,4540,33.30307692307692
201503,4540,32.66318181818182
201504,4540,32.256
201505,4540,31.67684210526316
201501,4541,34.620999999999995
201502,4541,33.339230769230774
201503,4541,32.39772727272727
201504,4541,31.154500000000002
201501,4542,33.29
201502,4542,31.691666666666666
201503,4542,31.915
201504,4542,31.963
201501,4543,38.521499999999996
201502,4543,43.50545454545455
201503,4543,42.450909090909086
201504,4543,42.4025
201505,4543,39.781
201506,4543,35.219166666666666
201507,4543,32.35166666666667
201508,4543,30.457333333333334
201511,4543,30.276999999999997
201512,4543,30.346521739130434
201501,4545,68.70263157894736
201502,4545,69.12692307692308
201503,4545,76.31954545454545
201504,4545,81.104
201505,4545,80.86449999999999
201506,4545,77.07428571428571
201507,4545,72.07809523809524
201508,4545,70.00904761904762
201509,4545,67.655
201510,4545,67.7905
201511,4545,74.31285714285714
201512,4545,82.8395652173913
201501,4549,61.027499999999996
201502,4549,68.63923076923076
201503,4549,65.25863636363637
201504,4549,60.211
201505,4549,55.8165
201506,4549,52.57952380952381
201507,4549,53.41181818181818
201508,4549,41.26714285714286
201509,4549,37.797000000000004
201510,4549,38.832857142857144
201511,4549,35.583333333333336
201512,4549,36.205652173913045
201501,4551,55.164210526315784
201502,4551,60.16461538461538
201503,4551,58.76090909090909
201504,4551,61.499
201505,4551,63.1135
201506,4551,65.25952380952381
201507,4551,61.26136363636363
201508,4551,47.25666666666667
201509,4551,44.191500000000005
201510,4551,50.70095238095238
201511,4551,55.12190476190476
201512,4551,55.26478260869565
201501,4554,74.43368421052632
201502,4554,77.06615384615385
201503,4554,85.95454545454545
201504,4554,87.5845
201505,4554,87.4321052631579
201506,4554,86.73100000000001
201507,4554,71.0895
201508,4554,48.37714285714286
201509,4554,46.687
201510,4554,53.857619047619046
201511,4554,51.042
201512,4554,52.6978947368421
201501,4555,84.98949999999999
201502,4555,87.06307692307692
201503,4555,92.7609090909091
201504,4555,87.3785
201505,4555,80.5745
201506,4555,81.586
201507,4555,78.1285
201508,4555,68.00750000000001
201509,4555,68.21549999999999
201510,4555,66.74904761904762
201511,4555,63.12380952380952
201512,4555,58.35608695652174
201501,4556,31.93
201504,4556,31.72
201505,4556,31.235
201506,4556,30.463333333333335
201512,4556,39.01521739130435
201510,4557,35.50071428571429
201511,4557,39.86619047619048
201512,4557,36.35521739130434
201511,4562,40.37166666666667
201512,4562,39.22304347826087
201501,4702,55.104499999999994
201502,4702,52.71076923076923
201503,4702,53.50272727272727
201504,4702,54.114999999999995
201505,4702,49.1275
201506,4702,38.124761904761904
201507,4702,36.77136363636364
201508,4702,31.944761904761908
201509,4702,32.668
201510,4702,36.674285714285716
201511,4702,40.48952380952381
201512,4702,37.89173913043478
201501,4725,56.818000000000005
201502,4725,53.71384615384615
201503,4725,55.27181818181818
201504,4725,56.26649999999999
201505,4725,50.427499999999995
201506,4725,41.94
201507,4725,39.11409090909091
201510,4725,34.99857142857143
201511,4725,36.16380952380952
201512,4725,32.29304347826087
201501,4726,48.542500000000004
201502,4726,45.98076923076923
201503,4726,48.29545454545455
201504,4726,44.427499999999995
201505,4726,39.4975
201506,4726,40.4
201507,4726,38.54318181818182
201510,4726,37.87857142857143
201511,4726,49.12619047619048
201512,4726,50.21521739130435
201501,4733,143.106
201502,4733,152.14384615384617
201503,4733,196.3022727272727
201504,4733,236.5075
201505,4733,246.90500000000003
201506,4733,279.79761904761904
201507,4733,248.39499999999998
201508,4733,195.54761904761904
201509,4733,181.325
201510,4733,226.4047619047619
201511,4733,212.92857142857142
201512,4733,178.91304347826087
201501,4736,59.553999999999995
201502,4736,56.98307692307692
201503,4736,58.24090909090909
201504,4736,53.455499999999994
201505,4736,44.510000000000005
201506,4736,40.35857142857143
201507,4736,40.230909090909094
201508,4736,38.00190476190476
201509,4736,44.9225
201510,4736,49.66809523809523
201511,4736,54.52619047619047
201512,4736,58.18391304347826
201503,4737,33.59090909090909
201504,4737,37.296
201505,4737,36.433499999999995
201506,4737,40.52571428571429
201507,4737,42.93818181818182
201508,4737,38.19190476190476
201509,4737,34.577
201510,4737,35.845238095238095
201511,4737,40.40238095238095
201512,4737,42.92478260869565
201502,4739,30.300769230769227
201503,4739,31.277727272727272
201504,4739,34.187
201505,4739,38.071
201506,4739,43.00095238095238
201507,4739,39.93363636363636
201509,4739,30.330000000000002
201510,4739,32.09809523809524
201501,4741,72.94399999999999
201502,4741,70.68923076923078
201503,4741,65.46272727272728
201504,4741,70.298
201505,4741,72.4595
201506,4741,66.13300000000001
201507,4741,57.78409090909091
201508,4741,55.488571428571426
201509,4741,48.769473684210524
201510,4741,47.07047619047619
201511,4741,45.74857142857143
201512,4741,57.482173913043475
201501,4743,41.165499999999994
201502,4743,42.57923076923077
201503,4743,43.764545454545456
201504,4743,38.7385
201505,4743,36.582499999999996
201506,4743,33.19047619047619
201507,4743,34.25909090909091
201510,4743,31.413333333333338
201511,4743,32.70333333333333
201512,4743,34.75521739130435
201501,4745,45.8885
201502,4745,45.76846153846154
201503,4745,43.85045454545455
201504,4745,44.152
201505,4745,43.545
201506,4745,37.580000000000005
201507,4745,37.74318181818182
201510,4745,34.85619047619048
201511,4745,37.33
201512,4745,32.14739130434783
201501,4746,54.467999999999996
201502,4746,53.355384615384615
201503,4746,53.66045454545454
201504,4746,50.849000000000004
201505,4746,47.760000000000005
201506,4746,45.09428571428572
201507,4746,43.15954545454545
201508,4746,42.997142857142855
201509,4746,48.568
201510,4746,48.60333333333333
201511,4746,52.833333333333336
201512,4746,57.69695652173913
201501,4747,34.134
201502,4747,32.456923076923076
201503,4747,31.02409090909091
201511,4763,52.292
201512,4763,39.80347826086957
201512,4803,91.63727272727273
201501,4804,74.14200000000001
201502,4804,73.024
201503,4804,71.33333333333333
201504,4804,69.285
201505,4804,67.65
201506,4804,66.73400000000001
201507,4804,67.805
201508,4804,66.359375
201509,4804,68.94055555555556
201510,4804,70.291
201511,4804,76.61714285714285
201512,4804,102.74391304347827
201501,4806,75.625
201502,4806,78.12384615384616
201503,4806,74.22571428571429
201504,4806,85.69800000000001
201505,4806,85.499
201506,4806,92.26952380952382
201507,4806,103.805
201508,4806,103.80285714285715
201509,4806,96.628
201510,4806,100.14904761904762
201511,4806,104.68571428571428
201512,4806,116.45782608695653
201501,4904,47.0075
201502,4904,48.18769230769231
201503,4904,47.12045454545455
201504,4904,46.301
201505,4904,45.513
201506,4904,45.135714285714286
201507,4904,46.89272727272728
201508,4904,47.98809523809524
201509,4904,46.4315
201510,4904,46.691428571428574
201511,4904,45.63047619047619
201512,4904,44.4404347826087
201501,4905,30.642000000000003
201502,4905,31.422307692307694
201503,4905,32.635
201504,4905,33.0595
201505,4905,34.486000000000004
201506,4905,39.186190476190475
201507,4905,45.59090909090909
201508,4905,35.12047619047619
201509,4905,34.2215
201510,4905,36.37285714285714
201511,4905,36.90380952380953
201512,4905,39.52521739130435
201501,4911,104.9355
201502,4911,106.01076923076923
201503,4911,94.82363636363635
201504,4911,76.024
201505,4911,75.0115
201506,4911,59.45809523809525
201507,4911,57.28772727272727
201508,4911,60.04904761904762
201509,4911,67.9955
201510,4911,79.18238095238095
201511,4911,79.21380952380953
201512,4911,79.07347826086956
201501,4912,35.1925
201502,4912,36.339999999999996
201503,4912,40.57772727272727
201504,4912,49.634
201505,4912,43.6575
201506,4912,43.653333333333336
201507,4912,41.51227272727272
201508,4912,34.448571428571434
201509,4912,45.0575
201510,4912,46.11
201511,4912,45.75095238095238
201512,4912,46.92652173913043
201501,4924,48.010000000000005
201502,4924,47.27307692307692
201503,4924,44.37045454545454
201504,4924,45.4525
201505,4924,46.585
201506,4924,47.49047619047619
201507,4924,34.94318181818182
201503,4927,30.15818181818182
201506,4927,30.287619047619046
201501,4934,31.122500000000002
201502,4934,30.98153846153846
201503,4934,32.09409090909091
201504,4934,34.332499999999996
201511,4934,32.68952380952381
201512,4934,38.19826086956522
201510,4935,33.897619047619045
201511,4935,43.49333333333333
201512,4935,47.670869565217394
201501,4938,40.9205
201502,4938,44.21538461538462
201503,4938,46.16409090909091
201504,4938,46.867000000000004
201505,4938,47.968
201506,4938,46.510000000000005
201507,4938,48.307272727272725
201508,4938,46.49190476190476
201509,4938,46.769
201510,4938,45.21523809523809
201511,4938,46.16190476190476
201512,4938,44.37217391304348
201501,4943,51.230625
201502,4943,55.223
201503,4943,57.577894736842104
201504,4943,56.872
201505,4943,55.222142857142856
201506,4943,52.129411764705885
201507,4943,54.80105263157895
201508,4943,50.3523076923077
201509,4943,50.69
201510,4943,52.37625
201511,4943,52.199999999999996
201512,4943,53.73636363636364
201501,4944,156.696
201502,4944,148.28153846153847
201503,4944,180.63727272727272
201504,4944,164.626
201505,4944,126.78399999999999
201506,4944,108.86380952380952
201507,4944,99.30318181818183
201508,4944,66.18857142857144
201509,4944,67.86699999999999
201510,4944,75.74666666666667
201511,4944,76.63761904761905
201512,4944,76.03782608695653
201501,4946,439.0195
201502,4946,414.43307692307695
201503,4946,386.86136363636365
201504,4946,356.367
201505,4946,335.706
201506,4946,315.93
201507,4946,269.36318181818183
201508,4946,182.54238095238094
201509,4946,184.4155
201510,4946,213.23761904761903
201511,4946,210.49523809523808
201512,4946,207.0913043478261
201501,4958,54.4005
201502,4958,56.68692307692308
201503,4958,63.559999999999995
201504,4958,65.882
201505,4958,67.068
201506,4958,66.65619047619047
201507,4958,64.16181818181818
201508,4958,58.16619047619048
201509,4958,59.5855
201510,4958,60.95238095238095
201511,4958,60.77142857142857
201512,4958,54.08347826086957
201501,4961,58.253
201502,4961,58.04076923076923
201503,4961,54.620909090909095
201504,4961,52.65
201505,4961,50.5475
201506,4961,50.73809523809524
201507,4961,45.865
201508,4961,35.93761904761905
201509,4961,40.435500000000005
201510,4961,44.61619047619048
201511,4961,48.8447619047619
201512,4961,50.71347826086957
201501,4966,234.71599999999998
201502,4966,238.0223076923077
201503,4966,241.60545454545453
201504,4966,238.21550000000002
201505,4966,252.4785
201506,4966,283.1176190476191
201507,4966,267.30136363636365
201508,4966,178.74571428571429
201509,4966,203.3675
201510,4966,213.19285714285715
201511,4966,194.26809523809524
201512,4966,185.93521739130435
201507,4968,31.41590909090909
201509,4968,30.8465
201510,4968,32.264761904761905
201511,4968,42.10666666666667
201512,4968,45.46217391304347
201501,4971,56.92
201502,4971,58.066923076923075
201503,4971,65.37590909090909
201504,4971,69.3255
201505,4971,73.0495
201506,4971,69.59809523809524
201507,4971,71.29545454545455
201508,4971,62.99047619047619
201509,4971,80.5565
201510,4971,93.80761904761906
201511,4971,88.75666666666666
201512,4971,94.68086956521738
201501,4977,39.3125
201502,4977,37.58615384615385
201503,4977,41.19045454545454
201504,4977,43.4305
201505,4977,40.245
201506,4977,38.460952380952385
201507,4977,33.36636363636364
201508,4977,32.444761904761904
201509,4977,32.436
201510,4977,34.714285714285715
201511,4977,35.26952380952381
201512,4977,32.87130434782608
201501,4979,48.553
201502,4979,47.01538461538462
201503,4979,54.19227272727273
201504,4979,59.177499999999995
201505,4979,68.435
201506,4979,71.1647619047619
201507,4979,62.52181818181818
201508,4979,53.69952380952381
201509,4979,59.99400000000001
201510,4979,75.46380952380953
201511,4979,76.79523809523809
201512,4979,69.45130434782608
201501,4984,31.2945
201503,4984,31.599545454545456
201511,4984,33.205238095238094
201512,4984,36.50869565217391
201501,4987,37.981
201502,4987,37.309999999999995
201503,4987,35.37954545454546
201504,4987,36.4705
201505,4987,34.45
201506,4987,33.694761904761904
201507,4987,32.60409090909091
201510,4987,30.752857142857145
201511,4987,36.441428571428574
201512,4987,32.23227272727273
201501,4991,38.084500000000006
201502,4991,38.72692307692308
201503,4991,42.79590909090909
201504,4991,49.117000000000004
201505,4991,53.713499999999996
201506,4991,56.27333333333333
201507,4991,48.99318181818182
201508,4991,41.23571428571429
201509,4991,47.281
201510,4991,58.17952380952381
201511,4991,57.43190476190476
201512,4991,56.59347826086957
201501,4994,184.1925
201502,4994,179.0076923076923
201503,4994,179.4527272727273
201504,4994,176.173
201505,4994,161.20350000000002
201506,4994,158.88095238095238
201507,4994,152.9390909090909
201508,4994,140.95238095238096
201509,4994,126.07650000000001
201510,4994,108.64380952380952
201511,4994,106.53190476190477
201512,4994,94.53347826086956
201501,4999,31.121500000000005
201502,4999,31.218461538461536
201503,4999,33.845454545454544
201504,4999,33.3865
201505,4999,30.4185
201501,5007,40.68
201502,5007,41.08461538461539
201503,5007,41.56818181818182
201504,5007,41.6965
201505,5007,40.087
201506,5007,37.95142857142857
201507,5007,40.234545454545454
201508,5007,34.69
201509,5007,36.8705
201510,5007,39.703809523809525
201511,5007,38.98571428571429
201512,5007,37.517391304347825
201501,5203,61.9375
201502,5203,61.99461538461538
201503,5203,62.186818181818175
201504,5203,63.0115
201505,5203,59.48049999999999
201506,5203,55.99142857142857
201507,5203,53.002272727272725
201508,5203,44.99619047619048
201509,5203,50.7385
201510,5203,53.058571428571426
201511,5203,53.65238095238095
201512,5203,52.61391304347826
201504,5211,32.1705
201502,5222,34.46846153846154
201503,5222,34.936190476190475
201501,5225,35.679
201502,5225,39.94615384615384
201503,5225,42.57363636363636
201504,5225,44.156
201505,5225,41.505
201506,5225,34.50095238095238
201507,5225,31.607727272727274
201510,5225,30.745714285714286
201511,5225,35.12285714285714
201512,5225,32.38434782608696
201504,5228,35.67777777777778
201505,5228,32.81055555555556
201506,5228,30.882500000000004
201501,5230,31.6205
201502,5230,30.543846153846154
201503,5230,30.329090909090908
201504,5230,32.0915
201505,5230,34.0085
201506,5230,33.813809523809525
201507,5230,32.38954545454545
201509,5230,32.771
201510,5230,36.62809523809524
201511,5230,33.160000000000004
201512,5230,33.50260869565217
201501,5245,31.205263157894734
201502,5245,34.714615384615385
201503,5245,34.2621052631579
201504,5245,34.321666666666665
201505,5245,31.748
201508,5245,31.140476190476193
201509,5245,41.226
201510,5245,51.78666666666667
201511,5245,51.46047619047619
201512,5245,59.68478260869565
201501,5251,42.2315
201502,5251,42.33538461538462
201503,5251,40.37272727272727
201504,5251,38.2965
201505,5251,35.5905
201506,5251,32.77809523809524
201507,5251,30.196363636363632
201509,5251,32.298
201510,5251,30.916666666666668
201501,5259,106.0865
201502,5259,105.95384615384616
201503,5259,110.96409090909091
201504,5259,105.29549999999999
201505,5259,103.24100000000001
201506,5259,124.65095238095239
201507,5259,90.75727272727273
201508,5259,53.92666666666667
201509,5259,50.5715
201510,5259,51.74238095238095
201511,5259,48.1452380952381
201512,5259,40.99434782608696
201501,5263,252.164
201502,5263,241.31230769230768
201503,5263,245.72227272727275
201504,5263,249.19250000000002
201505,5263,238.10100000000003
201506,5263,236.1738095238095
201507,5263,193.12
201508,5263,176.87142857142857
201509,5263,191.0975
201510,5263,202.83380952380952
201511,5263,198.30857142857144
201512,5263,240.28608695652173
201501,5264,137.5405
201502,5264,131.43
201503,5264,133.805
201504,5264,136.397
201505,5264,149.14749999999998
201506,5264,149.81428571428572
201507,5264,141.99954545454545
201508,5264,107.56952380952382
201509,5264,113.5815
201510,5264,118.43714285714285
201511,5264,128.77761904761905
201512,5264,125.14173913043479
201501,5269,132.031
201502,5269,125.9876923076923
201503,5269,155.34681818181818
201504,5269,154.1435
201505,5269,128.903
201506,5269,155.03095238095239
201507,5269,160.9790909090909
201508,5269,108.91428571428571
201509,5269,123.4845
201510,5269,146.89666666666668
201511,5269,143.77904761904762
201512,5269,171.6191304347826
201501,5272,60.39
201502,5272,55.722307692307695
201503,5272,57.64045454545454
201504,5272,54.0585
201505,5272,46.864
201506,5272,46.638571428571424
201507,5272,40.89818181818182
201509,5272,32.464
201510,5272,36.422380952380955
201511,5272,34.179047619047616
201512,5272,33.42304347826087
201501,5274,172.534
201502,5274,183.61769230769232
201503,5274,196.1381818181818
201504,5274,181.7595
201505,5274,179.488
201506,5274,205.97238095238095
201507,5274,201.79272727272726
201508,5274,205.76666666666668
201509,5274,230.88850000000002
201510,5274,255.66761904761907
201511,5274,272.9590476190476
201512,5274,260.20565217391305
201501,5284,35.660000000000004
201502,5284,35.28846153846154
201503,5284,36.027727272727276
201504,5284,36.4705
201505,5284,35.157
201506,5284,34.593333333333334
201507,5284,34.85409090909091
201508,5284,33.08095238095238
201509,5284,33.1925
201510,5284,40.065238095238094
201511,5284,49.392380952380954
201512,5284,46.138695652173915
201501,5287,96.7795
201502,5287,95.51923076923077
201503,5287,109.26409090909091
201504,5287,120.353
201505,5287,119.56800000000001
201506,5287,120.78619047619047
201507,5287,117.94772727272726
201508,5287,122.83571428571429
201509,5287,124.8915
201510,5287,128.03238095238095
201511,5287,123.04190476190476
201512,5287,114.31652173913044
201501,5288,41.0235
201502,5288,40.75
201503,5288,42.46545454545455
201504,5288,48.117000000000004
201505,5288,50.751999999999995
201506,5288,47.025238095238095
201507,5288,42.94318181818182
201508,5288,39.94
201509,5288,43.418
201510,5288,60.528571428571425
201511,5288,85.87809523809524
201512,5288,74.89521739130436
201501,5289,44.393
201502,5289,44.683846153846154
201503,5289,53.193636363636365
201504,5289,59.3215
201505,5289,53.1955
201506,5289,54.513333333333335
201507,5289,47.055454545454545
201508,5289,39.07142857142857
201509,5289,43.9185
201510,5289,50.36666666666667
201511,5289,51.494285714285716
201512,5289,49.35739130434783
201501,5301,75.68
201502,5301,76.29222222222222
201503,5301,76.12555555555555
201504,5301,96.88052631578948
201505,5301,79.03
201506,5301,75.28
201507,5301,69.57285714285715
201508,5301,69.84049999999999
201509,5301,60.065
201510,5301,60.12857142857143
201511,5301,56.94523809523809
201512,5301,52.61
201501,5306,82.65950000000001
201502,5306,88.91307692307691
201503,5306,99.02318181818183
201504,5306,95.941
201505,5306,95.792
201506,5306,94.33333333333333
201507,5306,90.37590909090909
201508,5306,93.67190476190476
201509,5306,88.604
201510,5306,88.12904761904763
201511,5306,94.9842857142857
201512,5306,88.84652173913044
201501,5310,72.0985
201502,5310,73.92153846153846
201503,5310,70.14142857142858
201504,5310,65.477
201505,5310,62.2395
201506,5310,61.58761904761904
201507,5310,62.01190476190476
201508,5310,62.95809523809523
201509,5310,59.834500000000006
201510,5310,58.088095238095235
201511,5310,58.62380952380952
201512,5310,60.10727272727272
201501,5312,45.847500000000004
201502,5312,45.533846153846156
201503,5312,44.59409090909091
201504,5312,44.8805
201505,5312,47.088499999999996
201506,5312,44.43952380952381
201507,5312,42.42318181818182
201508,5312,40.31666666666666
201509,5312,40.799
201510,5312,42.47190476190476
201511,5312,44.84571428571429
201512,5312,45.65739130434782
201501,5314,38.7955
201502,5314,42.46692307692308
201503,5314,40.43545454545455
201504,5314,37.159000000000006
201505,5314,34.7895
201506,5314,30.132380952380952
201501,5345,36.1745
201502,5345,38.43076923076923
201503,5345,36.278636363636366
201504,5345,34.845
201505,5345,34.473
201506,5345,30.976190476190474
201507,5345,31.712272727272726
201508,5345,30.48761904761905
201509,5345,30.33277777777778
201510,5345,30.149
201511,5345,31.132380952380952
201512,5345,31.111363636363638
201501,5347,31.4185
201502,5347,32.61846153846154
201503,5347,31.937727272727273
201501,5349,35.106
201502,5349,39.35
201503,5349,43.691818181818185
201504,5349,47.6475
201505,5349,39.89
201506,5349,35.96857142857143
201507,5349,30.345454545454547
201510,5349,33.32714285714286
201511,5349,33.80095238095238
201501,5351,32.4945
201502,5351,31.94
201503,5351,34.323181818181816
201504,5351,34.3575
201501,5356,33.810500000000005
201502,5356,33.903076923076924
201503,5356,35.23409090909091
201504,5356,34.042500000000004
201505,5356,31.646500000000003
201501,5364,49.11052631578948
201502,5364,55.31923076923077
201503,5364,62.52875
201504,5364,65.02222222222221
201505,5364,46.85285714285715
201506,5364,44.888
201507,5364,39.807500000000005
201508,5364,40.99285714285714
201509,5364,32.07
201510,5364,34.656666666666666
201511,5364,31.991111111111113
201512,5364,38.11928571428571
201501,5388,43.349000000000004
201502,5388,42.77461538461538
201503,5388,43.769090909090906
201504,5388,42.446
201505,5388,40.769999999999996
201506,5388,40.56285714285715
201507,5388,42.83272727272727
201508,5388,45.2552380952381
201509,5388,48.161500000000004
201510,5388,51.61
201511,5388,50.92714285714286
201512,5388,56.429130434782614
201501,5392,46.637
201502,5392,46.49538461538462
201503,5392,51.25272727272727
201504,5392,50.906
201505,5392,46.5085
201506,5392,39.84761904761905
201507,5392,35.677727272727275
201508,5392,35.24142857142857
201509,5392,36.9015
201510,5392,37.94190476190476
201511,5392,38.558571428571426
201512,5392,37.01173913043478
201501,5398,46.2115
201502,5398,44.01307692307692
201503,5398,43.28272727272727
201504,5398,39.7655
201505,5398,32.712
201501,5434,30.3645
201502,5434,31.93769230769231
201503,5434,33.24090909090909
201504,5434,33.465500000000006
201505,5434,32.754000000000005
201506,5434,31.26238095238095
201507,5434,30.098181818181818
201511,5434,31.33857142857143
201512,5434,32.18347826086956
201501,5457,30.004
201503,5457,31.098636363636363
201504,5457,31.8495
201505,5457,30.6615
201506,5457,34.352380952380955
201507,5457,32.37863636363637
201501,5468,38.6265
201502,5468,37.44384615384615
201503,5468,36.87
201504,5468,34.052499999999995
201505,5468,32.94157894736842
201506,5468,31.0075
201502,5474,30.09307692307692
201503,5474,33.967727272727274
201504,5474,48.4505
201505,5474,46.1155
201506,5474,38.415238095238095
201507,5474,34.27181818181818
201509,5474,33.4745
201510,5474,38.63428571428572
201511,5474,38.514761904761905
201512,5474,36.10521739130434
201501,5478,63.2995
201502,5478,57.91076923076923
201503,5478,57.48090909090909
201504,5478,53.226
201505,5478,49.402499999999996
201506,5478,40.78619047619048
201507,5478,37.22863636363636
201509,5478,30.711000000000002
201510,5478,35.26285714285714
201511,5478,38.521904761904764
201512,5478,39.67130434782609
201501,5483,33.57
201502,5483,33.004615384615384
201503,5483,32.84772727272727
201504,5483,30.454
201512,5483,31.873043478260872
201501,5489,43.211
201502,5489,42.63076923076923
201503,5489,41.800909090909094
201504,5489,36.799
201505,5489,33.692
201506,5489,30.85285714285714
201507,5489,30.025454545454544
201508,5489,30.419047619047618
201509,5489,34.2685
201510,5489,34.98619047619048
201511,5489,34.49285714285715
201512,5489,35.12347826086957
201501,5490,38.489
201502,5490,39.26076923076923
201503,5490,45.933181818181815
201504,5490,46.2375
201505,5490,55.545
201506,5490,67.67571428571429
201507,5490,64.57681818181818
201508,5490,41.88333333333333
201509,5490,46.577999999999996
201510,5490,48.77809523809523
201511,5490,52.90428571428571
201512,5490,55.50565217391305
201501,5529,34.194
201502,5529,32.23846153846154
201503,5529,32.22181818181818
201501,5530,66.5865
201502,5530,62.60307692307693
201503,5530,62.35272727272727
201504,5530,61.622
201505,5530,61.305499999999995
201506,5530,60.61380952380953
201507,5530,60.45
201508,5530,50.09238095238096
201509,5530,50.295
201510,5530,50.69761904761905
201511,5530,51.34904761904762
201512,5530,45.35434782608696
201501,5534,31.522
201502,5534,30.201538461538462
201503,5534,30.261363636363637
201504,5534,31.708
201505,5534,32.0285
201506,5534,33.06
201501,5536,36.5205
201502,5536,35.34153846153846
201503,5536,35.278636363636366
201504,5536,34.144
201505,5536,31.828500000000002
201506,5536,30.252857142857142
201507,5536,32.01227272727272
201508,5536,35.55809523809524
201509,5536,35.158
201510,5536,38.98809523809524
201511,5536,40.30095238095238
201512,5536,39.38347826086956
201503,5704,31.490454545454543
201504,5704,32.987
201505,5704,31.38473684210526
201501,5871,40.6545
201502,5871,40.55692307692308
201503,5871,42.04727272727273
201504,5871,42.9065
201505,5871,42.6295
201506,5871,40.272380952380956
201507,5871,38.78636363636363
201508,5871,33.210476190476186
201509,5871,30.594
201510,5871,35.099047619047624
201511,5871,34.17
201512,5871,31.86391304347826
201501,5903,149.935
201502,5903,153.21076923076924
201503,5903,169.46227272727273
201504,5903,184.9365
201505,5903,182.60150000000002
201506,5903,181.7057142857143
201507,5903,164.52772727272728
201508,5903,174.35999999999999
201509,5903,161.91
201510,5903,165.01857142857142
201511,5903,164.68142857142857
201512,5903,157.90217391304347
201501,5904,153.36399999999998
201502,5904,163.88
201503,5904,171.31272727272727
201504,5904,192.169
201505,5904,218.5525
201506,5904,230.45857142857145
201507,5904,199.47045454545457
201508,5904,212.89952380952383
201509,5904,203.7135
201510,5904,217.0261904761905
201511,5904,223.2
201512,5904,199.30521739130435
201501,5906,32.3175
201502,5906,31.423846153846153
201503,5906,30.80272727272727
201504,5906,30.1625
201501,5907,36.9345
201502,5907,35.13076923076923
201503,5907,36.07090909090909
201504,5907,38.8525
201505,5907,38.189499999999995
201506,5907,36.284285714285716
201507,5907,32.26363636363636
201501,6103,44.513684210526314
201502,6103,42.94583333333333
201503,6103,73.35833333333333
201504,6103,60.38315789473684
201505,6103,63.781875
201506,6103,68.20125
201507,6103,66.59470588235294
201508,6103,46.42769230769231
201509,6103,47.815714285714286
201510,6103,46.13142857142857
201511,6103,49.08266666666667
201512,6103,40.68
201501,6104,31.861
201502,6104,32.69307692307692
201503,6104,37.17454545454546
201504,6104,40.0555
201505,6104,36.5845
201501,6111,36.43
201502,6111,35.12384615384615
201503,6111,33.12181818181818
201504,6111,34.13578947368421
201505,6111,33.8625
201506,6111,32.28263157894737
201507,6111,30.929999999999996
201508,6111,31.3165
201509,6111,34.1635
201510,6111,36.2552380952381
201511,6111,41.50714285714285
201512,6111,52.2804347826087
201501,6114,49.821875
201502,6114,47.326153846153844
201503,6114,41.77333333333333
201504,6114,40.1105
201505,6114,33.191500000000005
201510,6114,30.803333333333335
201511,6114,34.77095238095238
201512,6114,34.12652173913043
201501,6121,135.256
201502,6121,134.8969230769231
201503,6121,136.97454545454545
201504,6121,136.22
201505,6121,127.8555
201506,6121,120.08380952380953
201507,6121,119.33681818181817
201508,6121,101.6204761904762
201509,6121,100.039
201510,6121,102.36428571428571
201511,6121,104.62047619047618
201512,6121,99.1713043478261
201501,6130,32.291000000000004
201502,6130,32.68692307692308
201503,6130,32.89181818181818
201504,6130,33.549
201505,6130,31.360500000000002
201506,6130,30.880000000000003
201511,6130,30.12952380952381
201501,6131,43.793
201502,6131,57.79153846153846
201503,6131,78.84954545454546
201504,6131,92.32300000000001
201505,6131,96.65
201506,6131,91.34571428571428
201507,6131,86.93681818181818
201508,6131,80.77428571428571
201509,6131,81.256
201510,6131,79.87857142857143
201511,6131,56.75333333333333
201512,6131,35.614347826086956
201504,6143,32.6185
201505,6143,34.564
201506,6143,35.913333333333334
201507,6143,30.91818181818182
201508,6143,30.611904761904764
201509,6143,36.744
201510,6143,45.06619047619048
201511,6143,42.59761904761905
201512,6143,37.72782608695652
201501,6146,92.1765
201502,6146,94.59692307692308
201503,6146,98.02181818181818
201504,6146,95.808
201505,6146,104.79849999999999
201506,6146,117.47095238095237
201507,6146,115.035
201508,6146,109.91809523809525
201509,6146,111.15450000000001
201510,6146,112.12904761904763
201511,6146,113.92190476190477
201512,6146,117.75652173913043
201501,6147,32.779
201502,6147,32.68
201503,6147,33.38181818181818
201504,6147,33.2505
201505,6147,36.2045
201506,6147,35.48142857142857
201501,6166,54.781000000000006
201502,6166,57.55615384615385
201503,6166,57.66545454545455
201504,6166,65.2855
201505,6166,70.119
201506,6166,78.03666666666666
201507,6166,70.8359090909091
201508,6166,62.55809523809524
201509,6166,66.162
201510,6166,71.61619047619048
201511,6166,65.77904761904762
201512,6166,63.40869565217392
201501,6169,37.304
201502,6169,36.07230769230769
201503,6169,34.82545454545454
201504,6169,33.825
201505,6169,31.589
201510,6169,31.42238095238095
201511,6169,37.174285714285716
201512,6169,44.35260869565217
201501,6176,45.7495
201502,6176,46.58076923076923
201503,6176,45.36454545454546
201504,6176,43.632
201505,6176,50.409000000000006
201506,6176,50.947142857142865
201507,6176,46.55
201508,6176,40.62809523809524
201509,6176,48.605000000000004
201510,6176,50.05809523809524
201511,6176,45.46095238095238
201512,6176,38.71217391304348
201502,6187,30.578461538461536
201503,6187,36.87136363636364
201504,6187,40.4225
201505,6187,37.65
201506,6187,35.50238095238095
201507,6187,31.722272727272728
201501,6192,51.515499999999996
201502,6192,50.48538461538461
201503,6192,49.63636363636363
201504,6192,50.228500000000004
201505,6192,47.8335
201506,6192,44.65714285714286
201507,6192,40.52272727272727
201508,6192,35.868095238095236
201509,6192,36.0945
201510,6192,38.114285714285714
201511,6192,37.86333333333333
201512,6192,36.55695652173913
201501,6195,37.39
201502,6195,35.94538461538462
201503,6195,35.98318181818182
201504,6195,34.0115
201505,6195,33.2235
201506,6195,31.565238095238094
201501,6202,32.2295
201502,6202,31.717692307692307
201503,6202,32.48636363636364
201504,6202,31.9555
201512,6202,30.731304347826086
201501,6206,59.705
201502,6206,62.23615384615384
201503,6206,66.625
201504,6206,68.098
201505,6206,65.816
201506,6206,67.92999999999999
201507,6206,63.653636363636366
201508,6206,56.83952380952381
201509,6206,55.19349999999999
201510,6206,60.453809523809525
201511,6206,59.31
201512,6206,56.04347826086956
201504,6210,33.207
201505,6210,33.5225
201505,6214,30.894
201506,6214,37.20095238095238
201507,6214,31.13409090909091
201510,6214,31.554285714285715
201511,6214,31.923333333333332
201507,6217,30.095454545454547
201511,6217,30.27904761904762
201501,6223,77.40700000000001
201502,6223,75.34153846153846
201503,6223,76.56363636363636
201504,6223,64.431
201505,6223,60.86749999999999
201506,6223,57.078571428571436
201507,6223,50.52136363636364
201508,6223,40.168571428571425
201509,6223,40.8705
201510,6223,45.83952380952381
201511,6223,49.444761904761904
201512,6223,47.050000000000004
201501,6224,40.370999999999995
201502,6224,41.075384615384614
201503,6224,42.355
201504,6224,42.174
201505,6224,43.818
201506,6224,47.66809523809523
201507,6224,42.87
201508,6224,39.45
201509,6224,40.940999999999995
201510,6224,42.07666666666667
201511,6224,41.90380952380953
201512,6224,42.18217391304348
201501,6225,135.79749999999999
201502,6225,128.02615384615385
201503,6225,153.09681818181818
201504,6225,128.05684210526314
201505,6225,126.55388888888888
201506,6225,118.75736842105262
201507,6225,117.88681818181819
201508,6225,110.58125
201509,6225,106.82666666666667
201510,6225,102.45705882352941
201511,6225,93.63315789473684
201512,6225,87.06636363636363
201501,6228,126.617
201502,6228,122.74
201503,6228,123.9659090909091
201504,6228,95.39349999999999
201505,6228,57.285000000000004
201506,6228,54.95142857142857
201507,6228,46.02318181818182
201508,6228,35.754285714285714
201509,6228,39.266000000000005
201510,6228,49.24714285714286
201511,6228,45.54
201512,6228,41.57260869565217
201501,6230,65.53450000000001
201502,6230,65.88769230769232
201503,6230,74.81409090909091
201504,6230,72.23049999999999
201505,6230,67.4365
201506,6230,61.74333333333334
201507,6230,53.83909090909091
201508,6230,43.59142857142857
201509,6230,47.947
201510,6230,58.3847619047619
201511,6230,64.68761904761905
201512,6230,97.3108695652174
201501,6231,30.6495
201501,6236,41.911764705882355
201502,6236,40.93888888888889
201503,6236,40.135000000000005
201504,6236,38.27105263157895
201505,6236,36.697500000000005
201506,6236,33.2575
201507,6236,30.944736842105264
201509,6236,30.20263157894737
201510,6236,33.23809523809524
201511,6236,32.67
201512,6236,31.956818181818186
201512,6237,31.84478260869565
201501,6238,33.1475
201502,6238,33.580769230769235
201503,6238,36.75363636363637
201504,6238,38.9505
201505,6238,47.4605
201506,6238,53.01809523809524
201507,6238,50.540000000000006
201508,6238,45.76857142857143
201509,6238,58.088
201510,6238,102.73952380952382
201511,6238,122.10142857142857
201512,6238,129.31130434782608
201501,6239,30.8625
201502,6239,30.76153846153846
201503,6239,31.675454545454546
201504,6239,32.207499999999996
201505,6239,36.5045
201506,6239,37.78142857142857
201507,6239,35.800909090909094
201508,6239,34.493809523809524
201509,6239,35.873000000000005
201510,6239,38.87809523809524
201511,6239,44.24809523809524
201512,6239,42.83695652173913
201501,6240,59.42857142857143
201502,6240,53.849999999999994
201504,6240,46.53333333333333
201505,6240,32.324999999999996
201511,6240,31.9
201501,6243,45.54
201502,6243,41.88230769230769
201503,6243,50.416818181818186
201504,6243,48.0755
201505,6243,40.066500000000005
201506,6243,37.47904761904762
201507,6243,34.47272727272727
201510,6243,30.085238095238093
201511,6243,30.270952380952384
201512,6243,31.194782608695654
201501,6244,61.037
201502,6244,58.58
201503,6244,61.10227272727273
201504,6244,59.98049999999999
201505,6244,49.845
201506,6244,49.90190476190477
201507,6244,60.08227272727272
201508,6244,45.43952380952381
201509,6244,46.3865
201510,6244,60.22714285714286
201511,6244,61.985238095238095
201512,6244,64.04695652173913
201501,6259,168.006
201502,6259,122.84769230769231
201503,6259,126.02863636363637
201504,6259,96.295
201505,6259,85.4915
201506,6259,70.83285714285714
201507,6259,59.58545454545455
201508,6259,41.874761904761904
201509,6259,39.2085
201510,6259,47.66428571428572
201511,6259,57.139523809523816
201512,6259,54.63826086956522
201501,6261,31.014499999999998
201502,6261,32.175384615384615
201503,6261,33.51909090909091
201504,6261,33.288
201505,6261,31.907999999999998
201501,6269,41.044
201502,6269,43.24153846153846
201503,6269,47.846363636363634
201504,6269,58.807500000000005
201505,6269,61.871500000000005
201506,6269,67.88809523809525
201507,6269,69.38090909090909
201508,6269,54.49857142857143
201509,6269,55.491
201510,6269,56.99285714285714
201511,6269,55.54714285714286
201512,6269,50.11304347826086
201501,6271,86.8355
201502,6271,88.70615384615385
201503,6271,89.17863636363637
201504,6271,80.8495
201505,6271,69.5855
201506,6271,66.86
201507,6271,62.3359090909091
201508,6271,55.42714285714286
201509,6271,65.55850000000001
201510,6271,70.30857142857143
201511,6271,65.75904761904762
201512,6271,64.25869565217391
201502,6276,30.144615384615385
201501,6277,41.4595
201502,6277,41.638461538461534
201503,6277,44.184090909090905
201504,6277,45.894
201505,6277,44.411500000000004
201506,6277,44.44428571428572
201507,6277,44.97090909090909
201508,6277,37.17714285714286
201509,6277,35.400999999999996
201510,6277,37.637142857142855
201511,6277,37.839999999999996
201512,6277,37.95739130434782
201501,6279,71.108
201502,6279,76.45076923076923
201503,6279,83.63863636363637
201504,6279,92.441
201505,6279,92.582
201506,6279,91.01857142857142
201507,6279,78.71954545454545
201508,6279,75.82571428571428
201509,6279,75.507
201510,6279,93.0795238095238
201511,6279,94.53428571428572
201512,6279,90.40652173913043
201501,6281,31.5985
201502,6281,31.522307692307695
201503,6281,32.03
201504,6281,32.6075
201505,6281,33.0085
201506,6281,32.68666666666667
201507,6281,32.96090909090909
201508,6281,31.246190476190474
201509,6281,30.722
201510,6281,31.06047619047619
201511,6281,31.25238095238095
201512,6281,31.07
201501,6284,30.302999999999997
201504,6284,30.2075
201501,6285,40.6045
201502,6285,42.43
201503,6285,43.64727272727273
201504,6285,45.83
201505,6285,52.871
201506,6285,53.59
201507,6285,49.29272727272728
201508,6285,41.53
201509,6285,42.445499999999996
201510,6285,49.85333333333334
201511,6285,54.11666666666667
201512,6285,54.91608695652174
201501,6286,154.099
201502,6286,155.96692307692308
201503,6286,166.36863636363637
201504,6286,161.6545
201505,6286,164.046
201506,6286,172.35619047619048
201507,6286,165.28136363636364
201508,6286,160.26190476190476
201509,6286,187.975
201510,6286,189.64285714285714
201511,6286,189.83333333333334
201512,6286,189.30434782608697
201506,6294,49.953809523809525
201507,6294,54.65772727272727
201508,6294,48.546190476190475
201509,6294,48.024
201510,6294,45.80666666666667
201511,6294,36.717619047619046
201512,6294,31.853478260869565
201501,6404,203.0205
201502,6404,182.73846153846154
201503,6404,177.3490909090909
201504,6404,156.68800000000002
201505,6404,143.45350000000002
201506,6404,151.6790476190476
201507,6404,132.04136363636363
201508,6404,115.90714285714287
201509,6404,125.24849999999999
201510,6404,128.51333333333332
201511,6404,124.8257142857143
201512,6404,117.47173913043478
201501,6405,38.283
201502,6405,37.19461538461538
201503,6405,35.36636363636364
201504,6405,30.360500000000002
201501,6409,174.82750000000001
201502,6409,173.16384615384615
201503,6409,189.43454545454549
201504,6409,210.04699999999997
201505,6409,239.127
201506,6409,244.3680952380952
201507,6409,237.6709090909091
201508,6409,263.6838095238095
201509,6409,290.7725
201510,6409,276.5195238095238
201511,6409,310.98333333333335
201512,6409,336.14608695652174
201503,6411,31.740454545454543
201504,6411,30.026999999999997
201501,6414,171.029
201502,6414,170.32
201503,6414,184.57863636363638
201504,6414,192.4555
201505,6414,210.95549999999997
201506,6414,243.19904761904763
201507,6414,236.76636363636362
201508,6414,198.82238095238097
201509,6414,206.045
201510,6414,237.50571428571428
201511,6414,235.09714285714284
201512,6414,251.03608695652173
201501,6415,220.0455
201502,6415,213.21538461538464
201503,6415,211.64181818181817
201504,6415,252.90949999999998
201505,6415,283.088
201506,6415,294.64238095238096
201507,6415,294.7127272727273
201508,6415,275.3414285714286
201509,6415,276.40150000000006
201510,6415,303.99
201511,6415,336.0780952380953
201512,6415,349.7278260869565
201501,6416,76.3625
201502,6416,85.66153846153846
201503,6416,98.08818181818182
201504,6416,112.024
201505,6416,105.5755
201506,6416,106.06761904761905
201507,6416,95.92181818181817
201508,6416,78.82523809523809
201509,6416,82.07050000000001
201510,6416,95.64238095238095
201511,6416,99.01809523809524
201512,6416,103.72260869565217
201503,6417,30.324545454545454
201504,6417,31.56
201505,6417,31.002
201506,6417,31.132105263157893
201507,6417,31.183684210526316
201509,6417,30.42315789473684
201510,6417,38.03095238095238
201511,6417,40.63047619047619
201512,6417,35.21217391304348
201501,6419,104.54549999999999
201502,6419,89.36923076923077
201503,6419,82.44454545454545
201504,6419,67.9735
201505,6419,58.855999999999995
201506,6419,54.840476190476195
201507,6419,51.033181818181816
201508,6419,41.235238095238095
201509,6419,38.3745
201510,6419,41.60619047619048
201511,6419,42.80142857142857
201512,6419,38.90652173913043
201501,6422,58.6955
201502,6422,56.37384615384615
201503,6422,58.73954545454546
201504,6422,57.602999999999994
201505,6422,51.378499999999995
201506,6422,48.226190476190474
201507,6422,42.68909090909091
201508,6422,36.951904761904764
201509,6422,37.6215
201510,6422,41.37571428571429
201511,6422,44.49095238095238
201512,6422,42.86521739130435
201501,6423,40.30947368421052
201502,6423,39.53384615384615
201503,6423,44.05571428571428
201504,6423,55.6355
201505,6423,53.30800000000001
201506,6423,60.64523809523809
201507,6423,57.146190476190476
201508,6423,42.098571428571425
201509,6423,42.589999999999996
201510,6423,47.4945
201511,6423,48.107777777777784
201512,6423,50.43666666666667
201501,6425,46.654
201502,6425,49.27923076923077
201503,6425,47.98181818181818
201504,6425,47.26052631578948
201505,6425,48.705
201506,6425,48.68
201507,6425,47.096363636363634
201508,6425,37.14857142857143
201509,6425,31.8635
201510,6425,31.28952380952381
201511,6425,31.63105263157895
201512,6425,31.24842105263158
201501,6426,33.85
201502,6426,30.876153846153844
201503,6426,32.15590909090909
201504,6426,30.439999999999998
201501,6438,40.8535
201502,6438,40.66615384615385
201503,6438,38.736363636363635
201504,6438,36.2285
201505,6438,38.835
201506,6438,38.9147619047619
201507,6438,36.09954545454545
201508,6438,31.486666666666668
201509,6438,30.1435
201510,6438,30.00333333333333
201511,6438,30.28142857142857
201501,6441,43.64125
201502,6441,40.3
201503,6441,44.18571428571428
201504,6441,44.36
201505,6441,43.336666666666666
201506,6441,43.29117647058824
201507,6441,40.92375
201508,6441,33.998571428571424
201509,6441,30.103571428571428
201503,6442,33.79818181818182
201504,6442,34.5495
201505,6442,34.5065
201506,6442,38.78
201507,6442,44.347272727272724
201508,6442,35.43666666666667
201509,6442,33.432
201510,6442,37.61333333333333
201511,6442,37.17
201512,6442,33.03695652173913
201501,6446,126.20250000000001
201502,6446,122.3276923076923
201503,6446,126.90227272727272
201504,6446,113.08599999999998
201505,6446,85.17699999999999
201506,6446,75.62714285714286
201507,6446,74.09136363636364
201508,6446,60.86142857142857
201509,6446,84.4015
201510,6446,85.80190476190475
201511,6446,97.76857142857142
201512,6446,173.06652173913045
201501,6451,127.735
201502,6451,133.35230769230768
201503,6451,137.67954545454543
201504,6451,131.645
201505,6451,127.7565
201506,6451,129.13238095238094
201507,6451,121.22272727272728
201508,6451,80.02000000000001
201509,6451,86.2205
201510,6451,85.20380952380953
201511,6451,95.37238095238095
201512,6451,105.05434782608695
201503,6452,97.4
201504,6452,100.82849999999999
201505,6452,98.759
201506,6452,104.31666666666668
201507,6452,101.71863636363636
201508,6452,97.01952380952382
201509,6452,109.394
201510,6452,163.07285714285715
201511,6452,228.75714285714284
201512,6452,231.4091304347826
201506,6456,93.05363636363637
201507,6456,104.48909090909092
201508,6456,85.53809523809524
201509,6456,91.05550000000001
201510,6456,91.55333333333334
201511,6456,101.41523809523811
201512,6456,90.59434782608696
201501,6461,49.2805
201502,6461,53.38923076923077
201503,6461,51.78380952380952
201504,6461,47.36611111111111
201505,6461,43.175789473684205
201506,6461,38.083888888888886
201507,6461,36.34111111111111
201510,6461,36.38619047619048
201511,6461,39.72571428571429
201512,6461,49.49173913043478
201501,6462,92.5795
201502,6462,103.24615384615385
201503,6462,102.50500000000001
201504,6462,106.05
201505,6462,85.9405
201506,6462,85.91285714285715
201507,6462,82.74636363636364
201508,6462,76.97571428571429
201509,6462,79.369
201510,6462,87.92142857142856
201511,6462,86.16571428571429
201512,6462,97.25347826086956
201501,6464,82.765
201502,6464,82.96799999999999
201503,6464,86.39
201504,6464,90.66
201505,6464,96.45736842105264
201506,6464,100.25666666666667
201507,6464,97.60166666666666
201508,6464,92.63625
201509,6464,91.69176470588235
201510,6464,89.72095238095238
201511,6464,92.55380952380953
201512,6464,90.44695652173914
201501,6465,63.85058823529412
201502,6465,63.71923076923077
201503,6465,64.56190476190476
201504,6465,62.427499999999995
201505,6465,62.876315789473686
201506,6465,62.667142857142856
201507,6465,59.72090909090909
201508,6465,55.27315789473685
201509,6465,58.101
201510,6465,70.23047619047618
201511,6465,77.3452380952381
201512,6465,69.63391304347826
201511,6470,31.522380952380953
201501,6472,34.168749999999996
201502,6472,34.19
201503,6472,34.049166666666665
201504,6472,33.62
201505,6472,33.62
201506,6472,33.529
201507,6472,33.124
201508,6472,31.2
201501,6482,40.507
201502,6482,38.18
201503,6482,34.379999999999995
201504,6482,34.617000000000004
201505,6482,34.374
201506,6482,33.315
201507,6482,34.3725
201508,6482,34.03066666666667
201509,6482,31.805
201510,6482,32.41
201511,6482,32.642857142857146
201512,6482,37.8675
201501,6485,45.0055
201502,6485,44.99923076923077
201503,6485,46.22636363636364
201504,6485,39.771499999999996
201505,6485,30.119
201511,6485,33.402857142857144
201512,6485,30.809565217391306
201501,6486,34.14947368421053
201502,6486,35.06454545454545
201503,6486,35.272777777777776
201504,6486,35.172941176470594
201505,6486,33.77166666666667
201506,6486,31.53047619047619
201501,6488,59.6725
201502,6488,68.42692307692307
201503,6488,67.65363636363637
201504,6488,63.062
201505,6488,61.61900000000001
201506,6488,59.76523809523809
201507,6488,56.42
201508,6488,49.413809523809526
201509,6488,48.6875
201510,6488,48.778571428571425
201511,6488,51.54428571428572
201512,6488,53.78782608695653
201501,6491,122.859
201502,6491,121.25
201503,6491,119.73428571428572
201504,6491,118.29444444444445
201505,6491,116.016875
201506,6491,112.24461538461539
201507,6491,100.2505
201508,6491,83.94
201509,6491,70.07
201510,6491,79.05833333333334
201511,6491,69.27842105263157
201512,6491,66.13727272727273
201501,6492,91.65299999999999
201502,6492,86.55181818181819
201503,6492,82.77857142857142
201504,6492,66.40210526315789
201505,6492,64.19777777777777
201506,6492,60.44875
201507,6492,56.305
201508,6492,54.44157894736843
201509,6492,64.7635
201510,6492,70.20238095238095
201511,6492,148.98380952380953
201512,6492,183.83521739130435
201501,6496,47.166000000000004
201502,6496,47.42
201503,6496,49.103500000000004
201504,6496,48.03764705882353
201505,6496,44.074615384615385
201506,6496,43.13533333333333
201507,6496,41.425000000000004
201508,6496,39.64666666666667
201509,6496,39.714285714285715
201510,6496,42.20545454545454
201511,6496,49.63333333333333
201512,6496,85.13695652173914
201501,6499,113.3395
201502,6499,124.35076923076923
201503,6499,156.40318181818182
201504,6499,152.419
201505,6499,127.4375
201506,6499,120.5095238095238
201507,6499,120.21863636363636
201508,6499,105.59809523809524
201509,6499,112.0085
201510,6499,150.31857142857143
201511,6499,146.80666666666667
201512,6499,164.62521739130435
201501,6504,104.4455
201502,6504,105.2953846153846
201503,6504,117.53681818181818
201504,6504,126.44099999999999
201505,6504,133.867
201506,6504,137.1052380952381
201507,6504,130.40863636363636
201508,6504,130.21238095238095
201509,6504,131.7875
201510,6504,133.96857142857144
201511,6504,142.77
201512,6504,135.83913043478262
201501,6505,46.8255
201502,6505,48.86692307692307
201503,6505,47.9859090909091
201504,6505,52.8625
201505,6505,55.597500000000004
201506,6505,54.020476190476195
201507,6505,54.61545454545455
201508,6505,50.81
201509,6505,53.24300000000001
201510,6505,57.37619047619048
201511,6505,55.51047619047619
201512,6505,54.7313043478261
201501,6510,112.8375
201502,6510,133.33461538461538
201503,6510,159.90772727272727
201504,6510,159.1625
201505,6510,155.1585
201506,6510,187.46904761904761
201507,6510,215.62818181818182
201508,6510,181.0247619047619
201509,6510,186.736
201510,6510,214.85904761904763
201511,6510,276.20285714285717
201512,6510,400.51956521739135
201502,6512,59.70285714285715
201503,6512,62.955
201504,6512,61.34533333333333
201505,6512,58.11769230769231
201506,6512,50.614444444444445
201507,6512,43.24545454545455
201508,6512,34.079
201509,6512,34.878
201510,6512,34.08461538461539
201511,6512,38.09230769230769
201512,6512,41.37130434782608
201512,6514,33.60619047619048
201501,6516,59.7325
201502,6516,59.958888888888886
201503,6516,64.97105263157896
201504,6516,72.22285714285714
201505,6516,69.92764705882352
201506,6516,69.67888888888889
201507,6516,65.80666666666667
201508,6516,48.4875
201509,6516,69.3785
201510,6516,103.7125
201511,6516,110.654
201512,6516,105.44200000000001
201505,6523,125.04
201506,6523,107.15047619047618
201507,6523,101.56476190476191
201508,6523,94.54842105263158
201509,6523,102.92
201510,6523,109.47999999999999
201511,6523,117.54666666666667
201512,6523,133.6008695652174
201507,6526,182.11
201508,6526,152.61190476190475
201509,6526,134.13899999999998
201510,6526,143.3252380952381
201511,6526,137.04095238095238
201512,6526,160.93347826086958
201504,6527,37.57
201505,6527,31.1575
201506,6527,30.7695
201507,6527,30.97666666666667
201509,6527,30.162142857142857
201511,6527,31.61894736842105
201512,6527,40.79478260869565
201506,6531,130.46
201507,6531,115.61636363636363
201508,6531,95.37428571428572
201509,6531,47.77789473684211
201510,6531,55.69761904761905
201511,6531,62.817619047619054
201512,6531,72.35304347826086
201508,6533,71.82705882352941
201509,6533,74.6335
201510,6533,67.01619047619047
201511,6533,67.50761904761904
201512,6533,70.73826086956522
201507,6534,246.6355
201508,6534,346.08666666666664
201509,6534,319.7985
201510,6534,285.63529411764705
201511,6534,326.5990476190476
201512,6534,352.34749999999997
201507,6535,39.46636363636364
201508,6535,30.81904761904762
201509,6535,36.5315
201510,6535,41.41285714285714
201511,6535,47.4847619047619
201512,6535,71.1608695652174
201508,6538,61.08142857142857
201509,6538,61.21
201510,6538,61.833333333333336
201511,6538,64.00666666666666
201512,6538,67.3425
201508,6541,317.2191666666667
201509,6541,330.9595
201510,6541,343.40666666666664
201511,6541,370.3852380952381
201512,6541,702.1469565217391
201506,6542,98.83666666666666
201507,6542,96.64076923076922
201508,6542,89.46785714285714
201509,6542,81.44875
201510,6542,80.59555555555556
201511,6542,78.42857142857143
201512,6542,75.909
201508,6548,34.32857142857143
201509,6548,34.066315789473684
201510,6548,34.924
201511,6548,38.70142857142857
201512,6548,44.62695652173913
201501,6605,85.562
201502,6605,84.71538461538461
201503,6605,87.56318181818182
201504,6605,99.8155
201505,6605,84.8
201506,6605,78.41142857142857
201507,6605,71.16818181818182
201508,6605,68.50333333333333
201509,6605,72.518
201510,6605,79.87333333333333
201511,6605,83.49047619047619
201512,6605,83.44913043478262
201501,6803,92.2675
201502,6803,92.90384615384616
201503,6803,96.48636363636363
201504,6803,98.76899999999999
201505,6803,97.6565
201506,6803,96.43190476190476
201507,6803,95.44681818181817
201508,6803,94.60952380952381
201509,6803,94.73949999999999
201510,6803,95.96666666666667
201511,6803,98.24333333333334
201512,6803,96.17304347826087
201501,7402,61.6835
201502,7402,55.79923076923077
201503,7402,55.42666666666666
201504,7402,51.71785714285714
201505,7402,49.065384615384616
201506,7402,48.754999999999995
201507,7402,47.625
201508,7402,44.93416666666667
201509,7402,44.52583333333333
201510,7402,48.199999999999996
201511,7402,48.564
201512,7402,62.96826086956521
201501,8011,36.919
201502,8011,36.25769230769231
201503,8011,34.782272727272726
201501,8016,45.349000000000004
201502,8016,50.355384615384615
201503,8016,54.16818181818182
201504,8016,50.9045
201505,8016,48.935500000000005
201506,8016,49.723333333333336
201507,8016,45.52909090909091
201508,8016,40.261428571428574
201509,8016,46.715500000000006
201510,8016,48.327619047619045
201511,8016,47.04666666666667
201512,8016,46.51391304347826
201504,8027,32.564499999999995
201505,8027,31.8125
201506,8027,30.326190476190476
201501,8028,34.5535
201501,8038,40.722500000000004
201502,8038,40.26076923076923
201503,8038,39.41
201504,8038,34.4615
201505,8038,31.907
201506,8038,36.579523809523806
201507,8038,35.445
201510,8038,31.799999999999997
201511,8038,38.52904761904762
201512,8038,41.30173913043478
201503,8042,30.45681818181818
201501,8044,256.14050000000003
201502,8044,274.97769230769234
201503,8044,295.6786363636364
201504,8044,318.244
201505,8044,343.1325
201506,8044,359.67238095238093
201507,8044,349.2663636363637
201508,8044,294.57761904761907
201509,8044,298.034
201510,8044,288.4538095238095
201511,8044,262.87333333333333
201512,8044,256.9091304347826
201501,8046,31.95
201502,8046,32.97153846153846
201503,8046,36.40136363636364
201504,8046,41.199
201505,8046,40.989
201506,8046,32.94095238095238
201504,8050,33.1755
201505,8050,32.9485
201506,8050,33.50095238095238
201501,8066,34.332
201502,8066,41.02307692307692
201503,8066,46.930454545454545
201504,8066,44.736000000000004
201505,8066,45.228500000000004
201506,8066,51.98761904761905
201507,8066,47.35681818181818
201508,8066,39.17
201509,8066,41.1075
201510,8066,43.81238095238095
201511,8066,46.731904761904765
201512,8066,48.861304347826085
201501,8070,39.6875
201502,8070,42.821538461538466
201503,8070,47.07409090909091
201504,8070,50.1845
201505,8070,52.967499999999994
201506,8070,58.25
201507,8070,50.49545454545455
201508,8070,46.60047619047619
201509,8070,46.2745
201510,8070,47.81666666666666
201511,8070,50.14190476190476
201512,8070,50.92391304347826
201501,8072,44.542
201502,8072,44.45076923076923
201503,8072,43.42909090909091
201504,8072,39.63
201505,8072,32.769
201501,8076,67.8985
201502,8076,65.10538461538462
201503,8076,66.62454545454545
201504,8076,68.866
201505,8076,69.495
201506,8076,72.46000000000001
201507,8076,62.63590909090909
201508,8076,50.75952380952381
201509,8076,55.8485
201510,8076,69.28476190476191
201511,8076,64.27714285714285
201512,8076,57.26565217391304
201501,8077,272.86842105263156
201502,8077,247.8125
201503,8077,248.84615384615384
201504,8077,259.575
201505,8077,258.2894736842105
201506,8077,296.88235294117646
201507,8077,269.95454545454544
201508,8077,268.64285714285717
201509,8077,283.3181818181818
201510,8077,291.85714285714283
201511,8077,282.96666666666664
201512,8077,255.28333333333333
201501,8080,110.0125
201502,8080,104.6923076923077
201503,8080,106.88636363636364
201504,8080,94.6125
201505,8080,91.325
201506,8080,94.26190476190476
201507,8080,78.44318181818181
201508,8080,42.576190476190476
201509,8080,60.1875
201510,8080,68.97619047619048
201511,8080,71.41666666666667
201512,8080,59.79347826086956
201501,8081,42.7555
201502,8081,44.417692307692306
201503,8081,45.01181818181818
201504,8081,43.9735
201505,8081,41.018
201506,8081,38.408095238095235
201507,8081,35.28454545454545
201510,8081,31.36952380952381
201511,8081,30.607142857142858
201512,8081,32.11173913043478
201501,8083,69.5095
201502,8083,77.08153846153846
201503,8083,89.945
201504,8083,89.316
201505,8083,91.59450000000001
201506,8083,85.57857142857144
201507,8083,78.815
201508,8083,75.76142857142857
201509,8083,75.90549999999999
201510,8083,76.57095238095238
201511,8083,78.30095238095238
201512,8083,75.80652173913043
201501,8086,33.8525
201502,8086,32.55615384615385
201503,8086,43.152727272727276
201504,8086,48.213499999999996
201505,8086,61.872
201506,8086,82.14380952380952
201507,8086,76.175
201508,8086,57.729523809523805
201509,8086,65.4835
201510,8086,62.62142857142857
201511,8086,62.589523809523804
201512,8086,71.4908695652174
201501,8091,38.7325
201502,8091,41.440000000000005
201503,8091,47.89090909090908
201504,8091,51.4175
201505,8091,54.221500000000006
201506,8091,56.74238095238095
201507,8091,52.74045454545455
201508,8091,40.239999999999995
201509,8091,45.9945
201510,8091,46.5852380952381
201511,8091,48.55952380952381
201512,8091,51.94173913043478
201501,8101,69.3995
201502,8101,70.30230769230769
201503,8101,70.99772727272727
201504,8101,66.788
201505,8101,61.9045
201506,8101,56.98619047619048
201507,8101,55.61954545454545
201508,8101,51.98238095238096
201509,8101,55.8565
201510,8101,53.703809523809525
201511,8101,49.29571428571429
201512,8101,45.40652173913043
201501,8103,31.088
201502,8103,30.632307692307695
201503,8103,31.98045454545455
201504,8103,30.592000000000002
201502,8109,30.773076923076925
201503,8109,30.286363636363635
201504,8109,32.277499999999996
201501,8114,82.48299999999999
201502,8114,83.67307692307692
201503,8114,94.03863636363636
201504,8114,94.593
201505,8114,95.7775
201506,8114,100.51714285714286
201507,8114,88.24363636363637
201508,8114,87.55190476190475
201509,8114,92.27250000000001
201510,8114,104.23380952380951
201511,8114,102.94476190476192
201512,8114,98.70086956521739
201501,8121,30.723000000000003
201503,8121,32.08181818181818
201503,8147,30.21681818181818
201504,8147,31.936500000000002
201505,8147,36.183499999999995
201506,8147,43.31619047619048
201507,8147,34.724545454545456
201509,8147,30.042
201510,8147,37.86904761904762
201511,8147,37.76714285714286
201512,8147,32.458260869565216
201502,8150,30.956153846153846
201503,8150,30.23318181818182
201501,8210,35.163
201502,8210,33.67076923076923
201503,8210,33.71636363636364
201504,8210,33.4745
201501,8234,36.07
201502,8234,34.290769230769236
201503,8234,35.24227272727273
201504,8234,33.576
201501,8255,68.2245
201502,8255,71.58923076923077
201503,8255,76.33181818181818
201504,8255,75.6255
201505,8255,74.70700000000001
201506,8255,74.41571428571429
201507,8255,68.82181818181817
201508,8255,61.45142857142857
201509,8255,61.915499999999994
201510,8255,69.58428571428571
201511,8255,72.5852380952381
201512,8255,77.25826086956522
201505,8261,30.2185
201511,8279,33.339999999999996
201512,8279,41.25086956521739
201501,8284,32.708888888888886
201502,8284,33.15222222222222
201503,8284,33.03
201504,8284,34.9964705882353
201505,8284,35.752307692307696
201506,8284,34.216153846153844
201507,8284,32.41307692307692
201508,8284,30.064166666666665
201510,8284,30.476499999999998
201501,8299,139.63299999999998
201502,8299,143.49692307692308
201503,8299,161.03681818181818
201504,8299,169.9615
201505,8299,180.277
201506,8299,184.92333333333332
201507,8299,158.46545454545455
201508,8299,146.50809523809525
201509,8299,146.386
201510,8299,151.27904761904762
201511,8299,167.94476190476192
201512,8299,159.64565217391305
201501,8341,34.3155
201502,8341,36.318461538461534
201503,8341,38.305454545454545
201504,8341,51.271
201505,8341,62.713
201506,8341,59.51428571428571
201507,8341,59.16954545454546
201508,8341,58.2
201509,8341,58.338499999999996
201510,8341,66.93809523809524
201511,8341,83.95095238095239
201512,8341,86.82043478260869
201501,8349,46.1885
201502,8349,45.76230769230769
201503,8349,46.14909090909091
201504,8349,49.048500000000004
201505,8349,49.08
201506,8349,45.860952380952384
201507,8349,44.37954545454546
201508,8349,44.29380952380953
201509,8349,44.3635
201510,8349,41.51238095238095
201511,8349,40.230000000000004
201512,8349,41.393478260869564
201510,8383,32.12142857142857
201501,8406,252.6045
201502,8406,245.66615384615383
201503,8406,269.5122727272728
201504,8406,326.457
201505,8406,336.5865
201506,8406,325.81904761904764
201507,8406,258.2622727272728
201508,8406,253.9142857142857
201509,8406,272.9
201510,8406,282.7238095238095
201511,8406,318.33238095238096
201512,8406,341.93695652173915
201501,8409,38.587
201502,8409,37.77846153846154
201503,8409,36.24409090909091
201504,8409,32.181
201511,8409,32.5247619047619
201512,8409,30.885217391304348
201502,8411,30.89923076923077
201503,8411,30.219545454545457
201501,8416,64.10499999999999
201502,8416,64.85923076923076
201503,8416,65.14363636363636
201504,8416,72.65
201505,8416,65.74199999999999
201506,8416,58.05761904761905
201507,8416,57.405454545454546
201508,8416,53.45666666666666
201509,8416,48.352
201510,8416,53.658095238095235
201511,8416,52.50095238095238
201512,8416,51.14043478260869
201501,8422,81.396
201502,8422,86.52307692307691
201503,8422,88.42545454545456
201504,8422,98.1155
201505,8422,99.756
201506,8422,99.99095238095238
201507,8422,93.52636363636363
201508,8422,79.87428571428572
201509,8422,82.84049999999999
201510,8422,86.96000000000001
201511,8422,97.46095238095238
201512,8422,100.99695652173912
201501,8426,36.7555
201502,8426,35.21076923076923
201503,8426,35.718636363636364
201504,8426,35.4875
201505,8426,30.3225
201501,8427,39.163
201502,8427,42.605384615384615
201503,8427,43.048181818181824
201504,8427,48.208
201505,8427,41.852999999999994
201506,8427,38.17333333333333
201507,8427,36.85409090909091
201508,8427,38.084761904761905
201509,8427,40.7405
201510,8427,42.665238095238095
201511,8427,48.03904761904762
201512,8427,46.25043478260869
201501,8429,45.695
201502,8429,45.87307692307692
201503,8429,45.48318181818182
201504,8429,45.074
201505,8429,41.406
201506,8429,39.30380952380953
201507,8429,35.66227272727272
201508,8429,34.00238095238095
201509,8429,38.463499999999996
201510,8429,44.944761904761904
201511,8429,46.53476190476191
201512,8429,41.73608695652174
201501,8431,34.0835
201502,8431,39.206153846153846
201503,8431,46.20454545454545
201504,8431,63.741
201505,8431,79.538
201506,8431,92.97714285714285
201507,8431,72.45772727272727
201508,8431,52.50619047619048
201509,8431,59.14
201510,8431,60.76952380952381
201511,8431,54.721428571428575
201512,8431,74.53347826086956
201501,8432,38.0065
201502,8432,36.44307692307692
201503,8432,36.88045454545455
201504,8432,36.568
201505,8432,33.556
201506,8432,32.731904761904765
201507,8432,33.49727272727273
201508,8432,31.776666666666664
201509,8432,32.462
201510,8432,35.64809523809524
201511,8432,46.12142857142857
201512,8432,52.85956521739131
201504,8433,36.0775
201505,8433,45.4855
201506,8433,52.81904761904762
201507,8433,45.31363636363636
201508,8433,42.324285714285715
201509,8433,47.995999999999995
201510,8433,62.296190476190475
201511,8433,76.7642857142857
201512,8433,74.35173913043478
201501,8436,32.8665
201502,8436,30.89769230769231
201503,8436,31.13681818181818
201504,8436,34.114
201505,8436,32.467
201506,8436,34.42285714285714
201507,8436,38.32954545454545
201508,8436,34.364285714285714
201509,8436,36.8605
201510,8436,44.212857142857146
201511,8436,46.27333333333333
201512,8436,53.673478260869565
201505,8437,84.95
201506,8437,80.65333333333334
201507,8437,83.6640909090909
201508,8437,71.09666666666666
201509,8437,62.196000000000005
201510,8437,69.62047619047618
201511,8437,81.21285714285715
201512,8437,78.01304347826087
201501,8444,33.561875
201502,8444,34.12875
201503,8444,40.89272727272727
201504,8444,42.669375
201505,8444,42.92894736842105
201506,8444,48.45666666666667
201507,8444,52.1755
201508,8444,54.25631578947368
201509,8444,62.58888888888888
201510,8444,60.81571428571429
201511,8444,52.53047619047619
201512,8444,59.746956521739136
201501,8446,33.2635
201502,8446,33.84846153846154
201503,8446,34.11454545454546
201504,8446,41.7105
201505,8446,48.069
201506,8446,55.04714285714286
201507,8446,46.751363636363635
201508,8446,37.66761904761905
201509,8446,38.3395
201510,8446,43.259047619047614
201511,8446,44.95857142857143
201512,8446,53.76826086956522
201501,8450,112.18800000000002
201502,8450,97.11384615384615
201503,8450,73.36272727272727
201504,8450,66.674
201505,8450,65.699
201506,8450,68.91238095238096
201507,8450,73.84772727272728
201508,8450,58.57666666666666
201509,8450,62.79600000000001
201510,8450,69.85904761904762
201511,8450,69.0747619047619
201512,8450,68.02913043478262
201501,8454,130.28
201502,8454,124.44692307692307
201503,8454,122.9718181818182
201504,8454,114.81949999999999
201505,8454,117.17349999999999
201506,8454,113.88428571428572
201507,8454,104.37318181818182
201508,8454,92.57666666666667
201509,8454,85.6865
201510,8454,79.33571428571429
201511,8454,87.8247619047619
201512,8454,96.10304347826086
201504,8462,32.567647058823525
201505,8462,32.1525
201506,8462,32.48625
201507,8462,34.2405
201508,8462,31.39421052631579
201509,8462,32.267
201510,8462,32.2375
201511,8462,33.11666666666667
201512,8462,35.121904761904766
201503,8463,30.16190476190476
201504,8463,36.318
201505,8463,36.243
201506,8463,36.22571428571429
201501,8464,109.06166666666667
201502,8464,101.81181818181818
201503,8464,105.70666666666666
201504,8464,106.97923076923077
201505,8464,107.334
201506,8464,112.76714285714286
201507,8464,115.375
201508,8464,110.73299999999999
201509,8464,111.356
201510,8464,123.452
201511,8464,136.60571428571427
201512,8464,160.5182608695652
201512,8467,48.87916666666666
201501,8472,136.42499999999998
201502,8472,129.3669230769231
201503,8472,130.26285714285714
201504,8472,119.60473684210525
201505,8472,116.32571428571428
201506,8472,119.54133333333334
201507,8472,95.61699999999999
201508,8472,77.8545
201509,8472,90.85235294117648
201510,8472,100.01
201511,8472,97.9725
201512,8472,117.6713043478261
201503,8473,39.73
201504,8473,43.0121052631579
201505,8473,43.060526315789474
201506,8473,42.69705882352941
201507,8473,42.2
201508,8473,42.29
201509,8473,40.379999999999995
201510,8473,41.968823529411765
201511,8473,41.77294117647059
201512,8473,43.94434782608696
201512,8476,32.833636363636366
201510,8477,70.69
201511,8477,63.71368421052631
201512,8477,63.465789473684204
201509,8478,173.73333333333335
201510,8478,173.73666666666668
201511,8478,170.83285714285714
201512,8478,170.85
201512,8916,35.496521739130436
201502,8917,30.2375
201503,8917,30.837692307692308
201504,8917,30.145333333333333
201506,8917,30.075625
201507,8917,30.5
201508,8917,31.34777777777778
201510,8917,30.06
201511,8917,30.08
201504,8934,41.7
201506,8934,45.85
201509,8934,40.5
201510,8934,44.55
201501,8936,39.0615
201502,8936,38.98461538461538
201503,8936,42.125454545454545
201504,8936,41.482
201505,8936,34.9105
201506,8936,34.53333333333334
201507,8936,31.826363636363634
201511,8936,30.975238095238097
201512,8936,30.28
201509,8941,32.015
201510,8941,31.48761904761905
201501,8942,38.721
201502,8942,38.99692307692308
201503,8942,43.698181818181816
201504,8942,42.6995
201505,8942,40.3685
201506,8942,41.77904761904762
201507,8942,38.93590909090909
201508,8942,34.62380952380953
201509,8942,39.382999999999996
201510,8942,42.50095238095238
201511,8942,41.98571428571429
201512,8942,38.923478260869565
201501,8996,38.2625
201502,8996,39.83769230769231
201503,8996,42.66409090909091
201504,8996,41.817
201505,8996,36.9055
201506,8996,33.424285714285716
201507,8996,32.27409090909091
201510,8996,31.01238095238095
201511,8996,32.55142857142857
201512,8996,30.93521739130435
201501,9802,30.912
201502,9802,32.85230769230769
201503,9802,41.835
201504,9802,46.231
201505,9802,42.5195
201506,9802,45.01380952380952
201507,9802,39.555
201510,9802,32.95095238095238
201511,9802,32.43047619047619
201512,9802,32.67956521739131
201502,9904,30.103846153846156
201503,9904,31.51181818181818
201505,9904,30.932
201508,9904,32.67857142857143
201509,9904,34.5575
201510,9904,34.23238095238095
201511,9904,32.1552380952381
201503,9906,30.222272727272728
201504,9906,33.112
201501,9910,51.682
201502,9910,60.54615384615385
201503,9910,77.37954545454546
201504,9910,91.239
201505,9910,86.078
201506,9910,79.58190476190477
201507,9910,83.52136363636363
201508,9910,92.11428571428571
201509,9910,101.2265
201510,9910,98.97142857142858
201511,9910,96.1447619047619
201512,9910,89.00173913043479
201501,9914,166.741
201502,9914,179.69615384615386
201503,9914,188.70590909090907
201504,9914,186.5445
201505,9914,172.2935
201506,9914,159.91761904761904
201507,9914,159.12681818181818
201508,9914,138.21809523809523
201509,9914,144.2945
201510,9914,150.5909523809524
201511,9914,151.51857142857142
201512,9914,139.2595652173913
201501,9917,50.2385
201502,9917,50.74153846153846
201503,9917,51.51499999999999
201504,9917,55.2395
201505,9917,55.620000000000005
201506,9917,57.24714285714286
201507,9917,58.08090909090909
201508,9917,58.37428571428571
201509,9917,58.439
201510,9917,60.76095238095238
201511,9917,62.950476190476195
201512,9917,59.63173913043478
201501,9921,204.89050000000003
201502,9921,218.52769230769232
201503,9921,224.2790909090909
201504,9921,215.958
201505,9921,198.654
201506,9921,191.29809523809521
201507,9921,197.63636363636363
201508,9921,184.88047619047617
201509,9921,187.03199999999998
201510,9921,189.7104761904762
201511,9921,180.32714285714286
201512,9921,166.9613043478261
201501,9928,51.0235
201502,9928,50.74615384615385
201503,9928,50.77590909090909
201504,9928,50.097500000000004
201505,9928,49.4485
201506,9928,45.44285714285714
201507,9928,43.458636363636366
201508,9928,39.9315
201509,9928,39.9555
201510,9928,47.55952380952381
201511,9928,47.67047619047619
201512,9928,41.458260869565216
201501,9930,40.957499999999996
201502,9930,41.31461538461539
201503,9930,42.79454545454546
201504,9930,46.435500000000005
201505,9930,46.5475
201506,9930,43.74857142857143
201507,9930,41.79272727272728
201508,9930,37.98571428571428
201509,9930,36.9255
201510,9930,38.20428571428571
201511,9930,38.00333333333334
201512,9930,36.61217391304348
201501,9933,30.244999999999997
201502,9933,30.495384615384616
201503,9933,30.80545454545455
201504,9933,32.267
201505,9933,31.628500000000003
201506,9933,30.487142857142857
201501,9938,34.3565
201502,9938,42.38076923076923
201503,9938,48.877272727272725
201504,9938,57.291999999999994
201505,9938,61.5295
201506,9938,66.91904761904762
201507,9938,53.00772727272727
201508,9938,54.72571428571429
201509,9938,63.50699999999999
201510,9938,61.42952380952381
201511,9938,57.31238095238095
201512,9938,55.35
201501,9939,34.359500000000004
201502,9939,34.81153846153846
201503,9939,37.12909090909091
201504,9939,36.725
201505,9939,37.546499999999995
201506,9939,38.11571428571428
201507,9939,34.315909090909095
201508,9939,31.92809523809524
201509,9939,31.993000000000002
201510,9939,33.49904761904762
201511,9939,33.16809523809523
201512,9939,31.215652173913046
201501,9942,60.029999999999994
201502,9942,60.4476923076923
201503,9942,65.60409090909091
201504,9942,68.2525
201505,9942,63.4995
201506,9942,57.567619047619054
201507,9942,52.75590909090909
201508,9942,45.02142857142857
201509,9942,46.353
201510,9942,47.687619047619044
201511,9942,46.223333333333336
201512,9942,44.5104347826087
201504,9943,30.397000000000002
201505,9943,37.147000000000006
201506,9943,37.05285714285714
201507,9943,39.91318181818182
201508,9943,40.22904761904762
201509,9943,37.701499999999996
201510,9943,36.72238095238095
201511,9943,36.59809523809523
201512,9943,35.16913043478261
201501,9944,35.792500000000004
201502,9944,31.032307692307693
201505,9944,31.342000000000002
201506,9944,34.15952380952381
201507,9944,31.81863636363636
201501,9951,73.98949999999999
201502,9951,73.18307692307692
201503,9951,77.00636363636363
201504,9951,84.0
201505,9951,76.76899999999999
201506,9951,77.79571428571428
201507,9951,78.89136363636364
201508,9951,90.32571428571428
201509,9951,102.79849999999999
201510,9951,115.71857142857144
201511,9951,111.5395238095238
201512,9951,107.12478260869565
