year_month,stock_id,mean_close
201601,1101,13.19857142857143
201602,1101,14.253076923076922
201603,1101,15.433478260869567
201604,1101,16.147894736842105
201605,1101,14.831904761904761
201606,1101,15.741428571428571
201607,1101,17.4495
201608,1101,18.60478260869565
201609,1101,18.614736842105263
201610,1101,19.1005
201611,1101,19.18
201612,1101,18.900454545454547
201601,1102,15.905714285714286
201602,1102,16.67076923076923
201603,1102,18.213043478260868
201604,1102,17.933157894736844
201605,1102,15.75952380952381
201606,1102,16.47190476190476
201607,1102,17.778
201608,1102,18.546521739130434
201609,1102,17.657894736842106
201610,1102,17.673
201611,1102,17.325454545454548
201612,1102,17.560909090909092
201601,1104,11.34047619047619
201602,1104,11.401538461538461
201603,1104,11.790869565217392
201604,1104,11.783684210526316
201605,1104,11.003333333333334
201606,1104,11.343809523809524
201607,1104,12.0215
201608,1104,13.587391304347825
201609,1104,13.97578947368421
201610,1104,14.539000000000001
201611,1104,13.959545454545456
201612,1104,14.24909090909091
201601,1110,13.042380952380952
201602,1110,13.302307692307693
201603,1110,13.77913043478261
201604,1110,14.264736842105261
201605,1110,13.634761904761904
201606,1110,14.022857142857143
201607,1110,14.118500000000001
201608,1110,14.370869565217392
201609,1110,14.347777777777777
201610,1110,14.101052631578948
201611,1110,14.024545454545455
201612,1110,14.341363636363637
201601,1201,14.935238095238095
201602,1201,15.451538461538462
201603,1201,17.497826086956522
201604,1201,17.163684210526316
201605,1201,16.485238095238095
201606,1201,17.85809523809524
201607,1201,17.5715
201608,1201,16.999565217391304
201609,1201,15.913684210526316
201610,1201,15.445500000000001
201611,1201,15.291818181818183
201612,1201,15.312727272727273
201601,1203,16.39047619047619
201602,1203,16.284615384615385
201603,1203,16.27
201604,1203,15.687894736842106
201605,1203,15.672380952380953
201606,1203,15.684285714285714
201607,1203,15.803999999999998
201608,1203,15.950434782608696
201609,1203,16.440526315789473
201610,1203,16.669
201611,1203,16.77136363636364
201612,1203,17.343636363636364
201601,1210,11.533809523809524
201602,1210,12.05
201603,1210,12.946956521739128
201604,1210,12.604210526315791
201605,1210,13.664285714285715
201606,1210,16.025714285714287
201607,1210,16.4585
201608,1210,16.058695652173913
201609,1210,15.987894736842104
201610,1210,16.7255
201611,1210,17.350454545454543
201612,1210,16.984545454545454
201601,1213,13.247142857142856
201602,1213,13.66
201603,1213,14.774782608695652
201604,1213,16.371052631578948
201605,1213,15.630476190476191
201606,1213,17.40952380952381
201607,1213,16.693
201608,1213,16.202608695652174
201609,1213,15.16421052631579
201610,1213,14.885
201611,1213,15.93409090909091
201612,1213,16.319090909090907
201601,1215,12.635238095238094
201602,1215,12.84153846153846
201603,1215,14.106521739130434
201604,1215,15.54736842105263
201605,1215,16.67666666666667
201606,1215,20.093809523809526
201607,1215,22.2035
201608,1215,23.283478260869565
201609,1215,23.049473684210525
201610,1215,25.628499999999995
201611,1215,27.029999999999998
201612,1215,27.168636363636367
201601,1216,38.58380952380952
201602,1216,40.78615384615385
201603,1216,41.50043478260869
201604,1216,41.83263157894737
201605,1216,42.90761904761904
201606,1216,45.94571428571429
201607,1216,47.587
201608,1216,46.5
201609,1216,43.653684210526315
201610,1216,45.355000000000004
201611,1216,42.196363636363635
201612,1216,40.14772727272727
201608,1218,10.396086956521739
201609,1218,11.532631578947369
201610,1218,12.713
201611,1218,11.905
201612,1218,11.412272727272727
201601,1219,10.573333333333332
201602,1219,10.476923076923075
201603,1219,11.019565217391303
201604,1219,10.957647058823529
201605,1219,10.932857142857143
201606,1219,10.995238095238095
201607,1219,11.2345
201608,1219,11.233478260869566
201609,1219,11.22578947368421
201610,1219,11.209999999999999
201611,1219,11.478636363636364
201612,1219,11.396818181818182
201601,1225,19.797619047619047
201602,1225,20.827692307692306
201603,1225,23.19695652173913
201604,1225,24.052105263157895
201605,1225,25.387142857142855
201606,1225,30.169523809523806
201607,1225,37.6445
201608,1225,38.907391304347826
201609,1225,40.73842105263158
201610,1225,40.3565
201611,1225,37.80954545454545
201612,1225,36.918571428571425
201601,1227,49.55761904761905
201602,1227,51.99
201603,1227,51.906956521739126
201604,1227,49.932105263157894
201605,1227,49.34095238095239
201606,1227,50.23428571428572
201607,1227,50.708
201608,1227,53.845652173913045
201609,1227,56.89894736842105
201610,1227,57.334500000000006
201611,1227,54.78090909090909
201612,1227,54.83681818181819
201601,1231,11.737142857142857
201602,1231,11.984615384615383
201603,1231,12.300434782608697
201604,1231,12.26421052631579
201605,1231,12.415238095238097
201606,1231,13.022857142857143
201607,1231,13.2685
201608,1231,13.534347826086957
201609,1231,13.25263157894737
201610,1231,13.187000000000001
201611,1231,13.353181818181817
201612,1231,13.885454545454547
201601,1232,47.09619047619047
201602,1232,47.3
201603,1232,49.36739130434783
201604,1232,50.55105263157895
201605,1232,49.50714285714286
201606,1232,50.56714285714286
201607,1232,53.10699999999999
201608,1232,54.04565217391304
201609,1232,55.21631578947369
201610,1232,57.78150000000001
201611,1232,56.86272727272728
201612,1232,56.85772727272728
201601,1233,24.406190476190474
201602,1233,25.431538461538462
201603,1233,26.67217391304348
201604,1233,26.333157894736843
201605,1233,25.51571428571429
201606,1233,25.616666666666667
201607,1233,26.762999999999998
201608,1233,26.950869565217392
201609,1233,26.993157894736843
201610,1233,26.872000000000003
201611,1233,26.46318181818182
201612,1233,26.57318181818182
201601,1234,20.425238095238097
201602,1234,21.946923076923078
201603,1234,22.748695652173915
201604,1234,22.56
201605,1234,20.79714285714286
201606,1234,20.539523809523807
201607,1234,21.274
201608,1234,21.96391304347826
201609,1234,21.830526315789474
201610,1234,21.5985
201611,1234,21.563181818181818
201612,1234,21.736818181818183
201610,1235,10.431000000000001
201611,1235,10.508636363636363
201612,1235,10.264090909090909
201601,1236,18.907619047619047
201602,1236,19.078461538461536
201603,1236,18.966521739130435
201604,1236,18.69
201605,1236,18.094761904761906
201606,1236,18.23047619047619
201607,1236,18.253
201608,1236,18.180869565217392
201609,1236,18.046842105263156
201610,1236,17.7805
201611,1236,17.252727272727274
201612,1236,17.234545454545454
201601,1256,80.34476190476191
201602,1256,80.51384615384616
201603,1256,86.63217391304347
201604,1256,77.64736842105263
201605,1256,72.44619047619047
201606,1256,70.45380952380953
201607,1256,69.047
201608,1256,81.54391304347826
201609,1256,103.95736842105264
201610,1256,93.76050000000001
201611,1256,84.93318181818182
201612,1256,83.54954545454547
201601,1258,34.9247619047619
201602,1258,38.74
201603,1258,39.23434782608695
201604,1258,34.98947368421052
201605,1258,34.11380952380952
201606,1258,34.726190476190474
201607,1258,37.691500000000005
201608,1258,38.19913043478261
201609,1258,37.013684210526314
201610,1258,35.3495
201611,1258,35.11545454545455
201612,1258,36.62818181818182
201601,1259,49.483333333333334
201602,1259,49.706923076923076
201603,1259,50.51952380952381
201604,1259,49.73529411764706
201605,1259,50.27285714285714
201606,1259,51.18952380952381
201607,1259,52.67777777777778
201608,1259,59.62809523809524
201609,1259,63.35473684210526
201610,1259,59.45052631578947
201611,1259,56.287142857142854
201612,1259,56.10409090909091
201601,1262,94.9752380952381
201602,1262,101.05307692307693
201603,1262,108.82217391304347
201604,1262,115.83157894736843
201605,1262,130.35857142857145
201606,1262,135.00190476190477
201607,1262,133.3265
201608,1262,125.7413043478261
201609,1262,129.56736842105263
201610,1262,146.877
201611,1262,137.0868181818182
201612,1262,133.91272727272727
201601,1264,93.5904761904762
201602,1264,99.48692307692308
201603,1264,105.23347826086956
201604,1264,99.23894736842105
201605,1264,98.71285714285713
201606,1264,101.81285714285715
201607,1264,101.7655
201608,1264,102.42999999999999
201609,1264,104.24947368421053
201610,1264,105.82249999999999
201611,1264,106.6590909090909
201612,1264,111.91999999999999
201601,1268,125.00058823529413
201602,1268,124.03
201603,1268,123.24133333333334
201604,1268,120.651
201605,1268,119.98666666666668
201606,1268,119.96750000000002
201607,1268,117.252
201608,1268,114.55411764705883
201609,1268,114.97153846153846
201610,1268,113.193125
201611,1268,113.05
201612,1268,112.59809523809524
201601,1301,48.991904761904756
201602,1301,50.72615384615385
201603,1301,52.342173913043474
201604,1301,52.917368421052636
201605,1301,51.07238095238095
201606,1301,51.36
201607,1301,53.581500000000005
201608,1301,54.34521739130435
201609,1301,53.72842105263158
201610,1301,56.31849999999999
201611,1301,59.595
201612,1301,61.53681818181818
201601,1303,36.07
201602,1303,38.76538461538461
201603,1303,42.23391304347826
201604,1303,41.4521052631579
201605,1303,38.62952380952381
201606,1303,38.76380952380952
201607,1303,40.3785
201608,1303,41.289565217391306
201609,1303,41.00736842105263
201610,1303,42.7695
201611,1303,43.87954545454546
201612,1303,47.47681818181818
201609,1304,10.351052631578947
201610,1304,11.1555
201611,1304,11.371818181818183
201612,1304,11.827272727272726
201609,1305,11.255789473684212
201610,1305,13.2875
201611,1305,14.76909090909091
201612,1305,14.885000000000002
201601,1307,24.30142857142857
201602,1307,25.107692307692307
201603,1307,26.510434782608694
201604,1307,26.64157894736842
201605,1307,25.984761904761907
201606,1307,26.152380952380955
201607,1307,26.767000000000003
201608,1307,27.51391304347826
201609,1307,27.02157894736842
201610,1307,26.448
201611,1307,25.54090909090909
201612,1307,26.145454545454548
201601,1308,10.289047619047619
201602,1308,11.147692307692306
201603,1308,11.369565217391305
201604,1308,11.115263157894736
201605,1308,10.428571428571429
201606,1308,10.394285714285715
201607,1308,10.679
201608,1308,11.108260869565218
201609,1308,11.328947368421053
201610,1308,11.768
201611,1308,11.819545454545453
201612,1308,12.340000000000002
201601,1310,11.300952380952381
201602,1310,12.122307692307693
201603,1310,11.5
201604,1310,11.565263157894737
201605,1310,10.083809523809524
201606,1310,10.045238095238094
201607,1310,10.5455
201608,1310,11.092608695652174
201609,1310,11.143684210526315
201610,1310,11.512
201611,1310,12.965000000000002
201612,1310,14.348636363636365
201601,1312,10.970476190476191
201602,1312,12.183076923076923
201603,1312,12.961304347826088
201604,1312,13.014736842105263
201605,1312,11.697142857142856
201606,1312,11.33952380952381
201607,1312,12.299000000000001
201608,1312,12.713478260869566
201609,1312,12.574736842105262
201610,1312,13.291999999999998
201611,1312,15.160909090909092
201612,1312,16.902272727272727
201601,1312A,15.430666666666667
201602,1312A,15.752857142857144
201603,1312A,16.069444444444443
201604,1312A,16.46764705882353
201605,1312A,16.420833333333334
201606,1312A,16.468333333333334
201607,1312A,16.833846153846153
201608,1312A,17.391764705882352
201609,1312A,17.6825
201610,1312A,17.915384615384617
201611,1312A,18.835714285714285
201612,1312A,19.610526315789475
201601,1315,31.462380952380954
201602,1315,32.066153846153846
201603,1315,33.78434782608696
201604,1315,33.49842105263158
201605,1315,32.61238095238095
201606,1315,33.88047619047619
201607,1315,34.751
201608,1315,34.54739130434782
201609,1315,34.630526315789474
201610,1315,35.1905
201611,1315,35.42181818181818
201612,1315,35.683181818181815
201601,1316,10.46952380952381
201602,1316,10.5725
201603,1316,11.457391304347825
201604,1316,11.226315789473684
201605,1316,11.59047619047619
201606,1316,12.133809523809523
201607,1316,11.912
201608,1316,11.885217391304348
201609,1316,11.82578947368421
201610,1316,11.57
201611,1316,11.306363636363637
201612,1316,11.648636363636363
201601,1319,29.74904761904762
201602,1319,32.25692307692307
201603,1319,32.69
201604,1319,35.60842105263158
201605,1319,33.537142857142854
201606,1319,33.63047619047619
201607,1319,36.734
201608,1319,42.88695652173914
201609,1319,48.1
201610,1319,52.334500000000006
201611,1319,47.47863636363636
201612,1319,45.46636363636364
201601,1321,23.11047619047619
201602,1321,24.365384615384617
201603,1321,25.42086956521739
201604,1321,25.091578947368422
201605,1321,23.88904761904762
201606,1321,23.90047619047619
201607,1321,24.1335
201608,1321,24.71695652173913
201609,1321,24.24157894736842
201610,1321,24.399
201611,1321,23.768181818181816
201612,1321,23.49909090909091
201601,1323,15.065714285714286
201602,1323,16.014615384615386
201603,1323,19.438695652173912
201604,1323,21.51736842105263
201605,1323,20.795238095238094
201606,1323,21.349047619047617
201607,1323,21.9855
201608,1323,22.893043478260868
201609,1323,21.90315789473684
201610,1323,22.7555
201611,1323,23.770000000000003
201612,1323,23.05409090909091
201609,1324,10.357894736842105
201610,1324,10.7115
201611,1324,10.875
201612,1324,10.83090909090909
201601,1325,15.212857142857144
201602,1325,15.350000000000001
201603,1325,15.020434782608698
201604,1325,14.37578947368421
201605,1325,14.211904761904762
201606,1325,14.374285714285715
201607,1325,14.9175
201608,1325,14.979130434782608
201609,1325,14.765789473684212
201610,1325,14.82578947368421
201611,1325,14.679444444444446
201612,1325,14.653125000000001
201601,1326,46.610952380952384
201602,1326,48.39076923076924
201603,1326,52.32608695652174
201604,1326,55.47736842105263
201605,1326,54.39666666666666
201606,1326,54.57523809523809
201607,1326,57.20649999999999
201608,1326,58.65869565217392
201609,1326,58.42947368421053
201610,1326,62.598
201611,1326,67.01272727272728
201612,1326,67.84681818181818
201601,1337,15.64095238095238
201602,1337,17.22230769230769
201603,1337,18.51695652173913
201604,1337,18.646315789473682
201605,1337,17.43857142857143
201606,1337,17.785238095238096
201607,1337,17.869
201608,1337,18.15086956521739
201609,1337,17.786315789473683
201610,1337,17.5015
201611,1337,17.00681818181818
201612,1337,16.884545454545453
201601,1338,79.32619047619048
201602,1338,81.99846153846154
201603,1338,82.13260869565217
201604,1338,81.81157894736843
201605,1338,79.34095238095237
201606,1338,74.72952380952381
201607,1338,76.9165
201608,1338,80.04086956521739
201609,1338,79.97894736842105
201610,1338,76.6865
201611,1338,65.705
201612,1338,63.26272727272727
201601,1339,35.83714285714286
201602,1339,37.01153846153846
201603,1339,37.42565217391304
201604,1339,37.04684210526316
201605,1339,30.376190476190477
201606,1339,28.638571428571428
201607,1339,29.54
201608,1339,30.33695652173913
201609,1339,29.292105263157893
201610,1339,27.209500000000002
201611,1339,24.760454545454547
201612,1339,25.44272727272727
201601,1340,42.640952380952385
201602,1340,47.285384615384615
201603,1340,50.5104347826087
201604,1340,50.32947368421053
201605,1340,47.065238095238094
201606,1340,44.80380952380953
201607,1340,42.8365
201608,1340,43.62608695652174
201609,1340,43.896842105263154
201610,1340,41.947
201611,1340,40.00545454545455
201612,1340,39.98318181818182
201601,1402,16.45380952380952
201602,1402,16.779230769230768
201603,1402,18.292608695652174
201604,1402,16.852631578947367
201605,1402,15.53047619047619
201606,1402,15.71238095238095
201607,1402,16.996000000000002
201608,1402,17.169999999999998
201609,1402,16.82894736842105
201610,1402,16.838
201611,1402,16.567272727272726
201612,1402,17.10636363636364
201601,1410,18.637777777777778
201602,1410,18.705384615384617
201603,1410,19.09695652173913
201604,1410,19.188235294117646
201605,1410,19.08047619047619
201606,1410,19.301666666666666
201607,1410,19.413
201608,1410,19.835
201609,1410,20.245333333333335
201610,1410,20.079411764705885
201611,1410,20.035714285714285
201612,1410,20.214285714285715
201601,1416,12.529523809523809
201602,1416,12.74
201603,1416,13.260000000000002
201604,1416,13.919473684210528
201605,1416,13.74904761904762
201606,1416,13.900952380952381
201607,1416,14.256499999999999
201608,1416,15.826521739130435
201609,1416,16.86894736842105
201610,1416,16.659166666666668
201611,1416,16.576363636363638
201612,1416,16.37909090909091
201601,1419,27.219047619047622
201602,1419,27.550769230769227
201603,1419,28.01086956521739
201604,1419,28.50052631578947
201605,1419,29.89714285714286
201606,1419,32.75095238095238
201607,1419,34.059999999999995
201608,1419,33.103478260869565
201609,1419,30.810000000000002
201610,1419,30.633
201611,1419,30.383181818181814
201612,1419,30.899047619047618
201601,1432,35.787142857142854
201602,1432,36.70230769230769
201603,1432,39.17130434782609
201604,1432,40.688947368421054
201605,1432,35.7747619047619
201606,1432,37.33714285714286
201607,1432,38.3745
201608,1432,35.7804347826087
201609,1432,33.32105263157895
201610,1432,30.445999999999998
201611,1432,28.88181818181818
201612,1432,29.450454545454544
201601,1434,18.781428571428574
201602,1434,19.701538461538462
201603,1434,20.714782608695653
201604,1434,19.76842105263158
201605,1434,19.29714285714286
201606,1434,20.42809523809524
201607,1434,20.7805
201608,1434,20.48521739130435
201609,1434,20.47684210526316
201610,1434,20.1565
201611,1434,19.485
201612,1434,20.145454545454545
201601,1436,17.33142857142857
201602,1436,17.174166666666668
201603,1436,17.16217391304348
201604,1436,17.114736842105263
201605,1436,17.261904761904763
201606,1436,17.35571428571429
201607,1436,17.3675
201608,1436,17.797826086956523
201609,1436,19.011052631578945
201610,1436,19.093
201611,1436,18.83590909090909
201612,1436,18.545909090909092
201606,1437,10.664761904761905
201607,1437,11.2805
201608,1437,11.438695652173912
201609,1437,11.263157894736842
201610,1437,11.353
201611,1437,11.238181818181818
201612,1437,11.957727272727272
201601,1439,10.77095238095238
201602,1439,10.580769230769231
201603,1439,10.701304347826087
201604,1439,11.09736842105263
201605,1439,10.466190476190476
201606,1439,10.384285714285713
201607,1439,11.1775
201608,1439,12.387826086956522
201609,1439,14.224210526315789
201610,1439,15.006499999999999
201611,1439,13.326363636363636
201612,1439,13.376818181818182
201601,1440,10.690000000000001
201602,1440,10.854615384615386
201603,1440,10.938260869565216
201604,1440,10.386842105263158
201605,1440,10.050952380952381
201607,1440,10.505500000000001
201608,1440,10.701304347826087
201609,1440,10.196842105263158
201610,1440,10.0785
201612,1440,10.017727272727273
201601,1441,15.093809523809526
201602,1441,15.428461538461537
201603,1441,16.168695652173913
201604,1441,15.927894736842106
201605,1441,15.224
201606,1441,17.20380952380952
201607,1441,17.841
201608,1441,16.92304347826087
201609,1441,16.519473684210528
201610,1441,16.262105263157896
201611,1441,14.77681818181818
201612,1441,14.0
201603,1442,10.011739130434783
201604,1442,10.716315789473684
201605,1442,10.519047619047619
201606,1442,10.869523809523809
201607,1442,11.251000000000001
201608,1442,11.483478260869566
201609,1442,12.162105263157896
201610,1442,11.67
201611,1442,10.957727272727272
201612,1442,11.101363636363637
201601,1446,17.376666666666665
201602,1446,17.409230769230767
201603,1446,18.82217391304348
201604,1446,18.271052631578947
201605,1446,17.485714285714284
201606,1446,16.79285714285714
201607,1446,16.601
201608,1446,16.90391304347826
201609,1446,16.57842105263158
201610,1446,15.771
201611,1446,15.493181818181819
201612,1446,16.223181818181818
201601,1449,15.688095238095238
201602,1449,15.706153846153846
201603,1449,14.65
201604,1449,13.539473684210526
201605,1449,11.253499999999999
201606,1449,10.394761904761904
201607,1449,12.98
201608,1449,12.05913043478261
201609,1449,11.61578947368421
201610,1449,11.9855
201611,1449,11.412727272727274
201612,1449,11.651363636363635
201601,1451,21.09952380952381
201602,1451,22.267692307692307
201603,1451,23.76391304347826
201604,1451,23.68578947368421
201605,1451,23.887142857142855
201606,1451,24.574761904761907
201607,1451,24.853
201608,1451,24.76347826086957
201609,1451,24.690526315789473
201610,1451,24.6625
201611,1451,24.568181818181817
201612,1451,25.00590909090909
201601,1452,11.89
201602,1452,12.728461538461538
201603,1452,13.795217391304348
201604,1452,12.669473684210526
201605,1452,10.743809523809524
201606,1452,10.954285714285716
201607,1452,11.7135
201608,1452,14.422608695652174
201609,1452,12.957368421052632
201610,1452,11.9925
201611,1452,12.159545454545453
201612,1452,12.935454545454546
201601,1456,10.205
201605,1456,11.092857142857142
201601,1460,15.023333333333333
201602,1460,16.790769230769232
201603,1460,17.042608695652174
201604,1460,16.455789473684213
201605,1460,16.255238095238095
201606,1460,16.29190476190476
201607,1460,16.887999999999998
201608,1460,17.035652173913043
201609,1460,16.911578947368422
201610,1460,17.779000000000003
201611,1460,18.19590909090909
201612,1460,18.88590909090909
201603,1463,10.329565217391306
201604,1463,10.161052631578947
201606,1463,10.218571428571428
201607,1463,10.613
201608,1463,10.667391304347825
201609,1463,10.791578947368421
201610,1463,11.033
201611,1463,10.969090909090909
201612,1463,12.226363636363637
201601,1464,17.282857142857143
201602,1464,21.01076923076923
201603,1464,20.918260869565216
201604,1464,19.529473684210526
201605,1464,17.294761904761906
201606,1464,16.928571428571427
201607,1464,18.4
201608,1464,17.61173913043478
201609,1464,16.852105263157895
201610,1464,16.099
201611,1464,15.194090909090908
201612,1464,15.937272727272727
201601,1466,14.39142857142857
201602,1466,14.623846153846156
201603,1466,14.619130434782608
201604,1466,12.92578947368421
201605,1466,12.2905
201606,1466,12.310476190476189
201607,1466,12.34
201608,1466,12.337391304347825
201609,1466,12.247894736842106
201610,1466,12.453
201611,1466,11.848636363636365
201612,1466,12.418181818181818
201601,1467,15.19809523809524
201602,1467,15.296153846153846
201603,1467,14.61304347826087
201604,1467,13.130526315789472
201605,1467,12.39809523809524
201606,1467,12.560476190476189
201607,1467,13.213
201608,1467,12.507826086956522
201609,1467,12.415263157894737
201610,1467,12.3415
201611,1467,10.965454545454547
201612,1467,10.408181818181818
201603,1468,10.069565217391304
201606,1468,10.013333333333334
201607,1468,10.1415
201608,1468,10.11695652173913
201609,1468,10.392105263157895
201610,1468,10.434999999999999
201611,1468,10.052727272727273
201601,1469,12.48
201602,1469,12.74
201603,1469,12.741176470588234
201604,1469,12.758333333333333
201605,1469,13.015
201606,1469,12.788461538461538
201607,1469,13.145454545454545
201608,1469,13.4125
201609,1469,13.35
201610,1469,13.525
201611,1469,13.695454545454545
201612,1469,13.669999999999998
201601,1470,13.9275
201602,1470,13.716666666666667
201603,1470,13.8145
201604,1470,14.245000000000001
201605,1470,13.503125
201606,1470,13.595500000000001
201607,1470,14.43625
201608,1470,14.9845
201609,1470,14.560625
201610,1470,14.457777777777778
201611,1470,14.512857142857143
201612,1470,14.913076923076924
201601,1472,65.3295238095238
201602,1472,65.51769230769231
201603,1472,64.50478260869566
201604,1472,59.543684210526315
201605,1472,56.186
201606,1472,51.94
201607,1472,60.811
201608,1472,82.09869565217392
201609,1472,76.14421052631579
201610,1472,74.4395
201611,1472,70.11954545454545
201612,1472,68.34363636363636
201601,1473,25.481428571428573
201602,1473,27.428461538461537
201603,1473,28.616956521739134
201604,1473,27.786842105263162
201605,1473,31.079523809523806
201606,1473,29.85380952380952
201607,1473,27.4475
201608,1473,24.504782608695653
201609,1473,22.692105263157895
201610,1473,22.578
201611,1473,22.378636363636364
201612,1473,23.066363636363636
201601,1475,22.49875
201602,1475,21.942
201603,1475,22.342173913043478
201604,1475,23.754210526315788
201605,1475,20.755714285714287
201606,1475,20.247619047619047
201607,1475,24.0345
201608,1475,32.32913043478261
201609,1475,27.188947368421054
201610,1475,22.4115
201611,1475,20.907894736842106
201612,1475,21.1715
201601,1476,317.08761904761906
201602,1476,334.7623076923077
201603,1476,317.21130434782606
201604,1476,289.3173684210526
201605,1476,239.15666666666667
201606,1476,233.25714285714284
201607,1476,257.975
201608,1476,298.5595652173913
201609,1476,291.27736842105264
201610,1476,291.4435
201611,1476,251.59272727272727
201612,1476,261.945
201601,1477,117.64857142857143
201602,1477,121.15230769230769
201603,1477,110.47652173913043
201604,1477,99.02157894736843
201605,1477,89.43190476190478
201606,1477,84.82476190476191
201607,1477,88.925
201608,1477,91.79478260869566
201609,1477,90.41263157894737
201610,1477,84.6705
201611,1477,70.38727272727273
201612,1477,75.96
201601,1503,31.209999999999997
201602,1503,31.27
201603,1503,31.194347826086958
201604,1503,31.071578947368423
201605,1503,31.257142857142856
201606,1503,31.431904761904764
201607,1503,31.645999999999997
201608,1503,32.100434782608694
201609,1503,32.20052631578947
201610,1503,32.8425
201611,1503,32.88090909090909
201612,1503,32.665454545454544
201601,1504,17.15809523809524
201602,1504,18.18307692307692
201603,1504,18.9904347826087
201604,1504,17.975789473684213
201605,1504,17.406666666666666
201606,1504,18.44142857142857
201607,1504,19.841500000000003
201608,1504,19.859565217391303
201609,1504,19.371052631578948
201610,1504,19.5145
201611,1504,19.183636363636364
201612,1504,19.67681818181818
201601,1506,13.976190476190476
201602,1506,14.495384615384616
201603,1506,15.693478260869565
201604,1506,15.396315789473682
201605,1506,14.564761904761905
201606,1506,15.305714285714286
201607,1506,14.5785
201608,1506,14.276521739130436
201609,1506,14.02421052631579
201610,1506,13.8295
201611,1506,13.462272727272728
201612,1506,14.325909090909091
201601,1507,34.75857142857143
201602,1507,34.84076923076923
201603,1507,37.25086956521739
201604,1507,36.101052631578945
201605,1507,37.111428571428576
201606,1507,36.51952380952381
201607,1507,36.678
201608,1507,36.97826086956522
201609,1507,38.37315789473684
201610,1507,38.545
201611,1507,36.552727272727275
201612,1507,37.533181818181816
201601,1512,57.14809523809523
201602,1512,50.79384615384615
201603,1512,56.12478260869566
201604,1512,51.25473684210527
201605,1512,43.679047619047616
201606,1512,45.04095238095238
201607,1512,47.175
201608,1512,49.58391304347826
201609,1512,52.43157894736842
201610,1512,49.402499999999996
201611,1512,46.16909090909091
201612,1512,51.18090909090909
201601,1513,11.600952380952382
201602,1513,12.47923076923077
201603,1513,13.034347826086957
201604,1513,12.813684210526317
201605,1513,12.506666666666666
201606,1513,12.702380952380953
201607,1513,12.870500000000002
201608,1513,13.017826086956523
201609,1513,12.885263157894736
201610,1513,13.023
201611,1513,12.931818181818182
201612,1513,13.510909090909092
201607,1515,10.662
201608,1515,10.980869565217391
201609,1515,11.943157894736842
201610,1515,10.092
201612,1515,10.811363636363636
201601,1516,10.798333333333334
201602,1516,10.84769230769231
201603,1516,12.316086956521739
201604,1516,12.706842105263158
201605,1516,12.069047619047618
201606,1516,12.102380952380953
201607,1516,12.854
201608,1516,12.54695652173913
201609,1516,12.216315789473683
201610,1516,11.6345
201611,1516,10.496500000000001
201612,1516,10.77590909090909
201601,1519,12.25047619047619
201602,1519,12.975384615384616
201603,1519,13.076086956521738
201604,1519,12.987894736842106
201605,1519,12.238571428571428
201606,1519,12.374761904761906
201607,1519,12.703
201608,1519,13.309565217391304
201609,1519,15.161052631578947
201610,1519,15.0625
201611,1519,14.385454545454547
201612,1519,15.011363636363637
201601,1521,53.20333333333333
201602,1521,52.91923076923077
201603,1521,53.50608695652174
201604,1521,50.81947368421052
201605,1521,49.07190476190476
201606,1521,51.47095238095238
201607,1521,52.747
201608,1521,55.04304347826087
201609,1521,56.31842105263158
201610,1521,55.111000000000004
201611,1521,53.40272727272727
201612,1521,55.85727272727272
201601,1522,14.13190476190476
201602,1522,16.124615384615385
201603,1522,16.816521739130433
201604,1522,16.610000000000003
201605,1522,15.870952380952382
201606,1522,16.316666666666666
201607,1522,18.0115
201608,1522,21.94086956521739
201609,1522,24.650526315789474
201610,1522,22.592000000000002
201611,1522,21.33
201612,1522,23.35272727272727
201601,1525,53.99095238095238
201602,1525,58.08307692307692
201603,1525,67.38565217391304
201604,1525,84.02105263157895
201605,1525,85.28857142857143
201606,1525,86.86571428571429
201607,1525,80.562
201608,1525,92.84608695652175
201609,1525,98.45105263157895
201610,1525,89.407
201611,1525,83.02727272727273
201612,1525,84.02727272727272
201608,1526,10.152608695652173
201609,1526,10.329473684210527
201601,1527,40.50952380952381
201602,1527,42.32692307692308
201603,1527,46.44608695652174
201604,1527,47.060526315789474
201605,1527,45.61571428571428
201606,1527,49.02142857142857
201607,1527,61.182
201608,1527,69.07347826086956
201609,1527,69.73105263157895
201610,1527,59.43300000000001
201611,1527,55.36318181818182
201612,1527,61.25181818181818
201601,1530,18.12666666666667
201602,1530,19.103076923076923
201603,1530,19.098695652173912
201604,1530,18.47
201605,1530,17.687894736842104
201606,1530,17.237142857142857
201607,1530,16.8355
201608,1530,17.23478260869565
201609,1530,18.064736842105265
201610,1530,18.453
201611,1530,17.650952380952383
201612,1530,18.069499999999998
201601,1531,11.78047619047619
201602,1531,12.303846153846154
201603,1531,13.075652173913044
201604,1531,12.515789473684212
201605,1531,11.796666666666667
201606,1531,11.806666666666667
201607,1531,12.1395
201608,1531,12.246956521739131
201609,1531,12.377894736842105
201610,1531,12.248999999999999
201611,1531,11.995
201612,1531,11.896363636363638
201601,1532,15.811904761904762
201602,1532,16.626153846153844
201603,1532,17.402173913043477
201604,1532,22.64842105263158
201605,1532,23.38142857142857
201606,1532,23.55952380952381
201607,1532,23.475
201608,1532,21.01391304347826
201609,1532,20.95
201610,1532,20.8545
201611,1532,21.165
201612,1532,22.124545454545455
201601,1533,34.03142857142857
201602,1533,39.50692307692308
201603,1533,43.552608695652175
201604,1533,47.352631578947374
201605,1533,40.04571428571429
201606,1533,39.88333333333333
201607,1533,39.9525
201608,1533,41.595217391304345
201609,1533,41.72631578947368
201610,1533,38.22
201611,1533,35.37136363636363
201612,1533,38.874545454545455
201601,1535,37.11190476190476
201602,1535,38.46846153846154
201603,1535,39.810434782608695
201604,1535,36.98842105263158
201605,1535,35.12238095238096
201606,1535,34.76904761904762
201607,1535,35.0305
201608,1535,32.71434782608696
201609,1535,32.45421052631579
201610,1535,32.043
201611,1535,30.627272727272725
201612,1535,31.94272727272727
201601,1536,96.12047619047618
201602,1536,101.56769230769231
201603,1536,99.47
201604,1536,122.68578947368422
201605,1536,113.6690476190476
201606,1536,117.52285714285715
201607,1536,114.227
201608,1536,124.3913043478261
201609,1536,124.83315789473684
201610,1536,112.184
201611,1536,96.68409090909091
201612,1536,100.24954545454544
201601,1537,75.53
201602,1537,76.44153846153846
201603,1537,79.51217391304348
201604,1537,79.61736842105263
201605,1537,77.3247619047619
201606,1537,80.09190476190477
201607,1537,86.86699999999999
201608,1537,91.40260869565218
201609,1537,91.86947368421052
201610,1537,92.42850000000001
201611,1537,85.89818181818181
201612,1537,92.00772727272728
201601,1538,26.006190476190476
201602,1538,27.577692307692306
201603,1538,30.893043478260868
201604,1538,28.346315789473685
201605,1538,25.952380952380953
201606,1538,26.211904761904766
201607,1538,27.926
201608,1538,28.59521739130435
201609,1538,33.72894736842105
201610,1538,34.2735
201611,1538,31.411818181818184
201612,1538,32.15863636363636
201601,1539,18.735238095238095
201602,1539,22.24153846153846
201603,1539,23.28391304347826
201604,1539,20.170526315789473
201605,1539,19.711904761904762
201606,1539,21.005714285714287
201607,1539,23.309
201608,1539,21.492608695652173
201609,1539,21.473157894736843
201610,1539,18.86
201611,1539,16.650909090909092
201612,1539,18.92681818181818
201603,1540,10.313478260869566
201604,1540,10.096842105263159
201601,1541,29.605238095238096
201602,1541,37.41153846153846
201603,1541,37.51304347826087
201604,1541,41.927368421052634
201605,1541,38.38476190476191
201606,1541,39.48285714285714
201607,1541,43.0055
201608,1541,40.14260869565217
201609,1541,40.82578947368421
201610,1541,35.571
201611,1541,32.701818181818176
201612,1541,37.30045454545455
201601,1558,76.7752380952381
201602,1558,79.14153846153846
201603,1558,85.42260869565217
201604,1558,82.92894736842106
201605,1558,81.5247619047619
201606,1558,82.86666666666667
201607,1558,85.001
201608,1558,92.17434782608697
201609,1558,95.96736842105264
201610,1558,94.8385
201611,1558,90.15409090909091
201612,1558,93.38318181818181
201601,1560,33.57714285714286
201602,1560,35.19769230769231
201603,1560,37.43826086956522
201604,1560,36.09263157894737
201605,1560,34.03523809523809
201606,1560,35.00190476190476
201607,1560,38.028499999999994
201608,1560,40.35217391304348
201609,1560,40.955263157894734
201610,1560,40.0655
201611,1560,38.530454545454546
201612,1560,44.1390909090909
201601,1563,105.70899999999999
201602,1563,113.09923076923077
201603,1563,125.48565217391305
201604,1563,138.65526315789472
201605,1563,140.7
201606,1563,161.63299999999998
201607,1563,179.2415
201608,1563,211.49869565217392
201609,1563,208.35944444444442
201610,1563,199.98250000000002
201611,1563,180.52136363636365
201612,1563,172.1109090909091
201601,1565,406.8342857142857
201602,1565,414.67615384615385
201603,1565,389.71260869565214
201604,1565,415.08684210526314
201605,1565,431.57238095238097
201606,1565,456.7104761904762
201607,1565,501.131
201608,1565,508.53956521739127
201609,1565,514.7168421052633
201610,1565,478.791
201611,1565,420.2713636363636
201612,1565,414.11590909090904
201601,1568,14.338571428571429
201602,1568,17.426923076923078
201603,1568,18.651739130434784
201604,1568,18.893157894736845
201605,1568,16.804285714285715
201606,1568,17.951428571428572
201607,1568,19.0485
201608,1568,23.261739130434783
201609,1568,28.09842105263158
201610,1568,28.281
201611,1568,24.08409090909091
201612,1568,25.44727272727273
201608,1569,12.621739130434783
201609,1569,15.121052631578948
201610,1569,15.74
201611,1569,21.076363636363638
201612,1569,22.845454545454547
201601,1570,10.307142857142857
201602,1570,10.694615384615386
201603,1570,10.920434782608696
201604,1570,10.276842105263157
201609,1570,10.113684210526316
201601,1580,53.83952380952381
201602,1580,52.73923076923077
201603,1580,67.1995652173913
201604,1580,65.25631578947367
201605,1580,58.63333333333333
201606,1580,59.37428571428571
201607,1580,64.833
201608,1580,80.69304347826088
201609,1580,86.56052631578947
201610,1580,89.462
201611,1580,88.28999999999999
201612,1580,88.70409090909091
201601,1582,30.10380952380952
201602,1582,31.798461538461538
201603,1582,35.0595652173913
201604,1582,35.817894736842106
201605,1582,34.73952380952381
201606,1582,35.20761904761905
201607,1582,36.644999999999996
201608,1582,37.64739130434783
201609,1582,38.152631578947364
201610,1582,37.614
201611,1582,38.66818181818182
201612,1582,44.57818181818181
201601,1583,37.16428571428572
201602,1583,37.59307692307692
201603,1583,39.66695652173913
201604,1583,39.82578947368421
201605,1583,36.493
201606,1583,35.197
201607,1583,34.544736842105266
201608,1583,35.72090909090909
201609,1583,37.80611111111111
201610,1583,37.961176470588235
201611,1583,33.019999999999996
201612,1583,34.23727272727273
201601,1584,11.51952380952381
201602,1584,11.919230769230769
201603,1584,13.082608695652173
201604,1584,12.097894736842106
201605,1584,10.9715
201606,1584,11.404761904761905
201607,1584,12.4245
201608,1584,12.988695652173913
201609,1584,12.58736842105263
201610,1584,12.682941176470589
201611,1584,12.741176470588234
201612,1584,12.228181818181817
201601,1586,22.82857142857143
201602,1586,24.425384615384612
201603,1586,23.89782608695652
201604,1586,23.237894736842104
201605,1586,23.97952380952381
201606,1586,23.07857142857143
201607,1586,24.993000000000002
201608,1586,26.254782608695653
201609,1586,21.79315789473684
201610,1586,17.902
201611,1586,17.616363636363637
201612,1586,17.87818181818182
201601,1587,13.818333333333333
201602,1587,13.858181818181817
201603,1587,14.579473684210527
201604,1587,15.61684210526316
201605,1587,14.540000000000001
201606,1587,15.69578947368421
201607,1587,15.764210526315788
201608,1587,16.84
201609,1587,18.028888888888886
201610,1587,17.40777777777778
201611,1587,16.606666666666666
201612,1587,15.985263157894735
201601,1589,170.41
201602,1589,184.59846153846155
201603,1589,194.35652173913041
201604,1589,180.06947368421052
201605,1589,173.41380952380953
201606,1589,173.7942857142857
201607,1589,156.554
201608,1589,152.3773913043478
201609,1589,152.1263157894737
201610,1589,131.039
201611,1589,99.28954545454545
201612,1589,93.95272727272727
201601,1590,119.96666666666667
201602,1590,138.23692307692306
201603,1590,154.98608695652175
201604,1590,178.17736842105262
201605,1590,183.16571428571427
201606,1590,196.32190476190476
201607,1590,202.2795
201608,1590,197.19478260869565
201609,1590,216.2042105263158
201610,1590,225.58
201611,1590,208.21272727272728
201612,1590,216.11272727272726
201601,1591,16.3975
201602,1591,14.3075
201603,1591,14.623333333333331
201604,1591,15.015
201605,1591,14.630555555555556
201606,1591,15.319999999999999
201607,1591,19.7845
201608,1591,26.589565217391307
201609,1591,25.48526315789474
201610,1591,22.964
201611,1591,20.872857142857143
201612,1591,18.4155
201601,1592,24.975714285714286
201602,1592,25.240000000000002
201603,1592,25.969565217391303
201604,1592,37.327894736842104
201605,1592,42.30142857142857
201606,1592,46.0752380952381
201607,1592,42.1465
201608,1592,47.91956521739131
201609,1592,53.276315789473685
201610,1592,44.4465
201611,1592,40.055454545454545
201612,1592,45.26
201601,1593,19.991904761904763
201602,1593,20.470769230769232
201603,1593,21.60391304347826
201604,1593,22.09263157894737
201605,1593,21.293809523809525
201606,1593,21.37904761904762
201607,1593,22.317
201608,1593,22.681304347826085
201609,1593,22.73
201610,1593,22.206
201611,1593,22.49681818181818
201612,1593,22.85238095238095
201601,1595,34.75190476190476
201602,1595,34.84384615384616
201603,1595,35.72521739130435
201604,1595,34.0
201605,1595,31.514499999999998
201606,1595,29.950000000000003
201607,1595,29.981
201608,1595,30.025652173913045
201609,1595,29.887894736842107
201610,1595,27.905
201611,1595,24.735
201612,1595,26.851363636363637
201601,1597,13.931428571428572
201602,1597,13.783846153846154
201603,1597,15.876521739130435
201604,1597,16.463684210526317
201605,1597,15.253333333333334
201606,1597,15.260952380952382
201607,1597,17.012
201608,1597,16.88
201609,1597,20.604736842105265
201610,1597,19.447499999999998
201611,1597,17.593636363636364
201612,1597,19.001818181818184
201601,1598,22.71066666666667
201602,1598,24.384615384615383
201603,1598,28.17681818181818
201604,1598,30.64625
201605,1598,30.655789473684212
201606,1598,32.7125
201607,1598,35.256
201608,1598,37.24608695652174
201609,1598,33.71333333333334
201610,1598,27.8765
201611,1598,25.344545454545457
201612,1598,26.735454545454544
201601,1599,17.87047619047619
201602,1599,19.473076923076924
201603,1599,24.29826086956522
201604,1599,28.168421052631583
201605,1599,24.95952380952381
201606,1599,24.055238095238092
201607,1599,24.788
201608,1599,26.415652173913042
201609,1599,27.604736842105265
201610,1599,25.930500000000002
201611,1599,25.08818181818182
201612,1599,25.167727272727276
201601,1603,11.4
201602,1603,11.48230769230769
201603,1603,12.18913043478261
201604,1603,12.461578947368421
201605,1603,12.001904761904763
201606,1603,12.257142857142856
201607,1603,12.314
201608,1603,12.949130434782608
201609,1603,13.018947368421053
201610,1603,13.699000000000002
201611,1603,15.66
201612,1603,18.57375
201609,1604,10.525789473684211
201610,1604,11.269
201611,1604,10.760909090909092
201612,1604,10.55909090909091
201601,1614,17.84047619047619
201602,1614,17.767692307692307
201603,1614,18.500434782608696
201604,1614,17.987894736842104
201605,1614,17.837142857142858
201606,1614,18.295238095238094
201607,1614,18.6875
201608,1614,19.007391304347827
201609,1614,18.852631578947367
201610,1614,18.8355
201611,1614,18.759090909090908
201612,1614,18.957727272727272
201601,1626,16.157619047619047
201602,1626,16.66
201603,1626,17.74478260869565
201604,1626,17.82526315789474
201605,1626,18.954761904761906
201606,1626,20.103809523809524
201607,1626,19.054499999999997
201608,1626,21.25913043478261
201609,1626,20.32842105263158
201610,1626,20.804499999999997
201611,1626,19.65909090909091
201612,1626,20.03590909090909
201601,1701,14.056666666666667
201602,1701,14.84153846153846
201603,1701,14.888260869565217
201604,1701,14.290526315789473
201605,1701,13.77904761904762
201606,1701,13.904761904761905
201607,1701,14.043000000000001
201608,1701,14.14913043478261
201609,1701,14.083157894736841
201610,1701,13.968
201611,1701,13.875
201612,1701,14.058181818181817
201601,1702,38.60047619047619
201602,1702,40.167692307692306
201603,1702,41.04521739130435
201604,1702,39.51578947368421
201605,1702,39.903333333333336
201606,1702,41.95333333333333
201607,1702,44.7165
201608,1702,47.135217391304344
201609,1702,46.78947368421053
201610,1702,45.765499999999996
201611,1702,43.23409090909091
201612,1702,41.982727272727274
201601,1704,25.252857142857142
201602,1704,27.333846153846157
201603,1704,29.518260869565214
201604,1704,30.28842105263158
201605,1704,30.787142857142857
201606,1704,31.694285714285716
201607,1704,33.8445
201608,1704,34.417826086956524
201609,1704,34.43789473684211
201610,1704,33.995
201611,1704,33.26272727272727
201612,1704,36.91954545454546
201601,1707,120.88761904761904
201602,1707,129.35384615384615
201603,1707,132.11695652173913
201604,1707,136.64947368421053
201605,1707,138.51190476190476
201606,1707,142.19761904761904
201607,1707,149.4865
201608,1707,155.06782608695653
201609,1707,176.23105263157893
201610,1707,190.356
201611,1707,174.32454545454544
201612,1707,163.87454545454545
201601,1708,15.373809523809525
201602,1708,15.493076923076924
201603,1708,15.547826086956523
201604,1708,14.819473684210527
201605,1708,13.451428571428572
201606,1708,13.807142857142857
201607,1708,14.2225
201608,1708,14.027826086956521
201609,1708,14.059473684210525
201610,1708,14.011
201611,1708,13.896818181818183
201612,1708,14.713636363636363
201607,1709,10.079
201608,1709,10.056086956521739
201609,1709,10.080526315789474
201610,1709,10.3485
201611,1709,10.316363636363636
201612,1709,10.445
201601,1710,15.440000000000001
201602,1710,16.156923076923075
201603,1710,17.33478260869565
201604,1710,16.50421052631579
201605,1710,15.557619047619047
201606,1710,15.659047619047618
201607,1710,16.548
201608,1710,15.876086956521737
201609,1710,16.135263157894737
201610,1710,16.455000000000002
201611,1710,16.53090909090909
201612,1710,18.740909090909092
201601,1711,15.057142857142857
201602,1711,16.03153846153846
201603,1711,16.129130434782606
201604,1711,16.033157894736842
201605,1711,15.253333333333334
201606,1711,15.993809523809524
201607,1711,16.696
201608,1711,16.807391304347824
201609,1711,16.966315789473686
201610,1711,16.7945
201611,1711,16.299545454545456
201612,1711,16.720909090909092
201601,1713,11.535
201602,1713,11.884615384615385
201603,1713,11.988260869565218
201604,1713,11.93888888888889
201605,1713,11.688333333333334
201606,1713,11.368095238095238
201607,1713,11.292631578947368
201608,1713,11.582173913043478
201609,1713,11.705263157894738
201610,1713,11.6535
201611,1713,11.406818181818183
201612,1713,11.451818181818181
201602,1715,10.496153846153845
201603,1715,11.549999999999999
201604,1715,11.626315789473685
201605,1715,11.522857142857143
201606,1715,11.14857142857143
201607,1715,10.9665
201608,1715,10.845217391304347
201609,1715,10.608421052631579
201610,1715,10.752500000000001
201611,1715,10.409090909090908
201612,1715,10.828636363636363
201601,1717,19.42047619047619
201602,1717,19.91846153846154
201603,1717,20.30782608695652
201604,1717,20.369999999999997
201605,1717,20.018571428571427
201606,1717,20.513809523809524
201607,1717,22.3555
201608,1717,23.681304347826085
201609,1717,23.929473684210524
201610,1717,23.291999999999998
201611,1717,22.893181818181816
201612,1717,22.866818181818182
201601,1720,24.450952380952383
201602,1720,24.69076923076923
201603,1720,25.06434782608696
201604,1720,23.86842105263158
201605,1720,22.837619047619047
201606,1720,23.27952380952381
201607,1720,24.193
201608,1720,23.697391304347825
201609,1720,23.68263157894737
201610,1720,23.994
201611,1720,23.571818181818184
201612,1720,23.73045454545455
201601,1721,10.168095238095239
201602,1721,10.513846153846155
201603,1721,11.767391304347825
201604,1721,11.211052631578946
201605,1721,11.89857142857143
201606,1721,13.825714285714284
201607,1721,14.180000000000001
201608,1721,13.607391304347825
201609,1721,13.538947368421054
201610,1721,13.972
201611,1721,13.481818181818182
201612,1721,13.223636363636365
201601,1722,27.907619047619043
201602,1722,29.088461538461537
201603,1722,31.619565217391305
201604,1722,30.24
201605,1722,28.05714285714286
201606,1722,28.543333333333333
201607,1722,29.3945
201608,1722,29.92478260869565
201609,1722,29.620526315789473
201610,1722,29.694499999999998
201611,1722,28.58772727272727
201612,1722,28.387727272727272
201601,1723,74.55238095238094
201602,1723,80.47076923076924
201603,1723,81.93260869565218
201604,1723,78.84684210526315
201605,1723,75.24333333333333
201606,1723,75.27619047619048
201607,1723,76.74600000000001
201608,1723,75.1304347826087
201609,1723,76.8121052631579
201610,1723,80.8115
201611,1723,79.78954545454545
201612,1723,87.0690909090909
201601,1724,10.928571428571429
201602,1724,11.416153846153845
201603,1724,12.562608695652173
201604,1724,13.26842105263158
201605,1724,12.6955
201606,1724,12.92095238095238
201607,1724,13.4495
201608,1724,13.209130434782608
201609,1724,13.366315789473685
201610,1724,13.136000000000001
201611,1724,13.411363636363637
201612,1724,13.612727272727273
201601,1726,44.13380952380952
201602,1726,46.160000000000004
201603,1726,48.54826086956521
201604,1726,46.58894736842105
201605,1726,45.051904761904765
201606,1726,46.78095238095238
201607,1726,47.476
201608,1726,49.20217391304348
201609,1726,49.94157894736842
201610,1726,50.183684210526316
201611,1726,51.11136363636364
201612,1726,51.45090909090909
201601,1727,11.116190476190477
201602,1727,11.134615384615385
201603,1727,11.63695652173913
201604,1727,11.291052631578948
201605,1727,10.445
201606,1727,10.42
201607,1727,10.552000000000001
201608,1727,10.588695652173914
201609,1727,10.854736842105263
201610,1727,10.758500000000002
201611,1727,10.538636363636364
201612,1727,10.981363636363637
201601,1729,69.58095238095238
201602,1729,69.63076923076923
201603,1729,72.10434782608696
201604,1729,69.91052631578947
201605,1729,69.57619047619048
201606,1729,67.77619047619048
201607,1729,70.565
201608,1729,71.15652173913043
201609,1729,67.98947368421052
201610,1729,70.825
201611,1729,66.30454545454546
201612,1729,65.08181818181818
201601,1730,21.675238095238097
201602,1730,22.91846153846154
201603,1730,23.40521739130435
201604,1730,23.778947368421054
201605,1730,23.62666666666667
201606,1730,23.403809523809525
201607,1730,23.6045
201608,1730,24.754347826086956
201609,1730,24.576315789473682
201610,1730,24.27
201611,1730,24.57318181818182
201612,1730,25.51409090909091
201601,1732,12.416666666666666
201602,1732,13.356153846153846
201603,1732,13.270434782608694
201604,1732,13.013684210526316
201605,1732,12.704285714285716
201606,1732,12.777619047619046
201607,1732,12.7035
201608,1732,12.92478260869565
201609,1732,13.16578947368421
201610,1732,12.9585
201611,1732,12.889999999999999
201612,1732,13.112272727272726
201601,1733,27.726666666666667
201602,1733,28.17076923076923
201603,1733,29.770000000000003
201604,1733,28.887894736842107
201605,1733,31.53190476190476
201606,1733,34.243809523809524
201607,1733,34.2355
201608,1733,30.811304347826084
201609,1733,29.969473684210524
201610,1733,28.795499999999997
201611,1733,28.25909090909091
201612,1733,28.261363636363637
201601,1734,21.262857142857143
201602,1734,21.97230769230769
201603,1734,23.200869565217392
201604,1734,22.30894736842105
201605,1734,21.239047619047618
201606,1734,21.17238095238095
201607,1734,21.539
201608,1734,21.140869565217393
201609,1734,21.312105263157896
201610,1734,21.1315
201611,1734,19.83
201612,1734,19.807727272727274
201604,1735,10.592631578947367
201601,1736,43.163809523809526
201602,1736,46.22538461538461
201603,1736,47.63739130434783
201604,1736,46.300526315789476
201605,1736,42.70095238095238
201606,1736,42.01952380952381
201607,1736,41.248000000000005
201608,1736,40.770434782608696
201609,1736,43.69210526315789
201610,1736,43.33
201611,1736,40.13181818181818
201612,1736,41.45272727272727
201601,1737,21.81380952380952
201602,1737,21.003846153846155
201603,1737,20.24086956521739
201604,1737,18.521578947368422
201605,1737,18.26857142857143
201606,1737,19.636190476190478
201607,1737,20.7645
201608,1737,20.534782608695654
201609,1737,20.346842105263157
201610,1737,20.7975
201611,1737,20.398636363636363
201612,1737,20.50318181818182
201601,1742,14.603333333333333
201602,1742,13.732307692307693
201603,1742,15.954347826086956
201604,1742,14.467368421052631
201605,1742,12.42047619047619
201606,1742,13.252857142857144
201607,1742,15.393
201608,1742,15.62
201609,1742,18.19736842105263
201610,1742,16.28
201611,1742,15.90181818181818
201612,1742,15.115909090909092
201601,1752,30.111904761904764
201602,1752,30.366153846153846
201603,1752,29.48130434782609
201604,1752,28.794736842105266
201605,1752,29.81095238095238
201606,1752,31.623809523809523
201607,1752,32.76649999999999
201608,1752,30.530869565217394
201609,1752,30.204736842105262
201610,1752,29.032999999999998
201611,1752,25.816363636363636
201612,1752,26.58272727272727
201601,1760,104.66600000000001
201602,1760,115.77538461538461
201603,1760,119.49565217391304
201604,1760,118.19315789473684
201605,1760,112.5495238095238
201606,1760,112.31400000000001
201607,1760,112.051
201608,1760,82.62478260869565
201609,1760,67.93055555555556
201610,1760,75.6115
201611,1760,70.77090909090909
201612,1760,65.67227272727273
201601,1762,32.058571428571426
201602,1762,33.856153846153845
201603,1762,32.19347826086957
201604,1762,30.066842105263156
201605,1762,27.753809523809526
201606,1762,26.773809523809526
201607,1762,26.1565
201608,1762,25.676521739130433
201609,1762,25.47684210526316
201610,1762,24.224
201611,1762,22.692272727272726
201612,1762,22.84090909090909
201601,1773,13.723809523809523
201602,1773,13.873846153846156
201603,1773,15.197826086956523
201604,1773,15.25157894736842
201605,1773,15.494761904761905
201606,1773,15.82095238095238
201607,1773,16.211000000000002
201608,1773,17.354347826086954
201609,1773,17.86894736842105
201610,1773,18.516
201611,1773,19.189545454545456
201612,1773,19.998636363636365
201601,1776,22.2215
201602,1776,21.425
201603,1776,21.77136363636364
201604,1776,20.539444444444445
201605,1776,16.276190476190475
201606,1776,16.183809523809526
201607,1776,15.5585
201608,1776,15.745652173913042
201609,1776,15.63
201610,1776,14.877
201611,1776,14.07090909090909
201612,1776,14.418181818181818
201601,1777,56.67952380952381
201602,1777,58.36923076923077
201603,1777,63.168695652173916
201604,1777,64.47473684210526
201605,1777,63.86857142857143
201606,1777,69.23809523809524
201607,1777,70.9435
201608,1777,68.78086956521739
201609,1777,70.59947368421054
201610,1777,68.1035
201611,1777,69.22090909090909
201612,1777,69.79227272727273
201601,1781,23.25
201602,1781,24.846153846153847
201603,1781,24.58695652173913
201604,1781,21.739473684210527
201605,1781,19.576190476190476
201606,1781,20.06904761904762
201607,1781,22.2475
201608,1781,22.121739130434783
201609,1781,20.657894736842106
201610,1781,19.335
201611,1781,18.318181818181817
201612,1781,19.575
201601,1783,16.289523809523807
201602,1783,17.36076923076923
201603,1783,18.811739130434784
201604,1783,18.23421052631579
201605,1783,16.367142857142856
201606,1783,16.55047619047619
201607,1783,18.2695
201608,1783,18.998695652173915
201609,1783,20.13736842105263
201610,1783,19.384
201611,1783,19.190454545454546
201612,1783,18.892272727272726
201601,1784,28.56142857142857
201602,1784,28.70846153846154
201603,1784,29.04869565217391
201604,1784,26.725263157894737
201605,1784,24.993809523809524
201606,1784,25.181904761904764
201607,1784,28.567
201608,1784,27.351739130434783
201609,1784,27.88842105263158
201610,1784,27.9755
201611,1784,26.66090909090909
201612,1784,26.660454545454545
201601,1785,17.274285714285714
201602,1785,17.692307692307693
201603,1785,19.517391304347825
201604,1785,16.25263157894737
201605,1785,12.784
201601,1786,41.273809523809526
201602,1786,40.25153846153846
201603,1786,43.762173913043476
201604,1786,42.869473684210526
201605,1786,37.294285714285714
201606,1786,35.957142857142856
201607,1786,35.614999999999995
201608,1786,40.186521739130434
201609,1786,43.20473684210526
201610,1786,39.824
201611,1786,38.162727272727274
201612,1786,41.87136363636363
201601,1788,58.93904761904762
201602,1788,58.465384615384615
201603,1788,59.35913043478261
201604,1788,58.16052631578947
201605,1788,57.09238095238096
201606,1788,57.916666666666664
201607,1788,57.673500000000004
201608,1788,56.623913043478254
201609,1788,55.84166666666667
201610,1788,54.99550000000001
201611,1788,54.39318181818182
201612,1788,56.10727272727272
201601,1789,40.37
201602,1789,43.52076923076923
201603,1789,42.60739130434783
201604,1789,37.595789473684206
201605,1789,35.51571428571429
201606,1789,35.635238095238094
201607,1789,36.6505
201608,1789,35.732608695652175
201609,1789,35.84894736842105
201610,1789,35.579
201611,1789,33.31318181818182
201612,1789,33.181363636363635
201601,1795,60.74666666666667
201602,1795,62.323076923076925
201603,1795,65.86304347826086
201604,1795,63.42263157894737
201605,1795,61.12428571428572
201606,1795,60.4704761904762
201607,1795,59.833000000000006
201608,1795,57.45130434782609
201609,1795,58.90631578947369
201610,1795,56.9455
201611,1795,48.75636363636364
201612,1795,50.54409090909091
201607,1796,71.47666666666667
201608,1796,75.29608695652173
201609,1796,68.24055555555555
201610,1796,78.4035
201611,1796,79.39454545454545
201612,1796,75.20136363636364
201601,1799,45.35190476190476
201602,1799,47.04076923076923
201603,1799,46.82695652173913
201604,1799,44.85473684210526
201605,1799,42.54
201606,1799,41.45285714285714
201607,1799,41.2415
201608,1799,39.001304347826085
201609,1799,36.29052631578947
201610,1799,35.183
201611,1799,31.201818181818183
201612,1799,30.465454545454545
201601,1802,10.024285714285714
201602,1802,10.53076923076923
201603,1802,12.145652173913044
201604,1802,11.74
201605,1802,11.385714285714286
201606,1802,11.607619047619048
201607,1802,11.8375
201608,1802,11.343913043478262
201609,1802,12.527368421052632
201610,1802,11.957
201611,1802,11.461363636363636
201612,1802,11.43
201608,1809,10.175217391304347
201609,1809,11.020555555555555
201610,1809,11.1775
201611,1809,10.798181818181819
201612,1809,10.66
201601,1813,18.612380952380953
201602,1813,19.18076923076923
201603,1813,20.81173913043478
201604,1813,20.12157894736842
201605,1813,19.503809523809522
201606,1813,19.857142857142858
201607,1813,19.375999999999998
201608,1813,19.124782608695654
201609,1813,18.725263157894734
201610,1813,17.789
201611,1813,17.530952380952378
201612,1813,18.10181818181818
201608,1815,10.972608695652173
201609,1815,10.539473684210526
201610,1815,10.449000000000002
201612,1815,10.14
201601,1817,23.847619047619048
201602,1817,24.42076923076923
201603,1817,23.320434782608697
201604,1817,22.565263157894737
201605,1817,21.227142857142855
201606,1817,20.55857142857143
201607,1817,21.0165
201608,1817,22.270434782608696
201609,1817,23.32842105263158
201610,1817,23.529
201611,1817,21.982727272727274
201612,1817,22.540454545454544
201601,1902,10.246666666666666
201602,1902,10.13923076923077
201603,1902,10.70217391304348
201604,1902,10.393684210526317
201605,1902,10.417142857142856
201606,1902,10.453809523809523
201607,1902,10.36
201608,1902,10.130434782608695
201612,1902,10.81090909090909
201601,1903,29.092857142857145
201602,1903,29.303846153846152
201603,1903,31.743478260869566
201604,1903,31.736842105263158
201605,1903,31.55714285714286
201606,1903,32.93333333333334
201607,1903,32.245
201608,1903,32.25
201609,1903,31.539473684210527
201610,1903,30.56578947368421
201611,1903,29.952272727272728
201612,1903,32.19318181818182
201610,1906,11.876999999999999
201611,1906,12.018181818181818
201612,1906,12.59681818181818
201606,1909,10.011428571428572
201607,1909,11.5525
201608,1909,11.664347826086955
201609,1909,11.55578947368421
201610,1909,11.3015
201611,1909,11.317272727272726
201612,1909,11.860000000000001
201601,2002,12.875714285714285
201602,2002,14.136153846153848
201603,2002,16.331739130434784
201604,2002,16.482105263157894
201605,2002,15.03761904761905
201606,2002,15.376190476190475
201607,2002,16.226
201608,2002,17.03608695652174
201609,2002,16.64421052631579
201610,2002,16.740000000000002
201611,2002,18.161363636363635
201612,2002,18.922272727272727
201601,2002A,29.592380952380957
201602,2002A,29.8
201603,2002A,30.178260869565218
201604,2002A,30.632105263157893
201605,2002A,30.722380952380956
201606,2002A,30.748947368421053
201607,2002A,31.253499999999995
201608,2002A,31.755454545454544
201609,2002A,31.88058823529412
201610,2002A,32.23384615384615
201611,2002A,32.36952380952381
201612,2002A,32.56
201601,2006,14.236666666666665
201602,2006,16.25307692307692
201603,2006,16.924347826086954
201604,2006,17.543684210526315
201605,2006,16.235714285714284
201606,2006,16.231428571428573
201607,2006,16.728
201608,2006,16.54173913043478
201609,2006,16.638947368421054
201610,2006,17.333000000000002
201611,2006,18.99681818181818
201612,2006,19.275909090909092
201612,2008,10.114090909090908
201601,2013,14.19047619047619
201602,2013,17.371538461538464
201603,2013,18.141739130434782
201604,2013,17.79736842105263
201605,2013,16.104285714285716
201606,2013,15.907142857142858
201607,2013,16.5195
201608,2013,16.678695652173914
201609,2013,16.528947368421054
201610,2013,16.649
201611,2013,17.30909090909091
201612,2013,17.051363636363636
201601,2015,21.208571428571428
201602,2015,22.078461538461536
201603,2015,23.55173913043478
201604,2015,25.62157894736842
201605,2015,24.378571428571426
201606,2015,24.492857142857144
201607,2015,25.308
201608,2015,25.11913043478261
201609,2015,24.908421052631578
201610,2015,25.101
201611,2015,26.808636363636364
201612,2015,27.26181818181818
201601,2025,3196.677142857143
201602,2025,3088.4399999999996
201603,2025,2979.9975
201604,2025,3221.7684210526313
201605,2025,3123.14
201608,2025,3821.906363636364
201609,2025,3545.042105263158
201610,2025,3698.3229999999994
201611,2025,4846.390909090909
201612,2025,5008.069090909091
201601,2029,10.468095238095238
201602,2029,11.327692307692306
201603,2029,12.287391304347826
201604,2029,12.465263157894737
201605,2029,12.481904761904762
201606,2029,13.115714285714287
201607,2029,14.4435
201608,2029,16.049130434782608
201609,2029,17.19157894736842
201610,2029,17.976499999999998
201611,2029,22.48590909090909
201612,2029,24.337272727272726
201608,2031,10.62217391304348
201609,2031,10.864736842105264
201610,2031,10.875499999999999
201611,2031,12.801363636363636
201612,2031,14.033181818181818
201602,2034,10.961538461538462
201603,2034,12.32913043478261
201604,2034,12.293684210526317
201605,2034,11.632857142857143
201606,2034,11.622857142857143
201607,2034,13.153
201608,2034,13.48608695652174
201609,2034,13.074736842105262
201610,2034,13.005500000000001
201611,2034,14.338636363636363
201612,2034,16.311363636363637
201601,2035,44.92619047619047
201602,2035,46.00909090909091
201603,2035,46.050000000000004
201604,2035,44.93421052631579
201605,2035,45.095
201606,2035,45.28095238095238
201607,2035,45.3425
201608,2035,46.627272727272725
201609,2035,46.94666666666667
201610,2035,46.7725
201611,2035,46.80952380952381
201612,2035,46.792857142857144
201601,2049,86.67238095238095
201602,2049,95.26769230769231
201603,2049,108.41173913043477
201604,2049,108.2836842105263
201605,2049,98.19952380952381
201606,2049,102.93095238095239
201607,2049,109.526
201608,2049,122.70217391304348
201609,2049,126.07789473684211
201610,2049,114.47349999999999
201611,2049,98.71681818181818
201612,2049,106.97636363636364
201601,2059,342.87714285714287
201602,2059,345.2230769230769
201603,2059,320.0547826086957
201604,2059,309.2242105263158
201605,2059,293.78857142857146
201606,2059,299.43285714285713
201607,2059,317.617
201608,2059,315.00217391304346
201609,2059,340.6936842105263
201610,2059,331.5545
201611,2059,315.57454545454544
201612,2059,334.9409090909091
201601,2061,10.625238095238094
201602,2061,11.204615384615384
201603,2061,11.344347826086958
201604,2061,10.398947368421052
201601,2062,34.37047619047619
201602,2062,35.52384615384615
201603,2062,34.084782608695654
201604,2062,32.49473684210526
201605,2062,34.532380952380954
201606,2062,32.96142857142858
201607,2062,34.482
201608,2062,34.67652173913043
201609,2062,35.00631578947368
201610,2062,34.5355
201611,2062,33.51
201612,2062,33.765454545454546
201601,2063,11.97625
201602,2063,13.48923076923077
201603,2063,14.576363636363636
201604,2063,15.086470588235295
201605,2063,15.006499999999999
201606,2063,14.93263157894737
201607,2063,14.5875
201608,2063,14.540434782608695
201609,2063,15.037272727272727
201610,2063,15.777857142857142
201611,2063,15.37235294117647
201612,2063,14.99
201601,2064,10.2515
201602,2064,10.658333333333333
201603,2064,10.925217391304347
201604,2064,10.794117647058824
201605,2064,10.331666666666667
201606,2064,10.4655
201607,2064,10.321666666666665
201608,2064,10.531818181818181
201609,2064,10.73875
201610,2064,10.644285714285715
201611,2064,10.704761904761906
201612,2064,11.049473684210525
201603,2065,12.803333333333333
201604,2065,12.914444444444445
201605,2065,14.032222222222224
201606,2065,14.135
201607,2065,15.928749999999999
201608,2065,18.037499999999998
201609,2065,16.81
201610,2065,16.46
201611,2065,16.279999999999998
201612,2065,16.5675
201601,2066,71.6152380952381
201602,2066,74.75923076923077
201603,2066,78.31217391304348
201604,2066,83.92894736842106
201605,2066,83.0647619047619
201606,2066,83.78142857142858
201607,2066,85.5935
201608,2066,86.08521739130435
201609,2066,87.14263157894737
201610,2066,86.619
201611,2066,83.01454545454546
201612,2066,82.58681818181819
201601,2067,12.953333333333333
201602,2067,13.0125
201603,2067,13.25391304347826
201604,2067,12.91375
201605,2067,13.078823529411764
201606,2067,12.955
201607,2067,13.243125
201608,2067,15.48913043478261
201609,2067,15.83888888888889
201610,2067,15.461176470588237
201611,2067,14.512105263157896
201612,2067,13.405909090909091
201601,2069,11.830833333333333
201602,2069,12.199166666666665
201603,2069,12.368260869565216
201604,2069,10.659473684210527
201605,2069,10.19142857142857
201608,2069,10.18
201609,2069,10.487894736842106
201610,2069,10.8465
201611,2069,12.357272727272727
201612,2069,13.433636363636365
201604,2070,61.0
201605,2070,54.805238095238096
201606,2070,53.8085
201607,2070,53.98842105263158
201608,2070,52.64272727272728
201609,2070,51.01625
201610,2070,53.062
201611,2070,53.11944444444444
201612,2070,52.73
201601,2101,23.846666666666664
201602,2101,23.91923076923077
201603,2101,26.936956521739127
201604,2101,24.61578947368421
201605,2101,22.966190476190473
201606,2101,23.527619047619048
201607,2101,24.3835
201608,2101,25.664347826086956
201609,2101,25.99947368421053
201610,2101,25.773000000000003
201611,2101,25.135454545454547
201612,2101,25.556818181818183
201601,2102,14.052857142857144
201602,2102,14.534615384615384
201603,2102,14.623043478260868
201604,2102,14.083684210526314
201605,2102,13.331428571428571
201606,2102,13.284285714285712
201607,2102,13.528
201608,2102,13.808260869565217
201609,2102,13.663684210526316
201610,2102,13.495
201611,2102,12.536363636363637
201612,2102,12.727272727272727
201601,2103,14.857619047619048
201602,2103,17.413076923076922
201603,2103,19.835652173913044
201604,2103,20.748421052631578
201605,2103,19.355714285714285
201606,2103,19.547619047619047
201607,2103,20.3125
201608,2103,20.98
201609,2103,21.577368421052633
201610,2103,23.5105
201611,2103,23.409545454545455
201612,2103,24.647727272727273
201601,2104,13.727142857142857
201602,2104,14.306923076923077
201603,2104,15.209130434782608
201604,2104,15.019473684210526
201605,2104,13.983333333333333
201606,2104,14.142380952380952
201607,2104,14.696000000000002
201608,2104,15.522173913043478
201609,2104,16.36842105263158
201610,2104,16.285999999999998
201611,2104,16.757272727272728
201612,2104,18.172272727272727
201601,2105,34.896190476190476
201602,2105,37.85846153846154
201603,2105,41.86260869565218
201604,2105,45.86684210526316
201605,2105,45.53809523809524
201606,2105,46.17190476190476
201607,2105,46.733
201608,2105,49.48652173913044
201609,2105,47.915789473684214
201610,2105,46.945
201611,2105,44.070454545454545
201612,2105,43.19954545454545
201601,2106,30.21761904761905
201602,2106,30.86076923076923
201603,2106,32.82347826086957
201604,2106,35.18631578947368
201605,2106,34.33238095238095
201606,2106,33.327619047619045
201607,2106,33.0035
201608,2106,34.02217391304348
201609,2106,34.62789473684211
201610,2106,33.7495
201611,2106,32.36090909090909
201612,2106,33.00909090909091
201601,2107,11.488095238095237
201602,2107,11.983846153846153
201603,2107,12.61826086956522
201604,2107,12.17315789473684
201605,2107,11.36
201606,2107,11.30952380952381
201607,2107,11.339
201608,2107,11.171739130434782
201609,2107,11.097272727272728
201610,2107,10.8795
201611,2107,10.299545454545454
201612,2107,11.151818181818182
201601,2108,12.024761904761906
201602,2108,12.467692307692307
201603,2108,13.571739130434782
201604,2108,14.420526315789473
201605,2108,13.557142857142857
201606,2108,13.506190476190476
201607,2108,13.9585
201608,2108,13.79391304347826
201609,2108,13.514210526315788
201610,2108,13.64
201611,2108,12.88
201612,2108,12.917727272727273
201603,2109,10.485652173913044
201604,2109,10.703157894736842
201606,2109,10.005238095238095
201607,2109,10.0805
201608,2109,10.05695652173913
201601,2114,35.88142857142857
201602,2114,38.69076923076923
201603,2114,40.345652173913045
201604,2114,39.82105263157895
201605,2114,39.51428571428571
201606,2114,39.699999999999996
201607,2114,40.992000000000004
201608,2114,42.32217391304348
201609,2114,42.602631578947374
201610,2114,41.882
201611,2114,41.08318181818182
201612,2114,41.031363636363636
201601,2115,18.47
201602,2115,20.116923076923076
201603,2115,21.867391304347827
201604,2115,23.98578947368421
201605,2115,23.06809523809524
201606,2115,23.252857142857142
201607,2115,23.709
201608,2115,27.14260869565217
201609,2115,31.351578947368424
201610,2115,30.2605
201611,2115,27.009545454545457
201612,2115,27.047727272727272
201601,2201,37.62952380952381
201602,2201,38.10384615384615
201603,2201,40.073913043478264
201604,2201,38.70473684210526
201605,2201,35.408095238095235
201606,2201,35.663809523809526
201607,2201,37.625
201608,2201,37.41565217391304
201609,2201,36.98842105263158
201610,2201,36.862
201611,2201,35.56363636363636
201612,2201,35.94772727272727
201601,2204,26.245714285714286
201602,2204,26.463076923076922
201603,2204,27.448695652173914
201604,2204,28.314736842105265
201605,2204,28.404285714285713
201606,2204,29.833809523809524
201607,2204,30.672000000000004
201608,2204,30.724347826086955
201609,2204,30.667894736842108
201610,2204,31.505000000000003
201611,2204,31.470909090909092
201612,2204,34.25590909090909
201601,2206,14.731428571428571
201602,2206,15.093076923076923
201603,2206,15.460434782608697
201604,2206,14.95157894736842
201605,2206,14.664285714285715
201606,2206,14.89857142857143
201607,2206,14.9155
201608,2206,15.907391304347826
201609,2206,15.804736842105264
201610,2206,15.322999999999999
201611,2206,15.00090909090909
201612,2206,15.548181818181819
201601,2207,264.88
201602,2207,263.04923076923075
201603,2207,273.54391304347826
201604,2207,259.0163157894737
201605,2207,233.09
201606,2207,243.88809523809522
201607,2207,256.896
201608,2207,274.54478260869564
201609,2207,290.54526315789474
201610,2207,296.3665
201611,2207,290.60181818181815
201612,2207,294.8790909090909
201601,2208,26.145238095238092
201602,2208,27.51846153846154
201603,2208,29.070434782608697
201604,2208,29.096315789473685
201605,2208,27.70285714285714
201606,2208,27.972857142857144
201607,2208,27.6685
201608,2208,27.883478260869566
201609,2208,26.36263157894737
201610,2208,24.833
201611,2208,24.34090909090909
201612,2208,24.828181818181818
201603,2221,10.117391304347825
201604,2221,10.211578947368421
201608,2221,10.174782608695653
201609,2221,10.183684210526316
201610,2221,10.1765
201611,2221,10.308636363636364
201612,2221,11.798181818181819
201601,2227,142.1404761904762
201602,2227,135.46
201603,2227,132.95739130434782
201604,2227,116.61526315789474
201605,2227,116.58285714285714
201606,2227,117.15904761904763
201607,2227,118.482
201608,2227,124.56695652173913
201609,2227,125.39947368421053
201610,2227,124.4145
201611,2227,120.54227272727272
201612,2227,120.59772727272728
201601,2228,115.73571428571428
201602,2228,124.28923076923077
201603,2228,127.2586956521739
201604,2228,148.36
201605,2228,137.27666666666667
201606,2228,141.86333333333334
201607,2228,155.385
201608,2228,164.14304347826086
201609,2228,167.22315789473683
201610,2228,143.1645
201611,2228,131.19772727272726
201612,2228,117.58909090909091
201603,2230,10.879130434782608
201604,2230,11.190526315789475
201607,2230,10.478
201608,2230,10.117826086956523
201601,2231,181.46190476190478
201602,2231,187.52615384615385
201603,2231,186.22913043478263
201604,2231,194.78105263157894
201605,2231,177.14761904761903
201606,2231,166.70809523809524
201607,2231,181.20499999999998
201608,2231,191.55652173913043
201609,2231,182.74421052631578
201610,2231,170.1045
201611,2231,143.51090909090908
201612,2231,139.92045454545453
201601,2233,38.542857142857144
201602,2233,41.932307692307695
201603,2233,43.27434782608695
201604,2233,47.950526315789475
201605,2233,43.5852380952381
201606,2233,44.34761904761905
201607,2233,47.699
201608,2233,46.251304347826085
201609,2233,47.06421052631579
201610,2233,50.5495
201611,2233,49.20681818181818
201612,2233,54.17545454545455
201601,2235,67.77619047619048
201602,2235,68.38692307692307
201603,2235,72.03565217391304
201604,2235,74.92578947368422
201605,2235,73.1652380952381
201606,2235,73.99666666666667
201607,2235,73.2865
201608,2235,72.15217391304348
201609,2235,74.16631578947367
201610,2235,72.78833333333334
201611,2235,66.65190476190476
201612,2235,64.22857142857143
201601,2236,17.113809523809522
201602,2236,21.532307692307693
201603,2236,28.189565217391305
201604,2236,27.21157894736842
201605,2236,30.80952380952381
201606,2236,31.53238095238095
201607,2236,32.469
201608,2236,32.52652173913044
201609,2236,37.230526315789476
201610,2236,32.884
201611,2236,31.28681818181818
201612,2236,35.596363636363634
201601,2239,136.09476190476192
201602,2239,124.22153846153846
201603,2239,133.3991304347826
201604,2239,126.37842105263158
201605,2239,124.34619047619047
201606,2239,129.0595238095238
201607,2239,129.878
201608,2239,159.02652173913043
201609,2239,162.51894736842107
201610,2239,148.50799999999998
201611,2239,138.9059090909091
201612,2239,142.91227272727272
201603,2241,76.18266666666666
201604,2241,78.45894736842105
201605,2241,74.1352380952381
201606,2241,79.7705
201607,2241,85.009
201608,2241,100.98608695652173
201609,2241,117.08777777777777
201610,2241,105.79249999999999
201611,2241,98.39772727272727
201612,2241,86.05727272727273
201601,2301,17.696666666666665
201602,2301,20.72923076923077
201603,2301,20.979565217391304
201604,2301,22.153157894736843
201605,2301,22.24904761904762
201606,2301,24.478571428571428
201607,2301,26.898500000000002
201608,2301,27.52695652173913
201609,2301,27.902631578947368
201610,2301,26.785000000000004
201611,2301,27.50590909090909
201612,2301,28.91318181818182
201601,2308,106.90142857142857
201602,2308,103.51153846153846
201603,2308,106.88
201604,2308,110.43526315789474
201605,2308,107.47761904761906
201606,2308,115.47142857142858
201607,2308,128.296
201608,2308,134.67086956521737
201609,2308,131.13894736842104
201610,2308,130.236
201611,2308,125.19227272727272
201612,2308,123.94727272727273
201601,2311,32.26714285714286
201602,2311,33.41384615384615
201603,2311,34.25782608695652
201604,2311,31.515789473684208
201605,2311,28.589
201606,2311,33.22095238095238
201607,2311,33.734500000000004
201608,2311,36.34608695652174
201609,2311,36.41105263157895
201610,2311,36.661500000000004
201611,2311,33.75545454545455
201612,2311,32.18
201601,2313,13.171428571428573
201602,2313,13.164615384615386
201603,2313,14.248695652173915
201604,2313,13.145263157894737
201605,2313,11.027142857142858
201606,2313,11.601904761904763
201607,2313,11.785
201608,2313,11.976086956521739
201609,2313,11.85421052631579
201610,2313,12.116
201611,2313,11.44090909090909
201612,2313,11.31090909090909
201601,2314,11.57857142857143
201602,2314,11.096923076923076
201603,2314,10.548260869565217
201607,2314,10.116499999999998
201608,2314,11.304347826086957
201609,2314,14.571538461538463
201610,2314,24.723
201611,2314,22.87272727272727
201612,2314,24.698636363636364
201601,2316,23.29190476190476
201602,2316,25.987692307692306
201603,2316,28.532608695652176
201604,2316,26.643157894736845
201605,2316,23.54
201606,2316,25.263333333333332
201607,2316,24.7155
201608,2316,22.99478260869565
201609,2316,21.466842105263158
201610,2316,19.123
201611,2316,17.801363636363636
201612,2316,19.199545454545454
201601,2317,60.40095238095238
201602,2317,61.136923076923075
201603,2317,65.66863636363637
201604,2317,64.1921052631579
201605,2317,59.9147619047619
201606,2317,63.96047619047619
201607,2317,67.4875
201608,2317,69.46217391304349
201609,2317,70.02263157894737
201610,2317,73.316
201611,2317,72.24363636363637
201612,2317,74.10181818181819
201601,2321,36.237
201602,2321,41.2075
201603,2321,37.31434782608696
201604,2321,33.96
201605,2321,30.606190476190477
201606,2321,33.114999999999995
201607,2321,41.099000000000004
201608,2321,56.087391304347825
201609,2321,51.45947368421053
201610,2321,43.993
201611,2321,42.87181818181818
201612,2321,54.07590909090909
201601,2324,10.182380952380953
201602,2324,10.916153846153845
201603,2324,11.612608695652172
201604,2324,11.283684210526316
201605,2324,10.374285714285715
201606,2324,11.289047619047619
201607,2324,11.9065
201608,2324,11.934782608695652
201609,2324,11.461578947368421
201610,2324,11.592
201611,2324,11.181818181818182
201612,2324,10.988181818181818
201601,2325,46.385714285714286
201602,2325,46.04384615384615
201603,2325,45.003043478260864
201604,2325,44.985789473684214
201605,2325,42.255
201606,2325,46.669999999999995
201607,2325,46.5635
201608,2325,46.32739130434783
201609,2325,45.2978947368421
201610,2325,45.840500000000006
201611,2325,45.56045454545455
201612,2325,45.77363636363636
201601,2327,56.19952380952381
201602,2327,57.92692307692308
201603,2327,57.49956521739131
201604,2327,60.03842105263158
201605,2327,57.37
201606,2327,58.19380952380952
201607,2327,58.199
201608,2327,60.63733333333333
201609,2327,58.70894736842106
201610,2327,57.384
201611,2327,54.349545454545456
201612,2327,52.31818181818182
201608,2328,14.358260869565218
201609,2328,19.44421052631579
201610,2328,21.182
201611,2328,18.49681818181818
201612,2328,17.990000000000002
201601,2329,13.603333333333333
201602,2329,14.373076923076923
201603,2329,15.816521739130433
201604,2329,15.802631578947368
201605,2329,15.177619047619048
201606,2329,15.512380952380951
201607,2329,15.718
201608,2329,16.914347826086956
201609,2329,16.222631578947368
201610,2329,14.6995
201611,2329,13.647727272727273
201612,2329,13.82
201601,2330,104.5947619047619
201602,2330,113.11384615384615
201603,2330,119.63739130434782
201604,2330,119.99315789473684
201605,2330,114.33666666666667
201606,2330,124.30857142857143
201607,2330,134.754
201608,2330,139.94565217391303
201609,2330,143.24842105263156
201610,2330,149.873
201611,2330,145.8740909090909
201612,2330,144.88136363636363
201601,2331,14.02142857142857
201602,2331,15.618461538461538
201603,2331,16.019565217391303
201604,2331,15.226842105263158
201605,2331,14.417619047619047
201606,2331,14.004761904761907
201607,2331,13.9625
201608,2331,13.205652173913045
201609,2331,11.952631578947368
201610,2331,10.812999999999999
201611,2331,10.939545454545454
201612,2331,11.370454545454546
201607,2332,10.9865
201608,2332,10.744782608695653
201609,2332,10.462631578947368
201606,2340,10.24904761904762
201607,2340,11.343
201608,2340,12.389565217391304
201609,2340,12.74
201610,2340,12.365
201611,2340,12.516363636363637
201612,2340,13.43909090909091
201601,2342,11.772857142857143
201602,2342,13.28
201603,2342,12.996521739130435
201604,2342,12.903684210526315
201605,2342,12.45
201606,2342,11.15857142857143
201607,2342,10.297
201608,2342,10.135652173913044
201609,2342,10.651052631578947
201610,2342,10.4005
201611,2342,10.784545454545453
201612,2342,13.137727272727272
201601,2345,25.626190476190477
201602,2345,24.963076923076922
201603,2345,26.937391304347823
201604,2345,24.534736842105264
201605,2345,28.436190476190475
201606,2345,34.25857142857143
201607,2345,39.7995
201608,2345,40.27608695652174
201609,2345,39.14052631578947
201610,2345,37.812
201611,2345,36.23045454545455
201612,2345,38.068636363636365
201601,2347,17.284761904761904
201602,2347,18.13923076923077
201603,2347,19.18130434782609
201604,2347,18.644736842105264
201605,2347,17.789523809523807
201606,2347,19.048571428571428
201607,2347,20.9515
201608,2347,21.17304347826087
201609,2347,21.43
201610,2347,21.2545
201611,2347,20.41181818181818
201612,2347,20.210454545454546
201604,2348,11.24
201605,2348,12.365333333333332
201606,2348,10.891052631578948
201601,2349,10.093809523809524
201602,2349,10.146923076923077
201603,2349,10.472173913043479
201604,2349,10.921052631578947
201606,2349,10.057142857142857
201607,2349,11.560500000000001
201608,2349,14.265652173913043
201609,2349,16.01
201610,2349,14.4405
201611,2349,12.92818181818182
201612,2349,13.263181818181819
201601,2351,19.28047619047619
201602,2351,20.64
201603,2351,25.704782608695655
201604,2351,25.546842105263156
201605,2351,26.170476190476194
201606,2351,26.344761904761906
201607,2351,29.5645
201608,2351,33.72913043478261
201609,2351,34.038947368421056
201610,2351,32.888999999999996
201611,2351,31.860000000000003
201612,2351,33.448181818181816
201611,2352,10.000909090909092
201612,2352,10.483636363636363
201601,2354,44.111428571428576
201602,2354,45.93076923076923
201603,2354,50.6890909090909
201604,2354,50.239999999999995
201605,2354,48.95238095238095
201606,2354,52.8552380952381
201607,2354,54.4505
201608,2354,58.971304347826084
201609,2354,64.50578947368422
201610,2354,69.243
201611,2354,63.627272727272725
201612,2354,62.697272727272725
201601,2355,38.11333333333333
201602,2355,42.08307692307692
201603,2355,44.05304347826087
201604,2355,47.15105263157895
201605,2355,49.717619047619046
201606,2355,51.760000000000005
201607,2355,51.9145
201608,2355,54.84173913043478
201609,2355,57.09315789473684
201610,2355,49.5445
201611,2355,45.332727272727276
201612,2355,47.7
201601,2356,14.072857142857142
201602,2356,14.951538461538462
201603,2356,14.079565217391304
201604,2356,13.098947368421053
201605,2356,12.884761904761904
201606,2356,13.957619047619048
201607,2356,15.529
201608,2356,15.584347826086956
201609,2356,15.77736842105263
201610,2356,16.7475
201611,2356,15.063636363636363
201612,2356,14.078636363636365
201601,2357,140.31857142857143
201602,2357,141.88846153846154
201603,2357,148.08739130434782
201604,2357,148.58473684210526
201605,2357,138.73
201606,2357,145.23380952380953
201607,2357,144.48
201608,2357,148.04652173913044
201609,2357,151.45526315789473
201610,2357,154.619
201611,2357,147.20727272727274
201612,2357,145.5309090909091
201601,2358,14.122857142857143
201602,2358,14.763846153846155
201603,2358,14.876086956521737
201604,2358,12.19421052631579
201605,2358,11.293333333333333
201606,2358,11.097619047619048
201607,2358,10.437999999999999
201609,2358,11.233157894736843
201610,2358,11.066153846153846
201611,2358,11.528636363636364
201612,2358,12.815
201601,2359,10.851904761904763
201602,2359,10.548461538461538
201603,2359,11.02086956521739
201604,2359,10.903684210526317
201605,2359,10.166666666666666
201606,2359,10.406666666666666
201607,2359,10.334999999999999
201608,2359,10.261304347826087
201609,2359,11.175263157894737
201610,2359,10.773
201611,2359,10.123636363636363
201612,2359,10.81090909090909
201601,2360,47.30095238095238
201602,2360,50.24538461538461
201603,2360,54.5604347826087
201604,2360,52.775263157894734
201605,2360,56.50285714285714
201606,2360,59.42476190476191
201607,2360,59.263999999999996
201608,2360,64.52434782608695
201609,2360,64.68842105263157
201610,2360,65.3335
201611,2360,59.86181818181819
201612,2360,59.61045454545455
201601,2362,21.364285714285714
201602,2362,22.38076923076923
201603,2362,21.555217391304346
201604,2362,20.417368421052632
201605,2362,18.674761904761905
201606,2362,19.571428571428573
201607,2362,20.5995
201608,2362,21.37608695652174
201609,2362,21.468947368421055
201610,2362,21.259999999999998
201611,2362,19.995
201612,2362,20.33409090909091
201601,2364,18.517619047619046
201602,2364,17.08
201603,2364,17.672173913043476
201604,2364,17.07894736842105
201605,2364,15.29952380952381
201606,2364,14.299047619047618
201607,2364,16.3585
201608,2364,16.885652173913044
201609,2364,15.638666666666667
201610,2364,13.655
201611,2364,13.583636363636362
201612,2364,12.247727272727273
201603,2367,10.062173913043479
201608,2368,11.466956521739132
201609,2368,11.392105263157895
201610,2368,10.74
201611,2368,10.130454545454546
201612,2368,10.456363636363635
201601,2373,40.81857142857143
201602,2373,42.66076923076923
201603,2373,44.70782608695652
201604,2373,45.14052631578947
201605,2373,44.62380952380953
201606,2373,44.13809523809524
201607,2373,43.0355
201608,2373,42.36826086956522
201609,2373,42.67894736842105
201610,2373,42.654
201611,2373,42.90318181818182
201612,2373,43.30045454545455
201601,2374,14.104285714285714
201602,2374,14.481538461538461
201603,2374,14.457391304347825
201604,2374,13.468421052631578
201605,2374,11.698571428571428
201606,2374,11.40904761904762
201607,2374,12.057500000000001
201608,2374,12.317391304347826
201609,2374,12.554736842105262
201610,2374,12.1545
201611,2374,11.752272727272727
201612,2374,12.642272727272728
201601,2375,17.465714285714284
201602,2375,18.06230769230769
201603,2375,18.348695652173912
201604,2375,16.83105263157895
201605,2375,16.46952380952381
201606,2375,17.93857142857143
201607,2375,19.9565
201608,2375,20.722608695652173
201609,2375,20.34526315789474
201610,2375,22.622999999999998
201611,2375,22.118636363636366
201612,2375,22.21818181818182
201601,2376,20.414285714285715
201602,2376,21.86076923076923
201603,2376,21.950434782608696
201604,2376,20.978421052631578
201605,2376,21.313809523809525
201606,2376,23.234285714285715
201607,2376,25.3735
201608,2376,27.68217391304348
201609,2376,27.47631578947368
201610,2376,27.235500000000002
201611,2376,26.92954545454546
201612,2376,27.346818181818183
201601,2377,27.114285714285714
201602,2377,26.98076923076923
201603,2377,28.24739130434783
201604,2377,32.287894736842105
201605,2377,31.981428571428573
201606,2377,35.292857142857144
201607,2377,41.9655
201608,2377,45.67260869565217
201609,2377,53.513684210526314
201610,2377,56.059000000000005
201611,2377,57.28272727272727
201612,2377,50.65863636363636
201601,2379,51.87809523809524
201602,2379,57.75384615384615
201603,2379,57.154347826086955
201604,2379,59.72526315789474
201605,2379,61.392380952380954
201606,2379,63.972857142857144
201607,2379,73.2665
201608,2379,85.46739130434783
201609,2379,81.56368421052632
201610,2379,76.428
201611,2379,73.56954545454545
201612,2379,71.66227272727272
201601,2382,29.863809523809522
201602,2382,32.65615384615384
201603,2382,34.19565217391305
201604,2382,32.76789473684211
201605,2382,32.49857142857143
201606,2382,34.96380952380952
201607,2382,38.213
201608,2382,38.09130434782609
201609,2382,39.66
201610,2382,41.5595
201611,2382,38.096363636363634
201612,2382,37.65863636363636
201601,2383,38.54047619047619
201602,2383,41.56923076923077
201603,2383,41.614347826086956
201604,2383,42.1321052631579
201605,2383,44.69714285714286
201606,2383,49.517142857142865
201607,2383,52.397000000000006
201608,2383,59.17217391304348
201609,2383,65.52526315789474
201610,2383,63.6845
201611,2383,63.305454545454545
201612,2383,64.58227272727272
201601,2385,36.13095238095238
201602,2385,37.57692307692308
201603,2385,40.74260869565217
201604,2385,42.944210526315786
201605,2385,40.061904761904756
201606,2385,41.20285714285714
201607,2385,43.169
201608,2385,45.02739130434783
201609,2385,44.5
201610,2385,45.408
201611,2385,42.474545454545456
201612,2385,42.25818181818182
201601,2387,11.0285
201602,2387,11.80076923076923
201603,2387,12.001739130434784
201604,2387,12.667368421052632
201605,2387,12.044761904761904
201606,2387,12.926666666666666
201607,2387,13.005
201608,2387,13.738695652173913
201609,2387,13.723076923076924
201610,2387,13.600999999999999
201611,2387,12.978636363636362
201612,2387,12.680909090909092
201604,2388,12.707894736842105
201605,2388,12.663809523809524
201606,2388,12.47142857142857
201607,2388,12.0965
201608,2388,11.120869565217392
201609,2388,10.435263157894738
201610,2388,10.7595
201601,2390,17.971904761904764
201602,2390,19.096153846153847
201603,2390,19.96
201604,2390,18.95842105263158
201605,2390,17.89
201606,2390,19.172857142857143
201607,2390,18.958000000000002
201608,2390,18.204782608695652
201609,2390,17.36578947368421
201610,2390,15.850999999999999
201611,2390,14.214545454545457
201612,2390,16.117727272727276
201601,2392,27.965714285714284
201602,2392,27.766923076923078
201603,2392,28.804347826086957
201604,2392,27.176315789473687
201605,2392,26.81
201606,2392,27.246190476190474
201607,2392,27.955000000000002
201608,2392,27.272173913043478
201609,2392,26.86894736842105
201610,2392,26.663
201611,2392,24.946818181818184
201612,2392,24.97863636363636
201601,2393,30.11857142857143
201602,2393,34.05230769230769
201603,2393,33.02173913043478
201604,2393,28.42736842105263
201605,2393,27.711428571428574
201606,2393,28.940952380952382
201607,2393,32.697
201608,2393,31.795652173913048
201609,2393,32.323157894736845
201610,2393,31.148500000000002
201611,2393,29.154999999999998
201612,2393,29.457272727272724
201601,2395,122.1004761904762
201602,2395,127.35538461538461
201603,2395,140.8121739130435
201604,2395,135.97263157894736
201605,2395,136.21857142857144
201606,2395,146.32666666666668
201607,2395,153.0635
201608,2395,156.03347826086957
201609,2395,165.19842105263157
201610,2395,159.175
201611,2395,154.1031818181818
201612,2395,154.07545454545453
201601,2397,24.390000000000004
201602,2397,26.213846153846152
201603,2397,28.97869565217391
201604,2397,30.63684210526316
201605,2397,33.40190476190477
201606,2397,29.94047619047619
201607,2397,30.2395
201608,2397,31.039130434782606
201609,2397,33.43684210526315
201610,2397,30.076
201611,2397,29.50681818181818
201612,2397,29.704545454545453
201601,2402,12.040000000000001
201602,2402,13.007692307692308
201603,2402,14.336521739130434
201604,2402,13.658421052631578
201605,2402,11.422380952380953
201606,2402,12.487619047619049
201607,2402,12.424
201608,2402,11.919565217391304
201609,2402,11.459473684210526
201610,2402,12.089
201611,2402,10.975909090909092
201612,2402,12.126818181818182
201601,2404,26.804285714285715
201602,2404,29.950769230769232
201603,2404,32.94608695652174
201604,2404,31.331578947368417
201605,2404,29.803333333333335
201606,2404,31.94142857142857
201607,2404,32.6275
201608,2404,33.83434782608696
201609,2404,33.83526315789474
201610,2404,32.7275
201611,2404,32.58045454545454
201612,2404,33.62863636363637
201601,2406,50.31380952380952
201602,2406,50.400000000000006
201603,2406,47.80304347826087
201604,2406,40.56421052631579
201605,2406,38.88
201606,2406,38.66809523809523
201607,2406,37.70399999999999
201608,2406,33.72652173913043
201609,2406,34.90105263157895
201610,2406,36.256
201611,2406,32.92181818181818
201612,2406,35.85363636363636
201601,2408,27.974285714285717
201602,2408,26.57
201603,2408,27.30608695652174
201604,2408,25.818421052631578
201605,2408,26.051904761904762
201606,2408,25.68809523809524
201607,2408,26.929000000000002
201608,2408,26.789130434782606
201609,2408,28.053684210526313
201610,2408,29.069
201611,2408,29.504545454545454
201612,2408,33.934090909090905
201601,2412,69.97285714285715
201602,2412,72.22307692307692
201603,2412,74.6
201604,2412,75.99368421052631
201605,2412,76.6004761904762
201606,2412,78.08857142857144
201607,2412,84.0215
201608,2412,83.65739130434783
201609,2412,81.81736842105263
201610,2412,81.03049999999999
201611,2412,77.855
201612,2412,75.085
201601,2413,12.980476190476189
201602,2413,14.032307692307691
201603,2413,13.751739130434784
201604,2413,12.65421052631579
201605,2413,10.851904761904763
201606,2413,10.959999999999999
201607,2413,11.401
201608,2413,11.796521739130435
201609,2413,12.02
201610,2413,11.172
201611,2413,10.93
201612,2413,11.360454545454546
201607,2414,10.2615
201608,2414,10.280869565217392
201609,2414,10.37578947368421
201610,2414,10.3655
201611,2414,10.298636363636364
201612,2414,10.594090909090909
201607,2415,10.184000000000001
201608,2415,12.709565217391305
201609,2415,15.004210526315788
201610,2415,15.5785
201611,2415,17.48909090909091
201612,2415,17.305454545454545
201602,2417,10.30076923076923
201603,2417,10.299130434782608
201607,2417,10.7815
201608,2417,11.122608695652174
201609,2417,11.070526315789474
201610,2417,10.6785
201612,2417,10.259545454545455
201601,2419,13.44857142857143
201602,2419,16.540769230769232
201603,2419,16.950869565217392
201604,2419,13.971052631578948
201605,2419,13.989047619047618
201606,2419,15.625714285714285
201607,2419,16.104
201608,2419,15.438260869565216
201609,2419,16.121052631578948
201610,2419,15.485499999999998
201611,2419,14.998636363636365
201612,2419,15.102727272727272
201601,2420,22.051904761904762
201602,2420,23.48153846153846
201603,2420,25.359130434782607
201604,2420,23.430526315789475
201605,2420,21.515714285714285
201606,2420,21.294285714285714
201607,2420,21.1225
201608,2420,21.215652173913043
201609,2420,21.526315789473685
201610,2420,20.3365
201611,2420,19.700454545454544
201612,2420,20.78772727272727
201601,2421,11.36
201602,2421,13.983076923076924
201603,2421,15.244347826086956
201604,2421,15.424736842105263
201605,2421,13.711428571428572
201606,2421,13.637142857142857
201607,2421,15.8405
201608,2421,18.15304347826087
201609,2421,17.826315789473682
201610,2421,16.5035
201611,2421,15.84818181818182
201612,2421,17.44272727272727
201603,2423,10.079565217391304
201604,2423,10.312631578947368
201607,2423,10.318000000000001
201608,2423,10.710434782608695
201609,2423,11.105263157894736
201610,2423,11.649
201611,2423,11.663636363636364
201612,2423,11.727727272727272
201601,2424,50.61555555555555
201602,2424,48.73545454545455
201603,2424,47.702
201604,2424,48.426
201605,2424,49.47875
201606,2424,46.048421052631575
201607,2424,41.068
201608,2424,37.964999999999996
201609,2424,39.73307692307692
201610,2424,38.04
201611,2424,33.724000000000004
201612,2424,36.03916666666667
201601,2425,17.328095238095237
201602,2425,18.98153846153846
201603,2425,17.41086956521739
201604,2425,15.916315789473686
201605,2425,16.19190476190476
201606,2425,16.37238095238095
201607,2425,18.6535
201608,2425,19.77
201609,2425,21.203684210526315
201610,2425,18.7415
201611,2425,17.735454545454544
201612,2425,18.12272727272727
201601,2426,10.17904761904762
201602,2426,10.515384615384615
201603,2426,10.405217391304348
201601,2428,35.43238095238095
201602,2428,37.86153846153846
201603,2428,39.11043478260869
201604,2428,36.642105263157895
201605,2428,34.48142857142857
201606,2428,35.310476190476194
201607,2428,36.272000000000006
201608,2428,39.59304347826087
201609,2428,44.27578947368421
201610,2428,46.706
201611,2428,45.190000000000005
201612,2428,46.6109090909091
201601,2429,10.656666666666668
201602,2429,10.512
201603,2429,10.539166666666667
201608,2429,15.884736842105264
201609,2429,16.587222222222223
201610,2429,18.4775
201611,2429,16.565555555555555
201612,2429,17.055
201601,2430,15.715238095238094
201602,2430,16.54692307692308
201603,2430,17.94782608695652
201604,2430,17.74421052631579
201605,2430,19.143333333333334
201606,2430,20.88952380952381
201607,2430,21.395
201608,2430,22.901739130434784
201609,2430,23.936315789473685
201610,2430,23.689
201611,2430,23.34363636363636
201612,2430,23.540454545454544
201601,2431,12.04857142857143
201602,2431,12.753076923076922
201603,2431,12.858695652173912
201604,2431,12.32684210526316
201605,2431,11.253809523809522
201606,2431,11.171904761904761
201607,2431,11.2265
201608,2431,11.810434782608695
201609,2431,12.366315789473683
201610,2431,12.796
201611,2431,11.50590909090909
201612,2431,12.469999999999999
201601,2433,21.387619047619047
201602,2433,22.305384615384614
201603,2433,23.30608695652174
201604,2433,23.388947368421054
201605,2433,21.896190476190476
201606,2433,21.75095238095238
201607,2433,22.259999999999998
201608,2433,21.330434782608698
201609,2433,20.751052631578947
201610,2433,20.801
201611,2433,21.031363636363636
201612,2433,21.484545454545454
201601,2434,38.146190476190476
201602,2434,41.48769230769231
201603,2434,45.03173913043479
201604,2434,49.444736842105264
201605,2434,51.77142857142857
201606,2434,51.110476190476184
201607,2434,48.6425
201608,2434,45.25869565217391
201609,2434,44.76789473684211
201610,2434,41.7195
201611,2434,38.695454545454545
201612,2434,35.98545454545455
201601,2436,15.712857142857144
201602,2436,17.656153846153845
201603,2436,19.43086956521739
201604,2436,19.855263157894736
201605,2436,17.919999999999998
201606,2436,18.505238095238095
201607,2436,18.977
201608,2436,20.409565217391304
201609,2436,20.77052631578947
201610,2436,20.537
201611,2436,18.025000000000002
201612,2436,18.571363636363635
201601,2437,44.87142857142857
201602,2437,46.20153846153846
201603,2437,48.39478260869565
201604,2437,46.93631578947368
201605,2437,43.441428571428574
201606,2437,45.0052380952381
201607,2437,45.754000000000005
201608,2437,48.00652173913044
201609,2437,49.35526315789474
201610,2437,48.235
201611,2437,46.440909090909095
201612,2437,47.095454545454544
201601,2438,22.783809523809524
201602,2438,23.345384615384617
201603,2438,23.734347826086957
201604,2438,22.652105263157893
201605,2438,20.055238095238096
201606,2438,19.158571428571427
201607,2438,19.6525
201608,2438,20.148695652173913
201609,2438,19.676315789473687
201610,2438,18.151
201611,2438,14.368181818181819
201612,2438,16.262727272727272
201601,2439,32.79904761904762
201602,2439,34.846923076923076
201603,2439,35.09478260869565
201604,2439,36.91894736842105
201605,2439,41.268095238095235
201606,2439,43.006190476190476
201607,2439,47.95
201608,2439,70.95434782608696
201609,2439,73.4678947368421
201610,2439,79.20700000000001
201611,2439,75.56363636363636
201612,2439,79.12363636363636
201601,2441,20.395238095238096
201602,2441,21.454615384615387
201603,2441,22.32913043478261
201604,2441,21.716842105263158
201605,2441,22.027142857142856
201606,2441,22.85142857142857
201607,2441,23.0765
201608,2441,24.759565217391305
201609,2441,25.391052631578948
201610,2441,25.5055
201611,2441,24.854545454545452
201612,2441,24.815
201602,2444,10.136153846153848
201603,2444,12.41391304347826
201604,2444,15.167368421052632
201605,2444,13.982857142857142
201606,2444,13.512857142857142
201607,2444,14.038
201608,2444,13.218695652173912
201609,2444,12.660526315789474
201610,2444,12.2195
201611,2444,11.115454545454545
201612,2444,11.905454545454546
201601,2448,26.234761904761903
201602,2448,25.330000000000002
201603,2448,24.02173913043478
201604,2448,21.64315789473684
201605,2448,18.373809523809523
201606,2448,19.415238095238095
201607,2448,22.727
201608,2448,22.15304347826087
201609,2448,23.437368421052632
201610,2448,21.57
201611,2448,21.619545454545456
201612,2448,22.79
201601,2449,13.226190476190476
201602,2449,15.042307692307693
201603,2449,17.218695652173913
201604,2449,17.29842105263158
201605,2449,17.78904761904762
201606,2449,18.468095238095238
201607,2449,17.898500000000002
201608,2449,19.377391304347828
201609,2449,18.63421052631579
201610,2449,18.4925
201611,2449,17.631363636363634
201612,2449,17.108636363636364
201601,2450,22.038095238095238
201602,2450,24.067692307692308
201603,2450,24.851739130434783
201604,2450,24.526315789473685
201605,2450,24.758095238095237
201606,2450,24.913809523809526
201607,2450,30.290499999999998
201608,2450,31.278695652173912
201609,2450,31.83736842105263
201610,2450,30.413999999999998
201611,2450,30.13590909090909
201612,2450,31.030454545454543
201601,2451,46.505714285714284
201602,2451,52.83076923076923
201603,2451,55.74347826086956
201604,2451,52.53263157894737
201605,2451,49.05380952380953
201606,2451,52.63142857142857
201607,2451,56.452
201608,2451,56.036086956521736
201609,2451,54.07526315789474
201610,2451,53.263999999999996
201611,2451,49.905
201612,2451,50.86681818181818
201601,2454,134.06238095238095
201602,2454,136.9653846153846
201603,2454,152.76434782608695
201604,2454,145.17684210526318
201605,2454,128.5215
201606,2454,142.2504761904762
201607,2454,155.267
201608,2454,161.83565217391305
201609,2454,160.76
201610,2454,157.0915
201611,2454,146.9909090909091
201612,2454,145.8309090909091
201601,2455,44.69904761904762
201602,2455,47.61
201603,2455,50.37086956521739
201604,2455,47.79210526315789
201605,2455,44.44428571428572
201606,2455,46.30238095238095
201607,2455,41.132
201608,2455,39.8004347826087
201609,2455,41.965294117647055
201610,2455,35.9425
201611,2455,33.655
201612,2455,36.95181818181818
201601,2456,69.5995238095238
201602,2456,71.5923076923077
201603,2456,65.74043478260869
201604,2456,60.26947368421052
201605,2456,56.37238095238095
201606,2456,60.91809523809523
201607,2456,68.1395
201608,2456,76.22608695652174
201609,2456,78.37263157894736
201610,2456,80.562
201611,2456,75.6640909090909
201612,2456,79.26272727272728
201601,2457,11.289047619047619
201602,2457,11.894615384615385
201603,2457,11.728260869565217
201604,2457,10.75263157894737
201612,2457,10.18090909090909
201601,2458,34.37142857142857
201602,2458,34.973076923076924
201603,2458,33.624782608695654
201604,2458,29.640526315789472
201605,2458,27.7647619047619
201606,2458,28.741904761904763
201607,2458,30.798000000000002
201608,2458,33.16434782608695
201609,2458,33.19736842105263
201610,2458,31.5785
201611,2458,28.46681818181818
201612,2458,28.94272727272727
201601,2459,15.80857142857143
201602,2459,16.6
201603,2459,17.03739130434783
201604,2459,17.07842105263158
201605,2459,16.846190476190475
201606,2459,17.16809523809524
201607,2459,17.930500000000002
201608,2459,18.937826086956523
201609,2459,19.004210526315788
201610,2459,19.1505
201611,2459,19.46409090909091
201612,2459,19.392272727272726
201610,2460,10.8655
201611,2460,10.102272727272727
201612,2460,10.258636363636363
201609,2461,10.933157894736842
201610,2461,11.166
201611,2461,11.192272727272726
201612,2461,12.233636363636363
201601,2462,12.193333333333333
201602,2462,12.896153846153847
201603,2462,13.37608695652174
201604,2462,13.274736842105263
201605,2462,13.201904761904762
201606,2462,13.179999999999998
201607,2462,13.584999999999999
201608,2462,14.718260869565217
201609,2462,15.695263157894736
201610,2462,16.5225
201611,2462,16.11409090909091
201612,2462,16.933636363636364
201601,2464,20.715238095238096
201602,2464,22.680769230769233
201603,2464,25.110434782608696
201604,2464,22.72736842105263
201605,2464,21.642380952380954
201606,2464,24.076190476190476
201607,2464,28.5135
201608,2464,28.344347826086956
201609,2464,29.83421052631579
201610,2464,26.8265
201611,2464,24.205454545454543
201612,2464,24.629545454545454
201601,2465,19.084285714285713
201602,2465,18.932307692307692
201603,2465,18.295217391304345
201604,2465,17.32842105263158
201605,2465,14.79
201606,2465,16.653809523809525
201607,2465,16.006999999999998
201608,2465,15.054782608695652
201609,2465,14.370526315789474
201610,2465,15.0535
201611,2465,14.809545454545455
201612,2465,14.206363636363637
201601,2466,28.863333333333333
201602,2466,30.786153846153848
201603,2466,31.04826086956522
201604,2466,30.116315789473685
201605,2466,30.014285714285716
201606,2466,30.48
201607,2466,30.733999999999998
201608,2466,31.21695652173913
201609,2466,31.49947368421053
201610,2466,31.042
201611,2466,30.789545454545454
201612,2466,31.86
201612,2467,10.611818181818181
201601,2472,18.928571428571427
201602,2472,21.015384615384615
201603,2472,23.152173913043477
201604,2472,22.705263157894734
201605,2472,22.874761904761904
201606,2472,23.709047619047617
201607,2472,25.728500000000004
201608,2472,26.54217391304348
201609,2472,27.276315789473685
201610,2472,27.099
201611,2472,25.07227272727273
201612,2472,26.193181818181817
201601,2474,142.62761904761905
201602,2474,154.0053846153846
201603,2474,170.14086956521737
201604,2474,153.99894736842106
201605,2474,140.33952380952383
201606,2474,151.23857142857145
201607,2474,144.0195
201608,2474,137.68260869565216
201609,2474,158.33473684210526
201610,2474,161.098
201611,2474,145.21818181818182
201612,2474,148.90954545454545
201601,2476,13.722380952380954
201602,2476,14.610000000000001
201603,2476,15.32
201604,2476,14.898421052631578
201605,2476,14.159047619047621
201606,2476,14.369523809523809
201607,2476,14.891499999999999
201608,2476,15.620869565217392
201609,2476,16.835789473684212
201610,2476,17.2485
201611,2476,16.541363636363634
201612,2476,17.143181818181816
201603,2477,10.458695652173914
201604,2477,11.140526315789472
201605,2477,10.676666666666668
201606,2477,10.841428571428573
201607,2477,11.058
201608,2477,11.769565217391303
201609,2477,12.02
201610,2477,12.057500000000001
201611,2477,12.543181818181818
201612,2477,14.850909090909092
201601,2478,15.19857142857143
201602,2478,15.623076923076923
201603,2478,17.310434782608695
201604,2478,17.533157894736842
201605,2478,17.371428571428574
201606,2478,17.988095238095237
201607,2478,17.66
201608,2478,17.688695652173916
201609,2478,17.416842105263157
201610,2478,18.031666666666666
201611,2478,16.754545454545454
201612,2478,16.87090909090909
201601,2480,15.44190476190476
201602,2480,16.013846153846153
201603,2480,17.19608695652174
201604,2480,17.06157894736842
201605,2480,16.645714285714284
201606,2480,16.997619047619047
201607,2480,17.145500000000002
201608,2480,17.36304347826087
201609,2480,17.38421052631579
201610,2480,17.655
201611,2480,18.14181818181818
201612,2480,19.018636363636364
201601,2481,10.869047619047619
201602,2481,10.873846153846156
201603,2481,14.117391304347825
201604,2481,13.696315789473685
201605,2481,13.377619047619048
201606,2481,13.543333333333335
201607,2481,13.280000000000001
201608,2481,14.00695652173913
201609,2481,13.77842105263158
201610,2481,12.943999999999999
201611,2481,12.241363636363637
201612,2481,13.292727272727273
201601,2482,10.49
201602,2482,11.052307692307693
201603,2482,12.892608695652175
201604,2482,12.749473684210527
201605,2482,11.050476190476191
201606,2482,11.615714285714287
201607,2482,12.315999999999999
201608,2482,12.414782608695653
201609,2482,12.49
201610,2482,12.4855
201611,2482,11.814545454545454
201612,2482,11.82909090909091
201601,2483,10.832380952380952
201602,2483,11.558461538461538
201603,2483,11.948695652173912
201604,2483,11.633157894736842
201605,2483,11.181428571428572
201606,2483,11.314285714285713
201607,2483,11.67
201608,2483,11.91391304347826
201609,2483,11.837894736842104
201610,2483,11.6145
201611,2483,11.371818181818183
201612,2483,11.609545454545454
201601,2484,10.954285714285714
201602,2484,12.299230769230768
201603,2484,13.303043478260868
201604,2484,12.901052631578947
201605,2484,10.99
201606,2484,11.131428571428572
201607,2484,11.603
201608,2484,12.012173913043478
201609,2484,11.916315789473684
201610,2484,12.981
201611,2484,12.20909090909091
201612,2484,12.372272727272728
201601,2485,48.13619047619048
201602,2485,50.93846153846154
201603,2485,54.21608695652174
201604,2485,46.72210526315789
201605,2485,37.696666666666665
201606,2485,35.99047619047619
201607,2485,34.516
201608,2485,33.23826086956522
201609,2485,31.840526315789475
201610,2485,32.8005
201611,2485,29.172727272727272
201612,2485,30.048181818181817
201601,2488,14.872857142857143
201602,2488,16.56230769230769
201603,2488,19.725652173913044
201604,2488,23.855263157894736
201605,2488,26.47
201606,2488,29.58904761904762
201607,2488,31.375999999999998
201608,2488,32.14739130434783
201609,2488,33.03052631578947
201610,2488,28.827999999999996
201611,2488,26.29181818181818
201612,2488,26.053181818181816
201601,2489,12.94809523809524
201602,2489,13.056153846153846
201603,2489,14.677826086956523
201604,2489,16.47684210526316
201605,2489,16.52857142857143
201606,2489,16.72904761904762
201607,2489,18.9705
201608,2489,20.65
201609,2489,21.400000000000002
201610,2489,22.069499999999998
201611,2489,20.409545454545455
201612,2489,19.780454545454546
201601,2492,14.568095238095239
201602,2492,15.67
201603,2492,20.714347826086957
201604,2492,21.16842105263158
201605,2492,23.065714285714286
201606,2492,24.56190476190476
201607,2492,24.262
201608,2492,26.97043478260869
201609,2492,29.638181818181817
201610,2492,30.044999999999998
201611,2492,28.106818181818184
201612,2492,27.58772727272727
201601,2493,10.73
201602,2493,11.713846153846154
201603,2493,12.94304347826087
201604,2493,13.456315789473683
201605,2493,13.66095238095238
201606,2493,14.046190476190478
201607,2493,14.1925
201608,2493,14.899565217391304
201609,2493,15.08842105263158
201610,2493,14.622499999999999
201611,2493,14.65227272727273
201612,2493,15.398636363636363
201601,2495,12.665714285714287
201602,2495,12.531538461538462
201603,2495,13.031739130434783
201604,2495,12.35
201605,2495,11.578095238095239
201606,2495,11.936666666666667
201607,2495,12.564499999999999
201608,2495,12.554782608695652
201609,2495,12.903157894736841
201610,2495,12.7005
201611,2495,11.92090909090909
201612,2495,12.45409090909091
201601,2496,55.364
201602,2496,52.83461538461539
201603,2496,50.07434782608696
201604,2496,44.754444444444445
201605,2496,45.461999999999996
201606,2496,46.742000000000004
201607,2496,47.75
201608,2496,49.57299999999999
201609,2496,49.55166666666667
201610,2496,51.417058823529416
201611,2496,51.895
201612,2496,52.79
201601,2497,30.675238095238097
201602,2497,33.940000000000005
201603,2497,35.348260869565216
201604,2497,32.71473684210527
201605,2497,28.288095238095234
201606,2497,28.90047619047619
201607,2497,30.281
201608,2497,30.28
201609,2497,28.619999999999997
201610,2497,28.2605
201611,2497,29.552272727272726
201612,2497,30.44909090909091
201601,2498,74.80714285714286
201602,2498,77.21692307692308
201603,2498,99.07347826086956
201604,2498,83.04052631578948
201605,2498,69.42
201606,2498,93.58190476190477
201607,2498,97.533
201608,2498,93.30869565217391
201609,2498,82.23894736842105
201610,2498,90.622
201611,2498,82.48181818181818
201612,2498,79.17772727272728
201601,2499,17.384761904761906
201602,2499,18.206153846153846
201603,2499,17.48217391304348
201604,2499,15.59315789473684
201605,2499,14.147619047619049
201606,2499,14.92952380952381
201607,2499,16.701
201608,2499,15.793478260869565
201609,2499,15.539473684210526
201610,2499,14.651499999999999
201611,2499,13.87
201612,2499,13.159090909090908
201603,2501,10.453043478260868
201604,2501,10.512105263157894
201605,2501,10.258095238095239
201606,2501,10.484285714285715
201607,2501,10.584999999999999
201608,2501,10.504347826086956
201609,2501,10.468421052631578
201610,2501,11.032
201611,2501,10.65
201612,2501,12.07409090909091
201601,2505,12.790476190476191
201602,2505,12.754615384615384
201603,2505,14.157391304347826
201604,2505,14.978947368421053
201605,2505,14.374285714285715
201606,2505,14.662857142857144
201607,2505,14.306000000000001
201608,2505,15.542608695652175
201609,2505,17.004736842105263
201610,2505,16.224
201611,2505,14.90409090909091
201612,2505,15.326363636363636
201601,2506,12.25
201602,2506,12.16230769230769
201603,2506,12.151739130434782
201604,2506,11.83421052631579
201605,2506,10.558095238095238
201606,2506,10.277619047619048
201601,2509,11.32
201602,2509,11.454615384615384
201603,2509,12.306521739130435
201604,2509,12.470526315789474
201605,2509,11.661904761904761
201606,2509,11.19095238095238
201607,2509,10.719
201608,2509,11.013478260869565
201609,2509,10.479473684210527
201610,2509,10.434999999999999
201611,2509,10.155909090909091
201601,2514,19.026190476190475
201602,2514,18.454615384615384
201603,2514,19.123478260869565
201604,2514,18.488421052631576
201605,2514,18.415238095238095
201606,2514,18.27047619047619
201607,2514,16.786
201608,2514,16.44086956521739
201609,2514,17.25263157894737
201610,2514,17.2245
201611,2514,16.884545454545453
201612,2514,17.55
201612,2520,12.140909090909092
201601,2524,16.806190476190476
201602,2524,16.476153846153846
201603,2524,16.776521739130434
201604,2524,16.319473684210525
201605,2524,16.137619047619047
201606,2524,16.510952380952382
201607,2524,17.1
201608,2524,17.626521739130432
201609,2524,17.492631578947368
201610,2524,17.2715
201611,2524,17.80818181818182
201612,2524,19.513636363636362
201603,2527,10.465652173913044
201604,2527,10.502105263157894
201605,2527,10.097
201606,2527,10.386190476190476
201607,2527,10.6085
201608,2527,10.699565217391305
201609,2527,10.72
201610,2527,10.975
201611,2527,11.565454545454545
201612,2527,12.017727272727273
201601,2530,11.025714285714285
201602,2530,11.761538461538462
201603,2530,12.601739130434781
201604,2530,12.32842105263158
201605,2530,11.621428571428572
201606,2530,11.418095238095239
201607,2530,11.36
201608,2530,11.226086956521739
201609,2530,10.964210526315789
201610,2530,10.6965
201611,2530,10.56181818181818
201612,2530,10.642727272727273
201601,2534,11.807619047619047
201602,2534,11.135384615384615
201603,2534,12.103478260869565
201604,2534,12.377894736842105
201605,2534,12.418571428571429
201606,2534,12.460952380952381
201607,2534,12.901
201608,2534,13.039130434782608
201609,2534,13.182631578947369
201610,2534,13.575999999999999
201611,2534,13.486363636363636
201612,2534,14.524545454545455
201603,2535,10.50695652173913
201604,2535,10.194736842105263
201605,2535,10.15047619047619
201606,2535,10.619047619047619
201607,2535,10.951
201608,2535,11.351304347826087
201609,2535,11.550526315789474
201610,2535,12.11421052631579
201611,2535,12.82318181818182
201612,2535,13.508181818181818
201601,2536,12.895238095238096
201602,2536,13.600769230769231
201603,2536,15.191304347826087
201604,2536,16.419473684210526
201605,2536,16.030952380952378
201606,2536,16.89190476190476
201607,2536,17.022
201608,2536,18.065652173913044
201609,2536,18.572105263157894
201610,2536,17.9405
201611,2536,17.766363636363636
201612,2536,18.204545454545453
201601,2542,12.512380952380951
201602,2542,12.546153846153846
201603,2542,15.246521739130435
201604,2542,18.36894736842105
201605,2542,17.84285714285714
201606,2542,19.556666666666665
201607,2542,20.414499999999997
201608,2542,21.045217391304348
201609,2542,20.716842105263158
201610,2542,20.333
201611,2542,18.965
201612,2542,19.520454545454545
201602,2545,10.866153846153846
201603,2545,13.28608695652174
201604,2545,13.048421052631578
201605,2545,13.717142857142857
201606,2545,16.695714285714285
201607,2545,16.9935
201608,2545,17.686521739130434
201609,2545,18.557368421052633
201610,2545,18.0005
201611,2545,18.298181818181817
201612,2545,18.722727272727273
201601,2548,24.824761904761907
201602,2548,24.51923076923077
201603,2548,27.11913043478261
201604,2548,26.78
201605,2548,24.99761904761905
201606,2548,26.46857142857143
201607,2548,27.688499999999998
201608,2548,27.23478260869565
201609,2548,26.97842105263158
201610,2548,28.341500000000003
201611,2548,28.314545454545453
201612,2548,30.651818181818182
201611,2596,10.363636363636363
201612,2596,10.680454545454545
201602,2597,10.613076923076923
201603,2597,11.73913043478261
201604,2597,11.31842105263158
201605,2597,10.776
201606,2597,11.125238095238094
201607,2597,11.244499999999999
201608,2597,10.882173913043477
201609,2597,10.572631578947368
201610,2597,10.465
201611,2597,10.382727272727273
201612,2597,10.685454545454546
201601,2603,10.928095238095239
201602,2603,11.052307692307693
201603,2603,11.705652173913045
201604,2603,11.09315789473684
201605,2603,10.503333333333334
201606,2603,11.034285714285714
201607,2603,11.424
201608,2603,11.140434782608697
201609,2603,12.281052631578948
201610,2603,11.1175
201611,2603,10.941363636363635
201612,2603,10.506363636363636
201601,2605,14.63857142857143
201602,2605,14.621538461538462
201603,2605,15.400434782608695
201604,2605,15.204210526315789
201605,2605,14.45
201606,2605,14.422857142857143
201607,2605,14.494
201608,2605,14.196521739130434
201609,2605,14.039473684210526
201610,2605,13.913999999999998
201611,2605,15.20590909090909
201612,2605,15.367727272727272
201601,2606,15.465714285714284
201602,2606,16.126153846153844
201603,2606,17.339565217391304
201604,2606,16.52578947368421
201605,2606,15.512857142857142
201606,2606,15.277142857142858
201607,2606,15.620500000000002
201608,2606,14.548260869565217
201609,2606,14.48
201610,2606,14.3875
201611,2606,15.773636363636363
201612,2606,16.17681818181818
201602,2607,10.035384615384617
201603,2607,10.377391304347826
201604,2607,10.159473684210527
201607,2607,10.0045
201608,2607,10.14086956521739
201609,2607,10.158421052631578
201610,2607,10.023
201611,2607,10.064545454545454
201612,2607,10.18409090909091
201601,2608,24.44333333333333
201602,2608,24.88076923076923
201603,2608,25.70782608695652
201604,2608,27.29
201605,2608,27.39952380952381
201606,2608,26.918571428571425
201607,2608,28.799
201608,2608,28.99086956521739
201609,2608,28.72105263157895
201610,2608,28.508
201611,2608,29.635
201612,2608,30.053181818181816
201603,2609,10.162608695652175
201601,2612,16.95952380952381
201602,2612,17.935384615384613
201603,2612,21.78086956521739
201604,2612,20.692105263157895
201605,2612,18.424761904761905
201606,2612,18.543809523809525
201607,2612,19.133000000000003
201608,2612,18.70695652173913
201609,2612,18.391764705882352
201610,2612,17.768125
201611,2612,20.27318181818182
201612,2612,19.985454545454544
201609,2613,10.104210526315791
201610,2613,10.0385
201611,2613,10.27909090909091
201612,2613,10.145909090909091
201603,2614,10.01
201609,2614,10.991052631578947
201610,2614,11.467
201611,2614,10.996363636363638
201612,2614,11.029545454545454
201603,2615,10.117391304347825
201601,2616,13.296190476190478
201602,2616,13.923846153846153
201603,2616,14.35304347826087
201604,2616,14.608947368421052
201605,2616,14.652857142857142
201606,2616,14.695714285714287
201607,2616,14.815999999999999
201608,2616,15.582173913043478
201609,2616,15.72263157894737
201610,2616,15.8315
201611,2616,16.218636363636364
201612,2616,17.64
201603,2617,10.09
201601,2618,12.432857142857141
201602,2618,12.266923076923076
201603,2618,12.40304347826087
201604,2618,11.75421052631579
201605,2618,10.19047619047619
201606,2618,10.20142857142857
201607,2618,10.484
201608,2618,10.93608695652174
201609,2618,10.947368421052632
201610,2618,10.9535
201611,2618,11.30409090909091
201612,2618,11.074545454545454
201602,2633,10.349230769230768
201603,2633,11.299130434782608
201604,2633,12.573157894736841
201605,2633,12.122380952380952
201606,2633,12.1805
201607,2633,12.2415
201608,2633,12.556521739130435
201609,2633,13.715
201610,2633,15.898499999999999
201611,2633,15.006818181818181
201612,2633,14.75090909090909
201601,2634,28.94238095238095
201602,2634,29.283076923076923
201603,2634,30.663478260869564
201604,2634,32.695789473684215
201605,2634,33.62095238095238
201606,2634,33.84238095238096
201607,2634,33.840500000000006
201608,2634,34.10695652173913
201609,2634,34.29631578947368
201610,2634,31.798000000000002
201611,2634,31.22863636363636
201612,2634,30.79318181818182
201601,2636,12.931428571428572
201602,2636,13.003076923076922
201603,2636,13.371739130434783
201604,2636,12.410526315789474
201605,2636,10.827142857142857
201606,2636,10.752857142857144
201607,2636,10.8425
201608,2636,10.95217391304348
201609,2636,11.207894736842105
201610,2636,10.9485
201611,2636,10.471363636363636
201612,2636,10.913181818181819
201601,2637,19.103809523809524
201602,2637,19.308461538461536
201603,2637,19.803478260869564
201604,2637,19.86263157894737
201605,2637,19.51904761904762
201606,2637,19.73
201607,2637,19.439
201608,2637,18.67608695652174
201609,2637,18.337894736842106
201610,2637,16.823500000000003
201611,2637,17.06681818181818
201612,2637,17.67818181818182
201601,2640,27.405238095238094
201602,2640,29.033076923076923
201603,2640,29.70391304347826
201604,2640,29.21157894736842
201605,2640,27.465714285714284
201606,2640,27.339523809523808
201607,2640,27.7255
201608,2640,28.250434782608696
201609,2640,26.820526315789476
201610,2640,24.778
201611,2640,23.35090909090909
201612,2640,25.137727272727272
201608,2641,10.786521739130436
201609,2641,10.449473684210526
201610,2641,11.4885
201611,2641,11.763181818181819
201612,2641,11.022727272727273
201601,2642,20.41761904761905
201602,2642,20.593076923076925
201603,2642,21.140434782608697
201604,2642,19.52263157894737
201605,2642,18.211904761904762
201606,2642,18.467142857142857
201607,2642,19.732
201608,2642,20.94086956521739
201609,2642,20.411578947368422
201610,2642,19.509
201611,2642,19.567272727272726
201612,2642,19.30227272727273
201601,2643,20.179499999999997
201602,2643,20.27846153846154
201603,2643,17.218260869565217
201604,2643,16.795263157894738
201605,2643,18.326190476190476
201606,2643,20.302857142857142
201607,2643,21.7915
201608,2643,24.205652173913045
201609,2643,24.372631578947367
201610,2643,23.067
201611,2643,25.56954545454545
201612,2643,26.078636363636363
201601,2701,10.395
201602,2701,10.695
201603,2701,10.681739130434783
201604,2701,10.595263157894736
201605,2701,10.49
201606,2701,10.435238095238095
201607,2701,10.511
201608,2701,10.602608695652174
201609,2701,10.539444444444445
201610,2701,10.684000000000001
201611,2701,10.473333333333333
201612,2701,10.451818181818181
201609,2702,10.047368421052632
201610,2702,10.006
201601,2704,23.61952380952381
201602,2704,23.395384615384614
201603,2704,23.504347826086956
201604,2704,23.271052631578947
201605,2704,23.261904761904763
201606,2704,24.172857142857143
201607,2704,23.5735
201608,2704,22.850434782608698
201609,2704,22.324736842105263
201610,2704,21.7235
201611,2704,21.94409090909091
201612,2704,21.497727272727275
201601,2705,18.307142857142857
201602,2705,18.636923076923075
201603,2705,18.422173913043476
201604,2705,17.143684210526317
201605,2705,15.75095238095238
201606,2705,16.081904761904763
201607,2705,16.2545
201608,2705,16.12304347826087
201609,2705,15.690000000000001
201610,2705,15.8015
201611,2705,14.791363636363638
201612,2705,14.713636363636363
201601,2706,13.11
201602,2706,13.228461538461538
201603,2706,13.33695652173913
201604,2706,13.236842105263158
201605,2706,12.835714285714285
201606,2706,12.868571428571428
201607,2706,12.996
201608,2706,13.100434782608696
201609,2706,12.795789473684211
201610,2706,12.7255
201611,2706,12.508636363636363
201612,2706,12.506363636363636
201601,2707,128.66095238095238
201602,2707,126.52
201603,2707,123.56652173913042
201604,2707,112.8657894736842
201605,2707,113.25095238095238
201606,2707,109.2695238095238
201607,2707,113.15050000000001
201608,2707,111.54043478260868
201609,2707,111.45526315789475
201610,2707,109.85
201611,2707,106.8409090909091
201612,2707,104.66181818181818
201601,2712,23.026842105263157
201602,2712,23.14181818181818
201603,2712,23.403636363636362
201604,2712,23.431176470588237
201605,2712,23.560000000000002
201606,2712,23.745789473684212
201607,2712,23.835882352941177
201608,2712,24.206875
201609,2712,23.934
201610,2712,24.348333333333333
201611,2712,24.238235294117647
201612,2712,24.215625
201601,2718,25.316666666666666
201602,2718,25.8375
201603,2718,24.671764705882353
201604,2718,24.33
201605,2718,23.40875
201606,2718,22.854166666666668
201607,2718,22.31230769230769
201608,2718,20.899444444444445
201609,2718,21.805384615384618
201610,2718,21.798
201611,2718,22.046666666666667
201612,2718,21.048
201601,2719,72.83380952380952
201602,2719,74.67307692307692
201603,2719,77.15391304347825
201604,2719,78.68736842105262
201605,2719,74.15210526315789
201606,2719,69.15238095238095
201607,2719,65.1525
201608,2719,65.11454545454545
201609,2719,60.85444444444444
201610,2719,60.106842105263155
201611,2719,54.128
201612,2719,51.345000000000006
201601,2722,32.24588235294117
201602,2722,32.36416666666666
201603,2722,32.55590909090909
201604,2722,32.46
201605,2722,31.77333333333333
201606,2722,31.725
201607,2722,32.31117647058824
201608,2722,32.78666666666666
201609,2722,32.74466666666667
201610,2722,32.625
201611,2722,32.12444444444444
201612,2722,32.2395
201601,2723,132.3009523809524
201602,2723,126.34384615384616
201603,2723,141.90826086956523
201604,2723,158.83789473684212
201605,2723,172.16666666666666
201606,2723,171.64809523809524
201607,2723,185.3035
201608,2723,199.18391304347824
201609,2723,197.8084210526316
201610,2723,186.2425
201611,2723,175.835
201612,2723,163.94863636363635
201601,2724,26.30952380952381
201602,2724,25.784615384615385
201603,2724,28.369565217391305
201604,2724,26.366666666666667
201605,2724,24.830000000000002
201606,2724,23.84285714285714
201607,2724,23.23157894736842
201608,2724,20.894545454545455
201609,2724,19.370588235294118
201610,2724,18.30526315789474
201611,2724,14.445454545454545
201612,2724,13.403636363636364
201601,2726,78.96809523809523
201602,2726,79.52153846153846
201603,2726,77.79272727272728
201604,2726,76.6875
201605,2726,78.43526315789474
201606,2726,76.57166666666666
201607,2726,77.9738888888889
201608,2726,82.35260869565217
201609,2726,85.68315789473684
201610,2726,82.311
201611,2726,81.85409090909091
201612,2726,83.31409090909091
201601,2727,93.58619047619047
201602,2727,93.77692307692307
201603,2727,97.42391304347827
201604,2727,90.32368421052632
201605,2727,76.62
201606,2727,79.32428571428571
201607,2727,86.35
201608,2727,93.95739130434782
201609,2727,86.58052631578947
201610,2727,79.7085
201611,2727,84.70727272727272
201612,2727,91.35909090909091
201601,2729,89.72095238095237
201602,2729,95.08846153846154
201603,2729,97.61869565217391
201604,2729,94.48894736842105
201605,2729,92.20285714285714
201606,2729,92.86857142857143
201607,2729,95.84
201608,2729,98.82521739130435
201609,2729,95.92894736842106
201610,2729,94.45750000000001
201611,2729,93.5968181818182
201612,2729,96.44863636363635
201601,2731,73.22809523809524
201602,2731,74.81307692307692
201603,2731,80.20782608695652
201604,2731,72.40631578947368
201605,2731,65.38619047619048
201606,2731,66.40714285714286
201607,2731,67.7095
201608,2731,65.29347826086956
201609,2731,60.93473684210526
201610,2731,60.447500000000005
201611,2731,58.59909090909091
201612,2731,60.874545454545455
201601,2732,43.055238095238096
201602,2732,43.63153846153846
201603,2732,46.04826086956521
201604,2732,46.00578947368421
201605,2732,44.33714285714286
201606,2732,45.10952380952381
201607,2732,49.6165
201608,2732,52.05565217391304
201609,2732,52.79052631578947
201610,2732,50.0305
201611,2732,47.26136363636363
201612,2732,50.65772727272727
201601,2734,17.46157894736842
201602,2734,17.478181818181817
201603,2734,18.44782608695652
201604,2734,18.304444444444446
201605,2734,16.315
201606,2734,14.849523809523811
201607,2734,16.447
201608,2734,17.036315789473683
201609,2734,16.451764705882354
201610,2734,15.67388888888889
201611,2734,14.120952380952382
201612,2734,14.068636363636363
201601,2736,35.71142857142858
201602,2736,34.182307692307695
201603,2736,33.893478260869564
201604,2736,32.63789473684211
201605,2736,30.269523809523808
201606,2736,29.88285714285714
201607,2736,28.7565
201608,2736,26.94782608695652
201609,2736,22.76736842105263
201610,2736,20.375
201611,2736,20.957272727272727
201612,2736,20.517500000000002
201601,2739,56.705999999999996
201602,2739,56.885384615384616
201603,2739,56.334782608695654
201604,2739,57.16157894736842
201605,2739,54.91285714285715
201606,2739,43.58380952380952
201607,2739,42.4835
201608,2739,39.751304347826085
201609,2739,38.090526315789475
201610,2739,34.9805
201611,2739,33.53681818181818
201612,2739,33.43863636363636
201601,2740,235.71761904761902
201602,2740,231.0523076923077
201603,2740,213.7673913043478
201604,2740,172.7388888888889
201605,2740,154.967
201606,2740,151.06809523809525
201607,2740,135.60736842105263
201608,2740,136.39739130434782
201609,2740,131.24421052631578
201610,2740,114.49588235294118
201611,2740,104.23684210526316
201612,2740,103.21411764705883
201601,2743,23.3355
201602,2743,20.593846153846155
201603,2743,23.07608695652174
201604,2743,24.343684210526316
201605,2743,22.27047619047619
201606,2743,22.7095
201607,2743,22.02315789473684
201608,2743,16.304545454545455
201609,2743,13.639285714285714
201610,2743,12.37764705882353
201611,2743,12.913888888888888
201612,2743,12.966875
201601,2745,56.003125
201602,2745,54.34875
201603,2745,53.34227272727273
201604,2745,53.015625
201605,2745,51.25083333333333
201606,2745,48.798
201607,2745,43.0923076923077
201608,2745,35.730000000000004
201609,2745,29.646666666666665
201610,2745,23.324666666666666
201611,2745,21.49230769230769
201612,2745,21.025714285714287
201601,2748,47.672000000000004
201602,2748,46.12307692307692
201603,2748,46.47727272727273
201604,2748,45.99235294117647
201605,2748,44.18125
201606,2748,42.235882352941175
201607,2748,42.74714285714286
201608,2748,42.7085
201609,2748,42.32230769230769
201610,2748,43.7295
201611,2748,41.555454545454545
201612,2748,32.594545454545454
201603,2801,10.035217391304348
201604,2801,10.031578947368422
201607,2801,10.099
201608,2801,10.492173913043478
201609,2801,10.515789473684212
201610,2801,10.5325
201611,2801,10.59681818181818
201612,2801,10.998181818181818
201601,2809,14.508095238095239
201602,2809,14.544615384615383
201603,2809,14.95608695652174
201604,2809,15.351578947368422
201605,2809,14.451904761904762
201606,2809,14.701428571428572
201607,2809,15.881499999999999
201608,2809,18.47
201609,2809,18.911052631578947
201610,2809,18.168
201611,2809,18.53590909090909
201612,2809,19.62727272727273
201601,2816,10.001428571428571
201602,2816,10.308461538461538
201603,2816,10.620434782608696
201612,2816,11.125
201601,2823,15.606190476190477
201602,2823,15.226153846153846
201603,2823,16.519130434782607
201604,2823,16.091578947368422
201605,2823,15.699523809523809
201606,2823,16.687142857142856
201607,2823,17.5705
201608,2823,19.20521739130435
201609,2823,20.297894736842107
201610,2823,20.3005
201611,2823,21.70590909090909
201612,2823,23.046363636363637
201601,2832,12.657142857142858
201602,2832,12.571538461538463
201603,2832,12.981739130434782
201604,2832,12.700000000000001
201605,2832,12.168571428571429
201606,2832,12.16904761904762
201607,2832,12.473
201608,2832,12.406956521739131
201609,2832,12.159473684210527
201610,2832,12.032
201611,2832,12.116818181818182
201612,2832,12.567272727272728
201602,2841,10.545384615384616
201603,2841,11.091739130434783
201604,2841,10.744736842105263
201608,2841,10.096521739130434
201609,2841,10.167894736842106
201610,2841,10.0265
201601,2847,12.619047619047619
201602,2847,12.934615384615386
201603,2847,13.299999999999999
201601,2849,10.49904761904762
201603,2849,10.014347826086956
201601,2850,12.484761904761905
201602,2850,12.514615384615384
201603,2850,13.241304347826087
201604,2850,13.361052631578946
201605,2850,13.343333333333332
201606,2850,13.444285714285714
201607,2850,13.8285
201608,2850,14.296521739130435
201609,2850,14.466842105263158
201610,2850,14.338
201611,2850,14.748181818181818
201612,2850,15.885454545454547
201601,2867,11.654285714285715
201602,2867,11.572307692307692
201603,2867,11.437826086956521
201604,2867,10.712105263157895
201605,2867,10.15857142857143
201606,2867,10.066666666666666
201607,2867,10.406
201608,2867,10.93086956521739
201609,2867,10.698947368421052
201610,2867,10.7995
201611,2867,11.42590909090909
201612,2867,12.348636363636365
201601,2881,20.173809523809524
201602,2881,20.368461538461535
201603,2881,21.475217391304348
201604,2881,21.13421052631579
201605,2881,19.773809523809526
201606,2881,20.82761904761905
201607,2881,21.672
201608,2881,23.348695652173912
201609,2881,25.63315789473684
201610,2881,25.509
201611,2881,26.221363636363638
201612,2881,28.814999999999998
201606,2881A,43.0947619047619
201607,2881A,43.414
201608,2881A,44.162608695652175
201609,2881A,44.510000000000005
201610,2881A,44.918
201611,2881A,44.88636363636363
201612,2881A,44.97181818181818
201601,2882,24.17904761904762
201602,2882,23.994615384615386
201603,2882,25.38434782608696
201604,2882,23.83157894736842
201605,2882,23.53761904761905
201606,2882,24.527619047619048
201607,2882,24.786
201608,2882,26.205652173913045
201609,2882,27.829473684210527
201610,2882,27.958999999999996
201611,2882,30.50090909090909
201612,2882,33.69136363636364
201601,2886,12.872380952380952
201602,2886,13.81076923076923
201603,2886,14.52
201604,2886,14.567894736842106
201605,2886,14.792380952380952
201606,2886,15.476666666666667
201607,2886,15.725
201608,2886,15.800869565217392
201609,2886,15.008947368421053
201610,2886,14.773
201611,2886,15.364999999999998
201612,2886,15.733636363636363
201603,2891,10.102608695652174
201606,2891,10.098571428571429
201607,2891,10.699
201608,2891,11.487826086956522
201609,2891,11.625263157894736
201610,2891,11.638
201611,2891,11.65409090909091
201612,2891,12.06681818181818
201601,2891A,36.08888888888889
201607,2892,10.1455
201608,2892,10.60391304347826
201609,2892,10.82157894736842
201610,2892,10.774
201611,2892,10.735454545454546
201612,2892,11.100909090909092
201601,2901,23.298571428571428
201602,2901,23.160769230769233
201603,2901,24.083636363636366
201604,2901,23.183157894736844
201605,2901,22.923499999999997
201606,2901,22.931428571428572
201607,2901,23.178
201608,2901,23.1504347826087
201609,2901,23.181052631578947
201610,2901,23.53222222222222
201611,2901,23.11181818181818
201612,2901,23.222727272727273
201601,2903,10.108571428571429
201602,2903,10.463846153846154
201603,2903,10.687391304347827
201604,2903,10.808947368421054
201605,2903,10.357619047619048
201606,2903,10.457142857142857
201607,2903,11.001999999999999
201608,2903,11.347826086956522
201609,2903,11.123157894736842
201610,2903,11.0215
201611,2903,10.585909090909091
201612,2903,10.396363636363636
201601,2904,14.337142857142856
201602,2904,14.995384615384616
201603,2904,15.555652173913044
201604,2904,15.441052631578946
201605,2904,15.185714285714285
201606,2904,15.296190476190478
201607,2904,15.516
201608,2904,15.611304347826087
201609,2904,15.467894736842105
201610,2904,15.386500000000002
201611,2904,15.123636363636363
201612,2904,14.608636363636363
201601,2905,10.997619047619047
201602,2905,10.938461538461537
201603,2905,11.685217391304347
201604,2905,10.813157894736841
201605,2905,10.390476190476189
201606,2905,10.376190476190477
201607,2905,10.5815
201608,2905,11.23304347826087
201609,2905,11.53
201610,2905,11.692499999999999
201611,2905,12.517727272727273
201612,2905,13.763181818181819
201601,2908,12.489047619047618
201602,2908,12.660769230769231
201603,2908,12.43913043478261
201604,2908,12.274736842105263
201605,2908,12.149047619047618
201606,2908,12.151428571428571
201607,2908,12.6955
201608,2908,12.671304347826087
201609,2908,12.63578947368421
201610,2908,12.617999999999999
201611,2908,12.623636363636365
201612,2908,12.715000000000002
201601,2910,20.461764705882356
201602,2910,20.655
201603,2910,20.924285714285713
201604,2910,20.080000000000002
201605,2910,20.438
201606,2910,20.459999999999997
201607,2910,20.26928571428571
201608,2910,20.6345
201609,2910,20.657333333333334
201610,2910,20.417777777777776
201611,2910,22.279473684210526
201612,2910,29.209545454545456
201601,2911,28.176190476190477
201602,2911,28.54076923076923
201603,2911,29.46
201604,2911,26.672631578947367
201605,2911,23.760952380952382
201606,2911,24.343809523809522
201607,2911,24.355
201608,2911,24.31173913043478
201609,2911,23.508421052631576
201610,2911,23.1055
201611,2911,20.405
201612,2911,20.576363636363638
201601,2912,152.94333333333333
201602,2912,166.31076923076924
201603,2912,168.36478260869563
201604,2912,172.34894736842105
201605,2912,175.0014285714286
201606,2912,183.21333333333334
201607,2912,190.125
201608,2912,193.90173913043478
201609,2912,192.66315789473683
201610,2912,187.408
201611,2912,182.97045454545454
201612,2912,178.0681818181818
201601,2913,12.251428571428571
201602,2913,12.44846153846154
201603,2913,13.132608695652175
201604,2913,13.189473684210526
201605,2913,13.185714285714285
201606,2913,13.556190476190476
201607,2913,13.953999999999999
201608,2913,14.71782608695652
201609,2913,13.716315789473684
201610,2913,13.066999999999998
201611,2913,12.919090909090908
201612,2913,13.082727272727272
201601,2915,43.30047619047619
201602,2915,45.034615384615385
201603,2915,45.563478260869566
201604,2915,36.52684210526316
201605,2915,34.76095238095238
201606,2915,36.86904761904762
201607,2915,39.3635
201608,2915,40.69826086956522
201609,2915,39.34
201610,2915,39.279
201611,2915,41.74181818181818
201612,2915,44.317727272727275
201601,2923,13.911428571428571
201602,2923,14.411538461538461
201603,2923,17.056521739130435
201604,2923,15.367368421052632
201605,2923,14.875714285714285
201606,2923,15.121428571428572
201607,2923,15.074000000000002
201608,2923,15.55782608695652
201609,2923,16.59631578947368
201610,2923,16.551
201611,2923,15.62
201612,2923,15.430909090909092
201601,2924,59.034285714285716
201602,2924,58.59153846153846
201603,2924,56.74434782608695
201604,2924,54.792352941176475
201605,2924,52.96809523809524
201606,2924,50.911904761904765
201607,2924,51.766875
201608,2924,52.620909090909095
201609,2924,52.85727272727272
201610,2924,52.95
201611,2924,53.364444444444445
201612,2924,53.56545454545455
201601,2926,154.1538095238095
201602,2926,151.46
201603,2926,148.04217391304348
201604,2926,138.52157894736843
201605,2926,135.08238095238096
201606,2926,137.54761904761904
201607,2926,139.23700000000002
201608,2926,146.58260869565217
201609,2926,143.2163157894737
201610,2926,144.6355
201611,2926,141.3347619047619
201612,2926,130.66545454545454
201601,2928,44.333333333333336
201602,2928,51.45923076923077
201603,2928,48.67565217391304
201604,2928,46.95736842105263
201605,2928,55.16952380952381
201606,2928,52.1447619047619
201607,2928,50.7585
201608,2928,48.78173913043479
201609,2928,48.86157894736842
201610,2928,48.71411764705882
201611,2928,46.764736842105265
201612,2928,54.18571428571429
201601,2929,55.11380952380953
201602,2929,56.89153846153847
201603,2929,61.88521739130435
201604,2929,58.6521052631579
201605,2929,60.91761904761905
201606,2929,61.763333333333335
201607,2929,65.295
201608,2929,70.85043478260869
201609,2929,74.64368421052632
201610,2929,74.9625
201611,2929,66.19545454545454
201612,2929,61.41545454545454
201609,2936,35.165
201610,2936,32.697
201611,2936,32.54454545454546
201612,2936,39.97
201603,2937,14.559999999999999
201604,2937,11.502777777777776
201605,2937,12.440833333333332
201606,2937,13.958333333333334
201607,2937,14.294444444444444
201608,2937,14.5625
201609,2937,13.904
201610,2937,15.855882352941178
201611,2937,17.308235294117647
201612,2937,18.40857142857143
201601,3003,25.327142857142857
201602,3003,27.39769230769231
201603,3003,28.576521739130435
201604,3003,31.10736842105263
201605,3003,26.614761904761902
201606,3003,27.380000000000003
201607,3003,28.919999999999998
201608,3003,29.171739130434784
201609,3003,28.908947368421053
201610,3003,27.710500000000003
201611,3003,25.963636363636365
201612,3003,27.565454545454546
201601,3004,40.55238095238095
201602,3004,45.42153846153846
201603,3004,47.278695652173916
201604,3004,50.652631578947364
201605,3004,48.645714285714284
201606,3004,48.74047619047619
201607,3004,46.15
201608,3004,45.162608695652175
201609,3004,46.800526315789476
201610,3004,46.174
201611,3004,41.31181818181818
201612,3004,39.82909090909091
201601,3005,10.394761904761904
201602,3005,11.086153846153847
201603,3005,11.734782608695651
201604,3005,11.970526315789474
201605,3005,11.905714285714286
201606,3005,12.225238095238096
201607,3005,13.0425
201608,3005,15.106521739130434
201609,3005,19.554210526315792
201610,3005,23.306
201611,3005,22.71227272727273
201612,3005,22.166818181818183
201601,3006,19.004761904761907
201602,3006,20.138461538461538
201603,3006,20.573478260869564
201604,3006,19.283684210526314
201605,3006,18.09190476190476
201606,3006,19.850952380952382
201607,3006,21.4085
201608,3006,21.95608695652174
201609,3006,23.810526315789474
201610,3006,25.2335
201611,3006,23.25181818181818
201612,3006,24.310454545454547
201601,3008,1597.6028571428574
201602,3008,1922.793846153846
201603,3008,2006.55
201604,3008,1838.0773684210526
201605,3008,2004.1642857142856
201606,3008,2287.0933333333332
201607,3008,2516.1265
201608,3008,2863.8100000000004
201609,3008,2909.303157894737
201610,3008,2960.8044999999997
201611,3008,2763.765909090909
201612,3008,2902.456818181818
201601,3010,24.563333333333336
201602,3010,25.233846153846155
201603,3010,25.77130434782609
201604,3010,25.34578947368421
201605,3010,25.204761904761902
201606,3010,26.48857142857143
201607,3010,28.116500000000002
201608,3010,28.874347826086957
201609,3010,27.93631578947368
201610,3010,27.5315
201611,3010,26.804090909090906
201612,3010,27.99818181818182
201601,3013,13.483333333333333
201602,3013,14.088461538461539
201603,3013,13.858695652173912
201604,3013,11.917368421052632
201605,3013,10.661904761904761
201606,3013,12.02142857142857
201607,3013,12.985499999999998
201608,3013,13.91304347826087
201609,3013,15.676842105263159
201610,3013,16.381999999999998
201611,3013,14.506818181818181
201612,3013,15.279545454545454
201601,3014,13.208095238095238
201602,3014,14.283076923076923
201603,3014,14.873478260869565
201604,3014,14.235789473684212
201605,3014,13.623333333333331
201606,3014,14.165238095238093
201607,3014,15.4145
201608,3014,16.357391304347825
201609,3014,16.109473684210524
201610,3014,16.0475
201611,3014,15.358181818181817
201612,3014,16.174545454545452
201601,3015,11.036190476190475
201602,3015,11.857692307692307
201603,3015,12.187826086956521
201604,3015,12.679473684210526
201605,3015,12.22095238095238
201606,3015,12.233809523809525
201607,3015,12.625499999999999
201608,3015,13.814782608695653
201609,3015,13.750526315789473
201610,3015,13.5975
201611,3015,12.760000000000002
201612,3015,12.928636363636365
201601,3016,12.486666666666668
201602,3016,14.598461538461539
201603,3016,20.65913043478261
201604,3016,21.781578947368423
201605,3016,18.616190476190475
201606,3016,19.541428571428572
201607,3016,19.2475
201608,3016,17.729565217391304
201609,3016,17.56105263157895
201610,3016,17.098
201611,3016,14.80409090909091
201612,3016,16.67590909090909
201601,3017,20.434285714285714
201602,3017,22.092307692307692
201603,3017,21.83086956521739
201604,3017,20.318421052631578
201605,3017,17.832857142857144
201606,3017,17.872857142857143
201607,3017,18.7395
201608,3017,18.878695652173914
201609,3017,18.703684210526315
201610,3017,18.7525
201611,3017,18.106818181818184
201612,3017,19.41318181818182
201601,3018,29.19047619047619
201602,3018,29.72307692307692
201603,3018,31.28391304347826
201604,3018,30.68263157894737
201605,3018,30.211904761904766
201606,3018,29.541428571428572
201607,3018,34.044
201608,3018,36.24260869565217
201609,3018,32.35157894736842
201610,3018,33.654
201611,3018,32.62954545454546
201612,3018,34.429545454545455
201601,3019,22.434285714285714
201602,3019,23.672307692307694
201603,3019,23.00521739130435
201604,3019,20.179473684210524
201605,3019,19.09095238095238
201606,3019,20.128095238095238
201607,3019,20.934
201608,3019,22.4004347826087
201609,3019,23.85105263157895
201610,3019,22.8795
201611,3019,22.11090909090909
201612,3019,23.48818181818182
201610,3021,10.256875
201601,3022,44.64809523809524
201602,3022,46.339999999999996
201603,3022,46.86608695652174
201604,3022,42.5821052631579
201605,3022,42.08238095238095
201606,3022,44.857619047619046
201607,3022,46.355000000000004
201608,3022,49.54478260869565
201609,3022,53.60473684210526
201610,3022,55.946000000000005
201611,3022,55.85681818181818
201612,3022,55.64409090909091
201601,3023,41.98238095238095
201602,3023,44.824615384615385
201603,3023,45.54347826086956
201604,3023,46.46842105263158
201605,3023,51.392380952380954
201606,3023,51.93190476190476
201607,3023,53.534000000000006
201608,3023,53.53565217391304
201609,3023,54.37473684210526
201610,3023,52.7485
201611,3023,52.334090909090904
201612,3023,51.959090909090904
201602,3025,10.80076923076923
201603,3025,12.008260869565218
201604,3025,11.158421052631578
201605,3025,10.388095238095238
201606,3025,10.350476190476192
201607,3025,10.598
201608,3025,10.697391304347827
201609,3025,12.514736842105263
201610,3025,12.233500000000001
201611,3025,10.524090909090908
201612,3025,11.599545454545455
201601,3026,22.937142857142856
201602,3026,23.641538461538463
201603,3026,24.635652173913044
201604,3026,23.77263157894737
201605,3026,23.044761904761906
201606,3026,23.41809523809524
201607,3026,24.345000000000002
201608,3026,24.376521739130432
201609,3026,23.839473684210525
201610,3026,23.7615
201611,3026,23.464545454545455
201612,3026,23.768181818181816
201601,3027,11.254285714285714
201602,3027,12.933846153846153
201603,3027,13.290434782608695
201604,3027,12.999473684210527
201605,3027,12.001428571428571
201606,3027,12.980476190476192
201607,3027,13.213
201608,3027,13.146521739130435
201609,3027,13.465789473684211
201610,3027,12.209
201611,3027,11.715000000000002
201612,3027,11.94818181818182
201603,3029,10.230869565217391
201611,3029,10.43590909090909
201612,3029,10.467272727272727
201601,3030,25.486666666666668
201602,3030,25.333076923076923
201603,3030,27.59304347826087
201604,3030,26.36157894736842
201605,3030,25.440952380952382
201606,3030,26.226190476190474
201607,3030,26.2215
201608,3030,24.641739130434782
201609,3030,24.764736842105265
201610,3030,24.8775
201611,3030,24.601363636363637
201612,3030,23.794545454545457
201601,3032,13.061904761904762
201602,3032,14.993076923076924
201603,3032,19.786521739130432
201604,3032,22.33157894736842
201605,3032,20.172857142857143
201606,3032,22.025714285714287
201607,3032,22.48
201608,3032,24.041304347826088
201609,3032,24.468421052631577
201610,3032,27.516000000000002
201611,3032,24.39818181818182
201612,3032,23.765454545454546
201601,3034,64.65238095238095
201602,3034,71.55307692307693
201603,3034,69.2904347826087
201604,3034,61.23894736842105
201605,3034,56.89666666666666
201606,3034,59.05190476190476
201607,3034,64.211
201608,3034,62.44782608695652
201609,3034,63.002105263157894
201610,3034,66.8395
201611,3034,61.95636363636363
201612,3034,60.63409090909091
201601,3035,32.228095238095236
201602,3035,36.44538461538462
201603,3035,35.06913043478261
201604,3035,34.136315789473684
201605,3035,26.73857142857143
201606,3035,25.915714285714287
201607,3035,27.857499999999998
201608,3035,26.559565217391306
201609,3035,26.332105263157896
201610,3035,25.8485
201611,3035,23.225454545454543
201612,3035,24.060454545454547
201601,3036,18.933809523809526
201602,3036,20.842307692307692
201603,3036,21.532608695652176
201604,3036,21.589473684210525
201605,3036,22.027142857142856
201606,3036,22.448095238095238
201607,3036,23.994
201608,3036,26.21478260869565
201609,3036,27.03842105263158
201610,3036,27.213
201611,3036,27.555000000000003
201612,3036,26.83272727272727
201601,3037,10.439523809523811
201602,3037,12.816923076923077
201603,3037,13.35086956521739
201604,3037,12.74736842105263
201605,3037,11.01047619047619
201606,3037,11.39809523809524
201607,3037,11.311
201608,3037,10.855652173913043
201609,3037,10.951052631578946
201610,3037,10.813500000000001
201612,3037,10.23
201601,3040,13.901428571428571
201602,3040,13.978461538461538
201603,3040,15.06
201604,3040,14.031578947368422
201605,3040,13.852857142857143
201606,3040,14.113333333333333
201607,3040,14.790000000000001
201608,3040,14.359130434782609
201609,3040,14.177368421052632
201610,3040,14.485499999999998
201611,3040,16.848181818181818
201612,3040,19.367727272727272
201601,3041,52.418571428571425
201602,3041,67.71000000000001
201603,3041,64.9095652173913
201604,3041,55.64894736842105
201605,3041,46.172380952380955
201606,3041,45.15
201607,3041,45.9085
201608,3041,45.69695652173913
201609,3041,43.695789473684215
201610,3041,40.7725
201611,3041,42.61636363636364
201612,3041,42.46727272727273
201601,3042,19.329047619047618
201602,3042,20.720000000000002
201603,3042,23.69173913043478
201604,3042,23.663157894736845
201605,3042,24.431904761904757
201606,3042,25.258095238095237
201607,3042,25.416
201608,3042,24.98391304347826
201609,3042,24.94421052631579
201610,3042,26.184500000000003
201611,3042,24.775454545454544
201612,3042,24.602272727272727
201601,3043,12.769047619047617
201602,3043,14.088461538461539
201603,3043,12.971739130434784
201604,3043,11.56578947368421
201605,3043,10.307142857142857
201607,3043,13.3625
201608,3043,12.289130434782608
201609,3043,11.228947368421052
201610,3043,11.540000000000001
201611,3043,10.572727272727272
201612,3043,10.838636363636363
201601,3044,33.48095238095238
201602,3044,35.12230769230769
201603,3044,36.643478260869564
201604,3044,36.66894736842105
201605,3044,35.22190476190476
201606,3044,38.306666666666665
201607,3044,40.4325
201608,3044,42.823043478260864
201609,3044,43.745789473684205
201610,3044,47.8935
201611,3044,46.68
201612,3044,47.47090909090909
201601,3045,65.61904761904762
201602,3045,67.1
201603,3045,68.99347826086957
201604,3045,70.28947368421052
201605,3045,73.29761904761905
201606,3045,75.57285714285715
201607,3045,78.38000000000001
201608,3045,79.23217391304348
201609,3045,78.98789473684211
201610,3045,78.17
201611,3045,75.08681818181819
201612,3045,72.73227272727273
201601,3046,26.155238095238094
201602,3046,26.864615384615384
201603,3046,25.295217391304345
201604,3046,21.419473684210526
201605,3046,19.049047619047617
201606,3046,19.085714285714285
201607,3046,20.404500000000002
201608,3046,20.59
201609,3046,20.295263157894738
201610,3046,18.322
201611,3046,16.524090909090912
201612,3046,14.533181818181818
201602,3047,10.024615384615384
201602,3051,10.166923076923077
201603,3051,10.959565217391305
201601,3054,21.061904761904763
201602,3054,21.494615384615386
201603,3054,23.22086956521739
201604,3054,20.380000000000003
201605,3054,20.74142857142857
201606,3054,23.35047619047619
201607,3054,24.6695
201608,3054,22.502173913043475
201609,3054,24.724736842105262
201610,3054,23.859
201611,3054,25.83772727272727
201612,3054,24.436818181818182
201601,3055,13.374285714285715
201602,3055,16.226153846153846
201603,3055,15.527391304347827
201604,3055,14.886315789473683
201605,3055,13.604761904761904
201606,3055,14.068095238095239
201607,3055,14.09
201608,3055,14.493913043478262
201609,3055,15.710909090909091
201610,3055,15.4265
201611,3055,14.458636363636362
201612,3055,14.416363636363638
201601,3057,37.46142857142858
201602,3057,38.75153846153846
201603,3057,35.4491304347826
201604,3057,30.64842105263158
201605,3057,27.995714285714286
201606,3057,28.71047619047619
201607,3057,31.064
201608,3057,30.998695652173915
201609,3057,31.536315789473687
201610,3057,28.8205
201611,3057,26.101363636363637
201612,3057,27.328636363636363
201601,3059,19.782380952380954
201602,3059,21.976153846153846
201603,3059,22.458695652173912
201604,3059,20.417894736842104
201605,3059,16.863809523809522
201606,3059,17.176190476190477
201607,3059,17.942
201608,3059,17.896521739130435
201609,3059,18.296315789473685
201610,3059,19.297
201611,3059,17.82090909090909
201612,3059,18.511363636363637
201601,3060,45.79714285714286
201602,3060,47.146153846153844
201603,3060,51.50826086956522
201604,3060,48.30684210526315
201605,3060,41.63142857142857
201606,3060,39.52047619047619
201607,3060,40.7955
201608,3060,40.28695652173913
201609,3060,39.48157894736842
201610,3060,38.5255
201611,3060,31.544545454545457
201612,3060,30.37409090909091
201601,3062,15.635238095238098
201602,3062,17.81692307692308
201603,3062,17.738695652173913
201604,3062,15.832105263157894
201605,3062,14.310476190476189
201606,3062,15.694285714285714
201607,3062,16.9825
201608,3062,17.748695652173915
201609,3062,17.96263157894737
201610,3062,17.5795
201611,3062,16.010454545454547
201612,3062,17.116363636363637
201601,3064,194.3709523809524
201602,3064,315.2738461538462
201603,3064,542.1165217391305
201604,3064,434.1321052631579
201605,3064,348.0804761904762
201606,3064,400.847619047619
201607,3064,387.8675
201608,3064,386.7773913043478
201609,3064,364.5821052631579
201610,3064,306.044
201611,3064,281.6513636363636
201612,3064,295.805
201601,3067,12.692857142857141
201602,3067,12.350000000000001
201603,3067,13.064705882352941
201604,3067,12.503846153846155
201605,3067,12.25
201606,3067,12.35
201607,3067,12.5
201608,3067,12.921428571428573
201609,3067,14.302941176470588
201610,3067,13.591176470588236
201611,3067,12.823333333333332
201612,3067,13.032142857142857
201601,3073,12.874500000000001
201602,3073,17.470000000000002
201603,3073,16.47826086956522
201604,3073,14.046315789473685
201605,3073,13.418947368421053
201606,3073,15.201904761904762
201607,3073,23.0145
201608,3073,24.22391304347826
201609,3073,23.243684210526315
201610,3073,24.029
201611,3073,23.39181818181818
201612,3073,20.993636363636366
201601,3078,12.048095238095238
201602,3078,12.773076923076925
201603,3078,13.40304347826087
201604,3078,14.686842105263159
201605,3078,14.49904761904762
201606,3078,16.426666666666666
201607,3078,19.0845
201608,3078,18.96
201609,3078,18.74421052631579
201610,3078,18.823
201611,3078,17.188636363636363
201612,3078,17.73
201601,3081,316.66285714285715
201602,3081,343.5069230769231
201603,3081,358.21
201604,3081,333.92157894736846
201605,3081,285.49809523809523
201606,3081,303.57380952380953
201607,3081,297.9415
201608,3081,328.59956521739133
201609,3081,284.2757894736842
201610,3081,256.95950000000005
201611,3081,207.3063636363636
201612,3081,228.67545454545453
201601,3083,38.62380952380953
201602,3083,38.776923076923076
201603,3083,39.05434782608695
201604,3083,36.22105263157895
201605,3083,33.00476190476191
201606,3083,36.55952380952381
201607,3083,36.57
201608,3083,45.75434782608695
201609,3083,39.20263157894737
201610,3083,36.8275
201611,3083,35.21363636363637
201612,3083,38.622727272727275
201601,3085,46.527
201602,3085,46.58538461538462
201603,3085,50.68565217391304
201604,3085,52.29
201605,3085,61.38047619047619
201606,3085,64.40904761904763
201607,3085,65.7365
201608,3085,81.01086956521739
201609,3085,87.57
201610,3085,108.82736842105264
201611,3085,124.01272727272726
201612,3085,132.57181818181817
201601,3086,80.7357142857143
201602,3086,81.67384615384616
201603,3086,92.80217391304348
201604,3086,107.50473684210526
201605,3086,88.86619047619048
201606,3086,90.55619047619048
201607,3086,87.2745
201608,3086,72.02782608695652
201609,3086,44.16105263157895
201610,3086,41.9825
201611,3086,44.71636363636364
201612,3086,53.79772727272727
201601,3088,33.69238095238095
201602,3088,36.97615384615385
201603,3088,40.94826086956522
201604,3088,38.84368421052631
201605,3088,35.91190476190476
201606,3088,34.94238095238095
201607,3088,36.1965
201608,3088,38.418260869565216
201609,3088,36.010000000000005
201610,3088,32.7245
201611,3088,32.33
201612,3088,34.09590909090909
201601,3089,26.283809523809527
201602,3089,22.907692307692308
201603,3089,19.38
201604,3089,18.182105263157894
201605,3089,16.969047619047622
201606,3089,15.163499999999999
201607,3089,15.114
201608,3089,27.95173913043478
201609,3089,28.115263157894734
201610,3089,24.122
201611,3089,27.96
201612,3089,34.844545454545454
201602,3090,10.276153846153846
201603,3090,11.025217391304347
201604,3090,11.223684210526315
201605,3090,10.678095238095239
201606,3090,10.99095238095238
201607,3090,11.2875
201608,3090,11.73391304347826
201609,3090,12.026315789473685
201610,3090,12.1
201611,3090,11.929545454545455
201612,3090,12.046363636363635
201605,3092,10.241428571428571
201606,3092,14.365714285714287
201607,3092,19.249000000000002
201608,3092,18.303478260869564
201609,3092,20.0
201610,3092,18.9595
201611,3092,18.26409090909091
201612,3092,18.15590909090909
201601,3093,15.916363636363634
201602,3093,16.213333333333335
201603,3093,17.14391304347826
201604,3093,18.681333333333335
201605,3093,18.336842105263155
201606,3093,18.86842105263158
201607,3093,22.184
201608,3093,22.44047619047619
201609,3093,21.514375
201610,3093,20.25111111111111
201611,3093,19.575000000000003
201612,3093,19.626842105263155
201601,3094,17.05142857142857
201602,3094,17.68307692307692
201603,3094,18.643478260869564
201604,3094,17.667368421052632
201605,3094,15.668571428571429
201606,3094,15.908095238095237
201607,3094,16.72
201608,3094,18.19608695652174
201609,3094,17.57894736842105
201610,3094,16.5425
201611,3094,15.256363636363636
201612,3094,15.971363636363636
201601,3095,53.6447619047619
201602,3095,59.24615384615385
201603,3095,57.124347826086954
201604,3095,50.75631578947368
201605,3095,38.107619047619046
201606,3095,29.078095238095237
201607,3095,35.5215
201608,3095,29.110434782608696
201609,3095,23.046842105263156
201610,3095,19.079500000000003
201611,3095,19.634090909090908
201612,3095,28.617727272727276
201601,3105,55.01285714285714
201602,3105,58.823076923076925
201603,3105,67.44739130434782
201604,3105,69.26684210526315
201605,3105,67.5252380952381
201606,3105,72.10095238095238
201607,3105,67.389
201608,3105,68.49739130434783
201609,3105,67.8990909090909
201610,3105,74.3985
201611,3105,67.9440909090909
201612,3105,72.68272727272728
201601,3115,18.2605
201602,3115,17.98384615384615
201603,3115,16.852608695652176
201604,3115,16.65266666666667
201605,3115,16.019333333333336
201606,3115,15.463846153846154
201607,3115,16.163125
201608,3115,18.533478260869565
201609,3115,18.359444444444446
201610,3115,17.52
201611,3115,17.194444444444443
201612,3115,15.99875
201601,3118,21.003333333333334
201602,3118,21.509999999999998
201603,3118,22.27391304347826
201604,3118,22.28842105263158
201605,3118,21.162857142857142
201606,3118,21.194285714285712
201607,3118,21.79
201608,3118,21.097826086956523
201609,3118,20.50894736842105
201610,3118,19.606
201611,3118,18.45285714285714
201612,3118,18.890454545454546
201601,3122,12.277142857142858
201602,3122,13.010769230769231
201603,3122,16.26521739130435
201604,3122,16.28578947368421
201605,3122,14.313809523809523
201606,3122,14.39
201607,3122,15.876
201608,3122,16.56434782608696
201609,3122,15.505263157894738
201610,3122,15.1405
201611,3122,13.185909090909092
201612,3122,13.65181818181818
201601,3128,12.608095238095236
201602,3128,11.399999999999999
201603,3128,11.669565217391304
201604,3128,12.178421052631577
201605,3128,11.422857142857143
201606,3128,10.756190476190476
201607,3128,10.598
201608,3128,10.450434782608696
201601,3130,77.85333333333334
201602,3130,78.13909090909091
201603,3130,78.73727272727272
201604,3130,78.75176470588235
201605,3130,78.732
201606,3130,78.521
201607,3130,79.4155
201608,3130,84.65565217391304
201609,3130,84.00210526315789
201610,3130,82.3655
201611,3130,81.25142857142858
201612,3130,81.91954545454546
201601,3131,144.49285714285713
201602,3131,159.06
201603,3131,170.4091304347826
201604,3131,161.1094736842105
201605,3131,145.91142857142856
201606,3131,147.0542857142857
201607,3131,150.067
201608,3131,135.63608695652175
201609,3131,132.3178947368421
201610,3131,143.6155
201611,3131,132.31318181818182
201612,3131,132.55545454545455
201601,3138,10.670666666666667
201602,3138,11.561666666666667
201603,3138,13.579999999999998
201604,3138,15.508333333333333
201605,3138,14.5435
201606,3138,14.176315789473685
201607,3138,13.178666666666667
201608,3138,12.18590909090909
201609,3138,11.418571428571429
201610,3138,12.037777777777778
201601,3141,20.01142857142857
201602,3141,22.995384615384616
201603,3141,27.898260869565217
201604,3141,33.217894736842105
201605,3141,34.27761904761905
201606,3141,42.707142857142856
201607,3141,41.1265
201608,3141,38.71217391304348
201609,3141,36.351052631578945
201610,3141,32.476
201611,3141,27.700454545454544
201612,3141,29.62772727272727
201601,3144,11.383809523809523
201602,3144,12.014615384615384
201603,3144,13.031739130434783
201604,3144,12.112105263157895
201605,3144,11.486666666666666
201606,3144,11.599047619047619
201607,3144,12.046
201608,3144,11.718636363636364
201609,3144,11.653157894736841
201610,3144,14.203999999999999
201611,3144,14.007272727272728
201612,3144,13.640909090909092
201601,3147,10.6575
201602,3147,10.246666666666668
201603,3147,12.388947368421052
201604,3147,14.257058823529412
201605,3147,14.117692307692307
201606,3147,13.83
201607,3147,13.633333333333333
201608,3147,13.012222222222222
201609,3147,11.674615384615386
201610,3147,12.336153846153847
201611,3147,11.496
201612,3147,11.199999999999998
201601,3149,24.764285714285712
201602,3149,25.935384615384613
201603,3149,27.681304347826085
201604,3149,23.77263157894737
201605,3149,19.176190476190477
201606,3149,23.083333333333332
201607,3149,27.097500000000004
201608,3149,27.799130434782608
201609,3149,26.852941176470587
201610,3149,24.03933333333333
201611,3149,31.332272727272724
201612,3149,29.665
201601,3152,136.7452380952381
201602,3152,140.96076923076924
201603,3152,135.65217391304347
201604,3152,128.56473684210528
201605,3152,119.60142857142857
201606,3152,123.58380952380953
201607,3152,130.48250000000002
201608,3152,143.37391304347827
201609,3152,164.2057894736842
201610,3152,173.024
201611,3152,189.7813636363636
201612,3152,182.33272727272725
201610,3162,10.403
201601,3163,23.043333333333333
201602,3163,27.197692307692307
201603,3163,34.39695652173913
201604,3163,32.70368421052632
201605,3163,33.00714285714285
201606,3163,35.34095238095238
201607,3163,40.005
201608,3163,41.95086956521739
201609,3163,41.06578947368421
201610,3163,36.6845
201611,3163,36.18727272727273
201612,3163,37.26045454545454
201601,3164,17.706190476190475
201602,3164,19.805384615384614
201603,3164,20.438695652173916
201604,3164,18.355263157894736
201605,3164,17.077142857142857
201606,3164,17.378095238095238
201607,3164,17.8295
201608,3164,17.32217391304348
201609,3164,17.121052631578948
201610,3164,16.294999999999998
201611,3164,15.264090909090909
201612,3164,16.111363636363635
201601,3167,15.935238095238095
201602,3167,16.813846153846153
201603,3167,18.53
201604,3167,15.987894736842104
201605,3167,14.854285714285714
201606,3167,14.652857142857142
201607,3167,17.5145
201608,3167,17.959130434782608
201609,3167,17.210526315789473
201610,3167,16.073500000000003
201611,3167,16.14636363636364
201612,3167,16.93909090909091
201601,3169,20.591428571428573
201602,3169,20.53923076923077
201603,3169,21.384347826086955
201604,3169,20.086315789473684
201605,3169,18.356666666666666
201606,3169,18.308571428571426
201607,3169,18.9955
201608,3169,19.047391304347826
201609,3169,18.26842105263158
201610,3169,18.0875
201611,3169,16.88909090909091
201612,3169,16.924090909090907
201601,3171,22.215238095238096
201602,3171,22.012307692307694
201603,3171,22.94608695652174
201604,3171,22.721052631578946
201605,3171,22.367619047619048
201606,3171,22.142380952380954
201607,3171,21.934117647058823
201608,3171,21.869545454545456
201609,3171,22.100555555555555
201610,3171,21.7485
201611,3171,21.637142857142855
201612,3171,21.492272727272727
201601,3176,73.44761904761906
201602,3176,75.78461538461538
201603,3176,72.84347826086957
201604,3176,63.75789473684211
201605,3176,64.13809523809525
201606,3176,81.91428571428571
201607,3176,80.17
201608,3176,77.35217391304347
201609,3176,70.15789473684211
201610,3176,67.925
201611,3176,66.9590909090909
201612,3176,78.87727272727273
201601,3178,18.219473684210527
201602,3178,17.641111111111112
201603,3178,17.583913043478262
201604,3178,20.946470588235293
201605,3178,18.814285714285713
201606,3178,19.93375
201607,3178,22.14
201608,3178,31.20695652173913
201609,3178,35.09722222222222
201610,3178,40.294
201611,3178,39.581818181818186
201612,3178,39.88227272727273
201607,3188,12.413
201608,3188,12.540434782608695
201609,3188,12.031578947368422
201610,3188,12.1265
201611,3188,12.034090909090908
201612,3188,11.842727272727274
201601,3189,48.03857142857142
201602,3189,56.100769230769224
201603,3189,56.80782608695652
201604,3189,50.64
201605,3189,49.57333333333333
201606,3189,54.63619047619047
201607,3189,54.0715
201608,3189,53.329130434782606
201609,3189,56.73684210526316
201610,3189,57.25750000000001
201611,3189,56.17227272727273
201612,3189,57.075
201601,3191,32.91428571428572
201602,3191,35.46153846153846
201603,3191,35.96086956521739
201604,3191,30.842105263157894
201605,3191,26.271428571428572
201606,3191,25.44285714285714
201607,3191,27.75
201608,3191,27.269565217391307
201609,3191,31.836842105263155
201610,3191,28.105
201611,3191,24.19090909090909
201612,3191,22.822727272727274
201603,3202,10.033043478260868
201604,3202,10.688947368421053
201605,3202,11.122857142857143
201606,3202,12.38
201607,3202,12.190999999999999
201608,3202,12.934782608695652
201609,3202,14.488947368421053
201610,3202,13.0275
201611,3202,11.06409090909091
201612,3202,13.031818181818181
201601,3205,255.53
201602,3205,268.79076923076923
201603,3205,258.61826086956523
201604,3205,226.14105263157896
201605,3205,198.47952380952378
201606,3205,177.94666666666666
201607,3205,169.2045
201608,3205,149.08260869565217
201609,3205,141.60736842105263
201610,3205,129.815
201611,3205,97.33272727272728
201612,3205,100.92045454545455
201601,3206,10.439047619047619
201602,3206,11.674615384615386
201603,3206,12.248695652173915
201604,3206,12.440000000000001
201605,3206,12.794285714285715
201606,3206,12.930476190476192
201607,3206,14.424000000000001
201608,3206,14.22695652173913
201609,3206,12.641052631578948
201610,3206,12.9195
201611,3206,11.933636363636365
201612,3206,12.905
201607,3207,10.843
201608,3207,11.627391304347826
201609,3207,12.127894736842105
201610,3207,12.342
201611,3207,11.721904761904762
201612,3207,11.585714285714285
201601,3209,10.931904761904761
201602,3209,11.651538461538461
201603,3209,12.830434782608696
201604,3209,13.277894736842105
201605,3209,12.395238095238096
201606,3209,12.627142857142857
201607,3209,13.801499999999999
201608,3209,13.684347826086958
201609,3209,13.663157894736843
201610,3209,13.500499999999999
201611,3209,12.831818181818182
201612,3209,12.813636363636363
201601,3211,21.236190476190476
201602,3211,22.178461538461537
201603,3211,23.519565217391307
201604,3211,23.51578947368421
201605,3211,21.913809523809523
201606,3211,22.18095238095238
201607,3211,22.663999999999998
201608,3211,22.215652173913046
201609,3211,21.51736842105263
201610,3211,21.347
201611,3211,18.996363636363636
201612,3211,19.089545454545455
201601,3213,19.646666666666665
201602,3213,19.156153846153845
201603,3213,19.62391304347826
201604,3213,18.860526315789475
201605,3213,18.403333333333332
201606,3213,18.027142857142856
201607,3213,17.951
201608,3213,18.40869565217391
201609,3213,18.69
201610,3213,18.734
201611,3213,18.61090909090909
201612,3213,19.509545454545453
201610,3217,10.608
201611,3217,11.34681818181818
201612,3217,12.77409090909091
201601,3218,14.968095238095238
201602,3218,15.698461538461537
201603,3218,15.66391304347826
201604,3218,15.163684210526316
201605,3218,14.94142857142857
201606,3218,15.096666666666666
201607,3218,15.248
201608,3218,15.089565217391305
201609,3218,15.18157894736842
201610,3218,15.5805
201611,3218,14.346363636363636
201612,3218,14.49909090909091
201609,3219,11.847777777777777
201610,3219,19.608
201611,3219,23.871363636363636
201612,3219,22.7825
201601,3221,14.865714285714287
201602,3221,17.742307692307694
201603,3221,18.194347826086958
201604,3221,17.201052631578946
201605,3221,18.025238095238095
201606,3221,19.698095238095238
201607,3221,20.363999999999997
201608,3221,19.625652173913043
201609,3221,20.056315789473683
201610,3221,20.038
201611,3221,18.168181818181818
201612,3221,17.552727272727275
201601,3224,26.624761904761904
201602,3224,28.063076923076924
201603,3224,29.77608695652174
201604,3224,30.140526315789472
201605,3224,25.357142857142858
201606,3224,24.416190476190476
201607,3224,25.716500000000003
201608,3224,26.950869565217392
201609,3224,27.535263157894736
201610,3224,27.756
201611,3224,26.102272727272727
201612,3224,27.070909090909094
201601,3226,48.31285714285715
201602,3226,51.29769230769231
201603,3226,53.43695652173913
201604,3226,51.08894736842105
201605,3226,49.99333333333334
201606,3226,49.94809523809524
201607,3226,49.4655
201608,3226,48.490434782608695
201609,3226,47.461052631578944
201610,3226,47.470555555555556
201611,3226,47.059090909090905
201612,3226,47.48545454545455
201601,3227,47.03047619047619
201602,3227,48.72
201603,3227,49.719130434782606
201604,3227,50.25736842105263
201605,3227,42.913809523809526
201606,3227,44.168571428571425
201607,3227,47.933
201608,3227,49.43608695652174
201609,3227,47.6621052631579
201610,3227,47.054500000000004
201611,3227,43.91863636363637
201612,3227,44.55045454545455
201601,3228,19.563499999999998
201602,3228,18.413076923076922
201603,3228,18.25086956521739
201604,3228,16.582105263157896
201605,3228,14.533333333333333
201606,3228,15.51
201607,3228,16.461000000000002
201608,3228,16.67
201609,3228,18.475263157894734
201610,3228,17.1315
201611,3228,15.05090909090909
201612,3228,14.489090909090908
201601,3229,38.688095238095244
201602,3229,39.37384615384615
201603,3229,49.910869565217396
201604,3229,50.42526315789474
201605,3229,41.66238095238095
201606,3229,44.73380952380952
201607,3229,44.2255
201608,3229,40.036521739130436
201609,3229,35.87263157894737
201610,3229,35.7385
201611,3229,34.36
201612,3229,33.391363636363636
201601,3230,10.205238095238096
201602,3230,10.215384615384616
201603,3230,10.455652173913043
201604,3230,10.012631578947369
201607,3230,10.004000000000001
201608,3230,10.085652173913044
201610,3230,10.252500000000001
201602,3231,10.531538461538462
201603,3231,11.531304347826088
201604,3231,10.65157894736842
201605,3231,10.504761904761905
201606,3231,11.92904761904762
201607,3231,13.447
201608,3231,13.34
201609,3231,13.680000000000001
201610,3231,14.1975
201611,3231,13.893636363636364
201612,3231,14.079545454545455
201601,3232,20.382380952380952
201602,3232,18.525384615384617
201603,3232,19.163478260869564
201604,3232,15.436842105263159
201605,3232,13.277142857142858
201606,3232,18.77904761904762
201607,3232,18.3855
201608,3232,17.26608695652174
201609,3232,15.342105263157896
201610,3232,16.3735
201611,3232,14.316363636363635
201612,3232,15.842272727272727
201601,3234,98.07333333333334
201602,3234,106.60076923076923
201603,3234,114.11434782608696
201604,3234,99.18947368421053
201605,3234,82.5647619047619
201606,3234,89.69714285714286
201607,3234,84.3395
201608,3234,85.28076923076924
201609,3234,62.252631578947366
201610,3234,53.6235
201611,3234,44.70227272727273
201612,3234,49.19681818181818
201607,3236,10.342
201608,3236,12.921739130434782
201609,3236,13.264736842105263
201610,3236,14.2045
201611,3236,12.786818181818182
201612,3236,12.936818181818182
201601,3252,15.808571428571428
201602,3252,16.693076923076923
201603,3252,17.002173913043478
201604,3252,26.762105263157896
201605,3252,23.597142857142856
201606,3252,23.43285714285714
201607,3252,22.014
201608,3252,21.48
201609,3252,19.262631578947367
201610,3252,21.66611111111111
201611,3252,20.48681818181818
201612,3252,21.487727272727273
201601,3257,22.08857142857143
201602,3257,22.053076923076922
201603,3257,22.79869565217391
201604,3257,21.330526315789474
201605,3257,19.515714285714285
201606,3257,19.70952380952381
201607,3257,20.2245
201608,3257,22.617391304347827
201609,3257,24.59842105263158
201610,3257,22.472
201611,3257,20.957272727272727
201612,3257,21.48681818181818
201601,3259,52.381904761904764
201602,3259,60.341538461538455
201603,3259,66.12869565217392
201604,3259,57.7321052631579
201605,3259,53.76238095238095
201606,3259,53.92666666666667
201607,3259,51.517999999999994
201608,3259,52.210434782608694
201609,3259,51.50684210526316
201610,3259,52.7125
201611,3259,49.39181818181819
201612,3259,38.11227272727273
201601,3260,20.37666666666667
201602,3260,20.893846153846155
201603,3260,20.955652173913045
201604,3260,19.313157894736843
201605,3260,18.566190476190474
201606,3260,23.541428571428572
201607,3260,27.319499999999998
201608,3260,27.364782608695652
201609,3260,29.198947368421052
201610,3260,31.825
201611,3260,31.974545454545456
201612,3260,33.67
201601,3264,12.844285714285714
201602,3264,13.263076923076921
201603,3264,13.633478260869564
201604,3264,12.77
201605,3264,11.441904761904762
201606,3264,11.41
201607,3264,12.17
201608,3264,14.024782608695652
201609,3264,15.456842105263158
201610,3264,15.580000000000002
201611,3264,14.707272727272727
201612,3264,15.694545454545453
201601,3265,12.012857142857143
201602,3265,11.633076923076922
201603,3265,12.61304347826087
201604,3265,13.01
201605,3265,12.99
201606,3265,14.748571428571429
201607,3265,15.7965
201608,3265,17.55260869565217
201609,3265,17.366315789473685
201610,3265,16.7425
201611,3265,16.026818181818182
201612,3265,15.029545454545454
201601,3266,10.0595
201603,3266,11.331739130434782
201604,3266,10.799473684210525
201605,3266,10.707619047619048
201606,3266,10.678571428571429
201607,3266,10.9905
201608,3266,10.421304347826087
201609,3266,10.347894736842106
201610,3266,10.454
201611,3266,10.225454545454546
201612,3266,10.30590909090909
201601,3268,12.713333333333335
201602,3268,12.358333333333334
201603,3268,13.415652173913044
201604,3268,12.094736842105263
201605,3268,11.082857142857144
201606,3268,11.304761904761905
201607,3268,11.824
201608,3268,11.566086956521739
201609,3268,11.781052631578948
201610,3268,11.8
201611,3268,10.580454545454545
201612,3268,10.787727272727272
201601,3272,34.95
201602,3272,36.16384615384615
201603,3272,40.17913043478261
201604,3272,34.38473684210527
201605,3272,28.503809523809526
201606,3272,27.830476190476187
201607,3272,29.1195
201608,3272,30.008695652173916
201609,3272,35.114736842105266
201610,3272,37.445
201611,3272,34.90954545454545
201612,3272,35.29727272727273
201607,3276,12.809999999999999
201608,3276,14.275217391304347
201609,3276,14.81105263157895
201610,3276,13.747499999999999
201611,3276,10.527272727272727
201612,3276,10.506818181818183
201607,3284,13.1405
201608,3284,14.218695652173912
201609,3284,14.183157894736842
201610,3284,14.851499999999998
201611,3284,15.156818181818181
201612,3284,17.042272727272728
201601,3285,21.173809523809524
201602,3285,21.19538461538462
201603,3285,23.593478260869563
201604,3285,21.79
201605,3285,20.573809523809523
201606,3285,20.443333333333335
201607,3285,21.3345
201608,3285,20.887826086956522
201609,3285,21.205789473684213
201610,3285,19.185499999999998
201611,3285,15.861363636363636
201612,3285,16.416818181818183
201601,3288,25.82888888888889
201602,3288,28.53916666666667
201603,3288,32.86826086956522
201604,3288,30.474
201605,3288,27.27125
201606,3288,27.186666666666667
201607,3288,25.812727272727273
201608,3288,22.920526315789473
201609,3288,26.733571428571427
201610,3288,25.106666666666666
201611,3288,19.71941176470588
201612,3288,17.437
201601,3289,58.99857142857143
201602,3289,72.20153846153846
201603,3289,73.98565217391305
201604,3289,82.11473684210527
201605,3289,78.36619047619048
201606,3289,79.46428571428571
201607,3289,81.86
201608,3289,80.06217391304348
201609,3289,73.88947368421053
201610,3289,67.951
201611,3289,67.04045454545455
201612,3289,74.78363636363636
201601,3290,10.130952380952381
201602,3290,10.088461538461539
201603,3290,10.871304347826086
201604,3290,10.602105263157895
201605,3290,10.01952380952381
201607,3290,10.098
201608,3290,10.137391304347826
201609,3290,10.122105263157895
201610,3290,10.561
201611,3290,11.628636363636362
201612,3290,12.695
201601,3293,44.387142857142855
201602,3293,67.99307692307693
201603,3293,81.50173913043479
201604,3293,96.18947368421053
201605,3293,90.97761904761904
201606,3293,93.43809523809524
201607,3293,84.098
201608,3293,75.33043478260869
201609,3293,63.02736842105263
201610,3293,66.1305
201611,3293,56.33772727272728
201612,3293,68.95681818181818
201601,3294,13.776666666666667
201602,3294,11.839230769230769
201603,3294,11.71391304347826
201604,3294,11.58578947368421
201605,3294,11.689047619047619
201606,3294,11.408095238095237
201607,3294,11.8395
201608,3294,12.328695652173913
201609,3294,15.112105263157895
201610,3294,14.276
201611,3294,13.984545454545456
201612,3294,14.052727272727275
201601,3296,10.477619047619047
201602,3296,10.62923076923077
201603,3296,11.88304347826087
201604,3296,11.170526315789473
201607,3296,11.114
201608,3296,12.047826086956523
201609,3296,11.508947368421053
201610,3296,10.752500000000001
201611,3296,10.618636363636364
201612,3296,10.696363636363635
201601,3297,14.835238095238097
201602,3297,15.2
201603,3297,16.09086956521739
201604,3297,15.758421052631578
201605,3297,15.404285714285715
201606,3297,15.327142857142857
201607,3297,15.885499999999999
201608,3297,15.98695652173913
201609,3297,16.133684210526315
201610,3297,15.943999999999999
201611,3297,15.15409090909091
201612,3297,15.42681818181818
201602,3303,10.192307692307692
201603,3303,10.959130434782608
201604,3303,11.81421052631579
201605,3303,12.378095238095238
201606,3303,11.847619047619048
201607,3303,11.9115
201608,3303,12.612608695652172
201609,3303,12.73842105263158
201610,3303,11.843
201611,3303,11.296818181818182
201612,3303,11.303636363636365
201601,3305,14.69190476190476
201602,3305,16.163076923076922
201603,3305,15.82304347826087
201604,3305,14.900526315789474
201605,3305,13.217619047619047
201606,3305,14.044285714285715
201607,3305,15.2835
201608,3305,17.932173913043478
201609,3305,19.563684210526315
201610,3305,20.326
201611,3305,19.21409090909091
201612,3305,20.004545454545454
201601,3306,17.52095238095238
201602,3306,18.65153846153846
201603,3306,19.461739130434783
201604,3306,18.8
201605,3306,18.17809523809524
201606,3306,17.934
201607,3306,21.482499999999998
201608,3306,25.906521739130437
201609,3306,23.846842105263157
201610,3306,20.6415
201611,3306,18.55090909090909
201612,3306,20.734545454545454
201601,3308,10.43
201602,3308,10.416923076923077
201603,3308,11.078260869565218
201604,3308,10.996111111111112
201605,3308,10.743809523809524
201606,3308,10.68
201607,3308,12.1565
201608,3308,12.734347826086957
201609,3308,11.82578947368421
201610,3308,11.5745
201611,3308,11.26590909090909
201612,3308,11.198636363636364
201601,3310,12.619499999999999
201602,3310,12.374615384615385
201603,3310,14.034782608695652
201604,3310,13.874736842105264
201605,3310,13.328095238095237
201606,3310,13.289047619047619
201607,3310,12.982499999999998
201608,3310,12.753043478260869
201609,3310,12.60578947368421
201610,3310,14.061818181818182
201611,3310,15.835454545454546
201612,3310,15.889999999999999
201601,3311,23.084761904761905
201602,3311,25.16
201603,3311,25.334782608695654
201604,3311,22.933157894736844
201605,3311,20.555238095238092
201606,3311,21.11904761904762
201607,3311,21.716
201608,3311,23.51913043478261
201609,3311,23.416315789473682
201610,3311,22.201999999999998
201611,3311,21.152272727272727
201612,3311,20.93409090909091
201608,3313,12.386086956521739
201609,3313,15.269473684210526
201610,3313,15.0935
201611,3313,16.939545454545456
201612,3313,21.89590909090909
201601,3315,13.83095238095238
201602,3315,14.732307692307693
201603,3315,15.62217391304348
201604,3315,15.839473684210526
201605,3315,15.366666666666665
201606,3315,15.356666666666667
201607,3315,16.8125
201608,3315,17.019565217391303
201609,3315,17.352631578947367
201610,3315,18.04
201611,3315,16.85909090909091
201612,3315,16.545454545454547
201608,3317,10.79
201609,3317,11.02736842105263
201610,3317,10.82
201601,3321,65.29666666666667
201602,3321,62.06923076923077
201603,3321,68.13304347826087
201604,3321,65.55684210526316
201605,3321,56.399523809523814
201606,3321,51.03476190476191
201607,3321,44.015
201608,3321,42.460434782608694
201609,3321,42.48842105263158
201610,3321,41.0555
201611,3321,35.67272727272727
201612,3321,33.49409090909091
201603,3322,10.208695652173914
201601,3323,11.244761904761905
201602,3323,11.436923076923078
201603,3323,12.53391304347826
201604,3323,12.51157894736842
201605,3323,12.100476190476192
201606,3323,11.91095238095238
201607,3323,12.766499999999999
201608,3323,12.523478260869567
201609,3323,12.351052631578947
201610,3323,12.2635
201611,3323,11.898181818181818
201612,3323,11.976818181818182
201601,3324,36.76619047619048
201602,3324,47.88461538461539
201603,3324,60.32869565217391
201604,3324,53.24947368421053
201605,3324,46.13333333333333
201606,3324,53.01809523809524
201607,3324,62.8375
201608,3324,80.27782608695652
201609,3324,80.80315789473684
201610,3324,79.191
201611,3324,74.95045454545455
201612,3324,79.01136363636364
201601,3325,13.11047619047619
201602,3325,13.156923076923077
201603,3325,15.038260869565217
201604,3325,14.308947368421054
201605,3325,12.524761904761904
201606,3325,13.512857142857142
201607,3325,17.189500000000002
201608,3325,17.826521739130435
201609,3325,19.087894736842106
201610,3325,19.7605
201611,3325,21.30318181818182
201612,3325,22.821363636363635
201601,3332,24.889999999999997
201602,3332,25.25
201603,3332,25.219444444444445
201604,3332,25.132857142857144
201605,3332,24.985
201606,3332,25.450714285714287
201607,3332,25.513125
201608,3332,26.03235294117647
201609,3332,26.035
201610,3332,25.829333333333334
201611,3332,25.649333333333335
201612,3332,25.235
201601,3338,15.743809523809524
201602,3338,17.48846153846154
201603,3338,17.966521739130435
201604,3338,17.431052631578947
201605,3338,15.21238095238095
201606,3338,15.350000000000001
201607,3338,16.8445
201608,3338,19.99304347826087
201609,3338,23.00315789473684
201610,3338,22.557499999999997
201611,3338,21.455454545454543
201612,3338,24.027272727272727
201601,3339,21.303809523809523
201602,3339,21.372500000000002
201603,3339,22.65478260869565
201604,3339,14.353684210526318
201605,3339,12.854761904761904
201606,3339,12.70047619047619
201607,3339,13.504499999999998
201608,3339,13.15181818181818
201609,3339,15.665333333333333
201610,3339,13.895333333333333
201611,3339,12.9435
201612,3339,12.486315789473684
201601,3346,18.332
201602,3346,18.313076923076924
201603,3346,19.389565217391304
201604,3346,18.75052631578947
201605,3346,19.265714285714285
201606,3346,23.235
201607,3346,26.5485
201608,3346,26.991304347826084
201609,3346,28.334999999999997
201610,3346,30.893
201611,3346,30.15636363636364
201612,3346,38.63545454545454
201601,3349,24.592
201602,3349,33.135384615384616
201603,3349,35.35631578947368
201604,3349,35.696875
201605,3349,33.333636363636366
201606,3349,31.091538461538462
201607,3349,29.366666666666664
201608,3349,24.848666666666666
201609,3349,21.802500000000002
201610,3349,25.77722222222222
201611,3349,22.50052631578947
201612,3349,20.288888888888888
201601,3356,53.969047619047615
201602,3356,56.03307692307692
201603,3356,57.6504347826087
201604,3356,53.92263157894737
201605,3356,45.983333333333334
201606,3356,46.19571428571429
201607,3356,46.4585
201608,3356,44.67391304347826
201609,3356,41.76
201610,3356,38.513
201611,3356,36.289545454545454
201612,3356,38.049090909090914
201601,3357,18.627857142857145
201602,3357,18.815555555555555
201603,3357,20.346190476190475
201604,3357,19.573125
201605,3357,19.476363636363633
201606,3357,19.459444444444443
201607,3357,18.984117647058824
201608,3357,18.734444444444446
201609,3357,19.245454545454546
201610,3357,19.18176470588235
201611,3357,18.399
201612,3357,18.518823529411765
201602,3360,10.265384615384615
201603,3360,13.200869565217392
201604,3360,12.704736842105262
201606,3360,10.129523809523809
201607,3360,10.437000000000001
201608,3360,10.860869565217392
201609,3360,11.902105263157894
201610,3360,12.2885
201611,3360,12.019545454545455
201612,3360,14.04409090909091
201601,3362,11.202380952380953
201602,3362,12.126923076923077
201603,3362,12.283478260869565
201604,3362,11.299473684210525
201605,3362,12.168571428571429
201606,3362,14.87904761904762
201607,3362,21.2635
201608,3362,20.556521739130435
201609,3362,19.251578947368422
201610,3362,20.307000000000002
201611,3362,20.560454545454547
201612,3362,22.505454545454544
201601,3363,20.24809523809524
201602,3363,20.61923076923077
201603,3363,22.882173913043477
201604,3363,22.26421052631579
201605,3363,21.978571428571428
201606,3363,22.400000000000002
201607,3363,22.448500000000003
201608,3363,21.59173913043478
201609,3363,21.967894736842105
201610,3363,21.017500000000002
201611,3363,20.431818181818183
201612,3363,20.745
201601,3372,16.634285714285713
201602,3372,15.873846153846156
201603,3372,15.48608695652174
201604,3372,14.851578947368422
201605,3372,14.685238095238095
201606,3372,15.468571428571428
201607,3372,15.413999999999998
201608,3372,15.338260869565216
201609,3372,15.69157894736842
201610,3372,16.063
201611,3372,15.94818181818182
201612,3372,15.631818181818181
201601,3373,14.937142857142858
201602,3373,16.00076923076923
201603,3373,17.381304347826084
201604,3373,18.502105263157894
201605,3373,18.244761904761905
201606,3373,21.03333333333333
201607,3373,18.7655
201608,3373,17.545217391304345
201609,3373,16.262105263157896
201610,3373,14.834999999999999
201611,3373,13.275
201612,3373,13.625
201601,3374,24.98095238095238
201602,3374,26.756153846153843
201603,3374,27.307391304347828
201604,3374,24.586842105263155
201605,3374,20.167142857142856
201606,3374,19.467619047619046
201607,3374,20.5315
201608,3374,23.010434782608694
201609,3374,26.97578947368421
201610,3374,30.345999999999997
201611,3374,26.69727272727273
201612,3374,28.20681818181818
201601,3376,79.42095238095237
201602,3376,73.59923076923077
201603,3376,73.87217391304348
201604,3376,69.39421052631579
201605,3376,66.82095238095238
201606,3376,73.29714285714286
201607,3376,72.4005
201608,3376,77.34260869565217
201609,3376,72.80052631578947
201610,3376,73.55199999999999
201611,3376,60.66863636363637
201612,3376,58.63045454545454
201601,3379,11.843333333333334
201602,3379,11.743076923076924
201603,3379,12.951304347826087
201604,3379,12.677894736842106
201605,3379,11.41095238095238
201606,3379,11.242857142857142
201607,3379,11.3545
201608,3379,10.505217391304347
201609,3379,10.409473684210527
201610,3379,10.0925
201601,3380,10.922857142857143
201602,3380,11.087692307692306
201603,3380,11.69086956521739
201604,3380,11.706842105263158
201605,3380,11.311428571428571
201606,3380,12.971904761904764
201607,3380,14.1815
201608,3380,16.131304347826084
201609,3380,15.198421052631579
201610,3380,13.6595
201611,3380,12.995454545454544
201612,3380,14.30909090909091
201601,3383,34.41380952380952
201602,3383,32.90076923076923
201603,3383,31.603478260869565
201604,3383,28.02157894736842
201605,3383,18.94904761904762
201606,3383,20.41952380952381
201607,3383,22.961000000000002
201608,3383,20.967391304347824
201609,3383,21.92578947368421
201610,3383,20.982999999999997
201611,3383,15.523181818181818
201612,3383,11.200454545454546
201601,3388,32.71380952380952
201602,3388,33.810769230769225
201603,3388,34.845217391304345
201604,3388,33.81368421052632
201605,3388,31.563333333333336
201606,3388,31.41428571428571
201607,3388,32.414
201608,3388,32.745652173913044
201609,3388,33.56894736842106
201610,3388,33.6645
201611,3388,34.319545454545455
201612,3388,35.38409090909091
201602,3390,10.03076923076923
201603,3390,10.882608695652175
201604,3390,10.462631578947368
201606,3390,10.492380952380952
201607,3390,10.597
201608,3390,10.796086956521739
201609,3390,11.287894736842105
201610,3390,11.6135
201611,3390,10.267727272727273
201612,3390,11.231818181818182
201607,3402,10.5535
201608,3402,12.443478260869565
201609,3402,12.4
201610,3402,12.882
201611,3402,12.381818181818181
201612,3402,12.798181818181819
201601,3406,45.36952380952381
201602,3406,47.72538461538462
201603,3406,53.42260869565217
201604,3406,47.33947368421053
201605,3406,39.28190476190476
201606,3406,43.57809523809524
201607,3406,48.021499999999996
201608,3406,48.3004347826087
201609,3406,46.04789473684211
201610,3406,44.7175
201611,3406,55.76499999999999
201612,3406,91.24863636363636
201601,3413,42.50238095238095
201602,3413,53.41538461538461
201603,3413,60.59782608695652
201604,3413,55.31052631578948
201605,3413,48.614761904761906
201606,3413,45.89047619047619
201607,3413,47.5005
201608,3413,53.305217391304346
201609,3413,53.24368421052632
201610,3413,51.492
201611,3413,50.13363636363636
201612,3413,53.320454545454545
201601,3416,32.45333333333333
201602,3416,31.911538461538463
201603,3416,32.95304347826087
201604,3416,31.831052631578945
201605,3416,30.55857142857143
201606,3416,30.035238095238096
201607,3416,30.358999999999998
201608,3416,31.07521739130435
201609,3416,31.404210526315786
201610,3416,30.984
201611,3416,32.37
201612,3416,33.99409090909091
201601,3419,14.99047619047619
201602,3419,16.10153846153846
201603,3419,16.56304347826087
201604,3419,15.226315789473684
201605,3419,14.087142857142856
201606,3419,14.012380952380951
201607,3419,14.5995
201608,3419,14.614782608695652
201609,3419,15.259473684210526
201610,3419,15.157499999999999
201611,3419,14.867727272727272
201612,3419,15.282272727272726
201601,3426,23.493333333333336
201602,3426,22.159
201603,3426,22.485384615384614
201604,3426,22.064615384615383
201605,3426,21.233571428571427
201606,3426,21.1225
201607,3426,22.01142857142857
201608,3426,22.254285714285714
201609,3426,25.185000000000002
201610,3426,29.271499999999996
201611,3426,28.361904761904764
201612,3426,29.745238095238093
201601,3430,16.54
201602,3430,16.282857142857143
201603,3430,16.641052631578948
201604,3430,16.388666666666666
201605,3430,15.574166666666665
201606,3430,15.417222222222222
201607,3430,15.943157894736842
201608,3430,16.706315789473685
201609,3430,16.7875
201610,3430,15.806315789473684
201611,3430,15.120000000000001
201612,3430,14.31
201601,3432,18.942857142857143
201602,3432,18.93076923076923
201603,3432,20.003478260869564
201604,3432,18.334736842105265
201605,3432,16.927142857142858
201606,3432,17.404761904761905
201607,3432,19.053
201608,3432,18.382608695652173
201609,3432,19.462105263157895
201610,3432,20.930500000000002
201611,3432,20.281363636363636
201612,3432,20.165454545454544
201604,3434,10.632105263157895
201605,3434,10.999444444444444
201606,3434,10.591176470588236
201607,3434,10.473888888888888
201608,3434,10.519499999999999
201609,3434,10.196428571428571
201601,3437,22.31904761904762
201602,3437,25.074615384615388
201603,3437,24.444782608695654
201604,3437,22.19736842105263
201605,3437,19.649047619047618
201606,3437,19.89047619047619
201607,3437,21.669
201608,3437,21.711739130434783
201609,3437,22.091052631578947
201610,3437,22.547
201611,3437,20.827272727272728
201612,3437,21.198636363636364
201601,3438,17.994761904761905
201602,3438,18.611538461538462
201603,3438,19.91521739130435
201604,3438,23.49
201605,3438,20.062857142857144
201606,3438,19.906666666666666
201607,3438,21.5915
201608,3438,21.41391304347826
201609,3438,20.687368421052632
201610,3438,20.3215
201611,3438,18.874545454545455
201612,3438,19.248181818181816
201607,3441,11.128499999999999
201608,3441,10.798260869565217
201609,3441,11.197894736842105
201610,3441,10.596
201611,3441,10.644090909090908
201612,3441,11.697272727272725
201601,3443,50.95809523809523
201602,3443,61.973076923076924
201603,3443,70.76869565217392
201604,3443,65.59263157894736
201605,3443,58.88333333333333
201606,3443,61.43952380952381
201607,3443,63.969500000000004
201608,3443,65.69
201609,3443,65.16105263157894
201610,3443,66.356
201611,3443,65.58954545454546
201612,3443,66.41954545454546
201602,3444,10.05076923076923
201603,3444,10.529565217391305
201604,3444,11.501052631578949
201605,3444,10.6995
201606,3444,10.663809523809524
201607,3444,10.6465
201608,3444,11.105
201609,3444,11.66578947368421
201610,3444,11.7695
201611,3444,13.014090909090909
201612,3444,13.196363636363635
201601,3450,58.460952380952385
201602,3450,64.3623076923077
201603,3450,74.64478260869565
201604,3450,80.80684210526316
201605,3450,70.19333333333333
201606,3450,71.30761904761906
201607,3450,75.76050000000001
201608,3450,77.5995652173913
201609,3450,70.1621052631579
201610,3450,68.27000000000001
201611,3450,67.78181818181818
201612,3450,76.32954545454545
201601,3454,52.22571428571429
201602,3454,54.48846153846154
201603,3454,56.57130434782609
201604,3454,53.21631578947368
201605,3454,49.28380952380952
201606,3454,52.41047619047619
201607,3454,58.239
201608,3454,63.24826086956522
201609,3454,60.02
201610,3454,56.8925
201611,3454,55.85727272727272
201612,3454,57.15909090909091
201601,3455,16.72952380952381
201602,3455,18.704615384615384
201603,3455,19.184347826086956
201604,3455,18.896842105263158
201605,3455,16.272857142857145
201606,3455,16.407619047619047
201607,3455,17.416
201608,3455,19.006521739130434
201609,3455,21.00526315789474
201610,3455,20.907
201611,3455,20.67909090909091
201612,3455,26.42409090909091
201601,3465,16.466666666666665
201602,3465,16.335
201603,3465,17.16894736842105
201604,3465,15.927499999999998
201605,3465,11.984444444444444
201606,3465,11.817499999999999
201607,3465,11.936666666666667
201608,3465,12.17
201609,3465,11.85
201610,3465,10.520909090909091
201601,3466,18.49
201602,3466,18.40909090909091
201603,3466,18.83238095238095
201604,3466,18.394117647058824
201605,3466,17.846111111111114
201606,3466,17.674285714285713
201607,3466,17.461666666666666
201608,3466,17.32
201609,3466,16.995882352941177
201610,3466,16.68
201611,3466,15.968235294117646
201612,3466,15.575000000000001
201601,3474,28.271428571428572
201602,3474,28.41923076923077
201603,3474,28.77391304347826
201604,3474,29.150000000000002
201605,3474,29.34047619047619
201606,3474,26.59047619047619
201607,3474,25.689999999999998
201608,3474,26.54565217391304
201609,3474,27.060526315789474
201610,3474,29.325
201611,3474,29.673809523809524
201601,3479,38.60190476190476
201602,3479,43.923846153846156
201603,3479,48.13956521739131
201604,3479,48.03578947368421
201605,3479,41.31
201606,3479,43.55238095238095
201607,3479,41.346999999999994
201608,3479,40.375217391304346
201609,3479,43.13894736842105
201610,3479,41.2305
201611,3479,35.01090909090909
201612,3479,37.220454545454544
201604,3483,10.518947368421053
201607,3483,10.122499999999999
201608,3483,12.82391304347826
201609,3483,12.62421052631579
201610,3483,15.469
201611,3483,15.235909090909091
201612,3483,14.66590909090909
201601,3484,21.625238095238096
201602,3484,27.874615384615385
201603,3484,29.718260869565217
201604,3484,25.510526315789473
201605,3484,23.535714285714285
201606,3484,24.254285714285714
201607,3484,26.345
201608,3484,29.15826086956522
201609,3484,29.604736842105265
201610,3484,28.718
201611,3484,25.564999999999998
201612,3484,26.312727272727273
201601,3490,49.91428571428572
201602,3490,50.12230769230769
201603,3490,51.13434782608695
201604,3490,47.99842105263158
201605,3490,46.47666666666667
201606,3490,41.83571428571428
201607,3490,32.449
201608,3490,32.372173913043476
201609,3490,32.525263157894734
201610,3490,25.422
201611,3490,23.94636363636364
201612,3490,31.155454545454543
201601,3491,45.28523809523809
201602,3491,49.20153846153846
201603,3491,53.14608695652174
201604,3491,50.76578947368421
201605,3491,46.06952380952381
201606,3491,45.93380952380952
201607,3491,46.7365
201608,3491,45.850434782608694
201609,3491,47.14736842105263
201610,3491,44.3845
201611,3491,43.36272727272728
201612,3491,48.97409090909091
201601,3492,20.073333333333334
201602,3492,27.966923076923077
201603,3492,28.214782608695653
201604,3492,27.265263157894736
201605,3492,25.373809523809523
201606,3492,24.843333333333334
201607,3492,27.389
201608,3492,27.18086956521739
201609,3492,27.777368421052632
201610,3492,23.526
201611,3492,19.049545454545452
201612,3492,21.819090909090907
201601,3494,51.26761904761904
201602,3494,51.76769230769231
201603,3494,76.59652173913044
201604,3494,64.82631578947368
201605,3494,63.093809523809526
201606,3494,67.10047619047619
201607,3494,65.9995
201608,3494,62.055217391304346
201609,3494,59.19315789473685
201610,3494,55.3775
201611,3494,51.49409090909091
201612,3494,52.58545454545455
201601,3498,63.63285714285714
201602,3498,74.22769230769231
201603,3498,78.49956521739131
201604,3498,71.70736842105264
201605,3498,61.95761904761904
201606,3498,62.49238095238095
201607,3498,61.6355
201608,3498,64.25
201609,3498,59.207368421052635
201610,3498,53.427499999999995
201611,3498,52.620909090909095
201612,3498,59.30227272727273
201601,3499,16.28047619047619
201602,3499,16.47769230769231
201603,3499,18.04608695652174
201604,3499,15.977894736842105
201605,3499,14.007619047619048
201606,3499,14.207619047619048
201607,3499,16.117
201608,3499,17.385217391304348
201609,3499,16.650000000000002
201610,3499,15.453999999999999
201611,3499,13.858636363636363
201612,3499,15.004545454545456
201601,3501,27.25904761904762
201602,3501,28.463076923076922
201603,3501,30.36130434782609
201604,3501,30.225263157894734
201605,3501,29.427142857142858
201606,3501,30.27714285714286
201607,3501,30.5265
201608,3501,30.500434782608696
201609,3501,29.821052631578947
201610,3501,29.1955
201611,3501,29.375
201612,3501,31.513636363636362
201601,3504,32.41952380952381
201602,3504,33.2
201603,3504,35.772608695652174
201604,3504,33.532105263157895
201605,3504,27.383333333333333
201606,3504,30.326666666666668
201607,3504,31.6375
201608,3504,29.51347826086956
201609,3504,28.962631578947367
201610,3504,27.742
201611,3504,25.627727272727274
201612,3504,26.181818181818183
201601,3508,12.592857142857142
201602,3508,12.899999999999999
201603,3508,14.095652173913043
201604,3508,13.450000000000001
201605,3508,12.069047619047618
201606,3508,12.114285714285714
201607,3508,13.330000000000002
201608,3508,12.482608695652175
201609,3508,13.810526315789472
201610,3508,16.134999999999998
201611,3508,15.75
201612,3508,16.329545454545453
201601,3511,19.50047619047619
201602,3511,23.61076923076923
201603,3511,24.14695652173913
201604,3511,24.961052631578948
201605,3511,20.426666666666666
201606,3511,22.382857142857144
201607,3511,21.3185
201608,3511,19.430434782608696
201609,3511,18.842105263157894
201610,3511,17.2065
201611,3511,13.929545454545455
201612,3511,15.116818181818182
201601,3512,16.562857142857144
201602,3512,16.01615384615385
201603,3512,17.14391304347826
201604,3512,17.57578947368421
201605,3512,16.876666666666665
201606,3512,16.5325
201607,3512,16.826
201608,3512,16.305238095238096
201609,3512,15.888421052631578
201610,3512,16.2145
201611,3512,16.485238095238095
201612,3512,16.015454545454546
201601,3514,31.34
201602,3514,31.25692307692308
201603,3514,27.950434782608696
201604,3514,23.190526315789473
201605,3514,22.137142857142855
201606,3514,23.287142857142857
201607,3514,23.847
201608,3514,21.227826086956522
201609,3514,20.526842105263157
201610,3514,23.061
201611,3514,18.562727272727273
201612,3514,18.063636363636363
201601,3515,23.305714285714288
201602,3515,25.205384615384617
201603,3515,27.012608695652172
201604,3515,27.202105263157897
201605,3515,25.348571428571425
201606,3515,24.83904761904762
201607,3515,26.0185
201608,3515,26.947391304347825
201609,3515,25.627368421052633
201610,3515,24.679
201611,3515,24.21590909090909
201612,3515,24.54909090909091
201603,3516,10.003043478260869
201607,3516,11.164
201608,3516,11.201739130434783
201609,3516,10.963684210526315
201610,3516,10.687000000000001
201611,3516,10.248181818181818
201601,3518,25.965238095238096
201602,3518,23.753076923076925
201603,3518,24.428695652173914
201604,3518,21.650526315789474
201605,3518,17.98190476190476
201606,3518,18.927142857142858
201607,3518,20.6025
201608,3518,20.694782608695654
201609,3518,21.67
201610,3518,21.724
201611,3518,19.683636363636364
201612,3518,19.435
201601,3519,21.854761904761904
201602,3519,23.01923076923077
201603,3519,21.354347826086954
201604,3519,19.060526315789474
201605,3519,19.814285714285717
201606,3519,21.385714285714286
201607,3519,20.357499999999998
201608,3519,18.547826086956523
201609,3519,17.96578947368421
201610,3519,18.31
201611,3519,16.13181818181818
201612,3519,16.12272727272727
201601,3520,177.75619047619048
201602,3520,166.48615384615385
201603,3520,208.2986956521739
201604,3520,184.90421052631578
201605,3520,150.26047619047617
201606,3520,156.10142857142858
201607,3520,192.95499999999998
201608,3520,212.60434782608695
201609,3520,195.39368421052632
201610,3520,163.1405
201611,3520,157.8068181818182
201612,3520,165.6936363636364
201601,3521,11.55
201602,3521,11.600000000000001
201603,3521,13.569565217391306
201604,3521,14.576315789473684
201605,3521,12.571428571428571
201606,3521,12.445238095238096
201607,3521,12.015
201608,3521,10.707391304347826
201609,3521,10.727777777777778
201610,3521,10.4725
201611,3521,10.156818181818181
201601,3522,15.591428571428573
201602,3522,16.46076923076923
201603,3522,18.893043478260868
201604,3522,22.144736842105264
201605,3522,24.003333333333334
201606,3522,33.63047619047619
201607,3522,62.185500000000005
201608,3522,84.37695652173913
201609,3522,82.06263157894738
201610,3522,67.85600000000001
201611,3522,66.95772727272727
201612,3522,73.72090909090909
201601,3523,87.73666666666666
201602,3523,91.64153846153846
201603,3523,90.3517391304348
201604,3523,89.4663157894737
201605,3523,77.49619047619048
201606,3523,70.03761904761905
201607,3523,65.75800000000001
201608,3523,65.92434782608696
201609,3523,55.16947368421053
201610,3523,55.8925
201611,3523,52.59227272727273
201612,3523,45.57727272727273
201601,3526,19.246190476190478
201602,3526,24.246153846153845
201603,3526,27.98304347826087
201604,3526,32.456842105263156
201605,3526,29.701428571428572
201606,3526,33.07238095238095
201607,3526,41.433
201608,3526,56.259565217391305
201609,3526,70.73263157894738
201610,3526,61.9645
201611,3526,60.371818181818185
201612,3526,64.42863636363637
201601,3527,25.755238095238095
201602,3527,28.014615384615386
201603,3527,33.133478260869566
201604,3527,37.32736842105263
201605,3527,41.84095238095238
201606,3527,45.86904761904762
201607,3527,47.217
201608,3527,48.106521739130436
201609,3527,46.54052631578947
201610,3527,46.309000000000005
201611,3527,45.712272727272726
201612,3527,48.04954545454545
201601,3528,14.433333333333334
201602,3528,15.756153846153847
201603,3528,17.172173913043476
201604,3528,16.85421052631579
201605,3528,16.67047619047619
201606,3528,16.775238095238095
201607,3528,17.2345
201608,3528,17.61826086956522
201609,3528,17.644736842105264
201610,3528,17.487000000000002
201611,3528,17.034545454545455
201612,3528,16.930909090909093
201601,3529,313.6947619047619
201602,3529,317.18307692307695
201603,3529,321.6665217391304
201604,3529,320.4715789473684
201605,3529,288.92857142857144
201606,3529,283.57476190476194
201607,3529,277.96999999999997
201608,3529,291.67826086956524
201609,3529,298.5410526315789
201610,3529,298.738
201611,3529,280.765
201612,3529,328.62136363636364
201601,3530,62.2075
201602,3530,72.54615384615384
201603,3530,77.64956521739131
201604,3530,85.34473684210526
201605,3530,84.475
201606,3530,133.43699999999998
201607,3530,152.5875
201608,3530,133.81739130434784
201609,3530,121.76333333333332
201610,3530,112.6865
201611,3530,98.91952380952381
201612,3530,108.398
201608,3531,11.05391304347826
201609,3531,10.882105263157895
201610,3531,11.291052631578948
201611,3531,10.978095238095237
201612,3531,11.07318181818182
201601,3532,48.22857142857143
201602,3532,53.370769230769234
201603,3532,54.09478260869565
201604,3532,49.061052631578946
201605,3532,45.730000000000004
201606,3532,46.28142857142857
201607,3532,46.958
201608,3532,49.26652173913044
201609,3532,53.060526315789474
201610,3532,50.6885
201611,3532,65.41181818181818
201612,3532,94.06590909090909
201601,3533,90.80428571428571
201602,3533,92.77
201603,3533,86.2008695652174
201604,3533,77.47894736842105
201605,3533,64.80666666666667
201606,3533,70.59095238095239
201607,3533,71.0205
201608,3533,66.48
201609,3533,68.29631578947368
201610,3533,65.8295
201611,3533,66.50363636363636
201612,3533,76.12636363636364
201603,3535,10.300869565217392
201604,3535,12.499473684210527
201605,3535,12.286666666666665
201606,3535,12.846666666666666
201607,3535,15.602
201608,3535,15.89391304347826
201609,3535,14.103684210526318
201610,3535,12.748000000000001
201611,3535,12.952272727272726
201612,3535,15.27
201604,3536,11.25
201605,3536,11.09952380952381
201606,3536,10.432380952380953
201607,3536,13.213999999999999
201608,3536,13.156521739130437
201609,3536,12.42315789473684
201610,3536,12.7905
201611,3536,17.37727272727273
201612,3536,17.60727272727273
201602,3537,10.58
201603,3537,11.28217391304348
201604,3537,10.111578947368422
201607,3537,10.383
201608,3537,10.496956521739131
201609,3537,10.31
201610,3537,11.4665
201611,3537,10.718636363636364
201612,3537,10.985909090909091
201604,3540,10.452105263157895
201606,3540,11.614285714285714
201607,3540,13.589500000000001
201608,3540,13.78217391304348
201609,3540,12.913157894736841
201610,3540,13.877500000000001
201611,3540,13.725
201612,3540,13.997272727272728
201601,3541,39.3252380952381
201602,3541,46.933076923076925
201603,3541,49.41652173913043
201604,3541,47.050000000000004
201605,3541,46.55619047619047
201606,3541,50.86428571428572
201607,3541,77.5575
201608,3541,87.4095652173913
201609,3541,92.6021052631579
201610,3541,77.2645
201611,3541,69.57727272727273
201612,3541,74.35363636363637
201610,3543,10.1595
201611,3543,10.03
201612,3543,10.761818181818182
201601,3545,28.16142857142857
201602,3545,28.456153846153846
201603,3545,29.733478260869564
201604,3545,27.138947368421054
201605,3545,25.65095238095238
201606,3545,26.20285714285714
201607,3545,26.4625
201608,3545,30.09173913043478
201609,3545,34.78842105263158
201610,3545,33.6345
201611,3545,34.429545454545455
201612,3545,33.55590909090909
201601,3546,14.322380952380952
201602,3546,14.318461538461538
201603,3546,14.93
201604,3546,13.795263157894738
201605,3546,13.369523809523809
201606,3546,17.407619047619047
201607,3546,20.047
201608,3546,30.775652173913045
201609,3546,27.904210526315794
201610,3546,33.4525
201611,3546,34.019090909090906
201612,3546,34.15772727272727
201601,3548,22.035714285714285
201602,3548,27.553076923076922
201603,3548,29.998260869565218
201604,3548,29.737368421052633
201605,3548,29.84952380952381
201606,3548,40.31904761904762
201607,3548,39.863
201608,3548,49.50869565217391
201609,3548,48.433684210526316
201610,3548,42.669
201611,3548,42.53727272727273
201612,3548,42.45272727272727
201608,3550,10.52608695652174
201609,3550,11.667894736842106
201610,3550,11.1295
201611,3550,10.65090909090909
201612,3550,10.804545454545455
201601,3551,22.68952380952381
201602,3551,24.560000000000002
201603,3551,25.514782608695654
201604,3551,23.66842105263158
201605,3551,21.166190476190476
201606,3551,21.175238095238097
201607,3551,22.9955
201608,3551,23.520000000000003
201609,3551,23.321052631578947
201610,3551,23.2035
201611,3551,21.458636363636366
201612,3551,21.06
201601,3552,276.637619047619
201602,3552,324.23923076923074
201603,3552,381.72913043478263
201604,3552,434.20157894736843
201605,3552,334.35999999999996
201606,3552,362.88619047619045
201607,3552,361.726
201608,3552,378.8478260869565
201609,3552,377.4484210526316
201610,3552,369.979
201611,3552,268.4186363636364
201612,3552,232.1159090909091
201601,3555,34.205238095238094
201602,3555,30.06692307692308
201603,3555,34.731904761904765
201604,3555,48.77263157894737
201605,3555,54.89142857142857
201606,3555,64.42761904761905
201607,3555,101.8545
201608,3555,90.37434782608696
201609,3555,84.28090909090909
201610,3555,89.382
201611,3555,83.08909090909091
201612,3555,80.58272727272727
201601,3556,22.819523809523808
201602,3556,26.114615384615384
201603,3556,27.845652173913045
201604,3556,26.796315789473685
201605,3556,24.493809523809524
201606,3556,24.699047619047615
201607,3556,26.470499999999998
201608,3556,26.35739130434783
201609,3556,26.166315789473686
201610,3556,26.752499999999998
201611,3556,25.562727272727273
201612,3556,26.056818181818183
201609,3557,10.56421052631579
201601,3558,139.38238095238097
201602,3558,135.02692307692308
201603,3558,130.06608695652173
201604,3558,109.57315789473684
201605,3558,103.04380952380953
201606,3558,99.4452380952381
201607,3558,101.53
201608,3558,103.02260869565217
201609,3558,98.99052631578947
201610,3558,89.9755
201611,3558,92.09818181818181
201612,3558,103.50545454545454
201601,3559,17.356666666666666
201602,3559,17.895384615384618
201603,3559,19.180434782608696
201604,3559,18.43
201605,3559,16.986190476190476
201606,3559,17.21142857142857
201607,3559,19.734
201608,3559,23.656521739130437
201609,3559,23.38684210526316
201610,3559,23.177500000000002
201611,3559,23.240909090909092
201612,3559,23.447727272727274
201601,3561,18.816666666666666
201602,3561,19.0
201603,3561,19.023913043478263
201604,3561,17.7
201605,3561,17.79047619047619
201606,3561,18.552380952380954
201607,3561,18.4025
201608,3561,16.054347826086957
201609,3561,15.618421052631579
201610,3561,16.0325
201611,3561,14.509090909090908
201612,3561,14.675
201601,3563,26.679523809523808
201602,3563,28.642307692307693
201603,3563,31.038260869565217
201604,3563,30.161578947368422
201605,3563,28.988095238095237
201606,3563,29.097142857142856
201607,3563,30.335500000000003
201608,3563,34.85913043478261
201609,3563,40.416842105263164
201610,3563,43.07
201611,3563,42.19863636363636
201612,3563,43.07772727272727
201601,3564,40.59047619047619
201602,3564,42.45692307692308
201603,3564,45.29869565217391
201604,3564,41.363157894736844
201605,3564,38.18666666666667
201606,3564,41.45142857142857
201607,3564,42.9255
201608,3564,42.377391304347825
201609,3564,44.4
201610,3564,41.5555
201611,3564,36.893181818181816
201612,3564,37.050909090909094
201609,3567,10.471578947368421
201610,3567,10.9485
201611,3567,12.12
201612,3567,13.00090909090909
201601,3570,30.570476190476192
201602,3570,33.69846153846154
201603,3570,36.63260869565217
201604,3570,36.13789473684211
201605,3570,31.331904761904763
201606,3570,30.253809523809526
201607,3570,31.7745
201608,3570,33.334782608695654
201609,3570,31.879473684210527
201610,3570,30.6565
201611,3570,30.809500000000003
201612,3570,32.24727272727273
201601,3573,26.169047619047618
201602,3573,26.18846153846154
201603,3573,25.930434782608696
201604,3573,26.13684210526316
201605,3573,26.300000000000004
201606,3573,26.353333333333335
201601,3576,36.68857142857143
201602,3576,39.35153846153846
201603,3576,37.82826086956521
201604,3576,32.397368421052626
201605,3576,29.536666666666665
201606,3576,29.93238095238095
201607,3576,29.5315
201608,3576,27.795217391304345
201609,3576,27.849473684210526
201610,3576,28.45
201611,3576,25.991818181818186
201612,3576,25.666363636363634
201601,3577,16.22904761904762
201602,3577,16.886923076923075
201603,3577,17.71
201604,3577,18.75315789473684
201605,3577,18.606666666666666
201606,3577,19.16952380952381
201607,3577,19.301
201608,3577,19.851304347826087
201609,3577,20.341578947368422
201610,3577,21.4565
201611,3577,19.98681818181818
201612,3577,20.159545454545455
201601,3579,14.942857142857143
201602,3579,15.63076923076923
201603,3579,14.799999999999999
201604,3579,13.360526315789473
201605,3579,13.640476190476189
201606,3579,14.730952380952383
201607,3579,14.505
201608,3579,13.345652173913043
201609,3579,12.876315789473685
201610,3579,12.5275
201611,3579,10.988181818181818
201612,3579,10.627272727272727
201601,3580,11.018095238095238
201602,3580,12.64846153846154
201603,3580,14.92695652173913
201604,3580,13.177368421052632
201605,3580,12.40952380952381
201606,3580,11.404761904761905
201608,3580,12.821304347826086
201609,3580,16.722631578947368
201610,3580,29.212
201611,3580,31.173636363636362
201612,3580,34.1109090909091
201603,3581,10.996521739130435
201604,3581,12.96
201605,3581,11.49047619047619
201606,3581,11.105714285714285
201607,3581,11.5375
201608,3581,12.45608695652174
201609,3581,12.49736842105263
201610,3581,12.315000000000001
201611,3581,11.271904761904763
201612,3581,11.575000000000001
201601,3583,54.229523809523805
201602,3583,54.340769230769226
201603,3583,57.59086956521739
201604,3583,59.154210526315794
201605,3583,53.50952380952381
201606,3583,53.31428571428571
201607,3583,54.486000000000004
201608,3583,52.75434782608695
201609,3583,51.28368421052632
201610,3583,48.275999999999996
201611,3583,45.31227272727273
201612,3583,45.33590909090909
201601,3587,41.31333333333333
201602,3587,46.74846153846154
201603,3587,54.90782608695652
201604,3587,54.66210526315789
201605,3587,51.46190476190476
201606,3587,56.16238095238096
201607,3587,64.07849999999999
201608,3587,63.21434782608696
201609,3587,59.50157894736842
201610,3587,59.6375
201611,3587,54.35136363636364
201612,3587,57.95954545454545
201601,3588,16.09
201602,3588,17.56923076923077
201603,3588,18.405217391304348
201604,3588,17.751052631578947
201605,3588,17.014285714285716
201606,3588,17.525714285714287
201607,3588,18.0535
201608,3588,18.17913043478261
201609,3588,22.02263157894737
201610,3588,24.075499999999998
201611,3588,20.923636363636362
201612,3588,21.74681818181818
201601,3591,12.849523809523808
201602,3591,13.24076923076923
201603,3591,13.277391304347827
201604,3591,12.52421052631579
201605,3591,10.180952380952382
201606,3591,10.790952380952382
201607,3591,12.124500000000001
201608,3591,11.460434782608695
201609,3591,11.938947368421053
201610,3591,11.4135
201611,3591,11.060454545454546
201612,3591,11.237272727272726
201601,3592,26.180500000000002
201602,3592,30.560769230769232
201603,3592,33.85260869565217
201604,3592,33.15105263157895
201605,3592,31.76238095238095
201606,3592,36.4225
201607,3592,40.7095
201608,3592,41.17608695652174
201609,3592,43.745
201610,3592,43.5875
201611,3592,38.12227272727272
201612,3592,38.03636363636363
201601,3593,14.905714285714286
201602,3593,15.296153846153846
201603,3593,15.267391304347825
201604,3593,14.636315789473683
201605,3593,13.700952380952382
201606,3593,13.291428571428572
201607,3593,12.6045
201608,3593,12.093913043478262
201609,3593,12.545789473684211
201610,3593,13.0845
201611,3593,12.15090909090909
201612,3593,11.456818181818182
201601,3594,21.695714285714285
201602,3594,23.293846153846154
201603,3594,26.61521739130435
201604,3594,25.303684210526313
201605,3594,22.396190476190476
201606,3594,22.82190476190476
201607,3594,24.433500000000002
201608,3594,24.124347826086957
201609,3594,23.68
201610,3594,22.566499999999998
201611,3594,19.811363636363637
201612,3594,19.70909090909091
201601,3596,23.775238095238098
201602,3596,28.402307692307694
201603,3596,29.348260869565216
201604,3596,28.085789473684212
201605,3596,30.14095238095238
201606,3596,34.21857142857143
201607,3596,34.790499999999994
201608,3596,42.2904347826087
201609,3596,41.739999999999995
201610,3596,37.183
201611,3596,35.74772727272727
201612,3596,35.532272727272726
201601,3597,10.387777777777778
201602,3597,10.551666666666668
201603,3597,10.4575
201604,3597,10.363333333333333
201605,3597,10.77
201607,3597,10.614
201608,3597,10.42
201609,3597,10.561666666666667
201610,3597,10.91
201611,3597,10.969999999999999
201612,3597,10.96
201601,3598,49.08095238095238
201602,3598,49.54230769230769
201603,3598,49.66304347826087
201604,3598,50.26052631578948
201605,3598,50.71764705882353
201601,3605,22.747619047619047
201602,3605,30.435384615384613
201603,3605,29.700869565217392
201604,3605,28.272105263157894
201605,3605,21.913809523809523
201606,3605,21.289523809523807
201607,3605,21.137
201608,3605,20.23695652173913
201609,3605,20.465789473684207
201610,3605,20.419
201611,3605,18.868636363636366
201612,3605,20.114545454545453
201601,3607,29.225238095238097
201602,3607,29.658461538461538
201603,3607,31.03739130434783
201604,3607,29.986315789473686
201605,3607,26.53142857142857
201606,3607,26.16142857142857
201607,3607,27.342000000000002
201608,3607,26.27130434782609
201609,3607,25.358947368421052
201610,3607,22.7095
201611,3607,22.312727272727273
201612,3607,22.991818181818182
201601,3609,10.866428571428571
201602,3609,10.860000000000001
201603,3609,11.239
201604,3609,11.318333333333335
201605,3609,11.334444444444443
201606,3609,12.21904761904762
201607,3609,11.833499999999999
201608,3609,13.995652173913042
201609,3609,14.670625
201610,3609,14.44375
201611,3609,14.188571428571427
201612,3609,13.708333333333334
201601,3611,148.93380952380954
201602,3611,154.22692307692307
201603,3611,157.07260869565218
201604,3611,161.73842105263157
201605,3611,145.93952380952382
201606,3611,139.43761904761905
201607,3611,139.01500000000001
201608,3611,135.39391304347825
201609,3611,132.52526315789473
201610,3611,128.7935
201611,3611,118.895
201612,3611,128.10772727272726
201601,3615,16.465714285714288
201602,3615,20.93846153846154
201603,3615,19.02695652173913
201604,3615,17.414210526315788
201605,3615,16.322857142857142
201606,3615,16.567142857142855
201607,3615,18.6675
201608,3615,18.705652173913045
201609,3615,18.96421052631579
201610,3615,17.6
201611,3615,16.538181818181815
201612,3615,21.148636363636363
201601,3617,64.90523809523809
201602,3617,68.16692307692307
201603,3617,61.74913043478261
201604,3617,57.188421052631575
201605,3617,58.43142857142857
201606,3617,72.78809523809524
201607,3617,72.39450000000001
201608,3617,79.52347826086957
201609,3617,75.32263157894738
201610,3617,62.1515
201611,3617,57.927727272727275
201612,3617,62.591818181818184
201607,3622,10.274
201608,3622,11.065652173913042
201609,3622,11.548947368421054
201610,3622,10.088
201601,3623,50.466470588235296
201602,3623,51.70923076923077
201603,3623,61.582608695652176
201604,3623,56.49842105263158
201605,3623,52.4752380952381
201606,3623,52.096666666666664
201607,3623,55.278
201608,3623,59.318260869565215
201609,3623,57.01263157894737
201610,3623,48.939499999999995
201611,3623,48.51318181818181
201612,3623,49.38863636363636
201601,3624,16.442857142857143
201602,3624,16.95
201603,3624,17.51217391304348
201604,3624,17.67578947368421
201605,3624,19.201904761904764
201606,3624,18.715238095238096
201607,3624,18.235
201608,3624,17.91695652173913
201609,3624,17.323684210526313
201610,3624,17.286
201611,3624,15.616363636363637
201612,3624,15.632272727272728
201608,3625,10.580869565217393
201609,3625,13.728947368421053
201610,3625,14.6805
201611,3625,19.56409090909091
201612,3625,21.917727272727273
201601,3628,30.719047619047622
201602,3628,30.451538461538462
201603,3628,30.902173913043477
201604,3628,29.378947368421056
201605,3628,27.25904761904762
201606,3628,27.568095238095243
201607,3628,28.943
201608,3628,29.183913043478263
201609,3628,29.021052631578947
201610,3628,28.904000000000003
201611,3628,26.586363636363636
201612,3628,25.787727272727274
201601,3629,48.44
201602,3629,55.93538461538461
201603,3629,64.67260869565217
201604,3629,63.05611111111111
201605,3629,58.64631578947368
201606,3629,59.96809523809524
201607,3629,63.47315789473684
201608,3629,59.127272727272725
201609,3629,48.62947368421053
201610,3629,46.14588235294118
201611,3629,44.781
201612,3629,39.20176470588235
201601,3630,14.171904761904763
201602,3630,14.683846153846153
201603,3630,15.512173913043478
201604,3630,14.031578947368422
201605,3630,12.794285714285715
201606,3630,16.494285714285713
201607,3630,23.1115
201608,3630,19.997826086956522
201609,3630,19.93
201610,3630,18.325499999999998
201611,3630,17.268181818181816
201612,3630,20.39272727272727
201601,3631,22.85952380952381
201602,3631,22.822307692307692
201603,3631,21.07086956521739
201604,3631,18.450000000000003
201605,3631,19.031904761904762
201606,3631,17.965238095238096
201607,3631,17.173000000000002
201608,3631,20.089565217391304
201609,3631,21.79
201610,3631,23.122
201611,3631,24.418636363636367
201612,3631,23.41409090909091
201601,3632,31.919047619047618
201602,3632,35.074615384615385
201603,3632,42.090869565217396
201604,3632,33.26842105263158
201605,3632,28.992857142857144
201606,3632,29.515238095238097
201607,3632,29.274
201608,3632,28.48608695652174
201609,3632,26.65157894736842
201610,3632,24.226
201611,3632,22.134090909090908
201612,3632,23.127727272727274
201601,3642,31.416666666666668
201602,3642,30.676923076923078
201603,3642,27.12173913043478
201604,3642,25.678947368421053
201605,3642,26.52857142857143
201606,3642,29.664285714285718
201607,3642,27.432499999999997
201608,3642,28.619565217391305
201609,3642,28.805263157894736
201610,3642,27.432499999999997
201611,3642,26.547727272727272
201612,3642,25.661363636363635
201601,3645,17.387142857142855
201602,3645,19.537692307692307
201603,3645,21.168695652173913
201604,3645,19.961052631578948
201605,3645,18.986190476190476
201606,3645,21.15952380952381
201607,3645,22.796
201608,3645,23.29217391304348
201609,3645,24.184736842105263
201610,3645,25.048
201611,3645,26.11
201612,3645,25.963636363636365
201607,3646,10.435500000000001
201608,3646,10.868695652173912
201609,3646,11.623157894736842
201610,3646,10.7755
201611,3646,11.113636363636363
201612,3646,12.593636363636364
201601,3652,11.675
201602,3652,11.913846153846153
201603,3652,12.427391304347825
201604,3652,12.56578947368421
201605,3652,12.1165
201606,3652,12.78
201607,3652,14.4465
201608,3652,14.912272727272727
201609,3652,16.14842105263158
201610,3652,16.651666666666667
201611,3652,16.473636363636363
201612,3652,20.542272727272728
201601,3653,29.18809523809524
201602,3653,31.033846153846152
201603,3653,33.882173913043474
201604,3653,31.767368421052634
201605,3653,29.49857142857143
201606,3653,30.906190476190474
201607,3653,34.598
201608,3653,45.82217391304348
201609,3653,45.16368421052632
201610,3653,40.7105
201611,3653,35.623636363636365
201612,3653,37.02363636363636
201601,3661,31.247142857142858
201602,3661,32.23692307692308
201603,3661,33.41
201604,3661,37.51
201605,3661,29.179523809523808
201606,3661,23.451904761904764
201607,3661,24.7265
201608,3661,22.89869565217391
201609,3661,23.580526315789474
201610,3661,25.187
201611,3661,26.854545454545452
201612,3661,28.379545454545454
201601,3663,12.58
201602,3663,12.566153846153847
201603,3663,12.72
201604,3663,12.469473684210525
201605,3663,12.382857142857144
201606,3663,12.074285714285715
201607,3663,12.588
201608,3663,13.794782608695654
201609,3663,16.139473684210525
201610,3663,14.729499999999998
201611,3663,14.227272727272727
201612,3663,14.496363636363638
201601,3664,16.15
201602,3664,16.285384615384615
201603,3664,17.496521739130436
201604,3664,19.99684210526316
201605,3664,20.02190476190476
201606,3664,19.216190476190476
201607,3664,18.637999999999998
201608,3664,18.52
201609,3664,19.64421052631579
201610,3664,18.361
201611,3664,18.622272727272726
201612,3664,19.15818181818182
201601,3665,104.74095238095238
201602,3665,114.51769230769231
201603,3665,113.60347826086957
201604,3665,140.3057894736842
201605,3665,128.3042857142857
201606,3665,130.08666666666667
201607,3665,134.0855
201608,3665,141.35782608695652
201609,3665,133.41
201610,3665,122.43800000000002
201611,3665,112.57045454545455
201612,3665,124.38954545454546
201601,3666,18.030952380952378
201602,3666,26.033076923076923
201603,3666,27.659565217391304
201604,3666,22.315263157894737
201605,3666,17.91904761904762
201606,3666,18.486190476190476
201607,3666,23.3515
201608,3666,24.18
201609,3666,24.170526315789473
201610,3666,24.2815
201611,3666,20.742727272727276
201612,3666,20.064545454545456
201602,3669,10.407692307692308
201603,3669,10.93086956521739
201604,3669,10.471052631578948
201605,3669,10.674285714285714
201606,3669,13.468095238095238
201607,3669,15.132499999999999
201608,3669,15.174347826086956
201609,3669,14.081052631578949
201610,3669,14.570500000000001
201611,3669,14.374545454545455
201612,3669,14.113181818181818
201601,3672,25.063333333333336
201602,3672,26.135384615384616
201603,3672,26.509565217391305
201604,3672,24.66
201605,3672,23.087142857142858
201606,3672,24.758571428571425
201607,3672,26.7665
201608,3672,28.204782608695655
201609,3672,27.208421052631582
201610,3672,26.529500000000002
201611,3672,25.22409090909091
201612,3672,24.71590909090909
201601,3673,58.81142857142857
201602,3673,63.15923076923077
201603,3673,66.4395652173913
201604,3673,62.93052631578948
201605,3673,54.63380952380952
201606,3673,55.646190476190476
201607,3673,55.827999999999996
201608,3673,53.65521739130435
201609,3673,48.02842105263158
201610,3673,42.839
201611,3673,46.322272727272725
201612,3673,51.06454545454546
201601,3675,14.653333333333334
201602,3675,15.723076923076924
201603,3675,16.55217391304348
201604,3675,16.05263157894737
201605,3675,14.964285714285714
201606,3675,16.0075
201607,3675,16.357894736842105
201608,3675,16.942857142857143
201609,3675,19.163684210526316
201610,3675,19.432499999999997
201611,3675,18.455454545454543
201612,3675,20.956363636363637
201601,3679,23.512857142857143
201602,3679,24.14769230769231
201603,3679,27.36217391304348
201604,3679,27.957894736842107
201605,3679,28.700952380952383
201606,3679,30.739047619047618
201607,3679,31.285500000000003
201608,3679,42.173478260869565
201609,3679,45.94684210526316
201610,3679,45.7495
201611,3679,45.22272727272727
201612,3679,42.515
201601,3680,23.25095238095238
201602,3680,24.82
201603,3680,28.586521739130436
201604,3680,27.06578947368421
201605,3680,23.88047619047619
201606,3680,26.051904761904762
201607,3680,26.909
201608,3680,26.32608695652174
201609,3680,26.243684210526315
201610,3680,26.190500000000004
201611,3680,25.325454545454544
201612,3680,27.843181818181815
201601,3682,16.09714285714286
201602,3682,16.957692307692305
201603,3682,17.63826086956522
201604,3682,16.433157894736844
201605,3682,15.590952380952382
201606,3682,16.405714285714286
201607,3682,16.586000000000002
201608,3682,16.806521739130435
201609,3682,16.086842105263155
201610,3682,15.541
201611,3682,14.879090909090907
201612,3682,15.496363636363638
201601,3684,24.06809523809524
201602,3684,23.57384615384615
201603,3684,24.768260869565214
201604,3684,23.82
201605,3684,22.262857142857143
201606,3684,21.782
201607,3684,21.785999999999998
201608,3684,21.77318181818182
201609,3684,21.49947368421053
201610,3684,20.019444444444446
201611,3684,17.168095238095237
201612,3684,16.280454545454543
201601,3685,58.362380952380946
201602,3685,65.66153846153847
201603,3685,65.80173913043478
201604,3685,56.595263157894735
201605,3685,53.08952380952381
201606,3685,56.61333333333334
201607,3685,61.557500000000005
201608,3685,58.85695652173913
201609,3685,55.72684210526315
201610,3685,51.4585
201611,3685,48.178636363636365
201612,3685,48.39590909090909
201601,3687,55.773809523809526
201602,3687,56.76692307692308
201603,3687,62.52391304347826
201604,3687,57.25842105263158
201605,3687,51.228095238095236
201606,3687,51.28857142857142
201607,3687,51.4985
201608,3687,47.38652173913044
201609,3687,45.01263157894737
201610,3687,45.669
201611,3687,39.15909090909091
201612,3687,39.93
201601,3689,20.09714285714286
201602,3689,22.476923076923075
201603,3689,23.664347826086956
201604,3689,21.629473684210524
201605,3689,19.25857142857143
201606,3689,19.413809523809523
201607,3689,19.7465
201608,3689,19.22869565217391
201609,3689,18.635263157894737
201610,3689,20.6195
201611,3689,20.526818181818182
201612,3689,21.451818181818183
201601,3691,528.2309523809524
201602,3691,526.5076923076923
201603,3691,479.5613043478261
201604,3691,431.64578947368426
201605,3691,430.6342857142857
201606,3691,392.7642857142857
201607,3691,399.065
201608,3691,349.9717391304348
201609,3691,314.3363157894737
201610,3691,338.9665
201611,3691,302.00454545454545
201612,3691,305.19136363636363
201601,3693,78.79238095238095
201602,3693,76.16615384615385
201603,3693,76.61869565217391
201604,3693,67.22473684210526
201605,3693,58.46142857142858
201606,3693,72.77000000000001
201607,3693,69.59349999999999
201608,3693,61.13391304347826
201609,3693,61.03052631578947
201610,3693,58.448
201611,3693,53.11045454545455
201612,3693,55.86272727272728
201601,3694,14.647619047619049
201602,3694,15.57076923076923
201603,3694,16.30391304347826
201604,3694,15.701052631578946
201605,3694,14.463333333333335
201606,3694,14.214761904761904
201607,3694,15.492500000000001
201608,3694,16.667826086956524
201609,3694,15.726842105263158
201610,3694,14.7015
201611,3694,13.442727272727273
201612,3694,13.646818181818183
201601,3698,14.277619047619046
201602,3698,15.016923076923076
201603,3698,15.931304347826087
201604,3698,14.92578947368421
201605,3698,14.571904761904761
201606,3698,15.451428571428572
201607,3698,15.55
201608,3698,14.513478260869565
201609,3698,14.340526315789472
201610,3698,13.389
201611,3698,12.196363636363635
201612,3698,12.910454545454543
201601,3701,17.1
201602,3701,16.466923076923077
201603,3701,16.16611111111111
201604,3701,16.999285714285715
201605,3701,15.904545454545456
201606,3701,12.667142857142858
201607,3701,10.835
201612,3701,13.011666666666668
201601,3702,20.14
201602,3702,21.533076923076923
201603,3702,22.493478260869566
201604,3702,22.294210526315787
201605,3702,22.482857142857142
201606,3702,24.246190476190478
201607,3702,25.914499999999997
201608,3702,26.69173913043478
201609,3702,25.673157894736843
201610,3702,25.643
201611,3702,26.29409090909091
201612,3702,26.479999999999997
201601,3704,12.162380952380952
201602,3704,13.390769230769232
201603,3704,15.160434782608695
201604,3704,14.98263157894737
201605,3704,15.791904761904762
201606,3704,15.927619047619048
201607,3704,15.204500000000001
201608,3704,14.659565217391306
201609,3704,14.534210526315789
201610,3704,13.599
201611,3704,13.54681818181818
201612,3704,13.779545454545454
201601,3705,29.22190476190476
201602,3705,30.07923076923077
201603,3705,30.72869565217391
201604,3705,30.807368421052633
201605,3705,29.548095238095236
201606,3705,29.4
201607,3705,30.7275
201608,3705,31.057391304347828
201609,3705,31.504736842105263
201610,3705,31.223000000000003
201611,3705,30.403181818181817
201612,3705,30.298181818181817
201602,3706,10.028461538461539
201603,3706,10.69608695652174
201604,3706,10.705789473684211
201606,3706,10.108571428571429
201607,3706,10.8575
201608,3706,13.040869565217392
201609,3706,15.086842105263157
201610,3706,14.247499999999999
201611,3706,14.265909090909092
201612,3706,15.02590909090909
201603,3707,11.15304347826087
201604,3707,10.774736842105263
201605,3707,10.299047619047618
201606,3707,11.055714285714284
201607,3707,11.1695
201608,3707,10.835652173913044
201609,3707,10.381578947368421
201609,3708,89.62789473684211
201610,3708,59.238
201611,3708,49.153636363636366
201612,3708,52.25181818181818
201601,4102,20.801904761904762
201602,4102,22.150769230769228
201603,4102,22.101304347826087
201604,4102,19.97842105263158
201605,4102,18.674761904761905
201606,4102,17.96238095238095
201607,4102,18.115000000000002
201608,4102,17.316956521739133
201609,4102,17.085789473684212
201610,4102,15.984
201611,4102,15.216818181818182
201612,4102,15.159999999999998
201601,4104,24.889999999999997
201602,4104,26.165384615384614
201603,4104,25.820434782608697
201604,4104,25.52052631578947
201605,4104,25.553333333333335
201606,4104,26.268571428571427
201607,4104,26.278
201608,4104,25.799565217391304
201609,4104,25.160526315789475
201610,4104,24.4715
201611,4104,23.76681818181818
201612,4104,23.969090909090912
201601,4105,70.75952380952381
201602,4105,72.06923076923077
201603,4105,66.24739130434783
201604,4105,68.77526315789474
201605,4105,68.17095238095239
201606,4105,71.13666666666666
201607,4105,72.9875
201608,4105,72.41434782608695
201609,4105,77.13842105263157
201610,4105,83.3425
201611,4105,70.50636363636364
201612,4105,63.81909090909091
201601,4106,28.742857142857144
201602,4106,31.716923076923077
201603,4106,35.455652173913045
201604,4106,33.86105263157895
201605,4106,31.075714285714287
201606,4106,31.469047619047622
201607,4106,31.419
201608,4106,29.72086956521739
201609,4106,28.971578947368425
201610,4106,28.741500000000002
201611,4106,27.179090909090913
201612,4106,27.650909090909092
201601,4107,95.63333333333333
201602,4107,104.37076923076923
201603,4107,104.5904347826087
201604,4107,117.36894736842106
201605,4107,119.06809523809522
201606,4107,117.73333333333333
201607,4107,118.71300000000001
201608,4107,108.84260869565217
201609,4107,114.65789473684211
201610,4107,110.992
201611,4107,92.02090909090909
201612,4107,86.93045454545455
201601,4108,25.5
201602,4108,26.903846153846153
201603,4108,37.68260869565218
201604,4108,37.71263157894737
201605,4108,34.70142857142857
201606,4108,34.93952380952381
201607,4108,33.205
201608,4108,29.79304347826087
201609,4108,30.365263157894734
201610,4108,29.3545
201611,4108,28.101363636363637
201612,4108,29.13181818181818
201601,4109,24.34095238095238
201602,4109,24.328461538461536
201603,4109,24.46695652173913
201604,4109,24.352631578947367
201605,4109,22.852380952380955
201606,4109,22.74904761904762
201607,4109,23.482499999999998
201608,4109,22.80695652173913
201609,4109,22.40947368421053
201610,4109,22.214000000000002
201611,4109,21.86909090909091
201612,4109,22.28681818181818
201601,4111,17.154761904761905
201602,4111,18.391538461538463
201603,4111,18.398260869565217
201604,4111,17.184736842105263
201605,4111,16.593333333333334
201606,4111,16.566666666666666
201607,4111,17.1015
201608,4111,16.909565217391304
201609,4111,17.228947368421053
201610,4111,17.0115
201611,4111,16.069545454545455
201612,4111,16.265
201601,4114,10.642857142857142
201602,4114,10.705384615384617
201603,4114,11.077826086956522
201604,4114,11.190526315789475
201605,4114,11.542380952380952
201606,4114,11.453333333333333
201607,4114,11.408
201608,4114,11.781739130434783
201609,4114,11.478947368421052
201610,4114,10.936
201611,4114,10.652727272727274
201612,4114,10.90318181818182
201601,4116,51.10285714285715
201602,4116,52.284615384615385
201603,4116,50.37913043478261
201604,4116,41.417368421052636
201605,4116,34.40761904761904
201606,4116,42.8447619047619
201607,4116,39.082499999999996
201608,4116,36.003478260869564
201609,4116,35.485263157894735
201610,4116,33.713499999999996
201611,4116,29.75772727272727
201612,4116,29.14181818181818
201601,4119,42.96904761904762
201602,4119,42.51461538461538
201603,4119,44.22304347826087
201604,4119,46.712105263157895
201605,4119,45.87952380952381
201606,4119,50.61952380952381
201607,4119,52.592
201608,4119,49.63173913043478
201609,4119,50.46526315789474
201610,4119,48.736000000000004
201611,4119,43.14454545454545
201612,4119,43.04590909090909
201601,4120,41.04904761904762
201602,4120,41.143846153846155
201603,4120,40.55347826086957
201604,4120,40.06368421052632
201605,4120,39.86761904761905
201606,4120,42.077619047619045
201607,4120,51.009499999999996
201608,4120,49.04260869565218
201609,4120,48.3821052631579
201610,4120,46.81
201611,4120,45.98409090909091
201612,4120,49.04954545454545
201601,4121,13.378095238095238
201602,4121,13.873846153846152
201603,4121,12.790000000000001
201604,4121,11.735263157894737
201605,4121,11.197619047619048
201606,4121,11.357619047619048
201607,4121,11.508
201608,4121,11.167391304347827
201609,4121,10.682631578947369
201601,4123,26.313333333333336
201602,4123,26.98846153846154
201603,4123,27.799130434782608
201604,4123,28.281052631578948
201605,4123,26.787619047619046
201606,4123,26.612380952380953
201607,4123,27.2805
201608,4123,27.15826086956522
201609,4123,29.18736842105263
201610,4123,29.223000000000003
201611,4123,26.87181818181818
201612,4123,26.52318181818182
201601,4126,45.72380952380953
201602,4126,50.23846153846154
201603,4126,48.75521739130434
201604,4126,53.31421052631579
201605,4126,60.49666666666667
201606,4126,67.22238095238096
201607,4126,62.310500000000005
201608,4126,57.47043478260869
201609,4126,56.66789473684211
201610,4126,55.536500000000004
201611,4126,48.061818181818175
201612,4126,48.65272727272727
201601,4127,20.518571428571427
201602,4127,21.043846153846154
201603,4127,21.791304347826088
201604,4127,21.213684210526317
201605,4127,19.156666666666666
201606,4127,18.462857142857143
201607,4127,18.683500000000002
201608,4127,17.528260869565216
201609,4127,17.149473684210527
201610,4127,17.323500000000003
201611,4127,16.672272727272727
201612,4127,17.150909090909092
201601,4128,18.29904761904762
201602,4128,18.58076923076923
201603,4128,19.02130434782609
201604,4128,18.30842105263158
201605,4128,17.505238095238095
201606,4128,17.531904761904762
201607,4128,18.5325
201608,4128,17.809565217391306
201609,4128,17.312105263157896
201610,4128,16.9975
201611,4128,16.12590909090909
201612,4128,16.114545454545453
201601,4129,52.200476190476195
201602,4129,54.92076923076923
201603,4129,54.47695652173913
201604,4129,55.21736842105264
201605,4129,59.1052380952381
201606,4129,64.80952380952381
201607,4129,67.4765
201608,4129,59.130434782608695
201609,4129,57.2278947368421
201610,4129,55.0855
201611,4129,48.879090909090905
201612,4129,48.29727272727273
201601,4130,52.63857142857143
201602,4130,48.940000000000005
201603,4130,46.377826086956524
201604,4130,40.85526315789474
201605,4130,37.728095238095236
201606,4130,36.77571428571429
201607,4130,38.1295
201608,4130,36.168695652173916
201609,4130,34.97842105263158
201610,4130,32.656
201611,4130,29.718636363636367
201612,4130,30.428181818181816
201601,4131,24.865000000000002
201602,4131,25.46125
201603,4131,24.045714285714286
201604,4131,22.346666666666668
201605,4131,22.77375
201606,4131,22.33764705882353
201607,4131,22.778823529411767
201608,4131,21.5275
201609,4131,19.280666666666665
201610,4131,17.15
201611,4131,16.43357142857143
201612,4131,14.354999999999999
201601,4133,23.968095238095238
201602,4133,24.36307692307692
201603,4133,25.70608695652174
201604,4133,24.185263157894735
201605,4133,25.690952380952382
201606,4133,29.664761904761907
201607,4133,27.827999999999996
201608,4133,27.772608695652174
201609,4133,29.813157894736843
201610,4133,30.4475
201611,4133,29.769545454545458
201612,4133,30.630454545454544
201601,4137,202.5985714285714
201602,4137,190.6446153846154
201603,4137,180.33869565217393
201604,4137,157.5678947368421
201605,4137,116.9242857142857
201606,4137,109.01714285714286
201607,4137,114.1055
201608,4137,108.16869565217392
201609,4137,105.64842105263158
201610,4137,98.2345
201611,4137,87.85181818181819
201612,4137,97.39954545454545
201601,4138,27.20047619047619
201602,4138,28.854615384615386
201603,4138,29.96391304347826
201604,4138,29.72
201605,4138,29.076666666666668
201606,4138,29.899047619047618
201607,4138,30.4515
201608,4138,29.80304347826087
201609,4138,28.546842105263156
201610,4138,26.776999999999997
201611,4138,25.45590909090909
201612,4138,26.19090909090909
201601,4139,48.88238095238095
201602,4139,48.41538461538461
201603,4139,47.05347826086957
201604,4139,46.316315789473684
201605,4139,44.49285714285715
201606,4139,41.97857142857143
201607,4139,38.3945
201608,4139,37.83782608695652
201609,4139,33.203529411764706
201610,4139,34.338499999999996
201611,4139,31.629
201612,4139,28.053636363636368
201601,4141,27.60571428571429
201602,4141,27.643076923076926
201603,4141,33.40521739130435
201604,4141,35.24105263157895
201605,4141,36.69190476190476
201606,4141,38.97047619047619
201607,4141,40.459
201608,4141,39.93043478260869
201609,4141,37.816842105263156
201610,4141,35.933499999999995
201611,4141,32.251363636363635
201612,4141,32.00090909090909
201601,4142,20.83238095238095
201602,4142,22.196153846153848
201603,4142,24.12608695652174
201604,4142,21.888947368421054
201605,4142,20.937142857142856
201606,4142,21.64428571428571
201607,4142,22.056
201608,4142,21.44
201609,4142,21.182105263157894
201610,4142,21.4205
201611,4142,21.025454545454547
201612,4142,21.438181818181818
201601,4144,45.42285714285714
201602,4144,47.07076923076923
201603,4144,44.786086956521736
201604,4144,40.41473684210526
201605,4144,38.593809523809526
201606,4144,41.410000000000004
201607,4144,42.548500000000004
201608,4144,41.43913043478261
201609,4144,42.45947368421053
201610,4144,42.682
201611,4144,44.50272727272728
201612,4144,47.39954545454545
201601,4147,227.70809523809524
201602,4147,213.0676923076923
201603,4147,205.66478260869565
201604,4147,193.4557894736842
201605,4147,219.6614285714286
201606,4147,220.97095238095238
201607,4147,215.4665
201608,4147,205.55826086956523
201609,4147,207.16
201610,4147,203.3825
201611,4147,177.25681818181818
201612,4147,167.4109090909091
201601,4152,137.62142857142857
201602,4152,144.43384615384616
201603,4152,159.13695652173914
201604,4152,138.6242105263158
201605,4152,131.8415
201606,4152,132.7847619047619
201607,4152,136.425
201608,4152,129.15772727272727
201609,4152,127.90421052631578
201610,4152,130.603
201611,4152,119.99045454545454
201612,4152,113.79636363636364
201601,4153,57.25047619047619
201602,4153,56.45923076923077
201603,4153,58.50086956521739
201604,4153,58.35526315789474
201605,4153,49.92809523809524
201606,4153,48.31952380952381
201607,4153,48.4885
201608,4153,46.63434782608695
201609,4153,41.83052631578947
201610,4153,38.5255
201611,4153,34.87863636363637
201612,4153,34.7359090909091
201601,4154,29.933
201602,4154,29.213333333333335
201603,4154,31.229999999999997
201604,4154,30.01631578947368
201605,4154,36.594
201606,4154,42.29666666666667
201607,4154,36.2615
201608,4154,34.888260869565215
201609,4154,30.928421052631577
201610,4154,28.549500000000002
201611,4154,28.46590909090909
201612,4154,29.012727272727272
201601,4155,17.351499999999998
201602,4155,16.71076923076923
201603,4155,16.75130434782609
201604,4155,16.144736842105264
201605,4155,16.72142857142857
201606,4155,16.484
201607,4155,16.883
201608,4155,17.083913043478262
201609,4155,16.9
201610,4155,19.1245
201611,4155,18.921363636363637
201612,4155,18.403636363636362
201601,4157,29.389047619047616
201602,4157,28.465384615384615
201603,4157,27.400000000000002
201604,4157,27.099999999999998
201605,4157,26.388095238095236
201606,4157,28.395238095238092
201607,4157,31.080000000000002
201608,4157,29.395652173913046
201609,4157,28.16578947368421
201610,4157,29.35
201611,4157,29.420454545454547
201612,4157,28.406818181818185
201601,4160,23.132380952380952
201602,4160,23.526153846153843
201603,4160,24.124347826086957
201604,4160,23.448947368421052
201605,4160,22.745238095238093
201606,4160,22.87904761904762
201607,4160,24.059
201608,4160,23.21
201609,4160,24.18842105263158
201610,4160,24.148500000000002
201611,4160,23.80818181818182
201612,4160,23.51590909090909
201601,4161,48.70761904761905
201602,4161,48.77153846153846
201603,4161,51.04739130434782
201604,4161,54.445263157894736
201605,4161,50.994285714285716
201606,4161,49.537619047619046
201607,4161,49.7405
201608,4161,49.11913043478261
201609,4161,49.15842105263158
201610,4161,48.117000000000004
201611,4161,46.37181818181818
201612,4161,46.49272727272727
201601,4162,129.4504761904762
201602,4162,128.37692307692308
201603,4162,136.45869565217393
201604,4162,136.86631578947367
201605,4162,134.86190476190475
201606,4162,132.53904761904764
201607,4162,135.759
201608,4162,150.8782608695652
201609,4162,166.34157894736842
201610,4162,163.4495
201611,4162,144.81636363636363
201612,4162,135.86318181818183
201601,4163,70.81666666666668
201602,4163,75.10461538461539
201603,4163,87.02347826086957
201604,4163,98.36315789473684
201605,4163,100.34380952380951
201606,4163,104.35095238095238
201607,4163,110.22999999999999
201608,4163,107.00086956521739
201609,4163,99.56947368421052
201610,4163,95.83250000000001
201611,4163,88.79272727272728
201612,4163,91.87181818181818
201601,4164,39.4
201602,4164,40.53384615384615
201603,4164,39.54826086956522
201604,4164,37.300000000000004
201605,4164,34.97904761904762
201606,4164,35.94714285714286
201607,4164,35.3125
201608,4164,33.74739130434783
201609,4164,33.16421052631579
201610,4164,31.740499999999997
201611,4164,29.885454545454547
201612,4164,30.567272727272726
201601,4167,21.27095238095238
201602,4167,21.083846153846153
201603,4167,21.50391304347826
201604,4167,20.47578947368421
201605,4167,21.172857142857143
201606,4167,22.540952380952383
201607,4167,25.1
201608,4167,23.722608695652173
201609,4167,24.62578947368421
201610,4167,24.074
201611,4167,23.967272727272725
201612,4167,24.25181818181818
201601,4168,46.86523809523809
201602,4168,47.440769230769234
201603,4168,44.40478260869565
201604,4168,40.02894736842106
201605,4168,37.803333333333335
201606,4168,38.44
201607,4168,40.6465
201608,4168,40.37869565217392
201609,4168,37.84526315789474
201610,4168,35.144
201611,4168,32.40227272727273
201612,4168,33.14
201601,4171,18.162857142857142
201602,4171,18.79769230769231
201603,4171,22.21217391304348
201604,4171,20.7
201605,4171,19.276666666666667
201606,4171,18.830000000000002
201607,4171,18.2215
201608,4171,17.198260869565217
201609,4171,16.110526315789475
201610,4171,14.8035
201611,4171,12.585
201612,4171,12.468095238095238
201601,4173,15.714761904761904
201602,4173,15.396153846153847
201603,4173,15.883478260869564
201604,4173,15.11421052631579
201605,4173,14.453333333333333
201606,4173,14.401904761904762
201607,4173,13.397
201608,4173,12.840434782608694
201609,4173,13.042105263157893
201610,4173,12.8355
201611,4173,12.351363636363637
201612,4173,12.055454545454547
201601,4174,581.1842857142857
201602,4174,577.0484615384615
201603,4174,412.7936363636363
201604,4174,382.05263157894734
201605,4174,424.8642857142857
201606,4174,512.4809523809524
201607,4174,472.285
201608,4174,452.16521739130434
201609,4174,382.05263157894734
201610,4174,337.329
201611,4174,274.4118181818182
201612,4174,251.91227272727272
201601,4175,42.63761904761905
201602,4175,44.17846153846154
201603,4175,49.48260869565217
201604,4175,49.89421052631579
201605,4175,49.766190476190474
201606,4175,51.43047619047619
201607,4175,51.0165
201608,4175,50.19782608695652
201609,4175,49.951578947368425
201610,4175,48.68352941176471
201611,4175,47.01789473684211
201612,4175,46.90736842105263
201601,4183,12.0525
201602,4183,11.865
201603,4183,12.057692307692308
201604,4183,13.61
201605,4183,13.903333333333334
201606,4183,14.111666666666666
201607,4183,14.38090909090909
201608,4183,14.400714285714287
201609,4183,15.077272727272726
201610,4183,14.643333333333333
201611,4183,16.431578947368422
201612,4183,17.5135
201601,4188,25.434285714285714
201602,4188,26.20846153846154
201603,4188,30.194347826086958
201604,4188,35.991052631578945
201605,4188,34.25380952380952
201606,4188,34.04904761904762
201607,4188,32.1925
201608,4188,30.34695652173913
201609,4188,29.791052631578946
201610,4188,29.088
201611,4188,28.482727272727274
201612,4188,29.438181818181818
201601,4190,89.11857142857143
201602,4190,89.81
201603,4190,87.86652173913043
201604,4190,78.67263157894736
201605,4190,65.41190476190476
201606,4190,64.92714285714285
201607,4190,66.8795
201608,4190,64.14304347826086
201609,4190,63.48736842105263
201610,4190,70.51950000000001
201611,4190,66.96636363636364
201612,4190,63.85409090909091
201601,4192,148.09714285714284
201602,4192,149.79846153846154
201603,4192,148.0321739130435
201604,4192,143.58526315789473
201605,4192,132.9038095238095
201606,4192,126.71619047619048
201607,4192,125.1715
201608,4192,118.5908695652174
201609,4192,112.74684210526316
201610,4192,105.769
201611,4192,106.79363636363637
201612,4192,108.05545454545454
201601,4198,532.6600000000001
201602,4198,512.8853846153846
201603,4198,513.55
201604,4198,468.2894736842105
201605,4198,418.2142857142857
201606,4198,435.11809523809524
201607,4198,413.584
201608,4198,360.72478260869565
201609,4198,337.4557894736842
201610,4198,269.8335
201611,4198,291.28818181818184
201612,4198,473.10636363636365
201601,4205,23.774761904761903
201602,4205,24.273846153846154
201603,4205,24.947391304347825
201604,4205,25.213684210526317
201605,4205,25.295238095238098
201606,4205,25.82
201607,4205,27.29
201608,4205,28.124347826086957
201609,4205,28.436842105263157
201610,4205,28.663999999999998
201611,4205,30.59090909090909
201612,4205,32.086363636363636
201601,4304,17.71941176470588
201602,4304,16.412727272727274
201603,4304,14.888421052631578
201604,4304,11.364210526315789
201606,4304,10.572631578947368
201607,4304,12.164666666666667
201608,4304,11.921764705882353
201609,4304,11.922
201610,4304,12.478666666666667
201611,4304,11.844
201612,4304,11.206666666666667
201601,4305,15.978000000000002
201602,4305,16.07181818181818
201603,4305,16.29705882352941
201604,4305,18.0
201605,4305,17.783333333333335
201606,4305,18.16
201607,4305,18.129473684210524
201608,4305,18.7425
201609,4305,18.99388888888889
201610,4305,18.90153846153846
201611,4305,18.665
201612,4305,18.65421052631579
201601,4401,59.93714285714286
201602,4401,62.26846153846154
201603,4401,63.51913043478261
201604,4401,58.41526315789474
201605,4401,56.425714285714285
201606,4401,61.16904761904762
201607,4401,63.699
201608,4401,67.62695652173913
201609,4401,68.54684210526317
201610,4401,65.8345
201611,4401,57.17409090909091
201612,4401,58.33954545454546
201601,4406,10.619047619047619
201602,4406,11.884615384615385
201603,4406,11.928260869565218
201604,4406,11.622222222222222
201605,4406,11.299999999999999
201606,4406,10.8
201607,4406,10.896153846153847
201608,4406,10.8
201609,4406,10.592857142857143
201610,4406,10.391176470588235
201611,4406,10.164
201612,4406,10.042307692307693
201601,4414,69.68619047619048
201602,4414,74.65615384615384
201603,4414,91.99521739130434
201604,4414,85.34421052631579
201605,4414,82.21809523809523
201606,4414,79.72095238095238
201607,4414,80.9555
201608,4414,76.19434782608695
201609,4414,73.13526315789473
201610,4414,72.09200000000001
201611,4414,68.04863636363636
201612,4414,66.28454545454545
201601,4416,58.20357142857143
201602,4416,54.689230769230775
201603,4416,54.728421052631575
201604,4416,58.670625
201605,4416,56.163125
201606,4416,55.020714285714284
201607,4416,54.51916666666667
201608,4416,56.02789473684211
201609,4416,55.49214285714286
201610,4416,55.06125
201611,4416,53.981500000000004
201612,4416,52.97428571428571
201601,4417,17.374761904761904
201602,4417,17.63923076923077
201603,4417,18.708695652173912
201604,4417,17.40578947368421
201605,4417,18.106666666666666
201606,4417,19.974761904761905
201607,4417,20.438499999999998
201608,4417,21.11695652173913
201609,4417,20.50315789473684
201610,4417,20.613
201611,4417,23.065454545454546
201612,4417,23.795909090909092
201603,4420,11.319565217391306
201604,4420,13.000526315789473
201605,4420,11.044285714285715
201606,4420,10.942380952380953
201607,4420,10.7095
201608,4420,10.369130434782608
201601,4426,82.60333333333334
201602,4426,96.82538461538462
201603,4426,98.18739130434783
201604,4426,82.50315789473684
201605,4426,68.39190476190477
201606,4426,70.10666666666667
201607,4426,77.46549999999999
201608,4426,86.60347826086957
201609,4426,89.8542105263158
201610,4426,80.061
201611,4426,72.29454545454546
201612,4426,70.44545454545454
201601,4429,22.21095238095238
201602,4429,22.03846153846154
201603,4429,22.81086956521739
201604,4429,22.996666666666666
201605,4429,22.357499999999998
201606,4429,22.0545
201607,4429,22.012
201608,4429,21.99
201609,4429,22.15473684210526
201610,4429,22.198125
201611,4429,22.243000000000002
201612,4429,22.165
201601,4430,19.45047619047619
201602,4430,19.813846153846153
201603,4430,20.811739130434784
201604,4430,20.415263157894735
201605,4430,20.115238095238094
201606,4430,20.0055
201607,4430,20.22
201608,4430,19.602608695652176
201609,4430,19.20263157894737
201610,4430,18.86578947368421
201611,4430,17.936363636363637
201612,4430,18.19952380952381
201601,4432,54.94095238095238
201602,4432,61.635384615384616
201603,4432,67.33695652173913
201604,4432,61.20052631578947
201605,4432,56.131904761904764
201606,4432,55.20285714285714
201607,4432,57.2395
201608,4432,56.83869565217391
201609,4432,52.22052631578948
201610,4432,49.248000000000005
201611,4432,41.63545454545454
201612,4432,38.32181818181818
201601,4433,20.033809523809524
201602,4433,20.87846153846154
201603,4433,21.205652173913045
201604,4433,21.566842105263156
201605,4433,20.276
201606,4433,19.856190476190477
201607,4433,19.6665
201608,4433,20.020000000000003
201609,4433,19.73263157894737
201610,4433,19.0595
201611,4433,17.14727272727273
201612,4433,16.55636363636364
201601,4438,149.178
201602,4438,146.76153846153846
201603,4438,153.81217391304347
201604,4438,152.43666666666667
201605,4438,142.73571428571427
201606,4438,145.4625
201607,4438,147.259
201608,4438,145.8704347826087
201609,4438,144.60833333333332
201610,4438,132.93
201611,4438,104.92363636363638
201612,4438,105.86409090909092
201601,4502,24.660476190476192
201602,4502,24.142307692307693
201603,4502,23.077727272727273
201604,4502,36.311052631578946
201605,4502,39.23380952380952
201606,4502,41.82285714285714
201607,4502,37.445
201608,4502,39.26
201609,4502,37.43578947368421
201610,4502,38.185500000000005
201611,4502,35.081818181818186
201612,4502,33.535
201601,4503,15.474761904761905
201602,4503,17.223076923076924
201603,4503,18.95
201604,4503,18.13315789473684
201605,4503,17.735238095238095
201606,4503,18.583333333333332
201607,4503,17.8785
201608,4503,17.35086956521739
201609,4503,19.71777777777778
201610,4503,21.9495
201611,4503,21.18409090909091
201612,4503,21.05318181818182
201601,4506,16.796190476190475
201602,4506,18.416923076923077
201603,4506,20.19695652173913
201604,4506,19.850526315789477
201605,4506,20.037142857142857
201606,4506,20.60238095238095
201607,4506,22.324
201608,4506,27.631304347826084
201609,4506,29.198421052631577
201610,4506,26.813
201611,4506,26.26954545454545
201612,4506,26.549545454545456
201601,4510,11.248571428571429
201602,4510,11.569230769230769
201603,4510,12.937826086956521
201604,4510,14.572631578947368
201605,4510,12.75047619047619
201606,4510,13.292380952380952
201607,4510,14.4495
201608,4510,14.534782608695652
201609,4510,15.234736842105262
201610,4510,14.2165
201611,4510,13.15090909090909
201612,4510,13.703636363636365
201601,4523,15.835714285714285
201602,4523,17.134615384615383
201603,4523,19.520000000000003
201604,4523,23.75263157894737
201605,4523,19.71666666666667
201606,4523,19.048095238095236
201607,4523,19.006
201608,4523,19.13086956521739
201609,4523,19.53421052631579
201610,4523,18.692
201611,4523,17.97772727272727
201612,4523,18.06409090909091
201601,4526,20.169999999999998
201602,4526,21.017692307692307
201603,4526,21.80608695652174
201604,4526,21.727894736842103
201605,4526,20.874761904761904
201606,4526,21.30095238095238
201607,4526,21.8565
201608,4526,21.463478260869568
201609,4526,20.964736842105264
201610,4526,20.792
201611,4526,19.63090909090909
201612,4526,19.673181818181817
201601,4527,12.15
201602,4527,12.702307692307691
201603,4527,13.451739130434783
201604,4527,13.41263157894737
201605,4527,13.00047619047619
201606,4527,13.78095238095238
201607,4527,14.005500000000001
201608,4527,14.20608695652174
201609,4527,14.508421052631581
201610,4527,15.154500000000002
201611,4527,15.47272727272727
201612,4527,15.845
201601,4528,35.34428571428572
201602,4528,36.98923076923077
201603,4528,37.32826086956521
201604,4528,35.22210526315789
201605,4528,32.71714285714286
201606,4528,34.57809523809524
201607,4528,33.5755
201608,4528,32.746521739130436
201609,4528,30.94105263157895
201610,4528,30.606
201611,4528,26.666363636363634
201612,4528,29.417727272727276
201601,4529,35.86666666666667
201602,4529,37.80769230769231
201603,4529,45.676086956521736
201604,4529,43.44736842105263
201605,4529,36.79761904761905
201606,4529,40.20952380952381
201607,4529,39.315
201608,4529,38.797826086956526
201609,4529,36.597368421052636
201610,4529,34.644999999999996
201611,4529,34.96363636363637
201612,4529,38.38181818181818
201601,4532,14.50047619047619
201602,4532,15.532307692307691
201603,4532,16.40086956521739
201604,4532,15.657368421052633
201605,4532,15.057142857142857
201606,4532,15.902380952380952
201607,4532,17.182499999999997
201608,4532,20.85304347826087
201609,4532,23.38684210526316
201610,4532,23.9195
201611,4532,21.80090909090909
201612,4532,20.07409090909091
201603,4533,10.992608695652175
201604,4533,10.56842105263158
201607,4533,10.363
201608,4533,10.572173913043478
201609,4533,11.069473684210527
201610,4533,10.405
201611,4533,10.317727272727273
201612,4533,10.537727272727272
201603,4534,12.709130434782608
201604,4534,18.992631578947368
201605,4534,22.532857142857143
201606,4534,28.76380952380952
201607,4534,34.8185
201608,4534,32.135652173913044
201609,4534,29.570000000000004
201610,4534,28.0205
201611,4534,26.91090909090909
201612,4534,26.80090909090909
201601,4535,27.264285714285712
201602,4535,27.932307692307692
201603,4535,28.43304347826087
201604,4535,29.232631578947366
201605,4535,26.42809523809524
201606,4535,26.097142857142856
201607,4535,26.182
201608,4535,27.13782608695652
201609,4535,29.217894736842105
201610,4535,29.357
201611,4535,27.743636363636366
201612,4535,28.372727272727275
201601,4536,68.14571428571428
201602,4536,69.59846153846154
201603,4536,73.52130434782609
201604,4536,71.20421052631578
201605,4536,67.6452380952381
201606,4536,67.6
201607,4536,66.661
201608,4536,69.63478260869564
201609,4536,70.86631578947369
201610,4536,68.297
201611,4536,65.08272727272727
201612,4536,67.90409090909091
201604,4538,10.26909090909091
201605,4538,10.3525
201606,4538,10.946666666666667
201607,4538,11.114444444444445
201608,4538,11.091111111111111
201609,4538,11.041818181818181
201610,4538,12.248000000000001
201611,4538,13.064285714285715
201612,4538,13.517142857142858
201601,4540,22.303333333333335
201602,4540,21.103846153846156
201603,4540,20.347826086956523
201604,4540,19.720588235294116
201605,4540,19.443684210526317
201606,4540,19.758947368421055
201607,4540,18.532941176470587
201608,4540,15.870909090909093
201609,4540,17.924375
201610,4540,16.720625000000002
201611,4540,15.748181818181818
201612,4540,15.143
201601,4541,23.96238095238095
201602,4541,25.526153846153843
201603,4541,26.194782608695654
201604,4541,28.58736842105263
201605,4541,26.43904761904762
201606,4541,26.877619047619046
201607,4541,26.166000000000004
201608,4541,26.48695652173913
201609,4541,24.92736842105263
201610,4541,23.728
201611,4541,22.04409090909091
201612,4541,21.680000000000003
201601,4542,12.730952380952383
201602,4542,12.706666666666665
201603,4542,13.336521739130434
201604,4542,12.592631578947367
201605,4542,12.113333333333333
201606,4542,12.543684210526317
201607,4542,11.868947368421052
201608,4542,11.611304347826087
201609,4542,11.695294117647059
201610,4542,11.521176470588236
201611,4542,11.869047619047619
201612,4542,12.135714285714286
201601,4543,26.874375
201602,4543,25.638333333333332
201603,4543,23.44782608695652
201604,4543,22.43
201605,4543,19.654761904761905
201606,4543,17.959523809523812
201607,4543,17.682499999999997
201608,4543,17.9
201609,4543,18.25157894736842
201610,4543,17.176
201611,4543,16.61
201612,4543,15.831818181818182
201601,4545,55.81238095238095
201602,4545,54.566153846153846
201603,4545,58.80217391304348
201604,4545,53.69263157894736
201605,4545,43.28857142857142
201606,4545,43.846666666666664
201607,4545,40.311
201608,4545,35.97826086956522
201609,4545,34.515263157894736
201610,4545,39.667
201611,4545,32.93863636363636
201612,4545,32.66954545454546
201601,4549,30.79952380952381
201602,4549,31.933846153846154
201603,4549,32.44086956521739
201604,4549,32.06473684210526
201605,4549,31.374285714285715
201606,4549,33.83
201607,4549,35.774
201608,4549,41.17260869565217
201609,4549,44.008421052631576
201610,4549,40.67
201611,4549,39.92727272727273
201612,4549,41.93181818181818
201603,4550,10.540869565217392
201604,4550,10.82421052631579
201605,4550,10.391904761904762
201606,4550,10.737619047619049
201607,4550,11.4005
201608,4550,12.231739130434782
201609,4550,12.212631578947368
201610,4550,12.164
201611,4550,12.104545454545455
201612,4550,12.29
201601,4551,51.79904761904762
201602,4551,58.25
201603,4551,63.42913043478261
201604,4551,73.61368421052632
201605,4551,73.5552380952381
201606,4551,85.49952380952381
201607,4551,91.10650000000001
201608,4551,98.53173913043479
201609,4551,117.28736842105263
201610,4551,117.7385
201611,4551,101.91272727272727
201612,4551,103.46954545454545
201607,4552,67.00142857142858
201608,4552,74.90347826086956
201609,4552,70.40947368421052
201610,4552,64.6305
201611,4552,60.16818181818182
201612,4552,63.44590909090909
201601,4554,48.90705882352941
201602,4554,48.808461538461536
201603,4554,51.89047619047619
201604,4554,62.01777777777777
201605,4554,59.171578947368424
201606,4554,63.23705882352941
201607,4554,60.5255
201608,4554,65.69391304347826
201609,4554,62.34842105263157
201610,4554,50.216499999999996
201611,4554,39.14909090909091
201612,4554,40.99272727272727
201601,4555,54.67619047619048
201602,4555,56.44230769230769
201603,4555,58.23391304347827
201604,4555,56.54315789473684
201605,4555,55.19428571428571
201606,4555,55.766190476190474
201607,4555,52.016999999999996
201608,4555,49.66826086956522
201609,4555,49.02210526315789
201610,4555,43.696999999999996
201611,4555,44.85363636363636
201612,4555,47.66227272727272
201601,4556,27.525238095238095
201602,4556,27.64153846153846
201603,4556,28.388695652173915
201604,4556,29.026842105263157
201605,4556,27.725714285714286
201606,4556,28.370952380952378
201607,4556,29.131999999999998
201608,4556,27.906521739130437
201609,4556,28.334736842105265
201610,4556,27.951999999999998
201611,4556,27.432499999999997
201612,4556,25.3125
201601,4557,35.70952380952381
201602,4557,36.47846153846154
201603,4557,37.23173913043478
201604,4557,38.06421052631579
201605,4557,36.85666666666667
201606,4557,38.272380952380956
201607,4557,36.9145
201608,4557,37.740434782608695
201609,4557,37.822631578947366
201610,4557,37.027
201611,4557,36.11272727272728
201612,4557,37.065
201601,4558,13.0625
201602,4558,12.488
201603,4558,12.505555555555555
201604,4558,12.674285714285714
201605,4558,12.662
201606,4558,13.163999999999998
201607,4558,13.985
201608,4558,14.938333333333333
201609,4558,14.568000000000001
201610,4558,14.603333333333333
201611,4558,14.46
201612,4558,14.475999999999999
201612,4560,30.77692307692308
201611,4561,18.34
201612,4561,22.605454545454545
201601,4562,40.3678947368421
201602,4562,41.089999999999996
201603,4562,40.91619047619048
201604,4562,40.44611111111111
201605,4562,38.95388888888888
201606,4562,37.922105263157896
201607,4562,37.9745
201608,4562,37.701875
201609,4562,37.40769230769231
201610,4562,37.88230769230769
201611,4562,37.42
201612,4562,38.848
201605,4563,82.13
201606,4563,69.4605
201607,4563,67.43473684210527
201608,4563,67.358
201609,4563,64.05117647058823
201610,4563,61.92222222222222
201611,4563,59.88733333333333
201612,4563,57.90904761904761
201610,4609,10.324
201611,4609,12.679545454545455
201612,4609,10.625454545454545
201601,4702,31.959047619047617
201602,4702,33.05692307692308
201603,4702,35.25739130434783
201604,4702,31.69578947368421
201605,4702,28.06857142857143
201606,4702,27.597142857142856
201607,4702,28.983999999999998
201608,4702,27.88826086956522
201609,4702,26.56578947368421
201610,4702,24.991999999999997
201611,4702,24.59363636363636
201612,4702,24.947727272727274
201601,4706,10.234761904761905
201602,4706,10.911538461538461
201603,4706,11.316521739130433
201604,4706,13.541578947368421
201605,4706,12.098571428571429
201606,4706,12.77142857142857
201607,4706,14.700999999999999
201608,4706,14.782608695652174
201609,4706,15.966842105263158
201610,4706,16.1255
201611,4706,16.473181818181818
201612,4706,17.162272727272725
201608,4711,10.22391304347826
201609,4711,14.697894736842105
201610,4711,13.757
201611,4711,12.56090909090909
201612,4711,13.625454545454545
201601,4712,12.221904761904764
201602,4712,13.92
201603,4712,13.256086956521738
201604,4712,12.950000000000001
201605,4712,13.863333333333333
201606,4712,12.787142857142856
201607,4712,12.351
201608,4712,11.257391304347827
201609,4712,10.636315789473684
201610,4712,11.8845
201611,4712,11.014166666666666
201612,4712,16.772727272727273
201612,4714,10.248636363636363
201601,4720,12.17952380952381
201602,4720,12.502307692307692
201603,4720,12.76695652173913
201604,4720,12.532631578947369
201605,4720,12.405714285714286
201606,4720,12.400476190476192
201607,4720,12.636
201608,4720,12.328260869565218
201609,4720,12.193157894736842
201610,4720,12.142
201611,4720,11.978636363636365
201612,4720,11.940454545454545
201601,4721,15.927142857142858
201602,4721,16.536923076923078
201603,4721,19.454782608695652
201604,4721,25.66578947368421
201605,4721,25.753809523809526
201606,4721,28.049047619047617
201607,4721,27.7115
201608,4721,26.534347826086954
201609,4721,26.088947368421053
201610,4721,23.708000000000002
201611,4721,22.76909090909091
201612,4721,23.855909090909094
201601,4722,17.552380952380954
201602,4722,18.450769230769232
201603,4722,19.219565217391306
201604,4722,18.969473684210527
201605,4722,19.101904761904763
201606,4722,20.604285714285716
201607,4722,22.1815
201608,4722,22.65869565217391
201609,4722,21.752105263157897
201610,4722,20.5435
201611,4722,20.280454545454546
201612,4722,20.41
201601,4725,29.91238095238095
201602,4725,33.13
201603,4725,34.03782608695652
201604,4725,32.09578947368421
201605,4725,29.454761904761902
201606,4725,28.126666666666665
201607,4725,29.8815
201608,4725,34.710434782608694
201609,4725,34.66894736842105
201610,4725,35.676
201611,4725,36.53454545454545
201612,4725,46.485
201601,4726,43.17619047619048
201602,4726,44.0
201603,4726,46.14782608695653
201604,4726,47.61842105263158
201605,4726,47.07857142857143
201606,4726,50.09761904761905
201607,4726,47.6125
201608,4726,42.6
201609,4726,41.852631578947374
201610,4726,39.53
201611,4726,33.961363636363636
201612,4726,32.538636363636364
201601,4728,28.455714285714283
201602,4728,33.39
201603,4728,38.482173913043475
201604,4728,39.58421052631579
201605,4728,32.31095238095238
201606,4728,38.86857142857143
201607,4728,42.815
201608,4728,39.88869565217391
201609,4728,37.50736842105263
201610,4728,36.111000000000004
201611,4728,34.38636363636363
201612,4728,35.13
201601,4729,13.995714285714287
201602,4729,14.174615384615386
201603,4729,16.470434782608695
201604,4729,15.089473684210526
201605,4729,13.864285714285714
201606,4729,14.091904761904763
201607,4729,15.4635
201608,4729,17.081739130434784
201609,4729,18.153157894736843
201610,4729,17.792
201611,4729,17.82227272727273
201612,4729,20.812727272727273
201601,4733,151.3095238095238
201602,4733,141.0
201603,4733,153.08695652173913
201604,4733,129.6315789473684
201605,4733,122.88095238095238
201606,4733,126.28571428571429
201607,4733,117.15
201608,4733,125.75
201601,4735,21.485714285714284
201602,4735,21.243846153846157
201603,4735,19.827826086956524
201604,4735,16.857894736842105
201605,4735,17.806190476190476
201606,4735,18.4
201607,4735,21.1595
201608,4735,21.008695652173913
201609,4735,20.814736842105265
201610,4735,20.932
201611,4735,22.407272727272726
201612,4735,22.304545454545455
201601,4736,52.909523809523805
201602,4736,57.53076923076923
201603,4736,59.63478260869565
201604,4736,62.80157894736842
201605,4736,79.27666666666667
201606,4736,79.3647619047619
201607,4736,79.7145
201608,4736,70.86130434782608
201609,4736,71.47947368421053
201610,4736,66.444
201611,4736,61.572272727272725
201612,4736,62.92909090909091
201601,4737,36.90571428571428
201602,4737,37.15846153846154
201603,4737,36.90304347826087
201604,4737,33.544210526315794
201605,4737,32.836666666666666
201606,4737,34.60809523809524
201607,4737,35.0755
201608,4737,34.51347826086956
201609,4737,33.42842105263158
201610,4737,34.186
201611,4737,35.26681818181818
201612,4737,40.276818181818186
201601,4739,26.976666666666667
201602,4739,28.286923076923078
201603,4739,33.12304347826087
201604,4739,37.94
201605,4739,33.42190476190476
201606,4739,35.039047619047615
201607,4739,34.711
201608,4739,33.38
201609,4739,32.23947368421052
201610,4739,31.924500000000002
201611,4739,30.12772727272727
201612,4739,31.23909090909091
201601,4741,59.14149999999999
201602,4741,57.30615384615385
201603,4741,55.92478260869565
201604,4741,60.97263157894737
201605,4741,59.50428571428571
201606,4741,66.743
201607,4741,70.0385
201608,4741,63.23478260869565
201609,4741,61.36722222222222
201610,4741,62.266
201611,4741,59.88318181818182
201612,4741,58.73045454545454
201601,4743,30.467142857142854
201602,4743,29.833076923076923
201603,4743,29.961304347826086
201604,4743,28.481052631578947
201605,4743,25.043333333333333
201606,4743,26.124761904761904
201607,4743,31.661052631578944
201608,4743,32.91913043478261
201609,4743,33.43421052631579
201610,4743,30.577999999999996
201611,4743,29.39
201612,4743,30.04318181818182
201601,4744,30.0875
201602,4744,28.302307692307693
201603,4744,23.874782608695654
201604,4744,24.085789473684212
201605,4744,22.472380952380952
201606,4744,22.743000000000002
201607,4744,25.816000000000003
201608,4744,26.86521739130435
201609,4744,27.14333333333333
201610,4744,25.185
201611,4744,23.18
201612,4744,25.142272727272726
201601,4745,28.021428571428572
201602,4745,29.922307692307694
201603,4745,33.995652173913044
201604,4745,36.77210526315789
201605,4745,34.330000000000005
201606,4745,35.38333333333333
201607,4745,39.0135
201608,4745,35.12217391304348
201609,4745,31.9178947368421
201610,4745,30.169
201611,4745,26.19363636363636
201612,4745,26.305000000000003
201601,4746,56.71952380952381
201602,4746,59.849230769230765
201603,4746,63.49086956521739
201604,4746,62.87105263157895
201605,4746,70.55666666666667
201606,4746,81.38666666666666
201607,4746,87.7085
201608,4746,83.67782608695651
201609,4746,79.1078947368421
201610,4746,75.9255
201611,4746,70.17818181818183
201612,4746,79.48227272727273
201601,4747,23.802857142857142
201602,4747,25.486153846153847
201603,4747,26.482608695652175
201604,4747,25.099473684210526
201605,4747,23.46952380952381
201606,4747,24.267142857142858
201607,4747,24.624000000000002
201608,4747,24.554347826086957
201609,4747,24.451052631578946
201610,4747,24.261
201611,4747,23.31772727272727
201612,4747,23.22142857142857
201602,4754,11.06875
201603,4754,11.324117647058824
201604,4754,12.521666666666668
201605,4754,12.790714285714285
201606,4754,13.453529411764706
201607,4754,14.009473684210526
201608,4754,14.817619047619049
201609,4754,19.458333333333332
201610,4754,22.573
201611,4754,20.07227272727273
201612,4754,20.266363636363636
201601,4755,14.251499999999998
201602,4755,14.731538461538461
201603,4755,15.205217391304348
201604,4755,16.363684210526316
201605,4755,16.043333333333333
201606,4755,16.53190476190476
201607,4755,17.8425
201608,4755,19.838260869565218
201609,4755,20.936315789473685
201610,4755,20.827
201611,4755,19.03318181818182
201612,4755,20.154090909090908
201601,4760,14.22625
201602,4760,13.798000000000002
201603,4760,13.182307692307692
201604,4760,13.208000000000002
201605,4760,13.200999999999999
201606,4760,12.9525
201607,4760,12.351428571428572
201608,4760,12.63
201609,4760,12.432222222222222
201610,4760,12.071250000000001
201611,4760,11.851
201612,4760,13.221578947368421
201601,4763,39.51714285714286
201602,4763,43.95538461538461
201603,4763,48.85608695652174
201604,4763,46.39052631578947
201605,4763,42.745714285714286
201606,4763,44.93571428571428
201607,4763,47.193
201608,4763,46.34521739130435
201609,4763,46.85631578947368
201610,4763,49.887
201611,4763,48.47090909090909
201612,4763,50.83545454545455
201610,4764,47.094
201611,4764,47.998000000000005
201612,4764,44.903571428571425
201601,4803,70.87619047619049
201602,4803,81.52923076923078
201603,4803,94.1413043478261
201604,4803,98.74052631578947
201605,4803,100.98333333333333
201606,4803,95.33428571428571
201607,4803,89.2285
201608,4803,86.28956521739131
201609,4803,102.19947368421053
201610,4803,116.1905
201611,4803,108.45727272727272
201612,4803,103.02454545454545
201601,4804,78.71523809523809
201602,4804,85.18615384615386
201603,4804,95.2404347826087
201604,4804,94.49105263157894
201605,4804,87.81333333333333
201606,4804,85.59380952380953
201607,4804,85.35249999999999
201608,4804,100.97565217391305
201609,4804,101.17105263157895
201610,4804,100.012
201611,4804,83.04272727272728
201612,4804,73.72136363636363
201601,4806,117.14421052631577
201602,4806,120.41230769230768
201603,4806,94.36478260869565
201604,4806,77.73473684210526
201605,4806,75.80285714285715
201606,4806,69.03238095238096
201607,4806,66.62899999999999
201608,4806,64.95391304347827
201609,4806,63.898421052631576
201610,4806,63.871
201611,4806,50.73190476190476
201612,4806,52.17619047619048
201611,4807,85.08
201612,4807,81.906875
201601,4904,44.53476190476191
201602,4904,45.68615384615385
201603,4904,46.789130434782614
201604,4904,47.55684210526316
201605,4904,49.32285714285714
201606,4904,49.82
201607,4904,52.2965
201608,4904,51.59652173913044
201609,4904,51.04631578947368
201610,4904,51.6355
201611,4904,50.95227272727273
201612,4904,49.83500000000001
201601,4905,41.023809523809526
201602,4905,46.21307692307692
201603,4905,49.63130434782609
201604,4905,46.538947368421056
201605,4905,43.43190476190476
201606,4905,44.58428571428571
201607,4905,44.013999999999996
201608,4905,45.19521739130435
201609,4905,42.93736842105263
201610,4905,40.534000000000006
201611,4905,38.61181818181819
201612,4905,40.720454545454544
201601,4906,12.449047619047619
201602,4906,12.946153846153846
201603,4906,13.044347826086955
201604,4906,12.21
201605,4906,11.852380952380953
201606,4906,13.11
201607,4906,13.163999999999998
201608,4906,13.94
201609,4906,14.669473684210528
201610,4906,13.396
201611,4906,13.773181818181818
201612,4906,16.838636363636365
201601,4908,12.230476190476189
201602,4908,13.3
201603,4908,15.016521739130434
201604,4908,13.747894736842104
201605,4908,12.015238095238095
201606,4908,12.374285714285715
201607,4908,13.1655
201608,4908,12.704782608695652
201609,4908,12.734736842105264
201610,4908,12.2015
201611,4908,11.792272727272728
201612,4908,12.234545454545456
201601,4909,17.556666666666665
201602,4909,19.11769230769231
201603,4909,21.11913043478261
201604,4909,19.98263157894737
201605,4909,18.75857142857143
201606,4909,19.30809523809524
201607,4909,19.997999999999998
201608,4909,20.22826086956522
201609,4909,20.459473684210526
201610,4909,19.3355
201611,4909,18.474999999999998
201612,4909,18.49
201601,4911,69.7895238095238
201602,4911,72.74384615384616
201603,4911,88.18590909090909
201604,4911,123.06526315789475
201605,4911,102.89666666666666
201606,4911,111.3009523809524
201607,4911,105.59
201608,4911,96.02347826086957
201609,4911,89.54578947368421
201610,4911,78.827
201611,4911,73.97
201612,4911,75.36181818181818
201601,4912,46.581428571428575
201602,4912,48.393846153846155
201603,4912,50.04086956521739
201604,4912,48.88789473684211
201605,4912,45.52761904761905
201606,4912,47.15714285714286
201607,4912,47.370999999999995
201608,4912,45.753913043478256
201609,4912,46.666315789473686
201610,4912,45.931
201611,4912,45.81227272727273
201612,4912,46.77363636363636
201601,4915,23.013809523809524
201602,4915,23.421538461538464
201603,4915,23.964347826086954
201604,4915,22.936315789473685
201605,4915,23.081904761904763
201606,4915,24.458571428571428
201607,4915,26.554000000000002
201608,4915,27.668695652173913
201609,4915,28.624736842105264
201610,4915,29.861
201611,4915,29.32045454545454
201612,4915,28.209545454545456
201601,4916,13.637619047619047
201602,4916,15.24076923076923
201603,4916,20.355217391304347
201604,4916,30.07894736842105
201605,4916,29.030952380952378
201606,4916,34.184285714285714
201607,4916,35.0395
201608,4916,30.846521739130434
201609,4916,27.92105263157895
201610,4916,27.332
201611,4916,24.06681818181818
201612,4916,25.016363636363636
201601,4919,18.806190476190476
201602,4919,21.383846153846154
201603,4919,22.016521739130436
201604,4919,21.49157894736842
201605,4919,20.002857142857142
201606,4919,20.96952380952381
201607,4919,22.430500000000002
201608,4919,26.133043478260866
201609,4919,26.757894736842104
201610,4919,25.7175
201611,4919,25.06954545454545
201612,4919,26.225
201612,4924,10.18590909090909
201601,4927,23.057619047619045
201602,4927,24.503076923076925
201603,4927,25.576521739130435
201604,4927,25.04157894736842
201605,4927,24.723809523809525
201606,4927,25.496190476190474
201607,4927,26.827499999999997
201608,4927,28.025652173913045
201609,4927,27.300526315789476
201610,4927,25.398999999999997
201611,4927,22.303636363636365
201612,4927,21.826818181818183
201601,4930,12.480952380952383
201602,4930,13.283076923076923
201603,4930,14.008260869565218
201604,4930,12.122105263157895
201605,4930,11.195238095238095
201606,4930,11.311428571428571
201607,4930,11.762
201608,4930,11.828260869565218
201609,4930,11.986842105263158
201610,4930,12.333
201611,4930,11.82818181818182
201612,4930,11.909090909090908
201601,4933,12.652857142857142
201602,4933,13.188461538461537
201603,4933,13.931304347826087
201604,4933,14.014210526315788
201605,4933,12.421904761904763
201606,4933,12.538571428571428
201607,4933,13.4575
201608,4933,13.728695652173913
201609,4933,13.918947368421051
201610,4933,14.660999999999998
201611,4933,13.753636363636362
201612,4933,13.60409090909091
201601,4934,35.47857142857143
201602,4934,36.63384615384616
201603,4934,38.27391304347826
201604,4934,31.38736842105263
201605,4934,29.097619047619045
201606,4934,30.458571428571428
201607,4934,30.377
201608,4934,27.898260869565217
201609,4934,27.202105263157897
201610,4934,27.2215
201611,4934,23.30818181818182
201612,4934,23.680909090909093
201601,4935,39.05904761904762
201602,4935,43.28692307692308
201603,4935,44.11043478260869
201604,4935,37.12684210526316
201605,4935,37.444761904761904
201606,4935,43.107619047619046
201607,4935,50.287
201608,4935,57.91478260869565
201609,4935,50.207368421052635
201610,4935,46.7295
201611,4935,39.77136363636364
201612,4935,43.281363636363636
201601,4938,38.494285714285716
201602,4938,43.104615384615386
201603,4938,43.310434782608695
201604,4938,39.24315789473684
201605,4938,35.84428571428572
201606,4938,37.90714285714286
201607,4938,40.8365
201608,4938,45.12130434782608
201609,4938,46.39789473684211
201610,4938,48.9255
201611,4938,45.48318181818182
201612,4938,44.88454545454545
201601,4942,13.520000000000001
201602,4942,11.827692307692306
201603,4942,12.346521739130436
201604,4942,13.636315789473683
201605,4942,13.476666666666667
201606,4942,12.998095238095237
201607,4942,13.0345
201608,4942,13.92478260869565
201609,4942,16.026315789473685
201610,4942,15.4725
201611,4942,15.110909090909091
201612,4942,15.75090909090909
201601,4943,53.07222222222222
201602,4943,53.57923076923077
201603,4943,69.12260869565218
201604,4943,62.478947368421046
201605,4943,67.16047619047619
201606,4943,79.35
201607,4943,93.201
201608,4943,91.91782608695652
201609,4943,100.55055555555556
201610,4943,105.444
201611,4943,87.00545454545455
201612,4943,90.39818181818181
201601,4944,65.68619047619048
201602,4944,65.52
201603,4944,64.50260869565217
201604,4944,55.07631578947369
201605,4944,44.743809523809524
201606,4944,44.22380952380953
201607,4944,47.326499999999996
201608,4944,44.68130434782609
201609,4944,49.34473684210526
201610,4944,52.483000000000004
201611,4944,45.343636363636364
201612,4944,48.86681818181818
201601,4946,184.41285714285715
201602,4946,179.03846153846155
201603,4946,197.08173913043478
201604,4946,185.7857894736842
201605,4946,159.8190476190476
201606,4946,172.0909523809524
201607,4946,170.56900000000002
201608,4946,199.25304347826085
201609,4946,176.50052631578947
201610,4946,165.451
201611,4946,156.68454545454546
201612,4946,165.44136363636363
201601,4949,14.382
201602,4949,12.970000000000002
201603,4949,13.019
201604,4949,11.081999999999999
201605,4949,10.441818181818181
201606,4949,11.052727272727273
201607,4949,10.142727272727273
201601,4950,14.263157894736842
201602,4950,16.313636363636363
201603,4950,15.823636363636364
201604,4950,13.35888888888889
201605,4950,15.918333333333331
201606,4950,14.713333333333333
201607,4950,14.393076923076922
201608,4950,15.856818181818182
201609,4950,16.31277777777778
201610,4950,16.335
201611,4950,16.5
201612,4950,17.875
201602,4951,10.874545454545455
201603,4951,12.380500000000001
201604,4951,12.11111111111111
201605,4951,11.677999999999999
201606,4951,11.515
201607,4951,10.774
201608,4951,11.958421052631579
201609,4951,12.158666666666667
201610,4951,12.41263157894737
201611,4951,13.023636363636363
201612,4951,12.696190476190477
201601,4952,18.815714285714286
201602,4952,19.99307692307692
201603,4952,21.661739130434785
201604,4952,22.17473684210526
201605,4952,22.07
201606,4952,22.554285714285715
201607,4952,23.7575
201608,4952,23.80608695652174
201609,4952,21.997894736842103
201610,4952,21.601499999999998
201611,4952,20.725909090909088
201612,4952,20.991363636363637
201601,4953,10.468095238095238
201602,4953,10.986923076923079
201603,4953,11.869565217391305
201604,4953,10.950000000000001
201605,4953,10.373333333333333
201606,4953,10.595238095238095
201607,4953,11.6095
201608,4953,11.998260869565216
201609,4953,12.13578947368421
201610,4953,11.770999999999999
201611,4953,11.297272727272727
201612,4953,12.32181818181818
201601,4956,11.304285714285713
201602,4956,11.842307692307692
201603,4956,11.539565217391305
201604,4956,10.487368421052631
201607,4956,10.2875
201608,4956,15.234347826086957
201609,4956,21.54
201610,4956,21.201
201611,4956,22.50090909090909
201612,4956,21.034545454545455
201601,4958,43.62619047619047
201602,4958,45.25769230769231
201603,4958,49.953913043478266
201604,4958,43.96421052631579
201605,4958,38.52285714285714
201606,4958,37.11952380952381
201607,4958,40.615500000000004
201608,4958,42.65826086956522
201609,4958,45.396842105263154
201610,4958,48.1235
201611,4958,44.83590909090909
201612,4958,43.89863636363636
201601,4960,17.775714285714287
201602,4960,18.015384615384615
201603,4960,19.452608695652174
201604,4960,17.267894736842106
201605,4960,14.05904761904762
201606,4960,13.613809523809524
201607,4960,14.553
201608,4960,14.175652173913045
201609,4960,13.383684210526315
201610,4960,12.483500000000001
201611,4960,10.815
201612,4960,11.56590909090909
201601,4961,43.989
201602,4961,45.612307692307695
201603,4961,50.40913043478261
201604,4961,41.58684210526316
201605,4961,37.30571428571428
201606,4961,35.251999999999995
201607,4961,34.775999999999996
201608,4961,38.03173913043479
201609,4961,39.53388888888889
201610,4961,39.6225
201611,4961,36.87818181818182
201612,4961,35.20590909090909
201601,4966,188.08952380952383
201602,4966,242.95
201603,4966,258.75
201604,4966,271.9521052631579
201605,4966,257.88190476190476
201606,4966,259.2257142857143
201607,4966,245.195
201608,4966,247.5008695652174
201609,4966,276.91789473684213
201610,4966,278.93899999999996
201611,4966,280.9563636363636
201612,4966,262.75045454545455
201601,4968,42.906666666666666
201602,4968,43.31461538461539
201603,4968,44.916956521739124
201604,4968,37.65
201605,4968,32.670476190476194
201606,4968,34.56285714285715
201607,4968,39.759
201608,4968,38.388695652173915
201609,4968,34.88894736842105
201610,4968,36.527499999999996
201611,4968,31.470454545454547
201612,4968,34.225
201601,4971,95.07333333333334
201602,4971,105.9523076923077
201603,4971,109.39478260869565
201604,4971,108.36473684210526
201605,4971,86.19714285714285
201606,4971,83.19047619047619
201607,4971,85.7435
201608,4971,91.16869565217392
201609,4971,79.90315789473685
201610,4971,69.00750000000001
201611,4971,63.57636363636364
201612,4971,67.31090909090909
201601,4972,18.67238095238095
201602,4972,19.515384615384615
201603,4972,22.241739130434784
201604,4972,22.69578947368421
201605,4972,22.61142857142857
201606,4972,22.664761904761903
201607,4972,22.224
201608,4972,22.549565217391304
201609,4972,21.64894736842105
201610,4972,20.6225
201611,4972,20.078181818181818
201612,4972,20.123636363636365
201605,4973,10.575714285714286
201606,4973,13.526666666666667
201607,4973,13.213999999999999
201608,4973,14.779565217391305
201609,4973,15.03736842105263
201610,4973,13.652000000000001
201611,4973,12.56409090909091
201612,4973,12.613181818181818
201601,4974,18.44857142857143
201602,4974,18.4
201603,4974,18.290869565217392
201604,4974,17.07
201605,4974,14.527619047619046
201606,4974,15.21238095238095
201607,4974,16.6935
201608,4974,18.58695652173913
201609,4974,18.497894736842106
201610,4974,18.2475
201611,4974,18.666818181818183
201612,4974,18.84409090909091
201601,4976,14.112380952380953
201602,4976,14.98
201603,4976,15.27608695652174
201604,4976,13.822105263157894
201605,4976,11.7
201606,4976,12.83095238095238
201607,4976,18.473
201608,4976,19.903913043478262
201609,4976,19.67578947368421
201610,4976,18.101499999999998
201611,4976,18.88181818181818
201612,4976,22.235
201601,4977,30.31952380952381
201602,4977,33.003846153846155
201603,4977,37.079565217391306
201604,4977,35.83315789473684
201605,4977,36.205714285714286
201606,4977,37.28619047619048
201607,4977,37.334500000000006
201608,4977,38.56782608695652
201609,4977,37.02684210526316
201610,4977,35.974000000000004
201611,4977,39.15772727272727
201612,4977,51.430454545454545
201601,4979,66.78714285714285
201602,4979,68.06615384615385
201603,4979,69.38304347826087
201604,4979,56.68052631578948
201605,4979,46.47571428571429
201606,4979,48.733333333333334
201607,4979,45.195
201608,4979,40.573043478260864
201609,4979,35.56368421052632
201610,4979,30.633999999999997
201611,4979,26.901363636363637
201612,4979,33.03590909090909
201601,4984,35.44
201602,4984,38.31384615384616
201603,4984,46.87260869565217
201604,4984,44.25684210526316
201605,4984,47.68523809523809
201606,4984,63.72571428571429
201607,4984,60.53150000000001
201608,4984,67.37391304347825
201609,4984,62.43894736842105
201610,4984,55.3155
201611,4984,50.401363636363634
201612,4984,53.38818181818181
201601,4987,28.1615
201602,4987,30.335384615384616
201603,4987,30.30217391304348
201604,4987,27.91736842105263
201605,4987,25.414761904761907
201606,4987,25.098571428571432
201607,4987,25.669999999999998
201608,4987,25.421739130434784
201609,4987,23.606315789473683
201610,4987,22.343684210526316
201611,4987,21.651363636363637
201612,4987,22.338636363636365
201601,4991,56.52904761904762
201602,4991,60.9376923076923
201603,4991,70.32478260869566
201604,4991,70.5742105263158
201605,4991,71.10095238095238
201606,4991,71.95714285714286
201607,4991,67.503
201608,4991,61.99636363636364
201609,4991,64.80736842105264
201610,4991,65.214
201611,4991,63.00954545454545
201612,4991,61.29363636363637
201601,4994,83.44666666666667
201602,4994,86.07538461538462
201603,4994,91.51565217391305
201604,4994,78.8621052631579
201605,4994,66.33238095238096
201606,4994,71.97714285714285
201607,4994,73.9605
201608,4994,68.19434782608695
201609,4994,62.27052631578947
201610,4994,66.113
201611,4994,91.62454545454545
201612,4994,88.89727272727272
201601,4995,19.825499999999998
201602,4995,20.886153846153846
201603,4995,21.44739130434783
201604,4995,21.21777777777778
201605,4995,19.63578947368421
201606,4995,18.442857142857143
201607,4995,18.674500000000002
201608,4995,18.113333333333333
201609,4995,17.905263157894737
201610,4995,17.3915
201611,4995,16.868636363636366
201612,4995,17.44681818181818
201601,4999,22.286190476190477
201602,4999,22.88
201603,4999,26.917826086956524
201604,4999,25.57842105263158
201605,4999,23.71095238095238
201606,4999,24.81095238095238
201607,4999,29.119999999999997
201608,4999,34.61695652173913
201609,4999,35.41894736842105
201610,4999,36.065
201611,4999,32.424090909090914
201612,4999,32.31727272727273
201601,5007,38.077619047619045
201602,5007,39.181538461538466
201603,5007,38.7
201604,5007,37.82684210526316
201605,5007,36.81809523809524
201606,5007,37.62571428571429
201607,5007,38.325
201608,5007,37.840869565217396
201609,5007,36.915263157894735
201610,5007,35.831
201611,5007,34.11227272727273
201612,5007,34.21363636363637
201601,5009,11.192857142857143
201602,5009,11.75076923076923
201603,5009,12.20304347826087
201604,5009,12.028421052631579
201605,5009,10.823333333333332
201606,5009,10.822380952380952
201607,5009,11.3265
201608,5009,11.856521739130434
201609,5009,12.601052631578948
201610,5009,12.359
201611,5009,12.49909090909091
201612,5009,13.233636363636363
201601,5011,16.905263157894737
201602,5011,16.948461538461537
201603,5011,17.903
201604,5011,16.65058823529412
201605,5011,15.731904761904762
201606,5011,13.945238095238096
201607,5011,14.308000000000002
201608,5011,14.446521739130434
201609,5011,14.520526315789473
201610,5011,13.811000000000002
201611,5011,12.648636363636363
201612,5011,12.105454545454545
201601,5013,11.172
201602,5013,11.470769230769232
201603,5013,11.68695652173913
201604,5013,12.108421052631579
201605,5013,13.184761904761904
201606,5013,14.069999999999999
201607,5013,16.518
201608,5013,17.36913043478261
201609,5013,18.11894736842105
201610,5013,19.532
201611,5013,19.646818181818183
201612,5013,19.682727272727274
201604,5015,10.449473684210526
201605,5015,10.128571428571428
201606,5015,10.52095238095238
201607,5015,11.1875
201608,5015,12.200434782608696
201609,5015,12.236315789473684
201610,5015,12.1
201611,5015,11.357727272727272
201612,5015,11.393636363636363
201601,5016,13.272666666666668
201602,5016,13.402307692307694
201603,5016,13.345454545454544
201604,5016,13.456363636363635
201605,5016,13.314
201606,5016,13.427000000000001
201607,5016,13.987368421052631
201608,5016,15.338260869565218
201609,5016,15.198421052631579
201610,5016,15.370500000000002
201611,5016,16.997272727272726
201612,5016,19.18909090909091
201601,5102,10.504285714285714
201602,5102,10.598461538461539
201603,5102,10.676086956521738
201604,5102,10.641578947368421
201605,5102,10.643333333333333
201606,5102,10.612857142857143
201607,5102,10.7
201608,5102,10.886956521739132
201609,5102,10.982105263157894
201610,5102,10.978
201611,5102,10.964761904761904
201612,5102,11.045454545454545
201609,5201,11.761052631578949
201610,5201,18.7155
201611,5201,27.921363636363637
201612,5201,27.966363636363635
201601,5202,12.6055
201602,5202,13.164615384615384
201603,5202,14.164090909090909
201604,5202,14.09842105263158
201605,5202,14.327619047619047
201606,5202,14.428571428571429
201607,5202,14.524000000000001
201608,5202,13.615714285714287
201609,5202,14.414736842105263
201610,5202,14.6905
201611,5202,14.569523809523808
201612,5202,18.245
201601,5203,50.73571428571429
201602,5203,54.49307692307692
201603,5203,56.18347826086956
201604,5203,54.25789473684211
201605,5203,52.023809523809526
201606,5203,52.48476190476191
201607,5203,53.464999999999996
201608,5203,53.9104347826087
201609,5203,55.071052631578944
201610,5203,52.1885
201611,5203,51.95636363636363
201612,5203,57.056363636363635
201602,5205,10.15
201604,5205,13.546666666666665
201605,5205,15.314285714285715
201606,5205,18.935294117647057
201607,5205,19.96923076923077
201608,5205,18.941176470588236
201609,5205,19.25
201610,5205,19.333333333333332
201611,5205,18.9875
201612,5205,18.599999999999998
201601,5209,20.421764705882353
201602,5209,20.817
201603,5209,22.012999999999998
201604,5209,21.460714285714285
201605,5209,19.845555555555556
201606,5209,19.64047619047619
201607,5209,20.1085
201608,5209,20.950952380952383
201609,5209,21.324736842105263
201610,5209,22.289444444444445
201611,5209,21.654705882352943
201612,5209,21.915625
201601,5211,16.845714285714287
201602,5211,18.02
201603,5211,18.765652173913043
201604,5211,17.475263157894737
201605,5211,16.976666666666667
201606,5211,17.384761904761906
201607,5211,17.918
201608,5211,19.762608695652176
201609,5211,18.733684210526317
201610,5211,18.035
201611,5211,16.941363636363636
201612,5211,17.205454545454543
201601,5212,11.9225
201602,5212,12.054615384615385
201603,5212,12.57409090909091
201604,5212,13.228823529411766
201605,5212,12.517222222222223
201606,5212,12.338333333333333
201607,5212,12.272777777777778
201608,5212,12.125
201609,5212,11.99470588235294
201610,5212,11.3895
201611,5212,11.231904761904762
201612,5212,11.10590909090909
201601,5215,21.259047619047617
201602,5215,21.626153846153844
201603,5215,22.10086956521739
201604,5215,21.227894736842103
201605,5215,18.58238095238095
201606,5215,17.67047619047619
201607,5215,17.661
201608,5215,17.578181818181818
201609,5215,17.08736842105263
201610,5215,15.868500000000001
201611,5215,15.427272727272726
201612,5215,15.906363636363636
201601,5220,11.276
201602,5220,12.434615384615386
201603,5220,13.837391304347825
201604,5220,13.785
201605,5220,12.726470588235294
201606,5220,13.493500000000001
201607,5220,16.0745
201608,5220,17.50090909090909
201609,5220,17.69388888888889
201610,5220,17.22736842105263
201611,5220,16.707727272727272
201612,5220,16.403333333333332
201601,5222,23.861875
201602,5222,23.74888888888889
201603,5222,22.90809523809524
201604,5222,23.333125
201605,5222,23.22
201606,5222,23.124375
201607,5222,22.657142857142855
201608,5222,26.41681818181818
201609,5222,35.78777777777778
201610,5222,37.744
201611,5222,38.187
201612,5222,40.782272727272726
201601,5225,27.463333333333335
201602,5225,29.336153846153845
201603,5225,29.382173913043477
201604,5225,27.48526315789474
201605,5225,26.47142857142857
201606,5225,25.753809523809526
201607,5225,25.1005
201608,5225,22.81913043478261
201609,5225,24.605263157894736
201610,5225,23.218
201611,5225,22.455454545454543
201612,5225,22.168636363636367
201601,5228,23.446
201602,5228,26.089166666666667
201603,5228,27.12
201604,5228,28.45888888888889
201605,5228,26.055999999999997
201606,5228,24.902307692307694
201607,5228,25.330000000000002
201608,5228,23.785
201609,5228,21.378
201610,5228,21.291818181818183
201611,5228,20.67733333333333
201612,5228,19.15
201601,5230,29.843809523809526
201602,5230,30.375384615384615
201603,5230,31.070434782608697
201604,5230,33.623684210526314
201605,5230,31.151904761904763
201606,5230,29.42666666666667
201607,5230,28.583499999999997
201608,5230,28.235217391304346
201609,5230,27.681578947368422
201610,5230,27.7865
201611,5230,27.59181818181818
201612,5230,31.34
201601,5234,16.284761904761904
201602,5234,16.966923076923077
201603,5234,17.690434782608694
201604,5234,16.87157894736842
201605,5234,15.774761904761904
201606,5234,16.706190476190475
201607,5234,19.446
201608,5234,19.031304347826087
201609,5234,21.82315789473684
201610,5234,21.0315
201611,5234,20.91181818181818
201612,5234,21.945
201601,5243,19.367619047619048
201602,5243,20.78923076923077
201603,5243,25.377391304347825
201604,5243,25.226315789473684
201605,5243,23.888095238095236
201606,5243,25.522380952380953
201607,5243,27.1895
201608,5243,28.0
201609,5243,30.186842105263157
201610,5243,31.232
201611,5243,27.94909090909091
201612,5243,28.37318181818182
201601,5245,73.12190476190476
201602,5245,97.38230769230769
201603,5245,112.64739130434782
201604,5245,102.34
201605,5245,97.88333333333334
201606,5245,98.97952380952381
201607,5245,98.03
201608,5245,111.10260869565218
201609,5245,111.46578947368421
201610,5245,101.38300000000001
201611,5245,86.18318181818182
201612,5245,84.83318181818181
201601,5251,24.458571428571428
201602,5251,25.456923076923076
201603,5251,25.777391304347827
201604,5251,25.931052631578947
201605,5251,25.511904761904763
201606,5251,24.936666666666664
201607,5251,25.485
201608,5251,26.26391304347826
201609,5251,26.916842105263157
201610,5251,25.8
201611,5251,25.420952380952382
201612,5251,26.61619047619048
201601,5258,21.938499999999998
201602,5258,23.74
201603,5258,27.97086956521739
201604,5258,31.158947368421053
201605,5258,38.05904761904762
201606,5258,39.487
201607,5258,43.0475
201608,5258,51.315652173913044
201609,5258,51.611111111111114
201610,5258,46.3305
201611,5258,39.320454545454545
201612,5258,36.47454545454545
201601,5259,32.104285714285716
201602,5259,32.32153846153846
201603,5259,34.10608695652174
201604,5259,16.542105263157897
201605,5259,10.848095238095238
201607,5259,15.9505
201608,5259,13.534782608695652
201609,5259,12.27421052631579
201610,5259,11.861
201611,5259,10.720833333333333
201601,5263,199.42761904761903
201602,5263,197.33692307692309
201603,5263,200.88130434782607
201604,5263,191.91105263157894
201605,5263,162.54666666666668
201606,5263,162.2795238095238
201607,5263,162.0335
201608,5263,155.34347826086957
201609,5263,146.10263157894738
201610,5263,151.79000000000002
201611,5263,134.01227272727272
201612,5263,136.945
201601,5264,118.33999999999999
201602,5264,142.12
201603,5264,144.80391304347827
201604,5264,131.4178947368421
201605,5264,96.55428571428573
201606,5264,93.58571428571429
201607,5264,98.30449999999999
201608,5264,99.14782608695653
201609,5264,99.84157894736842
201610,5264,96.615
201611,5264,73.25909090909092
201612,5264,74.16454545454545
201601,5269,164.53714285714287
201602,5269,147.9823076923077
201603,5269,144.2813043478261
201604,5269,122.06842105263159
201605,5269,119.94047619047619
201606,5269,127.47428571428571
201607,5269,130.7985
201608,5269,165.58869565217393
201609,5269,213.65315789473684
201610,5269,219.07800000000003
201611,5269,206.00772727272727
201612,5269,216.67590909090907
201601,5272,27.844285714285714
201602,5272,28.698461538461537
201603,5272,33.25695652173913
201604,5272,30.607894736842102
201605,5272,29.48190476190476
201606,5272,32.509047619047614
201607,5272,35.2615
201608,5272,36.410869565217396
201609,5272,37.456842105263156
201610,5272,35.753
201611,5272,31.609545454545454
201612,5272,33.70363636363636
201601,5274,249.17666666666668
201602,5274,264.95846153846156
201603,5274,270.38565217391306
201604,5274,242.10894736842104
201605,5274,243.88299999999998
201606,5274,235.36809523809526
201607,5274,240.41649999999998
201608,5274,266.55652173913046
201609,5274,317.5463157894737
201610,5274,355.313
201611,5274,356.1145454545454
201612,5274,367.39954545454543
201601,5276,17.028125
201602,5276,17.571
201603,5276,18.675652173913043
201604,5276,21.96157894736842
201605,5276,19.324761904761903
201606,5276,19.47047619047619
201607,5276,19.283157894736842
201608,5276,17.53222222222222
201609,5276,17.783333333333335
201610,5276,17.98888888888889
201611,5276,17.296842105263156
201612,5276,18.563809523809525
201606,5278,10.69047619047619
201607,5278,11.246
201608,5278,10.450434782608696
201609,5278,10.794444444444444
201610,5278,10.012105263157894
201603,5281,31.14
201604,5281,35.223684210526315
201605,5281,32.934285714285714
201606,5281,29.218095238095234
201607,5281,23.857
201608,5281,24.81
201609,5281,24.469473684210527
201610,5281,22.9945
201611,5281,20.991818181818182
201612,5281,21.151818181818182
201601,5283,21.81857142857143
201602,5283,22.456
201603,5283,25.50722222222222
201604,5283,25.754
201605,5283,26.313125
201606,5283,26.178947368421053
201607,5283,28.375384615384615
201608,5283,32.97095238095238
201609,5283,39.09722222222222
201610,5283,43.943333333333335
201611,5283,41.875
201612,5283,42.45333333333333
201601,5284,45.82666666666667
201602,5284,46.464615384615385
201603,5284,44.73434782608696
201604,5284,43.683684210526316
201605,5284,41.22142857142857
201606,5284,41.68047619047619
201607,5284,42.8255
201608,5284,43.78478260869565
201609,5284,44.61578947368421
201610,5284,44.0115
201611,5284,40.91909090909091
201612,5284,39.66318181818182
201601,5285,18.6575
201602,5285,18.11692307692308
201603,5285,20.45173913043478
201604,5285,21.25
201605,5285,19.74857142857143
201606,5285,19.093809523809522
201607,5285,18.838
201608,5285,19.01478260869565
201609,5285,19.186315789473685
201610,5285,21.7895
201611,5285,24.482727272727274
201612,5285,23.66681818181818
201601,5287,104.22714285714285
201602,5287,107.56307692307692
201603,5287,113.0495652173913
201604,5287,105.47235294117647
201605,5287,98.7878947368421
201606,5287,100.66047619047619
201607,5287,102.71947368421053
201608,5287,99.87304347826087
201609,5287,96.72526315789473
201610,5287,92.626
201611,5287,83.00909090909092
201612,5287,91.34500000000001
201601,5288,66.46666666666667
201602,5288,71.40692307692308
201603,5288,71.25826086956522
201604,5288,68.3921052631579
201605,5288,66.92666666666666
201606,5288,76.69666666666667
201607,5288,76.875
201608,5288,78.12739130434782
201609,5288,79.13894736842106
201610,5288,73.45599999999999
201611,5288,57.22409090909091
201612,5288,57.50681818181818
201601,5289,45.742380952380955
201602,5289,54.137692307692305
201603,5289,61.04956521739131
201604,5289,61.74894736842106
201605,5289,54.96809523809524
201606,5289,55.413809523809526
201607,5289,56.251999999999995
201608,5289,54.47608695652174
201609,5289,54.11684210526316
201610,5289,50.2215
201611,5289,48.04954545454545
201612,5289,51.13727272727272
201601,5291,11.41047619047619
201602,5291,11.040000000000001
201603,5291,12.599130434782607
201604,5291,11.667894736842106
201605,5291,11.191764705882353
201606,5291,10.290000000000001
201608,5291,10.820869565217391
201609,5291,10.483157894736843
201610,5291,10.271666666666668
201611,5291,10.1235
201612,5291,10.325454545454546
201609,5299,10.011666666666667
201610,5299,12.059285714285712
201611,5299,11.196111111111112
201612,5299,12.584999999999999
201601,5301,49.36285714285714
201602,5301,44.50076923076923
201603,5301,49.84782608695652
201604,5301,45.07631578947369
201605,5301,41.993809523809524
201606,5301,39.76857142857143
201607,5301,41.4015
201608,5301,39.76782608695652
201609,5301,39.932105263157894
201610,5301,40.552
201611,5301,39.53272727272727
201612,5301,39.14272727272727
201601,5305,17.75047619047619
201602,5305,18.775384615384617
201603,5305,18.550869565217393
201604,5305,17.41
201605,5305,16.55095238095238
201606,5305,17.367142857142856
201607,5305,18.171
201608,5305,19.65826086956522
201609,5305,20.231052631578947
201610,5305,19.641
201611,5305,18.430909090909093
201612,5305,19.19454545454545
201601,5306,80.4004761904762
201602,5306,85.6453846153846
201603,5306,84.60000000000001
201604,5306,83.49473684210527
201605,5306,78.46285714285715
201606,5306,80.48095238095237
201607,5306,80.7465
201608,5306,78.17695652173913
201609,5306,74.03947368421052
201610,5306,78.451
201611,5306,71.2090909090909
201612,5306,74.68454545454546
201601,5309,22.342380952380953
201602,5309,22.614615384615384
201603,5309,25.475217391304344
201604,5309,23.79263157894737
201605,5309,20.59952380952381
201606,5309,20.02952380952381
201607,5309,20.306
201608,5309,19.3
201609,5309,18.660526315789475
201610,5309,16.822
201611,5309,14.004545454545456
201612,5309,13.651818181818184
201601,5310,58.051428571428566
201602,5310,60.075384615384614
201603,5310,59.49478260869566
201604,5310,58.961052631578944
201605,5310,56.988571428571426
201606,5310,56.85142857142856
201607,5310,57.064
201608,5310,56.20260869565218
201609,5310,52.08
201610,5310,50.496
201611,5310,49.017727272727264
201612,5310,57.525
201601,5312,45.235238095238095
201602,5312,44.816153846153846
201603,5312,44.79347826086956
201604,5312,43.82052631578947
201605,5312,43.00190476190476
201606,5312,42.75380952380952
201607,5312,43.5525
201608,5312,44.202173913043474
201609,5312,44.22105263157895
201610,5312,43.3515
201611,5312,43.39047619047619
201612,5312,44.48863636363637
201601,5314,24.19047619047619
201602,5314,24.900769230769228
201603,5314,27.46
201604,5314,28.06947368421053
201605,5314,25.419999999999998
201606,5314,24.164285714285715
201607,5314,24.0135
201608,5314,22.020869565217392
201609,5314,20.976315789473684
201610,5314,20.809
201611,5314,19.216363636363635
201612,5314,19.256363636363634
201601,5315,11.874285714285715
201602,5315,13.738461538461538
201603,5315,16.833913043478262
201604,5315,16.24842105263158
201605,5315,15.647142857142859
201606,5315,16.731428571428573
201607,5315,16.960500000000003
201608,5315,18.581739130434784
201609,5315,16.067368421052635
201610,5315,14.5845
201611,5315,14.228636363636362
201612,5315,14.004545454545456
201601,5321,15.020500000000002
201602,5321,14.836666666666666
201603,5321,16.7
201604,5321,18.832941176470587
201605,5321,19.021764705882354
201606,5321,23.156666666666666
201607,5321,25.617
201608,5321,25.5785
201609,5321,25.566111111111113
201610,5321,24.4945
201611,5321,21.209047619047617
201612,5321,18.462105263157895
201606,5324,10.023333333333333
201607,5324,11.7995
201608,5324,11.385652173913044
201609,5324,11.110526315789473
201610,5324,11.427499999999998
201611,5324,11.42
201612,5324,11.605
201601,5345,29.458499999999997
201602,5345,29.82384615384615
201603,5345,31.442173913043476
201604,5345,32.86210526315789
201605,5345,28.597142857142856
201606,5345,26.88285714285714
201607,5345,28.0875
201608,5345,28.039130434782606
201609,5345,27.553888888888892
201610,5345,26.70294117647059
201611,5345,25.83904761904762
201612,5345,25.640555555555554
201601,5347,25.56047619047619
201602,5347,31.551538461538463
201603,5347,31.48695652173913
201604,5347,31.402105263157893
201605,5347,32.554761904761904
201606,5347,33.45904761904762
201607,5347,36.1125
201608,5347,36.70913043478261
201609,5347,38.35368421052632
201610,5347,41.148
201611,5347,39.058181818181815
201612,5347,37.30954545454545
201601,5348,14.996
201602,5348,12.87
201603,5348,12.850000000000001
201604,5348,13.310625
201605,5348,13.918181818181818
201606,5348,12.7075
201607,5348,10.336315789473684
201608,5348,10.879375
201609,5348,10.15857142857143
201610,5348,10.347857142857142
201612,5348,10.386666666666667
201601,5349,25.35238095238095
201602,5349,26.57384615384615
201603,5349,30.49434782608696
201604,5349,41.04526315789474
201605,5349,38.92285714285714
201606,5349,41.43380952380952
201607,5349,42.0125
201608,5349,36.73739130434783
201609,5349,34.56263157894737
201610,5349,31.166500000000003
201611,5349,28.685
201612,5349,30.275909090909092
201601,5351,21.932380952380953
201602,5351,22.52
201603,5351,22.907826086956522
201604,5351,21.847368421052632
201605,5351,19.836666666666666
201606,5351,21.268571428571427
201607,5351,21.939500000000002
201608,5351,22.580434782608698
201609,5351,22.912631578947366
201610,5351,21.5975
201611,5351,19.799090909090907
201612,5351,20.88090909090909
201601,5356,20.68
201602,5356,20.64846153846154
201603,5356,23.612608695652174
201604,5356,24.34842105263158
201605,5356,22.422857142857143
201606,5356,23.52047619047619
201607,5356,24.436500000000002
201608,5356,24.849999999999998
201609,5356,24.73263157894737
201610,5356,24.722
201611,5356,24.575
201612,5356,26.01954545454545
201601,5364,37.69571428571429
201602,5364,32.4325
201603,5364,32.145833333333336
201604,5364,30.924210526315786
201605,5364,24.408823529411762
201606,5364,21.828235294117647
201607,5364,20.160555555555554
201608,5364,20.764285714285716
201609,5364,20.203529411764706
201610,5364,19.95357142857143
201611,5364,19.593333333333334
201612,5364,18.484117647058824
201601,5371,16.669999999999998
201602,5371,18.71153846153846
201603,5371,21.296521739130434
201604,5371,19.45421052631579
201605,5371,18.447142857142858
201606,5371,18.887142857142855
201607,5371,18.8965
201608,5371,20.37
201609,5371,19.85842105263158
201610,5371,18.7425
201611,5371,18.58909090909091
201612,5371,19.35590909090909
201601,5383,13.831904761904763
201602,5383,13.703076923076923
201603,5383,13.80391304347826
201604,5383,14.125
201605,5383,13.25047619047619
201606,5383,12.4485
201607,5383,12.864500000000001
201608,5383,13.15304347826087
201609,5383,12.80888888888889
201610,5383,12.424736842105263
201611,5383,11.535
201612,5383,11.227272727272727
201610,5386,10.43
201611,5386,13.340454545454547
201612,5386,17.60818181818182
201601,5388,53.438095238095244
201602,5388,54.112307692307695
201603,5388,54.28
201604,5388,50.52842105263158
201605,5388,50.41761904761905
201606,5388,49.269047619047626
201607,5388,47.3175
201608,5388,48.10608695652174
201609,5388,50.27789473684211
201610,5388,50.269999999999996
201611,5388,51.70772727272727
201612,5388,54.45181818181818
201601,5392,33.54238095238095
201602,5392,34.46
201603,5392,36.04608695652174
201604,5392,33.94631578947369
201605,5392,32.385714285714286
201606,5392,35.37428571428571
201607,5392,41.7285
201608,5392,44.02521739130435
201609,5392,39.73315789473684
201610,5392,36.86
201611,5392,33.08590909090909
201612,5392,33.39727272727273
201601,5398,22.799047619047617
201602,5398,22.911538461538463
201603,5398,25.754
201604,5398,33.28315789473684
201605,5398,30.967142857142854
201606,5398,32.70095238095238
201607,5398,30.837894736842102
201608,5398,32.765454545454546
201609,5398,37.721111111111114
201610,5398,45.452999999999996
201611,5398,41.75636363636364
201612,5398,40.41181818181818
201602,5403,10.255384615384616
201603,5403,11.999565217391305
201604,5403,12.819999999999999
201605,5403,12.58
201606,5403,12.600476190476192
201607,5403,13.684999999999999
201608,5403,15.288260869565217
201609,5403,16.393157894736845
201610,5403,15.45
201611,5403,14.626363636363635
201612,5403,15.110000000000001
201601,5425,21.802857142857142
201602,5425,23.347692307692306
201603,5425,27.891304347826086
201604,5425,28.070000000000004
201605,5425,26.23428571428571
201606,5425,25.568095238095236
201607,5425,26.793
201608,5425,26.781739130434783
201609,5425,26.45684210526316
201610,5425,26.597
201611,5425,24.00772727272727
201612,5425,24.907727272727275
201607,5426,10.4275
201608,5426,11.327826086956522
201609,5426,10.82736842105263
201610,5426,10.8435
201611,5426,10.891818181818183
201612,5426,10.569090909090908
201601,5432,14.55125
201602,5432,14.157142857142857
201603,5432,14.42235294117647
201604,5432,14.306000000000001
201605,5432,14.324166666666665
201606,5432,14.23
201607,5432,14.416666666666666
201608,5432,15.014500000000002
201609,5432,14.927368421052632
201610,5432,14.524000000000001
201611,5432,14.929444444444446
201612,5432,17.88818181818182
201601,5434,31.169999999999998
201602,5434,33.74923076923077
201603,5434,35.616521739130434
201604,5434,34.97
201605,5434,36.23380952380952
201606,5434,39.88047619047619
201607,5434,42.493
201608,5434,48.83
201609,5434,54.833157894736836
201610,5434,53.371
201611,5434,50.90090909090909
201612,5434,51.025454545454544
201601,5439,11.26095238095238
201602,5439,11.458461538461538
201603,5439,12.555652173913042
201604,5439,12.693157894736842
201605,5439,14.094761904761905
201606,5439,16.20714285714286
201607,5439,17.8375
201608,5439,20.12695652173913
201609,5439,18.435263157894735
201610,5439,18.5075
201611,5439,17.16181818181818
201612,5439,17.848181818181818
201603,5443,10.244347826086956
201607,5443,11.141
201608,5443,13.962173913043477
201609,5443,14.639473684210525
201610,5443,13.410499999999999
201611,5443,12.469545454545454
201612,5443,13.19681818181818
201603,5452,10.253478260869565
201601,5457,21.20952380952381
201602,5457,21.697692307692307
201603,5457,22.979565217391304
201604,5457,24.31105263157895
201605,5457,22.947619047619046
201606,5457,23.90714285714286
201607,5457,25.9715
201608,5457,26.233478260869564
201609,5457,25.890526315789476
201610,5457,21.853
201611,5457,19.420454545454547
201612,5457,21.80818181818182
201603,5460,10.164782608695651
201604,5460,10.581578947368422
201606,5460,10.037142857142857
201607,5460,10.308
201608,5460,10.19217391304348
201609,5460,10.393684210526315
201610,5460,10.310500000000001
201601,5464,11.256666666666666
201602,5464,11.357692307692307
201603,5464,11.645652173913044
201604,5464,11.304736842105262
201605,5464,10.884285714285713
201606,5464,10.804285714285713
201607,5464,11.0525
201608,5464,11.499130434782609
201609,5464,11.98
201610,5464,12.122
201611,5464,11.558181818181819
201612,5464,11.207727272727272
201609,5465,10.362105263157895
201610,5465,11.1845
201611,5465,10.326818181818181
201601,5468,19.697
201602,5468,18.0225
201603,5468,18.842608695652174
201604,5468,18.301052631578948
201605,5468,16.946111111111108
201606,5468,16.525555555555556
201607,5468,16.048571428571428
201608,5468,18.87095238095238
201609,5468,20.77
201610,5468,20.88235294117647
201611,5468,19.04375
201612,5468,19.17235294117647
201611,5469,12.65318181818182
201612,5469,14.38
201601,5471,20.272857142857145
201602,5471,20.567692307692308
201603,5471,20.950434782608696
201604,5471,19.474736842105262
201605,5471,18.416666666666668
201606,5471,19.030952380952378
201607,5471,20.9235
201608,5471,22.24304347826087
201609,5471,21.317894736842103
201610,5471,20.282
201611,5471,19.36818181818182
201612,5471,19.805
201601,5474,30.075714285714287
201602,5474,32.21153846153846
201603,5474,35.786521739130436
201604,5474,33.050000000000004
201605,5474,32.21523809523809
201606,5474,33.292857142857144
201607,5474,42.0135
201608,5474,47.62869565217392
201609,5474,45.5478947368421
201610,5474,40.9285
201611,5474,42.52272727272727
201612,5474,40.97090909090909
201601,5478,39.37190476190476
201602,5478,44.40846153846154
201603,5478,45.087391304347825
201604,5478,41.02842105263158
201605,5478,37.26952380952381
201606,5478,40.946666666666665
201607,5478,43.8525
201608,5478,44.26913043478261
201609,5478,41.467894736842105
201610,5478,41.0855
201611,5478,39.54863636363637
201612,5478,40.85136363636364
201601,5481,16.075714285714284
201602,5481,15.53076923076923
201603,5481,14.71913043478261
201604,5481,15.583157894736841
201605,5481,16.021428571428572
201606,5481,15.737142857142858
201607,5481,15.502
201608,5481,15.486521739130435
201609,5481,16.092105263157894
201610,5481,17.415
201611,5481,16.944545454545455
201612,5481,17.174999999999997
201601,5483,29.87857142857143
201602,5483,28.858461538461537
201603,5483,26.702608695652174
201604,5483,23.73157894736842
201605,5483,23.421904761904763
201606,5483,24.420952380952382
201607,5483,25.2865
201608,5483,24.546956521739133
201609,5483,23.860526315789475
201610,5483,24.361
201611,5483,21.582727272727272
201612,5483,22.94
201601,5487,14.592857142857142
201602,5487,15.654615384615385
201603,5487,16.680869565217392
201604,5487,16.513157894736842
201605,5487,15.879047619047618
201606,5487,16.477142857142855
201607,5487,18.037
201608,5487,18.96782608695652
201609,5487,19.45736842105263
201610,5487,19.2805
201611,5487,17.79
201612,5487,17.702272727272728
201601,5489,34.20142857142857
201602,5489,34.61076923076923
201603,5489,35.36304347826087
201604,5489,34.27473684210526
201605,5489,32.68190476190476
201606,5489,30.842857142857145
201607,5489,28.699
201608,5489,30.722608695652173
201609,5489,30.32842105263158
201610,5489,30.3
201611,5489,30.286666666666665
201612,5489,32.79409090909091
201601,5490,44.32047619047619
201602,5490,49.519999999999996
201603,5490,49.57217391304348
201604,5490,44.65894736842105
201605,5490,39.35285714285714
201606,5490,41.68523809523809
201607,5490,42.8175
201608,5490,41.85782608695652
201609,5490,35.596315789473685
201610,5490,33.201499999999996
201611,5490,36.231818181818184
201612,5490,40.91
201601,5493,18.534285714285716
201602,5493,19.303076923076922
201603,5493,19.940434782608694
201604,5493,19.74684210526316
201605,5493,19.498571428571427
201606,5493,18.976666666666667
201607,5493,19.1035
201608,5493,19.146521739130435
201609,5493,19.45157894736842
201610,5493,19.487000000000002
201611,5493,19.282727272727275
201612,5493,19.92590909090909
201601,5508,11.631904761904762
201602,5508,11.435384615384615
201603,5508,12.726086956521739
201604,5508,12.364736842105264
201605,5508,11.780476190476191
201606,5508,12.338095238095239
201607,5508,12.3665
201608,5508,12.351739130434781
201609,5508,12.24263157894737
201610,5508,11.916
201611,5508,10.85
201612,5508,10.956363636363635
201601,5511,16.012857142857143
201602,5511,16.314615384615387
201603,5511,16.840434782608696
201604,5511,15.812105263157894
201605,5511,15.428571428571429
201606,5511,15.347619047619048
201607,5511,15.851500000000001
201608,5511,16.29478260869565
201609,5511,15.363333333333335
201610,5511,14.629499999999998
201611,5511,13.89809523809524
201612,5511,14.80318181818182
201601,5520,16.264444444444443
201602,5520,16.473076923076924
201603,5520,17.525714285714287
201604,5520,17.499285714285715
201605,5520,17.472857142857144
201606,5520,17.310499999999998
201607,5520,17.064500000000002
201608,5520,17.537
201609,5520,17.939285714285713
201610,5520,18.160666666666664
201611,5520,18.141764705882352
201612,5520,18.08095238095238
201601,5522,15.25904761904762
201602,5522,15.706153846153846
201603,5522,16.475652173913044
201604,5522,18.379473684210524
201605,5522,17.273333333333333
201606,5522,17.12904761904762
201607,5522,17.4325
201608,5522,18.340434782608696
201609,5522,19.256315789473685
201610,5522,18.796
201611,5522,18.49909090909091
201612,5522,18.987727272727273
201601,5529,18.08238095238095
201602,5529,18.58
201603,5529,24.49304347826087
201604,5529,25.563684210526315
201605,5529,23.539523809523807
201606,5529,25.258095238095237
201607,5529,24.6135
201608,5529,23.584782608695654
201609,5529,22.97947368421053
201610,5529,21.619473684210526
201611,5529,19.60272727272727
201612,5529,18.766363636363636
201601,5530,44.95142857142857
201602,5530,46.31923076923077
201603,5530,46.455652173913045
201604,5530,45.29052631578947
201605,5530,43.172380952380955
201606,5530,43.07714285714286
201607,5530,46.122499999999995
201608,5530,43.73652173913044
201609,5530,43.69315789473684
201610,5530,43.753
201611,5530,43.93454545454545
201612,5530,45.46363636363637
201603,5531,11.231304347826086
201604,5531,10.542105263157893
201601,5533,10.208571428571428
201602,5533,10.313846153846155
201603,5533,10.537391304347825
201604,5533,10.475263157894737
201605,5533,10.32857142857143
201606,5533,10.411428571428571
201607,5533,10.5155
201608,5533,10.502173913043478
201609,5533,10.285789473684211
201610,5533,10.314
201611,5533,10.322272727272727
201612,5533,10.339545454545455
201601,5534,23.17904761904762
201602,5534,23.313076923076924
201603,5534,25.15478260869565
201604,5534,28.052105263157895
201605,5534,27.653333333333336
201606,5534,31.47
201607,5534,32.8055
201608,5534,31.401304347826088
201609,5534,30.272105263157894
201610,5534,29.526
201611,5534,31.61590909090909
201612,5534,36.29590909090909
201601,5536,36.004285714285714
201602,5536,37.58538461538462
201603,5536,39.573043478260864
201604,5536,39.01842105263158
201605,5536,36.847142857142856
201606,5536,36.67190476190476
201607,5536,37.915499999999994
201608,5536,40.92434782608696
201609,5536,40.87157894736842
201610,5536,40.525
201611,5536,41.315
201612,5536,44.57181818181818
201601,5538,14.128095238095238
201602,5538,14.656153846153845
201603,5538,14.752173913043478
201604,5538,14.588947368421053
201605,5538,14.474285714285713
201606,5538,14.60904761904762
201607,5538,14.972999999999999
201608,5538,15.303043478260872
201609,5538,15.207894736842105
201610,5538,15.239
201611,5538,14.985909090909091
201612,5538,16.60590909090909
201605,5543,19.881875
201606,5543,20.784
201607,5543,20.410500000000003
201608,5543,23.836521739130436
201609,5543,24.42684210526316
201610,5543,21.956
201611,5543,20.06714285714286
201612,5543,19.446363636363635
201601,5601,25.731428571428573
201602,5601,25.213333333333335
201603,5601,24.84857142857143
201604,5601,24.16125
201605,5601,24.187142857142856
201606,5601,24.17
201607,5601,24.485
201608,5601,24.065714285714286
201609,5601,23.213333333333335
201610,5601,23.185000000000002
201611,5601,23.08
201612,5601,23.282666666666668
201601,5604,17.6275
201602,5604,18.959090909090907
201603,5604,19.632608695652173
201604,5604,19.21263157894737
201605,5604,18.552857142857142
201606,5604,18.545714285714286
201607,5604,18.558
201608,5604,18.24047619047619
201609,5604,18.320588235294117
201610,5604,17.725
201611,5604,16.7205
201612,5604,17.22952380952381
201601,5607,10.303333333333333
201602,5607,10.484615384615385
201603,5607,10.784347826086956
201604,5607,10.582631578947368
201612,5607,10.182727272727274
201601,5608,13.66047619047619
201602,5608,14.237692307692308
201603,5608,15.47086956521739
201604,5608,14.058947368421054
201605,5608,12.519523809523811
201606,5608,11.952380952380953
201607,5608,12.119
201608,5608,11.443478260869565
201609,5608,11.277368421052632
201610,5608,10.991
201611,5608,11.192272727272726
201612,5608,10.826363636363636
201601,5703,21.194444444444443
201602,5703,21.004545454545454
201603,5703,21.36
201604,5703,21.279999999999998
201605,5703,21.332222222222224
201606,5703,21.410999999999998
201607,5703,21.338421052631578
201608,5703,22.392857142857142
201609,5703,23.412222222222223
201610,5703,23.801333333333332
201611,5703,24.090555555555554
201612,5703,24.29
201601,5704,24.2
201602,5704,28.086153846153845
201603,5704,31.942608695652172
201604,5704,22.474736842105262
201605,5704,20.698571428571427
201606,5704,22.01142857142857
201607,5704,22.294999999999998
201608,5704,22.330454545454543
201609,5704,21.832666666666668
201610,5704,21.795714285714286
201611,5704,21.834761904761905
201612,5704,21.5415
201601,5706,17.533809523809524
201602,5706,17.826153846153847
201603,5706,19.121304347826086
201604,5706,19.748947368421053
201605,5706,19.03047619047619
201606,5706,18.539523809523807
201607,5706,18.8975
201608,5706,18.77173913043478
201609,5706,18.51
201610,5706,18.241999999999997
201611,5706,17.793181818181818
201612,5706,17.671818181818182
201601,5871,29.918095238095237
201602,5871,30.726153846153846
201603,5871,32.75217391304348
201604,5871,32.24421052631579
201605,5871,29.272380952380953
201606,5871,29.26904761904762
201607,5871,31.4695
201608,5871,33.006521739130434
201609,5871,33.83105263157895
201610,5871,33.6205
201611,5871,32.891363636363636
201612,5871,33.52909090909091
201601,5876,22.18
201602,5876,22.596153846153847
201603,5876,22.626521739130432
201604,5876,21.835263157894737
201605,5876,20.85904761904762
201606,5876,21.3215
201607,5876,21.369
201608,5876,21.274782608695652
201609,5876,20.62
201610,5876,20.153
201611,5876,19.930909090909093
201612,5876,20.41818181818182
201601,5878,22.09222222222222
201602,5878,23.055555555555557
201603,5878,23.976470588235294
201604,5878,22.82133333333333
201605,5878,22.999166666666667
201606,5878,24.10875
201607,5878,25.107333333333333
201608,5878,24.96941176470588
201609,5878,25.145833333333332
201610,5878,24.821428571428573
201611,5878,24.516111111111112
201612,5878,24.51666666666667
201606,5902,11.113333333333333
201607,5902,10.554736842105262
201608,5902,10.993913043478262
201609,5902,10.881578947368421
201610,5902,10.713333333333333
201611,5902,10.316190476190476
201612,5902,10.34388888888889
201601,5903,156.61095238095237
201602,5903,158.9815384615385
201603,5903,168.40826086956523
201604,5903,165.36555555555555
201605,5903,158.68571428571428
201606,5903,157.8461904761905
201607,5903,164.2655
201608,5903,178.21695652173912
201609,5903,179.8957894736842
201610,5903,177.32777777777778
201611,5903,175.73909090909092
201612,5903,167.21526315789475
201601,5904,194.16571428571427
201602,5904,211.07
201603,5904,221.28652173913045
201604,5904,214.15
201605,5904,224.44571428571427
201606,5904,226.63047619047617
201607,5904,247.57049999999998
201608,5904,295.8426086956522
201609,5904,306.86894736842106
201610,5904,306.067
201611,5904,282.84272727272725
201612,5904,252.16636363636363
201601,5906,10.561428571428571
201602,5906,10.875
201603,5906,11.408636363636363
201604,5906,11.288823529411765
201605,5906,10.760555555555555
201607,5906,10.950909090909091
201608,5906,10.543529411764707
201610,5906,10.591111111111111
201601,5907,17.493809523809524
201602,5907,18.206923076923076
201603,5907,18.86
201604,5907,17.65473684210526
201605,5907,16.643809523809523
201606,5907,18.268571428571427
201607,5907,18.276500000000002
201608,5907,18.317391304347826
201609,5907,18.480526315789472
201610,5907,17.8555
201611,5907,16.751363636363635
201612,5907,16.537272727272725
201601,6023,19.60904761904762
201602,6023,20.545384615384613
201603,6023,21.750434782608696
201604,6023,21.077894736842108
201605,6023,20.803809523809523
201606,6023,21.12095238095238
201607,6023,21.637999999999998
201608,6023,21.85086956521739
201609,6023,21.65684210526316
201610,6023,21.4995
201611,6023,21.651363636363637
201612,6023,22.077272727272728
201601,6024,13.510952380952382
201602,6024,14.514615384615384
201603,6024,16.80782608695652
201604,6024,16.454736842105262
201605,6024,15.960952380952381
201606,6024,16.77190476190476
201607,6024,18.028
201608,6024,19.213043478260868
201609,6024,18.763157894736842
201610,6024,18.159
201611,6024,18.195454545454545
201612,6024,18.740454545454547
201601,6101,23.362857142857145
201602,6101,21.078461538461536
201603,6101,19.30608695652174
201604,6101,19.314210526315787
201605,6101,18.173809523809524
201606,6101,16.5865
201607,6101,14.74
201608,6101,15.077391304347826
201609,6101,13.581578947368422
201610,6101,15.3355
201611,6101,14.772272727272728
201612,6101,16.974090909090908
201601,6103,39.433846153846154
201602,6103,48.105714285714285
201603,6103,57.280625
201604,6103,78.16
201605,6103,106.20133333333334
201606,6103,91.47733333333333
201607,6103,83.94631578947369
201608,6103,109.06714285714285
201609,6103,100.82444444444444
201610,6103,96.79166666666667
201611,6103,83.31666666666666
201612,6103,100.56833333333333
201601,6104,27.64952380952381
201602,6104,27.02846153846154
201603,6104,26.95
201604,6104,24.94
201605,6104,21.162380952380953
201606,6104,21.97047619047619
201607,6104,23.948
201608,6104,28.211304347826086
201609,6104,29.05315789473684
201610,6104,27.189
201611,6104,25.833636363636366
201612,6104,27.154545454545453
201604,6108,10.82421052631579
201605,6108,10.377142857142857
201606,6108,10.262380952380951
201607,6108,10.509
201608,6108,12.224347826086957
201609,6108,12.921052631578947
201610,6108,14.4065
201611,6108,15.258181818181818
201612,6108,17.420909090909092
201601,6109,11.529523809523809
201602,6109,12.303846153846154
201603,6109,13.238695652173913
201604,6109,12.840526315789473
201605,6109,12.520476190476192
201606,6109,12.434761904761904
201607,6109,11.6445
201608,6109,11.94608695652174
201609,6109,12.04
201610,6109,11.9925
201611,6109,11.905454545454546
201612,6109,11.995454545454544
201601,6111,48.47571428571429
201602,6111,48.466923076923074
201603,6111,47.86347826086956
201604,6111,49.88421052631579
201605,6111,40.74952380952381
201606,6111,41.948095238095235
201607,6111,41.7105
201608,6111,42.581739130434784
201609,6111,50.853157894736846
201610,6111,56.361000000000004
201611,6111,52.42454545454545
201612,6111,52.8359090909091
201601,6112,11.842857142857142
201602,6112,12.31
201603,6112,13.15913043478261
201604,6112,12.927894736842106
201605,6112,12.805714285714286
201606,6112,12.953809523809522
201607,6112,13.515
201608,6112,13.878695652173912
201609,6112,13.70157894736842
201610,6112,13.64
201611,6112,13.635909090909092
201612,6112,13.895454545454545
201601,6114,30.244999999999997
201602,6114,31.914615384615384
201603,6114,36.43782608695652
201604,6114,33.694736842105264
201605,6114,28.51904761904762
201606,6114,28.376190476190477
201607,6114,31.290588235294113
201608,6114,32.745217391304344
201609,6114,33.48315789473685
201610,6114,39.632999999999996
201611,6114,37.58
201612,6114,40.69863636363636
201601,6115,16.455714285714286
201602,6115,16.837692307692308
201603,6115,18.436521739130434
201604,6115,19.21421052631579
201605,6115,18.63190476190476
201606,6115,19.613333333333333
201607,6115,20.875999999999998
201608,6115,21.765652173913043
201609,6115,22.980526315789472
201610,6115,23.628999999999998
201611,6115,23.928181818181816
201612,6115,24.19545454545454
201601,6117,13.652380952380952
201602,6117,13.094615384615384
201603,6117,12.933913043478261
201604,6117,13.246315789473684
201605,6117,12.801052631578948
201606,6117,13.07952380952381
201607,6117,13.4235
201608,6117,13.687391304347827
201609,6117,13.455789473684211
201610,6117,13.068000000000001
201611,6117,12.763181818181819
201612,6117,12.13
201603,6120,10.286521739130436
201604,6120,10.93578947368421
201606,6120,10.602380952380953
201607,6120,12.032
201608,6120,12.564782608695653
201609,6120,12.302105263157895
201610,6120,11.496
201611,6120,11.422727272727274
201612,6120,11.860909090909091
201601,6121,88.74428571428572
201602,6121,95.15307692307692
201603,6121,102.24913043478261
201604,6121,101.50263157894737
201605,6121,97.12285714285714
201606,6121,100.9242857142857
201607,6121,105.731
201608,6121,102.7204347826087
201609,6121,97.35052631578948
201610,6121,92.52000000000001
201611,6121,87.2
201612,6121,87.75772727272728
201601,6123,11.091904761904763
201602,6123,12.956923076923077
201603,6123,14.014782608695654
201604,6123,14.898421052631578
201605,6123,13.804761904761904
201606,6123,13.97142857142857
201607,6123,15.732499999999998
201608,6123,15.71913043478261
201609,6123,15.082105263157894
201610,6123,15.118
201611,6123,14.132727272727273
201612,6123,14.705909090909092
201601,6124,25.65
201602,6124,24.63076923076923
201603,6124,27.367391304347827
201604,6124,26.702777777777776
201605,6124,24.026190476190475
201606,6124,21.961904761904762
201607,6124,20.59
201608,6124,31.019565217391307
201609,6124,32.147368421052626
201610,6124,31.4125
201611,6124,29.35
201612,6124,28.754545454545454
201607,6127,10.33
201608,6127,11.323478260869566
201609,6127,11.769473684210526
201610,6127,11.895999999999999
201611,6127,11.20590909090909
201612,6127,12.316818181818183
201601,6128,17.46
201602,6128,18.015384615384615
201603,6128,19.57521739130435
201604,6128,20.321578947368423
201605,6128,19.826190476190476
201606,6128,20.5
201607,6128,24.095
201608,6128,24.632608695652173
201609,6128,24.761052631578945
201610,6128,24.526500000000002
201611,6128,23.27318181818182
201612,6128,23.33409090909091
201601,6130,24.789047619047622
201602,6130,25.782307692307693
201603,6130,26.012173913043476
201604,6130,24.73
201605,6130,23.40809523809524
201606,6130,23.124000000000002
201607,6130,24.063
201608,6130,22.757391304347824
201609,6130,22.473888888888887
201610,6130,21.61
201611,6130,20.36
201612,6130,23.114545454545453
201601,6131,28.70714285714286
201602,6131,26.372307692307693
201603,6131,35.27391304347826
201604,6131,31.96
201607,6131,34.12888888888889
201608,6131,39.45913043478261
201609,6131,44.13578947368421
201610,6131,45.034
201611,6131,42.92136363636364
201612,6131,42.92136363636364
201603,6134,10.01086956521739
201605,6134,10.466190476190476
201606,6134,11.501904761904761
201607,6134,15.462
201608,6134,14.941739130434783
201609,6134,15.12421052631579
201610,6134,13.947999999999999
201611,6134,12.922272727272729
201612,6134,12.94818181818182
201601,6136,11.442380952380953
201602,6136,11.72
201603,6136,12.259130434782607
201604,6136,12.18578947368421
201605,6136,11.99
201606,6136,12.231904761904762
201607,6136,12.627500000000001
201608,6136,12.750869565217391
201609,6136,12.635263157894736
201610,6136,12.5885
201611,6136,12.703636363636365
201612,6136,13.116363636363637
201601,6138,18.176666666666666
201602,6138,19.587692307692308
201603,6138,21.101739130434783
201604,6138,21.54263157894737
201605,6138,20.603809523809524
201606,6138,21.581904761904763
201607,6138,24.6195
201608,6138,25.23478260869565
201609,6138,26.835789473684212
201610,6138,27.119
201611,6138,25.904090909090908
201612,6138,28.74090909090909
201601,6139,12.206666666666665
201602,6139,15.200769230769232
201603,6139,23.17478260869565
201604,6139,21.435263157894735
201605,6139,18.355238095238093
201606,6139,17.336666666666666
201607,6139,17.139
201608,6139,18.27695652173913
201609,6139,19.138947368421054
201610,6139,18.0735
201611,6139,17.373181818181816
201612,6139,21.181818181818183
201604,6140,10.539473684210526
201601,6143,33.652857142857144
201602,6143,41.07769230769231
201603,6143,46.044347826086955
201604,6143,39.025263157894734
201605,6143,41.34428571428572
201606,6143,45.607142857142854
201607,6143,49.3915
201608,6143,50.20434782608696
201609,6143,46.17947368421053
201610,6143,42.2295
201611,6143,42.58818181818182
201612,6143,45.093636363636364
201601,6144,16.78375
201602,6144,16.997777777777777
201603,6144,16.703684210526315
201604,6144,16.302500000000002
201605,6144,16.11
201606,6144,16.05529411764706
201607,6144,15.82375
201608,6144,16.337333333333333
201609,6144,17.632
201610,6144,17.747272727272726
201611,6144,16.512857142857143
201612,6144,18.32470588235294
201602,6145,10.211538461538462
201603,6145,10.579565217391304
201606,6145,10.186190476190475
201607,6145,10.251999999999999
201601,6146,114.40238095238094
201602,6146,111.46615384615384
201603,6146,106.22
201604,6146,101.66631578947369
201605,6146,102.40190476190476
201606,6146,101.41333333333333
201607,6146,101.6975
201608,6146,104.22652173913043
201609,6146,102.90105263157893
201610,6146,95.913
201611,6146,99.15954545454547
201612,6146,104.64136363636364
201601,6147,23.705714285714286
201602,6147,27.503076923076925
201603,6147,29.77608695652174
201604,6147,25.451052631578946
201605,6147,22.33904761904762
201606,6147,22.83190476190476
201607,6147,23.6255
201608,6147,24.16695652173913
201609,6147,25.502105263157897
201610,6147,26.273500000000002
201611,6147,25.87590909090909
201612,6147,26.209545454545456
201603,6150,10.790434782608695
201604,6150,10.263157894736842
201607,6150,10.3235
201608,6150,10.857391304347827
201609,6150,11.629473684210527
201610,6150,14.996666666666664
201611,6150,12.254999999999999
201612,6150,11.752272727272727
201601,6151,11.140952380952381
201602,6151,12.40846153846154
201603,6151,13.623478260869566
201604,6151,13.210526315789474
201605,6151,12.953809523809522
201606,6151,12.840952380952379
201607,6151,13.2215
201608,6151,13.162173913043478
201609,6151,12.745263157894737
201610,6151,12.6295
201611,6151,12.764999999999999
201612,6151,13.692727272727273
201603,6152,10.48608695652174
201604,6152,11.244736842105263
201605,6152,10.256666666666666
201606,6152,10.285714285714286
201607,6152,10.3
201608,6152,10.031304347826087
201601,6153,17.46952380952381
201602,6153,17.947692307692307
201603,6153,18.69086956521739
201604,6153,16.794736842105262
201605,6153,14.237619047619049
201606,6153,13.664761904761903
201607,6153,14.187000000000001
201608,6153,15.612173913043478
201609,6153,16.509473684210526
201610,6153,17.476499999999998
201611,6153,16.00090909090909
201612,6153,15.794090909090908
201608,6154,10.163913043478262
201609,6154,10.496315789473684
201610,6154,10.3775
201611,6154,10.335454545454546
201612,6154,10.422272727272727
201601,6155,11.321428571428571
201602,6155,11.684615384615386
201603,6155,12.519565217391303
201604,6155,12.015789473684212
201605,6155,11.712
201606,6155,12.01952380952381
201607,6155,12.023
201608,6155,12.544782608695652
201609,6155,13.152105263157896
201610,6155,12.818000000000001
201611,6155,12.569090909090908
201612,6155,12.51
201602,6156,10.236153846153845
201603,6156,13.605217391304349
201604,6156,13.506315789473684
201605,6156,12.858571428571427
201606,6156,11.184761904761904
201607,6156,10.729
201608,6156,10.907826086956522
201609,6156,11.397368421052633
201610,6156,12.216842105263158
201611,6156,11.907727272727273
201612,6156,12.467727272727274
201601,6158,21.41761904761905
201602,6158,22.442307692307693
201603,6158,18.21260869565217
201604,6158,18.27052631578947
201605,6158,16.558095238095238
201606,6158,14.95047619047619
201607,6158,16.8705
201608,6158,18.254782608695653
201609,6158,20.738947368421055
201610,6158,18.783
201611,6158,18.78318181818182
201612,6158,19.788181818181815
201601,6160,13.654285714285715
201602,6160,13.586923076923076
201603,6160,16.006521739130434
201604,6160,21.537894736842105
201605,6160,23.913809523809523
201606,6160,26.14619047619048
201607,6160,28.2665
201608,6160,26.38086956521739
201609,6160,25.00052631578947
201610,6160,22.288
201611,6160,19.615454545454543
201612,6160,20.973636363636363
201612,6161,11.41
201603,6163,10.725652173913044
201606,6164,10.788571428571428
201607,6164,11.201
201608,6164,11.312608695652173
201609,6164,12.035789473684211
201610,6164,11.6425
201611,6164,12.050454545454546
201612,6164,13.56590909090909
201601,6165,10.294285714285715
201602,6165,10.78076923076923
201603,6165,10.62695652173913
201607,6165,12.41263157894737
201608,6165,15.34086956521739
201609,6165,16.319473684210525
201610,6165,18.6535
201611,6165,15.280909090909091
201612,6165,13.940454545454545
201601,6166,56.07714285714285
201602,6166,59.38384615384616
201603,6166,61.55347826086957
201604,6166,58.97105263157895
201605,6166,51.29380952380953
201606,6166,52.103809523809524
201607,6166,54.675
201608,6166,49.68782608695652
201609,6166,50.61052631578948
201610,6166,52.128499999999995
201611,6166,46.593636363636364
201612,6166,47.71227272727273
201601,6169,41.65380952380953
201602,6169,42.310769230769225
201603,6169,56.94043478260869
201604,6169,52.683684210526316
201605,6169,45.50047619047619
201606,6169,47.980000000000004
201607,6169,45.9985
201608,6169,49.60565217391304
201609,6169,46.87105263157895
201610,6169,44.3955
201611,6169,42.74818181818182
201612,6169,42.45909090909091
201611,6172,10.659090909090908
201612,6172,10.768095238095238
201603,6173,10.56391304347826
201605,6173,10.535238095238096
201606,6173,10.852857142857143
201607,6173,11.424
201608,6173,13.561739130434784
201609,6173,13.771578947368422
201610,6173,13.568999999999999
201611,6173,12.309545454545455
201612,6173,12.468636363636364
201603,6174,10.485217391304348
201604,6174,10.529411764705882
201605,6174,10.078333333333333
201607,6174,10.1545
201608,6174,10.587272727272726
201609,6174,11.049444444444443
201610,6174,10.816500000000001
201611,6174,10.271818181818182
201612,6174,10.375909090909092
201601,6176,30.53952380952381
201602,6176,31.38153846153846
201603,6176,32.81608695652174
201604,6176,27.542631578947365
201605,6176,22.995714285714286
201606,6176,23.924761904761905
201607,6176,26.163999999999998
201608,6176,27.32695652173913
201609,6176,27.221578947368425
201610,6176,25.7075
201611,6176,29.700454545454544
201612,6176,30.187727272727273
201601,6179,22.616190476190475
201602,6179,23.694615384615382
201603,6179,24.18521739130435
201604,6179,24.437368421052632
201605,6179,23.608571428571427
201606,6179,22.95
201607,6179,25.581
201608,6179,32.61304347826087
201609,6179,33.39473684210526
201610,6179,35.5655
201611,6179,34.875
201612,6179,34.05909090909091
201601,6180,22.290952380952383
201602,6180,22.315384615384616
201603,6180,22.38782608695652
201604,6180,20.021052631578947
201605,6180,18.393809523809523
201606,6180,18.97904761904762
201607,6180,19.5105
201608,6180,19.550869565217393
201609,6180,17.962105263157895
201610,6180,17.4885
201611,6180,17.452727272727273
201612,6180,17.694090909090907
201601,6183,17.723809523809525
201602,6183,17.873076923076923
201603,6183,18.33086956521739
201604,6183,18.606315789473683
201605,6183,18.296666666666667
201606,6183,18.35142857142857
201607,6183,18.448
201608,6183,18.992173913043477
201609,6183,18.99842105263158
201610,6183,19.1375
201611,6183,18.82
201612,6183,18.771818181818183
201601,6184,25.26047619047619
201602,6184,24.97230769230769
201603,6184,25.132608695652173
201604,6184,21.44105263157895
201605,6184,17.635714285714286
201606,6184,18.963809523809523
201607,6184,19.6845
201608,6184,18.853478260869565
201609,6184,19.066315789473684
201610,6184,19.642500000000002
201611,6184,19.796818181818182
201612,6184,19.242272727272727
201601,6185,13.423333333333332
201602,6185,13.57846153846154
201603,6185,14.33304347826087
201604,6185,13.485789473684212
201605,6185,12.902857142857142
201606,6185,13.406666666666668
201607,6185,13.109
201608,6185,13.258695652173913
201609,6185,13.89421052631579
201610,6185,13.725
201611,6185,13.80909090909091
201612,6185,14.568181818181818
201601,6187,27.563333333333336
201602,6187,31.06153846153846
201603,6187,35.16608695652174
201604,6187,38.19263157894736
201605,6187,36.142857142857146
201606,6187,43.873333333333335
201607,6187,47.7115
201608,6187,45.78260869565217
201609,6187,42.91684210526316
201610,6187,37.6395
201611,6187,35.25181818181818
201612,6187,37.834545454545456
201601,6188,15.045238095238094
201602,6188,15.466923076923077
201603,6188,15.971304347826086
201604,6188,15.125263157894736
201605,6188,14.00952380952381
201606,6188,14.662380952380953
201607,6188,16.369
201608,6188,19.78391304347826
201609,6188,22.088421052631578
201610,6188,21.559
201611,6188,19.485454545454544
201612,6188,19.787272727272725
201601,6189,15.438095238095238
201602,6189,17.296153846153846
201603,6189,17.989565217391306
201604,6189,17.981052631578947
201605,6189,17.56095238095238
201606,6189,17.763333333333332
201607,6189,18.3915
201608,6189,18.035652173913043
201609,6189,18.117894736842107
201610,6189,18.1025
201611,6189,17.415
201612,6189,17.201363636363638
201601,6192,35.50714285714285
201602,6192,37.4676923076923
201603,6192,38.50043478260869
201604,6192,39.92842105263158
201605,6192,38.453809523809525
201606,6192,38.8252380952381
201607,6192,40.341
201608,6192,41.59478260869565
201609,6192,42.06315789473685
201610,6192,43.0895
201611,6192,44.87227272727273
201612,6192,47.53454545454545
201601,6194,18.726190476190474
201602,6194,18.964615384615385
201603,6194,20.167391304347827
201604,6194,19.080526315789474
201605,6194,17.964761904761904
201606,6194,16.816666666666666
201607,6194,15.982999999999999
201608,6194,16.22434782608696
201609,6194,16.27263157894737
201610,6194,16.176
201611,6194,15.656363636363636
201612,6194,15.447727272727274
201601,6195,23.131
201602,6195,24.699230769230766
201603,6195,26.26391304347826
201604,6195,25.69105263157895
201605,6195,24.7505
201606,6195,24.39095238095238
201607,6195,24.482999999999997
201608,6195,25.001739130434782
201609,6195,26.04421052631579
201610,6195,27.367
201611,6195,26.908636363636365
201612,6195,26.566363636363636
201601,6196,14.562380952380952
201602,6196,15.88846153846154
201603,6196,17.891304347826086
201604,6196,17.013684210526314
201605,6196,17.35952380952381
201606,6196,18.38857142857143
201607,6196,19.8685
201608,6196,19.73695652173913
201609,6196,19.36263157894737
201610,6196,18.9655
201611,6196,18.577272727272728
201612,6196,19.50318181818182
201601,6197,19.087619047619047
201602,6197,19.834615384615386
201603,6197,20.47826086956522
201604,6197,19.82842105263158
201605,6197,18.974285714285713
201606,6197,19.423809523809524
201607,6197,20.562
201608,6197,21.126521739130435
201609,6197,21.515263157894736
201610,6197,20.356
201611,6197,20.116818181818182
201612,6197,21.271818181818183
201601,6198,14.036315789473685
201602,6198,14.384
201603,6198,15.172380952380953
201604,6198,17.578235294117647
201605,6198,18.15684210526316
201606,6198,19.608947368421052
201607,6198,21.394117647058824
201608,6198,21.30764705882353
201609,6198,21.188125
201610,6198,20.176875
201611,6198,18.788125
201612,6198,21.037142857142857
201602,6199,12.421666666666667
201603,6199,13.727
201604,6199,18.5075
201605,6199,16.732
201606,6199,17.71
201607,6199,11.61
201608,6199,12.56
201609,6199,18.3875
201610,6199,22.34941176470588
201611,6199,21.403076923076924
201612,6199,19.2
201601,6201,14.064285714285715
201602,6201,14.617692307692307
201603,6201,15.121739130434783
201604,6201,15.228947368421053
201605,6201,15.193333333333333
201606,6201,15.404499999999999
201607,6201,16.000999999999998
201608,6201,19.725652173913044
201609,6201,20.028947368421054
201610,6201,18.833000000000002
201611,6201,18.688636363636363
201612,6201,19.045
201601,6202,29.225714285714286
201602,6202,29.613846153846154
201603,6202,31.24739130434783
201604,6202,31.021052631578947
201605,6202,31.615238095238094
201606,6202,32.254285714285714
201607,6202,32.086
201608,6202,31.748260869565218
201609,6202,31.73578947368421
201610,6202,31.967000000000002
201611,6202,30.971363636363638
201612,6202,31.22409090909091
201601,6203,17.616190476190475
201602,6203,18.383846153846154
201603,6203,19.56826086956522
201604,6203,18.995263157894737
201605,6203,17.66095238095238
201606,6203,18.564285714285717
201607,6203,19.484
201608,6203,19.959565217391305
201609,6203,19.92105263157895
201610,6203,19.4775
201611,6203,19.046818181818182
201612,6203,19.339545454545455
201601,6204,12.5855
201602,6204,12.94
201603,6204,12.735652173913044
201604,6204,12.561578947368421
201605,6204,12.211904761904762
201606,6204,12.017142857142856
201607,6204,11.802777777777777
201608,6204,11.511304347826087
201609,6204,11.408666666666667
201610,6204,11.3705
201611,6204,11.276190476190475
201612,6204,11.454285714285714
201601,6205,17.99809523809524
201602,6205,19.923846153846153
201603,6205,20.450869565217392
201604,6205,19.57526315789474
201605,6205,18.67142857142857
201606,6205,18.547619047619047
201607,6205,18.4725
201608,6205,19.47478260869565
201609,6205,21.202105263157897
201610,6205,21.154500000000002
201611,6205,20.61409090909091
201612,6205,20.48681818181818
201601,6206,56.43285714285714
201602,6206,63.071538461538466
201603,6206,66.5895652173913
201604,6206,64.5621052631579
201605,6206,64.75428571428571
201606,6206,63.988571428571426
201607,6206,61.878
201608,6206,66.59478260869565
201609,6206,68.80894736842104
201610,6206,66.4485
201611,6206,59.705
201612,6206,60.404090909090904
201601,6207,14.88238095238095
201602,6207,15.266153846153847
201603,6207,16.371739130434783
201604,6207,16.19105263157895
201605,6207,14.880952380952381
201606,6207,15.302380952380954
201607,6207,14.968
201608,6207,14.696956521739128
201609,6207,14.530526315789473
201610,6207,15.183000000000002
201611,6207,14.432727272727272
201612,6207,14.546363636363635
201603,6208,10.285652173913043
201604,6208,10.223684210526315
201605,6208,10.151904761904762
201606,6208,10.40952380952381
201607,6208,10.6505
201608,6208,11.90304347826087
201609,6208,12.298421052631578
201610,6208,12.31076923076923
201611,6208,11.676363636363636
201612,6208,11.72318181818182
201601,6209,12.895238095238096
201602,6209,15.73
201603,6209,15.514782608695654
201604,6209,13.971052631578948
201605,6209,12.855238095238095
201606,6209,14.397142857142859
201607,6209,15.696000000000002
201608,6209,16.21782608695652
201609,6209,20.394736842105264
201610,6209,21.6645
201611,6209,18.720454545454544
201612,6209,18.671818181818182
201601,6210,23.968095238095238
201602,6210,25.18769230769231
201603,6210,26.684782608695652
201604,6210,26.343684210526316
201605,6210,24.73428571428571
201606,6210,24.53238095238095
201607,6210,25.2955
201608,6210,24.748695652173915
201609,6210,24.123157894736845
201610,6210,22.662
201611,6210,20.315454545454546
201612,6210,21.408636363636365
201601,6212,18.239285714285714
201602,6212,18.13125
201603,6212,18.7085
201604,6212,19.932777777777776
201605,6212,20.664736842105263
201606,6212,20.711
201607,6212,20.7
201608,6212,21.333333333333332
201609,6212,21.925
201610,6212,21.849230769230772
201611,6212,21.85
201612,6212,21.914285714285715
201601,6213,14.800476190476191
201602,6213,16.853076923076923
201603,6213,17.91695652173913
201604,6213,19.022105263157897
201605,6213,19.919999999999998
201606,6213,20.722380952380952
201607,6213,23.381999999999998
201608,6213,24.207391304347826
201609,6213,23.43421052631579
201610,6213,22.317
201611,6213,22.982727272727274
201612,6213,22.998181818181816
201601,6214,26.606666666666666
201602,6214,27.801538461538463
201603,6214,30.178260869565218
201604,6214,30.179999999999996
201605,6214,28.02809523809524
201606,6214,29.44142857142857
201607,6214,30.726499999999998
201608,6214,30.171304347826084
201609,6214,29.94105263157895
201610,6214,30.806
201611,6214,30.989545454545453
201612,6214,33.37590909090909
201603,6215,10.017826086956521
201606,6215,10.01047619047619
201607,6215,10.887
201608,6215,10.48304347826087
201609,6215,10.466315789473684
201601,6216,14.24904761904762
201602,6216,15.207692307692307
201603,6216,16.233478260869564
201604,6216,17.103684210526318
201605,6216,16.476190476190474
201606,6216,16.39142857142857
201607,6216,16.482499999999998
201608,6216,17.224347826086955
201609,6216,17.282105263157895
201610,6216,17.3485
201611,6216,17.637727272727272
201612,6216,17.92681818181818
201601,6217,25.447619047619046
201602,6217,27.193076923076923
201603,6217,28.359130434782607
201604,6217,27.371052631578944
201605,6217,25.01809523809524
201606,6217,24.828095238095237
201607,6217,24.987000000000002
201608,6217,26.056956521739128
201609,6217,27.767368421052634
201610,6217,27.455000000000002
201611,6217,24.42681818181818
201612,6217,25.244545454545456
201601,6218,10.73904761904762
201602,6218,11.3
201603,6218,11.501739130434784
201604,6218,11.18
201605,6218,10.825714285714286
201606,6218,10.882380952380952
201607,6218,14.005500000000001
201608,6218,13.308260869565217
201609,6218,12.090526315789473
201610,6218,12.9255
201611,6218,12.703636363636365
201612,6218,12.817272727272728
201601,6219,14.494285714285715
201602,6219,14.606923076923076
201603,6219,14.388260869565217
201604,6219,14.153684210526317
201605,6219,14.014761904761905
201606,6219,13.840952380952382
201607,6219,13.910500000000003
201608,6219,13.860869565217392
201609,6219,13.823684210526315
201610,6219,13.818000000000001
201611,6219,13.813181818181818
201612,6219,13.777727272727274
201607,6220,10.750499999999999
201608,6220,12.03086956521739
201609,6220,16.646842105263158
201610,6220,22.448500000000003
201611,6220,27.937142857142856
201612,6220,35.09681818181818
201602,6222,10.08181818181818
201603,6222,13.0575
201601,6223,40.36571428571428
201602,6223,49.59615384615385
201603,6223,61.14913043478261
201604,6223,55.64263157894737
201605,6223,55.25238095238095
201606,6223,60.404761904761905
201607,6223,62.927499999999995
201608,6223,64.43652173913043
201609,6223,65.07842105263158
201610,6223,62.3695
201611,6223,62.92454545454545
201612,6223,66.32499999999999
201601,6224,39.91904761904762
201602,6224,41.08846153846154
201603,6224,41.46260869565217
201604,6224,38.892105263157895
201605,6224,37.24095238095238
201606,6224,37.09619047619047
201607,6224,36.5865
201608,6224,37.917826086956524
201609,6224,38.556315789473686
201610,6224,38.9875
201611,6224,37.15409090909091
201612,6224,37.52318181818182
201601,6225,78.6875
201602,6225,73.4590909090909
201603,6225,64.22952380952381
201604,6225,55.0035294117647
201605,6225,84.16142857142857
201606,6225,101.9
201607,6225,98.09
201608,6225,102.10217391304347
201609,6225,106.77333333333334
201610,6225,99.3138888888889
201611,6225,93.8185
201612,6225,94.011875
201601,6227,10.18047619047619
201602,6227,13.675384615384615
201603,6227,21.27782608695652
201604,6227,26.127368421052633
201605,6227,23.291428571428572
201606,6227,19.843333333333334
201607,6227,18.8325
201608,6227,18.760434782608694
201609,6227,16.45684210526316
201610,6227,15.842500000000001
201611,6227,12.82181818181818
201612,6227,12.968636363636364
201601,6228,33.00190476190476
201602,6228,37.38846153846154
201603,6228,40.366086956521734
201604,6228,36.403684210526315
201605,6228,30.254285714285714
201606,6228,28.274285714285714
201607,6228,26.0015
201608,6228,23.540434782608692
201609,6228,28.540526315789474
201610,6228,27.5765
201611,6228,25.669285714285714
201612,6228,24.473181818181818
201601,6230,109.35857142857144
201602,6230,126.01076923076923
201603,6230,115.94086956521738
201604,6230,101.82842105263158
201605,6230,92.81523809523809
201606,6230,102.03285714285714
201607,6230,115.03150000000001
201608,6230,150.18130434782609
201609,6230,144.46684210526314
201610,6230,128.221
201611,6230,103.195
201612,6230,106.99772727272726
201601,6231,13.957142857142859
201602,6231,14.34769230769231
201603,6231,14.777826086956521
201604,6231,17.952105263157897
201605,6231,17.815238095238094
201606,6231,19.747619047619047
201607,6231,21.5425
201608,6231,20.588260869565215
201609,6231,20.012105263157896
201610,6231,19.133000000000003
201611,6231,16.322727272727274
201612,6231,15.691363636363635
201601,6233,11.871904761904762
201602,6233,11.960769230769232
201603,6233,12.451739130434783
201604,6233,11.763157894736842
201605,6233,10.656190476190476
201606,6233,10.552857142857142
201607,6233,10.9375
201608,6233,10.679565217391303
201609,6233,10.283684210526316
201603,6234,12.981739130434782
201604,6234,15.258421052631581
201605,6234,13.72809523809524
201606,6234,14.214761904761904
201607,6234,14.401
201608,6234,14.361739130434783
201609,6234,14.697368421052632
201610,6234,13.596
201611,6234,12.339090909090908
201612,6234,12.389545454545454
201607,6235,10.9215
201608,6235,11.41304347826087
201609,6235,13.437368421052632
201610,6235,14.6965
201611,6235,13.92
201612,6235,14.465000000000002
201601,6236,30.8125
201602,6236,32.51153846153846
201603,6236,32.247368421052634
201604,6236,29.5625
201605,6236,29.75
201606,6236,29.566666666666666
201607,6236,28.98928571428571
201608,6236,28.805263157894736
201609,6236,26.61176470588235
201610,6236,20.974999999999998
201611,6236,22.870833333333334
201612,6236,22.946428571428573
201601,6237,29.413809523809526
201602,6237,30.803846153846152
201603,6237,32.667826086956524
201604,6237,30.731052631578947
201605,6237,25.76
201606,6237,25.036666666666665
201607,6237,27.083499999999997
201608,6237,27.307826086956524
201609,6237,26.731052631578947
201610,6237,25.660500000000003
201611,6237,23.09
201612,6237,23.766363636363636
201601,6238,143.70095238095237
201602,6238,189.7430769230769
201603,6238,247.67304347826084
201604,6238,277.66999999999996
201605,6238,221.31
201606,6238,231.3552380952381
201607,6238,235.99049999999997
201608,6238,212.4604347826087
201609,6238,172.06315789473683
201610,6238,148.2945
201611,6238,141.43727272727273
201612,6238,155.01545454545456
201601,6239,41.03142857142857
201602,6239,44.20153846153846
201603,6239,44.06
201604,6239,43.99526315789473
201605,6239,40.771904761904764
201606,6239,44.016666666666666
201607,6239,48.109500000000004
201608,6239,53.5591304347826
201609,6239,53.073157894736845
201610,6239,56.003
201611,6239,55.66
201612,6239,56.02181818181818
201603,6240,27.3
201611,6240,26.708333333333332
201612,6240,39.48863636363637
201601,6241,12.097142857142856
201602,6241,12.013076923076925
201603,6241,12.230434782608697
201604,6241,12.408421052631578
201605,6241,11.227142857142857
201606,6241,14.577619047619047
201607,6241,21.221
201608,6241,17.526521739130434
201609,6241,12.313684210526317
201610,6241,14.254
201611,6241,13.45409090909091
201612,6241,13.595454545454546
201603,6242,25.515
201604,6242,23.567500000000003
201605,6242,25.95
201606,6242,26.86
201607,6242,26.32
201608,6242,26.86
201610,6242,25.26181818181818
201611,6242,25.875
201612,6242,26.436
201601,6243,29.50047619047619
201602,6243,30.810769230769232
201603,6243,32.619565217391305
201604,6243,33.17947368421053
201605,6243,29.434285714285714
201606,6243,29.74952380952381
201607,6243,30.333
201608,6243,30.97304347826087
201609,6243,30.615263157894734
201610,6243,29.0545
201611,6243,25.493636363636366
201612,6243,26.452727272727273
201601,6244,56.53333333333334
201602,6244,58.18769230769231
201603,6244,53.51347826086956
201604,6244,48.1578947368421
201605,6244,46.4547619047619
201606,6244,46.43952380952381
201607,6244,47.7895
201608,6244,45.40086956521739
201609,6244,44.41684210526316
201610,6244,46.195
201611,6244,39.72863636363636
201612,6244,39.67227272727273
201601,6245,21.137619047619047
201602,6245,21.83153846153846
201603,6245,22.536956521739132
201604,6245,22.066315789473684
201605,6245,21.834761904761905
201606,6245,24.164285714285715
201607,6245,26.045499999999997
201608,6245,24.530434782608697
201609,6245,24.89157894736842
201610,6245,25.785000000000004
201611,6245,25.285454545454545
201612,6245,24.85636363636364
201601,6246,13.628947368421052
201602,6246,14.014615384615384
201603,6246,11.963478260869566
201604,6246,11.604736842105263
201605,6246,10.932380952380951
201606,6246,12.902857142857142
201607,6246,15.8155
201608,6246,15.662173913043478
201609,6246,16.60222222222222
201610,6246,16.665
201611,6246,18.158636363636365
201612,6246,15.350588235294117
201601,6247,11.445714285714287
201602,6247,11.418461538461539
201603,6247,11.496521739130435
201604,6247,10.558947368421054
201601,6248,14.220714285714285
201602,6248,16.988333333333333
201603,6248,16.42833333333333
201604,6248,15.393846153846154
201605,6248,15.016923076923076
201606,6248,14.840625
201607,6248,14.471764705882354
201608,6248,13.931052631578947
201609,6248,13.456
201610,6248,13.548125
201611,6248,13.061764705882354
201612,6248,11.924
201608,6251,10.795652173913044
201609,6251,10.513684210526316
201610,6251,10.084
201601,6257,11.415238095238095
201602,6257,12.32076923076923
201603,6257,13.268260869565218
201604,6257,13.303157894736842
201605,6257,12.5
201606,6257,12.995238095238093
201607,6257,13.379
201608,6257,14.057391304347826
201609,6257,14.02421052631579
201610,6257,14.044999999999998
201611,6257,13.758636363636363
201612,6257,13.80909090909091
201601,6259,54.07380952380952
201602,6259,44.66846153846154
201603,6259,43.80652173913043
201604,6259,36.50157894736842
201605,6259,21.298571428571428
201606,6259,15.362380952380953
201607,6259,17.508000000000003
201608,6259,18.533636363636365
201609,6259,17.801052631578944
201610,6259,18.845
201611,6259,18.285714285714285
201612,6259,16.993684210526315
201601,6261,26.325714285714287
201602,6261,26.676923076923078
201603,6261,27.334782608695654
201604,6261,25.942105263157895
201605,6261,25.55714285714286
201606,6261,26.247142857142855
201607,6261,27.857
201608,6261,28.368695652173916
201609,6261,28.664736842105263
201610,6261,27.775
201611,6261,26.796818181818182
201612,6261,28.11590909090909
201601,6263,22.07857142857143
201602,6263,23.196923076923078
201603,6263,25.270434782608696
201604,6263,25.237894736842104
201605,6263,24.54285714285714
201606,6263,25.355238095238096
201607,6263,27.2375
201608,6263,27.67782608695652
201609,6263,27.603684210526318
201610,6263,27.0165
201611,6263,26.350454545454546
201612,6263,27.263636363636362
201607,6264,10.833
201608,6264,10.687391304347827
201601,6269,43.074285714285715
201602,6269,48.855384615384615
201603,6269,52.02695652173912
201604,6269,47.42947368421053
201605,6269,47.04857142857143
201606,6269,48.82
201607,6269,50.9055
201608,6269,52.47260869565217
201609,6269,56.344210526315784
201610,6269,60.214
201611,6269,56.60772727272727
201612,6269,55.47681818181818
201601,6271,57.761428571428574
201602,6271,64.95923076923077
201603,6271,75.33260869565218
201604,6271,74.30052631578947
201605,6271,77.1752380952381
201606,6271,82.26380952380953
201607,6271,96.718
201608,6271,101.92956521739131
201609,6271,100.97052631578947
201610,6271,96.8725
201611,6271,80.97818181818182
201612,6271,86.33545454545455
201601,6274,16.293333333333333
201602,6274,16.60923076923077
201603,6274,17.06434782608696
201604,6274,18.82894736842105
201605,6274,20.198095238095238
201606,6274,23.697619047619046
201607,6274,25.8585
201608,6274,26.133913043478262
201609,6274,26.287894736842105
201610,6274,23.4745
201611,6274,22.596363636363638
201612,6274,24.526818181818182
201606,6275,10.313333333333334
201607,6275,10.4285
201608,6275,11.57695652173913
201609,6275,11.801052631578948
201610,6275,10.906
201611,6275,10.65090909090909
201612,6275,11.026363636363637
201601,6276,10.776190476190477
201603,6276,10.23391304347826
201601,6277,36.60809523809524
201602,6277,37.526923076923076
201603,6277,40.19913043478261
201604,6277,41.654736842105265
201605,6277,44.96857142857143
201606,6277,46.27571428571429
201607,6277,46.756
201608,6277,46.86173913043478
201609,6277,46.34157894736842
201610,6277,45.370999999999995
201611,6277,45.28454545454545
201612,6277,45.65772727272727
201601,6278,18.555714285714288
201602,6278,19.223846153846154
201603,6278,19.859130434782607
201604,6278,18.40947368421053
201605,6278,18.095238095238095
201606,6278,18.502857142857142
201607,6278,18.717
201608,6278,18.89608695652174
201609,6278,18.80894736842105
201610,6278,18.902
201611,6278,18.193181818181817
201612,6278,18.598181818181818
201601,6279,85.31666666666666
201602,6279,95.44461538461539
201603,6279,100.23478260869565
201604,6279,101.9121052631579
201605,6279,89.5495238095238
201606,6279,88.78380952380952
201607,6279,92.092
201608,6279,101.1904347826087
201609,6279,102.87526315789474
201610,6279,101.47999999999999
201611,6279,95.05090909090909
201612,6279,97.83272727272728
201601,6281,30.690952380952382
201602,6281,31.107692307692307
201603,6281,32.60913043478261
201604,6281,32.36736842105263
201605,6281,32.53857142857143
201606,6281,33.37142857142857
201607,6281,34.1495
201608,6281,35.15260869565218
201609,6281,35.51052631578948
201610,6281,35.4985
201611,6281,35.434090909090905
201612,6281,35.895
201601,6282,14.884761904761904
201602,6282,15.19846153846154
201603,6282,17.38304347826087
201604,6282,17.049473684210525
201605,6282,15.569523809523808
201606,6282,16.238095238095237
201607,6282,16.8565
201608,6282,16.74304347826087
201609,6282,16.344736842105263
201610,6282,16.596
201611,6282,15.831363636363637
201612,6282,16.26863636363636
201610,6283,14.162
201611,6283,20.42772727272727
201612,6283,23.84090909090909
201601,6284,16.11142857142857
201602,6284,17.181538461538462
201603,6284,17.322608695652175
201604,6284,16.754210526315788
201605,6284,15.985714285714286
201606,6284,16.00857142857143
201607,6284,17.314
201608,6284,18.79217391304348
201609,6284,18.697894736842105
201610,6284,17.8185
201611,6284,17.338636363636365
201612,6284,16.741363636363637
201601,6285,52.28000000000001
201602,6285,55.25307692307692
201603,6285,52.89913043478261
201604,6285,53.647368421052626
201605,6285,48.50190476190476
201606,6285,51.51952380952381
201607,6285,53.379999999999995
201608,6285,58.813478260869566
201609,6285,65.46
201610,6285,62.85850000000001
201611,6285,59.686818181818175
201612,6285,59.29409090909091
201601,6286,190.57142857142858
201602,6286,192.46153846153845
201603,6286,193.08695652173913
201604,6286,193.66666666666666
201601,6287,11.882
201602,6287,12.770000000000001
201603,6287,13.410434782608695
201604,6287,11.974117647058824
201605,6287,10.093333333333334
201607,6287,12.167058823529413
201608,6287,10.842
201610,6287,10.810526315789474
201611,6287,10.449523809523809
201612,6287,10.301052631578948
201611,6289,10.299545454545454
201612,6289,12.835454545454546
201601,6290,18.356190476190477
201602,6290,20.72384615384615
201603,6290,22.579565217391306
201604,6290,23.27157894736842
201605,6290,22.172857142857143
201606,6290,22.49809523809524
201607,6290,22.9715
201608,6290,21.922173913043476
201609,6290,21.203684210526315
201610,6290,20.9055
201611,6290,19.74909090909091
201612,6290,20.55090909090909
201601,6291,15.066923076923077
201602,6291,16.867142857142856
201603,6291,14.80625
201604,6291,14.405000000000001
201605,6291,11.775789473684211
201606,6291,11.894705882352941
201607,6291,12.484117647058824
201608,6291,12.512307692307692
201609,6291,14.90125
201610,6291,16.35333333333333
201611,6291,17.18294117647059
201612,6291,18.93125
201601,6292,12.788571428571428
201602,6292,13.25076923076923
201603,6292,13.748260869565216
201604,6292,13.046315789473685
201605,6292,12.712857142857144
201606,6292,12.795714285714284
201607,6292,13.211000000000002
201608,6292,13.637391304347828
201609,6292,13.766842105263157
201610,6292,13.7375
201611,6292,14.106363636363636
201612,6292,14.55181818181818
201601,6294,31.43714285714286
201602,6294,36.580769230769235
201603,6294,44.61173913043478
201604,6294,43.0478947368421
201605,6294,50.172380952380955
201606,6294,52.67285714285715
201607,6294,53.088
201608,6294,56.869565217391305
201609,6294,52.4521052631579
201610,6294,49.587
201611,6294,56.24636363636364
201612,6294,57.42409090909091
201601,6404,85.79857142857142
201602,6404,88.64692307692309
201603,6404,94.32043478260869
201604,6404,68.38105263157895
201605,6404,55.691428571428574
201606,6404,58.070952380952384
201607,6404,57.42
201608,6404,53.59173913043478
201609,6404,44.322631578947366
201610,6404,41.333999999999996
201611,6404,36.92818181818182
201612,6404,38.39954545454545
201601,6405,13.906666666666668
201602,6405,14.470769230769232
201603,6405,14.991304347826087
201604,6405,13.307368421052631
201605,6405,11.488571428571428
201606,6405,11.686666666666666
201607,6405,13.642
201608,6405,14.20608695652174
201609,6405,13.497894736842104
201610,6405,12.379
201611,6405,11.796363636363635
201612,6405,12.719545454545454
201601,6409,334.62142857142857
201602,6409,348.4607692307692
201603,6409,340.30304347826086
201604,6409,358.18736842105267
201605,6409,311.56714285714287
201606,6409,318.37142857142857
201607,6409,331.7375
201608,6409,352.3521739130435
201609,6409,358.5757894736842
201610,6409,357.385
201611,6409,314.49954545454545
201612,6409,319.74045454545455
201601,6411,17.62904761904762
201602,6411,18.799230769230768
201603,6411,21.26391304347826
201604,6411,21.70842105263158
201605,6411,20.11904761904762
201606,6411,21.305238095238096
201607,6411,23.928
201608,6411,29.07608695652174
201609,6411,31.243157894736843
201610,6411,31.112000000000002
201611,6411,29.12909090909091
201612,6411,31.18409090909091
201601,6412,21.284761904761904
201602,6412,21.319230769230767
201603,6412,21.694347826086954
201604,6412,21.09526315789474
201605,6412,19.857142857142858
201606,6412,20.351904761904763
201607,6412,21.707
201608,6412,22.799130434782608
201609,6412,25.092105263157894
201610,6412,29.485000000000003
201611,6412,30.540454545454544
201612,6412,30.096818181818183
201601,6414,233.68761904761902
201602,6414,251.91
201603,6414,256.6291304347826
201604,6414,292.60421052631574
201605,6414,290.6871428571429
201606,6414,307.4614285714286
201607,6414,324.748
201608,6414,340.3895652173913
201609,6414,365.4789473684211
201610,6414,360.82684210526315
201611,6414,306.65409090909094
201612,6414,303.00545454545454
201601,6415,360.8642857142857
201602,6415,402.51
201603,6415,402.3895652173913
201604,6415,404.1068421052631
201605,6415,375.11047619047616
201606,6415,338.11
201607,6415,357.6185
201608,6415,417.38347826086954
201609,6415,437.9415789473684
201610,6415,429.008
201611,6415,448.39772727272725
201612,6415,435.0054545454546
201601,6416,103.376
201602,6416,112.32384615384616
201603,6416,123.2291304347826
201604,6416,128.1221052631579
201605,6416,114.4952380952381
201606,6416,114.7705
201607,6416,116.3635
201608,6416,120.75
201609,6416,114.60444444444445
201610,6416,114.40799999999999
201611,6416,102.78318181818182
201612,6416,87.19136363636363
201601,6417,30.95619047619048
201602,6417,30.503846153846155
201603,6417,31.90478260869565
201604,6417,31.96157894736842
201605,6417,28.876666666666665
201606,6417,27.27952380952381
201607,6417,26.071499999999997
201608,6417,25.562173913043477
201609,6417,25.672105263157892
201610,6417,27.6435
201611,6417,26.43136363636364
201612,6417,29.093181818181815
201601,6418,11.055
201602,6418,11.2375
201603,6418,10.693333333333333
201604,6418,10.959999999999999
201605,6418,10.719999999999999
201606,6418,11.18
201607,6418,11.1125
201608,6418,12.179166666666667
201609,6418,13.2625
201610,6418,13.0125
201611,6418,11.998333333333333
201601,6419,35.33578947368421
201602,6419,36.73153846153846
201603,6419,37.36260869565218
201604,6419,32.37842105263157
201605,6419,27.895999999999997
201606,6419,29.65904761904762
201607,6419,29.926499999999997
201608,6419,28.969565217391303
201609,6419,29.726842105263156
201610,6419,28.268
201611,6419,28.111428571428572
201612,6419,27.646818181818183
201601,6422,39.84428571428572
201602,6422,45.600769230769224
201603,6422,54.49739130434783
201604,6422,59.70210526315789
201605,6422,53.69523809523809
201606,6422,52.75238095238095
201607,6422,53.903
201608,6422,59.88086956521739
201609,6422,63.76736842105263
201610,6422,59.895
201611,6422,58.88727272727272
201612,6422,62.221363636363634
201601,6423,49.81388888888889
201602,6423,50.97615384615384
201603,6423,55.272608695652174
201604,6423,55.0221052631579
201605,6423,50.64666666666666
201606,6423,50.47052631578948
201607,6423,49.9815
201608,6423,49.473333333333336
201609,6423,49.193333333333335
201610,6423,49.0735
201611,6423,54.02454545454545
201612,6423,52.68761904761905
201601,6425,30.89333333333333
201602,6425,28.146666666666665
201603,6425,30.688421052631583
201604,6425,32.06947368421052
201605,6425,30.362222222222222
201606,6425,29.875833333333333
201607,6425,25.33235294117647
201608,6425,24.07227272727273
201609,6425,21.459999999999997
201610,6425,20.929333333333332
201611,6425,19.057333333333336
201612,6425,19.605
201601,6426,26.754761904761907
201602,6426,26.921538461538464
201603,6426,27.833478260869562
201604,6426,26.388947368421054
201605,6426,25.213
201606,6426,25.155
201607,6426,25.5825
201608,6426,27.133478260869566
201609,6426,28.132777777777775
201610,6426,28.283157894736842
201611,6426,27.732222222222223
201612,6426,34.88863636363636
201601,6432,17.72047619047619
201602,6432,19.63
201603,6432,21.43
201604,6432,20.28
201605,6432,19.1585
201606,6432,19.18952380952381
201607,6432,19.5485
201608,6432,20.421739130434784
201609,6432,19.20157894736842
201610,6432,18.2485
201611,6432,16.954545454545453
201612,6432,16.71142857142857
201601,6435,19.133333333333333
201602,6435,19.422307692307694
201603,6435,22.867826086956523
201604,6435,23.30894736842105
201605,6435,22.26142857142857
201606,6435,23.526190476190475
201607,6435,25.752999999999997
201608,6435,25.929565217391303
201609,6435,27.3721052631579
201610,6435,26.6675
201611,6435,24.38590909090909
201612,6435,24.842272727272725
201601,6438,27.813
201602,6438,27.10076923076923
201603,6438,28.94695652173913
201604,6438,30.13684210526316
201605,6438,28.165238095238095
201606,6438,27.285000000000004
201607,6438,28.089
201608,6438,25.746086956521737
201609,6438,26.265
201610,6438,26.49
201611,6438,28.27318181818182
201612,6438,32.14181818181818
201601,6441,27.78
201602,6441,27.2425
201603,6441,26.671333333333333
201604,6441,28.124285714285715
201605,6441,29.75909090909091
201606,6441,34.769999999999996
201607,6441,35.89214285714285
201608,6441,37.232727272727274
201609,6441,42.26142857142857
201610,6441,44.85368421052632
201611,6441,40.78875
201612,6441,42.153571428571425
201601,6442,30.434761904761906
201602,6442,32.97538461538461
201603,6442,39.49304347826087
201604,6442,34.73947368421052
201605,6442,30.44285714285714
201606,6442,32.252857142857145
201607,6442,32.0
201608,6442,36.90130434782609
201609,6442,38.34947368421052
201610,6442,33.9775
201611,6442,30.55545454545455
201612,6442,32.46090909090909
201601,6443,19.387619047619047
201602,6443,21.301538461538463
201603,6443,21.706521739130434
201604,6443,19.42473684210526
201605,6443,19.20714285714286
201606,6443,18.066666666666666
201607,6443,17.7515
201608,6443,15.587391304347825
201609,6443,15.125263157894736
201610,6443,15.376
201611,6443,13.54590909090909
201612,6443,13.637727272727274
201601,6446,162.861
201602,6446,164.41615384615383
201603,6446,163.11652173913043
201604,6446,163.97368421052633
201605,6446,161.57238095238094
201606,6446,200.7295
201607,6446,191.2125
201608,6446,172.20869565217393
201609,6446,174.31157894736842
201610,6446,169.358
201611,6446,172.2068181818182
201612,6446,161.82190476190476
201601,6449,20.29190476190476
201602,6449,21.025384615384613
201603,6449,21.40695652173913
201604,6449,19.73421052631579
201605,6449,17.16952380952381
201606,6449,17.937142857142856
201607,6449,19.720499999999998
201608,6449,20.554782608695653
201609,6449,21.58105263157895
201610,6449,23.187
201611,6449,21.74409090909091
201612,6449,21.929545454545455
201601,6451,78.35952380952381
201602,6451,77.10307692307691
201603,6451,81.76434782608695
201604,6451,72.96526315789474
201605,6451,66.73761904761905
201606,6451,71.47857142857143
201607,6451,76.834
201608,6451,112.1308695652174
201609,6451,126.11894736842106
201610,6451,97.2635
201611,6451,81.29227272727273
201612,6451,81.65954545454545
201601,6452,196.99523809523808
201602,6452,230.15769230769232
201603,6452,235.69956521739132
201604,6452,232.1984210526316
201605,6452,219.39
201606,6452,234.7304761904762
201607,6452,303.5535
201608,6452,310.8713043478261
201609,6452,293.48157894736846
201610,6452,299.25100000000003
201611,6452,269.29045454545457
201612,6452,282.115
201601,6456,67.37666666666667
201602,6456,71.45615384615384
201603,6456,84.72086956521738
201604,6456,72.79789473684211
201605,6456,60.330000000000005
201606,6456,62.01952380952381
201607,6456,61.144000000000005
201608,6456,61.94695652173913
201609,6456,61.24315789473684
201610,6456,64.523
201611,6456,65.03181818181818
201612,6456,68.625
201601,6457,21.96
201602,6457,22.801538461538463
201603,6457,24.04304347826087
201604,6457,22.268947368421053
201605,6457,21.990952380952383
201606,6457,21.369999999999997
201607,6457,21.3
201608,6457,20.67304347826087
201609,6457,21.04578947368421
201610,6457,20.7595
201611,6457,18.870454545454546
201612,6457,18.64761904761905
201601,6461,39.228500000000004
201602,6461,35.55692307692308
201603,6461,34.2604347826087
201604,6461,30.86842105263158
201605,6461,35.18190476190476
201606,6461,32.261
201607,6461,33.3095
201608,6461,37.43391304347826
201609,6461,37.07388888888889
201610,6461,36.624
201611,6461,31.732727272727274
201612,6461,32.67181818181818
201601,6462,97.5395238095238
201602,6462,103.95692307692308
201603,6462,102.11130434782608
201604,6462,95.28421052631579
201605,6462,89.75
201606,6462,105.35904761904762
201607,6462,117.2035
201608,6462,150.83869565217393
201609,6462,162.38842105263157
201610,6462,149.8615
201611,6462,172.23363636363635
201612,6462,173.89363636363638
201601,6464,74.72714285714285
201602,6464,81.33307692307692
201603,6464,81.19695652173912
201604,6464,80.65052631578948
201605,6464,82.34666666666666
201606,6464,80.5925
201607,6464,80.64200000000001
201608,6464,81.73652173913044
201609,6464,83.94894736842105
201610,6464,86.22368421052632
201611,6464,84.29842105263158
201612,6464,83.60190476190476
201601,6465,63.05333333333333
201602,6465,72.37538461538462
201603,6465,71.6891304347826
201604,6465,69.06157894736843
201605,6465,66.92380952380952
201606,6465,65.72952380952381
201607,6465,70.2475
201608,6465,66.26913043478261
201609,6465,59.57263157894737
201610,6465,58.177499999999995
201611,6465,58.22909090909091
201612,6465,61.75909090909091
201601,6469,18.834
201602,6469,18.476153846153846
201603,6469,18.4
201604,6469,15.704736842105262
201605,6469,15.545714285714284
201606,6469,15.85904761904762
201607,6469,16.428
201608,6469,16.860869565217392
201609,6469,17.396842105263158
201610,6469,16.529000000000003
201611,6469,16.575
201612,6469,17.148636363636363
201601,6470,24.974285714285717
201602,6470,27.191538461538464
201603,6470,30.085652173913044
201604,6470,27.47631578947368
201605,6470,26.10047619047619
201606,6470,27.009047619047617
201607,6470,26.842000000000002
201608,6470,29.763913043478258
201609,6470,30.107894736842102
201610,6470,28.383
201611,6470,27.13272727272727
201612,6470,27.568181818181817
201601,6472,22.042666666666666
201602,6472,16.808
201603,6472,16.386000000000003
201604,6472,16.103333333333335
201605,6472,17.048181818181817
201606,6472,17.085714285714285
201607,6472,18.19375
201608,6472,19.202777777777776
201609,6472,18.03076923076923
201610,6472,18.988
201611,6472,19.073333333333334
201612,6472,18.337
201601,6477,18.782105263157895
201602,6477,17.774615384615384
201603,6477,18.497142857142858
201604,6477,19.202105263157893
201605,6477,17.989047619047618
201606,6477,18.698500000000003
201607,6477,17.023
201608,6477,15.468260869565217
201609,6477,13.205789473684211
201610,6477,14.501
201611,6477,14.159999999999998
201612,6477,15.240909090909092
201601,6482,43.494
201602,6482,46.35181818181818
201603,6482,44.198095238095235
201604,6482,44.765
201605,6482,41.678333333333335
201606,6482,34.736000000000004
201607,6482,35.817
201608,6482,38.40565217391305
201609,6482,35.91944444444445
201610,6482,35.087
201611,6482,30.458499999999997
201612,6482,27.766363636363636
201601,6485,26.511904761904763
201602,6485,28.35846153846154
201603,6485,32.315652173913044
201604,6485,33.20263157894737
201605,6485,37.72571428571429
201606,6485,43.70333333333333
201607,6485,45.9805
201608,6485,45.56782608695652
201609,6485,40.0521052631579
201610,6485,34.8795
201611,6485,35.05590909090909
201612,6485,38.01454545454545
201601,6486,26.899
201602,6486,26.51846153846154
201603,6486,29.25181818181818
201604,6486,29.040588235294116
201605,6486,26.479000000000003
201606,6486,27.070999999999998
201607,6486,26.431666666666665
201608,6486,26.127727272727274
201609,6486,25.315555555555555
201610,6486,24.4775
201611,6486,22.705
201612,6486,23.583636363636366
201601,6488,49.76380952380952
201602,6488,51.400769230769235
201603,6488,53.72652173913043
201604,6488,49.71526315789474
201605,6488,46.019999999999996
201606,6488,47.12095238095238
201607,6488,48.716
201608,6488,50.03454545454545
201609,6488,57.21421052631579
201610,6488,55.8775
201611,6488,65.49
201612,6488,77.685
201601,6491,62.556666666666665
201602,6491,60.67083333333333
201603,6491,68.827
201604,6491,68.44777777777777
201605,6491,67.62
201606,6491,66.4405
201607,6491,64.39375
201608,6491,60.92476190476191
201609,6491,61.330000000000005
201610,6491,59.652499999999996
201611,6491,60.173500000000004
201612,6491,61.0665
201601,6492,144.5265
201602,6492,132.54153846153847
201603,6492,133.3608695652174
201604,6492,131.10631578947368
201605,6492,135.53190476190477
201606,6492,147.54749999999999
201607,6492,149.172
201608,6492,181.32739130434783
201609,6492,177.96222222222224
201610,6492,172.3205263157895
201611,6492,172.375
201612,6492,181.38090909090909
201601,6494,15.924285714285714
201602,6494,16.546
201603,6494,17.886666666666667
201604,6494,19.569473684210525
201605,6494,16.857619047619046
201606,6494,18.150000000000002
201607,6494,19.042
201608,6494,21.736521739130435
201609,6494,21.110000000000003
201610,6494,19.5195
201611,6494,18.252727272727274
201612,6494,19.067272727272726
201601,6496,60.763333333333335
201602,6496,58.23384615384615
201603,6496,54.290000000000006
201604,6496,53.792631578947365
201605,6496,52.20761904761904
201606,6496,51.602380952380955
201607,6496,50.517
201608,6496,49.167391304347824
201609,6496,48.44
201610,6496,47.7185
201611,6496,43.093636363636364
201612,6496,46.430454545454545
201601,6499,141.524
201602,6499,129.37692307692308
201603,6499,124.3008695652174
201604,6499,111.5321052631579
201605,6499,100.89714285714287
201606,6499,120.17249999999999
201607,6499,120.3545
201608,6499,101.27173913043478
201609,6499,95.49473684210527
201610,6499,100.9505
201611,6499,93.46636363636365
201612,6499,93.85545454545455
201601,6504,115.67571428571429
201602,6504,111.40153846153846
201603,6504,109.42956521739131
201604,6504,115.13578947368421
201605,6504,111.9557142857143
201606,6504,112.57190476190478
201607,6504,120.70450000000001
201608,6504,118.15695652173913
201609,6504,117.0257894736842
201610,6504,112.40350000000001
201611,6504,109.145
201612,6504,117.18772727272727
201601,6505,56.21523809523809
201602,6505,58.80153846153847
201603,6505,64.02826086956522
201604,6505,65.47947368421053
201605,6505,63.353809523809524
201606,6505,62.63428571428571
201607,6505,66.075
201608,6505,70.63173913043478
201609,6505,70.16473684210527
201610,6505,75.83500000000001
201611,6505,76.93772727272727
201612,6505,81.46318181818182
201602,6506,10.74
201603,6506,11.429565217391303
201604,6506,11.833684210526316
201605,6506,12.281904761904762
201606,6506,11.615714285714287
201607,6506,11.8235
201608,6506,12.540434782608695
201609,6506,13.178421052631577
201610,6506,13.112
201611,6506,13.081818181818182
201612,6506,14.474545454545455
201601,6508,14.171428571428573
201602,6508,14.573846153846155
201603,6508,15.084782608695651
201604,6508,14.835263157894737
201605,6508,14.848095238095238
201606,6508,15.047619047619047
201607,6508,15.388
201608,6508,15.960869565217392
201609,6508,16.204736842105262
201610,6508,15.998500000000002
201611,6508,15.335909090909091
201612,6508,15.636818181818182
201601,6509,14.88190476190476
201602,6509,15.200769230769232
201603,6509,15.957391304347825
201604,6509,16.296315789473685
201605,6509,15.544285714285715
201606,6509,15.483333333333333
201607,6509,15.89
201608,6509,15.152173913043478
201609,6509,14.678947368421051
201610,6509,14.9025
201611,6509,14.981363636363637
201612,6509,14.862272727272728
201601,6510,358.44899999999996
201602,6510,416.7592307692308
201603,6510,475.25130434782614
201604,6510,583.5668421052632
201605,6510,603.3571428571429
201606,6510,603.5204761904762
201607,6510,626.675
201608,6510,857.6604347826086
201609,6510,1000.15
201610,6510,934.6870000000001
201611,6510,966.8563636363637
201612,6510,1010.3909090909091
201601,6512,36.8635
201602,6512,38.91416666666667
201603,6512,39.34391304347826
201604,6512,42.94631578947369
201605,6512,35.82238095238095
201606,6512,36.12952380952381
201607,6512,34.7195
201608,6512,34.509565217391305
201609,6512,35.897368421052626
201610,6512,36.421499999999995
201611,6512,30.564999999999998
201612,6512,27.51181818181818
201601,6514,28.049999999999997
201602,6514,30.164615384615384
201603,6514,29.312173913043477
201604,6514,26.367894736842107
201605,6514,19.924761904761905
201606,6514,20.186666666666667
201607,6514,20.398
201608,6514,19.335217391304347
201609,6514,18.072222222222223
201610,6514,16.242631578947368
201611,6514,17.32090909090909
201612,6514,18.88
201601,6516,101.8564705882353
201602,6516,99.69636363636364
201603,6516,108.07347826086956
201604,6516,122.72
201605,6516,123.15263157894738
201606,6516,118.59
201607,6516,116.69666666666666
201608,6516,115.00863636363637
201609,6516,119.845
201610,6516,125.559
201611,6516,187.7709090909091
201612,6516,218.86863636363634
201604,6517,11.704117647058823
201605,6517,10.31
201606,6517,11.105
201607,6517,10.60222222222222
201601,6523,145.40666666666667
201602,6523,146.354
201603,6523,154.31434782608696
201604,6523,166.38764705882355
201605,6523,189.9404761904762
201606,6523,144.4955
201607,6523,127.2385
201608,6523,116.39391304347826
201609,6523,110.71947368421053
201610,6523,111.749
201611,6523,101.83363636363637
201612,6523,96.23863636363636
201604,6525,30.87076923076923
201605,6525,29.404285714285713
201606,6525,29.55047619047619
201607,6525,28.0425
201608,6525,29.039565217391303
201609,6525,28.917894736842108
201610,6525,26.8815
201611,6525,25.80090909090909
201612,6525,26.473636363636363
201601,6526,137.199
201602,6526,141.65846153846152
201603,6526,140.99652173913043
201604,6526,127.64526315789475
201605,6526,105.08380952380953
201606,6526,86.2935
201607,6526,81.5725
201608,6526,67.69521739130435
201609,6526,53.995555555555555
201610,6526,66.273
201611,6526,66.98363636363636
201612,6526,67.0109090909091
201601,6527,34.0145
201602,6527,34.998333333333335
201603,6527,38.25681818181818
201604,6527,40.629444444444445
201605,6527,39.751999999999995
201606,6527,40.093
201607,6527,40.833
201608,6527,43.177727272727275
201609,6527,40.39222222222222
201610,6527,39.324375
201611,6527,36.375263157894736
201612,6527,36.595
201601,6530,10.861
201602,6530,10.6075
201603,6530,10.828888888888889
201604,6530,10.772142857142857
201605,6530,10.370000000000001
201606,6530,10.026666666666666
201601,6531,68.071
201602,6531,70.40923076923077
201603,6531,75.85043478260869
201604,6531,79.82789473684211
201605,6531,80.20476190476191
201606,6531,71.85047619047619
201607,6531,72.728
201608,6531,63.383043478260866
201609,6531,71.04578947368421
201610,6531,69.388
201611,6531,53.051818181818184
201612,6531,57.32545454545455
201601,6532,16.2775
201602,6532,19.376153846153844
201603,6532,22.382608695652173
201604,6532,28.07315789473684
201605,6532,24.063809523809525
201606,6532,23.9095
201607,6532,20.7725
201608,6532,21.35478260869565
201609,6532,20.751666666666665
201610,6532,21.9165
201611,6532,17.984545454545454
201612,6532,17.08409090909091
201601,6533,63.1845
201602,6533,62.26692307692308
201603,6533,60.654347826086955
201604,6533,54.8821052631579
201605,6533,49.79238095238096
201606,6533,51.597
201607,6533,54.4385
201608,6533,66.33521739130435
201609,6533,60.73166666666667
201610,6533,63.452
201611,6533,56.974545454545456
201612,6533,64.83681818181819
201601,6534,385.9433333333333
201602,6534,368.5609090909091
201603,6534,356.2185714285714
201604,6534,366.9972222222222
201605,6534,403.92761904761903
201606,6534,477.3
201607,6534,417.485
201608,6534,431.86260869565217
201609,6534,453.8277777777778
201610,6534,428.26450000000006
201611,6534,426.9913636363636
201612,6534,400.95590909090913
201601,6535,71.09700000000001
201602,6535,69.36461538461539
201603,6535,70.27652173913043
201604,6535,73.19052631578948
201605,6535,71.42666666666666
201606,6535,71.1365
201607,6535,72.4885
201608,6535,67.87695652173913
201609,6535,64.99111111111111
201610,6535,60.342999999999996
201611,6535,47.196363636363635
201612,6535,44.36454545454546
201601,6538,60.871
201602,6538,63.73666666666666
201603,6538,68.8525
201604,6538,71.63545454545455
201605,6538,72.5725
201606,6538,68.30555555555556
201607,6538,65.703
201608,6538,61.65235294117647
201609,6538,58.90722222222222
201610,6538,60.25449999999999
201611,6538,37.468636363636364
201612,6538,35.25590909090909
201601,6541,597.8770000000001
201602,6541,590.3292307692308
201603,6541,481.8973913043478
201604,6541,383.39578947368426
201605,6541,363.3642857142857
201606,6541,418.563
201607,6541,473.5975
201608,6541,471.17304347826087
201609,6541,448.11777777777775
201610,6541,452.9995
201611,6541,405.9563636363637
201612,6541,427.32454545454544
201601,6542,77.28555555555556
201602,6542,76.47857142857143
201603,6542,90.58052631578947
201604,6542,101.6475
201605,6542,114.9095238095238
201606,6542,144.76555555555558
201607,6542,139.43
201608,6542,116.85260869565218
201609,6542,85.97736842105263
201610,6542,72.2265
201611,6542,71.0490909090909
201612,6542,79.855
201601,6546,20.717
201602,6546,20.03846153846154
201603,6546,19.066521739130433
201604,6546,17.767894736842106
201605,6546,15.615238095238096
201606,6546,15.0775
201607,6546,14.093
201608,6546,13.632173913043479
201609,6546,12.770000000000001
201610,6546,11.7145
201611,6546,10.938636363636364
201612,6546,11.131363636363636
201601,6547,19.557
201602,6547,19.665384615384617
201603,6547,21.81086956521739
201604,6547,20.675263157894737
201605,6547,19.399047619047618
201606,6547,20.3695
201607,6547,19.935
201608,6547,19.032608695652176
201609,6547,20.084444444444443
201610,6547,21.95
201611,6547,20.768181818181816
201612,6547,20.249545454545455
201601,6548,53.34578947368421
201602,6548,60.09636363636364
201603,6548,59.4165
201604,6548,60.53099999999999
201605,6548,60.165294117647065
201606,6548,62.76684210526315
201607,6548,88.25
201608,6548,107.67521739130436
201609,6548,122.17277777777778
201610,6548,172.7545
201611,6548,205.85095238095238
201612,6548,197.50045454545455
201602,6550,74.44111111111111
201603,6550,66.7104347826087
201604,6550,66.10631578947368
201605,6550,60.67666666666667
201606,6550,61.7075
201607,6550,64.44149999999999
201608,6550,56.53
201609,6550,46.56944444444444
201610,6550,47.7175
201611,6550,47.45727272727272
201612,6550,45.81636363636364
201601,6552,29.15684210526316
201602,6552,29.785
201603,6552,29.329565217391306
201604,6552,29.846666666666668
201605,6552,30.736666666666668
201606,6552,31.671
201607,6552,32.547000000000004
201608,6552,34.52347826086957
201609,6552,31.849411764705884
201610,6552,35.073
201611,6552,33.782272727272726
201612,6552,35.32272727272727
201601,6556,28.27
201602,6556,27.962307692307693
201603,6556,30.855217391304347
201604,6556,34.474444444444444
201605,6556,32.72789473684211
201606,6556,31.208235294117646
201607,6556,31.416666666666668
201608,6556,30.511739130434783
201609,6556,31.318125
201610,6556,29.991333333333333
201611,6556,28.96090909090909
201612,6556,30.994999999999997
201601,6558,12.167222222222222
201602,6558,11.03
201603,6558,14.151739130434782
201604,6558,14.989473684210527
201605,6558,13.477500000000001
201606,6558,14.3285
201607,6558,15.092500000000001
201608,6558,19.028695652173916
201609,6558,20.701666666666668
201610,6558,21.1495
201611,6558,18.635
201612,6558,18.557619047619045
201601,6560,22.648333333333337
201602,6560,22.03
201603,6560,21.149166666666666
201604,6560,20.27466666666667
201605,6560,19.209333333333333
201606,6560,18.683333333333334
201607,6560,18.420588235294115
201608,6560,18.34
201609,6560,19.581764705882353
201610,6560,20.134736842105262
201611,6560,19.807058823529413
201612,6560,20.554499999999997
201601,6568,63.123333333333335
201602,6568,59.72615384615385
201603,6568,82.70695652173913
201604,6568,94.82263157894737
201605,6568,78.31666666666668
201606,6568,78.1395
201607,6568,83.547
201608,6568,97.1804347826087
201609,6568,108.51555555555555
201610,6568,108.426
201611,6568,101.175
201612,6568,98.73136363636364
201601,6569,56.004999999999995
201602,6569,67.485
201603,6569,72.17318181818182
201604,6569,92.4578947368421
201605,6569,98.8447619047619
201606,6569,107.249
201607,6569,104.59649999999999
201608,6569,85.5604347826087
201609,6569,82.73166666666667
201610,6569,82.638
201611,6569,84.24227272727272
201612,6569,87.44681818181817
201602,6570,20.464
201603,6570,20.544347826086955
201604,6570,21.69
201605,6570,21.423333333333332
201606,6570,22.815833333333334
201607,6570,23.618000000000002
201608,6570,22.249411764705883
201609,6570,22.031666666666666
201610,6570,20.329375
201611,6570,18.119333333333334
201612,6570,17.728125
201607,6574,129.9881818181818
201608,6574,130.484375
201609,6574,117.964
201610,6574,114.58384615384615
201611,6574,109.80388888888889
201612,6574,111.1340909090909
201604,6576,77.06
201605,6576,75.87857142857143
201606,6576,79.2375
201607,6576,79.563
201608,6576,76.09954545454546
201609,6576,72.23555555555555
201610,6576,70.13947368421053
201611,6576,67.63
201612,6576,66.50052631578947
201603,6577,31.247058823529414
201604,6577,30.154666666666667
201605,6577,30.16944444444444
201606,6577,29.6
201607,6577,29.312
201608,6577,27.125
201609,6577,27.175
201610,6577,28.41125
201611,6577,28.08181818181818
201612,6577,27.213333333333335
201607,6578,25.87857142857143
201608,6578,25.44173913043478
201609,6578,25.98111111111111
201610,6578,25.7245
201611,6578,24.735454545454544
201612,6578,24.32409090909091
201606,6579,81.21133333333334
201607,6579,76.648
201608,6579,72.31285714285714
201609,6579,69.4935294117647
201610,6579,70.55105263157895
201611,6579,70.01285714285714
201612,6579,73.00428571428571
201609,6581,36.663
201610,6581,36.88055555555556
201611,6581,38.16888888888889
201612,6581,46.9
201607,6582,67.14500000000001
201608,6582,59.336666666666666
201609,6582,56.056
201610,6582,55.39333333333334
201611,6582,51.58
201612,6582,49.620666666666665
201608,6584,103.98238095238096
201609,6584,110.40117647058823
201610,6584,108.25388888888888
201611,6584,106.44833333333334
201612,6584,100.28666666666666
201609,6585,61.98500000000001
201610,6585,57.97375
201611,6585,57.98333333333333
201612,6585,54.458571428571425
201608,6588,45.06
201609,6588,42.985
201610,6588,59.0985
201611,6588,63.04590909090909
201612,6588,81.48954545454545
201611,6589,37.136
201612,6589,36.18
201609,6590,18.277142857142856
201610,6590,17.520625
201611,6590,17.68642857142857
201612,6590,19.08076923076923
201612,6591,61.94428571428571
201609,6593,32.58
201610,6593,26.17142857142857
201611,6593,26.546363636363637
201612,6593,28.524285714285714
201610,6596,33.0
201611,6596,32.16181818181818
201612,6596,32.63789473684211
201601,6605,83.72
201602,6605,87.13000000000001
201603,6605,83.82347826086956
201604,6605,78.88684210526317
201605,6605,73.66428571428571
201606,6605,73.88809523809525
201607,6605,76.5985
201608,6605,78.05130434782609
201609,6605,75.97473684210526
201610,6605,74.499
201611,6605,68.39772727272727
201612,6605,65.56727272727272
201601,6609,16.941904761904762
201602,6609,17.924615384615386
201603,6609,17.97869565217391
201604,6609,17.68421052631579
201605,6609,16.685238095238095
201606,6609,16.686666666666667
201607,6609,17.113500000000002
201608,6609,16.385652173913044
201609,6609,16.08736842105263
201610,6609,16.71
201611,6609,15.561363636363637
201612,6609,14.80318181818182
201612,6612,42.70666666666667
201612,6613,47.99666666666667
201601,6803,93.63
201602,6803,96.85615384615386
201603,6803,98.78739130434784
201604,6803,104.91947368421053
201605,6803,103.79714285714284
201606,6803,106.06142857142856
201607,6803,111.421
201608,6803,111.19695652173914
201609,6803,110.50210526315789
201610,6803,111.15
201611,6803,109.96545454545456
201612,6803,109.88000000000001
201601,7402,44.343809523809526
201602,7402,44.69692307692307
201603,7402,44.91869565217391
201604,7402,45.839473684210525
201605,7402,44.357142857142854
201606,7402,43.7755
201607,7402,42.9385
201608,7402,38.83954545454546
201609,7402,35.131052631578946
201610,7402,38.721666666666664
201611,7402,34.928636363636365
201612,7402,35.40714285714286
201601,8011,16.51142857142857
201602,8011,17.746923076923075
201603,8011,17.538695652173914
201604,8011,15.387894736842105
201605,8011,14.158571428571427
201606,8011,15.868571428571428
201607,8011,15.6805
201608,8011,16.003478260869564
201609,8011,16.216842105263158
201610,8011,16.4935
201611,8011,15.05909090909091
201612,8011,17.552727272727275
201601,8016,45.65
201602,8016,48.78153846153846
201603,8016,46.796086956521734
201604,8016,47.183684210526316
201605,8016,48.05761904761904
201606,8016,52.137619047619054
201607,8016,55.8245
201608,8016,54.7604347826087
201609,8016,55.75368421052631
201610,8016,58.508
201611,8016,59.11590909090909
201612,8016,55.817727272727275
201601,8021,14.266666666666667
201602,8021,14.702307692307691
201603,8021,15.712608695652174
201604,8021,14.785263157894738
201605,8021,13.537142857142856
201606,8021,13.768571428571429
201607,8021,14.627
201608,8021,14.539565217391305
201609,8021,14.328947368421053
201610,8021,14.154
201611,8021,13.59590909090909
201612,8021,13.893181818181818
201601,8027,16.45809523809524
201602,8027,17.014615384615386
201603,8027,16.394782608695653
201604,8027,15.932105263157894
201605,8027,14.891904761904764
201606,8027,14.495714285714284
201607,8027,14.5695
201608,8027,17.130434782608695
201609,8027,18.637894736842107
201610,8027,14.876
201611,8027,12.984090909090908
201612,8027,12.45590909090909
201601,8028,15.633500000000002
201602,8028,16.136923076923075
201603,8028,17.152173913043477
201604,8028,17.338421052631578
201605,8028,16.143809523809523
201606,8028,16.6145
201607,8028,16.643
201608,8028,15.376086956521737
201609,8028,14.920555555555556
201610,8028,13.7685
201611,8028,13.334545454545456
201612,8028,14.351363636363637
201601,8032,16.378888888888888
201602,8032,16.28923076923077
201603,8032,18.02521739130435
201604,8032,17.37235294117647
201605,8032,15.555238095238096
201606,8032,14.944761904761906
201607,8032,15.26
201608,8032,15.89
201609,8032,16.008947368421055
201610,8032,15.949473684210528
201611,8032,15.643
201612,8032,15.673125
201603,8033,10.141304347826088
201601,8038,49.41142857142857
201602,8038,52.6476923076923
201603,8038,69.43086956521739
201604,8038,73.50421052631579
201605,8038,69.88095238095238
201606,8038,71.12619047619049
201607,8038,63.888999999999996
201608,8038,61.321739130434786
201609,8038,59.70842105263158
201610,8038,49.8565
201611,8038,41.775
201612,8038,50.72227272727273
201601,8039,19.93952380952381
201602,8039,21.374615384615385
201603,8039,21.331739130434784
201604,8039,20.103157894736842
201605,8039,19.756666666666668
201606,8039,20.250952380952384
201607,8039,20.367
201608,8039,20.12391304347826
201609,8039,19.950526315789475
201610,8039,19.0445
201611,8039,18.512272727272727
201612,8039,20.618636363636366
201601,8042,25.182857142857145
201602,8042,25.475384615384616
201603,8042,26.95695652173913
201604,8042,27.068947368421057
201605,8042,26.606190476190477
201606,8042,28.01809523809524
201607,8042,30.369999999999997
201608,8042,33.117826086956526
201609,8042,34.78315789473684
201610,8042,35.7025
201611,8042,38.55954545454545
201612,8042,41.39727272727273
201601,8043,10.709999999999999
201602,8043,10.99923076923077
201603,8043,11.228695652173913
201604,8043,10.939473684210526
201605,8043,10.637894736842105
201606,8043,10.875499999999999
201607,8043,11.1345
201608,8043,11.894347826086957
201609,8043,12.885263157894736
201610,8043,12.791
201611,8043,12.334545454545456
201612,8043,12.590000000000002
201601,8044,236.61238095238093
201602,8044,264.48307692307696
201603,8044,276.5195652173913
201604,8044,276.2089473684211
201605,8044,287.38142857142856
201606,8044,284.48190476190473
201607,8044,270.938
201608,8044,299.9934782608696
201609,8044,313.3626315789474
201610,8044,322.994
201611,8044,265.15727272727275
201612,8044,237.9527272727273
201601,8046,24.854761904761908
201602,8046,25.800769230769227
201603,8046,26.82608695652174
201604,8046,24.71263157894737
201605,8046,23.135238095238098
201606,8046,22.855238095238093
201607,8046,23.028
201608,8046,21.921739130434784
201609,8046,20.84631578947368
201610,8046,19.7565
201611,8046,19.12272727272727
201612,8046,19.774545454545457
201601,8048,20.20809523809524
201602,8048,22.443846153846152
201603,8048,22.429565217391303
201604,8048,20.46578947368421
201605,8048,19.17809523809524
201606,8048,18.51047619047619
201607,8048,18.78
201608,8048,17.035652173913043
201609,8048,15.319999999999999
201610,8048,14.7805
201611,8048,12.508181818181818
201612,8048,13.342727272727274
201601,8050,27.31047619047619
201602,8050,28.993076923076924
201603,8050,30.162608695652175
201604,8050,31.13526315789474
201605,8050,32.47714285714286
201606,8050,34.577619047619045
201607,8050,36.585
201608,8050,39.8304347826087
201609,8050,43.38894736842105
201610,8050,41.5305
201611,8050,37.81409090909091
201612,8050,37.60545454545455
201601,8054,14.12
201602,8054,13.993076923076924
201603,8054,14.422173913043478
201604,8054,13.818947368421053
201605,8054,12.972857142857142
201606,8054,13.533809523809524
201607,8054,13.9
201608,8054,15.156086956521738
201609,8054,15.343684210526314
201610,8054,14.803
201611,8054,13.846363636363636
201612,8054,14.055909090909092
201601,8059,11.272857142857143
201602,8059,12.712307692307691
201603,8059,12.34
201604,8059,11.778421052631579
201605,8059,10.225714285714286
201606,8059,10.383809523809523
201608,8059,11.035217391304348
201609,8059,11.033684210526317
201610,8059,10.5395
201612,8059,12.905454545454546
201603,8064,11.367391304347825
201604,8064,11.743684210526316
201607,8064,10.705
201608,8064,11.638695652173913
201609,8064,11.273157894736842
201610,8064,11.858500000000001
201611,8064,10.990909090909092
201612,8064,10.97181818181818
201601,8066,43.44238095238095
201602,8066,45.33307692307692
201603,8066,48.70043478260869
201604,8066,46.58684210526316
201605,8066,45.82333333333333
201606,8066,47.27857142857143
201607,8066,45.9765
201608,8066,44.97782608695652
201609,8066,45.489999999999995
201610,8066,42.277499999999996
201611,8066,44.46318181818182
201612,8066,49.31318181818181
201601,8067,12.247333333333334
201602,8067,11.853636363636362
201603,8067,12.23
201604,8067,12.152666666666667
201605,8067,12.126666666666667
201606,8067,11.969444444444443
201607,8067,11.89
201608,8067,11.746666666666666
201609,8067,12.452857142857143
201610,8067,12.170833333333334
201611,8067,11.72
201612,8067,11.705555555555556
201601,8068,13.344444444444443
201602,8068,12.4975
201603,8068,12.23
201604,8068,11.428461538461537
201605,8068,10.6505
201606,8068,12.17611111111111
201607,8068,14.270500000000002
201608,8068,17.727391304347826
201609,8068,19.59578947368421
201610,8068,23.566
201611,8068,32.14454545454546
201612,8068,35.46727272727273
201601,8069,10.686666666666666
201602,8069,11.746153846153845
201603,8069,12.834347826086956
201604,8069,12.505263157894737
201605,8069,11.230952380952381
201606,8069,12.86047619047619
201607,8069,13.5885
201608,8069,15.402173913043478
201609,8069,17.726315789473684
201610,8069,19.75
201611,8069,18.055909090909093
201612,8069,17.385
201601,8070,44.9247619047619
201602,8070,48.51923076923077
201603,8070,52.5195652173913
201604,8070,51.33684210526316
201605,8070,50.40380952380953
201606,8070,54.20619047619047
201607,8070,62.451499999999996
201608,8070,70.273
201609,8070,76.95833333333333
201610,8070,78.0335
201611,8070,78.14190476190477
201612,8070,74.0559090909091
201603,8071,11.154782608695653
201604,8071,10.374736842105264
201601,8072,23.573809523809523
201602,8072,24.35923076923077
201603,8072,24.81913043478261
201604,8072,23.650526315789474
201605,8072,23.528095238095236
201606,8072,23.366190476190475
201607,8072,22.482
201608,8072,22.04304347826087
201609,8072,22.100526315789477
201610,8072,21.1705
201611,8072,19.311363636363637
201612,8072,19.963636363636365
201601,8074,13.152857142857142
201602,8074,13.909230769230769
201603,8074,15.131304347826086
201604,8074,15.06578947368421
201605,8074,14.977619047619047
201606,8074,15.932380952380951
201607,8074,17.875999999999998
201608,8074,20.098260869565216
201609,8074,19.15157894736842
201610,8074,17.8595
201611,8074,16.99681818181818
201612,8074,18.446363636363635
201601,8076,52.19666666666667
201602,8076,54.677692307692304
201603,8076,57.428260869565214
201604,8076,57.077894736842104
201605,8076,47.618095238095236
201606,8076,44.70142857142857
201607,8076,42.2975
201608,8076,48.55869565217391
201609,8076,51.05894736842105
201610,8076,47.2595
201611,8076,42.43954545454546
201612,8076,42.20636363636363
201601,8077,241.625
201602,8077,237.125
201603,8077,230.828125
201604,8077,221.35416666666666
201605,8077,206.89285714285714
201606,8077,201.48214285714286
201607,8077,208.17105263157896
201608,8077,171.9431818181818
201609,8077,145.36666666666667
201610,8077,126.39473684210526
201611,8077,122.67647058823529
201612,8077,124.8
201601,8080,70.27380952380952
201602,8080,102.0
201603,8080,104.6195652173913
201604,8080,109.9342105263158
201605,8080,114.05952380952381
201606,8080,113.78571428571429
201607,8080,105.2625
201608,8080,104.52173913043478
201609,8080,78.9342105263158
201610,8080,70.6875
201611,8080,74.56818181818181
201612,8080,75.85227272727273
201601,8081,29.893333333333334
201602,8081,35.64692307692307
201603,8081,40.4704347826087
201604,8081,36.78315789473684
201605,8081,33.80047619047619
201606,8081,33.84571428571429
201607,8081,37.6875
201608,8081,37.48565217391304
201609,8081,37.485263157894735
201610,8081,39.8005
201611,8081,40.69772727272727
201612,8081,40.73954545454546
201601,8083,73.46571428571428
201602,8083,76.59384615384616
201603,8083,77.70521739130434
201604,8083,76.87
201605,8083,78.96238095238095
201606,8083,82.95952380952382
201607,8083,87.81899999999999
201608,8083,98.6008695652174
201609,8083,96.5421052631579
201610,8083,95.935
201611,8083,91.6359090909091
201612,8083,92.50863636363637
201601,8084,24.45952380952381
201602,8084,24.696153846153848
201603,8084,28.645652173913046
201604,8084,29.64736842105263
201605,8084,28.527499999999996
201606,8084,30.89761904761905
201607,8084,33.010000000000005
201608,8084,32.358695652173914
201609,8084,32.01315789473684
201610,8084,32.035000000000004
201611,8084,31.920454545454547
201612,8084,31.970454545454547
201601,8086,59.103809523809524
201602,8086,58.425384615384615
201603,8086,57.660869565217396
201604,8086,47.515263157894736
201605,8086,48.50095238095238
201606,8086,52.63
201607,8086,47.8135
201608,8086,42.05608695652174
201609,8086,42.81736842105263
201610,8086,40.695499999999996
201611,8086,37.324090909090906
201612,8086,41.842727272727274
201603,8088,10.445652173913043
201604,8088,10.40578947368421
201605,8088,10.142857142857142
201606,8088,12.337619047619047
201607,8088,16.4205
201608,8088,14.679565217391303
201609,8088,16.317894736842106
201610,8088,15.359
201611,8088,13.316363636363635
201612,8088,13.625
201601,8091,45.8247619047619
201602,8091,47.92
201603,8091,49.35956521739131
201604,8091,43.513684210526314
201605,8091,39.35190476190476
201606,8091,40.21857142857143
201607,8091,41.4285
201608,8091,40.831304347826084
201609,8091,45.832631578947364
201610,8091,50.2375
201611,8091,46.801818181818184
201612,8091,44.540454545454544
201608,8093,10.513478260869565
201609,8093,10.341578947368422
201601,8096,14.268095238095238
201602,8096,14.413076923076924
201603,8096,16.683043478260867
201604,8096,16.26842105263158
201605,8096,14.513809523809524
201606,8096,14.211904761904762
201607,8096,14.632499999999999
201608,8096,14.705652173913045
201609,8096,14.930000000000001
201610,8096,12.88
201611,8096,11.037727272727272
201612,8096,12.192272727272728
201604,8097,10.620526315789473
201605,8097,10.982380952380952
201606,8097,10.74952380952381
201607,8097,11.5275
201608,8097,10.757391304347825
201609,8097,10.157894736842104
201601,8099,10.49095238095238
201602,8099,10.854615384615386
201603,8099,11.798695652173913
201604,8099,11.62421052631579
201605,8099,11.16047619047619
201606,8099,11.216666666666665
201607,8099,11.295
201608,8099,11.375217391304348
201609,8099,11.33578947368421
201610,8099,11.3045
201611,8099,11.359545454545454
201612,8099,11.436363636363636
201601,8101,39.673809523809524
201602,8101,40.472307692307695
201603,8101,42.95913043478261
201604,8101,37.735263157894735
201605,8101,37.32714285714286
201606,8101,35.95857142857143
201607,8101,33.8355
201608,8101,35.29826086956522
201609,8101,34.01631578947368
201610,8101,29.857499999999998
201611,8101,25.151363636363637
201612,8101,28.925454545454546
201601,8103,14.582380952380953
201602,8103,15.723846153846154
201603,8103,17.598260869565216
201604,8103,17.218947368421052
201605,8103,15.49095238095238
201606,8103,15.122380952380952
201607,8103,15.774000000000001
201608,8103,18.049130434782608
201609,8103,19.448421052631577
201610,8103,18.164
201611,8103,17.76772727272727
201612,8103,18.538636363636364
201607,8104,146.16333333333333
201608,8104,134.40869565217392
201609,8104,140.61111111111111
201610,8104,129.8955
201611,8104,115.56272727272727
201612,8104,114.80090909090909
201601,8105,16.494761904761905
201602,8105,18.422307692307694
201603,8105,18.606521739130436
201604,8105,18.39157894736842
201605,8105,16.197619047619046
201606,8105,17.75809523809524
201607,8105,18.448
201608,8105,19.225217391304348
201609,8105,19.254210526315788
201610,8105,17.068
201611,8105,14.852272727272727
201612,8105,14.997727272727273
201601,8107,17.192380952380955
201602,8107,18.105714285714285
201603,8107,20.587
201604,8107,22.047894736842107
201605,8107,20.27095238095238
201606,8107,20.006666666666668
201607,8107,20.7625
201608,8107,21.231304347826086
201609,8107,21.980526315789472
201610,8107,21.383000000000003
201611,8107,20.235
201612,8107,20.26863636363636
201601,8109,26.955714285714286
201602,8109,30.903846153846153
201603,8109,33.43391304347826
201604,8109,31.95052631578947
201605,8109,30.700000000000003
201606,8109,31.290000000000003
201607,8109,32.8335
201608,8109,33.514782608695654
201609,8109,33.10368421052632
201610,8109,32.3375
201611,8109,31.26863636363636
201612,8109,31.845909090909092
201612,8110,10.11909090909091
201611,8112,10.78590909090909
201612,8112,11.088181818181818
201601,8114,93.58238095238096
201602,8114,96.72692307692309
201603,8114,100.67565217391304
201604,8114,101.68105263157895
201605,8114,100.57476190476191
201606,8114,98.87142857142858
201607,8114,100.5635
201608,8114,115.53863636363636
201609,8114,122.4457894736842
201610,8114,130.07549999999998
201611,8114,121.51681818181818
201612,8114,118.1190909090909
201601,8121,13.619523809523809
201602,8121,13.651538461538461
201603,8121,14.226086956521739
201604,8121,12.513684210526316
201605,8121,10.57952380952381
201606,8121,11.238571428571428
201607,8121,11.837
201608,8121,11.44
201609,8121,11.68421052631579
201610,8121,12.232
201611,8121,11.399545454545454
201612,8121,11.233181818181817
201601,8131,10.595238095238095
201602,8131,11.125384615384615
201603,8131,12.325652173913044
201604,8131,12.66842105263158
201605,8131,12.246666666666666
201606,8131,12.39857142857143
201607,8131,13.01
201608,8131,13.458260869565219
201609,8131,13.36421052631579
201610,8131,13.5665
201611,8131,13.709545454545456
201612,8131,14.242727272727272
201601,8147,29.170952380952382
201602,8147,31.301538461538463
201603,8147,31.721739130434784
201604,8147,30.545263157894738
201605,8147,30.59952380952381
201606,8147,30.362380952380953
201607,8147,28.976499999999998
201608,8147,27.95434782608696
201609,8147,29.585263157894737
201610,8147,28.113999999999997
201611,8147,24.891363636363636
201612,8147,25.825
201601,8150,19.776
201602,8150,22.013076923076923
201603,8150,23.022173913043478
201604,8150,21.012105263157896
201605,8150,21.094761904761906
201606,8150,22.425238095238097
201607,8150,22.3895
201608,8150,20.964347826086957
201609,8150,20.543684210526315
201610,8150,19.431
201611,8150,17.53
201612,8150,17.410454545454545
201602,8155,10.674615384615386
201603,8155,12.408695652173913
201604,8155,13.477368421052631
201605,8155,14.19142857142857
201606,8155,16.282857142857143
201607,8155,18.4625
201608,8155,19.41913043478261
201609,8155,20.063157894736843
201610,8155,19.326500000000003
201611,8155,18.071363636363635
201612,8155,17.920454545454547
201603,8163,10.828260869565218
201604,8163,10.547894736842105
201607,8163,10.334
201608,8163,10.487391304347826
201609,8163,10.866315789473685
201610,8163,10.567
201611,8163,10.878636363636362
201612,8163,11.95909090909091
201602,8171,10.090769230769231
201603,8171,10.89
201604,8171,10.178421052631577
201612,8183,10.781818181818181
201601,8210,25.901428571428568
201602,8210,26.595384615384617
201603,8210,28.74478260869565
201604,8210,33.376315789473686
201605,8210,35.607142857142854
201606,8210,38.656190476190474
201607,8210,39.234500000000004
201608,8210,36.874782608695654
201609,8210,35.153684210526315
201610,8210,35.592
201611,8210,34.14090909090909
201612,8210,34.82454545454545
201601,8213,17.32761904761905
201602,8213,18.045384615384616
201603,8213,19.425652173913043
201604,8213,18.463684210526317
201605,8213,16.643333333333334
201606,8213,17.093809523809522
201607,8213,17.561
201608,8213,18.680434782608696
201609,8213,19.327368421052633
201610,8213,19.1935
201611,8213,18.223181818181818
201612,8213,18.58909090909091
201601,8215,13.042857142857141
201602,8215,13.643076923076924
201603,8215,14.21782608695652
201604,8215,13.155263157894737
201605,8215,11.01095238095238
201606,8215,11.530952380952382
201607,8215,12.5905
201608,8215,12.071304347826086
201609,8215,11.016315789473685
201610,8215,10.328
201612,8215,10.696363636363635
201601,8222,18.532857142857143
201602,8222,22.913846153846155
201603,8222,26.15304347826087
201604,8222,27.678421052631577
201605,8222,27.757619047619045
201606,8222,32.03619047619048
201607,8222,30.157
201608,8222,27.77130434782609
201609,8222,25.837894736842106
201610,8222,24.732
201611,8222,21.499545454545455
201612,8222,22.373181818181816
201601,8234,19.71095238095238
201602,8234,19.882307692307695
201603,8234,20.347391304347827
201604,8234,19.337894736842106
201605,8234,18.595714285714287
201606,8234,18.724761904761905
201607,8234,20.741
201608,8234,21.554782608695653
201609,8234,25.849473684210526
201610,8234,25.8085
201611,8234,22.60727272727273
201612,8234,24.30272727272727
201601,8240,12.493333333333334
201602,8240,12.90846153846154
201603,8240,13.471739130434784
201604,8240,12.868421052631579
201605,8240,12.035238095238096
201606,8240,12.062857142857142
201607,8240,12.808000000000002
201608,8240,13.537391304347826
201609,8240,13.249473684210527
201610,8240,14.183000000000002
201611,8240,12.547727272727274
201612,8240,12.52727272727273
201601,8249,13.664761904761903
201602,8249,14.27
201603,8249,15.048695652173913
201604,8249,14.010526315789473
201605,8249,12.869523809523809
201606,8249,13.434285714285714
201607,8249,13.495
201608,8249,14.003478260869565
201609,8249,13.996315789473684
201610,8249,14.041
201611,8249,14.44909090909091
201612,8249,14.901363636363635
201601,8255,73.47857142857143
201602,8255,83.29230769230769
201603,8255,85.39956521739131
201604,8255,87.4721052631579
201605,8255,80.64238095238095
201606,8255,80.75190476190475
201607,8255,81.17999999999999
201608,8255,78.14173913043479
201609,8255,78.04263157894736
201610,8255,76.325
201611,8255,68.66636363636364
201612,8255,69.23681818181818
201601,8261,16.89428571428571
201602,8261,17.81153846153846
201603,8261,18.804347826086957
201604,8261,17.365263157894738
201605,8261,15.569047619047618
201606,8261,15.869523809523809
201607,8261,17.1645
201608,8261,20.094347826086956
201609,8261,20.006842105263157
201610,8261,19.448
201611,8261,17.301363636363636
201612,8261,16.904090909090908
201601,8271,11.96047619047619
201602,8271,12.326923076923077
201603,8271,16.09565217391304
201604,8271,16.099999999999998
201605,8271,17.320476190476192
201606,8271,19.69904761904762
201607,8271,21.148500000000002
201608,8271,20.79869565217391
201609,8271,20.52
201610,8271,19.852
201611,8271,19.576818181818183
201612,8271,19.85363636363636
201606,8277,10.352857142857143
201607,8277,13.325
201608,8277,11.910869565217391
201609,8277,12.58421052631579
201610,8277,11.817499999999999
201611,8277,10.40318181818182
201612,8277,10.51590909090909
201601,8279,39.8635
201602,8279,38.980000000000004
201603,8279,40.07043478260869
201604,8279,39.8721052631579
201605,8279,41.92285714285714
201606,8279,47.340500000000006
201607,8279,51.6185
201608,8279,52.227391304347826
201609,8279,57.63166666666666
201610,8279,93.286
201611,8279,85.07681818181818
201612,8279,79.36818181818181
201601,8284,26.564166666666665
201602,8284,25.725714285714282
201603,8284,24.962857142857143
201604,8284,25.196
201605,8284,25.241
201606,8284,24.396250000000002
201607,8284,22.746153846153845
201608,8284,21.771818181818183
201609,8284,21.563333333333333
201610,8284,21.628999999999998
201611,8284,20.997777777777777
201612,8284,20.49625
201610,8291,11.223
201611,8291,11.108235294117648
201612,8291,11.509
201601,8299,149.22095238095238
201602,8299,162.55538461538464
201603,8299,169.51
201604,8299,177.49052631578948
201605,8299,167.7095238095238
201606,8299,178.68523809523808
201607,8299,176.35750000000002
201608,8299,152.7430434782609
201609,8299,152.33315789473684
201610,8299,151.9185
201611,8299,151.05545454545452
201612,8299,167.18454545454546
201601,8341,85.19761904761906
201602,8341,93.10846153846154
201603,8341,97.5304347826087
201604,8341,94.99368421052631
201605,8341,99.35238095238095
201606,8341,104.57380952380953
201607,8341,104.4965
201608,8341,96.00565217391305
201609,8341,88.46421052631578
201610,8341,84.26899999999999
201611,8341,79.21409090909091
201612,8341,78.43409090909091
201606,8342,30.07
201607,8342,28.287222222222223
201608,8342,29.944347826086958
201609,8342,34.61
201610,8342,37.0955
201611,8342,34.91818181818182
201612,8342,35.586363636363636
201601,8349,39.349047619047624
201602,8349,40.16615384615385
201603,8349,39.66652173913044
201604,8349,38.812222222222225
201605,8349,37.87952380952381
201606,8349,38.203809523809525
201607,8349,38.137
201608,8349,37.62739130434783
201609,8349,39.03368421052632
201610,8349,38.667500000000004
201611,8349,37.75
201612,8349,38.88772727272727
201603,8354,10.412173913043478
201604,8354,10.442631578947369
201605,8354,10.494285714285715
201606,8354,10.41904761904762
201607,8354,10.445
201608,8354,10.478260869565217
201609,8354,10.907368421052633
201610,8354,11.3325
201611,8354,11.138636363636364
201612,8354,11.081999999999999
201606,8358,11.2
201607,8358,14.337
201608,8358,17.205652173913045
201609,8358,18.49842105263158
201610,8358,18.285
201611,8358,18.561818181818182
201612,8358,21.61181818181818
201603,8374,10.439565217391303
201604,8374,10.487368421052631
201606,8374,10.728095238095237
201607,8374,10.5565
201608,8374,10.230434782608697
201609,8374,13.172105263157896
201610,8374,13.072
201611,8374,12.540454545454544
201612,8374,15.288636363636364
201601,8383,24.69142857142857
201602,8383,27.26846153846154
201603,8383,30.57782608695652
201604,8383,32.61421052631579
201605,8383,31.637619047619047
201606,8383,29.931904761904764
201607,8383,28.669999999999998
201608,8383,31.741739130434784
201609,8383,30.925789473684212
201610,8383,29.958
201611,8383,26.479999999999997
201612,8383,28.009545454545457
201601,8390,12.518571428571429
201602,8390,13.082307692307692
201603,8390,13.545652173913044
201604,8390,12.595263157894736
201605,8390,12.52904761904762
201606,8390,12.691904761904762
201607,8390,14.4785
201608,8390,14.255217391304347
201609,8390,14.097368421052632
201610,8390,13.3415
201611,8390,13.174545454545454
201612,8390,12.92590909090909
201601,8403,26.204285714285714
201602,8403,27.94538461538462
201603,8403,27.55826086956522
201604,8403,26.515263157894736
201605,8403,24.045714285714286
201606,8403,23.73857142857143
201607,8403,23.383000000000003
201608,8403,22.710434782608697
201609,8403,21.511052631578945
201610,8403,21.6365
201611,8403,20.815454545454546
201612,8403,20.793636363636363
201601,8404,17.917142857142856
201602,8404,18.564615384615387
201603,8404,20.092608695652174
201604,8404,21.45578947368421
201605,8404,22.067619047619047
201606,8404,20.473333333333333
201607,8404,20.758
201608,8404,20.96608695652174
201609,8404,22.58105263157895
201610,8404,23.9955
201611,8404,22.72772727272727
201612,8404,22.940454545454546
201601,8406,311.5242857142857
201602,8406,291.62538461538463
201603,8406,270.4508695652174
201604,8406,276.9031578947368
201605,8406,269.2404761904762
201606,8406,274.3723809523809
201607,8406,272.4815
201608,8406,263.5713043478261
201609,8406,261.08894736842103
201610,8406,250.183
201611,8406,239.5518181818182
201612,8406,253.35454545454547
201601,8409,29.329523809523806
201602,8409,28.442307692307693
201603,8409,30.422608695652176
201604,8409,29.74684210526316
201605,8409,27.816666666666666
201606,8409,26.039047619047622
201607,8409,27.0055
201608,8409,25.19913043478261
201609,8409,24.22947368421053
201610,8409,22.827
201611,8409,21.44818181818182
201612,8409,22.48909090909091
201601,8410,11.893333333333333
201602,8410,12.425384615384615
201603,8410,13.777826086956521
201604,8410,15.042631578947368
201605,8410,13.951428571428572
201606,8410,14.102857142857143
201607,8410,14.769
201608,8410,15.944782608695652
201609,8410,20.23157894736842
201610,8410,19.816499999999998
201611,8410,17.123181818181816
201612,8410,17.717272727272725
201601,8411,19.92238095238095
201602,8411,20.29076923076923
201603,8411,21.94695652173913
201604,8411,20.74157894736842
201605,8411,20.651904761904763
201606,8411,20.994761904761905
201607,8411,20.474
201608,8411,21.06869565217391
201609,8411,21.491578947368424
201610,8411,21.4965
201611,8411,22.97681818181818
201612,8411,26.826818181818183
201607,8415,11.281666666666666
201608,8415,10.913181818181819
201609,8415,10.285789473684211
201611,8415,10.601363636363637
201612,8415,10.495454545454544
201601,8416,47.223333333333336
201602,8416,48.783846153846156
201603,8416,55.88260869565217
201604,8416,57.80105263157895
201605,8416,52.61428571428572
201606,8416,54.10857142857143
201607,8416,54.1595
201608,8416,54.624347826086954
201609,8416,54.10105263157895
201610,8416,52.004
201611,8416,47.92727272727273
201612,8416,48.28954545454545
201601,8418,14.871904761904762
201602,8418,14.846923076923076
201603,8418,14.80695652173913
201604,8418,13.145789473684209
201605,8418,12.779523809523809
201606,8418,12.63238095238095
201607,8418,12.179
201608,8418,11.670434782608696
201609,8418,11.438947368421053
201610,8418,11.652
201611,8418,10.622727272727273
201612,8418,10.817272727272726
201601,8420,13.741428571428571
201602,8420,14.186923076923078
201603,8420,16.02173913043478
201604,8420,16.544736842105266
201605,8420,14.711904761904762
201606,8420,14.149047619047618
201607,8420,14.4205
201608,8420,15.908695652173913
201609,8420,15.903684210526317
201610,8420,15.751
201611,8420,15.55
201612,8420,15.674285714285716
201602,8421,10.45
201603,8421,10.45217391304348
201604,8421,10.254736842105263
201605,8421,11.57
201606,8421,18.29
201607,8421,17.2215
201608,8421,18.923478260869565
201609,8421,18.737368421052633
201610,8421,16.603
201611,8421,15.181363636363637
201612,8421,15.052272727272726
201601,8422,92.23857142857143
201602,8422,95.85615384615386
201603,8422,100.41086956521738
201604,8422,101.02947368421053
201605,8422,98.33190476190475
201606,8422,97.08666666666666
201607,8422,100.562
201608,8422,103.1091304347826
201609,8422,103.72947368421052
201610,8422,102.221
201611,8422,98.65636363636364
201612,8422,97.91045454545453
201601,8423,11.187000000000001
201602,8423,10.724545454545455
201603,8423,10.68888888888889
201604,8423,10.325454545454546
201601,8424,19.442380952380955
201602,8424,19.31923076923077
201603,8424,20.01391304347826
201604,8424,19.841052631578947
201605,8424,19.11421052631579
201606,8424,19.496190476190478
201607,8424,19.428421052631577
201608,8424,20.025652173913045
201609,8424,19.692105263157895
201610,8424,18.85684210526316
201611,8424,18.170909090909092
201612,8424,17.922272727272727
201601,8426,20.85047619047619
201602,8426,31.169999999999998
201603,8426,32.866521739130434
201604,8426,38.05315789473684
201605,8426,33.553333333333335
201606,8426,33.24190476190476
201607,8426,31.716
201608,8426,36.038260869565214
201609,8426,39.39421052631579
201610,8426,36.091
201611,8426,35.574999999999996
201612,8426,37.64863636363636
201601,8427,44.31904761904762
201602,8427,43.863076923076925
201603,8427,45.649565217391306
201604,8427,48.043684210526315
201605,8427,49.28809523809524
201606,8427,57.78523809523809
201607,8427,62.2855
201608,8427,64.32043478260869
201609,8427,69.49789473684211
201610,8427,66.065
201611,8427,61.569545454545455
201612,8427,59.876363636363635
201601,8429,35.904761904761905
201602,8429,37.371538461538464
201603,8429,40.885652173913044
201604,8429,38.54157894736842
201605,8429,39.84142857142857
201606,8429,40.50666666666667
201607,8429,41.937
201608,8429,42.50782608695652
201609,8429,42.032105263157895
201610,8429,35.718
201611,8429,34.216818181818184
201612,8429,34.40954545454545
201601,8431,69.90142857142857
201602,8431,73.97923076923077
201603,8431,92.58391304347825
201604,8431,84.9578947368421
201605,8431,56.086190476190474
201606,8431,61.88380952380952
201607,8431,65.454
201608,8431,68.10391304347826
201609,8431,73.38578947368421
201610,8431,64.8935
201611,8431,51.23
201612,8431,52.61545454545455
201601,8432,50.90095238095238
201602,8432,54.87692307692308
201603,8432,63.58608695652174
201604,8432,72.00105263157894
201605,8432,65.26904761904763
201606,8432,70.64349999999999
201607,8432,69.9255
201608,8432,65.51
201609,8432,62.21315789473684
201610,8432,59.872
201611,8432,53.60181818181818
201612,8432,54.158181818181816
201601,8433,87.83285714285714
201602,8433,98.28076923076924
201603,8433,93.2986956521739
201604,8433,88.29947368421053
201605,8433,77.99666666666667
201606,8433,83.99238095238096
201607,8433,86.9905
201608,8433,94.09636363636363
201609,8433,94.60842105263157
201610,8433,99.9395
201611,8433,92.72954545454546
201612,8433,89.86363636363636
201601,8435,24.89952380952381
201602,8435,25.46846153846154
201603,8435,26.160869565217393
201604,8435,25.55578947368421
201605,8435,25.186190476190475
201606,8435,25.47285714285714
201607,8435,25.850526315789477
201608,8435,25.676086956521736
201609,8435,25.04157894736842
201610,8435,23.8725
201611,8435,23.352
201612,8435,23.473333333333333
201601,8436,56.77904761904762
201602,8436,57.923846153846156
201603,8436,58.12
201604,8436,62.148421052631576
201605,8436,64.9147619047619
201606,8436,68.97047619047619
201607,8436,70.71950000000001
201608,8436,73.72869565217391
201609,8436,82.60736842105263
201610,8436,89.981
201611,8436,88.5759090909091
201612,8436,86.86181818181818
201601,8437,81.91714285714286
201602,8437,87.56230769230768
201603,8437,91.8891304347826
201604,8437,96.35526315789474
201605,8437,95.96285714285715
201606,8437,98.49761904761904
201607,8437,103.84549999999999
201608,8437,107.67999999999999
201609,8437,110.9321052631579
201610,8437,112.753
201611,8437,106.36863636363637
201612,8437,108.88045454545454
201601,8438,20.32
201602,8438,19.83666666666667
201603,8438,19.331666666666667
201604,8438,20.213333333333335
201605,8438,19.764444444444443
201606,8438,19.47
201607,8438,18.862000000000002
201608,8438,17.7975
201609,8438,20.136666666666667
201610,8438,23.16375
201611,8438,22.524444444444445
201612,8438,21.3
201611,8442,33.889375
201612,8442,35.02909090909091
201601,8443,17.112380952380953
201602,8443,17.303846153846152
201603,8443,18.16
201604,8443,18.23157894736842
201605,8443,17.956190476190475
201606,8443,17.786666666666665
201607,8443,18.2275
201608,8443,18.097826086956523
201609,8443,17.69421052631579
201610,8443,17.074
201611,8443,16.297272727272727
201612,8443,15.927272727272726
201601,8444,56.56047619047619
201602,8444,58.79692307692308
201603,8444,59.34173913043478
201604,8444,66.28157894736842
201605,8444,73.32523809523809
201606,8444,89.36238095238095
201607,8444,120.0355
201608,8444,129.62434782608696
201609,8444,151.26736842105262
201610,8444,136.65249999999997
201611,8444,138.78363636363636
201612,8444,150.25181818181818
201601,8446,42.95428571428571
201602,8446,47.05461538461539
201603,8446,51.34478260869565
201604,8446,61.08736842105264
201605,8446,61.21523809523809
201606,8446,59.646190476190476
201607,8446,59.58
201608,8446,63.4495652173913
201609,8446,58.82263157894737
201610,8446,55.367
201611,8446,49.44227272727273
201612,8446,52.48727272727273
201601,8450,63.49904761904762
201602,8450,67.60384615384615
201603,8450,70.49043478260869
201604,8450,77.07157894736842
201605,8450,75.44428571428571
201606,8450,84.8157142857143
201607,8450,100.751
201608,8450,89.22217391304348
201609,8450,82.67894736842106
201610,8450,84.95599999999999
201611,8450,71.17318181818182
201612,8450,72.95954545454545
201601,8454,87.04190476190476
201602,8454,89.36999999999999
201603,8454,90.30652173913045
201604,8454,87.73052631578948
201605,8454,97.54476190476191
201606,8454,94.40238095238095
201607,8454,92.60499999999999
201608,8454,95.59260869565217
201609,8454,93.09947368421054
201610,8454,91.7565
201611,8454,84.6140909090909
201612,8454,84.39545454545454
201601,8455,13.4
201602,8455,17.42153846153846
201603,8455,30.096521739130434
201604,8455,57.7621052631579
201605,8455,51.38809523809524
201606,8455,49.6247619047619
201607,8455,39.128
201608,8455,36.02521739130435
201609,8455,35.42578947368421
201610,8455,34.564
201611,8455,33.12045454545454
201612,8455,32.808181818181815
201601,8462,36.669444444444444
201602,8462,36.30153846153846
201603,8462,34.25782608695653
201604,8462,31.642105263157898
201605,8462,31.64428571428571
201606,8462,32.61333333333333
201607,8462,33.8425
201608,8462,42.071304347826086
201609,8462,52.06473684210526
201610,8462,48.265
201611,8462,40.500454545454545
201612,8462,40.11681818181818
201601,8463,16.237142857142857
201602,8463,16.425384615384615
201603,8463,17.189565217391305
201604,8463,15.726842105263158
201605,8463,14.441904761904762
201606,8463,14.263333333333332
201607,8463,14.535999999999998
201608,8463,14.020869565217392
201609,8463,13.881578947368421
201610,8463,13.429499999999999
201611,8463,13.725909090909092
201612,8463,14.010454545454547
201601,8464,154.07714285714286
201602,8464,167.73538461538462
201603,8464,167.1791304347826
201604,8464,184.00526315789475
201605,8464,199.62000000000003
201606,8464,205.2733333333333
201607,8464,223.365
201608,8464,253.18521739130435
201609,8464,276.4273684210526
201610,8464,280.96999999999997
201611,8464,248.41727272727275
201612,8464,247.81227272727273
201611,8466,87.43095238095238
201612,8466,85.35000000000001
201601,8467,48.494285714285716
201602,8467,48.309230769230766
201603,8467,48.839999999999996
201604,8467,43.921578947368424
201605,8467,39.345238095238095
201606,8467,41.54571428571429
201607,8467,37.823
201608,8467,31.14909090909091
201609,8467,28.504736842105263
201610,8467,28.399473684210527
201611,8467,26.604000000000003
201612,8467,25.405909090909088
201601,8472,87.6452380952381
201602,8472,78.64615384615385
201603,8472,68.82782608695652
201604,8472,55.29789473684211
201605,8472,47.73714285714286
201606,8472,47.1
201607,8472,46.2545
201608,8472,46.63652173913044
201609,8472,45.70263157894737
201610,8472,36.9005
201611,8472,32.85454545454545
201612,8472,35.95636363636363
201601,8473,39.8455
201602,8473,39.27846153846154
201603,8473,41.51
201604,8473,41.77894736842105
201605,8473,41.49285714285714
201606,8473,42.449
201607,8473,42.407
201608,8473,43.42826086956522
201609,8473,42.589999999999996
201610,8473,39.560500000000005
201611,8473,37.723636363636366
201612,8473,37.47863636363637
201601,8476,32.4535
201602,8476,34.576153846153844
201603,8476,36.55391304347826
201604,8476,37.340555555555554
201605,8476,34.6055
201606,8476,31.801
201607,8476,32.84111111111111
201608,8476,32.83565217391305
201609,8476,31.56555555555555
201610,8476,33.294736842105266
201611,8476,35.36454545454546
201612,8476,35.166
201601,8477,61.184
201602,8477,62.942727272727275
201603,8477,64.22722222222222
201604,8477,63.336666666666666
201605,8477,65.10357142857143
201606,8477,66.95947368421052
201607,8477,67.7015
201608,8477,58.96304347826087
201609,8477,52.05733333333333
201610,8477,59.572500000000005
201611,8477,48.596363636363634
201612,8477,44.16909090909091
201602,8478,171.13
201603,8478,170.375
201604,8478,171.67888888888888
201605,8478,166.5311111111111
201606,8478,143.656
201607,8478,144.37117647058824
201608,8478,131.39157894736843
201609,8478,124.95125
201610,8478,121.80733333333333
201611,8478,115.29266666666668
201612,8478,108.82428571428571
201607,8480,92.46076923076923
201608,8480,95.50466666666667
201609,8480,95.9525
201610,8480,91.921875
201611,8480,85.46222222222224
201612,8480,87.65142857142857
201603,8481,38.50052631578947
201604,8481,36.93842105263158
201605,8481,34.403333333333336
201606,8481,34.10736842105263
201607,8481,34.2065
201608,8481,31.89869565217391
201609,8481,29.915555555555557
201610,8481,32.47052631578948
201611,8481,32.572
201612,8481,30.246190476190474
201612,8488,36.832307692307694
201601,8489,72.44909090909091
201602,8489,72.05166666666666
201603,8489,75.71125
201604,8489,78.18142857142857
201605,8489,81.3365
201606,8489,97.90549999999999
201607,8489,109.148
201608,8489,98.41619047619047
201609,8489,86.949375
201610,8489,81.23875
201611,8489,73.17294117647059
201612,8489,64.50214285714286
201611,8497,65.21428571428571
201612,8497,59.39666666666666
201612,8905,10.100909090909092
201601,8908,12.044
201602,8908,12.044444444444444
201603,8908,12.38529411764706
201604,8908,12.522857142857143
201605,8908,12.579375
201606,8908,12.373076923076923
201607,8908,12.298235294117646
201608,8908,12.309000000000001
201609,8908,12.180000000000001
201610,8908,11.758000000000001
201611,8908,11.824285714285713
201612,8908,11.652857142857142
201601,8916,31.37047619047619
201602,8916,31.786923076923078
201603,8916,29.726521739130437
201604,8916,30.605263157894736
201605,8916,26.634761904761906
201606,8916,25.75
201607,8916,27.7885
201608,8916,28.207391304347826
201609,8916,28.33263157894737
201610,8916,27.2395
201611,8916,26.561363636363637
201612,8916,27.177272727272726
201601,8917,30.052142857142858
201602,8917,30.679999999999996
201603,8917,30.515
201604,8917,30.419999999999998
201605,8917,29.786666666666665
201606,8917,29.483333333333334
201607,8917,29.540000000000003
201608,8917,29.53
201609,8917,29.720000000000002
201610,8917,29.55
201611,8917,29.525000000000002
201612,8917,29.38909090909091
201601,8921,12.4975
201602,8921,14.22272727272727
201603,8921,14.98857142857143
201604,8921,14.73
201605,8921,14.27
201606,8921,14.660000000000002
201607,8921,14.75
201608,8921,15.213636363636363
201609,8921,14.511666666666665
201610,8921,13.691428571428572
201611,8921,13.32
201612,8921,12.885
201601,8923,10.5425
201602,8923,10.705
201603,8923,11.132222222222222
201604,8923,11.2975
201606,8923,11.523333333333333
201607,8923,11.038333333333334
201608,8923,10.780909090909091
201609,8923,10.7575
201610,8923,10.843333333333334
201611,8923,10.82
201612,8923,11.0675
201601,8924,12.937619047619048
201602,8924,13.715384615384616
201603,8924,13.002608695652174
201604,8924,12.063684210526317
201607,8924,10.2815
201609,8924,10.744736842105263
201610,8924,10.373000000000001
201601,8926,13.46238095238095
201602,8926,14.002307692307692
201603,8926,14.544782608695652
201604,8926,14.306315789473684
201605,8926,14.207619047619048
201606,8926,14.643333333333333
201607,8926,14.8015
201608,8926,14.505217391304347
201609,8926,14.336842105263157
201610,8926,14.362
201611,8926,14.1
201612,8926,13.755454545454546
201601,8928,22.02904761904762
201602,8928,23.306923076923077
201603,8928,23.38913043478261
201604,8928,21.336842105263155
201605,8928,18.990952380952383
201606,8928,19.53
201607,8928,20.8665
201608,8928,20.707391304347826
201609,8928,21.29842105263158
201610,8928,18.020500000000002
201611,8928,15.976818181818182
201612,8928,15.724545454545455
201601,8929,12.953333333333333
201602,8929,13.343076923076922
201603,8929,13.566521739130433
201604,8929,13.53473684210526
201605,8929,13.8075
201606,8929,14.66095238095238
201607,8929,14.4325
201608,8929,14.804347826086957
201609,8929,14.546315789473685
201610,8929,15.125499999999999
201611,8929,17.744545454545456
201612,8929,18.39090909090909
201601,8931,14.112857142857143
201602,8931,15.263076923076925
201603,8931,16.03608695652174
201604,8931,15.652631578947368
201605,8931,15.6745
201606,8931,16.49047619047619
201607,8931,15.9815
201608,8931,15.17608695652174
201609,8931,14.116315789473683
201610,8931,13.800999999999998
201611,8931,13.805909090909092
201612,8931,15.036190476190475
201601,8933,18.18619047619048
201602,8933,18.446923076923078
201603,8933,19.218260869565217
201604,8933,17.822105263157894
201605,8933,15.818571428571428
201606,8933,15.884285714285713
201607,8933,16.226
201608,8933,16.085652173913044
201609,8933,15.222105263157896
201610,8933,14.4425
201611,8933,14.145454545454545
201612,8933,14.826363636363636
201601,8934,39.0
201605,8934,42.9
201606,8934,43.873333333333335
201607,8934,41.64473684210526
201608,8934,40.002272727272725
201609,8934,29.420588235294115
201610,8934,26.994999999999997
201611,8934,28.025000000000002
201612,8934,32.17631578947368
201607,8935,10.555499999999999
201608,8935,10.013478260869565
201601,8936,24.15714285714286
201602,8936,24.285384615384615
201603,8936,25.05304347826087
201604,8936,21.843684210526316
201605,8936,17.742857142857144
201606,8936,18.362380952380953
201607,8936,18.740000000000002
201608,8936,18.717391304347824
201609,8936,17.95
201610,8936,16.5145
201611,8936,14.941818181818183
201612,8936,15.245
201601,8937,11.459999999999999
201602,8937,11.522307692307692
201603,8937,12.07695652173913
201604,8937,11.733157894736843
201605,8937,11.3495
201606,8937,11.136190476190476
201607,8937,11.812999999999999
201608,8937,11.696956521739132
201609,8937,11.382631578947368
201610,8937,10.341
201611,8937,10.295454545454545
201612,8937,10.105909090909092
201601,8938,11.26
201602,8938,11.235384615384616
201603,8938,12.492173913043478
201604,8938,13.29
201605,8938,12.467142857142857
201606,8938,12.294285714285715
201607,8938,12.471
201608,8938,12.463043478260868
201609,8938,12.64578947368421
201610,8938,12.39
201611,8938,12.52090909090909
201612,8938,14.034999999999998
201601,8940,15.347619047619048
201602,8940,15.457692307692307
201603,8940,15.343478260869563
201604,8940,14.557894736842107
201605,8940,15.609523809523811
201606,8940,15.976190476190476
201607,8940,14.9575
201608,8940,14.56304347826087
201609,8940,15.165789473684208
201610,8940,15.1375
201611,8940,14.956818181818182
201612,8940,14.581818181818182
201601,8941,27.605238095238096
201602,8941,28.017692307692307
201603,8941,27.62681818181818
201604,8941,26.267222222222223
201605,8941,25.2865
201606,8941,26.054761904761904
201607,8941,27.137
201608,8941,26.65473684210526
201609,8941,25.409333333333333
201610,8941,25.193571428571428
201611,8941,25.091904761904765
201612,8941,24.596
201601,8942,38.18761904761905
201602,8942,39.910000000000004
201603,8942,41.54608695652174
201604,8942,38.723684210526315
201605,8942,39.44285714285714
201606,8942,39.92619047619048
201607,8942,37.708
201608,8942,37.39869565217391
201609,8942,38.95315789473684
201610,8942,40.6805
201611,8942,39.01954545454546
201612,8942,37.95181818181818
201601,8996,32.47190476190476
201602,8996,37.65769230769231
201603,8996,45.37
201604,8996,44.333684210526314
201605,8996,49.25523809523809
201606,8996,49.471428571428575
201607,8996,46.399
201608,8996,45.72913043478261
201609,8996,44.70789473684211
201610,8996,45.583
201611,8996,42.960454545454546
201612,8996,43.83045454545454
201601,9802,32.24190476190476
201602,9802,32.673846153846156
201603,9802,33.72695652173913
201604,9802,36.165263157894735
201605,9802,35.953809523809525
201606,9802,37.94904761904762
201607,9802,40.7025
201608,9802,40.37347826086957
201609,9802,40.02421052631579
201610,9802,40.015
201611,9802,39.208636363636366
201612,9802,40.15045454545455
201601,9904,27.936190476190475
201602,9904,28.307692307692307
201603,9904,29.042608695652174
201604,9904,28.363684210526316
201605,9904,28.726666666666667
201606,9904,29.865714285714283
201607,9904,31.524
201608,9904,33.154347826086955
201609,9904,32.352105263157895
201610,9904,31.771499999999996
201611,9904,29.245454545454546
201612,9904,29.05363636363636
201601,9905,16.388571428571428
201602,9905,16.665384615384617
201603,9905,16.76304347826087
201604,9905,16.228947368421053
201605,9905,15.494285714285715
201606,9905,15.431904761904761
201607,9905,15.529
201608,9905,15.282608695652174
201609,9905,14.70157894736842
201610,9905,14.254499999999998
201611,9905,14.45318181818182
201612,9905,14.708181818181817
201603,9906,10.061739130434782
201604,9906,15.012105263157896
201605,9906,11.529523809523809
201606,9906,16.52190476190476
201607,9906,15.687000000000001
201608,9906,14.555217391304348
201609,9906,12.899473684210527
201610,9906,12.467
201611,9906,12.997272727272728
201612,9906,14.80409090909091
201601,9907,10.514285714285714
201602,9907,10.796923076923077
201603,9907,11.125652173913045
201604,9907,11.123684210526315
201605,9907,10.776666666666667
201606,9907,10.613333333333333
201607,9907,10.4595
201608,9907,10.577826086956522
201609,9907,10.311052631578947
201610,9907,10.1625
201612,9907,10.266818181818183
201601,9908,15.866666666666665
201602,9908,16.103076923076923
201603,9908,16.54434782608696
201604,9908,16.658421052631578
201605,9908,16.63904761904762
201606,9908,16.691428571428574
201607,9908,17.1665
201608,9908,17.550434782608693
201609,9908,17.844736842105263
201610,9908,17.775
201611,9908,17.896818181818183
201612,9908,18.153181818181817
201601,9910,87.49
201602,9910,93.08538461538463
201603,9910,91.49173913043478
201604,9910,81.18578947368421
201605,9910,69.1704761904762
201606,9910,67.41285714285715
201607,9910,81.6735
201608,9910,89.5395652173913
201609,9910,89.90684210526315
201610,9910,80.518
201611,9910,71.57954545454545
201612,9910,72.85636363636364
201601,9911,12.371904761904762
201602,9911,12.709999999999999
201603,9911,13.228260869565217
201604,9911,13.965789473684211
201605,9911,16.369999999999997
201606,9911,18.727142857142855
201607,9911,21.5345
201608,9911,24.557826086956524
201609,9911,23.518947368421053
201610,9911,24.883846153846154
201611,9911,21.568421052631578
201612,9911,21.027727272727272
201601,9914,116.71333333333334
201602,9914,119.51846153846154
201603,9914,121.92608695652174
201604,9914,104.09947368421054
201605,9914,102.71238095238095
201606,9914,110.57428571428571
201607,9914,115.527
201608,9914,111.3913043478261
201609,9914,112.98947368421054
201610,9914,118.35350000000001
201611,9914,111.08727272727273
201612,9914,115.57681818181818
201601,9917,59.27
201602,9917,59.931538461538466
201603,9917,59.33391304347826
201604,9917,58.78947368421053
201605,9917,58.08571428571428
201606,9917,57.86
201607,9917,61.215999999999994
201608,9917,62.02695652173912
201609,9917,61.373684210526314
201610,9917,60.8395
201611,9917,59.875454545454545
201612,9917,58.194545454545455
201601,9918,22.628
201602,9918,22.679999999999996
201603,9918,22.937727272727273
201604,9918,23.063333333333333
201605,9918,22.708333333333332
201606,9918,22.958750000000002
201607,9918,23.544444444444444
201608,9918,23.935
201609,9918,24.063846153846153
201610,9918,24.09375
201611,9918,23.843809523809526
201612,9918,24.048333333333332
201601,9921,159.23333333333335
201602,9921,168.39769230769232
201603,9921,163.4395652173913
201604,9921,147.28105263157894
201605,9921,142.1038095238095
201606,9921,154.27714285714288
201607,9921,167.002
201608,9921,168.14434782608697
201609,9921,166.78157894736842
201610,9921,175.4755
201611,9921,160.38863636363638
201612,9921,147.73818181818183
201601,9924,22.667142857142856
201602,9924,24.45846153846154
201603,9924,24.699565217391307
201604,9924,23.606842105263155
201605,9924,23.6
201606,9924,25.123333333333335
201607,9924,28.815499999999997
201608,9924,26.125217391304346
201609,9924,24.733684210526317
201610,9924,23.5385
201611,9924,23.440454545454543
201612,9924,24.068181818181817
201601,9925,25.139047619047616
201602,9925,25.31230769230769
201603,9925,25.995217391304347
201604,9925,26.262105263157896
201605,9925,26.26
201606,9925,26.385238095238098
201607,9925,27.5065
201608,9925,27.92130434782609
201609,9925,27.733157894736845
201610,9925,27.6575
201611,9925,27.521818181818183
201612,9925,27.485454545454544
201601,9926,27.413
201602,9926,27.590833333333336
201603,9926,27.833
201604,9926,27.88842105263158
201605,9926,27.9
201606,9926,28.363333333333333
201607,9926,28.781052631578948
201608,9926,29.1505
201609,9926,30.218125
201610,9926,30.4625
201611,9926,30.672777777777778
201612,9926,30.42157894736842
201601,9927,18.651904761904763
201602,9927,19.571538461538463
201603,9927,20.5095652173913
201604,9927,20.48578947368421
201605,9927,20.232380952380954
201606,9927,20.426666666666666
201607,9927,21.3005
201608,9927,21.90391304347826
201609,9927,22.16263157894737
201610,9927,22.1965
201611,9927,23.49681818181818
201612,9927,25.540454545454544
201601,9928,37.183
201602,9928,35.62083333333333
201603,9928,36.10260869565217
201604,9928,34.004210526315795
201605,9928,28.268571428571427
201606,9928,24.851999999999997
201607,9928,23.90722222222222
201608,9928,22.95157894736842
201609,9928,23.153636363636362
201610,9928,22.142105263157895
201611,9928,23.394000000000002
201612,9928,22.72047619047619
201601,9929,15.812857142857142
201602,9929,14.862307692307693
201603,9929,14.494210526315788
201604,9929,14.10578947368421
201605,9929,13.523
201606,9929,12.4685
201607,9929,11.807058823529411
201608,9929,12.283
201609,9929,12.042
201610,9929,12.696842105263158
201611,9929,12.570526315789474
201612,9929,12.571333333333333
201601,9930,35.510000000000005
201602,9930,36.80615384615385
201603,9930,37.9
201604,9930,37.49421052631579
201605,9930,35.37095238095238
201606,9930,35.29571428571429
201607,9930,36.169
201608,9930,35.32
201609,9930,34.99368421052632
201610,9930,34.963499999999996
201611,9930,33.85409090909091
201612,9930,33.86227272727273
201601,9931,19.334
201602,9931,19.60833333333333
201603,9931,19.3525
201604,9931,19.33857142857143
201605,9931,19.89727272727273
201606,9931,19.73166666666667
201607,9931,19.813684210526315
201608,9931,19.9225
201609,9931,20.050833333333333
201610,9931,20.158461538461538
201611,9931,20.11923076923077
201612,9931,20.159375
201601,9933,22.455238095238094
201602,9933,23.385384615384616
201603,9933,26.476521739130437
201604,9933,27.04894736842105
201605,9933,28.318095238095243
201606,9933,29.589523809523808
201607,9933,30.786
201608,9933,29.73913043478261
201609,9933,29.081578947368417
201610,9933,30.7875
201611,9933,32.29954545454546
201612,9933,32.806363636363635
201609,9934,10.973157894736843
201610,9934,10.474
201612,9934,10.637272727272729
201601,9937,25.160476190476192
201602,9937,25.236153846153847
201603,9937,25.329565217391306
201604,9937,25.640526315789476
201605,9937,25.673333333333332
201606,9937,25.742631578947368
201607,9937,26.035500000000003
201608,9937,26.535652173913046
201609,9937,26.706315789473685
201610,9937,26.7435
201611,9937,27.031818181818185
201612,9937,28.461363636363636
201601,9938,56.528571428571425
201602,9938,60.40538461538461
201603,9938,68.66956521739131
201604,9938,72.56526315789473
201605,9938,69.33428571428571
201606,9938,66.09190476190477
201607,9938,70.169
201608,9938,71.47260869565217
201609,9938,79.60263157894737
201610,9938,87.111
201611,9938,75.83954545454546
201612,9938,74.04590909090909
201601,9939,29.982857142857142
201602,9939,31.145384615384614
201603,9939,31.72391304347826
201604,9939,32.396842105263154
201605,9939,32.441428571428574
201606,9939,31.701428571428572
201607,9939,31.955000000000002
201608,9939,32.53739130434783
201609,9939,32.396842105263154
201610,9939,34.744
201611,9939,35.622727272727275
201612,9939,36.39818181818182
201601,9940,13.837619047619048
201602,9940,13.852307692307694
201603,9940,14.403913043478262
201604,9940,14.487894736842104
201605,9940,13.972380952380954
201606,9940,14.964285714285714
201607,9940,15.688999999999998
201608,9940,15.268260869565218
201609,9940,15.202105263157893
201610,9940,15.589500000000001
201611,9940,16.071363636363635
201612,9940,17.38
201601,9941,26.884285714285717
201602,9941,27.322307692307692
201603,9941,28.69695652173913
201604,9941,28.681578947368422
201605,9941,28.176190476190477
201606,9941,28.375238095238096
201607,9941,29.1
201608,9941,29.2204347826087
201609,9941,29.117368421052632
201610,9941,29.690999999999995
201611,9941,30.245
201612,9941,31.637727272727272
201601,9942,46.88428571428572
201602,9942,55.324615384615385
201603,9942,55.071739130434786
201604,9942,49.951052631578946
201605,9942,47.638571428571424
201606,9942,50.18380952380952
201607,9942,54.18150000000001
201608,9942,55.71173913043478
201609,9942,56.93421052631579
201610,9942,55.548500000000004
201611,9942,53.78727272727272
201612,9942,55.01090909090909
201601,9943,33.48809523809524
201602,9943,35.466153846153844
201603,9943,37.66
201604,9943,35.252631578947366
201605,9943,34.11
201606,9943,34.82333333333333
201607,9943,35.2365
201608,9943,35.14695652173913
201609,9943,34.79105263157894
201610,9943,34.4945
201611,9943,34.809999999999995
201612,9943,35.95227272727273
201601,9944,17.643809523809523
201602,9944,19.002307692307692
201603,9944,20.050869565217393
201604,9944,19.177894736842106
201605,9944,17.995238095238093
201606,9944,17.042380952380952
201607,9944,16.3315
201608,9944,17.299130434782608
201609,9944,19.185263157894735
201610,9944,18.981
201611,9944,17.044090909090908
201612,9944,17.615000000000002
201601,9945,16.44047619047619
201602,9945,18.156153846153845
201603,9945,19.29304347826087
201604,9945,16.09
201605,9945,14.773809523809524
201606,9945,15.821904761904761
201607,9945,16.052500000000002
201608,9945,16.49608695652174
201609,9945,15.996315789473684
201610,9945,15.608
201611,9945,15.32318181818182
201612,9945,15.693181818181818
201601,9949,13.657142857142858
201602,9949,13.419230769230769
201603,9949,13.19090909090909
201604,9949,12.902941176470588
201605,9949,11.661904761904761
201606,9949,11.3
201607,9949,10.6505
201608,9949,12.343181818181819
201609,9949,14.126315789473683
201610,9949,12.918421052631578
201611,9949,12.1675
201612,9949,11.506818181818183
201601,9950,17.467058823529413
201602,9950,17.573333333333334
201603,9950,17.51521739130435
201604,9950,17.26
201605,9950,16.80857142857143
201606,9950,16.0
201607,9950,16.745263157894737
201608,9950,17.227777777777774
201609,9950,16.96777777777778
201610,9950,16.314736842105265
201611,9950,16.019
201612,9950,14.927272727272726
201601,9951,111.15666666666667
201602,9951,117.37230769230769
201603,9951,110.8095652173913
201604,9951,121.72894736842105
201605,9951,117.88809523809525
201606,9951,112.81428571428572
201607,9951,112.15899999999999
201608,9951,123.98826086956522
201609,9951,140.48684210526315
201610,9951,135.755
201611,9951,119.54454545454546
201612,9951,125.95227272727271
201601,9955,11.983333333333334
201602,9955,12.96923076923077
201603,9955,13.92608695652174
201604,9955,13.799999999999999
201605,9955,12.850000000000001
201606,9955,12.714285714285714
201607,9955,16.142500000000002
201608,9955,17.804347826086957
201609,9955,17.8
201610,9955,16.4025
201611,9955,16.268181818181816
201612,9955,15.859090909090908
201601,9960,13.677777777777777
201602,9960,13.923846153846153
201603,9960,15.018260869565218
201604,9960,16.28263157894737
201605,9960,15.925714285714285
201606,9960,15.789047619047619
201607,9960,15.848947368421053
201608,9960,17.21913043478261
201609,9960,21.524736842105266
201610,9960,24.2015
201611,9960,29.886363636363637
201612,9960,34.694545454545455
